o body
v 0.005093600135296583 7.399473190307617 32.1018180847168
v -0.05507979914546013 7.212517738342285 32.84353256225586
v 0.005093600135296583 7.212517738342285 32.84353256225586
v -0.03502200171351433 7.136725425720215 33.060211181640625
v -0.10522429645061493 7.399473190307617 32.1018180847168
v 0.005093600135296583 7.57127046585083 31.101757049560547
v -0.14533990621566772 7.57127046585083 31.101757049560547
v -0.004935299977660179 7.687485694885254 30.110027313232422
v -0.18545550107955933 7.687485694885254 30.110027313232422
v -0.004935299977660179 7.980551242828369 26.96816635131836
v -0.19548439979553223 7.919917106628418 26.9598331451416
v -0.18545550107955933 7.909811019897461 25.368066787719727
v -0.004935299977660179 7.965392589569092 25.376401901245117
v -0.18545550107955933 7.823912620544434 25.051380157470703
v -0.004935299977660179 7.8794941902160645 25.00137710571289
v -0.17542660236358643 7.71274995803833 24.909706115722656
v -0.004935299977660179 7.743067264556885 24.784698486328125
v -0.17542660236358643 7.530847549438477 24.751361846923828
v -0.004935299977660179 7.510636329650879 24.568017959594727
v -0.18545550107955933 6.964928150177002 24.359670639038086
v -0.004935299977660179 7.0053510665893555 24.21799659729004
v -0.19548439979553223 5.883618354797363 23.45961570739746
v -0.004935299977660179 5.878565788269043 23.251270294189453
v -0.19548439979553223 4.923576831817627 22.5928955078125
v -0.004935299977660179 4.948841094970703 22.409549713134766
v -0.20551329851150513 2.0737695693969727 20.059404373168945
v -0.004935299977660179 2.0737695693969727 19.842723846435547
v -0.22557109594345093 -1.2964814901351929 17.050884246826172
v -0.004935299977660179 -1.25100576877594 16.86754035949707
v -0.22557109594345093 -1.665339469909668 16.717531204223633
v -0.004935299977660179 -1.6451281309127808 16.475849151611328
v -0.22557109594345093 -1.8068193197250366 16.475849151611328
v -0.004935299977660179 -1.8017663955688477 16.217500686645508
v -0.3860335052013397 -1.8270306587219238 17.184226989746094
v -0.3760046064853668 -1.695656657218933 17.28423309326172
v -0.3760046064853668 -1.357115626335144 17.575918197631836
v -0.355946809053421 2.0737695693969727 20.58443832397461
v -0.3358890116214752 4.8932600021362305 23.05959129333496
v -0.3358890116214752 5.893723964691162 23.94297981262207
v -0.3158312141895294 6.8992414474487305 24.80136489868164
v -0.28574448823928833 7.647063255310059 25.2680606842041
v -0.18545550107955933 7.823912620544434 25.051380157470703
v -0.18545550107955933 7.909811019897461 25.368066787719727
v -0.3659757077693939 7.727908611297607 26.918163299560547
v -0.4762935936450958 -1.8725063800811768 18.300962448120117
v -0.4161202013492584 6.692074298858643 26.468135833740234
v -0.4261491000652313 5.742138385772705 25.509742736816406
v -0.4261491000652313 5.019580841064453 24.776363372802734
v -0.45623579621315 5.620870113372803 26.459800720214844
v -0.45623579621315 5.3379106521606445 26.276456832885742
v -0.4361779987812042 5.747191429138184 28.834949493408203
v -0.4361779987812042 5.454126358032227 28.526596069335938
v -0.4261491000652313 5.469284534454346 28.85161590576172
v -0.4361779987812042 5.277276515960693 26.234786987304688
v -0.4462068974971771 5.297487735748291 26.251455307006836
v -0.4361779987812042 5.423809051513672 28.476593017578125
v -0.4161202013492584 5.438967704772949 28.85995101928711
v -0.3860335052013397 5.519813060760498 29.835010528564453
v -0.3860335052013397 5.716874122619629 29.86001205444336
v -0.4060913026332855 6.550594806671143 29.98501968383789
v -0.3659757077693939 7.500530242919922 30.101694107055664
v -0.29577338695526123 7.394420623779297 31.0517520904541
v -0.14533990621566772 7.57127046585083 31.101757049560547
v -0.3659757077693939 5.494548797607422 29.826677322387695
v -0.3358890116214752 6.474802017211914 30.6850643157959
v -0.3358890116214752 5.70676851272583 30.318374633789062
v -0.3258601129055023 5.534971714019775 30.26003646850586
v -0.30580228567123413 5.514760494232178 30.2517032623291
v -0.25565779209136963 5.464231967926025 29.826677322387695
v -0.3158312141895294 5.4086503982543945 28.85995101928711
v -0.4161202013492584 5.438967704772949 28.85995101928711
v -0.4361779987812042 5.423809051513672 28.476593017578125
v -0.3258601129055023 5.398544788360596 28.43492317199707
v -0.4361779987812042 5.277276515960693 26.234786987304688
v -0.355946809053421 5.252012252807617 26.218120574951172
v -0.4261491000652313 5.019580841064453 24.776363372802734
v -0.20551329851150513 5.494548797607422 30.2517032623291
v -0.24562889337539673 5.545077323913574 30.710065841674805
v -0.14533990621566772 5.534971714019775 30.710065841674805
v -0.12528209388256073 5.63602876663208 31.568450927734375
v -0.07513760030269623 5.630975723266602 31.501781463623047
v -0.10522429645061493 5.671398639678955 31.726795196533203
v -0.04505090042948723 5.676451683044434 31.74346160888672
v -0.02499309927225113 5.747191429138184 32.243492126464844
v 0.005093600135296583 5.676451683044434 31.73512840270996
v 0.005093600135296583 5.747191429138184 32.260162353515625
v 0.005093600135296583 5.752244472503662 32.30183029174805
v -0.03502200171351433 5.752244472503662 32.27682876586914
v -0.11525320261716843 5.686557292938232 31.776798248291016
v -0.15536880493164062 5.651187419891357 31.576786041259766
v -0.26568669080734253 5.56528902053833 30.72673225402832
v -0.27571558952331543 5.696662902832031 30.843406677246094
v -0.16539770364761353 5.716874122619629 31.635122299194336
v -0.11525320261716843 5.686557292938232 31.776798248291016
v -0.13531099259853363 5.726980209350586 31.835134506225586
v -0.03502200171351433 5.752244472503662 32.27682876586914
v -0.03502200171351433 5.767402648925781 32.293495178222656
v 0.005093600135296583 5.752244472503662 32.30183029174805
v 0.005093600135296583 5.77245569229126 32.376834869384766
v -0.05507979914546013 6.1312079429626465 32.76019287109375
v 0.005093600135296583 6.116049289703369 32.84353256225586
v -0.05507979914546013 6.3636393547058105 33.01020812988281
v 0.005093600135296583 6.358586311340332 33.10187911987305
v -0.05507979914546013 6.489960193634033 33.11021423339844
v 0.005093600135296583 6.484907627105713 33.19355392456055
v -0.05507979914546013 6.697127342224121 33.19355392456055
v 0.005093600135296583 6.692074298858643 33.27688980102539
v -0.02499309927225113 6.964928150177002 33.251888275146484
v -0.07513760030269623 6.8992414474487305 33.15188217163086
v -0.03502200171351433 7.136725425720215 33.060211181640625
v -0.10522429645061493 7.000298023223877 32.985206604003906
v -0.05507979914546013 7.212517738342285 32.84353256225586
v -0.014964199624955654 5.666346073150635 31.701793670654297
v 0.005093600135296583 5.666346073150635 31.701793670654297
v -0.014964199624955654 5.327805042266846 31.34343719482422
v -0.004935299977660179 5.327805042266846 31.34343719482422
v -0.11525320261716843 6.23731803894043 32.40183639526367
v -0.09519539773464203 6.57080602645874 32.76852798461914
v -0.12528209388256073 7.045773983001709 32.76019287109375
v -0.22557109594345093 7.232729434967041 32.00181198120117
v -0.10522429645061493 7.399473190307617 32.1018180847168
v -0.26568669080734253 6.3990092277526855 31.376773834228516
v -0.16539770364761353 6.277740478515625 32.14348602294922
v -0.4462068974971771 2.0737695693969727 22.06786346435547
v -0.4662646949291229 -1.4076441526412964 18.87599754333496
v -0.4261491000652313 5.019580841064453 24.776363372802734
v -0.3960624039173126 2.0737695693969727 23.551288604736328
v -0.355946809053421 5.226747989654541 26.20978546142578
v -0.3659757077693939 2.0737695693969727 25.55974578857422
v -0.3258601129055023 5.327805042266846 28.368253707885742
v -0.4662646949291229 -1.6097581386566162 18.6259822845459
v -0.45623579621315 -1.9533519744873047 20.10107421875
v -0.45623579621315 -1.362168550491333 20.651107788085938
v -0.4261491000652313 -2.039250373840332 21.90951919555664
v -0.3960624039173126 -1.357115626335144 22.5928955078125
v -0.3860335052013397 -2.0897789001464844 22.60956382751465
v -0.355946809053421 -1.544071078300476 22.85957908630371
v -0.3258601129055023 -2.145360231399536 23.309606552124023
v -0.30580228567123413 -1.544071078300476 23.309606552124023
v -0.22557109594345093 -1.544071078300476 23.992982864379883
v -0.21554219722747803 -2.211047410964966 24.251331329345703
v -0.15536880493164062 -1.544071078300476 24.534683227539062
v -0.12528209388256073 -2.2565228939056396 24.87636947631836
v -0.05507979914546013 -1.544071078300476 25.184722900390625
v -0.04505090042948723 -2.31715726852417 25.634750366210938
v -0.004935299977660179 -1.544071078300476 25.259727478027344
v -0.004935299977660179 -2.3222100734710693 25.726423263549805
v 0.005093600135296583 6.692074298858643 33.27688980102539
v -0.02499309927225113 6.964928150177002 33.251888275146484
v -0.004935299977660179 6.964928150177002 33.251888275146484
v 0.005093600135296583 7.136725425720215 33.060211181640625
v -0.014964199624955654 5.327805042266846 31.34343719482422
v -0.014964199624955654 5.666346073150635 31.701793670654297
v -0.03502200171351433 5.327805042266846 31.235097885131836
v -0.07513760030269623 5.630975723266602 31.501781463623047
v -0.10522429645061493 5.327805042266846 30.61005973815918
v -0.14533990621566772 5.534971714019775 30.710065841674805
v -0.20551329851150513 5.494548797607422 30.2517032623291
v -0.15536880493164062 5.327805042266846 30.218368530273438
v -0.25565779209136963 5.464231967926025 29.826677322387695
v -0.19548439979553223 5.327805042266846 29.826677322387695
v -0.30580228567123413 5.378333568572998 28.85995101928711
v -0.25565779209136963 5.327805042266846 28.868284225463867
v -0.3358890116214752 5.368227481842041 28.384920120239258
v -0.3158312141895294 5.4086503982543945 28.85995101928711
v -0.3258601129055023 5.398544788360596 28.43492317199707
v -0.355946809053421 5.252012252807617 26.218120574951172
v -0.355946809053421 5.226747989654541 26.20978546142578
v -0.28574448823928833 5.327805042266846 28.45159149169922
v -0.3258601129055023 2.0737695693969727 25.60974884033203
v -0.3760046064853668 -1.362168550491333 22.60956382751465
v -0.3960624039173126 -1.357115626335144 22.5928955078125
v -0.28574448823928833 5.327805042266846 28.45159149169922
v -0.3258601129055023 2.0737695693969727 25.60974884033203
v -0.17542660236358643 5.327805042266846 28.226577758789062
v -0.19548439979553223 2.0737695693969727 25.42640495300293
v -0.3760046064853668 -1.362168550491333 22.60956382751465
v -0.21554219722747803 -1.5743881464004517 22.276208877563477
v -0.004935299977660179 2.0737695693969727 25.35140037536621
v -0.004935299977660179 -1.5693353414535522 22.167869567871094
v 0.21570050716400146 -1.5743881464004517 22.276208877563477
v 0.19564269483089447 2.0737695693969727 25.42640495300293
v 0.37616288661956787 -1.362168550491333 22.60956382751465
v 0.32601839303970337 2.0737695693969727 25.60974884033203
v 0.17558489739894867 5.327805042266846 28.226577758789062
v 0.28590279817581177 5.327805042266846 28.45159149169922
v -0.004935299977660179 5.327805042266846 28.1932430267334
v -0.17542660236358643 5.327805042266846 28.226577758789062
v -0.004935299977660179 5.327805042266846 28.1932430267334
v -0.20551329851150513 5.327805042266846 28.459924697875977
v -0.004935299977660179 5.327805042266846 28.459924697875977
v -0.004935299977660179 5.327805042266846 28.868284225463867
v -0.25565779209136963 5.327805042266846 28.868284225463867
v -0.19548439979553223 5.327805042266846 29.826677322387695
v -0.004935299977660179 5.327805042266846 29.826677322387695
v -0.15536880493164062 5.327805042266846 30.218368530273438
v 0.005093600135296583 5.327805042266846 30.218368530273438
v -0.10522429645061493 5.327805042266846 30.61005973815918
v -0.004935299977660179 5.327805042266846 30.61005973815918
v -0.03502200171351433 5.327805042266846 31.235097885131836
v -0.004935299977660179 5.327805042266846 31.235097885131836
v -0.014964199624955654 5.327805042266846 31.34343719482422
v -0.004935299977660179 5.327805042266846 31.34343719482422
v 0.015122500248253345 5.327805042266846 31.34343719482422
v 0.03518030047416687 5.327805042266846 31.235097885131836
v 0.10538259893655777 5.327805042266846 30.61005973815918
v 0.15552709996700287 5.327805042266846 30.218368530273438
v 0.19564269483089447 5.327805042266846 29.826677322387695
v 0.25581610202789307 5.327805042266846 28.868284225463867
v 0.20567159354686737 5.327805042266846 28.459924697875977
v 0.28590279817581177 5.327805042266846 28.45159149169922
v 0.17558489739894867 5.327805042266846 28.226577758789062
v -0.28574448823928833 5.327805042266846 28.45159149169922
v -0.355946809053421 -1.544071078300476 22.85957908630371
v -0.21554219722747803 -1.5743881464004517 22.276208877563477
v -0.3760046064853668 -1.362168550491333 22.60956382751465
v -0.05507979914546013 -1.8068193197250366 25.643083572387695
v -0.07513760030269623 -1.8725063800811768 25.643083572387695
v -0.10522429645061493 -1.8068193197250366 24.518014907836914
v -0.13531099259853363 -1.8725063800811768 24.518014907836914
v -0.05507979914546013 -1.9432462453842163 25.643083572387695
v -0.10522429645061493 -1.9432462453842163 24.518014907836914
v -0.10522429645061493 -1.9432462453842163 24.518014907836914
v -0.004935299977660179 -1.963457703590393 24.518014907836914
v -0.004935299977660179 -1.963457703590393 25.643083572387695
v -0.004935299977660179 -1.7815550565719604 24.518014907836914
v -0.10522429645061493 -1.8068193197250366 24.518014907836914
v -0.004935299977660179 -1.7815550565719604 25.643083572387695
v -0.05507979914546013 -1.8068193197250366 25.643083572387695
v -0.004935299977660179 -1.544071078300476 25.259727478027344
v -0.004935299977660179 -1.544071078300476 25.184722900390625
v -0.004935299977660179 -1.544071078300476 25.259727478027344
v -0.05507979914546013 -1.544071078300476 25.184722900390625
v -0.15536880493164062 -1.544071078300476 24.534683227539062
v -0.004935299977660179 -1.544071078300476 24.526348114013672
v -0.22557109594345093 -1.544071078300476 23.992982864379883
v -0.004935299977660179 -1.544071078300476 23.984647750854492
v 0.22572940587997437 -1.544071078300476 23.992982864379883
v 0.30596059560775757 -1.544071078300476 23.309606552124023
v -0.004935299977660179 -1.5390182733535767 23.309606552124023
v 0.35610508918762207 -1.544071078300476 22.85957908630371
v 0.005093600135296583 -1.544071078300476 25.259727478027344
v 0.05523810163140297 -1.544071078300476 25.184722900390625
v 0.15552709996700287 -1.544071078300476 24.534683227539062
v -0.30580228567123413 -1.544071078300476 23.309606552124023
v -0.355946809053421 -1.544071078300476 22.85957908630371
v -0.004935299977660179 -1.5390182733535767 22.86791229248047
v -0.21554219722747803 -1.5743881464004517 22.276208877563477
v -0.004935299977660179 -1.5693353414535522 22.167869567871094
v 0.21570050716400146 -1.5743881464004517 22.276208877563477
v -0.004935299977660179 -1.544071078300476 25.259727478027344
v -0.004935299977660179 -1.544071078300476 25.259727478027344
v -0.004935299977660179 -2.3222100734710693 25.726423263549805
v -0.004935299977660179 -2.3222100734710693 25.726423263549805
v 0.35610508918762207 -1.544071078300476 22.85957908630371
v 0.37616288661956787 -1.362168550491333 22.60956382751465
v 0.21570050716400146 -1.5743881464004517 22.276208877563477
v -0.11525320261716843 7.924969673156738 26.018108367919922
v -0.10522429645061493 8.015920639038086 26.02644157409668
v -0.15536880493164062 7.909811019897461 26.16811752319336
v -0.14533990621566772 8.015920639038086 26.16811752319336
v -0.10522429645061493 8.015920639038086 26.309791564941406
v -0.11525320261716843 7.924969673156738 26.318126678466797
v 0.005093600135296583 8.020974159240723 26.35979461669922
v -0.10522429645061493 8.015920639038086 26.309791564941406
v -0.004935299977660179 7.955286979675293 26.36812973022461
v -0.11525320261716843 7.924969673156738 26.318126678466797
v 0.005093600135296583 8.020974159240723 25.976438522338867
v -0.004935299977660179 7.955286979675293 25.95977020263672
v -0.10522429645061493 8.015920639038086 26.02644157409668
v -0.11525320261716843 7.924969673156738 26.018108367919922
v 10.194456100463867 5.792666912078857 30.88507652282715
v 10.194456100463867 5.853301525115967 30.893409729003906
v 10.264657974243164 5.792666912078857 31.15176010131836
v 10.264657974243164 5.858354091644287 31.14342498779297
v 10.264657974243164 5.853301525115967 31.776798248291016
v 10.264657974243164 5.777508735656738 31.776798248291016
v 10.194456100463867 5.853301525115967 30.893409729003906
v 10.044022560119629 5.8381428718566895 30.693397521972656
v 10.194456100463867 5.792666912078857 30.88507652282715
v 10.044022560119629 5.792666912078857 30.701730728149414
v 7.767462253570557 5.929093837738037 29.334980010986328
v 7.767462253570557 5.863407135009766 29.334980010986328
v 4.528127670288086 6.10089111328125 27.443195343017578
v 4.528127670288086 5.984675407409668 27.45153045654297
v 2.8533012866973877 6.050362586975098 26.476469039916992
v 2.8533012866973877 6.186789512634277 26.468135833740234
v 0.34607619047164917 6.3181633949279785 24.976375579833984
v 0.34607619047164917 6.136260986328125 24.984710693359375
v 4.427838325500488 6.2120537757873535 30.368377685546875
v 4.427838325500488 6.232264995574951 30.00168800354004
v 2.8533012866973877 6.3181633949279785 29.79334259033203
v 2.8533012866973877 6.454590320587158 27.30985450744629
v 0.41627851128578186 6.489960193634033 28.90161895751953
v 0.34607619047164917 6.661757469177246 26.043109893798828
v 2.8533012866973877 6.3990092277526855 26.89316177368164
v 0.34607619047164917 6.591017246246338 25.576414108276367
v 2.8533012866973877 6.292899131774902 26.601476669311523
v 0.34607619047164917 6.449537754058838 25.126384735107422
v 2.8533012866973877 6.186789512634277 26.468135833740234
v 0.34607619047164917 6.3181633949279785 24.976375579833984
v 4.528127670288086 6.10089111328125 27.443195343017578
v 4.528127670288086 6.181736469268799 27.55986976623535
v 4.528127670288086 6.272687911987305 27.818220138549805
v 4.528127670288086 6.3181633949279785 28.184907913208008
v 4.528127670288086 6.227212429046631 30.00168800354004
v 7.767462253570557 6.050362586975098 29.893348693847656
v 4.528127670288086 6.201948165893555 30.40171241760254
v 7.767462253570557 5.984675407409668 31.53511619567871
v 10.074109077453613 5.893723964691162 31.793466567993164
v 10.074109077453613 5.8735127449035645 32.335166931152344
v 7.767462253570557 5.929093837738037 29.334980010986328
v 10.214513778686523 5.888671398162842 31.793466567993164
v 10.224542617797852 5.9088826179504395 31.13509178161621
v 10.023964881896973 5.9088826179504395 30.99341583251953
v 10.264657974243164 5.853301525115967 31.776798248291016
v 10.264657974243164 5.858354091644287 31.14342498779297
v 10.174398422241211 5.893723964691162 30.893409729003906
v 10.194456100463867 5.853301525115967 30.893409729003906
v 10.023964881896973 5.863407135009766 30.710065841674805
v 10.044022560119629 5.8381428718566895 30.693397521972656
v 7.767462253570557 5.974569797515869 29.418317794799805
v 7.767462253570557 6.0250983238220215 29.618330001831055
v 9.923675537109375 5.903829574584961 30.818405151367188
v 10.174398422241211 5.893723964691162 30.893409729003906
v 0.34607619047164917 6.136260986328125 24.984710693359375
v 2.8533012866973877 6.050362586975098 26.476469039916992
v 0.34607619047164917 6.0250983238220215 25.14305305480957
v 2.8533012866973877 5.96446418762207 26.618144989013672
v 0.34607619047164917 5.924041271209717 25.55974578857422
v 2.8533012866973877 5.888671398162842 26.884828567504883
v 0.34607619047164917 5.878565788269043 26.068111419677734
v 2.8533012866973877 5.853301525115967 27.326522827148438
v 0.41627851128578186 5.924041271209717 28.809947967529297
v 2.8533012866973877 5.893723964691162 29.693334579467773
v 4.427838325500488 5.858354091644287 30.00168800354004
v 4.427838325500488 5.863407135009766 30.235034942626953
v 4.427838325500488 5.9796223640441895 30.40171241760254
v 2.8533012866973877 6.030150890350342 29.826677322387695
v 0.41627851128578186 5.924041271209717 28.809947967529297
v 0.41627851128578186 6.090785026550293 28.934955596923828
v 4.528127670288086 5.984675407409668 27.45153045654297
v 4.528127670288086 5.918988227844238 27.5765380859375
v 4.518098831176758 5.853301525115967 27.801551818847656
v 4.5080695152282715 5.822984218597412 28.1932430267334
v 4.528127670288086 5.858354091644287 30.00168800354004
v 7.767462253570557 5.863407135009766 29.334980010986328
v 7.767462253570557 5.822984218597412 29.434986114501953
v 10.044022560119629 5.792666912078857 30.701730728149414
v 10.013936042785645 5.77245569229126 30.718399047851562
v 10.174398422241211 5.752244472503662 30.88507652282715
v 10.194456100463867 5.792666912078857 30.88507652282715
v 10.224542617797852 5.742138385772705 31.14342498779297
v 10.264657974243164 5.792666912078857 31.15176010131836
v 10.214513778686523 5.747191429138184 31.785131454467773
v 10.264657974243164 5.777508735656738 31.776798248291016
v 10.074109077453613 5.747191429138184 31.785131454467773
v 10.224542617797852 5.742138385772705 31.14342498779297
v 10.023964881896973 5.742138385772705 31.060087203979492
v 10.003907203674316 5.752244472503662 30.860074996948242
v 7.767462253570557 5.787614345550537 29.609996795654297
v 7.767462253570557 5.767402648925781 29.901681900024414
v 7.767462253570557 5.797719955444336 31.401775360107422
v 10.074109077453613 5.762350082397461 32.20182418823242
v 10.074109077453613 5.812878608703613 32.335166931152344
v 7.767462253570557 5.868459701538086 31.53511619567871
v 4.528127670288086 5.9897284507751465 30.443382263183594
v 4.528127670288086 5.863407135009766 30.276704788208008
v 4.528127670288086 5.9897284507751465 30.443382263183594
v 4.528127670288086 6.121102333068848 30.45171546936035
v 7.767462253570557 5.868459701538086 31.53511619567871
v 7.767462253570557 5.9442524909973145 31.55178451538086
v 10.074109077453613 5.848248481750488 32.35183334350586
v 10.074109077453613 5.812878608703613 32.335166931152344
v 0.41627851128578186 6.37879753112793 28.951622009277344
v 0.41627851128578186 6.090785026550293 28.934955596923828
v 2.8533012866973877 6.232264995574951 29.843345642089844
v 2.8533012866973877 6.030150890350342 29.826677322387695
v 4.427838325500488 6.136260986328125 30.418380737304688
v 4.427838325500488 5.9796223640441895 30.40171241760254
v 10.074109077453613 5.893723964691162 31.793466567993164
v 10.074109077453613 5.8735127449035645 32.335166931152344
v 10.074109077453613 5.853301525115967 31.776798248291016
v 10.074109077453613 5.848248481750488 32.35183334350586
v 10.074109077453613 5.812878608703613 32.335166931152344
v 10.074109077453613 5.787614345550537 31.776798248291016
v 10.074109077453613 5.762350082397461 32.20182418823242
v 10.074109077453613 5.747191429138184 31.785131454467773
v 10.074109077453613 5.893723964691162 31.793466567993164
v 10.214513778686523 5.888671398162842 31.793466567993164
v 10.074109077453613 5.853301525115967 31.776798248291016
v 10.214513778686523 5.853301525115967 31.776798248291016
v 10.214513778686523 5.782561302185059 31.776798248291016
v 10.264657974243164 5.777508735656738 31.776798248291016
v 10.214513778686523 5.747191429138184 31.785131454467773
v 10.074109077453613 5.747191429138184 31.785131454467773
v 10.074109077453613 5.787614345550537 31.776798248291016
v 10.264657974243164 5.853301525115967 31.776798248291016
v 4.528127670288086 5.858354091644287 30.00168800354004
v 4.528127670288086 5.863407135009766 30.276704788208008
v 4.528127670288086 6.227212429046631 30.00168800354004
v 4.528127670288086 5.9897284507751465 30.443382263183594
v 4.528127670288086 6.121102333068848 30.45171546936035
v 4.528127670288086 6.201948165893555 30.40171241760254
v 4.427838325500488 6.232264995574951 30.00168800354004
v 4.528127670288086 6.227212429046631 30.00168800354004
v 4.427838325500488 5.858354091644287 30.00168800354004
v 4.528127670288086 5.858354091644287 30.00168800354004
v 4.427838325500488 5.858354091644287 30.00168800354004
v 4.427838325500488 5.863407135009766 30.235034942626953
v 4.427838325500488 6.232264995574951 30.00168800354004
v 4.427838325500488 6.2120537757873535 30.368377685546875
v 4.427838325500488 5.9796223640441895 30.40171241760254
v 4.427838325500488 6.136260986328125 30.418380737304688
v 4.528127670288086 6.201948165893555 30.40171241760254
v 4.528127670288086 6.121102333068848 30.45171546936035
v 7.767462253570557 5.984675407409668 31.53511619567871
v 7.767462253570557 5.9442524909973145 31.55178451538086
v 10.074109077453613 5.8735127449035645 32.335166931152344
v 10.074109077453613 5.848248481750488 32.35183334350586
v 0.41627851128578186 6.489960193634033 28.90161895751953
v 0.41627851128578186 6.37879753112793 28.951622009277344
v 2.8533012866973877 6.3181633949279785 29.79334259033203
v 2.8533012866973877 6.232264995574951 29.843345642089844
v 4.427838325500488 6.2120537757873535 30.368377685546875
v 4.427838325500488 6.136260986328125 30.418380737304688
v -10.26449966430664 5.777508735656738 31.776798248291016
v -10.26449966430664 5.853301525115967 31.776798248291016
v -10.26449966430664 5.792666912078857 31.15176010131836
v -10.26449966430664 5.858354091644287 31.14342498779297
v -10.194297790527344 5.853301525115967 30.893409729003906
v -10.194297790527344 5.792666912078857 30.893409729003906
v -10.043864250183105 5.8381428718566895 30.693397521972656
v -10.043864250183105 5.792666912078857 30.701730728149414
v -7.767303943634033 5.929093837738037 29.334980010986328
v -7.767303943634033 5.863407135009766 29.334980010986328
v -4.5279693603515625 6.10089111328125 27.443195343017578
v -4.5279693603515625 5.984675407409668 27.45153045654297
v -2.8531429767608643 6.050362586975098 26.476469039916992
v -2.8531429767608643 6.186789512634277 26.468135833740234
v -0.3358890116214752 6.3181633949279785 24.976375579833984
v -0.3358890116214752 6.136260986328125 24.984710693359375
v -4.427680015563965 6.2120537757873535 30.368377685546875
v -4.427680015563965 6.232264995574951 30.00168800354004
v -2.8531429767608643 6.3181633949279785 29.79334259033203
v -2.8531429767608643 6.454590320587158 27.30985450744629
v -0.4161202013492584 6.489960193634033 28.90161895751953
v -0.3358890116214752 6.661757469177246 26.043109893798828
v -2.8531429767608643 6.3990092277526855 26.89316177368164
v -0.3358890116214752 6.591017246246338 25.576414108276367
v -2.8531429767608643 6.292899131774902 26.601476669311523
v -0.3358890116214752 6.449537754058838 25.126384735107422
v -2.8531429767608643 6.186789512634277 26.468135833740234
v -0.3358890116214752 6.3181633949279785 24.976375579833984
v -4.5279693603515625 6.10089111328125 27.443195343017578
v -4.5279693603515625 6.181736469268799 27.55986976623535
v -4.5279693603515625 6.272687911987305 27.818220138549805
v -4.5279693603515625 6.3181633949279785 28.184907913208008
v -4.5279693603515625 6.227212429046631 30.00168800354004
v -7.767303943634033 6.050362586975098 29.893348693847656
v -4.5279693603515625 6.201948165893555 30.40171241760254
v -7.767303943634033 5.984675407409668 31.53511619567871
v -10.07395076751709 5.893723964691162 31.793466567993164
v -10.07395076751709 5.8735127449035645 32.335166931152344
v -7.767303943634033 5.929093837738037 29.334980010986328
v -7.767303943634033 5.974569797515869 29.418317794799805
v -10.043864250183105 5.8381428718566895 30.693397521972656
v -10.02380657196045 5.863407135009766 30.710065841674805
v -10.194297790527344 5.853301525115967 30.893409729003906
v -7.767303943634033 6.0250983238220215 29.618330001831055
v -10.02380657196045 5.9088826179504395 30.99341583251953
v -10.224384307861328 5.9088826179504395 31.13509178161621
v -10.21435546875 5.888671398162842 31.793466567993164
v -10.26449966430664 5.853301525115967 31.776798248291016
v -10.26449966430664 5.858354091644287 31.14342498779297
v -10.174240112304688 5.893723964691162 30.893409729003906
v -10.174240112304688 5.893723964691162 30.893409729003906
v -9.923517227172852 5.903829574584961 30.818405151367188
v -7.767303943634033 5.822984218597412 29.434986114501953
v -7.767303943634033 5.863407135009766 29.334980010986328
v -4.5279693603515625 5.918988227844238 27.5765380859375
v -4.5279693603515625 5.984675407409668 27.45153045654297
v -10.043864250183105 5.792666912078857 30.701730728149414
v -10.013777732849121 5.77245569229126 30.718399047851562
v -10.174240112304688 5.752244472503662 30.88507652282715
v -10.194297790527344 5.792666912078857 30.893409729003906
v -10.224384307861328 5.742138385772705 31.14342498779297
v -10.26449966430664 5.792666912078857 31.15176010131836
v -10.21435546875 5.747191429138184 31.785131454467773
v -10.26449966430664 5.777508735656738 31.776798248291016
v -10.07395076751709 5.747191429138184 31.785131454467773
v -10.224384307861328 5.742138385772705 31.14342498779297
v -10.02380657196045 5.742138385772705 31.060087203979492
v -10.003748893737793 5.752244472503662 30.860074996948242
v -7.767303943634033 5.787614345550537 29.609996795654297
v -4.517940521240234 5.853301525115967 27.801551818847656
v -2.8531429767608643 5.888671398162842 26.884828567504883
v -2.8531429767608643 5.96446418762207 26.618144989013672
v -0.3358890116214752 5.924041271209717 25.55974578857422
v -0.3358890116214752 6.0250983238220215 25.14305305480957
v -2.8531429767608643 6.050362586975098 26.476469039916992
v -0.3358890116214752 6.136260986328125 24.984710693359375
v -0.3358890116214752 5.878565788269043 26.068111419677734
v -2.8531429767608643 5.853301525115967 27.326522827148438
v -0.4161202013492584 5.924041271209717 28.809947967529297
v -2.8531429767608643 5.893723964691162 29.693334579467773
v -4.427680015563965 5.858354091644287 30.00168800354004
v -4.427680015563965 5.863407135009766 30.235034942626953
v -4.427680015563965 5.9796223640441895 30.40171241760254
v -2.8531429767608643 6.030150890350342 29.826677322387695
v -0.4161202013492584 5.924041271209717 28.809947967529297
v -0.4161202013492584 6.090785026550293 28.934955596923828
v -4.507911205291748 5.822984218597412 28.1932430267334
v -4.5279693603515625 5.858354091644287 30.00168800354004
v -7.767303943634033 5.767402648925781 29.901681900024414
v -7.767303943634033 5.797719955444336 31.401775360107422
v -10.07395076751709 5.762350082397461 32.20182418823242
v -10.07395076751709 5.812878608703613 32.335166931152344
v -7.767303943634033 5.868459701538086 31.53511619567871
v -4.5279693603515625 5.9897284507751465 30.443382263183594
v -4.5279693603515625 5.863407135009766 30.276704788208008
v -4.5279693603515625 5.9897284507751465 30.443382263183594
v -4.5279693603515625 6.121102333068848 30.45171546936035
v -7.767303943634033 5.868459701538086 31.53511619567871
v -7.767303943634033 5.9442524909973145 31.55178451538086
v -10.07395076751709 5.848248481750488 32.35183334350586
v -10.07395076751709 5.812878608703613 32.335166931152344
v -0.4161202013492584 6.37879753112793 28.951622009277344
v -0.4161202013492584 6.090785026550293 28.934955596923828
v -2.8531429767608643 6.232264995574951 29.843345642089844
v -2.8531429767608643 6.030150890350342 29.826677322387695
v -4.427680015563965 6.136260986328125 30.418380737304688
v -4.427680015563965 5.9796223640441895 30.40171241760254
v -10.07395076751709 5.893723964691162 31.793466567993164
v -10.07395076751709 5.8735127449035645 32.335166931152344
v -10.07395076751709 5.853301525115967 31.776798248291016
v -10.07395076751709 5.848248481750488 32.35183334350586
v -10.07395076751709 5.812878608703613 32.335166931152344
v -10.07395076751709 5.787614345550537 31.776798248291016
v -10.07395076751709 5.762350082397461 32.20182418823242
v -10.07395076751709 5.747191429138184 31.785131454467773
v -10.07395076751709 5.893723964691162 31.793466567993164
v -10.21435546875 5.888671398162842 31.793466567993164
v -10.07395076751709 5.853301525115967 31.776798248291016
v -10.21435546875 5.853301525115967 31.776798248291016
v -10.21435546875 5.782561302185059 31.776798248291016
v -10.26449966430664 5.777508735656738 31.776798248291016
v -10.21435546875 5.747191429138184 31.785131454467773
v -10.07395076751709 5.747191429138184 31.785131454467773
v -10.07395076751709 5.787614345550537 31.776798248291016
v -10.26449966430664 5.853301525115967 31.776798248291016
v -4.5279693603515625 6.201948165893555 30.40171241760254
v -4.5279693603515625 6.227212429046631 30.00168800354004
v -4.5279693603515625 6.121102333068848 30.45171546936035
v -4.5279693603515625 5.9897284507751465 30.443382263183594
v -4.5279693603515625 5.863407135009766 30.276704788208008
v -4.5279693603515625 5.858354091644287 30.00168800354004
v -4.5279693603515625 5.858354091644287 30.00168800354004
v -4.5279693603515625 6.227212429046631 30.00168800354004
v -4.427680015563965 5.858354091644287 30.00168800354004
v -4.427680015563965 6.232264995574951 30.00168800354004
v -4.427680015563965 6.136260986328125 30.418380737304688
v -4.427680015563965 5.9796223640441895 30.40171241760254
v -4.427680015563965 6.2120537757873535 30.368377685546875
v -4.427680015563965 5.863407135009766 30.235034942626953
v -4.427680015563965 6.232264995574951 30.00168800354004
v -4.427680015563965 5.858354091644287 30.00168800354004
v -4.5279693603515625 6.201948165893555 30.40171241760254
v -4.5279693603515625 6.121102333068848 30.45171546936035
v -7.767303943634033 5.984675407409668 31.53511619567871
v -7.767303943634033 5.9442524909973145 31.55178451538086
v -10.07395076751709 5.8735127449035645 32.335166931152344
v -10.07395076751709 5.848248481750488 32.35183334350586
v -0.4161202013492584 6.489960193634033 28.90161895751953
v -0.4161202013492584 6.37879753112793 28.951622009277344
v -2.8531429767608643 6.3181633949279785 29.79334259033203
v -2.8531429767608643 6.232264995574951 29.843345642089844
v -4.427680015563965 6.2120537757873535 30.368377685546875
v -4.427680015563965 6.136260986328125 30.418380737304688
v -0.4762935936450958 6.454590320587158 26.218120574951172
v -0.4762935936450958 6.666810035705566 26.30145835876465
v -0.4863224923610687 6.444484710693359 26.55147361755371
v -0.4762935936450958 6.793131351470947 26.401464462280273
v -0.4762935936450958 6.873977184295654 26.543140411376953
v -0.4762935936450958 6.91439962387085 27.15984535217285
v -0.4863224923610687 6.464695930480957 27.043170928955078
v -0.4863224923610687 6.833554267883301 27.9765625
v -0.4863224923610687 6.368691921234131 28.818281173706055
v -0.4762935936450958 6.671863079071045 28.868284225463867
v -0.4863224923610687 6.3535332679748535 29.268308639526367
v -0.4762935936450958 6.489960193634033 29.301645278930664
v -0.4762935936450958 6.3535332679748535 29.434986114501953
v -0.4863224923610687 6.1665778160095215 29.293310165405273
v -0.4762935936450958 6.171630859375 29.501657485961914
v -0.4762935936450958 6.040256977081299 29.509990692138672
v -0.4863224923610687 6.030150890350342 29.293310165405273
v -0.4863224923610687 5.903829574584961 29.276643753051758
v -0.4863224923610687 5.954358100891113 28.751609802246094
v -0.4762935936450958 5.918988227844238 29.476655960083008
v -0.4762935936450958 5.8381428718566895 29.426652908325195
v -0.4762935936450958 5.787614345550537 29.334980010986328
v -0.4762935936450958 5.752244472503662 29.19330406188965
v -0.4762935936450958 5.721927165985107 28.709941864013672
v -0.4762935936450958 5.711821556091309 26.859827041625977
v -0.4863224923610687 5.959411144256592 26.89316177368164
v -0.4762935936450958 5.737085819244385 26.384796142578125
v -0.4863224923610687 5.96446418762207 26.40979766845703
v -0.4762935936450958 5.752244472503662 26.268123626708984
v -0.4762935936450958 5.828037261962891 26.15144920349121
v -0.4762935936450958 5.969516754150391 26.109779357910156
v -0.3860335052013397 5.959411144256592 26.001440048217773
v -0.3860335052013397 5.782561302185059 26.08477783203125
v -0.3860335052013397 5.691610336303711 26.218120574951172
v -0.4762935936450958 5.752244472503662 26.268123626708984
v -0.3860335052013397 5.666346073150635 26.35979461669922
v -0.4762935936450958 5.737085819244385 26.384796142578125
v -0.3960624039173126 5.63602876663208 26.843158721923828
v -0.4762935936450958 5.711821556091309 26.859827041625977
v -0.4762935936450958 5.721927165985107 28.709941864013672
v -0.3960624039173126 5.646134376525879 28.70160675048828
v -0.4762935936450958 5.752244472503662 29.19330406188965
v -0.3860335052013397 5.686557292938232 29.19330406188965
v -0.3760046064853668 5.726980209350586 29.343313217163086
v -0.4762935936450958 5.787614345550537 29.334980010986328
v -0.4762935936450958 5.8381428718566895 29.426652908325195
v -0.3760046064853668 5.8027729988098145 29.468320846557617
v -0.3659757077693939 5.9088826179504395 29.543325424194336
v -0.4762935936450958 5.918988227844238 29.476655960083008
v -0.4762935936450958 6.040256977081299 29.509990692138672
v -0.3659757077693939 6.03520393371582 29.568326950073242
v -0.3760046064853668 6.171630859375 29.559993743896484
v -0.4762935936450958 6.171630859375 29.501657485961914
v -0.4762935936450958 6.3535332679748535 29.434986114501953
v -0.3760046064853668 6.3535332679748535 29.476655960083008
v -0.4762935936450958 6.489960193634033 29.301645278930664
v -0.3860335052013397 6.50006628036499 29.334980010986328
v -0.3960624039173126 6.697127342224121 28.893285751342773
v -0.4762935936450958 6.671863079071045 28.868284225463867
v -0.4863224923610687 6.833554267883301 27.9765625
v -0.4060913026332855 6.894188404083252 28.009897232055664
v -0.4762935936450958 6.91439962387085 27.15984535217285
v -0.3960624039173126 6.9699811935424805 27.193180084228516
v -0.4762935936450958 6.873977184295654 26.543140411376953
v -0.3860335052013397 6.919452667236328 26.534807205200195
v -0.4762935936450958 6.793131351470947 26.401464462280273
v -0.3860335052013397 6.828501224517822 26.35979461669922
v -0.4762935936450958 6.666810035705566 26.30145835876465
v -0.3860335052013397 6.687021732330322 26.218120574951172
v -0.3860335052013397 6.464695930480957 26.109779357910156
v -0.4762935936450958 6.454590320587158 26.218120574951172
v -0.355946809053421 -1.544071078300476 22.85957908630371
v -0.3960624039173126 -1.357115626335144 22.5928955078125
v -0.3760046064853668 -1.362168550491333 22.60956382751465
v 0.005093600135296583 6.692074298858643 33.27688980102539
v 0.02515139989554882 6.964928150177002 33.251888275146484
v -0.004935299977660179 6.964928150177002 33.251888275146484
v 0.005093600135296583 7.136725425720215 33.060211181640625
v 0.03518030047416687 7.136725425720215 33.060211181640625
v 0.005093600135296583 7.212517738342285 32.84353256225586
v 0.05523810163140297 7.212517738342285 32.84353256225586
v 0.005093600135296583 7.399473190307617 32.1018180847168
v 0.10538259893655777 7.399473190307617 32.1018180847168
v 0.005093600135296583 7.57127046585083 31.101757049560547
v 0.14549820125102997 7.57127046585083 31.101757049560547
v -0.004935299977660179 7.687485694885254 30.110027313232422
v 0.18561379611492157 7.687485694885254 30.110027313232422
v -0.004935299977660179 7.980551242828369 26.96816635131836
v 0.19564269483089447 7.919917106628418 26.9598331451416
v 0.18561379611492157 7.909811019897461 25.368066787719727
v -0.004935299977660179 7.965392589569092 25.376401901245117
v 0.18561379611492157 7.823912620544434 25.051380157470703
v -0.004935299977660179 7.8794941902160645 25.00137710571289
v 0.17558489739894867 7.71274995803833 24.909706115722656
v -0.004935299977660179 7.743067264556885 24.784698486328125
v 0.17558489739894867 7.530847549438477 24.751361846923828
v -0.004935299977660179 7.510636329650879 24.568017959594727
v 0.18561379611492157 6.964928150177002 24.359670639038086
v -0.004935299977660179 7.0053510665893555 24.21799659729004
v 0.19564269483089447 5.883618354797363 23.45961570739746
v -0.004935299977660179 5.878565788269043 23.251270294189453
v 0.19564269483089447 4.923576831817627 22.5928955078125
v -0.004935299977660179 4.948841094970703 22.409549713134766
v 0.20567159354686737 2.0737695693969727 20.059404373168945
v -0.004935299977660179 2.0737695693969727 19.842723846435547
v 0.22572940587997437 -1.2964814901351929 17.050884246826172
v -0.004935299977660179 -1.25100576877594 16.86754035949707
v 0.22572940587997437 -1.665339469909668 16.717531204223633
v -0.004935299977660179 -1.6451281309127808 16.475849151611328
v 0.22572940587997437 -1.8068193197250366 16.475849151611328
v -0.004935299977660179 -1.8017663955688477 16.217500686645508
v 0.38619178533554077 -1.8270306587219238 17.184226989746094
v 0.37616288661956787 -1.695656657218933 17.28423309326172
v 0.37616288661956787 -1.357115626335144 17.575918197631836
v 0.47645190358161926 -1.8725063800811768 18.300962448120117
v 0.46642300486564636 -1.6097581386566162 18.6259822845459
v 0.45639410614967346 -1.9533519744873047 20.10107421875
v 0.45639410614967346 -1.362168550491333 20.651107788085938
v 0.42630741000175476 -2.039250373840332 21.90951919555664
v 0.46642300486564636 -1.4076441526412964 18.87599754333496
v 0.35610508918762207 2.0737695693969727 20.58443832397461
v 0.44636520743370056 2.0737695693969727 22.06786346435547
v 0.33604729175567627 4.8932600021362305 23.05959129333496
v 0.39622071385383606 2.0737695693969727 23.551288604736328
v 0.39622071385383606 -1.357115626335144 22.5928955078125
v 0.38619178533554077 -2.0897789001464844 22.60956382751465
v 0.35610508918762207 -1.544071078300476 22.85957908630371
v 0.32601839303970337 -2.145360231399536 23.309606552124023
v 0.30596059560775757 -1.544071078300476 23.309606552124023
v 0.22572940587997437 -1.544071078300476 23.992982864379883
v 0.21570050716400146 -2.211047410964966 24.251331329345703
v 0.15552709996700287 -1.544071078300476 24.534683227539062
v 0.12544040381908417 -2.2565228939056396 24.87636947631836
v 0.05523810163140297 -1.544071078300476 25.184722900390625
v 0.04520919919013977 -2.31715726852417 25.634750366210938
v 0.005093600135296583 -1.544071078300476 25.259727478027344
v 0.005093600135296583 -2.3222100734710693 25.726423263549805
v 0.36613398790359497 2.0737695693969727 25.55974578857422
v 0.35610508918762207 5.226747989654541 26.20978546142578
v 0.42630741000175476 5.019580841064453 24.776363372802734
v 0.33604729175567627 5.893723964691162 23.94297981262207
v 0.31598949432373047 6.8992414474487305 24.80136489868164
v 0.28590279817581177 7.647063255310059 25.2680606842041
v 0.18561379611492157 7.823912620544434 25.051380157470703
v 0.18561379611492157 7.909811019897461 25.368066787719727
v 0.36613398790359497 7.727908611297607 26.918163299560547
v 0.41627851128578186 6.692074298858643 26.468135833740234
v 0.42630741000175476 5.742138385772705 25.509742736816406
v 0.45639410614967346 5.620870113372803 26.459800720214844
v 0.45639410614967346 5.3379106521606445 26.276456832885742
v 0.43633630871772766 5.747191429138184 28.834949493408203
v 0.43633630871772766 5.454126358032227 28.526596069335938
v 0.42630741000175476 5.469284534454346 28.85161590576172
v 0.43633630871772766 5.277276515960693 26.234786987304688
v 0.44636520743370056 5.297487735748291 26.251455307006836
v 0.43633630871772766 5.423809051513672 28.476593017578125
v 0.41627851128578186 5.438967704772949 28.85995101928711
v 0.38619178533554077 5.519813060760498 29.835010528564453
v 0.38619178533554077 5.716874122619629 29.86001205444336
v 0.40624961256980896 6.550594806671143 29.98501968383789
v 0.36613398790359497 7.500530242919922 30.101694107055664
v 0.29593169689178467 7.394420623779297 31.0517520904541
v 0.14549820125102997 7.57127046585083 31.101757049560547
v 0.36613398790359497 5.494548797607422 29.826677322387695
v 0.33604729175567627 6.474802017211914 30.6850643157959
v 0.33604729175567627 5.70676851272583 30.318374633789062
v 0.32601839303970337 5.534971714019775 30.26003646850586
v 0.30596059560775757 5.514760494232178 30.2517032623291
v 0.25581610202789307 5.464231967926025 29.826677322387695
v 0.31598949432373047 5.4086503982543945 28.85995101928711
v 0.41627851128578186 5.438967704772949 28.85995101928711
v 0.43633630871772766 5.423809051513672 28.476593017578125
v 0.32601839303970337 5.398544788360596 28.43492317199707
v 0.43633630871772766 5.277276515960693 26.234786987304688
v 0.35610508918762207 5.252012252807617 26.218120574951172
v 0.42630741000175476 5.019580841064453 24.776363372802734
v 0.20567159354686737 5.494548797607422 30.2517032623291
v 0.24578720331192017 5.545077323913574 30.710065841674805
v 0.26584500074386597 5.56528902053833 30.72673225402832
v 0.27587389945983887 5.696662902832031 30.843406677246094
v 0.26584500074386597 6.3990092277526855 31.376773834228516
v 0.22572940587997437 7.232729434967041 32.00181198120117
v 0.10538259893655777 7.399473190307617 32.1018180847168
v 0.05523810163140297 7.212517738342285 32.84353256225586
v 0.12544040381908417 7.045773983001709 32.76019287109375
v 0.10538259893655777 7.000298023223877 32.985206604003906
v 0.03518030047416687 7.136725425720215 33.060211181640625
v 0.07529590278863907 6.8992414474487305 33.15188217163086
v 0.02515139989554882 6.964928150177002 33.251888275146484
v 0.05523810163140297 6.697127342224121 33.19355392456055
v 0.005093600135296583 6.692074298858643 33.27688980102539
v 0.005093600135296583 6.484907627105713 33.19355392456055
v 0.05523810163140297 6.489960193634033 33.11021423339844
v 0.005093600135296583 6.358586311340332 33.10187911987305
v 0.05523810163140297 6.3636393547058105 33.01020812988281
v 0.005093600135296583 6.116049289703369 32.84353256225586
v 0.05523810163140297 6.1312079429626465 32.76019287109375
v 0.005093600135296583 5.77245569229126 32.376834869384766
v 0.03518030047416687 5.767402648925781 32.293495178222656
v 0.005093600135296583 5.752244472503662 32.30183029174805
v 0.03518030047416687 5.752244472503662 32.27682876586914
v 0.13546930253505707 5.726980209350586 31.835134506225586
v 0.11541149765253067 5.686557292938232 31.776798248291016
v 0.16555599868297577 5.716874122619629 31.635122299194336
v 0.15552709996700287 5.651187419891357 31.576786041259766
v 0.14549820125102997 5.534971714019775 30.710065841674805
v 0.11541149765253067 6.23731803894043 32.40183639526367
v 0.09535370022058487 6.57080602645874 32.76852798461914
v 0.16555599868297577 6.277740478515625 32.14348602294922
v 0.12544040381908417 5.63602876663208 31.568450927734375
v 0.07529590278863907 5.630975723266602 31.501781463623047
v 0.10538259893655777 5.671398639678955 31.726795196533203
v 0.11541149765253067 5.686557292938232 31.776798248291016
v 0.02515139989554882 5.747191429138184 32.243492126464844
v 0.03518030047416687 5.752244472503662 32.27682876586914
v 0.005093600135296583 5.752244472503662 32.30183029174805
v 0.005093600135296583 5.747191429138184 32.260162353515625
v 0.005093600135296583 5.676451683044434 31.73512840270996
v 0.04520919919013977 5.676451683044434 31.74346160888672
v 0.015122500248253345 5.666346073150635 31.701793670654297
v 0.005093600135296583 5.666346073150635 31.701793670654297
v 0.015122500248253345 5.327805042266846 31.34343719482422
v -0.004935299977660179 5.327805042266846 31.34343719482422
v 0.14549820125102997 5.534971714019775 30.710065841674805
v 0.10538259893655777 5.327805042266846 30.61005973815918
v 0.20567159354686737 5.494548797607422 30.2517032623291
v 0.15552709996700287 5.327805042266846 30.218368530273438
v 0.25581610202789307 5.464231967926025 29.826677322387695
v 0.19564269483089447 5.327805042266846 29.826677322387695
v 0.30596059560775757 5.378333568572998 28.85995101928711
v 0.31598949432373047 5.4086503982543945 28.85995101928711
v 0.33604729175567627 5.368227481842041 28.384920120239258
v 0.32601839303970337 5.398544788360596 28.43492317199707
v 0.35610508918762207 5.252012252807617 26.218120574951172
v 0.32601839303970337 5.327805042266846 28.368253707885742
v 0.32601839303970337 2.0737695693969727 25.60974884033203
v 0.37616288661956787 -1.362168550491333 22.60956382751465
v 0.39622071385383606 -1.357115626335144 22.5928955078125
v 0.07529590278863907 5.630975723266602 31.501781463623047
v 0.03518030047416687 5.327805042266846 31.235097885131836
v 0.015122500248253345 5.666346073150635 31.701793670654297
v 0.015122500248253345 5.327805042266846 31.34343719482422
v 0.28590279817581177 5.327805042266846 28.45159149169922
v 0.25581610202789307 5.327805042266846 28.868284225463867
v 0.35610508918762207 -1.544071078300476 22.85957908630371
v 0.37616288661956787 -1.362168550491333 22.60956382751465
v 0.39622071385383606 -1.357115626335144 22.5928955078125
v 0.10538259893655777 -1.9432462453842163 24.518014907836914
v 0.13546930253505707 -1.8725063800811768 24.518014907836914
v 0.05523810163140297 -1.9432462453842163 25.643083572387695
v 0.07529590278863907 -1.8725063800811768 25.643083572387695
v 0.10538259893655777 -1.8068193197250366 24.518014907836914
v 0.05523810163140297 -1.8068193197250366 25.643083572387695
v 0.10538259893655777 -1.9432462453842163 24.518014907836914
v -0.004935299977660179 -1.963457703590393 24.518014907836914
v 0.05523810163140297 -1.9432462453842163 25.643083572387695
v -0.004935299977660179 -1.963457703590393 25.643083572387695
v 0.05523810163140297 -1.8068193197250366 25.643083572387695
v -0.004935299977660179 -1.7815550565719604 25.643083572387695
v 0.10538259893655777 -1.8068193197250366 24.518014907836914
v -0.004935299977660179 -1.7815550565719604 24.518014907836914
v 0.005093600135296583 -2.3222100734710693 25.726423263549805
v -0.004935299977660179 -2.3222100734710693 25.726423263549805
v 0.005093600135296583 -1.544071078300476 25.259727478027344
v -0.004935299977660179 -1.544071078300476 25.259727478027344
v 0.47645190358161926 6.489960193634033 29.301645278930664
v 0.47645190358161926 6.671863079071045 28.868284225463867
v 0.48648080229759216 6.3535332679748535 29.268308639526367
v 0.48648080229759216 6.368691921234131 28.818281173706055
v 0.48648080229759216 6.1665778160095215 29.293310165405273
v 0.48648080229759216 6.030150890350342 29.293310165405273
v 0.47645190358161926 6.040256977081299 29.509990692138672
v 0.47645190358161926 6.171630859375 29.501657485961914
v 0.47645190358161926 6.3535332679748535 29.434986114501953
v 0.48648080229759216 6.833554267883301 27.9765625
v 0.48648080229759216 5.954358100891113 28.751609802246094
v 0.48648080229759216 5.903829574584961 29.276643753051758
v 0.47645190358161926 5.752244472503662 29.19330406188965
v 0.47645190358161926 5.787614345550537 29.334980010986328
v 0.47645190358161926 5.8381428718566895 29.426652908325195
v 0.47645190358161926 5.918988227844238 29.476655960083008
v 0.47645190358161926 5.721927165985107 28.709941864013672
v 0.47645190358161926 5.711821556091309 26.859827041625977
v 0.48648080229759216 5.959411144256592 26.89316177368164
v 0.47645190358161926 5.737085819244385 26.384796142578125
v 0.48648080229759216 5.96446418762207 26.40979766845703
v 0.47645190358161926 5.752244472503662 26.268123626708984
v 0.47645190358161926 5.828037261962891 26.15144920349121
v 0.47645190358161926 5.969516754150391 26.109779357910156
v 0.38619178533554077 5.959411144256592 26.001440048217773
v 0.38619178533554077 5.782561302185059 26.08477783203125
v 0.38619178533554077 5.691610336303711 26.218120574951172
v 0.47645190358161926 5.752244472503662 26.268123626708984
v 0.38619178533554077 5.666346073150635 26.35979461669922
v 0.47645190358161926 5.737085819244385 26.384796142578125
v 0.39622071385383606 5.63602876663208 26.843158721923828
v 0.47645190358161926 5.711821556091309 26.859827041625977
v 0.47645190358161926 5.721927165985107 28.709941864013672
v 0.39622071385383606 5.646134376525879 28.70160675048828
v 0.47645190358161926 5.752244472503662 29.19330406188965
v 0.38619178533554077 5.686557292938232 29.19330406188965
v 0.37616288661956787 5.726980209350586 29.343313217163086
v 0.47645190358161926 5.787614345550537 29.334980010986328
v 0.47645190358161926 5.8381428718566895 29.426652908325195
v 0.37616288661956787 5.8027729988098145 29.468320846557617
v 0.36613398790359497 5.9088826179504395 29.543325424194336
v 0.47645190358161926 5.918988227844238 29.476655960083008
v 0.47645190358161926 6.040256977081299 29.509990692138672
v 0.36613398790359497 6.03520393371582 29.568326950073242
v 0.37616288661956787 6.171630859375 29.559993743896484
v 0.47645190358161926 6.171630859375 29.501657485961914
v 0.47645190358161926 6.3535332679748535 29.434986114501953
v 0.37616288661956787 6.3535332679748535 29.476655960083008
v 0.47645190358161926 6.489960193634033 29.301645278930664
v 0.38619178533554077 6.50006628036499 29.334980010986328
v 0.39622071385383606 6.697127342224121 28.893285751342773
v 0.47645190358161926 6.671863079071045 28.868284225463867
v 0.48648080229759216 6.833554267883301 27.9765625
v 0.40624961256980896 6.894188404083252 28.009897232055664
v 0.47645190358161926 6.91439962387085 27.15984535217285
v 0.39622071385383606 6.9699811935424805 27.193180084228516
v 0.47645190358161926 6.873977184295654 26.543140411376953
v 0.38619178533554077 6.919452667236328 26.534807205200195
v 0.47645190358161926 6.793131351470947 26.401464462280273
v 0.38619178533554077 6.828501224517822 26.35979461669922
v 0.47645190358161926 6.666810035705566 26.30145835876465
v 0.38619178533554077 6.687021732330322 26.218120574951172
v 0.38619178533554077 6.464695930480957 26.109779357910156
v 0.47645190358161926 6.454590320587158 26.218120574951172
v 0.48648080229759216 6.464695930480957 27.043170928955078
v 0.47645190358161926 6.91439962387085 27.15984535217285
v 0.48648080229759216 6.444484710693359 26.55147361755371
v 0.47645190358161926 6.873977184295654 26.543140411376953
v 0.47645190358161926 6.793131351470947 26.401464462280273
v 0.47645190358161926 6.666810035705566 26.30145835876465
v 0.47645190358161926 6.454590320587158 26.218120574951172
v 0.15552709996700287 7.909811019897461 26.16811752319336
v 0.11541149765253067 7.924969673156738 26.018108367919922
v 0.10538259893655777 8.020974159240723 26.02644157409668
v 0.15552709996700287 7.909811019897461 26.16811752319336
v 0.14549820125102997 8.020974159240723 26.16811752319336
v 0.15552709996700287 7.909811019897461 26.16811752319336
v 0.14549820125102997 8.020974159240723 26.16811752319336
v 0.10538259893655777 8.020974159240723 26.30145835876465
v 0.15552709996700287 7.909811019897461 26.16811752319336
v 0.11541149765253067 7.924969673156738 26.318126678466797
v 0.005093600135296583 8.020974159240723 26.35979461669922
v -0.004935299977660179 7.955286979675293 26.36812973022461
v 0.11541149765253067 7.924969673156738 26.318126678466797
v 0.005093600135296583 8.020974159240723 25.976438522338867
v 0.10538259893655777 8.020974159240723 26.02644157409668
v -0.004935299977660179 7.955286979675293 25.95977020263672
v 0.11541149765253067 7.924969673156738 26.018108367919922
vt 0.33915525674819946 0.729854941368103
vt 0.35564306378364563 0.7354342341423035
vt 0.3560631275177002 0.7342994809150696
vt 0.36089396476745605 0.7368527054786682
vt 0.33863013982772827 0.7321244478225708
vt 0.31657636165618896 0.7262614965438843
vt 0.31605127453804016 0.7293820977210999
vt 0.2941025197505951 0.7239919304847717
vt 0.2935774326324463 0.7281527519226074
vt 0.2236354500055313 0.7197365164756775
vt 0.22374045848846436 0.7242756485939026
vt 0.188559427857399 0.7267342805862427
vt 0.1878243088722229 0.7223843336105347
vt 0.1813131868839264 0.7287201285362244
vt 0.17889778316020966 0.7252212762832642
vt 0.17805762588977814 0.7312734127044678
vt 0.17375189065933228 0.7290038466453552
vt 0.17427697777748108 0.7357179522514343
vt 0.1686060130596161 0.7348668575286865
vt 0.1657705307006836 0.7490515112876892
vt 0.1608346849679947 0.7469711303710938
vt 0.15033288300037384 0.7704231142997742
vt 0.14413681626319885 0.7694774270057678
vt 0.13405509293079376 0.7934022545814514
vt 0.12733393907546997 0.7932131290435791
vt 0.08511669933795929 0.8608267903327942
vt 0.0783955529332161 0.8608267903327942
vt 0.02483637072145939 0.949150025844574
vt 0.017800163477659225 0.9476369619369507
vt 0.017380092293024063 0.9581336379051208
vt 0.010133850388228893 0.9566205739974976
vt 0.012339227832853794 0.9621053338050842
vt 0.004882949870079756 0.960781455039978
vt 0.028301963582634926 0.961632490158081
vt 0.030507342889904976 0.9584172964096069
vt 0.03701845929026604 0.9503793716430664
vt 0.09729879349470139 0.8608267903327942
vt 0.1447669267654419 0.7939696311950684
vt 0.16156980395317078 0.7697611451148987
vt 0.17627233266830444 0.750469982624054
vt 0.1862490326166153 0.7330701351165771
vt 0.1813131868839264 0.7287201285362244
vt 0.188559427857399 0.7267342805862427
vt 0.22300533950328827 0.7299494743347168
vt 0.053086213767528534 0.9611597061157227
vt 0.21355371177196503 0.7530232071876526
vt 0.19318021833896637 0.7726926207542419
vt 0.17805762588977814 0.790754497051239
vt 0.21439385414123535 0.7727872133255005
vt 0.21050819754600525 0.779406726360321
vt 0.26679784059524536 0.773449182510376
vt 0.2601816952228546 0.7802578210830688
vt 0.26774299144744873 0.7789338827133179
vt 0.20977306365966797 0.7819599509239197
vt 0.20998311042785645 0.7808251976966858
vt 0.259131520986557 0.7809197306632996
vt 0.26784801483154297 0.779406726360321
vt 0.2896917760372162 0.7775154113769531
vt 0.2900068163871765 0.7732600569725037
vt 0.2915820777416229 0.7551036477088928
vt 0.2933673858642578 0.7341103553771973
vt 0.3146860599517822 0.7345831394195557
vt 0.31605127453804016 0.7293820977210999
vt 0.28958675265312195 0.7779882550239563
vt 0.30775487422943115 0.7552927732467651
vt 0.3008236885070801 0.7725034952163696
vt 0.29966849088668823 0.7761915326118469
vt 0.29945844411849976 0.7767589092254639
vt 0.2896917760372162 0.7803523540496826
vt 0.26805806159973145 0.7816762924194336
vt 0.26784801483154297 0.779406726360321
vt 0.259131520986557 0.7809197306632996
vt 0.2583963871002197 0.7830947637557983
vt 0.20977306365966797 0.7819599509239197
vt 0.20945800840854645 0.7846077680587769
vt 0.17805762588977814 0.790754497051239
vt 0.2997734844684601 0.7790284752845764
vt 0.31006526947021484 0.7752459049224854
vt 0.31038030982017517 0.7774208784103394
vt 0.32928356528282166 0.7729763388633728
vt 0.3283383846282959 0.7748676538467407
vt 0.3330641984939575 0.772125244140625
vt 0.3337993323802948 0.7733545899391174
vt 0.3447211980819702 0.7697611451148987
vt 0.3341143727302551 0.7742056846618652
vt 0.34535130858421326 0.7700448632240295
vt 0.34640148282051086 0.7695720195770264
vt 0.3454563319683075 0.7690991759300232
vt 0.33421939611434937 0.771274209022522
vt 0.32949358224868774 0.7720307111740112
vt 0.31038030982017517 0.7746785283088684
vt 0.31290075182914734 0.7717469930648804
vt 0.33085882663726807 0.7703285217285156
vt 0.33421939611434937 0.771274209022522
vt 0.33547961711883545 0.7700448632240295
vt 0.3454563319683075 0.7690991759300232
vt 0.3459814190864563 0.7686263918876648
vt 0.34640148282051086 0.7695720195770264
vt 0.3478717505931854 0.7689100503921509
vt 0.35574808716773987 0.7598319053649902
vt 0.3579534590244293 0.7603992819786072
vt 0.36120903491973877 0.754252552986145
vt 0.36351943016052246 0.7546308040618896
vt 0.363309383392334 0.7512264847755432
vt 0.36551475524902344 0.7514156103134155
vt 0.36477962136268616 0.7465928196907043
vt 0.36709004640579224 0.746403694152832
vt 0.3654097318649292 0.7403516173362732
vt 0.363309383392334 0.742053747177124
vt 0.36089396476745605 0.7368527054786682
vt 0.35910865664482117 0.7401624321937561
vt 0.35564306378364563 0.7354342341423035
vt 0.33316922187805176 0.774300217628479
vt 0.33337926864624023 0.7745839357376099
vt 0.3252928555011749 0.7819599509239197
vt 0.3255029022693634 0.782149076461792
vt 0.34734663367271423 0.7578459978103638
vt 0.35543304681777954 0.7499971389770508
vt 0.35385775566101074 0.7395005226135254
vt 0.3363197445869446 0.7365689873695374
vt 0.33863013982772827 0.7321244478225708
vt 0.3237175941467285 0.7557656168937683
vt 0.3412556052207947 0.7572786211967468
vt 0.13016942143440247 0.8608267903327942
vt 0.0656883716583252 0.9500956535339355
vt 0.18813936412334442 0.790754497051239
vt 0.1624099463224411 0.8608267903327942
vt 0.22037988901138306 0.7855533957481384
vt 0.20630747079849243 0.8608267903327942
vt 0.256506085395813 0.783756673336029
vt 0.06001739948987961 0.9548238515853882
vt 0.09257297962903976 0.9612542390823364
vt 0.10444001108407974 0.9476369619369507
vt 0.13195472955703735 0.9628618359565735
vt 0.1468672901391983 0.947258710861206
vt 0.14707732200622559 0.9639966487884521
vt 0.15327338874340057 0.9519869685173035
vt 0.16325008869171143 0.9648476839065552
vt 0.16377519071102142 0.9519869685173035
vt 0.17921282351016998 0.9520815014839172
vt 0.18467377126216888 0.9661716222763062
vt 0.1911848783493042 0.9520815014839172
vt 0.19780100882053375 0.967022716999054
vt 0.20578238368034363 0.9520815014839172
vt 0.21523401141166687 0.9677792191505432
vt 0.20788274705410004 0.9520815014839172
vt 0.21754440665245056 0.9677792191505432
vt 0.36709004640579224 0.746403694152832
vt 0.3654097318649292 0.7403516173362732
vt 0.36582982540130615 0.7400678992271423
vt 0.3613140285015106 0.7361907362937927
vt 0.3252928555011749 0.7819599509239197
vt 0.33316922187805176 0.774300217628479
vt 0.3226674199104309 0.7819599509239197
vt 0.3283383846282959 0.7748676538467407
vt 0.30848997831344604 0.782149076461792
vt 0.31038030982017517 0.7774208784103394
vt 0.2997734844684601 0.7790284752845764
vt 0.29945844411849976 0.782905638217926
vt 0.2896917760372162 0.7803523540496826
vt 0.29011183977127075 0.7835675477981567
vt 0.2679530382156372 0.7823382019996643
vt 0.2681630849838257 0.7838512659072876
vt 0.25692614912986755 0.7835675477981567
vt 0.26805806159973145 0.7816762924194336
vt 0.2583963871002197 0.7830947637557983
vt 0.20945800840854645 0.7846077680587769
vt 0.2088279128074646 0.7859317064285278
vt 0.25850141048431396 0.7838512659072876
vt 0.20767271518707275 0.8608267903327942
vt 0.14676226675510406 0.9481098055839539
vt 0.1468672901391983 0.947258710861206
vt 0.00582811189815402 0.996526837348938
vt 0.0993991494178772 0.9964322447776794
vt 0.008978651836514473 0.9923659563064575
vt 0.10191958397626877 0.9922714233398438
vt 0.19811606407165527 0.9962431192398071
vt 0.20630747079849243 0.9920822978019714
vt 0.10286474227905273 0.9878268837928772
vt 0.2077777236700058 0.9874486327171326
vt 0.20630747079849243 0.9920822978019714
vt 0.10191958397626877 0.9922714233398438
vt 0.19811606407165527 0.9962431192398071
vt 0.0993991494178772 0.9964322447776794
vt 0.008978651836514473 0.9923659563064575
vt 0.00582811189815402 0.996526837348938
vt 0.00939872395247221 0.9881106019020081
vt 0.07871060073375702 0.9777084589004517
vt 0.0794457271695137 0.9746823906898499
vt 0.07314465194940567 0.9785595536231995
vt 0.07303962856531143 0.9746823906898499
vt 0.06327296048402786 0.9746823906898499
vt 0.06348299235105515 0.9799780249595642
vt 0.04006398096680641 0.9790323972702026
vt 0.03995896130800247 0.9747769832611084
vt 0.030507342889904976 0.9781813025474548
vt 0.030402323231101036 0.9747769832611084
vt 0.02095070481300354 0.9774248003959656
vt 0.02095070481300354 0.9747769832611084
vt 0.00582811189815402 0.9761008620262146
vt 0.00582811189815402 0.9747769832611084
vt 0.003202662104740739 0.9747769832611084
vt 0.003202662104740739 0.9747769832611084
vt 0.003202662104740739 0.9747769832611084
vt 0.00582811189815402 0.9761008620262146
vt 0.02095070481300354 0.9774248003959656
vt 0.030507342889904976 0.9781813025474548
vt 0.04006398096680641 0.9790323972702026
vt 0.06348299235105515 0.9799780249595642
vt 0.07314465194940567 0.9785595536231995
vt 0.07345970720052719 0.9803562760353088
vt 0.07871060073375702 0.9777084589004517
vt 0.07345970720052719 0.9803562760353088
vt 0.06253783404827118 0.9655096530914307
vt 0.07650522887706757 0.969197690486908
vt 0.06862887740135193 0.9652259945869446
vt 0.46486178040504456 0.7569949626922607
vt 0.46486178040504456 0.7584134340286255
vt 0.4891209602355957 0.7569003701210022
vt 0.4891209602355957 0.7584134340286255
vt 0.46486178040504456 0.7598319053649902
vt 0.4891209602355957 0.759926438331604
vt 0.4891209602355957 0.759926438331604
vt 0.4889109134674072 0.7621960043907166
vt 0.46465176343917847 0.7610611915588379
vt 0.4889109134674072 0.7546308040618896
vt 0.4891209602355957 0.7569003701210022
vt 0.46465176343917847 0.7557656168937683
vt 0.46486178040504456 0.7569949626922607
vt 0.0033076799008995295 0.973547637462616
vt 0.006248184014111757 0.9733585119247437
vt 0.0033076799008995295 0.973547637462616
vt 0.006353201810270548 0.9716563820838928
vt 0.022105902433395386 0.9695759415626526
vt 0.022315938025712967 0.9723182916641235
vt 0.03512813523411751 0.9680628776550293
vt 0.03523315116763115 0.9715617895126343
vt 0.03512813523411751 0.9680628776550293
vt 0.05161596089601517 0.9665498733520508
vt 0.05161596089601517 0.9705215692520142
vt 0.06253783404827118 0.9655096530914307
vt 0.0033076799008995295 0.973547637462616
vt 0.006353201810270548 0.9716563820838928
vt 0.022105902433395386 0.9695759415626526
vt 0.05161596089601517 0.9665498733520508
vt 0.06253783404827118 0.9655096530914307
vt 0.0623277947306633 0.9700487852096558
vt 0.07650522887706757 0.969197690486908
vt 0.07755540311336517 0.9728856682777405
vt 0.07650522887706757 0.969197690486908
vt 0.20798775553703308 0.9520815014839172
vt 0.20788274705410004 0.9520815014839172
vt 0.2176494151353836 0.9676846265792847
vt 0.21754440665245056 0.9677792191505432
vt 0.06253783404827118 0.9655096530914307
vt 0.06862887740135193 0.9652259945869446
vt 0.07650522887706757 0.969197690486908
vt 0.2070426046848297 0.7214387059211731
vt 0.20714761316776276 0.7218169569969177
vt 0.20819780230522156 0.7219114899635315
vt 0.20798775553703308 0.7221952080726624
vt 0.2083028107881546 0.7229517102241516
vt 0.20872288942337036 0.7229517102241516
vt 0.20809277892112732 0.7237082123756409
vt 0.2083028107881546 0.7229517102241516
vt 0.2083028107881546 0.7238028049468994
vt 0.20872288942337036 0.7229517102241516
vt 0.20651750266551971 0.7221006155014038
vt 0.20630747079849243 0.7219114899635315
vt 0.20714761316776276 0.7218169569969177
vt 0.2070426046848297 0.7214387059211731
vt 0.4994127154350281 0.5209619402885437
vt 0.49857255816459656 0.5209619402885437
vt 0.4994127154350281 0.5169902443885803
vt 0.4984675645828247 0.5170847773551941
vt 0.4984675645828247 0.5077229142189026
vt 0.49962276220321655 0.5077229142189026
vt 0.49857255816459656 0.5209619402885437
vt 0.4986775815486908 0.524649977684021
vt 0.4994127154350281 0.5209619402885437
vt 0.49930769205093384 0.5245553851127625
vt 0.4979424476623535 0.5637996792793274
vt 0.4988876283168793 0.5637996792793274
vt 0.49615713953971863 0.619403600692749
vt 0.49783745408058167 0.6193090081214905
vt 0.4973123371601105 0.6479620933532715
vt 0.49521198868751526 0.6480566263198853
vt 0.4939517676830292 0.690326988697052
vt 0.4965772330760956 0.6902323961257935
vt 0.12134791165590286 0.598599374294281
vt 0.12334325164556503 0.5927364230155945
vt 0.15421853959560394 0.598599374294281
vt 0.16797590255737305 0.5562344789505005
vt 0.20525729656219482 0.598599374294281
vt 0.2210099995136261 0.5495204329490662
vt 0.17028629779815674 0.5492367148399353
vt 0.2236354500055313 0.5414824485778809
vt 0.17186157405376434 0.544130265712738
vt 0.22615587711334229 0.5337281823158264
vt 0.17259669303894043 0.5418606996536255
vt 0.2269960194826126 0.531174898147583
vt 0.13552534580230713 0.5483856797218323
vt 0.1348952353000641 0.5502769351005554
vt 0.13353000581264496 0.5548160672187805
vt 0.13142964243888855 0.5610572695732117
vt 0.1214529275894165 0.5921690464019775
vt 0.06064750626683235 0.570419192314148
vt 0.11924754828214645 0.598599374294281
vt 0.05161596089601517 0.598599374294281
vt 0.006458220072090626 0.5887646675109863
vt 0.0034126979298889637 0.598599374294281
vt 0.06369303166866302 0.5608681440353394
vt 0.0038327700458467007 0.5879136323928833
vt 0.007193346042186022 0.5765658617019653
vt 0.011814137920737267 0.5754311084747314
vt 0.0029926260467618704 0.5873462557792664
vt 0.006458220072090626 0.5766604542732239
vt 0.009608759544789791 0.5728778839111328
vt 0.009188688360154629 0.5726887583732605
vt 0.013494426384568214 0.570702850818634
vt 0.013179372064769268 0.5703245997428894
vt 0.06327296048402786 0.5623812079429626
vt 0.06211775913834572 0.5656909346580505
vt 0.01475464180111885 0.5731615424156189
vt 0.009608759544789791 0.5728778839111328
vt 0.44354313611984253 0.5320259928703308
vt 0.3892488181591034 0.5427117943763733
vt 0.442702978849411 0.5347683429718018
vt 0.38840869069099426 0.5451704859733582
vt 0.4403925836086273 0.5418606996536255
vt 0.3869384229183197 0.5497095584869385
vt 0.4375571012496948 0.5506551861763
vt 0.38452303409576416 0.5572746992111206
vt 0.42253953218460083 0.5973700881004333
vt 0.37150079011917114 0.5973700881004333
vt 0.34010040760040283 0.5935874581336975
vt 0.33884018659591675 0.5973700881004333
vt 0.3378950357437134 0.5998287200927734
vt 0.37076565623283386 0.5998287200927734
vt 0.42253953218460083 0.5973700881004333
vt 0.42180439829826355 0.5998287200927734
vt 0.3521774709224701 0.5492367148399353
vt 0.35154736042022705 0.5513171553611755
vt 0.3503921627998352 0.5553834438323975
vt 0.3485018312931061 0.5620974898338318
vt 0.33810505270957947 0.5929255485534668
vt 0.2803451716899872 0.5618138313293457
vt 0.2798200845718384 0.5634214282035828
vt 0.2298315018415451 0.5712702870368958
vt 0.23014655709266663 0.5717430710792542
vt 0.22636590898036957 0.5737289190292358
vt 0.22584082186222076 0.5736343860626221
vt 0.2238454818725586 0.577700674533844
vt 0.2231103479862213 0.577700674533844
vt 0.2204848974943161 0.5887646675109863
vt 0.21964475512504578 0.5883864164352417
vt 0.2231103479862213 0.5896157622337341
vt 0.2238454818725586 0.577700674533844
vt 0.22804619371891022 0.5776060819625854
vt 0.22951644659042358 0.5742963552474976
vt 0.2788749039173126 0.5664474964141846
vt 0.277194619178772 0.5715539455413818
vt 0.2690032124519348 0.5973700881004333
vt 0.22079995274543762 0.5973700881004333
vt 0.22016985714435577 0.5998287200927734
vt 0.2682681083679199 0.5998287200927734
vt 0.3356896638870239 0.5998287200927734
vt 0.3366348147392273 0.5973700881004333
vt 0.49342668056488037 0.5215293169021606
vt 0.4896460473537445 0.5216239094734192
vt 0.495106965303421 0.6209166049957275
vt 0.49290159344673157 0.6210111975669861
vt 0.4942668378353119 0.6920291185379028
vt 0.4953170120716095 0.6919345855712891
vt 0.4877557158470154 0.5094251036643982
vt 0.49615713953971863 0.5094251036643982
vt 0.4905911982059479 0.5846984386444092
vt 0.49647220969200134 0.5846984386444092
vt 0.49237650632858276 0.6332100033760071
vt 0.49699729681015015 0.6332100033760071
vt 0.01685500144958496 0.6602554321289062
vt 0.05497653782367706 0.661673903465271
vt 0.015909839421510696 0.6633760929107666
vt 0.05623675137758255 0.6637543439865112
vt 0.05487151816487312 0.6659293174743652
vt 0.016119876876473427 0.6680097579956055
vt 0.04583996906876564 0.6694282293319702
vt 0.0164349302649498 0.6707521080970764
vt 0.015279731713235378 0.6601608991622925
vt 0.005618075840175152 0.6605391502380371
vt 0.015384750440716743 0.6633760929107666
vt 0.005618075840175152 0.6630923748016357
vt 0.005618075840175152 0.6681988835334778
vt 0.0022575000766664743 0.6684825420379639
vt 0.005618075840175152 0.670846700668335
vt 0.015384750440716743 0.6707521080970764
vt 0.015384750440716743 0.6680097579956055
vt 0.0022575000766664743 0.6630923748016357
vt 0.15831424295902252 0.7214387059211731
vt 0.14802248775959015 0.7212495803833008
vt 0.15831424295902252 0.707443118095398
vt 0.14172139763832092 0.7164267897605896
vt 0.14119631052017212 0.7115094065666199
vt 0.14308664202690125 0.7082942128181458
vt 0.16230493783950806 0.7072539925575256
vt 0.15831424295902252 0.707443118095398
vt 0.16230493783950806 0.7213441133499146
vt 0.15831424295902252 0.7214387059211731
vt 0.16230493783950806 0.7213441133499146
vt 0.1712314635515213 0.7211549878120422
vt 0.16230493783950806 0.7072539925575256
vt 0.1761673092842102 0.7080105543136597
vt 0.1774275302886963 0.7167104482650757
vt 0.17805762588977814 0.7108474373817444
vt 0.11924754828214645 0.598599374294281
vt 0.11893250048160553 0.5992613434791565
vt 0.05161596089601517 0.598599374294281
vt 0.05151094123721123 0.5992613434791565
vt 0.0034126979298889637 0.598599374294281
vt 0.0033076799008995295 0.5992613434791565
vt 0.20525729656219482 0.598599374294281
vt 0.20504726469516754 0.5992613434791565
vt 0.15421853959560394 0.598599374294281
vt 0.15400850772857666 0.5992613434791565
vt 0.12134791165590286 0.598599374294281
vt 0.12113787233829498 0.5992613434791565
vt 0.49962276220321655 0.5077229142189026
vt 0.4984675645828247 0.5077229142189026
vt 0.4994127154350281 0.5169902443885803
vt 0.4984675645828247 0.5170847773551941
vt 0.49857255816459656 0.5209619402885437
vt 0.4994127154350281 0.5209619402885437
vt 0.4986775815486908 0.524649977684021
vt 0.49930769205093384 0.5245553851127625
vt 0.4979424476623535 0.5637996792793274
vt 0.4988876283168793 0.5637996792793274
vt 0.49615713953971863 0.619403600692749
vt 0.49783745408058167 0.6193090081214905
vt 0.4973123371601105 0.6479620933532715
vt 0.49521198868751526 0.6480566263198853
vt 0.4939517676830292 0.690326988697052
vt 0.4965772330760956 0.6902323961257935
vt 0.10853571444749832 0.5033729672431946
vt 0.10654037445783615 0.5092359781265259
vt 0.07566507905721664 0.5033729672431946
vt 0.06201274320483208 0.5457378625869751
vt 0.02462633326649666 0.5033729672431946
vt 0.008873634040355682 0.5524519085884094
vt 0.05970234423875809 0.552830159664154
vt 0.006248184014111757 0.5604898929595947
vt 0.05802205950021744 0.5578420758247375
vt 0.0037277520168572664 0.568244218826294
vt 0.057286933064460754 0.5601116418838501
vt 0.0029926260467618704 0.5707974433898926
vt 0.09435828775167465 0.5535867214202881
vt 0.0949883908033371 0.5516954064369202
vt 0.09645864367485046 0.5471563339233398
vt 0.09845399111509323 0.5409150719642639
vt 0.10853571444749832 0.5098978877067566
vt 0.16923612356185913 0.5316477417945862
vt 0.11074109375476837 0.5033729672431946
vt 0.17837268114089966 0.5033729672431946
vt 0.22353042662143707 0.5132076740264893
vt 0.2264709323644638 0.5033729672431946
vt 0.16619059443473816 0.5411041975021362
vt 0.16671568155288696 0.5396857261657715
vt 0.21670424938201904 0.5317422747612
vt 0.21649421751499176 0.5313640236854553
vt 0.22079995274543762 0.5292836427688599
vt 0.16776587069034576 0.536281406879425
vt 0.21806949377059937 0.5265412330627441
vt 0.22269028425216675 0.5254064798355103
vt 0.22615587711334229 0.5140587687492371
vt 0.2269960194826126 0.514626145362854
vt 0.22342540323734283 0.5253118872642517
vt 0.22037988901138306 0.5290945172309875
vt 0.22037988901138306 0.5290945172309875
vt 0.21523401141166687 0.5288107991218567
vt 0.38368287682533264 0.5397802591323853
vt 0.38315778970718384 0.5413878560066223
vt 0.3120605945587158 0.5518845319747925
vt 0.3114304840564728 0.5539649724960327
vt 0.4336714446544647 0.531931459903717
vt 0.43346139788627625 0.5314586162567139
vt 0.4372420608997345 0.529567301273346
vt 0.43766212463378906 0.5296618938446045
vt 0.4396574795246124 0.5255010724067688
vt 0.4403925836086273 0.5255956053733826
vt 0.4430180490016937 0.5144370198249817
vt 0.44385817646980286 0.5148152709007263
vt 0.4403925836086273 0.5135859251022339
vt 0.4396574795246124 0.5255010724067688
vt 0.4354567527770996 0.5256901979446411
vt 0.43398648500442505 0.528999924659729
vt 0.384628027677536 0.536848783493042
vt 0.3131107687950134 0.5479128360748291
vt 0.27656450867652893 0.5535867214202881
vt 0.27509427070617676 0.5581257939338684
vt 0.2231103479862213 0.5614355802536011
vt 0.22090497612953186 0.56852787733078
vt 0.2743591368198395 0.5604898929595947
vt 0.2199598103761673 0.5712702870368958
vt 0.225945845246315 0.5526410341262817
vt 0.2790849506855011 0.5459269881248474
vt 0.240963414311409 0.5058315992355347
vt 0.2920021712779999 0.5058315992355347
vt 0.3234025537967682 0.5097087621688843
vt 0.3247677683830261 0.5058315992355347
vt 0.32560792565345764 0.5034675002098083
vt 0.29273727536201477 0.5034675002098083
vt 0.240963414311409 0.5058315992355347
vt 0.24169853329658508 0.5034675002098083
vt 0.31500110030174255 0.54119873046875
vt 0.32539787888526917 0.5102761387825012
vt 0.38630831241607666 0.5317422747612
vt 0.3944997191429138 0.5058315992355347
vt 0.442702978849411 0.5058315992355347
vt 0.4434381127357483 0.5034675002098083
vt 0.3952348530292511 0.5034675002098083
vt 0.3278132975101471 0.5034675002098083
vt 0.3268681466579437 0.5058315992355347
vt 0.49342668056488037 0.5215293169021606
vt 0.4896460473537445 0.5216239094734192
vt 0.495106965303421 0.6209166049957275
vt 0.49290159344673157 0.6210111975669861
vt 0.4942668378353119 0.6920291185379028
vt 0.4953170120716095 0.6919345855712891
vt 0.4877557158470154 0.5094251036643982
vt 0.49615713953971863 0.5094251036643982
vt 0.4905911982059479 0.5846984386444092
vt 0.49647220969200134 0.5846984386444092
vt 0.49237650632858276 0.6332100033760071
vt 0.49699729681015015 0.6332100033760071
vt 0.01685500144958496 0.6602554321289062
vt 0.05497653782367706 0.661673903465271
vt 0.015909839421510696 0.6633760929107666
vt 0.05623675137758255 0.6637543439865112
vt 0.05487151816487312 0.6659293174743652
vt 0.016119876876473427 0.6680097579956055
vt 0.04583996906876564 0.6694282293319702
vt 0.0164349302649498 0.6707521080970764
vt 0.015279731713235378 0.6601608991622925
vt 0.005618075840175152 0.6605391502380371
vt 0.015384750440716743 0.6633760929107666
vt 0.005618075840175152 0.6630923748016357
vt 0.005618075840175152 0.6681988835334778
vt 0.0022575000766664743 0.6684825420379639
vt 0.005618075840175152 0.670846700668335
vt 0.015384750440716743 0.6707521080970764
vt 0.015384750440716743 0.6680097579956055
vt 0.0022575000766664743 0.6630923748016357
vt 0.14308664202690125 0.7082942128181458
vt 0.15831424295902252 0.707443118095398
vt 0.14119631052017212 0.7115094065666199
vt 0.14172139763832092 0.7164267897605896
vt 0.14802248775959015 0.7212495803833008
vt 0.15831424295902252 0.7214387059211731
vt 0.15831424295902252 0.7214387059211731
vt 0.15831424295902252 0.707443118095398
vt 0.16230493783950806 0.7213441133499146
vt 0.16230493783950806 0.7072539925575256
vt 0.17805762588977814 0.7108474373817444
vt 0.1774275302886963 0.7167104482650757
vt 0.1761673092842102 0.7080105543136597
vt 0.1712314635515213 0.7211549878120422
vt 0.16230493783950806 0.7072539925575256
vt 0.16230493783950806 0.7213441133499146
vt 0.11074109375476837 0.5033729672431946
vt 0.11095113307237625 0.5027109980583191
vt 0.17837268114089966 0.5033729672431946
vt 0.1784777045249939 0.5027109980583191
vt 0.2264709323644638 0.5033729672431946
vt 0.22657594084739685 0.5027109980583191
vt 0.02462633326649666 0.5033729672431946
vt 0.02494138851761818 0.5027109980583191
vt 0.07566507905721664 0.5033729672431946
vt 0.07598013430833817 0.5027109980583191
vt 0.10853571444749832 0.5033729672431946
vt 0.10885076969861984 0.5027109980583191
vt 0.4901711344718933 0.7500917315483093
vt 0.4877557158470154 0.7456471920013428
vt 0.48271486163139343 0.7513210773468018
vt 0.48534029722213745 0.7431885004043579
vt 0.4820847511291504 0.7416754961013794
vt 0.4683273732662201 0.7418646216392517
vt 0.47189798951148987 0.7516993284225464
vt 0.45036929845809937 0.7450798153877258
vt 0.4325162470340729 0.7570894956588745
vt 0.4308359622955322 0.7503754496574402
vt 0.42232948541641235 0.7575623393058777
vt 0.4214893579483032 0.7546308040618896
vt 0.41875889897346497 0.7576568722724915
vt 0.42180439829826355 0.7616286277770996
vt 0.4172886312007904 0.7616286277770996
vt 0.41718360781669617 0.7644655108451843
vt 0.4219094216823578 0.7646546363830566
vt 0.42232948541641235 0.7673970460891724
vt 0.43398648500442505 0.7663568258285522
vt 0.4178137183189392 0.7669242024421692
vt 0.41896891593933105 0.7687209248542786
vt 0.4209642708301544 0.769950270652771
vt 0.4240097999572754 0.7708958983421326
vt 0.43472161889076233 0.7716524600982666
vt 0.4760987162590027 0.7718415856361389
vt 0.47525855898857117 0.7663568258285522
vt 0.48660051822662354 0.771274209022522
vt 0.4859704077243805 0.7661677002906799
vt 0.4891209602355957 0.7710850238800049
vt 0.4917463958263397 0.7695720195770264
vt 0.49290159344673157 0.7665459513664246
vt 0.49594712257385254 0.7674915790557861
vt 0.49384674429893494 0.7713687419891357
vt 0.49048617482185364 0.7732600569725037
vt 0.4891209602355957 0.7710850238800049
vt 0.4872306287288666 0.7739219665527344
vt 0.48660051822662354 0.771274209022522
vt 0.476413756608963 0.7743948101997375
vt 0.4760987162590027 0.7718415856361389
vt 0.43472161889076233 0.7716524600982666
vt 0.43482664227485657 0.7741110920906067
vt 0.4240097999572754 0.7708958983421326
vt 0.4237997531890869 0.773449182510376
vt 0.42001909017562866 0.7723143696784973
vt 0.4209642708301544 0.769950270652771
vt 0.41896891593933105 0.7687209248542786
vt 0.4170786142349243 0.7705176472663879
vt 0.41529330611228943 0.7678698301315308
vt 0.4178137183189392 0.7669242024421692
vt 0.41718360781669617 0.7644655108451843
vt 0.4144531488418579 0.7646546363830566
vt 0.41455817222595215 0.7613449096679688
vt 0.4172886312007904 0.7616286277770996
vt 0.41875889897346497 0.7576568722724915
vt 0.4164485037326813 0.7568058371543884
vt 0.4214893579483032 0.7546308040618896
vt 0.4199140965938568 0.7532123327255249
vt 0.4299958050251007 0.7485787272453308
vt 0.4308359622955322 0.7503754496574402
vt 0.45036929845809937 0.7450798153877258
vt 0.449424147605896 0.7429993748664856
vt 0.4683273732662201 0.7418646216392517
vt 0.4673822224140167 0.7396896481513977
vt 0.4820847511291504 0.7416754961013794
vt 0.4823997914791107 0.7395005226135254
vt 0.48534029722213745 0.7431885004043579
vt 0.4867055416107178 0.7413917779922485
vt 0.4877557158470154 0.7456471920013428
vt 0.4901711344718933 0.7445124387741089
vt 0.4932166635990143 0.7491461038589478
vt 0.4901711344718933 0.7500917315483093
vt 0.7306623458862305 0.5386455059051514
vt 0.735808253288269 0.5329716205596924
vt 0.7354931831359863 0.5329716205596924
vt 0.5002528429031372 0.5277705788612366
vt 0.5019331574440002 0.5218130350112915
vt 0.5015130639076233 0.5215293169021606
vt 0.5060288310050964 0.5175576210021973
vt 0.5065539479255676 0.5183141231536865
vt 0.5112797617912292 0.5156663656234741
vt 0.5116997957229614 0.516801118850708
vt 0.52818763256073 0.5112218260765076
vt 0.5287127494812012 0.5134913325309753
vt 0.5507665276527405 0.5076283812522888
vt 0.5512915849685669 0.5108435750007629
vt 0.573240339756012 0.5053588151931763
vt 0.5737654566764832 0.509519636631012
vt 0.6437074542045593 0.501103401184082
vt 0.6436024308204651 0.5056424736976624
vt 0.6787834763526917 0.5081011652946472
vt 0.6795185804367065 0.5037512183189392
vt 0.6860296726226807 0.5101816058158875
vt 0.6884450912475586 0.5066826939582825
vt 0.6892852783203125 0.5126402974128723
vt 0.6935909986495972 0.5103707313537598
vt 0.693065881729126 0.5170847773551941
vt 0.698736846446991 0.5163282752037048
vt 0.7015723586082458 0.5304183959960938
vt 0.706508219242096 0.5284325480461121
vt 0.7200555205345154 0.556896448135376
vt 0.7262516021728516 0.5559508204460144
vt 0.73780357837677 0.5799701809883118
vt 0.743894636631012 0.5794028043746948
vt 0.7855867743492126 0.6472055315971375
vt 0.7925179600715637 0.6472055315971375
vt 0.8449219465255737 0.7306114435195923
vt 0.8495427370071411 0.7290984392166138
vt 0.850697934627533 0.7395005226135254
vt 0.8572090268135071 0.7380820512771606
vt 0.8550036549568176 0.7434722185134888
vt 0.8624599575996399 0.7422428727149963
vt 0.8390409350395203 0.7430939674377441
vt 0.8392509818077087 0.73987877368927
vt 0.8351552486419678 0.7318407893180847
vt 0.8142566680908203 0.7425265908241272
vt 0.8097409009933472 0.7362853288650513
vt 0.7747699022293091 0.742621123790741
vt 0.7656333446502686 0.7290984392166138
vt 0.7353881597518921 0.744228720664978
vt 0.8064853549003601 0.7314625382423401
vt 0.7736147046089172 0.6472055315971375
vt 0.7408490777015686 0.6471109986305237
vt 0.7270917296409607 0.5805375576019287
vt 0.7113390564918518 0.6471109986305237
vt 0.7224709391593933 0.7287201285362244
vt 0.7202655673027039 0.7453635334968567
vt 0.7140694856643677 0.7333537936210632
vt 0.704092800617218 0.7463091611862183
vt 0.7035676836967468 0.7334483861923218
vt 0.6881300806999207 0.7334483861923218
vt 0.6826691031455994 0.7476330399513245
vt 0.6761580109596252 0.7334483861923218
vt 0.6695418953895569 0.7483895421028137
vt 0.6615604758262634 0.7335429191589355
vt 0.652108907699585 0.7491461038589478
vt 0.6594601273536682 0.7335429191589355
vt 0.6497985124588013 0.7491461038589478
vt 0.6660763025283813 0.6471109986305237
vt 0.6571497321128845 0.5730670094490051
vt 0.6886551380157471 0.5776060819625854
vt 0.7088186144828796 0.5562344789505005
vt 0.691070556640625 0.5318368673324585
vt 0.6810938715934753 0.5144370198249817
vt 0.6860296726226807 0.5101816058158875
vt 0.6787834763526917 0.5081011652946472
vt 0.64433753490448 0.5113163590431213
vt 0.6537891626358032 0.5344846844673157
vt 0.6741626858711243 0.5594496726989746
vt 0.6529490351676941 0.5599225163459778
vt 0.6568347215652466 0.5665420293807983
vt 0.6005450487136841 0.5588822960853577
vt 0.6071611642837524 0.5657855272293091
vt 0.5995998978614807 0.5644616484642029
vt 0.6575698256492615 0.569095253944397
vt 0.657359778881073 0.5679605007171631
vt 0.60821133852005 0.5664474964141846
vt 0.5994948744773865 0.5649344325065613
vt 0.5776511430740356 0.5588822960853577
vt 0.5773360729217529 0.5546268820762634
vt 0.5757607817649841 0.5365650653839111
vt 0.5739755034446716 0.515477180480957
vt 0.5526568293571472 0.5160446166992188
vt 0.5512915849685669 0.5108435750007629
vt 0.5777561664581299 0.5593551397323608
vt 0.5595880150794983 0.5366596579551697
vt 0.5665192008018494 0.5539649724960327
vt 0.5676743984222412 0.5576529502868652
vt 0.5678844451904297 0.5581257939338684
vt 0.5776511430740356 0.5617192387580872
vt 0.599284827709198 0.5671094059944153
vt 0.5994948744773865 0.5649344325065613
vt 0.60821133852005 0.5664474964141846
vt 0.6089465022087097 0.5686224699020386
vt 0.6575698256492615 0.569095253944397
vt 0.6578848958015442 0.5718376636505127
vt 0.6892852783203125 0.5776060819625854
vt 0.567569375038147 0.5604898929595947
vt 0.5572776198387146 0.5566127896308899
vt 0.5569625496864319 0.5561399459838867
vt 0.5544421672821045 0.5531138777732849
vt 0.5436252951622009 0.5371325016021729
vt 0.5310231447219849 0.5180304646492004
vt 0.5287127494812012 0.5134913325309753
vt 0.5116997957229614 0.516801118850708
vt 0.5134851336479187 0.5209619402885437
vt 0.5082342028617859 0.5215293169021606
vt 0.5065539479255676 0.5183141231536865
vt 0.5040335059165955 0.5235151648521423
vt 0.5019331574440002 0.5218130350112915
vt 0.5025632381439209 0.5279597043991089
vt 0.5002528429031372 0.5277705788612366
vt 0.501828134059906 0.5328770875930786
vt 0.5040335059165955 0.5325933694839478
vt 0.503823459148407 0.5359976887702942
vt 0.5061338543891907 0.5357140302658081
vt 0.5093894004821777 0.5417661666870117
vt 0.5115947723388672 0.54119873046875
vt 0.5194711685180664 0.5502769351005554
vt 0.5213614702224731 0.5499932765960693
vt 0.5209413766860962 0.5509389042854309
vt 0.5218865871429443 0.5504660606384277
vt 0.531863272190094 0.5514116883277893
vt 0.5331234931945801 0.5526410341262817
vt 0.5364840626716614 0.5516954064369202
vt 0.5378493070602417 0.5534921288490295
vt 0.5569625496864319 0.5587877631187439
vt 0.5199962258338928 0.5393074750900269
vt 0.5119098424911499 0.5314586162567139
vt 0.5260872840881348 0.5386455059051514
vt 0.5380593538284302 0.5544377565383911
vt 0.5390045046806335 0.5562344789505005
vt 0.5342786908149719 0.5534921288490295
vt 0.5331234931945801 0.5526410341262817
vt 0.5226216912269592 0.5511280298233032
vt 0.5218865871429443 0.5504660606384277
vt 0.5209413766860962 0.5509389042854309
vt 0.5219916105270386 0.5515062808990479
vt 0.5332285165786743 0.5555725693702698
vt 0.533543586730957 0.554721474647522
vt 0.5341736674308777 0.5557616949081421
vt 0.5339636206626892 0.5559508204460144
vt 0.5420500040054321 0.5634214282035828
vt 0.5418399572372437 0.5635159611701965
vt 0.5569625496864319 0.5587877631187439
vt 0.5588529109954834 0.5635159611701965
vt 0.567569375038147 0.5604898929595947
vt 0.5678844451904297 0.5643670558929443
vt 0.5776511430740356 0.5617192387580872
vt 0.5772310495376587 0.5649344325065613
vt 0.5993898510932922 0.5677713751792908
vt 0.599284827709198 0.5671094059944153
vt 0.6104167103767395 0.569095253944397
vt 0.6089465022087097 0.5686224699020386
vt 0.6578848958015442 0.5718376636505127
vt 0.6116769313812256 0.5702300667762756
vt 0.6632407903671265 0.6471109986305237
vt 0.7205806374549866 0.7294766902923584
vt 0.7204756140708923 0.7287201285362244
vt 0.5390045046806335 0.5562344789505005
vt 0.5446754693984985 0.5634214282035828
vt 0.5341736674308777 0.5557616949081421
vt 0.5420500040054321 0.5634214282035828
vt 0.6088414788246155 0.5700409412384033
vt 0.599284827709198 0.5693789720535278
vt 0.7306623458862305 0.5386455059051514
vt 0.7354931831359863 0.5329716205596924
vt 0.735808253288269 0.5329716205596924
vt 0.7348630428314209 0.5087631344795227
vt 0.7348630428314209 0.5072500705718994
vt 0.7106038928031921 0.5086685419082642
vt 0.7106038928031921 0.5072500705718994
vt 0.7348630428314209 0.5057370662689209
vt 0.7106038928031921 0.5058315992355347
vt 0.7348630428314209 0.5087631344795227
vt 0.7346530556678772 0.511127233505249
vt 0.7106038928031921 0.5086685419082642
vt 0.7103938460350037 0.5098978877067566
vt 0.7106038928031921 0.5058315992355347
vt 0.7103938460350037 0.504602313041687
vt 0.7348630428314209 0.5057370662689209
vt 0.7346530556678772 0.5034675002098083
vt 0.6497985124588013 0.7491461038589478
vt 0.649693489074707 0.7491461038589478
vt 0.6594601273536682 0.7335429191589355
vt 0.659355103969574 0.7335429191589355
vt 0.7333928346633911 0.529567301273346
vt 0.7427394390106201 0.5252173542976379
vt 0.7342329621315002 0.5325933694839478
vt 0.7444196939468384 0.531931459903717
vt 0.7338128685951233 0.5365650653839111
vt 0.7339178919792175 0.5395911335945129
vt 0.7291920781135559 0.5394966006278992
vt 0.7292971014976501 0.5365650653839111
vt 0.7307673692703247 0.5326879620552063
vt 0.762167751789093 0.5198271870613098
vt 0.7459949851036072 0.5412933230400085
vt 0.7343379855155945 0.5423335433006287
vt 0.7360182404518127 0.5458323955535889
vt 0.7329727411270142 0.5449813604354858
vt 0.7309774160385132 0.5437520146369934
vt 0.7298222184181213 0.541955292224884
vt 0.7467300891876221 0.5464943647384644
vt 0.788212239742279 0.5463997721672058
vt 0.7872670292854309 0.5409150719642639
vt 0.7986090183258057 0.5458323955535889
vt 0.7979788780212402 0.5407259464263916
vt 0.8011294007301331 0.5455487370491028
vt 0.8037548661231995 0.5440356731414795
vt 0.8049100637435913 0.5410096049308777
vt 0.8079556226730347 0.541955292224884
vt 0.8058552145957947 0.5457378625869751
vt 0.8024946451187134 0.5477237105369568
vt 0.8011294007301331 0.5455487370491028
vt 0.7992390990257263 0.5483856797218323
vt 0.7986090183258057 0.5458323955535889
vt 0.7884222269058228 0.5489530563354492
vt 0.788212239742279 0.5463997721672058
vt 0.7467300891876221 0.5464943647384644
vt 0.7469401359558105 0.549047589302063
vt 0.7360182404518127 0.5458323955535889
vt 0.735808253288269 0.5483856797218323
vt 0.7320275902748108 0.5473454594612122
vt 0.7329727411270142 0.5449813604354858
vt 0.7309774160385132 0.5437520146369934
vt 0.7291920781135559 0.5455487370491028
vt 0.7273017764091492 0.5429009199142456
vt 0.7298222184181213 0.541955292224884
vt 0.7291920781135559 0.5394966006278992
vt 0.7263566255569458 0.5396857261657715
vt 0.7265666723251343 0.536281406879425
vt 0.7292971014976501 0.5365650653839111
vt 0.7307673692703247 0.5326879620552063
vt 0.728456974029541 0.5318368673324585
vt 0.7333928346633911 0.529567301273346
vt 0.7318175435066223 0.5281488299369812
vt 0.741794228553772 0.5235151648521423
vt 0.7427394390106201 0.5252173542976379
vt 0.762167751789093 0.5198271870613098
vt 0.7612226009368896 0.5177467465400696
vt 0.7802308201789856 0.5165174007415771
vt 0.779180645942688 0.5142478942871094
vt 0.793883204460144 0.5162337422370911
vt 0.794198215007782 0.5140587687492371
vt 0.7971387505531311 0.5176522135734558
vt 0.7985039949417114 0.5158554911613464
vt 0.799554169178009 0.5202054381370544
vt 0.801969587802887 0.5188815593719482
vt 0.8050150871276855 0.5235151648521423
vt 0.8020746111869812 0.5245553851127625
vt 0.7838014364242554 0.5262575745582581
vt 0.7802308201789856 0.5165174007415771
vt 0.7945132851600647 0.5257847309112549
vt 0.793883204460144 0.5162337422370911
vt 0.7971387505531311 0.5176522135734558
vt 0.799554169178009 0.5202054381370544
vt 0.8020746111869812 0.5245553851127625
vt 0.20641249418258667 0.2239348590373993
vt 0.20578238368034363 0.22289463877677917
vt 0.2062024623155594 0.22280007600784302
vt 0.20641249418258667 0.2239348590373993
vt 0.20662252604961395 0.22355659306049347
vt 0.20641249418258667 0.2239348590373993
vt 0.20662252604961395 0.22355659306049347
vt 0.20735765993595123 0.2239348590373993
vt 0.20641249418258667 0.2239348590373993
vt 0.20746266841888428 0.22431311011314392
vt 0.20809277892112732 0.22365115582942963
vt 0.2083028107881546 0.22384029626846313
vt 0.20746266841888428 0.22431311011314392
vt 0.20651750266551971 0.22213812172412872
vt 0.2062024623155594 0.22280007600784302
vt 0.20630747079849243 0.2219489961862564
vt 0.20578238368034363 0.22289463877677917
vn 0.0018870825879275799 0.9766996502876282 0.21460255980491638
vn 0.0037720282562077045 0.9629355072975159 0.26970529556274414
vn 0.0037756175734102726 0.9542372226715088 0.2990269064903259
vn -0.0018851651111617684 0.8916977643966675 0.45262736082077026
vn 0.0018864087760448456 0.9811546206474304 0.19321508705615997
vn -0.001886976882815361 0.9886578321456909 0.15017375349998474
vn 0.001887112041004002 0.9911313652992249 0.1328723281621933
vn -1.0281958796745996e-13 0.9942756295204163 0.10684575140476227
vn -0.49561548233032227 0.8634617328643799 0.09380380809307098
vn -1.0334024217947824e-13 0.9993103742599487 0.03713129088282585
vn -0.6401746273040771 0.7681517601013184 0.010923261754214764
vn -0.28098392486572266 0.9551172256469727 -0.09380380809307098
vn -1.0195180610112972e-13 0.9858840703964233 -0.16742929816246033
vn -0.34319987893104553 0.8705190420150757 -0.3527185618877411
vn -0.4028157889842987 0.808464527130127 -0.42909738421440125
vn -0.7039083242416382 0.5375502109527588 -0.4642767012119293
vn -0.5279867053031921 0.6240077614784241 -0.5760593414306641
vn -0.7637948393821716 0.40972888469696045 -0.4987381398677826
vn -0.5994401574134827 0.4914899170398712 -0.6317508816719055
vn -0.8331576585769653 0.33897167444229126 -0.43697428703308105
vn -0.6057760715484619 0.4924117922782898 -0.6249527335166931
vn -0.8000887632369995 0.39368313550949097 -0.45262736082077026
vn -0.6137500405311584 0.5243163108825684 -0.590256929397583
vn -0.8048892021179199 0.39719048142433167 -0.4409002661705017
vn -0.6149079203605652 0.5269182920455933 -0.5867242813110352
vn -0.8048892021179199 0.39719048142433167 -0.4409002661705017
vn -0.6088135838508606 0.5300403833389282 -0.590256929397583
vn -0.8085154891014099 0.39415252208709717 -0.43697428703308105
vn -0.6141446232795715 0.5394275188446045 -0.5760593414306641
vn -0.8009271025657654 0.45151591300964355 -0.3932546079158783
vn -0.5604648590087891 0.6751160621643066 -0.4796847105026245
vn -0.6898272037506104 0.6204457879066467 -0.37307560443878174
vn -0.5248180031776428 0.7281298041343689 -0.4409002661705017
vn -0.9641353487968445 0.20236089825630188 -0.17173540592193604
vn -0.9756401777267456 0.1466904878616333 -0.16312000155448914
vn -0.9744889736175537 0.1541527807712555 -0.16312000155448914
vn -0.9756401777267456 0.1466904878616333 -0.16312000155448914
vn -0.9744889736175537 0.1541527807712555 -0.16312000155448914
vn -0.98048996925354 0.13178199529647827 -0.1458524912595749
vn -0.9775928258895874 0.14298424124717712 -0.15449213981628418
vn -0.9511440396308899 0.2721250653266907 -0.1458524912595749
vn -0.9275734424591064 0.32957255840301514 -0.1760382205247879
vn -0.9298522472381592 0.3616560399532318 -0.06767380982637405
vn -0.8923717141151428 0.4512958228588104 -0.002184694167226553
vn -0.9973419904708862 0.05661742389202118 -0.04586252197623253
vn -0.9983147382736206 0.05282346159219742 -0.024029340595006943
vn -0.9981130957603455 0.04525691270828247 -0.04149730131030083
vn -0.9989712238311768 -0.04529581964015961 0.002184694167226553
vn -0.9994269013404846 0.03019949607551098 -0.0152922747656703
vn -0.9926496744155884 -0.12052948772907257 0.010923261754214764
vn -0.9996827244758606 -0.007549653295427561 0.024029340595006943
vn -0.9931901693344116 -0.11299088597297668 0.028397228568792343
vn -0.9929502606391907 -0.10929977148771286 0.04586252197623253
vn -0.964881956577301 -0.26114439964294434 0.028397228568792343
vn -0.9585902690887451 -0.2828977704048157 0.03276457265019417
vn -0.977444589138031 -0.20982049405574799 0.024029340595006943
vn -0.9565008282661438 -0.28657644987106323 0.05459024757146835
vn -0.9325454235076904 -0.34745508432388306 0.0981530249118805
vn -0.9955068230628967 -0.041522540152072906 0.08510008454322815
vn -0.9982536435127258 -0.0037739125546067953 0.058952588587999344
vn -0.960229218006134 0.2719396650791168 0.0633138045668602
vn -0.9319581389427185 0.343666672706604 0.11553031951189041
vn -0.7978429794311523 0.5890025496482849 0.12854042649269104
vn -0.5279737114906311 -0.8440643548965454 0.09380380809307098
vn -0.9955263733863831 -0.011318478733301163 0.09380380809307098
vn -0.9914143085479736 -0.07537709921598434 0.10684575140476227
vn -0.9094496369361877 -0.3925265073776245 0.1372016966342926
vn -0.532983124256134 -0.8375920057296753 0.11986933648586273
vn -0.2500697076320648 -0.9648550748825073 0.08074574917554855
vn -0.27026355266571045 -0.9612374901771545 0.05459024757146835
vn -0.28469717502593994 -0.9568030834197998 0.058952588587999344
vn -0.24112804234027863 -0.9691927433013916 0.05022686347365379
vn -0.22639299929141998 -0.9725050926208496 0.05459024757146835
vn -0.23195096850395203 -0.9677627682685852 0.0981530249118805
vn -0.24095280468463898 -0.9636361002922058 0.11553031951189041
vn -0.22987493872642517 -0.9587100148200989 0.16742929816246033
vn -0.1728096902370453 -0.9800524711608887 0.0981530249118805
vn -0.43561458587646484 -0.8902723789215088 0.1328723281621933
vn -0.06974943727254868 -0.9908520579338074 0.11553031951189041
vn -0.13737359642982483 -0.9747507572174072 0.1760382205247879
vn 0.020749950781464577 -0.9833858609199524 0.18033768236637115
vn -0.09987486898899078 -0.9743249416351318 0.2017817199230194
vn -0.020748961716890335 -0.9809370040893555 0.19321508705615997
vn -0.04338973015546799 -0.9901829361915588 0.1328723281621933
vn 0.0018870825879275799 -0.9766996502876282 0.21460255980491638
vn 0.0018881993601098657 -0.9917024970054626 0.12854042649269104
vn 0.0037756175734102726 -0.9542372226715088 0.2990269064903259
vn 0.045274872332811356 -0.9937021136283875 0.10250037163496017
vn -0.11105339974164963 -0.9796093702316284 0.16742929816246033
vn -0.6992276906967163 -0.6845583915710449 0.2060592919588089
vn -0.9101871848106384 -0.389267235994339 0.1415284425020218
vn -0.9819111227989197 -0.14291056990623474 0.1242060661315918
vn -0.9497220516204834 -0.264566570520401 0.16742929816246033
vn -0.8497804403305054 -0.4869880676269531 0.2017817199230194
vn -0.9250443577766418 -0.32954490184783936 0.18892620503902435
vn -0.7673059701919556 -0.5126974582672119 0.3852050006389618
vn -0.7315554022789001 -0.5706498622894287 0.37307560443878174
vn 0.0037756175734102726 -0.9542372226715088 0.2990269064903259
vn -0.6347446441650391 -0.6854125261306763 0.3568037748336792
vn -0.9062952399253845 -0.3254043757915497 0.26970529556274414
vn -0.7532410621643066 -0.4950801134109497 0.43303996324539185
vn -0.8932763934135437 -0.3072916865348816 0.3280687630176544
vn -0.7798605561256409 -0.4066789746284485 0.4758462607860565
vn -0.9086751937866211 -0.21679581701755524 0.3568037748336792
vn -0.8141211271286011 -0.263334721326828 0.5175535082817078
vn -0.9163140058517456 -0.09415870904922485 0.3892335295677185
vn -0.8360533118247986 -0.1165684387087822 0.5361219048500061
vn -0.8959869742393494 0.07912509143352509 0.43697428703308105
vn -0.9614497423171997 0.07160039991140366 0.26549527049064636
vn -0.9252943992614746 0.27883756160736084 0.25706008076667786
vn -0.9702549576759338 0.16150426864624023 0.18033768236637115
vn -0.9083563685417175 0.37523213028907776 0.18463370203971863
vn -0.024527033790946007 -0.9258371591567993 0.37712597846984863
vn 0.0018858956173062325 -0.8224084973335266 0.5688942670822144
vn 0.003772426163777709 -0.9294145107269287 0.3690181374549866
vn -0.0018867163453251123 -0.8732135891914368 0.48733407258987427
vn -0.9817455410957336 -0.11671978235244751 0.15017375349998474
vn -0.9899187684059143 -0.07544633746147156 0.11986933648586273
vn -0.9864315986633301 0.07536375522613525 0.1458524912595749
vn -0.931634247303009 0.3328433036804199 0.1458524912595749
vn -0.8421072959899902 0.5167083144187927 0.15449213981628418
vn -0.9932451844215393 -0.04525405541062355 0.10684575140476227
vn -0.9860578775405884 -0.09415710717439651 0.1372016966342926
vn -0.9995501041412354 0.022649399936199188 -0.01966099627315998
vn -0.9984372854232788 0.0452716089785099 -0.03276457265019417
vn -0.9989712238311768 -0.04529581964015961 0.002184694167226553
vn -0.9994826912879944 -0.015097145922482014 0.028397228568792343
vn -0.9952097535133362 -0.09043646603822708 0.03713129088282585
vn -0.9147838354110718 -0.2571624517440796 0.31150925159454346
vn -0.9482914805412292 -0.21699421107769012 0.23163928091526031
vn -0.9985707402229309 0.045277662575244904 -0.028397228568792343
vn -0.9999403357505798 -2.0681076480250776e-13 0.010923261754214764
vn -0.9998067021369934 -2.0678313119963654e-13 0.01966099627315998
vn -0.9993103742599487 -2.0668048435895647e-13 0.03713129088282585
vn -0.998501718044281 -0.0037748501636087894 0.05459024757146835
vn -0.9955835342407227 -0.0037728985771536827 0.09380380809307098
vn -0.9937347173690796 0.011325434781610966 0.1111890971660614
vn -0.9940179586410522 0.022632893174886703 0.10684575140476227
vn -0.9932184815406799 0.0339704230427742 0.1111890971660614
vn -0.991797149181366 0.03018677607178688 0.1242060661315918
vn -0.9905511140823364 0.03396138548851013 0.1328723281621933
vn -0.9885873794555664 0.03770928084850311 0.1458524912595749
vn -0.9896742701530457 0.04147963970899582 0.1372016966342926
vn -0.9520001411437988 0.1278696060180664 0.2781098484992981
vn -0.91128009557724 0.1983245611190796 0.36088213324546814
vn -0.8422493934631348 0.2673179507255554 0.46814218163490295
vn -0.8951749205589294 0.22422964870929718 0.3852050006389618
vn 0.0018539319280534983 0.10030980408191681 0.994954526424408
vn -5.752280704714174e-14 0.5562512278556824 0.8310141563415527
vn 0.001881469041109085 0.44676944613456726 0.8946471214294434
vn -0.0018856831593438983 0.8199149370193481 0.5724822878837585
vn -0.9411901235580444 -0.2499130219221115 0.22738653421401978
vn -0.9112441539764404 -0.30758294463157654 0.27391019463539124
vn -0.9360359311103821 -0.27556031942367554 0.21886809170246124
vn -0.9454714059829712 -0.2683172821998596 0.18463370203971863
vn -0.9635224342346191 -0.23928186297416687 0.11986933648586273
vn -0.9650694131851196 -0.22829443216323853 0.12854042649269104
vn -0.9515332579612732 -0.27939537167549133 0.12854042649269104
vn -0.9351916909217834 -0.3332383632659912 0.11986933648586273
vn -0.9267565608024597 -0.3614082932472229 0.10250037163496017
vn -0.8715553879737854 -0.4843096435070038 0.0763898640871048
vn -0.8757491707801819 -0.47799965739250183 0.06767380982637405
vn -0.754285454750061 -0.6542731523513794 0.05459024757146835
vn -0.9519075751304626 -0.2902376651763916 0.0981530249118805
vn -0.9718338847160339 -0.22817416489124298 0.058952588587999344
vn -0.9990940093994141 0.037743259221315384 0.01966099627315998
vn -0.9954949021339417 -0.09046237915754318 0.028397228568792343
vn -0.9952097535133362 -0.09043646603822708 0.03713129088282585
vn -0.8416798710823059 -0.44961971044540405 0.2990269064903259
vn -0.8052539229393005 -0.383007287979126 0.45262736082077026
vn -0.6123828887939453 -0.5138502717018127 0.6007870435714722
vn -0.412458211183548 -0.593977689743042 0.6907016038894653
vn 0.8233652710914612 -0.3803557753562927 0.42118772864341736
vn 0.7499837279319763 -0.43880826234817505 0.4949462115764618
vn 0.5994623303413391 -0.5248786211013794 0.6042742133140564
vn 0.46129852533340454 -0.5836321711540222 0.6682642698287964
vn 0.638907253742218 -0.5098560452461243 0.5760593414306641
vn 0.40312445163726807 -0.6003515124320984 0.6907016038894653
vn -0.0018861298449337482 -0.6568071246147156 0.7540562748908997
vn -0.0018861298449337482 -0.6568071246147156 0.7540562748908997
vn -0.40624675154685974 -0.5982431173324585 0.6907016038894653
vn -0.46129852533340454 -0.5836321711540222 0.6682642698287964
vn -0.6412525177001953 -0.5069032311439514 0.5760593414306641
vn -0.7499837279319763 -0.43880826234817505 0.4949462115764618
vn -0.5994623303413391 -0.5248786211013794 0.6042742133140564
vn -0.8249408006668091 -0.3769264221191406 0.42118772864341736
vn -0.0018861298449337482 -0.6568071246147156 0.7540562748908997
vn 3.097898456858039e-13 -0.999997615814209 0.002184694167226553
vn 3.097898456858039e-13 -0.999997615814209 0.002184694167226553
vn 3.097898456858039e-13 -0.999997615814209 0.002184694167226553
vn 3.097898456858039e-13 -0.999997615814209 0.002184694167226553
vn 3.097898456858039e-13 -0.999997615814209 0.002184694167226553
vn 3.097898456858039e-13 -0.999997615814209 0.002184694167226553
vn 3.097898456858039e-13 -0.999997615814209 0.002184694167226553
vn 3.097898456858039e-13 -0.999997615814209 0.002184694167226553
vn 3.097898456858039e-13 -0.999997615814209 0.002184694167226553
vn 3.097898456858039e-13 -0.999997615814209 0.002184694167226553
vn 3.097898456858039e-13 -0.999997615814209 0.002184694167226553
vn 3.097898456858039e-13 -0.999997615814209 0.002184694167226553
vn 3.097898456858039e-13 -0.999997615814209 0.002184694167226553
vn 3.097898456858039e-13 -0.999997615814209 0.002184694167226553
vn 0.003772426163777709 -0.9294145107269287 0.3690181374549866
vn -0.0018867163453251123 -0.8732135891914368 0.48733407258987427
vn -0.003772426163777709 -0.9294145107269287 0.3690181374549866
vn 3.097898456858039e-13 -0.999997615814209 0.002184694167226553
vn 3.097898456858039e-13 -0.999997615814209 0.002184694167226553
vn 3.097898456858039e-13 -0.999997615814209 0.002184694167226553
vn 3.097898456858039e-13 -0.999997615814209 0.002184694167226553
vn 3.097898456858039e-13 -0.999997615814209 0.002184694167226553
vn 3.097898456858039e-13 -0.999997615814209 0.002184694167226553
vn 3.097898456858039e-13 -0.999997615814209 0.002184694167226553
vn 3.097898456858039e-13 -0.999997615814209 0.002184694167226553
vn 3.097898456858039e-13 -0.999997615814209 0.002184694167226553
vn 0.9123117327690125 0.3610474467277527 0.19321508705615997
vn 0.9123117327690125 0.3610474467277527 0.19321508705615997
vn 0.9123117327690125 0.3610474467277527 0.19321508705615997
vn -0.9644397497177124 0.26102471351623535 0.04149730131030083
vn -0.9853444695472717 0.16160498559474945 0.05459024757146835
vn -0.9323344230651855 0.3580918610095978 0.05022686347365379
vn -0.994052529335022 -0.09423104673624039 0.05459024757146835
vn -0.6796348690986633 -0.7330006957054138 0.028397228568792343
vn -0.8881745934486389 -0.4576285779476166 0.04149730131030083
vn -0.20986858010292053 -0.9776685833930969 0.010923261754214764
vn 3.0978390967890956e-13 -0.9999785423278809 0.006554040592163801
vn 3.097898456858039e-13 -0.999997615814209 0.002184694167226553
vn -1.0341130485562108e-13 0.999997615814209 0.002184694167226553
vn -0.2974966764450073 0.9547003507614136 0.006554040592163801
vn -1.0340538240125388e-13 0.9999403357505798 0.010923261754214764
vn -0.38263869285583496 0.9237715005874634 0.0152922747656703
vn -1.0341130485562108e-13 0.999997615814209 0.002184694167226553
vn -1.0341130485562108e-13 0.999997615814209 0.002184694167226553
vn -1.0341130485562108e-13 0.999997615814209 0.002184694167226553
vn -0.007551815826445818 0.9999691247940063 0.002184694167226553
vn -0.007551815826445818 0.9999691247940063 0.002184694167226553
vn -1.0341130485562108e-13 0.999997615814209 0.002184694167226553
vn -0.007551815826445818 0.9999691247940063 0.002184694167226553
vn -1.0341130485562108e-13 0.999997615814209 0.002184694167226553
vn 0.007551815826445818 0.9999691247940063 0.002184694167226553
vn 0.007551815826445818 0.9999691247940063 0.002184694167226553
vn -1.0341130485562108e-13 0.999997615814209 0.002184694167226553
vn 0.17252662777900696 0.9398379325866699 0.2948545813560486
vn -1.0341130485562108e-13 0.999997615814209 0.002184694167226553
vn 0.007551815826445818 0.9999691247940063 0.002184694167226553
vn 0.007551815826445818 0.9999691247940063 0.002184694167226553
vn -0.007551815826445818 0.9999691247940063 0.002184694167226553
vn -0.17252662777900696 0.9398379325866699 0.2948545813560486
vn -1.0335603087361506e-13 0.9994630813598633 -0.03276457265019417
vn -0.02453974261879921 0.9984363317489624 -0.05022686347365379
vn -0.0018882581498473883 0.998945951461792 -0.04586252197623253
vn 0.020764991641044617 0.9985219240188599 -0.05022686347365379
vn -0.0018832386704161763 0.5119310021400452 0.8590245246887207
vn -0.0018832386704161763 0.5119310021400452 0.8590245246887207
vn -0.0018832386704161763 0.5119310021400452 0.8590245246887207
vn -0.0018832386704161763 0.5119310021400452 0.8590245246887207
vn -0.9109166264533997 0.3645528554916382 0.19321508705615997
vn -0.9109166264533997 0.3645528554916382 0.19321508705615997
vn -0.9109166264533997 0.3645528554916382 0.19321508705615997
vn -0.9617666006088257 0.13914763927459717 -0.23588760197162628
vn -0.9616912603378296 0.12422938644886017 -0.24437066912651062
vn -0.991767942905426 0.1280297040939331 0.002184694167226553
vn -0.9935884475708008 0.11303620040416718 0.002184694167226553
vn -0.9610803127288818 0.1204993799328804 0.24860523641109467
vn -0.9612464308738708 0.135433167219162 0.2401314377784729
vn -0.4516758322715759 0.1155041754245758 0.8846737742424011
vn -0.4404045045375824 0.14072217047214508 0.8867024183273315
vn -0.4404045045375824 0.14072217047214508 0.8867024183273315
vn -0.42758283019065857 0.16540923714637756 0.888714075088501
vn -0.451526015996933 0.11608847230672836 -0.8846737742424011
vn -0.4401772618293762 0.14143139123916626 -0.8867024183273315
vn -0.4401772618293762 0.14143139123916626 -0.8867024183273315
vn -0.4272615313529968 0.16623742878437042 -0.888714075088501
vn 0.8611020445823669 -0.2532000243663788 -0.4409002661705017
vn 0.8520974516868591 0.28202295303344727 -0.4409002661705017
vn 0.9284439086914062 -0.35444170236587524 -0.1111890971660614
vn 0.9515534043312073 0.2683168053627014 -0.15017375349998474
vn 0.999997615814209 0 -0.002184694167226553
vn 0.999997615814209 0 -0.002184694167226553
vn 0.8520974516868591 0.28202295303344727 -0.4409002661705017
vn 0.7010273933410645 -0.030239559710025787 -0.7124928832054138
vn 0.8611020445823669 -0.2532000243663788 -0.4409002661705017
vn 0.606490433216095 -0.06032704561948776 -0.7927988767623901
vn 0.508374810218811 -0.06026516854763031 -0.8590245246887207
vn 0.5061497092247009 -0.0453372448682785 -0.8612531423568726
vn 0.5029910206794739 -0.037784263491630554 -0.8634653687477112
vn 0.5029910206794739 -0.037784263491630554 -0.8634653687477112
vn 0.5067686438560486 -0.03779640421271324 -0.8612531423568726
vn 0.5067686438560486 -0.03779640421271324 -0.8612531423568726
vn 0.5110437870025635 -0.030185101553797722 -0.8590245246887207
vn 0.5110437870025635 -0.030185101553797722 -0.8590245246887207
vn 0.05095016211271286 0.9974374175071716 0.05022686347365379
vn 0.050938479602336884 0.9972087144851685 0.05459024757146835
vn 0.050938479602336884 0.9972087144851685 0.05459024757146835
vn 0.0904727429151535 0.9956089854240417 -0.024029340595006943
vn 0.05092582479119301 0.9969609379768372 0.058952588587999344
vn 0.11672546714544296 0.9902220964431763 -0.0763898640871048
vn 0.19675059616565704 0.9516544938087463 -0.23588760197162628
vn 0.20794810354709625 0.9425976276397705 -0.2612801790237427
vn 0.3160839080810547 0.8359038233757019 -0.4487268626689911
vn 0.34346428513526917 0.7934137582778931 -0.5025205612182617
vn 0.3873363733291626 0.7111435532569885 -0.5867242813110352
vn 0.4000880718231201 0.682896077632904 -0.6112139225006104
vn 0.36827993392944336 0.7435945272445679 -0.5580654144287109
vn 0.2983070909976959 0.8545544147491455 -0.42514660954475403
vn 0.18956811726093292 0.9590745568275452 -0.2103329300880432
vn 0.09796451777219772 0.9946504235267639 -0.03276457265019417
vn 0.05095016211271286 0.9974374175071716 0.05022686347365379
vn 0.06791467219591141 0.9976887702941895 0.002184694167226553
vn 0.05096087232232094 0.9976470470428467 0.04586252197623253
vn 0.03772452101111412 0.9985980987548828 0.03713129088282585
vn 0.03773533180356026 0.9988842010498047 0.028397228568792343
vn 0.03772452101111412 0.9985980987548828 0.03713129088282585
vn 0.3329111337661743 0.8049514889717102 -0.4911448359489441
vn 0.32602766156196594 0.9447922706604004 0.03276457265019417
vn 0.43066826462745667 0.9017461538314819 -0.03713129088282585
vn 0.06602699309587479 0.9965528845787048 -0.05022686347365379
vn 0.707024097442627 0.707024097442627 0.0152922747656703
vn 0.9515534043312073 0.2683168053627014 -0.15017375349998474
vn 0.8009703159332275 0.46825331449508667 -0.37307560443878174
vn 0.8520974516868591 0.28202295303344727 -0.4409002661705017
vn 0.4053710401058197 0.7851861119270325 -0.46814218163490295
vn 0.4189898669719696 0.7408177256584167 -0.5250110030174255
vn 0.2679711878299713 0.8882601261138916 -0.37307560443878174
vn 0.1485070437192917 0.9774423241615295 -0.15017375349998474
vn 0.133633553981781 0.9752705097198486 -0.1760382205247879
vn 0.08481623232364655 0.9874973893165588 -0.1328723281621933
vn 0.2922753095626831 -0.7968847155570984 -0.528724730014801
vn 0.27290716767311096 -0.8203625679016113 -0.5025205612182617
vn 0.22604615986347198 -0.8764436841011047 -0.42514660954475403
vn 0.19292902946472168 -0.9058445692062378 -0.37712597846984863
vn 0.09611839056015015 -0.9747027158737183 -0.2017817199230194
vn 0.07924384623765945 -0.9804074168205261 -0.18033768236637115
vn 0.013211621902883053 -0.9984214305877686 -0.05459024757146835
vn 3.097011308430403e-13 -0.999711275100708 -0.024029340595006943
vn -0.022649399936199188 -0.9995501041412354 0.01966099627315998
vn -0.14831288158893585 -0.9207428097724915 0.36088213324546814
vn -0.03019719012081623 -0.9993505477905273 0.01966099627315998
vn -0.12794946134090424 -0.9429540038108826 0.30735430121421814
vn -0.31470373272895813 -0.4498082399368286 0.8358433246612549
vn -0.324067085981369 -0.3865334391593933 0.8634653687477112
vn -0.27663153409957886 -0.6346072554588318 0.7216291427612305
vn -0.32907745242118835 -0.34636539220809937 0.8784868121147156
vn 0.24788078665733337 -0.8460332751274109 -0.4719987213611603
vn 0.1765257716178894 -0.918927788734436 -0.3527185618877411
vn 0.07163137197494507 -0.9847075939178467 -0.15880759060382843
vn 3.096656503269457e-13 -0.9995967149734497 -0.028397228568792343
vn -0.03019719012081623 -0.9993505477905273 0.01966099627315998
vn 0.21130409836769104 -0.8894407153129578 -0.405272513628006
vn 0.1670902520418167 -0.9282933473587036 -0.33219319581985474
vn 0.41581007838249207 -0.7504007816314697 -0.5138099193572998
vn 0.1745544970035553 -0.9368054270744324 -0.30319350957870483
vn 0.3732488751411438 -0.8850650787353516 -0.2781098484992981
vn 0.8611020445823669 -0.2532000243663788 -0.4409002661705017
vn 0.8246541023254395 -0.5487452149391174 -0.1372016966342926
vn 0.9284439086914062 -0.35444170236587524 -0.1111890971660614
vn 0.49125343561172485 -0.8710139393806458 0.002184694167226553
vn 0.5617249011993408 -0.8270904421806335 -0.01966099627315998
vn -0.015101470053195953 -0.9997690320014954 0.0152922747656703
vn 3.0977209187522947e-13 -0.9999403357505798 -0.010923261754214764
vn 3.097011308430403e-13 -0.999711275100708 -0.024029340595006943
vn 0.01699059084057808 -0.996227502822876 -0.08510008454322815
vn 0.04904109239578247 -0.9910438060760498 -0.1242060661315918
vn -0.007551383227109909 -0.9999118447303772 -0.010923261754214764
vn -0.11849948018789291 -0.9494550824165344 0.29067665338516235
vn -0.08484061062335968 -0.9757490754127502 0.2017817199230194
vn -0.23720769584178925 -0.7202911972999573 0.651853621006012
vn -0.27588722109794617 -0.6032840013504028 0.7482877969741821
vn -0.2072199285030365 -0.8207191228866577 0.5324283838272095
vn -0.09798848628997803 -0.9708217978477478 0.21886809170246124
vn -0.3189239203929901 -0.1000630259513855 0.9424833655357361
vn -0.3071487545967102 0.14195942878723145 0.9410139322280884
vn -0.27588722109794617 -0.6032840013504028 0.7482877969741821
vn -0.3189239203929901 0.1000630259513855 0.9424833655357361
vn -0.3180494010448456 -0.35135194659233093 0.8805659413337708
vn -0.23720769584178925 -0.7202911972999573 0.651853621006012
vn -0.3227275013923645 0.20659132301807404 0.9236704111099243
vn -0.32907745242118835 -0.34636539220809937 0.8784868121147156
vn -0.31977394223213196 0.2323293685913086 0.9185682535171509
vn -0.324067085981369 -0.3865334391593933 0.8634653687477112
vn -0.322130024433136 0.2359035760164261 0.916832447052002
vn -0.31470373272895813 -0.4498082399368286 0.8358433246612549
vn 0.999997615814209 0 0.002184694167226553
vn 0.999997615814209 0 0.002184694167226553
vn 0.999997615814209 0 0.002184694167226553
vn 0.999997615814209 0 0.002184694167226553
vn 0.999997615814209 0 0.002184694167226553
vn 0.999997615814209 0 0.002184694167226553
vn 0.999997615814209 0 0.002184694167226553
vn 0.999997615814209 0 0.002184694167226553
vn -0.026294967159628868 -0.27897119522094727 0.9599394202232361
vn -0.003761886153370142 -0.34245565533638 0.9395264387130737
vn -0.013003161177039146 -0.14744119346141815 0.9889853596687317
vn 0.011185226030647755 -0.1302272230386734 0.991421103477478
vn 0.003720331471413374 0.08283961564302444 0.9965559244155884
vn 0.027112457901239395 0.06908141821622849 0.9972425103187561
vn 0.011185226030647755 0.1302272230386734 0.991421103477478
vn -0.0037324668373912573 0.13065338134765625 0.991421103477478
vn -0.011131040751934052 0.08217263966798782 0.9965559244155884
vn 0.018672244623303413 -0.17288179695606232 0.9847655892372131
vn -0.999997615814209 -2.0682260971124217e-13 0.002184694167226553
vn -0.999997615814209 -2.0682260971124217e-13 0.002184694167226553
vn -0.999997615814209 -2.0682260971124217e-13 0.002184694167226553
vn -0.999997615814209 -2.0682260971124217e-13 0.002184694167226553
vn -0.999997615814209 -2.0682260971124217e-13 0.002184694167226553
vn -0.999997615814209 -2.0682260971124217e-13 0.002184694167226553
vn 0 0 1
vn 0 0 1
vn 0 0 1
vn 0 0 1
vn 0.999997615814209 0 0.002184694167226553
vn 0.999997615814209 0 0.002184694167226553
vn 0.999997615814209 0 0.002184694167226553
vn 0.999997615814209 0 0.002184694167226553
vn 0.999997615814209 0 -0.002184694167226553
vn 0.999997615814209 0 -0.002184694167226553
vn -0.2587347626686096 0.48830273747444153 0.8334367275238037
vn -0.3071487545967102 0.14195942878723145 0.9410139322280884
vn -0.2784099876880646 0.40691882371902466 0.8700028657913208
vn -0.3189239203929901 0.1000630259513855 0.9424833655357361
vn -0.2750431299209595 0.43621116876602173 0.8567795157432556
vn -0.26417386531829834 0.49773019552230835 0.8261215686798096
vn -0.286293089389801 0.41069111227989197 0.865661084651947
vn -0.3227275013923645 0.20659132301807404 0.9236704111099243
vn -0.2729920744895935 0.46781662106513977 0.8406086564064026
vn -0.31977394223213196 0.2323293685913086 0.9185682535171509
vn -0.26646557450294495 0.5167465806007385 0.8136147856712341
vn -0.322130024433136 0.2359035760164261 0.916832447052002
vn -0.999997615814209 -2.0682260971124217e-13 -0.002184694167226553
vn -0.999997615814209 -2.0682260971124217e-13 -0.002184694167226553
vn -0.9270907640457153 -0.3579660952091217 -0.1111890971660614
vn -0.950522243976593 0.27194714546203613 -0.15017375349998474
vn -0.8509038090705872 0.2856040298938751 -0.4409002661705017
vn -0.8600295782089233 -0.2568192183971405 -0.4409002661705017
vn -0.7008543014526367 -0.03401670604944229 -0.7124928832054138
vn -0.6068525910377502 -0.056567832827568054 -0.7927988767623901
vn -0.508374810218811 -0.06026516854763031 -0.8590245246887207
vn -0.5061497092247009 -0.0453372448682785 -0.8612531423568726
vn -0.5026935338973999 -0.04155451059341431 -0.8634653687477112
vn -0.5032601356506348 -0.03401189297437668 -0.8634653687477112
vn -0.5067686438560486 -0.03779640421271324 -0.8612531423568726
vn -0.5067686438560486 -0.03779640421271324 -0.8612531423568726
vn -0.5110437870025635 -0.030185101553797722 -0.8590245246887207
vn -0.5110437870025635 -0.030185101553797722 -0.8590245246887207
vn -0.047178998589515686 0.9976228475570679 0.05022686347365379
vn -0.04716818034648895 0.9973941445350647 0.05459024757146835
vn -0.04716818034648895 0.9973941445350647 0.05459024757146835
vn -0.0904727429151535 0.9956089854240417 -0.024029340595006943
vn -0.05469445884227753 0.9967613220214844 0.058952588587999344
vn -0.11672546714544296 0.9902220964431763 -0.0763898640871048
vn -0.20044466853141785 0.9508832693099976 -0.23588760197162628
vn -0.21163424849510193 0.9417768120765686 -0.2612801790237427
vn -0.31254667043685913 0.8372328281402588 -0.4487268626689911
vn -0.33999428153038025 0.7949069142341614 -0.5025205612182617
vn -0.3873363733291626 0.7111435532569885 -0.5867242813110352
vn -0.4000880718231201 0.682896077632904 -0.6112139225006104
vn -0.36827993392944336 0.7435945272445679 -0.5580654144287109
vn -0.30186977982521057 0.8533024191856384 -0.42514660954475403
vn -0.18586064875125885 0.9597998857498169 -0.2103329300880432
vn -0.09796451777219772 0.9946504235267639 -0.03276457265019417
vn -0.054720595479011536 0.9972376227378845 0.05022686347365379
vn -0.06791467219591141 0.9976887702941895 0.002184694167226553
vn -0.054732099175453186 0.9974472522735596 0.04586252197623253
vn -0.03772452101111412 0.9985980987548828 0.03713129088282585
vn -0.03773533180356026 0.9988842010498047 0.028397228568792343
vn -0.03772452101111412 0.9985980987548828 0.03713129088282585
vn -0.32941997051239014 0.8063865303993225 -0.4911448359489441
vn -0.2679711878299713 0.8882601261138916 -0.37307560443878174
vn -0.4189898669719696 0.7408177256584167 -0.5250110030174255
vn -0.4020112454891205 0.7869116067886353 -0.46814218163490295
vn -0.8509038090705872 0.2856040298938751 -0.4409002661705017
vn -0.15223710238933563 0.9768683314323425 -0.15017375349998474
vn -0.062259066849946976 0.9967954158782959 -0.05022686347365379
vn -0.43066826462745667 0.9017461538314819 -0.03713129088282585
vn -0.32602766156196594 0.9447922706604004 0.03276457265019417
vn -0.707024097442627 0.707024097442627 0.0152922747656703
vn -0.950522243976593 0.27194714546203613 -0.15017375349998474
vn -0.8009703159332275 0.46825331449508667 -0.37307560443878174
vn -0.08105523884296417 0.9878132343292236 -0.1328723281621933
vn -0.1298915594816208 0.975775957107544 -0.1760382205247879
vn -0.16337387263774872 -0.9289546012878418 -0.33219319581985474
vn -0.2076304852962494 -0.8903054594993591 -0.405272513628006
vn -0.1765257716178894 -0.918927788734436 -0.3527185618877411
vn -0.24425247311592102 -0.8470879197120667 -0.4719987213611603
vn -0.41581007838249207 -0.7504007816314697 -0.5138099193572998
vn -0.17826442420482635 -0.9361065626144409 -0.30319350957870483
vn -0.3697659969329834 -0.8865258097648621 -0.2781098484992981
vn -0.8600295782089233 -0.2568192183971405 -0.4409002661705017
vn -0.8246541023254395 -0.5487452149391174 -0.1372016966342926
vn -0.9270907640457153 -0.3579660952091217 -0.1111890971660614
vn -0.49125343561172485 -0.8710139393806458 0.002184694167226553
vn -0.5617249011993408 -0.8270904421806335 -0.01966099627315998
vn 0.015101470053195953 -0.9997690320014954 0.0152922747656703
vn 3.0977209187522947e-13 -0.9999403357505798 -0.010923261754214764
vn 3.097011308430403e-13 -0.999711275100708 -0.024029340595006943
vn -0.02076578140258789 -0.9961559772491455 -0.08510008454322815
vn -0.04904109239578247 -0.9910438060760498 -0.1242060661315918
vn -0.07163137197494507 -0.9847075939178467 -0.15880759060382843
vn -0.07924384623765945 -0.9804074168205261 -0.18033768236637115
vn -0.18923638761043549 -0.9066231846809387 -0.37712597846984863
vn -0.0923604890704155 -0.9750660061836243 -0.2017817199230194
vn -0.22970078885555267 -0.8754929304122925 -0.42514660954475403
vn -0.2693200707435608 -0.8215472102165222 -0.5025205612182617
vn -0.2851718068122864 -0.7994542717933655 -0.528724730014801
vn -0.016986047849059105 -0.9983643293380737 -0.05459024757146835
vn 3.097011308430403e-13 -0.999711275100708 -0.024029340595006943
vn 0.022649399936199188 -0.9995501041412354 0.01966099627315998
vn 0.144588902592659 -0.921334981918335 0.36088213324546814
vn 0.03019719012081623 -0.9993505477905273 0.01966099627315998
vn 0.12794946134090424 -0.9429540038108826 0.30735430121421814
vn 0.31470373272895813 -0.4498082399368286 0.8358433246612549
vn 0.32694244384765625 -0.384104460477829 0.8634653687477112
vn 0.27317219972610474 -0.6361039876937866 0.7216291427612305
vn 0.3317943811416626 -0.34376364946365356 0.8784868121147156
vn 3.096656503269457e-13 -0.9995967149734497 -0.028397228568792343
vn 0.03019719012081623 -0.9993505477905273 0.01966099627315998
vn 0.007551383227109909 -0.9999118447303772 -0.010923261754214764
vn 0.12224108725786209 -0.9489806294441223 0.29067665338516235
vn 0.08107876032590866 -0.9760688543319702 0.2017817199230194
vn 0.23720769584178925 -0.7202911972999573 0.651853621006012
vn 0.27245551347732544 -0.6048415899276733 0.7482877969741821
vn 0.20356062054634094 -0.8216344118118286 0.5324283838272095
vn 0.09798848628997803 -0.9708217978477478 0.21886809170246124
vn 0.32003042101860046 -0.09646561741828918 0.9424833655357361
vn 0.3130713701248169 0.13883928954601288 0.9395264387130737
vn 0.27245551347732544 -0.6048415899276733 0.7482877969741821
vn 0.31777700781822205 0.10364775359630585 0.9424833655357361
vn 0.3152449429035187 -0.35387036204338074 0.8805659413337708
vn 0.23720769584178925 -0.7202911972999573 0.651853621006012
vn 0.3227275013923645 0.20659132301807404 0.9236704111099243
vn 0.3263413906097412 -0.34366393089294434 0.8805659413337708
vn 0.31977394223213196 0.2323293685913086 0.9185682535171509
vn 0.32694244384765625 -0.384104460477829 0.8634653687477112
vn 0.32434120774269104 0.23285406827926636 0.916832447052002
vn 0.31470373272895813 -0.4498082399368286 0.8358433246612549
vn -0.999997615814209 -2.0682260971124217e-13 0.002184694167226553
vn -0.999997615814209 -2.0682260971124217e-13 0.002184694167226553
vn -0.999997615814209 -2.0682260971124217e-13 0.002184694167226553
vn -0.999997615814209 -2.0682260971124217e-13 0.002184694167226553
vn -0.999997615814209 -2.0682260971124217e-13 0.002184694167226553
vn -0.999997615814209 -2.0682260971124217e-13 0.002184694167226553
vn -0.999997615814209 -2.0682260971124217e-13 0.002184694167226553
vn -0.999997615814209 -2.0682260971124217e-13 0.002184694167226553
vn 0.026294967159628868 -0.27897119522094727 0.9599394202232361
vn 0.003761886153370142 -0.34245565533638 0.9395264387130737
vn 0.009293843060731888 -0.14772140979766846 0.9889853596687317
vn -0.011185226030647755 -0.1302272230386734 0.991421103477478
vn -0.003720331471413374 0.08283961564302444 0.9965559244155884
vn -0.02363533154129982 0.07034698873758316 0.9972425103187561
vn -0.011185226030647755 0.1302272230386734 0.991421103477478
vn 0.011185226030647755 0.1302272230386734 0.991421103477478
vn 0.011131040751934052 0.08217263966798782 0.9965559244155884
vn -0.018672244623303413 -0.17288179695606232 0.9847655892372131
vn 0.999997615814209 0 0.002184694167226553
vn 0.999997615814209 0 0.002184694167226553
vn 0.999997615814209 0 0.002184694167226553
vn 0.999997615814209 0 0.002184694167226553
vn 0.999997615814209 0 0.002184694167226553
vn 0.999997615814209 0 0.002184694167226553
vn 0 0 1
vn 0 0 1
vn 0 0 1
vn 0 0 1
vn -0.999997615814209 -2.0682260971124217e-13 0.002184694167226553
vn -0.999997615814209 -2.0682260971124217e-13 0.002184694167226553
vn -0.999997615814209 -2.0682260971124217e-13 0.002184694167226553
vn -0.999997615814209 -2.0682260971124217e-13 0.002184694167226553
vn -0.999997615814209 -2.0682260971124217e-13 0.002184694167226553
vn -0.999997615814209 -2.0682260971124217e-13 0.002184694167226553
vn 0.2554011046886444 0.4900546073913574 0.8334367275238037
vn 0.3130713701248169 0.13883928954601288 0.9395264387130737
vn 0.27529147267341614 0.4090350270271301 0.8700028657913208
vn 0.31777700781822205 0.10364775359630585 0.9424833655357361
vn 0.2750431299209595 0.43621116876602173 0.8567795157432556
vn 0.26417386531829834 0.49773019552230835 0.8261215686798096
vn 0.286293089389801 0.41069111227989197 0.865661084651947
vn 0.3227275013923645 0.20659132301807404 0.9236704111099243
vn 0.2729920744895935 0.46781662106513977 0.8406086564064026
vn 0.31977394223213196 0.2323293685913086 0.9185682535171509
vn 0.26980718970298767 0.5150097608566284 0.8136147856712341
vn 0.32434120774269104 0.23285406827926636 0.916832447052002
vn -0.9215971231460571 0.1429084986448288 -0.36088213324546814
vn -0.999854564666748 0.007550950627774 -0.0152922747656703
vn -0.9999118447303772 0.007551383227109909 -0.010923261754214764
vn -0.9999118447303772 0.007551383227109909 -0.010923261754214764
vn -0.9998644590377808 0.015102911740541458 -0.006554040592163801
vn -0.9998835325241089 0.015103200450539589 -0.002184694167226553
vn -0.9998835325241089 0.015103200450539589 -0.002184694167226553
vn -0.9998835325241089 0.015103200450539589 0.002184694167226553
vn -0.9999691247940063 0.007551815826445818 0.002184694167226553
vn -0.999721884727478 0.02265329100191593 0.006554040592163801
vn -0.9996926784515381 0.01510031707584858 0.01966099627315998
vn -0.9992551803588867 0.03019430674612522 0.024029340595006943
vn -0.9993491172790527 0.015095127746462822 0.03276457265019417
vn -0.9998067021369934 -2.0678313119963654e-13 0.01966099627315998
vn -0.9995967149734497 -2.0673969535010134e-13 0.028397228568792343
vn -0.9995682239532471 -0.007548788096755743 0.028397228568792343
vn -0.999854564666748 -0.007550950627774 0.0152922747656703
vn -0.9995501041412354 -0.022649399936199188 0.01966099627315998
vn -0.9998835325241089 -0.015103200450539589 0.002184694167226553
vn -0.9994826912879944 -0.015097145922482014 0.028397228568792343
vn -0.99945467710495 -0.02264723740518093 0.024029340595006943
vn -0.9993505477905273 -0.03019719012081623 0.01966099627315998
vn -0.99952232837677 -0.030202379450201988 0.006554040592163801
vn -0.9997409582138062 -0.022653724998235703 0.002184694167226553
vn -0.9997409582138062 -0.022653724998235703 -0.002184694167226553
vn -0.9997409582138062 -0.022653724998235703 -0.002184694167226553
vn -0.999721884727478 -0.02265329100191593 -0.006554040592163801
vn -0.9998263120651245 -0.015102335251867771 -0.010923261754214764
vn -0.9998263120651245 -0.015102335251867771 -0.010923261754214764
vn -0.848454475402832 -0.33560195565223694 -0.40926313400268555
vn -0.923684298992157 -0.11668846011161804 -0.3649536371231079
vn -0.6888355016708374 -0.24803617596626282 -0.681163489818573
vn -0.655243992805481 -0.49286848306655884 -0.5724822878837585
vn -0.6150745749473572 -0.7150740623474121 -0.33219319581985474
vn -0.6157503724098206 -0.7556882500648499 -0.22312943637371063
vn -0.6100366711616516 -0.7857155799865723 -0.10250037163496017
vn -0.6352143883705139 -0.7697363495826721 -0.0633138045668602
vn -0.6458093523979187 -0.7631204724311829 -0.024029340595006943
vn -0.6629945039749146 -0.7483660578727722 -0.01966099627315998
vn -0.651616096496582 -0.7582940459251404 0.01966099627315998
vn -0.6181829571723938 -0.7846951484680176 0.04586252197623253
vn -0.566756010055542 -0.8108727931976318 0.1458524912595749
vn -0.5512620210647583 -0.8190789818763733 0.15880759060382843
vn -0.5010416507720947 -0.7974032759666443 0.3363112509250641
vn -0.5046026110649109 -0.8035770654678345 0.31565824151039124
vn -0.4840492308139801 -0.6328893899917603 0.6042742133140564
vn -0.46394261717796326 -0.6379204988479614 0.6146662831306458
vn -0.4970247447490692 -0.340604305267334 0.7980946898460388
vn -0.5053943395614624 -0.32805708050727844 0.7980946898460388
vn -0.5144940614700317 -0.07137715071439743 0.8545181155204773
vn -0.5187563896179199 -0.06766189634799957 0.8522403836250305
vn -0.4814894497394562 0.19485050439834595 0.8545181155204773
vn -0.49622872471809387 0.17705406248569489 0.8499464392662048
vn -0.4083757996559143 0.4430283308029175 0.7980946898460388
vn -0.33439332246780396 0.5691317319869995 0.7511792182922363
vn -0.2899896800518036 0.782645046710968 0.5507928133010864
vn -0.23627492785453796 0.7979828715324402 0.5544344186782837
vn -0.37624576687812805 0.8824644088745117 0.28230419754981995
vn -0.3342706561088562 0.9043093323707581 0.26549527049064636
vn -0.5165954232215881 0.8444517850875854 0.1415284425020218
vn -0.5917209982872009 0.7990308403968811 0.10684575140476227
vn -0.573955237865448 0.818230926990509 0.03276457265019417
vn -0.523684561252594 0.8516853451728821 -0.01966099627315998
vn -0.4704113006591797 0.8600621223449707 -0.1975002884864807
vn -0.44802433252334595 0.8364413380622864 -0.31565824151039124
vn -0.4578239619731903 0.7174682021141052 -0.5250110030174255
vn -0.5228259563446045 0.634832501411438 -0.5688942670822144
vn -0.6112306118011475 0.4291413724422455 -0.6650074124336243
vn -0.6180988550186157 0.4490751028060913 -0.6452018022537231
vn -0.6740425825119019 0.30065426230430603 -0.67473965883255
vn -0.9215971231460571 0.1429084986448288 -0.36088213324546814
vn -0.17252662777900696 0.9398379325866699 0.2948545813560486
vn -0.31428730487823486 0.7599886655807495 0.5688942670822144
vn -0.31428730487823486 0.7599886655807495 0.5688942670822144
vn 0.0018539319280534983 0.10030980408191681 0.994954526424408
vn -5.752280704714174e-14 0.5562512278556824 0.8310141563415527
vn 0.001881469041109085 0.44676944613456726 0.8946471214294434
vn -0.0018856831593438983 0.8199149370193481 0.5724822878837585
vn -0.0018851651111617684 0.8916977643966675 0.45262736082077026
vn 0.0037756175734102726 0.9542372226715088 0.2990269064903259
vn 0.0037720282562077045 0.9629355072975159 0.26970529556274414
vn 0.0018870825879275799 0.9766996502876282 0.21460255980491638
vn 0.0018864087760448456 0.9811546206474304 0.19321508705615997
vn -0.001886976882815361 0.9886578321456909 0.15017375349998474
vn 0.001887112041004002 0.9911313652992249 0.1328723281621933
vn -1.0281958796745996e-13 0.9942756295204163 0.10684575140476227
vn 0.4988841116428375 0.8615773320198059 0.09380380809307098
vn -1.0334024217947824e-13 0.9993103742599487 0.03713129088282585
vn 0.6401746273040771 0.7681517601013184 0.010923261754214764
vn 0.2846014201641083 0.9540455341339111 -0.09380380809307098
vn -1.0195180610112972e-13 0.9858840703964233 -0.16742929816246033
vn 0.34319987893104553 0.8705190420150757 -0.3527185618877411
vn 0.4061942398548126 0.8067723512649536 -0.42909738421440125
vn 0.7061933279037476 0.5345447659492493 -0.4642767012119293
vn 0.5279867053031921 0.6240077614784241 -0.5760593414306641
vn 0.7655728459358215 0.4063969552516937 -0.4987381398677826
vn 0.6018269658088684 0.4885644316673279 -0.6317508816719055
vn 0.8331576585769653 0.33897167444229126 -0.43697428703308105
vn 0.6033853888511658 0.4953383803367615 -0.6249527335166931
vn 0.8000887632369995 0.39368313550949097 -0.45262736082077026
vn 0.6161981225013733 0.5214370489120483 -0.590256929397583
vn 0.8032116889953613 0.4005720317363739 -0.4409002661705017
vn 0.6149079203605652 0.5269182920455933 -0.5867242813110352
vn 0.806552529335022 0.3938019275665283 -0.4409002661705017
vn 0.6112884879112244 0.5271841287612915 -0.590256929397583
vn 0.8085154891014099 0.39415252208709717 -0.43697428703308105
vn 0.6141446232795715 0.5394275188446045 -0.5760593414306641
vn 0.8027745485305786 0.4482229948043823 -0.3932546079158783
vn 0.5604648590087891 0.6751160621643066 -0.4796847105026245
vn 0.6898272037506104 0.6204457879066467 -0.37307560443878174
vn 0.5217511057853699 0.7303305268287659 -0.4409002661705017
vn 0.965657651424408 0.19496741890907288 -0.17173540592193604
vn 0.9750717282295227 0.15042273700237274 -0.16312000155448914
vn 0.9750717282295227 0.15042273700237274 -0.16312000155448914
vn 0.9971208572387695 0.06038745865225792 -0.04586252197623253
vn 0.9985707402229309 0.045277662575244904 -0.028397228568792343
vn 0.9999403357505798 0 0.010923261754214764
vn 0.9998067021369934 0 0.01966099627315998
vn 0.9993103742599487 0 0.03713129088282585
vn 0.9984372854232788 0.0452716089785099 -0.03276457265019417
vn 0.9750717282295227 0.15042273700237274 -0.16312000155448914
vn 0.9995501041412354 0.022649399936199188 -0.01966099627315998
vn 0.9750717282295227 0.15042273700237274 -0.16312000155448914
vn 0.9994826912879944 -0.015097145922482014 0.028397228568792343
vn 0.9984803199768066 -0.0075496467761695385 0.05459024757146835
vn 0.9955620765686035 -0.007545743137598038 0.09380380809307098
vn 0.9937705993652344 0.0075503806583583355 0.1111890971660614
vn 0.9940179586410522 0.022632893174886703 0.10684575140476227
vn 0.9933403730392456 0.03019716404378414 0.1111890971660614
vn 0.991797149181366 0.03018677607178688 0.1242060661315918
vn 0.990673303604126 0.030189139768481255 0.1328723281621933
vn 0.9885873794555664 0.03770928084850311 0.1458524912595749
vn 0.9898250102996826 0.037710677832365036 0.1372016966342926
vn 0.9520001411437988 0.1278696060180664 0.2781098484992981
vn 0.9136605858802795 0.19471876323223114 0.3568037748336792
vn 0.8466583490371704 0.26003220677375793 0.4642767012119293
vn 0.8986205458641052 0.2241809219121933 0.37712597846984863
vn 0.9137552380561829 -0.26079362630844116 0.31150925159454346
vn 0.9964621663093567 -0.07539526373147964 0.03713129088282585
vn 0.998173177242279 -0.06037835404276848 0.002184694167226553
vn 0.9799797534942627 0.13552379608154297 -0.1458524912595749
vn 0.9775928258895874 0.14298424124717712 -0.15449213981628418
vn 0.9521759152412415 0.26849234104156494 -0.1458524912595749
vn 0.9288308024406433 0.3260120749473572 -0.1760382205247879
vn 0.9298522472381592 0.3616560399532318 -0.06767380982637405
vn 0.8923717141151428 0.4512958228588104 -0.002184694167226553
vn 0.9983147382736206 0.05282346159219742 -0.024029340595006943
vn 0.9981130957603455 0.04525691270828247 -0.04149730131030083
vn 0.9994269013404846 0.03019949607551098 -0.0152922747656703
vn 0.9926496744155884 -0.12052948772907257 0.010923261754214764
vn 0.9996827244758606 -0.007549653295427561 0.024029340595006943
vn 0.9931901693344116 -0.11299088597297668 0.028397228568792343
vn 0.9933563470840454 -0.10554515570402145 0.04586252197623253
vn 0.964881956577301 -0.26114439964294434 0.028397228568792343
vn 0.9585902690887451 -0.2828977704048157 0.03276457265019417
vn 0.977444589138031 -0.20982049405574799 0.024029340595006943
vn 0.9554105997085571 -0.2901904582977295 0.05459024757146835
vn 0.9325454235076904 -0.34745508432388306 0.0981530249118805
vn 0.9956570267677307 -0.03774966299533844 0.08510008454322815
vn 0.9982607960700989 0 0.058952588587999344
vn 0.9612504243850708 0.2683075964450836 0.0633138045668602
vn 0.9306458830833435 0.3472045063972473 0.11553031951189041
vn 0.7955942749977112 0.5920364260673523 0.12854042649269104
vn 0.5311685800552368 -0.842057466506958 0.09380380809307098
vn 0.9955620765686035 -0.007545743137598038 0.09380380809307098
vn 0.9914143085479736 -0.07537709921598434 0.10684575140476227
vn 0.9109377861022949 -0.38906049728393555 0.1372016966342926
vn 0.532983124256134 -0.8375920057296753 0.11986933648586273
vn 0.2500697076320648 -0.9648550748825073 0.08074574917554855
vn 0.2666276693344116 -0.9622523784637451 0.05459024757146835
vn 0.28831231594085693 -0.9557199478149414 0.058952588587999344
vn 0.23746229708194733 -0.9700973629951477 0.05022686347365379
vn 0.2300679236650467 -0.971642255783081 0.05459024757146835
vn 0.23195096850395203 -0.9677627682685852 0.0981530249118805
vn 0.2446117103099823 -0.9627137780189514 0.11553031951189041
vn 0.23354178667068481 -0.9578233957290649 0.16742929816246033
vn 0.1728096902370453 -0.9800524711608887 0.0981530249118805
vn 0.43900156021118164 -0.8886070847511292 0.1328723281621933
vn 0.9101871848106384 -0.389267235994339 0.1415284425020218
vn 0.9819111227989197 -0.14291056990623474 0.1242060661315918
vn 0.9932451844215393 -0.04525405541062355 0.10684575140476227
vn 0.931634247303009 0.3328433036804199 0.1458524912595749
vn 0.8421072959899902 0.5167083144187927 0.15449213981628418
vn 0.9083563685417175 0.37523213028907776 0.18463370203971863
vn 0.9864315986633301 0.07536375522613525 0.1458524912595749
vn 0.9708673357963562 0.15778130292892456 0.18033768236637115
vn 0.9241991639137268 0.2824465036392212 0.25706008076667786
vn 0.961162269115448 0.07536134123802185 0.26549527049064636
vn 0.8963109850883484 0.0753662958741188 0.43697428703308105
vn 0.9159206748008728 -0.09791108965873718 0.3892335295677185
vn 0.8365658521652222 -0.11283110082149506 0.5361219048500061
vn 0.8152734637260437 -0.2597450315952301 0.5175535082817078
vn 0.9086751937866211 -0.21679581701755524 0.3568037748336792
vn 0.7798605561256409 -0.4066789746284485 0.4758462607860565
vn 0.8944959044456482 -0.30372342467308044 0.3280687630176544
vn 0.7511634230613708 -0.49822673201560974 0.43303996324539185
vn 0.9062952399253845 -0.3254043757915497 0.26970529556274414
vn 0.6347446441650391 -0.6854125261306763 0.3568037748336792
vn 0.7292301654815674 -0.5736182928085327 0.37307560443878174
vn 0.0037756175734102726 -0.9542372226715088 0.2990269064903259
vn 0.7673059701919556 -0.5126974582672119 0.3852050006389618
vn 0.9263046979904175 -0.3259854316711426 0.18892620503902435
vn 0.8516513109207153 -0.48370879888534546 0.2017817199230194
vn 0.9507274627685547 -0.26093050837516785 0.16742929816246033
vn 0.6965837478637695 -0.6872485876083374 0.2060592919588089
vn 0.06598491221666336 -0.9911098480224609 0.11553031951189041
vn 0.9812928438186646 -0.12046648561954498 0.15017375349998474
vn 0.9899187684059143 -0.07544633746147156 0.11986933648586273
vn 0.9864092469215393 -0.0904015377163887 0.1372016966342926
vn 0.133633553981781 -0.9752705097198486 0.1760382205247879
vn -0.016977649182081223 -0.9834582209587097 0.18033768236637115
vn 0.09611839056015015 -0.9747027158737183 0.2017817199230194
vn 0.11480109393596649 -0.9791772961616516 0.16742929816246033
vn 0.03961881622672081 -0.9903410077095032 0.1328723281621933
vn -0.045274872332811356 -0.9937021136283875 0.10250037163496017
vn 0.0037756175734102726 -0.9542372226715088 0.2990269064903259
vn 0.0018881993601098657 -0.9917024970054626 0.12854042649269104
vn 0.0018870825879275799 -0.9766996502876282 0.21460255980491638
vn 0.016976842656731606 -0.9810095429420471 0.19321508705615997
vn 0.028299326077103615 -0.925729513168335 0.37712597846984863
vn 0.0018858956173062325 -0.8224084973335266 0.5688942670822144
vn -0.003772426163777709 -0.9294145107269287 0.3690181374549866
vn -0.0018867163453251123 -0.8732135891914368 0.48733407258987427
vn 0.9641931056976318 -0.2319677472114563 0.12854042649269104
vn 0.9635224342346191 -0.23928186297416687 0.11986933648586273
vn 0.95259028673172 -0.2757699191570282 0.12854042649269104
vn 0.9351916909217834 -0.3332383632659912 0.11986933648586273
vn 0.9267565608024597 -0.3614082932472229 0.10250037163496017
vn 0.8715553879737854 -0.4843096435070038 0.0763898640871048
vn 0.8757491707801819 -0.47799965739250183 0.06767380982637405
vn 0.9726895689964294 -0.22449852526187897 0.058952588587999344
vn 0.9519075751304626 -0.2902376651763916 0.0981530249118805
vn 0.9990940093994141 0.037743259221315384 0.01966099627315998
vn 0.9954949021339417 -0.09046237915754318 0.028397228568792343
vn 0.9482914805412292 -0.21699421107769012 0.23163928091526031
vn 0.8036272525787354 -0.3864086866378784 0.45262736082077026
vn 0.6123828887939453 -0.5138502717018127 0.6007870435714722
vn 0.4155471622943878 -0.5918207764625549 0.6907016038894653
vn 0.9454714059829712 -0.2683172821998596 0.18463370203971863
vn 0.9360359311103821 -0.27556031942367554 0.21886809170246124
vn 0.9100307822227478 -0.3111545443534851 0.27391019463539124
vn 0.9421511292457581 -0.24626524746418 0.22738653421401978
vn 0.8416798710823059 -0.44961971044540405 0.2990269064903259
vn 0.7567535042762756 -0.6514169573783875 0.05459024757146835
vn 0.17252662777900696 0.9398379325866699 0.2948545813560486
vn 0.31776949763298035 0.7585392594337463 0.5688942670822144
vn 0.31776949763298035 0.7585392594337463 0.5688942670822144
vn 0.8881745934486389 -0.4576285779476166 0.04149730131030083
vn 0.9936891794204712 -0.09798837453126907 0.05459024757146835
vn 0.930974006652832 -0.3616139888763428 0.05022686347365379
vn 0.985948383808136 0.15787874162197113 0.05459024757146835
vn 0.6795440316200256 0.7329027056694031 0.03276457265019417
vn 0.9644397497177124 0.26102471351623535 0.04149730131030083
vn 0.20986858010292053 -0.9776685833930969 0.010923261754214764
vn 3.0978390967890956e-13 -0.9999785423278809 0.006554040592163801
vn 0.2974966764450073 -0.9547003507614136 0.006554040592163801
vn 3.097898456858039e-13 -0.999997615814209 0.002184694167226553
vn 0.38263869285583496 0.9237715005874634 0.0152922747656703
vn -1.0340538240125388e-13 0.9999403357505798 0.010923261754214764
vn 0.6795440316200256 0.7329027056694031 0.03276457265019417
vn -1.0341130485562108e-13 0.999997615814209 0.002184694167226553
vn 0.00564961414784193 0.5119032859802246 0.8590245246887207
vn -0.0018832386704161763 0.5119310021400452 0.8590245246887207
vn 0.00564961414784193 0.5119032859802246 0.8590245246887207
vn -0.0018832386704161763 0.5119310021400452 0.8590245246887207
vn 0.9992551803588867 0.03019430674612522 0.024029340595006943
vn 0.999721884727478 0.02265329100191593 0.006554040592163801
vn 0.9996926784515381 0.01510031707584858 0.01966099627315998
vn 0.9999691247940063 0.007551815826445818 0.002184694167226553
vn 0.9998067021369934 0 0.01966099627315998
vn 0.999854564666748 -0.007550950627774 0.0152922747656703
vn 0.9995682239532471 -0.007548788096755743 0.028397228568792343
vn 0.9995967149734497 0 0.028397228568792343
vn 0.9993491172790527 0.015095127746462822 0.03276457265019417
vn 0.9998835325241089 0.015103200450539589 0.002184694167226553
vn 0.9998835325241089 -0.015103200450539589 0.002184694167226553
vn 0.9995501041412354 -0.022649399936199188 0.01966099627315998
vn 0.99952232837677 -0.030202379450201988 0.006554040592163801
vn 0.9993505477905273 -0.03019719012081623 0.01966099627315998
vn 0.99945467710495 -0.02264723740518093 0.024029340595006943
vn 0.9994826912879944 -0.015097145922482014 0.028397228568792343
vn 0.9997409582138062 -0.022653724998235703 0.002184694167226553
vn 0.9997409582138062 -0.022653724998235703 -0.002184694167226553
vn 0.9997409582138062 -0.022653724998235703 -0.002184694167226553
vn 0.999721884727478 -0.02265329100191593 -0.006554040592163801
vn 0.9998263120651245 -0.015102335251867771 -0.010923261754214764
vn 0.9998263120651245 -0.015102335251867771 -0.010923261754214764
vn 0.847058117389679 -0.3391109108924866 -0.40926313400268555
vn 0.9241496920585632 -0.11294320225715637 -0.3649536371231079
vn 0.6875467896461487 -0.25158628821372986 -0.681163489818573
vn 0.655243992805481 -0.49286848306655884 -0.5724822878837585
vn 0.6179313659667969 -0.7126068472862244 -0.33219319581985474
vn 0.6186730861663818 -0.7532973289489746 -0.22312943637371063
vn 0.6100366711616516 -0.7857155799865723 -0.10250037163496017
vn 0.6381198167800903 -0.7673294544219971 -0.0633138045668602
vn 0.6458093523979187 -0.7631204724311829 -0.024029340595006943
vn 0.6629945039749146 -0.7483660578727722 -0.01966099627315998
vn 0.651616096496582 -0.7582940459251404 0.01966099627315998
vn 0.6152120232582092 -0.7870265245437622 0.04586252197623253
vn 0.566756010055542 -0.8108727931976318 0.1458524912595749
vn 0.5512620210647583 -0.8190789818763733 0.15880759060382843
vn 0.5010416507720947 -0.7974032759666443 0.3363112509250641
vn 0.5046026110649109 -0.8035770654678345 0.31565824151039124
vn 0.4840492308139801 -0.6328893899917603 0.6042742133140564
vn 0.46088695526123047 -0.6401316523551941 0.6146662831306458
vn 0.4970247447490692 -0.340604305267334 0.7980946898460388
vn 0.5053943395614624 -0.32805708050727844 0.7980946898460388
vn 0.5139626264572144 -0.075108103454113 0.8545181155204773
vn 0.5187563896179199 -0.06766189634799957 0.8522403836250305
vn 0.4800630807876587 0.19833874702453613 0.8545181155204773
vn 0.49622872471809387 0.17705406248569489 0.8499464392662048
vn 0.4083757996559143 0.4430283308029175 0.7980946898460388
vn 0.33439332246780396 0.5691317319869995 0.7511792182922363
vn 0.29352447390556335 0.7813262343406677 0.5507928133010864
vn 0.239889994263649 0.7969035506248474 0.5544344186782837
vn 0.37971264123916626 0.8809782266616821 0.28230419754981995
vn 0.33780601620674133 0.9029946327209473 0.26549527049064636
vn 0.5165954232215881 0.8444517850875854 0.1415284425020218
vn 0.5917209982872009 0.7990308403968811 0.10684575140476227
vn 0.573955237865448 0.818230926990509 0.03276457265019417
vn 0.523684561252594 0.8516853451728821 -0.01966099627315998
vn 0.4770197570323944 0.8564144968986511 -0.1975002884864807
vn 0.4446902871131897 0.8382185697555542 -0.31565824151039124
vn 0.4578239619731903 0.7174682021141052 -0.5250110030174255
vn 0.5228259563446045 0.634832501411438 -0.5688942670822144
vn 0.6133937835693359 0.42604371905326843 -0.6650074124336243
vn 0.6158695816993713 0.4521275758743286 -0.6452018022537231
vn 0.6740425825119019 0.30065426230430603 -0.67473965883255
vn 0.9215971231460571 0.1429084986448288 -0.36088213324546814
vn 0.9998835325241089 0.015103200450539589 -0.002184694167226553
vn 0.9998835325241089 0.015103200450539589 -0.002184694167226553
vn 0.9999118447303772 0.007551383227109909 -0.010923261754214764
vn 0.9998644590377808 0.015102911740541458 -0.006554040592163801
vn 0.9999118447303772 0.007551383227109909 -0.010923261754214764
vn 0.999854564666748 0.007550950627774 -0.0152922747656703
vn 0.9215971231460571 0.1429084986448288 -0.36088213324546814
vn 0.9907727837562561 0.1355157196521759 0.002184694167226553
vn 0.9612190127372742 0.14288140833377838 -0.23588760197162628
vn 0.7688804864883423 0.15005339682102203 -0.6215357780456543
vn 0.9907727837562561 0.1355157196521759 0.002184694167226553
vn 0.9927064776420593 0.12053639441728592 0.002184694167226553
vn 0.9907727837562561 0.1355157196521759 0.002184694167226553
vn 0.9927064776420593 0.12053639441728592 0.002184694167226553
vn 0.7716712355613708 0.14989100396633148 0.6181069612503052
vn 0.9907727837562561 0.1355157196521759 0.002184694167226553
vn 0.9601642489433289 0.1429038643836975 0.2401314377784729
vn 0.46049705147743225 0.1120092123746872 0.8805659413337708
vn 0.4444279968738556 0.14084042608737946 0.8846737742424011
vn 0.42750614881515503 0.17606061697006226 0.8867024183273315
vn 0.45857998728752136 0.11961601674556732 -0.8805659413337708
vn 0.7688804864883423 0.15005339682102203 -0.6215357780456543
vn 0.441847562789917 0.1487380713224411 -0.8846737742424011
vn 0.4271470606327057 0.17693009972572327 -0.8867024183273315
f 1/1/1 2/2/2 3/3/3
f 2/2/2 4/4/4 3/3/3
f 3/3/3 4/4/4 4/4/4
f 4/4/4 2/2/2 4/4/4
f 4/4/4 2/2/2 2/2/2
f 2/2/2 1/1/1 2/2/2
f 2/2/2 1/1/1 5/5/5
f 1/1/1 6/6/6 5/5/5
f 5/5/5 6/6/6 7/7/7
f 6/6/6 8/8/8 7/7/7
f 7/7/7 8/8/8 9/9/9
f 8/8/8 10/10/10 9/9/9
f 9/9/9 10/10/10 11/11/11
f 10/10/10 10/10/10 11/11/11
f 11/11/11 10/10/10 12/12/12
f 10/10/10 13/13/13 12/12/12
f 12/12/12 13/13/13 14/14/14
f 13/13/13 15/15/15 14/14/14
f 14/14/14 15/15/15 16/16/16
f 15/15/15 17/17/17 16/16/16
f 16/16/16 17/17/17 18/18/18
f 17/17/17 19/19/19 18/18/18
f 18/18/18 19/19/19 20/20/20
f 19/19/19 21/21/21 20/20/20
f 20/20/20 21/21/21 22/22/22
f 21/21/21 23/23/23 22/22/22
f 22/22/22 23/23/23 24/24/24
f 23/23/23 25/25/25 24/24/24
f 24/24/24 25/25/25 26/26/26
f 25/25/25 27/27/27 26/26/26
f 26/26/26 27/27/27 28/28/28
f 27/27/27 29/29/29 28/28/28
f 28/28/28 29/29/29 30/30/30
f 29/29/29 31/31/31 30/30/30
f 30/30/30 31/31/31 32/32/32
f 31/31/31 33/33/33 32/32/32
f 32/32/32 33/33/33 33/33/33
f 33/33/33 32/32/32 33/33/33
f 33/33/33 32/32/32 32/32/32
f 32/32/32 34/34/34 32/32/32
f 32/32/32 34/34/34 30/30/30
f 34/34/34 35/35/35 30/30/30
f 30/30/30 35/35/35 28/28/28
f 35/35/35 36/36/36 28/28/28
f 28/28/28 36/36/36 26/26/26
f 36/36/36 37/37/37 26/26/26
f 26/26/26 37/37/37 24/24/24
f 37/37/37 38/38/38 24/24/24
f 24/24/24 38/38/38 22/22/22
f 38/38/38 39/39/39 22/22/22
f 22/22/22 39/39/39 20/20/20
f 39/39/39 40/40/40 20/20/20
f 20/20/20 40/40/40 20/20/20
f 40/40/40 41/41/41 20/20/20
f 20/20/20 41/41/41 18/18/18
f 41/41/41 41/41/41 18/18/18
f 18/18/18 41/41/41 16/16/16
f 41/41/41 41/41/41 16/16/16
f 16/16/16 41/41/41 42/42/42
f 41/41/41 41/41/41 42/42/42
f 42/42/42 41/41/41 43/43/43
f 41/41/41 41/41/41 43/43/43
f 43/43/43 41/41/41 11/11/11
f 41/41/41 44/44/44 11/11/11
f 11/11/11 44/44/44 9/9/9
f 44/44/44 9/9/9 9/9/9
f 9/9/9 9/9/9 35/35/35
f 9/9/9 35/35/35 35/35/35
f 35/35/35 35/35/35 45/45/45
f 35/35/35 34/34/34 45/45/45
f 45/45/45 34/34/34 34/34/34
f 34/34/34 44/44/44 34/34/34
f 34/34/34 44/44/44 44/44/44
f 44/44/44 41/41/41 44/44/44
f 44/44/44 41/41/41 46/46/46
f 41/41/41 40/40/40 46/46/46
f 46/46/46 40/40/40 46/46/46
f 40/40/40 39/39/39 46/46/46
f 46/46/46 39/39/39 47/47/47
f 39/39/39 48/48/48 47/47/47
f 47/47/47 48/48/48 49/49/49
f 48/48/48 50/50/50 49/49/49
f 49/49/49 50/50/50 51/51/51
f 50/50/50 52/52/52 51/51/51
f 51/51/51 52/52/52 53/53/53
f 52/52/52 53/53/53 53/53/53
f 53/53/53 53/53/53 39/39/39
f 53/53/53 39/39/39 39/39/39
f 39/39/39 39/39/39 48/48/48
f 39/39/39 38/38/38 48/48/48
f 48/48/48 38/38/38 38/38/38
f 38/38/38 47/47/47 38/38/38
f 38/38/38 47/47/47 47/47/47
f 47/47/47 49/49/49 47/47/47
f 47/47/47 49/49/49 46/46/46
f 49/49/49 51/51/51 46/46/46
f 46/46/46 51/51/51 51/51/51
f 51/51/51 54/54/54 51/51/51
f 51/51/51 54/54/54 54/54/54
f 54/54/54 55/55/55 54/54/54
f 54/54/54 55/55/55 48/48/48
f 55/55/55 55/55/55 48/48/48
f 48/48/48 55/55/55 50/50/50
f 55/55/55 56/56/56 50/50/50
f 50/50/50 56/56/56 52/52/52
f 56/56/56 57/57/57 52/52/52
f 52/52/52 57/57/57 53/53/53
f 57/57/57 58/58/58 53/53/53
f 53/53/53 58/58/58 53/53/53
f 58/58/58 59/59/59 53/53/53
f 53/53/53 59/59/59 51/51/51
f 59/59/59 60/60/60 51/51/51
f 51/51/51 60/60/60 46/46/46
f 60/60/60 61/61/61 46/46/46
f 46/46/46 61/61/61 44/44/44
f 61/61/61 61/61/61 44/44/44
f 44/44/44 61/61/61 9/9/9
f 61/61/61 62/62/62 9/9/9
f 9/9/9 62/62/62 63/63/63
f 62/62/62 63/63/63 63/63/63
f 63/63/63 63/63/63 56/56/56
f 63/63/63 56/56/56 56/56/56
f 56/56/56 56/56/56 54/54/54
f 56/56/56 55/55/55 54/54/54
f 54/54/54 55/55/55 55/55/55
f 55/55/55 57/57/57 55/55/55
f 55/55/55 57/57/57 57/57/57
f 57/57/57 64/64/64 57/57/57
f 57/57/57 64/64/64 58/58/58
f 64/64/64 58/58/58 58/58/58
f 58/58/58 58/58/58 62/62/62
f 58/58/58 62/62/62 62/62/62
f 62/62/62 62/62/62 65/65/65
f 62/62/62 61/61/61 65/65/65
f 65/65/65 61/61/61 65/65/65
f 61/61/61 60/60/60 65/65/65
f 65/65/65 60/60/60 66/66/66
f 60/60/60 59/59/59 66/66/66
f 66/66/66 59/59/59 67/67/67
f 59/59/59 58/58/58 67/67/67
f 67/67/67 58/58/58 68/68/68
f 58/58/58 64/64/64 68/68/68
f 68/68/68 64/64/64 69/69/69
f 64/64/64 64/64/64 69/69/69
f 69/69/69 64/64/64 70/70/70
f 64/64/64 71/71/71 70/70/70
f 70/70/70 71/71/71 70/70/70
f 71/71/71 72/72/72 70/70/70
f 70/70/70 72/72/72 73/73/73
f 72/72/72 74/74/74 73/73/73
f 73/73/73 74/74/74 75/75/75
f 74/74/74 76/76/76 75/75/75
f 75/75/75 76/76/76 76/76/76
f 76/76/76 69/69/69 76/76/76
f 76/76/76 69/69/69 69/69/69
f 69/69/69 77/77/77 69/69/69
f 69/69/69 77/77/77 68/68/68
f 77/77/77 78/78/78 68/68/68
f 68/68/68 78/78/78 67/67/67
f 78/78/78 67/67/67 67/67/67
f 67/67/67 67/67/67 77/77/77
f 67/67/67 77/77/77 77/77/77
f 77/77/77 77/77/77 78/78/78
f 77/77/77 79/79/79 78/78/78
f 78/78/78 79/79/79 80/80/80
f 79/79/79 81/81/81 80/80/80
f 80/80/80 81/81/81 82/82/82
f 81/81/81 83/83/83 82/82/82
f 82/82/82 83/83/83 84/84/84
f 83/83/83 85/85/85 84/84/84
f 84/84/84 85/85/85 84/84/84
f 85/85/85 86/86/86 84/84/84
f 84/84/84 86/86/86 84/84/84
f 86/86/86 87/87/87 84/84/84
f 84/84/84 87/87/87 84/84/84
f 87/87/87 88/88/88 84/84/84
f 84/84/84 88/88/88 84/84/84
f 88/88/88 89/89/89 84/84/84
f 84/84/84 89/89/89 82/82/82
f 89/89/89 90/90/90 82/82/82
f 82/82/82 90/90/90 80/80/80
f 90/90/90 90/90/90 80/80/80
f 80/80/80 90/90/90 78/78/78
f 90/90/90 91/91/91 78/78/78
f 78/78/78 91/91/91 67/67/67
f 91/91/91 91/91/91 67/67/67
f 67/67/67 91/91/91 66/66/66
f 91/91/91 91/91/91 66/66/66
f 66/66/66 91/91/91 92/92/92
f 91/91/91 90/90/90 92/92/92
f 92/92/92 90/90/90 93/93/93
f 90/90/90 94/94/94 93/93/93
f 93/93/93 94/94/94 95/95/95
f 94/94/94 96/96/96 95/95/95
f 95/95/95 96/96/96 97/97/97
f 96/96/96 98/98/98 97/97/97
f 97/97/97 98/98/98 97/97/97
f 98/98/98 99/99/99 97/97/97
f 97/97/97 99/99/99 100/100/100
f 99/99/99 101/101/101 100/100/100
f 100/100/100 101/101/101 102/102/102
f 101/101/101 103/103/103 102/102/102
f 102/102/102 103/103/103 104/104/104
f 103/103/103 105/105/105 104/104/104
f 104/104/104 105/105/105 106/106/106
f 105/105/105 107/107/107 106/106/106
f 106/106/106 107/107/107 106/106/106
f 107/107/107 108/108/108 106/106/106
f 106/106/106 108/108/108 109/109/109
f 108/108/108 110/110/110 109/109/109
f 109/109/109 110/110/110 111/111/111
f 110/110/110 112/112/112 111/111/111
f 111/111/111 112/112/112 112/112/112
f 112/112/112 81/81/81 112/112/112
f 112/112/112 81/81/81 81/81/81
f 81/81/81 113/113/113 81/81/81
f 81/81/81 113/113/113 83/83/83
f 113/113/113 113/113/113 83/83/83
f 83/83/83 113/113/113 85/85/85
f 113/113/113 113/113/113 85/85/85
f 85/85/85 113/113/113 114/114/114
f 113/113/113 115/115/115 114/114/114
f 114/114/114 115/115/115 116/116/116
f 115/115/115 116/116/116 116/116/116
f 116/116/116 116/116/116 97/97/97
f 116/116/116 97/97/97 97/97/97
f 97/97/97 97/97/97 95/95/95
f 97/97/97 100/100/100 95/95/95
f 95/95/95 100/100/100 117/117/117
f 100/100/100 100/100/100 117/117/117
f 117/117/117 100/100/100 118/118/118
f 100/100/100 102/102/102 118/118/118
f 118/118/118 102/102/102 118/118/118
f 102/102/102 104/104/104 118/118/118
f 118/118/118 104/104/104 118/118/118
f 104/104/104 106/106/106 118/118/118
f 118/118/118 106/106/106 118/118/118
f 106/106/106 109/109/109 118/118/118
f 118/118/118 109/109/109 118/118/118
f 109/109/109 111/111/111 118/118/118
f 118/118/118 111/111/111 119/119/119
f 111/111/111 112/112/112 119/119/119
f 119/119/119 112/112/112 120/120/120
f 112/112/112 121/121/121 120/120/120
f 120/120/120 121/121/121 120/120/120
f 121/121/121 63/63/63 120/120/120
f 120/120/120 63/63/63 120/120/120
f 63/63/63 62/62/62 120/120/120
f 120/120/120 62/62/62 122/122/122
f 62/62/62 65/65/65 122/122/122
f 122/122/122 65/65/65 122/122/122
f 65/65/65 66/66/66 122/122/122
f 122/122/122 66/66/66 122/122/122
f 66/66/66 92/92/92 122/122/122
f 122/122/122 92/92/92 123/123/123
f 92/92/92 93/93/93 123/123/123
f 123/123/123 93/93/93 117/117/117
f 93/93/93 95/95/95 117/117/117
f 117/117/117 95/95/95 95/95/95
f 95/95/95 117/117/117 95/95/95
f 95/95/95 117/117/117 117/117/117
f 117/117/117 118/118/118 117/117/117
f 117/117/117 118/118/118 123/123/123
f 118/118/118 119/119/119 123/123/123
f 123/123/123 119/119/119 122/122/122
f 119/119/119 120/120/120 122/122/122
f 122/122/122 120/120/120 120/120/120
f 120/120/120 38/38/38 120/120/120
f 120/120/120 38/38/38 38/38/38
f 38/38/38 37/37/37 38/38/38
f 38/38/38 37/37/37 124/124/124
f 37/37/37 125/125/125 124/124/124
f 124/124/124 125/125/125 125/125/125
f 125/125/125 38/38/38 125/125/125
f 125/125/125 38/38/38 38/38/38
f 38/38/38 124/124/124 38/38/38
f 38/38/38 124/124/124 126/126/126
f 124/124/124 127/127/127 126/126/126
f 126/126/126 127/127/127 128/128/128
f 127/127/127 129/129/129 128/128/128
f 128/128/128 129/129/129 130/130/130
f 129/129/129 130/130/130 130/130/130
f 130/130/130 130/130/130 37/37/37
f 130/130/130 37/37/37 37/37/37
f 37/37/37 37/37/37 125/125/125
f 37/37/37 36/36/36 125/125/125
f 125/125/125 36/36/36 131/131/131
f 36/36/36 35/35/35 131/131/131
f 131/131/131 35/35/35 131/131/131
f 35/35/35 45/45/45 131/131/131
f 131/131/131 45/45/45 131/131/131
f 45/45/45 132/132/132 131/131/131
f 131/131/131 132/132/132 133/133/133
f 132/132/132 134/134/134 133/133/133
f 133/133/133 134/134/134 135/135/135
f 134/134/134 136/136/136 135/135/135
f 135/135/135 136/136/136 137/137/137
f 136/136/136 138/138/138 137/137/137
f 137/137/137 138/138/138 139/139/139
f 138/138/138 138/138/138 139/139/139
f 139/139/139 138/138/138 140/140/140
f 138/138/138 141/141/141 140/140/140
f 140/140/140 141/141/141 142/142/142
f 141/141/141 143/143/143 142/142/142
f 142/142/142 143/143/143 144/144/144
f 143/143/143 145/145/145 144/144/144
f 144/144/144 145/145/145 146/146/146
f 145/145/145 147/147/147 146/146/146
f 146/146/146 147/147/147 147/147/147
f 147/147/147 131/131/131 147/147/147
f 147/147/147 131/131/131 131/131/131
f 131/131/131 133/133/133 131/131/131
f 131/131/131 133/133/133 125/125/125
f 133/133/133 133/133/133 125/125/125
f 125/125/125 133/133/133 124/124/124
f 133/133/133 133/133/133 124/124/124
f 124/124/124 133/133/133 127/127/127
f 133/133/133 135/135/135 127/127/127
f 127/127/127 135/135/135 129/129/129
f 135/135/135 129/129/129 129/129/129
f 129/129/129 129/129/129 148/148/148
f 129/129/129 148/148/148 148/148/148
f 148/148/148 148/148/148 149/149/149
f 148/148/148 150/150/150 149/149/149
f 149/149/149 150/150/150 149/149/149
f 150/150/150 151/151/151 149/149/149
f 149/149/149 151/151/151 4/4/4
f 151/151/151 3/3/3 4/4/4
f 4/4/4 3/3/3 3/3/3
f 3/3/3 152/152/152 3/3/3
f 3/3/3 152/152/152 152/152/152
f 152/152/152 153/153/153 152/152/152
f 152/152/152 153/153/153 154/154/154
f 153/153/153 155/155/155 154/154/154
f 154/154/154 155/155/155 156/156/156
f 155/155/155 157/157/157 156/156/156
f 156/156/156 157/157/157 156/156/156
f 157/157/157 158/158/158 156/156/156
f 156/156/156 158/158/158 159/159/159
f 158/158/158 160/160/160 159/159/159
f 159/159/159 160/160/160 161/161/161
f 160/160/160 162/162/162 161/161/161
f 161/161/161 162/162/162 163/163/163
f 162/162/162 162/162/162 163/163/163
f 163/163/163 162/162/162 164/164/164
f 162/162/162 165/165/165 164/164/164
f 164/164/164 165/165/165 164/164/164
f 165/165/165 166/166/166 164/164/164
f 164/164/164 166/166/166 164/164/164
f 166/166/166 167/167/167 164/164/164
f 164/164/164 167/167/167 130/130/130
f 167/167/167 167/167/167 130/130/130
f 130/130/130 167/167/167 168/168/168
f 167/167/167 48/48/48 168/168/168
f 168/168/168 48/48/48 48/48/48
f 48/48/48 162/162/162 48/48/48
f 48/48/48 162/162/162 162/162/162
f 162/162/162 160/160/160 162/162/162
f 162/162/162 160/160/160 165/165/165
f 160/160/160 165/165/165 165/165/165
f 165/165/165 165/165/165 163/163/163
f 165/165/165 163/163/163 163/163/163
f 163/163/163 163/163/163 169/169/169
f 163/163/163 164/164/164 169/169/169
f 169/169/169 164/164/164 169/169/169
f 164/164/164 130/130/130 169/169/169
f 169/169/169 130/130/130 170/170/170
f 130/130/130 129/129/129 170/170/170
f 170/170/170 129/129/129 171/171/171
f 129/129/129 172/172/172 171/171/171
f 171/171/171 172/172/172 172/172/172
f 172/172/172 173/173/173 172/172/172
f 172/172/172 173/173/173 173/173/173
f 173/173/173 174/174/174 173/173/173
f 173/173/173 174/174/174 175/175/175
f 174/174/174 174/174/174 175/175/175
f 175/175/175 174/174/174 176/176/176
f 174/174/174 177/177/177 176/176/176
f 176/176/176 177/177/177 176/176/176
f 177/177/177 178/178/178 176/176/176
f 176/176/176 178/178/178 179/179/179
f 178/178/178 180/180/180 179/179/179
f 179/179/179 180/180/180 179/179/179
f 180/180/180 181/181/181 179/179/179
f 179/179/179 181/181/181 182/182/182
f 181/181/181 183/183/183 182/182/182
f 182/182/182 183/183/183 182/182/182
f 183/183/183 184/184/184 182/182/182
f 182/182/182 184/184/184 185/185/185
f 184/184/184 186/186/186 185/185/185
f 185/185/185 186/186/186 186/186/186
f 186/186/186 185/185/185 186/186/186
f 186/186/186 185/185/185 185/185/185
f 185/185/185 187/187/187 185/185/185
f 185/185/185 187/187/187 182/182/182
f 187/187/187 187/187/187 182/182/182
f 182/182/182 187/187/187 179/179/179
f 187/187/187 187/187/187 179/179/179
f 179/179/179 187/187/187 176/176/176
f 187/187/187 175/175/175 176/176/176
f 176/176/176 175/175/175 175/175/175
f 175/175/175 188/188/188 175/175/175
f 175/175/175 188/188/188 188/188/188
f 188/188/188 189/189/189 188/188/188
f 188/188/188 189/189/189 190/190/190
f 189/189/189 191/191/191 190/190/190
f 190/190/190 191/191/191 190/190/190
f 191/191/191 192/192/192 190/190/190
f 190/190/190 192/192/192 193/193/193
f 192/192/192 192/192/192 193/193/193
f 193/193/193 192/192/192 194/194/194
f 192/192/192 195/195/195 194/194/194
f 194/194/194 195/195/195 196/196/196
f 195/195/195 197/197/197 196/196/196
f 196/196/196 197/197/197 198/198/198
f 197/197/197 199/199/199 198/198/198
f 198/198/198 199/199/199 200/200/200
f 199/199/199 201/201/201 200/200/200
f 200/200/200 201/201/201 202/202/202
f 201/201/201 201/201/201 202/202/202
f 202/202/202 201/201/201 203/203/203
f 201/201/201 201/201/201 203/203/203
f 203/203/203 201/201/201 204/204/204
f 201/201/201 201/201/201 204/204/204
f 204/204/204 201/201/201 205/205/205
f 201/201/201 199/199/199 205/205/205
f 205/205/205 199/199/199 206/206/206
f 199/199/199 197/197/197 206/206/206
f 206/206/206 197/197/197 207/207/207
f 197/197/197 195/195/195 207/207/207
f 207/207/207 195/195/195 208/208/208
f 195/195/195 192/192/192 208/208/208
f 208/208/208 192/192/192 209/209/209
f 192/192/192 210/210/210 209/209/209
f 209/209/209 210/210/210 211/211/211
f 210/210/210 210/210/210 211/211/211
f 211/211/211 210/210/210 212/212/212
f 210/210/210 210/210/210 212/212/212
f 212/212/212 210/210/210 189/189/189
f 210/210/210 210/210/210 189/189/189
f 189/189/189 210/210/210 191/191/191
f 210/210/210 192/192/192 191/191/191
f 191/191/191 192/192/192 192/192/192
f 192/192/192 188/188/188 192/192/192
f 192/192/192 188/188/188 188/188/188
f 188/188/188 190/190/190 188/188/188
f 188/188/188 190/190/190 213/213/213
f 190/190/190 193/193/193 213/213/213
f 213/213/213 193/193/193 193/193/193
f 193/193/193 214/214/214 193/193/193
f 193/193/193 214/214/214 214/214/214
f 214/214/214 215/215/215 214/214/214
f 214/214/214 215/215/215 216/216/216
f 215/215/215 216/216/216 216/216/216
f 216/216/216 216/216/216 217/217/217
f 216/216/216 217/217/217 217/217/217
f 217/217/217 217/217/217 218/218/218
f 217/217/217 219/219/219 218/218/218
f 218/218/218 219/219/219 218/218/218
f 219/219/219 220/220/220 218/218/218
f 218/218/218 220/220/220 221/221/221
f 220/220/220 222/222/222 221/221/221
f 221/221/221 222/222/222 222/222/222
f 222/222/222 223/223/223 222/222/222
f 222/222/222 223/223/223 223/223/223
f 223/223/223 224/224/224 223/223/223
f 223/223/223 224/224/224 221/221/221
f 224/224/224 225/225/225 221/221/221
f 221/221/221 225/225/225 225/225/225
f 225/225/225 226/226/226 225/225/225
f 225/225/225 226/226/226 226/226/226
f 226/226/226 227/227/227 226/226/226
f 226/226/226 227/227/227 228/228/228
f 227/227/227 229/229/229 228/228/228
f 228/228/228 229/229/229 229/229/229
f 229/229/229 230/230/230 229/229/229
f 229/229/229 230/230/230 230/230/230
f 230/230/230 231/231/231 230/230/230
f 230/230/230 231/231/231 232/232/232
f 231/231/231 231/231/231 232/232/232
f 232/232/232 231/231/231 233/233/233
f 231/231/231 231/231/231 233/233/233
f 233/233/233 231/231/231 234/234/234
f 231/231/231 235/235/235 234/234/234
f 234/234/234 235/235/235 236/236/236
f 235/235/235 235/235/235 236/236/236
f 236/236/236 235/235/235 237/237/237
f 235/235/235 238/238/238 237/237/237
f 237/237/237 238/238/238 237/237/237
f 238/238/238 239/239/239 237/237/237
f 237/237/237 239/239/239 240/240/240
f 239/239/239 241/241/241 240/240/240
f 240/240/240 241/241/241 241/241/241
f 241/241/241 230/230/230 241/241/241
f 241/241/241 230/230/230 230/230/230
f 230/230/230 242/242/242 230/230/230
f 230/230/230 242/242/242 231/231/231
f 242/242/242 243/243/243 231/231/231
f 231/231/231 243/243/243 231/231/231
f 243/243/243 244/244/244 231/231/231
f 231/231/231 244/244/244 235/235/235
f 244/244/244 238/238/238 235/235/235
f 235/235/235 238/238/238 238/238/238
f 238/238/238 236/236/236 238/238/238
f 238/238/238 236/236/236 236/236/236
f 236/236/236 237/237/237 236/236/236
f 236/236/236 237/237/237 245/245/245
f 237/237/237 240/240/240 245/245/245
f 245/245/245 240/240/240 246/246/246
f 240/240/240 247/247/247 246/246/246
f 246/246/246 247/247/247 248/248/248
f 247/247/247 247/247/247 248/248/248
f 248/248/248 247/247/247 249/249/249
f 247/247/247 247/247/247 249/249/249
f 249/249/249 247/247/247 250/250/250
f 247/247/247 247/247/247 250/250/250
f 250/250/250 247/247/247 241/241/241
f 247/247/247 240/240/240 241/241/241
f 241/241/241 240/240/240 240/240/240
f 240/240/240 251/251/251 240/240/240
f 240/240/240 251/251/251 251/251/251
f 251/251/251 252/252/252 251/251/251
f 251/251/251 252/252/252 253/253/253
f 252/252/252 254/254/254 253/253/253
f 253/253/253 254/254/254 254/254/254
f 254/254/254 255/255/255 254/254/254
f 254/254/254 255/255/255 255/255/255
f 255/255/255 256/256/256 255/255/255
f 255/255/255 256/256/256 257/257/257
f 256/256/256 257/257/257 257/257/257
f 257/257/257 257/257/257 258/258/258
f 257/257/257 258/258/258 258/258/258
f 258/258/258 258/258/258 259/259/259
f 258/258/258 260/260/260 259/259/259
f 259/259/259 260/260/260 261/261/261
f 260/260/260 260/260/260 261/261/261
f 261/261/261 260/260/260 262/262/262
f 260/260/260 263/263/263 262/262/262
f 262/262/262 263/263/263 263/263/263
f 263/263/263 264/264/264 263/263/263
f 263/263/263 264/264/264 264/264/264
f 264/264/264 265/265/265 264/264/264
f 264/264/264 265/265/265 266/266/266
f 265/265/265 267/267/267 266/266/266
f 266/266/266 267/267/267 267/267/267
f 267/267/267 268/268/268 267/267/267
f 267/267/267 268/268/268 268/268/268
f 268/268/268 269/269/269 268/268/268
f 268/268/268 269/269/269 270/270/270
f 269/269/269 271/271/271 270/270/270
f 270/270/270 271/271/271 271/271/271
f 271/271/271 272/272/272 271/271/271
f 271/271/271 272/272/272 272/272/272
f 272/272/272 273/273/273 272/272/272
f 272/272/272 273/273/273 274/274/274
f 273/273/273 275/275/275 274/274/274
f 274/274/274 275/275/275 274/274/274
f 275/275/275 276/276/276 274/274/274
f 274/274/274 276/276/276 277/277/277
f 276/276/276 277/277/277 277/277/277
f 277/277/277 277/277/277 278/278/278
f 277/277/277 278/278/278 278/278/278
f 278/278/278 278/278/278 279/279/279
f 278/278/278 280/280/280 279/279/279
f 279/279/279 280/280/280 279/279/279
f 280/280/280 281/281/281 279/279/279
f 279/279/279 281/281/281 282/282/282
f 281/281/281 283/283/283 282/282/282
f 282/282/282 283/283/283 284/284/284
f 283/283/283 285/285/285 284/284/284
f 284/284/284 285/285/285 284/284/284
f 285/285/285 286/286/286 284/284/284
f 284/284/284 286/286/286 287/287/287
f 286/286/286 286/286/286 287/287/287
f 287/287/287 286/286/286 288/288/288
f 286/286/286 289/289/289 288/288/288
f 288/288/288 289/289/289 289/289/289
f 289/289/289 290/290/290 289/289/289
f 289/289/289 290/290/290 290/290/290
f 290/290/290 291/291/291 290/290/290
f 290/290/290 291/291/291 292/292/292
f 291/291/291 293/293/293 292/292/292
f 292/292/292 293/293/293 294/294/294
f 293/293/293 293/293/293 294/294/294
f 294/294/294 293/293/293 295/295/295
f 293/293/293 296/296/296 295/295/295
f 295/295/295 296/296/296 297/297/297
f 296/296/296 298/298/298 297/297/297
f 297/297/297 298/298/298 299/299/299
f 298/298/298 300/300/300 299/299/299
f 299/299/299 300/300/300 301/301/301
f 300/300/300 301/301/301 301/301/301
f 301/301/301 301/301/301 300/300/300
f 301/301/301 300/300/300 300/300/300
f 300/300/300 300/300/300 302/302/302
f 300/300/300 298/298/298 302/302/302
f 302/302/302 298/298/298 303/303/303
f 298/298/298 296/296/296 303/303/303
f 303/303/303 296/296/296 304/304/304
f 296/296/296 293/293/293 304/304/304
f 304/304/304 293/293/293 305/305/305
f 293/293/293 291/291/291 305/305/305
f 305/305/305 291/291/291 305/305/305
f 291/291/291 306/306/306 305/305/305
f 305/305/305 306/306/306 307/307/307
f 306/306/306 308/308/308 307/307/307
f 307/307/307 308/308/308 307/307/307
f 308/308/308 309/309/309 307/307/307
f 307/307/307 309/309/309 310/310/310
f 309/309/309 311/311/311 310/310/310
f 310/310/310 311/311/311 311/311/311
f 311/311/311 312/312/312 311/311/311
f 311/311/311 312/312/312 312/312/312
f 312/312/312 302/302/302 312/312/312
f 312/312/312 302/302/302 303/303/303
f 302/302/302 303/303/303 303/303/303
f 303/303/303 303/303/303 313/313/313
f 303/303/303 313/313/313 313/313/313
f 313/313/313 313/313/313 310/310/310
f 313/313/313 314/314/314 310/310/310
f 310/310/310 314/314/314 310/310/310
f 314/314/314 315/315/315 310/310/310
f 310/310/310 315/315/315 307/307/307
f 315/315/315 307/307/307 307/307/307
f 307/307/307 307/307/307 313/313/313
f 307/307/307 313/313/313 313/313/313
f 313/313/313 313/313/313 314/314/314
f 313/313/313 316/316/316 314/314/314
f 314/314/314 316/316/316 314/314/314
f 316/316/316 317/317/317 314/314/314
f 314/314/314 317/317/317 318/318/318
f 317/317/317 319/319/319 318/318/318
f 318/318/318 319/319/319 320/320/320
f 319/319/319 321/321/321 320/320/320
f 320/320/320 321/321/321 322/322/322
f 321/321/321 312/312/312 322/322/322
f 322/322/322 312/312/312 322/322/322
f 312/312/312 303/303/303 322/322/322
f 322/322/322 303/303/303 322/322/322
f 303/303/303 304/304/304 322/322/322
f 322/322/322 304/304/304 323/323/323
f 304/304/304 305/305/305 323/323/323
f 323/323/323 305/305/305 323/323/323
f 305/305/305 307/307/307 323/323/323
f 323/323/323 307/307/307 323/323/323
f 307/307/307 315/315/315 323/323/323
f 323/323/323 315/315/315 324/324/324
f 315/315/315 325/325/325 324/324/324
f 324/324/324 325/325/325 324/324/324
f 325/325/325 320/320/320 324/324/324
f 324/324/324 320/320/320 324/324/324
f 320/320/320 322/322/322 324/324/324
f 324/324/324 322/322/322 323/323/323
f 322/322/322 323/323/323 323/323/323
f 323/323/323 323/323/323 325/325/325
f 323/323/323 325/325/325 325/325/325
f 325/325/325 325/325/325 314/314/314
f 325/325/325 315/315/315 314/314/314
f 314/314/314 315/315/315 315/315/315
f 315/315/315 326/326/326 315/315/315
f 315/315/315 326/326/326 326/326/326
f 326/326/326 327/327/327 326/326/326
f 326/326/326 327/327/327 328/328/328
f 327/327/327 329/329/329 328/328/328
f 328/328/328 329/329/329 330/330/330
f 329/329/329 331/331/331 330/330/330
f 330/330/330 331/331/331 332/332/332
f 331/331/331 333/333/333 332/332/332
f 332/332/332 333/333/333 334/334/334
f 333/333/333 333/333/333 334/334/334
f 334/334/334 333/333/333 335/335/335
f 333/333/333 336/336/336 335/335/335
f 335/335/335 336/336/336 335/335/335
f 336/336/336 337/337/337 335/335/335
f 335/335/335 337/337/337 335/335/335
f 337/337/337 338/338/338 335/335/335
f 335/335/335 338/338/338 335/335/335
f 338/338/338 339/339/339 335/335/335
f 335/335/335 339/339/339 340/340/340
f 339/339/339 341/341/341 340/340/340
f 340/340/340 341/341/341 341/341/341
f 341/341/341 327/327/327 341/341/341
f 341/341/341 327/327/327 327/327/327
f 327/327/327 342/342/342 327/327/327
f 327/327/327 342/342/342 329/329/329
f 342/342/342 343/343/343 329/329/329
f 329/329/329 343/343/343 331/331/331
f 343/343/343 344/344/344 331/331/331
f 331/331/331 344/344/344 333/333/333
f 344/344/344 345/345/345 333/333/333
f 333/333/333 345/345/345 336/336/336
f 345/345/345 346/346/346 336/336/336
f 336/336/336 346/346/346 346/346/346
f 346/346/346 342/342/342 346/346/346
f 346/346/346 342/342/342 342/342/342
f 342/342/342 347/347/347 342/342/342
f 342/342/342 347/347/347 343/343/343
f 347/347/347 348/348/348 343/343/343
f 343/343/343 348/348/348 344/344/344
f 348/348/348 344/344/344 344/344/344
f 344/344/344 344/344/344 347/347/347
f 344/344/344 347/347/347 347/347/347
f 347/347/347 347/347/347 348/348/348
f 347/347/347 349/349/349 348/348/348
f 348/348/348 349/349/349 350/350/350
f 349/349/349 349/349/349 350/350/350
f 350/350/350 349/349/349 351/351/351
f 349/349/349 352/352/352 351/351/351
f 351/351/351 352/352/352 353/353/353
f 352/352/352 354/354/354 353/353/353
f 353/353/353 354/354/354 355/355/355
f 354/354/354 356/356/356 355/355/355
f 355/355/355 356/356/356 356/356/356
f 356/356/356 355/355/355 356/356/356
f 356/356/356 355/355/355 355/355/355
f 355/355/355 357/357/357 355/355/355
f 355/355/355 357/357/357 358/358/358
f 357/357/357 359/359/359 358/358/358
f 358/358/358 359/359/359 351/351/351
f 359/359/359 360/360/360 351/351/351
f 351/351/351 360/360/360 350/350/350
f 360/360/360 361/361/361 350/350/350
f 350/350/350 361/361/361 348/348/348
f 361/361/361 361/361/361 348/348/348
f 348/348/348 361/361/361 344/344/344
f 361/361/361 361/361/361 344/344/344
f 344/344/344 361/361/361 345/345/345
f 361/361/361 361/361/361 345/345/345
f 345/345/345 361/361/361 362/362/362
f 361/361/361 360/360/360 362/362/362
f 362/362/362 360/360/360 362/362/362
f 360/360/360 359/359/359 362/362/362
f 362/362/362 359/359/359 362/362/362
f 359/359/359 357/357/357 362/362/362
f 362/362/362 357/357/357 363/363/363
f 357/357/357 364/364/364 363/363/363
f 363/363/363 364/364/364 363/363/363
f 364/364/364 365/365/365 363/363/363
f 363/363/363 365/365/365 363/363/363
f 365/365/365 366/366/366 363/363/363
f 363/363/363 366/366/366 363/363/363
f 366/366/366 367/367/367 363/363/363
f 363/363/363 367/367/367 363/363/363
f 367/367/367 368/368/368 363/363/363
f 363/363/363 368/368/368 362/362/362
f 368/368/368 346/346/346 362/362/362
f 362/362/362 346/346/346 345/345/345
f 346/346/346 345/345/345 345/345/345
f 345/345/345 345/345/345 369/369/369
f 345/345/345 369/369/369 369/369/369
f 369/369/369 369/369/369 370/370/370
f 369/369/369 371/371/371 370/370/370
f 370/370/370 371/371/371 372/372/372
f 371/371/371 371/371/371 372/372/372
f 372/372/372 371/371/371 373/373/373
f 371/371/371 374/374/374 373/373/373
f 373/373/373 374/374/374 374/374/374
f 374/374/374 375/375/375 374/374/374
f 374/374/374 375/375/375 375/375/375
f 375/375/375 376/376/376 375/375/375
f 375/375/375 376/376/376 377/377/377
f 376/376/376 378/378/378 377/377/377
f 377/377/377 378/378/378 379/379/379
f 378/378/378 380/380/380 379/379/379
f 379/379/379 380/380/380 380/380/380
f 380/380/380 381/381/381 380/380/380
f 380/380/380 381/381/381 381/381/381
f 381/381/381 382/382/382 381/381/381
f 381/381/381 382/382/382 383/383/383
f 382/382/382 384/384/384 383/383/383
f 383/383/383 384/384/384 383/383/383
f 384/384/384 385/385/385 383/383/383
f 383/383/383 385/385/385 386/386/386
f 385/385/385 387/387/387 386/386/386
f 386/386/386 387/387/387 388/388/388
f 387/387/387 388/388/388 388/388/388
f 388/388/388 388/388/388 389/389/389
f 388/388/388 389/389/389 389/389/389
f 389/389/389 389/389/389 390/390/390
f 389/389/389 391/391/391 390/390/390
f 390/390/390 391/391/391 392/392/392
f 391/391/391 393/393/393 392/392/392
f 392/392/392 393/393/393 394/394/394
f 393/393/393 393/393/393 394/394/394
f 394/394/394 393/393/393 395/395/395
f 393/393/393 393/393/393 395/395/395
f 395/395/395 393/393/393 396/396/396
f 393/393/393 393/393/393 396/396/396
f 396/396/396 393/393/393 397/397/397
f 393/393/393 391/391/391 397/397/397
f 397/397/397 391/391/391 391/391/391
f 391/391/391 390/390/390 391/391/391
f 391/391/391 390/390/390 390/390/390
f 390/390/390 392/392/392 390/390/390
f 390/390/390 392/392/392 398/398/398
f 392/392/392 394/394/394 398/398/398
f 398/398/398 394/394/394 394/394/394
f 394/394/394 399/399/399 394/394/394
f 394/394/394 399/399/399 399/399/399
f 399/399/399 400/400/400 399/399/399
f 399/399/399 400/400/400 401/401/401
f 400/400/400 402/402/402 401/401/401
f 401/401/401 402/402/402 401/401/401
f 402/402/402 403/403/403 401/401/401
f 401/401/401 403/403/403 404/404/404
f 403/403/403 404/404/404 404/404/404
f 404/404/404 404/404/404 405/405/405
f 404/404/404 405/405/405 405/405/405
f 405/405/405 405/405/405 406/406/406
f 405/405/405 407/407/407 406/406/406
f 406/406/406 407/407/407 408/408/408
f 407/407/407 408/408/408 408/408/408
f 408/408/408 408/408/408 409/409/409
f 408/408/408 409/409/409 409/409/409
f 409/409/409 409/409/409 410/410/410
f 409/409/409 411/411/411 410/410/410
f 410/410/410 411/411/411 410/410/410
f 411/411/411 412/412/412 410/410/410
f 410/410/410 412/412/412 413/413/413
f 412/412/412 414/414/414 413/413/413
f 413/413/413 414/414/414 414/414/414
f 414/414/414 415/415/415 414/414/414
f 414/414/414 415/415/415 415/415/415
f 415/415/415 416/416/416 415/415/415
f 415/415/415 416/416/416 417/417/417
f 416/416/416 418/418/418 417/417/417
f 417/417/417 418/418/418 419/419/419
f 418/418/418 420/420/420 419/419/419
f 419/419/419 420/420/420 420/420/420
f 420/420/420 421/421/421 420/420/420
f 420/420/420 421/421/421 421/421/421
f 421/421/421 422/422/422 421/421/421
f 421/421/421 422/422/422 423/423/423
f 422/422/422 424/424/424 423/423/423
f 423/423/423 424/424/424 425/425/425
f 424/424/424 426/426/426 425/425/425
f 425/425/425 426/426/426 426/426/426
f 426/426/426 427/427/427 426/426/426
f 426/426/426 427/427/427 427/427/427
f 427/427/427 428/428/428 427/427/427
f 427/427/427 428/428/428 429/429/429
f 428/428/428 430/430/430 429/429/429
f 429/429/429 430/430/430 429/429/429
f 430/430/430 431/431/431 429/429/429
f 429/429/429 431/431/431 432/432/432
f 431/431/431 433/433/433 432/432/432
f 432/432/432 433/433/433 434/434/434
f 433/433/433 435/435/435 434/434/434
f 434/434/434 435/435/435 436/436/436
f 435/435/435 437/437/437 436/436/436
f 436/436/436 437/437/437 438/438/438
f 437/437/437 437/437/437 438/438/438
f 438/438/438 437/437/437 439/439/439
f 437/437/437 440/440/440 439/439/439
f 439/439/439 440/440/440 439/439/439
f 440/440/440 441/441/441 439/439/439
f 439/439/439 441/441/441 442/442/442
f 441/441/441 442/442/442 442/442/442
f 442/442/442 442/442/442 443/443/443
f 442/442/442 443/443/443 443/443/443
f 443/443/443 443/443/443 444/444/444
f 443/443/443 445/445/445 444/444/444
f 444/444/444 445/445/445 446/446/446
f 445/445/445 447/447/447 446/446/446
f 446/446/446 447/447/447 446/446/446
f 447/447/447 448/448/448 446/446/446
f 446/446/446 448/448/448 449/449/449
f 448/448/448 450/450/450 449/449/449
f 449/449/449 450/450/450 451/451/451
f 450/450/450 452/452/452 451/451/451
f 451/451/451 452/452/452 453/453/453
f 452/452/452 454/454/454 453/453/453
f 453/453/453 454/454/454 454/454/454
f 454/454/454 453/453/453 454/454/454
f 454/454/454 453/453/453 453/453/453
f 453/453/453 455/455/455 453/453/453
f 453/453/453 455/455/455 451/451/451
f 455/455/455 456/456/456 451/451/451
f 451/451/451 456/456/456 449/449/449
f 456/456/456 457/457/457 449/449/449
f 449/449/449 457/457/457 446/446/446
f 457/457/457 458/458/458 446/446/446
f 446/446/446 458/458/458 444/444/444
f 458/458/458 458/458/458 444/444/444
f 444/444/444 458/458/458 459/459/459
f 458/458/458 460/460/460 459/459/459
f 459/459/459 460/460/460 461/461/461
f 460/460/460 460/460/460 461/461/461
f 461/461/461 460/460/460 462/462/462
f 460/460/460 463/463/463 462/462/462
f 462/462/462 463/463/463 464/464/464
f 463/463/463 464/464/464 464/464/464
f 464/464/464 464/464/464 455/455/455
f 464/464/464 455/455/455 455/455/455
f 455/455/455 455/455/455 456/456/456
f 455/455/455 465/465/465 456/456/456
f 456/456/456 465/465/465 466/466/466
f 465/465/465 467/467/467 466/466/466
f 466/466/466 467/467/467 468/468/468
f 467/467/467 469/469/469 468/468/468
f 468/468/468 469/469/469 469/469/469
f 469/469/469 456/456/456 469/469/469
f 469/469/469 456/456/456 456/456/456
f 456/456/456 466/466/466 456/456/456
f 456/456/456 466/466/466 457/457/457
f 466/466/466 470/470/470 457/457/457
f 457/457/457 470/470/470 458/458/458
f 470/470/470 470/470/470 458/458/458
f 458/458/458 470/470/470 460/460/460
f 470/470/470 471/471/471 460/460/460
f 460/460/460 471/471/471 463/463/463
f 471/471/471 472/472/472 463/463/463
f 463/463/463 472/472/472 473/473/473
f 472/472/472 472/472/472 473/473/473
f 473/473/473 472/472/472 474/474/474
f 472/472/472 472/472/472 474/474/474
f 474/474/474 472/472/472 475/475/475
f 472/472/472 476/476/476 475/475/475
f 475/475/475 476/476/476 469/469/469
f 476/476/476 468/468/468 469/469/469
f 469/469/469 468/468/468 468/468/468
f 468/468/468 472/472/472 468/468/468
f 468/468/468 472/472/472 472/472/472
f 472/472/472 471/471/471 472/472/472
f 472/472/472 471/471/471 477/477/477
f 471/471/471 478/478/478 477/477/477
f 477/477/477 478/478/478 468/468/468
f 478/478/478 478/478/478 468/468/468
f 468/468/468 478/478/478 466/466/466
f 478/478/478 478/478/478 466/466/466
f 466/466/466 478/478/478 470/470/470
f 478/478/478 471/471/471 470/470/470
f 470/470/470 471/471/471 471/471/471
f 471/471/471 479/479/479 471/471/471
f 471/471/471 479/479/479 479/479/479
f 479/479/479 480/480/480 479/479/479
f 479/479/479 480/480/480 481/481/481
f 480/480/480 482/482/482 481/481/481
f 481/481/481 482/482/482 482/482/482
f 482/482/482 480/480/480 482/482/482
f 482/482/482 480/480/480 480/480/480
f 480/480/480 479/479/479 480/480/480
f 480/480/480 479/479/479 483/483/483
f 479/479/479 484/484/484 483/483/483
f 483/483/483 484/484/484 483/483/483
f 484/484/484 485/485/485 483/483/483
f 483/483/483 485/485/485 486/486/486
f 485/485/485 487/487/487 486/486/486
f 486/486/486 487/487/487 488/488/488
f 487/487/487 489/489/489 488/488/488
f 488/488/488 489/489/489 490/490/490
f 489/489/489 490/490/490 490/490/490
f 490/490/490 490/490/490 489/489/489
f 490/490/490 489/489/489 489/489/489
f 489/489/489 489/489/489 491/491/491
f 489/489/489 492/492/492 491/491/491
f 491/491/491 492/492/492 493/493/493
f 492/492/492 485/485/485 493/493/493
f 493/493/493 485/485/485 494/494/494
f 485/485/485 484/484/484 494/494/494
f 494/494/494 484/484/484 495/495/495
f 484/484/484 479/479/479 495/495/495
f 495/495/495 479/479/479 496/496/496
f 479/479/479 481/481/481 496/496/496
f 496/496/496 481/481/481 497/497/497
f 481/481/481 498/498/498 497/497/497
f 497/497/497 498/498/498 499/499/499
f 498/498/498 498/498/498 499/499/499
f 499/499/499 498/498/498 500/500/500
f 498/498/498 501/501/501 500/500/500
f 500/500/500 501/501/501 502/502/502
f 501/501/501 502/502/502 502/502/502
f 502/502/502 502/502/502 481/481/481
f 502/502/502 481/481/481 481/481/481
f 481/481/481 481/481/481 498/498/498
f 481/481/481 482/482/482 498/498/498
f 498/498/498 482/482/482 501/501/501
f 482/482/482 501/501/501 501/501/501
f 501/501/501 501/501/501 499/499/499
f 501/501/501 499/499/499 499/499/499
f 499/499/499 499/499/499 497/497/497
f 499/499/499 503/503/503 497/497/497
f 497/497/497 503/503/503 504/504/504
f 503/503/503 505/505/505 504/504/504
f 504/504/504 505/505/505 504/504/504
f 505/505/505 506/506/506 504/504/504
f 504/504/504 506/506/506 507/507/507
f 506/506/506 506/506/506 507/507/507
f 507/507/507 506/506/506 508/508/508
f 506/506/506 506/506/506 508/508/508
f 508/508/508 506/506/506 509/509/509
f 506/506/506 506/506/506 509/509/509
f 509/509/509 506/506/506 510/510/510
f 506/506/506 511/511/511 510/510/510
f 510/510/510 511/511/511 512/512/512
f 511/511/511 512/512/512 512/512/512
f 512/512/512 512/512/512 497/497/497
f 512/512/512 497/497/497 497/497/497
f 497/497/497 497/497/497 496/496/496
f 497/497/497 504/504/504 496/496/496
f 496/496/496 504/504/504 513/513/513
f 504/504/504 507/507/507 513/513/513
f 513/513/513 507/507/507 513/513/513
f 507/507/507 514/514/514 513/513/513
f 513/513/513 514/514/514 513/513/513
f 514/514/514 515/515/515 513/513/513
f 513/513/513 515/515/515 495/495/495
f 515/515/515 515/515/515 495/495/495
f 495/495/495 515/515/515 494/494/494
f 515/515/515 515/515/515 494/494/494
f 494/494/494 515/515/515 493/493/493
f 515/515/515 515/515/515 493/493/493
f 493/493/493 515/515/515 491/491/491
f 515/515/515 516/516/516 491/491/491
f 491/491/491 516/516/516 517/517/517
f 516/516/516 516/516/516 517/517/517
f 517/517/517 516/516/516 518/518/518
f 516/516/516 516/516/516 518/518/518
f 518/518/518 516/516/516 519/519/519
f 516/516/516 516/516/516 519/519/519
f 519/519/519 516/516/516 520/520/520
f 516/516/516 516/516/516 520/520/520
f 520/520/520 516/516/516 521/521/521
f 516/516/516 515/515/515 521/521/521
f 521/521/521 515/515/515 514/514/514
f 515/515/515 514/514/514 514/514/514
f 514/514/514 514/514/514 495/495/495
f 514/514/514 495/495/495 495/495/495
f 495/495/495 495/495/495 513/513/513
f 495/495/495 496/496/496 513/513/513
f 513/513/513 496/496/496 496/496/496
f 496/496/496 522/522/522 496/496/496
f 496/496/496 522/522/522 522/522/522
f 522/522/522 523/523/523 522/522/522
f 522/522/522 523/523/523 524/524/524
f 523/523/523 525/525/525 524/524/524
f 524/524/524 525/525/525 524/524/524
f 525/525/525 526/526/526 524/524/524
f 524/524/524 526/526/526 527/527/527
f 526/526/526 527/527/527 527/527/527
f 527/527/527 527/527/527 528/528/528
f 527/527/527 528/528/528 528/528/528
f 528/528/528 528/528/528 529/529/529
f 528/528/528 530/530/530 529/529/529
f 529/529/529 530/530/530 531/531/531
f 530/530/530 532/532/532 531/531/531
f 531/531/531 532/532/532 533/533/533
f 532/532/532 533/533/533 533/533/533
f 533/533/533 533/533/533 534/534/534
f 533/533/533 534/534/534 534/534/534
f 534/534/534 534/534/534 535/535/535
f 534/534/534 536/536/536 535/535/535
f 535/535/535 536/536/536 537/537/537
f 536/536/536 536/536/536 537/537/537
f 537/537/537 536/536/536 538/538/538
f 536/536/536 539/539/539 538/538/538
f 538/538/538 539/539/539 540/540/540
f 539/539/539 541/541/541 540/540/540
f 540/540/540 541/541/541 541/541/541
f 541/541/541 542/542/542 541/541/541
f 541/541/541 542/542/542 542/542/542
f 542/542/542 543/543/543 542/542/542
f 542/542/542 543/543/543 544/544/544
f 543/543/543 545/545/545 544/544/544
f 544/544/544 545/545/545 546/546/546
f 545/545/545 547/547/547 546/546/546
f 546/546/546 547/547/547 546/546/546
f 547/547/547 548/548/548 546/546/546
f 546/546/546 548/548/548 546/546/546
f 548/548/548 549/549/549 546/546/546
f 546/546/546 549/549/549 546/546/546
f 549/549/549 550/550/550 546/546/546
f 546/546/546 550/550/550 544/544/544
f 550/550/550 544/544/544 544/544/544
f 544/544/544 544/544/544 543/543/543
f 544/544/544 543/543/543 543/543/543
f 543/543/543 543/543/543 545/545/545
f 543/543/543 551/551/551 545/545/545
f 545/545/545 551/551/551 547/547/547
f 551/551/551 547/547/547 547/547/547
f 547/547/547 547/547/547 552/552/552
f 547/547/547 552/552/552 552/552/552
f 552/552/552 552/552/552 553/553/553
f 552/552/552 554/554/554 553/553/553
f 553/553/553 554/554/554 553/553/553
f 554/554/554 555/555/555 553/553/553
f 553/553/553 555/555/555 553/553/553
f 555/555/555 556/556/556 553/553/553
f 553/553/553 556/556/556 557/557/557
f 556/556/556 557/557/557 557/557/557
f 557/557/557 557/557/557 558/558/558
f 557/557/557 558/558/558 558/558/558
f 558/558/558 558/558/558 559/559/559
f 558/558/558 560/560/560 559/559/559
f 559/559/559 560/560/560 561/561/561
f 560/560/560 561/561/561 561/561/561
f 561/561/561 561/561/561 562/562/562
f 561/561/561 562/562/562 562/562/562
f 562/562/562 562/562/562 563/563/563
f 562/562/562 564/564/564 563/563/563
f 563/563/563 564/564/564 565/565/565
f 564/564/564 566/566/566 565/565/565
f 565/565/565 566/566/566 567/567/567
f 566/566/566 567/567/567 567/567/567
f 567/567/567 567/567/567 568/568/568
f 567/567/567 568/568/568 568/568/568
f 568/568/568 568/568/568 569/569/569
f 568/568/568 570/570/570 569/569/569
f 569/569/569 570/570/570 571/571/571
f 570/570/570 572/572/572 571/571/571
f 571/571/571 572/572/572 573/573/573
f 572/572/572 573/573/573 573/573/573
f 573/573/573 573/573/573 574/574/574
f 573/573/573 574/574/574 574/574/574
f 574/574/574 574/574/574 575/575/575
f 574/574/574 576/576/576 575/575/575
f 575/575/575 576/576/576 577/577/577
f 576/576/576 578/578/578 577/577/577
f 577/577/577 578/578/578 579/579/579
f 578/578/578 579/579/579 579/579/579
f 579/579/579 579/579/579 580/580/580
f 579/579/579 580/580/580 580/580/580
f 580/580/580 580/580/580 581/581/581
f 580/580/580 582/582/582 581/581/581
f 581/581/581 582/582/582 583/583/583
f 582/582/582 582/582/582 583/583/583
f 583/583/583 582/582/582 584/584/584
f 582/582/582 582/582/582 584/584/584
f 584/584/584 582/582/582 585/585/585
f 582/582/582 586/586/586 585/585/585
f 585/585/585 586/586/586 587/587/587
f 586/586/586 588/588/588 587/587/587
f 587/587/587 588/588/588 589/589/589
f 588/588/588 590/590/590 589/589/589
f 589/589/589 590/590/590 591/591/591
f 590/590/590 590/590/590 591/591/591
f 591/591/591 590/590/590 592/592/592
f 590/590/590 593/593/593 592/592/592
f 592/592/592 593/593/593 594/594/594
f 593/593/593 593/593/593 594/594/594
f 594/594/594 593/593/593 595/595/595
f 593/593/593 596/596/596 595/595/595
f 595/595/595 596/596/596 597/597/597
f 596/596/596 596/596/596 597/597/597
f 597/597/597 596/596/596 598/598/598
f 596/596/596 596/596/596 598/598/598
f 598/598/598 596/596/596 588/588/588
f 596/596/596 593/593/593 588/588/588
f 588/588/588 593/593/593 590/590/590
f 593/593/593 590/590/590 590/590/590
f 590/590/590 590/590/590 595/595/595
f 590/590/590 595/595/595 595/595/595
f 595/595/595 595/595/595 599/599/599
f 595/595/595 597/597/597 599/599/599
f 599/599/599 597/597/597 600/600/600
f 597/597/597 597/597/597 600/600/600
f 600/600/600 597/597/597 601/601/601
f 597/597/597 597/597/597 601/601/601
f 601/601/601 597/597/597 602/602/602
f 597/597/597 598/598/598 602/602/602
f 602/602/602 598/598/598 603/603/603
f 598/598/598 598/598/598 603/603/603
f 603/603/603 598/598/598 604/604/604
f 598/598/598 605/605/605 604/604/604
f 604/604/604 605/605/605 606/606/606
f 605/605/605 607/607/607 606/606/606
f 606/606/606 607/607/607 608/608/608
f 607/607/607 607/607/607 608/608/608
f 608/608/608 607/607/607 609/609/609
f 607/607/607 610/610/610 609/609/609
f 609/609/609 610/610/610 609/609/609
f 610/610/610 611/611/611 609/609/609
f 609/609/609 611/611/611 609/609/609
f 611/611/611 612/612/612 609/609/609
f 609/609/609 612/612/612 609/609/609
f 612/612/612 613/613/613 609/609/609
f 609/609/609 613/613/613 614/614/614
f 613/613/613 615/615/615 614/614/614
f 614/614/614 615/615/615 616/616/616
f 615/615/615 617/617/617 616/616/616
f 616/616/616 617/617/617 618/618/618
f 617/617/617 617/617/617 618/618/618
f 618/618/618 617/617/617 619/619/619
f 617/617/617 620/620/620 619/619/619
f 619/619/619 620/620/620 621/621/621
f 620/620/620 622/622/622 621/621/621
f 621/621/621 622/622/622 621/621/621
f 622/622/622 623/623/623 621/621/621
f 621/621/621 623/623/623 624/624/624
f 623/623/623 623/623/623 624/624/624
f 624/624/624 623/623/623 625/625/625
f 623/623/623 626/626/626 625/625/625
f 625/625/625 626/626/626 625/625/625
f 626/626/626 627/627/627 625/625/625
f 625/625/625 627/627/627 628/628/628
f 627/627/627 627/627/627 628/628/628
f 628/628/628 627/627/627 629/629/629
f 627/627/627 630/630/630 629/629/629
f 629/629/629 630/630/630 629/629/629
f 630/630/630 631/631/631 629/629/629
f 629/629/629 631/631/631 632/632/632
f 631/631/631 631/631/631 632/632/632
f 632/632/632 631/631/631 633/633/633
f 631/631/631 634/634/634 633/633/633
f 633/633/633 634/634/634 635/635/635
f 634/634/634 636/636/636 635/635/635
f 635/635/635 636/636/636 635/635/635
f 636/636/636 637/637/637 635/635/635
f 635/635/635 637/637/637 638/638/638
f 637/637/637 637/637/637 638/638/638
f 638/638/638 637/637/637 639/639/639
f 637/637/637 640/640/640 639/639/639
f 639/639/639 640/640/640 641/641/641
f 640/640/640 642/642/642 641/641/641
f 641/641/641 642/642/642 643/643/643
f 642/642/642 644/644/644 643/643/643
f 643/643/643 644/644/644 645/645/645
f 644/644/644 646/646/646 645/645/645
f 645/645/645 646/646/646 647/647/647
f 646/646/646 648/648/648 647/647/647
f 647/647/647 648/648/648 647/647/647
f 648/648/648 649/649/649 647/647/647
f 647/647/647 649/649/649 650/650/650
f 649/649/649 650/650/650 650/650/650
f 650/650/650 650/650/650 651/651/651
f 650/650/650 651/651/651 651/651/651
f 652/652/652 653/653/653 653/653/653
f 653/653/653 654/654/654 653/653/653
f 653/653/653 654/654/654 654/654/654
f 654/654/654 655/655/655 654/654/654
f 654/654/654 655/655/655 656/656/656
f 655/655/655 655/655/655 656/656/656
f 656/656/656 655/655/655 657/657/657
f 655/655/655 658/658/658 657/657/657
f 657/657/657 658/658/658 659/659/659
f 658/658/658 660/660/660 659/659/659
f 659/659/659 660/660/660 661/661/661
f 660/660/660 662/662/662 661/661/661
f 661/661/661 662/662/662 663/663/663
f 662/662/662 664/664/664 663/663/663
f 663/663/663 664/664/664 665/665/665
f 664/664/664 666/666/666 665/665/665
f 665/665/665 666/666/666 667/667/667
f 669/669/669 671/671/671 670/670/670
f 692/692/692 685/685/685 693/693/693
f 683/683/683 691/691/691 683/683/683
f 691/691/691 692/692/692 691/691/691
f 709/709/709 711/711/711 710/710/710
f 710/710/710 711/711/711 712/712/712
f 711/711/711 713/713/713 712/712/712
f 712/712/712 713/713/713 714/714/714
f 713/713/713 715/715/715 714/714/714
f 714/714/714 715/715/715 716/716/716
f 715/715/715 716/716/716 716/716/716
f 717/717/717 703/703/703 718/718/718
f 718/718/718 703/703/703 719/719/719
f 722/722/722 675/675/675 722/722/722
f 722/722/722 673/673/673 722/722/722
f 673/673/673 723/723/723 722/722/722
f 722/722/722 723/723/723 722/722/722
f 722/722/722 724/724/724 722/722/722
f 725/725/725 666/666/666 666/666/666
f 666/666/666 725/725/725 666/666/666
f 725/725/725 726/726/726 725/725/725
f 725/725/725 726/726/726 722/722/722
f 726/726/726 726/726/726 722/722/722
f 722/722/722 726/726/726 721/721/721
f 726/726/726 726/726/726 721/721/721
f 721/721/721 726/726/726 720/720/720
f 726/726/726 727/727/727 720/720/720
f 727/727/727 728/728/728 719/719/719
f 719/719/719 728/728/728 729/729/729
f 728/728/728 730/730/730 729/729/729
f 729/729/729 730/730/730 731/731/731
f 730/730/730 732/732/732 731/731/731
f 731/731/731 732/732/732 732/732/732
f 732/732/732 727/727/727 732/732/732
f 732/732/732 727/727/727 727/727/727
f 727/727/727 726/726/726 727/727/727
f 727/727/727 726/726/726 728/728/728
f 726/726/726 730/730/730 728/728/728
f 728/728/728 730/730/730 730/730/730
f 730/730/730 733/733/733 730/730/730
f 730/730/730 733/733/733 733/733/733
f 733/733/733 734/734/734 733/733/733
f 733/733/733 734/734/734 735/735/735
f 734/734/734 729/729/729 735/735/735
f 735/735/735 729/729/729 735/735/735
f 729/729/729 731/731/731 735/735/735
f 735/735/735 731/731/731 736/736/736
f 731/731/731 732/732/732 736/736/736
f 736/736/736 732/732/732 737/737/737
f 732/732/732 732/732/732 737/737/737
f 737/737/737 732/732/732 738/738/738
f 732/732/732 730/730/730 738/738/738
f 738/738/738 730/730/730 739/739/739
f 730/730/730 726/726/726 739/739/739
f 739/739/739 726/726/726 740/740/740
f 726/726/726 725/725/725 740/740/740
f 740/740/740 725/725/725 740/740/740
f 725/725/725 666/666/666 740/740/740
f 740/740/740 666/666/666 741/741/741
f 666/666/666 742/742/742 741/741/741
f 741/741/741 742/742/742 742/742/742
f 742/742/742 729/729/729 742/742/742
f 742/742/742 729/729/729 729/729/729
f 729/729/729 734/734/734 729/729/729
f 729/729/729 734/734/734 719/719/719
f 734/734/734 733/733/733 719/719/719
f 719/719/719 733/733/733 733/733/733
f 733/733/733 737/737/737 733/733/733
f 733/733/733 737/737/737 737/737/737
f 737/737/737 743/743/743 737/737/737
f 737/737/737 743/743/743 736/736/736
f 743/743/743 736/736/736 736/736/736
f 736/736/736 736/736/736 741/741/741
f 736/736/736 741/741/741 741/741/741
f 741/741/741 741/741/741 740/740/740
f 741/741/741 744/744/744 740/740/740
f 740/740/740 744/744/744 739/739/739
f 744/744/744 745/745/745 739/739/739
f 739/739/739 745/745/745 738/738/738
f 745/745/745 746/746/746 738/738/738
f 738/738/738 746/746/746 737/737/737
f 746/746/746 747/747/747 737/737/737
f 737/737/737 747/747/747 743/743/743
f 747/747/747 748/748/748 743/743/743
f 743/743/743 748/748/748 743/743/743
f 748/748/748 749/749/749 743/743/743
f 743/743/743 749/749/749 750/750/750
f 749/749/749 749/749/749 750/750/750
f 750/750/750 749/749/749 751/751/751
f 749/749/749 752/752/752 751/751/751
f 751/751/751 752/752/752 753/753/753
f 752/752/752 754/754/754 753/753/753
f 753/753/753 754/754/754 755/755/755
f 754/754/754 755/755/755 755/755/755
f 755/755/755 755/755/755 748/748/748
f 755/755/755 748/748/748 748/748/748
f 748/748/748 748/748/748 756/756/756
f 748/748/748 747/747/747 756/756/756
f 756/756/756 747/747/747 757/757/757
f 747/747/747 746/746/746 757/757/757
f 757/757/757 746/746/746 758/758/758
f 746/746/746 745/745/745 758/758/758
f 758/758/758 745/745/745 759/759/759
f 745/745/745 745/745/745 759/759/759
f 759/759/759 745/745/745 760/760/760
f 745/745/745 744/744/744 760/760/760
f 760/760/760 744/744/744 760/760/760
f 744/744/744 741/741/741 760/760/760
f 760/760/760 741/741/741 761/761/761
f 741/741/741 742/742/742 761/761/761
f 761/761/761 742/742/742 761/761/761
f 742/742/742 762/762/762 761/761/761
f 761/761/761 762/762/762 761/761/761
f 762/762/762 763/763/763 761/761/761
f 761/761/761 763/763/763 764/764/764
f 763/763/763 763/763/763 764/764/764
f 764/764/764 763/763/763 765/765/765
f 763/763/763 766/766/766 765/765/765
f 765/765/765 766/766/766 767/767/767
f 766/766/766 768/768/768 767/767/767
f 767/767/767 768/768/768 769/769/769
f 768/768/768 770/770/770 769/769/769
f 769/769/769 770/770/770 769/769/769
f 770/770/770 771/771/771 769/769/769
f 769/769/769 771/771/771 772/772/772
f 771/771/771 773/773/773 772/772/772
f 772/772/772 773/773/773 774/774/774
f 773/773/773 775/775/775 774/774/774
f 774/774/774 775/775/775 776/776/776
f 775/775/775 777/777/777 776/776/776
f 776/776/776 777/777/777 778/778/778
f 777/777/777 779/779/779 778/778/778
f 778/778/778 779/779/779 778/778/778
f 779/779/779 780/780/780 778/778/778
f 778/778/778 780/780/780 781/781/781
f 780/780/780 782/782/782 781/781/781
f 781/781/781 782/782/782 783/783/783
f 782/782/782 784/784/784 783/783/783
f 783/783/783 784/784/784 784/784/784
f 784/784/784 757/757/757 784/784/784
f 784/784/784 757/757/757 757/757/757
f 757/757/757 785/785/785 757/757/757
f 757/757/757 785/785/785 756/756/756
f 785/785/785 756/756/756 756/756/756
f 756/756/756 756/756/756 760/760/760
f 756/756/756 760/760/760 760/760/760
f 760/760/760 760/760/760 764/764/764
f 760/760/760 761/761/761 764/764/764
f 764/764/764 761/761/761 761/761/761
f 761/761/761 778/778/778 761/761/761
f 761/761/761 778/778/778 778/778/778
f 778/778/778 781/781/781 778/778/778
f 778/778/778 781/781/781 776/776/776
f 781/781/781 786/786/786 776/776/776
f 776/776/776 786/786/786 776/776/776
f 786/786/786 787/787/787 776/776/776
f 776/776/776 787/787/787 774/774/774
f 787/787/787 787/787/787 774/774/774
f 774/774/774 787/787/787 772/772/772
f 787/787/787 787/787/787 772/772/772
f 772/772/772 787/787/787 769/769/769
f 787/787/787 787/787/787 769/769/769
f 769/769/769 787/787/787 767/767/767
f 787/787/787 787/787/787 767/767/767
f 767/767/767 787/787/787 765/765/765
f 787/787/787 787/787/787 765/765/765
f 765/765/765 787/787/787 764/764/764
f 787/787/787 788/788/788 764/764/764
f 764/764/764 788/788/788 760/760/760
f 788/788/788 788/788/788 760/760/760
f 760/760/760 788/788/788 759/759/759
f 788/788/788 783/783/783 759/759/759
f 759/759/759 783/783/783 759/759/759
f 783/783/783 784/784/784 759/759/759
f 759/759/759 784/784/784 758/758/758
f 784/784/784 784/784/784 758/758/758
f 758/758/758 784/784/784 757/757/757
f 784/784/784 789/789/789 757/757/757
f 757/757/757 789/789/789 785/785/785
f 789/789/789 789/789/789 785/785/785
f 785/785/785 789/789/789 790/790/790
f 789/789/789 789/789/789 790/790/790
f 790/790/790 789/789/789 791/791/791
f 789/789/789 784/784/784 791/791/791
f 791/791/791 784/784/784 791/791/791
f 784/784/784 792/792/792 791/791/791
f 791/791/791 792/792/792 793/793/793
f 792/792/792 794/794/794 793/793/793
f 793/793/793 794/794/794 793/793/793
f 794/794/794 795/795/795 793/793/793
f 793/793/793 795/795/795 793/793/793
f 795/795/795 796/796/796 793/793/793
f 793/793/793 796/796/796 793/793/793
f 796/796/796 797/797/797 793/793/793
f 793/793/793 797/797/797 798/798/798
f 797/797/797 799/799/799 798/798/798
f 798/798/798 799/799/799 798/798/798
f 799/799/799 790/790/790 798/798/798
f 798/798/798 790/790/790 798/798/798
f 790/790/790 791/791/791 798/798/798
f 798/798/798 791/791/791 793/793/793
f 791/791/791 793/793/793 793/793/793
f 793/793/793 793/793/793 781/781/781
f 793/793/793 781/781/781 781/781/781
f 781/781/781 781/781/781 786/786/786
f 781/781/781 783/783/783 786/786/786
f 786/786/786 783/783/783 786/786/786
f 783/783/783 788/788/788 786/786/786
f 786/786/786 788/788/788 787/787/787
f 788/788/788 787/787/787 787/787/787
f 787/787/787 787/787/787 797/797/797
f 787/787/787 797/797/797 797/797/797
f 797/797/797 797/797/797 799/799/799
f 797/797/797 800/800/800 799/799/799
f 799/799/799 800/800/800 801/801/801
f 800/800/800 802/802/802 801/801/801
f 801/801/801 802/802/802 802/802/802
f 802/802/802 803/803/803 802/802/802
f 802/802/802 803/803/803 803/803/803
f 803/803/803 804/804/804 803/803/803
f 803/803/803 804/804/804 805/805/805
f 804/804/804 806/806/806 805/805/805
f 805/805/805 806/806/806 807/807/807
f 806/806/806 808/808/808 807/807/807
f 807/807/807 808/808/808 807/807/807
f 808/808/808 809/809/809 807/807/807
f 807/807/807 809/809/809 810/810/810
f 809/809/809 811/811/811 810/810/810
f 810/810/810 811/811/811 812/812/812
f 811/811/811 811/811/811 812/812/812
f 812/812/812 811/811/811 813/813/813
f 811/811/811 814/814/814 813/813/813
f 813/813/813 814/814/814 718/718/718
f 814/814/814 814/814/814 718/718/718
f 718/718/718 814/814/814 717/717/717
f 814/814/814 815/815/815 717/717/717
f 717/717/717 815/815/815 717/717/717
f 815/815/815 816/816/816 717/717/717
f 817/817/817 817/817/817 803/803/803
f 817/817/817 803/803/803 803/803/803
f 803/803/803 803/803/803 804/804/804
f 803/803/803 818/818/818 804/804/804
f 804/804/804 818/818/818 819/819/819
f 818/818/818 820/820/820 819/819/819
f 819/819/819 820/820/820 821/821/821
f 820/820/820 821/821/821 821/821/821
f 821/821/821 821/821/821 718/718/718
f 821/821/821 718/718/718 718/718/718
f 718/718/718 718/718/718 813/813/813
f 718/718/718 719/719/719 813/813/813
f 813/813/813 719/719/719 719/719/719
f 719/719/719 815/815/815 719/719/719
f 719/719/719 815/815/815 815/815/815
f 815/815/815 814/814/814 815/815/815
f 815/815/815 814/814/814 822/822/822
f 814/814/814 811/811/811 822/822/822
f 822/822/822 811/811/811 823/823/823
f 811/811/811 809/809/809 823/823/823
f 823/823/823 809/809/809 808/808/808
f 809/809/809 808/808/808 808/808/808
f 808/808/808 808/808/808 824/824/824
f 825/825/825 826/826/826 826/826/826
f 827/827/827 828/828/828 827/827/827
f 827/827/827 828/828/828 829/829/829
f 828/828/828 828/828/828 829/829/829
f 829/829/829 828/828/828 830/830/830
f 828/828/828 831/831/831 830/830/830
f 832/832/832 833/833/833 833/833/833
f 833/833/833 833/833/833 834/834/834
f 838/838/838 839/839/839 840/840/840
f 839/839/839 840/840/840 840/840/840
f 840/840/840 840/840/840 841/841/841
f 840/840/840 841/841/841 841/841/841
f 841/841/841 841/841/841 842/842/842
f 841/841/841 843/843/843 842/842/842
f 842/842/842 843/843/843 844/844/844
f 843/843/843 844/844/844 844/844/844
f 844/844/844 844/844/844 845/845/845
f 851/851/851 850/850/850 850/850/850
f 867/867/867 867/867/867 868/868/868
f 868/868/868 867/867/867 869/869/869
f 867/867/867 867/867/867 869/869/869
f 869/869/869 867/867/867 870/870/870
f 867/867/867 867/867/867 870/870/870
f 873/873/873 874/874/874 875/875/875
f 887/887/887 887/887/887 888/888/888
f 901/901/901 903/903/903 902/902/902
f 905/905/905 908/908/908 907/907/907
f 907/907/907 908/908/908 908/908/908
f 908/908/908 848/848/848 908/908/908
f 911/911/911 911/911/911 912/912/912
f 911/911/911 911/911/911 913/913/913
f 914/914/914 915/915/915 915/915/915
f 915/915/915 916/916/916 915/915/915
f 915/915/915 916/916/916 916/916/916
f 916/916/916 917/917/917 916/916/916
f 916/916/916 917/917/917 918/918/918
f 917/917/917 918/918/918 918/918/918
f 918/918/918 918/918/918 918/918/918
f 918/918/918 918/918/918 918/918/918
f 918/918/918 918/918/918 919/919/919
f 918/918/918 920/920/920 919/919/919
f 919/919/919 920/920/920 920/920/920
f 920/920/920 921/921/921 920/920/920
f 920/920/920 921/921/921 921/921/921
f 921/921/921 922/922/922 921/921/921
f 921/921/921 922/922/922 923/923/923
f 922/922/922 923/923/923 923/923/923
f 923/923/923 923/923/923 923/923/923
f 923/923/923 923/923/923 923/923/923
f 923/923/923 923/923/923 924/924/924
f 923/923/923 925/925/925 924/924/924
f 924/924/924 925/925/925 925/925/925
f 925/925/925 926/926/926 925/925/925
f 925/925/925 926/926/926 926/926/926
f 926/926/926 927/927/927 926/926/926
f 926/926/926 927/927/927 923/923/923
f 927/927/927 928/928/928 923/923/923
f 923/923/923 928/928/928 928/928/928
f 928/928/928 929/929/929 928/928/928
f 928/928/928 929/929/929 929/929/929
f 929/929/929 930/930/930 929/929/929
f 929/929/929 930/930/930 931/931/931
f 930/930/930 932/932/932 931/931/931
