o floor
v -2.150315284729004 -7.44650411605835 -12.52328109741211
v -2.1393394470214844 -7.47305965423584 -13.325907707214355
v -2.150315284729004 -7.44650411605835 -13.325907707214355
v 1.4442853927612305 -7.44650411605835 -2.9288077354431152
v 1.4442853927612305 -7.44650411605835 -2.1261813640594482
v 1.433309555053711 -7.47305965423584 -2.9288077354431152
v 1.433309555053711 -7.47305965423584 -2.1261813640594482
v 1.419589638710022 -7.44650411605835 -2.1261813640594482
v 1.419589638710022 -7.44650411605835 -2.9288077354431152
v 1.433309555053711 -7.47305965423584 -2.9288077354431152
v 2.133021831512451 -7.44650411605835 7.9128241539001465
v 2.799806594848633 -7.44650411605835 7.9128241539001465
v 2.133021831512451 -7.494399070739746 7.999260902404785
v 2.799806594848633 -7.494399070739746 7.999260902404785
v 1.4442853927612305 -7.494399070739746 7.999260902404785
v 1.4442853927612305 -7.44650411605835 7.9128241539001465
v 2.1083261966705322 -7.494399070739746 7.999260902404785
v 2.1083261966705322 -7.44650411605835 7.9128241539001465
v 1.419589638710022 -7.44650411605835 7.9128241539001465
v 1.419589638710022 -7.494399070739746 7.999260902404785
v 0.17657126486301422 -7.44650411605835 7.9128241539001465
v 0.17657126486301422 -7.494399070739746 7.999260902404785
v -0.19386467337608337 -7.44650411605835 7.9128241539001465
v -0.19386467337608337 -7.494399070739746 7.999260902404785
v -1.4368830919265747 -7.494399070739746 7.999260902404785
v -1.4368830919265747 -7.44650411605835 7.9128241539001465
v -2.150315284729004 -7.44650411605835 7.9128241539001465
v -2.8171000480651855 -7.44650411605835 7.9128241539001465
v -2.150315284729004 -7.494399070739746 7.999260902404785
v -2.8171000480651855 -7.494399070739746 7.999260902404785
v -2.125619649887085 -7.44650411605835 7.9128241539001465
v -2.125619649887085 -7.494399070739746 7.999260902404785
v -1.4615788459777832 -7.44650411605835 7.9128241539001465
v -1.4615788459777832 -7.494399070739746 7.999260902404785
v 1.419589638710022 -7.44650411605835 -14.91881275177002
v 0.17657126486301422 -7.44650411605835 -14.91881275177002
v 1.419589638710022 -7.44650411605835 -14.128534317016602
v 0.17657126486301422 -7.44650411605835 -14.128534317016602
v 1.419589638710022 -7.44650411605835 -13.325907707214355
v -1.4368830919265747 -7.44650411605835 -14.91881275177002
v -0.19386467337608337 -7.44650411605835 -14.91881275177002
v -1.4368830919265747 -7.44650411605835 -14.128534317016602
v -0.19386467337608337 -7.44650411605835 -14.128534317016602
v -1.4368830919265747 -7.44650411605835 -13.325907707214355
v -0.19386467337608337 -7.44650411605835 -13.325907707214355
v -1.4368830919265747 -7.44650411605835 -12.52328109741211
v -0.19386467337608337 -7.44650411605835 -12.52328109741211
v -1.4368830919265747 -7.44650411605835 -11.72065544128418
v -0.19386467337608337 -7.44650411605835 -11.72065544128418
v -1.4368830919265747 -7.44650411605835 -10.930377006530762
v -0.19386467337608337 -7.44650411605835 -10.930377006530762
v -1.4368830919265747 -7.44650411605835 -10.127750396728516
v -0.19386467337608337 -7.44650411605835 -10.127750396728516
v -1.4368830919265747 -7.44650411605835 -9.32512378692627
v -0.19386467337608337 -7.44650411605835 -9.32512378692627
v -1.4368830919265747 -7.44650411605835 -8.534845352172852
v -0.19386467337608337 -7.44650411605835 -8.534845352172852
v -1.4368830919265747 -7.44650411605835 -7.7322187423706055
v -0.19386467337608337 -7.44650411605835 -7.7322187423706055
v -1.4368830919265747 -7.44650411605835 -6.929592132568359
v -0.19386467337608337 -7.44650411605835 -6.929592132568359
v -1.4368830919265747 -7.44650411605835 -6.139313697814941
v -0.19386467337608337 -7.44650411605835 -6.139313697814941
v -1.4368830919265747 -7.44650411605835 -5.336687088012695
v -0.19386467337608337 -7.44650411605835 -5.336687088012695
v -1.4368830919265747 -7.44650411605835 -4.534060955047607
v -0.19386467337608337 -7.44650411605835 -4.534060955047607
v -1.4368830919265747 -7.44650411605835 -3.7314343452453613
v -0.19386467337608337 -7.44650411605835 -3.7314343452453613
v -1.4368830919265747 -7.44650411605835 -2.9288077354431152
v -0.19386467337608337 -7.44650411605835 -2.9288077354431152
v -1.4368830919265747 -7.44650411605835 -2.1261813640594482
v -0.19386467337608337 -7.44650411605835 -2.1261813640594482
v -1.4368830919265747 -7.44650411605835 -1.3359029293060303
v -0.19386467337608337 -7.44650411605835 -1.3359029293060303
v -1.4368830919265747 -7.44650411605835 -0.533276379108429
v -0.19386467337608337 -7.44650411605835 -0.533276379108429
v -1.4368830919265747 -7.44650411605835 0.2693501114845276
v -0.19386467337608337 -7.44650411605835 0.2693501114845276
v -1.4368830919265747 -7.44650411605835 1.0596284866333008
v -0.19386467337608337 -7.44650411605835 1.0596284866333008
v -1.4368830919265747 -7.44650411605835 1.8622549772262573
v -0.19386467337608337 -7.44650411605835 1.8622549772262573
v -1.4368830919265747 -7.44650411605835 2.664881467819214
v -0.19386467337608337 -7.44650411605835 2.664881467819214
v -1.4368830919265747 -7.44650411605835 3.455159902572632
v -0.19386467337608337 -7.44650411605835 3.455159902572632
v -1.4368830919265747 -7.44650411605835 4.257786273956299
v -0.19386467337608337 -7.44650411605835 4.257786273956299
v 0.17657126486301422 -7.44650411605835 3.455159902572632
v 0.17657126486301422 -7.44650411605835 4.257786273956299
v 1.419589638710022 -7.44650411605835 4.257786273956299
v 1.419589638710022 -7.44650411605835 3.455159902572632
v 0.17657126486301422 -7.44650411605835 2.664881467819214
v 0.17657126486301422 -7.44650411605835 1.8622549772262573
v 1.419589638710022 -7.44650411605835 2.664881467819214
v 1.419589638710022 -7.44650411605835 1.8622549772262573
v 0.17657126486301422 -7.44650411605835 1.0596284866333008
v 1.419589638710022 -7.44650411605835 1.0596284866333008
v 0.17657126486301422 -7.44650411605835 0.2693501114845276
v 1.419589638710022 -7.44650411605835 0.2693501114845276
v 0.17657126486301422 -7.44650411605835 -0.533276379108429
v 0.17657126486301422 -7.44650411605835 -1.3359029293060303
v 1.419589638710022 -7.44650411605835 -0.533276379108429
v 1.419589638710022 -7.44650411605835 -1.3359029293060303
v 0.17657126486301422 -7.44650411605835 -2.1261813640594482
v 1.419589638710022 -7.44650411605835 -2.1261813640594482
v 0.17657126486301422 -7.44650411605835 -2.9288077354431152
v 1.419589638710022 -7.44650411605835 -2.9288077354431152
v 0.17657126486301422 -7.44650411605835 -3.7314343452453613
v 0.17657126486301422 -7.44650411605835 -4.534060955047607
v 1.419589638710022 -7.44650411605835 -3.7314343452453613
v 1.419589638710022 -7.44650411605835 -4.534060955047607
v 0.17657126486301422 -7.44650411605835 -5.336687088012695
v 1.419589638710022 -7.44650411605835 -5.336687088012695
v 0.17657126486301422 -7.44650411605835 -6.139313697814941
v 1.419589638710022 -7.44650411605835 -6.139313697814941
v 0.17657126486301422 -7.44650411605835 -6.929592132568359
v 0.17657126486301422 -7.44650411605835 -7.7322187423706055
v 1.419589638710022 -7.44650411605835 -6.929592132568359
v 1.419589638710022 -7.44650411605835 -7.7322187423706055
v 0.17657126486301422 -7.44650411605835 -8.534845352172852
v 1.419589638710022 -7.44650411605835 -8.534845352172852
v 0.17657126486301422 -7.44650411605835 -9.32512378692627
v 1.419589638710022 -7.44650411605835 -9.32512378692627
v 0.17657126486301422 -7.44650411605835 -10.127750396728516
v 0.17657126486301422 -7.44650411605835 -10.930377006530762
v 1.419589638710022 -7.44650411605835 -10.127750396728516
v 1.419589638710022 -7.44650411605835 -10.930377006530762
v 0.17657126486301422 -7.44650411605835 -11.72065544128418
v 1.419589638710022 -7.44650411605835 -11.72065544128418
v 0.17657126486301422 -7.44650411605835 -12.52328109741211
v 1.419589638710022 -7.44650411605835 -12.52328109741211
v 0.17657126486301422 -7.44650411605835 -13.325907707214355
v -1.4368830919265747 -7.44650411605835 6.319919109344482
v -0.19386467337608337 -7.44650411605835 6.319919109344482
v -1.4368830919265747 -7.44650411605835 7.1101975440979
v -0.19386467337608337 -7.44650411605835 7.1101975440979
v -1.4368830919265747 -7.44650411605835 7.9128241539001465
v -0.19386467337608337 -7.44650411605835 7.9128241539001465
v 0.17657126486301422 -7.44650411605835 7.1101975440979
v 0.17657126486301422 -7.44650411605835 7.9128241539001465
v 1.419589638710022 -7.44650411605835 7.9128241539001465
v 1.419589638710022 -7.44650411605835 7.1101975440979
v 0.17657126486301422 -7.44650411605835 6.319919109344482
v 1.419589638710022 -7.44650411605835 6.319919109344482
v 2.133021831512451 -7.44650411605835 7.9128241539001465
v 2.799806594848633 -7.44650411605835 7.9128241539001465
v 2.133021831512451 -7.44650411605835 7.1101975440979
v 2.799806594848633 -7.44650411605835 7.1101975440979
v 2.133021831512451 -7.44650411605835 6.319919109344482
v 2.799806594848633 -7.44650411605835 6.319919109344482
v 2.133021831512451 -7.44650411605835 4.257786273956299
v 2.799806594848633 -7.44650411605835 4.257786273956299
v 2.133021831512451 -7.44650411605835 3.455159902572632
v 2.799806594848633 -7.44650411605835 3.455159902572632
v 2.133021831512451 -7.44650411605835 2.664881467819214
v 2.799806594848633 -7.44650411605835 2.664881467819214
v 2.133021831512451 -7.44650411605835 1.8622549772262573
v 2.799806594848633 -7.44650411605835 1.8622549772262573
v 2.133021831512451 -7.44650411605835 1.0596284866333008
v 2.799806594848633 -7.44650411605835 1.0596284866333008
v 2.133021831512451 -7.44650411605835 0.2693501114845276
v 2.799806594848633 -7.44650411605835 0.2693501114845276
v 2.133021831512451 -7.44650411605835 -0.533276379108429
v 2.799806594848633 -7.44650411605835 -0.533276379108429
v 2.133021831512451 -7.44650411605835 -1.3359029293060303
v 2.799806594848633 -7.44650411605835 -1.3359029293060303
v 2.133021831512451 -7.44650411605835 -2.1261813640594482
v 2.799806594848633 -7.44650411605835 -2.1261813640594482
v 2.133021831512451 -7.44650411605835 -2.9288077354431152
v 2.799806594848633 -7.44650411605835 -2.9288077354431152
v 2.133021831512451 -7.44650411605835 -3.7314343452453613
v 2.799806594848633 -7.44650411605835 -3.7314343452453613
v 2.133021831512451 -7.44650411605835 -4.534060955047607
v 2.799806594848633 -7.44650411605835 -4.534060955047607
v 2.133021831512451 -7.44650411605835 -5.336687088012695
v 2.799806594848633 -7.44650411605835 -5.336687088012695
v 2.133021831512451 -7.44650411605835 -6.139313697814941
v 2.799806594848633 -7.44650411605835 -6.139313697814941
v 2.133021831512451 -7.44650411605835 -6.929592132568359
v 2.799806594848633 -7.44650411605835 -6.929592132568359
v 2.133021831512451 -7.44650411605835 -7.7322187423706055
v 2.799806594848633 -7.44650411605835 -7.7322187423706055
v 2.133021831512451 -7.44650411605835 -8.534845352172852
v 2.799806594848633 -7.44650411605835 -8.534845352172852
v 2.133021831512451 -7.44650411605835 -9.32512378692627
v 2.799806594848633 -7.44650411605835 -9.32512378692627
v 2.133021831512451 -7.44650411605835 -10.127750396728516
v 2.799806594848633 -7.44650411605835 -10.127750396728516
v 2.133021831512451 -7.44650411605835 -10.930377006530762
v 2.799806594848633 -7.44650411605835 -10.930377006530762
v 2.133021831512451 -7.44650411605835 -11.72065544128418
v 2.799806594848633 -7.44650411605835 -11.72065544128418
v 2.133021831512451 -7.44650411605835 -12.52328109741211
v 2.799806594848633 -7.44650411605835 -12.52328109741211
v 2.7119996547698975 -7.44650411605835 -13.325907707214355
v 2.133021831512451 -7.44650411605835 -13.325907707214355
v 2.6187045574188232 -7.44650411605835 -14.128534317016602
v 2.133021831512451 -7.44650411605835 -14.128534317016602
v 2.4952259063720703 -7.44650411605835 -14.91881275177002
v 2.133021831512451 -7.44650411605835 -14.91881275177002
v 1.4442853927612305 -7.44650411605835 7.9128241539001465
v 1.4442853927612305 -7.44650411605835 7.1101975440979
v 2.1083261966705322 -7.44650411605835 7.9128241539001465
v 2.1083261966705322 -7.44650411605835 7.1101975440979
v 1.4442853927612305 -7.44650411605835 6.319919109344482
v 2.1083261966705322 -7.44650411605835 6.319919109344482
v 1.4442853927612305 -7.44650411605835 4.257786273956299
v 2.1083261966705322 -7.44650411605835 4.257786273956299
v 1.4442853927612305 -7.44650411605835 3.455159902572632
v 2.1083261966705322 -7.44650411605835 3.455159902572632
v 1.4442853927612305 -7.44650411605835 2.664881467819214
v 2.1083261966705322 -7.44650411605835 2.664881467819214
v 1.4442853927612305 -7.44650411605835 1.8622549772262573
v 2.1083261966705322 -7.44650411605835 1.8622549772262573
v 1.4442853927612305 -7.44650411605835 1.0596284866333008
v 2.1083261966705322 -7.44650411605835 1.0596284866333008
v 1.4442853927612305 -7.44650411605835 0.2693501114845276
v 2.1083261966705322 -7.44650411605835 0.2693501114845276
v 1.4442853927612305 -7.44650411605835 -0.533276379108429
v 2.1083261966705322 -7.44650411605835 -0.533276379108429
v 1.4442853927612305 -7.44650411605835 -1.3359029293060303
v 2.1083261966705322 -7.44650411605835 -1.3359029293060303
v 1.4442853927612305 -7.44650411605835 -2.1261813640594482
v 2.1083261966705322 -7.44650411605835 -2.1261813640594482
v 1.4442853927612305 -7.44650411605835 -2.9288077354431152
v 2.1083261966705322 -7.44650411605835 -2.9288077354431152
v 1.4442853927612305 -7.44650411605835 -3.7314343452453613
v 2.1083261966705322 -7.44650411605835 -3.7314343452453613
v 1.4442853927612305 -7.44650411605835 -4.534060955047607
v 2.1083261966705322 -7.44650411605835 -4.534060955047607
v 1.4442853927612305 -7.44650411605835 -5.336687088012695
v 2.1083261966705322 -7.44650411605835 -5.336687088012695
v 1.4442853927612305 -7.44650411605835 -6.139313697814941
v 2.1083261966705322 -7.44650411605835 -6.139313697814941
v 1.4442853927612305 -7.44650411605835 -6.929592132568359
v 2.1083261966705322 -7.44650411605835 -6.929592132568359
v 1.4442853927612305 -7.44650411605835 -7.7322187423706055
v 2.1083261966705322 -7.44650411605835 -7.7322187423706055
v 1.4442853927612305 -7.44650411605835 -8.534845352172852
v 2.1083261966705322 -7.44650411605835 -8.534845352172852
v 1.4442853927612305 -7.44650411605835 -9.32512378692627
v 2.1083261966705322 -7.44650411605835 -9.32512378692627
v 1.4442853927612305 -7.44650411605835 -10.127750396728516
v 2.1083261966705322 -7.44650411605835 -10.127750396728516
v 1.4442853927612305 -7.44650411605835 -10.930377006530762
v 2.1083261966705322 -7.44650411605835 -10.930377006530762
v 1.4442853927612305 -7.44650411605835 -11.72065544128418
v 2.1083261966705322 -7.44650411605835 -11.72065544128418
v 1.4442853927612305 -7.44650411605835 -12.52328109741211
v 2.1083261966705322 -7.44650411605835 -12.52328109741211
v 1.4442853927612305 -7.44650411605835 -13.325907707214355
v 2.1083261966705322 -7.44650411605835 -13.325907707214355
v 1.4442853927612305 -7.44650411605835 -14.128534317016602
v 2.1083261966705322 -7.44650411605835 -14.128534317016602
v 1.4442853927612305 -7.44650411605835 -14.91881275177002
v 2.1083261966705322 -7.44650411605835 -14.91881275177002
v 1.419589638710022 -7.44650411605835 -2.9288077354431152
v 1.433309555053711 -7.47305965423584 -2.9288077354431152
v 1.419589638710022 -7.44650411605835 -3.7314343452453613
v 1.433309555053711 -7.47305965423584 -3.7314343452453613
v 1.4442853927612305 -7.44650411605835 -2.9288077354431152
v 1.4442853927612305 -7.44650411605835 -3.7314343452453613
v 1.433309555053711 -7.47305965423584 -4.534060955047607
v 1.4442853927612305 -7.44650411605835 -4.534060955047607
v 1.433309555053711 -7.47305965423584 -5.336687088012695
v 1.4442853927612305 -7.44650411605835 -5.336687088012695
v 1.433309555053711 -7.47305965423584 -6.139313697814941
v 1.4442853927612305 -7.44650411605835 -6.139313697814941
v 1.433309555053711 -7.47305965423584 -6.929592132568359
v 1.4442853927612305 -7.44650411605835 -6.929592132568359
v 1.433309555053711 -7.47305965423584 -7.7322187423706055
v 1.4442853927612305 -7.44650411605835 -7.7322187423706055
v 1.433309555053711 -7.47305965423584 -8.534845352172852
v 1.4442853927612305 -7.44650411605835 -8.534845352172852
v 1.433309555053711 -7.47305965423584 -9.32512378692627
v 1.4442853927612305 -7.44650411605835 -9.32512378692627
v 1.433309555053711 -7.47305965423584 -10.127750396728516
v 1.4442853927612305 -7.44650411605835 -10.127750396728516
v 1.433309555053711 -7.47305965423584 -10.930377006530762
v 1.4442853927612305 -7.44650411605835 -10.930377006530762
v 1.433309555053711 -7.47305965423584 -11.72065544128418
v 1.4442853927612305 -7.44650411605835 -11.72065544128418
v 1.433309555053711 -7.47305965423584 -12.52328109741211
v 1.4442853927612305 -7.44650411605835 -12.52328109741211
v 1.433309555053711 -7.47305965423584 -13.325907707214355
v 1.4442853927612305 -7.44650411605835 -13.325907707214355
v 1.433309555053711 -7.47305965423584 -14.128534317016602
v 1.4442853927612305 -7.44650411605835 -14.128534317016602
v 1.433309555053711 -7.47305965423584 -14.91881275177002
v 1.4442853927612305 -7.44650411605835 -14.91881275177002
v 1.4442853927612305 -7.44650411605835 -17.277299880981445
v 1.433309555053711 -7.47305965423584 -17.277299880981445
v 1.419589638710022 -7.44650411605835 -14.91881275177002
v 1.419589638710022 -7.44650411605835 -17.277299880981445
v 1.419589638710022 -7.44650411605835 -14.128534317016602
v 1.419589638710022 -7.44650411605835 -13.325907707214355
v 1.419589638710022 -7.44650411605835 -12.52328109741211
v 1.419589638710022 -7.44650411605835 -11.72065544128418
v 1.419589638710022 -7.44650411605835 -10.930377006530762
v 1.419589638710022 -7.44650411605835 -10.127750396728516
v 1.419589638710022 -7.44650411605835 -9.32512378692627
v 1.419589638710022 -7.44650411605835 -8.534845352172852
v 1.419589638710022 -7.44650411605835 -7.7322187423706055
v 1.419589638710022 -7.44650411605835 -6.929592132568359
v 1.419589638710022 -7.44650411605835 -6.139313697814941
v 1.419589638710022 -7.44650411605835 -5.336687088012695
v 1.419589638710022 -7.44650411605835 -4.534060955047607
v 1.4442853927612305 -7.44650411605835 -2.1261813640594482
v 1.433309555053711 -7.47305965423584 -2.1261813640594482
v 1.4442853927612305 -7.44650411605835 -1.3359029293060303
v 1.433309555053711 -7.47305965423584 -1.3359029293060303
v 1.419589638710022 -7.44650411605835 -2.1261813640594482
v 1.419589638710022 -7.44650411605835 -1.3359029293060303
v 1.433309555053711 -7.47305965423584 -0.533276379108429
v 1.419589638710022 -7.44650411605835 -0.533276379108429
v 1.433309555053711 -7.47305965423584 0.2693501114845276
v 1.419589638710022 -7.44650411605835 0.2693501114845276
v 1.433309555053711 -7.47305965423584 1.0596284866333008
v 1.419589638710022 -7.44650411605835 1.0596284866333008
v 1.433309555053711 -7.47305965423584 1.8622549772262573
v 1.419589638710022 -7.44650411605835 1.8622549772262573
v 1.433309555053711 -7.47305965423584 2.664881467819214
v 1.419589638710022 -7.44650411605835 2.664881467819214
v 1.433309555053711 -7.47305965423584 3.455159902572632
v 1.419589638710022 -7.44650411605835 3.455159902572632
v 1.433309555053711 -7.47305965423584 4.257786273956299
v 1.419589638710022 -7.44650411605835 4.257786273956299
v 1.433309555053711 -7.47305965423584 6.319919109344482
v 1.419589638710022 -7.44650411605835 6.319919109344482
v 1.433309555053711 -7.47305965423584 7.1101975440979
v 1.419589638710022 -7.44650411605835 7.1101975440979
v 1.433309555053711 -7.47305965423584 7.9128241539001465
v 1.419589638710022 -7.44650411605835 7.9128241539001465
v 1.419589638710022 -7.494399070739746 7.999260902404785
v 1.433309555053711 -7.50945520401001 7.986912727355957
v 1.419589638710022 -7.68917989730835 7.999260902404785
v 1.433309555053711 -7.68917989730835 7.986912727355957
v 1.4442853927612305 -7.68917989730835 7.999260902404785
v 1.4442853927612305 -7.494399070739746 7.999260902404785
v 1.4442853927612305 -7.44650411605835 7.9128241539001465
v 1.4442853927612305 -7.44650411605835 7.1101975440979
v 1.4442853927612305 -7.44650411605835 6.319919109344482
v 1.4442853927612305 -7.44650411605835 4.257786273956299
v 1.4442853927612305 -7.44650411605835 3.455159902572632
v 1.4442853927612305 -7.44650411605835 2.664881467819214
v 1.4442853927612305 -7.44650411605835 1.8622549772262573
v 1.4442853927612305 -7.44650411605835 1.0596284866333008
v 1.4442853927612305 -7.44650411605835 0.2693501114845276
v 1.4442853927612305 -7.44650411605835 -0.533276379108429
v -2.150315284729004 -7.44650411605835 7.9128241539001465
v -2.150315284729004 -7.44650411605835 7.1101975440979
v -2.8171000480651855 -7.44650411605835 7.9128241539001465
v -2.8171000480651855 -7.44650411605835 7.1101975440979
v -2.150315284729004 -7.44650411605835 6.319919109344482
v -2.8171000480651855 -7.44650411605835 6.319919109344482
v -2.150315284729004 -7.44650411605835 6.319919109344482
v -2.8171000480651855 -7.44650411605835 6.319919109344482
v -2.150315284729004 -7.44650411605835 4.257786273956299
v -2.8171000480651855 -7.44650411605835 4.257786273956299
v -2.150315284729004 -7.44650411605835 3.455159902572632
v -2.8171000480651855 -7.44650411605835 3.455159902572632
v -2.150315284729004 -7.44650411605835 2.664881467819214
v -2.8171000480651855 -7.44650411605835 2.664881467819214
v -2.150315284729004 -7.44650411605835 1.8622549772262573
v -2.8171000480651855 -7.44650411605835 1.8622549772262573
v -2.150315284729004 -7.44650411605835 1.0596284866333008
v -2.8171000480651855 -7.44650411605835 1.0596284866333008
v -2.150315284729004 -7.44650411605835 0.2693501114845276
v -2.8171000480651855 -7.44650411605835 0.2693501114845276
v -2.150315284729004 -7.44650411605835 -0.533276379108429
v -2.8171000480651855 -7.44650411605835 -0.533276379108429
v -2.150315284729004 -7.44650411605835 -1.3359029293060303
v -2.8171000480651855 -7.44650411605835 -1.3359029293060303
v -2.150315284729004 -7.44650411605835 -2.1261813640594482
v -2.8171000480651855 -7.44650411605835 -2.1261813640594482
v -2.150315284729004 -7.44650411605835 -2.9288077354431152
v -2.8171000480651855 -7.44650411605835 -2.9288077354431152
v -2.150315284729004 -7.44650411605835 -3.7314343452453613
v -2.8171000480651855 -7.44650411605835 -3.7314343452453613
v -2.150315284729004 -7.44650411605835 -4.534060955047607
v -2.8171000480651855 -7.44650411605835 -4.534060955047607
v -2.150315284729004 -7.44650411605835 -5.336687088012695
v -2.8171000480651855 -7.44650411605835 -5.336687088012695
v -2.150315284729004 -7.44650411605835 -6.139313697814941
v -2.8171000480651855 -7.44650411605835 -6.139313697814941
v -2.150315284729004 -7.44650411605835 -6.929592132568359
v -2.8171000480651855 -7.44650411605835 -6.929592132568359
v -2.150315284729004 -7.44650411605835 -7.7322187423706055
v -2.8171000480651855 -7.44650411605835 -7.7322187423706055
v -2.150315284729004 -7.44650411605835 -8.534845352172852
v -2.8171000480651855 -7.44650411605835 -8.534845352172852
v -2.150315284729004 -7.44650411605835 -9.32512378692627
v -2.8171000480651855 -7.44650411605835 -9.32512378692627
v -2.150315284729004 -7.44650411605835 -10.127750396728516
v -2.8171000480651855 -7.44650411605835 -10.127750396728516
v -2.150315284729004 -7.44650411605835 -10.930377006530762
v -2.8171000480651855 -7.44650411605835 -10.930377006530762
v -2.150315284729004 -7.44650411605835 -11.72065544128418
v -2.8171000480651855 -7.44650411605835 -11.72065544128418
v -2.150315284729004 -7.44650411605835 -12.52328109741211
v -2.8171000480651855 -7.44650411605835 -12.52328109741211
v -2.729292869567871 -7.44650411605835 -13.325907707214355
v -2.150315284729004 -7.44650411605835 -13.325907707214355
v -2.611302137374878 -7.44650411605835 -14.128534317016602
v -2.150315284729004 -7.44650411605835 -14.128534317016602
v -2.4521520137786865 -7.44650411605835 -14.91881275177002
v -2.150315284729004 -7.44650411605835 -14.91881275177002
v -1.4615788459777832 -7.44650411605835 7.9128241539001465
v -1.4615788459777832 -7.44650411605835 7.1101975440979
v -2.125619649887085 -7.44650411605835 7.9128241539001465
v -2.125619649887085 -7.44650411605835 7.1101975440979
v -1.4615788459777832 -7.44650411605835 6.319919109344482
v -2.125619649887085 -7.44650411605835 6.319919109344482
v -1.4615788459777832 -7.44650411605835 4.257786273956299
v -2.125619649887085 -7.44650411605835 4.257786273956299
v -1.4615788459777832 -7.44650411605835 3.455159902572632
v -2.125619649887085 -7.44650411605835 3.455159902572632
v -1.4615788459777832 -7.44650411605835 2.664881467819214
v -2.125619649887085 -7.44650411605835 2.664881467819214
v -1.4615788459777832 -7.44650411605835 1.8622549772262573
v -2.125619649887085 -7.44650411605835 1.8622549772262573
v -1.4615788459777832 -7.44650411605835 1.0596284866333008
v -2.125619649887085 -7.44650411605835 1.0596284866333008
v -1.4615788459777832 -7.44650411605835 0.2693501114845276
v -2.125619649887085 -7.44650411605835 0.2693501114845276
v -1.4615788459777832 -7.44650411605835 -0.533276379108429
v -2.125619649887085 -7.44650411605835 -0.533276379108429
v -1.4615788459777832 -7.44650411605835 -1.3359029293060303
v -2.125619649887085 -7.44650411605835 -1.3359029293060303
v -1.4615788459777832 -7.44650411605835 -2.1261813640594482
v -2.125619649887085 -7.44650411605835 -2.1261813640594482
v -1.4615788459777832 -7.44650411605835 -2.9288077354431152
v -2.125619649887085 -7.44650411605835 -2.9288077354431152
v -1.4615788459777832 -7.44650411605835 -3.7314343452453613
v -2.125619649887085 -7.44650411605835 -3.7314343452453613
v -1.4615788459777832 -7.44650411605835 -4.534060955047607
v -2.125619649887085 -7.44650411605835 -4.534060955047607
v -1.4615788459777832 -7.44650411605835 -5.336687088012695
v -2.125619649887085 -7.44650411605835 -5.336687088012695
v -1.4615788459777832 -7.44650411605835 -6.139313697814941
v -2.125619649887085 -7.44650411605835 -6.139313697814941
v -1.4615788459777832 -7.44650411605835 -6.929592132568359
v -2.125619649887085 -7.44650411605835 -6.929592132568359
v -1.4615788459777832 -7.44650411605835 -7.7322187423706055
v -2.125619649887085 -7.44650411605835 -7.7322187423706055
v -1.4615788459777832 -7.44650411605835 -8.534845352172852
v -2.125619649887085 -7.44650411605835 -8.534845352172852
v -1.4615788459777832 -7.44650411605835 -9.32512378692627
v -2.125619649887085 -7.44650411605835 -9.32512378692627
v -1.4615788459777832 -7.44650411605835 -10.127750396728516
v -2.125619649887085 -7.44650411605835 -10.127750396728516
v -1.4615788459777832 -7.44650411605835 -10.930377006530762
v -2.125619649887085 -7.44650411605835 -10.930377006530762
v -1.4615788459777832 -7.44650411605835 -11.72065544128418
v -2.125619649887085 -7.44650411605835 -11.72065544128418
v -1.4615788459777832 -7.44650411605835 -12.52328109741211
v -2.125619649887085 -7.44650411605835 -12.52328109741211
v -1.4615788459777832 -7.44650411605835 -13.325907707214355
v -2.125619649887085 -7.44650411605835 -13.325907707214355
v -1.4615788459777832 -7.44650411605835 -14.128534317016602
v -2.125619649887085 -7.44650411605835 -14.128534317016602
v -1.4615788459777832 -7.44650411605835 -14.91881275177002
v -2.125619649887085 -7.44650411605835 -14.91881275177002
v -1.746951699256897 -7.44650411605835 -17.277299880981445
v -2.125619649887085 -7.44650411605835 -14.91881275177002
v -2.1393394470214844 -7.47305965423584 -14.91881275177002
v -2.1393394470214844 -7.47305965423584 -14.128534317016602
v -2.150315284729004 -7.44650411605835 -14.128534317016602
v -2.150315284729004 -7.44650411605835 -13.325907707214355
v -2.1393394470214844 -7.47305965423584 -13.325907707214355
v -2.125619649887085 -7.44650411605835 -14.128534317016602
v -2.125619649887085 -7.44650411605835 -13.325907707214355
v -2.1393394470214844 -7.47305965423584 -12.52328109741211
v -2.150315284729004 -7.44650411605835 -12.52328109741211
v -2.150315284729004 -7.44650411605835 -11.72065544128418
v -2.1393394470214844 -7.47305965423584 -11.72065544128418
v -2.150315284729004 -7.44650411605835 -10.930377006530762
v -2.1393394470214844 -7.47305965423584 -10.930377006530762
v -2.150315284729004 -7.44650411605835 -10.127750396728516
v -2.1393394470214844 -7.47305965423584 -10.127750396728516
v -2.150315284729004 -7.44650411605835 -9.32512378692627
v -2.1393394470214844 -7.47305965423584 -9.32512378692627
v -2.150315284729004 -7.44650411605835 -8.534845352172852
v -2.1393394470214844 -7.47305965423584 -8.534845352172852
v -2.150315284729004 -7.44650411605835 -7.7322187423706055
v -2.1393394470214844 -7.47305965423584 -7.7322187423706055
v -2.150315284729004 -7.44650411605835 -6.929592132568359
v -2.1393394470214844 -7.47305965423584 -6.929592132568359
v -2.150315284729004 -7.44650411605835 -6.139313697814941
v -2.1393394470214844 -7.47305965423584 -6.139313697814941
v -2.150315284729004 -7.44650411605835 -5.336687088012695
v -2.1393394470214844 -7.47305965423584 -5.336687088012695
v -2.150315284729004 -7.44650411605835 -4.534060955047607
v -2.1393394470214844 -7.47305965423584 -4.534060955047607
v -2.150315284729004 -7.44650411605835 -3.7314343452453613
v -2.1393394470214844 -7.47305965423584 -3.7314343452453613
v -2.150315284729004 -7.44650411605835 -2.9288077354431152
v -2.1393394470214844 -7.47305965423584 -2.9288077354431152
v -2.150315284729004 -7.44650411605835 -2.1261813640594482
v -2.1393394470214844 -7.47305965423584 -2.1261813640594482
v -2.150315284729004 -7.44650411605835 -1.3359029293060303
v -2.1393394470214844 -7.47305965423584 -1.3359029293060303
v -2.150315284729004 -7.44650411605835 -0.533276379108429
v -2.1393394470214844 -7.47305965423584 -0.533276379108429
v -2.150315284729004 -7.44650411605835 0.2693501114845276
v -2.1393394470214844 -7.47305965423584 0.2693501114845276
v -2.150315284729004 -7.44650411605835 1.0596284866333008
v -2.1393394470214844 -7.47305965423584 1.0596284866333008
v -2.150315284729004 -7.44650411605835 1.8622549772262573
v -2.1393394470214844 -7.47305965423584 1.8622549772262573
v -2.150315284729004 -7.44650411605835 2.664881467819214
v -2.1393394470214844 -7.47305965423584 2.664881467819214
v -2.150315284729004 -7.44650411605835 3.455159902572632
v -2.1393394470214844 -7.47305965423584 3.455159902572632
v -2.150315284729004 -7.44650411605835 4.257786273956299
v -2.1393394470214844 -7.47305965423584 4.257786273956299
v -2.150315284729004 -7.44650411605835 6.319919109344482
v -2.1393394470214844 -7.47305965423584 6.319919109344482
v -2.150315284729004 -7.44650411605835 7.1101975440979
v -2.1393394470214844 -7.47305965423584 7.1101975440979
v -2.150315284729004 -7.44650411605835 7.9128241539001465
v -2.1393394470214844 -7.47305965423584 7.9128241539001465
v -2.150315284729004 -7.494399070739746 7.999260902404785
v -2.1393394470214844 -7.50945520401001 7.986912727355957
v -2.150315284729004 -7.68917989730835 7.999260902404785
v -2.1393394470214844 -7.68917989730835 7.986912727355957
v -2.125619649887085 -7.68917989730835 7.999260902404785
v -2.125619649887085 -7.494399070739746 7.999260902404785
v -2.125619649887085 -7.44650411605835 7.9128241539001465
v -2.125619649887085 -7.44650411605835 7.1101975440979
v -2.125619649887085 -7.44650411605835 6.319919109344482
v -2.125619649887085 -7.44650411605835 4.257786273956299
v -2.125619649887085 -7.44650411605835 3.455159902572632
v -2.125619649887085 -7.44650411605835 2.664881467819214
v -2.125619649887085 -7.44650411605835 1.8622549772262573
v -2.125619649887085 -7.44650411605835 1.0596284866333008
v -2.125619649887085 -7.44650411605835 0.2693501114845276
v -2.125619649887085 -7.44650411605835 -0.533276379108429
v -2.125619649887085 -7.44650411605835 -1.3359029293060303
v -2.125619649887085 -7.44650411605835 -2.1261813640594482
v -2.125619649887085 -7.44650411605835 -2.9288077354431152
v -2.125619649887085 -7.44650411605835 -3.7314343452453613
v -2.125619649887085 -7.44650411605835 -4.534060955047607
v -2.125619649887085 -7.44650411605835 -5.336687088012695
v -2.125619649887085 -7.44650411605835 -6.139313697814941
v -2.125619649887085 -7.44650411605835 -6.929592132568359
v -2.125619649887085 -7.44650411605835 -7.7322187423706055
v -2.125619649887085 -7.44650411605835 -8.534845352172852
v -2.125619649887085 -7.44650411605835 -9.32512378692627
v -2.125619649887085 -7.44650411605835 -10.127750396728516
v -2.125619649887085 -7.44650411605835 -10.930377006530762
v -2.125619649887085 -7.44650411605835 -11.72065544128418
v -2.125619649887085 -7.44650411605835 -12.52328109741211
v -2.150315284729004 -7.44650411605835 -14.91881275177002
v -1.7606714963912964 -7.47305965423584 -17.277299880981445
v -1.7716474533081055 -7.44650411605835 -17.277299880981445
v -1.4368830919265747 -7.44650411605835 -17.277299880981445
v -1.4368830919265747 -7.44650411605835 -14.91881275177002
v -1.4478589296340942 -7.47305965423584 -14.91881275177002
v -1.4478589296340942 -7.47305965423584 -14.128534317016602
v -1.4368830919265747 -7.44650411605835 -14.128534317016602
v -1.4478589296340942 -7.47305965423584 -13.325907707214355
v -1.4368830919265747 -7.44650411605835 -13.325907707214355
v -1.4478589296340942 -7.47305965423584 -12.52328109741211
v -1.4368830919265747 -7.44650411605835 -12.52328109741211
v -1.4478589296340942 -7.47305965423584 -11.72065544128418
v -1.4368830919265747 -7.44650411605835 -11.72065544128418
v -1.4478589296340942 -7.47305965423584 -10.930377006530762
v -1.4368830919265747 -7.44650411605835 -10.930377006530762
v -1.4478589296340942 -7.47305965423584 -10.127750396728516
v -1.4368830919265747 -7.44650411605835 -10.127750396728516
v -1.4478589296340942 -7.47305965423584 -9.32512378692627
v -1.4368830919265747 -7.44650411605835 -9.32512378692627
v -1.4478589296340942 -7.47305965423584 -8.534845352172852
v -1.4368830919265747 -7.44650411605835 -8.534845352172852
v -1.4478589296340942 -7.47305965423584 -7.7322187423706055
v -1.4368830919265747 -7.44650411605835 -7.7322187423706055
v -1.4478589296340942 -7.47305965423584 -6.929592132568359
v -1.4368830919265747 -7.44650411605835 -6.929592132568359
v -1.4478589296340942 -7.47305965423584 -6.139313697814941
v -1.4368830919265747 -7.44650411605835 -6.139313697814941
v -1.4478589296340942 -7.47305965423584 -5.336687088012695
v -1.4368830919265747 -7.44650411605835 -5.336687088012695
v -1.4478589296340942 -7.47305965423584 -4.534060955047607
v -1.4368830919265747 -7.44650411605835 -4.534060955047607
v -1.4478589296340942 -7.47305965423584 -3.7314343452453613
v -1.4368830919265747 -7.44650411605835 -3.7314343452453613
v -1.4478589296340942 -7.47305965423584 -2.9288077354431152
v -1.4368830919265747 -7.44650411605835 -2.9288077354431152
v -1.4478589296340942 -7.47305965423584 -2.1261813640594482
v -1.4368830919265747 -7.44650411605835 -2.1261813640594482
v -1.4478589296340942 -7.47305965423584 -1.3359029293060303
v -1.4368830919265747 -7.44650411605835 -1.3359029293060303
v -1.4478589296340942 -7.47305965423584 -0.533276379108429
v -1.4368830919265747 -7.44650411605835 -0.533276379108429
v -1.4478589296340942 -7.47305965423584 0.2693501114845276
v -1.4368830919265747 -7.44650411605835 0.2693501114845276
v -1.4478589296340942 -7.47305965423584 1.0596284866333008
v -1.4368830919265747 -7.44650411605835 1.0596284866333008
v -1.4478589296340942 -7.47305965423584 1.8622549772262573
v -1.4368830919265747 -7.44650411605835 1.8622549772262573
v -1.4478589296340942 -7.47305965423584 2.664881467819214
v -1.4368830919265747 -7.44650411605835 2.664881467819214
v -1.4478589296340942 -7.47305965423584 3.455159902572632
v -1.4368830919265747 -7.44650411605835 3.455159902572632
v -1.4478589296340942 -7.47305965423584 4.257786273956299
v -1.4368830919265747 -7.44650411605835 4.257786273956299
v -1.4478589296340942 -7.47305965423584 6.319919109344482
v -1.4368830919265747 -7.44650411605835 6.319919109344482
v -1.4478589296340942 -7.47305965423584 7.1101975440979
v -1.4368830919265747 -7.44650411605835 7.1101975440979
v -1.4478589296340942 -7.47305965423584 7.9128241539001465
v -1.4368830919265747 -7.44650411605835 7.9128241539001465
v -1.4368830919265747 -7.494399070739746 7.999260902404785
v -1.4478589296340942 -7.50945520401001 7.986912727355957
v -1.4368830919265747 -7.68917989730835 7.999260902404785
v -1.4478589296340942 -7.68917989730835 7.986912727355957
v -1.4615788459777832 -7.68917989730835 7.999260902404785
v -1.4615788459777832 -7.494399070739746 7.999260902404785
v -1.4615788459777832 -7.44650411605835 7.9128241539001465
v -1.4615788459777832 -7.44650411605835 7.1101975440979
v -1.4615788459777832 -7.44650411605835 6.319919109344482
v -1.4615788459777832 -7.44650411605835 4.257786273956299
v -1.4615788459777832 -7.44650411605835 3.455159902572632
v -1.4615788459777832 -7.44650411605835 2.664881467819214
v -1.4615788459777832 -7.44650411605835 1.8622549772262573
v -1.4615788459777832 -7.44650411605835 1.0596284866333008
v -1.4615788459777832 -7.44650411605835 0.2693501114845276
v -1.4615788459777832 -7.44650411605835 -0.533276379108429
v -1.4615788459777832 -7.44650411605835 -1.3359029293060303
v -1.4615788459777832 -7.44650411605835 -2.1261813640594482
v -1.4615788459777832 -7.44650411605835 -2.9288077354431152
v -1.4615788459777832 -7.44650411605835 -3.7314343452453613
v -1.4615788459777832 -7.44650411605835 -4.534060955047607
v -1.4615788459777832 -7.44650411605835 -5.336687088012695
v -1.4615788459777832 -7.44650411605835 -6.139313697814941
v -1.4615788459777832 -7.44650411605835 -6.929592132568359
v -1.4615788459777832 -7.44650411605835 -7.7322187423706055
v -1.4615788459777832 -7.44650411605835 -8.534845352172852
v -1.4615788459777832 -7.44650411605835 -9.32512378692627
v -1.4615788459777832 -7.44650411605835 -10.127750396728516
v -1.4615788459777832 -7.44650411605835 -10.930377006530762
v -1.4615788459777832 -7.44650411605835 -11.72065544128418
v -1.4615788459777832 -7.44650411605835 -12.52328109741211
v -1.4615788459777832 -7.44650411605835 -13.325907707214355
v -1.4615788459777832 -7.44650411605835 -14.128534317016602
v -1.4615788459777832 -7.44650411605835 -14.91881275177002
v -1.4478589296340942 -7.47305965423584 -17.277299880981445
v -1.4615788459777832 -7.44650411605835 -17.277299880981445
v 1.7817937135696411 -7.44650411605835 -17.277299880981445
v 2.1083261966705322 -7.44650411605835 -14.91881275177002
v 1.7955135107040405 -7.47305965423584 -17.277299880981445
v 2.1220459938049316 -7.47305965423584 -14.91881275177002
v 1.8064894676208496 -7.44650411605835 -17.277299880981445
v 2.133021831512451 -7.44650411605835 -14.91881275177002
v 2.133021831512451 -7.44650411605835 -14.128534317016602
v 2.1220459938049316 -7.47305965423584 -14.128534317016602
v 2.133021831512451 -7.44650411605835 -13.325907707214355
v 2.1220459938049316 -7.47305965423584 -13.325907707214355
v 2.133021831512451 -7.44650411605835 -12.52328109741211
v 2.1220459938049316 -7.47305965423584 -12.52328109741211
v 2.133021831512451 -7.44650411605835 -11.72065544128418
v 2.1083261966705322 -7.44650411605835 -14.128534317016602
v 2.1083261966705322 -7.44650411605835 -13.325907707214355
v 2.1083261966705322 -7.44650411605835 -12.52328109741211
v 2.1220459938049316 -7.47305965423584 -11.72065544128418
v 2.1083261966705322 -7.44650411605835 -11.72065544128418
v 2.1220459938049316 -7.47305965423584 -10.930377006530762
v 2.133021831512451 -7.44650411605835 -10.930377006530762
v 2.133021831512451 -7.44650411605835 -10.127750396728516
v 2.1220459938049316 -7.47305965423584 -10.127750396728516
v 2.133021831512451 -7.44650411605835 -9.32512378692627
v 2.1220459938049316 -7.47305965423584 -9.32512378692627
v 2.1083261966705322 -7.44650411605835 -10.127750396728516
v 2.1083261966705322 -7.44650411605835 -9.32512378692627
v 2.1220459938049316 -7.47305965423584 -8.534845352172852
v 2.133021831512451 -7.44650411605835 -8.534845352172852
v 2.133021831512451 -7.44650411605835 -7.7322187423706055
v 2.1220459938049316 -7.47305965423584 -7.7322187423706055
v 2.133021831512451 -7.44650411605835 -6.929592132568359
v 2.1083261966705322 -7.44650411605835 -10.930377006530762
v 2.1083261966705322 -7.44650411605835 -8.534845352172852
v 2.1083261966705322 -7.44650411605835 -7.7322187423706055
v 2.1220459938049316 -7.47305965423584 -6.929592132568359
v 2.1083261966705322 -7.44650411605835 -6.929592132568359
v 2.1220459938049316 -7.47305965423584 -6.139313697814941
v 2.133021831512451 -7.44650411605835 -6.139313697814941
v 2.133021831512451 -7.44650411605835 -5.336687088012695
v 2.1220459938049316 -7.47305965423584 -5.336687088012695
v 2.133021831512451 -7.44650411605835 -4.534060955047607
v 2.1220459938049316 -7.47305965423584 -4.534060955047607
v 2.1083261966705322 -7.44650411605835 -5.336687088012695
v 2.1083261966705322 -7.44650411605835 -4.534060955047607
v 2.1220459938049316 -7.47305965423584 -3.7314343452453613
v 2.133021831512451 -7.44650411605835 -3.7314343452453613
v 2.133021831512451 -7.44650411605835 -2.9288077354431152
v 2.1220459938049316 -7.47305965423584 -2.9288077354431152
v 2.133021831512451 -7.44650411605835 -2.1261813640594482
v 2.1083261966705322 -7.44650411605835 -6.139313697814941
v 2.1083261966705322 -7.44650411605835 -3.7314343452453613
v 2.1083261966705322 -7.44650411605835 -2.9288077354431152
v 2.1220459938049316 -7.47305965423584 -2.1261813640594482
v 2.1083261966705322 -7.44650411605835 -2.1261813640594482
v 2.1220459938049316 -7.47305965423584 -1.3359029293060303
v 2.133021831512451 -7.44650411605835 -1.3359029293060303
v 2.133021831512451 -7.44650411605835 -0.533276379108429
v 2.1220459938049316 -7.47305965423584 -0.533276379108429
v 2.133021831512451 -7.44650411605835 0.2693501114845276
v 2.1220459938049316 -7.47305965423584 0.2693501114845276
v 2.1083261966705322 -7.44650411605835 -0.533276379108429
v 2.1083261966705322 -7.44650411605835 0.2693501114845276
v 2.1220459938049316 -7.47305965423584 1.0596284866333008
v 2.133021831512451 -7.44650411605835 1.0596284866333008
v 2.133021831512451 -7.44650411605835 1.8622549772262573
v 2.1220459938049316 -7.47305965423584 1.8622549772262573
v 2.133021831512451 -7.44650411605835 2.664881467819214
v 2.1083261966705322 -7.44650411605835 -1.3359029293060303
v 2.1083261966705322 -7.44650411605835 1.0596284866333008
v 2.1083261966705322 -7.44650411605835 1.8622549772262573
v 2.1220459938049316 -7.47305965423584 2.664881467819214
v 2.1083261966705322 -7.44650411605835 2.664881467819214
v 2.1220459938049316 -7.47305965423584 3.455159902572632
v 2.133021831512451 -7.44650411605835 3.455159902572632
v 2.133021831512451 -7.44650411605835 4.257786273956299
v 2.1220459938049316 -7.47305965423584 4.257786273956299
v 2.133021831512451 -7.44650411605835 6.319919109344482
v 2.1220459938049316 -7.47305965423584 6.319919109344482
v 2.1083261966705322 -7.44650411605835 4.257786273956299
v 2.1083261966705322 -7.44650411605835 6.319919109344482
v 2.1220459938049316 -7.47305965423584 7.1101975440979
v 2.133021831512451 -7.44650411605835 7.1101975440979
v 2.133021831512451 -7.44650411605835 7.9128241539001465
v 2.1220459938049316 -7.47305965423584 7.9128241539001465
v 2.133021831512451 -7.494399070739746 7.999260902404785
v 2.1083261966705322 -7.44650411605835 3.455159902572632
v 2.1083261966705322 -7.44650411605835 7.1101975440979
v 2.1083261966705322 -7.44650411605835 7.9128241539001465
v 2.1083261966705322 -7.494399070739746 7.999260902404785
v 2.1220459938049316 -7.50945520401001 7.986912727355957
v 2.1083261966705322 -7.68917989730835 7.999260902404785
v 2.1220459938049316 -7.68917989730835 7.986912727355957
v 2.133021831512451 -7.68917989730835 7.999260902404785
v -2.150315284729004 -7.68917989730835 7.999260902404785
v -2.8171000480651855 -7.68917989730835 7.999260902404785
v -2.150315284729004 -7.494399070739746 7.999260902404785
v -2.8171000480651855 -7.494399070739746 7.999260902404785
v -1.4615788459777832 -7.68917989730835 7.999260902404785
v -2.125619649887085 -7.68917989730835 7.999260902404785
v -1.4615788459777832 -7.494399070739746 7.999260902404785
v -2.125619649887085 -7.494399070739746 7.999260902404785
v -1.4368830919265747 -7.494399070739746 7.999260902404785
v -0.19386467337608337 -7.494399070739746 7.999260902404785
v -1.4368830919265747 -7.68917989730835 7.999260902404785
v -0.19386467337608337 -7.68917989730835 7.999260902404785
v 0.17657126486301422 -7.494399070739746 7.999260902404785
v 0.17657126486301422 -7.68917989730835 7.999260902404785
v 1.419589638710022 -7.494399070739746 7.999260902404785
v 1.419589638710022 -7.68917989730835 7.999260902404785
v 2.1083261966705322 -7.68917989730835 7.999260902404785
v 2.1083261966705322 -7.494399070739746 7.999260902404785
v 1.4442853927612305 -7.68917989730835 7.999260902404785
v 1.4442853927612305 -7.494399070739746 7.999260902404785
v 2.799806594848633 -7.68917989730835 7.999260902404785
v 2.799806594848633 -7.494399070739746 7.999260902404785
v 2.133021831512451 -7.68917989730835 7.999260902404785
v 2.133021831512451 -7.494399070739746 7.999260902404785
v 1.419589638710022 -7.44650411605835 4.257786273956299
v 0.17657126486301422 -7.44650411605835 4.257786273956299
v 1.419589638710022 -7.44650411605835 6.319919109344482
v 0.17657126486301422 -7.44650411605835 6.319919109344482
v -0.19386467337608337 -7.44650411605835 6.319919109344482
v -0.19386467337608337 -7.44650411605835 4.257786273956299
v -1.4368830919265747 -7.44650411605835 6.319919109344482
v -1.4368830919265747 -7.44650411605835 4.257786273956299
v 2.133021831512451 -7.44650411605835 6.319919109344482
v 2.799806594848633 -7.44650411605835 6.319919109344482
v 2.133021831512451 -7.44650411605835 4.257786273956299
v 2.799806594848633 -7.44650411605835 4.257786273956299
v 1.4442853927612305 -7.44650411605835 6.319919109344482
v 2.1083261966705322 -7.44650411605835 6.319919109344482
v 1.4442853927612305 -7.44650411605835 4.257786273956299
v 2.1083261966705322 -7.44650411605835 4.257786273956299
v -1.4615788459777832 -7.44650411605835 6.319919109344482
v -1.4615788459777832 -7.44650411605835 4.257786273956299
v -2.125619649887085 -7.44650411605835 6.319919109344482
v -2.125619649887085 -7.44650411605835 4.257786273956299
v 2.1083261966705322 -7.44650411605835 -14.91881275177002
v 1.7817937135696411 -7.44650411605835 -17.277299880981445
v 1.4442853927612305 -7.44650411605835 -14.91881275177002
v 1.4442853927612305 -7.44650411605835 -17.277299880981445
v -1.4615788459777832 -7.44650411605835 -14.91881275177002
v -1.4615788459777832 -7.44650411605835 -17.277299880981445
v -2.125619649887085 -7.44650411605835 -14.91881275177002
v -1.746951699256897 -7.44650411605835 -17.277299880981445
v -1.4368830919265747 -7.44650411605835 -17.277299880981445
v -1.4368830919265747 -7.44650411605835 -14.91881275177002
v -0.19386467337608337 -7.44650411605835 -17.277299880981445
v -0.19386467337608337 -7.44650411605835 -14.91881275177002
v 0.17657126486301422 -7.44650411605835 -17.277299880981445
v 0.17657126486301422 -7.44650411605835 -14.91881275177002
v 1.419589638710022 -7.44650411605835 -17.277299880981445
v 1.419589638710022 -7.44650411605835 -14.91881275177002
vt 0 0.9999979734420776
vt 0 0.9999979734420776
vt 0 0.9999979734420776
vt 0 0.9999979734420776
vt 0 0.9999979734420776
vt 0 0.9999979734420776
vt 0 0.9999979734420776
vt 0 0.9999979734420776
vt 0 0.9999979734420776
vt 0 0.9999979734420776
vt 2.259993553161621 -0.7599782943725586
vt 2.259993553161621 -0.9399855732917786
vt 2.290003776550293 -0.7599782943725586
vt 2.290003776550293 -0.9399855732917786
vt 2.290003776550293 -0.5700749158859253
vt 2.259993553161621 -0.5700749158859253
vt 2.290003776550293 -0.7500821352005005
vt 2.259993553161621 -0.7500821352005005
vt 2.259993553161621 -0.5700749158859253
vt 2.290003776550293 -0.5700749158859253
vt 2.259993553161621 -0.23002326488494873
vt 2.290003776550293 -0.23002326488494873
vt 2.259993553161621 -0.13003818690776825
vt 2.290003776550293 -0.13003818690776825
vt 2.290003776550293 0.19994670152664185
vt 2.259993553161621 0.19005057215690613
vt 2.259993553161621 0.3799539804458618
vt 2.259993553161621 0.5599612593650818
vt 2.290003776550293 0.3900207281112671
vt 2.290003776550293 0.5599612593650818
vt 2.259993553161621 0.3799539804458618
vt 2.290003776550293 0.3799539804458618
vt 2.259993553161621 0.19994670152664185
vt 2.290003776550293 0.19994670152664185
vt 1.2600135803222656 2.1600637435913086
vt 1.4700016975402832 2.1600637435913086
vt 1.2600135803222656 2.0300490856170654
vt 1.4700016975402832 2.0300490856170654
vt 1.2600135803222656 1.8899675607681274
vt 1.7400106191635132 2.1600637435913086
vt 1.5300225019454956 2.1600637435913086
vt 1.7400106191635132 2.0300490856170654
vt 1.5300225019454956 2.0300490856170654
vt 1.7400106191635132 1.8899675607681274
vt 1.5300225019454956 1.8899675607681274
vt 1.7400106191635132 1.7599527835845947
vt 1.5300225019454956 1.7599527835845947
vt 1.7400106191635132 1.6200419664382935
vt 1.5300225019454956 1.6200419664382935
vt 1.7400106191635132 1.4900271892547607
vt 1.5300225019454956 1.4900271892547607
vt 1.7400106191635132 1.3499456644058228
vt 1.5300225019454956 1.3499456644058228
vt 1.7400106191635132 1.2199310064315796
vt 1.5300225019454956 1.2199310064315796
vt 1.7400106191635132 1.0800201892852783
vt 1.5300225019454956 1.0800201892852783
vt 1.7400106191635132 0.9500054121017456
vt 1.5300225019454956 0.9500054121017456
vt 1.7400106191635132 0.8099239468574524
vt 1.5300225019454956 0.8099239468574524
vt 1.7400106191635132 0.6800798177719116
vt 1.5300225019454956 0.6800798177719116
vt 1.7400106191635132 0.5399983525276184
vt 1.5300225019454956 0.5399983525276184
vt 1.7400106191635132 0.3999168574810028
vt 1.5300225019454956 0.3999168574810028
vt 1.7400106191635132 0.2700727581977844
vt 1.5300225019454956 0.2700727581977844
vt 1.7400106191635132 0.12999127805233002
vt 1.5300225019454956 0.12999127805233002
vt 1.7400106191635132 -0.000023455000700778328
vt 1.5300225019454956 -0.000023455000700778328
vt 1.7400106191635132 -0.13993431627750397
vt 1.5300225019454956 -0.13993431627750397
vt 1.7400106191635132 -0.2699490487575531
vt 1.5300225019454956 -0.2699490487575531
vt 1.7400106191635132 -0.4100305140018463
vt 1.5300225019454956 -0.4100305140018463
vt 1.7400106191635132 -0.5400452613830566
vt 1.5300225019454956 -0.5400452613830566
vt 1.7400106191635132 -0.6799561381340027
vt 1.5300225019454956 -0.6799561381340027
vt 1.7400106191635132 -0.8099708557128906
vt 1.5300225019454956 -0.8099708557128906
vt 1.7400106191635132 -0.9500523209571838
vt 1.5300225019454956 -0.9500523209571838
vt 1.7400106191635132 -1.0800670385360718
vt 1.5300225019454956 -1.0800670385360718
vt 1.4700016975402832 -0.9500523209571838
vt 1.4700016975402832 -1.0800670385360718
vt 1.2600135803222656 -1.0800670385360718
vt 1.2600135803222656 -0.9500523209571838
vt 1.4700016975402832 -0.8099708557128906
vt 1.4700016975402832 -0.6799561381340027
vt 1.2600135803222656 -0.8099708557128906
vt 1.2600135803222656 -0.6799561381340027
vt 1.4700016975402832 -0.5400452613830566
vt 1.2600135803222656 -0.5400452613830566
vt 1.4700016975402832 -0.4100305140018463
vt 1.2600135803222656 -0.4100305140018463
vt 1.4700016975402832 -0.2699490487575531
vt 1.4700016975402832 -0.13993431627750397
vt 1.2600135803222656 -0.2699490487575531
vt 1.2600135803222656 -0.13993431627750397
vt 1.4700016975402832 -0.000023455000700778328
vt 1.2600135803222656 -0.000023455000700778328
vt 1.4700016975402832 0.12999127805233002
vt 1.2600135803222656 0.12999127805233002
vt 1.4700016975402832 0.2700727581977844
vt 1.4700016975402832 0.3999168574810028
vt 1.2600135803222656 0.2700727581977844
vt 1.2600135803222656 0.3999168574810028
vt 1.4700016975402832 0.5399983525276184
vt 1.2600135803222656 0.5399983525276184
vt 1.4700016975402832 0.6800798177719116
vt 1.2600135803222656 0.6800798177719116
vt 1.4700016975402832 0.8099239468574524
vt 1.4700016975402832 0.9500054121017456
vt 1.2600135803222656 0.8099239468574524
vt 1.2600135803222656 0.9500054121017456
vt 1.4700016975402832 1.0800201892852783
vt 1.2600135803222656 1.0800201892852783
vt 1.4700016975402832 1.2199310064315796
vt 1.2600135803222656 1.2199310064315796
vt 1.4700016975402832 1.3499456644058228
vt 1.4700016975402832 1.4900271892547607
vt 1.2600135803222656 1.3499456644058228
vt 1.2600135803222656 1.4900271892547607
vt 1.4700016975402832 1.6200419664382935
vt 1.2600135803222656 1.6200419664382935
vt 1.4700016975402832 1.7599527835845947
vt 1.2600135803222656 1.7599527835845947
vt 1.4700016975402832 1.8899675607681274
vt 1.7400106191635132 -1.219977855682373
vt 1.5300225019454956 -1.219977855682373
vt 1.7400106191635132 -1.360059380531311
vt 1.5300225019454956 -1.360059380531311
vt 1.7400106191635132 -1.4900741577148438
vt 1.5300225019454956 -1.4900741577148438
vt 1.4700016975402832 -1.360059380531311
vt 1.4700016975402832 -1.4900741577148438
vt 1.2600135803222656 -1.4900741577148438
vt 1.2600135803222656 -1.360059380531311
vt 1.4700016975402832 -1.219977855682373
vt 1.2600135803222656 -1.219977855682373
vt 2.5300023555755615 -1.4900741577148438
vt 2.4099607467651367 -1.4900741577148438
vt 2.5300023555755615 -1.360059380531311
vt 2.4099607467651367 -1.360059380531311
vt 2.5300023555755615 -1.2300446033477783
vt 2.4099607467651367 -1.2300446033477783
vt 2.5300023555755615 -1.0899631977081299
vt 2.4099607467651367 -1.0899631977081299
vt 2.5300023555755615 -0.9599484801292419
vt 2.4099607467651367 -0.9599484801292419
vt 2.5300023555755615 -0.8299337029457092
vt 2.4099607467651367 -0.8299337029457092
vt 2.5300023555755615 -0.6999189853668213
vt 2.4099607467651367 -0.6999189853668213
vt 2.5300023555755615 -0.56000816822052
vt 2.4099607467651367 -0.56000816822052
vt 2.5300023555755615 -0.4299934208393097
vt 2.4099607467651367 -0.4299934208393097
vt 2.5300023555755615 -0.29997870326042175
vt 2.4099607467651367 -0.29997870326042175
vt 2.5300023555755615 -0.16996395587921143
vt 2.4099607467651367 -0.16996395587921143
vt 2.5300023555755615 -0.03005310334265232
vt 2.4099607467651367 -0.03005310334265232
vt 2.5300023555755615 0.09996162354946136
vt 2.4099607467651367 0.09996162354946136
vt 2.5300023555755615 0.2299763560295105
vt 2.4099607467651367 0.2299763560295105
vt 2.5300023555755615 0.3700578212738037
vt 2.4099607467651367 0.3700578212738037
vt 2.5300023555755615 0.5000725388526917
vt 2.4099607467651367 0.5000725388526917
vt 2.5300023555755615 0.6299166679382324
vt 2.4099607467651367 0.6299166679382324
vt 2.5300023555755615 0.7599313855171204
vt 2.4099607467651367 0.7599313855171204
vt 2.5300023555755615 0.9000128507614136
vt 2.4099607467651367 0.9000128507614136
vt 2.5300023555755615 1.0300276279449463
vt 2.4099607467651367 1.0300276279449463
vt 2.5300023555755615 1.1600422859191895
vt 2.4099607467651367 1.1600422859191895
vt 2.5300023555755615 1.2900570631027222
vt 2.4099607467651367 1.2900570631027222
vt 2.5300023555755615 1.4299678802490234
vt 2.4099607467651367 1.4299678802490234
vt 2.5300023555755615 1.5599826574325562
vt 2.4099607467651367 1.5599826574325562
vt 2.5300023555755615 1.6899973154067993
vt 2.4099607467651367 1.6899973154067993
vt 2.4299960136413574 1.820012092590332
vt 2.5300023555755615 1.820012092590332
vt 2.4399712085723877 1.9599229097366333
vt 2.5300023555755615 1.9599229097366333
vt 2.4600062370300293 2.089937686920166
vt 2.5300023555755615 2.089937686920166
vt 2.199972629547119 -2.159940004348755
vt 2.199972629547119 -1.9799327850341797
vt 1.9999598264694214 -2.159940004348755
vt 1.9999598264694214 -1.9799327850341797
vt 2.199972629547119 -1.799925446510315
vt 1.9999598264694214 -1.799925446510315
vt 2.199972629547119 -1.6199182271957397
vt 1.9999598264694214 -1.6199182271957397
vt 2.199972629547119 -1.4400815963745117
vt 1.9999598264694214 -1.4400815963745117
vt 2.199972629547119 -1.260074257850647
vt 1.9999598264694214 -1.260074257850647
vt 2.199972629547119 -1.0800670385360718
vt 1.9999598264694214 -1.0800670385360718
vt 2.199972629547119 -0.9000597596168518
vt 1.9999598264694214 -0.9000597596168518
vt 2.199972629547119 -0.7200525403022766
vt 1.9999598264694214 -0.7200525403022766
vt 2.199972629547119 -0.5400452613830566
vt 1.9999598264694214 -0.5400452613830566
vt 2.199972629547119 -0.3699341118335724
vt 1.9999598264694214 -0.3699341118335724
vt 2.199972629547119 -0.1899268478155136
vt 1.9999598264694214 -0.1899268478155136
vt 2.199972629547119 -0.009919589385390282
vt 1.9999598264694214 -0.009919589385390282
vt 2.199972629547119 0.1699170470237732
vt 1.9999598264694214 0.1699170470237732
vt 2.199972629547119 0.34992432594299316
vt 1.9999598264694214 0.34992432594299316
vt 2.199972629547119 0.5299316048622131
vt 1.9999598264694214 0.5299316048622131
vt 2.199972629547119 0.7099388241767883
vt 1.9999598264694214 0.7099388241767883
vt 2.199972629547119 0.8899461030960083
vt 1.9999598264694214 0.8899461030960083
vt 2.199972629547119 1.0699533224105835
vt 1.9999598264694214 1.0699533224105835
vt 2.199972629547119 1.2499606609344482
vt 1.9999598264694214 1.2499606609344482
vt 2.199972629547119 1.4299678802490234
vt 1.9999598264694214 1.4299678802490234
vt 2.199972629547119 1.6099752187728882
vt 1.9999598264694214 1.6099752187728882
vt 2.199972629547119 1.7899824380874634
vt 1.9999598264694214 1.7899824380874634
vt 2.199972629547119 1.9699896574020386
vt 1.9999598264694214 1.9699896574020386
vt 2.199972629547119 2.1499969959259033
vt 1.9999598264694214 2.1499969959259033
vt 2.199972629547119 2.3300042152404785
vt 1.9999598264694214 2.3300042152404785
vt 2.199972629547119 2.5100114345550537
vt 1.9999598264694214 2.5100114345550537
vt 2.199972629547119 2.690018653869629
vt 1.9999598264694214 2.690018653869629
vt 2.2800285816192627 0.4700429141521454
vt 2.2800285816192627 0.4700429141521454
vt 2.2800285816192627 0.4700429141521454
vt 2.2800285816192627 0.4700429141521454
vt 2.2800285816192627 0.4700429141521454
vt 2.2800285816192627 0.4700429141521454
vt 2.2800285816192627 0.4700429141521454
vt 2.2800285816192627 0.4700429141521454
vt 2.2800285816192627 0.4799390435218811
vt 2.2800285816192627 0.4799390435218811
vt 2.2800285816192627 0.4799390435218811
vt 2.2800285816192627 0.4799390435218811
vt 2.2800285816192627 0.4799390435218811
vt 2.2800285816192627 0.4799390435218811
vt 2.2800285816192627 0.4799390435218811
vt 2.2800285816192627 0.4799390435218811
vt 2.2800285816192627 0.4799390435218811
vt 2.2800285816192627 0.4799390435218811
vt 2.2800285816192627 0.4799390435218811
vt 2.2800285816192627 0.4799390435218811
vt 2.2800285816192627 0.4799390435218811
vt 2.2800285816192627 0.4799390435218811
vt 2.2800285816192627 0.4799390435218811
vt 2.2800285816192627 0.4799390435218811
vt 2.2800285816192627 0.4799390435218811
vt 2.2800285816192627 0.4799390435218811
vt 2.2800285816192627 0.4799390435218811
vt 2.2800285816192627 0.4799390435218811
vt 2.2800285816192627 0.4799390435218811
vt 2.2800285816192627 0.4799390435218811
vt 2.2800285816192627 0.4799390435218811
vt 2.2800285816192627 0.4799390435218811
vt 2.2800285816192627 0.4799390435218811
vt 2.2800285816192627 0.4799390435218811
vt 2.2800285816192627 0.4799390435218811
vt 2.2800285816192627 0.4799390435218811
vt 2.2800285816192627 0.4799390435218811
vt 2.2800285816192627 0.4799390435218811
vt 2.2800285816192627 0.4799390435218811
vt 2.2800285816192627 0.4799390435218811
vt 2.2800285816192627 0.4799390435218811
vt 2.2800285816192627 0.4799390435218811
vt 2.2800285816192627 0.4799390435218811
vt 2.2800285816192627 0.4799390435218811
vt 2.2800285816192627 0.4799390435218811
vt 2.2800285816192627 0.4799390435218811
vt 2.2800285816192627 0.4799390435218811
vt 2.2800285816192627 0.4799390435218811
vt 2.2800285816192627 0.4799390435218811
vt 2.2800285816192627 0.4799390435218811
vt 2.2800285816192627 0.4700429141521454
vt 2.2800285816192627 0.4700429141521454
vt 2.2800285816192627 0.4700429141521454
vt 2.2800285816192627 0.4700429141521454
vt 2.2800285816192627 0.4700429141521454
vt 2.2800285816192627 0.4700429141521454
vt 2.2800285816192627 0.4700429141521454
vt 2.2800285816192627 0.4700429141521454
vt 2.2800285816192627 0.4700429141521454
vt 2.2800285816192627 0.4700429141521454
vt 2.2800285816192627 0.4700429141521454
vt 2.2800285816192627 0.4700429141521454
vt 2.2800285816192627 0.4700429141521454
vt 2.2800285816192627 0.4700429141521454
vt 2.2800285816192627 0.4700429141521454
vt 2.2800285816192627 0.4700429141521454
vt 2.2800285816192627 0.4700429141521454
vt 2.2800285816192627 0.4700429141521454
vt 2.2800285816192627 0.4700429141521454
vt 2.2800285816192627 0.4700429141521454
vt 2.2800285816192627 0.4700429141521454
vt 2.2800285816192627 0.4700429141521454
vt 2.2800285816192627 0.4700429141521454
vt 2.2800285816192627 0.4599761664867401
vt 2.2800285816192627 0.4599761664867401
vt 2.2800285816192627 0.4599761664867401
vt 2.2800285816192627 0.4599761664867401
vt 2.2800285816192627 0.4599761664867401
vt 2.2800285816192627 0.4599761664867401
vt 2.2800285816192627 0.4599761664867401
vt 2.2800285816192627 0.4599761664867401
vt 2.2800285816192627 0.4599761664867401
vt 2.2800285816192627 0.4599761664867401
vt 2.2800285816192627 0.4599761664867401
vt 2.2800285816192627 0.4599761664867401
vt 2.2800285816192627 0.4700429141521454
vt 2.2800285816192627 0.4700429141521454
vt 2.2800285816192627 0.4700429141521454
vt 2.2800285816192627 0.4700429141521454
vt 2.2800285816192627 0.4700429141521454
vt 2.2800285816192627 0.4700429141521454
vt 2.2800285816192627 0.4700429141521454
vt 2.2800285816192627 0.4700429141521454
vt 2.6499593257904053 -1.4800074100494385
vt 2.6499593257904053 -1.3499926328659058
vt 2.77000093460083 -1.4800074100494385
vt 2.77000093460083 -1.3499926328659058
vt 2.6499593257904053 -1.219977855682373
vt 2.77000093460083 -1.219977855682373
vt 2.6499593257904053 -1.4704524278640747
vt 2.77000093460083 -1.4704524278640747
vt 2.6499593257904053 -1.090475082397461
vt 2.77000093460083 -1.090475082397461
vt 2.6499593257904053 -0.9500523209571838
vt 2.77000093460083 -0.9500523209571838
vt 2.6499593257904053 -0.8200376033782959
vt 2.77000093460083 -0.8200376033782959
vt 2.6499593257904053 -0.690022885799408
vt 2.77000093460083 -0.690022885799408
vt 2.6499593257904053 -0.56000816822052
vt 2.77000093460083 -0.56000816822052
vt 2.6499593257904053 -0.41992664337158203
vt 2.77000093460083 -0.41992664337158203
vt 2.6499593257904053 -0.29008254408836365
vt 2.77000093460083 -0.29008254408836365
vt 2.6499593257904053 -0.1600678265094757
vt 2.77000093460083 -0.1600678265094757
vt 2.6499593257904053 -0.03005310334265232
vt 2.77000093460083 -0.03005310334265232
vt 2.6499593257904053 0.11002837866544724
vt 2.77000093460083 0.11002837866544724
vt 2.6499593257904053 0.24004310369491577
vt 2.77000093460083 0.24004310369491577
vt 2.6499593257904053 0.3700578212738037
vt 2.77000093460083 0.3700578212738037
vt 2.6499593257904053 0.5099686980247498
vt 2.77000093460083 0.5099686980247498
vt 2.6499593257904053 0.6399834156036377
vt 2.77000093460083 0.6399834156036377
vt 2.6499593257904053 0.7699981331825256
vt 2.77000093460083 0.7699981331825256
vt 2.6499593257904053 0.9000128507614136
vt 2.77000093460083 0.9000128507614136
vt 2.6499593257904053 1.0399237871170044
vt 2.77000093460083 1.0399237871170044
vt 2.6499593257904053 1.1699384450912476
vt 2.77000093460083 1.1699384450912476
vt 2.6499593257904053 1.2999532222747803
vt 2.77000093460083 1.2999532222747803
vt 2.6499593257904053 1.4299678802490234
vt 2.77000093460083 1.4299678802490234
vt 2.6499593257904053 1.5700494050979614
vt 2.77000093460083 1.5700494050979614
vt 2.6499593257904053 1.7000640630722046
vt 2.77000093460083 1.7000640630722046
vt 2.7499659061431885 1.8300788402557373
vt 2.6499593257904053 1.8300788402557373
vt 2.739990472793579 1.9599229097366333
vt 2.6499593257904053 1.9599229097366333
vt 2.7099802494049072 2.1000044345855713
vt 2.6499593257904053 2.1000044345855713
vt 1.9999598264694214 -2.159940004348755
vt 1.9999598264694214 -1.9799327850341797
vt 2.189997434616089 -2.159940004348755
vt 2.189997434616089 -1.9799327850341797
vt 1.9999598264694214 -1.799925446510315
vt 2.189997434616089 -1.799925446510315
vt 1.9999598264694214 -1.6199182271957397
vt 2.189997434616089 -1.6199182271957397
vt 1.9999598264694214 -1.4400815963745117
vt 2.189997434616089 -1.4400815963745117
vt 1.9999598264694214 -1.260074257850647
vt 2.189997434616089 -1.260074257850647
vt 1.9999598264694214 -1.0800670385360718
vt 2.189997434616089 -1.0800670385360718
vt 1.9999598264694214 -0.9000597596168518
vt 2.189997434616089 -0.9000597596168518
vt 1.9999598264694214 -0.7200525403022766
vt 2.189997434616089 -0.7200525403022766
vt 1.9999598264694214 -0.5400452613830566
vt 2.189997434616089 -0.5400452613830566
vt 1.9999598264694214 -0.36003798246383667
vt 2.189997434616089 -0.36003798246383667
vt 1.9999598264694214 -0.1800307184457779
vt 2.189997434616089 -0.1800307184457779
vt 1.9999598264694214 -0.000023455000700778328
vt 2.189997434616089 -0.000023455000700778328
vt 1.9999598264694214 0.17998380959033966
vt 2.189997434616089 0.17998380959033966
vt 1.9999598264694214 0.35999107360839844
vt 2.189997434616089 0.35999107360839844
vt 1.9999598264694214 0.5399983525276184
vt 2.189997434616089 0.5399983525276184
vt 1.9999598264694214 0.7200056314468384
vt 2.189997434616089 0.7200056314468384
vt 1.9999598264694214 0.9000128507614136
vt 2.189997434616089 0.9000128507614136
vt 1.9999598264694214 1.0800201892852783
vt 2.189997434616089 1.0800201892852783
vt 1.9999598264694214 1.2600274085998535
vt 2.189997434616089 1.2600274085998535
vt 1.9999598264694214 1.4400346279144287
vt 2.189997434616089 1.4400346279144287
vt 1.9999598264694214 1.6200419664382935
vt 2.189997434616089 1.6200419664382935
vt 1.9999598264694214 1.8000491857528687
vt 2.189997434616089 1.8000491857528687
vt 1.9999598264694214 1.9800564050674438
vt 2.189997434616089 1.9800564050674438
vt 1.9999598264694214 2.1600637435913086
vt 2.189997434616089 2.1600637435913086
vt 1.9999598264694214 2.340070962905884
vt 2.189997434616089 2.340070962905884
vt 1.9999598264694214 2.520078182220459
vt 2.189997434616089 2.520078182220459
vt 1.9999598264694214 2.700085401535034
vt 2.189997434616089 2.700085401535034
vt 2.2800285816192627 0.4799390435218811
vt 2.2800285816192627 0.4799390435218811
vt 2.2800285816192627 0.4799390435218811
vt 2.2800285816192627 0.4799390435218811
vt 2.2800285816192627 0.4799390435218811
vt 2.2800285816192627 0.4799390435218811
vt 2.2800285816192627 0.4799390435218811
vt 2.2800285816192627 0.4799390435218811
vt 2.2800285816192627 0.4799390435218811
vt 2.2800285816192627 0.4799390435218811
vt 2.2800285816192627 0.4799390435218811
vt 2.2800285816192627 0.4799390435218811
vt 2.2800285816192627 0.4799390435218811
vt 2.2800285816192627 0.4799390435218811
vt 2.2800285816192627 0.4799390435218811
vt 2.2800285816192627 0.4799390435218811
vt 2.2800285816192627 0.4799390435218811
vt 2.2800285816192627 0.4799390435218811
vt 2.2800285816192627 0.4799390435218811
vt 2.2800285816192627 0.4799390435218811
vt 2.2800285816192627 0.4799390435218811
vt 2.2800285816192627 0.4799390435218811
vt 2.2800285816192627 0.4799390435218811
vt 2.2800285816192627 0.4799390435218811
vt 2.2800285816192627 0.4799390435218811
vt 2.2800285816192627 0.4799390435218811
vt 2.2800285816192627 0.4799390435218811
vt 2.2800285816192627 0.4799390435218811
vt 2.2800285816192627 0.4799390435218811
vt 2.2800285816192627 0.4700429141521454
vt 2.2800285816192627 0.4700429141521454
vt 2.2800285816192627 0.4700429141521454
vt 2.2800285816192627 0.4700429141521454
vt 2.2800285816192627 0.4700429141521454
vt 2.2800285816192627 0.4700429141521454
vt 2.2800285816192627 0.4700429141521454
vt 2.2800285816192627 0.4700429141521454
vt 2.2800285816192627 0.4700429141521454
vt 2.2800285816192627 0.4700429141521454
vt 2.2800285816192627 0.4700429141521454
vt 2.2800285816192627 0.4700429141521454
vt 2.2800285816192627 0.4700429141521454
vt 2.2800285816192627 0.4700429141521454
vt 2.2800285816192627 0.4700429141521454
vt 2.2800285816192627 0.4700429141521454
vt 2.2800285816192627 0.4700429141521454
vt 2.2800285816192627 0.4700429141521454
vt 2.2800285816192627 0.4700429141521454
vt 2.2800285816192627 0.4700429141521454
vt 2.2800285816192627 0.4700429141521454
vt 2.2800285816192627 0.4700429141521454
vt 2.2800285816192627 0.4700429141521454
vt 2.2800285816192627 0.4700429141521454
vt 2.2800285816192627 0.4700429141521454
vt 2.2800285816192627 0.4700429141521454
vt 2.2800285816192627 0.4599761664867401
vt 2.2800285816192627 0.4599761664867401
vt 2.2800285816192627 0.4599761664867401
vt 2.2800285816192627 0.4599761664867401
vt 2.2800285816192627 0.4599761664867401
vt 2.2800285816192627 0.4599761664867401
vt 2.2800285816192627 0.4599761664867401
vt 2.2800285816192627 0.4599761664867401
vt 2.2800285816192627 0.4599761664867401
vt 2.2800285816192627 0.4599761664867401
vt 2.2800285816192627 0.4599761664867401
vt 2.2800285816192627 0.4599761664867401
vt 2.2800285816192627 0.4700429141521454
vt 2.2800285816192627 0.4700429141521454
vt 2.2800285816192627 0.4700429141521454
vt 2.2800285816192627 0.4700429141521454
vt 2.2800285816192627 0.4700429141521454
vt 2.2800285816192627 0.4700429141521454
vt 2.2800285816192627 0.4700429141521454
vt 2.2800285816192627 0.4700429141521454
vt 2.2800285816192627 0.4700429141521454
vt 2.2800285816192627 0.4700429141521454
vt 2.2800285816192627 0.4700429141521454
vt 2.2800285816192627 0.4700429141521454
vt 2.2800285816192627 0.4700429141521454
vt 2.2800285816192627 0.4799390435218811
vt 2.2800285816192627 0.4799390435218811
vt 2.2800285816192627 0.4799390435218811
vt 2.2800285816192627 0.4799390435218811
vt 2.2800285816192627 0.4799390435218811
vt 2.2800285816192627 0.4799390435218811
vt 2.2800285816192627 0.4799390435218811
vt 2.2800285816192627 0.4799390435218811
vt 2.2800285816192627 0.4799390435218811
vt 2.2800285816192627 0.4799390435218811
vt 2.2800285816192627 0.4799390435218811
vt 2.2800285816192627 0.4799390435218811
vt 2.2800285816192627 0.4799390435218811
vt 2.2699687480926514 0.4799390435218811
vt 2.2699687480926514 0.4799390435218811
vt 2.2699687480926514 0.4799390435218811
vt 2.2699687480926514 0.4799390435218811
vt 2.2699687480926514 0.4799390435218811
vt 2.2699687480926514 0.4799390435218811
vt 2.2699687480926514 0.4799390435218811
vt 2.2699687480926514 0.4799390435218811
vt 2.2699687480926514 0.4799390435218811
vt 2.2699687480926514 0.4799390435218811
vt 2.2699687480926514 0.4799390435218811
vt 2.2699687480926514 0.4799390435218811
vt 2.2699687480926514 0.4799390435218811
vt 2.2699687480926514 0.4799390435218811
vt 2.2699687480926514 0.4799390435218811
vt 2.2699687480926514 0.4799390435218811
vt 2.2699687480926514 0.4799390435218811
vt 2.2699687480926514 0.4799390435218811
vt 2.2699687480926514 0.4799390435218811
vt 2.2699687480926514 0.4799390435218811
vt 2.2699687480926514 0.4799390435218811
vt 2.2699687480926514 0.4799390435218811
vt 2.2699687480926514 0.4799390435218811
vt 2.2699687480926514 0.4799390435218811
vt 2.2699687480926514 0.4799390435218811
vt 2.2699687480926514 0.4799390435218811
vt 2.2699687480926514 0.4799390435218811
vt 2.2699687480926514 0.4700429141521454
vt 2.2699687480926514 0.4700429141521454
vt 2.2699687480926514 0.4700429141521454
vt 2.2699687480926514 0.4700429141521454
vt 2.2699687480926514 0.4700429141521454
vt 2.2699687480926514 0.4700429141521454
vt 2.2699687480926514 0.4700429141521454
vt 2.2699687480926514 0.4700429141521454
vt 2.2699687480926514 0.4700429141521454
vt 2.2699687480926514 0.4700429141521454
vt 2.2699687480926514 0.4700429141521454
vt 2.2699687480926514 0.4700429141521454
vt 2.2699687480926514 0.4700429141521454
vt 2.2699687480926514 0.4700429141521454
vt 2.2699687480926514 0.4700429141521454
vt 2.2699687480926514 0.4700429141521454
vt 2.2699687480926514 0.4700429141521454
vt 2.2699687480926514 0.4700429141521454
vt 2.2699687480926514 0.4700429141521454
vt 2.2699687480926514 0.4700429141521454
vt 2.2699687480926514 0.4700429141521454
vt 2.2699687480926514 0.4700429141521454
vt 2.2699687480926514 0.4700429141521454
vt 2.2699687480926514 0.4700429141521454
vt 2.2699687480926514 0.4700429141521454
vt 2.2699687480926514 0.4700429141521454
vt 2.2699687480926514 0.4599761664867401
vt 2.2699687480926514 0.4599761664867401
vt 2.2699687480926514 0.4599761664867401
vt 2.2699687480926514 0.4599761664867401
vt 2.2699687480926514 0.4599761664867401
vt 2.2699687480926514 0.4599761664867401
vt 2.2699687480926514 0.4599761664867401
vt 2.2699687480926514 0.4599761664867401
vt 2.2699687480926514 0.4599761664867401
vt 2.2699687480926514 0.4599761664867401
vt 2.2699687480926514 0.4599761664867401
vt 2.2699687480926514 0.4599761664867401
vt 2.2699687480926514 0.4700429141521454
vt 2.2699687480926514 0.4700429141521454
vt 2.2699687480926514 0.4700429141521454
vt 2.2699687480926514 0.4700429141521454
vt 2.2699687480926514 0.4700429141521454
vt 2.2699687480926514 0.4700429141521454
vt 2.2699687480926514 0.4700429141521454
vt 2.2699687480926514 0.4700429141521454
vt 2.2699687480926514 0.4700429141521454
vt 2.2699687480926514 0.4700429141521454
vt 2.2699687480926514 0.4700429141521454
vt 2.2699687480926514 0.4700429141521454
vt 2.2699687480926514 0.4700429141521454
vt 2.2699687480926514 0.4799390435218811
vt 2.2699687480926514 0.4799390435218811
vt 2.2699687480926514 0.4799390435218811
vt 2.2699687480926514 0.4799390435218811
vt 2.2699687480926514 0.4799390435218811
vt 2.2699687480926514 0.4799390435218811
vt 2.2699687480926514 0.4799390435218811
vt 2.2699687480926514 0.4799390435218811
vt 2.2699687480926514 0.4799390435218811
vt 2.2699687480926514 0.4799390435218811
vt 2.2699687480926514 0.4799390435218811
vt 2.2699687480926514 0.4799390435218811
vt 2.2699687480926514 0.4799390435218811
vt 2.2699687480926514 0.4799390435218811
vt 2.2699687480926514 0.4799390435218811
vt 2.2800285816192627 0.4799390435218811
vt 2.2800285816192627 0.4799390435218811
vt 2.2800285816192627 0.4799390435218811
vt 2.2800285816192627 0.4799390435218811
vt 2.2800285816192627 0.4799390435218811
vt 2.2800285816192627 0.4799390435218811
vt 2.2800285816192627 0.4799390435218811
vt 2.2800285816192627 0.4799390435218811
vt 2.2800285816192627 0.4799390435218811
vt 2.2800285816192627 0.4799390435218811
vt 2.2800285816192627 0.4799390435218811
vt 2.2800285816192627 0.4799390435218811
vt 2.2800285816192627 0.4799390435218811
vt 2.2800285816192627 0.4799390435218811
vt 2.2800285816192627 0.4799390435218811
vt 2.2800285816192627 0.4799390435218811
vt 2.2800285816192627 0.4799390435218811
vt 2.2800285816192627 0.4799390435218811
vt 2.2800285816192627 0.4799390435218811
vt 2.2800285816192627 0.4799390435218811
vt 2.2800285816192627 0.4799390435218811
vt 2.2800285816192627 0.4799390435218811
vt 2.2800285816192627 0.4799390435218811
vt 2.2800285816192627 0.4799390435218811
vt 2.2800285816192627 0.4799390435218811
vt 2.2800285816192627 0.4799390435218811
vt 2.2800285816192627 0.4799390435218811
vt 2.2800285816192627 0.4799390435218811
vt 2.2800285816192627 0.4799390435218811
vt 2.2800285816192627 0.4799390435218811
vt 2.2800285816192627 0.4799390435218811
vt 2.2800285816192627 0.4799390435218811
vt 2.2800285816192627 0.4799390435218811
vt 2.2800285816192627 0.4799390435218811
vt 2.2800285816192627 0.4799390435218811
vt 2.2800285816192627 0.4799390435218811
vt 2.2800285816192627 0.4799390435218811
vt 2.2800285816192627 0.4799390435218811
vt 2.2800285816192627 0.4799390435218811
vt 2.2800285816192627 0.4799390435218811
vt 2.2800285816192627 0.4700429141521454
vt 2.2800285816192627 0.4700429141521454
vt 2.2800285816192627 0.4799390435218811
vt 2.2800285816192627 0.4700429141521454
vt 2.2800285816192627 0.4700429141521454
vt 2.2800285816192627 0.4700429141521454
vt 2.2800285816192627 0.4700429141521454
vt 2.2800285816192627 0.4700429141521454
vt 2.2800285816192627 0.4700429141521454
vt 2.2800285816192627 0.4799390435218811
vt 2.2800285816192627 0.4700429141521454
vt 2.2800285816192627 0.4700429141521454
vt 2.2800285816192627 0.4700429141521454
vt 2.2800285816192627 0.4700429141521454
vt 2.2800285816192627 0.4700429141521454
vt 2.2800285816192627 0.4700429141521454
vt 2.2800285816192627 0.4700429141521454
vt 2.2800285816192627 0.4700429141521454
vt 2.2800285816192627 0.4700429141521454
vt 2.2800285816192627 0.4700429141521454
vt 2.2800285816192627 0.4700429141521454
vt 2.2800285816192627 0.4700429141521454
vt 2.2800285816192627 0.4700429141521454
vt 2.2800285816192627 0.4700429141521454
vt 2.2800285816192627 0.4700429141521454
vt 2.2800285816192627 0.4700429141521454
vt 2.2800285816192627 0.4700429141521454
vt 2.2800285816192627 0.4700429141521454
vt 2.2800285816192627 0.4700429141521454
vt 2.2800285816192627 0.4700429141521454
vt 2.2800285816192627 0.4700429141521454
vt 2.2800285816192627 0.4700429141521454
vt 2.2800285816192627 0.4700429141521454
vt 2.2800285816192627 0.4700429141521454
vt 2.2800285816192627 0.4700429141521454
vt 2.2800285816192627 0.4700429141521454
vt 2.2800285816192627 0.4700429141521454
vt 2.2800285816192627 0.4700429141521454
vt 2.2800285816192627 0.4700429141521454
vt 2.2800285816192627 0.4700429141521454
vt 2.2800285816192627 0.4599761664867401
vt 2.2800285816192627 0.4599761664867401
vt 2.2800285816192627 0.4599761664867401
vt 2.2800285816192627 0.4599761664867401
vt 2.2800285816192627 0.4599761664867401
vt 2.2800285816192627 0.4700429141521454
vt 2.2800285816192627 0.4599761664867401
vt 2.2800285816192627 0.4599761664867401
vt 2.2800285816192627 0.4599761664867401
vt 2.2800285816192627 0.4599761664867401
vt 2.2800285816192627 0.4599761664867401
vt 2.2800285816192627 0.4599761664867401
vt 2.2800285816192627 0.4599761664867401
vt 2.259993553161621 1.4700642824172974
vt 2.259993553161621 1.5900123119354248
vt 2.290003776550293 1.4700642824172974
vt 2.290003776550293 1.5900123119354248
vt 2.259993553161621 1.3499456644058228
vt 2.259993553161621 1.4700642824172974
vt 2.290003776550293 1.3499456644058228
vt 2.290003776550293 1.4700642824172974
vt 2.290003776550293 1.3400496244430542
vt 2.290003776550293 1.1199458837509155
vt 2.259993553161621 1.3400496244430542
vt 2.259993553161621 1.1199458837509155
vt 2.290003776550293 1.060057282447815
vt 2.259993553161621 1.060057282447815
vt 2.290003776550293 0.839953601360321
vt 2.259993553161621 0.839953601360321
vt 2.259993553161621 0.7099388241767883
vt 2.290003776550293 0.7099388241767883
vt 2.259993553161621 0.8300574421882629
vt 2.290003776550293 0.8300574421882629
vt 2.259993553161621 0.5899908542633057
vt 2.290003776550293 0.5899908542633057
vt 2.259993553161621 0.7099388241767883
vt 2.290003776550293 0.7099388241767883
vt 1.2600135803222656 -0.9550004005432129
vt 1.4700016975402832 -0.9550004005432129
vt 1.2600135803222656 -1.3450446128845215
vt 1.4700016975402832 -1.3450446128845215
vt 1.5300225019454956 -1.3450446128845215
vt 1.5300225019454956 -0.9550004005432129
vt 1.7400106191635132 -1.3450446128845215
vt 1.7400106191635132 -0.9550004005432129
vt 2.5300023555755615 -1.481884241104126
vt 2.4099607467651367 -1.481884241104126
vt 2.5300023555755615 -1.2148592472076416
vt 2.4099607467651367 -1.2148592472076416
vt 2.199972629547119 -2.800800085067749
vt 1.9999598264694214 -2.800800085067749
vt 2.199972629547119 -2.370659351348877
vt 1.9999598264694214 -2.370659351348877
vt 1.9999598264694214 -2.800800085067749
vt 1.9999598264694214 -2.370659351348877
vt 2.189997434616089 -2.800800085067749
vt 2.189997434616089 -2.370659351348877
vt 1.9999598264694214 2.3144774436950684
vt 2.100050687789917 2.7799370288848877
vt 2.199972629547119 2.3144774436950684
vt 2.199972629547119 2.7799370288848877
vt 1.9999598264694214 2.3245441913604736
vt 1.9999598264694214 2.790003776550293
vt 2.189997434616089 2.3245441913604736
vt 2.189997434616089 2.790003776550293
vt 2.7497122287750244 2.1122891902923584
vt 2.7410895824432373 1.6609914302825928
vt 2.5297486782073975 2.1122891902923584
vt 2.5297486782073975 1.6609914302825928
vt 2.4697279930114746 2.1122891902923584
vt 2.4697279930114746 1.6609914302825928
vt 2.259739875793457 2.1122891902923584
vt 2.259739875793457 1.6609914302825928
vn 0.9149710536003113 0.4035136103630066 0.002184694167226553
vn 0.9149710536003113 0.4035136103630066 0.002184694167226553
vn 0.9149710536003113 0.4035136103630066 0.002184694167226553
vn -0.9055951237678528 0.4241376221179962 0.002184694167226553
vn -0.9055951237678528 0.4241376221179962 0.002184694167226553
vn -0.9055951237678528 0.4241376221179962 0.002184694167226553
vn 0.5804283022880554 0.8143084645271301 0.002184694167226553
vn 0.9055951237678528 0.4241376221179962 0.002184694167226553
vn 0.9055951237678528 0.4241376221179962 0.002184694167226553
vn 0.7681957483291626 0.640211284160614 0.002184694167226553
vn 0.0018857260001823306 0.9663935899734497 0.25706008076667786
vn 0.0018857260001823306 0.9663935899734497 0.25706008076667786
vn -8.96638042676215e-14 0.8689236044883728 0.4949462115764618
vn -8.96638042676215e-14 0.8689236044883728 0.4949462115764618
vn -8.96638042676215e-14 0.8689236044883728 0.4949462115764618
vn 0.0018857260001823306 0.9663935899734497 0.25706008076667786
vn -8.96638042676215e-14 0.8689236044883728 0.4949462115764618
vn 0.0018857260001823306 0.9663935899734497 0.25706008076667786
vn 0.0018857260001823306 0.9663935899734497 0.25706008076667786
vn -8.96638042676215e-14 0.8689236044883728 0.4949462115764618
vn 0.0018857260001823306 0.9663935899734497 0.25706008076667786
vn -8.96638042676215e-14 0.8689236044883728 0.4949462115764618
vn 0.0018857260001823306 0.9663935899734497 0.25706008076667786
vn -8.96638042676215e-14 0.8689236044883728 0.4949462115764618
vn -8.96638042676215e-14 0.8689236044883728 0.4949462115764618
vn 0.0018857260001823306 0.9663935899734497 0.25706008076667786
vn 0.0018857260001823306 0.9663935899734497 0.25706008076667786
vn 0.0018857260001823306 0.9663935899734497 0.25706008076667786
vn -8.96638042676215e-14 0.8689236044883728 0.4949462115764618
vn -8.96638042676215e-14 0.8689236044883728 0.4949462115764618
vn 0.0018857260001823306 0.9663935899734497 0.25706008076667786
vn -8.96638042676215e-14 0.8689236044883728 0.4949462115764618
vn 0.0018857260001823306 0.9663935899734497 0.25706008076667786
vn -8.96638042676215e-14 0.8689236044883728 0.4949462115764618
vn -1.0341130485562108e-13 0.999997615814209 0.002184694167226553
vn -1.0341130485562108e-13 0.999997615814209 0.002184694167226553
vn -1.0341130485562108e-13 0.999997615814209 0.002184694167226553
vn -1.0341130485562108e-13 0.999997615814209 0.002184694167226553
vn -1.0341130485562108e-13 0.999997615814209 0.002184694167226553
vn -1.0341130485562108e-13 0.999997615814209 0.002184694167226553
vn -1.0341130485562108e-13 0.999997615814209 0.002184694167226553
vn -1.0341130485562108e-13 0.999997615814209 0.002184694167226553
vn -1.0341130485562108e-13 0.999997615814209 0.002184694167226553
vn -1.0341130485562108e-13 0.999997615814209 0.002184694167226553
vn -1.0341130485562108e-13 0.999997615814209 0.002184694167226553
vn -1.0341130485562108e-13 0.999997615814209 0.002184694167226553
vn -1.0341130485562108e-13 0.999997615814209 0.002184694167226553
vn -1.0341130485562108e-13 0.999997615814209 0.002184694167226553
vn -1.0341130485562108e-13 0.999997615814209 0.002184694167226553
vn -1.0341130485562108e-13 0.999997615814209 0.002184694167226553
vn -1.0341130485562108e-13 0.999997615814209 0.002184694167226553
vn -1.0341130485562108e-13 0.999997615814209 0.002184694167226553
vn -1.0341130485562108e-13 0.999997615814209 0.002184694167226553
vn -1.0341130485562108e-13 0.999997615814209 0.002184694167226553
vn -1.0341130485562108e-13 0.999997615814209 0.002184694167226553
vn -1.0341130485562108e-13 0.999997615814209 0.002184694167226553
vn -1.0341130485562108e-13 0.999997615814209 0.002184694167226553
vn -1.0341130485562108e-13 0.999997615814209 0.002184694167226553
vn -1.0341130485562108e-13 0.999997615814209 0.002184694167226553
vn -1.0341130485562108e-13 0.999997615814209 0.002184694167226553
vn -1.0341130485562108e-13 0.999997615814209 0.002184694167226553
vn -1.0341130485562108e-13 0.999997615814209 0.002184694167226553
vn -1.0341130485562108e-13 0.999997615814209 0.002184694167226553
vn -1.0341130485562108e-13 0.999997615814209 0.002184694167226553
vn -1.0341130485562108e-13 0.999997615814209 0.002184694167226553
vn -1.0341130485562108e-13 0.999997615814209 0.002184694167226553
vn -1.0341130485562108e-13 0.999997615814209 0.002184694167226553
vn -1.0341130485562108e-13 0.999997615814209 0.002184694167226553
vn -1.0341130485562108e-13 0.999997615814209 0.002184694167226553
vn -1.0341130485562108e-13 0.999997615814209 0.002184694167226553
vn -1.0341130485562108e-13 0.999997615814209 0.002184694167226553
vn -1.0341130485562108e-13 0.999997615814209 0.002184694167226553
vn -1.0341130485562108e-13 0.999997615814209 0.002184694167226553
vn -1.0341130485562108e-13 0.999997615814209 0.002184694167226553
vn -1.0341130485562108e-13 0.999997615814209 0.002184694167226553
vn -1.0341130485562108e-13 0.999997615814209 0.002184694167226553
vn -1.0341130485562108e-13 0.999997615814209 0.002184694167226553
vn -1.0341130485562108e-13 0.999997615814209 0.002184694167226553
vn -1.0341130485562108e-13 0.999997615814209 0.002184694167226553
vn -1.0341130485562108e-13 0.999997615814209 0.002184694167226553
vn -1.0341130485562108e-13 0.999997615814209 0.002184694167226553
vn -1.0341130485562108e-13 0.999997615814209 0.002184694167226553
vn -1.0341130485562108e-13 0.999997615814209 0.002184694167226553
vn -1.0341130485562108e-13 0.999997615814209 0.002184694167226553
vn -1.0341130485562108e-13 0.999997615814209 0.002184694167226553
vn -1.0341130485562108e-13 0.999997615814209 0.002184694167226553
vn -1.0341130485562108e-13 0.999997615814209 0.002184694167226553
vn -1.0341130485562108e-13 0.999997615814209 0.002184694167226553
vn -1.0341130485562108e-13 0.999997615814209 0.002184694167226553
vn -1.0341130485562108e-13 0.999997615814209 0.002184694167226553
vn -1.0341130485562108e-13 0.999997615814209 0.002184694167226553
vn -1.0341130485562108e-13 0.999997615814209 0.002184694167226553
vn -1.0341130485562108e-13 0.999997615814209 0.002184694167226553
vn -1.0341130485562108e-13 0.999997615814209 0.002184694167226553
vn -1.0341130485562108e-13 0.999997615814209 0.002184694167226553
vn -1.0341130485562108e-13 0.999997615814209 0.002184694167226553
vn -1.0341130485562108e-13 0.999997615814209 0.002184694167226553
vn -1.0341130485562108e-13 0.999997615814209 0.002184694167226553
vn -1.0341130485562108e-13 0.999997615814209 0.002184694167226553
vn -1.0341130485562108e-13 0.999997615814209 0.002184694167226553
vn -1.0341130485562108e-13 0.999997615814209 0.002184694167226553
vn -1.0341130485562108e-13 0.999997615814209 0.002184694167226553
vn -1.0341130485562108e-13 0.999997615814209 0.002184694167226553
vn -1.0341130485562108e-13 0.999997615814209 0.002184694167226553
vn -1.0341130485562108e-13 0.999997615814209 0.002184694167226553
vn -1.0341130485562108e-13 0.999997615814209 0.002184694167226553
vn -1.0341130485562108e-13 0.999997615814209 0.002184694167226553
vn -1.0341130485562108e-13 0.999997615814209 0.002184694167226553
vn -1.0341130485562108e-13 0.999997615814209 0.002184694167226553
vn -1.0341130485562108e-13 0.999997615814209 0.002184694167226553
vn -1.0341130485562108e-13 0.999997615814209 0.002184694167226553
vn -1.0341130485562108e-13 0.999997615814209 0.002184694167226553
vn -1.0341130485562108e-13 0.999997615814209 0.002184694167226553
vn -1.0341130485562108e-13 0.999997615814209 0.002184694167226553
vn -1.0341130485562108e-13 0.999997615814209 0.002184694167226553
vn -1.0341130485562108e-13 0.999997615814209 0.002184694167226553
vn -1.0341130485562108e-13 0.999997615814209 0.002184694167226553
vn -1.0341130485562108e-13 0.999997615814209 0.002184694167226553
vn -1.0341130485562108e-13 0.999997615814209 0.002184694167226553
vn -1.0341130485562108e-13 0.999997615814209 0.002184694167226553
vn -1.0341130485562108e-13 0.999997615814209 0.002184694167226553
vn -1.0341130485562108e-13 0.999997615814209 0.002184694167226553
vn -1.0341130485562108e-13 0.999997615814209 0.002184694167226553
vn -1.0341130485562108e-13 0.999997615814209 0.002184694167226553
vn -1.0341130485562108e-13 0.999997615814209 0.002184694167226553
vn -1.0341130485562108e-13 0.999997615814209 0.002184694167226553
vn -1.0341130485562108e-13 0.999997615814209 0.002184694167226553
vn -1.0341130485562108e-13 0.999997615814209 0.002184694167226553
vn -1.0341130485562108e-13 0.999997615814209 0.002184694167226553
vn -1.0341130485562108e-13 0.999997615814209 0.002184694167226553
vn -1.0341130485562108e-13 0.999997615814209 0.002184694167226553
vn -1.0341130485562108e-13 0.999997615814209 0.002184694167226553
vn -1.0341130485562108e-13 0.999997615814209 0.002184694167226553
vn -1.0341130485562108e-13 0.999997615814209 0.002184694167226553
vn -1.0341130485562108e-13 0.999997615814209 0.002184694167226553
vn -1.0341130485562108e-13 0.999997615814209 0.002184694167226553
vn -1.0341130485562108e-13 0.999997615814209 0.002184694167226553
vn -1.0341130485562108e-13 0.999997615814209 0.002184694167226553
vn 0.0018857260001823306 0.9663935899734497 0.25706008076667786
vn 0.0018857260001823306 0.9663935899734497 0.25706008076667786
vn -1.0341130485562108e-13 0.999997615814209 0.002184694167226553
vn 0.0018857260001823306 0.9663935899734497 0.25706008076667786
vn 0.0018857260001823306 0.9663935899734497 0.25706008076667786
vn -1.0341130485562108e-13 0.999997615814209 0.002184694167226553
vn -1.0341130485562108e-13 0.999997615814209 0.002184694167226553
vn -1.0341130485562108e-13 0.999997615814209 0.002184694167226553
vn 0.0018857260001823306 0.9663935899734497 0.25706008076667786
vn 0.0018857260001823306 0.9663935899734497 0.25706008076667786
vn -1.0341130485562108e-13 0.999997615814209 0.002184694167226553
vn -1.0341130485562108e-13 0.999997615814209 0.002184694167226553
vn -1.0341130485562108e-13 0.999997615814209 0.002184694167226553
vn -1.0341130485562108e-13 0.999997615814209 0.002184694167226553
vn -1.0341130485562108e-13 0.999997615814209 0.002184694167226553
vn -1.0341130485562108e-13 0.999997615814209 0.002184694167226553
vn -1.0341130485562108e-13 0.999997615814209 0.002184694167226553
vn -1.0341130485562108e-13 0.999997615814209 0.002184694167226553
vn -1.0341130485562108e-13 0.999997615814209 0.002184694167226553
vn -1.0341130485562108e-13 0.999997615814209 0.002184694167226553
vn -1.0341130485562108e-13 0.999997615814209 0.002184694167226553
vn -1.0341130485562108e-13 0.999997615814209 0.002184694167226553
vn -1.0341130485562108e-13 0.999997615814209 0.002184694167226553
vn -1.0341130485562108e-13 0.999997615814209 0.002184694167226553
vn -1.0341130485562108e-13 0.999997615814209 0.002184694167226553
vn -1.0341130485562108e-13 0.999997615814209 0.002184694167226553
vn -1.0341130485562108e-13 0.999997615814209 0.002184694167226553
vn -1.0341130485562108e-13 0.999997615814209 0.002184694167226553
vn -1.0341130485562108e-13 0.999997615814209 0.002184694167226553
vn -1.0341130485562108e-13 0.999997615814209 0.002184694167226553
vn -1.0341130485562108e-13 0.999997615814209 0.002184694167226553
vn -1.0341130485562108e-13 0.999997615814209 0.002184694167226553
vn -1.0341130485562108e-13 0.999997615814209 0.002184694167226553
vn -1.0341130485562108e-13 0.999997615814209 0.002184694167226553
vn -1.0341130485562108e-13 0.999997615814209 0.002184694167226553
vn -1.0341130485562108e-13 0.999997615814209 0.002184694167226553
vn -1.0341130485562108e-13 0.999997615814209 0.002184694167226553
vn -1.0341130485562108e-13 0.999997615814209 0.002184694167226553
vn -1.0341130485562108e-13 0.999997615814209 0.002184694167226553
vn -1.0341130485562108e-13 0.999997615814209 0.002184694167226553
vn -1.0341130485562108e-13 0.999997615814209 0.002184694167226553
vn -1.0341130485562108e-13 0.999997615814209 0.002184694167226553
vn -1.0341130485562108e-13 0.999997615814209 0.002184694167226553
vn -1.0341130485562108e-13 0.999997615814209 0.002184694167226553
vn -1.0341130485562108e-13 0.999997615814209 0.002184694167226553
vn -1.0341130485562108e-13 0.999997615814209 0.002184694167226553
vn -1.0341130485562108e-13 0.999997615814209 0.002184694167226553
vn -1.0341130485562108e-13 0.999997615814209 0.002184694167226553
vn -1.0341130485562108e-13 0.999997615814209 0.002184694167226553
vn -1.0341130485562108e-13 0.999997615814209 0.002184694167226553
vn -1.0341130485562108e-13 0.999997615814209 0.002184694167226553
vn -1.0341130485562108e-13 0.999997615814209 0.002184694167226553
vn -1.0341130485562108e-13 0.999997615814209 0.002184694167226553
vn -1.0341130485562108e-13 0.999997615814209 0.002184694167226553
vn -1.0341130485562108e-13 0.999997615814209 0.002184694167226553
vn -1.0341130485562108e-13 0.999997615814209 0.002184694167226553
vn -1.0341130485562108e-13 0.999997615814209 0.002184694167226553
vn -1.0341130485562108e-13 0.999997615814209 0.002184694167226553
vn -1.0341130485562108e-13 0.999997615814209 0.002184694167226553
vn -1.0341130485562108e-13 0.999997615814209 0.002184694167226553
vn -1.0341130485562108e-13 0.999997615814209 0.002184694167226553
vn -1.0341130485562108e-13 0.999997615814209 0.002184694167226553
vn -1.0341130485562108e-13 0.999997615814209 0.002184694167226553
vn -1.0341130485562108e-13 0.999997615814209 0.002184694167226553
vn 0.0018857260001823306 0.9663935899734497 0.25706008076667786
vn -1.0341130485562108e-13 0.999997615814209 0.002184694167226553
vn 0.0018857260001823306 0.9663935899734497 0.25706008076667786
vn -1.0341130485562108e-13 0.999997615814209 0.002184694167226553
vn -1.0341130485562108e-13 0.999997615814209 0.002184694167226553
vn -1.0341130485562108e-13 0.999997615814209 0.002184694167226553
vn -1.0341130485562108e-13 0.999997615814209 0.002184694167226553
vn -1.0341130485562108e-13 0.999997615814209 0.002184694167226553
vn -1.0341130485562108e-13 0.999997615814209 0.002184694167226553
vn -1.0341130485562108e-13 0.999997615814209 0.002184694167226553
vn -1.0341130485562108e-13 0.999997615814209 0.002184694167226553
vn -1.0341130485562108e-13 0.999997615814209 0.002184694167226553
vn -1.0341130485562108e-13 0.999997615814209 0.002184694167226553
vn -1.0341130485562108e-13 0.999997615814209 0.002184694167226553
vn -1.0341130485562108e-13 0.999997615814209 0.002184694167226553
vn -1.0341130485562108e-13 0.999997615814209 0.002184694167226553
vn -1.0341130485562108e-13 0.999997615814209 0.002184694167226553
vn -1.0341130485562108e-13 0.999997615814209 0.002184694167226553
vn -1.0341130485562108e-13 0.999997615814209 0.002184694167226553
vn -1.0341130485562108e-13 0.999997615814209 0.002184694167226553
vn -1.0341130485562108e-13 0.999997615814209 0.002184694167226553
vn -1.0341130485562108e-13 0.999997615814209 0.002184694167226553
vn -1.0341130485562108e-13 0.999997615814209 0.002184694167226553
vn -1.0341130485562108e-13 0.999997615814209 0.002184694167226553
vn -1.0341130485562108e-13 0.999997615814209 0.002184694167226553
vn -1.0341130485562108e-13 0.999997615814209 0.002184694167226553
vn -1.0341130485562108e-13 0.999997615814209 0.002184694167226553
vn -1.0341130485562108e-13 0.999997615814209 0.002184694167226553
vn -1.0341130485562108e-13 0.999997615814209 0.002184694167226553
vn -1.0341130485562108e-13 0.999997615814209 0.002184694167226553
vn -1.0341130485562108e-13 0.999997615814209 0.002184694167226553
vn -1.0341130485562108e-13 0.999997615814209 0.002184694167226553
vn -1.0341130485562108e-13 0.999997615814209 0.002184694167226553
vn -1.0341130485562108e-13 0.999997615814209 0.002184694167226553
vn -1.0341130485562108e-13 0.999997615814209 0.002184694167226553
vn -1.0341130485562108e-13 0.999997615814209 0.002184694167226553
vn -1.0341130485562108e-13 0.999997615814209 0.002184694167226553
vn -1.0341130485562108e-13 0.999997615814209 0.002184694167226553
vn -1.0341130485562108e-13 0.999997615814209 0.002184694167226553
vn -1.0341130485562108e-13 0.999997615814209 0.002184694167226553
vn -1.0341130485562108e-13 0.999997615814209 0.002184694167226553
vn -1.0341130485562108e-13 0.999997615814209 0.002184694167226553
vn -1.0341130485562108e-13 0.999997615814209 0.002184694167226553
vn -1.0341130485562108e-13 0.999997615814209 0.002184694167226553
vn -1.0341130485562108e-13 0.999997615814209 0.002184694167226553
vn -1.0341130485562108e-13 0.999997615814209 0.002184694167226553
vn -1.0341130485562108e-13 0.999997615814209 0.002184694167226553
vn -1.0341130485562108e-13 0.999997615814209 0.002184694167226553
vn -1.0341130485562108e-13 0.999997615814209 0.002184694167226553
vn -1.0341130485562108e-13 0.999997615814209 0.002184694167226553
vn -1.0341130485562108e-13 0.999997615814209 0.002184694167226553
vn -1.0341130485562108e-13 0.999997615814209 0.002184694167226553
vn -1.0341130485562108e-13 0.999997615814209 0.002184694167226553
vn -1.0341130485562108e-13 0.999997615814209 0.002184694167226553
vn -1.0341130485562108e-13 0.999997615814209 0.002184694167226553
vn -1.0341130485562108e-13 0.999997615814209 0.002184694167226553
vn 0.9055951237678528 0.4241376221179962 0.002184694167226553
vn 0.7681957483291626 0.640211284160614 0.002184694167226553
vn 0.9055951237678528 0.4241376221179962 0.002184694167226553
vn -1.0341130485562108e-13 0.999997615814209 0.002184694167226553
vn -0.9055951237678528 0.4241376221179962 0.002184694167226553
vn -0.9055951237678528 0.4241376221179962 0.002184694167226553
vn -1.0341130485562108e-13 0.999997615814209 0.002184694167226553
vn -0.9055951237678528 0.4241376221179962 0.002184694167226553
vn -1.0341130485562108e-13 0.999997615814209 0.002184694167226553
vn -0.9055951237678528 0.4241376221179962 0.002184694167226553
vn -1.0341130485562108e-13 0.999997615814209 0.002184694167226553
vn -0.9055951237678528 0.4241376221179962 0.002184694167226553
vn -1.0341130485562108e-13 0.999997615814209 0.002184694167226553
vn -0.9055951237678528 0.4241376221179962 0.002184694167226553
vn -1.0341130485562108e-13 0.999997615814209 0.002184694167226553
vn -0.9055951237678528 0.4241376221179962 0.002184694167226553
vn -1.0341130485562108e-13 0.999997615814209 0.002184694167226553
vn -0.9055951237678528 0.4241376221179962 0.002184694167226553
vn -1.0341130485562108e-13 0.999997615814209 0.002184694167226553
vn -0.9055951237678528 0.4241376221179962 0.002184694167226553
vn -1.0341130485562108e-13 0.999997615814209 0.002184694167226553
vn -0.9055951237678528 0.4241376221179962 0.002184694167226553
vn -1.0341130485562108e-13 0.999997615814209 0.002184694167226553
vn -0.9055951237678528 0.4241376221179962 0.002184694167226553
vn -1.0341130485562108e-13 0.999997615814209 0.002184694167226553
vn -0.9055951237678528 0.4241376221179962 0.002184694167226553
vn -1.0341130485562108e-13 0.999997615814209 0.002184694167226553
vn -0.9055951237678528 0.4241376221179962 0.002184694167226553
vn -1.0341130485562108e-13 0.999997615814209 0.002184694167226553
vn -0.9055951237678528 0.4241376221179962 0.002184694167226553
vn -1.0341130485562108e-13 0.999997615814209 0.002184694167226553
vn -0.9055951237678528 0.4241376221179962 0.002184694167226553
vn -0.5804283022880554 0.8143084645271301 0.002184694167226553
vn -0.9055951237678528 0.4241376221179962 0.002184694167226553
vn -0.9055951237678528 0.4241376221179962 0.002184694167226553
vn 0.5804283022880554 0.8143084645271301 0.002184694167226553
vn 0.9055951237678528 0.4241376221179962 0.002184694167226553
vn 0.9055951237678528 0.4241376221179962 0.002184694167226553
vn 0.9055951237678528 0.4241376221179962 0.002184694167226553
vn 0.9055951237678528 0.4241376221179962 0.002184694167226553
vn 0.9055951237678528 0.4241376221179962 0.002184694167226553
vn 0.9055951237678528 0.4241376221179962 0.002184694167226553
vn 0.9055951237678528 0.4241376221179962 0.002184694167226553
vn 0.9055951237678528 0.4241376221179962 0.002184694167226553
vn 0.9055951237678528 0.4241376221179962 0.002184694167226553
vn 0.9055951237678528 0.4241376221179962 0.002184694167226553
vn 0.9055951237678528 0.4241376221179962 0.002184694167226553
vn 0.9055951237678528 0.4241376221179962 0.002184694167226553
vn 0.9055951237678528 0.4241376221179962 0.002184694167226553
vn 0.9055951237678528 0.4241376221179962 0.002184694167226553
vn 0.9055951237678528 0.4241376221179962 0.002184694167226553
vn -0.9055951237678528 0.4241376221179962 0.002184694167226553
vn -0.5804283022880554 0.8143084645271301 0.002184694167226553
vn -0.9055951237678528 0.4241376221179962 0.002184694167226553
vn -1.0341130485562108e-13 0.999997615814209 0.002184694167226553
vn 0.9055951237678528 0.4241376221179962 0.002184694167226553
vn 0.9055951237678528 0.4241376221179962 0.002184694167226553
vn -1.0341130485562108e-13 0.999997615814209 0.002184694167226553
vn 0.9055951237678528 0.4241376221179962 0.002184694167226553
vn -1.0341130485562108e-13 0.999997615814209 0.002184694167226553
vn 0.9055951237678528 0.4241376221179962 0.002184694167226553
vn -1.0341130485562108e-13 0.999997615814209 0.002184694167226553
vn 0.9055951237678528 0.4241376221179962 0.002184694167226553
vn -1.0341130485562108e-13 0.999997615814209 0.002184694167226553
vn 0.9055951237678528 0.4241376221179962 0.002184694167226553
vn -1.0341130485562108e-13 0.999997615814209 0.002184694167226553
vn 0.9055951237678528 0.4241376221179962 0.002184694167226553
vn -1.0341130485562108e-13 0.999997615814209 0.002184694167226553
vn 0.9055951237678528 0.4241376221179962 0.002184694167226553
vn -1.0341130485562108e-13 0.999997615814209 0.002184694167226553
vn 0.9055951237678528 0.4241376221179962 0.002184694167226553
vn -1.0341130485562108e-13 0.999997615814209 0.002184694167226553
vn 0.9055951237678528 0.4241376221179962 0.002184694167226553
vn -1.0341130485562108e-13 0.999997615814209 0.002184694167226553
vn 0.9055951237678528 0.4241376221179962 0.002184694167226553
vn 0.28233733773231506 0.9128780961036682 0.2948545813560486
vn 0.9009221196174622 0.41709789633750916 0.11986933648586273
vn 0.8898149132728577 0.2895151674747467 0.3527185618877411
vn -3.113834738015589e-14 0.3011109232902527 0.953589141368866
vn 0.8322274088859558 0 0.5544344186782837
vn 0 0 1
vn -0.8322188854217529 0.0037727425806224346 0.5544344186782837
vn -0.8909752368927002 0.28592434525489807 0.3527185618877411
vn -0.902193546295166 0.42370617389678955 0.08074574917554855
vn -0.9055951237678528 0.4241376221179962 0.002184694167226553
vn -0.9055951237678528 0.4241376221179962 0.002184694167226553
vn -0.9055951237678528 0.4241376221179962 0.002184694167226553
vn -0.9055951237678528 0.4241376221179962 0.002184694167226553
vn -0.9055951237678528 0.4241376221179962 0.002184694167226553
vn -0.9055951237678528 0.4241376221179962 0.002184694167226553
vn -0.9055951237678528 0.4241376221179962 0.002184694167226553
vn -0.9055951237678528 0.4241376221179962 0.002184694167226553
vn -0.9055951237678528 0.4241376221179962 0.002184694167226553
vn 0.0018857260001823306 0.9663935899734497 0.25706008076667786
vn -1.0341130485562108e-13 0.999997615814209 0.002184694167226553
vn 0.0018857260001823306 0.9663935899734497 0.25706008076667786
vn -1.0341130485562108e-13 0.999997615814209 0.002184694167226553
vn -1.0341130485562108e-13 0.999997615814209 0.002184694167226553
vn -1.0341130485562108e-13 0.999997615814209 0.002184694167226553
vn -1.0341130485562108e-13 0.999997615814209 0.002184694167226553
vn -1.0341130485562108e-13 0.999997615814209 0.002184694167226553
vn -1.0341130485562108e-13 0.999997615814209 0.002184694167226553
vn -1.0341130485562108e-13 0.999997615814209 0.002184694167226553
vn -1.0341130485562108e-13 0.999997615814209 0.002184694167226553
vn -1.0341130485562108e-13 0.999997615814209 0.002184694167226553
vn -1.0341130485562108e-13 0.999997615814209 0.002184694167226553
vn -1.0341130485562108e-13 0.999997615814209 0.002184694167226553
vn -1.0341130485562108e-13 0.999997615814209 0.002184694167226553
vn -1.0341130485562108e-13 0.999997615814209 0.002184694167226553
vn -1.0341130485562108e-13 0.999997615814209 0.002184694167226553
vn -1.0341130485562108e-13 0.999997615814209 0.002184694167226553
vn -1.0341130485562108e-13 0.999997615814209 0.002184694167226553
vn -1.0341130485562108e-13 0.999997615814209 0.002184694167226553
vn -1.0341130485562108e-13 0.999997615814209 0.002184694167226553
vn -1.0341130485562108e-13 0.999997615814209 0.002184694167226553
vn -1.0341130485562108e-13 0.999997615814209 0.002184694167226553
vn -1.0341130485562108e-13 0.999997615814209 0.002184694167226553
vn -1.0341130485562108e-13 0.999997615814209 0.002184694167226553
vn -1.0341130485562108e-13 0.999997615814209 0.002184694167226553
vn -1.0341130485562108e-13 0.999997615814209 0.002184694167226553
vn -1.0341130485562108e-13 0.999997615814209 0.002184694167226553
vn -1.0341130485562108e-13 0.999997615814209 0.002184694167226553
vn -1.0341130485562108e-13 0.999997615814209 0.002184694167226553
vn -1.0341130485562108e-13 0.999997615814209 0.002184694167226553
vn -1.0341130485562108e-13 0.999997615814209 0.002184694167226553
vn -1.0341130485562108e-13 0.999997615814209 0.002184694167226553
vn -1.0341130485562108e-13 0.999997615814209 0.002184694167226553
vn -1.0341130485562108e-13 0.999997615814209 0.002184694167226553
vn -1.0341130485562108e-13 0.999997615814209 0.002184694167226553
vn -1.0341130485562108e-13 0.999997615814209 0.002184694167226553
vn -1.0341130485562108e-13 0.999997615814209 0.002184694167226553
vn -1.0341130485562108e-13 0.999997615814209 0.002184694167226553
vn -1.0341130485562108e-13 0.999997615814209 0.002184694167226553
vn -1.0341130485562108e-13 0.999997615814209 0.002184694167226553
vn -1.0341130485562108e-13 0.999997615814209 0.002184694167226553
vn -1.0341130485562108e-13 0.999997615814209 0.002184694167226553
vn -1.0341130485562108e-13 0.999997615814209 0.002184694167226553
vn -1.0341130485562108e-13 0.999997615814209 0.002184694167226553
vn -1.0341130485562108e-13 0.999997615814209 0.002184694167226553
vn -1.0341130485562108e-13 0.999997615814209 0.002184694167226553
vn -1.0341130485562108e-13 0.999997615814209 0.002184694167226553
vn -1.0341130485562108e-13 0.999997615814209 0.002184694167226553
vn -1.0341130485562108e-13 0.999997615814209 0.002184694167226553
vn -1.0341130485562108e-13 0.999997615814209 0.002184694167226553
vn -1.0341130485562108e-13 0.999997615814209 0.002184694167226553
vn -1.0341130485562108e-13 0.999997615814209 0.002184694167226553
vn -1.0341130485562108e-13 0.999997615814209 0.002184694167226553
vn -1.0341130485562108e-13 0.999997615814209 0.002184694167226553
vn -1.0341130485562108e-13 0.999997615814209 0.002184694167226553
vn -1.0341130485562108e-13 0.999997615814209 0.002184694167226553
vn -1.0341130485562108e-13 0.999997615814209 0.002184694167226553
vn 0.0018857260001823306 0.9663935899734497 0.25706008076667786
vn -1.0341130485562108e-13 0.999997615814209 0.002184694167226553
vn 0.0018857260001823306 0.9663935899734497 0.25706008076667786
vn -1.0341130485562108e-13 0.999997615814209 0.002184694167226553
vn -1.0341130485562108e-13 0.999997615814209 0.002184694167226553
vn -1.0341130485562108e-13 0.999997615814209 0.002184694167226553
vn -1.0341130485562108e-13 0.999997615814209 0.002184694167226553
vn -1.0341130485562108e-13 0.999997615814209 0.002184694167226553
vn -1.0341130485562108e-13 0.999997615814209 0.002184694167226553
vn -1.0341130485562108e-13 0.999997615814209 0.002184694167226553
vn -1.0341130485562108e-13 0.999997615814209 0.002184694167226553
vn -1.0341130485562108e-13 0.999997615814209 0.002184694167226553
vn -1.0341130485562108e-13 0.999997615814209 0.002184694167226553
vn -1.0341130485562108e-13 0.999997615814209 0.002184694167226553
vn -1.0341130485562108e-13 0.999997615814209 0.002184694167226553
vn -1.0341130485562108e-13 0.999997615814209 0.002184694167226553
vn -1.0341130485562108e-13 0.999997615814209 0.002184694167226553
vn -1.0341130485562108e-13 0.999997615814209 0.002184694167226553
vn -1.0341130485562108e-13 0.999997615814209 0.002184694167226553
vn -1.0341130485562108e-13 0.999997615814209 0.002184694167226553
vn -1.0341130485562108e-13 0.999997615814209 0.002184694167226553
vn -1.0341130485562108e-13 0.999997615814209 0.002184694167226553
vn -1.0341130485562108e-13 0.999997615814209 0.002184694167226553
vn -1.0341130485562108e-13 0.999997615814209 0.002184694167226553
vn -1.0341130485562108e-13 0.999997615814209 0.002184694167226553
vn -1.0341130485562108e-13 0.999997615814209 0.002184694167226553
vn -1.0341130485562108e-13 0.999997615814209 0.002184694167226553
vn -1.0341130485562108e-13 0.999997615814209 0.002184694167226553
vn -1.0341130485562108e-13 0.999997615814209 0.002184694167226553
vn -1.0341130485562108e-13 0.999997615814209 0.002184694167226553
vn -1.0341130485562108e-13 0.999997615814209 0.002184694167226553
vn -1.0341130485562108e-13 0.999997615814209 0.002184694167226553
vn -1.0341130485562108e-13 0.999997615814209 0.002184694167226553
vn -1.0341130485562108e-13 0.999997615814209 0.002184694167226553
vn -1.0341130485562108e-13 0.999997615814209 0.002184694167226553
vn -1.0341130485562108e-13 0.999997615814209 0.002184694167226553
vn -1.0341130485562108e-13 0.999997615814209 0.002184694167226553
vn -1.0341130485562108e-13 0.999997615814209 0.002184694167226553
vn -1.0341130485562108e-13 0.999997615814209 0.002184694167226553
vn -1.0341130485562108e-13 0.999997615814209 0.002184694167226553
vn -1.0341130485562108e-13 0.999997615814209 0.002184694167226553
vn -1.0341130485562108e-13 0.999997615814209 0.002184694167226553
vn -1.0341130485562108e-13 0.999997615814209 0.002184694167226553
vn -1.0341130485562108e-13 0.999997615814209 0.002184694167226553
vn -1.0341130485562108e-13 0.999997615814209 0.002184694167226553
vn -1.0341130485562108e-13 0.999997615814209 0.002184694167226553
vn -1.0341130485562108e-13 0.999997615814209 0.002184694167226553
vn -1.0341130485562108e-13 0.999997615814209 0.002184694167226553
vn -1.0341130485562108e-13 0.999997615814209 0.002184694167226553
vn -1.0341130485562108e-13 0.999997615814209 0.002184694167226553
vn -1.0341130485562108e-13 0.999997615814209 0.002184694167226553
vn -1.0341130485562108e-13 0.999997615814209 0.002184694167226553
vn -1.0341130485562108e-13 0.999997615814209 0.002184694167226553
vn -1.0341130485562108e-13 0.999997615814209 0.002184694167226553
vn -1.0341130485562108e-13 0.999997615814209 0.002184694167226553
vn -1.0341130485562108e-13 0.999997615814209 0.002184694167226553
vn -0.891431450843811 0.43048766255378723 -0.1415284425020218
vn -0.8995521664619446 0.4343990981578827 -0.04586252197623253
vn 0.020760230720043182 0.9982929825782776 -0.05459024757146835
vn 0.022653724998235703 0.9997409582138062 0.002184694167226553
vn 0.9149710536003113 0.4035136103630066 0.002184694167226553
vn 0.9149710536003113 0.4035136103630066 0.002184694167226553
vn -0.3756946325302124 0.9267409443855286 0.002184694167226553
vn -0.8990859389305115 0.4377666711807251 0.002184694167226553
vn -0.8990859389305115 0.4377666711807251 0.002184694167226553
vn 0.022653724998235703 0.9997409582138062 0.002184694167226553
vn 0.9149710536003113 0.4035136103630066 0.002184694167226553
vn 0.9149710536003113 0.4035136103630066 0.002184694167226553
vn 0.022653724998235703 0.9997409582138062 0.002184694167226553
vn 0.9149710536003113 0.4035136103630066 0.002184694167226553
vn 0.022653724998235703 0.9997409582138062 0.002184694167226553
vn 0.9149710536003113 0.4035136103630066 0.002184694167226553
vn 0.022653724998235703 0.9997409582138062 0.002184694167226553
vn 0.9149710536003113 0.4035136103630066 0.002184694167226553
vn 0.022653724998235703 0.9997409582138062 0.002184694167226553
vn 0.9149710536003113 0.4035136103630066 0.002184694167226553
vn 0.022653724998235703 0.9997409582138062 0.002184694167226553
vn 0.9149710536003113 0.4035136103630066 0.002184694167226553
vn 0.022653724998235703 0.9997409582138062 0.002184694167226553
vn 0.9149710536003113 0.4035136103630066 0.002184694167226553
vn 0.022653724998235703 0.9997409582138062 0.002184694167226553
vn 0.9149710536003113 0.4035136103630066 0.002184694167226553
vn 0.022653724998235703 0.9997409582138062 0.002184694167226553
vn 0.9149710536003113 0.4035136103630066 0.002184694167226553
vn 0.022653724998235703 0.9997409582138062 0.002184694167226553
vn 0.9149710536003113 0.4035136103630066 0.002184694167226553
vn 0.022653724998235703 0.9997409582138062 0.002184694167226553
vn 0.9149710536003113 0.4035136103630066 0.002184694167226553
vn 0.022653724998235703 0.9997409582138062 0.002184694167226553
vn 0.9149710536003113 0.4035136103630066 0.002184694167226553
vn 0.022653724998235703 0.9997409582138062 0.002184694167226553
vn 0.9149710536003113 0.4035136103630066 0.002184694167226553
vn 0.022653724998235703 0.9997409582138062 0.002184694167226553
vn 0.9149710536003113 0.4035136103630066 0.002184694167226553
vn 0.022653724998235703 0.9997409582138062 0.002184694167226553
vn 0.9149710536003113 0.4035136103630066 0.002184694167226553
vn 0.022653724998235703 0.9997409582138062 0.002184694167226553
vn 0.9149710536003113 0.4035136103630066 0.002184694167226553
vn 0.022653724998235703 0.9997409582138062 0.002184694167226553
vn 0.9149710536003113 0.4035136103630066 0.002184694167226553
vn 0.022653724998235703 0.9997409582138062 0.002184694167226553
vn 0.9149710536003113 0.4035136103630066 0.002184694167226553
vn 0.022653724998235703 0.9997409582138062 0.002184694167226553
vn 0.9149710536003113 0.4035136103630066 0.002184694167226553
vn 0.022653724998235703 0.9997409582138062 0.002184694167226553
vn 0.9149710536003113 0.4035136103630066 0.002184694167226553
vn 0.022653724998235703 0.9997409582138062 0.002184694167226553
vn 0.9149710536003113 0.4035136103630066 0.002184694167226553
vn 0.022653724998235703 0.9997409582138062 0.002184694167226553
vn 0.9149710536003113 0.4035136103630066 0.002184694167226553
vn 0.022653724998235703 0.9997409582138062 0.002184694167226553
vn 0.9149710536003113 0.4035136103630066 0.002184694167226553
vn 0.022653724998235703 0.9997409582138062 0.002184694167226553
vn 0.9149230122566223 0.3963337540626526 0.0763898640871048
vn -0.258857786655426 0.9211404323577881 0.29067665338516235
vn 0.900649905204773 0.2751809060573578 0.3363112509250641
vn 0.029980964958667755 0.29961463809013367 0.953589141368866
vn 0.8464750647544861 0 0.5324283838272095
vn 0.026213347911834717 0 0.9996563792228699
vn -0.8199084401130676 0.0037713563069701195 0.5724822878837585
vn -0.8812872171401978 0.3002361059188843 0.3649536371231079
vn -0.8906914591789246 0.4373117983341217 0.1242060661315918
vn -0.8990859389305115 0.4377666711807251 0.002184694167226553
vn -0.8990859389305115 0.4377666711807251 0.002184694167226553
vn -0.8990859389305115 0.4377666711807251 0.002184694167226553
vn -0.8990859389305115 0.4377666711807251 0.002184694167226553
vn -0.8990859389305115 0.4377666711807251 0.002184694167226553
vn -0.8990859389305115 0.4377666711807251 0.002184694167226553
vn -0.8990859389305115 0.4377666711807251 0.002184694167226553
vn -0.8990859389305115 0.4377666711807251 0.002184694167226553
vn -0.8990859389305115 0.4377666711807251 0.002184694167226553
vn -0.8990859389305115 0.4377666711807251 0.002184694167226553
vn -0.8990859389305115 0.4377666711807251 0.002184694167226553
vn -0.8990859389305115 0.4377666711807251 0.002184694167226553
vn -0.8990859389305115 0.4377666711807251 0.002184694167226553
vn -0.8990859389305115 0.4377666711807251 0.002184694167226553
vn -0.8990859389305115 0.4377666711807251 0.002184694167226553
vn -0.8990859389305115 0.4377666711807251 0.002184694167226553
vn -0.8990859389305115 0.4377666711807251 0.002184694167226553
vn -0.8990859389305115 0.4377666711807251 0.002184694167226553
vn -0.8990859389305115 0.4377666711807251 0.002184694167226553
vn -0.8990859389305115 0.4377666711807251 0.002184694167226553
vn -0.8990859389305115 0.4377666711807251 0.002184694167226553
vn -0.8990859389305115 0.4377666711807251 0.002184694167226553
vn -0.8990859389305115 0.4377666711807251 0.002184694167226553
vn -0.8990859389305115 0.4377666711807251 0.002184694167226553
vn 0.9127823710441589 0.3964773416519165 0.0981530249118805
vn 0.5983057618141174 0.795233428478241 0.0981530249118805
vn 0.9066171646118164 0.3959449529647827 0.1458524912595749
vn -0.9055951237678528 0.4241376221179962 0.002184694167226553
vn -0.9055951237678528 0.4241376221179962 0.002184694167226553
vn -1.0341130485562108e-13 0.999997615814209 0.002184694167226553
vn -1.0341130485562108e-13 0.999997615814209 0.002184694167226553
vn -0.9055951237678528 0.4241376221179962 0.002184694167226553
vn -1.0341130485562108e-13 0.999997615814209 0.002184694167226553
vn -0.9055951237678528 0.4241376221179962 0.002184694167226553
vn -1.0341130485562108e-13 0.999997615814209 0.002184694167226553
vn -0.9055951237678528 0.4241376221179962 0.002184694167226553
vn -1.0341130485562108e-13 0.999997615814209 0.002184694167226553
vn -0.9055951237678528 0.4241376221179962 0.002184694167226553
vn -1.0341130485562108e-13 0.999997615814209 0.002184694167226553
vn -0.9055951237678528 0.4241376221179962 0.002184694167226553
vn -1.0341130485562108e-13 0.999997615814209 0.002184694167226553
vn -0.9055951237678528 0.4241376221179962 0.002184694167226553
vn -1.0341130485562108e-13 0.999997615814209 0.002184694167226553
vn -0.9055951237678528 0.4241376221179962 0.002184694167226553
vn -1.0341130485562108e-13 0.999997615814209 0.002184694167226553
vn -0.9055951237678528 0.4241376221179962 0.002184694167226553
vn -1.0341130485562108e-13 0.999997615814209 0.002184694167226553
vn -0.9055951237678528 0.4241376221179962 0.002184694167226553
vn -1.0341130485562108e-13 0.999997615814209 0.002184694167226553
vn -0.9055951237678528 0.4241376221179962 0.002184694167226553
vn -1.0341130485562108e-13 0.999997615814209 0.002184694167226553
vn -0.9055951237678528 0.4241376221179962 0.002184694167226553
vn -1.0341130485562108e-13 0.999997615814209 0.002184694167226553
vn -0.9055951237678528 0.4241376221179962 0.002184694167226553
vn -1.0341130485562108e-13 0.999997615814209 0.002184694167226553
vn -0.9055951237678528 0.4241376221179962 0.002184694167226553
vn -1.0341130485562108e-13 0.999997615814209 0.002184694167226553
vn -0.9055951237678528 0.4241376221179962 0.002184694167226553
vn -1.0341130485562108e-13 0.999997615814209 0.002184694167226553
vn -0.9055951237678528 0.4241376221179962 0.002184694167226553
vn -1.0341130485562108e-13 0.999997615814209 0.002184694167226553
vn -0.9055951237678528 0.4241376221179962 0.002184694167226553
vn -1.0341130485562108e-13 0.999997615814209 0.002184694167226553
vn -0.9055951237678528 0.4241376221179962 0.002184694167226553
vn -1.0341130485562108e-13 0.999997615814209 0.002184694167226553
vn -0.9055951237678528 0.4241376221179962 0.002184694167226553
vn -1.0341130485562108e-13 0.999997615814209 0.002184694167226553
vn -0.9055951237678528 0.4241376221179962 0.002184694167226553
vn -1.0341130485562108e-13 0.999997615814209 0.002184694167226553
vn -0.9055951237678528 0.4241376221179962 0.002184694167226553
vn -1.0341130485562108e-13 0.999997615814209 0.002184694167226553
vn -0.9055951237678528 0.4241376221179962 0.002184694167226553
vn -1.0341130485562108e-13 0.999997615814209 0.002184694167226553
vn -0.9055951237678528 0.4241376221179962 0.002184694167226553
vn -1.0341130485562108e-13 0.999997615814209 0.002184694167226553
vn -0.9055951237678528 0.4241376221179962 0.002184694167226553
vn -1.0341130485562108e-13 0.999997615814209 0.002184694167226553
vn -0.9055951237678528 0.4241376221179962 0.002184694167226553
vn -1.0341130485562108e-13 0.999997615814209 0.002184694167226553
vn -0.9055951237678528 0.4241376221179962 0.002184694167226553
vn -1.0341130485562108e-13 0.999997615814209 0.002184694167226553
vn -0.9055951237678528 0.4241376221179962 0.002184694167226553
vn -0.280568927526474 0.9147612452507019 0.29067665338516235
vn -0.9009221196174622 0.41709789633750916 0.11986933648586273
vn -0.8909752368927002 0.28592434525489807 0.3527185618877411
vn -3.113834738015589e-14 0.3011109232902527 0.953589141368866
vn -0.8322188854217529 0.0037727425806224346 0.5544344186782837
vn 0 0 1
vn 0.8322274088859558 0 0.5544344186782837
vn 0.8898149132728577 0.2895151674747467 0.3527185618877411
vn 0.902193546295166 0.42370617389678955 0.08074574917554855
vn 0.9055951237678528 0.4241376221179962 0.002184694167226553
vn 0.9055951237678528 0.4241376221179962 0.002184694167226553
vn 0.9055951237678528 0.4241376221179962 0.002184694167226553
vn 0.9055951237678528 0.4241376221179962 0.002184694167226553
vn 0.9055951237678528 0.4241376221179962 0.002184694167226553
vn 0.9055951237678528 0.4241376221179962 0.002184694167226553
vn 0.9055951237678528 0.4241376221179962 0.002184694167226553
vn 0.9055951237678528 0.4241376221179962 0.002184694167226553
vn 0.9055951237678528 0.4241376221179962 0.002184694167226553
vn 0.9055951237678528 0.4241376221179962 0.002184694167226553
vn 0.9055951237678528 0.4241376221179962 0.002184694167226553
vn 0.9055951237678528 0.4241376221179962 0.002184694167226553
vn 0.9055951237678528 0.4241376221179962 0.002184694167226553
vn 0.9055951237678528 0.4241376221179962 0.002184694167226553
vn 0.9055951237678528 0.4241376221179962 0.002184694167226553
vn 0.9055951237678528 0.4241376221179962 0.002184694167226553
vn 0.9055951237678528 0.4241376221179962 0.002184694167226553
vn 0.9055951237678528 0.4241376221179962 0.002184694167226553
vn 0.9055951237678528 0.4241376221179962 0.002184694167226553
vn 0.9055951237678528 0.4241376221179962 0.002184694167226553
vn 0.9055951237678528 0.4241376221179962 0.002184694167226553
vn 0.9055951237678528 0.4241376221179962 0.002184694167226553
vn 0.9055951237678528 0.4241376221179962 0.002184694167226553
vn 0.9055951237678528 0.4241376221179962 0.002184694167226553
vn 0.9055951237678528 0.4241376221179962 0.002184694167226553
vn 0.9055951237678528 0.4241376221179962 0.002184694167226553
vn 0.9055951237678528 0.4241376221179962 0.002184694167226553
vn 0.5804283022880554 0.8143084645271301 0.002184694167226553
vn 0.9055951237678528 0.4241376221179962 0.002184694167226553
vn 0.8906914591789246 0.4373117983341217 -0.1242060661315918
vn 0.8937132358551025 0.44414857029914856 -0.0633138045668602
vn 0.558254063129425 0.8261458873748779 -0.0763898640871048
vn -0.5982121825218201 0.8002625703811646 0.04149730131030083
vn -0.9074963331222534 0.399909645318985 0.12854042649269104
vn -0.9144536852836609 0.3997071385383606 0.0633138045668602
vn -0.9149710536003113 0.4035136103630066 0.002184694167226553
vn -0.022653724998235703 0.9997409582138062 0.002184694167226553
vn -0.9149710536003113 0.4035136103630066 0.002184694167226553
vn -0.022653724998235703 0.9997409582138062 0.002184694167226553
vn -0.9149710536003113 0.4035136103630066 0.002184694167226553
vn -0.022653724998235703 0.9997409582138062 0.002184694167226553
vn -0.9149710536003113 0.4035136103630066 0.002184694167226553
vn 0.8957543969154358 0.4445439279079437 0.002184694167226553
vn 0.8957543969154358 0.4445439279079437 0.002184694167226553
vn 0.8957543969154358 0.4445439279079437 0.002184694167226553
vn -0.022653724998235703 0.9997409582138062 0.002184694167226553
vn 0.8957543969154358 0.4445439279079437 0.002184694167226553
vn -0.022653724998235703 0.9997409582138062 0.002184694167226553
vn -0.9149710536003113 0.4035136103630066 0.002184694167226553
vn -0.9149710536003113 0.4035136103630066 0.002184694167226553
vn -0.022653724998235703 0.9997409582138062 0.002184694167226553
vn -0.9149710536003113 0.4035136103630066 0.002184694167226553
vn -0.022653724998235703 0.9997409582138062 0.002184694167226553
vn 0.8957543969154358 0.4445439279079437 0.002184694167226553
vn 0.8957543969154358 0.4445439279079437 0.002184694167226553
vn -0.022653724998235703 0.9997409582138062 0.002184694167226553
vn -0.9149710536003113 0.4035136103630066 0.002184694167226553
vn -0.9149710536003113 0.4035136103630066 0.002184694167226553
vn -0.022653724998235703 0.9997409582138062 0.002184694167226553
vn -0.9149710536003113 0.4035136103630066 0.002184694167226553
vn 0.8957543969154358 0.4445439279079437 0.002184694167226553
vn 0.8957543969154358 0.4445439279079437 0.002184694167226553
vn 0.8957543969154358 0.4445439279079437 0.002184694167226553
vn -0.022653724998235703 0.9997409582138062 0.002184694167226553
vn 0.8957543969154358 0.4445439279079437 0.002184694167226553
vn -0.022653724998235703 0.9997409582138062 0.002184694167226553
vn -0.9149710536003113 0.4035136103630066 0.002184694167226553
vn -0.9149710536003113 0.4035136103630066 0.002184694167226553
vn -0.022653724998235703 0.9997409582138062 0.002184694167226553
vn -0.9149710536003113 0.4035136103630066 0.002184694167226553
vn -0.022653724998235703 0.9997409582138062 0.002184694167226553
vn 0.8957543969154358 0.4445439279079437 0.002184694167226553
vn 0.8957543969154358 0.4445439279079437 0.002184694167226553
vn -0.022653724998235703 0.9997409582138062 0.002184694167226553
vn -0.9149710536003113 0.4035136103630066 0.002184694167226553
vn -0.9149710536003113 0.4035136103630066 0.002184694167226553
vn -0.022653724998235703 0.9997409582138062 0.002184694167226553
vn -0.9149710536003113 0.4035136103630066 0.002184694167226553
vn 0.8957543969154358 0.4445439279079437 0.002184694167226553
vn 0.8957543969154358 0.4445439279079437 0.002184694167226553
vn 0.8957543969154358 0.4445439279079437 0.002184694167226553
vn -0.022653724998235703 0.9997409582138062 0.002184694167226553
vn 0.8957543969154358 0.4445439279079437 0.002184694167226553
vn -0.022653724998235703 0.9997409582138062 0.002184694167226553
vn -0.9149710536003113 0.4035136103630066 0.002184694167226553
vn -0.9149710536003113 0.4035136103630066 0.002184694167226553
vn -0.022653724998235703 0.9997409582138062 0.002184694167226553
vn -0.9149710536003113 0.4035136103630066 0.002184694167226553
vn -0.022653724998235703 0.9997409582138062 0.002184694167226553
vn 0.8957543969154358 0.4445439279079437 0.002184694167226553
vn 0.8957543969154358 0.4445439279079437 0.002184694167226553
vn -0.022653724998235703 0.9997409582138062 0.002184694167226553
vn -0.9149710536003113 0.4035136103630066 0.002184694167226553
vn -0.9149710536003113 0.4035136103630066 0.002184694167226553
vn -0.022653724998235703 0.9997409582138062 0.002184694167226553
vn -0.9149710536003113 0.4035136103630066 0.002184694167226553
vn 0.8957543969154358 0.4445439279079437 0.002184694167226553
vn 0.8957543969154358 0.4445439279079437 0.002184694167226553
vn 0.8957543969154358 0.4445439279079437 0.002184694167226553
vn -0.022653724998235703 0.9997409582138062 0.002184694167226553
vn 0.8957543969154358 0.4445439279079437 0.002184694167226553
vn -0.022653724998235703 0.9997409582138062 0.002184694167226553
vn -0.9149710536003113 0.4035136103630066 0.002184694167226553
vn -0.9149710536003113 0.4035136103630066 0.002184694167226553
vn -0.022653724998235703 0.9997409582138062 0.002184694167226553
vn -0.9149710536003113 0.4035136103630066 0.002184694167226553
vn -0.022653724998235703 0.9997409582138062 0.002184694167226553
vn 0.8957543969154358 0.4445439279079437 0.002184694167226553
vn 0.8957543969154358 0.4445439279079437 0.002184694167226553
vn -0.022653724998235703 0.9997409582138062 0.002184694167226553
vn -0.9149710536003113 0.4035136103630066 0.002184694167226553
vn -0.9149230122566223 0.3963337540626526 0.0763898640871048
vn 0.2606429159641266 0.9193073511123657 0.2948545813560486
vn -0.900649905204773 0.2751809060573578 0.3363112509250641
vn 0.8957543969154358 0.4445439279079437 0.002184694167226553
vn 0.8957543969154358 0.4445439279079437 0.002184694167226553
vn 0.8906914591789246 0.4373117983341217 0.1242060661315918
vn 0.8784168362617493 0.303660124540329 0.3690181374549866
vn -0.029980964958667755 0.29961463809013367 0.953589141368866
vn 0.8148830533027649 0 0.5796254277229309
vn -0.0303741954267025 0.0035502342507243156 0.9995322823524475
vn -0.8464666604995728 0.0037720154505223036 0.5324283838272095
vn 0 0 1
vn 0 0 1
vn 0 0 1
vn 0 0 1
vn 0 0 1
vn 0 0 1
vn 0 0 1
vn 0 0 1
vn 0 0 1
vn 0 0 1
vn 0 0 1
vn 0 0 1
vn 0 0 1
vn 0 0 1
vn 0 0 1
vn 0 0 1
vn 0 0 1
vn 0 0 1
vn 0 0 1
vn 0 0 1
vn 0 0 1
vn 0 0 1
vn 0 0 1
vn 0 0 1
vn -1.0341130485562108e-13 0.999997615814209 0.002184694167226553
vn -1.0341130485562108e-13 0.999997615814209 0.002184694167226553
vn -1.0341130485562108e-13 0.999997615814209 0.002184694167226553
vn -1.0341130485562108e-13 0.999997615814209 0.002184694167226553
vn -1.0341130485562108e-13 0.999997615814209 0.002184694167226553
vn -1.0341130485562108e-13 0.999997615814209 0.002184694167226553
vn -1.0341130485562108e-13 0.999997615814209 0.002184694167226553
vn -1.0341130485562108e-13 0.999997615814209 0.002184694167226553
vn -1.0341130485562108e-13 0.999997615814209 0.002184694167226553
vn -1.0341130485562108e-13 0.999997615814209 0.002184694167226553
vn -1.0341130485562108e-13 0.999997615814209 0.002184694167226553
vn -1.0341130485562108e-13 0.999997615814209 0.002184694167226553
vn -1.0341130485562108e-13 0.999997615814209 0.002184694167226553
vn -1.0341130485562108e-13 0.999997615814209 0.002184694167226553
vn -1.0341130485562108e-13 0.999997615814209 0.002184694167226553
vn -1.0341130485562108e-13 0.999997615814209 0.002184694167226553
vn -1.0341130485562108e-13 0.999997615814209 0.002184694167226553
vn -1.0341130485562108e-13 0.999997615814209 0.002184694167226553
vn -1.0341130485562108e-13 0.999997615814209 0.002184694167226553
vn -1.0341130485562108e-13 0.999997615814209 0.002184694167226553
vn -1.0341130485562108e-13 0.999997615814209 0.002184694167226553
vn -1.0341130485562108e-13 0.999997615814209 0.002184694167226553
vn -1.0341130485562108e-13 0.999997615814209 0.002184694167226553
vn -1.0341130485562108e-13 0.999997615814209 0.002184694167226553
vn -1.0341130485562108e-13 0.999997615814209 0.002184694167226553
vn -1.0341130485562108e-13 0.999997615814209 0.002184694167226553
vn -1.0341130485562108e-13 0.999997615814209 0.002184694167226553
vn -1.0341130485562108e-13 0.999997615814209 0.002184694167226553
vn -1.0341130485562108e-13 0.999997615814209 0.002184694167226553
vn -1.0341130485562108e-13 0.999997615814209 0.002184694167226553
vn -1.0341130485562108e-13 0.999997615814209 0.002184694167226553
vn -1.0341130485562108e-13 0.999997615814209 0.002184694167226553
vn -1.0341130485562108e-13 0.999997615814209 0.002184694167226553
vn -1.0341130485562108e-13 0.999997615814209 0.002184694167226553
vn -1.0341130485562108e-13 0.999997615814209 0.002184694167226553
vn -1.0341130485562108e-13 0.999997615814209 0.002184694167226553
f 1/1/1 2/2/2 3/3/3
f 2/2/2 3/3/3 3/3/3
f 3/3/3 3/3/3 4/4/4
f 3/3/3 4/4/4 4/4/4
f 4/4/4 4/4/4 5/5/5
f 4/4/4 6/6/6 5/5/5
f 5/5/5 6/6/6 7/7/7
f 6/6/6 7/7/7 7/7/7
f 7/7/7 7/7/7 8/8/8
f 7/7/7 8/8/8 8/8/8
f 8/8/8 8/8/8 9/9/9
f 8/8/8 7/7/7 9/9/9
f 9/9/9 7/7/7 10/10/10
f 7/7/7 10/10/10 10/10/10
f 10/10/10 10/10/10 11/11/11
f 10/10/10 11/11/11 11/11/11
f 11/11/11 11/11/11 12/12/12
f 11/11/11 13/13/13 12/12/12
f 12/12/12 13/13/13 14/14/14
f 13/13/13 14/14/14 14/14/14
f 14/14/14 14/14/14 15/15/15
f 14/14/14 15/15/15 15/15/15
f 15/15/15 15/15/15 16/16/16
f 15/15/15 17/17/17 16/16/16
f 16/16/16 17/17/17 18/18/18
f 17/17/17 18/18/18 18/18/18
f 18/18/18 18/18/18 19/19/19
f 18/18/18 19/19/19 19/19/19
f 19/19/19 19/19/19 20/20/20
f 19/19/19 21/21/21 20/20/20
f 20/20/20 21/21/21 22/22/22
f 21/21/21 23/23/23 22/22/22
f 22/22/22 23/23/23 24/24/24
f 23/23/23 23/23/23 24/24/24
f 24/24/24 23/23/23 25/25/25
f 23/23/23 26/26/26 25/25/25
f 25/25/25 26/26/26 26/26/26
f 26/26/26 27/27/27 26/26/26
f 26/26/26 27/27/27 27/27/27
f 27/27/27 28/28/28 27/27/27
f 27/27/27 28/28/28 29/29/29
f 28/28/28 30/30/30 29/29/29
f 29/29/29 30/30/30 30/30/30
f 30/30/30 31/31/31 30/30/30
f 30/30/30 31/31/31 31/31/31
f 31/31/31 32/32/32 31/31/31
f 31/31/31 32/32/32 33/33/33
f 32/32/32 34/34/34 33/33/33
f 33/33/33 34/34/34 34/34/34
f 34/34/34 35/35/35 34/34/34
f 34/34/34 35/35/35 35/35/35
f 35/35/35 36/36/36 35/35/35
f 35/35/35 36/36/36 37/37/37
f 36/36/36 38/38/38 37/37/37
f 37/37/37 38/38/38 39/39/39
f 38/38/38 39/39/39 39/39/39
f 39/39/39 39/39/39 40/40/40
f 39/39/39 40/40/40 40/40/40
f 40/40/40 40/40/40 41/41/41
f 40/40/40 42/42/42 41/41/41
f 41/41/41 42/42/42 43/43/43
f 42/42/42 44/44/44 43/43/43
f 43/43/43 44/44/44 45/45/45
f 44/44/44 46/46/46 45/45/45
f 45/45/45 46/46/46 47/47/47
f 46/46/46 48/48/48 47/47/47
f 47/47/47 48/48/48 49/49/49
f 48/48/48 50/50/50 49/49/49
f 49/49/49 50/50/50 51/51/51
f 50/50/50 52/52/52 51/51/51
f 51/51/51 52/52/52 53/53/53
f 52/52/52 54/54/54 53/53/53
f 53/53/53 54/54/54 55/55/55
f 54/54/54 56/56/56 55/55/55
f 55/55/55 56/56/56 57/57/57
f 56/56/56 58/58/58 57/57/57
f 57/57/57 58/58/58 59/59/59
f 58/58/58 60/60/60 59/59/59
f 59/59/59 60/60/60 61/61/61
f 60/60/60 62/62/62 61/61/61
f 61/61/61 62/62/62 63/63/63
f 62/62/62 64/64/64 63/63/63
f 63/63/63 64/64/64 65/65/65
f 64/64/64 66/66/66 65/65/65
f 65/65/65 66/66/66 67/67/67
f 66/66/66 68/68/68 67/67/67
f 67/67/67 68/68/68 69/69/69
f 68/68/68 70/70/70 69/69/69
f 69/69/69 70/70/70 71/71/71
f 70/70/70 72/72/72 71/71/71
f 71/71/71 72/72/72 73/73/73
f 72/72/72 74/74/74 73/73/73
f 73/73/73 74/74/74 75/75/75
f 74/74/74 76/76/76 75/75/75
f 75/75/75 76/76/76 77/77/77
f 76/76/76 78/78/78 77/77/77
f 77/77/77 78/78/78 79/79/79
f 78/78/78 80/80/80 79/79/79
f 79/79/79 80/80/80 81/81/81
f 80/80/80 82/82/82 81/81/81
f 81/81/81 82/82/82 83/83/83
f 82/82/82 84/84/84 83/83/83
f 83/83/83 84/84/84 85/85/85
f 84/84/84 86/86/86 85/85/85
f 85/85/85 86/86/86 87/87/87
f 86/86/86 88/88/88 87/87/87
f 87/87/87 88/88/88 87/87/87
f 88/88/88 89/89/89 87/87/87
f 87/87/87 89/89/89 90/90/90
f 89/89/89 91/91/91 90/90/90
f 90/90/90 91/91/91 90/90/90
f 91/91/91 92/92/92 90/90/90
f 90/90/90 92/92/92 90/90/90
f 92/92/92 93/93/93 90/90/90
f 90/90/90 93/93/93 90/90/90
f 93/93/93 94/94/94 90/90/90
f 90/90/90 94/94/94 87/87/87
f 94/94/94 94/94/94 87/87/87
f 87/87/87 94/94/94 85/85/85
f 94/94/94 95/95/95 85/85/85
f 85/85/85 95/95/95 83/83/83
f 95/95/95 83/83/83 83/83/83
f 83/83/83 83/83/83 41/41/41
f 83/83/83 41/41/41 41/41/41
f 41/41/41 41/41/41 36/36/36
f 41/41/41 43/43/43 36/36/36
f 36/36/36 43/43/43 38/38/38
f 43/43/43 45/45/45 38/38/38
f 38/38/38 45/45/45 45/45/45
f 45/45/45 93/93/93 45/45/45
f 45/45/45 93/93/93 93/93/93
f 93/93/93 96/96/96 93/93/93
f 93/93/93 96/96/96 94/94/94
f 96/96/96 96/96/96 94/94/94
f 94/94/94 96/96/96 95/95/95
f 96/96/96 97/97/97 95/95/95
f 95/95/95 97/97/97 98/98/98
f 97/97/97 99/99/99 98/98/98
f 98/98/98 99/99/99 100/100/100
f 99/99/99 101/101/101 100/100/100
f 100/100/100 101/101/101 100/100/100
f 101/101/101 102/102/102 100/100/100
f 100/100/100 102/102/102 79/79/79
f 102/102/102 102/102/102 79/79/79
f 79/79/79 102/102/102 77/77/77
f 102/102/102 103/103/103 77/77/77
f 77/77/77 103/103/103 75/75/75
f 103/103/103 75/75/75 75/75/75
f 75/75/75 75/75/75 95/95/95
f 75/75/75 95/95/95 95/95/95
f 95/95/95 95/95/95 83/83/83
f 95/95/95 98/98/98 83/83/83
f 83/83/83 98/98/98 81/81/81
f 98/98/98 100/100/100 81/81/81
f 81/81/81 100/100/100 79/79/79
f 100/100/100 79/79/79 79/79/79
f 79/79/79 79/79/79 101/101/101
f 79/79/79 101/101/101 101/101/101
f 101/101/101 101/101/101 102/102/102
f 101/101/101 104/104/104 102/102/102
f 102/102/102 104/104/104 103/103/103
f 104/104/104 105/105/105 103/103/103
f 103/103/103 105/105/105 106/106/106
f 105/105/105 107/107/107 106/106/106
f 106/106/106 107/107/107 108/108/108
f 107/107/107 109/109/109 108/108/108
f 108/108/108 109/109/109 108/108/108
f 109/109/109 110/110/110 108/108/108
f 108/108/108 110/110/110 71/71/71
f 110/110/110 110/110/110 71/71/71
f 71/71/71 110/110/110 69/69/69
f 110/110/110 111/111/111 69/69/69
f 69/69/69 111/111/111 67/67/67
f 111/111/111 67/67/67 67/67/67
f 67/67/67 67/67/67 103/103/103
f 67/67/67 103/103/103 103/103/103
f 103/103/103 103/103/103 75/75/75
f 103/103/103 106/106/106 75/75/75
f 75/75/75 106/106/106 73/73/73
f 106/106/106 108/108/108 73/73/73
f 73/73/73 108/108/108 71/71/71
f 108/108/108 71/71/71 71/71/71
f 71/71/71 71/71/71 109/109/109
f 71/71/71 109/109/109 109/109/109
f 109/109/109 109/109/109 110/110/110
f 109/109/109 112/112/112 110/110/110
f 110/110/110 112/112/112 111/111/111
f 112/112/112 113/113/113 111/111/111
f 111/111/111 113/113/113 114/114/114
f 113/113/113 115/115/115 114/114/114
f 114/114/114 115/115/115 116/116/116
f 115/115/115 117/117/117 116/116/116
f 116/116/116 117/117/117 116/116/116
f 117/117/117 118/118/118 116/116/116
f 116/116/116 118/118/118 63/63/63
f 118/118/118 118/118/118 63/63/63
f 63/63/63 118/118/118 61/61/61
f 118/118/118 119/119/119 61/61/61
f 61/61/61 119/119/119 59/59/59
f 119/119/119 59/59/59 59/59/59
f 59/59/59 59/59/59 111/111/111
f 59/59/59 111/111/111 111/111/111
f 111/111/111 111/111/111 67/67/67
f 111/111/111 114/114/114 67/67/67
f 67/67/67 114/114/114 65/65/65
f 114/114/114 116/116/116 65/65/65
f 65/65/65 116/116/116 63/63/63
f 116/116/116 63/63/63 63/63/63
f 63/63/63 63/63/63 117/117/117
f 63/63/63 117/117/117 117/117/117
f 117/117/117 117/117/117 118/118/118
f 117/117/117 120/120/120 118/118/118
f 118/118/118 120/120/120 119/119/119
f 120/120/120 121/121/121 119/119/119
f 119/119/119 121/121/121 122/122/122
f 121/121/121 123/123/123 122/122/122
f 122/122/122 123/123/123 124/124/124
f 123/123/123 125/125/125 124/124/124
f 124/124/124 125/125/125 124/124/124
f 125/125/125 126/126/126 124/124/124
f 124/124/124 126/126/126 55/55/55
f 126/126/126 126/126/126 55/55/55
f 55/55/55 126/126/126 53/53/53
f 126/126/126 127/127/127 53/53/53
f 53/53/53 127/127/127 51/51/51
f 127/127/127 51/51/51 51/51/51
f 51/51/51 51/51/51 119/119/119
f 51/51/51 119/119/119 119/119/119
f 119/119/119 119/119/119 59/59/59
f 119/119/119 122/122/122 59/59/59
f 59/59/59 122/122/122 57/57/57
f 122/122/122 124/124/124 57/57/57
f 57/57/57 124/124/124 55/55/55
f 124/124/124 55/55/55 55/55/55
f 55/55/55 55/55/55 125/125/125
f 55/55/55 125/125/125 125/125/125
f 125/125/125 125/125/125 126/126/126
f 125/125/125 128/128/128 126/126/126
f 126/126/126 128/128/128 127/127/127
f 128/128/128 129/129/129 127/127/127
f 127/127/127 129/129/129 130/130/130
f 129/129/129 131/131/131 130/130/130
f 130/130/130 131/131/131 132/132/132
f 131/131/131 133/133/133 132/132/132
f 132/132/132 133/133/133 132/132/132
f 133/133/133 134/134/134 132/132/132
f 132/132/132 134/134/134 47/47/47
f 134/134/134 134/134/134 47/47/47
f 47/47/47 134/134/134 45/45/45
f 134/134/134 134/134/134 45/45/45
f 45/45/45 134/134/134 38/38/38
f 134/134/134 134/134/134 38/38/38
f 38/38/38 134/134/134 39/39/39
f 134/134/134 133/133/133 39/39/39
f 39/39/39 133/133/133 133/133/133
f 133/133/133 127/127/127 133/133/133
f 133/133/133 127/127/127 127/127/127
f 127/127/127 130/130/130 127/127/127
f 127/127/127 130/130/130 51/51/51
f 130/130/130 130/130/130 51/51/51
f 51/51/51 130/130/130 49/49/49
f 130/130/130 132/132/132 49/49/49
f 49/49/49 132/132/132 47/47/47
f 132/132/132 47/47/47 47/47/47
f 47/47/47 47/47/47 135/135/135
f 47/47/47 135/135/135 135/135/135
f 135/135/135 135/135/135 136/136/136
f 135/135/135 137/137/137 136/136/136
f 136/136/136 137/137/137 138/138/138
f 137/137/137 139/139/139 138/138/138
f 138/138/138 139/139/139 138/138/138
f 139/139/139 140/140/140 138/138/138
f 138/138/138 140/140/140 141/141/141
f 140/140/140 142/142/142 141/141/141
f 141/141/141 142/142/142 141/141/141
f 142/142/142 143/143/143 141/141/141
f 141/141/141 143/143/143 141/141/141
f 143/143/143 144/144/144 141/141/141
f 141/141/141 144/144/144 145/145/145
f 144/144/144 146/146/146 145/145/145
f 145/145/145 146/146/146 146/146/146
f 146/146/146 141/141/141 146/146/146
f 146/146/146 141/141/141 141/141/141
f 141/141/141 145/145/145 141/141/141
f 141/141/141 145/145/145 138/138/138
f 145/145/145 136/136/136 138/138/138
f 138/138/138 136/136/136 136/136/136
f 136/136/136 147/147/147 136/136/136
f 136/136/136 147/147/147 147/147/147
f 147/147/147 148/148/148 147/147/147
f 147/147/147 148/148/148 149/149/149
f 148/148/148 150/150/150 149/149/149
f 149/149/149 150/150/150 151/151/151
f 150/150/150 152/152/152 151/151/151
f 151/151/151 152/152/152 152/152/152
f 152/152/152 153/153/153 152/152/152
f 152/152/152 153/153/153 153/153/153
f 153/153/153 154/154/154 153/153/153
f 153/153/153 154/154/154 155/155/155
f 154/154/154 156/156/156 155/155/155
f 155/155/155 156/156/156 157/157/157
f 156/156/156 158/158/158 157/157/157
f 157/157/157 158/158/158 159/159/159
f 158/158/158 160/160/160 159/159/159
f 159/159/159 160/160/160 161/161/161
f 160/160/160 162/162/162 161/161/161
f 161/161/161 162/162/162 163/163/163
f 162/162/162 164/164/164 163/163/163
f 163/163/163 164/164/164 165/165/165
f 164/164/164 166/166/166 165/165/165
f 165/165/165 166/166/166 167/167/167
f 166/166/166 168/168/168 167/167/167
f 167/167/167 168/168/168 169/169/169
f 168/168/168 170/170/170 169/169/169
f 169/169/169 170/170/170 171/171/171
f 170/170/170 172/172/172 171/171/171
f 171/171/171 172/172/172 173/173/173
f 172/172/172 174/174/174 173/173/173
f 173/173/173 174/174/174 175/175/175
f 174/174/174 176/176/176 175/175/175
f 175/175/175 176/176/176 177/177/177
f 176/176/176 178/178/178 177/177/177
f 177/177/177 178/178/178 179/179/179
f 178/178/178 180/180/180 179/179/179
f 179/179/179 180/180/180 181/181/181
f 180/180/180 182/182/182 181/181/181
f 181/181/181 182/182/182 183/183/183
f 182/182/182 184/184/184 183/183/183
f 183/183/183 184/184/184 185/185/185
f 184/184/184 186/186/186 185/185/185
f 185/185/185 186/186/186 187/187/187
f 186/186/186 188/188/188 187/187/187
f 187/187/187 188/188/188 189/189/189
f 188/188/188 190/190/190 189/189/189
f 189/189/189 190/190/190 191/191/191
f 190/190/190 192/192/192 191/191/191
f 191/191/191 192/192/192 193/193/193
f 192/192/192 194/194/194 193/193/193
f 193/193/193 194/194/194 195/195/195
f 194/194/194 196/196/196 195/195/195
f 195/195/195 196/196/196 195/195/195
f 196/196/196 197/197/197 195/195/195
f 195/195/195 197/197/197 198/198/198
f 197/197/197 199/199/199 198/198/198
f 198/198/198 199/199/199 200/200/200
f 199/199/199 201/201/201 200/200/200
f 200/200/200 201/201/201 202/202/202
f 201/201/201 202/202/202 202/202/202
f 202/202/202 202/202/202 203/203/203
f 202/202/202 203/203/203 203/203/203
f 203/203/203 203/203/203 204/204/204
f 203/203/203 205/205/205 204/204/204
f 204/204/204 205/205/205 204/204/204
f 205/205/205 206/206/206 204/204/204
f 204/204/204 206/206/206 207/207/207
f 206/206/206 208/208/208 207/207/207
f 207/207/207 208/208/208 208/208/208
f 208/208/208 209/209/209 208/208/208
f 208/208/208 209/209/209 209/209/209
f 209/209/209 210/210/210 209/209/209
f 209/209/209 210/210/210 211/211/211
f 210/210/210 212/212/212 211/211/211
f 211/211/211 212/212/212 213/213/213
f 212/212/212 214/214/214 213/213/213
f 213/213/213 214/214/214 215/215/215
f 214/214/214 216/216/216 215/215/215
f 215/215/215 216/216/216 217/217/217
f 216/216/216 218/218/218 217/217/217
f 217/217/217 218/218/218 219/219/219
f 218/218/218 220/220/220 219/219/219
f 219/219/219 220/220/220 221/221/221
f 220/220/220 222/222/222 221/221/221
f 221/221/221 222/222/222 223/223/223
f 222/222/222 224/224/224 223/223/223
f 223/223/223 224/224/224 225/225/225
f 224/224/224 226/226/226 225/225/225
f 225/225/225 226/226/226 227/227/227
f 226/226/226 228/228/228 227/227/227
f 227/227/227 228/228/228 229/229/229
f 228/228/228 230/230/230 229/229/229
f 229/229/229 230/230/230 231/231/231
f 230/230/230 232/232/232 231/231/231
f 231/231/231 232/232/232 233/233/233
f 232/232/232 234/234/234 233/233/233
f 233/233/233 234/234/234 235/235/235
f 234/234/234 236/236/236 235/235/235
f 235/235/235 236/236/236 237/237/237
f 236/236/236 238/238/238 237/237/237
f 237/237/237 238/238/238 239/239/239
f 238/238/238 240/240/240 239/239/239
f 239/239/239 240/240/240 241/241/241
f 240/240/240 242/242/242 241/241/241
f 241/241/241 242/242/242 243/243/243
f 242/242/242 244/244/244 243/243/243
f 243/243/243 244/244/244 245/245/245
f 244/244/244 246/246/246 245/245/245
f 245/245/245 246/246/246 247/247/247
f 246/246/246 248/248/248 247/247/247
f 247/247/247 248/248/248 249/249/249
f 248/248/248 250/250/250 249/249/249
f 249/249/249 250/250/250 251/251/251
f 250/250/250 252/252/252 251/251/251
f 251/251/251 252/252/252 253/253/253
f 252/252/252 254/254/254 253/253/253
f 253/253/253 254/254/254 255/255/255
f 254/254/254 256/256/256 255/255/255
f 255/255/255 256/256/256 257/257/257
f 256/256/256 258/258/258 257/257/257
f 257/257/257 258/258/258 258/258/258
f 258/258/258 259/259/259 258/258/258
f 258/258/258 259/259/259 259/259/259
f 259/259/259 260/260/260 259/259/259
f 259/259/259 260/260/260 261/261/261
f 260/260/260 260/260/260 261/261/261
f 261/261/261 260/260/260 262/262/262
f 260/260/260 263/263/263 262/262/262
f 262/262/262 263/263/263 262/262/262
f 263/263/263 264/264/264 262/262/262
f 262/262/262 264/264/264 265/265/265
f 264/264/264 266/266/266 265/265/265
f 265/265/265 266/266/266 267/267/267
f 266/266/266 268/268/268 267/267/267
f 267/267/267 268/268/268 269/269/269
f 268/268/268 270/270/270 269/269/269
f 269/269/269 270/270/270 271/271/271
f 270/270/270 272/272/272 271/271/271
f 271/271/271 272/272/272 273/273/273
f 272/272/272 274/274/274 273/273/273
f 273/273/273 274/274/274 275/275/275
f 274/274/274 276/276/276 275/275/275
f 275/275/275 276/276/276 277/277/277
f 276/276/276 278/278/278 277/277/277
f 277/277/277 278/278/278 279/279/279
f 278/278/278 280/280/280 279/279/279
f 279/279/279 280/280/280 281/281/281
f 280/280/280 282/282/282 281/281/281
f 281/281/281 282/282/282 283/283/283
f 282/282/282 284/284/284 283/283/283
f 283/283/283 284/284/284 285/285/285
f 284/284/284 286/286/286 285/285/285
f 285/285/285 286/286/286 287/287/287
f 286/286/286 288/288/288 287/287/287
f 287/287/287 288/288/288 289/289/289
f 288/288/288 290/290/290 289/289/289
f 289/289/289 290/290/290 291/291/291
f 290/290/290 292/292/292 291/291/291
f 291/291/291 292/292/292 291/291/291
f 292/292/292 293/293/293 291/291/291
f 291/291/291 293/293/293 291/291/291
f 293/293/293 294/294/294 291/291/291
f 291/291/291 294/294/294 295/295/295
f 294/294/294 296/296/296 295/295/295
f 295/295/295 296/296/296 296/296/296
f 296/296/296 291/291/291 296/296/296
f 296/296/296 291/291/291 291/291/291
f 291/291/291 295/295/295 291/291/291
f 291/291/291 295/295/295 289/289/289
f 295/295/295 297/297/297 289/289/289
f 289/289/289 297/297/297 287/287/287
f 297/297/297 298/298/298 287/287/287
f 287/287/287 298/298/298 285/285/285
f 298/298/298 299/299/299 285/285/285
f 285/285/285 299/299/299 283/283/283
f 299/299/299 300/300/300 283/283/283
f 283/283/283 300/300/300 281/281/281
f 300/300/300 301/301/301 281/281/281
f 281/281/281 301/301/301 279/279/279
f 301/301/301 302/302/302 279/279/279
f 279/279/279 302/302/302 277/277/277
f 302/302/302 303/303/303 277/277/277
f 277/277/277 303/303/303 275/275/275
f 303/303/303 304/304/304 275/275/275
f 275/275/275 304/304/304 273/273/273
f 304/304/304 305/305/305 273/273/273
f 273/273/273 305/305/305 271/271/271
f 305/305/305 306/306/306 271/271/271
f 271/271/271 306/306/306 269/269/269
f 306/306/306 307/307/307 269/269/269
f 269/269/269 307/307/307 267/267/267
f 307/307/307 308/308/308 267/267/267
f 267/267/267 308/308/308 265/265/265
f 308/308/308 309/309/309 265/265/265
f 265/265/265 309/309/309 262/262/262
f 309/309/309 261/261/261 262/262/262
f 262/262/262 261/261/261 261/261/261
f 261/261/261 310/310/310 261/261/261
f 261/261/261 310/310/310 310/310/310
f 310/310/310 311/311/311 310/310/310
f 310/310/310 311/311/311 312/312/312
f 311/311/311 311/311/311 312/312/312
f 312/312/312 311/311/311 313/313/313
f 311/311/311 314/314/314 313/313/313
f 313/313/313 314/314/314 313/313/313
f 314/314/314 315/315/315 313/313/313
f 313/313/313 315/315/315 316/316/316
f 315/315/315 317/317/317 316/316/316
f 316/316/316 317/317/317 318/318/318
f 317/317/317 319/319/319 318/318/318
f 318/318/318 319/319/319 320/320/320
f 319/319/319 321/321/321 320/320/320
f 320/320/320 321/321/321 322/322/322
f 321/321/321 323/323/323 322/322/322
f 322/322/322 323/323/323 324/324/324
f 323/323/323 325/325/325 324/324/324
f 324/324/324 325/325/325 326/326/326
f 325/325/325 327/327/327 326/326/326
f 326/326/326 327/327/327 328/328/328
f 327/327/327 329/329/329 328/328/328
f 328/328/328 329/329/329 330/330/330
f 329/329/329 331/331/331 330/330/330
f 330/330/330 331/331/331 332/332/332
f 331/331/331 333/333/333 332/332/332
f 332/332/332 333/333/333 334/334/334
f 333/333/333 335/335/335 334/334/334
f 334/334/334 335/335/335 334/334/334
f 335/335/335 336/336/336 334/334/334
f 334/334/334 336/336/336 337/337/337
f 336/336/336 338/338/338 337/337/337
f 337/337/337 338/338/338 337/337/337
f 338/338/338 339/339/339 337/337/337
f 337/337/337 339/339/339 337/337/337
f 339/339/339 340/340/340 337/337/337
f 337/337/337 340/340/340 337/337/337
f 340/340/340 341/341/341 337/337/337
f 337/337/337 341/341/341 334/334/334
f 341/341/341 342/342/342 334/334/334
f 334/334/334 342/342/342 332/332/332
f 342/342/342 343/343/343 332/332/332
f 332/332/332 343/343/343 330/330/330
f 343/343/343 344/344/344 330/330/330
f 330/330/330 344/344/344 328/328/328
f 344/344/344 345/345/345 328/328/328
f 328/328/328 345/345/345 326/326/326
f 345/345/345 346/346/346 326/326/326
f 326/326/326 346/346/346 324/324/324
f 346/346/346 347/347/347 324/324/324
f 324/324/324 347/347/347 322/322/322
f 347/347/347 348/348/348 322/322/322
f 322/322/322 348/348/348 320/320/320
f 348/348/348 349/349/349 320/320/320
f 320/320/320 349/349/349 318/318/318
f 349/349/349 350/350/350 318/318/318
f 318/318/318 350/350/350 316/316/316
f 350/350/350 351/351/351 316/316/316
f 316/316/316 351/351/351 313/313/313
f 351/351/351 312/312/312 313/313/313
f 313/313/313 312/312/312 312/312/312
f 312/312/312 352/352/352 312/312/312
f 312/312/312 352/352/352 352/352/352
f 352/352/352 353/353/353 352/352/352
f 352/352/352 353/353/353 354/354/354
f 353/353/353 353/353/353 354/354/354
f 354/354/354 353/353/353 355/355/355
f 353/353/353 356/356/356 355/355/355
f 355/355/355 356/356/356 357/357/357
f 356/356/356 357/357/357 357/357/357
f 357/357/357 357/357/357 358/358/358
f 357/357/357 358/358/358 358/358/358
f 358/358/358 358/358/358 359/359/359
f 358/358/358 360/360/360 359/359/359
f 359/359/359 360/360/360 361/361/361
f 360/360/360 362/362/362 361/361/361
f 361/361/361 362/362/362 363/363/363
f 362/362/362 364/364/364 363/363/363
f 363/363/363 364/364/364 365/365/365
f 364/364/364 366/366/366 365/365/365
f 365/365/365 366/366/366 367/367/367
f 366/366/366 368/368/368 367/367/367
f 367/367/367 368/368/368 369/369/369
f 368/368/368 370/370/370 369/369/369
f 369/369/369 370/370/370 371/371/371
f 370/370/370 372/372/372 371/371/371
f 371/371/371 372/372/372 373/373/373
f 372/372/372 374/374/374 373/373/373
f 373/373/373 374/374/374 375/375/375
f 374/374/374 376/376/376 375/375/375
f 375/375/375 376/376/376 377/377/377
f 376/376/376 378/378/378 377/377/377
f 377/377/377 378/378/378 379/379/379
f 378/378/378 380/380/380 379/379/379
f 379/379/379 380/380/380 381/381/381
f 380/380/380 382/382/382 381/381/381
f 381/381/381 382/382/382 383/383/383
f 382/382/382 384/384/384 383/383/383
f 383/383/383 384/384/384 385/385/385
f 384/384/384 386/386/386 385/385/385
f 385/385/385 386/386/386 387/387/387
f 386/386/386 388/388/388 387/387/387
f 387/387/387 388/388/388 389/389/389
f 388/388/388 390/390/390 389/389/389
f 389/389/389 390/390/390 391/391/391
f 390/390/390 392/392/392 391/391/391
f 391/391/391 392/392/392 393/393/393
f 392/392/392 394/394/394 393/393/393
f 393/393/393 394/394/394 395/395/395
f 394/394/394 396/396/396 395/395/395
f 395/395/395 396/396/396 397/397/397
f 396/396/396 398/398/398 397/397/397
f 397/397/397 398/398/398 399/399/399
f 398/398/398 400/400/400 399/399/399
f 399/399/399 400/400/400 401/401/401
f 400/400/400 402/402/402 401/401/401
f 401/401/401 402/402/402 403/403/403
f 402/402/402 402/402/402 403/403/403
f 403/403/403 402/402/402 404/404/404
f 402/402/402 405/405/405 404/404/404
f 404/404/404 405/405/405 406/406/406
f 405/405/405 407/407/407 406/406/406
f 406/406/406 407/407/407 408/408/408
f 407/407/407 409/409/409 408/408/408
f 408/408/408 409/409/409 409/409/409
f 409/409/409 410/410/410 409/409/409
f 409/409/409 410/410/410 410/410/410
f 410/410/410 411/411/411 410/410/410
f 410/410/410 411/411/411 412/412/412
f 411/411/411 411/411/411 412/412/412
f 412/412/412 411/411/411 413/413/413
f 411/411/411 414/414/414 413/413/413
f 413/413/413 414/414/414 415/415/415
f 414/414/414 415/415/415 415/415/415
f 415/415/415 415/415/415 416/416/416
f 415/415/415 416/416/416 416/416/416
f 416/416/416 416/416/416 417/417/417
f 416/416/416 418/418/418 417/417/417
f 417/417/417 418/418/418 419/419/419
f 418/418/418 420/420/420 419/419/419
f 419/419/419 420/420/420 421/421/421
f 420/420/420 422/422/422 421/421/421
f 421/421/421 422/422/422 423/423/423
f 422/422/422 424/424/424 423/423/423
f 423/423/423 424/424/424 425/425/425
f 424/424/424 426/426/426 425/425/425
f 425/425/425 426/426/426 427/427/427
f 426/426/426 428/428/428 427/427/427
f 427/427/427 428/428/428 429/429/429
f 428/428/428 430/430/430 429/429/429
f 429/429/429 430/430/430 431/431/431
f 430/430/430 432/432/432 431/431/431
f 431/431/431 432/432/432 433/433/433
f 432/432/432 434/434/434 433/433/433
f 433/433/433 434/434/434 435/435/435
f 434/434/434 436/436/436 435/435/435
f 435/435/435 436/436/436 437/437/437
f 436/436/436 438/438/438 437/437/437
f 437/437/437 438/438/438 439/439/439
f 438/438/438 440/440/440 439/439/439
f 439/439/439 440/440/440 441/441/441
f 440/440/440 442/442/442 441/441/441
f 441/441/441 442/442/442 443/443/443
f 442/442/442 444/444/444 443/443/443
f 443/443/443 444/444/444 445/445/445
f 444/444/444 446/446/446 445/445/445
f 445/445/445 446/446/446 447/447/447
f 446/446/446 448/448/448 447/447/447
f 447/447/447 448/448/448 449/449/449
f 448/448/448 450/450/450 449/449/449
f 449/449/449 450/450/450 451/451/451
f 450/450/450 452/452/452 451/451/451
f 451/451/451 452/452/452 453/453/453
f 452/452/452 454/454/454 453/453/453
f 453/453/453 454/454/454 455/455/455
f 454/454/454 456/456/456 455/455/455
f 455/455/455 456/456/456 457/457/457
f 456/456/456 458/458/458 457/457/457
f 457/457/457 458/458/458 459/459/459
f 458/458/458 460/460/460 459/459/459
f 459/459/459 460/460/460 461/461/461
f 460/460/460 462/462/462 461/461/461
f 461/461/461 462/462/462 463/463/463
f 462/462/462 464/464/464 463/463/463
f 463/463/463 464/464/464 465/465/465
f 464/464/464 465/465/465 465/465/465
f 465/465/465 465/465/465 466/466/466
f 465/465/465 466/466/466 466/466/466
f 466/466/466 466/466/466 467/467/467
f 466/466/466 468/468/468 467/467/467
f 467/467/467 468/468/468 469/469/469
f 468/468/468 470/470/470 469/469/469
f 469/469/469 470/470/470 469/469/469
f 470/470/470 471/471/471 469/469/469
f 469/469/469 471/471/471 469/469/469
f 471/471/471 472/472/472 469/469/469
f 469/469/469 472/472/472 473/473/473
f 472/472/472 472/472/472 473/473/473
f 473/473/473 472/472/472 474/474/474
f 472/472/472 472/472/472 474/474/474
f 474/474/474 472/472/472 475/475/475
f 472/472/472 476/476/476 475/475/475
f 475/475/475 476/476/476 475/475/475
f 476/476/476 477/477/477 475/475/475
f 475/475/475 477/477/477 478/478/478
f 477/477/477 479/479/479 478/478/478
f 478/478/478 479/479/479 480/480/480
f 479/479/479 481/481/481 480/480/480
f 480/480/480 481/481/481 482/482/482
f 481/481/481 483/483/483 482/482/482
f 482/482/482 483/483/483 484/484/484
f 483/483/483 485/485/485 484/484/484
f 484/484/484 485/485/485 486/486/486
f 485/485/485 487/487/487 486/486/486
f 486/486/486 487/487/487 488/488/488
f 487/487/487 489/489/489 488/488/488
f 488/488/488 489/489/489 490/490/490
f 489/489/489 491/491/491 490/490/490
f 490/490/490 491/491/491 492/492/492
f 491/491/491 493/493/493 492/492/492
f 492/492/492 493/493/493 494/494/494
f 493/493/493 495/495/495 494/494/494
f 494/494/494 495/495/495 496/496/496
f 495/495/495 497/497/497 496/496/496
f 496/496/496 497/497/497 498/498/498
f 497/497/497 499/499/499 498/498/498
f 498/498/498 499/499/499 500/500/500
f 499/499/499 501/501/501 500/500/500
f 500/500/500 501/501/501 502/502/502
f 501/501/501 503/503/503 502/502/502
f 502/502/502 503/503/503 504/504/504
f 503/503/503 505/505/505 504/504/504
f 504/504/504 505/505/505 506/506/506
f 505/505/505 507/507/507 506/506/506
f 506/506/506 507/507/507 508/508/508
f 507/507/507 509/509/509 508/508/508
f 508/508/508 509/509/509 510/510/510
f 509/509/509 511/511/511 510/510/510
f 510/510/510 511/511/511 512/512/512
f 511/511/511 513/513/513 512/512/512
f 512/512/512 513/513/513 514/514/514
f 513/513/513 515/515/515 514/514/514
f 514/514/514 515/515/515 516/516/516
f 515/515/515 517/517/517 516/516/516
f 516/516/516 517/517/517 518/518/518
f 517/517/517 519/519/519 518/518/518
f 518/518/518 519/519/519 520/520/520
f 519/519/519 521/521/521 520/520/520
f 520/520/520 521/521/521 522/522/522
f 521/521/521 523/523/523 522/522/522
f 522/522/522 523/523/523 524/524/524
f 523/523/523 525/525/525 524/524/524
f 524/524/524 525/525/525 526/526/526
f 525/525/525 527/527/527 526/526/526
f 526/526/526 527/527/527 526/526/526
f 527/527/527 528/528/528 526/526/526
f 526/526/526 528/528/528 526/526/526
f 528/528/528 529/529/529 526/526/526
f 526/526/526 529/529/529 526/526/526
f 529/529/529 530/530/530 526/526/526
f 526/526/526 530/530/530 524/524/524
f 530/530/530 531/531/531 524/524/524
f 524/524/524 531/531/531 524/524/524
f 531/531/531 532/532/532 524/524/524
f 524/524/524 532/532/532 522/522/522
f 532/532/532 533/533/533 522/522/522
f 522/522/522 533/533/533 520/520/520
f 533/533/533 534/534/534 520/520/520
f 520/520/520 534/534/534 518/518/518
f 534/534/534 535/535/535 518/518/518
f 518/518/518 535/535/535 516/516/516
f 535/535/535 536/536/536 516/516/516
f 516/516/516 536/536/536 514/514/514
f 536/536/536 537/537/537 514/514/514
f 514/514/514 537/537/537 512/512/512
f 537/537/537 538/538/538 512/512/512
f 512/512/512 538/538/538 510/510/510
f 538/538/538 539/539/539 510/510/510
f 510/510/510 539/539/539 508/508/508
f 539/539/539 540/540/540 508/508/508
f 508/508/508 540/540/540 506/506/506
f 540/540/540 541/541/541 506/506/506
f 506/506/506 541/541/541 504/504/504
f 541/541/541 542/542/542 504/504/504
f 504/504/504 542/542/542 502/502/502
f 542/542/542 543/543/543 502/502/502
f 502/502/502 543/543/543 500/500/500
f 543/543/543 544/544/544 500/500/500
f 500/500/500 544/544/544 498/498/498
f 544/544/544 545/545/545 498/498/498
f 498/498/498 545/545/545 496/496/496
f 545/545/545 546/546/546 496/496/496
f 496/496/496 546/546/546 494/494/494
f 546/546/546 547/547/547 494/494/494
f 494/494/494 547/547/547 492/492/492
f 547/547/547 548/548/548 492/492/492
f 492/492/492 548/548/548 490/490/490
f 548/548/548 549/549/549 490/490/490
f 490/490/490 549/549/549 488/488/488
f 549/549/549 550/550/550 488/488/488
f 488/488/488 550/550/550 486/486/486
f 550/550/550 551/551/551 486/486/486
f 486/486/486 551/551/551 484/484/484
f 551/551/551 552/552/552 484/484/484
f 484/484/484 552/552/552 482/482/482
f 552/552/552 553/553/553 482/482/482
f 482/482/482 553/553/553 480/480/480
f 553/553/553 554/554/554 480/480/480
f 480/480/480 554/554/554 478/478/478
f 554/554/554 555/555/555 478/478/478
f 478/478/478 555/555/555 475/475/475
f 555/555/555 474/474/474 475/475/475
f 475/475/475 474/474/474 474/474/474
f 474/474/474 469/469/469 474/474/474
f 474/474/474 469/469/469 469/469/469
f 469/469/469 473/473/473 469/469/469
f 469/469/469 473/473/473 467/467/467
f 473/473/473 467/467/467 467/467/467
f 467/467/467 467/467/467 470/470/470
f 467/467/467 470/470/470 470/470/470
f 470/470/470 470/470/470 556/556/556
f 470/470/470 468/468/468 556/556/556
f 556/556/556 468/468/468 557/557/557
f 468/468/468 466/466/466 557/557/557
f 557/557/557 466/466/466 466/466/466
f 466/466/466 556/556/556 466/466/466
f 466/466/466 556/556/556 556/556/556
f 556/556/556 557/557/557 556/556/556
f 556/556/556 557/557/557 558/558/558
f 557/557/557 558/558/558 558/558/558
f 558/558/558 558/558/558 559/559/559
f 558/558/558 559/559/559 559/559/559
f 559/559/559 559/559/559 560/560/560
f 559/559/559 561/561/561 560/560/560
f 560/560/560 561/561/561 560/560/560
f 561/561/561 562/562/562 560/560/560
f 560/560/560 562/562/562 563/563/563
f 562/562/562 564/564/564 563/563/563
f 563/563/563 564/564/564 565/565/565
f 564/564/564 566/566/566 565/565/565
f 565/565/565 566/566/566 567/567/567
f 566/566/566 568/568/568 567/567/567
f 567/567/567 568/568/568 569/569/569
f 568/568/568 570/570/570 569/569/569
f 569/569/569 570/570/570 571/571/571
f 570/570/570 572/572/572 571/571/571
f 571/571/571 572/572/572 573/573/573
f 572/572/572 574/574/574 573/573/573
f 573/573/573 574/574/574 575/575/575
f 574/574/574 576/576/576 575/575/575
f 575/575/575 576/576/576 577/577/577
f 576/576/576 578/578/578 577/577/577
f 577/577/577 578/578/578 579/579/579
f 578/578/578 580/580/580 579/579/579
f 579/579/579 580/580/580 581/581/581
f 580/580/580 582/582/582 581/581/581
f 581/581/581 582/582/582 583/583/583
f 582/582/582 584/584/584 583/583/583
f 583/583/583 584/584/584 585/585/585
f 584/584/584 586/586/586 585/585/585
f 585/585/585 586/586/586 587/587/587
f 586/586/586 588/588/588 587/587/587
f 587/587/587 588/588/588 589/589/589
f 588/588/588 590/590/590 589/589/589
f 589/589/589 590/590/590 591/591/591
f 590/590/590 592/592/592 591/591/591
f 591/591/591 592/592/592 593/593/593
f 592/592/592 594/594/594 593/593/593
f 593/593/593 594/594/594 595/595/595
f 594/594/594 596/596/596 595/595/595
f 595/595/595 596/596/596 597/597/597
f 596/596/596 598/598/598 597/597/597
f 597/597/597 598/598/598 599/599/599
f 598/598/598 600/600/600 599/599/599
f 599/599/599 600/600/600 601/601/601
f 600/600/600 602/602/602 601/601/601
f 601/601/601 602/602/602 603/603/603
f 602/602/602 604/604/604 603/603/603
f 603/603/603 604/604/604 605/605/605
f 604/604/604 606/606/606 605/605/605
f 605/605/605 606/606/606 607/607/607
f 606/606/606 608/608/608 607/607/607
f 607/607/607 608/608/608 609/609/609
f 608/608/608 610/610/610 609/609/609
f 609/609/609 610/610/610 611/611/611
f 610/610/610 612/612/612 611/611/611
f 611/611/611 612/612/612 613/613/613
f 612/612/612 614/614/614 613/613/613
f 613/613/613 614/614/614 615/615/615
f 614/614/614 614/614/614 615/615/615
f 615/615/615 614/614/614 616/616/616
f 614/614/614 617/617/617 616/616/616
f 616/616/616 617/617/617 618/618/618
f 617/617/617 617/617/617 618/618/618
f 618/618/618 617/617/617 619/619/619
f 617/617/617 617/617/617 619/619/619
f 619/619/619 617/617/617 620/620/620
f 617/617/617 617/617/617 620/620/620
f 620/620/620 617/617/617 621/621/621
f 617/617/617 614/614/614 621/621/621
f 621/621/621 614/614/614 622/622/622
f 614/614/614 612/612/612 622/622/622
f 622/622/622 612/612/612 623/623/623
f 612/612/612 610/610/610 623/623/623
f 623/623/623 610/610/610 624/624/624
f 610/610/610 608/608/608 624/624/624
f 624/624/624 608/608/608 625/625/625
f 608/608/608 606/606/606 625/625/625
f 625/625/625 606/606/606 626/626/626
f 606/606/606 604/604/604 626/626/626
f 626/626/626 604/604/604 627/627/627
f 604/604/604 602/602/602 627/627/627
f 627/627/627 602/602/602 628/628/628
f 602/602/602 600/600/600 628/628/628
f 628/628/628 600/600/600 629/629/629
f 600/600/600 598/598/598 629/629/629
f 629/629/629 598/598/598 630/630/630
f 598/598/598 596/596/596 630/630/630
f 630/630/630 596/596/596 631/631/631
f 596/596/596 594/594/594 631/631/631
f 631/631/631 594/594/594 632/632/632
f 594/594/594 592/592/592 632/632/632
f 632/632/632 592/592/592 633/633/633
f 592/592/592 590/590/590 633/633/633
f 633/633/633 590/590/590 634/634/634
f 590/590/590 588/588/588 634/634/634
f 634/634/634 588/588/588 635/635/635
f 588/588/588 586/586/586 635/635/635
f 635/635/635 586/586/586 636/636/636
f 586/586/586 584/584/584 636/636/636
f 636/636/636 584/584/584 637/637/637
f 584/584/584 582/582/582 637/637/637
f 637/637/637 582/582/582 638/638/638
f 582/582/582 580/580/580 638/638/638
f 638/638/638 580/580/580 639/639/639
f 580/580/580 578/578/578 639/639/639
f 639/639/639 578/578/578 640/640/640
f 578/578/578 576/576/576 640/640/640
f 640/640/640 576/576/576 641/641/641
f 576/576/576 574/574/574 641/641/641
f 641/641/641 574/574/574 642/642/642
f 574/574/574 572/572/572 642/642/642
f 642/642/642 572/572/572 643/643/643
f 572/572/572 570/570/570 643/643/643
f 643/643/643 570/570/570 644/644/644
f 570/570/570 568/568/568 644/644/644
f 644/644/644 568/568/568 645/645/645
f 568/568/568 566/566/566 645/645/645
f 645/645/645 566/566/566 646/646/646
f 566/566/566 564/564/564 646/646/646
f 646/646/646 564/564/564 647/647/647
f 564/564/564 562/562/562 647/647/647
f 647/647/647 562/562/562 648/648/648
f 562/562/562 561/561/561 648/648/648
f 648/648/648 561/561/561 649/649/649
f 561/561/561 650/650/650 649/649/649
f 649/649/649 650/650/650 651/651/651
f 650/650/650 651/651/651 651/651/651
f 651/651/651 651/651/651 561/561/561
f 651/651/651 561/561/561 561/561/561
f 561/561/561 561/561/561 650/650/650
f 561/561/561 559/559/559 650/650/650
f 650/650/650 559/559/559 559/559/559
f 559/559/559 652/652/652 559/559/559
f 559/559/559 652/652/652 652/652/652
f 652/652/652 653/653/653 652/652/652
f 652/652/652 653/653/653 654/654/654
f 653/653/653 655/655/655 654/654/654
f 654/654/654 655/655/655 656/656/656
f 655/655/655 655/655/655 656/656/656
f 656/656/656 655/655/655 657/657/657
f 655/655/655 655/655/655 657/657/657
f 657/657/657 655/655/655 658/658/658
f 655/655/655 659/659/659 658/658/658
f 658/658/658 659/659/659 660/660/660
f 659/659/659 661/661/661 660/660/660
f 660/660/660 661/661/661 662/662/662
f 661/661/661 663/663/663 662/662/662
f 662/662/662 663/663/663 664/664/664
f 663/663/663 664/664/664 664/664/664
f 664/664/664 664/664/664 655/655/655
f 664/664/664 655/655/655 655/655/655
f 655/655/655 655/655/655 659/659/659
f 655/655/655 653/653/653 659/659/659
f 659/659/659 653/653/653 659/659/659
f 653/653/653 665/665/665 659/659/659
f 659/659/659 665/665/665 661/661/661
f 665/665/665 666/666/666 661/661/661
f 661/661/661 666/666/666 663/663/663
f 666/666/666 667/667/667 663/663/663
f 663/663/663 667/667/667 668/668/668
f 667/667/667 669/669/669 668/668/668
f 668/668/668 669/669/669 668/668/668
f 669/669/669 670/670/670 668/668/668
f 668/668/668 670/670/670 671/671/671
f 670/670/670 670/670/670 671/671/671
f 671/671/671 670/670/670 672/672/672
f 670/670/670 673/673/673 672/672/672
f 672/672/672 673/673/673 674/674/674
f 673/673/673 673/673/673 674/674/674
f 674/674/674 673/673/673 675/675/675
f 673/673/673 676/676/676 675/675/675
f 675/675/675 676/676/676 675/675/675
f 676/676/676 677/677/677 675/675/675
f 675/675/675 677/677/677 675/675/675
f 677/677/677 678/678/678 675/675/675
f 675/675/675 678/678/678 679/679/679
f 678/678/678 678/678/678 679/679/679
f 679/679/679 678/678/678 680/680/680
f 678/678/678 681/681/681 680/680/680
f 680/680/680 681/681/681 682/682/682
f 681/681/681 682/682/682 682/682/682
f 682/682/682 682/682/682 663/663/663
f 682/682/682 663/663/663 663/663/663
f 663/663/663 663/663/663 664/664/664
f 663/663/663 668/668/668 664/664/664
f 664/664/664 668/668/668 671/671/671
f 668/668/668 671/671/671 671/671/671
f 671/671/671 671/671/671 669/669/669
f 671/671/671 669/669/669 669/669/669
f 669/669/669 669/669/669 670/670/670
f 669/669/669 683/683/683 670/670/670
f 670/670/670 683/683/683 673/673/673
f 683/683/683 676/676/676 673/673/673
f 673/673/673 676/676/676 676/676/676
f 676/676/676 674/674/674 676/676/676
f 676/676/676 674/674/674 674/674/674
f 674/674/674 675/675/675 674/674/674
f 674/674/674 675/675/675 679/679/679
f 675/675/675 679/679/679 679/679/679
f 679/679/679 679/679/679 677/677/677
f 679/679/679 677/677/677 677/677/677
f 677/677/677 677/677/677 678/678/678
f 677/677/677 684/684/684 678/678/678
f 678/678/678 684/684/684 681/681/681
f 684/684/684 685/685/685 681/681/681
f 681/681/681 685/685/685 686/686/686
f 685/685/685 687/687/687 686/686/686
f 686/686/686 687/687/687 686/686/686
f 687/687/687 688/688/688 686/686/686
f 686/686/686 688/688/688 689/689/689
f 688/688/688 688/688/688 689/689/689
f 689/689/689 688/688/688 690/690/690
f 688/688/688 691/691/691 690/690/690
f 690/690/690 691/691/691 692/692/692
f 691/691/691 691/691/691 692/692/692
f 692/692/692 691/691/691 693/693/693
f 691/691/691 694/694/694 693/693/693
f 693/693/693 694/694/694 693/693/693
f 694/694/694 695/695/695 693/693/693
f 693/693/693 695/695/695 693/693/693
f 695/695/695 696/696/696 693/693/693
f 693/693/693 696/696/696 697/697/697
f 696/696/696 696/696/696 697/697/697
f 697/697/697 696/696/696 698/698/698
f 696/696/696 699/699/699 698/698/698
f 698/698/698 699/699/699 700/700/700
f 699/699/699 700/700/700 700/700/700
f 700/700/700 700/700/700 681/681/681
f 700/700/700 681/681/681 681/681/681
f 681/681/681 681/681/681 682/682/682
f 681/681/681 686/686/686 682/682/682
f 682/682/682 686/686/686 689/689/689
f 686/686/686 689/689/689 689/689/689
f 689/689/689 689/689/689 687/687/687
f 689/689/689 687/687/687 687/687/687
f 687/687/687 687/687/687 688/688/688
f 687/687/687 701/701/701 688/688/688
f 688/688/688 701/701/701 691/691/691
f 701/701/701 694/694/694 691/691/691
f 691/691/691 694/694/694 694/694/694
f 694/694/694 692/692/692 694/694/694
f 694/694/694 692/692/692 692/692/692
f 692/692/692 693/693/693 692/692/692
f 692/692/692 693/693/693 697/697/697
f 693/693/693 697/697/697 697/697/697
f 697/697/697 697/697/697 695/695/695
f 697/697/697 695/695/695 695/695/695
f 695/695/695 695/695/695 696/696/696
f 695/695/695 702/702/702 696/696/696
f 696/696/696 702/702/702 699/699/699
f 702/702/702 703/703/703 699/699/699
f 699/699/699 703/703/703 704/704/704
f 703/703/703 705/705/705 704/704/704
f 704/704/704 705/705/705 704/704/704
f 705/705/705 706/706/706 704/704/704
f 704/704/704 706/706/706 707/707/707
f 706/706/706 706/706/706 707/707/707
f 707/707/707 706/706/706 708/708/708
f 706/706/706 709/709/709 708/708/708
f 708/708/708 709/709/709 710/710/710
f 709/709/709 709/709/709 710/710/710
f 710/710/710 709/709/709 711/711/711
f 709/709/709 712/712/712 711/711/711
f 711/711/711 712/712/712 711/711/711
f 712/712/712 713/713/713 711/711/711
f 711/711/711 713/713/713 711/711/711
f 713/713/713 714/714/714 711/711/711
f 711/711/711 714/714/714 715/715/715
f 714/714/714 714/714/714 715/715/715
f 715/715/715 714/714/714 716/716/716
f 714/714/714 717/717/717 716/716/716
f 716/716/716 717/717/717 718/718/718
f 717/717/717 718/718/718 718/718/718
f 718/718/718 718/718/718 699/699/699
f 718/718/718 699/699/699 699/699/699
f 699/699/699 699/699/699 700/700/700
f 699/699/699 704/704/704 700/700/700
f 700/700/700 704/704/704 707/707/707
f 704/704/704 707/707/707 707/707/707
f 707/707/707 707/707/707 705/705/705
f 707/707/707 705/705/705 705/705/705
f 705/705/705 705/705/705 706/706/706
f 705/705/705 719/719/719 706/706/706
f 706/706/706 719/719/719 709/709/709
f 719/719/719 712/712/712 709/709/709
f 709/709/709 712/712/712 712/712/712
f 712/712/712 710/710/710 712/712/712
f 712/712/712 710/710/710 710/710/710
f 710/710/710 711/711/711 710/710/710
f 710/710/710 711/711/711 715/715/715
f 711/711/711 715/715/715 715/715/715
f 715/715/715 715/715/715 713/713/713
f 715/715/715 713/713/713 713/713/713
f 713/713/713 713/713/713 714/714/714
f 713/713/713 720/720/720 714/714/714
f 714/714/714 720/720/720 717/717/717
f 720/720/720 721/721/721 717/717/717
f 717/717/717 721/721/721 722/722/722
f 721/721/721 723/723/723 722/722/722
f 722/722/722 723/723/723 722/722/722
f 723/723/723 724/724/724 722/722/722
f 722/722/722 724/724/724 725/725/725
f 724/724/724 724/724/724 725/725/725
f 725/725/725 724/724/724 726/726/726
f 724/724/724 727/727/727 726/726/726
f 726/726/726 727/727/727 728/728/728
f 727/727/727 727/727/727 728/728/728
f 728/728/728 727/727/727 729/729/729
f 727/727/727 730/730/730 729/729/729
f 729/729/729 730/730/730 729/729/729
f 730/730/730 731/731/731 729/729/729
f 729/729/729 731/731/731 729/729/729
f 731/731/731 732/732/732 729/729/729
f 729/729/729 732/732/732 733/733/733
f 732/732/732 732/732/732 733/733/733
f 733/733/733 732/732/732 734/734/734
f 732/732/732 735/735/735 734/734/734
f 734/734/734 735/735/735 736/736/736
f 735/735/735 736/736/736 736/736/736
f 736/736/736 736/736/736 717/717/717
f 736/736/736 717/717/717 717/717/717
f 717/717/717 717/717/717 718/718/718
f 717/717/717 722/722/722 718/718/718
f 718/718/718 722/722/722 725/725/725
f 722/722/722 725/725/725 725/725/725
f 725/725/725 725/725/725 723/723/723
f 725/725/725 723/723/723 723/723/723
f 723/723/723 723/723/723 724/724/724
f 723/723/723 737/737/737 724/724/724
f 724/724/724 737/737/737 727/727/727
f 737/737/737 730/730/730 727/727/727
f 727/727/727 730/730/730 730/730/730
f 730/730/730 728/728/728 730/730/730
f 730/730/730 728/728/728 728/728/728
f 728/728/728 729/729/729 728/728/728
f 728/728/728 729/729/729 733/733/733
f 729/729/729 733/733/733 733/733/733
f 733/733/733 733/733/733 731/731/731
f 733/733/733 731/731/731 731/731/731
f 731/731/731 731/731/731 732/732/732
f 731/731/731 738/738/738 732/732/732
f 732/732/732 738/738/738 735/735/735
f 738/738/738 739/739/739 735/735/735
f 735/735/735 739/739/739 735/735/735
f 739/739/739 740/740/740 735/735/735
f 735/735/735 740/740/740 741/741/741
f 740/740/740 742/742/742 741/741/741
f 741/741/741 742/742/742 741/741/741
f 742/742/742 743/743/743 741/741/741
f 741/741/741 743/743/743 741/741/741
f 743/743/743 744/744/744 741/741/741
f 741/741/741 744/744/744 741/741/741
f 744/744/744 736/736/736 741/741/741
f 741/741/741 736/736/736 735/735/735
f 736/736/736 735/735/735 735/735/735
f 735/735/735 735/735/735 745/745/745
f 735/735/735 745/745/745 745/745/745
f 745/745/745 745/745/745 746/746/746
f 745/745/745 747/747/747 746/746/746
f 746/746/746 747/747/747 748/748/748
f 747/747/747 748/748/748 748/748/748
f 748/748/748 748/748/748 749/749/749
f 748/748/748 749/749/749 749/749/749
f 749/749/749 749/749/749 750/750/750
f 749/749/749 751/751/751 750/750/750
f 750/750/750 751/751/751 752/752/752
f 751/751/751 752/752/752 752/752/752
f 752/752/752 752/752/752 753/753/753
f 752/752/752 753/753/753 753/753/753
f 753/753/753 753/753/753 754/754/754
f 753/753/753 755/755/755 754/754/754
f 754/754/754 755/755/755 754/754/754
f 755/755/755 756/756/756 754/754/754
f 754/754/754 756/756/756 757/757/757
f 756/756/756 758/758/758 757/757/757
f 757/757/757 758/758/758 759/759/759
f 758/758/758 760/760/760 759/759/759
f 759/759/759 760/760/760 760/760/760
f 760/760/760 761/761/761 760/760/760
f 760/760/760 761/761/761 761/761/761
f 761/761/761 762/762/762 761/761/761
f 761/761/761 762/762/762 763/763/763
f 762/762/762 764/764/764 763/763/763
f 763/763/763 764/764/764 764/764/764
f 764/764/764 765/765/765 764/764/764
f 764/764/764 765/765/765 765/765/765
f 765/765/765 766/766/766 765/765/765
f 765/765/765 766/766/766 767/767/767
f 766/766/766 768/768/768 767/767/767
f 767/767/767 768/768/768 768/768/768
f 768/768/768 769/769/769 768/768/768
f 768/768/768 769/769/769 769/769/769
f 769/769/769 770/770/770 769/769/769
f 769/769/769 770/770/770 771/771/771
f 770/770/770 770/770/770 771/771/771
f 771/771/771 770/770/770 772/772/772
f 770/770/770 770/770/770 772/772/772
f 772/772/772 770/770/770 773/773/773
f 770/770/770 774/774/774 773/773/773
f 773/773/773 774/774/774 775/775/775
f 774/774/774 776/776/776 775/775/775
f 775/775/775 776/776/776 776/776/776
f 776/776/776 777/777/777 776/776/776
f 776/776/776 777/777/777 777/777/777
f 777/777/777 778/778/778 777/777/777
f 777/777/777 778/778/778 779/779/779
f 778/778/778 780/780/780 779/779/779
f 779/779/779 780/780/780 780/780/780
f 780/780/780 781/781/781 780/780/780
f 780/780/780 781/781/781 781/781/781
f 781/781/781 782/782/782 781/781/781
f 781/781/781 782/782/782 783/783/783
f 782/782/782 784/784/784 783/783/783
f 783/783/783 784/784/784 784/784/784
f 784/784/784 785/785/785 784/784/784
f 784/784/784 785/785/785 785/785/785
f 785/785/785 786/786/786 785/785/785
f 785/785/785 786/786/786 787/787/787
f 786/786/786 788/788/788 787/787/787
f 787/787/787 788/788/788 788/788/788
f 788/788/788 789/789/789 788/788/788
f 788/788/788 789/789/789 789/789/789
f 789/789/789 790/790/790 789/789/789
f 789/789/789 790/790/790 791/791/791
f 790/790/790 792/792/792 791/791/791
f 791/791/791 792/792/792 792/792/792
f 792/792/792 793/793/793 792/792/792
f 792/792/792 793/793/793 793/793/793
f 793/793/793 794/794/794 793/793/793
f 793/793/793 794/794/794 795/795/795
f 794/794/794 796/796/796 795/795/795
f 795/795/795 796/796/796 796/796/796
f 796/796/796 797/797/797 796/796/796
f 796/796/796 797/797/797 797/797/797
f 797/797/797 798/798/798 797/797/797
f 797/797/797 798/798/798 799/799/799
f 798/798/798 800/800/800 799/799/799
f 799/799/799 800/800/800 801/801/801
f 800/800/800 802/802/802 801/801/801
f 801/801/801 802/802/802 803/803/803
f 802/802/802 804/804/804 803/803/803
