o glass
v -1.8178369998931885 -3.9647977352142334 -17.715843200683594
v -1.770779013633728 -4.018308639526367 -17.889522552490234
v -1.9766573905944824 -4.352753162384033 -17.802682876586914
v -1.9766573905944824 -4.352753162384033 -17.802682876586914
v -1.8178369998931885 -3.9647977352142334 -17.715843200683594
v -2.006068706512451 -4.332686424255371 -17.715843200683594
v -2.0884199142456055 -4.513286590576172 -17.715843200683594
v -2.006068706512451 -4.332686424255371 -17.715843200683594
v -1.9766573905944824 -4.352753162384033 -17.802682876586914
v -1.9766573905944824 -4.352753162384033 -17.802682876586914
v -2.0884199142456055 -4.513286590576172 -17.715843200683594
v -2.0825376510620117 -4.553420066833496 -17.762603759765625
v -1.7766612768173218 -4.553420066833496 -18.530799865722656
v -1.9472461938858032 -4.546730995178223 -18.109962463378906
v -1.8884238004684448 -4.419641971588135 -18.109962463378906
v -1.8884238004684448 -4.419641971588135 -18.109962463378906
v -1.7766612768173218 -4.553420066833496 -18.530799865722656
v -1.75901460647583 -4.49321985244751 -18.524120330810547
v -1.8884238004684448 -4.419641971588135 -18.109962463378906
v -1.7119566202163696 -4.07181978225708 -18.109962463378906
v -1.6119585037231445 -4.172153472900391 -18.443960189819336
v -1.6119585037231445 -4.172153472900391 -18.443960189819336
v -1.8884238004684448 -4.419641971588135 -18.109962463378906
v -1.75901460647583 -4.49321985244751 -18.524120330810547
v -1.4472558498382568 -3.864464282989502 -18.377161026000977
v -1.5060782432556152 -3.7641310691833496 -18.103282928466797
v -1.4649025201797485 -3.7039308547973633 -18.109962463378906
v -1.4649025201797485 -3.7039308547973633 -18.109962463378906
v -1.4472558498382568 -3.864464282989502 -18.377161026000977
v -1.341375470161438 -3.7106199264526367 -18.337081909179688
v -1.8178369998931885 -3.9647977352142334 -17.715843200683594
v -1.6707810163497925 -3.750753164291382 -17.715843200683594
v -1.623723030090332 -3.7039308547973633 -17.755924224853516
v -1.770779013633728 -4.018308639526367 -17.889522552490234
v -1.623723030090332 -3.7039308547973633 -17.755924224853516
v -1.8178369998931885 -3.9647977352142334 -17.715843200683594
v -1.5413717031478882 -3.7039308547973633 -17.942962646484375
v -1.770779013633728 -4.018308639526367 -17.889522552490234
v -1.623723030090332 -3.7039308547973633 -17.755924224853516
v -1.4649025201797485 -3.7039308547973633 -18.109962463378906
v -1.5413717031478882 -3.7039308547973633 -17.942962646484375
v -1.5060782432556152 -3.7641310691833496 -18.103282928466797
v -1.7119566202163696 -4.07181978225708 -18.109962463378906
v -1.4472558498382568 -3.864464282989502 -18.377161026000977
v -1.6119585037231445 -4.172153472900391 -18.443960189819336
v -1.341375470161438 -3.7106199264526367 -18.337081909179688
v -1.4354913234710693 -3.884531021118164 -18.417240142822266
v -1.3472577333450317 -3.7440643310546875 -18.383840560913086
v -1.5943118333816528 -4.185531139373779 -18.490720748901367
v -1.6119585037231445 -4.172153472900391 -18.443960189819336
v -1.75901460647583 -4.49321985244751 -18.524120330810547
v -1.7472500801086426 -4.506597995758057 -18.564199447631836
v -1.7766612768173218 -4.553420066833496 -18.530799865722656
v -1.7119566202163696 -4.07181978225708 -18.109962463378906
v -1.770779013633728 -4.018308639526367 -17.889522552490234
v -1.8884238004684448 -4.419641971588135 -18.109962463378906
v -1.9766573905944824 -4.352753162384033 -17.802682876586914
v -1.9472461938858032 -4.546730995178223 -18.109962463378906
v -2.0825376510620117 -4.553420066833496 -17.762603759765625
v -1.6119585037231445 -4.172153472900391 -18.443960189819336
v -1.4354913234710693 -3.884531021118164 -18.417240142822266
v -1.4472558498382568 -3.864464282989502 -18.377161026000977
v -1.7119566202163696 -4.07181978225708 -18.109962463378906
v -1.5060782432556152 -3.7641310691833496 -18.103282928466797
v -1.4472558498382568 -3.864464282989502 -18.377161026000977
v -1.7119566202163696 -4.07181978225708 -18.109962463378906
v -1.5413717031478882 -3.7039308547973633 -17.942962646484375
v -1.770779013633728 -4.018308639526367 -17.889522552490234
vn -0.8059213161468506 0.4754791855812073 -0.3527185618877411
vn -0.8037248849868774 0.48510488867759705 -0.34452807903289795
vn -0.8416665196418762 0.4053252339363098 -0.3568037748336792
vn -0.8416529893875122 0.40172675251960754 -0.36088213324546814
vn -0.8059213161468506 0.4754791855812073 -0.3527185618877411
vn -0.838361382484436 0.41211801767349243 -0.3568037748336792
vn -0.8459423184394836 0.38104620575904846 -0.37307560443878174
vn -0.838361382484436 0.41211801767349243 -0.3568037748336792
vn -0.8416529893875122 0.40172675251960754 -0.36088213324546814
vn -0.8416529893875122 0.40172675251960754 -0.36088213324546814
vn -0.8457837700843811 0.3773933947086334 -0.37712597846984863
vn -0.8491718173027039 0.37779998779296875 -0.3690181374549866
vn -0.8736492395401001 0.3394060730934143 -0.34862664341926575
vn -0.8531545996665955 0.39169836044311523 -0.34452807903289795
vn -0.8467694520950317 0.4017971158027649 -0.34862664341926575
vn -0.8499785661697388 0.3949631154537201 -0.34862664341926575
vn -0.8736492395401001 0.3394060730934143 -0.34862664341926575
vn -0.8513121008872986 0.3884035646915436 -0.3527185618877411
vn -0.8467694520950317 0.4017971158027649 -0.34862664341926575
vn -0.7987117767333984 0.48148059844970703 -0.36088213324546814
vn -0.804588258266449 0.4652561843395233 -0.3690181374549866
vn -0.8007799983024597 0.4717806875705719 -0.3690181374549866
vn -0.8467694520950317 0.4017971158027649 -0.34862664341926575
vn -0.8481475710868835 0.3952660858631134 -0.3527185618877411
vn -0.7497125267982483 0.5409632325172424 -0.3811691105365753
vn -0.7470400333404541 0.5502233505249023 -0.37307560443878174
vn -0.7246065139770508 0.5768200755119324 -0.37712597846984863
vn -0.7246065139770508 0.5768200755119324 -0.37712597846984863
vn -0.7497125267982483 0.5409632325172424 -0.3811691105365753
vn -0.7292831540107727 0.5708959102630615 -0.37712597846984863
vn -0.8020550608634949 0.48197227716445923 -0.3527185618877411
vn -0.7751463055610657 0.5295739769935608 -0.34452807903289795
vn -0.7793816328048706 0.5233208537101746 -0.34452807903289795
vn -0.8037248849868774 0.48510488867759705 -0.34452807903289795
vn -0.7793816328048706 0.5233208537101746 -0.34452807903289795
vn -0.8020550608634949 0.48197227716445923 -0.3527185618877411
vn -0.7789103984832764 0.5266979932785034 -0.34042292833328247
vn -0.8037248849868774 0.48510488867759705 -0.34452807903289795
vn -0.7793816328048706 0.5233208537101746 -0.34452807903289795
vn -0.7246065139770508 0.5768200755119324 -0.37712597846984863
vn -0.7751463055610657 0.5295739769935608 -0.34452807903289795
vn -0.7514934539794922 0.5441251993179321 -0.37307560443878174
vn -0.7987117767333984 0.48148059844970703 -0.36088213324546814
vn -0.7497125267982483 0.5409632325172424 -0.3811691105365753
vn -0.8009703159332275 0.46825331449508667 -0.37307560443878174
vn -0.7333841919898987 0.5682976841926575 -0.37307560443878174
vn -0.760646402835846 0.5283872485160828 -0.37712597846984863
vn -0.752623975276947 0.5636216998100281 -0.34042292833328247
vn -0.7856637835502625 0.47758060693740845 -0.3932546079158783
vn -0.8009703159332275 0.46825331449508667 -0.37307560443878174
vn -0.8449166417121887 0.39850595593452454 -0.3568037748336792
vn -0.8428130149841309 0.38791850209236145 -0.37307560443878174
vn -0.87189781665802 0.3396818935871124 -0.3527185618877411
vn -0.7987117767333984 0.48148059844970703 -0.36088213324546814
vn -0.8037248849868774 0.48510488867759705 -0.34452807903289795
vn -0.8467694520950317 0.4017971158027649 -0.34862664341926575
vn -0.8416665196418762 0.4053252339363098 -0.3568037748336792
vn -0.8531545996665955 0.39169836044311523 -0.34452807903289795
vn -0.8511618971824646 0.38116592168807983 -0.36088213324546814
vn -0.8007799983024597 0.4717806875705719 -0.3690181374549866
vn -0.764927089214325 0.5221709609031677 -0.37712597846984863
vn -0.7497125267982483 0.5409632325172424 -0.3811691105365753
vn -0.7947871685028076 0.4879318177700043 -0.36088213324546814
vn -0.7514934539794922 0.5441251993179321 -0.37307560443878174
vn -0.7497125267982483 0.5409632325172424 -0.3811691105365753
vn -0.7947871685028076 0.4879318177700043 -0.36088213324546814
vn -0.7789103984832764 0.5266979932785034 -0.34042292833328247
vn -0.8037248849868774 0.48510488867759705 -0.34452807903289795
v -1.6700563430786133 -3.704139471054077 -17.63857650756836
v -1.5401357412338257 -3.704115867614746 -17.948774337768555
v -1.5391271114349365 -3.7017388343811035 -17.948774337768555
v -1.3226600885391235 -3.7010090351104736 -18.35602569580078
v -1.3184235095977783 -3.705104351043701 -18.367565155029297
v -1.3170113563537598 -3.7119300365448 -18.37575912475586
v -1.5427583456039429 -3.709552764892578 -17.947275161743164
v -1.6773189306259155 -3.7053163051605225 -17.622997283935547
v -1.6825642585754395 -3.710164785385132 -17.613996505737305
v -1.547196626663208 -3.7198617458343506 -17.948659896850586
v -1.6880111694335938 -3.716590166091919 -17.60961151123047
v -1.5526436567306519 -3.73207688331604 -17.950275421142578
v -1.6952738761901855 -3.7297704219818115 -17.609264373779297
v -1.757006287574768 -4.162012577056885 -18.004167556762695
v -1.949062705039978 -4.166367053985596 -17.619651794433594
v -1.9621758460998535 -4.539486408233643 -18.050905227661133
v -2.1177172660827637 -4.541863441467285 -17.626806259155273
v -1.967421054840088 -4.554737567901611 -18.052751541137695
v -2.120138168334961 -4.556338310241699 -17.6304988861084
v -1.9710524082183838 -4.565376281738281 -18.054019927978516
v -2.119533061981201 -4.567753314971924 -17.636499404907227
v -1.9732714891433716 -4.571660041809082 -18.054712295532227
v -2.116708755493164 -4.575308322906494 -17.64596176147461
v -2.1126739978790283 -4.578956604003906 -17.658309936523438
v -1.9744819402694702 -4.5748610496521 -18.0550594329834
v -1.7693123817443848 -4.568812370300293 -18.53028106689453
v -1.7660845518112183 -4.566999912261963 -18.54424476623535
v -1.7602341175079346 -4.5611162185668945 -18.553245544433594
v -1.7543836832046509 -4.552901744842529 -18.55832290649414
v -1.7495418787002563 -4.539839267730713 -18.560283660888672
v -1.586132526397705 -4.157399654388428 -18.48250389099121
v -1.3234670162200928 -3.7371370792388916 -18.386489868164062
v -1.3182218074798584 -3.721956253051758 -18.382221221923828
v -1.6773189306259155 -3.7053163051605225 -17.622997283935547
v -1.5401357412338257 -3.704115867614746 -17.948774337768555
v -1.6700563430786133 -3.704139471054077 -17.63857650756836
v -1.7660845518112183 -4.566999912261963 -18.54424476623535
v -1.7693123817443848 -4.568812370300293 -18.53028106689453
v -1.9732714891433716 -4.571660041809082 -18.054712295532227
vn 0.8299040198326111 -0.4355672299861908 0.34862664341926575
vn 0.8262934684753418 -0.4146675169467926 0.3811691105365753
vn 0.8381582498550415 -0.3737228512763977 0.3972681760787964
vn 0.8215056657791138 -0.3663085103034973 0.43697428703308105
vn 0.8215056657791138 -0.3663085103034973 0.43697428703308105
vn 0.8340253829956055 -0.33167555928230286 0.4409002661705017
vn 0.8482057452201843 -0.3457254469394684 0.401274174451828
vn 0.8499018549919128 -0.3877601623535156 0.3568037748336792
vn 0.8530056476593018 -0.38088372349739075 0.3568037748336792
vn 0.8191075325012207 -0.42137885093688965 0.3892335295677185
vn 0.8263684511184692 -0.4422382116317749 0.34862664341926575
vn 0.8141829371452332 -0.4548298716545105 0.36088213324546814
vn 0.8141829371452332 -0.4548298716545105 0.36088213324546814
vn 0.8210516571998596 -0.4551642835140228 0.34452807903289795
vn 0.8158640265464783 -0.4485250413417816 0.3649536371231079
vn 0.8515253663063049 -0.3879357576370239 0.3527185618877411
vn 0.8884480595588684 -0.32515257596969604 0.3239381015300751
vn 0.8780790567398071 -0.3320806622505188 0.34452807903289795
vn 0.9139926433563232 -0.23872236907482147 0.3280687630176544
vn 0.8882965445518494 -0.30369338393211365 0.34452807903289795
vn 0.9287724494934082 -0.17248935997486115 0.3280687630176544
vn 0.9070050716400146 -0.25344932079315186 0.3363112509250641
vn 0.9422162771224976 -0.06781824678182602 0.3280687630176544
vn 0.9240280985832214 -0.2095213681459427 0.3198012113571167
vn 0.8757289052009583 -0.3464009165763855 0.3363112509250641
vn 0.8653714656829834 -0.3390543460845947 0.3690181374549866
vn 0.8697496652603149 -0.3321812152862549 0.3649536371231079
vn 0.8660611510276794 -0.34598007798194885 0.36088213324546814
vn 0.8697496652603149 -0.3321812152862549 0.3649536371231079
vn 0.8549283742904663 -0.3949584662914276 0.3363112509250641
vn 0.8146341443061829 -0.4754143953323364 0.33219319581985474
vn 0.7835683226585388 -0.46037757396698 0.417220801115036
vn 0.8095505833625793 -0.40062862634658813 0.42909738421440125
vn 0.8418900966644287 -0.40842464566230774 0.3527185618877411
vn 0.8196319341659546 -0.4347620904445648 0.37307560443878174
vn 0.8246822953224182 -0.4485527276992798 0.34452807903289795
vn 0.5025561451911926 0.8352547883987427 0.22312943637371063
vn 0.5025561451911926 0.8352547883987427 0.22312943637371063
vn 0.5025561451911926 0.8352547883987427 0.22312943637371063
v 1.9519835710525513 -4.546911239624023 -18.10738754272461
v 1.9692888259887695 -4.352933406829834 -17.806793212890625
v 2.073120594024658 -4.553599834442139 -17.760034561157227
v 2.073120594024658 -4.513466835021973 -17.719955444335938
v 1.99236261844635 -4.332866668701172 -17.719955444335938
v 1.8020044565200806 -3.964977741241455 -17.719955444335938
v 1.7731622457504272 -4.018488883972168 -17.893632888793945
v 1.6520252227783203 -3.7509331703186035 -17.713275909423828
v 1.5424250364303589 -3.704110860824585 -17.940391540527344
v 1.7154779434204102 -4.072000026702881 -18.10738754272461
v 1.8885308504104614 -4.4198222160339355 -18.10738754272461
v 1.5424250364303589 -3.704110860824585 -17.940391540527344
v 1.4616670608520508 -3.704110860824585 -18.10738754272461
v 1.5078145265579224 -3.7643110752105713 -18.10738754272461
v 1.3405300378799438 -3.704110860824585 -18.334505081176758
v 1.444361686706543 -3.8646442890167236 -18.374584197998047
v 1.4328248500823975 -3.8780221939086914 -18.421342849731445
v 1.6116461753845215 -4.172333240509033 -18.441381454467773
v 1.7616254091262817 -4.4934000968933105 -18.521541595458984
v 1.7789306640625 -4.553599834442139 -18.528221130371094
v 1.7443201541900635 -4.506777763366699 -18.561620712280273
v 1.5943409204483032 -4.185710906982422 -18.494821548461914
v 1.9519835710525513 -4.546911239624023 -18.10738754272461
v 1.7154779434204102 -4.072000026702881 -18.10738754272461
v 1.5078145265579224 -3.7643110752105713 -18.10738754272461
v 1.5424250364303589 -3.704110860824585 -17.940391540527344
v 1.8885308504104614 -4.4198222160339355 -18.10738754272461
v 1.7731622457504272 -4.018488883972168 -17.893632888793945
v 1.7154779434204102 -4.072000026702881 -18.10738754272461
v 1.9519835710525513 -4.546911239624023 -18.10738754272461
v 1.8885308504104614 -4.4198222160339355 -18.10738754272461
v 1.9692888259887695 -4.352933406829834 -17.806793212890625
v 1.4328248500823975 -3.8780221939086914 -18.421342849731445
v 1.3405300378799438 -3.704110860824585 -18.334505081176758
v 1.3462984561920166 -3.744244337081909 -18.381263732910156
v 1.7616254091262817 -4.4934000968933105 -18.521541595458984
v 1.7443201541900635 -4.506777763366699 -18.561620712280273
v 1.5943409204483032 -4.185710906982422 -18.494821548461914
v 1.5424250364303589 -3.704110860824585 -17.940391540527344
v 1.6520252227783203 -3.7509331703186035 -17.713275909423828
v 1.6058777570724487 -3.704110860824585 -17.753355026245117
vn 0.8595101833343506 0.3953559398651123 -0.3239381015300751
vn 0.8593044281005859 0.4024372100830078 -0.31565824151039124
vn 0.8638442754745483 0.3675234019756317 -0.34452807903289795
vn 0.8608596324920654 0.3744611144065857 -0.34452807903289795
vn 0.8559488654136658 0.4157942831516266 -0.30735430121421814
vn 0.8322033286094666 0.46957260370254517 -0.2948545813560486
vn 0.8267688751220703 0.46279633045196533 -0.3198012113571167
vn 0.7810770869255066 0.5590827465057373 -0.2781098484992981
vn 0.7716319561004639 0.5522173643112183 -0.31565824151039124
vn 0.8020550608634949 0.48197227716445923 -0.3527185618877411
vn 0.8500379323959351 0.40875816345214844 -0.33219319581985474
vn 0.7716319561004639 0.5522173643112183 -0.31565824151039124
vn 0.7240368723869324 0.5801596641540527 -0.37307560443878174
vn 0.7554277777671814 0.5441854000091553 -0.3649536371231079
vn 0.7373861074447632 0.5683929920196533 -0.3649536371231079
vn 0.7562860250473022 0.5317344665527344 -0.3811691105365753
vn 0.7615365982055664 0.5383549928665161 -0.36088213324546814
vn 0.7947871685028076 0.4879318177700043 -0.36088213324546814
vn 0.833370566368103 0.41509321331977844 -0.3649536371231079
vn 0.8736492395401001 0.3394060730934143 -0.34862664341926575
vn 0.8490155339241028 0.3741486668586731 -0.37307560443878174
vn 0.8008922338485718 0.4747425317764282 -0.3649536371231079
vn 0.8595101833343506 0.3953559398651123 -0.3239381015300751
vn 0.8020550608634949 0.48197227716445923 -0.3527185618877411
vn 0.7615365982055664 0.5383549928665161 -0.36088213324546814
vn 0.7716319561004639 0.5522173643112183 -0.31565824151039124
vn 0.8500379323959351 0.40875816345214844 -0.33219319581985474
vn 0.8289090991020203 0.4560414254665375 -0.3239381015300751
vn 0.8078911304473877 0.4751540422439575 -0.34862664341926575
vn 0.8610044121742249 0.3954726457595825 -0.3198012113571167
vn 0.8500379323959351 0.40875816345214844 -0.33219319581985474
vn 0.8593044281005859 0.4024372100830078 -0.31565824151039124
vn 0.7632437348365784 0.5386557579040527 -0.3568037748336792
vn 0.7391235828399658 0.5687358379364014 -0.36088213324546814
vn 0.752623975276947 0.5636216998100281 -0.34042292833328247
vn 0.8280354738235474 0.42211711406707764 -0.3690181374549866
vn 0.8379199504852295 0.39454546570777893 -0.37712597846984863
vn 0.8008922338485718 0.4747425317764282 -0.3649536371231079
vn 0.7736137509346008 0.5518004298210144 -0.31150925159454346
vn 0.7780763506889343 0.5653055906295776 -0.27391019463539124
vn 0.7641632556915283 0.5897347927093506 -0.2612801790237427
v 1.6723369359970093 -3.7009825706481934 -17.63926124572754
v 1.5395280122756958 -3.7009825706481934 -17.946273803710938
v 1.5395280122756958 -3.7009825706481934 -17.946273803710938
v 1.3245042562484741 -3.7009825706481934 -18.35811996459961
v 1.318179965019226 -3.7078957557678223 -18.36560821533203
v 1.318179965019226 -3.714808702468872 -18.373096466064453
v 1.5458523035049438 -3.7078957557678223 -17.946273803710938
v 1.318179965019226 -3.721721887588501 -18.380584716796875
v 1.5458523035049438 -3.721721887588501 -17.946273803710938
v 1.3245042562484741 -3.7355477809906006 -18.388072967529297
v 1.5521764755249023 -3.728634834289551 -17.95376205444336
v 1.5837976932525635 -4.157243728637695 -18.48541831970215
v 1.7608760595321655 -4.164156913757324 -18.006179809570312
v 1.748227596282959 -4.537461757659912 -18.560300827026367
v 1.9632514715194702 -4.537461757659912 -18.05110740661621
v 1.754551887512207 -4.551287651062012 -18.560300827026367
v 1.9695756435394287 -4.551287651062012 -18.05110740661621
v 1.7608760595321655 -4.558200836181641 -18.552812576293945
v 1.9695756435394287 -4.5651140213012695 -18.05110740661621
v 1.7672003507614136 -4.5651140213012695 -18.545324325561523
v 1.9758999347686768 -4.57202672958374 -18.05110740661621
v 1.773524522781372 -4.57202672958374 -18.53034782409668
v 1.9758999347686768 -4.57202672958374 -18.058595657348633
v 2.115032911300659 -4.578939914703369 -17.661725997924805
v 2.115032911300659 -4.57202672958374 -17.64674949645996
v 2.1213572025299072 -4.5651140213012695 -17.63926124572754
v 2.1213572025299072 -4.558200836181641 -17.631772994995117
v 2.1213572025299072 -4.544374942779541 -17.624284744262695
v 1.9506030082702637 -4.164156913757324 -17.616796493530273
v 1.6976337432861328 -3.728634834289551 -17.60930824279785
v 1.6913095712661743 -3.714808702468872 -17.60930824279785
v 1.6849853992462158 -3.7078957557678223 -17.616796493530273
v 1.6786611080169678 -3.7078957557678223 -17.624284744262695
v 1.6786611080169678 -3.7078957557678223 -17.624284744262695
v 1.5395280122756958 -3.7009825706481934 -17.946273803710938
v 1.6723369359970093 -3.7009825706481934 -17.63926124572754
vn -0.8299040198326111 -0.4355672299861908 0.34862664341926575
vn -0.8381582498550415 -0.3737228512763977 0.3972681760787964
vn -0.8262934684753418 -0.4146675169467926 0.3811691105365753
vn -0.8199620246887207 -0.3697510063648224 0.43697428703308105
vn -0.8230348825454712 -0.3628596067428589 0.43697428703308105
vn -0.8326230645179749 -0.3351801931858063 0.4409002661705017
vn -0.8496220111846924 -0.34223008155822754 0.401274174451828
vn -0.8095505833625793 -0.40062862634658813 0.42909738421440125
vn -0.8208265900611877 -0.4180203080177307 0.3892335295677185
vn -0.7854721546173096 -0.45712175965309143 0.417220801115036
vn -0.8160152435302734 -0.451534241437912 0.36088213324546814
vn -0.813052773475647 -0.4752262234687805 0.3363112509250641
vn -0.8210516571998596 -0.4551642835140228 0.34452807903289795
vn -0.851777195930481 -0.3982308804988861 0.34042292833328247
vn -0.8530829548835754 -0.3844985365867615 0.3527185618877411
vn -0.868395984172821 -0.33570414781570435 0.3649536371231079
vn -0.8780790567398071 -0.3320806622505188 0.34452807903289795
vn -0.8646551966667175 -0.34947893023490906 0.36088213324546814
vn -0.8882965445518494 -0.30369338393211365 0.34452807903289795
vn -0.9183511137962341 0.07161349803209305 0.3892335295677185
vn -0.9293373227119446 -0.1091868206858635 0.3527185618877411
vn -0.871164858341217 0.31440073251724243 0.37712597846984863
vn -0.8757289052009583 -0.3464009165763855 0.3363112509250641
vn -0.9231865406036377 -0.2131989449262619 0.3198012113571167
vn -0.9419381022453308 -0.07157889008522034 0.3280687630176544
vn -0.9280765056610107 -0.17619550228118896 0.3280687630176544
vn -0.9149382710456848 -0.23507195711135864 0.3280687630176544
vn -0.8884480595588684 -0.32515257596969604 0.3239381015300751
vn -0.8176755309104919 -0.4452141225337982 0.3649536371231079
vn -0.8160152435302734 -0.451534241437912 0.36088213324546814
vn -0.8263684511184692 -0.4422382116317749 0.34862664341926575
vn -0.8530056476593018 -0.38088372349739075 0.3568037748336792
vn -0.8499018549919128 -0.3877601623535156 0.3568037748336792
vn -0.8402361273765564 -0.4118165373802185 0.3527185618877411
vn -0.8213921189308167 -0.4314274191856384 0.37307560443878174
vn -0.8246822953224182 -0.4485527276992798 0.34452807903289795
v -0.8895286917686462 -3.736759901046753 -19.02540397644043
v -1.081585168838501 -3.717719316482544 -18.752826690673828
v -0.886099100112915 -3.744832992553711 -19.037521362304688
v -1.0840060710906982 -3.7245917320251465 -18.75490379333496
v -0.894370436668396 -3.7614495754241943 -19.057485580444336
v -1.0884443521499634 -3.7371835708618164 -18.758712768554688
v -0.9817238450050354 -3.9368412494659424 -19.176925659179688
v -1.2708172798156738 -3.9927868843078613 -18.84514808654785
v -1.381169080734253 -4.372472763061523 -18.964126586914062
v -1.0517276525497437 -4.118799686431885 -19.300289154052734
v -1.056972861289978 -4.133745193481445 -19.302711486816406
v -1.3852038383483887 -4.3834404945373535 -18.967357635498047
v -1.0630251169204712 -4.146642684936523 -19.300865173339844
v -1.3882299661636353 -4.39111328125 -18.96954917907715
v -1.0727086067199707 -4.15812873840332 -19.294288635253906
v -1.3916594982147217 -4.3961029052734375 -18.973011016845703
v -1.675305962562561 -4.576225757598877 -18.69927978515625
v -1.6664294004440308 -4.577332019805908 -18.7108211517334
v -1.68519127368927 -4.568058490753174 -18.690279006958008
v -1.6938660144805908 -4.557043552398682 -18.685894012451172
v -1.4989851713180542 -4.078105449676514 -18.565183639526367
v -1.2986574172973633 -3.733276605606079 -18.45647621154785
v -1.294420838356018 -3.722214698791504 -18.458438873291016
v -1.2871582508087158 -3.7139298915863037 -18.464439392089844
v -1.2782816886901855 -3.710564136505127 -18.474018096923828
v -1.079971194267273 -3.7127060890197754 -18.751325607299805
v -0.8949756622314453 -3.729769706726074 -19.02044105529785
v -0.05614073947072029 -3.729369640350342 -19.378877639770508
v -0.0627981573343277 -3.72772216796875 -19.37345314025879
v -0.28128257393836975 -3.7265689373016357 -19.304443359375
v -0.28087911009788513 -3.7236032485961914 -19.301904678344727
v -0.052711158990859985 -3.7324764728546143 -19.385454177856445
v -0.28188779950141907 -3.730334520339966 -19.307674407958984
v -0.051097240298986435 -3.7380309104919434 -19.393648147583008
v -0.282896488904953 -3.736571788787842 -19.3129825592041
v -0.060175541788339615 -3.960753917694092 -19.634374618530273
v -0.35209330916404724 -3.9477620124816895 -19.49370002746582
v -0.06441207975149155 -4.191997051239014 -19.852481842041016
v -0.39829176664352417 -4.18293571472168 -19.706615447998047
v -0.6434058547019958 -3.937453269958496 -19.358104705810547
v -0.5421323776245117 -3.7200727462768555 -19.18708038330078
v -0.5411236882209778 -3.714188814163208 -19.182348251342773
v -0.5403167605400085 -3.709575653076172 -19.17865562438965
v -0.5397115349769592 -3.7065865993499756 -19.176233291625977
v -0.700700044631958 -3.695265769958496 -19.086912155151367
v -0.7083661556243896 -3.6966779232025146 -19.084028244018555
v -0.715427041053772 -3.7001612186431885 -19.083911895751953
v -0.7216809988021851 -3.7054567337036133 -19.086912155151367
v -0.7259175181388855 -3.7118821144104004 -19.091758728027344
v -0.8354623317718506 -3.9243435859680176 -19.244089126586914
v -0.7053400874137878 -4.170955657958984 -19.559017181396484
v -0.9510594010353088 -4.154809951782227 -19.411651611328125
v -0.707155704498291 -4.179664134979248 -19.566057205200195
v -0.9526733160018921 -4.162364959716797 -19.419036865234375
v -0.707962691783905 -4.183053493499756 -19.56871223449707
v -0.9516646265983582 -4.166907787322998 -19.426538467407227
v -0.7083661556243896 -4.18491268157959 -19.57021141052246
v -0.40071266889572144 -4.196704387664795 -19.718387603759766
v -0.40030917525291443 -4.194186210632324 -19.71630859375
v -0.0855947807431221 -4.21226167678833 -19.865060806274414
v -0.07792866230010986 -4.209013938903809 -19.865983963012695
v -0.3995022177696228 -4.190349578857422 -19.712963104248047
v -0.07106950134038925 -4.204188823699951 -19.864484786987305
v -0.0662277415394783 -4.198563575744629 -19.859638214111328
v 0.8906250596046448 -3.736736536026001 -19.02540397644043
v 0.8869937658309937 -3.74480938911438 -19.037521362304688
v 1.0826815366744995 -3.717695713043213 -18.752826690673828
v 1.0851024389266968 -3.7245681285858154 -18.75490379333496
v 1.2882546186447144 -3.7139298915863037 -18.464439392089844
v 1.295719027519226 -3.722191095352173 -18.458438873291016
v 1.089540719985962 -3.7371602058410645 -18.758712768554688
v 1.2997537851333618 -3.733253002166748 -18.45647621154785
v 1.2721154689788818 -3.9927632808685303 -18.84514808654785
v 1.499476432800293 -4.078082084655762 -18.565183639526367
v 1.3731871843338013 -4.3724493980407715 -18.964126586914062
v 1.6951642036437988 -4.55702018737793 -18.685894012451172
v 0.8960720896720886 -3.729769706726074 -19.02044105529785
v 1.081067681312561 -3.7126824855804443 -18.751325607299805
v 1.279378056526184 -3.710564136505127 -18.474018096923828
v 0.8954668641090393 -3.7614259719848633 -19.057485580444336
v 0.9872585535049438 -3.9415719509124756 -19.18500328063965
v 1.053025722503662 -4.119764804840088 -19.300289154052734
v 1.0578675270080566 -4.133721351623535 -19.302711486816406
v 1.377423644065857 -4.383417129516602 -18.967357635498047
v 1.0641214847564697 -4.1466193199157715 -19.300865173339844
v 1.3802480697631836 -4.39111328125 -18.96954917907715
v 1.0738049745559692 -4.15810489654541 -19.294288635253906
v 1.38367760181427 -4.3960795402526855 -18.973011016845703
v 1.676604151725769 -4.576201915740967 -18.69927978515625
v 1.6675257682800293 -4.577332019805908 -18.7108211517334
v 1.6864893436431885 -4.568035125732422 -18.690279006958008
v 0.06369282305240631 -3.72772216796875 -19.37345314025879
v 0.2823789715766907 -3.7265689373016357 -19.304443359375
v 0.05723714083433151 -3.729369640350342 -19.378877639770508
v 0.05380756035447121 -3.7324764728546143 -19.385454177856445
v 0.28298419713974 -3.730334520339966 -19.307674407958984
v 0.052193641662597656 -3.7380309104919434 -19.393648147583008
v 0.2839928865432739 -3.736571788787842 -19.3129825592041
v 0.061877161264419556 -3.960753917694092 -19.634374618530273
v 0.35318970680236816 -3.9477620124816895 -19.49370002746582
v 0.06550847738981247 -4.191997051239014 -19.852481842041016
v 0.3993881940841675 -4.18293571472168 -19.706615447998047
v 0.6445022821426392 -3.937453269958496 -19.358104705810547
v 0.543228805065155 -3.721579074859619 -19.18708038330078
v 0.5422201156616211 -3.7156951427459717 -19.182348251342773
v 0.5414131283760071 -3.7111055850982666 -19.17865562438965
v 0.28177374601364136 -3.7235796451568604 -19.301904678344727
v 0.5408079028129578 -3.7080929279327393 -19.176233291625977
v 0.7017964124679565 -3.695265769958496 -19.086912155151367
v 0.7092608213424683 -3.6966543197631836 -19.084028244018555
v 0.7163217067718506 -3.7001612186431885 -19.083911895751953
v 0.7227774262428284 -3.7054567337036133 -19.086912155151367
v 0.7270139455795288 -3.7118821144104004 -19.091758728027344
v 0.8399883508682251 -3.9243199825286865 -19.244089126586914
v 0.7088573575019836 -4.170955657958984 -19.559017181396484
v 0.9521557688713074 -4.154786586761475 -19.411651611328125
v 0.7106729745864868 -4.179664134979248 -19.566057205200195
v 0.9539714455604553 -4.162364959716797 -19.419036865234375
v 0.7112782001495361 -4.183053493499756 -19.56871223449707
v 0.9527609944343567 -4.166907787322998 -19.426538467407227
v 0.7116817235946655 -4.184889316558838 -19.57021141052246
v 0.40201079845428467 -4.196704387664795 -19.718387603759766
v 0.40140557289123535 -4.194186210632324 -19.71630859375
v 0.08669117838144302 -4.21226167678833 -19.865060806274414
v 0.07902505993843079 -4.209013938903809 -19.865983963012695
v 0.40080034732818604 -4.19032621383667 -19.712963104248047
v 0.07216589897871017 -4.204188823699951 -19.864484786987305
v 0.06752587854862213 -4.198540210723877 -19.859638214111328
v -1.6960852146148682 -5.531559944152832 -18.764251708984375
v -1.695278286933899 -4.878854274749756 -18.767366409301758
v -1.385809063911438 -5.5292534828186035 -19.251358032226562
v -1.3864142894744873 -4.874640941619873 -19.24974250793457
v -1.019449234008789 -5.529630184173584 -19.683767318725586
v -1.0218701362609863 -4.87009859085083 -19.680419921875
v 1.7137242555618286 -5.53151273727417 -18.750402450561523
v 1.4034481048583984 -5.529206275939941 -19.237510681152344
v 1.7129173278808594 -4.874523639678955 -18.75351905822754
v 1.4042551517486572 -4.870310306549072 -19.23589515686035
v 1.0370882749557495 -5.529582977294922 -19.670034408569336
v 1.0395091772079468 -4.865767955780029 -19.66657257080078
v -0.8895286917686462 -3.736759901046753 -19.02540397644043
v -0.8949756622314453 -3.729769706726074 -19.02044105529785
v -1.081585168838501 -3.717719316482544 -18.752826690673828
v -0.9486384987831116 -4.167731285095215 -19.433345794677734
v -0.9516646265983582 -4.166907787322998 -19.426538467407227
v -0.7083661556243896 -4.18491268157959 -19.57021141052246
v -1.6938660144805908 -4.557043552398682 -18.685894012451172
v -1.4989851713180542 -4.078105449676514 -18.565183639526367
v -1.700119972229004 -4.544875621795654 -18.683008193969727
v 0.9497349262237549 -4.167731285095215 -19.433345794677734
v 0.7116817235946655 -4.184889316558838 -19.57021141052246
v 0.9527609944343567 -4.166907787322998 -19.426538467407227
v 1.701216459274292 -4.544875621795654 -18.683008193969727
v 1.499476432800293 -4.078082084655762 -18.565183639526367
v 1.6951642036437988 -4.55702018737793 -18.685894012451172
v 0.7266104817390442 -3.18919038772583 -18.203170776367188
v 0.9390426874160767 -3.3764443397521973 -18.249446868896484
v 0.7169269323348999 -3.182906150817871 -18.205364227294922
v 0.9368235468864441 -3.3767738342285156 -18.254871368408203
v 0.7084538340568542 -3.1798934936523438 -18.21078872680664
v 0.9327887296676636 -3.3774092197418213 -18.261795043945312
v 1.0814710855484009 -3.5258522033691406 -18.285913467407227
v 1.0834884643554688 -3.533548355102539 -18.29376220703125
v 0.9277452230453491 -3.378185987472534 -18.270681381225586
v 1.083085060119629 -3.537973165512085 -18.304954528808594
v 1.0784450769424438 -3.5391030311584473 -18.319034576416016
v 0.7970176935195923 -3.398050546646118 -18.485904693603516
v 0.9342009425163269 -3.5503296852111816 -18.592880249023438
v 0.857539713382721 -3.542586326599121 -18.686933517456055
v 0.8787224292755127 -3.5537190437316895 -18.68462371826172
v 1.076629400253296 -3.5167200565338135 -18.28083610534668
v 0.8488649129867554 -3.5409388542175293 -18.69074058532715
v 0.6777893900871277 -3.4120545387268066 -18.68462371826172
v 0.5785332918167114 -3.2545268535614014 -18.492136001586914
v 0.5714724063873291 -3.2600107192993164 -18.506444931030273
v 0.670324981212616 -3.413207769393921 -18.69754981994629
v 0.5696567296981812 -3.267707109451294 -18.515792846679688
v 0.6677023768424988 -3.4136080741882324 -18.701934814453125
v 0.7371009588241577 -3.5340425968170166 -18.855764389038086
v 0.7467844486236572 -3.536066770553589 -18.854148864746094
v 0.8488649129867554 -3.5409388542175293 -18.69074058532715
v 0.6380466222763062 -3.217080593109131 -18.366809844970703
v 0.7009894847869873 -3.18001127243042 -18.21990394592285
v 0.8488649129867554 -3.5409388542175293 -18.69074058532715
v 0.7641341090202332 -3.538114547729492 -18.846532821655273
v 0.7280226349830627 -3.5265817642211914 -18.853225708007812
v 0.7215669751167297 -3.5174968242645264 -18.84572410583496
v 0.6598345041275024 -3.4135608673095703 -18.714744567871094
v 0.5728845596313477 -3.2781336307525635 -18.527217864990234
v 0.5728845596313477 -3.2781336307525635 -18.527217864990234
v 0.6677023768424988 -3.4136080741882324 -18.701934814453125
v 0.5696567296981812 -3.267707109451294 -18.515792846679688
v -0.7255140542984009 -3.189213752746582 -18.203170776367188
v -0.7160322666168213 -3.182929754257202 -18.205364227294922
v -0.9379462599754333 -3.3764679431915283 -18.249446868896484
v -0.9359288811683655 -3.3767974376678467 -18.254871368408203
v -1.0755329132080078 -3.5167200565338135 -18.28083610534668
v -1.0803747177124023 -3.5258755683898926 -18.285913467407227
v -0.931692361831665 -3.3774092197418213 -18.261795043945312
v -1.0825939178466797 -3.53357195854187 -18.29376220703125
v -0.9266488552093506 -3.3782095909118652 -18.270681381225586
v -1.0819886922836304 -3.537973165512085 -18.304954528808594
v -1.0773485898971558 -3.5391266345977783 -18.319034576416016
v -0.7959213256835938 -3.398074150085449 -18.485904693603516
v -0.9333062767982483 -3.5503532886505127 -18.592880249023438
v -0.7073574662208557 -3.1798934936523438 -18.21078872680664
v -0.699893057346344 -3.180034637451172 -18.21990394592285
v -0.6369501948356628 -3.217080593109131 -18.366809844970703
v -0.5774369239807129 -3.2545268535614014 -18.492136001586914
v -0.6766929626464844 -3.4120781421661377 -18.68462371826172
v -0.5703759789466858 -3.2600343227386475 -18.506444931030273
v -0.6692286133766174 -3.413231372833252 -18.69754981994629
v -0.5685603618621826 -3.267707109451294 -18.515792846679688
v -0.6666060090065002 -3.4136080741882324 -18.701934814453125
v -0.7360045313835144 -3.5340425968170166 -18.855764389038086
v -0.7269262671470642 -3.5266053676605225 -18.853225708007812
v -0.7204705476760864 -3.5174968242645264 -18.84572410583496
v -0.6587381362915039 -3.4135844707489014 -18.714744567871094
v -0.5717881917953491 -3.2781336307525635 -18.527217864990234
v -0.8776260018348694 -3.5537424087524414 -18.68462371826172
v -0.8566450476646423 -3.542586326599121 -18.686933517456055
v -0.8477684855461121 -3.5409624576568604 -18.69074058532715
v -0.7456880807876587 -3.53609037399292 -18.854148864746094
v -0.8477684855461121 -3.5409624576568604 -18.69074058532715
v -0.8477684855461121 -3.5409624576568604 -18.69074058532715
v -0.7630376815795898 -3.538137912750244 -18.846532821655273
v -0.5685603618621826 -3.267707109451294 -18.515792846679688
v -0.6666060090065002 -3.4136080741882324 -18.701934814453125
v -0.5717881917953491 -3.2781336307525635 -18.527217864990234
vn 0.7398095726966858 -0.39155957102775574 0.5471406579017639
vn 0.7960442304611206 -0.21622830629348755 0.5652954578399658
vn 0.6574205756187439 -0.5614902377128601 0.5025205612182617
vn 0.7204932570457458 -0.4573282301425934 0.5212872624397278
vn 0.6378855109214783 -0.6085386276245117 0.4719987213611603
vn 0.7098742723464966 -0.48963814973831177 0.5062933564186096
vn 0.6974689364433289 -0.5458793640136719 0.4642767012119293
vn 0.7051131129264832 -0.515093207359314 0.48733407258987427
vn 0.7574867010116577 -0.42572543025016785 0.4949462115764618
vn 0.7847480773925781 -0.4472648799419403 0.42909738421440125
vn 0.7867209315299988 -0.35852938890457153 0.5025205612182617
vn 0.764552652835846 -0.3161776661872864 0.5616858005523682
vn 0.7859869003295898 -0.36535578966140747 0.4987381398677826
vn 0.7665202617645264 -0.4396471083164215 0.46814218163490295
vn 0.766708254814148 -0.5253418684005737 0.3690181374549866
vn 0.7438843250274658 -0.5432617664337158 0.3892335295677185
vn 0.7509713172912598 -0.32279664278030396 0.5760593414306641
vn 0.7474551796913147 -0.25198423862457275 0.6146662831306458
vn 0.7051997780799866 -0.09030436724424362 0.7032341957092285
vn 0.7238940596580505 -0.2443196177482605 0.6452018022537231
vn 0.7404884696006775 -0.45875221490859985 0.4911448359489441
vn 0.7390140891075134 -0.4651491343975067 0.48733407258987427
vn 0.7751943469047546 -0.30935582518577576 0.5507928133010864
vn 0.7520000338554382 -0.3782940208911896 0.5398051738739014
vn 0.739580512046814 -0.4117531478404999 0.5324283838272095
vn 0.735881507396698 -0.41832810640335083 0.5324283838272095
vn 0.8016766309738159 -0.19430820643901825 0.5652954578399658
vn 0.14091813564300537 -0.8764540553092957 0.46040233969688416
vn 0.1775689274072647 -0.7900784015655518 0.5867242813110352
vn 0.23006917536258698 -0.7373436689376831 0.6351318359375
vn 0.27330055832862854 -0.6462666988372803 0.7124928832054138
vn 0.19419044256210327 -0.7781623601913452 0.5972883701324463
vn 0.2631903290748596 -0.6735444068908691 0.6907016038894653
vn 0.2228398323059082 -0.7248650193214417 0.651853621006012
vn 0.2771686911582947 -0.6679137349128723 0.6907016038894653
vn 0.27764540910720825 -0.6838416457176208 0.67473965883255
vn 0.2897259294986725 -0.6723653674125671 0.681163489818573
vn 0.2812439799308777 -0.6949855089187622 0.661737859249115
vn 0.2947779595851898 -0.6636272072792053 0.6875353455543518
vn 0.3190167248249054 -0.6655484437942505 0.67473965883255
vn 0.3053518533706665 -0.6719275712966919 0.67473965883255
vn 0.32499969005584717 -0.6357717514038086 0.7001210451126099
vn 0.3277537524700165 -0.6204283833503723 0.7124928832054138
vn 0.32304832339286804 -0.6298667788505554 0.7063339352607727
vn 0.3676875829696655 -0.5714988112449646 0.7336177229881287
vn 0.3585297167301178 -0.5958809852600098 0.7185974717140198
vn 0.3227200508117676 -0.6670294404029846 0.6715083718299866
vn 0.2991013824939728 -0.7060860395431519 0.641857385635376
vn 0.32262763381004333 -0.6767676472663879 0.661737859249115
vn 0.3514325022697449 -0.658984363079071 0.6650074124336243
vn 0.33069974184036255 -0.6531875133514404 0.681163489818573
vn 0.3562238812446594 -0.6597026586532593 0.661737859249115
vn 0.33553141355514526 -0.6439827680587769 0.6875353455543518
vn 0.316679447889328 -0.7165245413780212 0.6215357780456543
vn 0.3227200508117676 -0.6670294404029846 0.6715083718299866
vn 0.20201213657855988 -0.8705373406410217 0.4487268626689911
vn 0.3288254141807556 -0.6474326252937317 0.6875353455543518
vn 0.30469876527786255 -0.6457469463348389 0.7001210451126099
vn 0.31136631965637207 -0.6322768330574036 0.7094202041625977
vn 0.31382355093955994 -0.6063644886016846 0.7306414246559143
vn 0.3073842525482178 -0.6202952861785889 0.7216291427612305
vn 0.2947779595851898 -0.6636272072792053 0.6875353455543518
vn 0.27814579010009766 -0.7146006226539612 0.641857385635376
vn 0.27671679854393005 -0.7443573474884033 0.607749879360199
vn -0.8067760467529297 -0.1314077526330948 0.5760593414306641
vn -0.6574205756187439 -0.5614902377128601 0.5025205612182617
vn -0.7619710564613342 -0.3406279981136322 0.5507928133010864
vn -0.7184654474258423 -0.4605073034763336 0.5212872624397278
vn -0.7536877989768982 -0.3749200701713562 0.5398051738739014
vn -0.776584804058075 -0.3058485686779022 0.5507928133010864
vn -0.712510883808136 -0.48969516158103943 0.5025205612182617
vn -0.74101722240448 -0.46195128560066223 0.48733407258987427
vn -0.7143188118934631 -0.5059276819229126 0.4835140109062195
vn -0.7422547936439514 -0.45175886154174805 0.4949462115764618
vn -0.7611527442932129 -0.4191356897354126 0.4949462115764618
vn -0.7135820984840393 -0.24812264740467072 0.6551609039306641
vn -0.8145020604133606 -0.09407658874988556 0.5724822878837585
vn -0.737738311290741 -0.41504475474357605 0.5324283838272095
vn -0.737738311290741 -0.41504475474357605 0.5324283838272095
vn -0.6354139447212219 -0.614078164100647 0.46814218163490295
vn -0.7018679976463318 -0.5435172319412231 0.46040233969688416
vn -0.7907537817955017 -0.44419512152671814 0.42118772864341736
vn -0.7937225103378296 -0.3690783381462097 0.4835140109062195
vn -0.7627881765365601 -0.32667601108551025 0.5580654144287109
vn -0.793361246585846 -0.37966856360435486 0.4758462607860565
vn -0.7651381492614746 -0.4461062550544739 0.4642767012119293
vn -0.7713512182235718 -0.5324253439903259 0.34862664341926575
vn -0.7412248253822327 -0.5497298240661621 0.3852050006389618
vn -0.7437153458595276 -0.33304938673973083 0.5796254277229309
vn -0.7414133548736572 -0.27699050307273865 0.6112139225006104
vn -0.6984866261482239 -0.09401828795671463 0.7094202041625977
vn -0.18124417960643768 -0.7892434000968933 0.5867242813110352
vn -0.23006917536258698 -0.7373436689376831 0.6351318359375
vn -0.14464278519153595 -0.8758471012115479 0.46040233969688416
vn -0.19419044256210327 -0.7781623601913452 0.5972883701324463
vn -0.2634531259536743 -0.6766738891601562 0.6875353455543518
vn -0.2228398323059082 -0.7248650193214417 0.651853621006012
vn -0.2806446850299835 -0.6664606928825378 0.6907016038894653
vn -0.27414852380752563 -0.6852510571479797 0.67473965883255
vn -0.2897259294986725 -0.6723653674125671 0.681163489818573
vn -0.2777470648288727 -0.6963903903961182 0.661737859249115
vn -0.29132795333862305 -0.6651489734649658 0.6875353455543518
vn -0.31249380111694336 -0.6718810200691223 0.6715083718299866
vn -0.3087802529335022 -0.6703589558601379 0.67473965883255
vn -0.3200760781764984 -0.6348329782485962 0.7032341957092285
vn -0.3295064866542816 -0.615963339805603 0.715552031993866
vn -0.27676719427108765 -0.6447896957397461 0.7124928832054138
vn -0.32304832339286804 -0.6298667788505554 0.7063339352607727
vn -0.36866295337677 -0.5631924271583557 0.7395281791687012
vn -0.35696321725845337 -0.5931514501571655 0.7216291427612305
vn -0.322412371635437 -0.6639101505279541 0.67473965883255
vn -0.2988894283771515 -0.7031214237213135 0.6452018022537231
vn -0.31922176480293274 -0.6783807873725891 0.661737859249115
vn -0.34475788474082947 -0.6625006794929504 0.6650074124336243
vn -0.33069974184036255 -0.6531875133514404 0.681163489818573
vn -0.3529033660888672 -0.6614848971366882 0.661737859249115
vn -0.3321828842163086 -0.6457163691520691 0.6875353455543518
vn -0.32012298703193665 -0.7149927020072937 0.6215357780456543
vn -0.31931954622268677 -0.6686639785766602 0.6715083718299866
vn -0.20201213657855988 -0.8705373406410217 0.4487268626689911
vn -0.3321828842163086 -0.6457163691520691 0.6875353455543518
vn -0.3081040382385254 -0.6441291570663452 0.7001210451126099
vn -0.30797797441482544 -0.6339341998100281 0.7094202041625977
vn -0.31047090888023376 -0.6080878973007202 0.7306414246559143
vn -0.3040023744106293 -0.6219597458839417 0.7216291427612305
vn -0.29132795333862305 -0.6651489734649658 0.6875353455543518
vn -0.2746291756629944 -0.7159594297409058 0.641857385635376
vn -0.27671679854393005 -0.7443573474884033 0.607749879360199
vn 0.8441405892372131 0 0.5361219048500061
vn 0.8417900204658508 0 0.5398051738739014
vn 0.8174078464508057 0 0.5760593414306641
vn 0.7914654612541199 0 0.6112139225006104
vn 0.7640122175216675 0 0.6452018022537231
vn 0.7640122175216675 0 0.6452018022537231
vn -0.844132125377655 0.003772314405068755 0.5361219048500061
vn -0.8173992037773132 0.003770856885239482 0.5760593414306641
vn -0.8417815566062927 0.003772542579099536 0.5398051738739014
vn -0.7914564609527588 -0.003773069242015481 0.6112139225006104
vn -0.7640029191970825 -0.003767983289435506 0.6452018022537231
vn -0.7640029191970825 -0.003767983289435506 0.6452018022537231
vn 0.8149382472038269 0.12773683667182922 0.5652954578399658
vn 0.8198823928833008 0.007542632985860109 0.5724822878837585
vn 0.819778323173523 0.015084628015756607 0.5724822878837585
vn -0.003775948192924261 -0.992782473564148 0.11986933648586273
vn 0.12226878851652145 -0.9395623803138733 0.3198012113571167
vn 0.009429805912077427 -0.9904982447624207 0.1372016966342926
vn -0.01689426600933075 -0.23740974068641663 0.9712626934051514
vn -0.01689426600933075 -0.23740974068641663 0.9712626934051514
vn -0.01689426600933075 -0.23740974068641663 0.9712626934051514
vn 0.003775948192924261 -0.992782473564148 0.11986933648586273
vn -0.0056579383090138435 -0.9905269742012024 0.1372016966342926
vn -0.11852674186229706 -0.9400417804718018 0.3198012113571167
vn 0.013144352473318577 -0.23764684796333313 0.9712626934051514
vn 0.013144352473318577 -0.23764684796333313 0.9712626934051514
vn 0.013144352473318577 -0.23764684796333313 0.9712626934051514
vn -0.5617839097976685 -0.7321310639381409 0.3852050006389618
vn -0.6049110293388367 -0.7274247407913208 0.3239381015300751
vn -0.5661795735359192 -0.7350205779075623 0.37307560443878174
vn -0.5753172039985657 -0.7058597207069397 0.41324591636657715
vn -0.544750988483429 -0.72283935546875 0.42514660954475403
vn -0.5743870735168457 -0.6995211243629456 0.42514660954475403
vn -0.5611953139305115 -0.6518452167510986 0.5100564956665039
vn -0.6115294694900513 -0.6795483231544495 0.405272513628006
vn -0.5929129123687744 -0.7114986181259155 0.37712597846984863
vn -0.6555938720703125 -0.6969245076179504 0.29067665338516235
vn -0.6126919984817505 -0.7112727165222168 0.34452807903289795
vn -0.525800883769989 -0.7500082850456238 0.401274174451828
vn -0.5289797186851501 -0.775551974773407 0.34452807903289795
vn -0.4562060832977295 -0.8002332448959351 0.3892335295677185
vn -0.47225624322891235 -0.8230029940605164 0.31565824151039124
vn -0.5807400941848755 -0.6660208702087402 0.46814218163490295
vn -0.4125727713108063 -0.8604456186294556 0.2990269064903259
vn -0.5029943585395813 -0.775697648525238 0.3811691105365753
vn -0.4584214389324188 -0.7738884091377258 0.43697428703308105
vn -0.2815406620502472 -0.8127589821815491 0.5100564956665039
vn -0.38677674531936646 -0.8056350946426392 0.4487268626689911
vn -0.020742304623126984 -0.7885144948959351 0.6146662831306458
vn -0.5511020421981812 -0.7636630535125732 0.3363112509250641
vn -0.4359453320503235 -0.7953317165374756 0.42118772864341736
vn -0.3758247196674347 -0.866675615310669 0.3280687630176544
vn -0.42234358191490173 -0.8571386337280273 0.2948545813560486
vn -0.526512086391449 -0.7362304925918579 0.42514660954475403
vn -0.5466145873069763 -0.7260435819625854 0.417220801115036
vn -0.37634211778640747 -0.8876253962516785 0.26549527049064636
vn -0.14478351175785065 -0.9877055883407593 0.058952588587999344
vn -0.6104398369789124 -0.7317355275154114 0.30319350957870483
vn -0.6219074726104736 -0.7271438241004944 0.29067665338516235
vn -0.5436632633209229 -0.7707645297050476 0.33219319581985474
vn -0.5263966917991638 -0.786111056804657 0.3239381015300751
vn 0.34039074182510376 -0.6448186039924622 0.6843559741973877
vn 0.34039074182510376 -0.6448186039924622 0.6843559741973877
vn 0.1201203241944313 -0.7487710118293762 0.651853621006012
vn 0.5617839097976685 -0.7321310639381409 0.3852050006389618
vn 0.5631876587867737 -0.7373155951499939 0.37307560443878174
vn 0.6049110293388367 -0.7274247407913208 0.3239381015300751
vn 0.5753172039985657 -0.7058597207069397 0.41324591636657715
vn 0.5807400941848755 -0.6660208702087402 0.46814218163490295
vn 0.5611953139305115 -0.6518452167510986 0.5100564956665039
vn 0.5743870735168457 -0.6995211243629456 0.42514660954475403
vn 0.6143295764923096 -0.6770179867744446 0.405272513628006
vn 0.5958071351051331 -0.7090767621994019 0.37712597846984863
vn 0.6528416872024536 -0.6995032429695129 0.29067665338516235
vn 0.6126919984817505 -0.7112727165222168 0.34452807903289795
vn 0.5227083563804626 -0.7521668672561646 0.401274174451828
vn 0.5289797186851501 -0.775551974773407 0.34452807903289795
vn 0.544750988483429 -0.72283935546875 0.42514660954475403
vn 0.5435967445373535 -0.7283058166503906 0.417220801115036
vn 0.526512086391449 -0.7362304925918579 0.42514660954475403
vn 0.4551714360713959 -0.7758044004440308 0.43697428703308105
vn 0.5029943585395813 -0.775697648525238 0.3811691105365753
vn 0.2815406620502472 -0.8127589821815491 0.5100564956665039
vn 0.38677674531936646 -0.8056350946426392 0.4487268626689911
vn 0.01697162352502346 -0.7886046767234802 0.6146662831306458
vn 0.5511020421981812 -0.7636630535125732 0.3363112509250641
vn 0.4392509460449219 -0.7935108542442322 0.42118772864341736
vn 0.6075361371040344 -0.7341481447219849 0.30319350957870483
vn 0.6190364360809326 -0.729589581489563 0.29067665338516235
vn 0.5405742526054382 -0.7729341387748718 0.33219319581985474
vn 0.5263966917991638 -0.786111056804657 0.3239381015300751
vn 0.47225624322891235 -0.8230029940605164 0.31565824151039124
vn 0.4594799876213074 -0.7983579635620117 0.3892335295677185
vn 0.4125727713108063 -0.8604456186294556 0.2990269064903259
vn 0.3792813718318939 -0.8651685118675232 0.3280687630176544
vn 0.42234358191490173 -0.8571386337280273 0.2948545813560486
vn 0.3798118829727173 -0.8861462473869324 0.26549527049064636
vn 0.14104847609996796 -0.9882459044456482 0.058952588587999344
vn -0.1201203241944313 -0.7487710118293762 0.651853621006012
vn -0.34039074182510376 -0.6448186039924622 0.6843559741973877
vn -0.34039074182510376 -0.6448186039924622 0.6843559741973877
v -0.626508891582489 -3.2827141284942627 -18.53484535217285
v -0.8110986351966858 -3.362980842590332 -18.501445770263672
v -0.8226354718208313 -3.235891819000244 -18.234251022338867
v -0.8514776229858398 -3.249269723892212 -18.227569580078125
v -0.9380040764808655 -3.309469699859619 -18.267648696899414
v -0.8226354718208313 -3.235891819000244 -18.234251022338867
v -0.9091619253158569 -3.403114080429077 -18.48140525817871
v -0.8110986351966858 -3.362980842590332 -18.501445770263672
v -0.805330216884613 -3.4098029136657715 -18.59496307373047
v -0.6207404732704163 -3.2960917949676514 -18.56156349182129
v -0.78802490234375 -3.550269603729248 -18.842119216918945
v -0.8226354718208313 -3.5770251750946045 -18.848798751831055
v -0.8918566703796387 -3.4633140563964844 -18.60832405090332
v -1.1514359712600708 -3.5569586753845215 -18.41460609436035
v -1.1341307163238525 -3.5168251991271973 -18.367847442626953
v -0.626508891582489 -3.2827141284942627 -18.53484535217285
v -1.0072252750396729 -3.563647508621216 -18.62168312072754
v -0.8572461009025574 -3.5770251750946045 -18.808719635009766
v -0.5053718686103821 -3.737558603286743 -19.296350479125977
v -0.7707196474075317 -3.8579585552215576 -19.282991409301758
v -0.8168670535087585 -3.737558603286743 -19.09595489501953
v -0.9380040764808655 -3.9516031742095947 -19.23623275756836
v -0.8457092046737671 -3.771003007888794 -19.10263442993164
v -0.6668878793716431 -4.158958435058594 -19.63034439086914
v -0.9206988215446472 -4.145580768585205 -19.456668853759766
v -0.8168670535087585 -3.737558603286743 -19.09595489501953
v -0.5053718686103821 -3.737558603286743 -19.296350479125977
v -0.5169087052345276 -3.7241806983947754 -19.222871780395508
v -0.5169087052345276 -3.7241806983947754 -19.222871780395508
v -0.25732937455177307 -3.7108030319213867 -19.316390991210938
v -0.5053718686103821 -3.737558603286743 -19.296350479125977
v -0.9206988215446472 -4.145580768585205 -19.456668853759766
v -0.9956883788108826 -4.118825435638428 -19.356470108032227
v -0.9783831238746643 -4.13889217376709 -19.396549224853516
v -0.9956883788108826 -4.118825435638428 -19.356470108032227
v -0.9380040764808655 -3.9516031742095947 -19.23623275756836
v -0.9206988215446472 -4.145580768585205 -19.456668853759766
v -0.5053718686103821 -3.737558603286743 -19.296350479125977
v -0.6668878793716431 -4.158958435058594 -19.63034439086914
v -0.4592244029045105 -4.011803150177002 -19.610305786132812
v -0.6668878793716431 -4.158958435058594 -19.63034439086914
v -0.7707196474075317 -3.8579585552215576 -19.282991409301758
v -0.5053718686103821 -3.737558603286743 -19.296350479125977
v -0.6668878793716431 -4.158958435058594 -19.63034439086914
v -0.4361506998538971 -4.172336578369141 -19.75726318359375
v -0.4592244029045105 -4.011803150177002 -19.610305786132812
v -0.04966587945818901 -3.7108030319213867 -19.356470108032227
v -0.05543430894613266 -3.938225269317627 -19.610305786132812
v -0.23425564169883728 -3.9516031742095947 -19.610305786132812
v -0.23425564169883728 -3.9516031742095947 -19.610305786132812
v -0.04966587945818901 -3.7108030319213867 -19.356470108032227
v -0.25732937455177307 -3.7108030319213867 -19.316390991210938
v -0.21118192374706268 -4.185714244842529 -19.850780487060547
v -0.23425564169883728 -3.9516031742095947 -19.610305786132812
v -0.05543430894613266 -3.938225269317627 -19.610305786132812
v -0.05543430894613266 -3.938225269317627 -19.610305786132812
v -0.21118192374706268 -4.185714244842529 -19.850780487060547
v -0.05543430894613266 -4.192403316497803 -19.877500534057617
v -0.4361506998538971 -4.172336578369141 -19.75726318359375
v -0.4592244029045105 -4.011803150177002 -19.610305786132812
v -0.23425564169883728 -3.9516031742095947 -19.610305786132812
v -0.23425564169883728 -3.9516031742095947 -19.610305786132812
v -0.4361506998538971 -4.172336578369141 -19.75726318359375
v -0.21118192374706268 -4.185714244842529 -19.850780487060547
v -1.3302572965621948 -3.9716696739196777 -18.728561401367188
v -1.520615577697754 -4.2659807205200195 -18.735240936279297
v -1.5609945058822632 -4.2258477210998535 -18.60832405090332
v -1.3071836233139038 -3.7442474365234375 -18.461366653442383
v -1.3937100172042847 -3.884714126586914 -18.50812530517578
v -1.2610361576080322 -3.7108030319213867 -18.48808479309082
v -1.209120273590088 -3.824514150619507 -18.71520233154297
v -1.1110570430755615 -3.717491865158081 -18.721881866455078
v -1.1629729270935059 -3.9315364360809326 -18.942317962646484
v -1.0533727407455444 -3.811136484146118 -18.942317962646484
v -0.9899199604988098 -3.958292007446289 -19.189472198486328
v -0.8860882520675659 -3.7643141746520996 -19.055875778198242
v -0.9322356581687927 -3.730869770050049 -18.955677032470703
v -0.8918566703796387 -3.737558603286743 -19.015796661376953
v -1.5609945058822632 -4.2258477210998535 -18.60832405090332
v -1.3302572965621948 -3.9716696739196777 -18.728561401367188
v -1.2725729942321777 -4.058625221252441 -18.942317962646484
v -1.0764464139938354 -4.07200288772583 -19.20951271057129
v -1.1802781820297241 -4.205780982971191 -19.229551315307617
v -1.0764464139938354 -4.145580768585205 -19.296350479125977
v -1.0533727407455444 -4.125514030456543 -19.296350479125977
v -1.520615577697754 -4.2659807205200195 -18.735240936279297
v -1.4513943195343018 -4.3395586013793945 -18.942317962646484
v -1.6821315288543701 -4.553603172302246 -18.741920471191406
v -1.5263839960098267 -4.49340295791626 -18.942317962646484
v -1.6071419715881348 -4.553603172302246 -18.875518798828125
v -1.4167838096618652 -4.393069744110107 -19.049196243286133
v -1.6878999471664429 -4.520158767700195 -18.701841354370117
v -0.4592244029045105 -4.011803150177002 -19.610305786132812
v -0.5053718686103821 -3.737558603286743 -19.296350479125977
v -0.23425564169883728 -3.9516031742095947 -19.610305786132812
v -0.25732937455177307 -3.7108030319213867 -19.316390991210938
v -0.04966587945818901 -3.7108030319213867 -19.356470108032227
v -0.03236059099435806 -3.7241806983947754 -19.369829177856445
v -0.05543430894613266 -3.938225269317627 -19.610305786132812
v -0.026592159643769264 -3.938225269317627 -19.610305786132812
v -0.03236059099435806 -4.172336578369141 -19.857460021972656
v -0.05543430894613266 -4.192403316497803 -19.877500534057617
v 0.8502091765403748 -3.249269723892212 -18.227569580078125
v 0.8213670253753662 -3.235891819000244 -18.234251022338867
v 0.9367356300354004 -3.309469699859619 -18.267648696899414
v 0.9078934788703918 -3.403114080429077 -18.48140525817871
v 1.1328623294830322 -3.5168251991271973 -18.367847442626953
v 1.1559360027313232 -3.5569586753845215 -18.41460609436035
v 0.8905882239341736 -3.4633140563964844 -18.60832405090332
v 1.005956768989563 -3.563647508621216 -18.62168312072754
v 0.8559776544570923 -3.5770251750946045 -18.808719635009766
v 0.8271355032920837 -3.5770251750946045 -18.848798751831055
v 0.8098301887512207 -3.4098029136657715 -18.59496307373047
v 0.7867564558982849 -3.550269603729248 -18.842119216918945
v 0.6194720268249512 -3.2960917949676514 -18.56156349182129
v 0.8098301887512207 -3.362980842590332 -18.501445770263672
v 0.6252404451370239 -3.2827141284942627 -18.53484535217285
v 0.031092140823602676 -3.7241806983947754 -19.369829177856445
v 0.054165858775377274 -3.938225269317627 -19.610305786132812
v 0.048397429287433624 -3.7108030319213867 -19.356470108032227
v 0.2329871952533722 -3.9516031742095947 -19.610305786132812
v 0.2560608983039856 -3.7108030319213867 -19.316390991210938
v 0.504103422164917 -3.737558603286743 -19.296350479125977
v 0.5214086771011353 -3.7241806983947754 -19.222871780395508
v 0.8155986070632935 -3.737558603286743 -19.09595489501953
v 0.031092140823602676 -4.172336578369141 -19.857460021972656
v 0.054165858775377274 -4.192403316497803 -19.877500534057617
v 0.2099134773015976 -4.185714244842529 -19.850780487060547
v 0.434882253408432 -4.179025173187256 -19.75726318359375
v 0.4579559564590454 -4.011803150177002 -19.610305786132812
v 0.6713878512382507 -4.158958435058594 -19.63034439086914
v 0.7694512009620667 -3.8579585552215576 -19.282991409301758
v 0.9367356300354004 -3.9516031742095947 -19.23623275756836
v 0.844440758228302 -3.771003007888794 -19.10263442993164
v 0.9194303750991821 -4.145580768585205 -19.456668853759766
v 0.9944199323654175 -4.118825435638428 -19.356470108032227
v 0.9771146774291992 -4.13889217376709 -19.396549224853516
v 1.305915117263794 -3.7442474365234375 -18.461366653442383
v 1.259767770767212 -3.7108030319213867 -18.48808479309082
v 1.3924416303634644 -3.884714126586914 -18.50812530517578
v 1.2078518867492676 -3.824514150619507 -18.71520233154297
v 1.3289889097213745 -3.9716696739196777 -18.728561401367188
v 1.5597261190414429 -4.2258477210998535 -18.60832405090332
v 1.1097885370254517 -3.717491865158081 -18.721881866455078
v 0.9309672117233276 -3.730869770050049 -18.955677032470703
v 1.0578726530075073 -3.811136484146118 -18.942317962646484
v 0.8905882239341736 -3.737558603286743 -19.015796661376953
v 0.8905882239341736 -3.7643141746520996 -19.055875778198242
v 0.9886515140533447 -3.958292007446289 -19.189472198486328
v 1.161704421043396 -3.9315364360809326 -18.942317962646484
v 1.080946445465088 -4.07200288772583 -19.20951271057129
v 1.2713046073913574 -4.058625221252441 -18.942317962646484
v 1.1790096759796143 -4.205780982971191 -19.229551315307617
v 1.4155153036117554 -4.393069744110107 -19.049196243286133
v 1.4501259326934814 -4.3395586013793945 -18.942317962646484
v 1.5308839082717896 -4.49340295791626 -18.942317962646484
v 1.6923999786376953 -4.553603172302246 -18.741920471191406
v 1.3289889097213745 -3.9716696739196777 -18.728561401367188
v 1.0751780271530151 -4.145580768585205 -19.296350479125977
v 1.519347071647644 -4.2659807205200195 -18.735240936279297
v 1.6866315603256226 -4.520158767700195 -18.701841354370117
v 1.1097885370254517 -3.717491865158081 -18.721881866455078
v 1.161704421043396 -3.9315364360809326 -18.942317962646484
v 1.2078518867492676 -3.824514150619507 -18.71520233154297
v 1.161704421043396 -3.9315364360809326 -18.942317962646484
v 1.2078518867492676 -3.824514150619507 -18.71520233154297
v 1.3289889097213745 -3.9716696739196777 -18.728561401367188
v 1.2713046073913574 -4.058625221252441 -18.942317962646484
v 1.519347071647644 -4.2659807205200195 -18.735240936279297
v 1.3289889097213745 -3.9716696739196777 -18.728561401367188
v 1.6923999786376953 -4.553603172302246 -18.741920471191406
v 1.6116420030593872 -4.553603172302246 -18.875518798828125
v 1.5308839082717896 -4.49340295791626 -18.942317962646484
v 1.519347071647644 -4.2659807205200195 -18.735240936279297
v 1.4501259326934814 -4.3395586013793945 -18.942317962646484
v 1.6923999786376953 -4.553603172302246 -18.741920471191406
v 1.6116420030593872 -4.172336578369141 -18.441326141357422
v 1.5943366289138794 -4.185714244842529 -18.494766235351562
v 1.4328206777572632 -3.8780252933502197 -18.421287536621094
v 0.9886515140533447 -3.958292007446289 -19.189472198486328
v 1.0521042346954346 -4.125514030456543 -19.296350479125977
v 1.080946445465088 -4.07200288772583 -19.20951271057129
v 1.0751780271530151 -4.145580768585205 -19.296350479125977
v 1.0521042346954346 -4.125514030456543 -19.296350479125977
v 1.080946445465088 -4.07200288772583 -19.20951271057129
v 0.054165858775377274 -3.938225269317627 -19.610305786132812
v 0.031092140823602676 -3.7241806983947754 -19.369829177856445
v 0.031092140823602676 -3.938225269317627 -19.610305786132812
v 0.031092140823602676 -4.172336578369141 -19.857460021972656
v 0.031092140823602676 -3.938225269317627 -19.610305786132812
v 0.054165858775377274 -3.938225269317627 -19.610305786132812
v 0.8098301887512207 -3.362980842590332 -18.501445770263672
v 0.6194720268249512 -3.2960917949676514 -18.56156349182129
v 0.8098301887512207 -3.4098029136657715 -18.59496307373047
v 0.9078934788703918 -3.403114080429077 -18.48140525817871
v 0.8905882239341736 -3.4633140563964844 -18.60832405090332
v 0.8098301887512207 -3.4098029136657715 -18.59496307373047
v 1.1559360027313232 -3.5569586753845215 -18.41460609436035
v 0.8905882239341736 -3.4633140563964844 -18.60832405090332
v 1.005956768989563 -3.563647508621216 -18.62168312072754
v -1.0533727407455444 -3.811136484146118 -18.942317962646484
v -0.9322356581687927 -3.730869770050049 -18.955677032470703
v -0.8860882520675659 -3.7643141746520996 -19.055875778198242
v -1.520615577697754 -4.975003242492676 -19.323070526123047
v -1.5725313425064087 -5.035203456878662 -19.26963233947754
v -1.4110153913497925 -5.155603408813477 -19.603626251220703
v -1.4686996936798096 -5.43653678894043 -19.603626251220703
v -1.2552677392959595 -5.276003360748291 -19.910900115966797
v -1.1745097637176514 -5.0619587898254395 -19.910900115966797
v -1.1514359712600708 -5.028514385223389 -19.910900115966797
v -1.2552677392959595 -4.975003242492676 -19.73722267150879
v -1.3475626707077026 -4.975003242492676 -19.603626251220703
v -1.4110153913497925 -5.155603408813477 -19.603626251220703
v -1.1745097637176514 -5.0619587898254395 -19.910900115966797
v -1.4686996936798096 -5.43653678894043 -19.603626251220703
v -1.5725313425064087 -5.035203456878662 -19.26963233947754
v -1.635984182357788 -5.389714241027832 -19.26963233947754
v -1.2552677392959595 -5.276003360748291 -19.910900115966797
v -1.3071836233139038 -5.503425598144531 -19.904220581054688
v -1.4686996936798096 -5.43653678894043 -19.603626251220703
v -1.3071836233139038 -5.503425598144531 -19.904220581054688
v -1.4686996936798096 -5.530180931091309 -19.603626251220703
v -1.3360257148742676 -5.536870002746582 -19.850780487060547
v -1.4686996936798096 -5.530180931091309 -19.603626251220703
v -1.4686996936798096 -5.43653678894043 -19.603626251220703
v -1.3071836233139038 -5.503425598144531 -19.904220581054688
v -1.2552677392959595 -4.975003242492676 -19.73722267150879
v -1.1514359712600708 -5.028514385223389 -19.910900115966797
v -1.1572043895721436 -4.975003242492676 -19.870820999145508
v -1.520615577697754 -4.975003242492676 -19.323070526123047
v -1.3475626707077026 -4.975003242492676 -19.603626251220703
v -1.4110153913497925 -5.155603408813477 -19.603626251220703
v -1.4686996936798096 -5.43653678894043 -19.603626251220703
v -1.6071419715881348 -5.523492336273193 -19.329750061035156
v -1.4686996936798096 -5.530180931091309 -19.603626251220703
v -1.635984182357788 -5.389714241027832 -19.26963233947754
v -1.4686996936798096 -5.43653678894043 -19.603626251220703
v -1.6071419715881348 -5.523492336273193 -19.329750061035156
v -1.635984182357788 -5.476669788360596 -19.26963233947754
v -1.6071419715881348 -5.523492336273193 -19.329750061035156
v -1.635984182357788 -5.389714241027832 -19.26963233947754
v 1.5712629556655884 -5.035203456878662 -19.26963233947754
v 1.6347156763076782 -5.389714241027832 -19.26963233947754
v 1.4674311876296997 -5.43653678894043 -19.603626251220703
v 1.6116420030593872 -5.523492336273193 -19.329750061035156
v 1.4674311876296997 -5.43653678894043 -19.603626251220703
v 1.4097468852996826 -5.155603408813477 -19.603626251220703
v 1.5712629556655884 -5.035203456878662 -19.26963233947754
v 1.4674311876296997 -5.43653678894043 -19.603626251220703
v 1.2539993524551392 -5.276003360748291 -19.910900115966797
v 1.305915117263794 -5.503425598144531 -19.904220581054688
v 1.4731996059417725 -5.530180931091309 -19.603626251220703
v 1.3347573280334473 -5.536870002746582 -19.850780487060547
v 1.2539993524551392 -5.276003360748291 -19.910900115966797
v 1.4674311876296997 -5.43653678894043 -19.603626251220703
v 1.4097468852996826 -5.155603408813477 -19.603626251220703
v 1.1732412576675415 -5.0619587898254395 -19.910900115966797
v 1.259767770767212 -4.975003242492676 -19.73722267150879
v 1.3462941646575928 -4.975003242492676 -19.603626251220703
v 1.1559360027313232 -5.028514385223389 -19.910900115966797
v 1.1559360027313232 -4.975003242492676 -19.870820999145508
v 1.1732412576675415 -5.0619587898254395 -19.910900115966797
v 1.3462941646575928 -4.975003242492676 -19.603626251220703
v 1.4097468852996826 -5.155603408813477 -19.603626251220703
v 1.2539993524551392 -5.276003360748291 -19.910900115966797
v 1.4097468852996826 -5.155603408813477 -19.603626251220703
v 1.1732412576675415 -5.0619587898254395 -19.910900115966797
v 1.305915117263794 -5.503425598144531 -19.904220581054688
v 1.4674311876296997 -5.43653678894043 -19.603626251220703
v 1.4731996059417725 -5.530180931091309 -19.603626251220703
v 1.259767770767212 -4.975003242492676 -19.73722267150879
v 1.1559360027313232 -5.028514385223389 -19.910900115966797
v 1.1732412576675415 -5.0619587898254395 -19.910900115966797
v 1.519347071647644 -4.975003242492676 -19.323070526123047
v 1.5712629556655884 -5.035203456878662 -19.26963233947754
v 1.4097468852996826 -5.155603408813477 -19.603626251220703
v 1.4097468852996826 -5.155603408813477 -19.603626251220703
v 1.519347071647644 -4.975003242492676 -19.323070526123047
v 1.3462941646575928 -4.975003242492676 -19.603626251220703
v 1.6116420030593872 -5.523492336273193 -19.329750061035156
v 1.4731996059417725 -5.530180931091309 -19.603626251220703
v 1.4674311876296997 -5.43653678894043 -19.603626251220703
v 1.6347156763076782 -5.476669788360596 -19.26963233947754
v 1.6347156763076782 -5.389714241027832 -19.26963233947754
v 1.6116420030593872 -5.523492336273193 -19.329750061035156
vn -0.41460660099983215 0.8087201118469238 -0.417220801115036
vn -0.4177781939506531 0.8091287016868591 -0.41324591636657715
vn -0.4128490388393402 0.8156653046607971 -0.405272513628006
vn -0.4114561080932617 0.8183415532112122 -0.401274174451828
vn -0.45927515625953674 0.7904558777809143 -0.405272513628006
vn -0.4128490388393402 0.8156653046607971 -0.405272513628006
vn -0.4897174835205078 0.7677268981933594 -0.41324591636657715
vn -0.4177781939506531 0.8091287016868591 -0.41324591636657715
vn -0.4292694628238678 0.783818781375885 -0.4487268626689911
vn -0.40899473428726196 0.7989557385444641 -0.4409002661705017
vn -0.4384784996509552 0.7695347666740417 -0.4642767012119293
vn -0.48047980666160583 0.7416077256202698 -0.46814218163490295
vn -0.5126734375953674 0.7319905161857605 -0.4487268626689911
vn -0.562532901763916 0.7183734774589539 -0.40926313400268555
vn -0.5660573840141296 0.7245204448699951 -0.3932546079158783
vn -0.41460660099983215 0.8087201118469238 -0.417220801115036
vn -0.5520604848861694 0.7052420377731323 -0.44481781125068665
vn -0.5420448184013367 0.6978755593299866 -0.46814218163490295
vn -0.25483086705207825 0.8307162523269653 -0.4949462115764618
vn -0.41056299209594727 0.6607605814933777 -0.6283578276634216
vn -0.3530115485191345 0.8374423384666443 -0.417220801115036
vn -0.5215208530426025 0.6228294968605042 -0.5831804275512695
vn -0.5524134039878845 0.6563831567764282 -0.5138099193572998
vn -0.39287543296813965 0.635148823261261 -0.6650074124336243
vn -0.5188156366348267 0.6081819534301758 -0.6007870435714722
vn -0.2824400067329407 0.8936929702758789 -0.34862664341926575
vn -0.2478005439043045 0.848196804523468 -0.46814218163490295
vn -0.11673475801944733 0.9758501052856445 -0.18463370203971863
vn -0.11673475801944733 0.9758501052856445 -0.18463370203971863
vn -0.12788666784763336 0.8701812028884888 -0.4758462607860565
vn -0.24408897757530212 0.851391613483429 -0.4642767012119293
vn -0.5302150249481201 0.5982699990272522 -0.6007870435714722
vn -0.5876041650772095 0.5609117150306702 -0.5831804275512695
vn -0.6088135838508606 0.5300403833389282 -0.590256929397583
vn -0.585477888584137 0.5667892098426819 -0.5796254277229309
vn -0.5305150747299194 0.6185370683670044 -0.5796254277229309
vn -0.5278062224388123 0.6038767695426941 -0.5972883701324463
vn -0.2693200707435608 0.8215472102165222 -0.5025205612182617
vn -0.39287543296813965 0.635148823261261 -0.6650074124336243
vn -0.2881743013858795 0.6599403023719788 -0.6938546895980835
vn -0.3892624080181122 0.6339539885520935 -0.6682642698287964
vn -0.39566439390182495 0.6601261496543884 -0.6385006904602051
vn -0.2621305584907532 0.8238693475723267 -0.5025205612182617
vn -0.3892624080181122 0.6339539885520935 -0.6682642698287964
vn -0.264924019575119 0.639583170413971 -0.7216291427612305
vn -0.2865881621837616 0.6573171615600586 -0.6969945430755615
vn -0.08297824114561081 0.7509186863899231 -0.6551609039306641
vn -0.07170411944389343 0.7256138324737549 -0.6843559741973877
vn -0.13900431990623474 0.7157756090164185 -0.6843559741973877
vn -0.13900431990623474 0.7157756090164185 -0.6843559741973877
vn -0.09048695862293243 0.7500509023666382 -0.6551609039306641
vn -0.13159532845020294 0.8477511405944824 -0.5138099193572998
vn -0.12782642245292664 0.7055912613868713 -0.6969945430755615
vn -0.13900431990623474 0.7157756090164185 -0.6843559741973877
vn -0.07170411944389343 0.7256138324737549 -0.6843559741973877
vn -0.07170411944389343 0.7256138324737549 -0.6843559741973877
vn -0.13525770604610443 0.7042044997215271 -0.6969945430755615
vn -0.08860796689987183 0.717690646648407 -0.6907016038894653
vn -0.25627949833869934 0.6396932005882263 -0.7246471047401428
vn -0.2796427607536316 0.6603018641471863 -0.6969945430755615
vn -0.13900431990623474 0.7157756090164185 -0.6843559741973877
vn -0.13900431990623474 0.7157756090164185 -0.6843559741973877
vn -0.2579316198825836 0.6424348950386047 -0.7216291427612305
vn -0.14267395436763763 0.7027394771575928 -0.6969945430755615
vn -0.7401688694953918 0.5209609866142273 -0.42514660954475403
vn -0.7653126120567322 0.4832669794559479 -0.42514660954475403
vn -0.7635506391525269 0.4894807040691376 -0.42118772864341736
vn -0.6966651082038879 0.5807396769523621 -0.42118772864341736
vn -0.7060273885726929 0.5633832812309265 -0.42909738421440125
vn -0.6797770857810974 0.5890302062034607 -0.43697428703308105
vn -0.6748053431510925 0.5947194695472717 -0.43697428703308105
vn -0.6353515386581421 0.6420310735702515 -0.42909738421440125
vn -0.6702113747596741 0.5821051597595215 -0.46040233969688416
vn -0.5626509189605713 0.6787054538726807 -0.4719987213611603
vn -0.6285658478736877 0.5871518850326538 -0.5100564956665039
vn -0.5610417723655701 0.6663399338722229 -0.4911448359489441
vn -0.5568448305130005 0.6887459754943848 -0.4642767012119293
vn -0.6601841449737549 0.5747791528701782 -0.4835140109062195
vn -0.7635506391525269 0.4894807040691376 -0.42118772864341736
vn -0.7357961535453796 0.5271189212799072 -0.42514660954475403
vn -0.7172832489013672 0.5230051875114441 -0.46040233969688416
vn -0.6544058322906494 0.5650010108947754 -0.5025205612182617
vn -0.6791836619377136 0.5419758558273315 -0.4949462115764618
vn -0.6466418504714966 0.5705448389053345 -0.5062933564186096
vn -0.6516166925430298 0.5648563504219055 -0.5062933564186096
vn -0.7653126120567322 0.4832669794559479 -0.42514660954475403
vn -0.7716046571731567 0.4469393193721771 -0.45262736082077026
vn -0.7686986923217773 0.467071533203125 -0.43697428703308105
vn -0.7702249884605408 0.4570454955101013 -0.44481781125068665
vn -0.7298294901847839 0.5620019435882568 -0.3892335295677185
vn -0.7580783367156982 0.45003828406333923 -0.4719987213611603
vn -0.7764366269111633 0.4540921449661255 -0.43697428703308105
vn -0.2812361419200897 0.6629267334938049 -0.6938546895980835
vn -0.25483086705207825 0.8307162523269653 -0.4949462115764618
vn -0.13900431990623474 0.7157756090164185 -0.6843559741973877
vn -0.13159532845020294 0.8477511405944824 -0.5138099193572998
vn -0.08297824114561081 0.7509186863899231 -0.6551609039306641
vn -0.05850197374820709 0.7445419430732727 -0.6650074124336243
vn -0.07170411944389343 0.7256138324737549 -0.6843559741973877
vn -0.06228999048471451 0.7324566841125488 -0.677958071231842
vn -0.0660586804151535 0.7201163172721863 -0.6907016038894653
vn -0.08860796689987183 0.717690646648407 -0.6907016038894653
vn 0.4114561080932617 0.8183415532112122 -0.401274174451828
vn 0.4162127673625946 0.8139539957046509 -0.405272513628006
vn 0.46253442764282227 0.7885531783103943 -0.405272513628006
vn 0.47187960147857666 0.7745518088340759 -0.42118772864341736
vn 0.5630772709846497 0.7268388867378235 -0.3932546079158783
vn 0.5655015110969543 0.7160389423370361 -0.40926313400268555
vn 0.5114376544952393 0.739922285079956 -0.43697428703308105
vn 0.5490816831588745 0.7075637578964233 -0.44481781125068665
vn 0.5390569567680359 0.7001860737800598 -0.46814218163490295
vn 0.4836452603340149 0.7395472526550293 -0.46814218163490295
vn 0.4323347806930542 0.7865707874298096 -0.4409002661705017
vn 0.4351942539215088 0.7713968753814697 -0.4642767012119293
vn 0.40563100576400757 0.8006687760353088 -0.4409002661705017
vn 0.41930508613586426 0.8042289018630981 -0.42118772864341736
vn 0.41460660099983215 0.8087201118469238 -0.417220801115036
vn 0.062267791479825974 0.7442364692687988 -0.6650074124336243
vn 0.062241632491350174 0.7294808030128479 -0.681163489818573
vn 0.08297824114561081 0.7509186863899231 -0.6551609039306641
vn 0.14086151123046875 0.721478283405304 -0.677958071231842
vn 0.12980517745018005 0.8569777607917786 -0.4987381398677826
vn 0.2529261112213135 0.8126449584960938 -0.5250110030174255
vn 0.11673475801944733 0.9758501052856445 -0.18463370203971863
vn 0.4020882248878479 0.7845650315284729 -0.4719987213611603
vn 0.06982200592756271 0.7197611927986145 -0.6907016038894653
vn 0.08485520631074905 0.7181440591812134 -0.6907016038894653
vn 0.13525770604610443 0.7042044997215271 -0.6969945430755615
vn 0.2597828805446625 0.6382784843444824 -0.7246471047401428
vn 0.2865881621837616 0.6573171615600586 -0.6969945430755615
vn 0.4007079005241394 0.633668839931488 -0.661737859249115
vn 0.4287591576576233 0.6620807647705078 -0.6146662831306458
vn 0.5006668567657471 0.6364647150039673 -0.5867242813110352
vn 0.5524134039878845 0.6563831567764282 -0.5138099193572998
vn 0.5216829776763916 0.6057241559028625 -0.6007870435714722
vn 0.5876041650772095 0.5609117150306702 -0.5831804275512695
vn 0.6063252687454224 0.532884955406189 -0.590256929397583
vn 0.6942425966262817 0.583633542060852 -0.42118772864341736
vn 0.6797770857810974 0.5890302062034607 -0.43697428703308105
vn 0.7036644816398621 0.5663318037986755 -0.42909738421440125
vn 0.6723724603652954 0.6003262400627136 -0.43303996324539185
vn 0.7200902700424194 0.5483797788619995 -0.42514660954475403
vn 0.7876307368278503 0.48088976740837097 -0.3852050006389618
vn 0.6433585286140442 0.6340072751045227 -0.42909738421440125
vn 0.5223633050918579 0.741442859172821 -0.42118772864341736
vn 0.5827568769454956 0.6615221500396729 -0.4719987213611603
vn 0.5300397872924805 0.7044678926467896 -0.4719987213611603
vn 0.5342608094215393 0.6595571041107178 -0.528724730014801
vn 0.6362505555152893 0.5788156986236572 -0.5100564956665039
vn 0.6701893210411072 0.5941240787506104 -0.44481781125068665
vn 0.6519308686256409 0.5678549408912659 -0.5025205612182617
vn 0.7311742901802063 0.5172246098518372 -0.44481781125068665
vn 0.6815322637557983 0.5390195250511169 -0.4949462115764618
vn 0.7561424970626831 0.4532832205295563 -0.4719987213611603
vn 0.7721454501152039 0.4537934958934784 -0.44481781125068665
vn 0.7499394416809082 0.4860401749610901 -0.4487268626689911
vn 0.7634636759757996 0.4996267259120941 -0.40926313400268555
vn 0.7200902700424194 0.5483797788619995 -0.42514660954475403
vn 0.6441357135772705 0.5733726620674133 -0.5062933564186096
vn 0.7655807733535767 0.4862993061542511 -0.42118772864341736
vn 0.8547938466072083 0.44338080286979675 -0.26970529556274414
vn 0.6486403346061707 0.6286025047302246 -0.42909738421440125
vn 0.6727922558784485 0.5941023230552673 -0.4409002661705017
vn 0.6723724603652954 0.6003262400627136 -0.43303996324539185
vn 0.6727922558784485 0.5941023230552673 -0.4409002661705017
vn 0.6723724603652954 0.6003262400627136 -0.43303996324539185
vn 0.7200902700424194 0.5483797788619995 -0.42514660954475403
vn 0.7379311323165894 0.5109447836875916 -0.4409002661705017
vn 0.7674914002418518 0.48670703172683716 -0.417220801115036
vn 0.7270451188087463 0.5422234535217285 -0.42118772864341736
vn 0.7593015432357788 0.505929708480835 -0.40926313400268555
vn 0.7067646384239197 0.5853731036186218 -0.3972681760787964
vn 0.7441921830177307 0.5052043795585632 -0.43697428703308105
vn 0.7655807733535767 0.4862993061542511 -0.42118772864341736
vn 0.7706165909767151 0.4601706862449646 -0.4409002661705017
vn 0.7634636759757996 0.4996267259120941 -0.40926313400268555
vn 0.7908104062080383 0.4943510591983795 -0.36088213324546814
vn 0.8008922338485718 0.4747425317764282 -0.3649536371231079
vn 0.7615365982055664 0.5383549928665161 -0.36088213324546814
vn 0.6390865445137024 0.5789952278137207 -0.5062933564186096
vn 0.6491354703903198 0.5677060484886169 -0.5062933564186096
vn 0.6519308686256409 0.5678549408912659 -0.5025205612182617
vn 0.6441357135772705 0.5733726620674133 -0.5062933564186096
vn 0.6491354703903198 0.5677060484886169 -0.5062933564186096
vn 0.6491354703903198 0.5677060484886169 -0.5062933564186096
vn 0.06605523824691772 0.732126772403717 -0.677958071231842
vn 0.062267791479825974 0.7442364692687988 -0.6650074124336243
vn 0.05852309614419937 0.7327672839164734 -0.677958071231842
vn 0.06982200592756271 0.7197611927986145 -0.6907016038894653
vn 0.062241632491350174 0.7294808030128479 -0.681163489818573
vn 0.062241632491350174 0.7294808030128479 -0.681163489818573
vn 0.41930508613586426 0.8042289018630981 -0.42118772864341736
vn 0.4076792895793915 0.8017799258232117 -0.43697428703308105
vn 0.4277525246143341 0.7912529706954956 -0.43697428703308105
vn 0.46541744470596313 0.7784519791603088 -0.42118772864341736
vn 0.5052043795585632 0.7441921830177307 -0.43697428703308105
vn 0.4277525246143341 0.7912529706954956 -0.43697428703308105
vn 0.5655015110969543 0.7160389423370361 -0.40926313400268555
vn 0.5114376544952393 0.739922285079956 -0.43697428703308105
vn 0.5519956350326538 0.7077484130859375 -0.4409002661705017
vn -0.5568125247955322 0.6835034489631653 -0.4719987213611603
vn -0.5509528517723083 0.6934681534767151 -0.4642767012119293
vn -0.5545096397399902 0.6745551228523254 -0.48733407258987427
vn -0.8182291984558105 0.292453795671463 -0.4949462115764618
vn -0.8560137152671814 0.2020169049501419 -0.4758462607860565
vn -0.816273033618927 0.2711838483810425 -0.5100564956665039
vn -0.8738293051719666 0.11678855121135712 -0.4719987213611603
vn -0.8374415636062622 0.20581211149692535 -0.5062933564186096
vn -0.7851953506469727 0.3099057078361511 -0.5361219048500061
vn -0.7341815829277039 0.3918927311897278 -0.5544344186782837
vn -0.753208339214325 0.36512231826782227 -0.5471406579017639
vn -0.8054738640785217 0.28870439529418945 -0.5175535082817078
vn -0.816273033618927 0.2711838483810425 -0.5100564956665039
vn -0.790432870388031 0.302879273891449 -0.5324283838272095
vn -0.8727961182594299 0.12427452951669693 -0.4719987213611603
vn -0.860622227191925 0.19117163121700287 -0.4719987213611603
vn -0.8858357667922974 0.08297732472419739 -0.456519216299057
vn -0.8374415636062622 0.20581211149692535 -0.5062933564186096
vn -0.8676947355270386 0.09803733229637146 -0.48733407258987427
vn -0.8727961182594299 0.12427452951669693 -0.4719987213611603
vn -0.8706461787223816 0.09049574285745621 -0.4835140109062195
vn -0.8822893500328064 0.04907543957233429 -0.46814218163490295
vn -0.8779413104057312 0.05281477048993111 -0.4758462607860565
vn -0.8826766014099121 0.04153144359588623 -0.46814218163490295
vn -0.8738293051719666 0.11678855121135712 -0.4719987213611603
vn -0.8706461787223816 0.09049574285745621 -0.4835140109062195
vn -0.7498815059661865 0.37190696597099304 -0.5471406579017639
vn -0.7341815829277039 0.3918927311897278 -0.5544344186782837
vn -0.7341815829277039 0.3918927311897278 -0.5544344186782837
vn -0.8182291984558105 0.292453795671463 -0.4949462115764618
vn -0.8054738640785217 0.28870439529418945 -0.5175535082817078
vn -0.816273033618927 0.2711838483810425 -0.5100564956665039
vn -0.8738293051719666 0.11678855121135712 -0.4719987213611603
vn -0.8930219411849976 0.0339997261762619 -0.4487268626689911
vn -0.8826766014099121 0.04153144359588623 -0.46814218163490295
vn -0.888504683971405 0.07541807740926743 -0.45262736082077026
vn -0.8738293051719666 0.11678855121135712 -0.4719987213611603
vn -0.8930219411849976 0.0339997261762619 -0.4487268626689911
vn -0.8930219411849976 0.0339997261762619 -0.4487268626689911
vn -0.8930219411849976 0.0339997261762619 -0.4487268626689911
vn -0.888504683971405 0.07541807740926743 -0.45262736082077026
vn 0.8560137152671814 0.2020169049501419 -0.4758462607860565
vn 0.8891114592552185 0.0678916946053505 -0.45262736082077026
vn 0.8731855154037476 0.10543892532587051 -0.4758462607860565
vn 0.8928701877593994 0.03777533397078514 -0.4487268626689911
vn 0.8722483515739441 0.11293000727891922 -0.4758462607860565
vn 0.8309808373451233 0.23862925171852112 -0.5025205612182617
vn 0.8560137152671814 0.2020169049501419 -0.4758462607860565
vn 0.8731855154037476 0.10543892532587051 -0.4758462607860565
vn 0.8342342376708984 0.20951269567012787 -0.5100564956665039
vn 0.8713947534561157 0.08297813683748245 -0.4835140109062195
vn 0.8824910521507263 0.04530385509133339 -0.46814218163490295
vn 0.8779413104057312 0.05281477048993111 -0.4758462607860565
vn 0.8383353352546692 0.20214082300662994 -0.5062933564186096
vn 0.8722483515739441 0.11293000727891922 -0.4758462607860565
vn 0.8309808373451233 0.23862925171852112 -0.5025205612182617
vn 0.7795222997665405 0.3239109516143799 -0.5361219048500061
vn 0.753208339214325 0.36512231826782227 -0.5471406579017639
vn 0.803057849407196 0.2887172996997833 -0.5212872624397278
vn 0.7341815829277039 0.3918927311897278 -0.5544344186782837
vn 0.7341815829277039 0.3918927311897278 -0.5544344186782837
vn 0.7795222997665405 0.3239109516143799 -0.5361219048500061
vn 0.803057849407196 0.2887172996997833 -0.5212872624397278
vn 0.828863799571991 0.2458818107843399 -0.5025205612182617
vn 0.8342342376708984 0.20951269567012787 -0.5100564956665039
vn 0.828863799571991 0.2458818107843399 -0.5025205612182617
vn 0.7795222997665405 0.3239109516143799 -0.5361219048500061
vn 0.8720784783363342 0.07545434683561325 -0.4835140109062195
vn 0.8731855154037476 0.10543892532587051 -0.4758462607860565
vn 0.8824910521507263 0.04530385509133339 -0.46814218163490295
vn 0.7498815059661865 0.37190696597099304 -0.5471406579017639
vn 0.7341815829277039 0.3918927311897278 -0.5544344186782837
vn 0.7740492820739746 0.33084455132484436 -0.5398051738739014
vn 0.8169506788253784 0.2960064113140106 -0.4949462115764618
vn 0.8520829081535339 0.20942124724388123 -0.4796847105026245
vn 0.828863799571991 0.2458818107843399 -0.5025205612182617
vn 0.828863799571991 0.2458818107843399 -0.5025205612182617
vn 0.8169506788253784 0.2960064113140106 -0.4949462115764618
vn 0.803057849407196 0.2887172996997833 -0.5212872624397278
vn 0.8928701877593994 0.03777533397078514 -0.4487268626689911
vn 0.8824910521507263 0.04530385509133339 -0.46814218163490295
vn 0.8731855154037476 0.10543892532587051 -0.4758462607860565
vn 0.8931577205657959 0.030223509296774864 -0.4487268626689911
vn 0.8896544575691223 0.060360439121723175 -0.45262736082077026
vn 0.8928701877593994 0.03777533397078514 -0.4487268626689911
f 1//1 2//2 3//3
f 2//2 3//3 3//3
f 3//3 3//3 4//4
f 3//3 4//4 4//4
f 4//4 4//4 5//5
f 4//4 6//6 5//5
f 5//5 6//6 6//6
f 6//6 7//7 6//6
f 6//6 7//7 7//7
f 7//7 8//8 7//7
f 7//7 8//8 9//9
f 8//8 9//9 9//9
f 9//9 9//9 10//10
f 9//9 10//10 10//10
f 10//10 10//10 11//11
f 10//10 12//12 11//11
f 11//11 12//12 12//12
f 12//12 13//13 12//12
f 12//12 13//13 13//13
f 13//13 14//14 13//13
f 13//13 14//14 15//15
f 14//14 15//15 15//15
f 15//15 15//15 16//16
f 15//15 16//16 16//16
f 16//16 16//16 17//17
f 16//16 18//18 17//17
f 17//17 18//18 18//18
f 18//18 19//19 18//18
f 18//18 19//19 19//19
f 19//19 20//20 19//19
f 19//19 20//20 21//21
f 20//20 21//21 21//21
f 21//21 21//21 22//22
f 21//21 22//22 22//22
f 22//22 22//22 23//23
f 22//22 24//24 23//23
f 23//23 24//24 24//24
f 24//24 25//25 24//24
f 24//24 25//25 25//25
f 25//25 26//26 25//25
f 25//25 26//26 27//27
f 26//26 27//27 27//27
f 27//27 27//27 28//28
f 27//27 28//28 28//28
f 28//28 28//28 29//29
f 28//28 30//30 29//29
f 29//29 30//30 30//30
f 30//30 31//31 30//30
f 30//30 31//31 31//31
f 31//31 32//32 31//31
f 31//31 32//32 33//33
f 32//32 33//33 33//33
f 33//33 33//33 34//34
f 33//33 34//34 34//34
f 34//34 34//34 35//35
f 34//34 36//36 35//35
f 35//35 36//36 36//36
f 36//36 37//37 36//36
f 36//36 37//37 37//37
f 37//37 38//38 37//37
f 37//37 38//38 39//39
f 38//38 39//39 39//39
f 39//39 39//39 40//40
f 39//39 40//40 40//40
f 40//40 40//40 41//41
f 40//40 42//42 41//41
f 41//41 42//42 43//43
f 42//42 43//43 43//43
f 43//43 43//43 44//44
f 43//43 44//44 44//44
f 44//44 44//44 43//43
f 44//44 45//45 43//43
f 43//43 45//45 45//45
f 45//45 44//44 45//45
f 45//45 44//44 44//44
f 44//44 46//46 44//44
f 44//44 46//46 47//47
f 46//46 48//48 47//47
f 47//47 48//48 48//48
f 48//48 47//47 48//48
f 48//48 47//47 47//47
f 47//47 49//49 47//47
f 47//47 49//49 50//50
f 49//49 49//49 50//50
f 50//50 49//49 51//51
f 49//49 52//52 51//51
f 51//51 52//52 53//53
f 52//52 53//53 53//53
f 53//53 53//53 54//54
f 53//53 54//54 54//54
f 54//54 54//54 55//55
f 54//54 56//56 55//55
f 55//55 56//56 57//57
f 56//56 58//58 57//57
f 57//57 58//58 59//59
f 58//58 59//59 59//59
f 59//59 59//59 60//60
f 59//59 60//60 60//60
f 60//60 60//60 61//61
f 60//60 62//62 61//61
f 61//61 62//62 62//62
f 62//62 63//63 62//62
f 62//62 63//63 63//63
f 63//63 64//64 63//63
f 63//63 64//64 65//65
f 64//64 65//65 65//65
f 65//65 65//65 66//66
f 65//65 66//66 66//66
f 66//66 66//66 67//67
f 66//66 68//68 67//67
f 69//69 70//70 71//71
f 70//70 70//70 71//71
f 71//71 70//70 72//72
f 70//70 70//70 72//72
f 72//72 70//70 73//73
f 70//70 70//70 73//73
f 73//73 70//70 74//74
f 70//70 70//70 74//74
f 74//74 70//70 75//75
f 70//70 76//76 75//75
f 75//75 76//76 75//75
f 76//76 77//77 75//75
f 75//75 77//77 78//78
f 77//77 79//79 78//78
f 78//78 79//79 80//80
f 79//79 81//81 80//80
f 80//80 81//81 82//82
f 81//81 83//83 82//82
f 82//82 83//83 84//84
f 83//83 85//85 84//84
f 84//84 85//85 86//86
f 85//85 87//87 86//86
f 86//86 87//87 88//88
f 87//87 89//89 88//88
f 88//88 89//89 90//90
f 89//89 91//91 90//90
f 90//90 91//91 90//90
f 91//91 92//92 90//90
f 90//90 92//92 90//90
f 92//92 93//93 90//90
f 90//90 93//93 94//94
f 93//93 94//94 94//94
f 94//94 94//94 90//90
f 94//94 90//90 90//90
f 90//90 90//90 88//88
f 90//90 95//95 88//88
f 88//88 95//95 88//88
f 95//95 96//96 88//88
f 88//88 96//96 86//86
f 96//96 97//97 86//86
f 86//86 97//97 84//84
f 97//97 98//98 84//84
f 84//84 98//98 82//82
f 98//98 99//99 82//82
f 82//82 99//99 80//80
f 99//99 100//100 80//80
f 80//80 100//100 78//78
f 100//100 101//101 78//78
f 78//78 101//101 75//75
f 101//101 74//74 75//75
f 75//75 74//74 74//74
f 74//74 102//102 74//74
f 74//74 102//102 102//102
f 102//102 103//103 102//102
f 102//102 103//103 104//104
f 103//103 104//104 104//104
f 104//104 104//104 105//105
f 104//104 105//105 105//105
f 105//105 105//105 106//106
f 105//105 107//107 106//106
f 108//108 109//109 110//110
f 109//109 109//109 110//110
f 110//110 109//109 111//111
f 109//109 109//109 111//111
f 111//111 109//109 112//112
f 109//109 109//109 112//112
f 112//112 109//109 113//113
f 109//109 114//114 113//113
f 113//113 114//114 115//115
f 114//114 114//114 115//115
f 115//115 114//114 116//116
f 114//114 117//117 116//116
f 116//116 117//117 117//117
f 117//117 114//114 117//117
f 117//117 114//114 114//114
f 114//114 109//109 114//114
f 114//114 109//109 118//118
f 109//109 118//118 118//118
f 118//118 118//118 119//119
f 118//118 119//119 119//119
f 119//119 119//119 120//120
f 119//119 121//121 120//120
f 120//120 121//121 122//122
f 121//121 123//123 122//122
f 122//122 123//123 124//124
f 123//123 123//123 124//124
f 124//124 123//123 125//125
f 123//123 117//117 125//125
f 125//125 117//117 125//125
f 117//117 118//118 125//125
f 125//125 118//118 126//126
f 118//118 127//127 126//126
f 126//126 127//127 128//128
f 127//127 128//128 128//128
f 128//128 128//128 123//123
f 128//128 123//123 123//123
f 123//123 123//123 117//117
f 123//123 121//121 117//117
f 117//117 121//121 121//121
f 121//121 129//129 121//121
f 121//121 129//129 129//129
f 129//129 125//125 129//129
f 129//129 125//125 126//126
f 125//125 126//126 126//126
f 126//126 126//126 118//118
f 126//126 118//118 118//118
f 118//118 118//118 127//127
f 118//118 130//130 127//127
f 127//127 130//130 130//130
f 130//130 131//131 130//130
f 130//130 131//131 131//131
f 131//131 132//132 131//131
f 131//131 132//132 133//133
f 132//132 133//133 133//133
f 133//133 133//133 134//134
f 133//133 134//134 134//134
f 134//134 134//134 135//135
f 134//134 136//136 135//135
f 135//135 136//136 136//136
f 136//136 137//137 136//136
f 136//136 137//137 137//137
f 137//137 138//138 137//137
f 137//137 138//138 139//139
f 138//138 139//139 139//139
f 139//139 139//139 140//140
f 139//139 140//140 140//140
f 140//140 140//140 141//141
f 140//140 142//142 141//141
f 141//141 142//142 142//142
f 142//142 143//143 142//142
f 142//142 143//143 143//143
f 143//143 144//144 143//143
f 143//143 144//144 145//145
f 144//144 145//145 145//145
f 145//145 145//145 146//146
f 145//145 146//146 146//146
f 146//146 146//146 147//147
f 146//146 148//148 147//147
f 149//149 150//150 151//151
f 150//150 152//152 151//151
f 151//151 152//152 151//151
f 152//152 153//153 151//151
f 151//151 153//153 151//151
f 153//153 154//154 151//151
f 151//151 154//154 155//155
f 154//154 156//156 155//155
f 155//155 156//156 157//157
f 156//156 158//158 157//157
f 157//157 158//158 159//159
f 158//158 160//160 159//159
f 159//159 160//160 161//161
f 160//160 162//162 161//161
f 161//161 162//162 163//163
f 162//162 164//164 163//163
f 163//163 164//164 165//165
f 164//164 166//166 165//165
f 165//165 166//166 167//167
f 166//166 168//168 167//167
f 167//167 168//168 169//169
f 168//168 170//170 169//169
f 169//169 170//170 169//169
f 170//170 171//171 169//169
f 169//169 171//171 169//169
f 171//171 172//172 169//169
f 169//169 172//172 169//169
f 172//172 173//173 169//169
f 169//169 173//173 169//169
f 173//173 174//174 169//169
f 169//169 174//174 167//167
f 174//174 175//175 167//167
f 167//167 175//175 165//165
f 175//175 176//176 165//165
f 165//165 176//176 163//163
f 176//176 177//177 163//163
f 163//163 177//177 161//161
f 177//177 178//178 161//161
f 161//161 178//178 159//159
f 178//178 179//179 159//159
f 159//159 179//179 157//157
f 179//179 180//180 157//157
f 157//157 180//180 155//155
f 180//180 181//181 155//155
f 155//155 181//181 151//151
f 181//181 151//151 151//151
f 151//151 151//151 182//182
f 151//151 182//182 182//182
f 182//182 182//182 183//183
f 182//182 184//184 183//183
f 185//185 186//186 187//187
f 186//186 188//188 187//187
f 187//187 188//188 189//189
f 188//188 190//190 189//189
f 189//189 190//190 191//191
f 190//190 192//192 191//191
f 191//191 192//192 191//191
f 192//192 193//193 191//191
f 191//191 193//193 194//194
f 193//193 193//193 194//194
f 194//194 193//193 195//195
f 193//193 196//196 195//195
f 195//195 196//196 197//197
f 196//196 198//198 197//197
f 197//197 198//198 199//199
f 198//198 198//198 199//199
f 199//199 198//198 200//200
f 198//198 201//201 200//200
f 200//200 201//201 202//202
f 201//201 202//202 202//202
f 202//202 202//202 201//201
f 202//202 201//201 201//201
f 201//201 201//201 203//203
f 201//201 198//198 203//203
f 203//203 198//198 203//203
f 198//198 196//196 203//203
f 203//203 196//196 204//204
f 196//196 193//193 204//204
f 204//204 193//193 205//205
f 193//193 192//192 205//205
f 205//205 192//192 206//206
f 192//192 190//190 206//206
f 206//206 190//190 207//207
f 190//190 188//188 207//207
f 207//207 188//188 208//208
f 188//188 186//186 208//208
f 208//208 186//186 209//209
f 186//186 186//186 209//209
f 209//209 186//186 210//210
f 186//186 211//211 210//210
f 210//210 211//211 211//211
f 211//211 212//212 211//211
f 211//211 212//212 212//212
f 212//212 213//213 212//212
f 212//212 213//213 214//214
f 213//213 215//215 214//214
f 214//214 215//215 215//215
f 215//215 212//212 215//215
f 215//215 212//212 212//212
f 212//212 214//214 212//212
f 212//212 214//214 216//216
f 214//214 217//217 216//216
f 216//216 217//217 218//218
f 217//217 219//219 218//218
f 218//218 219//219 220//220
f 219//219 221//221 220//220
f 220//220 221//221 222//222
f 221//221 221//221 222//222
f 222//222 221//221 223//223
f 221//221 221//221 223//223
f 223//223 221//221 224//224
f 221//221 221//221 224//224
f 224//224 221//221 225//225
f 221//221 219//219 225//225
f 225//225 219//219 226//226
f 219//219 217//217 226//226
f 226//226 217//217 227//227
f 217//217 214//214 227//227
f 227//227 214//214 227//227
f 214//214 215//215 227//227
f 227//227 215//215 227//227
f 215//215 228//228 227//227
f 227//227 228//228 227//227
f 228//228 229//229 227//227
f 227//227 229//229 227//227
f 229//229 230//230 227//227
f 227//227 230//230 226//226
f 230//230 231//231 226//226
f 226//226 231//231 225//225
f 231//231 232//232 225//225
f 225//225 232//232 225//225
f 232//232 233//233 225//225
f 225//225 233//233 224//224
f 233//233 234//234 224//224
f 224//224 234//234 235//235
f 234//234 236//236 235//235
f 235//235 236//236 237//237
f 236//236 238//238 237//237
f 237//237 238//238 239//239
f 238//238 240//240 239//239
f 239//239 240//240 239//239
f 240//240 241//241 239//239
f 239//239 241//241 239//239
f 241//241 242//242 239//239
f 239//239 242//242 243//243
f 242//242 244//244 243//243
f 243//243 244//244 243//243
f 244//244 245//245 243//243
f 243//243 245//245 243//243
f 245//245 246//246 243//243
f 243//243 246//246 237//237
f 246//246 246//246 237//237
f 237//237 246//246 235//235
f 246//246 223//223 235//235
f 235//235 223//223 224//224
f 223//223 224//224 224//224
f 224//224 224//224 239//239
f 224//224 239//239 239//239
f 239//239 239//239 237//237
f 239//239 243//243 237//237
f 237//237 243//243 243//243
f 243//243 223//223 243//243
f 243//243 223//223 223//223
f 223//223 246//246 223//223
f 223//223 246//246 222//222
f 246//246 247//247 222//222
f 222//222 247//247 248//248
f 247//247 248//248 248//248
f 248//248 248//248 247//247
f 248//248 247//247 247//247
f 247//247 247//247 245//245
f 247//247 246//246 245//245
f 245//245 246//246 246//246
f 246//246 249//249 246//246
f 246//246 249//249 249//249
f 249//249 250//250 249//249
f 249//249 250//250 251//251
f 250//250 252//252 251//251
f 251//251 252//252 253//253
f 252//252 252//252 253//253
f 253//253 252//252 254//254
f 252//252 255//255 254//254
f 254//254 255//255 256//256
f 255//255 257//257 256//256
f 256//256 257//257 258//258
f 257//257 259//259 258//258
f 258//258 259//259 260//260
f 259//259 260//260 260//260
f 260//260 260//260 249//249
f 260//260 249//249 249//249
f 249//249 249//249 261//261
f 249//249 251//251 261//261
f 261//261 251//251 262//262
f 251//251 251//251 262//262
f 262//262 251//251 263//263
f 251//251 253//253 263//263
f 263//263 253//253 253//253
f 253//253 250//250 253//253
f 253//253 250//250 250//250
f 250//250 264//264 250//250
f 250//250 264//264 252//252
f 264//264 264//264 252//252
f 252//252 264//264 255//255
f 264//264 265//265 255//255
f 255//255 265//265 257//257
f 265//265 265//265 257//257
f 257//257 265//265 259//259
f 265//265 266//266 259//259
f 259//259 266//266 259//259
f 266//266 267//267 259//259
f 259//259 267//267 268//268
f 267//267 269//269 268//268
f 268//268 269//269 270//270
f 269//269 271//271 270//270
f 270//270 271//271 270//270
f 271//271 272//272 270//270
f 270//270 272//272 273//273
f 272//272 274//274 273//273
f 273//273 274//274 274//274
f 274//274 259//259 274//274
f 274//274 259//259 259//259
f 259//259 268//268 259//259
f 259//259 268//268 260//260
f 268//268 268//268 260//260
f 260//260 268//268 275//275
f 268//268 270//270 275//275
f 275//275 270//270 273//273
f 270//270 273//273 273//273
f 273//273 273//273 276//276
f 273//273 276//276 276//276
f 276//276 276//276 277//277
f 276//276 278//278 277//277
f 277//277 278//278 277//277
f 278//278 279//279 277//277
f 277//277 279//279 280//280
f 279//279 281//281 280//280
f 280//280 281//281 282//282
f 281//281 283//283 282//282
f 282//282 283//283 284//284
f 283//283 285//285 284//284
f 284//284 285//285 284//284
f 285//285 286//286 284//284
f 284//284 286//286 284//284
f 286//286 287//287 284//284
f 284//284 287//287 284//284
f 287//287 288//288 284//284
f 284//284 288//288 282//282
f 288//288 289//289 282//282
f 282//282 289//289 280//280
f 289//289 290//290 280//280
f 280//280 290//290 277//277
f 290//290 291//291 277//277
f 277//277 291//291 276//276
f 291//291 276//276 276//276
f 276//276 276//276 291//291
f 276//276 291//291 291//291
f 291//291 291//291 292//292
f 291//291 290//290 292//292
f 292//292 290//290 293//293
f 290//290 290//290 293//293
f 293//293 290//290 294//294
f 290//290 289//289 294//294
f 294//294 289//289 295//295
f 289//289 288//288 295//295
f 295//295 288//288 296//296
f 288//288 288//288 296//296
f 296//296 288//288 297//297
f 288//288 287//287 297//297
f 297//297 287//287 298//298
f 287//287 299//299 298//298
f 298//298 299//299 300//300
f 299//299 301//301 300//300
f 300//300 301//301 302//302
f 301//301 303//303 302//302
f 302//302 303//303 304//304
f 303//303 303//303 304//304
f 304//304 303//303 305//305
f 303//303 303//303 305//305
f 305//305 303//303 306//306
f 303//303 307//307 306//306
f 306//306 307//307 308//308
f 307//307 307//307 308//308
f 308//308 307//307 309//309
f 307//307 307//307 309//309
f 309//309 307//307 310//310
f 307//307 301//301 310//310
f 310//310 301//301 310//310
f 301//301 299//299 310//310
f 310//310 299//299 286//286
f 299//299 287//287 286//286
f 286//286 287//287 287//287
f 287//287 303//303 287//287
f 287//287 303//303 303//303
f 303//303 301//301 303//303
f 303//303 301//301 307//307
f 301//301 307//307 307//307
f 307//307 307//307 286//286
f 307//307 286//286 286//286
f 286//286 286//286 310//310
f 286//286 285//285 310//310
f 310//310 285//285 311//311
f 285//285 312//312 311//311
f 311//311 312//312 312//312
f 312//312 311//311 312//312
f 312//312 311//311 311//311
f 311//311 309//309 311//311
f 311//311 309//309 310//310
f 309//309 310//310 310//310
f 310//310 310//310 313//313
f 310//310 313//313 313//313
f 313//313 313//313 314//314
f 313//313 315//315 314//314
f 314//314 315//315 316//316
f 315//315 317//317 316//316
f 316//316 317//317 318//318
f 317//317 318//318 318//318
f 318//318 318//318 319//319
f 318//318 319//319 319//319
f 319//319 319//319 320//320
f 319//319 321//321 320//320
f 320//320 321//321 320//320
f 321//321 322//322 320//320
f 320//320 322//322 323//323
f 322//322 324//324 323//323
f 323//323 324//324 324//324
f 324//324 325//325 324//324
f 324//324 325//325 325//325
f 325//325 326//326 325//325
f 325//325 326//326 327//327
f 326//326 327//327 327//327
f 327//327 327//327 328//328
f 327//327 328//328 328//328
f 328//328 328//328 329//329
f 328//328 330//330 329//329
f 329//329 330//330 330//330
f 330//330 331//331 330//330
f 330//330 331//331 331//331
f 331//331 332//332 331//331
f 331//331 332//332 333//333
f 332//332 333//333 333//333
f 333//333 333//333 334//334
f 333//333 334//334 334//334
f 334//334 334//334 335//335
f 334//334 336//336 335//335
f 335//335 336//336 336//336
f 336//336 337//337 336//336
f 336//336 337//337 337//337
f 337//337 338//338 337//337
f 337//337 338//338 339//339
f 338//338 339//339 339//339
f 339//339 339//339 340//340
f 339//339 340//340 340//340
f 340//340 340//340 341//341
f 340//340 342//342 341//341
f 341//341 342//342 343//343
f 342//342 344//344 343//343
f 343//343 344//344 343//343
f 344//344 345//345 343//343
f 343//343 345//345 346//346
f 345//345 345//345 346//346
f 346//346 345//345 347//347
f 345//345 348//348 347//347
f 347//347 348//348 349//349
f 348//348 348//348 349//349
f 349//349 348//348 350//350
f 348//348 351//351 350//350
f 350//350 351//351 352//352
f 351//351 353//353 352//352
f 352//352 353//353 354//354
f 353//353 354//354 354//354
f 354//354 354//354 341//341
f 354//354 341//341 341//341
f 341//341 341//341 355//355
f 341//341 343//343 355//355
f 355//355 343//343 346//346
f 343//343 346//346 346//346
f 346//346 346//346 353//353
f 346//346 353//353 353//353
f 353//353 353//353 356//356
f 353//353 351//351 356//356
f 356//356 351//351 357//357
f 351//351 358//358 357//357
f 357//357 358//358 357//357
f 358//358 359//359 357//357
f 357//357 359//359 360//360
f 359//359 361//361 360//360
f 360//360 361//361 360//360
f 361//361 362//362 360//360
f 360//360 362//362 360//360
f 362//362 363//363 360//360
f 360//360 363//363 360//360
f 363//363 364//364 360//360
f 360//360 364//364 357//357
f 364//364 365//365 357//357
f 357//357 365//365 365//365
f 365//365 358//358 365//365
f 365//365 358//358 358//358
f 358//358 351//351 358//358
f 358//358 351//351 366//366
f 351//351 348//348 366//366
f 366//366 348//348 367//367
f 348//348 345//345 367//367
f 367//367 345//345 344//344
f 345//345 344//344 344//344
f 344//344 344//344 364//364
f 344//344 364//364 364//364
f 364//364 364//364 368//368
f 364//364 369//369 368//368
f 368//368 369//369 369//369
f 369//369 363//363 369//369
f 369//369 363//363 363//363
f 363//363 362//362 363//363
f 363//363 362//362 370//370
f 362//362 362//362 370//370
f 370//370 362//362 371//371
f 362//362 362//362 371//371
f 371//371 362//362 372//372
f 362//362 373//373 372//372
f 372//372 373//373 373//373
f 373//373 374//374 373//373
f 373//373 374//374 374//374
f 374//374 375//375 374//374
f 374//374 375//375 376//376
f 375//375 376//376 376//376
f 376//376 376//376 377//377
f 376//376 377//377 377//377
f 377//377 377//377 378//378
f 377//377 379//379 378//378
f 378//378 379//379 380//380
f 379//379 381//381 380//380
f 380//380 381//381 380//380
f 381//381 382//382 380//380
f 380//380 382//382 383//383
f 382//382 384//384 383//383
f 383//383 384//384 385//385
f 384//384 386//386 385//385
f 385//385 386//386 385//385
f 386//386 387//387 385//385
f 385//385 387//387 388//388
f 387//387 389//389 388//388
f 388//388 389//389 389//389
f 389//389 378//378 389//389
f 389//389 378//378 378//378
f 378//378 380//380 378//378
f 378//378 380//380 390//390
f 380//380 383//383 390//390
f 390//390 383//383 391//391
f 383//383 385//385 391//391
f 391//391 385//385 392//392
f 385//385 388//388 392//392
f 392//392 388//388 393//393
f 388//388 394//394 393//393
f 393//393 394//394 395//395
f 394//394 396//396 395//395
f 395//395 396//396 397//397
f 396//396 396//396 397//397
f 397//397 396//396 398//398
f 396//396 399//399 398//398
f 398//398 399//399 398//398
f 399//399 400//400 398//398
f 398//398 400//400 398//398
f 400//400 401//401 398//398
f 398//398 401//401 398//398
f 401//401 402//402 398//398
f 398//398 402//402 403//403
f 402//402 403//403 403//403
f 403//403 403//403 404//404
f 403//403 404//404 404//404
f 404//404 404//404 389//389
f 404//404 405//405 389//389
f 389//389 405//405 388//388
f 405//405 406//406 388//388
f 388//388 406//406 394//394
f 406//406 394//394 394//394
f 394//394 394//394 399//399
f 394//394 399//399 399//399
f 399//399 399//399 407//407
f 399//399 396//396 407//407
f 407//407 396//396 407//407
f 396//396 394//394 407//407
f 407//407 394//394 408//408
f 394//394 408//408 408//408
f 408//408 408//408 409//409
f 408//408 409//409 409//409
f 409//409 409//409 407//407
f 409//409 410//410 407//407
f 407//407 410//410 410//410
f 410//410 411//411 410//410
f 410//410 411//411 411//411
f 411//411 412//412 411//411
f 411//411 412//412 413//413
f 414//414 415//415 416//416
f 415//415 416//416 416//416
f 416//416 416//416 417//417
f 416//416 417//417 417//417
f 417//417 417//417 418//418
f 417//417 419//419 418//418
f 418//418 419//419 420//420
f 419//419 421//421 420//420
f 420//420 421//421 422//422
f 421//421 423//423 422//422
f 422//422 423//423 422//422
f 423//423 424//424 422//422
f 422//422 424//424 422//422
f 424//424 425//425 422//422
f 422//422 425//425 422//422
f 425//425 426//426 422//422
f 422//422 426//426 420//420
f 426//426 427//427 420//420
f 420//420 427//427 420//420
f 427//427 428//428 420//420
f 420//420 428//428 418//418
f 428//428 418//418 418//418
f 418//418 418//418 421//421
f 418//418 421//421 421//421
f 421//421 421//421 423//423
f 421//421 429//429 423//423
f 423//423 429//429 429//429
f 429//429 427//427 429//429
f 429//429 427//427 427//427
f 427//427 426//426 427//427
f 427//427 426//426 430//430
f 426//426 426//426 430//430
f 430//430 426//426 431//431
f 426//426 425//425 431//431
f 431//431 425//425 425//425
f 425//425 432//432 425//425
f 425//425 432//432 432//432
f 432//432 433//433 432//432
f 432//432 433//433 434//434
f 433//433 435//435 434//434
f 434//434 435//435 436//436
f 435//435 436//436 436//436
f 436//436 436//436 433//433
f 436//436 433//433 433//433
f 433//433 433//433 435//435
f 433//433 437//437 435//435
f 435//435 437//437 438//438
f 437//437 438//438 438//438
f 438//438 438//438 439//439
f 438//438 439//439 439//439
f 439//439 439//439 440//440
f 439//439 441//441 440//440
f 440//440 441//441 441//441
f 441//441 442//442 441//441
f 441//441 442//442 442//442
f 442//442 443//443 442//442
f 442//442 443//443 444//444
f 443//443 444//444 444//444
f 444//444 444//444 445//445
f 444//444 445//445 445//445
f 445//445 445//445 446//446
f 445//445 447//447 446//446
f 446//446 447//447 447//447
f 447//447 448//448 447//447
f 447//447 448//448 448//448
f 448//448 449//449 448//448
f 448//448 449//449 450//450
f 449//449 450//450 450//450
f 450//450 450//450 451//451
f 450//450 451//451 451//451
f 451//451 451//451 452//452
f 451//451 453//453 452//452
f 452//452 453//453 453//453
f 453//453 454//454 453//453
f 453//453 454//454 454//454
f 454//454 455//455 454//454
f 454//454 455//455 456//456
f 455//455 456//456 456//456
f 456//456 456//456 457//457
f 456//456 457//457 457//457
f 457//457 457//457 458//458
f 457//457 459//459 458//458
f 458//458 459//459 459//459
f 459//459 460//460 459//459
f 459//459 460//460 460//460
f 460//460 461//461 460//460
f 460//460 461//461 462//462
f 461//461 462//462 462//462
f 462//462 462//462 463//463
f 462//462 463//463 463//463
f 463//463 463//463 464//464
f 463//463 465//465 464//464
f 464//464 465//465 465//465
f 465//465 466//466 465//465
f 465//465 466//466 466//466
f 466//466 467//467 466//466
f 466//466 467//467 468//468
f 467//467 468//468 468//468
f 468//468 468//468 469//469
f 468//468 469//469 469//469
f 469//469 469//469 470//470
f 469//469 471//471 470//470
f 470//470 471//471 471//471
f 471//471 472//472 471//471
f 471//471 472//472 472//472
f 472//472 473//473 472//472
f 472//472 473//473 474//474
f 473//473 474//474 474//474
f 474//474 474//474 475//475
f 474//474 475//475 475//475
f 475//475 475//475 476//476
f 475//475 477//477 476//476
f 476//476 477//477 477//477
f 477//477 478//478 477//477
f 477//477 478//478 478//478
f 478//478 479//479 478//478
f 478//478 479//479 480//480
f 479//479 480//480 480//480
f 480//480 480//480 481//481
f 480//480 481//481 481//481
f 481//481 481//481 482//482
f 481//481 483//483 482//482
f 482//482 483//483 484//484
f 483//483 485//485 484//484
f 484//484 485//485 486//486
f 485//485 487//487 486//486
f 486//486 487//487 488//488
f 487//487 489//489 488//488
f 488//488 489//489 489//489
f 489//489 490//490 489//489
f 489//489 490//490 490//490
f 490//490 487//487 490//490
f 490//490 487//487 485//485
f 487//487 485//485 485//485
f 485//485 485//485 491//491
f 485//485 491//491 491//491
f 491//491 491//491 490//490
f 491//491 489//489 490//490
f 490//490 489//489 489//489
f 489//489 492//492 489//489
f 489//489 492//492 492//492
f 492//492 482//482 492//492
f 492//492 482//482 493//493
f 482//482 484//484 493//493
f 493//493 484//484 493//493
f 484//484 486//486 493//493
f 493//493 486//486 494//494
f 486//486 495//495 494//494
f 494//494 495//495 496//496
f 495//495 495//495 496//496
f 496//496 495//495 497//497
f 495//495 495//495 497//497
f 497//497 495//495 498//498
f 495//495 495//495 498//498
f 498//498 495//495 488//488
f 495//495 486//486 488//488
f 488//488 486//486 486//486
f 486//486 493//493 486//486
f 486//486 493//493 493//493
f 493//493 494//494 493//493
f 493//493 494//494 499//499
f 494//494 500//500 499//499
f 499//499 500//500 501//501
f 500//500 502//502 501//501
f 501//501 502//502 503//503
f 502//502 503//503 503//503
f 503//503 503//503 496//496
f 503//503 496//496 496//496
f 496//496 496//496 494//494
f 496//496 504//504 494//494
f 494//494 504//504 500//500
f 504//504 502//502 500//500
f 500//500 502//502 502//502
f 502//502 501//501 502//502
f 502//502 501//501 501//501
f 501//501 505//505 501//501
f 501//501 505//505 499//499
f 505//505 492//492 499//499
f 499//499 492//492 492//492
f 492//492 506//506 492//492
f 492//492 506//506 506//506
f 506//506 507//507 506//506
f 506//506 507//507 508//508
f 507//507 509//509 508//508
f 508//508 509//509 509//509
f 509//509 510//510 509//509
f 509//509 510//510 510//510
f 510//510 511//511 510//510
f 510//510 511//511 512//512
f 511//511 513//513 512//512
f 512//512 513//513 512//512
f 513//513 514//514 512//512
f 512//512 514//514 515//515
f 514//514 515//515 515//515
f 515//515 515//515 516//516
f 515//515 516//516 516//516
f 516//516 516//516 517//517
f 516//516 518//518 517//517
f 517//517 518//518 519//519
f 518//518 520//520 519//519
f 519//519 520//520 519//519
f 520//520 521//521 519//519
f 519//519 521//521 522//522
f 521//521 522//522 522//522
f 522//522 522//522 523//523
f 522//522 523//523 523//523
f 523//523 523//523 522//522
f 523//523 524//524 522//522
f 522//522 524//524 522//522
f 524//524 525//525 522//522
f 522//522 525//525 526//526
f 525//525 527//527 526//526
f 526//526 527//527 528//528
f 527//527 528//528 528//528
f 528//528 528//528 528//528
f 528//528 528//528 528//528
f 528//528 528//528 529//529
f 528//528 530//530 529//529
f 529//529 530//530 529//529
f 530//530 517//517 529//529
f 529//529 517//517 529//529
f 517//517 519//519 529//529
f 529//529 519//519 526//526
f 519//519 526//526 526//526
f 526//526 526//526 531//531
f 526//526 531//531 531//531
f 531//531 531//531 532//532
f 531//531 533//533 532//532
f 532//532 533//533 534//534
f 533//533 535//535 534//534
f 534//534 535//535 536//536
f 535//535 537//537 536//536
f 536//536 537//537 538//538
f 537//537 538//538 538//538
f 538//538 538//538 539//539
f 538//538 539//539 539//539
f 539//539 539//539 540//540
f 539//539 532//532 540//540
f 540//540 532//532 541//541
f 532//532 534//534 541//541
f 541//541 534//534 542//542
f 534//534 543//543 542//542
f 542//542 543//543 544//544
f 543//543 536//536 544//544
f 544//544 536//536 545//545
f 536//536 538//538 545//545
f 545//545 538//538 546//546
f 538//538 547//547 546//546
f 546//546 547//547 547//547
f 547//547 536//536 547//547
f 547//547 536//536 536//536
f 536//536 543//543 536//536
f 536//536 543//543 534//534
f 543//543 534//534 534//534
f 534//534 534//534 545//545
f 534//534 545//545 545//545
f 545//545 545//545 544//544
f 545//545 546//546 544//544
f 544//544 546//546 548//548
f 546//546 549//549 548//548
f 548//548 549//549 550//550
f 549//549 550//550 550//550
f 550//550 550//550 551//551
f 550//550 551//551 551//551
f 551//551 551//551 552//552
f 551//551 553//553 552//552
f 552//552 553//553 554//554
f 553//553 553//553 554//554
f 554//554 553//553 555//555
f 553//553 556//556 555//555
f 555//555 556//556 556//556
f 556//556 557//557 556//556
f 556//556 557//557 557//557
f 557//557 552//552 557//557
f 557//557 552//552 554//554
f 552//552 554//554 554//554
f 554//554 554//554 557//557
f 554//554 557//557 557//557
f 557//557 557//557 558//558
f 557//557 559//559 558//558
f 558//558 559//559 560//560
f 559//559 559//559 560//560
f 560//560 559//559 561//561
f 559//559 559//559 561//561
f 561//561 559//559 562//562
f 559//559 563//563 562//562
f 562//562 563//563 564//564
f 563//563 565//565 564//564
f 564//564 565//565 566//566
f 565//565 565//565 566//566
f 566//566 565//565 567//567
f 565//565 568//568 567//567
f 567//567 568//568 569//569
f 568//568 570//570 569//569
f 569//569 570//570 570//570
f 570//570 563//563 570//570
f 570//570 563//563 563//563
f 563//563 559//559 563//563
f 563//563 559//559 557//557
f 559//559 557//557 557//557
f 557//557 557//557 571//571
f 557//557 571//571 571//571
f 571//571 571//571 563//563
f 571//571 565//565 563//563
f 563//563 565//565 565//565
f 565//565 564//564 565//565
f 565//565 564//564 564//564
f 564//564 566//566 564//564
f 564//564 566//566 572//572
f 566//566 572//572 572//572
f 572//572 572//572 573//573
f 572//572 573//573 573//573
f 573//573 573//573 565//565
f 573//573 568//568 565//565
f 565//565 568//568 568//568
f 568//568 574//574 568//568
f 568//568 574//574 574//574
f 574//574 570//570 574//574
f 574//574 570//570 556//556
f 570//570 573//573 556//556
f 556//556 573//573 555//555
f 573//573 555//555 555//555
f 555//555 555//555 575//575
f 555//555 575//575 575//575
f 575//575 575//575 576//576
f 575//575 577//577 576//576
f 576//576 577//577 577//577
f 577//577 578//578 577//577
f 577//577 578//578 578//578
f 578//578 579//579 578//578
f 578//578 579//579 580//580
f 579//579 580//580 580//580
f 580//580 580//580 581//581
f 580//580 581//581 581//581
f 581//581 581//581 582//582
f 581//581 583//583 582//582
f 582//582 583//583 583//583
f 583//583 584//584 583//583
f 583//583 584//584 584//584
f 584//584 585//585 584//584
f 584//584 585//585 586//586
f 585//585 586//586 586//586
f 586//586 586//586 587//587
f 586//586 587//587 587//587
f 587//587 587//587 588//588
f 587//587 589//589 588//588
f 588//588 589//589 589//589
f 589//589 590//590 589//589
f 589//589 590//590 590//590
f 590//590 591//591 590//590
f 590//590 591//591 592//592
f 591//591 592//592 592//592
f 592//592 592//592 593//593
f 592//592 593//593 593//593
f 593//593 593//593 594//594
f 593//593 595//595 594//594
f 594//594 595//595 595//595
f 595//595 596//596 595//595
f 595//595 596//596 596//596
f 596//596 597//597 596//596
f 596//596 597//597 598//598
f 597//597 598//598 598//598
f 598//598 598//598 599//599
f 598//598 599//599 599//599
f 599//599 599//599 600//600
f 599//599 601//601 600//600
f 600//600 601//601 601//601
f 601//601 602//602 601//601
f 601//601 602//602 602//602
f 602//602 603//603 602//602
f 602//602 603//603 604//604
f 603//603 604//604 604//604
f 604//604 604//604 605//605
f 604//604 605//605 605//605
f 605//605 605//605 606//606
f 605//605 607//607 606//606
f 606//606 607//607 607//607
f 607//607 608//608 607//607
f 607//607 608//608 608//608
f 608//608 609//609 608//608
f 608//608 609//609 610//610
f 609//609 610//610 610//610
f 610//610 610//610 611//611
f 610//610 611//611 611//611
f 611//611 611//611 612//612
f 611//611 613//613 612//612
f 612//612 613//613 613//613
f 613//613 614//614 613//613
f 613//613 614//614 614//614
f 614//614 615//615 614//614
f 614//614 615//615 616//616
f 615//615 616//616 616//616
f 616//616 616//616 617//617
f 616//616 617//617 617//617
f 617//617 617//617 618//618
f 617//617 619//619 618//618
f 618//618 619//619 620//620
f 619//619 619//619 620//620
f 620//620 619//619 621//621
f 619//619 622//622 621//621
f 621//621 622//622 622//622
f 622//622 623//623 622//622
f 622//622 623//623 623//623
f 623//623 622//622 623//623
f 623//623 622//622 624//624
f 622//622 625//625 624//624
f 624//624 625//625 625//625
f 625//625 626//626 625//625
f 625//625 626//626 626//626
f 626//626 625//625 626//626
f 626//626 625//625 627//627
f 625//625 627//627 627//627
f 627//627 627//627 628//628
f 627//627 628//628 628//628
f 628//628 628//628 629//629
f 628//628 630//630 629//629
f 629//629 630//630 630//630
f 630//630 631//631 630//630
f 630//630 631//631 631//631
f 631//631 632//632 631//631
f 631//631 632//632 633//633
f 632//632 633//633 633//633
f 633//633 633//633 634//634
f 633//633 634//634 634//634
f 634//634 634//634 635//635
f 634//634 636//636 635//635
f 635//635 636//636 636//636
f 636//636 637//637 636//636
f 636//636 637//637 637//637
f 637//637 638//638 637//637
f 637//637 638//638 639//639
f 638//638 639//639 639//639
f 639//639 639//639 640//640
f 639//639 640//640 640//640
f 640//640 640//640 641//641
f 640//640 642//642 641//641
f 641//641 642//642 642//642
f 642//642 643//643 642//642
f 642//642 643//643 643//643
f 643//643 644//644 643//643
f 643//643 644//644 645//645
f 644//644 645//645 645//645
f 645//645 645//645 646//646
f 645//645 646//646 646//646
f 646//646 646//646 647//647
f 646//646 648//648 647//647
f 647//647 648//648 648//648
f 648//648 649//649 648//648
f 648//648 649//649 649//649
f 649//649 650//650 649//649
f 649//649 650//650 651//651
f 650//650 651//651 651//651
f 651//651 651//651 652//652
f 651//651 652//652 652//652
f 652//652 652//652 653//653
f 652//652 654//654 653//653
f 653//653 654//654 654//654
f 654//654 655//655 654//654
f 654//654 655//655 655//655
f 655//655 656//656 655//655
f 655//655 656//656 657//657
f 656//656 658//658 657//657
f 657//657 658//658 658//658
f 658//658 659//659 658//658
f 658//658 659//659 659//659
f 659//659 660//660 659//659
f 659//659 660//660 661//661
f 660//660 661//661 661//661
f 661//661 661//661 662//662
f 661//661 662//662 662//662
f 662//662 662//662 663//663
f 662//662 664//664 663//663
f 663//663 664//664 664//664
f 664//664 665//665 664//664
f 664//664 665//665 665//665
f 665//665 666//666 665//665
f 665//665 666//666 664//664
f 666//666 664//664 664//664
f 664//664 664//664 667//667
f 664//664 667//667 667//667
f 667//667 667//667 668//668
f 667//667 669//669 668//668
f 668//668 669//669 669//669
f 669//669 670//670 669//669
f 669//669 670//670 670//670
f 670//670 671//671 670//670
f 670//670 671//671 672//672
f 671//671 672//672 672//672
f 672//672 672//672 673//673
f 672//672 673//673 673//673
f 673//673 673//673 671//671
f 673//673 674//674 671//671
f 671//671 674//674 674//674
f 674//674 675//675 674//674
f 674//674 675//675 675//675
f 675//675 676//676 675//675
f 675//675 676//676 677//677
f 676//676 677//677 677//677
f 677//677 677//677 678//678
f 677//677 678//678 678//678
f 678//678 678//678 679//679
f 678//678 680//680 679//679
f 679//679 680//680 680//680
f 680//680 681//681 680//680
f 680//680 681//681 681//681
f 681//681 682//682 681//681
f 681//681 682//682 683//683
f 682//682 683//683 683//683
f 683//683 683//683 684//684
f 683//683 684//684 684//684
f 684//684 684//684 685//685
f 684//684 686//686 685//685
f 685//685 686//686 686//686
f 686//686 687//687 686//686
f 686//686 687//687 687//687
f 687//687 688//688 687//687
f 687//687 688//688 689//689
f 688//688 689//689 689//689
f 689//689 689//689 690//690
f 689//689 690//690 690//690
f 690//690 690//690 691//691
f 690//690 692//692 691//691
f 691//691 692//692 692//692
f 692//692 693//693 692//692
f 692//692 693//693 693//693
f 693//693 694//694 693//693
f 693//693 694//694 695//695
f 694//694 695//695 695//695
f 695//695 695//695 696//696
f 695//695 696//696 696//696
f 696//696 696//696 697//697
f 696//696 698//698 697//697
