o quilt
v -3.155759334564209 -6.606022357940674 8.91470718383789
v -2.9716765880584717 -7.041947364807129 8.874410629272461
v -3.1376426219940186 -6.255161762237549 11.478083610534668
v -2.9696526527404785 -6.682826995849609 11.476279258728027
v -3.3107125759124756 -6.1538238525390625 8.959013938903809
v -3.2650539875030518 -5.839947700500488 11.479887962341309
v -3.418459415435791 -5.3677778244018555 9.048629760742188
v -3.4524900913238525 -4.919524669647217 11.48349666595459
v -3.3841114044189453 -4.4831061363220215 9.161101341247559
v -3.161593198776245 -5.277535438537598 15.081564903259277
v -3.0495798587799072 -5.6658735275268555 15.076752662658691
v -2.8795063495635986 -6.0542120933532715 15.071741104125977
v -2.6782994270324707 -6.715620040893555 13.158130645751953
v -2.691157579421997 -7.0731377601623535 11.474273681640625
v -2.5358669757843018 -6.8557915687561035 13.122645378112793
v -2.5113413333892822 -7.211460113525391 11.473672866821289
v -2.3165435791015625 -7.267923355102539 11.472870826721191
v -2.4947922229766846 -7.574648857116699 8.919919967651367
v -2.3264055252075195 -7.6759867668151855 8.996103286743164
v -2.659607410430908 -7.475900173187256 8.844338417053223
v -2.2876124382019043 -6.946527004241943 13.140889167785645
v -2.6764142513275146 -6.6995930671691895 13.24373722076416
v -2.636807918548584 -6.400387763977051 15.068532943725586
v -2.5349740982055664 -6.80919075012207 13.359214782714844
v -2.2508039474487305 -6.577051162719727 15.068532943725586
v -2.281679630279541 -6.901529312133789 13.380064964294434
v -2.1596457958221436 -6.0653076171875 17.209291458129883
v -2.535926580429077 -5.9061503410339355 17.21029281616211
v -2.766441583633423 -5.599547863006592 17.212697982788086
v -2.0684874057769775 -5.553440570831299 19.350248336791992
v -2.4096662998199463 -5.411789417266846 19.352252960205078
v -2.230663537979126 -4.946646690368652 20.996414184570312
v -2.6533567905426025 -5.14488410949707 19.353456497192383
v -2.4638571739196777 -4.714999675750732 20.995813369750977
v -2.9275460243225098 -5.258673191070557 17.21570587158203
v -2.790372133255005 -4.851472854614258 19.354660034179688
v -3.0380115509033203 -4.9177985191345215 17.218713760375977
v -1.9036723375320435 -5.081147193908691 20.996213912963867
v -2.558487892150879 -4.488653659820557 20.996614456176758
v -2.867818832397461 -4.557938575744629 19.35586166381836
v -2.6704812049865723 -4.220638751983643 20.997417449951172
v -2.970902919769287 -3.89616060256958 19.342029571533203
v -2.778367042541504 -3.673266649246216 20.99280548095703
v -2.9304232597351074 -3.414128065109253 19.3436336517334
v -2.7385027408599854 -3.243382453918457 20.993608474731445
v -2.6796486377716064 -2.8816730976104736 19.34483528137207
v -2.5040788650512695 -2.761596441268921 20.994409561157227
v -2.186314582824707 -2.3772029876708984 19.345638275146484
v -2.0429892539978027 -2.321233034133911 20.99561309814453
v -1.4797089099884033 -2.0464375019073486 19.34623908996582
v -1.3826572895050049 -2.0370681285858154 20.996213912963867
v -0.6596018075942993 -1.8181191682815552 19.346439361572266
v -0.6163244843482971 -1.8384606838226318 20.996414184570312
v -0.000003986100182373775 -1.7577110528945923 19.346439361572266
v -0.000003986100182373775 -1.7858192920684814 20.996414184570312
v -0.000003986100182373775 -1.7694227695465088 17.219514846801758
v -0.6963111758232117 -1.8379676342010498 17.219514846801758
v -1.5620568990707397 -2.097846031188965 17.219314575195312
v -2.307971477508545 -2.4791572093963623 17.218914031982422
v -2.8286292552948 -3.0519254207611084 17.218111038208008
v -3.093273878097534 -3.636282205581665 17.21670913696289
v -3.134646415710449 -4.1694769859313965 17.214502334594727
v -3.2983901500701904 -4.442916393280029 15.0869779586792
v -3.408418893814087 -4.269211769104004 11.485901832580566
v -3.2561047077178955 -3.8585596084594727 15.089584350585938
v -2.9776296615600586 -3.2223012447357178 15.091187477111816
v -2.4296083450317383 -2.5812346935272217 15.09218978881836
v -1.6444247961044312 -2.1493778228759766 15.092391014099121
v -0.7330403923988342 -1.8578159809112549 15.092391014099121
v -0.000003986100182373775 -1.7810113430023193 15.092391014099121
v 0.6963031888008118 -1.8379676342010498 17.219314575195312
v 0.6595938801765442 -1.8181191682815552 19.34623908996582
v 1.4797009229660034 -2.0464375019073486 19.34623908996582
v 1.382649302482605 -2.0370681285858154 20.996213912963867
v 2.0429813861846924 -2.321233034133911 20.99561309814453
v 2.186326503753662 -2.3772029876708984 19.345638275146484
v 2.50407075881958 -2.761596441268921 20.994409561157227
v 0.6163164973258972 -1.8384606838226318 20.996414184570312
v -0.000003986100182373775 -1.7858192920684814 20.996414184570312
v 1.5620489120483398 -2.097846031188965 17.219314575195312
v 0.7330324053764343 -1.8578159809112549 15.092391014099121
v -0.000003986100182373775 -1.8846914768218994 11.489710807800293
v -0.7673686146736145 -1.9737011194229126 11.489710807800293
v -1.648730754852295 -2.3201234340667725 11.489510536193848
v -2.3787312507629395 -2.727693796157837 11.489310264587402
v -3.1170060634613037 -3.5612034797668457 11.487706184387207
v -3.158477783203125 -3.8702714443206787 9.161101341247559
v -2.3458712100982666 -2.9759838581085205 9.161101341247559
v -1.6515086889266968 -2.430584192276001 9.161101341247559
v -0.7606220245361328 -2.1430904865264893 9.161101341247559
v 0.000015856800018809736 -2.0334928035736084 9.161101341247559
v 0.7606338858604431 -2.1430904865264893 9.161101341247559
v 0.7673804759979248 -1.9737011194229126 11.489710807800293
v 1.6444168090820312 -2.1493778228759766 15.092391014099121
v 2.3079633712768555 -2.4791572093963623 17.218914031982422
v 2.679640769958496 -2.8816730976104736 19.34483528137207
v 2.738494873046875 -3.243382453918457 20.993608474731445
v 2.930415391921997 -3.414128065109253 19.343833923339844
v 2.7783591747283936 -3.673266649246216 20.993005752563477
v 2.828641176223755 -3.0519254207611084 17.218111038208008
v 2.429600477218628 -2.5812346935272217 15.09218978881836
v 1.7214667797088623 -2.3117403984069824 11.489710807800293
v 1.6515206098556519 -2.430584192276001 9.161101341247559
v 2.4424784183502197 -2.996448516845703 9.161101341247559
v 2.5433993339538574 -2.819662094116211 11.489109992980957
v 3.117017984390259 -3.5612034797668457 11.487706184387207
v 2.977621555328369 -3.2223012447357178 15.091187477111816
v 3.093266010284424 -3.636282205581665 17.21670913696289
v 2.970914602279663 -3.89616060256958 19.342029571533203
v 2.6704535484313965 -4.220638751983643 20.997617721557617
v 2.8753910064697266 -4.557938575744629 19.35586166381836
v 2.5545907020568848 -4.497900009155273 20.996614456176758
v 3.15848970413208 -3.8702714443206787 9.161101341247559
v 3.408430814743042 -4.269211769104004 11.485901832580566
v 3.2561166286468506 -3.8585596084594727 15.089584350585938
v 3.134638547897339 -4.1694769859313965 17.214502334594727
v 3.3841233253479004 -4.4831061363220215 9.161101341247559
v 3.452481985092163 -4.919524669647217 11.48349666595459
v 3.418471336364746 -5.3677778244018555 9.048629760742188
v 3.265065908432007 -5.839947700500488 11.479887962341309
v 3.3107242584228516 -6.1538238525390625 8.959013938903809
v 3.1376545429229736 -6.255161762237549 11.478083610534668
v 3.155771255493164 -6.606022357940674 8.91470718383789
v 2.9716885089874268 -7.041947364807129 8.874410629272461
v 2.969644784927368 -6.682826995849609 11.476279258728027
v 2.6911497116088867 -7.0731377601623535 11.474273681640625
v 2.6596193313598633 -7.475900173187256 8.844338417053223
v 2.511353015899658 -7.211460113525391 11.473672866821289
v 2.4948041439056396 -7.574648857116699 8.919919967651367
v 2.3165552616119385 -7.267923355102539 11.472870826721191
v 2.3264172077178955 -7.6759867668151855 8.996103286743164
v 2.2876243591308594 -6.946527004241943 13.140889167785645
v 2.5358591079711914 -6.8557915687561035 13.122645378112793
v 2.6782915592193604 -6.715620040893555 13.158130645751953
v 2.8794984817504883 -6.0542120933532715 15.071741104125977
v 2.6764261722564697 -6.6995930671691895 13.24373722076416
v 2.6254498958587646 -6.400387763977051 15.068532943725586
v 2.5349860191345215 -6.80919075012207 13.359214782714844
v 2.25079607963562 -6.577051162719727 15.068532943725586
v 2.281691312789917 -6.901529312133789 13.380064964294434
v 2.159637689590454 -6.0653076171875 17.209291458129883
v 2.535263776779175 -5.9061503410339355 17.21029281616211
v 2.068479537963867 -5.553440570831299 19.350248336791992
v 2.409658193588257 -5.411789417266846 19.352252960205078
v 2.2306554317474365 -4.946646690368652 20.996414184570312
v 2.6533687114715576 -5.14488410949707 19.353456497192383
v 2.4638493061065674 -4.714999675750732 20.995813369750977
v 1.9036643505096436 -5.081147193908691 20.996213912963867
v 2.7664337158203125 -5.599547863006592 17.212697982788086
v 3.0457818508148193 -5.6658735275268555 15.076752662658691
v 2.9388883113861084 -5.258673191070557 17.21570587158203
v 2.783895254135132 -4.851472854614258 19.354660034179688
v 3.038003444671631 -4.9177985191345215 17.218713760375977
v 3.2983622550964355 -4.442916393280029 15.0869779586792
v 3.161604881286621 -5.277535438537598 15.081765174865723
v -2.3264055252075195 -7.6759867668151855 8.996103286743164
v -2.3090429306030273 -7.289004325866699 8.979063034057617
v -2.3165435791015625 -7.267923355102539 11.472870826721191
v -2.286719560623169 -6.94418478012085 11.474273681640625
v -2.2876124382019043 -6.946527004241943 13.140889167785645
v -2.2668964862823486 -6.608241081237793 13.061697959899902
v 2.3264172077178955 -7.6759867668151855 8.996103286743164
v 2.3165552616119385 -7.267923355102539 11.472870826721191
v 2.3090548515319824 -7.289004325866699 8.979063034057617
v 2.286731481552124 -6.94418478012085 11.474273681640625
v 2.2876243591308594 -6.946527004241943 13.140889167785645
v 2.2668886184692383 -6.608241081237793 13.061697959899902
v -1.4977858066558838 -4.241103649139404 23.74884605407715
v -1.700957179069519 -4.385960102081299 22.442699432373047
v -1.7046480178833008 -4.639551162719727 22.4424991607666
v -1.9087917804718018 -4.778366565704346 20.996414184570312
v -1.9036723375320435 -5.081147193908691 20.996213912963867
v -2.052633047103882 -5.21700382232666 19.352252960205078
v -2.0684874057769775 -5.553440570831299 19.350248336791992
v -2.147223949432373 -5.7002692222595215 17.21029281616211
v -2.1596457958221436 -6.0653076171875 17.209291458129883
v -2.2418150901794434 -6.183534622192383 15.068532943725586
v -2.2508039474487305 -6.577051162719727 15.068532943725586
v -2.263801097869873 -6.555969715118408 13.308492660522461
v -2.281679630279541 -6.901529312133789 13.380064964294434
v -1.515743613243103 -4.089343547821045 23.72679328918457
v -0.000003986100182373775 -4.0667829513549805 24.75346565246582
v -0.000003986100182373775 -3.8976399898529053 24.754669189453125
v -0.58402019739151 -4.068262100219727 24.65683364868164
v -0.57919842004776 -3.90047550201416 24.663448333740234
v -1.0011378526687622 -4.10783576965332 24.400615692138672
v -0.9956413507461548 -3.9394326210021973 24.409236907958984
v -1.4977858066558838 -4.241103649139404 23.74884605407715
v -1.515743613243103 -4.089343547821045 23.72679328918457
v 0.5840122699737549 -4.068262100219727 24.65683364868164
v 0.5791904330253601 -3.90047550201416 24.663448333740234
v 1.0011298656463623 -4.10783576965332 24.400615692138672
v 0.9956333637237549 -3.9394326210021973 24.409236907958984
v 1.4977778196334839 -4.241103649139404 23.74884605407715
v 1.5157356262207031 -4.089343547821045 23.72679328918457
v 1.4977778196334839 -4.241103649139404 23.74884605407715
v 1.7009491920471191 -4.385960102081299 22.442699432373047
v 1.7046400308609009 -4.639551162719727 22.4424991607666
v 1.9087837934494019 -4.778366565704346 20.996414184570312
v 1.9036643505096436 -5.081147193908691 20.996213912963867
v 2.0526249408721924 -5.21700382232666 19.352252960205078
v 2.068479537963867 -5.553440570831299 19.350248336791992
v 2.1472160816192627 -5.7002692222595215 17.21029281616211
v 2.159637689590454 -6.0653076171875 17.209291458129883
v 2.2418270111083984 -6.183534622192383 15.068532943725586
v 2.25079607963562 -6.577051162719727 15.068532943725586
v 2.2637929916381836 -6.555969715118408 13.308492660522461
v 2.281691312789917 -6.901529312133789 13.380064964294434
v 1.5157356262207031 -4.089343547821045 23.72679328918457
v -0.4586130976676941 -5.61064338684082 -18.7373104095459
v -0.5469735264778137 -5.61064338684082 -18.768587112426758
v -0.3557474911212921 -5.61064338684082 -18.738313674926758
v -0.5572521686553955 -5.61064338684082 -19.804481506347656
v 0.36776432394981384 -5.61064338684082 -20.003360748291016
v -0.000023828999474062584 -5.61064338684082 -20.01919937133789
v 0.18528901040554047 -5.61064338684082 -20.014789581298828
v -0.6002715826034546 -5.61064338684082 -18.877849578857422
v -0.5898540019989014 -5.61064338684082 -19.213258743286133
v -0.5745353102684021 -5.61064338684082 -19.516788482666016
v -0.49393343925476074 -5.609287261962891 -19.93138885498047
v -0.36781197786331177 -5.61064338684082 -20.003360748291016
v -0.18533667922019958 -5.61064338684082 -20.014989852905273
v 0.5970093607902527 -5.61064338684082 -18.389873504638672
v 0.3557792007923126 -5.61064338684082 -18.389873504638672
v 0.5970093607902527 -5.61064338684082 -18.447412490844727
v 0.3557593822479248 -5.61064338684082 -18.450420379638672
v 0.3557593822479248 -5.61064338684082 -18.459041595458984
v 0.3556998372077942 -5.61064338684082 -18.738313674926758
v 0.35585859417915344 -5.61064338684082 -18.068700790405273
v 0.35772380232810974 -5.61064338684082 -17.799652099609375
v 0.3581405282020569 -5.61064338684082 -17.740509033203125
v 0.6304049491882324 -5.61064338684082 -17.79865074157715
v 0.6290754675865173 -5.61064338684082 -17.7395076751709
v -0.35580703616142273 -5.61064338684082 -18.450420379638672
v -0.35582685470581055 -5.61064338684082 -18.389873504638672
v -0.35590624809265137 -5.61064338684082 -18.068700790405273
v -0.35777148604393005 -5.61064338684082 -17.799652099609375
v -0.3581881821155548 -5.61064338684082 -17.740509033203125
v -0.6291231513023376 -5.61064338684082 -17.7395076751709
v -0.6304526329040527 -5.61064338684082 -17.79865074157715
v -0.5970569849014282 -5.61064338684082 -18.389873504638672
v -0.5970569849014282 -5.61064338684082 -18.447412490844727
v -0.3595176339149475 -5.61064338684082 -17.54604148864746
v -0.000023828999474062584 -5.61064338684082 -17.54383659362793
v 0.3594699800014496 -5.61064338684082 -17.54604148864746
v 0.4938857853412628 -5.609287261962891 -19.93138885498047
v 0.5572044849395752 -5.61064338684082 -19.804481506347656
v 0.5897865295410156 -5.61064338684082 -19.213258743286133
v 0.5744678378105164 -5.61064338684082 -19.516788482666016
v 0.5469258427619934 -5.61064338684082 -18.768587112426758
v 0.45856544375419617 -5.61064338684082 -18.7373104095459
v 0.6002238988876343 -5.61064338684082 -18.877849578857422
v 2.6020748615264893 -4.442916393280029 20.805355072021484
v 2.5900301933288574 -4.425780296325684 20.875322341918945
v 2.5919549465179443 -4.55251407623291 20.9434871673584
v 2.197855234146118 -4.313470363616943 22.438087463378906
v 2.19934344291687 -4.154806137084961 22.396787643432617
v 1.750119924545288 -4.129040241241455 23.748043060302734
v 1.7574816942214966 -3.9669244289398193 23.715164184570312
v 1.3630247116088867 -3.952007293701172 24.760482788085938
v 1.3275257349014282 -3.7727553844451904 24.862730026245117
v 1.3164732456207275 -3.9311726093292236 24.878969192504883
v 1.2746046781539917 -3.7488386631011963 25.00086212158203
v 1.4093577861785889 -4.195858955383301 24.619943618774414
v 1.3711999654769897 -4.179092884063721 24.712568283081055
v 1.7389087677001953 -4.347002983093262 23.78814125061035
v 2.193251609802246 -4.527364253997803 22.49382209777832
v 2.5896928310394287 -4.735218048095703 21.042526245117188
v 2.5999715328216553 -4.745203495025635 20.97596549987793
v 2.603424072265625 -4.5664448738098145 20.874521255493164
v 2.6071150302886963 -4.572485446929932 20.84845733642578
v 2.6060235500335693 -4.4496965408325195 20.77889060974121
v 2.603166103363037 -4.749518394470215 20.95030403137207
v 2.5800094604492188 -4.9856038093566895 21.115901947021484
v 2.581855058670044 -4.988316059112549 21.09184455871582
v 2.572310447692871 -5.0243144035339355 21.154193878173828
v 2.5714175701141357 -5.040340900421143 21.14457130432129
v 2.561476230621338 -5.055504322052002 21.21734619140625
v 2.5651869773864746 -5.034546375274658 21.208324432373047
v 2.572350263595581 -4.980055809020996 21.17845344543457
v 2.177992343902588 -4.81226921081543 22.567399978637695
v 1.719680905342102 -4.6321539878845215 23.82623291015625
v 1.4631321430206299 -4.5136799812316895 24.432092666625977
v 1.4355504512786865 -4.5024614334106445 24.492237091064453
v 1.4875388145446777 -4.580129146575928 24.361520767211914
v 1.4712477922439575 -4.592827320098877 24.39019012451172
v 1.7133312225341797 -4.706246852874756 23.83304786682129
v 2.171602964401245 -4.888334274291992 22.586444854736328
v 2.1680312156677246 -4.916442394256592 22.593061447143555
v 1.7098190784454346 -4.733615398406982 23.835052490234375
v 1.2098374366760254 -3.7467427253723145 24.977005004882812
v 1.2520631551742554 -3.926981210708618 24.85511016845703
v 1.2615083456039429 -3.7713992595672607 24.83867073059082
v 1.2972455024719238 -3.9483089447021484 24.736225128173828
v 1.6827930212020874 -4.130642890930176 23.72438621520996
v 1.6719785928726196 -4.346632957458496 23.763280868530273
v 1.344193696975708 -4.190557956695557 24.594282150268555
v 1.3991189002990723 -4.507515907287598 24.404224395751953
v 1.3076629638671875 -4.173051834106445 24.687707901000977
v 1.373779535293579 -4.49555778503418 24.46537208557129
v 1.6898174285888672 -3.970869541168213 23.692710876464844
v 2.1290202140808105 -4.320003986358643 22.417238235473633
v 2.130488395690918 -4.163559436798096 22.37693977355957
v 2.5216119289398193 -4.559910774230957 20.926044464111328
v 2.519845962524414 -4.437121868133545 20.85908317565918
v 2.5323469638824463 -4.454258441925049 20.78951644897461
v 2.5335772037506104 -4.573718547821045 20.857479095458984
v 2.5389745235443115 -4.579636096954346 20.83201789855957
v 2.5298664569854736 -4.748655796051025 20.959125518798828
v 2.5350255966186523 -4.752847194671631 20.934064865112305
v 2.5141708850860596 -4.9870829582214355 21.077009201049805
v 2.5098252296447754 -4.984740734100342 21.100465774536133
v 2.5030388832092285 -5.021725177764893 21.138357162475586
v 2.5041699409484863 -5.037012100219727 21.129335403442383
v 2.494565963745117 -5.052175998687744 21.201509475708008
v 2.495379686355591 -5.031957626342773 21.191884994506836
v 2.104017972946167 -4.890059947967529 22.56399154663086
v 2.103144884109497 -4.917922019958496 22.571208953857422
v 1.6481671333312988 -4.703904151916504 23.80658531188965
v 1.6473734378814697 -4.731149673461914 23.80959129333496
v 1.4097745418548584 -4.5860466957092285 24.363325119018555
v 1.4241605997085571 -4.573841571807861 24.334054946899414
v 1.6534056663513184 -4.630551338195801 23.799968719482422
v 2.1093955039978027 -4.81522798538208 22.54514503479004
v 2.1244165897369385 -4.532049179077148 22.472370147705078
v 2.519052267074585 -4.738916397094727 21.025083541870117
v 2.5014712810516357 -4.979809284210205 21.16241455078125
v 2.537863254547119 -4.460792064666748 20.76325225830078
v 2.537863254547119 -4.460792064666748 20.76325225830078
v 2.5476059913635254 -4.460422515869141 20.761648178100586
v 2.5389745235443115 -4.579636096954346 20.83201789855957
v 2.5487570762634277 -4.580252647399902 20.831016540527344
v 2.54496693611145 -4.753340244293213 20.932661056518555
v 2.5947329998016357 -4.7508745193481445 20.944690704345703
v 2.523973226547241 -4.988192558288574 21.075605392456055
v 2.5350255966186523 -4.752847194671631 20.934064865112305
v 2.5141708850860596 -4.9870829582214355 21.077009201049805
v 2.597669839859009 -4.452162265777588 20.773277282714844
v 2.598721504211426 -4.574951171875 20.84304428100586
v 2.6071150302886963 -4.572485446929932 20.84845733642578
v 2.603166103363037 -4.749518394470215 20.95030403137207
v 2.5730247497558594 -4.989055633544922 21.0864315032959
v 2.581855058670044 -4.988316059112549 21.09184455871582
v 2.5622501373291016 -5.042436599731445 21.140562057495117
v 2.5714175701141357 -5.040340900421143 21.14457130432129
v 2.561476230621338 -5.055504322052002 21.21734619140625
v 2.552110433578491 -5.058093547821045 21.214340209960938
v 2.1680312156677246 -4.916442394256592 22.593061447143555
v 2.6060235500335693 -4.4496965408325195 20.77889060974121
v 2.5136351585388184 -5.039970874786377 21.129335403442383
v 2.503812789916992 -5.055751323699951 21.202911376953125
v 2.111855983734131 -4.9208807945251465 22.57501792907715
v 2.494565963745117 -5.052175998687744 21.201509475708008
v 2.103144884109497 -4.917922019958496 22.571208953857422
v 1.6473734378814697 -4.731149673461914 23.80959129333496
v 1.655826449394226 -4.7346014976501465 23.813400268554688
v 2.1587448120117188 -4.919894218444824 22.590656280517578
v 1.7009096145629883 -4.736327648162842 23.831846237182617
v 1.7098190784454346 -4.733615398406982 23.835052490234375
v 1.4712477922439575 -4.592827320098877 24.39019012451172
v 1.4611080884933472 -4.593443393707275 24.389589309692383
v 1.4355504512786865 -4.5024614334106445 24.492237091064453
v 2.5041699409484863 -5.037012100219727 21.129335403442383
v 1.4165806770324707 -4.588388919830322 24.370141983032227
v 1.4097745418548584 -4.5860466957092285 24.363325119018555
v 1.373779535293579 -4.49555778503418 24.46537208557129
v 1.3802284002304077 -4.496790409088135 24.473190307617188
v 1.3076629638671875 -4.173051834106445 24.687707901000977
v 1.3142706155776978 -4.173544883728027 24.69532585144043
v 1.2520631551742554 -3.926981210708618 24.85511016845703
v 1.258710503578186 -3.927227735519409 24.862730026245117
v 1.2163459062576294 -3.7462496757507324 24.985023498535156
v 1.264187216758728 -3.7477290630340576 25.002666473388672
v 1.3061548471450806 -3.930309772491455 24.880170822143555
v 1.3164732456207275 -3.9311726093292236 24.878969192504883
v 1.3609411716461182 -4.178353309631348 24.713369369506836
v 1.3711999654769897 -4.179092884063721 24.712568283081055
v 1.4251924753189087 -4.502091407775879 24.4924373626709
v 1.2098374366760254 -3.7467427253723145 24.977005004882812
v 1.2746046781539917 -3.7488386631011963 25.00086212158203
v -2.6059720516204834 -4.4496965408325195 20.77889060974121
v -2.6070632934570312 -4.572485446929932 20.84845733642578
v -2.6020431518554688 -4.442916393280029 20.805355072021484
v -2.6033923625946045 -4.5664448738098145 20.874521255493164
v -2.591923236846924 -4.55251407623291 20.9434871673584
v -2.5999200344085693 -4.745203495025635 20.97596549987793
v -2.589661121368408 -4.735218048095703 21.042526245117188
v -2.579957962036133 -4.9856038093566895 21.115901947021484
v -2.572298526763916 -4.980055809020996 21.17845344543457
v -2.572258949279785 -5.0243144035339355 21.154193878173828
v -2.581803321838379 -4.988316059112549 21.09184455871582
v -2.57136607170105 -5.040340900421143 21.14457130432129
v -2.5614445209503174 -5.055504322052002 21.21734619140625
v -2.5651352405548096 -5.034546375274658 21.208324432373047
v -2.171551465988159 -4.888334274291992 22.586444854736328
v -2.6031343936920166 -4.749518394470215 20.95030403137207
v -2.1679797172546387 -4.916442394256592 22.593061447143555
v -1.7097872495651245 -4.733615398406982 23.835052490234375
v -1.7132796049118042 -4.706246852874756 23.83304786682129
v -1.4711962938308716 -4.592827320098877 24.39019012451172
v -1.4874873161315918 -4.580129146575928 24.361520767211914
v -1.4354989528656006 -4.5024614334106445 24.492237091064453
v -1.4630805253982544 -4.5136799812316895 24.432092666625977
v -1.3711483478546143 -4.179092884063721 24.712568283081055
v -1.409306287765503 -4.195858955383301 24.619943618774414
v -1.3164018392562866 -3.9311726093292236 24.878969192504883
v -1.3629533052444458 -3.952007293701172 24.760482788085938
v -1.3274741172790527 -3.7727553844451904 24.862730026245117
v -1.757430076599121 -3.9669244289398193 23.715164184570312
v -1.7500684261322021 -4.129040241241455 23.748043060302734
v -2.199291706085205 -4.154806137084961 22.396787643432617
v -2.197803497314453 -4.313470363616943 22.438087463378906
v -2.5899786949157715 -4.425780296325684 20.875322341918945
v -1.2745531797409058 -3.7488386631011963 25.00086212158203
v -2.19320011138916 -4.527364253997803 22.49382209777832
v -2.177940845489502 -4.81226921081543 22.567399978637695
v -1.7196294069290161 -4.6321539878845215 23.82623291015625
v -1.7388571500778198 -4.347002983093262 23.78814125061035
v -1.3737279176712036 -4.49555778503418 24.46537208557129
v -1.4241091012954712 -4.573841571807861 24.334054946899414
v -1.3990672826766968 -4.507515907287598 24.404224395751953
v -1.6533540487289429 -4.630551338195801 23.799968719482422
v -1.6719270944595337 -4.346632957458496 23.763280868530273
v -1.344142198562622 -4.190557956695557 24.594282150268555
v -1.2971938848495483 -3.9483089447021484 24.736024856567383
v -1.2520116567611694 -3.926981210708618 24.85511016845703
v -1.261436939239502 -3.7713992595672607 24.83867073059082
v -1.2097859382629395 -3.7467427253723145 24.977005004882812
v -1.3076114654541016 -4.173051834106445 24.687707901000977
v -1.682741403579712 -4.130642890930176 23.72438621520996
v -2.1289684772491455 -4.320003986358643 22.417238235473633
v -1.6897658109664917 -3.970869541168213 23.6925106048584
v -2.1304566860198975 -4.163559436798096 22.37693977355957
v -2.5215604305267334 -4.559910774230957 20.926044464111328
v -2.519794225692749 -4.437121868133545 20.85908317565918
v -2.5322954654693604 -4.454258441925049 20.78951644897461
v -2.53354549407959 -4.573718547821045 20.857479095458984
v -2.5389227867126465 -4.579636096954346 20.83201789855957
v -2.5298149585723877 -4.748655796051025 20.959125518798828
v -2.5349740982055664 -4.752847194671631 20.934064865112305
v -2.5141191482543945 -4.9870829582214355 21.077009201049805
v -2.509793519973755 -4.984740734100342 21.100465774536133
v -2.5029873847961426 -5.021725177764893 21.138357162475586
v -2.504138231277466 -5.037012100219727 21.129335403442383
v -2.4945144653320312 -5.052175998687744 21.201509475708008
v -2.495327949523926 -5.031957626342773 21.191884994506836
v -2.103966474533081 -4.890059947967529 22.56399154663086
v -2.50141978263855 -4.979809284210205 21.16241455078125
v -2.51900053024292 -4.738916397094727 21.025283813476562
v -2.1243650913238525 -4.532049179077148 22.472370147705078
v -2.109344005584717 -4.81522798538208 22.54514503479004
v -1.6481155157089233 -4.703904151916504 23.80658531188965
v -2.103093385696411 -4.917922019958496 22.571208953857422
v -1.6473218202590942 -4.731149673461914 23.80959129333496
v -1.409722924232483 -4.5860466957092285 24.363325119018555
v -2.537811756134033 -4.460792064666748 20.76325225830078
v -2.537811756134033 -4.460792064666748 20.76325225830078
v -2.547574281692505 -4.460422515869141 20.761648178100586
v -2.5389227867126465 -4.579636096954346 20.83201789855957
v -2.5487053394317627 -4.580252647399902 20.831016540527344
v -2.5449154376983643 -4.753340244293213 20.932661056518555
v -2.5349740982055664 -4.752847194671631 20.934064865112305
v -2.5239217281341553 -4.988192558288574 21.075605392456055
v -2.5141191482543945 -4.9870829582214355 21.077009201049805
v -2.5135834217071533 -5.039970874786377 21.129335403442383
v -2.504138231277466 -5.037012100219727 21.129335403442383
v -2.4945144653320312 -5.052175998687744 21.201509475708008
v -2.5037810802459717 -5.055751323699951 21.202911376953125
v -2.111804485321045 -4.9208807945251465 22.57501792907715
v -2.103093385696411 -4.917922019958496 22.571208953857422
v -1.6473218202590942 -4.731149673461914 23.80959129333496
v -1.6557749509811401 -4.7346014976501465 23.813400268554688
v -1.4165290594100952 -4.588388919830322 24.370141983032227
v -1.409722924232483 -4.5860466957092285 24.363325119018555
v -1.3737279176712036 -4.49555778503418 24.46537208557129
v -1.3801769018173218 -4.496790409088135 24.473190307617188
v -1.3076114654541016 -4.173051834106445 24.687707901000977
v -1.3142191171646118 -4.173544883728027 24.69532585144043
v -1.2520116567611694 -3.926981210708618 24.85511016845703
v -1.2586390972137451 -3.927227735519409 24.862730026245117
v -1.2162744998931885 -3.7462496757507324 24.985023498535156
v -1.2641355991363525 -3.7477290630340576 25.002666473388672
v -1.3061033487319946 -3.930309772491455 24.880170822143555
v -1.3164018392562866 -3.9311726093292236 24.878969192504883
v -1.3608895540237427 -4.178353309631348 24.713369369506836
v -1.3711483478546143 -4.179092884063721 24.712568283081055
v -2.5976381301879883 -4.452162265777588 20.773277282714844
v -2.5986697673797607 -4.574951171875 20.84304428100586
v -1.2097859382629395 -3.7467427253723145 24.977005004882812
v -1.2745531797409058 -3.7488386631011963 25.00086212158203
v -1.4251408576965332 -4.502091407775879 24.4924373626709
v -1.4610565900802612 -4.593443393707275 24.389589309692383
v -1.4354989528656006 -4.5024614334106445 24.492237091064453
v -1.7008579969406128 -4.736327648162842 23.831846237182617
v -2.158693313598633 -4.919894218444824 22.590656280517578
v -2.5520589351654053 -5.058093547821045 21.214340209960938
v -2.5621986389160156 -5.042436599731445 21.140562057495117
v -2.5729732513427734 -4.989055633544922 21.0864315032959
v -2.5947012901306152 -4.7508745193481445 20.944690704345703
v -2.6070632934570312 -4.572485446929932 20.84845733642578
v -2.6059720516204834 -4.4496965408325195 20.77889060974121
v -2.6031343936920166 -4.749518394470215 20.95030403137207
v -2.581803321838379 -4.988316059112549 21.09184455871582
v -2.57136607170105 -5.040340900421143 21.14457130432129
v -2.5614445209503174 -5.055504322052002 21.21734619140625
v -2.1679797172546387 -4.916442394256592 22.593061447143555
v -1.7097872495651245 -4.733615398406982 23.835052490234375
v -1.4711962938308716 -4.592827320098877 24.39019012451172
v -1.3787680864334106 -2.8613314628601074 25.719392776489258
v -1.3727953433990479 -2.827059030532837 25.75367546081543
v -1.3950591087341309 -2.8388941287994385 25.759689331054688
v -1.357853651046753 -2.8073339462280273 25.818632125854492
v -1.3924596309661865 -2.8255796432495117 25.82785415649414
v -1.3389036655426025 -2.8026492595672607 25.894214630126953
v -1.380732536315918 -2.822497606277466 25.88418960571289
v -1.404266119003296 -2.8639204502105713 25.831863403320312
v -1.4026390314102173 -2.8634274005889893 25.762296676635742
v -1.3488847017288208 -2.8350725173950195 25.747861862182617
v -1.3206878900527954 -2.8197853565216064 25.809410095214844
v -1.2941975593566895 -2.8154706954956055 25.904438018798828
v -1.3389036655426025 -2.8026492595672607 25.894214630126953
v -1.3787680864334106 -2.8613314628601074 25.719392776489258
v -1.3911103010177612 -2.8864810466766357 25.759891510009766
v -1.3863282203674316 -2.899672269821167 25.82825469970703
v -1.3671996593475342 -2.8944942951202393 25.75407600402832
v -1.3491624593734741 -2.912123680114746 25.819032669067383
v -1.374204158782959 -2.9012749195098877 25.88459014892578
v -1.3296568393707275 -2.914219379425049 25.894615173339844
v -1.3689656257629395 -2.8969600200653076 25.892610549926758
v -1.3259661197662354 -2.909288167953491 25.902433395385742
v -1.2940586805343628 -2.820401906967163 25.911054611206055
v -1.3259661197662354 -2.909288167953491 25.902433395385742
v -1.3366217613220215 -2.8080737590789795 25.901432037353516
v -1.3879950046539307 -2.8628108501434326 25.888601303100586
v -1.374839186668396 -2.826072931289673 25.892210006713867
v -1.3952971696853638 -2.8633038997650146 25.880380630493164
v -1.3366217613220215 -2.8080737590789795 25.901432037353516
v -1.2940586805343628 -2.820401906967163 25.911054611206055
v -1.2941975593566895 -2.8154706954956055 25.904438018798828
v -0.2931034564971924 -2.4579527378082275 27.330074310302734
v -0.32304638624191284 -2.4393372535705566 27.324861526489258
v -0.3283246159553528 -2.4393372535705566 27.30401039123535
v -0.3600930869579315 -2.445624589920044 27.312231063842773
v -0.3639029264450073 -2.4505558013916016 27.284162521362305
v -0.33636099100112915 -2.4450082778930664 27.277145385742188
v -0.3643791675567627 -2.460171937942505 27.25649642944336
v -0.34529030323028564 -2.456350088119507 27.251483917236328
v -0.31308525800704956 -2.461158037185669 27.271331787109375
v -0.3014771640300751 -2.4579527378082275 27.29719352722168
v -0.3557673394680023 -2.4821159839630127 27.23163604736328
v -0.3752332329750061 -2.4768149852752686 27.25910186767578
v -0.3795986771583557 -2.4744725227355957 27.288171768188477
v -0.3781898319721222 -2.473362922668457 27.31684112548828
v -0.37422123551368713 -2.502950668334961 27.28676986694336
v -0.3720186650753021 -2.5061559677124023 27.315237045288086
v -0.37291160225868225 -2.473362922668457 27.337491989135742
v -0.3636251389980316 -2.5061559677124023 27.34811782836914
v -0.3672960698604584 -2.4739794731140137 27.341901779174805
v -0.3583866059780121 -2.5054163932800293 27.352127075195312
v -0.35231468081474304 -2.449199676513672 27.333080291748047
v -0.35608482360839844 -2.445624589920044 27.32786750793457
v -0.32278844714164734 -2.443528890609741 27.330474853515625
v -0.2956433594226837 -2.460418462753296 27.335487365722656
v -0.28681325912475586 -2.4916088581085205 27.345510482788086
v -0.37152260541915894 -2.496540069580078 27.25830078125
v -0.28681325912475586 -2.4916088581085205 27.345510482788086
v -0.28379714488983154 -2.490745782852173 27.340900421142578
v -0.2931034564971924 -2.4579527378082275 27.330074310302734
v -0.28379714488983154 -2.490745782852173 27.340900421142578
v -0.2953060269355774 -2.490745782852173 27.295591354370117
v -0.3077475130558014 -2.489636182785034 27.269927978515625
v -0.3291778564453125 -2.467568874359131 27.247474670410156
v -0.32546722888946533 -2.4872939586639404 27.246471405029297
v -0.3557673394680023 -2.4821159839630127 27.23163604736328
v 1.3788195848464966 -2.8613314628601074 25.719392776489258
v 1.3911619186401367 -2.8864810466766357 25.759891510009766
v 1.4027104377746582 -2.8634274005889893 25.762296676635742
v 1.4043177366256714 -2.8639204502105713 25.831863403320312
v 1.3863797187805176 -2.899672269821167 25.82825469970703
v 1.3953487873077393 -2.8633038997650146 25.880380630493164
v 1.3742557764053345 -2.9012749195098877 25.88459014892578
v 1.34921395778656 -2.912123680114746 25.819032669067383
v 1.329708456993103 -2.914219379425049 25.89481544494629
v 1.369017243385315 -2.8969600200653076 25.892610549926758
v 1.3260176181793213 -2.909288167953491 25.902433395385742
v 1.3672511577606201 -2.8944942951202393 25.75407600402832
v 1.3880664110183716 -2.8628108501434326 25.888601303100586
v 1.374910593032837 -2.826072931289673 25.892210006713867
v 1.3808039426803589 -2.822497606277466 25.88418960571289
v 1.3366931676864624 -2.8080737590789795 25.901432037353516
v 1.3389551639556885 -2.8026492595672607 25.894214630126953
v 1.2941102981567383 -2.820401906967163 25.911054611206055
v 1.294249176979065 -2.8154706954956055 25.904438018798828
v 1.3925310373306274 -2.8255796432495117 25.82785415649414
v 1.3366931676864624 -2.8080737590789795 25.901432037353516
v 1.3260176181793213 -2.909288167953491 25.902433395385742
v 1.2941102981567383 -2.820401906967163 25.911054611206055
v 1.3951106071472168 -2.8388941287994385 25.759689331054688
v 1.3788195848464966 -2.8613314628601074 25.719392776489258
v 1.3728468418121338 -2.827059030532837 25.753875732421875
v 1.3489362001419067 -2.8350725173950195 25.747861862182617
v 1.3207393884658813 -2.8197853565216064 25.809410095214844
v 1.3579051494598389 -2.8073339462280273 25.818431854248047
v 1.294249176979065 -2.8154706954956055 25.904438018798828
v 1.3389551639556885 -2.8026492595672607 25.894214630126953
v 0.32284000515937805 -2.443528890609741 27.330474853515625
v 0.35613638162612915 -2.445624589920044 27.32786750793457
v 0.32309794425964355 -2.4393372535705566 27.324661254882812
v 0.36014464497566223 -2.445624589920044 27.312231063842773
v 0.3782413601875305 -2.473362922668457 27.316640853881836
v 0.37298300862312317 -2.473362922668457 27.337491989135742
v 0.35236623883247375 -2.449199676513672 27.333080291748047
v 0.29569491744041443 -2.460418462753296 27.335487365722656
v 0.2931748628616333 -2.4579527378082275 27.330074310302734
v 0.3283761739730835 -2.4393372535705566 27.30401039123535
v 0.301548570394516 -2.4579527378082275 27.29719352722168
v 0.33641254901885986 -2.4450082778930664 27.277145385742188
v 0.36395448446273804 -2.4505558013916016 27.284162521362305
v 0.37965020537376404 -2.4744725227355957 27.288171768188477
v 0.37429264187812805 -2.502950668334961 27.28676986694336
v 0.37207022309303284 -2.5061559677124023 27.315237045288086
v 0.36369651556015015 -2.5061559677124023 27.34811782836914
v 0.3673674762248993 -2.4739794731140137 27.34170150756836
v 0.3584381639957428 -2.5054163932800293 27.352127075195312
v 0.2868846654891968 -2.4916088581085205 27.345510482788086
v 0.2868846654891968 -2.4916088581085205 27.345510482788086
v 0.28384870290756226 -2.490745782852173 27.340900421142578
v 0.37159401178359985 -2.496540069580078 27.25830078125
v 0.375304639339447 -2.4768149852752686 27.25910186767578
v 0.35581889748573303 -2.4821159839630127 27.23163604736328
v 0.3644307255744934 -2.460171937942505 27.256296157836914
v 0.34534183144569397 -2.456350088119507 27.251483917236328
v 0.35581889748573303 -2.4821159839630127 27.23163604736328
v 0.3292294144630432 -2.467568874359131 27.247474670410156
v 0.32551878690719604 -2.4872939586639404 27.246471405029297
v 0.3077990710735321 -2.489636182785034 27.269927978515625
v 0.3131566643714905 -2.461158037185669 27.271331787109375
v 0.2953774333000183 -2.490745782852173 27.295591354370117
v 0.28384870290756226 -2.490745782852173 27.340900421142578
v 0.2931748628616333 -2.4579527378082275 27.330074310302734
v -2.7571351528167725 -3.6708011627197266 19.32839584350586
v -2.309856414794922 -2.7920470237731934 19.352855682373047
v -2.2243335247039795 -3.3206801414489746 22.379146575927734
v -1.8783725500106812 -2.714995861053467 22.406009674072266
v -1.753282904624939 -3.4164702892303467 23.579837799072266
v -1.4449838399887085 -2.7606101036071777 23.58064079284668
v -0.84392249584198 -2.279193878173828 22.41823959350586
v -1.030842661857605 -2.163801908493042 19.359270095825195
v -0.000003986100182373775 -1.9968781471252441 19.358869552612305
v -2.3983161449432373 -5.21700382232666 19.352252960205078
v -2.6260926723480225 -4.45832633972168 19.308547973632812
v -2.218916416168213 -4.778366565704346 20.996414184570312
v -2.1445252895355225 -3.8143012523651123 22.364912033081055
v -1.9978864192962646 -4.385960102081299 22.442699432373047
v -1.6625611782073975 -4.089343547821045 23.72679328918457
v -0.8691031336784363 -3.677828073501587 25.17227554321289
v -0.7865170240402222 -3.188645124435425 25.17227554321289
v -0.7434182167053223 -2.432063579559326 23.580841064453125
v -0.000003986100182373775 -2.158500909805298 22.419042587280273
v 0.8439145684242249 -2.279193878173828 22.41823959350586
v 1.030834674835205 -2.163801908493042 19.359270095825195
v 1.8783645629882812 -2.714995861053467 22.406009674072266
v 2.3098485469818115 -2.7920470237731934 19.352855682373047
v 2.2243056297302246 -3.3206801414489746 22.379146575927734
v 2.757127285003662 -3.6708011627197266 19.32839584350586
v 2.144517421722412 -3.8143012523651123 22.364912033081055
v 2.626084804534912 -4.45832633972168 19.308547973632812
v 2.2189085483551025 -4.778366565704346 20.996414184570312
v 2.398308038711548 -5.21700382232666 19.352252960205078
v -0.4719078242778778 -2.9193973541259766 25.17227554321289
v 1.9978982210159302 -4.385960102081299 22.442699432373047
v 1.6606284379959106 -4.089343547821045 23.72679328918457
v 1.74196457862854 -3.4164702892303467 23.579837799072266
v 1.058813214302063 -2.7606101036071777 23.58064079284668
v 0.7434300780296326 -2.432063579559326 23.580841064453125
v -0.000003986100182373775 -2.3257944583892822 23.580841064453125
v -0.000003986100182373775 -2.808197021484375 25.17227554321289
v 0.4718998670578003 -2.9193973541259766 25.17227554321289
v 0.7865090370178223 -3.188645124435425 25.17227554321289
v 0.8690952062606812 -3.677828073501587 25.17227554321289
v -2.934391975402832 -5.41894006729126 -13.84753131866455
v -2.9427456855773926 -5.41894006729126 -13.787786483764648
v -2.6307358741760254 -5.41894006729126 -13.805028915405273
v -2.639089822769165 -5.41894006729126 -13.745284080505371
v -2.488065481185913 -5.490936756134033 -13.784979820251465
v -2.4964194297790527 -5.490936756134033 -13.72543716430664
v -2.4167304039001465 -5.649477005004883 -13.775156021118164
v -2.425084114074707 -5.649477005004883 -13.715412139892578
v -2.425084114074707 -6.10500431060791 -13.715412139892578
v -2.4167304039001465 -6.10500431060791 -13.775156021118164
v -2.4026618003845215 -6.247641563415527 -13.773151397705078
v -2.411015510559082 -6.247641563415527 -13.713407516479492
v -2.3606741428375244 -6.500369548797607 -13.706390380859375
v -2.3523201942443848 -6.500369548797607 -13.766135215759277
v -2.2215158939361572 -6.840627670288086 -13.747690200805664
v -2.2298696041107178 -6.840627670288086 -13.688146591186523
v -1.7926313877105713 -7.573909282684326 -13.626798629760742
v -1.7842775583267212 -7.573909282684326 -13.686543464660645
v -2.3153727054595947 -7.569347858428955 -13.7609224319458
v -1.7842775583267212 -7.573909282684326 -13.686543464660645
v -2.798051357269287 -6.681840896606445 -13.828484535217285
v -2.2215158939361572 -6.840627670288086 -13.747690200805664
v -2.3523201942443848 -6.500369548797607 -13.766135215759277
v -2.4026618003845215 -6.247641563415527 -13.773151397705078
v -2.853353500366211 -6.177000999450684 -13.836103439331055
v -2.4167304039001465 -6.10500431060791 -13.775156021118164
v -2.4167304039001465 -5.649477005004883 -13.775156021118164
v -2.9097468852996826 -5.649477005004883 -13.844122886657715
v -2.934391975402832 -5.41894006729126 -13.84753131866455
v -2.488065481185913 -5.490936756134033 -13.784979820251465
v -2.6307358741760254 -5.41894006729126 -13.805028915405273
v -2.3237266540527344 -7.569347858428955 -13.701178550720215
v -1.7926313877105713 -7.573909282684326 -13.626798629760742
v -2.8045003414154053 -6.681840896606445 -13.768540382385254
v -2.2298696041107178 -6.840627670288086 -13.688146591186523
v -2.3606741428375244 -6.500369548797607 -13.706390380859375
v -2.861469268798828 -6.177000999450684 -13.776559829711914
v -2.411015510559082 -6.247641563415527 -13.713407516479492
v -2.425084114074707 -6.10500431060791 -13.715412139892578
v -2.425084114074707 -5.649477005004883 -13.715412139892578
v -2.9180214405059814 -5.649477005004883 -13.784379005432129
v -2.639089822769165 -5.41894006729126 -13.745284080505371
v -2.9427456855773926 -5.41894006729126 -13.787786483764648
v -2.4964194297790527 -5.490936756134033 -13.72543716430664
v -2.643990993499756 -6.581489086151123 13.15231704711914
v -2.5554521083831787 -6.598132133483887 13.06069564819336
v -2.6807796955108643 -6.948253154754639 11.474273681640625
v -2.286501407623291 -6.588886260986328 13.057488441467285
v -2.305649757385254 -6.9245829582214355 11.474273681640625
v -2.3286080360412598 -7.288757801055908 8.979263305664062
v -2.6994519233703613 -7.288757801055908 8.979263305664062
v -2.6845896244049072 -7.531376838684082 8.004114151000977
v -2.302494764328003 -7.531376838684082 8.003912925720215
v -2.286719560623169 -6.94418478012085 11.474273681640625
v -2.3090429306030273 -7.289004325866699 8.979063034057617
v -2.3286080360412598 -7.288757801055908 8.979263305664062
v -2.286719560623169 -6.94418478012085 11.474273681640625
v -2.305649757385254 -6.9245829582214355 11.474273681640625
v -2.286501407623291 -6.588886260986328 13.057488441467285
v -2.2668964862823486 -6.608241081237793 13.061697959899902
v 2.302506685256958 -7.531376838684082 8.003912925720215
v 2.6846015453338623 -7.531376838684082 8.003912925720215
v 2.3286397457122803 -7.288757801055908 8.979263305664062
v 2.6994638442993164 -7.288757801055908 8.979263305664062
v 2.6807916164398193 -6.948253154754639 11.474273681640625
v 2.305661678314209 -6.9245829582214355 11.474273681640625
v 2.2864933013916016 -6.588886260986328 13.057488441467285
v 2.5554440021514893 -6.598132133483887 13.06069564819336
v 2.644002914428711 -6.581489086151123 13.15231704711914
v 2.3286397457122803 -7.288757801055908 8.979263305664062
v 2.286731481552124 -6.94418478012085 11.474273681640625
v 2.3090548515319824 -7.289004325866699 8.979063034057617
v 2.3286397457122803 -7.288757801055908 8.979263305664062
v 2.305661678314209 -6.9245829582214355 11.474273681640625
v 2.2864933013916016 -6.588886260986328 13.057488441467285
v 2.2668886184692383 -6.608241081237793 13.061697959899902
v -2.642502784729004 -6.566572189331055 13.220280647277832
v -2.602003574371338 -6.162576675415039 15.068532943725586
v -2.5505707263946533 -6.544504642486572 13.30809211730957
v -2.283485174179077 -6.536121368408203 13.306488037109375
v -2.262173891067505 -6.162576675415039 15.068532943725586
v -2.500149965286255 -5.68979024887085 17.21029281616211
v -2.1574034690856934 -5.68979024887085 17.21029281616211
v -2.3983161449432373 -5.21700382232666 19.352252960205078
v -2.052633047103882 -5.21700382232666 19.352252960205078
v -2.218916416168213 -4.778366565704346 20.996414184570312
v -1.9087917804718018 -4.778366565704346 20.996414184570312
v -1.9978864192962646 -4.385960102081299 22.442699432373047
v -1.700957179069519 -4.385960102081299 22.442699432373047
v -1.6625611782073975 -4.089343547821045 23.72679328918457
v -1.515743613243103 -4.089343547821045 23.72679328918457
v -2.052633047103882 -5.21700382232666 19.352252960205078
v -2.147223949432373 -5.7002692222595215 17.21029281616211
v -2.2418150901794434 -6.183534622192383 15.068532943725586
v -2.262173891067505 -6.162576675415039 15.068532943725586
v -2.263801097869873 -6.555969715118408 13.308492660522461
v -2.283485174179077 -6.536121368408203 13.306488037109375
v -1.6625611782073975 -4.089343547821045 23.72679328918457
v -1.515743613243103 -4.089343547821045 23.72679328918457
v -0.8691031336784363 -3.677828073501587 25.17227554321289
v -0.9956413507461548 -3.9394326210021973 24.409236907958984
v -0.57919842004776 -3.90047550201416 24.663448333740234
v -0.000003986100182373775 -3.666609525680542 25.17227554321289
v -0.000003986100182373775 -3.8976399898529053 24.754669189453125
v 0.5791904330253601 -3.90047550201416 24.663448333740234
v 0.8690952062606812 -3.677828073501587 25.17227554321289
v 0.9956333637237549 -3.9394326210021973 24.409236907958984
v 1.5157554149627686 -4.089343547821045 23.72679328918457
v 1.6606284379959106 -4.089343547821045 23.72679328918457
v -2.2876124382019043 -6.946527004241943 13.140889167785645
v -2.279278516769409 -6.601460933685303 13.065507888793945
v -2.5358669757843018 -6.8557915687561035 13.122645378112793
v -2.5546185970306396 -6.60183048248291 13.067512512207031
v -2.6782994270324707 -6.715620040893555 13.158130645751953
v -2.645082473754883 -6.5849409103393555 13.159534454345703
v -2.643990993499756 -6.581489086151123 13.15231704711914
v -2.642502784729004 -6.566572189331055 13.220280647277832
v -2.6438918113708496 -6.573105812072754 13.214065551757812
v -2.676434278488159 -6.6995930671691895 13.24373722076416
v -2.550114393234253 -6.5507917404174805 13.3032808303833
v -2.5349740982055664 -6.80919075012207 13.359214782714844
v -2.2763218879699707 -6.5510382652282715 13.303481101989746
v -2.281679630279541 -6.901529312133789 13.380064964294434
v -2.6782994270324707 -6.715620040893555 13.158130645751953
v -2.281679630279541 -6.901529312133789 13.380064964294434
v -2.2763218879699707 -6.5510382652282715 13.303481101989746
v -2.263801097869873 -6.555969715118408 13.308492660522461
v -2.283485174179077 -6.536121368408203 13.306488037109375
v -2.550114393234253 -6.5507917404174805 13.3032808303833
v -2.6438918113708496 -6.573105812072754 13.214065551757812
v -2.642502784729004 -6.566572189331055 13.220280647277832
v -2.645082473754883 -6.5849409103393555 13.159534454345703
v -2.643990993499756 -6.581489086151123 13.15231704711914
v -2.5546185970306396 -6.60183048248291 13.067512512207031
v -2.5554521083831787 -6.598132133483887 13.06069564819336
v -2.279278516769409 -6.601460933685303 13.065507888793945
v -2.286501407623291 -6.588886260986328 13.057488441467285
v -2.2668964862823486 -6.608241081237793 13.061697959899902
v -2.2876124382019043 -6.946527004241943 13.140889167785645
v 1.6606284379959106 -4.089343547821045 23.72679328918457
v 1.9978982210159302 -4.385960102081299 22.442699432373047
v 1.7009491920471191 -4.385960102081299 22.442699432373047
v 1.9087837934494019 -4.778366565704346 20.996414184570312
v 2.2189085483551025 -4.778366565704346 20.996414184570312
v 2.0526249408721924 -5.21700382232666 19.352252960205078
v 2.398308038711548 -5.21700382232666 19.352252960205078
v 2.157395362854004 -5.68979024887085 17.21029281616211
v 2.500161647796631 -5.68979024887085 17.21029281616211
v 2.2621660232543945 -6.162576675415039 15.068532943725586
v 2.6019954681396484 -6.162576675415039 15.068532943725586
v 2.283477306365967 -6.536121368408203 13.306488037109375
v 2.550562620162964 -6.544504642486572 13.30809211730957
v 2.5501062870025635 -6.5507917404174805 13.3032808303833
v 2.6438839435577393 -6.573105812072754 13.214065551757812
v 2.642514705657959 -6.566572189331055 13.220280647277832
v 1.5157554149627686 -4.089343547821045 23.72679328918457
v 2.642514705657959 -6.566572189331055 13.220280647277832
v 2.276333808898926 -6.5510382652282715 13.303481101989746
v 2.263813018798828 -6.555969715118408 13.308492660522461
v 2.281691312789917 -6.901529312133789 13.380064964294434
v 2.0526249408721924 -5.21700382232666 19.352252960205078
v 2.157395362854004 -5.68979024887085 17.21029281616211
v 2.1472160816192627 -5.7002692222595215 17.21029281616211
v 2.241807222366333 -6.183534622192383 15.068532943725586
v 2.2621660232543945 -6.162576675415039 15.068532943725586
v 2.263813018798828 -6.555969715118408 13.308492660522461
v 2.283477306365967 -6.536121368408203 13.306488037109375
v 2.2876243591308594 -6.946527004241943 13.140889167785645
v 2.5358591079711914 -6.8557915687561035 13.122645378112793
v 2.279270648956299 -6.601460933685303 13.065507888793945
v 2.5546305179595947 -6.60183048248291 13.067512512207031
v 2.6782915592193604 -6.715620040893555 13.158130645751953
v 2.645094156265259 -6.5849409103393555 13.159534454345703
v 2.644002914428711 -6.581489086151123 13.15231704711914
v 2.642514705657959 -6.566572189331055 13.220280647277832
v 2.6438839435577393 -6.573105812072754 13.214065551757812
v 2.6764261722564697 -6.6995930671691895 13.24373722076416
v 2.5501062870025635 -6.5507917404174805 13.3032808303833
v 2.5349860191345215 -6.80919075012207 13.359214782714844
v 2.276333808898926 -6.5510382652282715 13.303481101989746
v 2.281691312789917 -6.901529312133789 13.380064964294434
v 2.6782915592193604 -6.715620040893555 13.158130645751953
v 2.2876243591308594 -6.946527004241943 13.140889167785645
v 2.2668886184692383 -6.608241081237793 13.061697959899902
v 2.279270648956299 -6.601460933685303 13.065507888793945
v 2.2864933013916016 -6.588886260986328 13.057488441467285
v 2.5554440021514893 -6.598132133483887 13.06069564819336
v 2.5546305179595947 -6.60183048248291 13.067512512207031
v 2.644002914428711 -6.581489086151123 13.15231704711914
v 2.645094156265259 -6.5849409103393555 13.159534454345703
v -2.0186221599578857 -5.390831470489502 -17.2619571685791
v -0.000023828999474062584 -5.390831470489502 -17.2619571685791
v -2.693479299545288 -5.3690104484558105 -15.198987007141113
v -0.000023828999474062584 -5.3690104484558105 -15.198987007141113
v 2.0185744762420654 -5.390831470489502 -17.2619571685791
v 2.693451404571533 -5.3690104484558105 -15.198987007141113
v -2.9801297187805176 -5.374188423156738 -13.848332405090332
v 2.693451404571533 -5.3690104484558105 -15.198987007141113
v 2.980102062225342 -5.374188423156738 -13.848332405090332
v 0.24721869826316833 -7.441751003265381 -15.38262939453125
v 0.24721869826316833 -7.441751003265381 -15.335114479064941
v 0.36052167415618896 -7.441751003265381 -15.38262939453125
v 0.36052167415618896 -7.441751003265381 -15.335114479064941
v 0.36052167415618896 -7.441751003265381 -15.335114479064941
v 0.24721869826316833 -7.441751003265381 -15.335114479064941
v 0.36052167415618896 -7.39564323425293 -15.306044578552246
v 0.24721869826316833 -7.39564323425293 -15.306044578552246
v 0.36052167415618896 -7.441751003265381 -15.38262939453125
v 0.36052167415618896 -7.441751003265381 -15.335114479064941
v 0.36052167415618896 -7.39564323425293 -15.435356140136719
v 0.36052167415618896 -7.39564323425293 -15.306044578552246
v 0.24721869826316833 -7.441751003265381 -15.335114479064941
v 0.24721869826316833 -7.441751003265381 -15.38262939453125
v 0.24721869826316833 -7.39564323425293 -15.306044578552246
v 0.24721869826316833 -7.39564323425293 -15.435356140136719
v 0.24721869826316833 -7.184091567993164 -15.671525001525879
v 0.24721869826316833 -7.184091567993164 -15.623809814453125
v 0.36052167415618896 -7.184091567993164 -15.671525001525879
v 0.36052167415618896 -7.184091567993164 -15.623809814453125
v 0.36052167415618896 -7.184091567993164 -15.623809814453125
v 0.24721869826316833 -7.184091567993164 -15.623809814453125
v 0.36052167415618896 -7.1378607749938965 -15.59473991394043
v 0.24721869826316833 -7.1378607749938965 -15.59473991394043
v 0.36052167415618896 -7.184091567993164 -15.671525001525879
v 0.36052167415618896 -7.184091567993164 -15.623809814453125
v 0.36052167415618896 -7.1378607749938965 -15.724051475524902
v 0.36052167415618896 -7.1378607749938965 -15.59473991394043
v 0.24721869826316833 -7.184091567993164 -15.623809814453125
v 0.24721869826316833 -7.184091567993164 -15.671525001525879
v 0.24721869826316833 -7.1378607749938965 -15.59473991394043
v 0.24721869826316833 -7.1378607749938965 -15.724051475524902
v 0.24721869826316833 -6.922980308532715 -15.976259231567383
v 0.24721869826316833 -6.922980308532715 -15.92874526977539
v 0.36052167415618896 -6.922980308532715 -15.976259231567383
v 0.36052167415618896 -6.922980308532715 -15.92874526977539
v 0.36052167415618896 -6.922980308532715 -15.92874526977539
v 0.24721869826316833 -6.922980308532715 -15.92874526977539
v 0.36052167415618896 -6.876749515533447 -15.899674415588379
v 0.24721869826316833 -6.876749515533447 -15.899674415588379
v 0.36052167415618896 -6.922980308532715 -15.976259231567383
v 0.36052167415618896 -6.922980308532715 -15.92874526977539
v 0.36052167415618896 -6.876749515533447 -16.02898597717285
v 0.36052167415618896 -6.876749515533447 -15.899674415588379
v 0.24721869826316833 -6.922980308532715 -15.92874526977539
v 0.24721869826316833 -6.922980308532715 -15.976259231567383
v 0.24721869826316833 -6.876749515533447 -15.899674415588379
v 0.24721869826316833 -6.876749515533447 -16.02898597717285
v 0.24721869826316833 -6.662485599517822 -16.27377700805664
v 0.24721869826316833 -6.662485599517822 -16.22606086730957
v 0.36052167415618896 -6.662485599517822 -16.27377700805664
v 0.36052167415618896 -6.662485599517822 -16.22606086730957
v 0.36052167415618896 -6.662485599517822 -16.22606086730957
v 0.24721869826316833 -6.662485599517822 -16.22606086730957
v 0.36052167415618896 -6.616254806518555 -16.19719123840332
v 0.24721869826316833 -6.616254806518555 -16.196990966796875
v 0.36052167415618896 -6.662485599517822 -16.27377700805664
v 0.36052167415618896 -6.662485599517822 -16.22606086730957
v 0.36052167415618896 -6.616254806518555 -16.326303482055664
v 0.36052167415618896 -6.616254806518555 -16.19719123840332
v 0.24721869826316833 -6.662485599517822 -16.22606086730957
v 0.24721869826316833 -6.662485599517822 -16.27377700805664
v 0.24721869826316833 -6.616254806518555 -16.196990966796875
v 0.24721869826316833 -6.616254806518555 -16.326303482055664
v 0.24721869826316833 -6.403470039367676 -16.564476013183594
v 0.24721869826316833 -6.403470039367676 -16.516761779785156
v 0.36052167415618896 -6.403470039367676 -16.564476013183594
v 0.36052167415618896 -6.403470039367676 -16.5169620513916
v 0.36052167415618896 -6.403470039367676 -16.5169620513916
v 0.24721869826316833 -6.403470039367676 -16.516761779785156
v 0.36052167415618896 -6.357362270355225 -16.487892150878906
v 0.24721869826316833 -6.357362270355225 -16.487892150878906
v 0.36052167415618896 -6.403470039367676 -16.564476013183594
v 0.36052167415618896 -6.403470039367676 -16.5169620513916
v 0.36052167415618896 -6.357362270355225 -16.617202758789062
v 0.36052167415618896 -6.357362270355225 -16.487892150878906
v 0.24721869826316833 -6.403470039367676 -16.516761779785156
v 0.24721869826316833 -6.403470039367676 -16.564476013183594
v 0.24721869826316833 -6.357362270355225 -16.487892150878906
v 0.24721869826316833 -6.357362270355225 -16.617202758789062
v 0.24721869826316833 -6.143837928771973 -16.855777740478516
v 0.24721869826316833 -6.143837928771973 -16.808263778686523
v 0.36052167415618896 -6.143837928771973 -16.855777740478516
v 0.36052167415618896 -6.143837928771973 -16.808263778686523
v 0.36052167415618896 -6.143837928771973 -16.808263778686523
v 0.24721869826316833 -6.143837928771973 -16.808263778686523
v 0.36052167415618896 -6.09773063659668 -16.779193878173828
v 0.24721869826316833 -6.09773063659668 -16.779193878173828
v 0.36052167415618896 -6.143837928771973 -16.855777740478516
v 0.36052167415618896 -6.143837928771973 -16.808263778686523
v 0.36052167415618896 -6.09773063659668 -16.908504486083984
v 0.36052167415618896 -6.09773063659668 -16.779193878173828
v 0.24721869826316833 -6.143837928771973 -16.808263778686523
v 0.24721869826316833 -6.143837928771973 -16.855777740478516
v 0.24721869826316833 -6.09773063659668 -16.779193878173828
v 0.24721869826316833 -6.09773063659668 -16.908504486083984
v 0.24721869826316833 -5.8790283203125 -17.15930938720703
v 0.24721869826316833 -5.8790283203125 -17.111595153808594
v 0.36052167415618896 -5.8790283203125 -17.15930938720703
v 0.36052167415618896 -5.8790283203125 -17.111595153808594
v 0.36052167415618896 -5.8790283203125 -17.111595153808594
v 0.24721869826316833 -5.8790283203125 -17.111595153808594
v 0.36052167415618896 -5.832921028137207 -17.082725524902344
v 0.24721869826316833 -5.832921028137207 -17.082725524902344
v 0.36052167415618896 -5.8790283203125 -17.15930938720703
v 0.36052167415618896 -5.8790283203125 -17.111595153808594
v 0.36052167415618896 -5.832921028137207 -17.211835861206055
v 0.36052167415618896 -5.832921028137207 -17.082725524902344
v 0.24721869826316833 -5.8790283203125 -17.111595153808594
v 0.24721869826316833 -5.8790283203125 -17.15930938720703
v 0.24721869826316833 -5.832921028137207 -17.082725524902344
v 0.24721869826316833 -5.832921028137207 -17.211835861206055
v 0.5668877959251404 -7.540746212005615 -15.250711441040039
v 0.5668877959251404 -5.742308616638184 -17.297643661499023
v 0.5668877959251404 -7.326358795166016 -15.250711441040039
v 0.5668877959251404 -5.502155303955078 -17.297643661499023
v 0.03499889001250267 -7.569594383239746 -15.250711441040039
v 0.03499889001250267 -5.7723894119262695 -17.297643661499023
v -0.021811332553625107 -7.326358795166016 -15.250711441040039
v 0.028371360152959824 -5.502155303955078 -17.297643661499023
v 0.5895087122917175 -7.326358795166016 -15.250711441040039
v 0.5668877959251404 -7.326358795166016 -15.250711441040039
v 0.5895087122917175 -5.502155303955078 -17.297643661499023
v 0.5668877959251404 -5.502155303955078 -17.297643661499023
v 0.05099226534366608 -5.502155303955078 -17.297643661499023
v 0.05099226534366608 -5.742308616638184 -17.297643661499023
v 0.05099226534366608 -7.326358795166016 -15.250711441040039
v 0.05099226534366608 -7.540746212005615 -15.250711441040039
v 0.028371360152959824 -5.502155303955078 -17.297643661499023
v 0.05099226534366608 -5.502155303955078 -17.297643661499023
v -0.021811332553625107 -7.326358795166016 -15.250711441040039
v 0.05099226534366608 -7.326358795166016 -15.250711441040039
v 0.5668877959251404 -7.326358795166016 -15.250711441040039
v 0.5895087122917175 -7.326358795166016 -15.250711441040039
v 0.5668877959251404 -7.540746212005615 -15.250711441040039
v 0.5895087122917175 -7.540746212005615 -15.250711441040039
v -0.8691031336784363 -3.677828073501587 25.17227554321289
v -0.000003986100182373775 -3.666609525680542 25.17227554321289
v -0.7865170240402222 -3.188645124435425 25.17227554321289
v -0.4719078242778778 -2.9193973541259766 25.17227554321289
v -0.000003986100182373775 -2.808197021484375 25.17227554321289
v 0.4718998670578003 -2.9193973541259766 25.17227554321289
v 0.7865090370178223 -3.188645124435425 25.17227554321289
v 0.8690952062606812 -3.677828073501587 25.17227554321289
vt 0.004407212138175964 0.6191558241844177
vt 0.004407212138175964 0.6393254995346069
vt 0.10731620341539383 0.6040893197059631
vt 0.10780104994773865 0.6232869625091553
vt 0.004407212138175964 0.59935063123703
vt 0.10707377642393112 0.5861067175865173
vt 0.004407212138175964 0.5670306086540222
vt 0.10683134943246841 0.5486834645271301
vt 0.004407212138175964 0.5272988080978394
vt 0.2490130215883255 0.5626564621925354
vt 0.24937666952610016 0.5793024897575378
vt 0.24961908161640167 0.5952194929122925
vt 0.17531612515449524 0.6272965669631958
vt 0.10804346948862076 0.6418770551681519
vt 0.1741040050983429 0.6355588436126709
vt 0.10877074301242828 0.6498963236808777
vt 0.10986164957284927 0.6585230827331543
vt 0.007801148109138012 0.6689724326133728
vt 0.011558719910681248 0.6765056848526001
vt 0.0042860000394284725 0.6615607142448425
vt 0.17628583312034607 0.6458866596221924
vt 0.17943733930587769 0.626689076423645
vt 0.25180089473724365 0.6122300624847412
vt 0.185013085603714 0.633007287979126
vt 0.2543463706970215 0.6280255913734436
vt 0.18780097365379333 0.6434565782546997
vt 0.3396795988082886 0.6074914336204529
vt 0.33677050471305847 0.5924249291419983
vt 0.33519476652145386 0.5766294002532959
vt 0.4248916506767273 0.5857422351837158
vt 0.42161890864372253 0.571404755115509
vt 0.487800657749176 0.5542726516723633
vt 0.4200431704521179 0.5571887493133545
vt 0.48610371351242065 0.5411502122879028
vt 0.33446750044822693 0.5621704459190369
vt 0.4193158745765686 0.5445523262023926
vt 0.3339826464653015 0.5475899577140808
vt 0.49119460582733154 0.5680026412010193
vt 0.48561885952949524 0.5311869382858276
vt 0.41870981454849243 0.532280445098877
vt 0.4848915934562683 0.5194010138511658
vt 0.41810375452041626 0.5064001083374023
vt 0.484164297580719 0.4972873032093048
vt 0.41810375452041626 0.48695945739746094
vt 0.484164297580719 0.4796692132949829
vt 0.4184674024581909 0.4631446599960327
vt 0.4844067394733429 0.4576769769191742
vt 0.4188310503959656 0.43519875407218933
vt 0.48477035760879517 0.4314321279525757
vt 0.41919466853141785 0.40433672070503235
vt 0.48501279950141907 0.40214964747428894
vt 0.41943711042404175 0.3706801235675812
vt 0.48537641763687134 0.3703156113624573
vt 0.419800728559494 0.33933210372924805
vt 0.485740065574646 0.34577181935310364
vt 0.3348311185836792 0.3394536077976227
vt 0.33470991253852844 0.37128764390945435
vt 0.3345887064933777 0.4070098102092743
vt 0.3343462646007538 0.44030192494392395
vt 0.33410385251045227 0.4709209203720093
vt 0.3337402045726776 0.4964367747306824
vt 0.3334977924823761 0.5176999568939209
vt 0.2490130215883255 0.5292428731918335
vt 0.10719498991966248 0.5226816534996033
vt 0.2492554485797882 0.5059140920639038
vt 0.24961908161640167 0.4785756766796112
vt 0.24986150860786438 0.4455265998840332
vt 0.24986150860786438 0.41041192412376404
vt 0.24974030256271362 0.3726241886615753
vt 0.24961908161640167 0.33933210372924805
vt 0.3345887064933777 0.30761954188346863
vt 0.41919466853141785 0.30810555815696716
vt 0.41895225644111633 0.27432745695114136
vt 0.48477035760879517 0.27687904238700867
vt 0.48452794551849365 0.24771808087825775
vt 0.41870981454849243 0.24346543848514557
vt 0.48428553342819214 0.22147321701049805
vt 0.4851340055465698 0.3085915744304657
vt 0.48537641763687134 0.33325690031051636
vt 0.3343462646007538 0.2718973755836487
vt 0.24961908161640167 0.3060399889945984
vt 0.10598286986351013 0.33933210372924805
vt 0.10719498991966248 0.3783348798751831
vt 0.10755862295627594 0.41369253396987915
vt 0.1076798364520073 0.44965773820877075
vt 0.10743740946054459 0.4925486445426941
vt 0.004407212138175964 0.4925486445426941
vt 0.004407212138175964 0.4495362341403961
vt 0.004407212138175964 0.4138140380382538
vt 0.004407212138175964 0.3783348798751831
vt 0.004407212138175964 0.33933210372924805
vt 0.004407212138175964 0.30081531405448914
vt 0.10707377642393112 0.30093681812286377
vt 0.24974030256271362 0.26825225353240967
vt 0.334225058555603 0.23872677981853485
vt 0.41834619641304016 0.21539801359176636
vt 0.4839218854904175 0.19923798739910126
vt 0.4179825484752655 0.19194774329662323
vt 0.4838006794452667 0.18198440968990326
vt 0.3339826464653015 0.2079862654209137
vt 0.24974030256271362 0.23289458453655243
vt 0.10743740946054459 0.26096200942993164
vt 0.004407212138175964 0.26132652163505554
vt 0.004407212138175964 0.22293126583099365
vt 0.1076798364520073 0.22280976176261902
vt 0.10731620341539383 0.18587253987789154
vt 0.24949787557125092 0.19996701180934906
vt 0.33361899852752686 0.18234892189502716
vt 0.41786134243011475 0.17238560318946838
vt 0.48452794551849365 0.16035670042037964
vt 0.4185886085033417 0.1462622433900833
vt 0.4851340055465698 0.14881382882595062
vt 0.004407212138175964 0.18344245851039886
vt 0.10719498991966248 0.15573954582214355
vt 0.24913424253463745 0.17275011539459229
vt 0.33337658643722534 0.1609642207622528
vt 0.004407212138175964 0.14723427593708038
vt 0.10683134943246841 0.12985919415950775
vt 0.004407212138175964 0.11175510287284851
vt 0.10695256292819977 0.09243596345186234
vt 0.004407212138175964 0.07955653965473175
vt 0.10731620341539383 0.07445337623357773
vt 0.004407212138175964 0.059386879205703735
vt 0.004407212138175964 0.03909571096301079
vt 0.10792226344347 0.055255740880966187
vt 0.10804346948862076 0.03666562959551811
vt 0.0042860000394284725 0.0168604776263237
vt 0.10877074301242828 0.028524862602353096
vt 0.007922359742224216 0.009448734112083912
vt 0.10998286306858063 0.019898077473044395
vt 0.011679931543767452 0.002036989899352193
vt 0.17628583312034607 0.03289900720119476
vt 0.1741040050983429 0.04322684556245804
vt 0.1754373461008072 0.05124611034989357
vt 0.24974030256271362 0.0833231657743454
vt 0.17955854535102844 0.05185363069176674
vt 0.2519221305847168 0.06631260365247726
vt 0.18513430655002594 0.04517091065645218
vt 0.25446757674217224 0.05088159814476967
vt 0.18804338574409485 0.034843068569898605
vt 0.3399220407009125 0.07092975825071335
vt 0.3370129466056824 0.08599625527858734
vt 0.42525526881217957 0.09280047565698624
vt 0.42186135053634644 0.10713794827461243
vt 0.48767945170402527 0.12597106397151947
vt 0.4201643764972687 0.12123241275548935
vt 0.485740065574646 0.13921500742435455
vt 0.4913158118724823 0.11236262321472168
vt 0.3353159725666046 0.10179177671670914
vt 0.24937666952610016 0.0991186872124672
vt 0.3345887064933777 0.1163722574710846
vt 0.41943711042404175 0.13374732434749603
vt 0.3339826464653015 0.1310742348432541
vt 0.24889181554317474 0.14929984509944916
vt 0.2490130215883255 0.11576473712921143
vt 0.13883131742477417 0.002887517912313342
vt 0.1387101113796234 0.018075518310070038
vt 0.21167972683906555 0.002887517912313342
vt 0.21143731474876404 0.01819702237844467
vt 0.25786149501800537 0.002887517912313342
vt 0.25786149501800537 0.018075518310070038
vt 0.13883131742477417 0.002887517912313342
vt 0.21167972683906555 0.002887517912313342
vt 0.1387101113796234 0.01819702237844467
vt 0.2115585207939148 0.01819702237844467
vt 0.25786149501800537 0.002887517912313342
vt 0.2577402889728546 0.018075518310070038
vt 0.6903459429740906 0.997276246547699
vt 0.6806489825248718 0.9615540504455566
vt 0.6903459429740906 0.9615540504455566
vt 0.6806489825248718 0.9207287430763245
vt 0.6903459429740906 0.9207287430763245
vt 0.6806489825248718 0.8748002052307129
vt 0.6903459429740906 0.8748002052307129
vt 0.6806489825248718 0.8157492876052856
vt 0.6903459429740906 0.8157492876052856
vt 0.6806489825248718 0.7570628523826599
vt 0.6903459429740906 0.7570628523826599
vt 0.6806489825248718 0.7094332575798035
vt 0.6903459429740906 0.7094332575798035
vt 0.6806489825248718 0.997276246547699
vt 0.8879214525222778 0.314788281917572
vt 0.8794366121292114 0.3168538510799408
vt 0.8811336159706116 0.2848983108997345
vt 0.8726487755775452 0.2870853841304779
vt 0.8776184320449829 0.25962546467781067
vt 0.8692548274993896 0.2619340419769287
vt 0.8755578398704529 0.2166130542755127
vt 0.8675578832626343 0.21685606241226196
vt 0.8949517607688904 0.34467828273773193
vt 0.886466920375824 0.3463793396949768
vt 0.9029517769813538 0.36885756254196167
vt 0.8943457007408142 0.37055861949920654
vt 0.9200426340103149 0.4084678590297699
vt 0.9127699136734009 0.41186997294425964
vt 0.690467119216919 0.997276246547699
vt 0.6805277466773987 0.9615540504455566
vt 0.6903459429740906 0.9615540504455566
vt 0.6805277466773987 0.9207287430763245
vt 0.6903459429740906 0.9207287430763245
vt 0.6805277466773987 0.8748002052307129
vt 0.6903459429740906 0.8748002052307129
vt 0.6805277466773987 0.8157492876052856
vt 0.6903459429740906 0.8157492876052856
vt 0.6805277466773987 0.7570628523826599
vt 0.6903459429740906 0.7570628523826599
vt 0.6805277466773987 0.7093117833137512
vt 0.6903459429740906 0.7093117833137512
vt 0.6805277466773987 0.997276246547699
vt 0.5338612198829651 0.49534323811531067
vt 0.5301036834716797 0.49667978286743164
vt 0.5382248759269714 0.49534323811531067
vt 0.529740035533905 0.5411502122879028
vt 0.5693763494491577 0.5496554970741272
vt 0.5536187887191772 0.5502630472183228
vt 0.5616188049316406 0.5501415133476257
vt 0.5278006196022034 0.50141841173172
vt 0.5282855033874512 0.5157558917999268
vt 0.5288915634155273 0.528756856918335
vt 0.5324066877365112 0.5466179251670837
vt 0.5378612279891968 0.5496554970741272
vt 0.5456187725067139 0.5501415133476257
vt 0.5790733098983765 0.4803982377052307
vt 0.5687702894210815 0.4803982377052307
vt 0.5790733098983765 0.4828283190727234
vt 0.5687702894210815 0.482949823141098
vt 0.5687702894210815 0.4833143353462219
vt 0.5687702894210815 0.49534323811531067
vt 0.5687702894210815 0.4666682779788971
vt 0.5687702894210815 0.4551253914833069
vt 0.5687702894210815 0.45257383584976196
vt 0.5805278420448303 0.45500388741493225
vt 0.580406665802002 0.45245233178138733
vt 0.5382248759269714 0.48307132720947266
vt 0.5382248759269714 0.4803982377052307
vt 0.5382248759269714 0.4666682779788971
vt 0.5381036400794983 0.4551253914833069
vt 0.5381036400794983 0.45257383584976196
vt 0.5264673233032227 0.45257383584976196
vt 0.5263460874557495 0.4551253914833069
vt 0.5279218554496765 0.48051974177360535
vt 0.5279218554496765 0.482949823141098
vt 0.5379824638366699 0.44419005513191223
vt 0.5533763766288757 0.4440685510635376
vt 0.5687702894210815 0.44419005513191223
vt 0.5748308897018433 0.5464963912963867
vt 0.5774975419044495 0.5410287380218506
vt 0.578830897808075 0.5156344175338745
vt 0.5782248377799988 0.528756856918335
vt 0.5770127177238464 0.49667978286743164
vt 0.5731339454650879 0.49534323811531067
vt 0.579315721988678 0.5012969374656677
vt 0.5771338939666748 0.8215814828872681
vt 0.5739824175834656 0.821459949016571
vt 0.5707097053527832 0.831423282623291
vt 0.506952166557312 0.8299652338027954
vt 0.506952166557312 0.8213384747505188
vt 0.4522855579853058 0.8291147351264954
vt 0.4522855579853058 0.8213384747505188
vt 0.4086492359638214 0.827778160572052
vt 0.4023461937904358 0.8213384747505188
vt 0.4030734896659851 0.827778160572052
vt 0.3962855935096741 0.8213384747505188
vt 0.41604316234588623 0.8368909955024719
vt 0.4115583300590515 0.8366479873657227
vt 0.4522855579853058 0.8381060361862183
vt 0.506952166557312 0.8388350605964661
vt 0.5675581693649292 0.8393210768699646
vt 0.5708308815956116 0.8393210768699646
vt 0.5742248296737671 0.8317878246307373
vt 0.5755581855773926 0.8319092988967896
vt 0.5783460140228271 0.8215814828872681
vt 0.5721642374992371 0.8393210768699646
vt 0.56646728515625 0.8496488928794861
vt 0.5676794052124023 0.8496488928794861
vt 0.565376341342926 0.851471483707428
vt 0.5659824013710022 0.8520789742469788
vt 0.5634369850158691 0.8534154891967773
vt 0.562830924987793 0.8524434566497803
vt 0.5634369850158691 0.8498919010162354
vt 0.506952166557312 0.8506209254264832
vt 0.4522855579853058 0.8496488928794861
vt 0.4253764748573303 0.8485553860664368
vt 0.4224674105644226 0.8483123779296875
vt 0.4285280108451843 0.8512284755706787
vt 0.42683103680610657 0.8519574403762817
vt 0.4522855579853058 0.8528079986572266
vt 0.506952166557312 0.8539015054702759
vt 0.506952166557312 0.8551165461540222
vt 0.45216435194015503 0.8540230393409729
vt 0.3962855935096741 0.8598552346229553
vt 0.4030734896659851 0.8661734461784363
vt 0.4023461937904358 0.8598552346229553
vt 0.4086492359638214 0.8662949204444885
vt 0.4522855579853058 0.8677529692649841
vt 0.4522855579853058 0.8766227960586548
vt 0.41604316234588623 0.8752862215042114
vt 0.42549771070480347 0.8869506120681763
vt 0.4115583300590515 0.8750432133674622
vt 0.4227098226547241 0.886707603931427
vt 0.4522855579853058 0.8598552346229553
vt 0.506952166557312 0.8687250018119812
vt 0.506952166557312 0.8599767088890076
vt 0.5704672336578369 0.8701830506324768
vt 0.5737400054931641 0.8599767088890076
vt 0.5767703056335449 0.8599767088890076
vt 0.5739824175834656 0.8705475926399231
vt 0.5753157138824463 0.8706690669059753
vt 0.5705884695053101 0.8779593110084534
vt 0.5718005895614624 0.8779593110084534
vt 0.5673157572746277 0.8881656527519226
vt 0.5662248134613037 0.8880441784858704
vt 0.5650126934051514 0.8898667097091675
vt 0.5656187534332275 0.890474259853363
vt 0.5630733370780945 0.8916893005371094
vt 0.5624672770500183 0.8908387422561646
vt 0.506952166557312 0.8924183249473572
vt 0.506952166557312 0.8936333656311035
vt 0.4522855579853058 0.8912032842636108
vt 0.45216435194015503 0.8924183249473572
vt 0.4269522428512573 0.8902312517166138
vt 0.4286492168903351 0.889502227306366
vt 0.4522855579853058 0.8880441784858704
vt 0.506952166557312 0.8891376852989197
vt 0.506952166557312 0.8774732947349548
vt 0.5671945214271545 0.8779593110084534
vt 0.5630733370780945 0.8884086608886719
vt 0.5781036019325256 0.8599767088890076
vt 0.6150732636451721 0.9813592433929443
vt 0.6150732636451721 0.9795366525650024
vt 0.6091338992118835 0.9813592433929443
vt 0.6091338992118835 0.9795366525650024
vt 0.6002854108810425 0.9795366525650024
vt 0.6002854108810425 0.976499080657959
vt 0.5884066224098206 0.9795366525650024
vt 0.6002854108810425 0.9813592433929443
vt 0.5884066224098206 0.9813592433929443
vt 0.6150732636451721 0.976499080657959
vt 0.6091338992118835 0.976499080657959
vt 0.6090126633644104 0.9747980237007141
vt 0.6002854108810425 0.9747980237007141
vt 0.5884066224098206 0.976499080657959
vt 0.5884066224098206 0.9747980237007141
vt 0.5833157300949097 0.976499080657959
vt 0.583436906337738 0.9747980237007141
vt 0.5768914818763733 0.9747980237007141
vt 0.5768914818763733 0.976499080657959
vt 0.522952139377594 0.9747980237007141
vt 0.6150732636451721 0.9747980237007141
vt 0.5833157300949097 0.9795366525650024
vt 0.5768914818763733 0.9795366525650024
vt 0.522952139377594 0.9795366525650024
vt 0.5768914818763733 0.9813592433929443
vt 0.522952139377594 0.9813592433929443
vt 0.4703461527824402 0.9813592433929443
vt 0.4703461527824402 0.9795366525650024
vt 0.522952139377594 0.976499080657959
vt 0.4703461527824402 0.976499080657959
vt 0.4703461527824402 0.9747980237007141
vt 0.44549769163131714 0.9747980237007141
vt 0.445376455783844 0.976499080657959
vt 0.4384673833847046 0.9747980237007141
vt 0.583436906337738 0.9813592433929443
vt 0.445376455783844 0.9795366525650024
vt 0.44549769163131714 0.9813592433929443
vt 0.4384673833847046 0.9813592433929443
vt 0.4384673833847046 0.9795366525650024
vt 0.42186135053634644 0.9813592433929443
vt 0.4217401146888733 0.9795366525650024
vt 0.4090128540992737 0.9813592433929443
vt 0.4090128540992737 0.9795366525650024
vt 0.3994371294975281 0.9795366525650024
vt 0.3994371294975281 0.976499080657959
vt 0.4090128540992737 0.976499080657959
vt 0.4090128540992737 0.9747980237007141
vt 0.4217401146888733 0.976499080657959
vt 0.42186135053634644 0.9747980237007141
vt 0.4384673833847046 0.976499080657959
vt 0.3994371294975281 0.9813592433929443
vt 0.3994371294975281 0.9747980237007141
vt 0.5783460140228271 0.897642970085144
vt 0.5755581855773926 0.9080923199653625
vt 0.5771338939666748 0.897642970085144
vt 0.5742248296737671 0.9079707860946655
vt 0.5707097053527832 0.907606303691864
vt 0.5708308815956116 0.9155040383338928
vt 0.5675581693649292 0.9155040383338928
vt 0.56646728515625 0.9257103800773621
vt 0.5634369850158691 0.9259533882141113
vt 0.565376341342926 0.9276544451713562
vt 0.5676794052124023 0.9258319139480591
vt 0.5659824013710022 0.9282619953155518
vt 0.5634369850158691 0.9294770359992981
vt 0.562830924987793 0.928505003452301
vt 0.506952166557312 0.9299630522727966
vt 0.5721642374992371 0.9155040383338928
vt 0.506952166557312 0.9312995672225952
vt 0.45216435194015503 0.9300845265388489
vt 0.4522855579853058 0.9288694858551025
vt 0.42683103680610657 0.9280189871788025
vt 0.4285280108451843 0.9272899627685547
vt 0.4224674105644226 0.9244953393936157
vt 0.4253764748573303 0.924738347530365
vt 0.4115583300590515 0.9128309488296509
vt 0.41604316234588623 0.9130739569664001
vt 0.4030734896659851 0.9038397073745728
vt 0.4086492359638214 0.903961181640625
vt 0.4023461937904358 0.8973999619483948
vt 0.4522855579853058 0.8975214958190918
vt 0.4522855579853058 0.9051762223243713
vt 0.506952166557312 0.8975214958190918
vt 0.506952166557312 0.9061482548713684
vt 0.5739824175834656 0.897642970085144
vt 0.3962855935096741 0.8973999619483948
vt 0.506952166557312 0.9150180220603943
vt 0.506952166557312 0.9266824126243591
vt 0.4522855579853058 0.9257103800773621
vt 0.4522855579853058 0.9142889976501465
vt 0.4227098226547241 0.962769091129303
vt 0.4286492168903351 0.9656851887702942
vt 0.42549771070480347 0.9630120992660522
vt 0.4522855579853058 0.9642271399497986
vt 0.4522855579853058 0.9528058171272278
vt 0.41604316234588623 0.9514692425727844
vt 0.4086492359638214 0.9424779415130615
vt 0.4030734896659851 0.9423564672470093
vt 0.4023461937904358 0.9360382556915283
vt 0.3962855935096741 0.9360382556915283
vt 0.4115583300590515 0.9512262344360352
vt 0.4522855579853058 0.9438145160675049
vt 0.506952166557312 0.9449080228805542
vt 0.4522855579853058 0.9360382556915283
vt 0.506952166557312 0.9360382556915283
vt 0.5704672336578369 0.9463660717010498
vt 0.5737400054931641 0.9360382556915283
vt 0.5767703056335449 0.9360382556915283
vt 0.5739824175834656 0.9467306137084961
vt 0.5753157138824463 0.9468520879745483
vt 0.5705884695053101 0.9541423320770264
vt 0.5718005895614624 0.9541423320770264
vt 0.5673157572746277 0.9642271399497986
vt 0.5662248134613037 0.9642271399497986
vt 0.5650126934051514 0.9660497307777405
vt 0.5656187534332275 0.9666572213172913
vt 0.5630733370780945 0.9678722620010376
vt 0.5624672770500183 0.9669002294540405
vt 0.506952166557312 0.9684798121452332
vt 0.5630733370780945 0.9644701480865479
vt 0.5671945214271545 0.9541423320770264
vt 0.506952166557312 0.9536563158035278
vt 0.506952166557312 0.9653207063674927
vt 0.4522855579853058 0.9673862457275391
vt 0.506952166557312 0.9698163270950317
vt 0.45216435194015503 0.9686012864112854
vt 0.4269522428512573 0.9662927389144897
vt 0.5781036019325256 0.9360382556915283
vt 0.614467203617096 0.9941171407699585
vt 0.614467203617096 0.9922946095466614
vt 0.6084066033363342 0.9941171407699585
vt 0.6084066033363342 0.9922946095466614
vt 0.5995581150054932 0.9922946095466614
vt 0.5995581150054932 0.9941171407699585
vt 0.5878005623817444 0.9922946095466614
vt 0.5876793265342712 0.9941171407699585
vt 0.5827096700668335 0.9922946095466614
vt 0.5827096700668335 0.9941171407699585
vt 0.5762854218482971 0.9941171407699585
vt 0.5762854218482971 0.9922946095466614
vt 0.5223460793495178 0.9922946095466614
vt 0.5223460793495178 0.9941171407699585
vt 0.469740092754364 0.9941171407699585
vt 0.469740092754364 0.9922946095466614
vt 0.4447703957557678 0.9922946095466614
vt 0.4447703957557678 0.9941171407699585
vt 0.4378613233566284 0.9941171407699585
vt 0.43774011731147766 0.9922946095466614
vt 0.4211340546607971 0.9941171407699585
vt 0.4211340546607971 0.9922946095466614
vt 0.40828558802604675 0.9941171407699585
vt 0.40828558802604675 0.9922946095466614
vt 0.39870983362197876 0.9922946095466614
vt 0.39870983362197876 0.9892569780349731
vt 0.40828558802604675 0.9892569780349731
vt 0.40828558802604675 0.9875559210777283
vt 0.4211340546607971 0.9892569780349731
vt 0.42125529050827026 0.9875559210777283
vt 0.614467203617096 0.9893785119056702
vt 0.6084066033363342 0.9893785119056702
vt 0.39870983362197876 0.9941171407699585
vt 0.39870983362197876 0.9875559210777283
vt 0.43774011731147766 0.9892569780349731
vt 0.4447703957557678 0.9892569780349731
vt 0.4378613233566284 0.9875559210777283
vt 0.469740092754364 0.9892569780349731
vt 0.5223460793495178 0.9892569780349731
vt 0.5762854218482971 0.9892569780349731
vt 0.5827096700668335 0.9892569780349731
vt 0.5878005623817444 0.9892569780349731
vt 0.5995581150054932 0.9893785119056702
vt 0.6084066033363342 0.9875559210777283
vt 0.614467203617096 0.9875559210777283
vt 0.5995581150054932 0.9875559210777283
vt 0.5876793265342712 0.9875559210777283
vt 0.5828308463096619 0.9875559210777283
vt 0.5762854218482971 0.9875559210777283
vt 0.5223460793495178 0.9875559210777283
vt 0.469740092754364 0.9875559210777283
vt 0.4447703957557678 0.9875559210777283
vt 0.9051336050033569 0.2618125379085541
vt 0.9110729694366455 0.2568308711051941
vt 0.9118002653121948 0.2601114809513092
vt 0.9210123419761658 0.2539147734642029
vt 0.9212547540664673 0.25913944840431213
vt 0.9326487183570862 0.2542792856693268
vt 0.9287699460983276 0.25889644026756287
vt 0.9213759899139404 0.264485627412796
vt 0.9118002653121948 0.26351359486579895
vt 0.909254789352417 0.2539147734642029
vt 0.9202851057052612 0.24844710528850555
vt 0.9373759627342224 0.25014814734458923
vt 0.9326487183570862 0.2542792856693268
vt 0.9051336050033569 0.2618125379085541
vt 0.9111942052841187 0.26679420471191406
vt 0.9211335778236389 0.2697103023529053
vt 0.9093760251998901 0.2697103023529053
vt 0.9204062819480896 0.2751779854297638
vt 0.9297395944595337 0.269467294216156
vt 0.9343456625938416 0.2740844488143921
vt 0.9311941862106323 0.26885977387428284
vt 0.9374971985816956 0.2709253430366516
vt 0.9400426149368286 0.25379326939582825
vt 0.9374971985816956 0.2709253430366516
vt 0.9337396025657654 0.2550083100795746
vt 0.9281638860702515 0.26424261927604675
vt 0.9292547702789307 0.25889644026756287
vt 0.9275578260421753 0.2643641233444214
vt 0.9337396025657654 0.2550083100795746
vt 0.9400426149368286 0.25379326939582825
vt 0.9373759627342224 0.25014814734458923
vt 0.9354366064071655 0.28757140040397644
vt 0.9313153624534607 0.2921885550022125
vt 0.9281638860702515 0.2920670509338379
vt 0.9279214143753052 0.2981422245502472
vt 0.9234365820884705 0.2977777123451233
vt 0.9235578179359436 0.2921885550022125
vt 0.9183456897735596 0.2968056797981262
vt 0.9183456897735596 0.29303908348083496
vt 0.9229517579078674 0.28684237599372864
vt 0.9286487102508545 0.28611335158348083
vt 0.9120426774024963 0.29474014043807983
vt 0.9171335697174072 0.3003292977809906
vt 0.9225881099700928 0.3031238913536072
vt 0.9282850623130798 0.30409592390060425
vt 0.9205275177955627 0.30834856629371643
vt 0.928406298160553 0.3104141354560852
vt 0.9326487183570862 0.3034884035587311
vt 0.9374971985816956 0.30810555815696716
vt 0.9338608384132385 0.3027593791484833
vt 0.9401638507843018 0.3049464523792267
vt 0.9305881261825562 0.29802072048187256
vt 0.92998206615448 0.29802072048187256
vt 0.9316790103912354 0.29231005907058716
vt 0.9364062547683716 0.2881789207458496
vt 0.942830502986908 0.28720688819885254
vt 0.9145880937576294 0.3031238913536072
vt 0.942830502986908 0.28720688819885254
vt 0.9406486749649048 0.2835617661476135
vt 0.9354366064071655 0.28757140040397644
vt 0.9406486749649048 0.2835617661476135
vt 0.9290123581886292 0.2797951400279999
vt 0.9211335778236389 0.2816177010536194
vt 0.9173759818077087 0.2895154654979706
vt 0.914951741695404 0.28659936785697937
vt 0.9120426774024963 0.29474014043807983
vt 0.9051336050033569 0.2618125379085541
vt 0.9111942052841187 0.26679420471191406
vt 0.9118002653121948 0.26351359486579895
vt 0.9213759899139404 0.264485627412796
vt 0.9211335778236389 0.2697103023529053
vt 0.9275578260421753 0.2643641233444214
vt 0.9297395944595337 0.269467294216156
vt 0.9204062819480896 0.2751779854297638
vt 0.9343456625938416 0.2740844488143921
vt 0.9311941862106323 0.26885977387428284
vt 0.9374971985816956 0.2709253430366516
vt 0.9093760251998901 0.2697103023529053
vt 0.9281638860702515 0.26424261927604675
vt 0.9292547702789307 0.25889644026756287
vt 0.9287699460983276 0.25889644026756287
vt 0.9337396025657654 0.2550083100795746
vt 0.9326487183570862 0.2542792856693268
vt 0.9400426149368286 0.25379326939582825
vt 0.9373759627342224 0.25014814734458923
vt 0.9212547540664673 0.25913944840431213
vt 0.9337396025657654 0.2550083100795746
vt 0.9374971985816956 0.2709253430366516
vt 0.9400426149368286 0.25379326939582825
vt 0.9118002653121948 0.2601114809513092
vt 0.9051336050033569 0.2618125379085541
vt 0.9110729694366455 0.2568308711051941
vt 0.909254789352417 0.2539147734642029
vt 0.9202851057052612 0.24844710528850555
vt 0.9210123419761658 0.2539147734642029
vt 0.9373759627342224 0.25014814734458923
vt 0.9326487183570862 0.2542792856693268
vt 0.9316790103912354 0.29231005907058716
vt 0.92998206615448 0.29802072048187256
vt 0.9313153624534607 0.2921885550022125
vt 0.9279214143753052 0.2981422245502472
vt 0.9282850623130798 0.30409592390060425
vt 0.9326487183570862 0.3034884035587311
vt 0.9305881261825562 0.29802072048187256
vt 0.9364062547683716 0.2881789207458496
vt 0.9354366064071655 0.28757140040397644
vt 0.9281638860702515 0.2920670509338379
vt 0.9286487102508545 0.28611335158348083
vt 0.9235578179359436 0.2921885550022125
vt 0.9234365820884705 0.2977777123451233
vt 0.9225881099700928 0.3031238913536072
vt 0.9205275177955627 0.30834856629371643
vt 0.928406298160553 0.3104141354560852
vt 0.9374971985816956 0.30810555815696716
vt 0.9338608384132385 0.3027593791484833
vt 0.9401638507843018 0.3049464523792267
vt 0.942830502986908 0.28720688819885254
vt 0.942830502986908 0.28720688819885254
vt 0.9406486749649048 0.2835617661476135
vt 0.9145880937576294 0.3031238913536072
vt 0.9171335697174072 0.3003292977809906
vt 0.9120426774024963 0.29474014043807983
vt 0.9183456897735596 0.2968056797981262
vt 0.9183456897735596 0.29303908348083496
vt 0.9120426774024963 0.29474014043807983
vt 0.9173759818077087 0.2895154654979706
vt 0.914951741695404 0.28659936785697937
vt 0.9211335778236389 0.2816177010536194
vt 0.9229517579078674 0.28684237599372864
vt 0.9290123581886292 0.2797951400279999
vt 0.9406486749649048 0.2835617661476135
vt 0.9354366064071655 0.28757140040397644
vt 0.7623458504676819 0.3241440951824188
vt 0.736527681350708 0.32353657484054565
vt 0.7413761615753174 0.4178236722946167
vt 0.7233155965805054 0.4170946478843689
vt 0.732891321182251 0.4565834403038025
vt 0.7131337523460388 0.45318135619163513
vt 0.6937398314476013 0.41770216822624207
vt 0.6987095475196838 0.323415070772171
vt 0.6715580821037292 0.323415070772171
vt 0.8044064044952393 0.3300977945327759
vt 0.7831943035125732 0.32645267248153687
vt 0.7865882515907288 0.3825875222682953
vt 0.754103422164917 0.42086127400398254
vt 0.7685276865959167 0.42875903844833374
vt 0.7484064698219299 0.46836933493614197
vt 0.7181034684181213 0.5108957290649414
vt 0.7041640877723694 0.5062785744667053
vt 0.6921641230583191 0.4537888765335083
vt 0.6715580821037292 0.41794517636299133
vt 0.6494974493980408 0.4178236722946167
vt 0.6444065570831299 0.323415070772171
vt 0.6198005080223083 0.41721615195274353
vt 0.6067096590995789 0.3237795829772949
vt 0.6016187071800232 0.41806668043136597
vt 0.580891489982605 0.3243871033191681
vt 0.5890126824378967 0.42122578620910645
vt 0.5598006248474121 0.32669568061828613
vt 0.5564066767692566 0.3827090263366699
vt 0.538467288017273 0.3302192986011505
vt 0.6891338229179382 0.5057925581932068
vt 0.5744672417640686 0.4288805425167084
vt 0.5949520468711853 0.46861234307289124
vt 0.6103460192680359 0.45682644844055176
vt 0.6298611164093018 0.45330286026000977
vt 0.6510732173919678 0.4537888765335083
vt 0.6716792583465576 0.45403188467025757
vt 0.6716792583465576 0.5056710839271545
vt 0.6543459296226501 0.5057925581932068
vt 0.6395580768585205 0.5064001083374023
vt 0.6257399320602417 0.5108957290649414
vt 0.9574971795082092 0.4185526967048645
vt 0.9558001756668091 0.4185526967048645
vt 0.9573759436607361 0.42693647742271423
vt 0.9558001756668091 0.4268149733543396
vt 0.9573759436607361 0.4311891198158264
vt 0.9558001756668091 0.4311891198158264
vt 0.9573759436607361 0.43592777848243713
vt 0.9556789994239807 0.43592777848243713
vt 0.9555577635765076 0.44819968938827515
vt 0.9572547674179077 0.44819968938827515
vt 0.9571335315704346 0.4520878195762634
vt 0.9555577635765076 0.4520878195762634
vt 0.9555577635765076 0.45901352167129517
vt 0.9571335315704346 0.45901352167129517
vt 0.9570122957229614 0.4688553512096405
vt 0.9554365873336792 0.4688553512096405
vt 0.9551941156387329 0.4919411242008209
vt 0.9568911194801331 0.49206262826919556
vt 0.9776183366775513 0.3550060987472534
vt 0.9604062438011169 0.35075345635414124
vt 0.9865880608558655 0.387326180934906
vt 0.9690123200416565 0.37772735953330994
vt 0.9707092642784119 0.38963475823402405
vt 0.9703456163406372 0.39826154708862305
vt 0.9845274686813354 0.40397220849990845
vt 0.969739556312561 0.40287867188453674
vt 0.9662244319915771 0.41758066415786743
vt 0.9823456406593323 0.4213472902774811
vt 0.9813759326934814 0.429002046585083
vt 0.9674365520477295 0.4232913553714752
vt 0.9714365601539612 0.42669346928596497
vt 0.9777395725250244 0.3548845946788788
vt 0.9605274796485901 0.35075345635414124
vt 0.9865880608558655 0.38720467686653137
vt 0.9691334962844849 0.37772735953330994
vt 0.9707092642784119 0.38963475823402405
vt 0.9845274686813354 0.40397220849990845
vt 0.9704668521881104 0.3981400430202484
vt 0.9698607921600342 0.40287867188453674
vt 0.9663456678390503 0.41758066415786743
vt 0.9823456406593323 0.4213472902774811
vt 0.9715577363967896 0.42657196521759033
vt 0.9813759326934814 0.429002046585083
vt 0.9674365520477295 0.4231698513031006
vt 0.9814971685409546 0.38999927043914795
vt 0.9851335287094116 0.38720467686653137
vt 0.9799214005470276 0.33933210372924805
vt 0.9962850213050842 0.38720467686653137
vt 0.9954365491867065 0.33933210372924805
vt 0.9945880174636841 0.26387810707092285
vt 0.9791941046714783 0.26387810707092285
vt 0.9798001646995544 0.23435263335704803
vt 0.9956789612770081 0.2342311292886734
vt 0.9962850213050842 0.33933210372924805
vt 0.9953153133392334 0.26387810707092285
vt 0.9945880174636841 0.26387810707092285
vt 0.9962850213050842 0.33933210372924805
vt 0.9954365491867065 0.33933210372924805
vt 0.9962850213050842 0.38720467686653137
vt 0.9971334934234619 0.387326180934906
vt 0.9956789612770081 0.2342311292886734
vt 0.9798001646995544 0.23435263335704803
vt 0.9945880174636841 0.26387810707092285
vt 0.9791941046714783 0.26387810707092285
vt 0.9799214005470276 0.33933210372924805
vt 0.9955577254295349 0.33933210372924805
vt 0.9962850213050842 0.38720467686653137
vt 0.9851335287094116 0.38720467686653137
vt 0.9814971685409546 0.38999927043914795
vt 0.9945880174636841 0.26387810707092285
vt 0.9962850213050842 0.33933210372924805
vt 0.9954365491867065 0.26387810707092285
vt 0.9945880174636841 0.26387810707092285
vt 0.9955577254295349 0.33933210372924805
vt 0.9962850213050842 0.38720467686653137
vt 0.9971334934234619 0.387326180934906
vt 0.8640426993370056 0.003009021980687976
vt 0.8657397031784058 0.0589008629322052
vt 0.8679214715957642 0.005682109855115414
vt 0.8789517879486084 0.005682109855115414
vt 0.8798002600669861 0.0589008629322052
vt 0.869982123374939 0.12366249412298203
vt 0.8841639161109924 0.12366249412298203
vt 0.8742245435714722 0.18830262124538422
vt 0.888527512550354 0.18830262124538422
vt 0.8816184401512146 0.23799775540828705
vt 0.8944669365882874 0.23799775540828705
vt 0.8908305764198303 0.281739205121994
vt 0.9030729532241821 0.281739205121994
vt 0.9046487212181091 0.32062047719955444
vt 0.910830557346344 0.32062047719955444
vt 0.888527512550354 0.18830262124538422
vt 0.8846487402915955 0.12366249412298203
vt 0.8806487321853638 0.0589008629322052
vt 0.8798002600669861 0.0589008629322052
vt 0.8798002600669861 0.005682109855115414
vt 0.8789517879486084 0.005682109855115414
vt 0.6702247262001038 0.09280047565698624
vt 0.6762853264808655 0.09280047565698624
vt 0.7031943798065186 0.13642041385173798
vt 0.6978610754013062 0.11333465576171875
vt 0.7151944041252136 0.12111090868711472
vt 0.7391943335533142 0.13642041385173798
vt 0.7391943335533142 0.12378399819135666
vt 0.7151944041252136 0.12111090868711472
vt 0.7031943798065186 0.13642041385173798
vt 0.6979822516441345 0.11333465576171875
vt 0.6764065623283386 0.09280047565698624
vt 0.6703459620475769 0.09280047565698624
vt 0.6577398777008057 0.6254740357398987
vt 0.6886489391326904 0.6296051740646362
vt 0.6628307700157166 0.6477092504501343
vt 0.683315634727478 0.6524478793144226
vt 0.6694974303245544 0.6626542210578918
vt 0.6808913946151733 0.6630187630653381
vt 0.6813762187957764 0.6628972291946411
vt 0.6814974546432495 0.6686079502105713
vt 0.6810125708580017 0.6686079502105713
vt 0.6696186661720276 0.6690939664840698
vt 0.6834368109703064 0.6795433163642883
vt 0.6614974737167358 0.6852539777755737
vt 0.6879217028617859 0.702629029750824
vt 0.6634368300437927 0.7093117833137512
vt 0.6694974303245544 0.6626542210578918
vt 0.8790730237960815 0.007869182154536247
vt 0.8791942000389099 0.00556060578674078
vt 0.8798002600669861 0.005682109855115414
vt 0.8789517879486084 0.005682109855115414
vt 0.8679214715957642 0.00556060578674078
vt 0.8640426993370056 0.002887517912313342
vt 0.8640426993370056 0.003009021980687976
vt 0.9813759326934814 0.3902422785758972
vt 0.9814971685409546 0.38999927043914795
vt 0.9851335287094116 0.38744768500328064
vt 0.9851335287094116 0.38720467686653137
vt 0.9966486692428589 0.38744768500328064
vt 0.9962850213050842 0.38720467686653137
vt 0.9971334934234619 0.387326180934906
vt 0.9962850213050842 0.38963475823402405
vt 0.9047699570655823 0.32062047719955444
vt 0.8908305764198303 0.281739205121994
vt 0.9031941890716553 0.281739205121994
vt 0.8944669365882874 0.23799775540828705
vt 0.8816184401512146 0.23799775540828705
vt 0.888527512550354 0.18830262124538422
vt 0.8742245435714722 0.18830262124538422
vt 0.8841639161109924 0.12366249412298203
vt 0.869982123374939 0.12366249412298203
vt 0.8799214959144592 0.0589008629322052
vt 0.8657397031784058 0.0589008629322052
vt 0.8789517879486084 0.005682109855115414
vt 0.8679214715957642 0.005682109855115414
vt 0.8679214715957642 0.00556060578674078
vt 0.8640426993370056 0.002887517912313342
vt 0.8640426993370056 0.003009021980687976
vt 0.910830557346344 0.32062047719955444
vt 0.8640426993370056 0.003009021980687976
vt 0.8793154358863831 0.00556060578674078
vt 0.8798002600669861 0.005682109855115414
vt 0.8790730237960815 0.007869182154536247
vt 0.888527512550354 0.18830262124538422
vt 0.8841639161109924 0.12366249412298203
vt 0.8846487402915955 0.12366249412298203
vt 0.8807699680328369 0.0589008629322052
vt 0.8799214959144592 0.0589008629322052
vt 0.8798002600669861 0.005682109855115414
vt 0.8789517879486084 0.005682109855115414
vt 0.6634368300437927 0.7093117833137512
vt 0.6614974737167358 0.6852539777755737
vt 0.6879217028617859 0.702629029750824
vt 0.6834368109703064 0.6795433163642883
vt 0.6696186661720276 0.6690939664840698
vt 0.6810125708580017 0.6686079502105713
vt 0.6814974546432495 0.6686079502105713
vt 0.6813762187957764 0.6628972291946411
vt 0.6808913946151733 0.6630187630653381
vt 0.6694974303245544 0.6626542210578918
vt 0.683315634727478 0.6524478793144226
vt 0.6628307700157166 0.6477092504501343
vt 0.6886489391326904 0.6296051740646362
vt 0.6577398777008057 0.6254740357398987
vt 0.6696186661720276 0.6690939664840698
vt 0.9962850213050842 0.38963475823402405
vt 0.9971334934234619 0.387326180934906
vt 0.9966486692428589 0.38744768500328064
vt 0.9962850213050842 0.38720467686653137
vt 0.9851335287094116 0.38720467686653137
vt 0.98525470495224 0.38744768500328064
vt 0.9814971685409546 0.38999927043914795
vt 0.9814971685409546 0.3902422785758972
vt 0.7578610181808472 0.12439151853322983
vt 0.6734974384307861 0.12439151853322983
vt 0.7859821915626526 0.060966428369283676
vt 0.6734974384307861 0.061573948711156845
vt 0.5891339182853699 0.12439151853322983
vt 0.5593157410621643 0.06023740768432617
vt 0.798103392124176 0.0024015021044760942
vt 0.5593157410621643 0.06023740768432617
vt 0.5463460683822632 0.0024015021044760942
vt 0.9539819955825806 0.3761478066444397
vt 0.9539819955825806 0.3636328876018524
vt 0.9838001728057861 0.3761478066444397
vt 0.9838001728057861 0.3636328876018524
vt 0.9839214086532593 0.3621748387813568
vt 0.953739583492279 0.3621748387813568
vt 0.9839214086532593 0.3477158844470978
vt 0.953739583492279 0.3477158844470978
vt 0.9675577878952026 0.492913156747818
vt 0.9526486992835999 0.492913156747818
vt 0.9840425848960876 0.5073721408843994
vt 0.9435577988624573 0.5073721408843994
vt 0.9525274634361267 0.492913156747818
vt 0.9674365520477295 0.492913156747818
vt 0.9434365630149841 0.5073721408843994
vt 0.9839214086532593 0.5073721408843994
vt 0.9539819955825806 0.3761478066444397
vt 0.9539819955825806 0.3636328876018524
vt 0.9838001728057861 0.3761478066444397
vt 0.9838001728057861 0.3636328876018524
vt 0.9839214086532593 0.3621748387813568
vt 0.953739583492279 0.3621748387813568
vt 0.9839214086532593 0.3477158844470978
vt 0.953739583492279 0.3477158844470978
vt 0.9675577878952026 0.492913156747818
vt 0.9526486992835999 0.492913156747818
vt 0.9840425848960876 0.5073721408843994
vt 0.9435577988624573 0.5073721408843994
vt 0.9525274634361267 0.492913156747818
vt 0.9674365520477295 0.492913156747818
vt 0.9434365630149841 0.5073721408843994
vt 0.9839214086532593 0.5073721408843994
vt 0.9539819955825806 0.3761478066444397
vt 0.9539819955825806 0.3636328876018524
vt 0.9838001728057861 0.3761478066444397
vt 0.9838001728057861 0.3636328876018524
vt 0.9839214086532593 0.3621748387813568
vt 0.953739583492279 0.3621748387813568
vt 0.9839214086532593 0.3477158844470978
vt 0.953739583492279 0.3477158844470978
vt 0.9675577878952026 0.492913156747818
vt 0.9526486992835999 0.492913156747818
vt 0.9840425848960876 0.5073721408843994
vt 0.9435577988624573 0.5073721408843994
vt 0.9525274634361267 0.492913156747818
vt 0.9674365520477295 0.492913156747818
vt 0.9434365630149841 0.5073721408843994
vt 0.9839214086532593 0.5073721408843994
vt 0.9539819955825806 0.3761478066444397
vt 0.9539819955825806 0.3636328876018524
vt 0.9838001728057861 0.3761478066444397
vt 0.9838001728057861 0.3636328876018524
vt 0.9839214086532593 0.3621748387813568
vt 0.953739583492279 0.3621748387813568
vt 0.9839214086532593 0.3477158844470978
vt 0.953739583492279 0.3477158844470978
vt 0.9675577878952026 0.492913156747818
vt 0.9526486992835999 0.492913156747818
vt 0.9840425848960876 0.5073721408843994
vt 0.9435577988624573 0.5073721408843994
vt 0.9525274634361267 0.492913156747818
vt 0.9674365520477295 0.492913156747818
vt 0.9434365630149841 0.5073721408843994
vt 0.9839214086532593 0.5073721408843994
vt 0.9539819955825806 0.3761478066444397
vt 0.9539819955825806 0.3636328876018524
vt 0.9838001728057861 0.3761478066444397
vt 0.9838001728057861 0.3636328876018524
vt 0.9839214086532593 0.3621748387813568
vt 0.953739583492279 0.3621748387813568
vt 0.9839214086532593 0.3477158844470978
vt 0.953739583492279 0.3477158844470978
vt 0.9675577878952026 0.492913156747818
vt 0.9526486992835999 0.492913156747818
vt 0.9840425848960876 0.5073721408843994
vt 0.9435577988624573 0.5073721408843994
vt 0.9525274634361267 0.492913156747818
vt 0.9674365520477295 0.492913156747818
vt 0.9434365630149841 0.5073721408843994
vt 0.9839214086532593 0.5073721408843994
vt 0.9539819955825806 0.3761478066444397
vt 0.9539819955825806 0.3636328876018524
vt 0.9838001728057861 0.3761478066444397
vt 0.9838001728057861 0.3636328876018524
vt 0.9839214086532593 0.3621748387813568
vt 0.953739583492279 0.3621748387813568
vt 0.9839214086532593 0.3477158844470978
vt 0.953739583492279 0.3477158844470978
vt 0.9675577878952026 0.492913156747818
vt 0.9526486992835999 0.492913156747818
vt 0.9840425848960876 0.5073721408843994
vt 0.9435577988624573 0.5073721408843994
vt 0.9525274634361267 0.492913156747818
vt 0.9674365520477295 0.492913156747818
vt 0.9434365630149841 0.5073721408843994
vt 0.9839214086532593 0.5073721408843994
vt 0.9539819955825806 0.3761478066444397
vt 0.9539819955825806 0.3636328876018524
vt 0.9838001728057861 0.3761478066444397
vt 0.9838001728057861 0.3636328876018524
vt 0.9839214086532593 0.3621748387813568
vt 0.953739583492279 0.3621748387813568
vt 0.9839214086532593 0.3477158844470978
vt 0.953739583492279 0.3477158844470978
vt 0.9675577878952026 0.492913156747818
vt 0.9526486992835999 0.492913156747818
vt 0.9840425848960876 0.5073721408843994
vt 0.9435577988624573 0.5073721408843994
vt 0.9525274634361267 0.492913156747818
vt 0.9674365520477295 0.492913156747818
vt 0.9434365630149841 0.5073721408843994
vt 0.9839214086532593 0.5073721408843994
vt 0.966103196144104 0.3906067907810211
vt 0.9654971361160278 0.4839218556880951
vt 0.9715577363967896 0.39546695351600647
vt 0.9716789722442627 0.4893895387649536
vt 0.9658607840538025 0.39255085587501526
vt 0.9652547240257263 0.4836788475513458
vt 0.9719213843345642 0.39789703488349915
vt 0.9720426201820374 0.4897540509700775
vt 0.9722850322723389 0.39546695351600647
vt 0.9715577363967896 0.39546695351600647
vt 0.972406268119812 0.4893895387649536
vt 0.9716789722442627 0.4893895387649536
vt 0.9727698564529419 0.4897540509700775
vt 0.9788304567337036 0.48440787196159363
vt 0.9726486802101135 0.39789703488349915
vt 0.9779819846153259 0.3931583762168884
vt 0.9720426201820374 0.4897540509700775
vt 0.9727698564529419 0.4897540509700775
vt 0.9719213843345642 0.39789703488349915
vt 0.9726486802101135 0.39789703488349915
vt 0.9715577363967896 0.39546695351600647
vt 0.9722850322723389 0.39546695351600647
vt 0.9715577363967896 0.3880552053451538
vt 0.9722850322723389 0.3880552053451538
vt 0.9065881371498108 0.5310654044151306
vt 0.8436790704727173 0.5302149057388306
vt 0.9006487131118774 0.49558624625205994
vt 0.8778609037399292 0.47614559531211853
vt 0.8436790704727173 0.46800482273101807
vt 0.8094972968101501 0.47614559531211853
vt 0.7867094874382019 0.49558624625205994
vt 0.7807700634002686 0.5310654044151306
vn -0.932530403137207 -0.3581671416759491 0.04586252197623253
vn -0.8710476756095886 -0.4876479506492615 0.058952588587999344
vn -0.937825083732605 -0.3404473662376404 0.06767380982637405
vn -0.8606305122375488 -0.5005156993865967 0.09380380809307098
vn -0.9723291397094727 -0.23188289999961853 0.028397228568792343
vn -0.9722983241081238 -0.22828321158885956 0.05022686347365379
vn -0.9971474409103394 -0.07544711232185364 0.002184694167226553
vn -0.9974030256271362 -0.06789521872997284 0.024029340595006943
vn -0.9834297895431519 0.18022020161151886 -0.01966099627315998
vn -0.9676323533058167 -0.2390977442264557 0.08074574917554855
vn -0.9290450215339661 -0.3542024493217468 0.10684575140476227
vn -0.8443312644958496 -0.520175039768219 0.12854042649269104
vn -0.7644273638725281 -0.6299416422843933 0.1372016966342926
vn -0.7243325710296631 -0.6789504289627075 0.11986933648586273
vn -0.4852529466152191 -0.8555746078491211 0.18033768236637115
vn -0.47050854563713074 -0.8702578544616699 0.1458524912595749
vn -0.3666313886642456 -0.9159548282623291 0.16312000155448914
vn -0.4627959728240967 -0.8770959377288818 0.12854042649269104
vn -0.2953835725784302 -0.9213159084320068 0.25283506512641907
vn -0.7398762106895447 -0.6678797602653503 0.08074574917554855
vn -0.3506791889667511 -0.9181146621704102 0.18463370203971863
vn -0.7556285858154297 -0.6422638297080994 0.12854042649269104
vn -0.5984063744544983 -0.7806331515312195 0.18033768236637115
vn -0.48382964730262756 -0.8581467270851135 0.17173540592193604
vn -0.39088359475135803 -0.8980501890182495 0.2017817199230194
vn -0.3506791889667511 -0.9181146621704102 0.18463370203971863
vn -0.39044544100761414 -0.8921029567718506 0.22738653421401978
vn -0.6037692427635193 -0.7700663805007935 0.2060592919588089
vn -0.8381331562995911 -0.5231300592422485 0.15449213981628418
vn -0.3676471412181854 -0.8925067186355591 0.2612801790237427
vn -0.6063165068626404 -0.7594321966171265 0.23588760197162628
vn -0.5115648508071899 -0.8055335283279419 0.2990269064903259
vn -0.8097494840621948 -0.5509899258613586 0.2017817199230194
vn -0.7957121133804321 -0.5464200973510742 0.2612801790237427
vn -0.9241243004798889 -0.3613406717777252 0.1242060661315918
vn -0.9273931980133057 -0.3366507291793823 0.16312000155448914
vn -0.9707436561584473 -0.21714159846305847 0.10250037163496017
vn -0.3589949309825897 -0.8827210068702698 0.30319350957870483
vn -0.9083209037780762 -0.35378870368003845 0.22312943637371063
vn -0.9658291935920715 -0.21712596714496613 0.1415284425020218
vn -0.9400528073310852 -0.2717357873916626 0.2060592919588089
vn -0.9937021136283875 -0.045274872332811356 0.10250037163496017
vn -0.9842604994773865 -0.05655686557292938 0.16742929816246033
vn -0.9628921747207642 0.2612641751766205 0.06767380982637405
vn -0.9552835822105408 0.26833951473236084 0.1242060661315918
vn -0.8225420117378235 0.5677597522735596 0.03276457265019417
vn -0.8063753247261047 0.5858659744262695 0.08074574917554855
vn -0.5803950428962708 0.814261794090271 0.010923261754214764
vn -0.5507417321205139 0.8331631422042847 0.05022686347365379
vn -0.34753286838531494 0.9376652836799622 0.002184694167226553
vn -0.3117210566997528 0.949608564376831 0.03276457265019417
vn -0.18025116622447968 0.9835987687110901 0.006554040592163801
vn -0.1578412801027298 0.9869207739830017 0.03276457265019417
vn -1.0340933296291988e-13 0.9999785423278809 0.006554040592163801
vn -1.0335603087361506e-13 0.9994630813598633 0.03276457265019417
vn -1.0340933296291988e-13 0.9999785423278809 -0.006554040592163801
vn -0.19508613646030426 0.9807642102241516 -0.006554040592163801
vn -0.3686642050743103 0.9294984340667725 -0.010923261754214764
vn -0.604758083820343 0.7964062690734863 -0.002184694167226553
vn -0.8355437517166138 0.5492110252380371 0.0152922747656703
vn -0.9668704867362976 0.25027722120285034 0.05022686347365379
vn -0.9962778091430664 -0.030176924541592598 0.08074574917554855
vn -0.9971308708190918 -0.041490066796541214 0.0633138045668602
vn -0.9807829260826111 0.19508986175060272 0.002184694167226553
vn -0.9704205393791199 0.23918718099594116 0.03276457265019417
vn -0.8438400030136108 0.5365904569625854 -0.002184694167226553
vn -0.6284160614013672 0.7776288986206055 -0.01966099627315998
vn -0.4033980667591095 0.9147090315818787 -0.024029340595006943
vn -0.20245234668254852 0.9790947437286377 -0.01966099627315998
vn -1.0339945994688668e-13 0.9998830556869507 -0.0152922747656703
vn 0.19508613646030426 0.9807642102241516 -0.006554040592163801
vn 0.18025116622447968 0.9835987687110901 0.006554040592163801
vn 0.34753286838531494 0.9376652836799622 0.002184694167226553
vn 0.3117210566997528 0.949608564376831 0.03276457265019417
vn 0.5538875460624695 0.831075131893158 0.05022686347365379
vn 0.5803950428962708 0.814261794090271 0.010923261754214764
vn 0.8063753247261047 0.5858659744262695 0.08074574917554855
vn 0.1578412801027298 0.9869207739830017 0.03276457265019417
vn -1.0335603087361506e-13 0.9994630813598633 0.03276457265019417
vn 0.3686642050743103 0.9294984340667725 -0.010923261754214764
vn 0.20245234668254852 0.9790947437286377 -0.01966099627315998
vn -0.001887861406430602 0.9987360239028931 -0.05022686347365379
vn -0.2557560205459595 0.9654356837272644 -0.05022686347365379
vn -0.41903358697891235 0.9068117141723633 -0.04586252197623253
vn -0.6640310883522034 0.7453773021697998 -0.058952588587999344
vn -0.8778645992279053 0.47778674960136414 -0.03276457265019417
vn -0.8525804877281189 0.5205795764923096 -0.04586252197623253
vn -0.680766224861145 0.7301245927810669 -0.058952588587999344
vn -0.44616958498954773 0.8935378789901733 -0.05022686347365379
vn -0.22639299929141998 0.9725050926208496 -0.05459024757146835
vn -0.0018869596533477306 0.9982590079307556 -0.058952588587999344
vn 0.22265949845314026 0.973112165927887 -0.058952588587999344
vn 0.2448417991399765 0.968477725982666 -0.04586252197623253
vn 0.39651668071746826 0.9178169369697571 -0.01966099627315998
vn 0.604758083820343 0.7964062690734863 -0.002184694167226553
vn 0.8225420117378235 0.5677597522735596 0.03276457265019417
vn 0.9552835822105408 0.26833951473236084 0.1242060661315918
vn 0.9628921747207642 0.2612641751766205 0.06767380982637405
vn 0.9840368628501892 -0.06032275781035423 0.16742929816246033
vn 0.8355437517166138 0.5492110252380371 0.0152922747656703
vn 0.6343191266059875 0.7729200720787048 -0.0152922747656703
vn 0.44268685579299927 0.8950129747390747 -0.05459024757146835
vn 0.42236998677253723 0.9050308465957642 -0.05022686347365379
vn 0.6781696081161499 0.7328751087188721 -0.05459024757146835
vn 0.6893322467803955 0.722702145576477 -0.05022686347365379
vn 0.859070897102356 0.5105080604553223 -0.03713129088282585
vn 0.8518480062484741 0.5237845182418823 0.002184694167226553
vn 0.967809796333313 0.24662017822265625 0.05022686347365379
vn 0.9940170645713806 -0.037733044475317 0.10250037163496017
vn 0.9389983415603638 -0.2753573954105377 0.2060592919588089
vn 0.9624057412147522 -0.2318294644355774 0.1415284425020218
vn 0.9044731855392456 -0.36086511611938477 0.22738653421401978
vn 0.8881745934486389 0.4576285779476166 -0.04149730131030083
vn 0.9744246006011963 0.22461917996406555 -0.006554040592163801
vn 0.9704205393791199 0.23918718099594116 0.03276457265019417
vn 0.9962778091430664 -0.030176924541592598 0.08074574917554855
vn 0.9884243011474609 0.1504354178905487 -0.01966099627315998
vn 0.9974030256271362 -0.06789521872997284 0.024029340595006943
vn 0.9971474409103394 -0.07544711232185364 0.002184694167226553
vn 0.9731544256210327 -0.22460581362247467 0.05022686347365379
vn 0.9723291397094727 -0.23188289999961853 0.028397228568792343
vn 0.937825083732605 -0.3404473662376404 0.06767380982637405
vn 0.9311696887016296 -0.3616899847984314 0.04586252197623253
vn 0.8691979050636292 -0.4909374415874481 0.058952588587999344
vn 0.8587275743484497 -0.50377357006073 0.09380380809307098
vn 0.7243325710296631 -0.6789504289627075 0.11986933648586273
vn 0.7398762106895447 -0.6678797602653503 0.08074574917554855
vn 0.47050854563713074 -0.8702578544616699 0.1458524912595749
vn 0.46613258123397827 -0.8753272294998169 0.12854042649269104
vn 0.3631237745285034 -0.9173510670661926 0.16312000155448914
vn 0.2989768385887146 -0.9201561212539673 0.25283506512641907
vn 0.3506791889667511 -0.9181146621704102 0.18463370203971863
vn 0.4819675087928772 -0.8574296832084656 0.18033768236637115
vn 0.7620230317115784 -0.6328479647636414 0.1372016966342926
vn 0.842344343662262 -0.5233864784240723 0.12854042649269104
vn 0.7531773447990417 -0.6451365947723389 0.12854042649269104
vn 0.5940441489219666 -0.7829571962356567 0.18463370203971863
vn 0.4903908669948578 -0.8544142842292786 0.17173540592193604
vn 0.3943423926830292 -0.8965367674827576 0.2017817199230194
vn 0.3506791889667511 -0.9181146621704102 0.18463370203971863
vn 0.39389827847480774 -0.8905838131904602 0.22738653421401978
vn 0.6007964015007019 -0.7723880410194397 0.2060592919588089
vn 0.3676471412181854 -0.8925067186355591 0.2612801790237427
vn 0.6092610359191895 -0.7570719718933105 0.23588760197162628
vn 0.5115648508071899 -0.8055335283279419 0.2990269064903259
vn 0.8118674159049988 -0.5478644967079163 0.2017817199230194
vn 0.7957121133804321 -0.5464200973510742 0.2612801790237427
vn 0.36248916387557983 -0.8812918663024902 0.30319350957870483
vn 0.8341100215911865 -0.5295211672782898 0.15449213981628418
vn 0.9267565608024597 -0.3614082932472229 0.10250037163496017
vn 0.9241243004798889 -0.3613406717777252 0.1242060661315918
vn 0.925420343875885 -0.33994796872138977 0.16742929816246033
vn 0.9723634123802185 -0.20976904034614563 0.10250037163496017
vn 0.9972805976867676 -0.037720128893852234 0.0633138045668602
vn 0.9676323533058167 -0.2390977442264557 0.08074574917554855
vn 0.9985435009002686 -0.05283556878566742 0.010923261754214764
vn 0.9985435009002686 -0.05283556878566742 0.010923261754214764
vn 0.9971474409103394 -0.07544711232185364 0.002184694167226553
vn 0.9965491890907288 -0.08297525346279144 0.002184694167226553
vn 0.9971474409103394 -0.07544711232185364 0.002184694167226553
vn 0.998173177242279 -0.06037835404276848 0.002184694167226553
vn -0.9985435009002686 -0.05283556878566742 0.010923261754214764
vn -0.9971474409103394 -0.07544711232185364 0.002184694167226553
vn -0.9985435009002686 -0.05283556878566742 0.010923261754214764
vn -0.9965491890907288 -0.08297525346279144 0.002184694167226553
vn -0.9971474409103394 -0.07544711232185364 0.002184694167226553
vn -0.998173177242279 -0.06037835404276848 0.002184694167226553
vn 0.9191505312919617 0.0226524006575346 -0.3932546079158783
vn 0.9884003400802612 0.022641755640506744 -0.15017375349998474
vn 0.9892775416374207 -0.0075527760200202465 -0.1458524912595749
vn 0.9922277331352234 0.0075477855280041695 -0.1242060661315918
vn 0.9942469000816345 -0.007553999777883291 -0.10684575140476227
vn 0.9971450567245483 -0.022649366408586502 -0.07203252613544464
vn 0.9977102875709534 -0.045293159782886505 -0.05022686347365379
vn 0.9987506866455078 -0.03773028776049614 -0.03276457265019417
vn 0.9988545179367065 -0.03018219955265522 -0.03713129088282585
vn 0.9991406798362732 -0.0301908478140831 -0.028397228568792343
vn 0.9993505477905273 -0.03019719012081623 -0.01966099627315998
vn 0.999265730381012 -0.037749744951725006 -0.006554040592163801
vn 0.99858158826828 -0.05283758416771889 -0.006554040592163801
vn 0.916178286075592 0.05287066474556923 -0.3972681760787964
vn -0.0019445375073701143 0.00851957593113184 -0.999961793422699
vn 0.0037933827843517065 0.02151334285736084 -0.9997613430023193
vn 0.28349268436431885 0.022691117599606514 -0.9587059020996094
vn 0.4061434268951416 0.030255477875471115 -0.913308322429657
vn 0.6230623722076416 0.015118086710572243 -0.7820260524749756
vn 0.7138643860816956 0.015104415826499462 -0.7001210451126099
vn 0.9191505312919617 0.0226524006575346 -0.3932546079158783
vn 0.9165825843811035 0.04532437399029732 -0.3972681760787964
vn -0.28349268436431885 0.022691117599606514 -0.9587059020996094
vn -0.4061434268951416 0.030255477875471115 -0.913308322429657
vn -0.6230623722076416 0.015118086710572243 -0.7820260524749756
vn -0.7138643860816956 0.015104415826499462 -0.7001210451126099
vn -0.9190497398376465 0.026426834985613823 -0.3932546079158783
vn -0.916388213634491 0.0490979366004467 -0.3972681760787964
vn -0.9190497398376465 0.026426834985613823 -0.3932546079158783
vn -0.9884795546531677 0.01886863447725773 -0.15017375349998474
vn -0.9892991185188293 -0.0037764154840260744 -0.1458524912595749
vn -0.9922277331352234 0.0075477855280041695 -0.1242060661315918
vn -0.9942684173583984 -0.003777027130126953 -0.10684575140476227
vn -0.9971450567245483 -0.022649366408586502 -0.07203252613544464
vn -0.99787437915802 -0.04152100533246994 -0.05022686347365379
vn -0.9987506866455078 -0.03773028776049614 -0.03276457265019417
vn -0.9988545179367065 -0.03018219955265522 -0.03713129088282585
vn -0.9991406798362732 -0.0301908478140831 -0.028397228568792343
vn -0.9993505477905273 -0.03019719012081623 -0.01966099627315998
vn -0.999265730381012 -0.037749744951725006 -0.006554040592163801
vn -0.99858158826828 -0.05283758416771889 -0.006554040592163801
vn -0.916388213634491 0.0490979366004467 -0.3972681760787964
vn 3.097898456858039e-13 -0.999997615814209 0.002184694167226553
vn 3.097898456858039e-13 -0.999997615814209 0.002184694167226553
vn 3.097898456858039e-13 -0.999997615814209 0.002184694167226553
vn 3.097898456858039e-13 -0.999997615814209 -0.002184694167226553
vn 3.097898456858039e-13 -0.999997615814209 -0.002184694167226553
vn 3.097898456858039e-13 -0.999997615814209 0.002184694167226553
vn 3.097898456858039e-13 -0.999997615814209 -0.002184694167226553
vn 3.097898456858039e-13 -0.999997615814209 0.002184694167226553
vn 3.097898456858039e-13 -0.999997615814209 0.002184694167226553
vn 3.097898456858039e-13 -0.999997615814209 0.002184694167226553
vn -0.02264723740518093 -0.99945467710495 -0.024029340595006943
vn -0.0075516714714467525 -0.9999499917030334 -0.006554040592163801
vn 3.097898456858039e-13 -0.999997615814209 -0.002184694167226553
vn 3.097898456858039e-13 -0.999997615814209 0.002184694167226553
vn 3.097898456858039e-13 -0.999997615814209 0.002184694167226553
vn 3.097898456858039e-13 -0.999997615814209 0.002184694167226553
vn 3.097898456858039e-13 -0.999997615814209 0.002184694167226553
vn 3.097898456858039e-13 -0.999997615814209 0.002184694167226553
vn 3.097898456858039e-13 -0.999997615814209 0.002184694167226553
vn 3.097898456858039e-13 -0.999997615814209 0.002184694167226553
vn 3.097898456858039e-13 -0.999997615814209 0.002184694167226553
vn 3.097898456858039e-13 -0.999997615814209 0.002184694167226553
vn 3.097898456858039e-13 -0.999997615814209 0.002184694167226553
vn 3.097898456858039e-13 -0.999997615814209 0.002184694167226553
vn 3.097898456858039e-13 -0.999997615814209 0.002184694167226553
vn 3.097898456858039e-13 -0.999997615814209 0.002184694167226553
vn 3.097898456858039e-13 -0.999997615814209 0.002184694167226553
vn 3.097898456858039e-13 -0.999997615814209 0.002184694167226553
vn 3.097898456858039e-13 -0.999997615814209 0.002184694167226553
vn 3.097898456858039e-13 -0.999997615814209 0.002184694167226553
vn 3.097898456858039e-13 -0.999997615814209 0.002184694167226553
vn 3.097898456858039e-13 -0.999997615814209 0.002184694167226553
vn 3.097898456858039e-13 -0.999997615814209 0.002184694167226553
vn 3.097898456858039e-13 -0.999997615814209 0.002184694167226553
vn 3.097898456858039e-13 -0.999997615814209 0.002184694167226553
vn 3.097898456858039e-13 -0.999997615814209 0.002184694167226553
vn 0.02264723740518093 -0.99945467710495 -0.024029340595006943
vn 0.0075516714714467525 -0.9999499917030334 -0.006554040592163801
vn 3.097898456858039e-13 -0.999997615814209 0.002184694167226553
vn 3.097898456858039e-13 -0.999997615814209 0.002184694167226553
vn 3.097898456858039e-13 -0.999997615814209 0.002184694167226553
vn 3.097898456858039e-13 -0.999997615814209 0.002184694167226553
vn 3.097898456858039e-13 -0.999997615814209 0.002184694167226553
vn 0.9876571297645569 0.0829358845949173 0.1328723281621933
vn 0.9736291170120239 0.0979076623916626 0.2060592919588089
vn 0.9778125286102295 0.09049613773822784 0.18892620503902435
vn 0.9586538672447205 0.0603133887052536 0.2781098484992981
vn 0.9557511210441589 0.04524198919534683 0.29067665338516235
vn 0.9427279829978943 0.030192913487553596 0.33219319581985474
vn 0.9402421712875366 0.00754513731226325 0.34042292833328247
vn 0.9324894547462463 -0.01508240681141615 0.36088213324546814
vn 0.9323369860649109 -0.022622376680374146 0.36088213324546814
vn 0.9270347952842712 -0.037696897983551025 0.37307560443878174
vn 0.932123601436615 -0.030160868540406227 0.36088213324546814
vn 0.9229975342750549 -0.05277891084551811 0.3811691105365753
vn 0.9104281067848206 -0.08291439712047577 0.405272513628006
vn 0.9356989860534668 -0.007547237444669008 0.3527185618877411
vn 0.9570133686065674 0.04524488374590874 0.2864931523799896
vn 0.9813870787620544 0.052818216383457184 0.18463370203971863
vn 0.9898250102996826 0.037710677832365036 0.1372016966342926
vn 0.9876717925071716 0.07536668330430984 0.1372016966342926
vn 0.9899320602416992 0.06787767261266708 0.1242060661315918
vn 0.9887848496437073 0.0829295963048935 0.1242060661315918
vn 0.9942756295204163 0 0.10684575140476227
vn 0.9925873279571533 -0.03772437572479248 0.11553031951189041
vn 0.9929116368293762 -0.0829729437828064 0.08510008454322815
vn 0.9894415736198425 -0.0979253277182579 0.10684575140476227
vn 0.9887313842773438 -0.11303174495697021 0.0981530249118805
vn 0.9769812226295471 -0.09041920304298401 0.19321508705615997
vn 0.9797350168228149 -0.052793968468904495 0.19321508705615997
vn 0.9785104393959045 -0.007543907035142183 0.2060592919588089
vn 0.9514753818511963 0.015097973868250847 0.30735430121421814
vn 0.9340574741363525 -0.015088346786797047 0.3568037748336792
vn 0.9110816717147827 -0.07539471983909607 0.405272513628006
vn 0.8911728858947754 -0.13523061573505402 0.43303996324539185
vn 0.8938032388687134 -0.14271000027656555 0.42514660954475403
vn 0.894961416721344 -0.13525694608688354 0.42514660954475403
vn 0.9149791598320007 -0.09035440534353256 0.3932546079158783
vn 0.9497634768486023 -0.030187353491783142 0.31150925159454346
vn 0.9477927684783936 -0.04526340961456299 0.31565824151039124
vn 0.9247376322746277 -0.07533153891563416 0.37307560443878174
vn -0.9354548454284668 0.02266884222626686 -0.3527185618877411
vn -0.9321223497390747 0.030199721455574036 -0.36088213324546814
vn -0.935698926448822 0.007556937634944916 -0.3527185618877411
vn -0.9324891567230225 0.01510184071958065 -0.36088213324546814
vn -0.940151035785675 -0.015109083615243435 -0.34042292833328247
vn -0.935729444026947 -1.935304672594229e-13 -0.3527185618877411
vn -0.928125262260437 0.04908227548003197 -0.3690181374549866
vn -0.919156551361084 0.06040245294570923 -0.3892335295677185
vn -0.9222766160964966 0.06415532529354095 -0.3811691105365753
vn -0.9135905504226685 0.0867772325873375 -0.3972681760787964
vn -0.9451663494110107 -0.04152936860918999 -0.3239381015300751
vn -0.9546394944190979 -0.041522979736328125 -0.2948545813560486
vn -0.9613577723503113 -0.08674043416976929 -0.2612801790237427
vn -0.9767885804176331 -0.08293221145868301 -0.1975002884864807
vn -0.9750227332115173 -0.11677990853786469 -0.18892620503902435
vn -0.980216920375824 -0.1055568978190422 -0.16742929816246033
vn -0.9817193746566772 -0.09052342176437378 -0.16742929816246033
vn -0.9787050485610962 -0.09805473685264587 -0.18033768236637115
vn -0.9848423600196838 -0.04530958831310272 -0.16742929816246033
vn -0.9792954921722412 -0.06040087714791298 -0.19321508705615997
vn -0.9835757613182068 -0.00755514670163393 -0.18033768236637115
vn -0.9872807264328003 0.007546701468527317 -0.15880759060382843
vn -0.9885947704315186 0.011321621015667915 -0.15017375349998474
vn -0.9892414808273315 0.011329026892781258 -0.1458524912595749
vn -0.977810800075531 -0.037756871432065964 -0.2060592919588089
vn -0.9780731201171875 -0.030208198353648186 -0.2060592919588089
vn -0.9546394944190979 -0.041522979736328125 -0.2948545813560486
vn -0.9482637643814087 -0.033996209502220154 -0.31565824151039124
vn -0.9309568405151367 0.011321928352117538 -0.3649536371231079
vn -0.9293531179428101 -0.011331669986248016 -0.3690181374549866
vn -0.9139658808708191 0.060377541929483414 -0.401274174451828
vn -0.9128459095954895 0.0754411369562149 -0.401274174451828
vn -0.9255392551422119 0.0339568667113781 -0.37712597846984863
vn -0.9514753818511963 -0.015097973868250847 -0.30735430121421814
vn -0.957868218421936 -0.052847061306238174 -0.28230419754981995
vn -0.9745948314666748 -0.06411471217870712 -0.21460255980491638
vn -0.9802737832069397 -0.0075482395477592945 -0.1975002884864807
vn -0.9782989621162415 -0.10927785187959671 -0.1760382205247879
vn -0.11601835489273071 -0.49861469864845276 -0.8590245246887207
vn 0.00756114162504673 -0.500573456287384 -0.865661084651947
vn -0.12524349987506866 -0.5002428889274597 -0.8567795157432556
vn 0.12890341877937317 -0.4993123412132263 -0.8567795157432556
vn 0.0037752932403236628 -0.5119205117225647 -0.8590245246887207
vn 0.3706553280353546 -0.48382288217544556 -0.7927988767623901
vn 0.009451547637581825 -0.5884160995483398 -0.8085030317306519
vn -0.1527160108089447 -0.5042508244514465 -0.8499464392662048
vn -0.1917293816804886 -0.6316404342651367 -0.7511792182922363
vn 0.42950621247291565 -0.4468834102153778 -0.7847417593002319
vn 0.42402222752571106 -0.45209014415740967 -0.7847417593002319
vn 0.5728369355201721 -0.4105859696865082 -0.7094202041625977
vn 0.53152996301651 -0.458071768283844 -0.7124928832054138
vn 0.32633844017982483 -0.6105362772941589 -0.7216291427612305
vn 0.4488930106163025 -0.6217026114463806 -0.641857385635376
vn 0.2750832736492157 -0.8661732077598572 -0.417220801115036
vn 0.37074556946754456 -0.8432348370552063 -0.3892335295677185
vn 0.28121230006217957 -0.9583302736282349 -0.05022686347365379
vn 0.11303403973579407 -0.9935694932937622 -0.006554040592163801
vn 0.2519754469394684 -0.9464631676673889 0.2017817199230194
vn 0.5928406119346619 -0.3924304246902466 -0.7032341957092285
vn -0.10172576457262039 -0.8715242147445679 -0.4796847105026245
vn -0.1876632571220398 -0.9773169755935669 -0.0981530249118805
vn -0.2191297709941864 -0.9746172428131104 0.04586252197623253
vn -0.32237300276756287 -0.9384287595748901 -0.1242060661315918
vn -0.3261833190917969 -0.9452434182167053 0.010923261754214764
vn -0.37537190318107605 -0.9259448647499084 0.04149730131030083
vn -0.2022913545370102 -0.9734794497489929 0.10684575140476227
vn 0.09425651282072067 -0.983487606048584 0.15449213981628418
vn 0.04528554528951645 -0.9747030138969421 0.21886809170246124
vn 0.1855449080467224 -0.946089506149292 0.26549527049064636
vn 0.0735115334391594 -0.9039894342422485 0.42118772864341736
vn -0.1389414668083191 -0.8555440306663513 0.4987381398677826
vn 0.011310865171253681 -0.6600013971328735 0.7511792182922363
vn -0.26041531562805176 -0.835702121257782 -0.4835140109062195
vn -0.39359182119369507 -0.8775298595428467 0.27391019463539124
vn -0.5203235149383545 -0.8207438588142395 0.23588760197162628
vn -0.6545072793960571 -0.6224914789199829 0.42909738421440125
vn -0.4914016127586365 -0.6404070854187012 0.590256929397583
vn -0.6858809590339661 -0.5039154291152954 0.5250110030174255
vn -0.546794593334198 -0.549460232257843 0.6317508816719055
vn -0.6552640199661255 -0.5208321809768677 0.5471406579017639
vn -0.4377727210521698 -0.5679380893707275 0.6969945430755615
vn -0.5381206274032593 -0.5541062355041504 0.6351318359375
vn -0.11965349316596985 -0.5725852847099304 0.8110666871070862
vn -0.1361905038356781 -0.5725163817405701 0.8085030317306519
vn 0.05638403818011284 -0.5460647940635681 0.8358433246612549
vn -0.1583794802427292 -0.57772296667099 0.8007197380065918
vn 0.022590959444642067 -0.5557923316955566 0.8310141563415527
vn -0.1843363344669342 -0.6770332455635071 0.7124928832054138
vn -0.6418155431747437 -0.5259618163108826 0.5580654144287109
vn 0.08065377175807953 -0.5393131971359253 0.838234007358551
vn -0.9887848496437073 0.0829295963048935 0.1242060661315918
vn -0.9899320602416992 0.06787767261266708 0.1242060661315918
vn -0.987334132194519 0.08669626712799072 0.1328723281621933
vn -0.9879516363143921 0.07160510122776031 0.1372016966342926
vn -0.9781532883644104 0.08673551678657532 0.18892620503902435
vn -0.9896742701530457 0.04147963970899582 0.1372016966342926
vn -0.9813870787620544 0.052818216383457184 0.18463370203971863
vn -0.9924368858337402 -0.04149471968412399 0.11553031951189041
vn -0.9785322546958923 -0.00377198145724833 0.2060592919588089
vn -0.9894415736198425 -0.0979253277182579 0.10684575140476227
vn -0.992590069770813 -0.08673509210348129 0.08510008454322815
vn -0.9887313842773438 -0.11303174495697021 0.0981530249118805
vn -0.9773216843605042 -0.08666177839040756 0.19321508705615997
vn -0.9795247912406921 -0.05656092241406441 0.19321508705615997
vn -0.9496361017227173 -0.03395925462245941 0.31150925159454346
vn -0.9942756295204163 -2.0563917593491993e-13 0.10684575140476227
vn -0.9477927684783936 -0.04526340961456299 0.31565824151039124
vn -0.9250361919403076 -0.07157265394926071 0.37307560443878174
vn -0.9149791598320007 -0.09035440534353256 0.3932546079158783
vn -0.894961416721344 -0.13525694608688354 0.42514660954475403
vn -0.8938032388687134 -0.14271000027656555 0.42514660954475403
vn -0.891730785369873 -0.1315014660358429 0.43303996324539185
vn -0.9107626676559448 -0.07915523648262024 0.405272513628006
vn -0.9100781083106995 -0.08667214959859848 0.405272513628006
vn -0.9229975342750549 -0.05277891084551811 0.3811691105365753
vn -0.9268739223480225 -0.0414641909301281 0.37307560443878174
vn -0.9325428009033203 -0.011312020942568779 0.36088213324546814
vn -0.9322379231452942 -0.026391837745904922 0.36088213324546814
vn -0.9402043223381042 0.01131755392998457 0.34042292833328247
vn -0.9428412914276123 0.026419857516884804 0.33219319581985474
vn -0.9555653929710388 0.04900898039340973 0.29067665338516235
vn -0.9586538672447205 0.0603133887052536 0.2781098484992981
vn -0.9739992618560791 0.09415388107299805 0.2060592919588089
vn -0.9322379231452942 -0.026391837745904922 0.36088213324546814
vn -0.9570133686065674 0.04524488374590874 0.2864931523799896
vn -0.9514753818511963 0.015097973868250847 0.30735430121421814
vn -0.9340574741363525 -0.015088346786797047 0.3568037748336792
vn -0.9357218146324158 -0.003773649223148823 0.3527185618877411
vn 0.9139401316642761 0.08301486819982529 -0.3972681760787964
vn 0.9128459095954895 0.0754411369562149 -0.401274174451828
vn 0.919156551361084 0.06040245294570923 -0.3892335295677185
vn 0.9253932237625122 0.03772786632180214 -0.37712597846984863
vn 0.935729444026947 0 -0.3527185618877411
vn 0.9283170700073242 0.04530983418226242 -0.3690181374549866
vn 0.9324891567230225 0.01510184071958065 -0.36088213324546814
vn 0.9321223497390747 0.030199721455574036 -0.36088213324546814
vn 0.935698926448822 0.007556937634944916 -0.3527185618877411
vn 0.9354548454284668 0.02266884222626686 -0.3527185618877411
vn 0.922531008720398 0.0603870265185833 -0.3811691105365753
vn 0.940151035785675 -0.015109083615243435 -0.34042292833328247
vn 0.9544680118560791 -0.04529508203268051 -0.2948545813560486
vn 0.9453245997428894 -0.03775607794523239 -0.3239381015300751
vn 0.9610110521316528 -0.09050089865922928 -0.2612801790237427
vn 0.9767885804176331 -0.08293221145868301 -0.1975002884864807
vn 0.9754645824432373 -0.11302982270717621 -0.18892620503902435
vn 0.980216920375824 -0.1055568978190422 -0.16742929816246033
vn 0.9817193746566772 -0.09052342176437378 -0.16742929816246033
vn 0.977911651134491 -0.0979752466082573 -0.18463370203971863
vn 0.9848423600196838 -0.04530958831310272 -0.16742929816246033
vn 0.9792954921722412 -0.06040087714791298 -0.19321508705615997
vn 0.9835757613182068 -0.00755514670163393 -0.18033768236637115
vn 0.9872807264328003 0.007546701468527317 -0.15880759060382843
vn 0.9885443449020386 0.015095237642526627 -0.15017375349998474
vn 0.9891910552978516 0.0151051115244627 -0.1458524912595749
vn 0.977810800075531 -0.037756871432065964 -0.2060592919588089
vn 0.9780731201171875 -0.030208198353648186 -0.2060592919588089
vn 0.9547961354255676 -0.03775022551417351 -0.2948545813560486
vn 0.9802737832069397 -0.0075482395477592945 -0.1975002884864807
vn 0.9748352766036987 -0.06034821271896362 -0.21460255980491638
vn 0.957868218421936 -0.052847061306238174 -0.28230419754981995
vn 0.9514753818511963 -0.015097973868250847 -0.30735430121421814
vn 0.9309951066970825 0.007548055145889521 -0.3649536371231079
vn 0.9481208920478821 -0.037771668285131454 -0.31565824151039124
vn 0.9292993545532227 -0.015108602121472359 -0.3690181374549866
vn 0.9139658808708191 0.060377541929483414 -0.401274174451828
vn 0.9778726100921631 -0.11302968859672546 -0.1760382205247879
vn 0.10865180194377899 -0.5002715587615967 -0.8590245246887207
vn -0.00756114162504673 -0.500573456287384 -0.865661084651947
vn 0.12890341877937317 -0.4993123412132263 -0.8567795157432556
vn -0.12524349987506866 -0.5002428889274597 -0.8567795157432556
vn -0.0037752932403236628 -0.5119205117225647 -0.8590245246887207
vn 0.1527160108089447 -0.5042508244514465 -0.8499464392662048
vn -0.005671084392815828 -0.5884646773338318 -0.8085030317306519
vn 0.18811176717281342 -0.6327272057533264 -0.7511792182922363
vn 0.10172576457262039 -0.8715242147445679 -0.4796847105026245
vn 0.2676182687282562 -0.8334234356880188 -0.4835140109062195
vn 0.32237300276756287 -0.9384287595748901 -0.1242060661315918
vn 0.1876632571220398 -0.9773169755935669 -0.0981530249118805
vn 0.2154436707496643 -0.9754387140274048 0.04586252197623253
vn 0.3261833190917969 -0.9452434182167053 0.010923261754214764
vn 0.37537190318107605 -0.9259448647499084 0.04149730131030083
vn 0.2022913545370102 -0.9734794497489929 0.10684575140476227
vn 0.3970305323600769 -0.8759794235229492 0.27391019463539124
vn 0.5235068202018738 -0.8187170624732971 0.23588760197162628
vn 0.6545072793960571 -0.6224914789199829 0.42909738421440125
vn 0.4914016127586365 -0.6404070854187012 0.590256929397583
vn 0.6836413741111755 -0.5069496035575867 0.5250110030174255
vn 0.546794593334198 -0.549460232257843 0.6317508816719055
vn 0.6529098153114319 -0.523780345916748 0.5471406579017639
vn 0.4377727210521698 -0.5679380893707275 0.6969945430755615
vn 0.5381206274032593 -0.5541062355041504 0.6351318359375
vn 0.11965349316596985 -0.5725852847099304 0.8110666871070862
vn 0.13252457976341248 -0.5733760595321655 0.8085030317306519
vn -0.05638403818011284 -0.5460647940635681 0.8358433246612549
vn 0.16201353073120117 -0.5767143964767456 0.8007197380065918
vn -0.022590959444642067 -0.5557923316955566 0.8310141563415527
vn -0.4322242736816406 -0.4442550539970398 -0.7847417593002319
vn -0.42125654220581055 -0.4546683430671692 -0.7847417593002319
vn 0.6394176483154297 -0.5288743376731873 0.5580654144287109
vn -0.08437556028366089 -0.5387434363365173 0.838234007358551
vn 0.18069785833358765 -0.6780133843421936 0.7124928832054138
vn 0.1389414668083191 -0.8555440306663513 0.4987381398677826
vn -0.011310865171253681 -0.6600013971328735 0.7511792182922363
vn -0.04528554528951645 -0.9747030138969421 0.21886809170246124
vn -0.09425651282072067 -0.983487606048584 0.15449213981628418
vn -0.11303403973579407 -0.9935694932937622 -0.006554040592163801
vn -0.2750832736492157 -0.8661732077598572 -0.417220801115036
vn -0.32633844017982483 -0.6105362772941589 -0.7216291427612305
vn -0.37364616990089417 -0.48151686787605286 -0.7927988767623901
vn -0.5728369355201721 -0.4105859696865082 -0.7094202041625977
vn -0.5907462239265442 -0.39557623863220215 -0.7032341957092285
vn -0.5339906215667725 -0.4552009105682373 -0.7124928832054138
vn -0.4488930106163025 -0.6217026114463806 -0.641857385635376
vn -0.37074556946754456 -0.8432348370552063 -0.3892335295677185
vn -0.27758732438087463 -0.9593865275382996 -0.05022686347365379
vn -0.25562191009521484 -0.9454848170280457 0.2017817199230194
vn -0.18924488127231598 -0.9453563690185547 0.26549527049064636
vn -0.077272430062294 -0.9036757349967957 0.42118772864341736
vn -0.4858963191509247 0.5859254002571106 -0.6485338807106018
vn -0.10551230609416962 0.8834349513053894 -0.456519216299057
vn -0.7213631868362427 0.6266545057296753 -0.2948545813560486
vn -0.11484578996896744 0.9819665551185608 -0.15017375349998474
vn -0.7681077718734741 0.6401379704475403 0.0152922747656703
vn -0.24585117399692535 0.8786699771881104 0.40926313400268555
vn -0.722626805305481 0.5511236786842346 0.417220801115036
vn -0.9938801527023315 -0.075381800532341 0.08074574917554855
vn -0.97575443983078 -2.0224189619007238e-13 -0.21886809170246124
vn 0.1465834677219391 0.8313161730766296 -0.5361219048500061
vn 0.2446570098400116 0.9337428212165833 -0.2612801790237427
vn 0.2446117103099823 0.9627137780189514 0.11553031951189041
vn 0.2990891635417938 0.9449288845062256 -0.1328723281621933
vn -0.6238837838172913 -0.5651366114616394 -0.5398051738739014
vn -0.7253777980804443 -0.6333135962486267 -0.26970529556274414
vn -0.6574370265007019 -0.7534810304641724 0.006554040592163801
vn -0.3643013834953308 -0.8819679021835327 -0.2990269064903259
vn -0.31896260380744934 -0.9474626183509827 -0.024029340595006943
vn -0.5972295999526978 -0.6944752335548401 0.401274174451828
vn -0.3385029435157776 -0.827079176902771 0.4487268626689911
vn -0.43503880500793457 -0.46965134143829346 0.7682244777679443
vn -0.34422436356544495 -0.7067201733589172 0.6181069612503052
vn -0.224978506565094 -0.011228210292756557 0.9742990136146545
vn -0.2290220409631729 -0.015010898001492023 0.9733054637908936
vn -0.224978506565094 -0.011228210292756557 0.9742990136146545
vn -0.50143963098526 -0.08246999233961105 0.8612531423568726
vn -0.5772488117218018 0.27679404616355896 0.7682244777679443
vn -0.8910505175590515 -0.09036639332771301 0.44481781125068665
vn -0.2765057384967804 0.7241791486740112 0.6317508816719055
vn 0.0996440127491951 0.8062081933021545 0.5831804275512695
vn 0.2446117103099823 0.9627137780189514 0.11553031951189041
vn 0.6512489914894104 0.6992392539978027 0.2948545813560486
vn 0.15223948657512665 0.9406895637512207 0.30319350957870483
vn 0.17085295915603638 0.9737849235534668 -0.15017375349998474
vn -0.5551871061325073 0.8308961987495422 0.03713129088282585
vn -0.5838759541511536 0.7952865958213806 -0.16312000155448914
vn 0.11679796874523163 0.9329900741577148 -0.34042292833328247
vn -0.515681803226471 0.7322632074356079 -0.44481781125068665
vn 0.09231947362422943 0.794060468673706 -0.6007870435714722
vn 0.7001757025718689 0.5217849016189575 -0.48733407258987427
vn 0.7810145616531372 0.5459761619567871 -0.30319350957870483
vn -0.7996390461921692 0.12779684364795685 -0.5867242813110352
vn -0.9062949419021606 0.23893284797668457 -0.34862664341926575
vn -0.9797635674476624 0.19127973914146423 -0.058952588587999344
vn -0.9690279960632324 0.20237195491790771 0.1415284425020218
vn -0.9822095036506653 -0.18767400085926056 -0.006554040592163801
vn -0.9648428559303284 -0.19119787216186523 0.18033768236637115
vn -0.8041264414787292 0.24898013472557068 0.5398051738739014
vn -0.766740620136261 -0.011309677734971046 0.641857385635376
vn -0.44439879059791565 0.2689024806022644 0.8545181155204773
vn -0.13942888379096985 0.271573543548584 0.9522643685340881
vn -0.17024189233779907 0.4946756660938263 0.8522403836250305
vn -0.4550342857837677 0.7780874967575073 0.43303996324539185
vn 0.05458354204893112 0.6995530724525452 0.7124928832054138
vn 0.28660470247268677 0.5139850378036499 0.8085030317306519
vn 0.02623797580599785 0.3166452944278717 0.9481810927391052
vn -0.9468531608581543 -0.161629319190979 -0.2781098484992981
vn 0.7450981140136719 0.39171314239501953 0.5398051738739014
vn 0.7450981140136719 0.39171314239501953 0.5398051738739014
vn 0.9513705372810364 0.1875554919242859 -0.24437066912651062
vn 0.9513705372810364 0.1875554919242859 -0.24437066912651062
vn 0.9135698080062866 0.187494695186615 -0.36088213324546814
vn 0.8271304368972778 0.17993120849132538 -0.5324283838272095
vn 0.5713800191879272 0.3908659815788269 -0.7216291427612305
vn 0.6411250829696655 0.15712536871433258 -0.7511792182922363
vn 0.11980872601270676 0.48608312010765076 -0.865661084651947
vn 0.6238837838172913 -0.5651366114616394 -0.5398051738739014
vn 0.7278560996055603 -0.6304637789726257 -0.26970529556274414
vn 0.97575443983078 0 -0.21886809170246124
vn 0.9938801527023315 -0.075381800532341 0.08074574917554855
vn 0.6574370265007019 -0.7534810304641724 0.006554040592163801
vn 0.8910505175590515 -0.09036639332771301 0.44481781125068665
vn 0.6000840067863464 -0.6920102834701538 0.401274174451828
vn 0.31896260380744934 -0.9474626183509827 -0.024029340595006943
vn 0.3385029435157776 -0.827079176902771 0.4487268626689911
vn 0.43503880500793457 -0.46965134143829346 0.7682244777679443
vn 0.3476100564002991 -0.7050610184669495 0.6181069612503052
vn 0.3643013834953308 -0.8819679021835327 -0.2990269064903259
vn 0.50143963098526 -0.08246999233961105 0.8612531423568726
vn 0.5772488117218018 0.27679404616355896 0.7682244777679443
vn 0.7249077558517456 0.5481199622154236 0.417220801115036
vn 0.2765057384967804 0.7241791486740112 0.6317508816719055
vn 0.24585117399692535 0.8786699771881104 0.40926313400268555
vn -0.09590177237987518 0.8066619038581848 0.5831804275512695
vn -0.2482670694589615 0.9617776274681091 0.11553031951189041
vn 0.7681077718734741 0.6401379704475403 0.0152922747656703
vn 0.22476080060005188 -0.014966120943427086 0.9742990136146545
vn 0.22476080060005188 -0.014966120943427086 0.9742990136146545
vn 0.22476080060005188 -0.014966120943427086 0.9742990136146545
vn 0.7188812494277954 0.6295002102851868 -0.2948545813560486
vn 0.4829823970794678 0.5883296728134155 -0.6485338807106018
vn 0.10551230609416962 0.8834349513053894 -0.456519216299057
vn -0.1465834677219391 0.8313161730766296 -0.5361219048500061
vn -0.2483082264661789 0.9327784776687622 -0.2612801790237427
vn 0.11109655350446701 0.9823977947235107 -0.15017375349998474
vn -0.2482670694589615 0.9617776274681091 0.11553031951189041
vn -0.30268529057502747 0.9437831044197083 -0.1328723281621933
vn -0.05082600191235542 0.6998361349105835 0.7124928832054138
vn 0.4517754018306732 0.779984176158905 0.43303996324539185
vn -0.148511603474617 0.9412853121757507 0.30319350957870483
vn 0.5551871061325073 0.8308961987495422 0.03713129088282585
vn 0.9690279960632324 0.20237195491790771 0.1415284425020218
vn 0.8030025362968445 0.252581387758255 0.5398051738739014
vn 0.17024189233779907 0.4946756660938263 0.8522403836250305
vn -0.2833101749420166 0.5158082842826843 0.8085030317306519
vn -0.6512489914894104 0.6992392539978027 0.2948545813560486
vn -0.16713455319404602 0.9744300246238708 -0.15017375349998474
vn -0.778845489025116 0.5490659475326538 -0.30319350957870483
vn -0.11679796874523163 0.9329900741577148 -0.34042292833328247
vn 0.5808284878730774 0.7975149750709534 -0.16312000155448914
vn 0.9790334105491638 0.1949823498725891 -0.058952588587999344
vn 0.9822095036506653 -0.18767400085926056 -0.006554040592163801
vn 0.9655691385269165 -0.18749545514583588 0.18033768236637115
vn 0.7667869925498962 -0.007539937272667885 0.641857385635376
vn 0.4424360990524292 0.2721196711063385 0.8545181155204773
vn 0.14276400208473206 0.2698352038860321 0.9522643685340881
vn -0.02623797580599785 0.3166452944278717 0.9481810927391052
vn -0.7468461394309998 0.38837000727653503 0.5398051738739014
vn -0.7468461394309998 0.38837000727653503 0.5398051738739014
vn 0.9462103247642517 -0.165351003408432 -0.2781098484992981
vn 0.9078382253646851 0.2390192747116089 -0.34452807903289795
vn 0.7996390461921692 0.12779684364795685 -0.5867242813110352
vn 0.5187650918960571 0.730082094669342 -0.44481781125068665
vn -0.09606972336769104 0.793615460395813 -0.6007870435714722
vn -0.11980872601270676 0.48608312010765076 -0.865661084651947
vn -0.5713800191879272 0.3908659815788269 -0.7216291427612305
vn -0.6420137286186218 0.15345405042171478 -0.7511792182922363
vn -0.8295050859451294 0.17992068827152252 -0.528724730014801
vn -0.7001757025718689 0.5217849016189575 -0.48733407258987427
vn -0.9135698080062866 0.187494695186615 -0.36088213324546814
vn -0.95063316822052 0.19125768542289734 -0.24437066912651062
vn -0.95063316822052 0.19125768542289734 -0.24437066912651062
vn 0.9848423600196838 -0.04530958831310272 -0.16742929816246033
vn 0.7635123133659363 -0.6395679712295532 -0.08945280313491821
vn 0.945521354675293 -0.22437995672225952 -0.23588760197162628
vn 0.6678577661514282 -0.7199116945266724 -0.18892620503902435
vn 0.8959278464317322 -0.1726759374141693 -0.40926313400268555
vn 0.6075085401535034 -0.7288986444473267 -0.31565824151039124
vn 0.27401915192604065 -0.9557706117630005 -0.10684575140476227
vn 0.3315163254737854 -0.9421115517616272 -0.05022686347365379
vn -0.001887861406430602 -0.9987360239028931 -0.05022686347365379
vn 0.9449909925460815 0.275685578584671 -0.1760382205247879
vn 0.9585250616073608 0.2171178162097931 -0.18463370203971863
vn 0.9533370137214661 0.23198378086090088 -0.19321508705615997
vn 0.9543951153755188 0.16530390083789825 -0.24860523641109467
vn 0.9456223845481873 0.209746852517128 -0.24860523641109467
vn 0.9250044226646423 0.09051192551851273 -0.3690181374549866
vn 0.8684296011924744 -0.06787361204624176 -0.4911448359489441
vn 0.7085884213447571 -0.5540360808372498 -0.43697428703308105
vn 0.3150692582130432 -0.9159294962882996 -0.24860523641109467
vn -0.0018876121612265706 -0.9937974810600281 -0.1111890971660614
vn -0.3314826190471649 -0.9346638917922974 -0.12854042649269104
vn -0.33507558703422546 -0.9408515095710754 -0.05022686347365379
vn -0.6186889410018921 -0.7507111430168152 -0.23163928091526031
vn -0.7659305334091187 -0.636669933795929 -0.08945280313491821
vn -0.9446429014205933 -0.22805000841617584 -0.23588760197162628
vn -0.9848423600196838 -0.04530958831310272 -0.16742929816246033
vn -0.9539183974266052 0.16159851849079132 -0.25283506512641907
vn -0.9585250616073608 0.2171178162097931 -0.18463370203971863
vn -0.9533370137214661 0.23198378086090088 -0.19321508705615997
vn -0.9460415244102478 0.2720586657524109 -0.1760382205247879
vn 0.3345720171928406 -0.8879309892654419 -0.31565824151039124
vn -0.9456223845481873 0.209746852517128 -0.24860523641109467
vn -0.9260392189025879 0.07922738790512085 -0.3690181374549866
vn -0.8676794767379761 -0.26407039165496826 -0.42118772864341736
vn -0.6219582557678223 -0.7219706773757935 -0.30319350957870483
vn -0.4299115836620331 -0.8703522086143494 -0.2401314377784729
vn 0.0037753775250166655 -0.9685975313186646 -0.24860523641109467
vn 2.972640579870789e-13 -0.9568213224411011 -0.29067665338516235
vn -0.331033855676651 -0.8892561197280884 -0.31565824151039124
vn -0.7304195165634155 -0.5773181319236755 -0.3649536371231079
vn -0.8699474334716797 -0.07547836005687714 -0.48733407258987427
vn -1.0341130485562108e-13 0.999997615814209 0.002184694167226553
vn -1.0341130485562108e-13 0.999997615814209 0.002184694167226553
vn 0.1504354178905487 0.9884243011474609 0.01966099627315998
vn 0.30444198846817017 0.9516265392303467 0.04149730131030083
vn 0.6293850541114807 0.7719278931617737 0.08945280313491821
vn 0.7891038060188293 0.6041127443313599 0.1111890971660614
vn 0.9681061506271362 0.20963354408740997 0.1372016966342926
vn 0.9681061506271362 0.20963354408740997 0.1372016966342926
vn 0.9891358017921448 0.05278269946575165 0.1372016966342926
vn 0.9891358017921448 0.05278269946575165 0.1372016966342926
vn 0.9790744185447693 0.1502964198589325 0.1372016966342926
vn 0.9790744185447693 0.1502964198589325 0.1372016966342926
vn 0.9499151110649109 0.28285378217697144 0.1328723281621933
vn 0.9499151110649109 0.28285378217697144 0.1328723281621933
vn 0.8906914591789246 0.4373117983341217 0.1242060661315918
vn 0.8906914591789246 0.4373117983341217 0.1242060661315918
vn 0.8475756049156189 0.5169593095779419 0.11986933648586273
vn 0.8475756049156189 0.5169593095779419 0.11986933648586273
vn 0.13936540484428406 0 -0.9902410507202148
vn 0.13936540484428406 0 -0.9902410507202148
vn 0.13936540484428406 0 -0.9902410507202148
vn 0.13936540484428406 0 -0.9902410507202148
vn 0.13936540484428406 0 -0.9902410507202148
vn 0.13936540484428406 0 -0.9902410507202148
vn 0.13936540484428406 0 -0.9902410507202148
vn 0.13936540484428406 0 -0.9902410507202148
vn 0.13936540484428406 0 -0.9902410507202148
vn 0.13936540484428406 0 -0.9902410507202148
vn 0.13936540484428406 0 -0.9902410507202148
vn 0.13936540484428406 0 -0.9902410507202148
vn 0.13936540484428406 0 -0.9902410507202148
vn -0.1393151730298996 0.003741681342944503 0.9902410507202148
vn -0.1393151730298996 0.003741681342944503 0.9902410507202148
vn -0.1393151730298996 0.003741681342944503 0.9902410507202148
vn -0.1393151730298996 0.003741681342944503 0.9902410507202148
vn -0.1393151730298996 0.003741681342944503 0.9902410507202148
vn -0.1393151730298996 0.003741681342944503 0.9902410507202148
vn -0.1393151730298996 0.003741681342944503 0.9902410507202148
vn -0.1393151730298996 0.003741681342944503 0.9902410507202148
vn -0.1393151730298996 0.003741681342944503 0.9902410507202148
vn -0.1393151730298996 0.003741681342944503 0.9902410507202148
vn -0.1393151730298996 0.003741681342944503 0.9902410507202148
vn -0.1393151730298996 0.003741681342944503 0.9902410507202148
vn -0.1393151730298996 0.003741681342944503 0.9902410507202148
vn -0.035846538841724396 0.9760434031486511 -0.21460255980491638
vn 0.10164720565080643 0.952674925327301 0.2864931523799896
vn -0.04154135659337044 0.9827271699905396 -0.18033768236637115
vn -0.05097656324505806 0.9762998819351196 -0.2103329300880432
vn -0.0622621588408947 0.9824123382568359 -0.1760382205247879
vn 0.0018888761987909675 0.9776279926300049 -0.2103329300880432
vn 0.0018880139105021954 0.9819895029067993 -0.18892620503902435
vn -1.003857709306645e-13 0.9707403779029846 -0.2401314377784729
vn 0.007548614405095577 0.9707110524177551 -0.2401314377784729
vn 0.5658090114593506 0.8115338683128357 -0.1458524912595749
vn 0.009439930319786072 0.9819459319114685 -0.18892620503902435
vn 0.715630054473877 0.6902590990066528 -0.10684575140476227
vn 0.5658090114593506 0.8115338683128357 -0.1458524912595749
vn 0.7120870351791382 0.6894033551216125 -0.1328723281621933
vn 0.7078996300697327 0.6892099380493164 -0.15449213981628418
vn 0.7078996300697327 0.6892099380493164 -0.15449213981628418
vn -0.007548614405095577 0.9707110524177551 -0.2401314377784729
vn -1.003857709306645e-13 0.9707403779029846 -0.2401314377784729
vn 0.0018888761987909675 0.9776279926300049 -0.2103329300880432
vn 0.0018880139105021954 0.9819895029067993 -0.18892620503902435
vn 0.04154135659337044 0.9827271699905396 -0.18033768236637115
vn 0.05849328637123108 0.9826439023017883 -0.1760382205247879
vn 0.04720357432961464 0.9764895439147949 -0.2103329300880432
vn 0.039617884904146194 0.9758976101875305 -0.21460255980491638
vn 0.039617884904146194 0.9758976101875305 -0.21460255980491638
vn 0.0018888761987909675 0.9776279926300049 -0.2103329300880432
vn -0.5689026713371277 0.8093681335449219 -0.1458524912595749
vn -0.013215706683695316 0.9819023609161377 -0.18892620503902435
vn -0.7130027413368225 0.6929726600646973 -0.10684575140476227
vn -0.7094566226005554 0.692110002040863 -0.1328723281621933
vn -0.7078996300697327 0.6892099380493164 -0.15449213981628418
vn -0.7078996300697327 0.6892099380493164 -0.15449213981628418
vn -0.02830229327082634 0.976291298866272 -0.21460255980491638
vn -0.0132217388600111 0.9775404334068298 -0.2103329300880432
vn 0.205580472946167 0.7988602519035339 -0.5652954578399658
vn -0.0132217388600111 0.9775404334068298 -0.2103329300880432
vn 0.0018870825879275799 0.9766996502876282 -0.21460255980491638
vn 0.0018870825879275799 0.9766996502876282 -0.21460255980491638
vn 0.3821069300174713 0.8978257179260254 -0.21886809170246124
vn 0.0018888411577790976 0.9727998971939087 -0.23163928091526031
vn 0.38402196764945984 0.8937954902648926 -0.23163928091526031
vn -0.0018882075091823936 0.9652611613273621 -0.2612801790237427
vn -0.0018882075091823936 0.9652611613273621 -0.2612801790237427
vn 0.0037753775250166655 0.9685975313186646 -0.24860523641109467
vn 0.001886857906356454 0.9717785120010376 -0.23588760197162628
vn 0.0037753775250166655 0.9685975313186646 -0.24860523641109467
vn 0.04719042778015137 0.9617859125137329 -0.26970529556274414
vn 0.38402196764945984 0.8937954902648926 -0.23163928091526031
vn 0.7068559527397156 0.6828360557556152 -0.18463370203971863
vn 0.7086305022239685 0.6832666993141174 -0.1760382205247879
vn 0.7115092873573303 0.6834810972213745 -0.16312000155448914
vn 0.7078996300697327 0.6892099380493164 -0.15449213981628418
vn 0.7078996300697327 0.6892099380493164 -0.15449213981628418
vn 0.0037753775250166655 0.9685975313186646 -0.24860523641109467
vn 0.04719042778015137 0.9617859125137329 -0.26970529556274414
vn 0.07732543349266052 0.9355860352516174 -0.34452807903289795
vn 0.15226253867149353 0.9263457655906677 -0.34452807903289795
vn 0.05849717557430267 0.9105392694473267 -0.40926313400268555
vn 0.0018883721204474568 0.8956190943717957 -0.44481781125068665
vn -9.03255538398616e-14 0.8753366470336914 -0.4835140109062195
vn -0.06226549670100212 0.9102893471717834 -0.40926313400268555
vn -0.0735614001750946 0.935889482498169 -0.34452807903289795
vn -0.15598756074905396 0.9257258176803589 -0.34452807903289795
vn -0.05096226558089256 0.9615933895111084 -0.26970529556274414
vn 0.0037753775250166655 0.9685975313186646 -0.24860523641109467
vn 0.19976907968521118 0.2024235874414444 0.9587059020996094
vn 0.12800253927707672 0.4280441999435425 0.8946471214294434
vn 0.1548529714345932 0.21824485063552856 0.9635298252105713
vn 0.40135934948921204 0.08967584371566772 0.9115201234817505
vn 0.5774019360542297 0.022591954097151756 0.8161473870277405
vn 0.9556769132614136 -0.23914141952991486 0.17173540592193604
vn 0.9704205393791199 -0.23918718099594116 0.03276457265019417
vn 0.9705502390861511 -0.23921915888786316 0.028397228568792343
vn 0.936745822429657 -0.28292545676231384 -0.2060592919588089
vn 0.8812692761421204 -0.2680703401565552 -0.3892335295677185
vn 0.44389763474464417 -0.23954640328884125 -0.8634653687477112
vn 0.1931506246328354 -0.19716675579547882 -0.961154580116272
vn 0.13654038310050964 -0.04476352408528328 -0.9896226525306702
vn 0.1477048695087433 -0.2129618376493454 -0.9658315181732178
vn 0.9688270092010498 -0.24657002091407776 0.024029340595006943
vn 0.1477048695087433 -0.2129618376493454 -0.9658315181732178
vn 0.13654038310050964 -0.04476352408528328 -0.9896226525306702
vn 0.39717769622802734 0.090098537504673 -0.913308322429657
vn 0.1554076075553894 0.41469693183898926 -0.8965907096862793
vn 0.16876105964183807 0.4753391444683075 -0.8634653687477112
vn 0.5076879262924194 0.5397494435310364 -0.6715083718299866
vn 0.5131668448448181 0.5345430374145508 -0.6715083718299866
vn 0.5685380101203918 0.7042832374572754 0.42514660954475403
vn 0.5398168563842773 0.7442772388458252 0.3932546079158783
vn 0.37490248680114746 0.8176194429397583 0.43697428703308105
vn 0.10164720565080643 0.952674925327301 0.2864931523799896
vn 0.12800253927707672 0.4280441999435425 0.8946471214294434
vn 0.2729896903038025 0.6258112788200378 0.7306414246559143
vn 0.4793035387992859 0.43934276700019836 0.7597671151161194
vn 0.19976907968521118 0.2024235874414444 0.9587059020996094
vn 0.0037753775250166655 0.9685975313186646 -0.24860523641109467
vn 0.0037753775250166655 0.9685975313186646 -0.24860523641109467
vn 0.001886857906356454 0.9717785120010376 -0.23588760197162628
vn -0.0018882075091823936 0.9652611613273621 -0.2612801790237427
vn -0.0018882075091823936 0.9652611613273621 -0.2612801790237427
vn -0.3805482089519501 0.8952800035476685 -0.23163928091526031
vn 0.0018888411577790976 0.9727998971939087 -0.23163928091526031
vn -0.3821069300174713 0.8978257179260254 -0.21886809170246124
vn 0.0018870825879275799 0.9766996502876282 -0.21460255980491638
vn 0.0018870825879275799 0.9766996502876282 -0.21460255980491638
vn 0.01699903979897499 0.97748202085495 -0.2103329300880432
vn -0.09790132939815521 0.7195209860801697 -0.6875353455543518
vn -0.205580472946167 0.7988602519035339 -0.5652954578399658
vn -0.17232029139995575 0.47406044602394104 -0.8634653687477112
vn -0.5076879262924194 0.5397494435310364 -0.6715083718299866
vn -0.5131668448448181 0.5345430374145508 -0.6715083718299866
vn -0.05096226558089256 0.9615933895111084 -0.26970529556274414
vn 0.03207465633749962 0.9761746525764465 -0.21460255980491638
vn -0.13767442107200623 -0.04114368557929993 -0.9896226525306702
vn -0.39717769622802734 0.090098537504673 -0.913308322429657
vn -0.14457739889621735 -0.21509729325771332 -0.9658315181732178
vn -0.3805482089519501 0.8952800035476685 -0.23163928091526031
vn -0.3821069300174713 0.8978257179260254 -0.21886809170246124
vn -0.7068559527397156 0.6828360557556152 -0.18463370203971863
vn -0.7060043811798096 0.6859798431396484 -0.1760382205247879
vn -0.7088887095451355 0.6861987113952637 -0.16312000155448914
vn -0.7078996300697327 0.6892099380493164 -0.15449213981628418
vn -0.7078996300697327 0.6892099380493164 -0.15449213981628418
vn -0.19976907968521118 0.2024235874414444 0.9587059020996094
vn -0.1548529714345932 0.21824485063552856 0.9635298252105713
vn -0.1316031515598297 0.42695093154907227 0.8946471214294434
vn -0.4005211591720581 0.09334814548492432 0.9115201234817505
vn -0.5774019360542297 0.022591954097151756 0.8161473870277405
vn -0.9556769132614136 -0.23914141952991486 0.17173540592193604
vn -0.9704205393791199 -0.23918718099594116 0.03276457265019417
vn -0.9723291397094727 -0.23188289999961853 0.028397228568792343
vn -0.936745822429657 -0.28292545676231384 -0.2060592919588089
vn -0.8812692761421204 -0.2680703401565552 -0.3892335295677185
vn -0.44208911061286926 -0.24286790192127228 -0.8634653687477112
vn -0.19583724439144135 -0.19449850916862488 -0.961154580116272
vn -0.13767442107200623 -0.04114368557929993 -0.9896226525306702
vn -0.14457739889621735 -0.21509729325771332 -0.9658315181732178
vn -0.9688270092010498 -0.24657002091407776 0.024029340595006943
vn -0.19976907968521118 0.2024235874414444 0.9587059020996094
vn -0.48100343346595764 0.4423906207084656 0.7569189071655273
vn -0.1316031515598297 0.42695093154907227 0.8946471214294434
vn -0.2711772620677948 0.6300687193870544 0.7276512384414673
vn -0.1795182079076767 0.7816775441169739 0.5972883701324463
vn -0.3783285915851593 0.8160398006439209 0.43697428703308105
vn -0.5398168563842773 0.7442772388458252 0.3932546079158783
vn -0.5626494288444519 0.7089964151382446 0.42514660954475403
vn 3.0977209187522947e-13 -0.9999403357505798 0.010923261754214764
vn 3.0977209187522947e-13 -0.9999403357505798 0.010923261754214764
vn 3.0978390967890956e-13 -0.9999785423278809 0.006554040592163801
vn 3.0977209187522947e-13 -0.9999403357505798 0.010923261754214764
vn 3.0977209187522947e-13 -0.9999403357505798 0.010923261754214764
vn 3.097898456858039e-13 -0.999997615814209 0.002184694167226553
vn 3.097898456858039e-13 -0.999997615814209 -0.002184694167226553
vn 3.097898456858039e-13 -0.999997615814209 0.002184694167226553
vn 3.097898456858039e-13 -0.999997615814209 -0.002184694167226553
vn 3.097898456858039e-13 -0.999997615814209 0.002184694167226553
vn 3.097898456858039e-13 -0.999997615814209 0.002184694167226553
vn 3.097898456858039e-13 -0.999997615814209 0.002184694167226553
vn 3.097898456858039e-13 -0.999997615814209 0.002184694167226553
vn -0.0018813272472470999 -0.5305745005607605 0.8476362228393555
vn -0.0018813272472470999 -0.5305745005607605 0.8476362228393555
vn -0.0018813272472470999 -0.5305745005607605 0.8476362228393555
vn -0.0018813272472470999 -0.5305745005607605 0.8476362228393555
vn 0.999997615814209 0 0.002184694167226553
vn 0.999997615814209 0 0.002184694167226553
vn 0.999997615814209 0 0.002184694167226553
vn 0.999997615814209 0 0.002184694167226553
vn -0.999997615814209 -2.0682260971124217e-13 0.002184694167226553
vn -0.999997615814209 -2.0682260971124217e-13 0.002184694167226553
vn -0.999997615814209 -2.0682260971124217e-13 0.002184694167226553
vn -0.999997615814209 -2.0682260971124217e-13 0.002184694167226553
vn 3.097898456858039e-13 -0.999997615814209 0.002184694167226553
vn 3.097898456858039e-13 -0.999997615814209 0.002184694167226553
vn 3.097898456858039e-13 -0.999997615814209 0.002184694167226553
vn 3.097898456858039e-13 -0.999997615814209 0.002184694167226553
vn -0.0018813272472470999 -0.5305745005607605 0.8476362228393555
vn -0.0018813272472470999 -0.5305745005607605 0.8476362228393555
vn -0.0018813272472470999 -0.5305745005607605 0.8476362228393555
vn -0.0018813272472470999 -0.5305745005607605 0.8476362228393555
vn 0.999997615814209 0 -0.002184694167226553
vn 0.999997615814209 0 0.002184694167226553
vn 0.999997615814209 0 0.002184694167226553
vn 0.999997615814209 0 0.002184694167226553
vn -0.999997615814209 -2.0682260971124217e-13 0.002184694167226553
vn -0.999997615814209 -2.0682260971124217e-13 0.002184694167226553
vn -0.999997615814209 -2.0682260971124217e-13 0.002184694167226553
vn -0.999997615814209 -2.0682260971124217e-13 0.002184694167226553
vn 3.097898456858039e-13 -0.999997615814209 0.002184694167226553
vn 3.097898456858039e-13 -0.999997615814209 0.002184694167226553
vn 3.097898456858039e-13 -0.999997615814209 0.002184694167226553
vn 3.097898456858039e-13 -0.999997615814209 0.002184694167226553
vn -0.0018813272472470999 -0.5305745005607605 0.8476362228393555
vn -0.0018813272472470999 -0.5305745005607605 0.8476362228393555
vn -0.0018813272472470999 -0.5305745005607605 0.8476362228393555
vn -0.0018813272472470999 -0.5305745005607605 0.8476362228393555
vn 0.999997615814209 0 -0.002184694167226553
vn 0.999997615814209 0 0.002184694167226553
vn 0.999997615814209 0 0.002184694167226553
vn 0.999997615814209 0 0.002184694167226553
vn -0.999997615814209 -2.0682260971124217e-13 0.002184694167226553
vn -0.999997615814209 -2.0682260971124217e-13 0.002184694167226553
vn -0.999997615814209 -2.0682260971124217e-13 0.002184694167226553
vn -0.999997615814209 -2.0682260971124217e-13 0.002184694167226553
vn 3.097898456858039e-13 -0.999997615814209 0.002184694167226553
vn 3.097898456858039e-13 -0.999997615814209 0.002184694167226553
vn 3.097898456858039e-13 -0.999997615814209 0.002184694167226553
vn 3.097898456858039e-13 -0.999997615814209 0.002184694167226553
vn -0.0018813272472470999 -0.5305745005607605 0.8476362228393555
vn -0.0018813272472470999 -0.5305745005607605 0.8476362228393555
vn -0.0018813272472470999 -0.5305745005607605 0.8476362228393555
vn -0.0018813272472470999 -0.5305745005607605 0.8476362228393555
vn 0.999997615814209 0 0.002184694167226553
vn 0.999997615814209 0 0.002184694167226553
vn 0.999997615814209 0 0.002184694167226553
vn 0.999997615814209 0 0.002184694167226553
vn -0.999997615814209 -2.0682260971124217e-13 0.002184694167226553
vn -0.999997615814209 -2.0682260971124217e-13 0.002184694167226553
vn -0.999997615814209 -2.0682260971124217e-13 0.002184694167226553
vn -0.999997615814209 -2.0682260971124217e-13 0.002184694167226553
vn 3.097898456858039e-13 -0.999997615814209 0.002184694167226553
vn 3.097898456858039e-13 -0.999997615814209 0.002184694167226553
vn 3.097898456858039e-13 -0.999997615814209 0.002184694167226553
vn 3.097898456858039e-13 -0.999997615814209 0.002184694167226553
vn -0.0018813272472470999 -0.5305745005607605 0.8476362228393555
vn -0.0018813272472470999 -0.5305745005607605 0.8476362228393555
vn -0.0018813272472470999 -0.5305745005607605 0.8476362228393555
vn -0.0018813272472470999 -0.5305745005607605 0.8476362228393555
vn 0.999997615814209 0 0.002184694167226553
vn 0.999997615814209 0 0.002184694167226553
vn 0.999997615814209 0 0.002184694167226553
vn 0.999997615814209 0 0.002184694167226553
vn -0.999997615814209 -2.0682260971124217e-13 0.002184694167226553
vn -0.999997615814209 -2.0682260971124217e-13 0.002184694167226553
vn -0.999997615814209 -2.0682260971124217e-13 0.002184694167226553
vn -0.999997615814209 -2.0682260971124217e-13 0.002184694167226553
vn 3.097898456858039e-13 -0.999997615814209 0.002184694167226553
vn 3.097898456858039e-13 -0.999997615814209 0.002184694167226553
vn 3.097898456858039e-13 -0.999997615814209 0.002184694167226553
vn 3.097898456858039e-13 -0.999997615814209 0.002184694167226553
vn -0.0018813272472470999 -0.5305745005607605 0.8476362228393555
vn -0.0018813272472470999 -0.5305745005607605 0.8476362228393555
vn -0.0018813272472470999 -0.5305745005607605 0.8476362228393555
vn -0.0018813272472470999 -0.5305745005607605 0.8476362228393555
vn 0.999997615814209 0 0.002184694167226553
vn 0.999997615814209 0 0.002184694167226553
vn 0.999997615814209 0 0.002184694167226553
vn 0.999997615814209 0 0.002184694167226553
vn -0.999997615814209 -2.0682260971124217e-13 0.002184694167226553
vn -0.999997615814209 -2.0682260971124217e-13 0.002184694167226553
vn -0.999997615814209 -2.0682260971124217e-13 0.002184694167226553
vn -0.999997615814209 -2.0682260971124217e-13 0.002184694167226553
vn 3.097898456858039e-13 -0.999997615814209 0.002184694167226553
vn 3.097898456858039e-13 -0.999997615814209 0.002184694167226553
vn 3.097898456858039e-13 -0.999997615814209 0.002184694167226553
vn 3.097898456858039e-13 -0.999997615814209 0.002184694167226553
vn -0.0018813272472470999 -0.5305745005607605 0.8476362228393555
vn -0.0018813272472470999 -0.5305745005607605 0.8476362228393555
vn -0.0018813272472470999 -0.5305745005607605 0.8476362228393555
vn -0.0018813272472470999 -0.5305745005607605 0.8476362228393555
vn 0.999997615814209 0 0.002184694167226553
vn 0.999997615814209 0 0.002184694167226553
vn 0.999997615814209 0 0.002184694167226553
vn 0.999997615814209 0 0.002184694167226553
vn -0.999997615814209 -2.0682260971124217e-13 0.002184694167226553
vn -0.999997615814209 -2.0682260971124217e-13 0.002184694167226553
vn -0.999997615814209 -2.0682260971124217e-13 0.002184694167226553
vn -0.999997615814209 -2.0682260971124217e-13 0.002184694167226553
vn -0.999997615814209 -2.0682260971124217e-13 0.002184694167226553
vn -0.999997615814209 -2.0682260971124217e-13 0.002184694167226553
vn -0.999997615814209 -2.0682260971124217e-13 0.002184694167226553
vn -0.999997615814209 -2.0682260971124217e-13 0.002184694167226553
vn -0.9542641043663025 -0.22444087266921997 -0.1975002884864807
vn -0.9845003485679626 -0.12802504003047943 -0.11986933648586273
vn -0.9845003485679626 -0.12802504003047943 -0.11986933648586273
vn -0.9985979795455933 -0.026432543992996216 -0.04586252197623253
vn 0.003772101132199168 0.746827244758606 0.6650074124336243
vn 0.003772101132199168 0.746827244758606 0.6650074124336243
vn -0.003772101132199168 0.746827244758606 0.6650074124336243
vn -0.003772101132199168 0.746827244758606 0.6650074124336243
vn 0.999997615814209 0 0.002184694167226553
vn 0.999997615814209 0 0.002184694167226553
vn 0.999997615814209 0 0.002184694167226553
vn 0.999997615814209 0 0.002184694167226553
vn 0.003772101132199168 0.746827244758606 0.6650074124336243
vn 0.003772101132199168 0.746827244758606 0.6650074124336243
vn 0.003772101132199168 0.746827244758606 0.6650074124336243
vn 0.003772101132199168 0.746827244758606 0.6650074124336243
vn 0 0 1
vn 0 0 1
vn 0 0 1
vn 0 0 1
vn -2.0682311115474694e-13 0 -1
vn -2.0682311115474694e-13 0 -1
vn -2.0682311115474694e-13 0 -1
vn -2.0682311115474694e-13 0 -1
vn -2.0682311115474694e-13 0 -1
vn -2.0682311115474694e-13 0 -1
vn -2.0682311115474694e-13 0 -1
vn -2.0682311115474694e-13 0 -1
v 0.4141571819782257 -3.1002559661865234 -18.276325225830078
v 0.42207449674606323 -3.1318161487579346 -18.33867645263672
v 0.31349414587020874 -3.082503318786621 -18.2951717376709
v 0.31676822900772095 -3.112830877304077 -18.359725952148438
v 0.06744217872619629 -3.0730106830596924 -18.326847076416016
v 0.07375221699476242 -3.1019818782806396 -18.389598846435547
v 0.5078752040863037 -2.9194014072418213 -17.808197021484375
v 0.568138062953949 -2.9394962787628174 -17.815616607666016
v 0.46441924571990967 -3.006068468093872 -18.055192947387695
v 0.5262298583984375 -3.0225882530212402 -18.052385330200195
v 0.426320880651474 -3.103214740753174 -18.27812957763672
v 0.4864845275878906 -3.1239261627197266 -18.285146713256836
v 0.21606549620628357 -2.8115296363830566 -17.607513427734375
v 0.07270054519176483 -2.8033928871154785 -17.619943618774414
v 0.21326765418052673 -2.7947633266448975 -17.544963836669922
v 0.0699026957154274 -2.787243127822876 -17.55779457092285
v -0.41420453786849976 -3.1002559661865234 -18.276325225830078
v -0.3135415017604828 -3.082503318786621 -18.2951717376709
v -0.4221218526363373 -3.1318161487579346 -18.33867645263672
v -0.316815584897995 -3.112830877304077 -18.359725952148438
v -0.06782687455415726 -3.0730106830596924 -18.326847076416016
v -0.07348209619522095 -3.1019818782806396 -18.3893985748291
v -0.5079225301742554 -2.9194014072418213 -17.808197021484375
v -0.5681854486465454 -2.9394962787628174 -17.815616607666016
v -0.4644666016101837 -3.006068468093872 -18.055192947387695
v -0.5262772440910339 -3.0225882530212402 -18.052385330200195
v -0.42636823654174805 -3.103214740753174 -18.27812957763672
v -0.48653191328048706 -3.1239261627197266 -18.285146713256836
v 0.27267730236053467 -2.919524669647217 -17.919265747070312
v 0.2698596119880676 -2.895484685897827 -17.85651397705078
v 0.07270054519176483 -2.90621018409729 -17.931495666503906
v 0.0699026957154274 -2.8841426372528076 -17.86934471130371
v 0.3325433135032654 -3.037382125854492 -18.19332504272461
v 0.32972562313079834 -3.008410930633545 -18.130775451660156
v 0.07270054519176483 -3.0227115154266357 -18.208763122558594
v 0.0699026957154274 -2.9937403202056885 -18.146411895751953
v 0.05402837693691254 -3.101612091064453 -18.390199661254883
v 0.05400853231549263 -3.072640895843506 -18.32744789123535
v -0.05401621386408806 -3.101119041442871 -18.389598846435547
v -0.054036058485507965 -3.0721476078033447 -18.32744789123535
v -0.2161128669977188 -2.8115296363830566 -17.607513427734375
v -0.07274790853261948 -2.8033928871154785 -17.619943618774414
v -0.21331501007080078 -2.7947633266448975 -17.544963836669922
v -0.06995006650686264 -2.787243127822876 -17.55779457092285
v -0.2727246582508087 -2.919524669647217 -17.919265747070312
v -0.07274790853261948 -2.90621018409729 -17.931495666503906
v -0.2699069678783417 -2.895484685897827 -17.85651397705078
v -0.06995006650686264 -2.8841426372528076 -17.86934471130371
v -0.3325906991958618 -3.037382125854492 -18.19332504272461
v -0.07274790853261948 -3.0227115154266357 -18.208763122558594
v -0.3297730088233948 -3.008410930633545 -18.13057518005371
v -0.06995006650686264 -2.9937403202056885 -18.146411895751953
v 0.03775719925761223 -2.7823116779327393 -17.564411163330078
v 0.0009883042657747865 -2.7794761657714844 -17.564411163330078
v 0.03775719925761223 -2.832857370376587 -17.723594665527344
v 0.0005319176125340164 -2.830514907836914 -17.723594665527344
v 0.03773735463619232 -2.9700701236724854 -18.1035099029541
v -0.00040069868555292487 -2.9664950370788574 -18.103710174560547
v 0.03773735463619232 -3.013711929321289 -18.20936393737793
v -0.0005792847950942814 -3.0108766555786133 -18.20896339416504
v -0.03772519528865814 -2.9705634117126465 -18.103910446166992
v -0.03772519528865814 -3.013218879699707 -18.208763122558594
v -0.03772519528865814 -2.7830514907836914 -17.564411163330078
v -0.03772519528865814 -2.8337202072143555 -17.723594665527344
v 0.6058792471885681 -2.541048765182495 -15.977988243103027
v 0.44598516821861267 -2.5129406452178955 -15.978189468383789
v 0.6060776710510254 -2.5516510009765625 -16.053972244262695
v 0.4427904784679413 -2.5234196186065674 -16.053972244262695
v -0.00063881347887218 -2.490626573562622 -16.05417251586914
v -0.00063881347887218 -2.479901075363159 -15.978189468383789
v -0.4432942271232605 -2.5234196186065674 -16.05417251586914
v -0.4465087652206421 -2.5129406452178955 -15.978189468383789
v -0.6050138473510742 -2.562746524810791 -16.05417251586914
v -0.6060258746147156 -2.552021026611328 -15.978189468383789
v -0.6073156595230103 -2.5602807998657227 -16.07802963256836
v -0.6675983667373657 -2.5750746726989746 -16.076826095581055
v -0.5953900814056396 -2.5993611812591553 -16.36612319946289
v -0.6572006940841675 -2.6145248413085938 -16.36652374267578
v -0.5672131180763245 -2.6958911418914795 -16.896400451660156
v -0.6273966431617737 -2.7121641635894775 -16.89760398864746
v 0.6072682738304138 -2.5602807998657227 -16.07802963256836
v 0.5953426957130432 -2.5993611812591553 -16.36612319946289
v 0.6675509810447693 -2.5750746726989746 -16.076826095581055
v 0.657153308391571 -2.6145248413085938 -16.36672592163086
v 0.5671657919883728 -2.6958911418914795 -16.896400451660156
v 0.6273492574691772 -2.7121641635894775 -16.89760398864746
v -3.3089661598205566 -3.9880096912384033 14.124935150146484
v -3.3134706020355225 -3.9877631664276123 13.960739135742188
v -3.3237688541412354 -4.192041397094727 14.124935150146484
v -3.3725030422210693 -4.145071029663086 12.587029457092285
v -3.3781981468200684 -4.189945697784424 12.587029457092285
v -3.311089277267456 -3.9859139919281006 12.587029457092285
v 3.299870491027832 -3.9880096912384033 14.124935150146484
v 3.3156256675720215 -4.192041397094727 14.124935150146484
v 3.3048510551452637 -3.9877631664276123 13.960739135742188
v 3.3633875846862793 -4.145071029663086 12.58682918548584
v 3.3019936084747314 -3.9859139919281006 12.58682918548584
v 3.3691022396087646 -4.189945697784424 12.58682918548584
v -3.2292373180389404 -4.55917501449585 -13.40939998626709
v -3.2421748638153076 -4.588393211364746 -13.40939998626709
v -3.2756102085113525 -4.554737091064453 -13.1399507522583
v -3.2901551723480225 -4.588393211364746 -13.139750480651855
v -3.383932590484619 -4.555476665496826 -11.580795288085938
v -3.427190065383911 -4.716606140136719 -11.580795288085938
v -3.331904649734497 -4.74274206161499 -13.138948440551758
v -3.283646583557129 -4.747303485870361 -13.40939998626709
v -3.371967315673828 -4.528478145599365 -11.580795288085938
v 3.2603037357330322 -4.664334774017334 -13.40939998626709
v 3.2688956260681152 -4.693552494049072 -13.40939998626709
v 3.3077876567840576 -4.659773349761963 -13.1399507522583
v 3.3182449340820312 -4.693552494049072 -13.139750480651855
v 3.418332576751709 -4.685539245605469 -11.580795288085938
v 3.4608559608459473 -4.848271369934082 -11.580795288085938
v 3.3575735092163086 -4.847901821136475 -13.138948440551758
v 3.3073511123657227 -4.852339744567871 -13.40939998626709
v 3.411228895187378 -4.658663749694824 -11.580795288085938
v 3.2150022983551025 -6.728938579559326 -12.666008949279785
v 3.157080888748169 -6.7586493492126465 -12.661599159240723
v 3.151028871536255 -6.767649173736572 -12.689265251159668
v 3.106322765350342 -6.805373191833496 -12.66540813446045
v 3.102691650390625 -6.8121538162231445 -12.673026084899902
v 3.108426094055176 -6.802291393280029 -12.655784606933594
v 3.1577951908111572 -6.761608123779297 -12.632729530334473
v 3.216113567352295 -6.733623027801514 -12.621903419494629
v 3.2088510990142822 -6.755814075469971 -12.583410263061523
v 3.153052806854248 -6.776155471801758 -12.607468605041504
v 3.1945245265960693 -6.791688919067383 -12.557347297668457
v 3.1436471939086914 -6.799702167510986 -12.59042739868164
v 3.175574541091919 -6.835083961486816 -12.548125267028809
v 3.1312255859375 -6.828180313110352 -12.584412574768066
v 3.1552951335906982 -6.878479480743408 -12.557347297668457
v 3.1179308891296387 -6.856658458709717 -12.59042739868164
v 3.1371984481811523 -6.91435432434082 -12.583410263061523
v 3.106064796447754 -6.8802056312561035 -12.607468605041504
v 3.1243996620178223 -6.936421871185303 -12.621903419494629
v 3.0976712703704834 -6.89462947845459 -12.632729530334473
v 3.1191015243530273 -6.941106796264648 -12.666008949279785
v 3.094198703765869 -6.897711277008057 -12.661599159240723
v 3.1222565174102783 -6.927422523498535 -12.708110809326172
v 3.0962624549865723 -6.888711929321289 -12.689265251159668
v 3.1332695484161377 -6.897711277008057 -12.741190910339355
v 3.103485345840454 -6.869233131408691 -12.710917472839355
v 3.1501359939575195 -6.857645034790039 -12.759033203125
v 3.1145377159118652 -6.8429741859436035 -12.722745895385742
v 3.1703360080718994 -6.812893390655518 -12.759234428405762
v 3.1277928352355957 -6.813632965087891 -12.722745895385742
v 3.1899607181549072 -6.77233362197876 -12.741190910339355
v 3.140650987625122 -6.787127494812012 -12.710917472839355
v 3.2057554721832275 -6.7426228523254395 -12.708110809326172
v 3.098187208175659 -6.821523189544678 -12.67703628540039
v 3.1086840629577637 -6.803277492523193 -12.645560264587402
v 3.1070172786712646 -6.808455467224121 -12.636738777160645
v 3.1037232875823975 -6.816591739654541 -12.63072395324707
v 3.0993778705596924 -6.826577663421631 -12.628719329833984
v 3.0947344303131104 -6.836563587188721 -12.63072395324707
v 3.0905873775482178 -6.844823360443115 -12.636738777160645
v 3.0876505374908447 -6.849877834320068 -12.645560264587402
v 3.0864202976226807 -6.850864410400391 -12.655784606933594
v 3.0871546268463135 -6.847782135009766 -12.66540813446045
v 3.089674472808838 -6.841001510620117 -12.673026084899902
v 3.0935440063476562 -6.831755638122559 -12.67703628540039
v -3.1144065856933594 -6.762101173400879 -12.855064392089844
v -3.112283229827881 -6.765183448791504 -12.8646879196167
v -3.108652114868164 -6.772087097167969 -12.872306823730469
v -3.156989336013794 -6.727458953857422 -12.88874626159668
v -3.1630613803863525 -6.718459606170654 -12.861079216003418
v -3.163775682449341 -6.721541404724121 -12.832209587097168
v -3.1146645545959473 -6.763087272644043 -12.845040321350098
v -3.1041476726531982 -6.7813334465026855 -12.876516342163086
v -3.1466314792633057 -6.7469377517700195 -12.910398483276367
v -3.211735963821411 -6.702556133270264 -12.907591819763184
v -3.220982789993286 -6.68887186050415 -12.865489959716797
v -3.222074031829834 -6.6934332847595215 -12.821383476257324
v -3.2148313522338867 -6.71562385559082 -12.782891273498535
v -3.1590332984924316 -6.736088752746582 -12.8069486618042
v -3.200504779815674 -6.751499176025391 -12.756828308105469
v -3.149627685546875 -6.759512424468994 -12.789907455444336
v -3.1815547943115234 -6.794894218444824 -12.74760627746582
v -3.1372060775756836 -6.787990570068359 -12.783893585205078
v -3.1612753868103027 -6.838289737701416 -12.756828308105469
v -3.1239113807678223 -6.816468715667725 -12.789907455444336
v -3.1431589126586914 -6.874164581298828 -12.782891273498535
v -3.112025260925293 -6.840015411376953 -12.8069486618042
v -3.1303601264953613 -6.896355152130127 -12.821383476257324
v -3.1036317348480225 -6.854562759399414 -12.832209587097168
v -3.125082015991211 -6.900916576385498 -12.865489959716797
v -3.1001791954040527 -6.8575215339660645 -12.861079216003418
v -3.1282172203063965 -6.887232303619385 -12.907591819763184
v -3.1022427082061768 -6.848521709442139 -12.88874626159668
v -3.139249801635742 -6.8575215339660645 -12.940470695495605
v -3.1094655990600586 -6.829166889190674 -12.910398483276367
v -3.1560964584350586 -6.817454814910889 -12.958514213562012
v -3.120518207550049 -6.802784442901611 -12.922026634216309
v -3.176316261291504 -6.772703647613525 -12.958514213562012
v -3.1337730884552 -6.773443222045898 -12.922226905822754
v -3.1959409713745117 -6.732143878936768 -12.940470695495605
v -3.1129977703094482 -6.768265247344971 -12.836219787597656
v -3.0995242595672607 -6.791565418243408 -12.876516342163086
v -3.109703779220581 -6.776525020599365 -12.830204963684082
v -3.105358123779297 -6.786387920379639 -12.82800006866455
v -3.100714921951294 -6.7963738441467285 -12.830204963684082
v -3.096547842025757 -6.804633617401123 -12.836219787597656
v -3.093611240386963 -6.809688091278076 -12.845040321350098
v -3.0924007892608643 -6.810797691345215 -12.855064392089844
v -3.0931150913238525 -6.807592391967773 -12.8646879196167
v -3.0956549644470215 -6.800811767578125 -12.872306823730469
vt 0.9568604826927185 0.6637898683547974
vt 0.9568604826927185 0.7968335747718811
vt 0.7113655805587769 0.6636805534362793
vt 0.6970793008804321 0.7969428896903992
vt 0.04265477880835533 0.6635712385177612
vt 0.04242619872093201 0.7971615195274353
vt 0.9568604826927185 0.6637898683547974
vt 0.9568604826927185 0.7968335747718811
vt 0.5341017842292786 0.6636805534362793
vt 0.5560454726219177 0.7970522046089172
vt 0.04265477880835533 0.6635712385177612
vt 0.04242619872093201 0.7971615195274353
vt 0.03431161120533943 0.9790716767311096
vt 0.26026293635368347 0.9788529872894287
vt 0.034540191292762756 0.8413271903991699
vt 0.26026293635368347 0.841436505317688
vt 0.9568604826927185 0.6637898683547974
vt 0.7113655805587769 0.6636805534362793
vt 0.9568604826927185 0.7968335747718811
vt 0.6970793008804321 0.7969428896903992
vt 0.04265477880835533 0.6635712385177612
vt 0.04242619872093201 0.7971615195274353
vt 0.9568604826927185 0.6637898683547974
vt 0.9568604826927185 0.7968335747718811
vt 0.5341017842292786 0.6636805534362793
vt 0.5560454726219177 0.7970522046089172
vt 0.04265477880835533 0.6635712385177612
vt 0.04242619872093201 0.7971615195274353
vt 0.03431161120533943 0.9790716767311096
vt 0.034540191292762756 0.8413271903991699
vt 0.26026293635368347 0.9788529872894287
vt 0.26026293635368347 0.841436505317688
vt 0.03431161120533943 0.9790716767311096
vt 0.034540191292762756 0.8413271903991699
vt 0.26026293635368347 0.9788529872894287
vt 0.26026293635368347 0.841436505317688
vt 0.03431161120533943 0.9790716767311096
vt 0.034540191292762756 0.8413271903991699
vt 0.26026293635368347 0.9788529872894287
vt 0.26026293635368347 0.841436505317688
vt 0.03431161120533943 0.9790716767311096
vt 0.26026293635368347 0.9788529872894287
vt 0.034540191292762756 0.8413271903991699
vt 0.26026293635368347 0.841436505317688
vt 0.03431161120533943 0.9790716767311096
vt 0.26026293635368347 0.9788529872894287
vt 0.034540191292762756 0.8413271903991699
vt 0.26026293635368347 0.841436505317688
vt 0.03431161120533943 0.9790716767311096
vt 0.26026293635368347 0.9788529872894287
vt 0.034540191292762756 0.8413271903991699
vt 0.26026293635368347 0.841436505317688
vt 0.96668940782547 0.8404526114463806
vt 0.96668940782547 0.9112926125526428
vt 0.6827930808067322 0.8403432965278625
vt 0.6827930808067322 0.9112926125526428
vt 0.10254274308681488 0.8402339816093445
vt 0.10242845118045807 0.9112926125526428
vt 0.03476877138018608 0.8402339816093445
vt 0.034883059561252594 0.9112926125526428
vt 0.10219986736774445 0.9814767241477966
vt 0.034997351467609406 0.9814767241477966
vt 0.9665751457214355 0.9814767241477966
vt 0.6827930808067322 0.9814767241477966
vt 0.03328299894928932 0.8370636701583862
vt 0.17591692507266998 0.8370636701583862
vt 0.03339729085564613 0.9835538268089294
vt 0.17625978589057922 0.9835538268089294
vt 0.5137581825256348 0.9835538268089294
vt 0.5137581825256348 0.8370636701583862
vt 0.8633712530136108 0.9835538268089294
vt 0.864514172077179 0.8370636701583862
vt 0.9665751457214355 0.9835538268089294
vt 0.96668940782547 0.8370636701583862
vt 0.96748948097229 0.8361890912055969
vt 0.96748948097229 0.9801648855209351
vt 0.7535386085510254 0.8361890912055969
vt 0.7531957030296326 0.9802742004394531
vt 0.2577485740184784 0.8360797762870789
vt 0.25751999020576477 0.9804928302764893
vt 0.96748948097229 0.8361890912055969
vt 0.7535386085510254 0.8361890912055969
vt 0.96748948097229 0.9801648855209351
vt 0.7531957030296326 0.9802742004394531
vt 0.2577485740184784 0.8360797762870789
vt 0.25751999020576477 0.9804928302764893
vt 0.9657751321792603 0.8388128280639648
vt 0.8712573051452637 0.839031457901001
vt 0.9661179780960083 0.9804928302764893
vt 0.03431161120533943 0.9490084052085876
vt 0.03431161120533943 0.9813674092292786
vt 0.03419731929898262 0.8396874070167542
vt 0.9657751321792603 0.8388128280639648
vt 0.9661179780960083 0.9804928302764893
vt 0.8712573051452637 0.839031457901001
vt 0.03431161120533943 0.9490084052085876
vt 0.03419731929898262 0.8396874070167542
vt 0.03431161120533943 0.9813674092292786
vt 0.03362587094306946 0.8346586227416992
vt 0.03362587094306946 0.8600211143493652
vt 0.13682973384857178 0.8345493078231812
vt 0.13671545684337616 0.8600211143493652
vt 0.9693180918693542 0.8599117398262024
vt 0.9694324135780334 0.9849749803543091
vt 0.13660116493701935 0.9849749803543091
vt 0.03339729085564613 0.9850842952728271
vt 0.9694324135780334 0.8345493078231812
vt 0.03362587094306946 0.8346586227416992
vt 0.03362587094306946 0.8600211143493652
vt 0.13682973384857178 0.8345493078231812
vt 0.13671545684337616 0.8600211143493652
vt 0.9693180918693542 0.8599117398262024
vt 0.9694324135780334 0.9849749803543091
vt 0.13660116493701935 0.9849749803543091
vt 0.03339729085564613 0.9850842952728271
vt 0.9694324135780334 0.8345493078231812
vt 0.89285808801651 0.12844495475292206
vt 0.8865721225738525 0.12910087406635284
vt 0.8846291899681091 0.12538397312164307
vt 0.8766289353370667 0.12855426967144012
vt 0.8751431107521057 0.12757039070129395
vt 0.8773146271705627 0.1298661231994629
vt 0.8858863711357117 0.13292711973190308
vt 0.8918294906616211 0.1343482881784439
vt 0.887143611907959 0.13937705755233765
vt 0.8828005790710449 0.1362067461013794
vt 0.879600465297699 0.1428753286600113
vt 0.8778861165046692 0.13850249350070953
vt 0.8703429698944092 0.1440778523683548
vt 0.8718287348747253 0.1392677277326584
vt 0.8610854744911194 0.1428753286600113
vt 0.8657713532447815 0.13850249350070953
vt 0.8535423278808594 0.13937705755233765
vt 0.8607426285743713 0.1362067461013794
vt 0.8488564491271973 0.1343482881784439
vt 0.8576567769050598 0.13292711973190308
vt 0.8478278517723083 0.12844495475292206
vt 0.8570853471755981 0.12910087406635284
vt 0.8506850600242615 0.1228695809841156
vt 0.8589139580726624 0.12538397312164307
vt 0.8570853471755981 0.11849674582481384
vt 0.8630284070968628 0.12254162132740021
vt 0.8655427694320679 0.11609168350696564
vt 0.8686286211013794 0.12090180814266205
vt 0.8750288486480713 0.11609168350696564
vt 0.8749145865440369 0.12090180814266205
vt 0.8836005926132202 0.11849674582481384
vt 0.8805147409439087 0.12254162132740021
vt 0.8900008201599121 0.1228695809841156
vt 0.8732002377510071 0.12702378630638123
vt 0.8770860433578491 0.13117797672748566
vt 0.8759431838989258 0.13238051533699036
vt 0.874228835105896 0.1331457644701004
vt 0.8721715807914734 0.1334737241268158
vt 0.8700000643730164 0.1331457644701004
vt 0.8682857155799866 0.13238051533699036
vt 0.8671428561210632 0.13117797672748566
vt 0.8669142723083496 0.1298661231994629
vt 0.8676000237464905 0.12855426967144012
vt 0.8690857887268066 0.12757039070129395
vt 0.87102872133255 0.12702378630638123
vt 0.8857721090316772 0.10341044515371323
vt 0.8852006793022156 0.10209859162569046
vt 0.8837149143218994 0.10111470520496368
vt 0.8932009339332581 0.0989282876253128
vt 0.8951438665390015 0.10253588110208511
vt 0.8944581747055054 0.10647143423557281
vt 0.8856578469276428 0.10472229868173599
vt 0.881771981716156 0.10056810081005096
vt 0.8890865445137024 0.09608593583106995
vt 0.8984583020210266 0.09641390293836594
vt 0.9014298319816589 0.1019892767071724
vt 0.90040123462677 0.10789261013269424
vt 0.8957153558731079 0.11292137205600739
vt 0.8913723230361938 0.10975106060504913
vt 0.8880578875541687 0.11641964316368103
vt 0.8863435387611389 0.11204680800437927
vt 0.8789147138595581 0.11762217432260513
vt 0.8802862167358398 0.11281204968690872
vt 0.8696572184562683 0.11641964316368103
vt 0.874228835105896 0.11204680800437927
vt 0.8619998097419739 0.11292137205600739
vt 0.8693143725395203 0.10975106060504913
vt 0.857313871383667 0.10789261013269424
vt 0.8662285208702087 0.10647143423557281
vt 0.8563995957374573 0.1019892767071724
vt 0.8655427694320679 0.10253588110208511
vt 0.8592568039894104 0.09641390293836594
vt 0.8674857020378113 0.0989282876253128
vt 0.8655427694320679 0.09204106032848358
vt 0.8716001510620117 0.09608593583106995
vt 0.8741145133972168 0.08963599801063538
vt 0.8772003650665283 0.09444612264633179
vt 0.8836005926132202 0.08963599801063538
vt 0.8833720088005066 0.09444612264633179
vt 0.8921723365783691 0.09204106032848358
vt 0.8845149278640747 0.1059248298406601
vt 0.879600465297699 0.10056810081005096
vt 0.8828005790710449 0.10669007897377014
vt 0.8806290626525879 0.10690871626138687
vt 0.8785718679428101 0.10669007897377014
vt 0.8768575191497803 0.1059248298406601
vt 0.8757146000862122 0.10472229868173599
vt 0.8754860162734985 0.10341044515371323
vt 0.8761717677116394 0.10209859162569046
vt 0.8776575326919556 0.10111470520496368
vn 0.2315661609172821 0.8788082599639893 -0.417220801115036
vn 0.23706258833408356 0.881081759929657 -0.40926313400268555
vn 0.19105085730552673 0.8903523683547974 -0.41324591636657715
vn 0.13909637928009033 0.8999333381652832 -0.41324591636657715
vn 0.08667373657226562 0.9064852595329285 -0.41324591636657715
vn 0.08861025422811508 0.9081034660339355 -0.40926313400268555
vn 0.25351184606552124 0.8974941968917847 -0.36088213324546814
vn 0.25351184606552124 0.8974941968917847 -0.36088213324546814
vn 0.25535258650779724 0.888541042804718 -0.3811691105365753
vn 0.25706684589385986 0.8791448473930359 -0.401274174451828
vn 0.2514062523841858 0.8714331984519958 -0.42118772864341736
vn 0.2514062523841858 0.8714331984519958 -0.42118772864341736
vn 0.07732138782739639 0.9644147753715515 -0.25283506512641907
vn 0.07732138782739639 0.9644147753715515 -0.25283506512641907
vn 0.07732138782739639 0.9644147753715515 -0.25283506512641907
vn 0.07166680693626404 0.9659499526023865 -0.24860523641109467
vn -0.2315661609172821 0.8788082599639893 -0.417220801115036
vn -0.19105085730552673 0.8903523683547974 -0.41324591636657715
vn -0.2334136664867401 0.882055401802063 -0.40926313400268555
vn -0.13909637928009033 0.8999333381652832 -0.41324591636657715
vn -0.0904877707362175 0.9042890667915344 -0.417220801115036
vn -0.0923682376742363 0.907728910446167 -0.40926313400268555
vn -0.25351184606552124 0.8974941968917847 -0.36088213324546814
vn -0.25351184606552124 0.8974941968917847 -0.36088213324546814
vn -0.25172048807144165 0.88957679271698 -0.3811691105365753
vn -0.25706684589385986 0.8791448473930359 -0.401274174451828
vn -0.2550301253795624 0.8703795075416565 -0.42118772864341736
vn -0.2550301253795624 0.8703795075416565 -0.42118772864341736
vn 0.086780846118927 0.9316966533660889 -0.3527185618877411
vn 0.07923203706741333 0.9369282126426697 -0.34042292833328247
vn 0.07923203706741333 0.9369282126426697 -0.34042292833328247
vn 0.07729578018188477 0.9400388598442078 -0.33219319581985474
vn 0.07915683835744858 0.9071725606918335 -0.41324591636657715
vn 0.07544470578432083 0.9056681990623474 -0.417220801115036
vn 0.07544470578432083 0.9056681990623474 -0.417220801115036
vn 0.07544470578432083 0.9056681990623474 -0.417220801115036
vn -9.398095501692363e-14 0.9088051319122314 -0.417220801115036
vn 0.005660905968397856 0.9069558382034302 -0.42118772864341736
vn 0.005660905968397856 0.9069558382034302 -0.42118772864341736
vn 0.005660905968397856 0.9069558382034302 -0.42118772864341736
vn -0.07355708628892899 0.9647091627120972 -0.25283506512641907
vn -0.07355708628892899 0.9647091627120972 -0.25283506512641907
vn -0.07355708628892899 0.9647091627120972 -0.25283506512641907
vn -0.07166680693626404 0.9659499526023865 -0.24860523641109467
vn -0.086780846118927 0.9316966533660889 -0.3527185618877411
vn -0.07923203706741333 0.9369282126426697 -0.34042292833328247
vn -0.07923203706741333 0.9369282126426697 -0.34042292833328247
vn -0.07353311032056808 0.9403406381607056 -0.33219319581985474
vn -0.07915683835744858 0.9071725606918335 -0.41324591636657715
vn -0.07544470578432083 0.9056681990623474 -0.417220801115036
vn -0.07544470578432083 0.9056681990623474 -0.417220801115036
vn -0.07544470578432083 0.9056681990623474 -0.417220801115036
vn 0.07730606943368912 0.9497880935668945 -0.30319350957870483
vn 0.01698739267885685 0.9527775645256042 -0.30319350957870483
vn 0.062294889241456985 0.9468258619308472 -0.31565824151039124
vn -0.007554769981652498 0.9474545121192932 -0.3198012113571167
vn 0.07925364375114441 0.9323671460151672 -0.3527185618877411
vn -0.007551168091595173 0.9325808882713318 -0.36088213324546814
vn 0.07541473954916 0.9197443723678589 -0.3852050006389618
vn -0.03019418567419052 0.9223369359970093 -0.3852050006389618
vn -0.0923127606511116 0.9264379143714905 -0.3649536371231079
vn -0.062221311032772064 0.9240695238113403 -0.37712597846984863
vn -0.08106818050146103 0.9494743943214417 -0.30319350957870483
vn -0.08485953509807587 0.9422647953033447 -0.3239381015300751
vn 0.1728324294090271 0.9753484725952148 -0.1372016966342926
vn 0.1205502450466156 0.9831802248954773 -0.1372016966342926
vn 0.1728324294090271 0.9753484725952148 -0.1372016966342926
vn 0.120476134121418 0.9825757741928101 -0.1415284425020218
vn 0.0226434376090765 0.9896751642227173 -0.1415284425020218
vn -0.0226434376090765 0.9896751642227173 -0.1415284425020218
vn -0.12796491384506226 0.9816285967826843 -0.1415284425020218
vn -0.1801537722349167 0.9734034538269043 -0.1415284425020218
vn -0.2318294644355774 0.9624057412147522 -0.1415284425020218
vn -0.23930834233760834 0.9612009525299072 -0.1372016966342926
vn -0.23916122317314148 0.960610032081604 -0.1415284425020218
vn -0.23916122317314148 0.960610032081604 -0.1415284425020218
vn -0.23559628427028656 0.9594928622245789 -0.15449213981628418
vn -0.23914141952991486 0.9556769132614136 -0.17173540592193604
vn -0.24472330510616302 0.9510086178779602 -0.18892620503902435
vn -0.25202977657318115 0.9490984678268433 -0.18892620503902435
vn 0.23916122317314148 0.960610032081604 -0.1415284425020218
vn 0.23559628427028656 0.9594928622245789 -0.15449213981628418
vn 0.23916122317314148 0.960610032081604 -0.1415284425020218
vn 0.23914141952991486 0.9556769132614136 -0.17173540592193604
vn 0.24106460809707642 0.9519426226615906 -0.18892620503902435
vn 0.24837838113307953 0.9500605463981628 -0.18892620503902435
vn -0.9967476725578308 0.07541686296463013 0.028397228568792343
vn -0.9847627282142639 0.1727883517742157 0.01966099627315998
vn -0.995361864566803 0.09045028686523438 0.03276457265019417
vn -0.9819470047950745 0.18762384355068207 0.024029340595006943
vn -0.9910863637924194 0.12794172763824463 0.03713129088282585
vn -0.9323094487190247 0.36165499687194824 -0.002184694167226553
vn 0.9967476725578308 0.07541686296463013 0.028397228568792343
vn 0.995361864566803 0.09045028686523438 0.03276457265019417
vn 0.9847627282142639 0.1727883517742157 0.01966099627315998
vn 0.9819470047950745 0.18762384355068207 0.024029340595006943
vn 0.9323094487190247 0.36165499687194824 -0.002184694167226553
vn 0.9912378191947937 0.12796127796173096 0.03276457265019417
vn -0.9020248055458069 0.3996787965297699 -0.16312000155448914
vn -0.9221319556236267 0.3508055806159973 -0.16312000155448914
vn -0.9098153114318848 0.39984139800071716 -0.1111890971660614
vn -0.9466507434844971 0.30084070563316345 -0.11553031951189041
vn -0.9343186020851135 0.3507707715034485 -0.0633138045668602
vn -0.964231550693512 0.25738856196403503 -0.0633138045668602
vn -0.9578115940093994 0.2612055242061615 -0.11986933648586273
vn -0.9519000053405762 0.25375837087631226 -0.17173540592193604
vn -0.9114053845405579 0.40660983324050903 -0.0633138045668602
vn 0.9458158612251282 0.27557095885276794 -0.17173540592193604
vn 0.947899580001831 0.26831570267677307 -0.17173540592193604
vn 0.9516019225120544 0.2829931378364563 -0.11986933648586273
vn 0.9578115940093994 0.2612055242061615 -0.11986933648586273
vn 0.9612504243850708 0.2683075964450836 -0.0633138045668602
vn 0.9670886397361755 0.24643641710281372 -0.0633138045668602
vn 0.9611579179763794 0.24647170305252075 -0.1242060661315918
vn 0.9548682570457458 0.23924286663532257 -0.1760382205247879
vn 0.965197741985321 0.25374147295951843 -0.0633138045668602
vn 0.4593859314918518 -0.8837209939956665 0.08945280313491821
vn 0.568030834197998 -0.8229347467422485 0.010923261754214764
vn 0.589950680732727 -0.7709053754806519 0.2401314377784729
vn 0.7525497078895569 -0.6511796116828918 0.0981530249118805
vn 0.8391621112823486 -0.5295090675354004 0.1242060661315918
vn 0.7811769843101501 -0.6226228475570679 -0.04586252197623253
vn 0.5646870732307434 -0.7945701479911804 -0.22312943637371063
vn 0.457111120223999 -0.8672041893005371 -0.1975002884864807
vn 0.4728991687297821 -0.7536289691925049 -0.456519216299057
vn 0.5861135125160217 -0.6847972869873047 -0.43303996324539185
vn 0.5137591361999512 -0.5577977895736694 -0.651853621006012
vn 0.6210537552833557 -0.5156442523002625 -0.590256929397583
vn 0.5743638873100281 -0.30472949147224426 -0.7597671151161194
vn 0.6834424734115601 -0.2938184142112732 -0.6682642698287964
vn 0.6528089046478271 -0.03023684024810791 -0.7569189071655273
vn 0.7559399604797363 -0.060345906764268875 -0.651853621006012
vn 0.740094006061554 0.23054656386375427 -0.6317508816719055
vn 0.8386871218681335 0.1576816588640213 -0.5212872624397278
vn 0.82115238904953 0.4283512234687805 -0.37712597846984863
vn 0.9084688425064087 0.3043123483657837 -0.2864931523799896
vn 0.8668156862258911 0.4975510835647583 -0.03276457265019417
vn 0.9425371885299683 0.3332359790802002 0.024029340595006943
vn 0.8500353693962097 0.415336012840271 0.3239381015300751
vn 0.9201779961585999 0.23158663511276245 0.31565824151039124
vn 0.7834805250167847 0.19430650770664215 0.590256929397583
vn 0.8551192879676819 0.030154835432767868 0.5175535082817078
vn 0.6927056312561035 -0.09024559706449509 0.715552031993866
vn 0.7723736763000488 -0.2160683274269104 0.5972883701324463
vn 0.6090517640113831 -0.37267470359802246 0.7001210451126099
vn 0.6945245265960693 -0.4496051073074341 0.5616858005523682
vn 0.5377084016799927 -0.618977963924408 0.5724822878837585
vn 0.6313409805297852 -0.6433389186859131 0.43303996324539185
vn 0.4844032824039459 -0.7987768650054932 0.3568037748336792
vn 0.8517445921897888 -0.46997278928756714 0.23163928091526031
vn 0.821334719657898 -0.5547559857368469 -0.1328723281621933
vn 0.8312686085700989 -0.5162674784660339 -0.2060592919588089
vn 0.8168351650238037 -0.4686950147151947 -0.3363112509250641
vn 0.8532965779304504 -0.3600847125053406 -0.37712597846984863
vn 0.8979031443595886 -0.24612759053707123 -0.3649536371231079
vn 0.94608074426651 -0.14296244084835052 -0.29067665338516235
vn 0.9826914072036743 0.015097599476575851 -0.18463370203971863
vn 0.9721991419792175 -0.23185190558433533 -0.03276457265019417
vn 0.9782817959785461 -0.18016226589679718 0.10250037163496017
vn 0.9356318712234497 -0.187552347779274 0.2990269064903259
vn 0.9124056696891785 -0.3753768503665924 0.16312000155448914
vn -0.7788175940513611 -0.625571608543396 -0.04586252197623253
vn -0.7525497078895569 -0.6511796116828918 0.0981530249118805
vn -0.8391621112823486 -0.5295090675354004 0.1242060661315918
vn -0.589950680732727 -0.7709053754806519 0.2401314377784729
vn -0.568030834197998 -0.8229347467422485 0.010923261754214764
vn -0.5677607655525208 -0.7923767566680908 -0.22312943637371063
vn -0.8234412670135498 -0.5516243577003479 -0.1328723281621933
vn -0.8517445921897888 -0.46997278928756714 0.23163928091526031
vn -0.6340266466140747 -0.6406922340393066 0.43303996324539185
vn -0.4844032824039459 -0.7987768650054932 0.3568037748336792
vn -0.4560336768627167 -0.8854555487632751 0.08945280313491821
vn -0.457111120223999 -0.8672041893005371 -0.1975002884864807
vn -0.4728991687297821 -0.7536289691925049 -0.456519216299057
vn -0.5861135125160217 -0.6847972869873047 -0.43303996324539185
vn -0.5109756588935852 -0.5603487491607666 -0.651853621006012
vn -0.6234611868858337 -0.5127308368682861 -0.590256929397583
vn -0.5725846290588379 -0.3080596923828125 -0.7597671151161194
vn -0.6819424629211426 -0.29728326201438904 -0.6682642698287964
vn -0.6526230573654175 -0.03401321917772293 -0.7569189071655273
vn -0.7556301355361938 -0.06410878151655197 -0.651853621006012
vn -0.7412081360816956 0.22693908214569092 -0.6317508816719055
vn -0.8386871218681335 0.1576816588640213 -0.5212872624397278
vn -0.8228909373283386 0.42500174045562744 -0.37712597846984863
vn -0.9096613526344299 0.30072900652885437 -0.2864931523799896
vn -0.8668156862258911 0.4975510835647583 -0.03276457265019417
vn -0.9425371885299683 0.3332359790802002 0.024029340595006943
vn -0.8500353693962097 0.415336012840271 0.3239381015300751
vn -0.9201779961585999 0.23158663511276245 0.31565824151039124
vn -0.7834805250167847 0.19430650770664215 0.590256929397583
vn -0.8552438616752625 0.026386762037873268 0.5175535082817078
vn -0.6927056312561035 -0.09024559706449509 0.715552031993866
vn -0.7723736763000488 -0.2160683274269104 0.5972883701324463
vn -0.607075572013855 -0.3758852779865265 0.7001210451126099
vn -0.6965673565864563 -0.4464336633682251 0.5616858005523682
vn -0.5348556041717529 -0.6214447021484375 0.5724822878837585
vn -0.8312686085700989 -0.5162674784660339 -0.2060592919588089
vn -0.9109625816345215 -0.37886545062065125 0.16312000155448914
vn -0.8168351650238037 -0.4686950147151947 -0.3363112509250641
vn -0.8518222570419312 -0.3635586202144623 -0.37712597846984863
vn -0.8988934755325317 -0.24248577654361725 -0.3649536371231079
vn -0.94608074426651 -0.14296244084835052 -0.29067665338516235
vn -0.9826914072036743 0.015097599476575851 -0.18463370203971863
vn -0.9721991419792175 -0.23185190558433533 -0.03276457265019417
vn -0.976886510848999 -0.18758058547973633 0.10250037163496017
vn -0.9356318712234497 -0.187552347779274 0.2990269064903259
f 1/1/1 2/2/2 3/3/3
f 2/2/2 4/4/4 3/3/3
f 3/3/3 4/4/4 4/4/4
f 4/4/4 1/1/1 4/4/4
f 4/4/4 1/1/1 1/1/1
f 1/1/1 3/3/3 1/1/1
f 1/1/1 3/3/3 5/5/5
f 3/3/3 6/6/6 5/5/5
f 5/5/5 6/6/6 7/7/7
f 6/6/6 8/8/8 7/7/7
f 7/7/7 8/8/8 9/9/9
f 8/8/8 9/9/9 9/9/9
f 9/9/9 9/9/9 8/8/8
f 9/9/9 8/8/8 8/8/8
f 8/8/8 8/8/8 10/10/10
f 8/8/8 6/6/6 10/10/10
f 10/10/10 6/6/6 10/10/10
f 6/6/6 3/3/3 10/10/10
f 10/10/10 3/3/3 11/11/11
f 3/3/3 3/3/3 11/11/11
f 11/11/11 3/3/3 12/12/12
f 3/3/3 4/4/4 12/12/12
f 12/12/12 4/4/4 13/13/13
f 4/4/4 14/14/14 13/13/13
f 13/13/13 14/14/14 15/15/15
f 14/14/14 16/16/16 15/15/15
f 15/15/15 16/16/16 17/17/17
f 16/16/16 18/18/18 17/17/17
f 17/17/17 18/18/18 19/19/19
f 18/18/18 19/19/19 19/19/19
f 19/19/19 19/19/19 4/4/4
f 19/19/19 4/4/4 4/4/4
f 4/4/4 4/4/4 14/14/14
f 4/4/4 2/2/2 14/14/14
f 14/14/14 2/2/2 14/14/14
f 2/2/2 20/20/20 14/14/14
f 14/14/14 20/20/20 16/16/16
f 20/20/20 18/18/18 16/16/16
f 16/16/16 18/18/18 18/18/18
f 18/18/18 17/17/17 18/18/18
f 18/18/18 17/17/17 17/17/17
f 17/17/17 21/21/21 17/17/17
f 17/17/17 21/21/21 15/15/15
f 21/21/21 15/15/15 15/15/15
f 15/15/15 15/15/15 13/13/13
f 15/15/15 13/13/13 13/13/13
f 13/13/13 13/13/13 12/12/12
f 13/13/13 22/22/22 12/12/12
f 12/12/12 22/22/22 23/23/23
f 22/22/22 24/24/24 23/23/23
f 23/23/23 24/24/24 25/25/25
f 24/24/24 26/26/26 25/25/25
f 25/25/25 26/26/26 26/26/26
f 26/26/26 25/25/25 26/26/26
f 26/26/26 25/25/25 25/25/25
f 25/25/25 27/27/27 25/25/25
f 25/25/25 27/27/27 23/23/23
f 27/27/27 28/28/28 23/23/23
f 23/23/23 28/28/28 12/12/12
f 28/28/28 29/29/29 12/12/12
f 12/12/12 29/29/29 11/11/11
f 29/29/29 11/11/11 11/11/11
f 11/11/11 11/11/11 27/27/27
f 11/11/11 27/27/27 27/27/27
f 27/27/27 27/27/27 28/28/28
f 27/27/27 30/30/30 28/28/28
f 28/28/28 30/30/30 31/31/31
f 30/30/30 32/32/32 31/31/31
f 31/31/31 32/32/32 33/33/33
f 32/32/32 34/34/34 33/33/33
f 33/33/33 34/34/34 34/34/34
f 34/34/34 28/28/28 34/34/34
f 34/34/34 28/28/28 28/28/28
f 28/28/28 31/31/31 28/28/28
f 28/28/28 31/31/31 29/29/29
f 31/31/31 33/33/33 29/29/29
f 29/29/29 33/33/33 35/35/35
f 33/33/33 36/36/36 35/35/35
f 35/35/35 36/36/36 35/35/35
f 36/36/36 37/37/37 35/35/35
f 35/35/35 37/37/37 35/35/35
f 37/37/37 10/10/10 35/35/35
f 35/35/35 10/10/10 35/35/35
f 10/10/10 11/11/11 35/35/35
f 35/35/35 11/11/11 29/29/29
f 11/11/11 29/29/29 29/29/29
f 29/29/29 29/29/29 30/30/30
f 29/29/29 30/30/30 30/30/30
f 30/30/30 30/30/30 32/32/32
f 30/30/30 38/38/38 32/32/32
f 32/32/32 38/38/38 38/38/38
f 38/38/38 33/33/33 38/38/38
f 38/38/38 33/33/33 33/33/33
f 33/33/33 34/34/34 33/33/33
f 33/33/33 34/34/34 36/36/36
f 34/34/34 39/39/39 36/36/36
f 36/36/36 39/39/39 40/40/40
f 39/39/39 41/41/41 40/40/40
f 40/40/40 41/41/41 42/42/42
f 41/41/41 43/43/43 42/42/42
f 42/42/42 43/43/43 44/44/44
f 43/43/43 45/45/45 44/44/44
f 44/44/44 45/45/45 46/46/46
f 45/45/45 47/47/47 46/46/46
f 46/46/46 47/47/47 48/48/48
f 47/47/47 49/49/49 48/48/48
f 48/48/48 49/49/49 50/50/50
f 49/49/49 51/51/51 50/50/50
f 50/50/50 51/51/51 52/52/52
f 51/51/51 53/53/53 52/52/52
f 52/52/52 53/53/53 54/54/54
f 53/53/53 55/55/55 54/54/54
f 54/54/54 55/55/55 55/55/55
f 55/55/55 36/36/36 55/55/55
f 55/55/55 36/36/36 36/36/36
f 36/36/36 40/40/40 36/36/36
f 36/36/36 40/40/40 37/37/37
f 40/40/40 37/37/37 37/37/37
f 37/37/37 37/37/37 54/54/54
f 37/37/37 54/54/54 54/54/54
f 54/54/54 54/54/54 52/52/52
f 54/54/54 56/56/56 52/52/52
f 52/52/52 56/56/56 52/52/52
f 56/56/56 57/57/57 52/52/52
f 52/52/52 57/57/57 50/50/50
f 57/57/57 58/58/58 50/50/50
f 50/50/50 58/58/58 48/48/48
f 58/58/58 59/59/59 48/48/48
f 48/48/48 59/59/59 46/46/46
f 59/59/59 60/60/60 46/46/46
f 46/46/46 60/60/60 44/44/44
f 60/60/60 61/61/61 44/44/44
f 44/44/44 61/61/61 42/42/42
f 61/61/61 62/62/62 42/42/42
f 42/42/42 62/62/62 40/40/40
f 62/62/62 62/62/62 40/40/40
f 40/40/40 62/62/62 37/37/37
f 62/62/62 63/63/63 37/37/37
f 37/37/37 63/63/63 10/10/10
f 63/63/63 63/63/63 10/10/10
f 10/10/10 63/63/63 8/8/8
f 63/63/63 64/64/64 8/8/8
f 8/8/8 64/64/64 9/9/9
f 64/64/64 9/9/9 9/9/9
f 9/9/9 9/9/9 64/64/64
f 9/9/9 64/64/64 64/64/64
f 64/64/64 64/64/64 65/65/65
f 64/64/64 63/63/63 65/65/65
f 65/65/65 63/63/63 65/65/65
f 63/63/63 62/62/62 65/65/65
f 65/65/65 62/62/62 65/65/65
f 62/62/62 61/61/61 65/65/65
f 65/65/65 61/61/61 66/66/66
f 61/61/61 60/60/60 66/66/66
f 66/66/66 60/60/60 67/67/67
f 60/60/60 59/59/59 67/67/67
f 67/67/67 59/59/59 68/68/68
f 59/59/59 58/58/58 68/68/68
f 68/68/68 58/58/58 69/69/69
f 58/58/58 57/57/57 69/69/69
f 69/69/69 57/57/57 70/70/70
f 57/57/57 56/56/56 70/70/70
f 70/70/70 56/56/56 71/71/71
f 56/56/56 72/72/72 71/71/71
f 71/71/71 72/72/72 73/73/73
f 72/72/72 74/74/74 73/73/73
f 73/73/73 74/74/74 73/73/73
f 74/74/74 75/75/75 73/73/73
f 73/73/73 75/75/75 76/76/76
f 75/75/75 77/77/77 76/76/76
f 76/76/76 77/77/77 77/77/77
f 77/77/77 56/56/56 77/77/77
f 77/77/77 56/56/56 56/56/56
f 56/56/56 54/54/54 56/56/56
f 56/56/56 54/54/54 72/72/72
f 54/54/54 78/78/78 72/72/72
f 72/72/72 78/78/78 74/74/74
f 78/78/78 74/74/74 74/74/74
f 74/74/74 74/74/74 54/54/54
f 74/74/74 54/54/54 54/54/54
f 54/54/54 54/54/54 78/78/78
f 54/54/54 79/79/79 78/78/78
f 78/78/78 79/79/79 79/79/79
f 79/79/79 76/76/76 79/79/79
f 79/79/79 76/76/76 76/76/76
f 76/76/76 80/80/80 76/76/76
f 76/76/76 80/80/80 73/73/73
f 80/80/80 80/80/80 73/73/73
f 73/73/73 80/80/80 71/71/71
f 80/80/80 81/81/81 71/71/71
f 71/71/71 81/81/81 70/70/70
f 81/81/81 82/82/82 70/70/70
f 70/70/70 82/82/82 69/69/69
f 82/82/82 83/83/83 69/69/69
f 69/69/69 83/83/83 68/68/68
f 83/83/83 84/84/84 68/68/68
f 68/68/68 84/84/84 67/67/67
f 84/84/84 85/85/85 67/67/67
f 67/67/67 85/85/85 66/66/66
f 85/85/85 86/86/86 66/66/66
f 66/66/66 86/86/86 65/65/65
f 86/86/86 86/86/86 65/65/65
f 65/65/65 86/86/86 64/64/64
f 86/86/86 86/86/86 64/64/64
f 64/64/64 86/86/86 9/9/9
f 86/86/86 86/86/86 9/9/9
f 9/9/9 86/86/86 87/87/87
f 86/86/86 85/85/85 87/87/87
f 87/87/87 85/85/85 88/88/88
f 85/85/85 85/85/85 88/88/88
f 88/88/88 85/85/85 89/89/89
f 85/85/85 84/84/84 89/89/89
f 89/89/89 84/84/84 90/90/90
f 84/84/84 83/83/83 90/90/90
f 90/90/90 83/83/83 90/90/90
f 83/83/83 82/82/82 90/90/90
f 90/90/90 82/82/82 91/91/91
f 82/82/82 82/82/82 91/91/91
f 91/91/91 82/82/82 92/92/92
f 82/82/82 82/82/82 92/92/92
f 92/92/92 82/82/82 93/93/93
f 82/82/82 81/81/81 93/93/93
f 93/93/93 81/81/81 94/94/94
f 81/81/81 80/80/80 94/94/94
f 94/94/94 80/80/80 95/95/95
f 80/80/80 76/76/76 95/95/95
f 95/95/95 76/76/76 96/96/96
f 76/76/76 77/77/77 96/96/96
f 96/96/96 77/77/77 96/96/96
f 77/77/77 97/97/97 96/96/96
f 96/96/96 97/97/97 98/98/98
f 97/97/97 99/99/99 98/98/98
f 98/98/98 99/99/99 99/99/99
f 99/99/99 98/98/98 99/99/99
f 99/99/99 98/98/98 98/98/98
f 98/98/98 100/100/100 98/98/98
f 98/98/98 100/100/100 96/96/96
f 100/100/100 100/100/100 96/96/96
f 96/96/96 100/100/100 95/95/95
f 100/100/100 101/101/101 95/95/95
f 95/95/95 101/101/101 94/94/94
f 101/101/101 102/102/102 94/94/94
f 94/94/94 102/102/102 93/93/93
f 102/102/102 102/102/102 93/93/93
f 93/93/93 102/102/102 92/92/92
f 102/102/102 102/102/102 92/92/92
f 92/92/92 102/102/102 103/103/103
f 102/102/102 102/102/102 103/103/103
f 103/103/103 102/102/102 104/104/104
f 102/102/102 105/105/105 104/104/104
f 104/104/104 105/105/105 106/106/106
f 105/105/105 105/105/105 106/106/106
f 106/106/106 105/105/105 107/107/107
f 105/105/105 101/101/101 107/107/107
f 107/107/107 101/101/101 107/107/107
f 101/101/101 100/100/100 107/107/107
f 107/107/107 100/100/100 108/108/108
f 100/100/100 98/98/98 108/108/108
f 108/108/108 98/98/98 109/109/109
f 98/98/98 99/99/99 109/109/109
f 109/109/109 99/99/99 109/109/109
f 99/99/99 110/110/110 109/109/109
f 109/109/109 110/110/110 111/111/111
f 110/110/110 112/112/112 111/111/111
f 111/111/111 112/112/112 112/112/112
f 112/112/112 101/101/101 112/112/112
f 112/112/112 101/101/101 101/101/101
f 101/101/101 105/105/105 101/101/101
f 101/101/101 105/105/105 102/102/102
f 105/105/105 102/102/102 102/102/102
f 102/102/102 102/102/102 104/104/104
f 102/102/102 104/104/104 104/104/104
f 104/104/104 104/104/104 113/113/113
f 104/104/104 106/106/106 113/113/113
f 113/113/113 106/106/106 114/114/114
f 106/106/106 106/106/106 114/114/114
f 114/114/114 106/106/106 115/115/115
f 106/106/106 107/107/107 115/115/115
f 115/115/115 107/107/107 115/115/115
f 107/107/107 108/108/108 115/115/115
f 115/115/115 108/108/108 116/116/116
f 108/108/108 109/109/109 116/116/116
f 116/116/116 109/109/109 111/111/111
f 109/109/109 111/111/111 111/111/111
f 111/111/111 111/111/111 113/113/113
f 111/111/111 113/113/113 113/113/113
f 113/113/113 113/113/113 117/117/117
f 113/113/113 114/114/114 117/117/117
f 117/117/117 114/114/114 117/117/117
f 114/114/114 118/118/118 117/117/117
f 117/117/117 118/118/118 119/119/119
f 118/118/118 120/120/120 119/119/119
f 119/119/119 120/120/120 121/121/121
f 120/120/120 122/122/122 121/121/121
f 121/121/121 122/122/122 123/123/123
f 122/122/122 122/122/122 123/123/123
f 123/123/123 122/122/122 124/124/124
f 122/122/122 125/125/125 124/124/124
f 124/124/124 125/125/125 124/124/124
f 125/125/125 126/126/126 124/124/124
f 124/124/124 126/126/126 127/127/127
f 126/126/126 128/128/128 127/127/127
f 127/127/127 128/128/128 129/129/129
f 128/128/128 130/130/130 129/129/129
f 129/129/129 130/130/130 131/131/131
f 130/130/130 131/131/131 131/131/131
f 131/131/131 131/131/131 132/132/132
f 131/131/131 132/132/132 132/132/132
f 132/132/132 132/132/132 133/133/133
f 132/132/132 130/130/130 133/133/133
f 133/133/133 130/130/130 133/133/133
f 130/130/130 128/128/128 133/133/133
f 133/133/133 128/128/128 133/133/133
f 128/128/128 126/126/126 133/133/133
f 133/133/133 126/126/126 134/134/134
f 126/126/126 125/125/125 134/134/134
f 134/134/134 125/125/125 135/135/135
f 125/125/125 122/122/122 135/135/135
f 135/135/135 122/122/122 122/122/122
f 122/122/122 134/134/134 122/122/122
f 122/122/122 134/134/134 134/134/134
f 134/134/134 135/135/135 134/134/134
f 134/134/134 135/135/135 136/136/136
f 135/135/135 137/137/137 136/136/136
f 136/136/136 137/137/137 138/138/138
f 137/137/137 139/139/139 138/138/138
f 138/138/138 139/139/139 140/140/140
f 139/139/139 140/140/140 140/140/140
f 140/140/140 140/140/140 139/139/139
f 140/140/140 139/139/139 139/139/139
f 139/139/139 139/139/139 141/141/141
f 139/139/139 137/137/137 141/141/141
f 141/141/141 137/137/137 142/142/142
f 137/137/137 135/135/135 142/142/142
f 142/142/142 135/135/135 135/135/135
f 135/135/135 141/141/141 135/135/135
f 135/135/135 141/141/141 141/141/141
f 141/141/141 142/142/142 141/141/141
f 141/141/141 142/142/142 143/143/143
f 142/142/142 144/144/144 143/143/143
f 143/143/143 144/144/144 145/145/145
f 144/144/144 146/146/146 145/145/145
f 145/145/145 146/146/146 147/147/147
f 146/146/146 147/147/147 147/147/147
f 147/147/147 147/147/147 145/145/145
f 147/147/147 145/145/145 145/145/145
f 145/145/145 145/145/145 143/143/143
f 145/145/145 148/148/148 143/143/143
f 143/143/143 148/148/148 148/148/148
f 148/148/148 146/146/146 148/148/148
f 148/148/148 146/146/146 146/146/146
f 146/146/146 144/144/144 146/146/146
f 146/146/146 144/144/144 149/149/149
f 144/144/144 142/142/142 149/149/149
f 149/149/149 142/142/142 149/149/149
f 142/142/142 135/135/135 149/149/149
f 149/149/149 135/135/135 150/150/150
f 135/135/135 122/122/122 150/150/150
f 150/150/150 122/122/122 122/122/122
f 122/122/122 150/150/150 122/122/122
f 122/122/122 150/150/150 150/150/150
f 150/150/150 151/151/151 150/150/150
f 150/150/150 151/151/151 149/149/149
f 151/151/151 151/151/151 149/149/149
f 149/149/149 151/151/151 146/146/146
f 151/151/151 152/152/152 146/146/146
f 146/146/146 152/152/152 147/147/147
f 152/152/152 152/152/152 147/147/147
f 147/147/147 152/152/152 112/112/112
f 152/152/152 152/152/152 112/112/112
f 112/112/112 152/152/152 111/111/111
f 152/152/152 153/153/153 111/111/111
f 111/111/111 153/153/153 116/116/116
f 153/153/153 154/154/154 116/116/116
f 116/116/116 154/154/154 115/115/115
f 154/154/154 154/154/154 115/115/115
f 115/115/115 154/154/154 114/114/114
f 154/154/154 154/154/154 114/114/114
f 114/114/114 154/154/154 118/118/118
f 154/154/154 155/155/155 118/118/118
f 118/118/118 155/155/155 120/120/120
f 155/155/155 155/155/155 120/120/120
f 120/120/120 155/155/155 122/122/122
f 155/155/155 155/155/155 122/122/122
f 122/122/122 155/155/155 150/150/150
f 155/155/155 155/155/155 150/150/150
f 150/150/150 155/155/155 151/151/151
f 155/155/155 153/153/153 151/151/151
f 151/151/151 153/153/153 152/152/152
f 153/153/153 152/152/152 152/152/152
f 152/152/152 152/152/152 153/153/153
f 152/152/152 153/153/153 153/153/153
f 153/153/153 153/153/153 154/154/154
f 153/153/153 155/155/155 154/154/154
f 154/154/154 155/155/155 155/155/155
f 155/155/155 156/156/156 155/155/155
f 155/155/155 156/156/156 156/156/156
f 156/156/156 157/157/157 156/156/156
f 156/156/156 157/157/157 158/158/158
f 157/157/157 159/159/159 158/158/158
f 158/158/158 159/159/159 160/160/160
f 159/159/159 161/161/161 160/160/160
f 160/160/160 161/161/161 161/161/161
f 161/161/161 162/162/162 161/161/161
f 161/161/161 162/162/162 162/162/162
f 162/162/162 163/163/163 162/162/162
f 162/162/162 163/163/163 164/164/164
f 163/163/163 163/163/163 164/164/164
f 164/164/164 163/163/163 165/165/165
f 163/163/163 166/166/166 165/165/165
f 165/165/165 166/166/166 167/167/167
f 166/166/166 167/167/167 167/167/167
f 167/167/167 167/167/167 168/168/168
f 167/167/167 168/168/168 168/168/168
f 168/168/168 168/168/168 169/169/169
f 168/168/168 170/170/170 169/169/169
f 169/169/169 170/170/170 171/171/171
f 170/170/170 172/172/172 171/171/171
f 171/171/171 172/172/172 173/173/173
f 172/172/172 174/174/174 173/173/173
f 173/173/173 174/174/174 175/175/175
f 174/174/174 176/176/176 175/175/175
f 175/175/175 176/176/176 177/177/177
f 176/176/176 178/178/178 177/177/177
f 177/177/177 178/178/178 179/179/179
f 178/178/178 180/180/180 179/179/179
f 179/179/179 180/180/180 180/180/180
f 180/180/180 169/169/169 180/180/180
f 180/180/180 169/169/169 169/169/169
f 169/169/169 181/181/181 169/169/169
f 169/169/169 181/181/181 168/168/168
f 181/181/181 168/168/168 168/168/168
f 168/168/168 168/168/168 182/182/182
f 168/168/168 182/182/182 182/182/182
f 182/182/182 182/182/182 183/183/183
f 182/182/182 184/184/184 183/183/183
f 183/183/183 184/184/184 185/185/185
f 184/184/184 186/186/186 185/185/185
f 185/185/185 186/186/186 187/187/187
f 186/186/186 188/188/188 187/187/187
f 187/187/187 188/188/188 189/189/189
f 188/188/188 189/189/189 189/189/189
f 189/189/189 189/189/189 182/182/182
f 189/189/189 182/182/182 182/182/182
f 182/182/182 182/182/182 190/190/190
f 182/182/182 183/183/183 190/190/190
f 190/190/190 183/183/183 190/190/190
f 183/183/183 191/191/191 190/190/190
f 190/190/190 191/191/191 192/192/192
f 191/191/191 193/193/193 192/192/192
f 192/192/192 193/193/193 194/194/194
f 193/193/193 195/195/195 194/194/194
f 194/194/194 195/195/195 195/195/195
f 195/195/195 196/196/196 195/195/195
f 195/195/195 196/196/196 196/196/196
f 196/196/196 197/197/197 196/196/196
f 196/196/196 197/197/197 198/198/198
f 197/197/197 199/199/199 198/198/198
f 198/198/198 199/199/199 200/200/200
f 199/199/199 201/201/201 200/200/200
f 200/200/200 201/201/201 202/202/202
f 201/201/201 203/203/203 202/202/202
f 202/202/202 203/203/203 204/204/204
f 203/203/203 205/205/205 204/204/204
f 204/204/204 205/205/205 206/206/206
f 205/205/205 207/207/207 206/206/206
f 206/206/206 207/207/207 208/208/208
f 207/207/207 208/208/208 208/208/208
f 208/208/208 208/208/208 196/196/196
f 208/208/208 196/196/196 196/196/196
f 196/196/196 196/196/196 197/197/197
f 196/196/196 209/209/209 197/197/197
f 197/197/197 209/209/209 209/209/209
f 209/209/209 210/210/210 209/209/209
f 209/209/209 210/210/210 210/210/210
f 210/210/210 211/211/211 210/210/210
f 210/210/210 211/211/211 212/212/212
f 211/211/211 213/213/213 212/212/212
f 212/212/212 213/213/213 214/214/214
f 213/213/213 215/215/215 214/214/214
f 214/214/214 215/215/215 216/216/216
f 215/215/215 216/216/216 216/216/216
f 216/216/216 216/216/216 217/217/217
f 216/216/216 217/217/217 217/217/217
f 217/217/217 217/217/217 211/211/211
f 217/217/217 218/218/218 211/211/211
f 211/211/211 218/218/218 213/213/213
f 218/218/218 219/219/219 213/213/213
f 213/213/213 219/219/219 219/219/219
f 219/219/219 220/220/220 219/219/219
f 219/219/219 220/220/220 220/220/220
f 220/220/220 221/221/221 220/220/220
f 220/220/220 221/221/221 213/213/213
f 221/221/221 221/221/221 213/213/213
f 213/213/213 221/221/221 215/215/215
f 221/221/221 222/222/222 215/215/215
f 215/215/215 222/222/222 222/222/222
f 222/222/222 223/223/223 222/222/222
f 222/222/222 223/223/223 223/223/223
f 223/223/223 224/224/224 223/223/223
f 223/223/223 224/224/224 225/225/225
f 224/224/224 224/224/224 225/225/225
f 225/225/225 224/224/224 226/226/226
f 224/224/224 212/212/212 226/226/226
f 226/226/226 212/212/212 227/227/227
f 212/212/212 212/212/212 227/227/227
f 227/227/227 212/212/212 228/228/228
f 212/212/212 214/214/214 228/228/228
f 228/228/228 214/214/214 214/214/214
f 214/214/214 224/224/224 214/214/214
f 214/214/214 224/224/224 224/224/224
f 224/224/224 229/229/229 224/224/224
f 224/224/224 229/229/229 212/212/212
f 229/229/229 230/230/230 212/212/212
f 212/212/212 230/230/230 231/231/231
f 230/230/230 232/232/232 231/231/231
f 231/231/231 232/232/232 233/233/233
f 232/232/232 233/233/233 233/233/233
f 233/233/233 233/233/233 212/212/212
f 233/233/233 212/212/212 212/212/212
f 212/212/212 212/212/212 234/234/234
f 212/212/212 231/231/231 234/234/234
f 234/234/234 231/231/231 235/235/235
f 231/231/231 231/231/231 235/235/235
f 235/235/235 231/231/231 236/236/236
f 231/231/231 231/231/231 236/236/236
f 236/236/236 231/231/231 237/237/237
f 231/231/231 238/238/238 237/237/237
f 237/237/237 238/238/238 237/237/237
f 238/238/238 239/239/239 237/237/237
f 237/237/237 239/239/239 240/240/240
f 239/239/239 240/240/240 240/240/240
f 240/240/240 240/240/240 235/235/235
f 240/240/240 235/235/235 235/235/235
f 235/235/235 235/235/235 234/234/234
f 235/235/235 241/241/241 234/234/234
f 234/234/234 241/241/241 242/242/242
f 241/241/241 242/242/242 242/242/242
f 242/242/242 242/242/242 243/243/243
f 242/242/242 243/243/243 243/243/243
f 243/243/243 243/243/243 244/244/244
f 243/243/243 238/238/238 244/244/244
f 244/244/244 238/238/238 244/244/244
f 238/238/238 231/231/231 244/244/244
f 244/244/244 231/231/231 245/245/245
f 231/231/231 245/245/245 245/245/245
f 245/245/245 245/245/245 246/246/246
f 245/245/245 246/246/246 246/246/246
f 246/246/246 246/246/246 214/214/214
f 246/246/246 247/247/247 214/214/214
f 214/214/214 247/247/247 248/248/248
f 247/247/247 249/249/249 248/248/248
f 248/248/248 249/249/249 249/249/249
f 249/249/249 214/214/214 249/249/249
f 249/249/249 214/214/214 214/214/214
f 214/214/214 248/248/248 214/214/214
f 214/214/214 248/248/248 228/228/228
f 248/248/248 250/250/250 228/228/228
f 228/228/228 250/250/250 251/251/251
f 250/250/250 251/251/251 251/251/251
f 251/251/251 251/251/251 248/248/248
f 251/251/251 248/248/248 248/248/248
f 248/248/248 248/248/248 250/250/250
f 248/248/248 252/252/252 250/250/250
f 250/250/250 252/252/252 252/252/252
f 252/252/252 253/253/253 252/252/252
f 252/252/252 253/253/253 253/253/253
f 253/253/253 254/254/254 253/253/253
f 253/253/253 254/254/254 255/255/255
f 254/254/254 254/254/254 255/255/255
f 255/255/255 254/254/254 256/256/256
f 254/254/254 257/257/257 256/256/256
f 256/256/256 257/257/257 258/258/258
f 257/257/257 259/259/259 258/258/258
f 258/258/258 259/259/259 260/260/260
f 259/259/259 261/261/261 260/260/260
f 260/260/260 261/261/261 262/262/262
f 261/261/261 263/263/263 262/262/262
f 262/262/262 263/263/263 263/263/263
f 263/263/263 260/260/260 263/263/263
f 263/263/263 260/260/260 260/260/260
f 260/260/260 262/262/262 260/260/260
f 260/260/260 262/262/262 264/264/264
f 262/262/262 265/265/265 264/264/264
f 264/264/264 265/265/265 265/265/265
f 265/265/265 264/264/264 265/265/265
f 265/265/265 264/264/264 264/264/264
f 264/264/264 266/266/266 264/264/264
f 264/264/264 266/266/266 260/260/260
f 266/266/266 266/266/266 260/260/260
f 260/260/260 266/266/266 258/258/258
f 266/266/266 266/266/266 258/258/258
f 258/258/258 266/266/266 256/256/256
f 266/266/266 267/267/267 256/256/256
f 256/256/256 267/267/267 255/255/255
f 267/267/267 268/268/268 255/255/255
f 255/255/255 268/268/268 255/255/255
f 268/268/268 269/269/269 255/255/255
f 255/255/255 269/269/269 270/270/270
f 269/269/269 271/271/271 270/270/270
f 270/270/270 271/271/271 253/253/253
f 271/271/271 272/272/272 253/253/253
f 253/253/253 272/272/272 272/272/272
f 272/272/272 255/255/255 272/272/272
f 272/272/272 255/255/255 255/255/255
f 255/255/255 270/270/270 255/255/255
f 255/255/255 270/270/270 253/253/253
f 270/270/270 253/253/253 253/253/253
f 253/253/253 253/253/253 271/271/271
f 253/253/253 271/271/271 271/271/271
f 271/271/271 271/271/271 273/273/273
f 271/271/271 269/269/269 273/273/273
f 273/273/273 269/269/269 274/274/274
f 269/269/269 268/268/268 274/274/274
f 274/274/274 268/268/268 268/268/268
f 268/268/268 273/273/273 268/268/268
f 268/268/268 273/273/273 273/273/273
f 273/273/273 274/274/274 273/273/273
f 273/273/273 274/274/274 275/275/275
f 274/274/274 276/276/276 275/275/275
f 275/275/275 276/276/276 277/277/277
f 276/276/276 276/276/276 277/277/277
f 277/277/277 276/276/276 278/278/278
f 276/276/276 276/276/276 278/278/278
f 278/278/278 276/276/276 279/279/279
f 276/276/276 276/276/276 279/279/279
f 279/279/279 276/276/276 280/280/280
f 276/276/276 274/274/274 280/280/280
f 280/280/280 274/274/274 280/280/280
f 274/274/274 268/268/268 280/280/280
f 280/280/280 268/268/268 280/280/280
f 268/268/268 267/267/267 280/280/280
f 280/280/280 267/267/267 281/281/281
f 267/267/267 267/267/267 281/281/281
f 281/281/281 267/267/267 282/282/282
f 267/267/267 266/266/266 282/282/282
f 282/282/282 266/266/266 283/283/283
f 266/266/266 264/264/264 283/283/283
f 283/283/283 264/264/264 283/283/283
f 264/264/264 265/265/265 283/283/283
f 283/283/283 265/265/265 283/283/283
f 265/265/265 284/284/284 283/283/283
f 283/283/283 284/284/284 285/285/285
f 284/284/284 286/286/286 285/285/285
f 285/285/285 286/286/286 285/285/285
f 286/286/286 287/287/287 285/285/285
f 285/285/285 287/287/287 283/283/283
f 287/287/287 287/287/287 283/283/283
f 283/283/283 287/287/287 282/282/282
f 287/287/287 288/288/288 282/282/282
f 282/282/282 288/288/288 281/281/281
f 288/288/288 288/288/288 281/281/281
f 281/281/281 288/288/288 280/280/280
f 288/288/288 288/288/288 280/280/280
f 280/280/280 288/288/288 279/279/279
f 288/288/288 288/288/288 279/279/279
f 279/279/279 288/288/288 278/278/278
f 288/288/288 288/288/288 278/278/278
f 278/278/278 288/288/288 289/289/289
f 288/288/288 288/288/288 289/289/289
f 289/289/289 288/288/288 290/290/290
f 288/288/288 287/287/287 290/290/290
f 290/290/290 287/287/287 286/286/286
f 287/287/287 286/286/286 286/286/286
f 286/286/286 286/286/286 291/291/291
f 286/286/286 291/291/291 291/291/291
f 291/291/291 291/291/291 292/292/292
f 291/291/291 293/293/293 292/292/292
f 292/292/292 293/293/293 294/294/294
f 293/293/293 295/295/295 294/294/294
f 294/294/294 295/295/295 294/294/294
f 295/295/295 296/296/296 294/294/294
f 294/294/294 296/296/296 297/297/297
f 296/296/296 298/298/298 297/297/297
f 297/297/297 298/298/298 299/299/299
f 298/298/298 300/300/300 299/299/299
f 299/299/299 300/300/300 300/300/300
f 300/300/300 299/299/299 300/300/300
f 300/300/300 299/299/299 299/299/299
f 299/299/299 292/292/292 299/299/299
f 299/299/299 292/292/292 297/297/297
f 292/292/292 294/294/294 297/297/297
f 297/297/297 294/294/294 294/294/294
f 294/294/294 293/293/293 294/294/294
f 294/294/294 293/293/293 293/293/293
f 293/293/293 301/301/301 293/293/293
f 293/293/293 301/301/301 295/295/295
f 301/301/301 302/302/302 295/295/295
f 295/295/295 302/302/302 296/296/296
f 302/302/302 296/296/296 296/296/296
f 296/296/296 296/296/296 301/301/301
f 296/296/296 301/301/301 301/301/301
f 301/301/301 301/301/301 302/302/302
f 301/301/301 303/303/303 302/302/302
f 302/302/302 303/303/303 304/304/304
f 303/303/303 305/305/305 304/304/304
f 304/304/304 305/305/305 304/304/304
f 305/305/305 306/306/306 304/304/304
f 304/304/304 306/306/306 307/307/307
f 306/306/306 308/308/308 307/307/307
f 307/307/307 308/308/308 309/309/309
f 308/308/308 310/310/310 309/309/309
f 309/309/309 310/310/310 309/309/309
f 310/310/310 311/311/311 309/309/309
f 309/309/309 311/311/311 312/312/312
f 311/311/311 311/311/311 312/312/312
f 312/312/312 311/311/311 313/313/313
f 311/311/311 314/314/314 313/313/313
f 313/313/313 314/314/314 313/313/313
f 314/314/314 315/315/315 313/313/313
f 313/313/313 315/315/315 316/316/316
f 315/315/315 315/315/315 316/316/316
f 316/316/316 315/315/315 317/317/317
f 315/315/315 318/318/318 317/317/317
f 317/317/317 318/318/318 319/319/319
f 318/318/318 320/320/320 319/319/319
f 319/319/319 320/320/320 319/319/319
f 320/320/320 321/321/321 319/319/319
f 319/319/319 321/321/321 322/322/322
f 321/321/321 300/300/300 322/322/322
f 322/322/322 300/300/300 322/322/322
f 300/300/300 298/298/298 322/322/322
f 322/322/322 298/298/298 323/323/323
f 298/298/298 296/296/296 323/323/323
f 323/323/323 296/296/296 324/324/324
f 296/296/296 296/296/296 324/324/324
f 324/324/324 296/296/296 325/325/325
f 296/296/296 302/302/302 325/325/325
f 325/325/325 302/302/302 325/325/325
f 302/302/302 304/304/304 325/325/325
f 325/325/325 304/304/304 326/326/326
f 304/304/304 309/309/309 326/326/326
f 326/326/326 309/309/309 326/326/326
f 309/309/309 327/327/327 326/326/326
f 326/326/326 327/327/327 324/324/324
f 327/327/327 317/317/317 324/324/324
f 324/324/324 317/317/317 324/324/324
f 317/317/317 319/319/319 324/324/324
f 324/324/324 319/319/319 323/323/323
f 319/319/319 322/322/322 323/323/323
f 323/323/323 322/322/322 322/322/322
f 322/322/322 306/306/306 322/322/322
f 322/322/322 306/306/306 306/306/306
f 306/306/306 328/328/328 306/306/306
f 306/306/306 328/328/328 308/308/308
f 328/328/328 308/308/308 308/308/308
f 308/308/308 308/308/308 304/304/304
f 308/308/308 304/304/304 304/304/304
f 304/304/304 304/304/304 309/309/309
f 304/304/304 307/307/307 309/309/309
f 309/309/309 307/307/307 307/307/307
f 307/307/307 324/324/324 307/307/307
f 307/307/307 324/324/324 324/324/324
f 324/324/324 325/325/325 324/324/324
f 324/324/324 325/325/325 326/326/326
f 325/325/325 326/326/326 326/326/326
f 326/326/326 326/326/326 317/317/317
f 326/326/326 317/317/317 317/317/317
f 317/317/317 317/317/317 316/316/316
f 317/317/317 327/327/327 316/316/316
f 316/316/316 327/327/327 313/313/313
f 327/327/327 327/327/327 313/313/313
f 313/313/313 327/327/327 312/312/312
f 327/327/327 309/309/309 312/312/312
f 312/312/312 309/309/309 309/309/309
f 309/309/309 329/329/329 309/309/309
f 309/309/309 329/329/329 329/329/329
f 329/329/329 330/330/330 329/329/329
f 329/329/329 330/330/330 331/331/331
f 330/330/330 332/332/332 331/331/331
f 331/331/331 332/332/332 333/333/333
f 332/332/332 334/334/334 333/333/333
f 333/333/333 334/334/334 333/333/333
f 334/334/334 335/335/335 333/333/333
f 333/333/333 335/335/335 336/336/336
f 335/335/335 337/337/337 336/336/336
f 336/336/336 337/337/337 337/337/337
f 337/337/337 330/330/330 337/337/337
f 337/337/337 330/330/330 330/330/330
f 330/330/330 338/338/338 330/330/330
f 330/330/330 338/338/338 332/332/332
f 338/338/338 339/339/339 332/332/332
f 332/332/332 339/339/339 334/334/334
f 339/339/339 340/340/340 334/334/334
f 334/334/334 340/340/340 334/334/334
f 340/340/340 341/341/341 334/334/334
f 334/334/334 341/341/341 342/342/342
f 341/341/341 343/343/343 342/342/342
f 342/342/342 343/343/343 344/344/344
f 343/343/343 345/345/345 344/344/344
f 344/344/344 345/345/345 344/344/344
f 345/345/345 346/346/346 344/344/344
f 344/344/344 346/346/346 347/347/347
f 346/346/346 348/348/348 347/347/347
f 347/347/347 348/348/348 348/348/348
f 348/348/348 333/333/333 348/348/348
f 348/348/348 333/333/333 333/333/333
f 333/333/333 336/336/336 333/333/333
f 333/333/333 336/336/336 331/331/331
f 336/336/336 331/331/331 331/331/331
f 331/331/331 331/331/331 339/339/339
f 331/331/331 339/339/339 339/339/339
f 339/339/339 339/339/339 340/340/340
f 339/339/339 338/338/338 340/340/340
f 340/340/340 338/338/338 349/349/349
f 338/338/338 349/349/349 349/349/349
f 349/349/349 349/349/349 334/334/334
f 349/349/349 334/334/334 334/334/334
f 334/334/334 334/334/334 335/335/335
f 334/334/334 342/342/342 335/335/335
f 335/335/335 342/342/342 350/350/350
f 342/342/342 344/344/344 350/350/350
f 350/350/350 344/344/344 350/350/350
f 344/344/344 347/347/347 350/350/350
f 350/350/350 347/347/347 351/351/351
f 347/347/347 352/352/352 351/351/351
f 351/351/351 352/352/352 353/353/353
f 352/352/352 352/352/352 353/353/353
f 353/353/353 352/352/352 354/354/354
f 352/352/352 352/352/352 354/354/354
f 354/354/354 352/352/352 355/355/355
f 352/352/352 352/352/352 355/355/355
f 355/355/355 352/352/352 356/356/356
f 352/352/352 352/352/352 356/356/356
f 356/356/356 352/352/352 357/357/357
f 352/352/352 347/347/347 357/357/357
f 357/357/357 347/347/347 357/357/357
f 347/347/347 348/348/348 357/357/357
f 357/357/357 348/348/348 358/358/358
f 348/348/348 359/359/359 358/358/358
f 358/358/358 359/359/359 358/358/358
f 359/359/359 360/360/360 358/358/358
f 358/358/358 360/360/360 361/361/361
f 360/360/360 362/362/362 361/361/361
f 361/361/361 362/362/362 362/362/362
f 362/362/362 335/335/335 362/362/362
f 362/362/362 335/335/335 335/335/335
f 335/335/335 350/350/350 335/335/335
f 335/335/335 350/350/350 337/337/337
f 350/350/350 350/350/350 337/337/337
f 337/337/337 350/350/350 363/363/363
f 350/350/350 350/350/350 363/363/363
f 363/363/363 350/350/350 353/353/353
f 350/350/350 351/351/351 353/353/353
f 353/353/353 351/351/351 351/351/351
f 351/351/351 357/357/357 351/351/351
f 351/351/351 357/357/357 357/357/357
f 357/357/357 358/358/358 357/357/357
f 357/357/357 358/358/358 356/356/356
f 358/358/358 364/364/364 356/356/356
f 356/356/356 364/364/364 355/355/355
f 364/364/364 364/364/364 355/355/355
f 355/355/355 364/364/364 365/365/365
f 364/364/364 364/364/364 365/365/365
f 365/365/365 364/364/364 366/366/366
f 364/364/364 367/367/367 366/366/366
f 366/366/366 367/367/367 368/368/368
f 367/367/367 369/369/369 368/368/368
f 368/368/368 369/369/369 370/370/370
f 369/369/369 371/371/371 370/370/370
f 370/370/370 371/371/371 372/372/372
f 371/371/371 371/371/371 372/372/372
f 372/372/372 371/371/371 373/373/373
f 371/371/371 374/374/374 373/373/373
f 373/373/373 374/374/374 375/375/375
f 374/374/374 376/376/376 375/375/375
f 375/375/375 376/376/376 377/377/377
f 376/376/376 377/377/377 377/377/377
f 377/377/377 377/377/377 358/358/358
f 377/377/377 358/358/358 358/358/358
f 358/358/358 358/358/358 364/364/364
f 358/358/358 361/361/361 364/364/364
f 364/364/364 361/361/361 367/367/367
f 361/361/361 378/378/378 367/367/367
f 367/367/367 378/378/378 376/376/376
f 378/378/378 362/362/362 376/376/376
f 376/376/376 362/362/362 377/377/377
f 362/362/362 377/377/377 377/377/377
f 377/377/377 377/377/377 372/372/372
f 377/377/377 372/372/372 372/372/372
f 372/372/372 372/372/372 370/370/370
f 372/372/372 379/379/379 370/370/370
f 370/370/370 379/379/379 379/379/379
f 379/379/379 375/375/375 379/379/379
f 379/379/379 375/375/375 375/375/375
f 375/375/375 380/380/380 375/375/375
f 375/375/375 380/380/380 373/373/373
f 380/380/380 373/373/373 373/373/373
f 373/373/373 373/373/373 374/374/374
f 373/373/373 374/374/374 374/374/374
f 374/374/374 374/374/374 376/376/376
f 374/374/374 371/371/371 376/376/376
f 376/376/376 371/371/371 376/376/376
f 371/371/371 369/369/369 376/376/376
f 376/376/376 369/369/369 367/367/367
f 369/369/369 367/367/367 367/367/367
f 367/367/367 367/367/367 362/362/362
f 367/367/367 362/362/362 362/362/362
f 362/362/362 362/362/362 361/361/361
f 362/362/362 378/378/378 361/361/361
f 361/361/361 378/378/378 378/378/378
f 378/378/378 381/381/381 378/378/378
f 378/378/378 381/381/381 381/381/381
f 381/381/381 382/382/382 381/381/381
f 381/381/381 382/382/382 383/383/383
f 382/382/382 384/384/384 383/383/383
f 383/383/383 384/384/384 385/385/385
f 384/384/384 386/386/386 385/385/385
f 385/385/385 386/386/386 387/387/387
f 386/386/386 388/388/388 387/387/387
f 387/387/387 388/388/388 389/389/389
f 388/388/388 388/388/388 389/389/389
f 389/389/389 388/388/388 390/390/390
f 388/388/388 391/391/391 390/390/390
f 390/390/390 391/391/391 390/390/390
f 391/391/391 392/392/392 390/390/390
f 390/390/390 392/392/392 390/390/390
f 392/392/392 393/393/393 390/390/390
f 390/390/390 393/393/393 394/394/394
f 393/393/393 395/395/395 394/394/394
f 394/394/394 395/395/395 394/394/394
f 395/395/395 389/389/389 394/394/394
f 394/394/394 389/389/389 390/390/390
f 389/389/389 390/390/390 390/390/390
f 390/390/390 390/390/390 384/384/384
f 390/390/390 384/384/384 384/384/384
f 384/384/384 384/384/384 386/386/386
f 384/384/384 382/382/382 386/386/386
f 386/386/386 382/382/382 386/386/386
f 382/382/382 396/396/396 386/386/386
f 386/386/386 396/396/396 388/388/388
f 396/396/396 391/391/391 388/388/388
f 388/388/388 391/391/391 391/391/391
f 391/391/391 393/393/393 391/391/391
f 391/391/391 393/393/393 393/393/393
f 393/393/393 397/397/397 393/393/393
f 393/393/393 397/397/397 395/395/395
f 397/397/397 398/398/398 395/395/395
f 395/395/395 398/398/398 399/399/399
f 398/398/398 400/400/400 399/399/399
f 399/399/399 400/400/400 401/401/401
f 400/400/400 402/402/402 401/401/401
f 401/401/401 402/402/402 403/403/403
f 402/402/402 404/404/404 403/403/403
f 403/403/403 404/404/404 405/405/405
f 404/404/404 406/406/406 405/405/405
f 405/405/405 406/406/406 407/407/407
f 406/406/406 408/408/408 407/407/407
f 407/407/407 408/408/408 407/407/407
f 408/408/408 409/409/409 407/407/407
f 407/407/407 409/409/409 410/410/410
f 409/409/409 411/411/411 410/410/410
f 410/410/410 411/411/411 412/412/412
f 411/411/411 413/413/413 412/412/412
f 412/412/412 413/413/413 385/385/385
f 413/413/413 383/383/383 385/385/385
f 385/385/385 383/383/383 383/383/383
f 383/383/383 399/399/399 383/383/383
f 383/383/383 399/399/399 399/399/399
f 399/399/399 401/401/401 399/399/399
f 399/399/399 401/401/401 403/403/403
f 401/401/401 403/403/403 403/403/403
f 403/403/403 403/403/403 406/406/406
f 403/403/403 406/406/406 406/406/406
f 406/406/406 406/406/406 408/408/408
f 406/406/406 414/414/414 408/408/408
f 408/408/408 414/414/414 414/414/414
f 414/414/414 412/412/412 414/414/414
f 414/414/414 412/412/412 412/412/412
f 412/412/412 385/385/385 412/412/412
f 412/412/412 385/385/385 415/415/415
f 385/385/385 387/387/387 415/415/415
f 415/415/415 387/387/387 415/415/415
f 387/387/387 389/389/389 415/415/415
f 415/415/415 389/389/389 416/416/416
f 389/389/389 395/395/395 416/416/416
f 416/416/416 395/395/395 417/417/417
f 395/395/395 399/399/399 417/417/417
f 417/417/417 399/399/399 417/417/417
f 399/399/399 403/403/403 417/417/417
f 417/417/417 403/403/403 418/418/418
f 403/403/403 405/405/405 418/418/418
f 418/418/418 405/405/405 418/418/418
f 405/405/405 407/407/407 418/418/418
f 418/418/418 407/407/407 418/418/418
f 407/407/407 410/410/410 418/418/418
f 418/418/418 410/410/410 418/418/418
f 410/410/410 412/412/412 418/418/418
f 418/418/418 412/412/412 418/418/418
f 412/412/412 415/415/415 418/418/418
f 418/418/418 415/415/415 417/417/417
f 415/415/415 416/416/416 417/417/417
f 417/417/417 416/416/416 416/416/416
f 416/416/416 419/419/419 416/416/416
f 416/416/416 419/419/419 419/419/419
f 419/419/419 420/420/420 419/419/419
f 419/419/419 420/420/420 421/421/421
f 420/420/420 422/422/422 421/421/421
f 421/421/421 422/422/422 421/421/421
f 422/422/422 423/423/423 421/421/421
f 421/421/421 423/423/423 424/424/424
f 423/423/423 425/425/425 424/424/424
f 424/424/424 425/425/425 426/426/426
f 425/425/425 427/427/427 426/426/426
f 426/426/426 427/427/427 428/428/428
f 427/427/427 428/428/428 428/428/428
f 428/428/428 428/428/428 426/426/426
f 428/428/428 426/426/426 426/426/426
f 426/426/426 426/426/426 424/424/424
f 426/426/426 429/429/429 424/424/424
f 424/424/424 429/429/429 421/421/421
f 429/429/429 419/419/419 421/421/421
f 421/421/421 419/419/419 419/419/419
f 419/419/419 427/427/427 419/419/419
f 419/419/419 427/427/427 427/427/427
f 427/427/427 425/425/425 427/427/427
f 427/427/427 425/425/425 430/430/430
f 425/425/425 423/423/423 430/430/430
f 430/430/430 423/423/423 430/430/430
f 423/423/423 431/431/431 430/430/430
f 430/430/430 431/431/431 432/432/432
f 431/431/431 431/431/431 432/432/432
f 432/432/432 431/431/431 433/433/433
f 431/431/431 434/434/434 433/433/433
f 433/433/433 434/434/434 435/435/435
f 434/434/434 434/434/434 435/435/435
f 435/435/435 434/434/434 436/436/436
f 434/434/434 437/437/437 436/436/436
f 436/436/436 437/437/437 438/438/438
f 437/437/437 439/439/439 438/438/438
f 438/438/438 439/439/439 440/440/440
f 439/439/439 439/439/439 440/440/440
f 440/440/440 439/439/439 441/441/441
f 439/439/439 442/442/442 441/441/441
f 441/441/441 442/442/442 441/441/441
f 442/442/442 443/443/443 441/441/441
f 441/441/441 443/443/443 444/444/444
f 443/443/443 443/443/443 444/444/444
f 444/444/444 443/443/443 445/445/445
f 443/443/443 446/446/446 445/445/445
f 445/445/445 446/446/446 447/447/447
f 446/446/446 446/446/446 447/447/447
f 447/447/447 446/446/446 448/448/448
f 446/446/446 443/443/443 448/448/448
f 448/448/448 443/443/443 448/448/448
f 443/443/443 442/442/442 448/448/448
f 448/448/448 442/442/442 448/448/448
f 442/442/442 439/439/439 448/448/448
f 448/448/448 439/439/439 449/449/449
f 439/439/439 434/434/434 449/449/449
f 449/449/449 434/434/434 450/450/450
f 434/434/434 431/431/431 450/450/450
f 450/450/450 431/431/431 450/450/450
f 431/431/431 423/423/423 450/450/450
f 450/450/450 423/423/423 450/450/450
f 423/423/423 451/451/451 450/450/450
f 450/450/450 451/451/451 449/449/449
f 451/451/451 451/451/451 449/449/449
f 449/449/449 451/451/451 448/448/448
f 451/451/451 451/451/451 448/448/448
f 448/448/448 451/451/451 447/447/447
f 451/451/451 452/452/452 447/447/447
f 447/447/447 452/452/452 453/453/453
f 452/452/452 452/452/452 453/453/453
f 453/453/453 452/452/452 454/454/454
f 452/452/452 452/452/452 454/454/454
f 454/454/454 452/452/452 455/455/455
f 452/452/452 420/420/420 455/455/455
f 455/455/455 420/420/420 419/419/419
f 420/420/420 419/419/419 419/419/419
f 419/419/419 419/419/419 430/430/430
f 419/419/419 430/430/430 430/430/430
f 430/430/430 430/430/430 427/427/427
f 430/430/430 432/432/432 427/427/427
f 427/427/427 432/432/432 432/432/432
f 432/432/432 438/438/438 432/432/432
f 432/432/432 438/438/438 438/438/438
f 438/438/438 456/456/456 438/438/438
f 438/438/438 456/456/456 436/436/436
f 456/456/456 436/436/436 436/436/436
f 436/436/436 436/436/436 439/439/439
f 436/436/436 439/439/439 439/439/439
f 439/439/439 439/439/439 434/434/434
f 439/439/439 437/437/437 434/434/434
f 434/434/434 437/437/437 437/437/437
f 437/437/437 447/447/447 437/437/437
f 437/437/437 447/447/447 447/447/447
f 447/447/447 453/453/453 447/447/447
f 447/447/447 453/453/453 445/445/445
f 453/453/453 445/445/445 445/445/445
f 445/445/445 445/445/445 420/420/420
f 445/445/445 420/420/420 420/420/420
f 420/420/420 420/420/420 422/422/422
f 420/420/420 452/452/452 422/422/422
f 422/422/422 452/452/452 422/422/422
f 452/452/452 451/451/451 422/422/422
f 422/422/422 451/451/451 423/423/423
f 451/451/451 423/423/423 423/423/423
f 423/423/423 423/423/423 457/457/457
f 423/423/423 457/457/457 457/457/457
f 457/457/457 457/457/457 458/458/458
f 457/457/457 459/459/459 458/458/458
f 458/458/458 459/459/459 460/460/460
f 459/459/459 459/459/459 460/460/460
f 460/460/460 459/459/459 461/461/461
f 459/459/459 462/462/462 461/461/461
f 461/461/461 462/462/462 463/463/463
f 462/462/462 464/464/464 463/463/463
f 463/463/463 464/464/464 465/465/465
f 464/464/464 466/466/466 465/465/465
f 465/465/465 466/466/466 465/465/465
f 466/466/466 467/467/467 465/465/465
f 465/465/465 467/467/467 468/468/468
f 467/467/467 467/467/467 468/468/468
f 468/468/468 467/467/467 469/469/469
f 467/467/467 470/470/470 469/469/469
f 469/469/469 470/470/470 469/469/469
f 470/470/470 471/471/471 469/469/469
f 469/469/469 471/471/471 472/472/472
f 471/471/471 471/471/471 472/472/472
f 472/472/472 471/471/471 473/473/473
f 471/471/471 474/474/474 473/473/473
f 473/473/473 474/474/474 473/473/473
f 474/474/474 475/475/475 473/473/473
f 473/473/473 475/475/475 476/476/476
f 475/475/475 477/477/477 476/476/476
f 476/476/476 477/477/477 478/478/478
f 477/477/477 479/479/479 478/478/478
f 478/478/478 479/479/479 480/480/480
f 479/479/479 481/481/481 480/480/480
f 480/480/480 481/481/481 480/480/480
f 481/481/481 482/482/482 480/480/480
f 480/480/480 482/482/482 483/483/483
f 482/482/482 484/484/484 483/483/483
f 483/483/483 484/484/484 485/485/485
f 484/484/484 486/486/486 485/485/485
f 485/485/485 486/486/486 486/486/486
f 486/486/486 458/458/458 486/486/486
f 486/486/486 458/458/458 458/458/458
f 458/458/458 460/460/460 458/458/458
f 458/458/458 460/460/460 487/487/487
f 460/460/460 488/488/488 487/487/487
f 487/487/487 488/488/488 488/488/488
f 488/488/488 479/479/479 488/488/488
f 488/488/488 479/479/479 479/479/479
f 479/479/479 489/489/489 479/479/479
f 479/479/479 489/489/489 481/481/481
f 489/489/489 481/481/481 481/481/481
f 481/481/481 481/481/481 482/482/482
f 481/481/481 482/482/482 482/482/482
f 482/482/482 482/482/482 484/484/484
f 482/482/482 490/490/490 484/484/484
f 484/484/484 490/490/490 490/490/490
f 490/490/490 483/483/483 490/490/490
f 490/490/490 483/483/483 483/483/483
f 483/483/483 485/485/485 483/483/483
f 483/483/483 485/485/485 480/480/480
f 485/485/485 485/485/485 480/480/480
f 480/480/480 485/485/485 478/478/478
f 485/485/485 485/485/485 478/478/478
f 478/478/478 485/485/485 476/476/476
f 485/485/485 491/491/491 476/476/476
f 476/476/476 491/491/491 492/492/492
f 491/491/491 491/491/491 492/492/492
f 492/492/492 491/491/491 493/493/493
f 491/491/491 485/485/485 493/493/493
f 493/493/493 485/485/485 486/486/486
f 485/485/485 486/486/486 486/486/486
f 486/486/486 486/486/486 476/476/476
f 486/486/486 476/476/476 476/476/476
f 476/476/476 476/476/476 473/473/473
f 476/476/476 492/492/492 473/473/473
f 473/473/473 492/492/492 473/473/473
f 492/492/492 494/494/494 473/473/473
f 473/473/473 494/494/494 472/472/472
f 494/494/494 495/495/495 472/472/472
f 472/472/472 495/495/495 469/469/469
f 495/495/495 496/496/496 469/469/469
f 469/469/469 496/496/496 468/468/468
f 496/496/496 496/496/496 468/468/468
f 468/468/468 496/496/496 465/465/465
f 496/496/496 497/497/497 465/465/465
f 465/465/465 497/497/497 465/465/465
f 497/497/497 498/498/498 465/465/465
f 465/465/465 498/498/498 463/463/463
f 498/498/498 499/499/499 463/463/463
f 463/463/463 499/499/499 461/461/461
f 499/499/499 499/499/499 461/461/461
f 461/461/461 499/499/499 460/460/460
f 499/499/499 499/499/499 460/460/460
f 460/460/460 499/499/499 488/488/488
f 499/499/499 500/500/500 488/488/488
f 488/488/488 500/500/500 487/487/487
f 500/500/500 501/501/501 487/487/487
f 487/487/487 501/501/501 501/501/501
f 501/501/501 500/500/500 501/501/501
f 501/501/501 500/500/500 500/500/500
f 500/500/500 499/499/499 500/500/500
f 500/500/500 499/499/499 502/502/502
f 499/499/499 498/498/498 502/502/502
f 502/502/502 498/498/498 503/503/503
f 498/498/498 497/497/497 503/503/503
f 503/503/503 497/497/497 504/504/504
f 497/497/497 497/497/497 504/504/504
f 504/504/504 497/497/497 505/505/505
f 497/497/497 496/496/496 505/505/505
f 505/505/505 496/496/496 506/506/506
f 496/496/496 495/495/495 506/506/506
f 506/506/506 495/495/495 506/506/506
f 495/495/495 494/494/494 506/506/506
f 506/506/506 494/494/494 507/507/507
f 494/494/494 494/494/494 507/507/507
f 507/507/507 494/494/494 508/508/508
f 494/494/494 492/492/492 508/508/508
f 508/508/508 492/492/492 493/493/493
f 492/492/492 493/493/493 493/493/493
f 493/493/493 493/493/493 509/509/509
f 493/493/493 509/509/509 509/509/509
f 509/509/509 509/509/509 510/510/510
f 509/509/509 511/511/511 510/510/510
f 510/510/510 511/511/511 512/512/512
f 511/511/511 513/513/513 512/512/512
f 512/512/512 513/513/513 514/514/514
f 513/513/513 513/513/513 514/514/514
f 514/514/514 513/513/513 515/515/515
f 513/513/513 513/513/513 515/515/515
f 515/515/515 513/513/513 516/516/516
f 513/513/513 513/513/513 516/516/516
f 516/516/516 513/513/513 517/517/517
f 513/513/513 511/511/511 517/517/517
f 517/517/517 511/511/511 509/509/509
f 511/511/511 509/509/509 509/509/509
f 509/509/509 509/509/509 509/509/509
f 509/509/509 509/509/509 509/509/509
f 509/509/509 509/509/509 518/518/518
f 509/509/509 510/510/510 518/518/518
f 518/518/518 510/510/510 519/519/519
f 510/510/510 512/512/512 519/519/519
f 519/519/519 512/512/512 520/520/520
f 512/512/512 521/521/521 520/520/520
f 520/520/520 521/521/521 521/521/521
f 521/521/521 522/522/522 521/521/521
f 521/521/521 522/522/522 522/522/522
f 522/522/522 523/523/523 522/522/522
f 522/522/522 523/523/523 517/517/517
f 523/523/523 523/523/523 517/517/517
f 517/517/517 523/523/523 516/516/516
f 523/523/523 523/523/523 516/516/516
f 516/516/516 523/523/523 524/524/524
f 523/523/523 525/525/525 524/524/524
f 524/524/524 525/525/525 524/524/524
f 525/525/525 526/526/526 524/524/524
f 524/524/524 526/526/526 527/527/527
f 526/526/526 528/528/528 527/527/527
f 527/527/527 528/528/528 529/529/529
f 528/528/528 530/530/530 529/529/529
f 529/529/529 530/530/530 530/530/530
f 530/530/530 523/523/523 530/530/530
f 530/530/530 523/523/523 523/523/523
f 523/523/523 522/522/522 523/523/523
f 523/523/523 522/522/522 525/525/525
f 522/522/522 525/525/525 525/525/525
f 525/525/525 525/525/525 531/531/531
f 525/525/525 531/531/531 531/531/531
f 531/531/531 531/531/531 532/532/532
f 531/531/531 533/533/533 532/532/532
f 532/532/532 533/533/533 534/534/534
f 533/533/533 535/535/535 534/534/534
f 534/534/534 535/535/535 536/536/536
f 535/535/535 515/515/515 536/536/536
f 536/536/536 515/515/515 536/536/536
f 515/515/515 516/516/516 536/536/536
f 536/536/536 516/516/516 536/536/536
f 516/516/516 524/524/524 536/536/536
f 536/536/536 524/524/524 536/536/536
f 524/524/524 527/527/527 536/536/536
f 536/536/536 527/527/527 534/534/534
f 527/527/527 529/529/529 534/534/534
f 534/534/534 529/529/529 532/532/532
f 529/529/529 532/532/532 532/532/532
f 532/532/532 532/532/532 535/535/535
f 532/532/532 535/535/535 535/535/535
f 535/535/535 535/535/535 515/515/515
f 535/535/535 537/537/537 515/515/515
f 515/515/515 537/537/537 514/514/514
f 537/537/537 538/538/538 514/514/514
f 514/514/514 538/538/538 539/539/539
f 538/538/538 539/539/539 539/539/539
f 539/539/539 539/539/539 540/540/540
f 539/539/539 540/540/540 540/540/540
f 540/540/540 540/540/540 541/541/541
f 540/540/540 542/542/542 541/541/541
f 541/541/541 542/542/542 543/543/543
f 542/542/542 542/542/542 543/543/543
f 543/543/543 542/542/542 544/544/544
f 542/542/542 545/545/545 544/544/544
f 544/544/544 545/545/545 546/546/546
f 545/545/545 545/545/545 546/546/546
f 546/546/546 545/545/545 547/547/547
f 545/545/545 545/545/545 547/547/547
f 547/547/547 545/545/545 548/548/548
f 545/545/545 545/545/545 548/548/548
f 548/548/548 545/545/545 549/549/549
f 545/545/545 542/542/542 549/549/549
f 549/549/549 542/542/542 540/540/540
f 542/542/542 540/540/540 540/540/540
f 540/540/540 540/540/540 550/550/550
f 540/540/540 550/550/550 550/550/550
f 550/550/550 550/550/550 546/546/546
f 550/550/550 551/551/551 546/546/546
f 546/546/546 551/551/551 544/544/544
f 551/551/551 552/552/552 544/544/544
f 544/544/544 552/552/552 543/543/543
f 552/552/552 552/552/552 543/543/543
f 543/543/543 552/552/552 553/553/553
f 552/552/552 554/554/554 553/553/553
f 553/553/553 554/554/554 553/553/553
f 554/554/554 555/555/555 553/553/553
f 553/553/553 555/555/555 556/556/556
f 555/555/555 557/557/557 556/556/556
f 556/556/556 557/557/557 558/558/558
f 557/557/557 559/559/559 558/558/558
f 558/558/558 559/559/559 558/558/558
f 559/559/559 560/560/560 558/558/558
f 558/558/558 560/560/560 556/556/556
f 560/560/560 561/561/561 556/556/556
f 556/556/556 561/561/561 553/553/553
f 561/561/561 561/561/561 553/553/553
f 553/553/553 561/561/561 543/543/543
f 561/561/561 561/561/561 543/543/543
f 543/543/543 561/561/561 541/541/541
f 561/561/561 562/562/562 541/541/541
f 541/541/541 562/562/562 563/563/563
f 562/562/562 560/560/560 563/563/563
f 563/563/563 560/560/560 563/563/563
f 560/560/560 559/559/559 563/563/563
f 563/563/563 559/559/559 564/564/564
f 559/559/559 564/564/564 564/564/564
f 564/564/564 564/564/564 550/550/550
f 564/564/564 550/550/550 550/550/550
f 550/550/550 550/550/550 551/551/551
f 550/550/550 565/565/565 551/551/551
f 551/551/551 565/565/565 552/552/552
f 565/565/565 554/554/554 552/552/552
f 552/552/552 554/554/554 554/554/554
f 554/554/554 561/561/561 554/554/554
f 554/554/554 561/561/561 561/561/561
f 561/561/561 560/560/560 561/561/561
f 561/561/561 560/560/560 562/562/562
f 560/560/560 562/562/562 562/562/562
f 562/562/562 562/562/562 541/541/541
f 562/562/562 541/541/541 541/541/541
f 541/541/541 541/541/541 540/540/540
f 541/541/541 563/563/563 540/540/540
f 540/540/540 563/563/563 540/540/540
f 563/563/563 566/566/566 540/540/540
f 540/540/540 566/566/566 567/567/567
f 566/566/566 567/567/567 567/567/567
f 567/567/567 567/567/567 568/568/568
f 567/567/567 568/568/568 568/568/568
f 568/568/568 568/568/568 549/549/549
f 568/568/568 569/569/569 549/549/549
f 549/549/549 569/569/569 549/549/549
f 569/569/569 570/570/570 549/549/549
f 549/549/549 570/570/570 548/548/548
f 570/570/570 571/571/571 548/548/548
f 548/548/548 571/571/571 572/572/572
f 571/571/571 573/573/573 572/572/572
f 572/572/572 573/573/573 572/572/572
f 573/573/573 574/574/574 572/572/572
f 572/572/572 574/574/574 547/547/547
f 574/574/574 546/546/546 547/547/547
f 547/547/547 546/546/546 546/546/546
f 546/546/546 548/548/548 546/546/546
f 546/546/546 548/548/548 548/548/548
f 548/548/548 572/572/572 548/548/548
f 548/548/548 572/572/572 547/547/547
f 572/572/572 547/547/547 547/547/547
f 547/547/547 547/547/547 575/575/575
f 547/547/547 575/575/575 575/575/575
f 575/575/575 575/575/575 576/576/576
f 575/575/575 577/577/577 576/576/576
f 576/576/576 577/577/577 576/576/576
f 577/577/577 578/578/578 576/576/576
f 576/576/576 578/578/578 579/579/579
f 578/578/578 580/580/580 579/579/579
f 579/579/579 580/580/580 579/579/579
f 580/580/580 581/581/581 579/579/579
f 579/579/579 581/581/581 582/582/582
f 581/581/581 581/581/581 582/582/582
f 582/582/582 581/581/581 583/583/583
f 581/581/581 584/584/584 583/583/583
f 583/583/583 584/584/584 585/585/585
f 584/584/584 585/585/585 585/585/585
f 585/585/585 585/585/585 575/575/575
f 585/585/585 575/575/575 575/575/575
f 575/575/575 575/575/575 586/586/586
f 575/575/575 576/576/576 586/586/586
f 586/586/586 576/576/576 586/586/586
f 576/576/576 579/579/579 586/586/586
f 586/586/586 579/579/579 582/582/582
f 579/579/579 582/582/582 582/582/582
f 582/582/582 582/582/582 584/584/584
f 582/582/582 584/584/584 584/584/584
f 584/584/584 584/584/584 587/587/587
f 584/584/584 581/581/581 587/587/587
f 587/587/587 581/581/581 587/587/587
f 581/581/581 580/580/580 587/587/587
f 587/587/587 580/580/580 588/588/588
f 580/580/580 589/589/589 588/588/588
f 588/588/588 589/589/589 590/590/590
f 589/589/589 591/591/591 590/590/590
f 590/590/590 591/591/591 592/592/592
f 591/591/591 593/593/593 592/592/592
f 592/592/592 593/593/593 593/593/593
f 593/593/593 580/580/580 593/593/593
f 593/593/593 580/580/580 580/580/580
f 580/580/580 578/578/578 580/580/580
f 580/580/580 578/578/578 589/589/589
f 578/578/578 594/594/594 589/589/589
f 589/589/589 594/594/594 591/591/591
f 594/594/594 591/591/591 591/591/591
f 591/591/591 591/591/591 588/588/588
f 591/591/591 588/588/588 588/588/588
f 588/588/588 588/588/588 587/587/587
f 588/588/588 595/595/595 587/587/587
f 587/587/587 595/595/595 596/596/596
f 595/595/595 597/597/597 596/596/596
f 596/596/596 597/597/597 597/597/597
f 597/597/597 596/596/596 597/597/597
f 597/597/597 596/596/596 596/596/596
f 596/596/596 584/584/584 596/596/596
f 596/596/596 584/584/584 587/587/587
f 584/584/584 587/587/587 587/587/587
f 587/587/587 587/587/587 578/578/578
f 587/587/587 578/578/578 578/578/578
f 578/578/578 578/578/578 594/594/594
f 578/578/578 577/577/577 594/594/594
f 594/594/594 577/577/577 598/598/598
f 577/577/577 599/599/599 598/598/598
f 598/598/598 599/599/599 600/600/600
f 599/599/599 601/601/601 600/600/600
f 600/600/600 601/601/601 600/600/600
f 601/601/601 602/602/602 600/600/600
f 600/600/600 602/602/602 603/603/603
f 602/602/602 604/604/604 603/603/603
f 603/603/603 604/604/604 605/605/605
f 604/604/604 605/605/605 605/605/605
f 605/605/605 605/605/605 600/600/600
f 605/605/605 600/600/600 600/600/600
f 600/600/600 600/600/600 598/598/598
f 600/600/600 603/603/603 598/598/598
f 598/598/598 603/603/603 594/594/594
f 603/603/603 591/591/591 594/594/594
f 594/594/594 591/591/591 591/591/591
f 591/591/591 606/606/606 591/591/591
f 591/591/591 606/606/606 606/606/606
f 606/606/606 607/607/607 606/606/606
f 606/606/606 607/607/607 608/608/608
f 607/607/607 607/607/607 608/608/608
f 608/608/608 607/607/607 609/609/609
f 607/607/607 607/607/607 609/609/609
f 609/609/609 607/607/607 610/610/610
f 607/607/607 607/607/607 610/610/610
f 610/610/610 607/607/607 611/611/611
f 607/607/607 607/607/607 611/611/611
f 611/611/611 607/607/607 612/612/612
f 607/607/607 606/606/606 612/612/612
f 612/612/612 606/606/606 613/613/613
f 606/606/606 608/608/608 613/613/613
f 613/613/613 608/608/608 614/614/614
f 608/608/608 615/615/615 614/614/614
f 614/614/614 615/615/615 616/616/616
f 615/615/615 615/615/615 616/616/616
f 616/616/616 615/615/615 617/617/617
f 615/615/615 615/615/615 617/617/617
f 617/617/617 615/615/615 618/618/618
f 615/615/615 609/609/609 618/618/618
f 618/618/618 609/609/609 619/619/619
f 609/609/609 610/610/610 619/619/619
f 619/619/619 610/610/610 620/620/620
f 610/610/610 610/610/610 620/620/620
f 620/620/620 610/610/610 621/621/621
f 610/610/610 611/611/611 621/621/621
f 621/621/621 611/611/611 622/622/622
f 611/611/611 623/623/623 622/622/622
f 622/622/622 623/623/623 624/624/624
f 623/623/623 612/612/612 624/624/624
f 624/624/624 612/612/612 624/624/624
f 612/612/612 613/613/613 624/624/624
f 624/624/624 613/613/613 625/625/625
f 613/613/613 625/625/625 625/625/625
f 625/625/625 625/625/625 613/613/613
f 625/625/625 613/613/613 613/613/613
f 613/613/613 613/613/613 626/626/626
f 613/613/613 614/614/614 626/626/626
f 626/626/626 614/614/614 627/627/627
f 614/614/614 627/627/627 627/627/627
f 627/627/627 627/627/627 609/609/609
f 627/627/627 609/609/609 609/609/609
f 609/609/609 609/609/609 608/608/608
f 609/609/609 615/615/615 608/608/608
f 608/608/608 615/615/615 615/615/615
f 615/615/615 612/612/612 615/615/615
f 615/615/615 612/612/612 612/612/612
f 612/612/612 623/623/623 612/612/612
f 612/612/612 623/623/623 611/611/611
f 623/623/623 611/611/611 611/611/611
f 611/611/611 611/611/611 620/620/620
f 611/611/611 620/620/620 620/620/620
f 620/620/620 620/620/620 619/619/619
f 620/620/620 628/628/628 619/619/619
f 619/619/619 628/628/628 629/629/629
f 628/628/628 630/630/630 629/629/629
f 629/629/629 630/630/630 629/629/629
f 630/630/630 631/631/631 629/629/629
f 629/629/629 631/631/631 618/618/618
f 631/631/631 631/631/631 618/618/618
f 618/618/618 631/631/631 617/617/617
f 631/631/631 631/631/631 617/617/617
f 617/617/617 631/631/631 632/632/632
f 631/631/631 633/633/633 632/632/632
f 632/632/632 633/633/633 634/634/634
f 633/633/633 635/635/635 634/634/634
f 634/634/634 635/635/635 634/634/634
f 635/635/635 636/636/636 634/634/634
f 634/634/634 636/636/636 637/637/637
f 636/636/636 638/638/638 637/637/637
f 637/637/637 638/638/638 616/616/616
f 638/638/638 639/639/639 616/616/616
f 616/616/616 639/639/639 640/640/640
f 639/639/639 640/640/640 640/640/640
f 640/640/640 640/640/640 618/618/618
f 640/640/640 618/618/618 618/618/618
f 618/618/618 618/618/618 629/629/629
f 618/618/618 619/619/619 629/629/629
f 629/629/629 619/619/619 619/619/619
f 619/619/619 634/634/634 619/619/619
f 619/619/619 634/634/634 634/634/634
f 634/634/634 637/637/637 634/634/634
f 634/634/634 637/637/637 632/632/632
f 637/637/637 637/637/637 632/632/632
f 632/632/632 637/637/637 617/617/617
f 637/637/637 616/616/616 617/617/617
f 617/617/617 616/616/616 616/616/616
f 616/616/616 641/641/641 616/616/616
f 616/616/616 641/641/641 641/641/641
f 641/641/641 642/642/642 641/641/641
f 641/641/641 642/642/642 643/643/643
f 642/642/642 644/644/644 643/643/643
f 643/643/643 644/644/644 645/645/645
f 644/644/644 644/644/644 645/645/645
f 645/645/645 644/644/644 646/646/646
f 644/644/644 644/644/644 646/646/646
f 646/646/646 644/644/644 647/647/647
f 644/644/644 648/648/648 647/647/647
f 647/647/647 648/648/648 649/649/649
f 648/648/648 649/649/649 649/649/649
f 649/649/649 649/649/649 644/644/644
f 649/649/649 644/644/644 644/644/644
f 644/644/644 644/644/644 648/648/648
f 644/644/644 642/642/642 648/648/648
f 648/648/648 642/642/642 642/642/642
f 642/642/642 650/650/650 642/642/642
f 642/642/642 650/650/650 650/650/650
f 650/650/650 651/651/651 650/650/650
f 650/650/650 651/651/651 652/652/652
f 651/651/651 653/653/653 652/652/652
f 652/652/652 653/653/653 654/654/654
f 653/653/653 653/653/653 654/654/654
f 654/654/654 653/653/653 655/655/655
f 653/653/653 645/645/645 655/655/655
f 655/655/655 645/645/645 656/656/656
f 645/645/645 645/645/645 656/656/656
f 656/656/656 645/645/645 657/657/657
f 645/645/645 646/646/646 657/657/657
f 657/657/657 646/646/646 658/658/658
f 646/646/646 647/647/647 658/658/658
f 658/658/658 647/647/647 659/659/659
f 647/647/647 649/649/649 659/659/659
f 659/659/659 649/649/649 660/660/660
f 649/649/649 661/661/661 660/660/660
f 660/660/660 661/661/661 662/662/662
f 661/661/661 663/663/663 662/662/662
f 662/662/662 663/663/663 664/664/664
f 663/663/663 665/665/665 664/664/664
f 664/664/664 665/665/665 666/666/666
f 665/665/665 667/667/667 666/666/666
f 666/666/666 667/667/667 668/668/668
f 667/667/667 669/669/669 668/668/668
f 668/668/668 669/669/669 669/669/669
f 669/669/669 645/645/645 669/669/669
f 669/669/669 645/645/645 645/645/645
f 645/645/645 653/653/653 645/645/645
f 645/645/645 653/653/653 643/643/643
f 653/653/653 653/653/653 643/643/643
f 643/643/643 653/653/653 641/641/641
f 653/653/653 651/651/651 641/641/641
f 641/641/641 651/651/651 651/651/651
f 651/651/651 658/658/658 651/651/651
f 651/651/651 658/658/658 658/658/658
f 658/658/658 670/670/670 658/658/658
f 658/658/658 670/670/670 657/657/657
f 670/670/670 657/657/657 657/657/657
f 657/657/657 657/657/657 668/668/668
f 657/657/657 668/668/668 668/668/668
f 668/668/668 668/668/668 666/666/666
f 668/668/668 671/671/671 666/666/666
f 666/666/666 671/671/671 666/666/666
f 671/671/671 672/672/672 666/666/666
f 666/666/666 672/672/672 666/666/666
f 672/672/672 673/673/673 666/666/666
f 666/666/666 673/673/673 664/664/664
f 673/673/673 673/673/673 664/664/664
f 664/664/664 673/673/673 662/662/662
f 673/673/673 674/674/674 662/662/662
f 662/662/662 674/674/674 660/660/660
f 674/674/674 675/675/675 660/660/660
f 660/660/660 675/675/675 659/659/659
f 675/675/675 676/676/676 659/659/659
f 659/659/659 676/676/676 658/658/658
f 676/676/676 676/676/676 658/658/658
f 658/658/658 676/676/676 670/670/670
f 676/676/676 676/676/676 670/670/670
f 670/670/670 676/676/676 677/677/677
f 676/676/676 676/676/676 677/677/677
f 677/677/677 676/676/676 678/678/678
f 676/676/676 675/675/675 678/678/678
f 678/678/678 675/675/675 679/679/679
f 675/675/675 674/674/674 679/679/679
f 679/679/679 674/674/674 679/679/679
f 674/674/674 673/673/673 679/679/679
f 679/679/679 673/673/673 680/680/680
f 673/673/673 672/672/672 680/680/680
f 680/680/680 672/672/672 672/672/672
f 672/672/672 681/681/681 672/672/672
f 672/672/672 681/681/681 681/681/681
f 681/681/681 682/682/682 681/681/681
f 681/681/681 682/682/682 683/683/683
f 682/682/682 684/684/684 683/683/683
f 683/683/683 684/684/684 685/685/685
f 684/684/684 686/686/686 685/685/685
f 685/685/685 686/686/686 687/687/687
f 686/686/686 688/688/688 687/687/687
f 687/687/687 688/688/688 687/687/687
f 688/688/688 689/689/689 687/687/687
f 687/687/687 689/689/689 690/690/690
f 689/689/689 689/689/689 690/690/690
f 690/690/690 689/689/689 691/691/691
f 689/689/689 692/692/692 691/691/691
f 691/691/691 692/692/692 691/691/691
f 692/692/692 693/693/693 691/691/691
f 691/691/691 693/693/693 694/694/694
f 693/693/693 693/693/693 694/694/694
f 694/694/694 693/693/693 695/695/695
f 693/693/693 696/696/696 695/695/695
f 695/695/695 696/696/696 695/695/695
f 696/696/696 697/697/697 695/695/695
f 695/695/695 697/697/697 698/698/698
f 697/697/697 698/698/698 698/698/698
f 698/698/698 698/698/698 699/699/699
f 698/698/698 699/699/699 699/699/699
f 699/699/699 699/699/699 700/700/700
f 699/699/699 701/701/701 700/700/700
f 700/700/700 701/701/701 702/702/702
f 701/701/701 701/701/701 702/702/702
f 702/702/702 701/701/701 703/703/703
f 701/701/701 701/701/701 703/703/703
f 703/703/703 701/701/701 704/704/704
f 701/701/701 705/705/705 704/704/704
f 704/704/704 705/705/705 706/706/706
f 705/705/705 705/705/705 706/706/706
f 706/706/706 705/705/705 707/707/707
f 705/705/705 708/708/708 707/707/707
f 707/707/707 708/708/708 707/707/707
f 708/708/708 709/709/709 707/707/707
f 707/707/707 709/709/709 710/710/710
f 709/709/709 711/711/711 710/710/710
f 710/710/710 711/711/711 711/711/711
f 711/711/711 712/712/712 711/711/711
f 711/711/711 712/712/712 712/712/712
f 712/712/712 713/713/713 712/712/712
f 712/712/712 713/713/713 714/714/714
f 713/713/713 715/715/715 714/714/714
f 714/714/714 715/715/715 714/714/714
f 715/715/715 716/716/716 714/714/714
f 714/714/714 716/716/716 717/717/717
f 716/716/716 718/718/718 717/717/717
f 717/717/717 718/718/718 717/717/717
f 718/718/718 719/719/719 717/717/717
f 717/717/717 719/719/719 717/717/717
f 719/719/719 720/720/720 717/717/717
f 717/717/717 720/720/720 721/721/721
f 720/720/720 722/722/722 721/721/721
f 721/721/721 722/722/722 723/723/723
f 722/722/722 723/723/723 723/723/723
f 723/723/723 723/723/723 722/722/722
f 723/723/723 722/722/722 722/722/722
f 722/722/722 722/722/722 724/724/724
f 722/722/722 720/720/720 724/724/724
f 724/724/724 720/720/720 720/720/720
f 720/720/720 725/725/725 720/720/720
f 720/720/720 725/725/725 725/725/725
f 725/725/725 726/726/726 725/725/725
f 725/725/725 726/726/726 727/727/727
f 726/726/726 728/728/728 727/727/727
f 727/727/727 728/728/728 727/727/727
f 728/728/728 729/729/729 727/727/727
f 727/727/727 729/729/729 727/727/727
f 729/729/729 730/730/730 727/727/727
f 727/727/727 730/730/730 731/731/731
f 730/730/730 730/730/730 731/731/731
f 731/731/731 730/730/730 732/732/732
f 730/730/730 733/733/733 732/732/732
f 732/732/732 733/733/733 733/733/733
f 733/733/733 734/734/734 733/733/733
f 733/733/733 734/734/734 734/734/734
f 734/734/734 735/735/735 734/734/734
f 734/734/734 735/735/735 730/730/730
f 735/735/735 730/730/730 730/730/730
f 730/730/730 730/730/730 736/736/736
f 730/730/730 736/736/736 736/736/736
f 736/736/736 736/736/736 737/737/737
f 736/736/736 738/738/738 737/737/737
f 737/737/737 738/738/738 737/737/737
f 738/738/738 739/739/739 737/737/737
f 737/737/737 739/739/739 740/740/740
f 739/739/739 740/740/740 740/740/740
f 740/740/740 740/740/740 741/741/741
f 740/740/740 741/741/741 741/741/741
f 741/741/741 741/741/741 742/742/742
f 741/741/741 743/743/743 742/742/742
f 742/742/742 743/743/743 744/744/744
f 743/743/743 743/743/743 744/744/744
f 744/744/744 743/743/743 745/745/745
f 743/743/743 746/746/746 745/745/745
f 745/745/745 746/746/746 745/745/745
f 746/746/746 747/747/747 745/745/745
f 745/745/745 747/747/747 745/745/745
f 747/747/747 748/748/748 745/745/745
f 745/745/745 748/748/748 749/749/749
f 748/748/748 749/749/749 749/749/749
f 749/749/749 749/749/749 750/750/750
f 749/749/749 750/750/750 750/750/750
f 750/750/750 750/750/750 751/751/751
f 750/750/750 752/752/752 751/751/751
f 751/751/751 752/752/752 752/752/752
f 752/752/752 753/753/753 752/752/752
f 752/752/752 753/753/753 753/753/753
f 753/753/753 751/751/751 753/753/753
f 753/753/753 751/751/751 754/754/754
f 751/751/751 751/751/751 754/754/754
f 754/754/754 751/751/751 755/755/755
f 751/751/751 756/756/756 755/755/755
f 755/755/755 756/756/756 756/756/756
f 756/756/756 757/757/757 756/756/756
f 756/756/756 757/757/757 757/757/757
f 757/757/757 758/758/758 757/757/757
f 757/757/757 758/758/758 759/759/759
f 758/758/758 758/758/758 759/759/759
f 759/759/759 758/758/758 760/760/760
f 758/758/758 758/758/758 760/760/760
f 760/760/760 758/758/758 761/761/761
f 758/758/758 762/762/762 761/761/761
f 761/761/761 762/762/762 763/763/763
f 762/762/762 764/764/764 763/763/763
f 763/763/763 764/764/764 765/765/765
f 764/764/764 766/766/766 765/765/765
f 765/765/765 766/766/766 767/767/767
f 766/766/766 768/768/768 767/767/767
f 767/767/767 768/768/768 769/769/769
f 768/768/768 770/770/770 769/769/769
f 769/769/769 770/770/770 771/771/771
f 770/770/770 771/771/771 771/771/771
f 771/771/771 771/771/771 772/772/772
f 771/771/771 772/772/772 772/772/772
f 772/772/772 772/772/772 763/763/763
f 772/772/772 773/773/773 763/763/763
f 763/763/763 773/773/773 763/763/763
f 773/773/773 774/774/774 763/763/763
f 763/763/763 774/774/774 775/775/775
f 774/774/774 776/776/776 775/775/775
f 775/775/775 776/776/776 777/777/777
f 776/776/776 777/777/777 777/777/777
f 777/777/777 777/777/777 778/778/778
f 777/777/777 778/778/778 778/778/778
f 778/778/778 778/778/778 779/779/779
f 778/778/778 780/780/780 779/779/779
f 779/779/779 780/780/780 781/781/781
f 780/780/780 780/780/780 781/781/781
f 781/781/781 780/780/780 782/782/782
f 780/780/780 783/783/783 782/782/782
f 782/782/782 783/783/783 784/784/784
f 783/783/783 783/783/783 784/784/784
f 784/784/784 783/783/783 785/785/785
f 783/783/783 786/786/786 785/785/785
f 785/785/785 786/786/786 787/787/787
f 786/786/786 786/786/786 787/787/787
f 787/787/787 786/786/786 788/788/788
f 786/786/786 789/789/789 788/788/788
f 788/788/788 789/789/789 789/789/789
f 789/789/789 790/790/790 789/789/789
f 789/789/789 790/790/790 790/790/790
f 790/790/790 791/791/791 790/790/790
f 790/790/790 791/791/791 792/792/792
f 791/791/791 793/793/793 792/792/792
f 792/792/792 793/793/793 794/794/794
f 793/793/793 795/795/795 794/794/794
f 794/794/794 795/795/795 795/795/795
f 795/795/795 796/796/796 795/795/795
f 795/795/795 796/796/796 796/796/796
f 796/796/796 797/797/797 796/796/796
f 796/796/796 797/797/797 795/795/795
f 797/797/797 798/798/798 795/795/795
f 795/795/795 798/798/798 799/799/799
f 798/798/798 800/800/800 799/799/799
f 799/799/799 800/800/800 801/801/801
f 800/800/800 802/802/802 801/801/801
f 801/801/801 802/802/802 803/803/803
f 802/802/802 803/803/803 803/803/803
f 803/803/803 803/803/803 799/799/799
f 803/803/803 799/799/799 799/799/799
f 799/799/799 799/799/799 795/795/795
f 799/799/799 804/804/804 795/795/795
f 795/795/795 804/804/804 804/804/804
f 804/804/804 805/805/805 804/804/804
f 804/804/804 805/805/805 805/805/805
f 805/805/805 806/806/806 805/805/805
f 805/805/805 806/806/806 807/807/807
f 806/806/806 806/806/806 807/807/807
f 807/807/807 806/806/806 808/808/808
f 806/806/806 809/809/809 808/808/808
f 808/808/808 809/809/809 759/759/759
f 809/809/809 810/810/810 759/759/759
f 759/759/759 810/810/810 811/811/811
f 810/810/810 811/811/811 811/811/811
f 811/811/811 811/811/811 812/812/812
f 811/811/811 812/812/812 812/812/812
f 812/812/812 812/812/812 813/813/813
f 812/812/812 814/814/814 813/813/813
f 813/813/813 814/814/814 815/815/815
f 814/814/814 816/816/816 815/815/815
f 815/815/815 816/816/816 817/817/817
f 816/816/816 816/816/816 817/817/817
f 817/817/817 816/816/816 818/818/818
f 816/816/816 819/819/819 818/818/818
f 818/818/818 819/819/819 819/819/819
f 819/819/819 820/820/820 819/819/819
f 819/819/819 820/820/820 820/820/820
f 820/820/820 821/821/821 820/820/820
f 820/820/820 821/821/821 822/822/822
f 821/821/821 821/821/821 822/822/822
f 822/822/822 821/821/821 823/823/823
f 821/821/821 824/824/824 823/823/823
f 823/823/823 824/824/824 825/825/825
f 824/824/824 826/826/826 825/825/825
f 825/825/825 826/826/826 827/827/827
f 826/826/826 828/828/828 827/827/827
f 827/827/827 828/828/828 829/829/829
f 828/828/828 830/830/830 829/829/829
f 829/829/829 830/830/830 831/831/831
f 830/830/830 832/832/832 831/831/831
f 831/831/831 832/832/832 833/833/833
f 832/832/832 832/832/832 833/833/833
f 833/833/833 832/832/832 834/834/834
f 832/832/832 835/835/835 834/834/834
f 834/834/834 835/835/835 835/835/835
f 835/835/835 822/822/822 835/835/835
f 835/835/835 822/822/822 822/822/822
f 822/822/822 836/836/836 822/822/822
f 822/822/822 836/836/836 820/820/820
f 836/836/836 820/820/820 820/820/820
f 820/820/820 820/820/820 832/832/832
f 820/820/820 832/832/832 832/832/832
f 832/832/832 832/832/832 837/837/837
f 832/832/832 830/830/830 837/837/837
f 837/837/837 830/830/830 830/830/830
f 830/830/830 833/833/833 830/830/830
f 830/830/830 833/833/833 833/833/833
f 833/833/833 838/838/838 833/833/833
f 833/833/833 838/838/838 831/831/831
f 838/838/838 838/838/838 831/831/831
f 831/831/831 838/838/838 839/839/839
f 838/838/838 840/840/840 839/839/839
f 839/839/839 840/840/840 840/840/840
f 840/840/840 841/841/841 840/840/840
f 840/840/840 841/841/841 841/841/841
f 841/841/841 842/842/842 841/841/841
f 841/841/841 842/842/842 843/843/843
f 842/842/842 842/842/842 843/843/843
f 843/843/843 842/842/842 844/844/844
f 842/842/842 845/845/845 844/844/844
f 844/844/844 845/845/845 846/846/846
f 845/845/845 847/847/847 846/846/846
f 846/846/846 847/847/847 847/847/847
f 847/847/847 848/848/848 847/847/847
f 847/847/847 848/848/848 848/848/848
f 848/848/848 849/849/849 848/848/848
f 848/848/848 849/849/849 850/850/850
f 849/849/849 849/849/849 850/850/850
f 850/850/850 849/849/849 851/851/851
f 849/849/849 852/852/852 851/851/851
f 851/851/851 852/852/852 853/853/853
f 852/852/852 853/853/853 853/853/853
f 853/853/853 853/853/853 854/854/854
f 853/853/853 854/854/854 854/854/854
f 854/854/854 854/854/854 855/855/855
f 854/854/854 853/853/853 855/855/855
f 855/855/855 853/853/853 856/856/856
f 853/853/853 857/857/857 856/856/856
f 856/856/856 857/857/857 858/858/858
f 857/857/857 859/859/859 858/858/858
f 858/858/858 859/859/859 860/860/860
f 859/859/859 861/861/861 860/860/860
f 860/860/860 861/861/861 861/861/861
f 861/861/861 853/853/853 861/861/861
f 861/861/861 853/853/853 853/853/853
f 853/853/853 862/862/862 853/853/853
f 853/853/853 862/862/862 857/857/857
f 862/862/862 857/857/857 857/857/857
f 857/857/857 857/857/857 863/863/863
f 857/857/857 863/863/863 863/863/863
f 863/863/863 863/863/863 864/864/864
f 863/863/863 865/865/865 864/864/864
f 864/864/864 865/865/865 866/866/866
f 865/865/865 865/865/865 866/866/866
f 866/866/866 865/865/865 867/867/867
f 865/865/865 868/868/868 867/867/867
f 867/867/867 868/868/868 869/869/869
f 868/868/868 870/870/870 869/869/869
f 869/869/869 870/870/870 870/870/870
f 870/870/870 871/871/871 870/870/870
f 870/870/870 871/871/871 871/871/871
f 871/871/871 872/872/872 871/871/871
f 871/871/871 872/872/872 873/873/873
f 872/872/872 872/872/872 873/873/873
f 873/873/873 872/872/872 874/874/874
f 872/872/872 875/875/875 874/874/874
f 874/874/874 875/875/875 876/876/876
f 875/875/875 876/876/876 876/876/876
f 876/876/876 876/876/876 873/873/873
f 876/876/876 873/873/873 873/873/873
f 873/873/873 873/873/873 877/877/877
f 873/873/873 878/878/878 877/877/877
f 877/877/877 878/878/878 879/879/879
f 878/878/878 879/879/879 879/879/879
f 879/879/879 879/879/879 880/880/880
f 879/879/879 880/880/880 880/880/880
f 880/880/880 880/880/880 881/881/881
f 880/880/880 882/882/882 881/881/881
f 881/881/881 882/882/882 883/883/883
f 882/882/882 883/883/883 883/883/883
f 883/883/883 883/883/883 884/884/884
f 883/883/883 884/884/884 884/884/884
f 884/884/884 884/884/884 885/885/885
f 884/884/884 886/886/886 885/885/885
f 885/885/885 886/886/886 887/887/887
f 886/886/886 887/887/887 887/887/887
f 887/887/887 887/887/887 888/888/888
f 887/887/887 888/888/888 888/888/888
f 888/888/888 888/888/888 889/889/889
f 888/888/888 890/890/890 889/889/889
f 889/889/889 890/890/890 891/891/891
f 890/890/890 891/891/891 891/891/891
f 891/891/891 891/891/891 892/892/892
f 891/891/891 892/892/892 892/892/892
f 892/892/892 892/892/892 893/893/893
f 892/892/892 894/894/894 893/893/893
f 893/893/893 894/894/894 895/895/895
f 894/894/894 895/895/895 895/895/895
f 895/895/895 895/895/895 896/896/896
f 895/895/895 896/896/896 896/896/896
f 896/896/896 896/896/896 897/897/897
f 896/896/896 898/898/898 897/897/897
f 897/897/897 898/898/898 899/899/899
f 898/898/898 899/899/899 899/899/899
f 899/899/899 899/899/899 900/900/900
f 899/899/899 900/900/900 900/900/900
f 900/900/900 900/900/900 901/901/901
f 900/900/900 902/902/902 901/901/901
f 901/901/901 902/902/902 903/903/903
f 902/902/902 903/903/903 903/903/903
f 903/903/903 903/903/903 904/904/904
f 903/903/903 904/904/904 904/904/904
f 904/904/904 904/904/904 905/905/905
f 904/904/904 906/906/906 905/905/905
f 905/905/905 906/906/906 907/907/907
f 906/906/906 907/907/907 907/907/907
f 907/907/907 907/907/907 908/908/908
f 907/907/907 908/908/908 908/908/908
f 908/908/908 908/908/908 909/909/909
f 908/908/908 910/910/910 909/909/909
f 909/909/909 910/910/910 911/911/911
f 910/910/910 911/911/911 911/911/911
f 911/911/911 911/911/911 912/912/912
f 911/911/911 912/912/912 912/912/912
f 912/912/912 912/912/912 913/913/913
f 912/912/912 914/914/914 913/913/913
f 913/913/913 914/914/914 915/915/915
f 914/914/914 915/915/915 915/915/915
f 915/915/915 915/915/915 916/916/916
f 915/915/915 916/916/916 916/916/916
f 916/916/916 916/916/916 917/917/917
f 916/916/916 918/918/918 917/917/917
f 917/917/917 918/918/918 919/919/919
f 918/918/918 919/919/919 919/919/919
f 919/919/919 919/919/919 920/920/920
f 919/919/919 920/920/920 920/920/920
f 920/920/920 920/920/920 921/921/921
f 920/920/920 922/922/922 921/921/921
f 921/921/921 922/922/922 923/923/923
f 922/922/922 923/923/923 923/923/923
f 923/923/923 923/923/923 924/924/924
f 923/923/923 924/924/924 924/924/924
f 924/924/924 924/924/924 925/925/925
f 924/924/924 926/926/926 925/925/925
f 925/925/925 926/926/926 927/927/927
f 926/926/926 927/927/927 927/927/927
f 927/927/927 927/927/927 928/928/928
f 927/927/927 928/928/928 928/928/928
f 928/928/928 928/928/928 929/929/929
f 928/928/928 930/930/930 929/929/929
f 929/929/929 930/930/930 931/931/931
f 930/930/930 931/931/931 931/931/931
f 931/931/931 931/931/931 932/932/932
f 931/931/931 932/932/932 932/932/932
f 932/932/932 932/932/932 933/933/933
f 932/932/932 934/934/934 933/933/933
f 933/933/933 934/934/934 935/935/935
f 934/934/934 935/935/935 935/935/935
f 935/935/935 935/935/935 936/936/936
f 935/935/935 936/936/936 936/936/936
f 936/936/936 936/936/936 937/937/937
f 936/936/936 938/938/938 937/937/937
f 937/937/937 938/938/938 939/939/939
f 938/938/938 939/939/939 939/939/939
f 939/939/939 939/939/939 940/940/940
f 939/939/939 940/940/940 940/940/940
f 940/940/940 940/940/940 941/941/941
f 940/940/940 942/942/942 941/941/941
f 941/941/941 942/942/942 943/943/943
f 942/942/942 943/943/943 943/943/943
f 943/943/943 943/943/943 944/944/944
f 943/943/943 944/944/944 944/944/944
f 944/944/944 944/944/944 945/945/945
f 944/944/944 946/946/946 945/945/945
f 945/945/945 946/946/946 947/947/947
f 946/946/946 947/947/947 947/947/947
f 947/947/947 947/947/947 948/948/948
f 947/947/947 948/948/948 948/948/948
f 948/948/948 948/948/948 949/949/949
f 948/948/948 950/950/950 949/949/949
f 949/949/949 950/950/950 951/951/951
f 950/950/950 951/951/951 951/951/951
f 951/951/951 951/951/951 952/952/952
f 951/951/951 952/952/952 952/952/952
f 952/952/952 952/952/952 953/953/953
f 952/952/952 954/954/954 953/953/953
f 953/953/953 954/954/954 955/955/955
f 954/954/954 955/955/955 955/955/955
f 955/955/955 955/955/955 956/956/956
f 955/955/955 956/956/956 956/956/956
f 956/956/956 956/956/956 957/957/957
f 956/956/956 958/958/958 957/957/957
f 957/957/957 958/958/958 959/959/959
f 958/958/958 959/959/959 959/959/959
f 959/959/959 959/959/959 960/960/960
f 959/959/959 960/960/960 960/960/960
f 960/960/960 960/960/960 961/961/961
f 960/960/960 962/962/962 961/961/961
f 961/961/961 962/962/962 963/963/963
f 962/962/962 963/963/963 963/963/963
f 963/963/963 963/963/963 964/964/964
f 963/963/963 964/964/964 964/964/964
f 964/964/964 964/964/964 965/965/965
f 964/964/964 966/966/966 965/965/965
f 965/965/965 966/966/966 967/967/967
f 966/966/966 967/967/967 967/967/967
f 967/967/967 967/967/967 968/968/968
f 967/967/967 968/968/968 968/968/968
f 968/968/968 968/968/968 969/969/969
f 968/968/968 970/970/970 969/969/969
f 969/969/969 970/970/970 971/971/971
f 970/970/970 971/971/971 971/971/971
f 971/971/971 971/971/971 972/972/972
f 971/971/971 972/972/972 972/972/972
f 972/972/972 972/972/972 973/973/973
f 972/972/972 974/974/974 973/973/973
f 973/973/973 974/974/974 975/975/975
f 974/974/974 975/975/975 975/975/975
f 975/975/975 975/975/975 976/976/976
f 975/975/975 976/976/976 976/976/976
f 976/976/976 976/976/976 977/977/977
f 976/976/976 978/978/978 977/977/977
f 977/977/977 978/978/978 979/979/979
f 978/978/978 979/979/979 979/979/979
f 979/979/979 979/979/979 980/980/980
f 979/979/979 980/980/980 980/980/980
f 980/980/980 980/980/980 981/981/981
f 980/980/980 982/982/982 981/981/981
f 981/981/981 982/982/982 983/983/983
f 982/982/982 983/983/983 983/983/983
f 983/983/983 983/983/983 984/984/984
f 983/983/983 984/984/984 984/984/984
f 984/984/984 984/984/984 985/985/985
f 984/984/984 986/986/986 985/985/985
f 985/985/985 986/986/986 987/987/987
f 986/986/986 987/987/987 987/987/987
f 987/987/987 987/987/987 988/988/988
f 987/987/987 988/988/988 988/988/988
f 988/988/988 988/988/988 989/989/989
f 988/988/988 990/990/990 989/989/989
f 989/989/989 990/990/990 991/991/991
f 990/990/990 991/991/991 991/991/991
f 991/991/991 991/991/991 992/992/992
f 991/991/991 992/992/992 992/992/992
f 992/992/992 992/992/992 993/993/993
f 992/992/992 994/994/994 993/993/993
f 993/993/993 994/994/994 995/995/995
f 994/994/994 995/995/995 995/995/995
f 995/995/995 995/995/995 996/996/996
f 995/995/995 996/996/996 996/996/996
f 996/996/996 996/996/996 997/997/997
f 996/996/996 998/998/998 997/997/997
f 997/997/997 998/998/998 999/999/999
f 998/998/998 999/999/999 999/999/999
f 999/999/999 999/999/999 1000/1000/1000
f 999/999/999 1000/1000/1000 1000/1000/1000
f 1000/1000/1000 1000/1000/1000 1001/1001/1001
f 1000/1000/1000 1002/1002/1002 1001/1001/1001
f 1001/1001/1001 1002/1002/1002 1003/1003/1003
f 1002/1002/1002 1003/1003/1003 1003/1003/1003
f 1003/1003/1003 1003/1003/1003 1004/1004/1004
f 1003/1003/1003 1004/1004/1004 1004/1004/1004
f 1004/1004/1004 1004/1004/1004 1005/1005/1005
f 1004/1004/1004 1006/1006/1006 1005/1005/1005
f 1005/1005/1005 1006/1006/1006 1007/1007/1007
f 1006/1006/1006 1007/1007/1007 1007/1007/1007
f 1007/1007/1007 1007/1007/1007 1008/1008/1008
f 1007/1007/1007 1008/1008/1008 1008/1008/1008
f 1008/1008/1008 1008/1008/1008 1009/1009/1009
f 1008/1008/1008 1010/1010/1010 1009/1009/1009
f 1009/1009/1009 1010/1010/1010 1011/1011/1011
f 1010/1010/1010 1011/1011/1011 1011/1011/1011
f 1011/1011/1011 1011/1011/1011 1012/1012/1012
f 1011/1011/1011 1012/1012/1012 1012/1012/1012
f 1012/1012/1012 1012/1012/1012 1013/1013/1013
f 1012/1012/1012 1014/1014/1014 1013/1013/1013
f 1013/1013/1013 1014/1014/1014 1015/1015/1015
f 1014/1014/1014 1015/1015/1015 1015/1015/1015
f 1015/1015/1015 1015/1015/1015 1016/1016/1016
f 1015/1015/1015 1016/1016/1016 1016/1016/1016
f 1016/1016/1016 1016/1016/1016 1017/1017/1017
f 1016/1016/1016 1018/1018/1018 1017/1017/1017
f 1017/1017/1017 1018/1018/1018 1017/1017/1017
f 1018/1018/1018 1019/1019/1019 1017/1017/1017
f 1017/1017/1017 1019/1019/1019 1017/1017/1017
f 1019/1019/1019 1020/1020/1020 1017/1017/1017
f 1017/1017/1017 1020/1020/1020 1017/1017/1017
f 1020/1020/1020 1021/1021/1021 1017/1017/1017
f 1017/1017/1017 1021/1021/1021 1017/1017/1017
f 1021/1021/1021 1022/1022/1022 1017/1017/1017
f 1017/1017/1017 1022/1022/1022 1023/1023/1023
f 1024/1024/1024 1025/1025/1025 1026/1026/1026
f 1025/1025/1025 1027/1027/1027 1026/1026/1026
f 1026/1026/1026 1027/1027/1027 1028/1028/1028
f 1027/1027/1027 1029/1029/1029 1028/1028/1028
f 1028/1028/1028 1029/1029/1029 1029/1029/1029
f 1029/1029/1029 1030/1030/1030 1029/1029/1029
f 1029/1029/1029 1030/1030/1030 1030/1030/1030
f 1030/1030/1030 1031/1031/1031 1030/1030/1030
f 1030/1030/1030 1031/1031/1031 1032/1032/1032
f 1031/1031/1031 1033/1033/1033 1032/1032/1032
f 1032/1032/1032 1033/1033/1033 1034/1034/1034
f 1033/1033/1033 1035/1035/1035 1034/1034/1034
f 1034/1034/1034 1035/1035/1035 1035/1035/1035
f 1035/1035/1035 1036/1036/1036 1035/1035/1035
f 1035/1035/1035 1036/1036/1036 1036/1036/1036
f 1036/1036/1036 1037/1037/1037 1036/1036/1036
f 1036/1036/1036 1037/1037/1037 1038/1038/1038
f 1037/1037/1037 1039/1039/1039 1038/1038/1038
f 1038/1038/1038 1039/1039/1039 1039/1039/1039
f 1039/1039/1039 1040/1040/1040 1039/1039/1039
f 1039/1039/1039 1040/1040/1040 1040/1040/1040
f 1040/1040/1040 1041/1041/1041 1040/1040/1040
f 1040/1040/1040 1041/1041/1041 1042/1042/1042
f 1041/1041/1041 1041/1041/1041 1042/1042/1042
f 1042/1042/1042 1041/1041/1041 1043/1043/1043
f 1041/1041/1041 1044/1044/1044 1043/1043/1043
f 1043/1043/1043 1044/1044/1044 1045/1045/1045
f 1044/1044/1044 1045/1045/1045 1045/1045/1045
f 1045/1045/1045 1045/1045/1045 1046/1046/1046
f 1045/1045/1045 1046/1046/1046 1046/1046/1046
f 1046/1046/1046 1046/1046/1046 1047/1047/1047
f 1046/1046/1046 1048/1048/1048 1047/1047/1047
f 1047/1047/1047 1048/1048/1048 1049/1049/1049
f 1048/1048/1048 1050/1050/1050 1049/1049/1049
f 1049/1049/1049 1050/1050/1050 1051/1051/1051
f 1050/1050/1050 1051/1051/1051 1051/1051/1051
f 1051/1051/1051 1051/1051/1051 1052/1052/1052
f 1051/1051/1051 1052/1052/1052 1052/1052/1052
f 1052/1052/1052 1052/1052/1052 1053/1053/1053
f 1052/1052/1052 1054/1054/1054 1053/1053/1053
f 1053/1053/1053 1054/1054/1054 1055/1055/1055
f 1054/1054/1054 1055/1055/1055 1055/1055/1055
f 1055/1055/1055 1055/1055/1055 1056/1056/1056
f 1055/1055/1055 1056/1056/1056 1056/1056/1056
f 1056/1056/1056 1056/1056/1056 1057/1057/1057
f 1056/1056/1056 1058/1058/1058 1057/1057/1057
f 1057/1057/1057 1058/1058/1058 1059/1059/1059
f 1058/1058/1058 1059/1059/1059 1059/1059/1059
f 1059/1059/1059 1059/1059/1059 1060/1060/1060
f 1059/1059/1059 1060/1060/1060 1060/1060/1060
f 1060/1060/1060 1060/1060/1060 1061/1061/1061
f 1060/1060/1060 1062/1062/1062 1061/1061/1061
f 1061/1061/1061 1062/1062/1062 1063/1063/1063
f 1062/1062/1062 1063/1063/1063 1063/1063/1063
f 1063/1063/1063 1063/1063/1063 1064/1064/1064
f 1063/1063/1063 1064/1064/1064 1064/1064/1064
f 1064/1064/1064 1064/1064/1064 1065/1065/1065
f 1064/1064/1064 1066/1066/1066 1065/1065/1065
f 1065/1065/1065 1066/1066/1066 1067/1067/1067
f 1066/1066/1066 1067/1067/1067 1067/1067/1067
f 1067/1067/1067 1067/1067/1067 1068/1068/1068
f 1067/1067/1067 1068/1068/1068 1068/1068/1068
f 1068/1068/1068 1068/1068/1068 1069/1069/1069
f 1068/1068/1068 1070/1070/1070 1069/1069/1069
f 1069/1069/1069 1070/1070/1070 1071/1071/1071
f 1070/1070/1070 1071/1071/1071 1071/1071/1071
f 1071/1071/1071 1071/1071/1071 1072/1072/1072
f 1071/1071/1071 1072/1072/1072 1072/1072/1072
f 1072/1072/1072 1072/1072/1072 1073/1073/1073
f 1072/1072/1072 1074/1074/1074 1073/1073/1073
f 1073/1073/1073 1074/1074/1074 1075/1075/1075
f 1074/1074/1074 1075/1075/1075 1075/1075/1075
f 1075/1075/1075 1075/1075/1075 1076/1076/1076
f 1075/1075/1075 1076/1076/1076 1076/1076/1076
f 1076/1076/1076 1076/1076/1076 1077/1077/1077
f 1076/1076/1076 1078/1078/1078 1077/1077/1077
f 1077/1077/1077 1078/1078/1078 1079/1079/1079
f 1078/1078/1078 1080/1080/1080 1079/1079/1079
f 1079/1079/1079 1080/1080/1080 1081/1081/1081
f 1080/1080/1080 1082/1082/1082 1081/1081/1081
f 1081/1081/1081 1082/1082/1082 1081/1081/1081
f 1082/1082/1082 1083/1083/1083 1081/1081/1081
f 1081/1081/1081 1083/1083/1083 1084/1084/1084
f 1083/1083/1083 1085/1085/1085 1084/1084/1084
f 1084/1084/1084 1085/1085/1085 1085/1085/1085
f 1085/1085/1085 1077/1077/1077 1085/1085/1085
f 1085/1085/1085 1077/1077/1077 1077/1077/1077
f 1077/1077/1077 1079/1079/1079 1077/1077/1077
f 1077/1077/1077 1079/1079/1079 1086/1086/1086
f 1079/1079/1079 1079/1079/1079 1086/1086/1086
f 1086/1086/1086 1079/1079/1079 1087/1087/1087
f 1079/1079/1079 1081/1081/1081 1087/1087/1087
f 1087/1087/1087 1081/1081/1081 1084/1084/1084
f 1081/1081/1081 1084/1084/1084 1084/1084/1084
f 1084/1084/1084 1084/1084/1084 1088/1088/1088
f 1084/1084/1084 1088/1088/1088 1088/1088/1088
f 1088/1088/1088 1088/1088/1088 1089/1089/1089
f 1088/1088/1088 1090/1090/1090 1089/1089/1089
f 1089/1089/1089 1090/1090/1090 1089/1089/1089
f 1090/1090/1090 1091/1091/1091 1089/1089/1089
f 1089/1089/1089 1091/1091/1091 1089/1089/1089
f 1091/1091/1091 1092/1092/1092 1089/1089/1089
f 1089/1089/1089 1092/1092/1092 1093/1093/1093
f 1092/1092/1092 1094/1094/1094 1093/1093/1093
f 1093/1093/1093 1094/1094/1094 1095/1095/1095
f 1094/1094/1094 1096/1096/1096 1095/1095/1095
f 1095/1095/1095 1096/1096/1096 1097/1097/1097
f 1096/1096/1096 1097/1097/1097 1097/1097/1097
f 1097/1097/1097 1097/1097/1097 1098/1098/1098
f 1097/1097/1097 1098/1098/1098 1098/1098/1098
f 1098/1098/1098 1098/1098/1098 1099/1099/1099
f 1098/1098/1098 1100/1100/1100 1099/1099/1099
f 1099/1099/1099 1100/1100/1100 1101/1101/1101
f 1100/1100/1100 1102/1102/1102 1101/1101/1101
f 1101/1101/1101 1102/1102/1102 1103/1103/1103
f 1102/1102/1102 1103/1103/1103 1103/1103/1103
f 1103/1103/1103 1103/1103/1103 1104/1104/1104
f 1103/1103/1103 1104/1104/1104 1104/1104/1104
f 1104/1104/1104 1104/1104/1104 1105/1105/1105
f 1104/1104/1104 1106/1106/1106 1105/1105/1105
f 1105/1105/1105 1106/1106/1106 1105/1105/1105
f 1106/1106/1106 1107/1107/1107 1105/1105/1105
f 1105/1105/1105 1107/1107/1107 1108/1108/1108
f 1107/1107/1107 1109/1109/1109 1108/1108/1108
f 1108/1108/1108 1109/1109/1109 1109/1109/1109
f 1109/1109/1109 1110/1110/1110 1109/1109/1109
f 1109/1109/1109 1110/1110/1110 1110/1110/1110
f 1110/1110/1110 1111/1111/1111 1110/1110/1110
f 1110/1110/1110 1111/1111/1111 1112/1112/1112
f 1111/1111/1111 1113/1113/1113 1112/1112/1112
f 1112/1112/1112 1113/1113/1113 1114/1114/1114
f 1113/1113/1113 1114/1114/1114 1114/1114/1114
f 1114/1114/1114 1114/1114/1114 1111/1111/1111
f 1114/1114/1114 1111/1111/1111 1111/1111/1111
f 1111/1111/1111 1111/1111/1111 1113/1113/1113
f 1111/1111/1111 1115/1115/1115 1113/1113/1113
f 1113/1113/1113 1115/1115/1115 1115/1115/1115
f 1115/1115/1115 1116/1116/1116 1115/1115/1115
f 1115/1115/1115 1116/1116/1116 1116/1116/1116
f 1116/1116/1116 1117/1117/1117 1116/1116/1116
f 1116/1116/1116 1117/1117/1117 1118/1118/1118
f 1117/1117/1117 1119/1119/1119 1118/1118/1118
f 1118/1118/1118 1119/1119/1119 1120/1120/1120
f 1119/1119/1119 1120/1120/1120 1120/1120/1120
f 1120/1120/1120 1120/1120/1120 1117/1117/1117
f 1120/1120/1120 1117/1117/1117 1117/1117/1117
f 1117/1117/1117 1117/1117/1117 1119/1119/1119
f 1117/1117/1117 1121/1121/1121 1119/1119/1119
f 1119/1119/1119 1121/1121/1121 1121/1121/1121
f 1121/1121/1121 1122/1122/1122 1121/1121/1121
f 1121/1121/1121 1122/1122/1122 1122/1122/1122
f 1122/1122/1122 1123/1123/1123 1122/1122/1122
f 1122/1122/1122 1123/1123/1123 1124/1124/1124
f 1123/1123/1123 1125/1125/1125 1124/1124/1124
f 1124/1124/1124 1125/1125/1125 1126/1126/1126
f 1125/1125/1125 1125/1125/1125 1126/1126/1126
f 1126/1126/1126 1125/1125/1125 1127/1127/1127
f 1125/1125/1125 1125/1125/1125 1127/1127/1127
f 1127/1127/1127 1125/1125/1125 1128/1128/1128
f 1125/1125/1125 1125/1125/1125 1128/1128/1128
f 1128/1128/1128 1125/1125/1125 1129/1129/1129
f 1125/1125/1125 1123/1123/1123 1129/1129/1129
f 1129/1129/1129 1123/1123/1123 1123/1123/1123
f 1123/1123/1123 1126/1126/1126 1123/1123/1123
f 1123/1123/1123 1126/1126/1126 1126/1126/1126
f 1126/1126/1126 1130/1130/1130 1126/1126/1126
f 1126/1126/1126 1130/1130/1130 1124/1124/1124
f 1130/1130/1130 1124/1124/1124 1124/1124/1124
f 1124/1124/1124 1124/1124/1124 1131/1131/1131
f 1124/1124/1124 1131/1131/1131 1131/1131/1131
f 1131/1131/1131 1131/1131/1131 1132/1132/1132
f 1131/1131/1131 1133/1133/1133 1132/1132/1132
f 1132/1132/1132 1133/1133/1133 1134/1134/1134
f 1133/1133/1133 1135/1135/1135 1134/1134/1134
f 1134/1134/1134 1135/1135/1135 1134/1134/1134
f 1135/1135/1135 1136/1136/1136 1134/1134/1134
f 1134/1134/1134 1136/1136/1136 1134/1134/1134
f 1136/1136/1136 1137/1137/1137 1134/1134/1134
f 1134/1134/1134 1137/1137/1137 1134/1134/1134
f 1137/1137/1137 1138/1138/1138 1134/1134/1134
f 1134/1134/1134 1138/1138/1138 1132/1132/1132
f 1138/1138/1138 1132/1132/1132 1132/1132/1132
f 1132/1132/1132 1132/1132/1132 1139/1139/1139
f 1132/1132/1132 1139/1139/1139 1139/1139/1139
f 1139/1139/1139 1139/1139/1139 1133/1133/1133
f 1139/1139/1139 1135/1135/1135 1133/1133/1133
f 1133/1133/1133 1135/1135/1135 1135/1135/1135
f 1135/1135/1135 1140/1140/1140 1135/1135/1135
f 1135/1135/1135 1140/1140/1140 1140/1140/1140
f 1140/1140/1140 1141/1141/1141 1140/1140/1140
f 1140/1140/1140 1141/1141/1141 1142/1142/1142
f 1141/1141/1141 1143/1143/1143 1142/1142/1142
f 1142/1142/1142 1143/1143/1143 1144/1144/1144
f 1143/1143/1143 1143/1143/1143 1144/1144/1144
f 1144/1144/1144 1143/1143/1143 1145/1145/1145
f 1143/1143/1143 1141/1141/1141 1145/1145/1145
f 1145/1145/1145 1141/1141/1141 1146/1146/1146
f 1141/1141/1141 1147/1147/1147 1146/1146/1146
f 1146/1146/1146 1147/1147/1147 1146/1146/1146
f 1147/1147/1147 1148/1148/1148 1146/1146/1146
f 1146/1146/1146 1148/1148/1148 1149/1149/1149
f 1148/1148/1148 1150/1150/1150 1149/1149/1149
f 1149/1149/1149 1150/1150/1150 1151/1151/1151
f 1150/1150/1150 1152/1152/1152 1151/1151/1151
f 1151/1151/1151 1152/1152/1152 1153/1153/1153
f 1152/1152/1152 1154/1154/1154 1153/1153/1153
f 1153/1153/1153 1154/1154/1154 1155/1155/1155
f 1154/1154/1154 1156/1156/1156 1155/1155/1155
f 1155/1155/1155 1156/1156/1156 1157/1157/1157
f 1156/1156/1156 1158/1158/1158 1157/1157/1157
f 1157/1157/1157 1158/1158/1158 1159/1159/1159
f 1158/1158/1158 1160/1160/1160 1159/1159/1159
f 1159/1159/1159 1160/1160/1160 1161/1161/1161
f 1160/1160/1160 1162/1162/1162 1161/1161/1161
f 1161/1161/1161 1162/1162/1162 1163/1163/1163
f 1162/1162/1162 1164/1164/1164 1163/1163/1163
f 1163/1163/1163 1164/1164/1164 1165/1165/1165
f 1164/1164/1164 1166/1166/1166 1165/1165/1165
f 1165/1165/1165 1166/1166/1166 1167/1167/1167
f 1166/1166/1166 1168/1168/1168 1167/1167/1167
f 1167/1167/1167 1168/1168/1168 1169/1169/1169
f 1168/1168/1168 1170/1170/1170 1169/1169/1169
f 1169/1169/1169 1170/1170/1170 1171/1171/1171
f 1170/1170/1170 1172/1172/1172 1171/1171/1171
f 1171/1171/1171 1172/1172/1172 1142/1142/1142
f 1172/1172/1172 1140/1140/1140 1142/1142/1142
f 1142/1142/1142 1140/1140/1140 1140/1140/1140
f 1140/1140/1140 1141/1141/1141 1140/1140/1140
f 1140/1140/1140 1141/1141/1141 1141/1141/1141
f 1141/1141/1141 1140/1140/1140 1141/1141/1141
f 1141/1141/1141 1140/1140/1140 1147/1147/1147
f 1140/1140/1140 1147/1147/1147 1147/1147/1147
f 1147/1147/1147 1147/1147/1147 1142/1142/1142
f 1147/1147/1147 1142/1142/1142 1142/1142/1142
f 1142/1142/1142 1142/1142/1142 1171/1171/1171
f 1142/1142/1142 1144/1144/1144 1171/1171/1171
f 1171/1171/1171 1144/1144/1144 1173/1173/1173
f 1144/1144/1144 1144/1144/1144 1173/1173/1173
f 1173/1173/1173 1144/1144/1144 1174/1174/1174
f 1144/1144/1144 1145/1145/1145 1174/1174/1174
f 1174/1174/1174 1145/1145/1145 1174/1174/1174
f 1145/1145/1145 1146/1146/1146 1174/1174/1174
f 1174/1174/1174 1146/1146/1146 1174/1174/1174
f 1146/1146/1146 1149/1149/1149 1174/1174/1174
f 1174/1174/1174 1149/1149/1149 1175/1175/1175
f 1149/1149/1149 1151/1151/1151 1175/1175/1175
f 1175/1175/1175 1151/1151/1151 1176/1176/1176
f 1151/1151/1151 1153/1153/1153 1176/1176/1176
f 1176/1176/1176 1153/1153/1153 1177/1177/1177
f 1153/1153/1153 1155/1155/1155 1177/1177/1177
f 1177/1177/1177 1155/1155/1155 1178/1178/1178
f 1155/1155/1155 1157/1157/1157 1178/1178/1178
f 1178/1178/1178 1157/1157/1157 1179/1179/1179
f 1157/1157/1157 1159/1159/1159 1179/1179/1179
f 1179/1179/1179 1159/1159/1159 1180/1180/1180
f 1159/1159/1159 1161/1161/1161 1180/1180/1180
f 1180/1180/1180 1161/1161/1161 1180/1180/1180
f 1161/1161/1161 1181/1181/1181 1180/1180/1180
f 1180/1180/1180 1181/1181/1181 1179/1179/1179
f 1181/1181/1181 1181/1181/1181 1179/1179/1179
f 1179/1179/1179 1181/1181/1181 1178/1178/1178
f 1181/1181/1181 1181/1181/1181 1178/1178/1178
f 1178/1178/1178 1181/1181/1181 1177/1177/1177
f 1181/1181/1181 1181/1181/1181 1177/1177/1177
f 1177/1177/1177 1181/1181/1181 1176/1176/1176
f 1181/1181/1181 1181/1181/1181 1176/1176/1176
f 1176/1176/1176 1181/1181/1181 1175/1175/1175
f 1181/1181/1181 1181/1181/1181 1175/1175/1175
f 1175/1175/1175 1181/1181/1181 1182/1182/1182
f 1181/1181/1181 1163/1163/1163 1182/1182/1182
f 1182/1182/1182 1163/1163/1163 1182/1182/1182
f 1163/1163/1163 1165/1165/1165 1182/1182/1182
f 1182/1182/1182 1165/1165/1165 1183/1183/1183
f 1165/1165/1165 1167/1167/1167 1183/1183/1183
f 1183/1183/1183 1167/1167/1167 1184/1184/1184
f 1167/1167/1167 1169/1169/1169 1184/1184/1184
f 1184/1184/1184 1169/1169/1169 1173/1173/1173
f 1169/1169/1169 1171/1171/1171 1173/1173/1173
f 1173/1173/1173 1171/1171/1171 1171/1171/1171
f 1171/1171/1171 1181/1181/1181 1171/1171/1171
f 1171/1171/1171 1181/1181/1181 1181/1181/1181
f 1181/1181/1181 1161/1161/1161 1181/1181/1181
f 1181/1181/1181 1161/1161/1161 1163/1163/1163
f 1161/1161/1161 1163/1163/1163 1163/1163/1163
f 1163/1163/1163 1163/1163/1163 1183/1183/1183
f 1163/1163/1163 1183/1183/1183 1183/1183/1183
f 1183/1183/1183 1183/1183/1183 1182/1182/1182
f 1183/1183/1183 1184/1184/1184 1182/1182/1182
f 1182/1182/1182 1184/1184/1184 1175/1175/1175
f 1184/1184/1184 1184/1184/1184 1175/1175/1175
f 1175/1175/1175 1184/1184/1184 1174/1174/1174
f 1184/1184/1184 1173/1173/1173 1174/1174/1174
f 1174/1174/1174 1173/1173/1173 1173/1173/1173
f 1173/1173/1173 1185/1185/1185 1173/1173/1173
f 1173/1173/1173 1185/1185/1185 1185/1185/1185
f 1185/1185/1185 1186/1186/1186 1185/1185/1185
f 1185/1185/1185 1186/1186/1186 1187/1187/1187
f 1186/1186/1186 1186/1186/1186 1187/1187/1187
f 1187/1187/1187 1186/1186/1186 1188/1188/1188
f 1186/1186/1186 1186/1186/1186 1188/1188/1188
f 1188/1188/1188 1186/1186/1186 1189/1189/1189
f 1186/1186/1186 1185/1185/1185 1189/1189/1189
f 1189/1189/1189 1185/1185/1185 1190/1190/1190
f 1185/1185/1185 1185/1185/1185 1190/1190/1190
f 1190/1190/1190 1185/1185/1185 1191/1191/1191
f 1185/1185/1185 1187/1187/1187 1191/1191/1191
f 1191/1191/1191 1187/1187/1187 1192/1192/1192
f 1187/1187/1187 1187/1187/1187 1192/1192/1192
f 1192/1192/1192 1187/1187/1187 1193/1193/1193
f 1187/1187/1187 1188/1188/1188 1193/1193/1193
f 1193/1193/1193 1188/1188/1188 1194/1194/1194
f 1188/1188/1188 1188/1188/1188 1194/1194/1194
f 1194/1194/1194 1188/1188/1188 1195/1195/1195
f 1188/1188/1188 1189/1189/1189 1195/1195/1195
f 1195/1195/1195 1189/1189/1189 1196/1196/1196
f 1189/1189/1189 1190/1190/1190 1196/1196/1196
f 1196/1196/1196 1190/1190/1190 1197/1197/1197
f 1190/1190/1190 1198/1198/1198 1197/1197/1197
f 1197/1197/1197 1198/1198/1198 1199/1199/1199
f 1198/1198/1198 1200/1200/1200 1199/1199/1199
f 1199/1199/1199 1200/1200/1200 1201/1201/1201
f 1200/1200/1200 1202/1202/1202 1201/1201/1201
f 1201/1201/1201 1202/1202/1202 1203/1203/1203
f 1202/1202/1202 1204/1204/1204 1203/1203/1203
f 1203/1203/1203 1204/1204/1204 1205/1205/1205
f 1204/1204/1204 1206/1206/1206 1205/1205/1205
f 1205/1205/1205 1206/1206/1206 1207/1207/1207
f 1206/1206/1206 1208/1208/1208 1207/1207/1207
f 1207/1207/1207 1208/1208/1208 1209/1209/1209
f 1208/1208/1208 1210/1210/1210 1209/1209/1209
f 1209/1209/1209 1210/1210/1210 1211/1211/1211
f 1210/1210/1210 1212/1212/1212 1211/1211/1211
f 1211/1211/1211 1212/1212/1212 1213/1213/1213
f 1212/1212/1212 1214/1214/1214 1213/1213/1213
f 1213/1213/1213 1214/1214/1214 1215/1215/1215
f 1214/1214/1214 1216/1216/1216 1215/1215/1215
f 1215/1215/1215 1216/1216/1216 1217/1217/1217
f 1216/1216/1216 1218/1218/1218 1217/1217/1217
f 1217/1217/1217 1218/1218/1218 1219/1219/1219
f 1218/1218/1218 1193/1193/1193 1219/1219/1219
f 1219/1219/1219 1193/1193/1193 1194/1194/1194
f 1193/1193/1193 1194/1194/1194 1194/1194/1194
f 1194/1194/1194 1194/1194/1194 1190/1190/1190
f 1194/1194/1194 1190/1190/1190 1190/1190/1190
f 1190/1190/1190 1190/1190/1190 1198/1198/1198
f 1190/1190/1190 1191/1191/1191 1198/1198/1198
f 1198/1198/1198 1191/1191/1191 1220/1220/1220
f 1191/1191/1191 1191/1191/1191 1220/1220/1220
f 1220/1220/1220 1191/1191/1191 1221/1221/1221
f 1191/1191/1191 1192/1192/1192 1221/1221/1221
f 1221/1221/1221 1192/1192/1192 1218/1218/1218
f 1192/1192/1192 1193/1193/1193 1218/1218/1218
f 1218/1218/1218 1193/1193/1193 1193/1193/1193
f 1193/1193/1193 1218/1218/1218 1193/1193/1193
f 1193/1193/1193 1218/1218/1218 1218/1218/1218
f 1218/1218/1218 1216/1216/1216 1218/1218/1218
f 1218/1218/1218 1216/1216/1216 1221/1221/1221
f 1216/1216/1216 1221/1221/1221 1221/1221/1221
f 1221/1221/1221 1221/1221/1221 1198/1198/1198
f 1221/1221/1221 1198/1198/1198 1198/1198/1198
f 1198/1198/1198 1198/1198/1198 1200/1200/1200
f 1198/1198/1198 1220/1220/1220 1200/1200/1200
f 1200/1200/1200 1220/1220/1220 1200/1200/1200
f 1220/1220/1220 1222/1222/1222 1200/1200/1200
f 1200/1200/1200 1222/1222/1222 1202/1202/1202
f 1222/1222/1222 1223/1223/1223 1202/1202/1202
f 1202/1202/1202 1223/1223/1223 1204/1204/1204
f 1223/1223/1223 1224/1224/1224 1204/1204/1204
f 1204/1204/1204 1224/1224/1224 1206/1206/1206
f 1224/1224/1224 1225/1225/1225 1206/1206/1206
f 1206/1206/1206 1225/1225/1225 1208/1208/1208
f 1225/1225/1225 1226/1226/1226 1208/1208/1208
f 1208/1208/1208 1226/1226/1226 1210/1210/1210
f 1226/1226/1226 1226/1226/1226 1210/1210/1210
f 1210/1210/1210 1226/1226/1226 1227/1227/1227
f 1226/1226/1226 1225/1225/1225 1227/1227/1227
f 1227/1227/1227 1225/1225/1225 1227/1227/1227
f 1225/1225/1225 1224/1224/1224 1227/1227/1227
f 1227/1227/1227 1224/1224/1224 1227/1227/1227
f 1224/1224/1224 1223/1223/1223 1227/1227/1227
f 1227/1227/1227 1223/1223/1223 1227/1227/1227
f 1223/1223/1223 1222/1222/1222 1227/1227/1227
f 1227/1227/1227 1222/1222/1222 1227/1227/1227
f 1222/1222/1222 1220/1220/1220 1227/1227/1227
f 1227/1227/1227 1220/1220/1220 1228/1228/1228
f 1220/1220/1220 1221/1221/1221 1228/1228/1228
f 1228/1228/1228 1221/1221/1221 1229/1229/1229
f 1221/1221/1221 1216/1216/1216 1229/1229/1229
f 1229/1229/1229 1216/1216/1216 1229/1229/1229
f 1216/1216/1216 1214/1214/1214 1229/1229/1229
f 1229/1229/1229 1214/1214/1214 1228/1228/1228
f 1214/1214/1214 1212/1212/1212 1228/1228/1228
f 1228/1228/1228 1212/1212/1212 1227/1227/1227
f 1212/1212/1212 1210/1210/1210 1227/1227/1227
