o body
v -0.5210 3.8507 4.2525
v -0.5210 4.0059 4.1586
v -0.5210 3.2004 4.1416
v -0.5210 3.9576 3.1868
v -0.5210 3.0423 4.1180
v -0.5210 3.9492 3.0167
v 0.9287 3.2004 4.1416
v 0.9287 3.2464 4.0853
v 0.5501 3.2004 4.1416
v 0.5501 3.2464 4.0853
v 0.9287 3.2464 3.9037
v 0.5501 3.2464 3.9037
v -0.2902 3.2004 4.1416
v -0.2902 3.2464 4.0853
v -0.2902 3.8507 4.2525
v -0.2902 3.8047 4.0857
v -0.2902 3.2464 3.9037
v -0.2902 3.8047 3.9042
v 0.3192 2.2695 -6.0744
v 0.3192 1.8834 -6.0744
v -0.8035 2.2695 -5.9638
v -0.8035 1.8834 -5.9638
v -1.8832 2.2695 -5.6363
v -1.8832 1.8834 -5.6363
v -2.8782 2.2695 -5.1045
v -2.8782 1.8834 -5.1045
v -3.7503 2.2695 -4.3888
v -3.7503 1.8834 -4.3888
v -4.4660 2.2695 -3.5166
v -4.4660 1.8834 -3.5166
v -4.9978 2.2695 -2.5216
v -4.9978 1.8834 -2.5216
v -5.3253 2.2695 -1.4420
v -5.3253 1.8834 -1.4420
v -5.4359 2.2695 -0.3192
v -5.4359 1.8834 -0.3192
v -5.3253 2.2695 0.8035
v -5.3253 1.8834 0.8035
v -4.9978 2.2695 1.8832
v -4.9978 1.8834 1.8832
v -4.4660 2.2695 2.8781
v -4.4660 1.8834 2.8781
v -3.7503 2.2695 3.7503
v -3.7503 1.8834 3.7503
v -2.8781 2.2695 4.4660
v -2.8781 1.8834 4.4660
v -1.8832 2.2695 4.9978
v -1.8832 1.8834 4.9978
v -0.8035 2.2695 5.3253
v -0.8035 1.8834 5.3253
v 0.3192 2.2695 5.4359
v 0.3192 1.8834 5.4359
v 0.3192 0.5827 -6.0744
v -0.8035 0.5827 -5.9638
v -1.8832 0.5827 -5.6363
v -2.8782 0.5827 -5.1045
v -3.7503 0.5827 -4.3888
v -4.4660 0.5827 -3.5166
v -4.9978 0.5827 -2.5216
v -5.3253 0.5827 -1.4420
v -5.4359 0.5827 -0.3192
v -5.3253 0.5827 0.8035
v -4.9978 0.5827 1.8832
v -4.4660 0.5827 2.8781
v -3.7503 0.5827 3.7503
v -2.8781 0.5827 4.4660
v -1.8832 0.5827 4.9978
v -0.8035 0.5827 5.3253
v 0.3192 0.5827 5.4359
v 0.3192 0.1966 -6.0744
v -0.8035 0.1966 -5.9638
v -1.8832 0.1966 -5.6363
v -2.8782 0.1966 -5.1045
v -3.7503 0.1966 -4.3888
v -4.4660 0.1966 -3.5166
v -4.9978 0.1966 -2.5216
v -5.3253 0.1966 -1.4420
v -5.4359 0.1966 -0.3192
v -5.3253 0.1966 0.8035
v -4.9978 0.1966 1.8832
v -4.4660 0.1966 2.8781
v -3.7503 0.1966 3.7503
v -2.8781 0.1966 4.4660
v -1.8832 0.1966 4.9978
v -0.8035 0.1966 5.3253
v 0.3192 0.1966 5.4359
v 5.4456 1.1863 -2.9948
v 5.4162 1.0982 -3.0457
v 5.4560 1.2901 -2.9769
v 5.3201 1.2901 -3.2118
v 5.4456 1.3939 -2.9948
v 5.4162 1.4820 -3.0457
v 5.3721 1.0394 -3.1219
v 5.3201 1.0188 -3.2118
v 5.2681 1.0394 -3.3017
v 5.2240 1.0982 -3.3779
v 5.1946 1.1863 -3.4288
v 5.1843 1.2901 -3.4467
v 5.1946 1.3939 -3.4288
v 5.2240 1.4820 -3.3779
v 5.2681 1.5408 -3.3017
v 5.3201 1.5614 -3.2118
v 5.3721 1.5408 -3.1219
v 0.3238 0.9604 5.3930
v 0.3238 0.9604 5.4955
v 0.1976 0.9855 5.3931
v 0.1977 0.9855 5.4956
v 0.0907 1.0570 5.3931
v 0.0907 1.0570 5.4957
v 0.0192 1.1639 5.3932
v 0.0193 1.1639 5.4958
v -0.0059 1.2901 5.3932
v -0.0058 1.2901 5.4958
v 0.0192 1.4163 5.3932
v 0.0193 1.4163 5.4958
v 0.0907 1.5232 5.3931
v 0.0907 1.5232 5.4957
v 0.1976 1.5947 5.3931
v 0.1977 1.5947 5.4956
v 0.3238 1.6198 5.3930
v 0.3238 1.6198 5.4955
v 0.4499 1.5947 5.3929
v 0.4500 1.5947 5.4954
v 0.5569 1.5232 5.3928
v 0.5570 1.5232 5.4953
v 0.6283 1.4163 5.3927
v 0.6284 1.4163 5.4953
v 0.6534 1.2901 5.3927
v 0.6535 1.2901 5.4953
v 0.6283 1.1639 5.3927
v 0.6284 1.1639 5.4953
v 0.5569 1.0570 5.3928
v 0.5570 1.0570 5.4953
v 0.4499 0.9855 5.3929
v 0.4500 0.9855 5.4954
v 0.3238 0.9604 5.3930
v 0.3238 0.9604 5.4955
v 0.3238 1.0188 5.4955
v 0.3238 1.0188 5.4579
v 0.2200 1.0394 5.4956
v 0.2200 1.0394 5.4580
v 0.1320 1.0982 5.4957
v 0.1319 1.0982 5.4580
v 0.0732 1.1863 5.4957
v 0.0731 1.1863 5.4581
v 0.0525 1.2901 5.4957
v 0.0525 1.2901 5.4581
v 0.0732 1.3939 5.4957
v 0.0731 1.3939 5.4581
v 0.1320 1.4820 5.4957
v 0.1319 1.4820 5.4580
v 0.2200 1.5408 5.4956
v 0.2200 1.5408 5.4580
v 0.3238 1.5614 5.4955
v 0.3238 1.5614 5.4579
v 0.4277 1.5408 5.4954
v 0.4277 1.5408 5.4578
v 0.5157 1.4820 5.4954
v 0.5157 1.4820 5.4577
v 0.5745 1.3939 5.4953
v 0.5745 1.3939 5.4577
v 0.5952 1.2901 5.4953
v 0.5952 1.2901 5.4577
v 0.5745 1.1863 5.4953
v 0.5745 1.1863 5.4577
v 0.5157 1.0982 5.4954
v 0.5157 1.0982 5.4577
v 0.4277 1.0394 5.4954
v 0.4277 1.0394 5.4578
v 0.3238 1.0188 5.4955
v 0.3238 1.0188 5.4579
v -4.6299 0.9604 -3.1714
v -4.7188 0.9604 -3.2226
v -4.5669 0.9855 -3.2807
v -4.6558 0.9855 -3.3320
v -4.5135 1.0570 -3.3734
v -4.6024 1.0570 -3.4246
v -4.4778 1.1639 -3.4353
v -4.5667 1.1639 -3.4865
v -4.4653 1.2901 -3.4571
v -4.5542 1.2901 -3.5083
v -4.4778 1.4163 -3.4353
v -4.5667 1.4163 -3.4865
v -4.5135 1.5232 -3.3734
v -4.6024 1.5232 -3.4246
v -4.5669 1.5947 -3.2807
v -4.6558 1.5947 -3.3320
v -4.6299 1.6198 -3.1714
v -4.7188 1.6198 -3.2226
v -4.6929 1.5947 -3.0621
v -4.7818 1.5947 -3.1133
v -4.7463 1.5232 -2.9695
v -4.8352 1.5232 -3.0207
v -4.7820 1.4163 -2.9075
v -4.8709 1.4163 -2.9588
v -4.7945 1.2901 -2.8858
v -4.8834 1.2901 -2.9370
v -4.7820 1.1639 -2.9075
v -4.8709 1.1639 -2.9588
v -4.7463 1.0570 -2.9695
v -4.8352 1.0570 -3.0207
v -4.6929 0.9855 -3.0621
v -4.7818 0.9855 -3.1133
v -4.6299 0.9604 -3.1714
v -4.7188 0.9604 -3.2226
v -4.7188 1.0188 -3.2226
v -4.6862 1.0188 -3.2039
v -4.6669 1.0394 -3.3126
v -4.6343 1.0394 -3.2938
v -4.6230 1.0982 -3.3889
v -4.5904 1.0982 -3.3701
v -4.5936 1.1863 -3.4398
v -4.5610 1.1863 -3.4211
v -4.5833 1.2901 -3.4577
v -4.5507 1.2901 -3.4390
v -4.5936 1.3939 -3.4398
v -4.5610 1.3939 -3.4211
v -4.6230 1.4820 -3.3889
v -4.5904 1.4820 -3.3701
v -4.6669 1.5408 -3.3126
v -4.6343 1.5408 -3.2938
v -4.7188 1.5614 -3.2226
v -4.6862 1.5614 -3.2039
v -4.7706 1.5408 -3.1327
v -4.7380 1.5408 -3.1139
v -4.8146 1.4820 -3.0564
v -4.7820 1.4820 -3.0376
v -4.8440 1.3939 -3.0054
v -4.8114 1.3939 -2.9867
v -4.8543 1.2901 -2.9875
v -4.8217 1.2901 -2.9688
v -4.8440 1.1863 -3.0054
v -4.8114 1.1863 -2.9867
v -4.8146 1.0982 -3.0564
v -4.7820 1.0982 -3.0376
v -4.7706 1.0394 -3.1327
v -4.7380 1.0394 -3.1139
v -4.7188 1.0188 -3.2226
v -4.6862 1.0188 -3.2039
v -4.5610 1.1863 -3.4211
v -4.5904 1.0982 -3.3701
v -4.5507 1.2901 -3.4390
v -4.6862 1.2901 -3.2039
v -4.5610 1.3939 -3.4211
v -4.5904 1.4820 -3.3701
v -4.6343 1.0394 -3.2938
v -4.6862 1.0188 -3.2039
v -4.7380 1.0394 -3.1139
v -4.7820 1.0982 -3.0376
v -4.8114 1.1863 -2.9867
v -4.8217 1.2901 -2.9688
v -4.8114 1.3939 -2.9867
v -4.7820 1.4820 -3.0376
v -4.7380 1.5408 -3.1139
v -4.6862 1.5614 -3.2039
v -4.6343 1.5408 -3.2938
v -0.5210 3.0423 4.1180
v -0.2902 3.0423 4.1180
v -0.5210 3.2004 4.1416
v -0.2902 3.2004 4.1416
v -0.5210 3.8507 4.2525
v -0.2902 3.8507 4.2525
v -0.5210 4.0059 4.1586
v -0.2902 4.0059 4.1586
v -0.5210 3.9576 3.1868
v -0.2902 3.9576 3.1868
v -0.5210 3.9492 3.0167
v -0.2902 3.9492 3.0167
v 0.0884 3.8507 4.2525
v 0.0884 4.0059 4.1586
v 0.0884 3.9576 3.1868
v 0.0884 3.9492 3.0167
v 0.3192 3.8507 4.2525
v 0.3192 4.0059 4.1586
v 0.3192 3.9576 3.1868
v 0.3192 3.9492 3.0167
v 0.5501 3.8507 4.2525
v 0.5501 4.0059 4.1586
v 0.5501 3.9576 3.1868
v 0.5501 3.9492 3.0167
v 0.9287 3.8507 4.2525
v 0.9287 4.0059 4.1586
v 0.9287 3.9576 3.1868
v 0.9287 3.9492 3.0167
v 1.1595 3.8507 4.2525
v 1.1595 4.0059 4.1586
v 1.1595 3.9576 3.1868
v 1.1595 3.9492 3.0167
v 1.1595 3.2004 4.1416
v 0.9287 3.2004 4.1416
v 1.1595 3.0423 4.1180
v 0.9287 3.0423 4.1180
v 0.5501 3.2004 4.1416
v 0.5501 3.0423 4.1180
v 0.3192 3.2004 4.1416
v 0.3192 3.0423 4.1180
v 0.0884 3.2004 4.1416
v 0.0884 3.0423 4.1180
v 5.7818 0.9604 -2.3123
v 5.6854 0.9604 -2.2772
v 5.7385 0.9855 -2.4308
v 5.6422 0.9855 -2.3957
v 5.7019 1.0570 -2.5313
v 5.6055 1.0570 -2.4962
v 5.6774 1.1639 -2.5985
v 5.5810 1.1639 -2.5633
v 5.6688 1.2901 -2.6220
v 5.5724 1.2901 -2.5869
v 5.6774 1.4163 -2.5985
v 5.5810 1.4163 -2.5633
v 5.7019 1.5232 -2.5313
v 5.6055 1.5232 -2.4962
v 5.7385 1.5947 -2.4308
v 5.6422 1.5947 -2.3957
v 5.7818 1.6198 -2.3123
v 5.6854 1.6198 -2.2772
v 5.8250 1.5947 -2.1938
v 5.7287 1.5947 -2.1587
v 5.8617 1.5232 -2.0933
v 5.7653 1.5232 -2.0582
v 5.8862 1.4163 -2.0262
v 5.7898 1.4163 -1.9911
v 5.8948 1.2901 -2.0026
v 5.7984 1.2901 -1.9675
v 5.8862 1.1639 -2.0262
v 5.7898 1.1639 -1.9911
v 5.8617 1.0570 -2.0933
v 5.7653 1.0570 -2.0582
v 5.8250 0.9855 -2.1938
v 5.7287 0.9855 -2.1587
v 5.7818 0.9604 -2.3123
v 5.6854 0.9604 -2.2772
v 0.1133 -5.2614 -0.0111
v 0.0572 -5.2614 -0.0572
v 0.1774 -5.2614 0.0232
v 0.3192 -5.2614 -0.3192
v 0.3192 -5.2614 0.0514
v 0.4611 -5.2614 0.0232
v 0.3915 -5.2614 0.0443
v 0.0111 -5.2614 -0.1133
v -0.0232 -5.2614 -0.1774
v -0.0514 -5.2614 -0.3192
v -0.0443 -5.2614 -0.2469
v -0.0232 -5.2614 -0.4611
v 0.0572 -5.2614 -0.5813
v 0.1774 -5.2614 -0.6617
v 0.1133 -5.2614 -0.6274
v 0.3192 -5.2614 -0.6899
v 0.4611 -5.2614 -0.6617
v 0.5813 -5.2614 -0.5813
v 0.5251 -5.2614 -0.6274
v 0.6617 -5.2614 -0.4611
v 0.6827 -5.2614 -0.3915
v 0.6899 -5.2614 -0.3192
v 0.6617 -5.2614 -0.1774
v 0.5813 -5.2614 -0.0572
v 0.5251 -5.2614 -0.0111
v 5.8323 1.1863 -2.0639
v 5.8122 1.0982 -2.1192
v 5.8394 1.2901 -2.0445
v 5.7464 1.2901 -2.2994
v 5.8323 1.3939 -2.0639
v 5.8122 1.4820 -2.1192
v 5.7820 1.0394 -2.2019
v 5.7464 1.0188 -2.2994
v 5.7108 1.0394 -2.3970
v 5.6807 1.0982 -2.4797
v 5.6605 1.1863 -2.5349
v 5.6534 1.2901 -2.5543
v 5.6605 1.3939 -2.5349
v 5.6807 1.4820 -2.4797
v 5.7108 1.5408 -2.3970
v 5.7464 1.5614 -2.2994
v 5.7820 1.5408 -2.2019
v 4.4274 -3.4826 6.9164
v 4.3887 -3.4242 6.8381
v 4.7124 -3.4947 6.7664
v 4.6737 -3.4363 6.6881
v 2.5052 -1.9600 10.6814
v 2.5117 -1.9184 10.7028
v 2.6773 -2.4313 11.5486
v 2.6849 -2.3920 11.5737
v 2.7432 -2.6576 11.8809
v 2.7513 -2.6195 11.9076
v 2.8096 -2.9727 12.2156
v 2.8182 -2.9357 12.2439
v -0.6682 0.9604 5.3070
v -0.6859 0.9604 5.4080
v -0.7925 0.9855 5.2851
v -0.8102 0.9855 5.3862
v -0.8978 1.0570 5.2667
v -0.9155 1.0570 5.3677
v -0.9682 1.1639 5.2543
v -0.9859 1.1639 5.3553
v -0.9929 1.2901 5.2500
v -1.0107 1.2901 5.3510
v -0.9682 1.4163 5.2543
v -0.9859 1.4163 5.3553
v -0.8978 1.5232 5.2667
v -0.9155 1.5232 5.3677
v -0.7925 1.5947 5.2851
v -0.8102 1.5947 5.3862
v -0.6682 1.6198 5.3070
v -0.6859 1.6198 5.4080
v -0.5440 1.5947 5.3288
v -0.5617 1.5947 5.4298
v -0.4386 1.5232 5.3473
v -0.4563 1.5232 5.4483
v -0.3682 1.4163 5.3596
v -0.3860 1.4163 5.4606
v -0.3435 1.2901 5.3639
v -0.3612 1.2901 5.4650
v -0.3682 1.1639 5.3596
v -0.3860 1.1639 5.4606
v -0.4386 1.0570 5.3473
v -0.4563 1.0570 5.4483
v -0.5440 0.9855 5.3288
v -0.5617 0.9855 5.4298
v -0.6682 0.9604 5.3070
v -0.6859 0.9604 5.4080
v -0.6859 1.0188 5.4080
v -0.6794 1.0188 5.3709
v -0.7882 1.0394 5.3900
v -0.7817 1.0394 5.3530
v -0.8749 1.0982 5.3748
v -0.8684 1.0982 5.3378
v -0.9329 1.1863 5.3646
v -0.9264 1.1863 5.3276
v -0.9532 1.2901 5.3611
v -0.9467 1.2901 5.3240
v -0.9329 1.3939 5.3646
v -0.9264 1.3939 5.3276
v -0.8749 1.4820 5.3748
v -0.8684 1.4820 5.3378
v -0.7882 1.5408 5.3900
v -0.7817 1.5408 5.3530
v -0.6859 1.5614 5.4080
v -0.6794 1.5614 5.3709
v -0.5837 1.5408 5.4259
v -0.5772 1.5408 5.3889
v -0.4970 1.4820 5.4411
v -0.4905 1.4820 5.4041
v -0.4390 1.3939 5.4513
v -0.4325 1.3939 5.4143
v -0.4187 1.2901 5.4549
v -0.4122 1.2901 5.4178
v -0.4390 1.1863 5.4513
v -0.4325 1.1863 5.4143
v -0.4970 1.0982 5.4411
v -0.4905 1.0982 5.4041
v -0.5837 1.0394 5.4259
v -0.5772 1.0394 5.3889
v -0.6859 1.0188 5.4080
v -0.6794 1.0188 5.3709
v -0.9264 1.1863 5.3276
v -0.8684 1.0982 5.3378
v -0.9467 1.2901 5.3240
v -0.6794 1.2901 5.3709
v -0.9264 1.3939 5.3276
v -0.8684 1.4820 5.3378
v -0.7817 1.0394 5.3530
v -0.6794 1.0188 5.3709
v -0.5772 1.0394 5.3889
v -0.4905 1.0982 5.4041
v -0.4325 1.1863 5.4143
v -0.4122 1.2901 5.4178
v -0.4325 1.3939 5.4143
v -0.4905 1.4820 5.4041
v -0.5772 1.5408 5.3889
v -0.6794 1.5614 5.3709
v -0.7817 1.5408 5.3530
v 0.0884 3.2004 4.1416
v 0.0884 3.2464 4.0853
v -0.2902 3.2004 4.1416
v -0.2902 3.2464 4.0853
v 0.0884 3.2464 3.9037
v -0.2902 3.2464 3.9037
v -4.0595 0.9604 -3.9875
v -4.1381 0.9604 -4.0534
v -3.9784 0.9855 -4.0842
v -4.0571 0.9855 -4.1501
v -3.9098 1.0570 -4.1662
v -3.9884 1.0570 -4.2321
v -3.8639 1.1639 -4.2210
v -3.9425 1.1639 -4.2869
v -3.8477 1.2901 -4.2402
v -3.9264 1.2901 -4.3061
v -3.8639 1.4163 -4.2210
v -3.9425 1.4163 -4.2869
v -3.9098 1.5232 -4.1662
v -3.9884 1.5232 -4.2321
v -3.9784 1.5947 -4.0842
v -4.0571 1.5947 -4.1501
v -4.0595 1.6198 -3.9875
v -4.1381 1.6198 -4.0534
v -4.1405 1.5947 -3.8908
v -4.2191 1.5947 -3.9567
v -4.2092 1.5232 -3.8088
v -4.2878 1.5232 -3.8747
v -4.2550 1.4163 -3.7540
v -4.3337 1.4163 -3.8199
v -4.2712 1.2901 -3.7348
v -4.3498 1.2901 -3.8007
v -4.2550 1.1639 -3.7540
v -4.3337 1.1639 -3.8199
v -4.2092 1.0570 -3.8088
v -4.2878 1.0570 -3.8747
v -4.1405 0.9855 -3.8908
v -4.2191 0.9855 -3.9567
v -4.0595 0.9604 -3.9875
v -4.1381 0.9604 -4.0534
v -5.4434 -4.5580 -0.0623
v -5.4838 -4.4615 -0.0706
v -6.1943 -4.7076 -0.0236
v -6.1948 -4.6031 -0.0339
v -6.9451 -4.5580 0.0151
v -6.9057 -4.4615 0.0028
v -7.5817 -4.1321 0.0480
v -7.5086 -4.0581 0.0339
v -8.0071 -3.4947 0.0699
v -7.9210 -3.4363 0.0554
v -4.1092 1.0188 -4.0292
v -4.1381 1.0188 -4.0534
v -4.1759 1.0394 -3.9496
v -4.2048 1.0394 -3.9738
v -4.2324 1.0982 -3.8821
v -4.2613 1.0982 -3.9063
v -4.2702 1.1863 -3.8371
v -4.2991 1.1863 -3.8612
v -4.2835 1.2901 -3.8212
v -4.3123 1.2901 -3.8454
v -4.2702 1.3939 -3.8371
v -4.2991 1.3939 -3.8612
v -4.2324 1.4820 -3.8821
v -4.2613 1.4820 -3.9063
v -4.1759 1.5408 -3.9496
v -4.2048 1.5408 -3.9738
v -4.1092 1.5614 -4.0292
v -4.1381 1.5614 -4.0534
v -4.0426 1.5408 -4.1088
v -4.0714 1.5408 -4.1330
v -3.9860 1.4820 -4.1763
v -4.0149 1.4820 -4.2005
v -3.9482 1.3939 -4.2214
v -3.9771 1.3939 -4.2455
v -3.9350 1.2901 -4.2372
v -3.9638 1.2901 -4.2614
v -3.9482 1.1863 -4.2214
v -3.9771 1.1863 -4.2455
v -3.9860 1.0982 -4.1763
v -4.0149 1.0982 -4.2005
v -4.0426 1.0394 -4.1088
v -4.0714 1.0394 -4.1330
v -4.1092 1.0188 -4.0292
v -4.1381 1.0188 -4.0534
v 4.6921 0.9604 -3.9944
v 4.7707 0.9604 -4.0604
v 4.7733 0.9855 -3.8979
v 4.8518 0.9855 -3.9638
v 4.8421 1.0570 -3.8160
v 4.9206 1.0570 -3.8820
v 4.8881 1.1639 -3.7613
v 4.9666 1.1639 -3.8273
v 4.9043 1.2901 -3.7421
v 4.9828 1.2901 -3.8081
v 4.8881 1.4163 -3.7613
v 4.9666 1.4163 -3.8273
v 4.8421 1.5232 -3.8160
v 4.9206 1.5232 -3.8820
v 4.7733 1.5947 -3.8979
v 4.8518 1.5947 -3.9638
v 4.6921 1.6198 -3.9944
v 4.7707 1.6198 -4.0604
v 4.6110 1.5947 -4.0910
v 4.6895 1.5947 -4.1570
v 4.5422 1.5232 -4.1729
v 4.6207 1.5232 -4.2389
v 4.4962 1.4163 -4.2276
v 4.5747 1.4163 -4.2936
v 4.4800 1.2901 -4.2468
v 4.5585 1.2901 -4.3128
v 4.4962 1.1639 -4.2276
v 4.5747 1.1639 -4.2936
v 4.5422 1.0570 -4.1729
v 4.6207 1.0570 -4.2389
v 4.6110 0.9855 -4.0910
v 4.6895 0.9855 -4.1570
v 4.6921 0.9604 -3.9944
v 4.7707 0.9604 -4.0604
v 0.0884 3.8507 4.2525
v 0.0884 3.8047 4.0857
v 0.0884 3.2004 4.1416
v 0.0884 3.2464 4.0853
v 0.0884 3.8047 3.9042
v 0.0884 3.2464 3.9037
v 4.7419 1.0188 -4.0362
v 4.7707 1.0188 -4.0604
v 4.6750 1.0394 -4.1157
v 4.7038 1.0394 -4.1399
v 4.6184 1.0982 -4.1831
v 4.6472 1.0982 -4.2073
v 4.5806 1.1863 -4.2281
v 4.6094 1.1863 -4.2523
v 4.5673 1.2901 -4.2439
v 4.5961 1.2901 -4.2681
v 4.5806 1.3939 -4.2281
v 4.6094 1.3939 -4.2523
v 4.6184 1.4820 -4.1831
v 4.6472 1.4820 -4.2073
v 4.6750 1.5408 -4.1157
v 4.7038 1.5408 -4.1399
v 4.7419 1.5614 -4.0362
v 4.7707 1.5614 -4.0604
v 4.8087 1.5408 -3.9567
v 4.8375 1.5408 -3.9809
v 4.8653 1.4820 -3.8893
v 4.8941 1.4820 -3.9135
v 4.9031 1.3939 -3.8443
v 4.9319 1.3939 -3.8685
v 4.9164 1.2901 -3.8285
v 4.9452 1.2901 -3.8527
v 4.9031 1.1863 -3.8443
v 4.9319 1.1863 -3.8685
v 4.8653 1.0982 -3.8893
v 4.8941 1.0982 -3.9135
v 4.8087 1.0394 -3.9567
v 4.8375 1.0394 -3.9809
v 4.7419 1.0188 -4.0362
v 4.7707 1.0188 -4.0604
v 1.3156 0.9604 5.3054
v 1.3335 0.9604 5.4064
v 1.1914 0.9855 5.3274
v 1.2093 0.9855 5.4284
v 1.0861 1.0570 5.3460
v 1.1040 1.0570 5.4470
v 1.0157 1.1639 5.3585
v 1.0336 1.1639 5.4595
v 0.9910 1.2901 5.3629
v 1.0089 1.2901 5.4639
v 1.0157 1.4163 5.3585
v 1.0336 1.4163 5.4595
v 1.0861 1.5232 5.3460
v 1.1040 1.5232 5.4470
v 1.1914 1.5947 5.3274
v 1.2093 1.5947 5.4284
v 1.3156 1.6198 5.3054
v 1.3335 1.6198 5.4064
v 1.4398 1.5947 5.2834
v 1.4577 1.5947 5.3844
v 1.5451 1.5232 5.2647
v 1.5630 1.5232 5.3657
v 1.6155 1.4163 5.2523
v 1.6334 1.4163 5.3532
v 1.6402 1.2901 5.2479
v 1.6581 1.2901 5.3489
v 1.6155 1.1639 5.2523
v 1.6334 1.1639 5.3532
v 1.5451 1.0570 5.2647
v 1.5630 1.0570 5.3657
v 1.4398 0.9855 5.2834
v 1.4577 0.9855 5.3844
v 1.3156 0.9604 5.3054
v 1.3335 0.9604 5.4064
v 0.0731 1.1863 5.4581
v 0.1319 1.0982 5.4580
v 0.0525 1.2901 5.4581
v 0.3238 1.2901 5.4579
v 0.0731 1.3939 5.4581
v 0.1319 1.4820 5.4580
v 0.2200 1.0394 5.4580
v 0.3238 1.0188 5.4579
v 0.4277 1.0394 5.4578
v 0.5157 1.0982 5.4577
v 0.5745 1.1863 5.4577
v 0.5952 1.2901 5.4577
v 0.5745 1.3939 5.4577
v 0.5157 1.4820 5.4577
v 0.4277 1.5408 5.4578
v 0.3238 1.5614 5.4579
v 0.2200 1.5408 5.4580
v 1.3335 1.0188 5.4064
v 1.3269 1.0188 5.3693
v 1.2313 1.0394 5.4245
v 1.2247 1.0394 5.3874
v 1.1446 1.0982 5.4398
v 1.1380 1.0982 5.4028
v 1.0867 1.1863 5.4501
v 1.0801 1.1863 5.4131
v 1.0663 1.2901 5.4537
v 1.0598 1.2901 5.4167
v 1.0867 1.3939 5.4501
v 1.0801 1.3939 5.4131
v 1.1446 1.4820 5.4398
v 1.1380 1.4820 5.4028
v 1.2313 1.5408 5.4245
v 1.2247 1.5408 5.3874
v 1.3335 1.5614 5.4064
v 1.3269 1.5614 5.3693
v 1.4357 1.5408 5.3883
v 1.4292 1.5408 5.3512
v 1.5224 1.4820 5.3729
v 1.5159 1.4820 5.3359
v 1.5803 1.3939 5.3626
v 1.5738 1.3939 5.3256
v 1.6007 1.2901 5.3590
v 1.5941 1.2901 5.3220
v 1.5803 1.1863 5.3626
v 1.5738 1.1863 5.3256
v 1.5224 1.0982 5.3729
v 1.5159 1.0982 5.3359
v 1.4357 1.0394 5.3883
v 1.4292 1.0394 5.3512
v 1.3335 1.0188 5.4064
v 1.3269 1.0188 5.3693
v 1.0801 1.1863 5.4131
v 1.1380 1.0982 5.4028
v 1.0598 1.2901 5.4167
v 1.3269 1.2901 5.3693
v 1.0801 1.3939 5.4131
v 1.1380 1.4820 5.4028
v 1.2247 1.0394 5.3874
v 1.3269 1.0188 5.3693
v 1.4292 1.0394 5.3512
v 1.5159 1.0982 5.3359
v 1.5738 1.1863 5.3256
v 1.5941 1.2901 5.3220
v 1.5738 1.3939 5.3256
v 1.5159 1.4820 5.3359
v 1.4292 1.5408 5.3512
v 1.3269 1.5614 5.3693
v 1.2247 1.5408 5.3874
v 0.3192 0.1966 -6.0744
v 0.3192 0.5827 -6.0744
v 1.4420 0.1966 -5.9638
v 1.4420 0.5827 -5.9638
v 2.5216 0.1966 -5.6363
v 2.5216 0.5827 -5.6363
v 3.5166 0.1966 -5.1045
v 3.5166 0.5827 -5.1045
v 4.3888 0.1966 -4.3888
v 4.3888 0.5827 -4.3888
v 5.1045 0.1966 -3.5166
v 5.1045 0.5827 -3.5166
v 5.6363 0.1966 -2.5217
v 5.6363 0.5827 -2.5217
v 5.9638 0.1966 -1.4420
v 5.9638 0.5827 -1.4420
v 6.0744 0.1966 -0.3192
v 6.0744 0.5827 -0.3192
v 5.9638 0.1966 0.8035
v 5.9638 0.5827 0.8035
v 5.6363 0.1966 1.8832
v 5.6363 0.5827 1.8832
v 5.1045 0.1966 2.8781
v 5.1045 0.5827 2.8781
v 4.3888 0.1966 3.7503
v 4.3888 0.5827 3.7503
v 3.5166 0.1966 4.4660
v 3.5166 0.5827 4.4660
v 2.5216 0.1966 4.9978
v 2.5216 0.5827 4.9978
v 1.4420 0.1966 5.3253
v 1.4420 0.5827 5.3253
v 0.3192 0.1966 5.4359
v 0.3192 0.5827 5.4359
v 5.6363 1.8834 1.8832
v 5.9638 1.8834 0.8035
v 6.0744 1.8834 -0.3192
v 5.9638 1.8834 -1.4420
v 5.6363 1.8834 -2.5217
v 5.1045 1.8834 -3.5166
v 4.3888 1.8834 -4.3888
v 3.5166 1.8834 -5.1045
v 2.5216 1.8834 -5.6363
v 1.4420 1.8834 -5.9638
v 0.3192 1.8834 -6.0744
v 0.3192 2.2695 -6.0744
v 1.4420 2.2695 -5.9638
v 2.5216 2.2695 -5.6363
v 3.5166 2.2695 -5.1045
v 4.3888 2.2695 -4.3888
v 5.1045 2.2695 -3.5166
v 5.6363 2.2695 -2.5217
v 5.9638 2.2695 -1.4420
v 6.0744 2.2695 -0.3192
v 5.9638 2.2695 0.8035
v 5.6363 2.2695 1.8832
v 5.1045 2.2695 2.8781
v 5.1045 1.8834 2.8781
v 4.3888 2.2695 3.7503
v 4.3888 1.8834 3.7503
v 3.5166 1.8834 4.4660
v -5.0500 0.9604 -2.2687
v -5.1464 0.9604 -2.3037
v -5.0070 0.9855 -2.3873
v -5.1034 0.9855 -2.4223
v -4.9705 1.0570 -2.4878
v -5.0669 1.0570 -2.5228
v -4.9461 1.1639 -2.5550
v -5.0425 1.1639 -2.5900
v -4.9375 1.2901 -2.5786
v -5.0339 1.2901 -2.6136
v -4.9461 1.4163 -2.5550
v -5.0425 1.4163 -2.5900
v -4.9705 1.5232 -2.4878
v -5.0669 1.5232 -2.5228
v -5.0070 1.5947 -2.3873
v -5.1034 1.5947 -2.4223
v -5.0500 1.6198 -2.2687
v -5.1464 1.6198 -2.3037
v -5.0931 1.5947 -2.1501
v -5.1895 1.5947 -2.1851
v -5.1296 1.5232 -2.0496
v -5.2260 1.5232 -2.0846
v -5.1540 1.4163 -1.9824
v -5.2504 1.4163 -2.0174
v -5.1625 1.2901 -1.9588
v -5.2589 1.2901 -1.9938
v -5.1540 1.1639 -1.9824
v -5.2504 1.1639 -2.0174
v -5.1296 1.0570 -2.0496
v -5.2260 1.0570 -2.0846
v -5.0931 0.9855 -2.1501
v -5.1895 0.9855 -2.1851
v -5.0500 0.9604 -2.2687
v -5.1464 0.9604 -2.3037
v -5.1464 1.0188 -2.3037
v -5.1111 1.0188 -2.2909
v -5.1110 1.0394 -2.4013
v -5.0756 1.0394 -2.3885
v -5.0809 1.0982 -2.4840
v -5.0456 1.0982 -2.4712
v -5.0609 1.1863 -2.5393
v -5.0255 1.1863 -2.5265
v -5.0538 1.2901 -2.5587
v -5.0184 1.2901 -2.5459
v -5.0609 1.3939 -2.5393
v -5.0255 1.3939 -2.5265
v -5.0809 1.4820 -2.4840
v -5.0456 1.4820 -2.4712
v -5.1110 1.5408 -2.4013
v -5.0756 1.5408 -2.3885
v -5.1464 1.5614 -2.3037
v -5.1111 1.5614 -2.2909
v -5.1818 1.5408 -2.2061
v -5.1465 1.5408 -2.1932
v -5.2119 1.4820 -2.1233
v -5.1765 1.4820 -2.1105
v -5.2320 1.3939 -2.0681
v -5.1966 1.3939 -2.0552
v -5.2390 1.2901 -2.0486
v -5.2037 1.2901 -2.0358
v -5.2320 1.1863 -2.0681
v -5.1966 1.1863 -2.0552
v -5.2119 1.0982 -2.1233
v -5.1765 1.0982 -2.1105
v -5.1818 1.0394 -2.2061
v -5.1465 1.0394 -2.1932
v -5.1464 1.0188 -2.3037
v -5.1111 1.0188 -2.2909
v 0.9287 3.8507 4.2525
v 0.9287 3.8047 4.0857
v 0.9287 3.2004 4.1416
v 0.9287 3.2464 4.0853
v 0.9287 3.8047 3.9042
v 0.9287 3.2464 3.9037
v -5.0255 1.1863 -2.5265
v -5.0456 1.0982 -2.4712
v -5.0184 1.2901 -2.5459
v -5.1111 1.2901 -2.2909
v -5.0255 1.3939 -2.5265
v -5.0456 1.4820 -2.4712
v -5.0756 1.0394 -2.3885
v -5.1111 1.0188 -2.2909
v -5.1465 1.0394 -2.1932
v -5.1765 1.0982 -2.1105
v -5.1966 1.1863 -2.0552
v -5.2037 1.2901 -2.0358
v -5.1966 1.3939 -2.0552
v -5.1765 1.4820 -2.1105
v -5.1465 1.5408 -2.1932
v -5.1111 1.5614 -2.2909
v -5.0756 1.5408 -2.3885
v 0.5501 3.8507 4.2525
v 0.5501 3.8047 4.0857
v 0.9287 3.8507 4.2525
v 0.9287 3.8047 4.0857
v 0.5501 3.8047 3.9042
v 0.9287 3.8047 3.9042
v 5.3201 1.0188 -3.2118
v 5.3527 1.0188 -3.2306
v 5.2681 1.0394 -3.3017
v 5.3007 1.0394 -3.3205
v 5.2240 1.0982 -3.3779
v 5.2566 1.0982 -3.3967
v 5.1946 1.1863 -3.4288
v 5.2272 1.1863 -3.4476
v 5.1843 1.2901 -3.4467
v 5.2168 1.2901 -3.4655
v 5.1946 1.3939 -3.4288
v 5.2272 1.3939 -3.4476
v 5.2240 1.4820 -3.3779
v 5.2566 1.4820 -3.3967
v 5.2681 1.5408 -3.3017
v 5.3007 1.5408 -3.3205
v 5.3201 1.5614 -3.2118
v 5.3527 1.5614 -3.2306
v 5.3721 1.5408 -3.1219
v 5.4047 1.5408 -3.1407
v 5.4162 1.4820 -3.0457
v 5.4487 1.4820 -3.0645
v 5.4456 1.3939 -2.9948
v 5.4782 1.3939 -3.0136
v 5.4560 1.2901 -2.9769
v 5.4885 1.2901 -2.9957
v 5.4456 1.1863 -2.9948
v 5.4782 1.1863 -3.0136
v 5.4162 1.0982 -3.0457
v 5.4487 1.0982 -3.0645
v 5.3721 1.0394 -3.1219
v 5.4047 1.0394 -3.1407
v 5.3201 1.0188 -3.2118
v 5.3527 1.0188 -3.2306
v -1.8026 -2.6931 -3.4947
v -1.8026 -2.6307 -3.4947
v -1.1423 -2.6931 -3.8477
v -1.1423 -2.6307 -3.8477
v -0.4258 -2.6931 -4.0650
v -0.4258 -2.6307 -4.0650
v 0.3192 -2.6931 -4.1384
v 0.3192 -2.6307 -4.1384
v 1.0643 -2.6931 -4.0650
v 1.0643 -2.6307 -4.0650
v 1.7808 -2.6931 -3.8477
v 1.7808 -2.6307 -3.8477
v 2.4410 -2.6931 -3.4947
v 2.4410 -2.6307 -3.4947
v 3.0198 -2.6931 -3.0198
v 3.0198 -2.6307 -3.0198
v 3.4947 -2.6931 -2.4410
v 3.4947 -2.6307 -2.4410
v 3.8477 -2.6931 -1.7808
v 3.8477 -2.6307 -1.7808
v 4.0650 -2.6931 -1.0643
v 4.0650 -2.6307 -1.0643
v 4.1384 -2.6931 -0.3192
v 4.1384 -2.6307 -0.3192
v 4.0650 -2.6931 0.4258
v 4.0650 -2.6307 0.4258
v 3.8477 -2.6931 1.1423
v 3.8477 -2.6307 1.1423
v 3.4947 -2.6931 1.8025
v 3.4947 -2.6307 1.8025
v 3.0198 -2.6931 2.3813
v 3.0198 -2.6307 2.3813
v 2.4410 -2.6931 2.8562
v 2.4410 -2.6307 2.8562
v 2.4410 -3.1147 2.8562
v 2.4410 -3.0523 2.8562
v 1.7808 -3.1147 3.2092
v 1.7808 -3.0523 3.2092
v 1.0643 -3.1147 3.4265
v 1.0643 -3.0523 3.4265
v 0.3192 -3.1147 3.4999
v 0.3192 -3.0523 3.4999
v -0.4258 -3.1147 3.4265
v -0.4258 -3.0523 3.4265
v -1.1423 -3.1147 3.2092
v -1.1423 -3.0523 3.2092
v -1.8025 -3.1147 2.8562
v -1.8025 -3.0523 2.8562
v -2.3813 -3.1147 2.3813
v -2.3813 -3.0523 2.3813
v -2.8562 -3.1147 1.8025
v -2.8562 -3.0523 1.8025
v -3.2092 -3.1147 1.1423
v -3.2092 -3.0523 1.1423
v -3.4265 -3.1147 0.4258
v -3.4265 -3.0523 0.4258
v -3.4999 -3.1147 -0.3192
v -3.4999 -3.0523 -0.3192
v -3.4265 -3.1147 -1.0643
v -3.4265 -3.0523 -1.0643
v -3.2092 -3.1147 -1.7808
v -3.2092 -3.0523 -1.7808
v -2.8562 -3.1147 -2.4410
v -2.8562 -3.0523 -2.4410
v -2.3813 -3.1147 -3.0198
v -2.3813 -3.0523 -3.0198
v -1.8026 -3.1147 -3.4947
v -1.8026 -3.0523 -3.4947
v 0.3192 5.1651 0.2409
v 0.3192 5.2057 0.2409
v 0.2100 5.1651 0.2301
v 0.2100 5.2057 0.2301
v 0.1049 5.1651 0.1983
v 0.1049 5.2057 0.1983
v 0.0080 5.1651 0.1465
v 0.0080 5.2057 0.1465
v -0.0768 5.1651 0.0768
v -0.0768 5.2057 0.0768
v -0.1465 5.1651 -0.0080
v -0.1465 5.2057 -0.0080
v -0.1983 5.1651 -0.1049
v -0.1983 5.2057 -0.1049
v -0.2301 5.1651 -0.2100
v -0.2301 5.2057 -0.2100
v -0.2409 5.1651 -0.3192
v -0.2409 5.2057 -0.3192
v -0.2301 5.1651 -0.4285
v -0.2301 5.2057 -0.4285
v -0.1983 5.1651 -0.5336
v -0.1983 5.2057 -0.5336
v -0.1465 5.1651 -0.6305
v -0.1465 5.2057 -0.6305
v -0.0768 5.1651 -0.7153
v -0.0768 5.2057 -0.7153
v 0.0080 5.1651 -0.7850
v 0.0080 5.2057 -0.7850
v 0.1049 5.1651 -0.8368
v 0.1049 5.2057 -0.8368
v 0.2100 5.1651 -0.8686
v 0.2100 5.2057 -0.8686
v 0.3192 5.1651 -0.8794
v 0.3192 5.2057 -0.8794
v 0.4285 5.1651 -0.8686
v 0.4285 5.2057 -0.8686
v 0.5336 5.1651 -0.8368
v 0.5336 5.2057 -0.8368
v 0.6305 5.1651 -0.7850
v 0.6305 5.2057 -0.7850
v 0.7153 5.1651 -0.7153
v 0.7153 5.2057 -0.7153
v 0.7850 5.1651 -0.6305
v 0.7850 5.2057 -0.6305
v 0.8368 5.1651 -0.5336
v 0.8368 5.2057 -0.5336
v 0.8686 5.1651 -0.4285
v 0.8686 5.2057 -0.4285
v 0.8794 5.1651 -0.3192
v 0.8794 5.2057 -0.3192
v 0.8686 5.1651 -0.2100
v 0.8686 5.2057 -0.2100
v 0.8368 5.1651 -0.1049
v 0.8368 5.2057 -0.1049
v 0.7850 5.1651 -0.0080
v 0.7850 5.2057 -0.0080
v 0.7153 5.1651 0.0768
v 0.7153 5.2057 0.0768
v 0.6305 5.1651 0.1465
v 0.6305 5.2057 0.1465
v 0.5336 5.1651 0.1983
v 0.5336 5.2057 0.1983
v 0.4285 5.1651 0.2301
v 0.4285 5.2057 0.2301
v 0.3192 5.1651 0.2409
v 0.3192 5.2057 0.2409
v 2.4410 -3.0523 2.8562
v 2.4410 -3.1147 2.8562
v 3.0198 -3.0523 2.3813
v 3.0198 -3.1147 2.3813
v 3.4947 -3.0523 1.8025
v 3.4947 -3.1147 1.8025
v 3.8477 -3.0523 1.1423
v 3.8477 -3.1147 1.1423
v 4.0650 -3.0523 0.4258
v 4.0650 -3.1147 0.4258
v 4.1384 -3.0523 -0.3192
v 4.1384 -3.1147 -0.3192
v 4.0650 -3.0523 -1.0643
v 4.0650 -3.1147 -1.0643
v 3.8477 -3.0523 -1.7808
v 3.8477 -3.1147 -1.7808
v 3.4947 -3.0523 -2.4410
v 3.4947 -3.1147 -2.4410
v 3.0198 -3.0523 -3.0198
v 3.0198 -3.1147 -3.0198
v 2.4410 -3.0523 -3.4947
v 2.4410 -3.1147 -3.4947
v 1.7808 -3.0523 -3.8477
v 1.7808 -3.1147 -3.8477
v 1.0643 -3.0523 -4.0650
v 1.0643 -3.1147 -4.0650
v 0.3192 -3.0523 -4.1384
v 0.3192 -3.1147 -4.1384
v -0.4258 -3.0523 -4.0650
v -0.4258 -3.1147 -4.0650
v -1.1423 -3.0523 -3.8477
v -1.1423 -3.1147 -3.8477
v -1.8026 -3.0523 -3.4947
v -1.8026 -3.1147 -3.4947
v 2.4200 -3.0523 2.8248
v 2.4200 -2.6931 2.8248
v 1.7663 -3.0523 3.1742
v 1.7663 -2.6931 3.1742
v 1.0569 -3.0523 3.3894
v 1.0569 -2.6931 3.3894
v 0.3192 -3.0523 3.4620
v 0.3192 -2.6931 3.4620
v -0.4184 -3.0523 3.3894
v -0.4184 -2.6931 3.3894
v -1.1278 -3.0523 3.1742
v -1.1278 -2.6931 3.1742
v -1.7815 -3.0523 2.8248
v -1.7815 -2.6931 2.8248
v -2.3545 -3.0523 2.3545
v -2.3545 -2.6931 2.3545
v -2.8248 -3.0523 1.7815
v -2.8248 -2.6931 1.7815
v -3.1742 -3.0523 1.1278
v -3.1742 -2.6931 1.1278
v -3.3894 -3.0523 0.4184
v -3.3894 -2.6931 0.4184
v -3.4620 -3.0523 -0.3192
v -3.4620 -2.6931 -0.3192
v -3.3894 -3.0523 -1.0569
v -3.3894 -2.6931 -1.0569
v -3.1742 -3.0523 -1.7663
v -3.1742 -2.6931 -1.7663
v -2.8248 -3.0523 -2.4200
v -2.8248 -2.6931 -2.4200
v -2.3545 -3.0523 -2.9930
v -2.3545 -2.6931 -2.9930
v -1.7815 -3.0523 -3.4633
v -1.7815 -2.6931 -3.4633
v 2.4200 -2.6931 2.8248
v 2.4200 -3.0523 2.8248
v 2.9930 -2.6931 2.3545
v 2.9930 -3.0523 2.3545
v 3.4633 -2.6931 1.7815
v 3.4633 -3.0523 1.7815
v 3.8127 -2.6931 1.1278
v 3.8127 -3.0523 1.1278
v 4.0279 -2.6931 0.4184
v 4.0279 -3.0523 0.4184
v 4.1005 -2.6931 -0.3192
v 4.1005 -3.0523 -0.3192
v 4.0279 -2.6931 -1.0569
v 4.0279 -3.0523 -1.0569
v 3.8127 -2.6931 -1.7663
v 3.8127 -3.0523 -1.7663
v 3.4633 -2.6931 -2.4200
v 3.4633 -3.0523 -2.4200
v 2.9930 -2.6931 -2.9930
v 2.9930 -3.0523 -2.9930
v 2.4200 -2.6931 -3.4633
v 2.4200 -3.0523 -3.4633
v 1.7663 -2.6931 -3.8127
v 1.7663 -3.0523 -3.8127
v 1.0569 -2.6931 -4.0279
v 1.0569 -3.0523 -4.0279
v 0.3192 -2.6931 -4.1005
v 0.3192 -3.0523 -4.1005
v -0.4185 -2.6931 -4.0279
v -0.4185 -3.0523 -4.0279
v -1.1278 -2.6931 -3.8127
v -1.1278 -3.0523 -3.8127
v -1.7815 -2.6931 -3.4633
v -1.7815 -3.0523 -3.4633
v 2.4410 -2.6931 2.8562
v 2.4410 -2.6307 2.8562
v 1.7808 -2.6931 3.2092
v 1.7808 -2.6307 3.2092
v 1.0643 -2.6931 3.4265
v 1.0643 -2.6307 3.4265
v 0.3192 -2.6931 3.4999
v 0.3192 -2.6307 3.4999
v -0.4258 -2.6931 3.4265
v -0.4258 -2.6307 3.4265
v -1.1423 -2.6931 3.2092
v -1.1423 -2.6307 3.2092
v -1.8025 -2.6931 2.8562
v -1.8025 -2.6307 2.8562
v -2.3813 -2.6931 2.3813
v -2.3813 -2.6307 2.3813
v -2.8562 -2.6931 1.8025
v -2.8562 -2.6307 1.8025
v -3.2092 -2.6931 1.1423
v -3.2092 -2.6307 1.1423
v -3.4265 -2.6931 0.4258
v -3.4265 -2.6307 0.4258
v -3.4999 -2.6931 -0.3192
v -3.4999 -2.6307 -0.3192
v -3.4265 -2.6931 -1.0643
v -3.4265 -2.6307 -1.0643
v -3.2092 -2.6931 -1.7808
v -3.2092 -2.6307 -1.7808
v -2.8562 -2.6931 -2.4410
v -2.8562 -2.6307 -2.4410
v -2.3813 -2.6931 -3.0198
v -2.3813 -2.6307 -3.0198
v -1.8026 -2.6931 -3.4947
v -1.8026 -2.6307 -3.4947
v -1.9878 0.0303 -5.8811
v -1.9968 0.0811 -5.9106
v -0.8555 0.0302 -6.2249
v -0.8615 0.0811 -6.2550
v 0.3192 0.0302 -6.3406
v 0.3192 0.0811 -6.3713
v 1.4969 0.0303 -6.2244
v 1.4999 0.0811 -6.2550
v -1.9968 0.0811 -5.9106
v -1.9878 0.0303 -5.8811
v -2.3973 -0.5497 -6.8775
v -2.3884 -0.6005 -6.8481
v -1.7815 -2.6931 -3.4633
v -1.8026 -2.6931 -3.4947
v -1.1278 -2.6931 -3.8127
v -1.1423 -2.6931 -3.8477
v -0.4185 -2.6931 -4.0279
v -0.4258 -2.6931 -4.0650
v 0.3192 -2.6931 -4.1005
v 0.3192 -2.6931 -4.1384
v 1.0569 -2.6931 -4.0279
v 1.0643 -2.6931 -4.0650
v 1.7663 -2.6931 -3.8127
v 1.7808 -2.6931 -3.8477
v 2.4200 -2.6931 -3.4633
v 2.4410 -2.6931 -3.4947
v 2.9930 -2.6931 -2.9930
v 3.0198 -2.6931 -3.0198
v 3.4633 -2.6931 -2.4200
v 3.4947 -2.6931 -2.4410
v 3.8127 -2.6931 -1.7663
v 3.8477 -2.6931 -1.7808
v 4.0279 -2.6931 -1.0569
v 4.0650 -2.6931 -1.0643
v 4.1005 -2.6931 -0.3192
v 4.1384 -2.6931 -0.3192
v 4.0279 -2.6931 0.4184
v 4.0650 -2.6931 0.4258
v 3.8127 -2.6931 1.1278
v 3.8477 -2.6931 1.1423
v 3.4633 -2.6931 1.7815
v 3.4947 -2.6931 1.8025
v 2.9930 -2.6931 2.3545
v 3.0198 -2.6931 2.3813
v 2.4200 -2.6931 2.8248
v 2.4410 -2.6931 2.8562
v -1.8026 -2.6931 -3.4947
v -1.7815 -2.6931 -3.4633
v -2.3813 -2.6931 -3.0198
v -2.3545 -2.6931 -2.9930
v -2.8562 -2.6931 -2.4410
v -2.8248 -2.6931 -2.4200
v -3.2092 -2.6931 -1.7808
v -3.1742 -2.6931 -1.7663
v -3.4265 -2.6931 -1.0643
v -3.3894 -2.6931 -1.0569
v -3.4999 -2.6931 -0.3192
v -3.4620 -2.6931 -0.3192
v -3.4265 -2.6931 0.4258
v -3.3894 -2.6931 0.4184
v -3.2092 -2.6931 1.1423
v -3.1742 -2.6931 1.1278
v -2.8562 -2.6931 1.8025
v -2.8248 -2.6931 1.7815
v -2.3813 -2.6931 2.3813
v -2.3545 -2.6931 2.3545
v -1.8025 -2.6931 2.8562
v -1.7815 -2.6931 2.8248
v -1.1423 -2.6931 3.2092
v -1.1278 -2.6931 3.1742
v -0.4258 -2.6931 3.4265
v -0.4184 -2.6931 3.3894
v 0.3192 -2.6931 3.4999
v 0.3192 -2.6931 3.4620
v 1.0643 -2.6931 3.4265
v 1.0569 -2.6931 3.3894
v 1.7808 -2.6931 3.2092
v 1.7663 -2.6931 3.1742
v 2.4410 -2.6931 2.8562
v 2.4200 -2.6931 2.8248
v 9.3767 -2.9357 -9.3768
v 9.3427 -2.9908 -9.3488
v 10.9697 -2.9357 -7.4357
v 10.9357 -2.9908 -7.4078
v 0.3192 2.6007 4.6444
v 0.3192 1.9276 4.6444
v 1.2876 2.6007 4.5491
v 1.2876 1.9276 4.5491
v 2.2188 2.6007 4.2666
v 2.2188 1.9276 4.2666
v 3.0769 2.6007 3.8079
v 3.0769 1.9276 3.8079
v 3.8291 2.6007 3.1906
v 3.8291 1.9276 3.1906
v 4.4464 2.6007 2.4384
v 4.4464 1.9276 2.4384
v 4.9051 2.6007 1.5803
v 4.9051 1.9276 1.5803
v 5.1876 2.6007 0.6491
v 5.1876 1.9276 0.6491
v 5.2829 2.6007 -0.3192
v 5.2829 1.9276 -0.3192
v 5.1876 2.6007 -1.2876
v 5.1876 1.9276 -1.2876
v 4.9051 2.6007 -2.2188
v 4.9051 1.9276 -2.2188
v 4.4464 2.6007 -3.0769
v 4.4464 1.9276 -3.0769
v 3.8291 2.6007 -3.8291
v 3.8291 1.9276 -3.8291
v 3.0769 2.6007 -4.4464
v 3.0769 1.9276 -4.4464
v 2.2188 2.6007 -4.9051
v 2.2188 1.9276 -4.9051
v 1.2876 2.6007 -5.1876
v 1.2876 1.9276 -5.1876
v 0.3192 2.6007 -5.2829
v 0.3192 1.9276 -5.2829
v -0.6491 2.6007 -5.1876
v -0.6491 1.9276 -5.1876
v -1.5803 2.6007 -4.9051
v -1.5803 1.9276 -4.9051
v -2.4384 2.6007 -4.4464
v -2.4384 1.9276 -4.4464
v -3.1906 2.6007 -3.8291
v -3.1906 1.9276 -3.8291
v -3.8079 2.6007 -3.0769
v -3.8079 1.9276 -3.0769
v -4.2666 2.6007 -2.2188
v -4.2666 1.9276 -2.2188
v -4.5491 2.6007 -1.2876
v -4.5491 1.9276 -1.2876
v -4.6444 2.6007 -0.3192
v -4.6444 1.9276 -0.3192
v -4.5491 2.6007 0.6491
v -4.5491 1.9276 0.6491
v -4.2666 2.6007 1.5803
v -4.2666 1.9276 1.5803
v -3.8079 2.6007 2.4384
v -3.8079 1.9276 2.4384
v -3.1906 2.6007 3.1906
v -3.1906 1.9276 3.1906
v -2.4384 2.6007 3.8079
v -2.4384 1.9276 3.8079
v -1.5803 2.6007 4.2666
v -1.5803 1.9276 4.2666
v -0.6491 2.6007 4.5491
v -0.6491 1.9276 4.5491
v 0.3192 2.6007 4.6444
v 0.3192 1.9276 4.6444
v -1.7815 -3.0523 -3.4633
v -1.8026 -3.0523 -3.4947
v -2.3545 -3.0523 -2.9930
v -2.3813 -3.0523 -3.0198
v -2.8248 -3.0523 -2.4200
v -2.8562 -3.0523 -2.4410
v -3.1742 -3.0523 -1.7663
v -3.2092 -3.0523 -1.7808
v -3.3894 -3.0523 -1.0569
v -3.4265 -3.0523 -1.0643
v -3.4620 -3.0523 -0.3192
v -3.4999 -3.0523 -0.3192
v -3.3894 -3.0523 0.4184
v -3.4265 -3.0523 0.4258
v -3.1742 -3.0523 1.1278
v -3.2092 -3.0523 1.1423
v -2.8248 -3.0523 1.7815
v -2.8562 -3.0523 1.8025
v -2.3545 -3.0523 2.3545
v -2.3813 -3.0523 2.3813
v -1.7815 -3.0523 2.8248
v -1.8025 -3.0523 2.8562
v -1.1278 -3.0523 3.1742
v -1.1423 -3.0523 3.2092
v -0.4184 -3.0523 3.3894
v -0.4258 -3.0523 3.4265
v 0.3192 -3.0523 3.4620
v 0.3192 -3.0523 3.4999
v 1.0569 -3.0523 3.3894
v 1.0643 -3.0523 3.4265
v 1.7663 -3.0523 3.1742
v 1.7808 -3.0523 3.2092
v 2.4200 -3.0523 2.8248
v 2.4410 -3.0523 2.8562
v -3.0431 0.0811 -5.3513
v -3.0236 0.0303 -5.3275
v -3.9602 0.0811 -4.5987
v -3.9385 0.0302 -4.5770
v -4.7128 0.0811 -3.6816
v -4.6873 0.0302 -3.6645
v -5.2721 0.0811 -2.6353
v -5.2450 0.0303 -2.6207
v -5.4499 -4.5580 -0.1898
v -5.4893 -4.4615 -0.1774
v -5.4785 -4.5288 -0.5095
v -5.5179 -4.4323 -0.4971
v -7.9265 -3.4363 -0.0519
v -8.0136 -3.4947 -0.0575
v -7.9139 -3.4242 -0.3737
v -8.0010 -3.4826 -0.3793
v 4.9031 1.1863 -3.8443
v 4.8653 1.0982 -3.8893
v 4.9164 1.2901 -3.8285
v 4.7419 1.2901 -4.0362
v 4.9031 1.3939 -3.8443
v 4.8653 1.4820 -3.8893
v 4.8087 1.0394 -3.9567
v 4.7419 1.0188 -4.0362
v 4.6750 1.0394 -4.1157
v 4.6184 1.0982 -4.1831
v 4.5806 1.1863 -4.2281
v 4.5673 1.2901 -4.2439
v 4.5806 1.3939 -4.2281
v 4.6184 1.4820 -4.1831
v 4.6750 1.5408 -4.1157
v 4.7419 1.5614 -4.0362
v 4.8087 1.5408 -3.9567
v 5.7464 1.0188 -2.2994
v 5.7818 1.0188 -2.3123
v 5.7108 1.0394 -2.3970
v 5.7462 1.0394 -2.4099
v 5.6807 1.0982 -2.4797
v 5.7160 1.0982 -2.4926
v 5.6605 1.1863 -2.5349
v 5.6958 1.1863 -2.5478
v 5.6534 1.2901 -2.5543
v 5.6888 1.2901 -2.5672
v 5.6605 1.3939 -2.5349
v 5.6958 1.3939 -2.5478
v 5.6807 1.4820 -2.4797
v 5.7160 1.4820 -2.4926
v 5.7108 1.5408 -2.3970
v 5.7462 1.5408 -2.4099
v 5.7464 1.5614 -2.2994
v 5.7818 1.5614 -2.3123
v 5.7820 1.5408 -2.2019
v 5.8174 1.5408 -2.2148
v 5.8122 1.4820 -2.1192
v 5.8475 1.4820 -2.1321
v 5.8323 1.3939 -2.0639
v 5.8677 1.3939 -2.0768
v 5.8394 1.2901 -2.0445
v 5.8748 1.2901 -2.0574
v 5.8323 1.1863 -2.0639
v 5.8677 1.1863 -2.0768
v 5.8122 1.0982 -2.1192
v 5.8475 1.0982 -2.1321
v 5.7820 1.0394 -2.2019
v 5.8174 1.0394 -2.2148
v 5.7464 1.0188 -2.2994
v 5.7818 1.0188 -2.3123
v -8.0071 -3.4947 0.0699
v -7.9210 -3.4363 0.0554
v -7.9614 -3.4826 0.3887
v -7.8753 -3.4242 0.3742
v -5.4893 -4.4615 -0.1774
v -6.2003 -4.6031 -0.1408
v -5.5179 -4.4323 -0.4971
v -6.2168 -4.5715 -0.4611
v -6.9113 -4.4615 -0.1041
v -6.9157 -4.4323 -0.4250
v -7.5141 -4.0581 -0.0730
v -7.5083 -4.0358 -0.3944
v -7.9265 -3.4363 -0.0519
v -7.9139 -3.4242 -0.3737
v -3.9482 1.1863 -4.2214
v -3.9860 1.0982 -4.1763
v -3.9350 1.2901 -4.2372
v -4.1092 1.2901 -4.0292
v -3.9482 1.3939 -4.2214
v -3.9860 1.4820 -4.1763
v -4.0426 1.0394 -4.1088
v -4.1092 1.0188 -4.0292
v -4.1759 1.0394 -3.9496
v -4.2324 1.0982 -3.8821
v -4.2702 1.1863 -3.8371
v -4.2835 1.2901 -3.8212
v -4.2702 1.3939 -3.8371
v -4.2324 1.4820 -3.8821
v -4.1759 1.5408 -3.9496
v -4.1092 1.5614 -4.0292
v -4.0426 1.5408 -4.1088
v 0.0884 3.8047 3.9042
v 0.0884 3.8047 4.0857
v -0.2902 3.8047 3.9042
v -0.2902 3.8047 4.0857
v 0.0884 3.8507 4.2525
v -0.2902 3.8507 4.2525
v -5.4794 -4.4323 0.2504
v -6.1783 -4.5715 0.2864
v -5.4838 -4.4615 -0.0706
v -6.1948 -4.6031 -0.0339
v -6.8771 -4.4323 0.3225
v -6.9057 -4.4615 0.0028
v -7.4698 -4.0358 0.3531
v -7.5086 -4.0581 0.0339
v -7.8753 -3.4242 0.3742
v -7.9210 -3.4363 0.0554
v -5.5859 0.0303 -1.4969
v -5.6165 0.0811 -1.4999
v -6.6124 -0.6005 -1.7011
v -6.6430 -0.5497 -1.7041
v -5.4389 -4.5288 0.2586
v -5.4794 -4.4323 0.2504
v -5.4434 -4.5580 -0.0623
v -5.4838 -4.4615 -0.0706
v -5.4794 -4.4323 0.2504
v -5.4389 -4.5288 0.2586
v -6.1783 -4.5715 0.2864
v -6.1777 -4.6760 0.2967
v -6.8771 -4.4323 0.3225
v -6.9166 -4.5288 0.3348
v -7.4698 -4.0358 0.3531
v -7.5429 -4.1098 0.3671
v -7.8753 -3.4242 0.3742
v -7.9614 -3.4826 0.3887
v -5.4785 -4.5288 -0.5095
v -5.5179 -4.4323 -0.4971
v -6.2174 -4.6760 -0.4713
v -6.2168 -4.5715 -0.4611
v -6.9562 -4.5288 -0.4332
v -6.9157 -4.4323 -0.4250
v -7.5825 -4.1098 -0.4009
v -7.5083 -4.0358 -0.3944
v -8.0010 -3.4826 -0.3793
v -7.9139 -3.4242 -0.3737
v -5.2450 0.0303 -2.6207
v -4.6873 0.0302 -3.6645
v -6.2119 -0.6005 -3.0213
v -5.5576 -0.6005 -4.2460
v -3.9385 0.0302 -4.5770
v -4.6786 -0.6005 -5.3171
v -3.0236 0.0303 -5.3275
v -3.6050 -0.6005 -6.1978
v -6.6124 -0.6005 -1.7011
v -6.7487 -0.6005 -0.3192
v -5.5859 0.0303 -1.4969
v -5.7021 0.0302 -0.3192
v -6.6129 -0.6005 1.0596
v -5.5864 0.0302 0.8555
v -6.2096 -0.6005 2.3884
v -5.2427 0.0303 1.9878
v 1.7011 -0.6005 -7.2509
v 0.3192 -0.6005 -7.3872
v 1.4969 0.0303 -6.2244
v 0.3192 0.0302 -6.3406
v -1.0597 -0.6005 -7.2514
v -0.8555 0.0302 -6.2249
v -2.3884 -0.6005 -6.8481
v -1.9878 0.0303 -5.8811
v 7.2509 -0.6005 1.0626
v 7.3872 -0.6005 -0.3192
v 6.2244 0.0303 0.8584
v 6.3406 0.0302 -0.3192
v 7.2514 -0.6005 -1.6981
v 6.2249 0.0302 -1.4940
v 6.8481 -0.6005 -3.0268
v 5.8811 0.0303 -2.6263
v -5.5593 -0.6005 3.6050
v -4.6786 -0.6005 4.6786
v -4.6890 0.0303 3.0236
v -3.9385 0.0302 3.9385
v -3.6075 -0.6005 5.5576
v -3.0260 0.0302 4.6873
v -2.3828 -0.6005 6.2119
v -1.9823 0.0303 5.2450
v 2.6263 0.0303 5.2427
v 1.4940 0.0302 5.5864
v 3.0268 -0.6005 6.2096
v 1.6981 -0.6005 6.6129
v 0.3192 0.0302 5.7021
v 0.3192 -0.6005 6.7487
v -0.8584 0.0303 5.5859
v -1.0626 -0.6005 6.6124
v 4.2435 -0.6005 5.5593
v 5.3171 -0.6005 4.6786
v 3.6621 0.0303 4.6890
v 4.5770 0.0302 3.9385
v 6.1961 -0.6005 3.6075
v 5.3258 0.0302 3.0260
v 6.8504 -0.6005 2.3828
v 5.8835 0.0303 1.9823
v -1.0626 -0.6005 6.6124
v -1.0656 -0.5497 6.6430
v 0.3192 -0.6005 6.7487
v 0.3192 -0.5497 6.7794
v 1.6981 -0.6005 6.6129
v 1.7041 -0.5497 6.6430
v 3.0268 -0.6005 6.2096
v 3.0358 -0.5497 6.2390
v -5.4893 -4.4615 -0.1774
v -5.4499 -4.5580 -0.1898
v -6.2003 -4.6031 -0.1408
v -6.2008 -4.7076 -0.1510
v -6.9113 -4.4615 -0.1041
v -6.9517 -4.5580 -0.1123
v -7.5141 -4.0581 -0.0730
v -7.5883 -4.1321 -0.0795
v -7.9265 -3.4363 -0.0519
v -8.0136 -3.4947 -0.0575
v -5.2427 0.0303 1.9878
v -5.2721 0.0811 1.9968
v -5.5864 0.0302 0.8555
v -5.6165 0.0811 0.8614
v -5.7021 0.0302 -0.3192
v -5.7328 0.0811 -0.3192
v -5.5859 0.0303 -1.4969
v -5.6165 0.0811 -1.4999
v -5.5593 -0.6005 3.6050
v -5.5831 -0.5497 3.6245
v -4.6786 -0.6005 4.6786
v -4.7002 -0.5497 4.7002
v -3.6075 -0.6005 5.5576
v -3.6245 -0.5497 5.5831
v -2.3828 -0.6005 6.2119
v -2.3973 -0.5497 6.2390
v 4.7124 -3.4947 6.7664
v 4.6737 -3.4363 6.6881
v 4.4807 -4.1321 6.4090
v 4.4492 -4.0581 6.3415
v 4.1340 -4.5580 5.8741
v 4.1208 -4.4615 5.8350
v 3.7250 -4.7076 5.2432
v 3.7336 -4.6031 5.2376
v 3.3160 -4.5580 4.6123
v 3.3463 -4.4615 4.6402
v -3.0236 0.0303 -5.3275
v -3.0431 0.0811 -5.3513
v -3.6050 -0.6005 -6.1978
v -3.6245 -0.5497 -6.2215
v 2.6353 0.0811 5.2721
v 2.6263 0.0303 5.2427
v 3.0358 -0.5497 6.2390
v 3.0268 -0.6005 6.2096
v -4.7128 0.0811 3.0431
v -4.6890 0.0303 3.0236
v -3.9602 0.0811 3.9602
v -3.9385 0.0302 3.9385
v -3.0431 0.0811 4.7128
v -3.0260 0.0302 4.6873
v -1.9968 0.0811 5.2721
v -1.9823 0.0303 5.2450
v 3.3160 -4.5580 4.6123
v 3.3463 -4.4615 4.6402
v 3.0534 -4.5288 4.7969
v 3.0838 -4.4323 4.8248
v 4.3887 -3.4242 6.8381
v 4.4274 -3.4826 6.9164
v 4.1679 -4.0358 6.4972
v 4.1994 -4.1098 6.5647
v 3.8451 -4.4323 5.9993
v 3.8582 -4.5288 6.0384
v 3.4645 -4.5715 5.4121
v 3.4558 -4.6760 5.4177
v 3.0838 -4.4323 4.8248
v 3.0534 -4.5288 4.7969
v 7.2509 -0.6005 1.0626
v 7.2815 -0.5497 1.0656
v 7.3872 -0.6005 -0.3192
v 7.4179 -0.5497 -0.3192
v 7.2514 -0.6005 -1.6981
v 7.2815 -0.5497 -1.7041
v 6.8481 -0.6005 -3.0268
v 6.8775 -0.5497 -3.0358
v 1.4969 0.0303 -6.2244
v 1.4999 0.0811 -6.2550
v 1.7011 -0.6005 -7.2509
v 1.7041 -0.5497 -7.2815
v -6.2390 -0.5497 -3.0358
v -6.2119 -0.6005 -3.0213
v -5.5831 -0.5497 -4.2630
v -5.5576 -0.6005 -4.2460
v -4.7003 -0.5497 -5.3387
v -4.6786 -0.6005 -5.3171
v -3.6245 -0.5497 -6.2215
v -3.6050 -0.6005 -6.1978
v -5.2721 0.0811 -2.6353
v -5.2450 0.0303 -2.6207
v -6.2390 -0.5497 -3.0358
v -6.2119 -0.6005 -3.0213
v -6.2390 -0.5497 2.3973
v -6.2096 -0.6005 2.3884
v -6.6430 -0.5497 1.0656
v -6.6129 -0.6005 1.0596
v -6.7794 -0.5497 -0.3192
v -6.7487 -0.6005 -0.3192
v -6.6430 -0.5497 -1.7041
v -6.6124 -0.6005 -1.7011
v 4.2630 -0.5497 5.5831
v 4.2435 -0.6005 5.5593
v 3.6816 0.0811 4.7128
v 3.6621 0.0303 4.6890
v -4.6890 0.0303 3.0236
v -4.7128 0.0811 3.0431
v -5.5593 -0.6005 3.6050
v -5.5831 -0.5497 3.6245
v 5.8811 0.0303 -2.6263
v 5.9106 0.0811 -2.6353
v 6.2249 0.0302 -1.4940
v 6.2550 0.0811 -1.4999
v 6.3406 0.0302 -0.3192
v 6.3713 0.0811 -0.3192
v 6.2244 0.0303 0.8584
v 6.2550 0.0811 0.8614
v 3.0213 -0.6005 -6.8504
v 3.0358 -0.5497 -6.8775
v 2.6208 0.0303 -5.8835
v 2.6353 0.0811 -5.9106
v 5.9106 0.0811 -2.6353
v 5.8811 0.0303 -2.6263
v 6.8775 -0.5497 -3.0358
v 6.8481 -0.6005 -3.0268
v 2.4200 -3.0523 2.8248
v 2.4410 -3.0523 2.8562
v 2.9930 -3.0523 2.3545
v 3.0198 -3.0523 2.3813
v 3.4633 -3.0523 1.7815
v 3.4947 -3.0523 1.8025
v 3.8127 -3.0523 1.1278
v 3.8477 -3.0523 1.1423
v 4.0279 -3.0523 0.4184
v 4.0650 -3.0523 0.4258
v 4.1005 -3.0523 -0.3192
v 4.1384 -3.0523 -0.3192
v 4.0279 -3.0523 -1.0569
v 4.0650 -3.0523 -1.0643
v 3.8127 -3.0523 -1.7663
v 3.8477 -3.0523 -1.7808
v 3.4633 -3.0523 -2.4200
v 3.4947 -3.0523 -2.4410
v 2.9930 -3.0523 -2.9930
v 3.0198 -3.0523 -3.0198
v 2.4200 -3.0523 -3.4633
v 2.4410 -3.0523 -3.4947
v 1.7663 -3.0523 -3.8127
v 1.7808 -3.0523 -3.8477
v 1.0569 -3.0523 -4.0279
v 1.0643 -3.0523 -4.0650
v 0.3192 -3.0523 -4.1005
v 0.3192 -3.0523 -4.1384
v -0.4185 -3.0523 -4.0279
v -0.4258 -3.0523 -4.0650
v -1.1278 -3.0523 -3.8127
v -1.1423 -3.0523 -3.8477
v -1.7815 -3.0523 -3.4633
v -1.8026 -3.0523 -3.4947
v 6.8775 -0.5497 2.3973
v 6.8504 -0.6005 2.3828
v 6.2215 -0.5497 3.6245
v 6.1961 -0.6005 3.6075
v 5.3387 -0.5497 4.7002
v 5.3171 -0.6005 4.6786
v 4.2630 -0.5497 5.5831
v 4.2435 -0.6005 5.5593
v 4.8194 -3.4947 6.6970
v 4.7638 -3.4363 6.6297
v 5.0727 -3.4826 6.4980
v 5.0171 -3.4242 6.4308
v 3.6816 0.0811 4.7128
v 3.6621 0.0303 4.6890
v 4.5987 0.0811 3.9602
v 4.5770 0.0302 3.9385
v 5.3513 0.0811 3.0431
v 5.3258 0.0302 3.0260
v 5.9106 0.0811 1.9968
v 5.8835 0.0303 1.9823
v -5.2721 0.0811 1.9968
v -5.2427 0.0303 1.9878
v -6.2390 -0.5497 2.3973
v -6.2096 -0.6005 2.3884
v 2.6263 0.0303 5.2427
v 2.6353 0.0811 5.2721
v 1.4940 0.0302 5.5864
v 1.4999 0.0811 5.6165
v 0.3192 0.0302 5.7021
v 0.3192 0.0811 5.7328
v -0.8584 0.0303 5.5859
v -0.8614 0.0811 5.6165
v -2.3828 -0.6005 6.2119
v -2.3973 -0.5497 6.2390
v -1.9823 0.0303 5.2450
v -1.9968 0.0811 5.2721
v -1.0656 -0.5497 6.6430
v -1.0626 -0.6005 6.6124
v -0.8614 0.0811 5.6165
v -0.8584 0.0303 5.5859
v -2.3973 -0.5497 -6.8775
v -2.3884 -0.6005 -6.8481
v -1.0656 -0.5497 -7.2815
v -1.0597 -0.6005 -7.2514
v 0.3192 -0.5497 -7.4179
v 0.3192 -0.6005 -7.3872
v 1.7041 -0.5497 -7.2815
v 1.7011 -0.6005 -7.2509
v 7.2815 -0.5497 1.0656
v 7.2509 -0.6005 1.0626
v 6.2550 0.0811 0.8614
v 6.2244 0.0303 0.8584
v 3.3463 -4.4615 4.6402
v 3.7336 -4.6031 5.2376
v 3.0838 -4.4323 4.8248
v 3.4645 -4.5715 5.4121
v 4.1208 -4.4615 5.8350
v 3.8451 -4.4323 5.9993
v 4.4492 -4.0581 6.3415
v 4.1679 -4.0358 6.4972
v 4.6737 -3.4363 6.6881
v 4.3887 -3.4242 6.8381
v 9.3427 -2.9908 -9.3488
v 9.3767 -2.9357 -9.3768
v 9.1022 -2.6763 -9.1079
v 9.1343 -2.6195 -9.1343
v 8.8634 -2.4506 -8.8688
v 8.8936 -2.3920 -8.8936
v 8.2400 -1.9805 -8.2446
v 8.2657 -1.9184 -8.2657
v 9.3427 -2.9908 -9.3488
v 9.1022 -2.6763 -9.1079
v 10.9357 -2.9908 -7.4078
v 10.6525 -2.6763 -7.2188
v 8.8634 -2.4506 -8.8688
v 10.3714 -2.4506 -7.0313
v 9.6375 -1.9805 -6.5416
v 8.2400 -1.9805 -8.2446
v 5.2126 -2.9727 11.4867
v 5.2211 -2.9357 11.5149
v 5.0818 -2.6576 11.1715
v 5.0899 -2.6195 11.1982
v 4.9520 -2.4313 10.8586
v 4.9596 -2.3920 10.8837
v 4.6133 -1.9600 10.0419
v 4.6198 -1.9184 10.0633
v -12.2018 -2.9908 -2.8054
v -12.2439 -2.9357 -2.8182
v -11.8678 -2.6763 -2.7392
v -11.9076 -2.6195 -2.7513
v -11.5363 -2.4506 -2.6735
v -11.5737 -2.3920 -2.6849
v -10.6709 -1.9805 -2.5020
v -10.7028 -1.9184 -2.5116
v 4.7638 -3.4363 6.6297
v 4.5390 -4.0581 6.2833
v 5.0171 -3.4242 6.4308
v 4.7960 -4.0358 6.0901
v 4.2106 -4.4615 5.7768
v 4.4732 -4.4323 5.5921
v 3.8234 -4.6031 5.1794
v 4.0925 -4.5715 5.0049
v 3.4362 -4.4615 4.5820
v 3.7119 -4.4323 4.4177
v 2.6208 0.0303 -5.8835
v 2.6353 0.0811 -5.9106
v 3.6645 0.0302 -5.3258
v 3.6816 0.0811 -5.3513
v 4.5770 0.0302 -4.5770
v 4.5987 0.0811 -4.5987
v 5.3275 0.0303 -3.6621
v 5.3513 0.0811 -3.6816
v 2.6208 0.0303 -5.8835
v 3.6645 0.0302 -5.3258
v 3.0213 -0.6005 -6.8504
v 4.2460 -0.6005 -6.1961
v 4.5770 0.0302 -4.5770
v 5.3171 -0.6005 -5.3171
v 5.3275 0.0303 -3.6621
v 6.1978 -0.6005 -4.2435
v 3.4362 -4.4615 4.5820
v 3.4230 -4.5580 4.5429
v 3.7119 -4.4323 4.4177
v 3.6987 -4.5288 4.3785
v 3.4230 -4.5580 4.5429
v 3.4362 -4.4615 4.5820
v 3.8320 -4.7076 5.1738
v 3.8234 -4.6031 5.1794
v 4.2410 -4.5580 5.8047
v 4.2106 -4.4615 5.7768
v 4.5878 -4.1321 6.3396
v 4.5390 -4.0581 6.2833
v 4.8194 -3.4947 6.6970
v 4.7638 -3.4363 6.6297
v 5.0727 -3.4826 6.4980
v 5.0171 -3.4242 6.4308
v 4.8447 -4.1098 6.1464
v 4.7960 -4.0358 6.0901
v 4.5036 -4.5288 5.6201
v 4.4732 -4.4323 5.5921
v 4.1012 -4.6760 4.9993
v 4.0925 -4.5715 5.0049
v 3.6987 -4.5288 4.3785
v 3.7119 -4.4323 4.4177
v 0.5501 3.2004 4.1416
v 0.5501 3.2464 4.0853
v 0.5501 3.8507 4.2525
v 0.5501 3.8047 4.0857
v 0.5501 3.2464 3.9037
v 0.5501 3.8047 3.9042
v 3.0358 -0.5497 -6.8775
v 3.0213 -0.6005 -6.8504
v 4.2630 -0.5497 -6.2215
v 4.2460 -0.6005 -6.1961
v 5.3387 -0.5497 -5.3387
v 5.3171 -0.6005 -5.3171
v 6.2215 -0.5497 -4.2630
v 6.1978 -0.6005 -4.2435
v 6.8504 -0.6005 2.3828
v 6.8775 -0.5497 2.3973
v 5.8835 0.0303 1.9823
v 5.9106 0.0811 1.9968
v 5.3275 0.0303 -3.6621
v 5.3513 0.0811 -3.6816
v 6.1978 -0.6005 -4.2435
v 6.2215 -0.5497 -4.2630
v 5.6010 -1.1379 6.7181
v 4.7684 -1.1379 7.2720
v 6.4004 -1.1379 7.9198
v 5.5678 -1.1379 8.4736
v 6.4837 -1.1379 8.2174
v 5.8101 -1.1379 8.6654
v 6.1188 -1.1379 8.6782
v 4.6912 -1.3374 7.3233
v 5.4906 -1.3374 8.5250
v 4.7684 -1.1379 7.2720
v 5.5678 -1.1379 8.4736
v 5.7778 -1.3374 8.7524
v 5.8101 -1.1379 8.6654
v 6.1438 -1.3374 8.7675
v 6.1188 -1.1379 8.6782
v 6.4488 -1.3374 8.5646
v 6.3761 -1.1379 8.5071
v 6.5763 -1.3374 8.2212
v 6.4837 -1.1379 8.2174
v 6.4776 -1.3374 7.8684
v 6.4004 -1.1379 7.9198
v 5.6782 -1.3374 6.6668
v 5.6010 -1.1379 6.7181
v 5.6965 -1.3846 6.6546
v 6.4959 -1.3846 7.8563
v 5.9880 -2.1379 6.4607
v 6.7874 -2.1379 7.6624
v 6.5982 -1.3846 8.2221
v 6.9480 -2.1379 8.2366
v 6.4660 -1.3846 8.5782
v 6.7405 -2.1379 8.7955
v 6.1497 -1.3846 8.7886
v 6.2441 -2.1379 9.1258
v 5.7702 -1.3846 8.7729
v 5.6483 -2.1379 9.1011
v 5.4723 -1.3846 8.5371
v 5.1808 -2.1379 8.7310
v 4.6730 -1.3846 7.3355
v 4.3815 -2.1379 7.5294
v 5.6965 -1.3846 6.6546
v 5.6782 -1.3948 6.6668
v 6.4959 -1.3846 7.8563
v 6.4758 -1.3947 7.8656
v 6.5982 -1.3846 8.2221
v 6.5762 -1.3948 8.2212
v 6.4660 -1.3846 8.5782
v 6.4487 -1.3948 8.5646
v 6.1497 -1.3846 8.7886
v 6.1438 -1.3948 8.7674
v 5.7702 -1.3846 8.7729
v 5.7778 -1.3948 8.7523
v 5.4723 -1.3846 8.5371
v 5.4887 -1.3947 8.5223
v 4.6730 -1.3846 7.3355
v 4.6913 -1.3948 7.3233
v 4.6912 -1.3374 7.3233
v 4.7096 -1.3476 7.3111
v 5.4906 -1.3374 8.5250
v 5.5067 -1.3475 8.5099
v 5.7778 -1.3374 8.7524
v 5.7855 -1.3476 8.7317
v 6.1438 -1.3374 8.7675
v 6.1379 -1.3476 8.7463
v 6.4488 -1.3374 8.5646
v 6.4315 -1.3476 8.5509
v 6.5763 -1.3374 8.2212
v 6.5543 -1.3476 8.2203
v 6.4776 -1.3374 7.8684
v 6.4575 -1.3475 7.8775
v 5.6782 -1.3374 6.6668
v 5.6599 -1.3476 6.6790
v 4.6133 -1.9600 10.0419
v 4.6198 -1.9184 10.0633
v 2.5052 -1.9600 10.6814
v 2.5117 -1.9184 10.7028
v 5.2211 -2.9357 11.5149
v 5.2126 -2.9727 11.4867
v 2.8182 -2.9357 12.2439
v 2.8096 -2.9727 12.2156
v 5.6599 -1.3476 6.6790
v 6.4575 -1.3475 7.8775
v 5.6782 -1.3948 6.6668
v 6.4758 -1.3947 7.8656
v 6.5543 -1.3476 8.2203
v 6.5762 -1.3948 8.2212
v 6.4315 -1.3476 8.5509
v 6.4487 -1.3948 8.5646
v 6.1379 -1.3476 8.7463
v 6.1438 -1.3948 8.7674
v 5.7855 -1.3476 8.7317
v 5.7778 -1.3948 8.7523
v 5.5067 -1.3475 8.5099
v 5.4887 -1.3947 8.5223
v 4.7096 -1.3476 7.3111
v 4.6913 -1.3948 7.3233
v 3.5166 2.2695 4.4660
v 2.5216 2.2695 4.9978
v 2.5216 1.8834 4.9978
v 1.4420 2.2695 5.3253
v 1.4420 1.8834 5.3253
v 0.3192 2.2695 5.4359
v 0.3192 1.8834 5.4359
v 5.2126 -2.9727 11.4867
v 5.0818 -2.6576 11.1715
v 2.8096 -2.9727 12.2156
v 2.7432 -2.6576 11.8809
v 4.9520 -2.4313 10.8586
v 2.6773 -2.4313 11.5486
v 2.5052 -1.9600 10.6814
v 4.6133 -1.9600 10.0419
v -12.2018 -2.9908 -2.8054
v -11.8678 -2.6763 -2.7392
v -11.4729 -2.9908 -5.2083
v -11.1584 -2.6763 -5.0778
v -11.5363 -2.4506 -2.6735
v -10.8463 -2.4506 -4.9483
v -10.0314 -1.9805 -4.6101
v -10.6709 -1.9805 -2.5020
v -10.0633 -1.9184 -4.6198
v -10.0314 -1.9805 -4.6101
v -10.7028 -1.9184 -2.5116
v -10.6709 -1.9805 -2.5020
v -0.5941 -2.6307 4.0058
v 1.2325 -2.6307 4.0058
v -0.5941 -2.6307 9.4991
v 1.2325 -2.6307 9.4991
v -4.7001 -2.6305 -7.8368
v -3.9090 -2.6305 -8.3654
v -2.2373 -2.6305 -4.1510
v -1.4830 -2.6305 -4.6551
v -2.2425 -2.6305 -4.1476
v -2.9968 -2.6305 -3.6436
v -4.7053 -2.6305 -7.8333
v -5.4964 -2.6305 -7.3047
v -11.5149 -2.9357 -5.2211
v -11.4729 -2.9908 -5.2083
v -11.1982 -2.6195 -5.0899
v -11.1584 -2.6763 -5.0778
v -10.8837 -2.3920 -4.9596
v -10.8463 -2.4506 -4.9483
v -10.0633 -1.9184 -4.6198
v -10.0314 -1.9805 -4.6101
v -2.2373 -2.6305 3.5126
v -1.4830 -2.6305 4.0166
v -4.7001 -2.6305 7.1983
v -3.9090 -2.6305 7.7269
v -2.9968 -2.6305 3.0051
v -2.2425 -2.6305 3.5091
v -5.4964 -2.6305 6.6663
v -4.7053 -2.6305 7.1948
v 10.9697 -2.9357 -7.4357
v 10.9357 -2.9908 -7.4078
v 10.6846 -2.6195 -7.2452
v 10.6525 -2.6763 -7.2188
v 10.4016 -2.3920 -7.0561
v 10.3714 -2.4506 -7.0313
v 9.6633 -1.9184 -6.5627
v 9.6375 -1.9805 -6.5416
v 9.3585 -2.6305 0.6353
v 4.9256 -2.6305 0.5911
v 9.3585 -2.6305 -0.3161
v 4.9256 -2.6305 -0.3161
v 4.9256 -2.6305 -0.3224
v 4.9256 -2.6305 -1.2296
v 9.3585 -2.6305 -0.3224
v 9.3585 -2.6305 -1.2738
v -4.7001 -2.5501 -7.8368
v -2.2373 -2.5501 -4.1510
v -3.9090 -2.5501 -8.3654
v -1.4830 -2.5501 -4.6551
v -5.4964 -2.5501 -7.3047
v -2.9968 -2.5501 -3.6436
v -4.7053 -2.5501 -7.8333
v -2.2425 -2.5501 -4.1476
v 9.6633 -1.9184 -6.5627
v 9.6375 -1.9805 -6.5416
v 8.2657 -1.9184 -8.2657
v 8.2400 -1.9805 -8.2446
v -3.9090 -2.5501 7.7269
v -1.4830 -2.5501 4.0166
v -4.7001 -2.5501 7.1983
v -2.2373 -2.5501 3.5126
v -4.7053 -2.5501 7.1948
v -2.2425 -2.5501 3.5091
v -5.4964 -2.5501 6.6663
v -2.9968 -2.5501 3.0051
v 9.3585 -2.5501 0.6353
v 9.3585 -2.5501 -0.3161
v 4.9256 -2.5501 0.5911
v 4.9256 -2.5501 -0.3161
v 9.3585 -2.5501 -1.2738
v 4.9256 -2.5501 -1.2296
v 9.3585 -2.5501 -0.3224
v 4.9256 -2.5501 -0.3224
v -5.4964 -2.6305 6.6663
v -5.4964 -2.5501 6.6663
v -2.9968 -2.6305 3.0051
v -2.9968 -2.5501 3.0051
v -2.2425 -2.5501 3.5091
v -2.2425 -2.6305 3.5091
v -2.9968 -2.5501 3.0051
v -2.9968 -2.6305 3.0051
v -5.4964 -2.5501 -7.3047
v -4.7053 -2.5501 -7.8333
v -5.4964 -2.6305 -7.3047
v -4.7053 -2.6305 -7.8333
v -11.4729 -2.9908 -5.2083
v -11.5149 -2.9357 -5.2211
v -12.2018 -2.9908 -2.8054
v -12.2439 -2.9357 -2.8182
v -1.4830 -2.6305 4.0166
v -1.4830 -2.5501 4.0166
v -3.9090 -2.6305 7.7269
v -3.9090 -2.5501 7.7269
v -2.2425 -2.5501 -4.1476
v -2.9968 -2.5501 -3.6436
v -2.2425 -2.6305 -4.1476
v -2.9968 -2.6305 -3.6436
v -2.2373 -2.5501 -4.1510
v -4.7001 -2.5501 -7.8368
v -2.2373 -2.6305 -4.1510
v -4.7001 -2.6305 -7.8368
v -3.9090 -2.5501 -8.3654
v -1.4830 -2.5501 -4.6551
v -3.9090 -2.6305 -8.3654
v -1.4830 -2.6305 -4.6551
v -4.7053 -2.6305 7.1948
v -4.7053 -2.5501 7.1948
v -5.4964 -2.6305 6.6663
v -5.4964 -2.5501 6.6663
v -4.7001 -2.6305 7.1983
v -4.7001 -2.5501 7.1983
v -2.2373 -2.6305 3.5126
v -2.2373 -2.5501 3.5126
v -2.9968 -2.5501 -3.6436
v -5.4964 -2.5501 -7.3047
v -2.9968 -2.6305 -3.6436
v -5.4964 -2.6305 -7.3047
v -2.2373 -2.6305 3.5126
v -2.2373 -2.5501 3.5126
v -1.4830 -2.6305 4.0166
v -1.4830 -2.5501 4.0166
v 4.9256 -2.6305 -0.3161
v 4.9256 -2.5501 -0.3161
v 9.3585 -2.6305 -0.3161
v 9.3585 -2.5501 -0.3161
v 9.3585 -2.6305 -0.3161
v 9.3585 -2.5501 -0.3161
v 9.3585 -2.6305 0.6353
v 9.3585 -2.5501 0.6353
v 4.9256 -2.6305 0.5911
v 4.9256 -2.5501 0.5911
v 4.9256 -2.6305 -0.3161
v 4.9256 -2.5501 -0.3161
v -4.7053 -2.5501 -7.8333
v -2.2425 -2.5501 -4.1476
v -4.7053 -2.6305 -7.8333
v -2.2425 -2.6305 -4.1476
v 9.3585 -2.6305 -1.2738
v 9.3585 -2.5501 -1.2738
v 9.3585 -2.6305 -0.3224
v 9.3585 -2.5501 -0.3224
v 4.9256 -2.6305 -0.3224
v 4.9256 -2.5501 -0.3224
v 4.9256 -2.6305 -1.2296
v 4.9256 -2.5501 -1.2296
v -2.2425 -2.6305 3.5091
v -2.2425 -2.5501 3.5091
v -4.7053 -2.6305 7.1948
v -4.7053 -2.5501 7.1948
v -1.4830 -2.5501 -4.6551
v -2.2373 -2.5501 -4.1510
v -1.4830 -2.6305 -4.6551
v -2.2373 -2.6305 -4.1510
v -4.7001 -2.5501 -7.8368
v -3.9090 -2.5501 -8.3654
v -4.7001 -2.6305 -7.8368
v -3.9090 -2.6305 -8.3654
v 4.9256 -2.6305 -1.2296
v 4.9256 -2.5501 -1.2296
v 9.3585 -2.6305 -1.2738
v 9.3585 -2.5501 -1.2738
v 9.3585 -2.6305 -0.3224
v 9.3585 -2.5501 -0.3224
v 4.9256 -2.6305 -0.3224
v 4.9256 -2.5501 -0.3224
v 9.3585 -2.6305 0.6353
v 9.3585 -2.5501 0.6353
v 4.9256 -2.6305 0.5911
v 4.9256 -2.5501 0.5911
v -3.9090 -2.6305 7.7269
v -3.9090 -2.5501 7.7269
v -4.7001 -2.6305 7.1983
v -4.7001 -2.5501 7.1983
v 4.2590 -3.4947 -7.6666
v 4.2106 -3.4363 -7.5940
v 4.0654 -4.1321 -7.2873
v 4.0227 -4.0581 -7.2263
v 3.7755 -4.5580 -6.7196
v 3.7482 -4.4615 -6.6886
v 3.4336 -4.7076 -6.0499
v 3.4245 -4.6031 -6.0546
v 3.0917 -4.5580 -5.3802
v 3.1007 -4.4615 -5.4205
v 3.3919 -4.4323 -5.2855
v 3.3829 -4.5288 -5.2452
v 3.1007 -4.4615 -5.4205
v 3.0917 -4.5580 -5.3802
v 4.5314 -3.4826 -7.4948
v 4.4830 -3.4242 -7.4221
v 4.2590 -3.4947 -7.6666
v 4.2106 -3.4363 -7.5940
v 4.4830 -3.4242 -7.4221
v 4.5314 -3.4826 -7.4948
v 4.2982 -4.0358 -7.0605
v 4.3409 -4.1098 -7.1215
v 4.0283 -4.4323 -6.5320
v 4.0557 -4.5288 -6.5630
v 3.7101 -4.5715 -5.9087
v 3.7193 -4.6760 -5.9041
v 3.3919 -4.4323 -5.2855
v 3.3829 -4.5288 -5.2452
v 3.8160 -3.4242 -7.7627
v 3.8465 -3.4826 -7.8445
v 4.1149 -3.4363 -7.6428
v 4.1454 -3.4947 -7.7246
v -0.5941 -2.6307 9.4991
v -0.5941 -1.7204 9.4991
v 0.3192 -2.6307 9.4991
v 0.3192 -1.7204 9.4991
v 1.2325 -2.6307 9.4991
v 1.2325 -1.7204 9.4991
v -0.5941 -2.6307 4.0058
v -0.5941 -0.9492 4.0058
v -0.5941 -2.6307 9.4991
v -0.5941 -1.7204 9.4991
v 1.2325 -2.6307 9.4991
v 1.2325 -1.7204 9.4991
v 1.2325 -2.6307 4.0058
v 1.2325 -0.9492 4.0058
v 0.3192 -2.6307 4.0058
v 0.3192 -0.9492 4.0058
v -0.5941 -2.6307 4.0058
v -0.5941 -0.9492 4.0058
v 3.1007 -4.4615 -5.4205
v 3.4245 -4.6031 -6.0546
v 3.3919 -4.4323 -5.2855
v 3.7101 -4.5715 -5.9087
v 3.7482 -4.4615 -6.6886
v 4.0283 -4.4323 -6.5320
v 4.0227 -4.0581 -7.2263
v 4.2982 -4.0358 -7.0605
v 4.2106 -3.4363 -7.5940
v 4.4830 -3.4242 -7.4221
v 0.3192 -0.9492 4.0058
v 0.3192 -2.6307 4.0058
v 1.2325 -0.9492 4.0058
v 1.2325 -2.6307 4.0058
v -0.5941 -0.9492 4.0058
v 0.3192 -0.9492 4.0058
v -0.5941 -1.7204 9.4991
v 0.3192 -1.7204 9.4991
v 1.2325 -0.9492 4.0058
v 1.2325 -1.7204 9.4991
v -2.2316 -2.6307 3.4984
v -2.2316 -1.4749 3.4984
v -2.9910 -2.6307 2.9910
v -2.9910 -1.4749 2.9910
v -1.4723 -2.6307 -4.6443
v -1.4723 -1.4749 -4.6443
v -3.9145 -2.6307 -8.3796
v -3.9145 -1.4749 -8.3796
v -3.9145 -2.6307 -8.3796
v -3.9145 -1.4749 -8.3796
v -4.7110 -2.6307 -7.8475
v -4.7110 -1.4749 -7.8475
v -5.5074 -2.6307 -7.3153
v -5.5074 -1.4749 -7.3153
v 9.3734 -2.6307 0.6386
v 9.3734 -1.4749 0.6386
v 9.3734 -2.6307 -0.3192
v 9.3734 -1.4749 -0.3192
v 9.3734 -2.6307 -1.2771
v 9.3734 -1.4749 -1.2771
v -1.4723 -2.6307 4.0058
v -1.4723 -1.4749 4.0058
v -2.2316 -2.6307 3.4984
v -2.2316 -1.4749 3.4984
v -1.4723 -1.4749 4.0058
v -1.4723 -2.6307 4.0058
v -3.9145 -1.4749 7.7411
v -3.9145 -2.6307 7.7411
v 4.9107 -1.4749 -0.3192
v 4.9107 -2.6307 -0.3192
v 4.9107 -1.4749 -1.2325
v 4.9107 -2.6307 -1.2325
v -3.9145 -1.4749 7.7411
v -3.9145 -2.6307 7.7411
v -4.7110 -1.4749 7.2090
v -4.7110 -2.6307 7.2090
v -5.5074 -1.4749 6.6768
v -5.5074 -2.6307 6.6768
v 4.1149 -3.4363 -7.6428
v 3.9273 -4.0581 -7.2749
v 3.8160 -3.4242 -7.7627
v 3.6315 -4.0358 -7.4009
v 3.6528 -4.4615 -6.7373
v 3.3617 -4.4323 -6.8724
v 3.3291 -4.6031 -6.1032
v 3.0435 -4.5715 -6.2491
v 3.0054 -4.4615 -5.4692
v 2.7253 -4.4323 -5.6258
v -2.9910 -1.4749 -3.6295
v -2.9910 -2.6307 -3.6295
v -5.5074 -1.4749 -7.3153
v -5.5074 -2.6307 -7.3153
v 9.3734 -2.6307 -1.2771
v 9.3734 -1.4749 -1.2771
v 4.9107 -2.6307 -1.2325
v 4.9107 -1.4749 -1.2325
v 4.9107 -2.6307 0.5941
v 4.9107 -1.4749 0.5941
v 9.3734 -2.6307 0.6386
v 9.3734 -1.4749 0.6386
v -2.2316 -2.6307 -4.1369
v -2.2316 -1.4749 -4.1369
v -1.4723 -2.6307 -4.6443
v -1.4723 -1.4749 -4.6443
v 4.1149 -3.4363 -7.6428
v 4.1454 -3.4947 -7.7246
v 3.9273 -4.0581 -7.2749
v 3.9517 -4.1321 -7.3453
v 3.6528 -4.4615 -6.7373
v 3.6619 -4.5580 -6.7776
v 3.3291 -4.6031 -6.1032
v 3.3200 -4.7076 -6.1079
v 3.0054 -4.4615 -5.4692
v 2.9781 -4.5580 -5.4383
v 3.0054 -4.4615 -5.4692
v 2.9781 -4.5580 -5.4383
v 2.7253 -4.4323 -5.6258
v 2.6979 -4.5288 -5.5949
v 4.9107 -2.6307 -0.3192
v 4.9107 -1.4749 -0.3192
v 4.9107 -2.6307 0.5941
v 4.9107 -1.4749 0.5941
v -2.9910 -2.6307 -3.6295
v -2.9910 -1.4749 -3.6295
v -2.2316 -2.6307 -4.1369
v -2.2316 -1.4749 -4.1369
v -5.5074 -1.4749 6.6768
v -5.5074 -2.6307 6.6768
v -2.9910 -1.4749 2.9910
v -2.9910 -2.6307 2.9910
v 1.1595 4.0059 4.1586
v 1.1595 3.8507 4.2525
v 1.1595 3.9576 3.1868
v 1.1595 3.2004 4.1416
v 1.1595 3.9492 3.0167
v 1.1595 3.0423 4.1180
v 2.7253 -4.4323 -5.6258
v 2.6979 -4.5288 -5.5949
v 3.0435 -4.5715 -6.2491
v 3.0343 -4.6760 -6.2538
v 3.3617 -4.4323 -6.8724
v 3.3707 -4.5288 -6.9127
v 3.6315 -4.0358 -7.4009
v 3.6559 -4.1098 -7.4713
v 3.8160 -3.4242 -7.7627
v 3.8465 -3.4826 -7.8445
v -5.5074 -1.4749 -7.3153
v -4.7110 -1.4749 -7.8475
v -2.9910 -1.4749 -3.6295
v -2.2316 -1.4749 -4.1369
v -3.9145 -1.4749 -8.3796
v -1.4723 -1.4749 -4.6443
v -3.9145 -1.4749 7.7411
v -4.7110 -1.4749 7.2090
v -1.4723 -1.4749 4.0058
v -2.2316 -1.4749 3.4984
v -5.5074 -1.4749 6.6768
v -2.9910 -1.4749 2.9910
v 9.3734 -1.4749 -1.2771
v 9.3734 -1.4749 -0.3192
v 4.9107 -1.4749 -1.2325
v 4.9107 -1.4749 -0.3192
v 9.3734 -1.4749 0.6386
v 4.9107 -1.4749 0.5941
v 5.2639 0.9604 -3.1793
v 5.3527 0.9604 -3.2306
v 5.3271 0.9855 -3.0701
v 5.4158 0.9855 -3.1214
v 5.3806 1.0570 -2.9775
v 5.4694 1.0570 -3.0288
v 5.4164 1.1639 -2.9156
v 5.5052 1.1639 -2.9670
v 5.4290 1.2901 -2.8939
v 5.5177 1.2901 -2.9452
v 5.4164 1.4163 -2.9156
v 5.5052 1.4163 -2.9670
v 5.3806 1.5232 -2.9775
v 5.4694 1.5232 -3.0288
v 5.3271 1.5947 -3.0701
v 5.4158 1.5947 -3.1214
v 5.2639 1.6198 -3.1793
v 5.3527 1.6198 -3.2306
v 5.2007 1.5947 -3.2885
v 5.2895 1.5947 -3.3398
v 5.1472 1.5232 -3.3810
v 5.2360 1.5232 -3.4324
v 5.1114 1.4163 -3.4429
v 5.2002 1.4163 -3.4943
v 5.0988 1.2901 -3.4646
v 5.1876 1.2901 -3.5160
v 5.1114 1.1639 -3.4429
v 5.2002 1.1639 -3.4943
v 5.1472 1.0570 -3.3810
v 5.2360 1.0570 -3.4324
v 5.2007 0.9855 -3.2885
v 5.2895 0.9855 -3.3398
v 5.2639 0.9604 -3.1793
v 5.3527 0.9604 -3.2306
v 0.0842 -5.2164 -0.6710
v 0.1133 -5.2614 -0.6274
v 0.0201 -5.2164 -0.6184
v 0.0572 -5.2614 -0.5813
v -0.0325 -5.2164 -0.5543
v 0.0111 -5.2614 -0.5251
v -0.0716 -5.2164 -0.4811
v -0.0232 -5.2614 -0.4611
v -0.0956 -5.2164 -0.4018
v -0.0443 -5.2614 -0.3915
v -0.1038 -5.2164 -0.3192
v -0.0514 -5.2614 -0.3192
v -0.0956 -5.2164 -0.2367
v -0.0443 -5.2614 -0.2469
v -0.0716 -5.2164 -0.1574
v -0.0232 -5.2614 -0.1774
v -0.0325 -5.2164 -0.0842
v 0.0111 -5.2614 -0.1133
v 0.0201 -5.2164 -0.0201
v 0.0572 -5.2614 -0.0572
v 0.0842 -5.2164 0.0325
v 0.1133 -5.2614 -0.0111
v 0.1574 -5.2164 0.0716
v 0.1774 -5.2614 0.0232
v 0.2367 -5.2164 0.0956
v 0.2469 -5.2614 0.0443
v 0.3192 -5.2164 0.1038
v 0.3192 -5.2614 0.0514
v 0.4018 -5.2164 0.0956
v 0.3915 -5.2614 0.0443
v 0.4811 -5.2164 0.0716
v 0.4611 -5.2614 0.0232
v 0.5543 -5.2164 0.0325
v 0.5251 -5.2614 -0.0111
v 0.6184 -5.2164 -0.0201
v 0.5813 -5.2614 -0.0572
v 0.6710 -5.2164 -0.0842
v 0.6274 -5.2614 -0.1133
v 0.7101 -5.2164 -0.1574
v 0.6617 -5.2614 -0.1774
v 0.7341 -5.2164 -0.2367
v 0.6827 -5.2614 -0.2469
v 0.7423 -5.2164 -0.3192
v 0.6899 -5.2614 -0.3192
v 0.7341 -5.2164 -0.4018
v 0.6827 -5.2614 -0.3915
v 0.7101 -5.2164 -0.4811
v 0.6617 -5.2614 -0.4611
v 0.6710 -5.2164 -0.5543
v 0.6274 -5.2614 -0.5251
v 0.6184 -5.2164 -0.6184
v 0.5813 -5.2614 -0.5813
v 0.5543 -5.2164 -0.6710
v 0.5251 -5.2614 -0.6274
v 0.4811 -5.2164 -0.7101
v 0.4611 -5.2614 -0.6617
v 0.4018 -5.2164 -0.7341
v 0.3915 -5.2614 -0.6827
v 0.3192 -5.2164 -0.7423
v 0.3192 -5.2614 -0.6899
v 0.2367 -5.2164 -0.7341
v 0.2469 -5.2614 -0.6827
v 0.1574 -5.2164 -0.7101
v 0.1774 -5.2614 -0.6617
v 0.9219 -5.2614 -0.4391
v 1.0300 -5.2614 -0.4606
v 0.9337 -5.2614 -0.3192
v 1.0439 -5.2614 -0.3192
v 0.9219 -5.2614 -0.1994
v 1.0300 -5.2614 -0.1779
v 0.8869 -5.2614 -0.0841
v 0.9888 -5.2614 -0.0419
v 0.8301 -5.2614 0.0221
v 0.9218 -5.2614 0.0834
v 0.7537 -5.2614 0.1152
v 0.8317 -5.2614 0.1932
v 0.6606 -5.2614 0.1917
v 0.7219 -5.2614 0.2833
v 0.5544 -5.2614 0.2484
v 0.5966 -5.2614 0.3503
v 0.4391 -5.2614 0.2834
v 0.4606 -5.2614 0.3915
v 0.3192 -5.2614 0.2952
v 0.3192 -5.2614 0.4054
v 0.1994 -5.2614 0.2834
v 0.1779 -5.2614 0.3915
v 0.0841 -5.2614 0.2484
v 0.0419 -5.2614 0.3503
v -0.0221 -5.2614 0.1917
v -0.0834 -5.2614 0.2833
v -0.1152 -5.2614 0.1152
v -0.1932 -5.2614 0.1932
v -0.1917 -5.2614 0.0221
v -0.2833 -5.2614 0.0834
v -0.2484 -5.2614 -0.0841
v -0.3503 -5.2614 -0.0419
v -0.2834 -5.2614 -0.1994
v -0.3915 -5.2614 -0.1779
v -0.2952 -5.2614 -0.3192
v -0.4054 -5.2614 -0.3192
v -0.2834 -5.2614 -0.4391
v -0.3915 -5.2614 -0.4606
v -0.2484 -5.2614 -0.5544
v -0.3503 -5.2614 -0.5966
v -0.1917 -5.2614 -0.6606
v -0.2833 -5.2614 -0.7219
v -0.1152 -5.2614 -0.7537
v -0.1932 -5.2614 -0.8317
v -0.0221 -5.2614 -0.8301
v -0.0834 -5.2614 -0.9218
v 0.0841 -5.2614 -0.8869
v 0.0419 -5.2614 -0.9888
v 0.1994 -5.2614 -0.9219
v 0.1779 -5.2614 -1.0300
v 0.3192 -5.2614 -0.9337
v 0.3192 -5.2614 -1.0439
v 0.4391 -5.2614 -0.9219
v 0.4606 -5.2614 -1.0300
v 0.5544 -5.2614 -0.8869
v 0.5966 -5.2614 -0.9888
v 0.6606 -5.2614 -0.8301
v 0.7219 -5.2614 -0.9218
v 0.7537 -5.2614 -0.7537
v 0.8317 -5.2614 -0.8317
v 0.8301 -5.2614 -0.6606
v 0.9218 -5.2614 -0.7219
v 0.8869 -5.2614 -0.5544
v 0.9888 -5.2614 -0.5966
v 2.6562 -2.7428 3.5945
v 2.7633 -2.7428 3.5251
v 2.7376 -3.4947 3.7200
v 2.8446 -3.4947 3.6506
v 2.9692 -4.1321 4.0774
v 3.0763 -4.1321 4.0080
v 3.3160 -4.5580 4.6123
v 3.4230 -4.5580 4.5429
v 3.7250 -4.7076 5.2432
v 3.8320 -4.7076 5.1738
v 4.1340 -4.5580 5.8741
v 4.2410 -4.5580 5.8047
v 4.4807 -4.1321 6.4090
v 4.5878 -4.1321 6.3396
v 4.7124 -3.4947 6.7664
v 4.8194 -3.4947 6.6970
v 4.7937 -2.7428 6.8919
v 4.9008 -2.7428 6.8225
v 2.7122 -4.1098 4.2706
v 2.4843 -3.4826 3.9190
v 2.4043 -2.7428 3.7955
v 2.2304 -3.4397 4.2071
v 2.1550 -2.7428 4.0907
v 1.9681 -2.7428 4.4289
v 2.0360 -3.3700 4.5336
v 1.8508 -2.7428 4.7971
v 1.9085 -3.2762 4.8861
v 1.8076 -2.7428 5.1811
v 1.8530 -3.1619 5.2510
v 1.8401 -2.7428 5.5661
v 1.8714 -3.0314 5.6143
v 1.9471 -2.7428 5.9374
v 1.9631 -2.8899 5.9620
v 2.1245 -2.7428 6.2807
v 2.0084 -3.0147 6.0319
v 2.0763 -3.0981 6.1366
v 2.0934 -3.4397 5.9568
v 2.2504 -3.4971 6.1991
v 2.4033 -3.8379 6.1000
v 2.6312 -3.7545 6.4516
v 2.8991 -4.0305 6.4142
v 3.1451 -3.7283 6.7936
v 3.4900 -3.9017 6.7766
v 3.6832 -3.3700 7.0747
v 4.0607 -3.4397 7.0305
v 4.1361 -2.7428 7.1469
v 4.5074 -2.7428 7.0398
v 1.9603 -3.2762 5.7515
v 2.1753 -3.7545 5.7483
v 2.6090 -4.1366 5.9666
v 3.2008 -4.2569 6.3304
v 3.8460 -4.0305 6.6993
v 4.4274 -3.4826 6.9164
v 1.9821 -3.5171 5.4502
v 2.0729 -3.7283 5.1397
v 2.2292 -3.9017 4.8317
v 2.4451 -4.0305 4.5383
v 2.3188 -4.0305 5.5191
v 2.8596 -4.3817 5.8042
v 3.5246 -4.4252 6.2036
v 4.1994 -4.1098 6.5647
v 2.5185 -4.2569 5.2779
v 3.1456 -4.5638 5.6188
v 3.8582 -4.5288 6.0384
v 2.7665 -4.4252 5.0340
v 3.4558 -4.6760 5.4177
v 3.0534 -4.5288 4.7969
v 3.7511 -2.7428 7.1794
v 3.3094 -3.2762 7.0471
v 2.8245 -3.5171 6.7497
v 2.4075 -3.4397 6.4413
v 2.1563 -3.1273 6.2601
v 3.3671 -2.7428 7.1362
v 2.9536 -3.1619 6.9489
v 2.5406 -3.2762 6.6466
v 2.2364 -3.0981 6.3836
v 2.9989 -2.7428 7.0189
v 2.6295 -3.0314 6.7838
v 2.3042 -3.0147 6.4882
v 2.6607 -2.7428 6.8320
v 2.3496 -2.8899 6.5582
v 2.3655 -2.7428 6.5827
v 3.6987 -4.5288 4.3785
v 3.3576 -4.1098 3.8523
v 4.0324 -4.4252 4.2134
v 3.7110 -4.0305 3.7177
v 4.3562 -4.2569 4.0866
v 4.0670 -3.9017 3.6404
v 4.6579 -4.0305 4.0028
v 4.4119 -3.7283 3.6234
v 4.9258 -3.7545 3.9654
v 4.7325 -3.5171 3.6673
v 5.1495 -3.4397 3.9757
v 5.0164 -3.2762 3.7704
v 5.3206 -3.0981 4.0334
v 5.2528 -3.0147 3.9288
v 5.4325 -2.7428 4.1363
v 5.2074 -2.8899 3.8588
v 5.1915 -2.7428 3.8342
v 4.8963 -2.7428 3.5850
v 3.1296 -3.4826 3.5006
v 3.4963 -3.4397 3.3864
v 3.8738 -3.3700 3.3423
v 4.2476 -3.2762 3.3699
v 4.6034 -3.1619 3.4681
v 4.9275 -3.0314 3.6332
v 3.0496 -2.7428 3.3771
v 3.4209 -2.7428 3.2701
v 3.8059 -2.7428 3.2376
v 4.1899 -2.7428 3.2808
v 4.5580 -2.7428 3.3981
v 5.1527 -2.7428 6.6215
v 5.0727 -3.4826 6.4980
v 5.4020 -2.7428 6.3263
v 5.3266 -3.4397 6.2099
v 5.5889 -2.7428 5.9880
v 5.5210 -3.3700 5.8834
v 5.7062 -2.7428 5.6199
v 5.6485 -3.2762 5.5309
v 5.7494 -2.7428 5.2359
v 5.7040 -3.1619 5.1660
v 5.7169 -2.7428 4.8509
v 5.6856 -3.0314 4.8027
v 5.6098 -2.7428 4.4796
v 5.5939 -2.8899 4.4550
v 5.5486 -3.0147 4.3851
v 5.4807 -3.0981 4.2804
v 5.4636 -3.4397 4.4601
v 5.3066 -3.4971 4.2179
v 5.1537 -3.8379 4.3170
v 4.8447 -4.1098 6.1464
v 5.1119 -4.0305 5.8787
v 5.3278 -3.9017 5.5853
v 5.4841 -3.7283 5.2773
v 5.5749 -3.5171 4.9668
v 5.5967 -3.2762 4.6655
v 4.5036 -4.5288 5.6201
v 4.7905 -4.4252 5.3830
v 5.0385 -4.2569 5.1391
v 5.2382 -4.0305 4.8979
v 5.3817 -3.7545 4.6687
v 4.1012 -4.6760 4.9993
v 4.4114 -4.5638 4.7982
v 4.6974 -4.3817 4.6128
v 4.9480 -4.1366 4.4504
v 5.4007 -3.1273 4.1569
v -4.8709 1.4163 -2.9588
v -4.8440 1.3939 -3.0054
v -4.8834 1.2901 -2.9370
v -4.8543 1.2901 -2.9875
v -4.8709 1.1639 -2.9588
v -4.8440 1.1863 -3.0054
v -4.8352 1.0570 -3.0207
v -4.8146 1.0982 -3.0564
v -4.7818 0.9855 -3.1133
v -4.7706 1.0394 -3.1327
v -4.7188 0.9604 -3.2226
v -4.7188 1.0188 -3.2226
v -4.6558 0.9855 -3.3320
v -4.6669 1.0394 -3.3126
v -4.6024 1.0570 -3.4246
v -4.6230 1.0982 -3.3889
v -4.5667 1.1639 -3.4865
v -4.5936 1.1863 -3.4398
v -4.5542 1.2901 -3.5083
v -4.5833 1.2901 -3.4577
v -4.5667 1.4163 -3.4865
v -4.5936 1.3939 -3.4398
v -4.6024 1.5232 -3.4246
v -4.6230 1.4820 -3.3889
v -4.6558 1.5947 -3.3320
v -4.6669 1.5408 -3.3126
v -4.7188 1.6198 -3.2226
v -4.7188 1.5614 -3.2226
v -4.7818 1.5947 -3.1133
v -4.7706 1.5408 -3.1327
v -4.8352 1.5232 -3.0207
v -4.8146 1.4820 -3.0564
v 2.2318 2.2641 4.2980
v 2.2318 2.6007 4.2980
v 3.0958 2.2641 3.8362
v 3.0958 2.6007 3.8362
v 3.8532 2.2641 3.2147
v 3.8532 2.6007 3.2147
v 4.4747 2.2641 2.4573
v 4.4747 2.6007 2.4573
v 4.9365 2.2641 1.5933
v 4.9365 2.6007 1.5933
v 5.2209 2.2641 0.6558
v 5.2209 2.6007 0.6558
v 5.3169 2.2641 -0.3192
v 5.3169 2.6007 -0.3192
v 5.2209 2.2641 -1.2943
v 5.2209 2.6007 -1.2943
v 4.9365 2.2641 -2.2318
v 4.9365 2.6007 -2.2318
v 4.4747 2.2641 -3.0958
v 4.4747 2.6007 -3.0958
v 3.8532 2.2641 -3.8532
v 3.8532 2.6007 -3.8532
v 3.0958 2.2641 -4.4747
v 3.0958 2.6007 -4.4747
v 2.2318 2.2641 -4.9365
v 2.2318 2.6007 -4.9365
v 1.2942 2.2641 -5.2209
v 1.2942 2.6007 -5.2209
v 0.3192 2.2641 -5.3169
v 0.3192 2.6007 -5.3169
v -0.6558 2.2641 -5.2209
v -0.6558 2.6007 -5.2209
v -1.5933 2.2641 -4.9365
v -1.5933 2.6007 -4.9365
v -2.4573 2.2641 -4.4747
v -2.4573 2.6007 -4.4747
v -3.2147 2.2641 -3.8531
v -3.2147 2.6007 -3.8531
v -3.8362 2.2641 -3.0958
v -3.8362 2.6007 -3.0958
v -4.2980 2.2641 -2.2318
v -4.2980 2.6007 -2.2318
v -4.5824 2.2641 -1.2942
v -4.5824 2.6007 -1.2942
v -4.6785 2.2641 -0.3192
v -4.6785 2.6007 -0.3192
v -4.5824 2.2641 0.6558
v -4.5824 2.6007 0.6558
v -4.2980 2.2641 1.5933
v -4.2980 2.6007 1.5933
v -3.8362 2.2641 2.4573
v -3.8362 2.6007 2.4573
v -3.2147 2.2641 3.2147
v -3.2147 2.6007 3.2147
v -2.4573 2.2641 3.8362
v -2.4573 2.6007 3.8362
v -1.5933 2.2641 4.2980
v -1.5933 2.6007 4.2980
v -0.6558 2.2641 4.5824
v -0.6558 2.6007 4.5824
v 0.3192 2.2641 4.6785
v 0.3192 2.6007 4.6785
v 1.2942 2.2641 4.5824
v 1.2942 2.6007 4.5824
v 0.3192 -4.9512 -1.2799
v 0.1779 -5.2614 -1.0300
v 0.1318 -4.9512 -1.2615
v 0.0419 -5.2614 -0.9888
v -0.0484 -4.9512 -1.2068
v -0.0834 -5.2614 -0.9218
v -0.2145 -4.9512 -1.1180
v -0.1932 -5.2614 -0.8317
v -0.3601 -4.9512 -0.9986
v -0.2833 -5.2614 -0.7219
v -0.4795 -4.9512 -0.8530
v -0.3503 -5.2614 -0.5966
v -0.5683 -4.9512 -0.6869
v -0.3915 -5.2614 -0.4606
v -0.6230 -4.9512 -0.5067
v -0.4054 -5.2614 -0.3192
v -0.6414 -4.9512 -0.3192
v -0.6230 -4.9512 -0.1318
v -0.3915 -5.2614 -0.1779
v -0.3503 -5.2614 -0.0419
v -0.5683 -4.9512 0.0484
v -0.2833 -5.2614 0.0834
v -0.4795 -4.9512 0.2145
v -0.1932 -5.2614 0.1932
v -0.3601 -4.9512 0.3601
v -0.0834 -5.2614 0.2833
v -0.2145 -4.9512 0.4795
v 0.0419 -5.2614 0.3503
v -0.0484 -4.9512 0.5683
v 0.1779 -5.2614 0.3915
v 0.1318 -4.9512 0.6230
v 0.3192 -5.2614 0.4054
v 0.3192 -4.9512 0.6414
v 0.4606 -5.2614 0.3915
v 0.5067 -4.9512 0.6230
v 0.5966 -5.2614 0.3503
v 0.6869 -4.9512 0.5683
v 0.7219 -5.2614 0.2833
v 0.8530 -4.9512 0.4795
v 0.8317 -5.2614 0.1932
v 0.9986 -4.9512 0.3601
v 0.9218 -5.2614 0.0834
v 1.1180 -4.9512 0.2145
v 0.9888 -5.2614 -0.0419
v 1.2068 -4.9512 0.0484
v 1.0300 -5.2614 -0.1779
v 1.2615 -4.9512 -0.1318
v 1.0439 -5.2614 -0.3192
v 1.2799 -4.9512 -0.3192
v 1.0300 -5.2614 -0.4606
v 1.2615 -4.9512 -0.5067
v 0.9888 -5.2614 -0.5966
v 1.2068 -4.9512 -0.6869
v 0.9218 -5.2614 -0.7219
v 1.1180 -4.9512 -0.8530
v 0.8317 -5.2614 -0.8317
v 0.9986 -4.9512 -0.9986
v 0.7219 -5.2614 -0.9218
v 0.8530 -4.9512 -1.1180
v 0.5966 -5.2614 -0.9888
v 0.6869 -4.9512 -1.2068
v 0.4606 -5.2614 -1.0300
v 0.5067 -4.9512 -1.2615
v 0.3192 -5.2614 -1.0439
v 2.5402 -2.7428 -4.3000
v 2.4265 -2.7428 -4.3580
v 2.6082 -3.4947 -4.4332
v 2.4945 -3.4947 -4.4912
v 2.8019 -4.1321 -4.8125
v 2.6882 -4.1321 -4.8706
v 3.0917 -4.5580 -5.3802
v 2.9781 -4.5580 -5.4383
v 3.4336 -4.7076 -6.0499
v 3.3200 -4.7076 -6.1079
v 3.7755 -4.5580 -6.7196
v 3.6619 -4.5580 -6.7776
v 4.0654 -4.1321 -7.2873
v 3.9517 -4.1321 -7.3453
v 4.2590 -3.4947 -7.6666
v 4.1454 -3.4947 -7.7246
v 4.3270 -2.7428 -7.7998
v 4.2134 -2.7428 -7.8578
v 3.0977 -4.1098 -4.6866
v 2.9071 -3.4826 -4.3133
v 2.8402 -2.7428 -4.1823
v 3.2836 -3.4397 -4.2375
v 3.2205 -2.7428 -4.1140
v 3.6069 -2.7428 -4.1213
v 3.6636 -3.3700 -4.2324
v 3.9844 -2.7428 -4.2038
v 4.0326 -3.2762 -4.2983
v 4.3385 -2.7428 -4.3584
v 4.3764 -3.1619 -4.4326
v 4.6557 -2.7428 -4.5791
v 4.6818 -3.0314 -4.6302
v 4.9237 -2.7428 -4.8574
v 4.9370 -2.8899 -4.8834
v 5.1323 -2.7428 -5.1826
v 4.9749 -3.0147 -4.9577
v 5.0317 -3.0981 -5.0688
v 4.8674 -3.4397 -4.9938
v 4.9987 -3.4971 -5.2509
v 4.8364 -3.8379 -5.3337
v 5.0270 -3.7545 -5.7069
v 4.8607 -4.0305 -5.9202
v 5.0663 -3.7283 -6.3229
v 4.8791 -3.9017 -6.6131
v 5.0406 -3.3700 -6.9295
v 4.8136 -3.4397 -7.2343
v 4.8767 -2.7428 -7.3578
v 4.5983 -2.7428 -7.6258
v 4.7561 -3.2762 -4.7758
v 4.6459 -3.7545 -4.9604
v 4.6181 -4.1366 -5.4451
v 4.6373 -4.2569 -6.1396
v 4.6341 -4.0305 -6.8828
v 4.5314 -3.4826 -7.4948
v 4.4843 -3.5171 -4.6440
v 4.1700 -3.7283 -4.5674
v 3.8251 -3.9017 -4.5488
v 3.4631 -4.0305 -4.5891
v 4.3756 -4.0305 -4.9701
v 4.3521 -4.3817 -5.5810
v 4.3655 -4.4252 -6.3566
v 4.3409 -4.1098 -7.1215
v 4.0669 -4.2569 -5.0224
v 4.0486 -4.5638 -5.7359
v 4.0557 -4.5288 -6.5630
v 3.7317 -4.4252 -5.1153
v 3.7193 -4.6760 -5.9041
v 3.3829 -4.5288 -5.2452
v 2.6979 -4.5288 -5.5949
v 2.4127 -4.1098 -5.0363
v 2.3881 -4.4252 -5.8012
v 2.1195 -4.0305 -5.2751
v 2.1163 -4.2569 -6.0183
v 1.8745 -3.9017 -5.5447
v 1.8929 -4.0305 -6.2376
v 1.6873 -3.7283 -5.8349
v 1.7266 -3.7545 -6.4509
v 1.5650 -3.5171 -6.1345
v 1.6237 -3.4397 -6.6499
v 1.5124 -3.2762 -6.4319
v 1.5881 -3.0981 -6.8269
v 1.5314 -3.0147 -6.7158
v 1.6213 -2.7428 -6.9752
v 1.4935 -2.8899 -6.6416
v 1.4802 -2.7428 -6.6155
v 1.4119 -2.7428 -6.2352
v 2.2222 -3.4826 -4.6631
v 1.9400 -3.4397 -4.9235
v 1.7130 -3.3700 -5.2283
v 1.5499 -3.2762 -5.5658
v 1.4571 -3.1619 -5.9231
v 1.4380 -3.0314 -6.2863
v 2.1552 -2.7428 -4.5320
v 1.8769 -2.7428 -4.8000
v 1.6562 -2.7428 -5.1172
v 1.5017 -2.7428 -5.4713
v 1.4192 -2.7428 -5.8488
v 3.9134 -2.7428 -7.9756
v 3.8465 -3.4826 -7.8445
v 3.5330 -2.7428 -8.0438
v 3.4700 -3.4397 -7.9203
v 3.1467 -2.7428 -8.0365
v 3.0900 -3.3700 -7.9254
v 2.7692 -2.7428 -7.9540
v 2.7210 -3.2762 -7.8595
v 2.4151 -2.7428 -7.7995
v 2.3772 -3.1619 -7.7252
v 2.0979 -2.7428 -7.5788
v 2.0718 -3.0314 -7.5276
v 1.8299 -2.7428 -7.3005
v 1.8166 -2.8899 -7.2744
v 1.7787 -3.0147 -7.2001
v 1.7219 -3.0981 -7.0890
v 1.8862 -3.4397 -7.1641
v 1.7549 -3.4971 -6.9070
v 1.9171 -3.8379 -6.8241
v 3.6559 -4.1098 -7.4713
v 3.2905 -4.0305 -7.5688
v 2.9284 -3.9017 -7.6090
v 2.5836 -3.7283 -7.5904
v 2.2692 -3.5171 -7.5138
v 1.9974 -3.2762 -7.3820
v 3.3707 -4.5288 -6.9127
v 3.0219 -4.4252 -7.0426
v 2.6867 -4.2569 -7.1354
v 2.3780 -4.0305 -7.1877
v 2.1077 -3.7545 -7.1974
v 3.0343 -4.6760 -6.2538
v 2.7050 -4.5638 -6.4219
v 2.4015 -4.3817 -6.5769
v 2.1355 -4.1366 -6.7127
v 5.0973 -2.7428 -7.0406
v 5.2036 -3.2762 -6.5920
v 5.1885 -3.5171 -6.0233
v 5.1299 -3.4397 -5.5079
v 5.0986 -3.1273 -5.1999
v 5.2519 -2.7428 -6.6865
v 5.2965 -3.1619 -6.2348
v 5.2412 -3.2762 -5.7259
v 5.1655 -3.0981 -5.3309
v 5.3344 -2.7428 -6.3090
v 5.3156 -3.0314 -5.8715
v 5.2222 -3.0147 -5.4420
v 5.3417 -2.7428 -5.9227
v 5.2601 -2.8899 -5.5163
v 5.2734 -2.7428 -5.5423
v 1.6550 -3.1273 -6.9580
v 0.5570 1.0570 5.4953
v 0.5157 1.0982 5.4954
v 0.4500 0.9855 5.4954
v 0.4277 1.0394 5.4954
v 0.3238 0.9604 5.4955
v 0.3238 1.0188 5.4955
v 0.1977 0.9855 5.4956
v 0.2200 1.0394 5.4956
v 0.0907 1.0570 5.4957
v 0.1320 1.0982 5.4957
v 0.0193 1.1639 5.4958
v 0.0732 1.1863 5.4957
v -0.0058 1.2901 5.4958
v 0.0525 1.2901 5.4957
v 0.0193 1.4163 5.4958
v 0.0732 1.3939 5.4957
v 0.0907 1.5232 5.4957
v 0.1320 1.4820 5.4957
v 0.1977 1.5947 5.4956
v 0.2200 1.5408 5.4956
v 0.3238 1.6198 5.4955
v 0.3238 1.5614 5.4955
v 0.4500 1.5947 5.4954
v 0.4277 1.5408 5.4954
v 0.5570 1.5232 5.4953
v 0.5157 1.4820 5.4954
v 0.6284 1.4163 5.4953
v 0.5745 1.3939 5.4953
v 0.6535 1.2901 5.4953
v 0.5952 1.2901 5.4953
v 0.6284 1.1639 5.4953
v 0.5745 1.1863 5.4953
v 1.4400 -2.6307 -5.4514
v 1.5017 -2.7428 -5.4713
v 1.5997 -2.6307 -5.0856
v 1.6562 -2.7428 -5.1172
v 1.8276 -2.6307 -4.7580
v 1.8769 -2.7428 -4.8000
v 2.1151 -2.6307 -4.4811
v 2.1552 -2.7428 -4.5320
v 2.3953 -2.6307 -4.3014
v 2.4265 -2.7428 -4.3580
v 2.5127 -2.6307 -4.2415
v 2.5402 -2.7428 -4.3000
v 2.8226 -2.6307 -4.1199
v 2.8402 -2.7428 -4.1823
v 3.2154 -2.6307 -4.0494
v 3.2205 -2.7428 -4.1140
v 3.6144 -2.6307 -4.0570
v 3.6069 -2.7428 -4.1213
v 4.0043 -2.6307 -4.1422
v 3.9844 -2.7428 -4.2038
v 4.3701 -2.6307 -4.3018
v 4.3385 -2.7428 -4.3584
v 4.6977 -2.6307 -4.5297
v 4.6557 -2.7428 -4.5791
v 4.9746 -2.6307 -4.8172
v 4.9237 -2.7428 -4.8574
v 5.1900 -2.6307 -5.1532
v 5.1323 -2.7428 -5.1826
v 5.3358 -2.6307 -5.5247
v 5.2734 -2.7428 -5.5423
v 5.4063 -2.6307 -5.9175
v 5.3417 -2.7428 -5.9227
v 5.3987 -2.6307 -6.3166
v 5.3344 -2.7428 -6.3090
v 5.3135 -2.6307 -6.7065
v 5.2519 -2.7428 -6.6865
v 5.1539 -2.6307 -7.0722
v 5.0973 -2.7428 -7.0406
v 4.9260 -2.6307 -7.3998
v 4.8767 -2.7428 -7.3578
v 4.6385 -2.6307 -7.6767
v 4.5983 -2.7428 -7.6258
v 4.3583 -2.6307 -7.8564
v 4.3270 -2.7428 -7.7998
v 4.2409 -2.6307 -7.9163
v 4.2134 -2.7428 -7.8578
v 3.9310 -2.6307 -8.0379
v 3.9134 -2.7428 -7.9756
v 3.5382 -2.6307 -8.1084
v 3.5330 -2.7428 -8.0438
v 3.1391 -2.6307 -8.1009
v 3.1467 -2.7428 -8.0365
v 2.7493 -2.6307 -8.0157
v 2.7692 -2.7428 -7.9540
v 2.3835 -2.6307 -7.8560
v 2.4151 -2.7428 -7.7995
v 2.0559 -2.6307 -7.6281
v 2.0979 -2.7428 -7.5788
v 1.7790 -2.6307 -7.3406
v 1.8299 -2.7428 -7.3005
v 1.5636 -2.6307 -7.0047
v 1.6213 -2.7428 -6.9752
v 1.4178 -2.6307 -6.6331
v 1.4802 -2.7428 -6.6155
v 1.3473 -2.6307 -6.2403
v 1.4119 -2.7428 -6.2352
v 1.3548 -2.6307 -5.8413
v 1.4192 -2.7428 -5.8488
v 2.0373 4.6481 -1.4672
v 2.1933 4.6481 -1.5715
v 1.7803 4.6481 -1.7803
v 1.9130 4.6481 -1.9130
v 1.4672 4.6481 -2.0373
v 1.5715 4.6481 -2.1933
v 1.1100 4.6481 -2.2282
v 1.1818 4.6481 -2.4016
v 0.7224 4.6481 -2.3458
v 0.7590 4.6481 -2.5299
v 0.3192 4.6481 -2.3855
v 0.3192 4.6481 -2.5732
v -0.0839 4.6481 -2.3458
v -0.1205 4.6481 -2.5298
v -0.4715 4.6481 -2.2282
v -0.5433 4.6481 -2.4016
v -0.8287 4.6481 -2.0373
v -0.9330 4.6481 -2.1933
v -1.1418 4.6481 -1.7803
v -1.2745 4.6481 -1.9130
v -1.3988 4.6481 -1.4672
v -1.5548 4.6481 -1.5715
v -1.5897 4.6481 -1.1100
v -1.7631 4.6481 -1.1818
v -1.7073 4.6481 -0.7224
v -1.8914 4.6481 -0.7590
v -1.7470 4.6481 -0.3192
v -1.9347 4.6481 -0.3192
v -1.7073 4.6481 0.0839
v -1.8914 4.6481 0.1205
v -1.5897 4.6481 0.4715
v -1.7631 4.6481 0.5433
v -1.3988 4.6481 0.8287
v -1.5548 4.6481 0.9330
v -1.1418 4.6481 1.1418
v -1.2745 4.6481 1.2745
v -0.8287 4.6481 1.3988
v -0.9330 4.6481 1.5548
v -0.4715 4.6481 1.5897
v -0.5433 4.6481 1.7631
v -0.0839 4.6481 1.7073
v -0.1205 4.6481 1.8914
v 0.3192 4.6481 1.7470
v 0.3192 4.6481 1.9347
v 0.7224 4.6481 1.7073
v 0.7590 4.6481 1.8914
v 1.1100 4.6481 1.5897
v 1.1818 4.6481 1.7631
v 1.4672 4.6481 1.3988
v 1.5715 4.6481 1.5548
v 1.7803 4.6481 1.1418
v 1.9130 4.6481 1.2745
v 2.0373 4.6481 0.8287
v 2.1933 4.6481 0.9330
v 2.2282 4.6481 0.4715
v 2.4016 4.6481 0.5433
v 2.3458 4.6481 0.0839
v 2.5299 4.6481 0.1205
v 2.3855 4.6481 -0.3192
v 2.5732 4.6481 -0.3192
v 2.3458 4.6481 -0.7224
v 2.5299 4.6481 -0.7590
v 2.2282 4.6481 -1.1100
v 2.4016 4.6481 -1.1818
v 6.1523 -2.6377 -9.0490
v 6.8692 -3.3283 -10.1220
v 7.7432 -2.6377 -7.7433
v 8.6558 -3.3283 -8.6558
v 9.0489 -2.6377 -6.1522
v 10.1220 -3.3283 -6.8692
v 10.0190 -2.6377 -4.3370
v 11.2114 -3.3283 -4.8309
v 10.6205 -2.6377 -2.3536
v 11.8823 -3.3283 -2.6193
v 10.8208 -2.6377 -0.3192
v 12.1089 -3.3283 -0.3193
v 10.6204 -2.6377 1.7150
v 11.8823 -3.3283 1.9808
v 10.0188 -2.6377 3.6984
v 11.2114 -3.3283 4.1924
v 9.0486 -2.6377 5.5135
v 10.1220 -3.3283 6.2307
v 7.7429 -2.6377 7.1044
v 8.6558 -3.3283 8.0173
v 6.1519 -2.6377 8.4100
v 6.8692 -3.3283 9.4835
v 4.3368 -2.6377 9.3799
v 4.8309 -3.3283 10.5729
v 2.3339 -2.6377 9.9872
v 2.6193 -3.3283 11.2438
v 0.3192 -2.6377 10.1853
v 0.3192 -3.3283 11.4704
v -1.6950 -2.6377 9.9870
v -1.9808 -3.3283 11.2438
v -3.7125 -2.6377 9.3752
v -4.1924 -3.3283 10.5729
v -5.5148 -2.6377 8.4120
v -6.2307 -3.3283 9.4835
v -7.0949 -2.6377 7.1156
v -8.0173 -3.3283 8.0173
v -8.4100 -2.6377 5.5135
v -9.4835 -3.3283 6.2307
v -9.3804 -2.6377 3.6985
v -10.5729 -3.3283 4.1924
v -9.9779 -2.6377 1.7290
v -11.2438 -3.3283 1.9808
v -10.1797 -2.6377 -0.3192
v -11.4704 -3.3283 -0.3192
v -9.9780 -2.6377 -2.3675
v -11.2438 -3.3283 -2.6193
v -9.3806 -2.6377 -4.3370
v -10.5729 -3.3283 -4.8309
v -8.4103 -2.6377 -6.1521
v -9.4835 -3.3283 -6.8692
v -7.0954 -2.6377 -7.7542
v -8.0173 -3.3283 -8.6558
v -5.5151 -2.6377 -9.0510
v -6.2307 -3.3283 -10.1219
v -3.7124 -2.6377 -10.0147
v -4.1925 -3.3283 -11.2114
v -1.7290 -2.6377 -10.6165
v -1.9808 -3.3283 -11.8823
v 0.3192 -2.6377 -10.8183
v 0.3192 -3.3283 -12.1089
v 2.3675 -2.6377 -10.6167
v 2.6193 -3.3283 -11.8823
v 4.3371 -2.6377 -10.0192
v 4.8309 -3.3283 -11.2114
v 0.7537 -5.2164 -0.7537
v 0.7537 -5.2614 -0.7537
v 0.8301 -5.2164 -0.6606
v 0.8301 -5.2614 -0.6606
v 0.8869 -5.2164 -0.5544
v 0.8869 -5.2614 -0.5544
v 0.9219 -5.2164 -0.4391
v 0.9219 -5.2614 -0.4391
v 0.9337 -5.2164 -0.3192
v 0.9337 -5.2614 -0.3192
v 0.9219 -5.2164 -0.1994
v 0.9219 -5.2614 -0.1994
v 0.8869 -5.2164 -0.0841
v 0.8869 -5.2614 -0.0841
v 0.8301 -5.2164 0.0221
v 0.8301 -5.2614 0.0221
v 0.7537 -5.2164 0.1152
v 0.7537 -5.2614 0.1152
v 0.6606 -5.2164 0.1917
v 0.6606 -5.2614 0.1917
v 0.5544 -5.2164 0.2484
v 0.5544 -5.2614 0.2484
v 0.4391 -5.2164 0.2834
v 0.4391 -5.2614 0.2834
v 0.3192 -5.2164 0.2952
v 0.3192 -5.2614 0.2952
v 0.1994 -5.2164 0.2834
v 0.1994 -5.2614 0.2834
v 0.0841 -5.2164 0.2484
v 0.0841 -5.2614 0.2484
v -0.0221 -5.2164 0.1917
v -0.0221 -5.2614 0.1917
v -0.1152 -5.2164 0.1152
v -0.1152 -5.2614 0.1152
v -0.1917 -5.2164 0.0221
v -0.1917 -5.2614 0.0221
v -0.2484 -5.2164 -0.0841
v -0.2484 -5.2614 -0.0841
v -0.2834 -5.2164 -0.1994
v -0.2834 -5.2614 -0.1994
v -0.2952 -5.2164 -0.3192
v -0.2952 -5.2614 -0.3192
v -0.2834 -5.2164 -0.4391
v -0.2834 -5.2614 -0.4391
v -0.2484 -5.2164 -0.5544
v -0.2484 -5.2614 -0.5544
v -0.1917 -5.2164 -0.6606
v -0.1917 -5.2614 -0.6606
v -0.1152 -5.2164 -0.7537
v -0.1152 -5.2614 -0.7537
v -0.0221 -5.2164 -0.8301
v -0.0221 -5.2614 -0.8301
v 0.0841 -5.2164 -0.8869
v 0.0841 -5.2614 -0.8869
v 0.1994 -5.2164 -0.9219
v 0.1994 -5.2614 -0.9219
v 0.3192 -5.2164 -0.9337
v 0.3192 -5.2614 -0.9337
v 0.4391 -5.2164 -0.9219
v 0.4391 -5.2614 -0.9219
v 0.5544 -5.2164 -0.8869
v 0.5544 -5.2614 -0.8869
v 0.6606 -5.2164 -0.8301
v 0.6606 -5.2614 -0.8301
v -0.5837 1.5408 5.4259
v -0.5617 1.5947 5.4298
v -0.6859 1.5614 5.4080
v -0.6859 1.6198 5.4080
v -0.7882 1.5408 5.3900
v -0.8102 1.5947 5.3862
v -0.8749 1.4820 5.3748
v -0.9155 1.5232 5.3677
v -0.9329 1.3939 5.3646
v -0.9859 1.4163 5.3553
v -0.9532 1.2901 5.3611
v -1.0107 1.2901 5.3510
v -0.9329 1.1863 5.3646
v -0.9859 1.1639 5.3553
v -0.8749 1.0982 5.3748
v -0.9155 1.0570 5.3677
v -0.7882 1.0394 5.3900
v -0.8102 0.9855 5.3862
v -0.6859 1.0188 5.4080
v -0.6859 0.9604 5.4080
v -0.5837 1.0394 5.4259
v -0.5617 0.9855 5.4298
v -0.4970 1.0982 5.4411
v -0.4563 1.0570 5.4483
v -0.4390 1.1863 5.4513
v -0.3860 1.1639 5.4606
v -0.4187 1.2901 5.4549
v -0.3612 1.2901 5.4650
v -0.4390 1.3939 5.4513
v -0.3860 1.4163 5.4606
v -0.4970 1.4820 5.4411
v -0.4563 1.5232 5.4483
v -4.2790 -2.6307 0.5938
v -4.3401 -2.7428 0.5722
v -4.1830 -2.6307 0.2065
v -4.2471 -2.7428 0.1971
v -4.1675 -2.6307 -0.1261
v -4.2321 -2.7428 -0.1248
v -4.1743 -2.6307 -0.2577
v -4.2386 -2.7428 -0.2523
v -4.2239 -2.6307 -0.5868
v -4.2867 -2.7428 -0.5709
v -4.3593 -2.6307 -0.9623
v -4.4178 -2.7428 -0.9344
v -4.5653 -2.6307 -1.3041
v -4.6172 -2.7428 -1.2654
v -4.8340 -2.6307 -1.5992
v -4.8774 -2.7428 -1.5510
v -5.1552 -2.6307 -1.8361
v -5.1884 -2.7428 -1.7805
v -5.5164 -2.6307 -2.0059
v -5.5381 -2.7428 -1.9448
v -5.9038 -2.6307 -2.1019
v -5.9131 -2.7428 -2.0378
v -6.3024 -2.6307 -2.1205
v -6.2991 -2.7428 -2.0558
v -6.6971 -2.6307 -2.0610
v -6.6812 -2.7428 -1.9981
v -7.0725 -2.6307 -1.9256
v -7.0447 -2.7428 -1.8671
v -7.4143 -2.6307 -1.7196
v -7.3756 -2.7428 -1.6676
v -7.7094 -2.6307 -1.4508
v -7.6613 -2.7428 -1.4074
v -7.9463 -2.6307 -1.1297
v -7.8907 -2.7428 -1.0965
v -8.1161 -2.6307 -0.7685
v -8.0550 -2.7428 -0.7468
v -8.2121 -2.6307 -0.3811
v -8.1480 -2.7428 -0.3717
v -8.2276 -2.6307 -0.0486
v -8.1630 -2.7428 -0.0498
v -8.2208 -2.6307 0.0831
v -8.1564 -2.7428 0.0776
v -8.1712 -2.6307 0.4122
v -8.1084 -2.7428 0.3963
v -8.0358 -2.6307 0.7876
v -7.9773 -2.7428 0.7598
v -7.8298 -2.6307 1.1295
v -7.7778 -2.7428 1.0907
v -7.5610 -2.6307 1.4245
v -7.5176 -2.7428 1.3764
v -7.2399 -2.6307 1.6615
v -7.2067 -2.7428 1.6058
v -6.8787 -2.6307 1.8312
v -6.8570 -2.7428 1.7702
v -6.4913 -2.6307 1.9272
v -6.4820 -2.7428 1.8631
v -6.0926 -2.6307 1.9458
v -6.0960 -2.7428 1.8811
v -5.6980 -2.6307 1.8863
v -5.7139 -2.7428 1.8235
v -5.3226 -2.6307 1.7509
v -5.3504 -2.7428 1.6924
v -4.9808 -2.6307 1.5449
v -5.0195 -2.7428 1.4930
v -4.6857 -2.6307 1.2762
v -4.7338 -2.7428 1.2328
v -4.4487 -2.6307 0.9550
v -4.5044 -2.7428 0.9219
v 5.4158 1.5947 -3.1214
v 5.4047 1.5408 -3.1407
v 5.3527 1.6198 -3.2306
v 5.3527 1.5614 -3.2306
v 5.2895 1.5947 -3.3398
v 5.3007 1.5408 -3.3205
v 5.2360 1.5232 -3.4324
v 5.2566 1.4820 -3.3967
v 5.2002 1.4163 -3.4943
v 5.2272 1.3939 -3.4476
v 5.1876 1.2901 -3.5160
v 5.2168 1.2901 -3.4655
v 5.2002 1.1639 -3.4943
v 5.2272 1.1863 -3.4476
v 5.2360 1.0570 -3.4324
v 5.2566 1.0982 -3.3967
v 5.2895 0.9855 -3.3398
v 5.3007 1.0394 -3.3205
v 5.3527 0.9604 -3.2306
v 5.3527 1.0188 -3.2306
v 5.4158 0.9855 -3.1214
v 5.4047 1.0394 -3.1407
v 5.4694 1.0570 -3.0288
v 5.4487 1.0982 -3.0645
v 5.5052 1.1639 -2.9670
v 5.4782 1.1863 -3.0136
v 5.5177 1.2901 -2.9452
v 5.4885 1.2901 -2.9957
v 5.5052 1.4163 -2.9670
v 5.4782 1.3939 -3.0136
v 5.4694 1.5232 -3.0288
v 5.4487 1.4820 -3.0645
v -4.1381 1.5614 -4.0534
v -4.1381 1.6198 -4.0534
v -4.0714 1.5408 -4.1330
v -4.0571 1.5947 -4.1501
v -4.0149 1.4820 -4.2005
v -3.9884 1.5232 -4.2321
v -3.9771 1.3939 -4.2455
v -3.9425 1.4163 -4.2869
v -3.9638 1.2901 -4.2614
v -3.9264 1.2901 -4.3061
v -3.9771 1.1863 -4.2455
v -3.9425 1.1639 -4.2869
v -4.0149 1.0982 -4.2005
v -3.9884 1.0570 -4.2321
v -4.0714 1.0394 -4.1330
v -4.0571 0.9855 -4.1501
v -4.1381 1.0188 -4.0534
v -4.1381 0.9604 -4.0534
v -4.2048 1.0394 -3.9738
v -4.2191 0.9855 -3.9567
v -4.2613 1.0982 -3.9063
v -4.2878 1.0570 -3.8747
v -4.2991 1.1863 -3.8612
v -4.3337 1.1639 -3.8199
v -4.3123 1.2901 -3.8454
v -4.3498 1.2901 -3.8007
v -4.2991 1.3939 -3.8612
v -4.3337 1.4163 -3.8199
v -4.2613 1.4820 -3.9063
v -4.2878 1.5232 -3.8747
v -4.2048 1.5408 -3.9738
v -4.2191 1.5947 -3.9567
v 4.5585 1.2901 -4.3128
v 4.5961 1.2901 -4.2681
v 4.5747 1.1639 -4.2936
v 4.6094 1.1863 -4.2523
v 4.6207 1.0570 -4.2389
v 4.6472 1.0982 -4.2073
v 4.6895 0.9855 -4.1570
v 4.7038 1.0394 -4.1399
v 4.7707 0.9604 -4.0604
v 4.7707 1.0188 -4.0604
v 4.8518 0.9855 -3.9638
v 4.8375 1.0394 -3.9809
v 4.9206 1.0570 -3.8820
v 4.8941 1.0982 -3.9135
v 4.9666 1.1639 -3.8273
v 4.9319 1.1863 -3.8685
v 4.9828 1.2901 -3.8081
v 4.9452 1.2901 -3.8527
v 4.9666 1.4163 -3.8273
v 4.9319 1.3939 -3.8685
v 4.9206 1.5232 -3.8820
v 4.8941 1.4820 -3.9135
v 4.8518 1.5947 -3.9638
v 4.8375 1.5408 -3.9809
v 4.7707 1.6198 -4.0604
v 4.7707 1.5614 -4.0604
v 4.6895 1.5947 -4.1570
v 4.7038 1.5408 -4.1399
v 4.6207 1.5232 -4.2389
v 4.6472 1.4820 -4.2073
v 4.5747 1.4163 -4.2936
v 4.6094 1.3939 -4.2523
v 0.7101 -5.2164 -0.4811
v 0.8869 -5.2164 -0.5544
v 0.7341 -5.2164 -0.4018
v 0.9219 -5.2164 -0.4391
v 0.7423 -5.2164 -0.3192
v 0.9337 -5.2164 -0.3192
v 0.7341 -5.2164 -0.2367
v 0.9219 -5.2164 -0.1994
v 0.7101 -5.2164 -0.1574
v 0.8869 -5.2164 -0.0841
v 0.6710 -5.2164 -0.0842
v 0.8301 -5.2164 0.0221
v 0.6184 -5.2164 -0.0201
v 0.7537 -5.2164 0.1152
v 0.5543 -5.2164 0.0325
v 0.6606 -5.2164 0.1917
v 0.4811 -5.2164 0.0716
v 0.5544 -5.2164 0.2484
v 0.4018 -5.2164 0.0956
v 0.4391 -5.2164 0.2834
v 0.3192 -5.2164 0.1038
v 0.3192 -5.2164 0.2952
v 0.2367 -5.2164 0.0956
v 0.1994 -5.2164 0.2834
v 0.1574 -5.2164 0.0716
v 0.0841 -5.2164 0.2484
v 0.0842 -5.2164 0.0325
v -0.0221 -5.2164 0.1917
v 0.0201 -5.2164 -0.0201
v -0.1152 -5.2164 0.1152
v -0.0325 -5.2164 -0.0842
v -0.1917 -5.2164 0.0221
v -0.0716 -5.2164 -0.1574
v -0.2484 -5.2164 -0.0841
v -0.0956 -5.2164 -0.2367
v -0.2834 -5.2164 -0.1994
v -0.1038 -5.2164 -0.3192
v -0.2952 -5.2164 -0.3192
v -0.0956 -5.2164 -0.4018
v -0.2834 -5.2164 -0.4391
v -0.0716 -5.2164 -0.4811
v -0.2484 -5.2164 -0.5544
v -0.0325 -5.2164 -0.5543
v -0.1917 -5.2164 -0.6606
v 0.0201 -5.2164 -0.6184
v -0.1152 -5.2164 -0.7537
v 0.0842 -5.2164 -0.6710
v -0.0221 -5.2164 -0.8301
v 0.1574 -5.2164 -0.7101
v 0.0841 -5.2164 -0.8869
v 0.2367 -5.2164 -0.7341
v 0.1994 -5.2164 -0.9219
v 0.3192 -5.2164 -0.7423
v 0.3192 -5.2164 -0.9337
v 0.4018 -5.2164 -0.7341
v 0.4391 -5.2164 -0.9219
v 0.4811 -5.2164 -0.7101
v 0.5544 -5.2164 -0.8869
v 0.5543 -5.2164 -0.6710
v 0.6606 -5.2164 -0.8301
v 0.6184 -5.2164 -0.6184
v 0.7537 -5.2164 -0.7537
v 0.6710 -5.2164 -0.5543
v 0.8301 -5.2164 -0.6606
v -0.9136 -4.9512 -0.0740
v -2.0040 -4.4319 0.1429
v -0.9377 -4.9512 -0.3192
v -2.0495 -4.4319 -0.3192
v -0.9136 -4.9512 -0.5645
v -2.0040 -4.4319 -0.7814
v -0.8421 -4.9512 -0.8003
v -1.8692 -4.4319 -1.2257
v -0.7259 -4.9512 -1.0176
v -1.6503 -4.4319 -1.6353
v -0.5696 -4.9512 -1.2081
v -1.3557 -4.4319 -1.9942
v -0.3791 -4.9512 -1.3644
v -0.9968 -4.4319 -2.2888
v -0.1618 -4.9512 -1.4805
v -0.5872 -4.4319 -2.5077
v 0.0740 -4.9512 -1.5521
v -0.1429 -4.4319 -2.6425
v 0.3192 -4.9512 -1.5762
v 0.3192 -4.4319 -2.6880
v 0.5645 -4.9512 -1.5521
v 0.7814 -4.4319 -2.6425
v 0.8003 -4.9512 -1.4805
v 1.2257 -4.4319 -2.5077
v 1.0176 -4.9512 -1.3644
v 1.6353 -4.4319 -2.2888
v 1.2081 -4.9512 -1.2081
v 1.9942 -4.4319 -1.9942
v 1.3644 -4.9512 -1.0176
v 2.2888 -4.4319 -1.6353
v 1.4805 -4.9512 -0.8003
v 2.5077 -4.4319 -1.2257
v 1.5521 -4.9512 -0.5645
v 2.6425 -4.4319 -0.7814
v 1.5762 -4.9512 -0.3192
v 2.6880 -4.4319 -0.3192
v 1.5521 -4.9512 -0.0740
v 2.6425 -4.4319 0.1429
v 1.4805 -4.9512 0.1618
v 2.5077 -4.4319 0.5872
v 1.3644 -4.9512 0.3791
v 2.2888 -4.4319 0.9968
v 1.2081 -4.9512 0.5696
v 1.9942 -4.4319 1.3557
v 1.0176 -4.9512 0.7259
v 1.6353 -4.4319 1.6503
v 0.8003 -4.9512 0.8421
v 1.2257 -4.4319 1.8692
v 0.5645 -4.9512 0.9136
v 0.7814 -4.4319 2.0040
v 0.3192 -4.9512 0.9377
v 0.3192 -4.4319 2.0495
v 0.0740 -4.9512 0.9136
v -0.1429 -4.4319 2.0040
v -0.1618 -4.9512 0.8421
v -0.5872 -4.4319 1.8692
v -0.3791 -4.9512 0.7259
v -0.9968 -4.4319 1.6503
v -0.5696 -4.9512 0.5696
v -1.3557 -4.4319 1.3557
v -0.7259 -4.9512 0.3791
v -1.6503 -4.4319 0.9968
v -0.8421 -4.9512 0.1618
v -1.8692 -4.4319 0.5872
v -2.5167 -3.9689 0.8554
v -2.6914 -3.9689 0.2796
v -2.7503 -3.9689 -0.3192
v -2.6914 -3.9689 -0.9181
v -2.5167 -3.9689 -1.4939
v -2.2330 -3.9689 -2.0246
v -1.8513 -3.9689 -2.4898
v -1.3861 -3.9689 -2.8715
v -0.8554 -3.9689 -3.1552
v -0.2796 -3.9689 -3.3298
v 0.3192 -3.9689 -3.3888
v 0.9181 -3.9689 -3.3298
v 1.4939 -3.9689 -3.1552
v 2.0246 -3.9689 -2.8715
v 2.4898 -3.9689 -2.4898
v 2.8715 -3.9689 -2.0246
v 3.1552 -3.9689 -1.4939
v 3.3298 -3.9689 -0.9181
v 3.3888 -3.9689 -0.3192
v 3.3298 -3.9689 0.2796
v 3.1552 -3.9689 0.8554
v 2.8715 -3.9689 1.3861
v 2.4898 -3.9689 1.8513
v 2.0246 -3.9689 2.2330
v 1.4939 -3.9689 2.5167
v 0.9181 -3.9689 2.6914
v 0.3192 -3.9689 2.7503
v -0.2796 -3.9689 2.6914
v -0.8554 -3.9689 2.5167
v -1.3861 -3.9689 2.2330
v -1.8513 -3.9689 1.8513
v -2.2330 -3.9689 1.3861
v -2.6233 -3.5354 1.6469
v -2.9504 -3.5354 1.0351
v -3.1518 -3.5354 0.3712
v -3.2198 -3.5354 -0.3192
v -3.1518 -3.5354 -1.0097
v -2.9504 -3.5354 -1.6736
v -2.6233 -3.5354 -2.2854
v -2.1832 -3.5354 -2.8217
v -1.6469 -3.5354 -3.2618
v -1.0351 -3.5354 -3.5889
v -0.3712 -3.5354 -3.7902
v 0.3192 -3.5354 -3.8582
v 1.0097 -3.5354 -3.7902
v 1.6736 -3.5354 -3.5889
v 2.2854 -3.5354 -3.2618
v 2.8217 -3.5354 -2.8217
v 3.2618 -3.5354 -2.2854
v 3.5889 -3.5354 -1.6736
v 3.7902 -3.5354 -1.0097
v 3.8582 -3.5354 -0.3192
v 3.7902 -3.5354 0.3712
v 3.5889 -3.5354 1.0351
v 3.2618 -3.5354 1.6469
v 2.8217 -3.5354 2.1832
v 2.2854 -3.5354 2.6233
v 1.6736 -3.5354 2.9504
v 1.0097 -3.5354 3.1518
v 0.3192 -3.5354 3.2198
v -0.3712 -3.5354 3.1518
v -1.0351 -3.5354 2.9504
v -1.6469 -3.5354 2.6233
v -2.1832 -3.5354 2.1832
v -2.3813 -3.1147 2.3813
v -2.8562 -3.1147 1.8025
v -3.2092 -3.1147 1.1423
v -3.4265 -3.1147 0.4258
v -3.4999 -3.1147 -0.3192
v -3.4265 -3.1147 -1.0643
v -3.2092 -3.1147 -1.7808
v -2.8562 -3.1147 -2.4410
v -2.3813 -3.1147 -3.0198
v -1.8026 -3.1147 -3.4947
v -1.1423 -3.1147 -3.8477
v -0.4258 -3.1147 -4.0650
v 0.3192 -3.1147 -4.1384
v 1.0643 -3.1147 -4.0650
v 1.7808 -3.1147 -3.8477
v 2.4410 -3.1147 -3.4947
v 3.0198 -3.1147 -3.0198
v 3.4947 -3.1147 -2.4410
v 3.8477 -3.1147 -1.7808
v 4.0650 -3.1147 -1.0643
v 4.1384 -3.1147 -0.3192
v 4.0650 -3.1147 0.4258
v 3.8477 -3.1147 1.1423
v 3.4947 -3.1147 1.8025
v 3.0198 -3.1147 2.3813
v 2.4410 -3.1147 2.8562
v 1.7808 -3.1147 3.2092
v 1.0643 -3.1147 3.4265
v 0.3192 -3.1147 3.4999
v -0.4258 -3.1147 3.4265
v -1.1423 -3.1147 3.2092
v -1.8025 -3.1147 2.8562
v -5.0425 1.1639 -2.5900
v -5.0609 1.1863 -2.5393
v -5.0339 1.2901 -2.6136
v -5.0538 1.2901 -2.5587
v -5.0425 1.4163 -2.5900
v -5.0609 1.3939 -2.5393
v -5.0669 1.5232 -2.5228
v -5.0809 1.4820 -2.4840
v -5.1034 1.5947 -2.4223
v -5.1110 1.5408 -2.4013
v -5.1464 1.6198 -2.3037
v -5.1464 1.5614 -2.3037
v -5.1895 1.5947 -2.1851
v -5.1818 1.5408 -2.2061
v -5.2260 1.5232 -2.0846
v -5.2119 1.4820 -2.1233
v -5.2504 1.4163 -2.0174
v -5.2320 1.3939 -2.0681
v -5.2589 1.2901 -1.9938
v -5.2390 1.2901 -2.0486
v -5.2504 1.1639 -2.0174
v -5.2320 1.1863 -2.0681
v -5.2260 1.0570 -2.0846
v -5.2119 1.0982 -2.1233
v -5.1895 0.9855 -2.1851
v -5.1818 1.0394 -2.2061
v -5.1464 0.9604 -2.3037
v -5.1464 1.0188 -2.3037
v -5.1034 0.9855 -2.4223
v -5.1110 1.0394 -2.4013
v -5.0669 1.0570 -2.5228
v -5.0809 1.0982 -2.4840
v 3.6816 0.0811 -5.3513
v 3.5765 0.1966 -5.1941
v 4.5987 0.0811 -4.5987
v 4.4650 0.1966 -4.4650
v 5.3513 0.0811 -3.6816
v 5.1941 0.1966 -3.5765
v 5.9106 0.0811 -2.6353
v 5.7359 0.1966 -2.5629
v 6.2550 0.0811 -1.4999
v 6.0695 0.1966 -1.4630
v 6.3713 0.0811 -0.3192
v 6.1822 0.1966 -0.3192
v 6.2550 0.0811 0.8614
v 6.0695 0.1966 0.8246
v 5.9106 0.0811 1.9968
v 5.7359 0.1966 1.9244
v 5.3513 0.0811 3.0431
v 5.1941 0.1966 2.9380
v 4.5987 0.0811 3.9602
v 4.4650 0.1966 3.8265
v 3.6816 0.0811 4.7128
v 3.5765 0.1966 4.5556
v 2.6353 0.0811 5.2721
v 2.5629 0.1966 5.0974
v 1.4999 0.0811 5.6165
v 1.4630 0.1966 5.4310
v 0.3192 0.0811 5.7328
v 0.3192 0.1966 5.5437
v -0.8614 0.0811 5.6165
v -0.8246 0.1966 5.4310
v -1.9968 0.0811 5.2721
v -1.9244 0.1966 5.0974
v -3.0431 0.0811 4.7128
v -2.9380 0.1966 4.5556
v -3.9602 0.0811 3.9602
v -3.8265 0.1966 3.8265
v -4.7128 0.0811 3.0431
v -4.5556 0.1966 2.9380
v -5.2721 0.0811 1.9968
v -5.0974 0.1966 1.9244
v -5.6165 0.0811 0.8614
v -5.4310 0.1966 0.8246
v -5.7328 0.0811 -0.3192
v -5.5437 0.1966 -0.3192
v -5.6165 0.0811 -1.4999
v -5.4310 0.1966 -1.4630
v -5.2721 0.0811 -2.6353
v -5.0974 0.1966 -2.5629
v -4.7128 0.0811 -3.6816
v -4.5556 0.1966 -3.5765
v -3.9602 0.0811 -4.5987
v -3.8265 0.1966 -4.4650
v -3.0431 0.0811 -5.3513
v -2.9380 0.1966 -5.1941
v -1.9968 0.0811 -5.9106
v -1.9244 0.1966 -5.7359
v -0.8615 0.0811 -6.2550
v -0.8246 0.1966 -6.0695
v 0.3192 0.0811 -6.3713
v 0.3192 0.1966 -6.1822
v 1.4999 0.0811 -6.2550
v 1.4630 0.1966 -6.0695
v 2.6353 0.0811 -5.9106
v 2.5629 0.1966 -5.7359
v 1.7041 -0.5497 -7.2815
v 3.0358 -0.5497 -6.8775
v 3.1081 -0.6651 -7.0522
v 4.3681 -0.6651 -6.3788
v 4.2630 -0.5497 -6.2215
v 5.4725 -0.6651 -5.4725
v 5.3387 -0.5497 -5.3387
v 6.3788 -0.6651 -4.3681
v 6.2215 -0.5497 -4.2630
v 7.0522 -0.6651 -3.1081
v 6.8775 -0.5497 -3.0358
v 7.4670 -0.6651 -1.7410
v 7.2815 -0.5497 -1.7041
v 7.6070 -0.6651 -0.3192
v 7.4179 -0.5497 -0.3192
v 7.4670 -0.6651 1.1025
v 7.2815 -0.5497 1.0656
v 7.0522 -0.6651 2.4697
v 6.8775 -0.5497 2.3973
v 6.3788 -0.6651 3.7296
v 6.2215 -0.5497 3.6245
v 5.4725 -0.6651 4.8340
v 5.3387 -0.5497 4.7002
v 4.3681 -0.6651 5.7403
v 4.2630 -0.5497 5.5831
v 3.1081 -0.6651 6.4138
v 3.0358 -0.5497 6.2390
v 1.7410 -0.6651 6.8285
v 1.7041 -0.5497 6.6430
v 0.3192 -0.6651 6.9685
v 0.3192 -0.5497 6.7794
v -1.1025 -0.6651 6.8285
v -1.0656 -0.5497 6.6430
v -2.4697 -0.6651 6.4138
v -2.3973 -0.5497 6.2390
v -3.7296 -0.6651 5.7403
v -3.6245 -0.5497 5.5831
v -4.8340 -0.6651 4.8340
v -4.7002 -0.5497 4.7002
v -5.7403 -0.6651 3.7296
v -5.5831 -0.5497 3.6245
v -6.4138 -0.6651 2.4697
v -6.2390 -0.5497 2.3973
v -6.8285 -0.6651 1.1025
v -6.6430 -0.5497 1.0656
v -6.9685 -0.6651 -0.3192
v -6.7794 -0.5497 -0.3192
v -6.8285 -0.6651 -1.7410
v -6.6430 -0.5497 -1.7041
v -6.4138 -0.6651 -3.1081
v -6.2390 -0.5497 -3.0358
v -5.7403 -0.6651 -4.3681
v -5.5831 -0.5497 -4.2630
v -4.8340 -0.6651 -5.4725
v -4.7003 -0.5497 -5.3387
v -3.7296 -0.6651 -6.3788
v -3.6245 -0.5497 -6.2215
v -2.4697 -0.6651 -7.0522
v -2.3973 -0.5497 -6.8775
v -1.1025 -0.6651 -7.4670
v -1.0656 -0.5497 -7.2815
v 0.3192 -0.6651 -7.6070
v 0.3192 -0.5497 -7.4179
v 1.7410 -0.6651 -7.4670
v 7.7229 -2.6307 7.0844
v 6.8173 -2.6307 6.1788
v 9.0251 -2.6307 5.4978
v 7.9601 -2.6307 4.7862
v 9.9926 -2.6307 3.6876
v 8.8093 -2.6307 3.1975
v 10.5951 -2.6307 1.7013
v 9.3734 -2.6307 0.6386
v 9.3734 -2.6307 -0.3192
v 3.6295 -2.6307 2.9910
v 4.2117 -2.6307 2.2816
v 4.6443 -2.6307 1.4723
v 4.9107 -2.6307 0.5941
v 3.0198 -2.6307 2.3813
v 3.4947 -2.6307 1.8025
v 3.8477 -2.6307 1.1423
v 4.0650 -2.6307 0.4258
v 4.1384 -2.6307 -0.3192
v 2.4410 -2.6307 2.8562
v 2.9201 -2.6307 3.5732
v 1.7808 -2.6307 3.2092
v 2.1108 -2.6307 4.0058
v 1.0643 -2.6307 3.4265
v 1.2325 -2.6307 4.0058
v 0.3192 -2.6307 3.4999
v 0.3192 -2.6307 4.0058
v -0.4258 -2.6307 3.4265
v -0.5941 -2.6307 4.0058
v -1.1423 -2.6307 3.2092
v -1.4723 -2.6307 4.0058
v -1.8025 -2.6307 2.8562
v -2.2316 -2.6307 3.4984
v -2.9910 -2.6307 2.9910
v 5.4247 -2.6307 7.3216
v 3.8359 -2.6307 8.1708
v 1.2325 -2.6307 9.4991
v 6.1361 -2.6307 8.3863
v 4.3258 -2.6307 9.3535
v 2.3088 -2.6307 9.9649
v 0.3192 -2.6307 9.4991
v 0.3192 -2.6307 10.1603
v -0.5941 -2.6307 9.4991
v -1.6697 -2.6307 9.9646
v -3.9145 -2.6307 7.7411
v -3.7098 -2.6307 9.3460
v -4.7110 -2.6307 7.2090
v -5.4998 -2.6307 8.3895
v -7.0692 -2.6307 7.1021
v 4.9107 -2.6307 -0.3192
v 4.9107 -2.6307 -1.2325
v 4.0650 -2.6307 -1.0643
v 4.6443 -2.6307 -2.1108
v 8.8093 -2.6307 -3.8359
v 7.9601 -2.6307 -5.4247
v 9.0255 -2.6307 -6.1366
v 7.7234 -2.6307 -7.7234
v 3.8477 -2.6307 -1.7808
v 4.2117 -2.6307 -2.9201
v 6.8173 -2.6307 -6.8173
v 6.1367 -2.6307 -9.0256
v 3.4947 -2.6307 -2.4410
v 3.6295 -2.6307 -3.6295
v 5.4247 -2.6307 -7.9601
v 4.3263 -2.6307 -9.9933
v 3.0198 -2.6307 -3.0198
v 2.9201 -2.6307 -4.2117
v 3.8359 -2.6307 -8.8093
v 2.3620 -2.6307 -10.5891
v 2.4410 -2.6307 -3.4947
v 2.1107 -2.6307 -4.6443
v 2.1120 -2.6307 -9.3322
v 0.3192 -2.6307 -10.7902
v 1.7808 -2.6307 -3.8477
v 1.2325 -2.6307 -4.9107
v 0.3192 -2.6307 -9.5088
v -1.7235 -2.6307 -10.5889
v 1.0643 -2.6307 -4.0650
v 0.3192 -2.6307 -5.0007
v -1.4736 -2.6307 -9.3322
v -3.7096 -2.6307 -9.9862
v 0.3192 -2.6307 -4.1384
v -0.5941 -2.6307 -4.9107
v -3.9145 -2.6307 -8.3796
v -4.7110 -2.6307 -7.8475
v -5.5003 -2.6307 -9.0288
v -7.0700 -2.6307 -7.7407
v -0.4258 -2.6307 -4.0650
v -1.4723 -2.6307 -4.6443
v -1.1423 -2.6307 -3.8477
v -1.8026 -2.6307 -3.4947
v -2.2316 -2.6307 -4.1369
v -2.9910 -2.6307 -3.6295
v -2.3813 -2.6307 -3.0198
v -3.5732 -2.6307 -2.9201
v -7.3216 -2.6307 -5.4247
v -8.1708 -2.6307 -3.8359
v -9.3545 -2.6307 -4.3262
v -9.9504 -2.6307 -2.3620
v -2.8562 -2.6307 -2.4410
v -4.0058 -2.6307 -2.1107
v -8.6938 -2.6307 -2.1120
v -10.1515 -2.6307 -0.3192
v -3.2092 -2.6307 -1.7808
v -4.2722 -2.6307 -1.2325
v -8.8703 -2.6307 -0.3192
v -9.9502 -2.6307 1.7235
v -3.4265 -2.6307 -1.0643
v -4.3622 -2.6307 -0.3192
v -8.6938 -2.6307 1.4736
v -9.3542 -2.6307 3.6876
v -3.4999 -2.6307 -0.3192
v -4.2722 -2.6307 0.5941
v -8.1708 -2.6307 3.1975
v -8.3864 -2.6307 5.4977
v -3.4265 -2.6307 0.4258
v -4.0058 -2.6307 1.4723
v -7.3216 -2.6307 4.7862
v -3.2092 -2.6307 1.1423
v -3.5732 -2.6307 2.2816
v -5.5074 -2.6307 6.6768
v -2.8562 -2.6307 1.8025
v -2.3813 -2.6307 2.3813
v -5.5074 -2.6307 -7.3153
v -8.3868 -2.6307 -6.1365
v 9.9929 -2.6307 -4.3262
v 9.3734 -2.6307 -1.2771
v 10.5952 -2.6307 -2.3400
v 10.7940 -2.6307 -0.3192
v -0.3987 -5.0273 0.3987
v -0.5309 -5.0273 0.5309
v -0.5250 -5.0273 0.2449
v -0.6804 -5.0273 0.3487
v -0.6189 -5.0273 0.0693
v -0.7915 -5.0273 0.1409
v -0.6766 -5.0273 -0.1212
v -0.8599 -5.0273 -0.0847
v -0.6961 -5.0273 -0.3192
v -0.8830 -5.0273 -0.3192
v -0.6766 -5.0273 -0.5173
v -0.8599 -5.0273 -0.5538
v -0.6189 -5.0273 -0.7078
v -0.7915 -5.0273 -0.7793
v -0.5250 -5.0273 -0.8834
v -0.6804 -5.0273 -0.9872
v -0.3987 -5.0273 -1.0372
v -0.5309 -5.0273 -1.1694
v -0.2449 -5.0273 -1.1635
v -0.3487 -5.0273 -1.3189
v -0.0693 -5.0273 -1.2573
v -0.1409 -5.0273 -1.4300
v 0.1212 -5.0273 -1.3151
v 0.0847 -5.0273 -1.4984
v 0.3192 -5.0273 -1.3346
v 0.3192 -5.0273 -1.5215
v 0.5173 -5.0273 -1.3151
v 0.5538 -5.0273 -1.4984
v 0.7078 -5.0273 -1.2573
v 0.7793 -5.0273 -1.4300
v 0.8834 -5.0273 -1.1635
v 0.9872 -5.0273 -1.3189
v 1.0372 -5.0273 -1.0372
v 1.1694 -5.0273 -1.1694
v 1.1635 -5.0273 -0.8834
v 1.3189 -5.0273 -0.9872
v 1.2573 -5.0273 -0.7078
v 1.4300 -5.0273 -0.7793
v 1.3151 -5.0273 -0.5173
v 1.4984 -5.0273 -0.5538
v 1.3346 -5.0273 -0.3192
v 1.5215 -5.0273 -0.3192
v 1.3151 -5.0273 -0.1212
v 1.4984 -5.0273 -0.0847
v 1.2573 -5.0273 0.0693
v 1.4300 -5.0273 0.1409
v 1.1635 -5.0273 0.2449
v 1.3189 -5.0273 0.3487
v 1.0372 -5.0273 0.3987
v 1.1694 -5.0273 0.5309
v 0.8834 -5.0273 0.5250
v 0.9872 -5.0273 0.6804
v 0.7078 -5.0273 0.6189
v 0.7793 -5.0273 0.7915
v 0.5173 -5.0273 0.6766
v 0.5538 -5.0273 0.8599
v 0.3192 -5.0273 0.6961
v 0.3192 -5.0273 0.8830
v 0.1212 -5.0273 0.6766
v 0.0847 -5.0273 0.8599
v -0.0693 -5.0273 0.6189
v -0.1409 -5.0273 0.7915
v -0.2449 -5.0273 0.5250
v -0.3487 -5.0273 0.6804
v 0.7078 -5.0273 0.6189
v 0.7078 -4.9512 0.6189
v 0.8834 -5.0273 0.5250
v 0.8834 -4.9512 0.5250
v 1.0372 -5.0273 0.3987
v 1.0372 -4.9512 0.3987
v 1.1635 -5.0273 0.2449
v 1.1635 -4.9512 0.2449
v 1.2573 -5.0273 0.0693
v 1.2573 -4.9512 0.0693
v 1.3151 -5.0273 -0.1212
v 1.3151 -4.9512 -0.1212
v 1.3346 -5.0273 -0.3192
v 1.3346 -4.9512 -0.3192
v 1.3151 -5.0273 -0.5173
v 1.3151 -4.9512 -0.5173
v 1.2573 -5.0273 -0.7078
v 1.2573 -4.9512 -0.7078
v 1.1635 -5.0273 -0.8834
v 1.1635 -4.9512 -0.8834
v 1.0372 -5.0273 -1.0372
v 1.0372 -4.9512 -1.0372
v 0.8834 -5.0273 -1.1635
v 0.8834 -4.9512 -1.1635
v 0.7078 -5.0273 -1.2573
v 0.7078 -4.9512 -1.2573
v 0.5173 -5.0273 -1.3151
v 0.5173 -4.9512 -1.3151
v 0.3192 -5.0273 -1.3346
v 0.3192 -4.9512 -1.3346
v 0.1212 -5.0273 -1.3151
v 0.1212 -4.9512 -1.3151
v -0.0693 -5.0273 -1.2573
v -0.0693 -4.9512 -1.2573
v -0.2449 -5.0273 -1.1635
v -0.2449 -4.9512 -1.1635
v -0.3987 -5.0273 -1.0372
v -0.3987 -4.9512 -1.0372
v -0.5250 -5.0273 -0.8834
v -0.5250 -4.9512 -0.8834
v -0.6189 -5.0273 -0.7078
v -0.6189 -4.9512 -0.7078
v -0.6766 -5.0273 -0.5173
v -0.6766 -4.9512 -0.5173
v -0.6961 -5.0273 -0.3192
v -0.6961 -4.9512 -0.3192
v -0.6766 -5.0273 -0.1212
v -0.6766 -4.9512 -0.1212
v -0.6189 -5.0273 0.0693
v -0.6189 -4.9512 0.0693
v -0.5250 -5.0273 0.2449
v -0.5250 -4.9512 0.2449
v -0.3987 -5.0273 0.3987
v -0.3987 -4.9512 0.3987
v -0.2449 -5.0273 0.5250
v -0.2449 -4.9512 0.5250
v -0.0693 -5.0273 0.6189
v -0.0693 -4.9512 0.6189
v 0.1212 -5.0273 0.6766
v 0.1212 -4.9512 0.6766
v 0.3192 -5.0273 0.6961
v 0.3192 -4.9512 0.6961
v 0.5173 -5.0273 0.6766
v 0.5173 -4.9512 0.6766
v 5.8617 1.0570 -2.0933
v 5.8475 1.0982 -2.1321
v 5.8862 1.1639 -2.0262
v 5.8677 1.1863 -2.0768
v 5.8948 1.2901 -2.0026
v 5.8748 1.2901 -2.0574
v 5.8862 1.4163 -2.0262
v 5.8677 1.3939 -2.0768
v 5.8617 1.5232 -2.0933
v 5.8475 1.4820 -2.1321
v 5.8250 1.5947 -2.1938
v 5.8174 1.5408 -2.2148
v 5.7818 1.6198 -2.3123
v 5.7818 1.5614 -2.3123
v 5.7385 1.5947 -2.4308
v 5.7462 1.5408 -2.4099
v 5.7019 1.5232 -2.5313
v 5.7160 1.4820 -2.4926
v 5.6774 1.4163 -2.5985
v 5.6958 1.3939 -2.5478
v 5.6688 1.2901 -2.6220
v 5.6888 1.2901 -2.5672
v 5.6774 1.1639 -2.5985
v 5.6958 1.1863 -2.5478
v 5.7019 1.0570 -2.5313
v 5.7160 1.0982 -2.4926
v 5.7385 0.9855 -2.4308
v 5.7462 1.0394 -2.4099
v 5.7818 0.9604 -2.3123
v 5.7818 1.0188 -2.3123
v 5.8250 0.9855 -2.1938
v 5.8174 1.0394 -2.2148
v 1.2313 1.0394 5.4245
v 1.2093 0.9855 5.4284
v 1.3335 1.0188 5.4064
v 1.3335 0.9604 5.4064
v 1.4357 1.0394 5.3883
v 1.4577 0.9855 5.3844
v 1.5224 1.0982 5.3729
v 1.5630 1.0570 5.3657
v 1.5803 1.1863 5.3626
v 1.6334 1.1639 5.3532
v 1.6007 1.2901 5.3590
v 1.6581 1.2901 5.3489
v 1.5803 1.3939 5.3626
v 1.6334 1.4163 5.3532
v 1.5224 1.4820 5.3729
v 1.5630 1.5232 5.3657
v 1.4357 1.5408 5.3883
v 1.4577 1.5947 5.3844
v 1.3335 1.5614 5.4064
v 1.3335 1.6198 5.4064
v 1.2313 1.5408 5.4245
v 1.2093 1.5947 5.4284
v 1.1446 1.4820 5.4398
v 1.1040 1.5232 5.4470
v 1.0867 1.3939 5.4501
v 1.0336 1.4163 5.4595
v 1.0663 1.2901 5.4537
v 1.0089 1.2901 5.4639
v 1.0867 1.1863 5.4501
v 1.0336 1.1639 5.4595
v 1.1446 1.0982 5.4398
v 1.1040 1.0570 5.4470
v 3.5166 0.1966 4.4660
v 4.4650 0.1966 3.8265
v 4.3888 0.1966 3.7503
v 5.1941 0.1966 2.9380
v 5.1045 0.1966 2.8781
v 5.7359 0.1966 1.9244
v 5.6363 0.1966 1.8832
v 6.0695 0.1966 0.8246
v 5.9638 0.1966 0.8035
v 6.1822 0.1966 -0.3192
v 6.0744 0.1966 -0.3192
v 6.0695 0.1966 -1.4630
v 5.9638 0.1966 -1.4420
v 5.7359 0.1966 -2.5629
v 5.6363 0.1966 -2.5217
v 5.1941 0.1966 -3.5765
v 5.1045 0.1966 -3.5166
v 4.4650 0.1966 -4.4650
v 4.3888 0.1966 -4.3888
v 3.5765 0.1966 -5.1941
v 3.5166 0.1966 -5.1045
v 2.5629 0.1966 -5.7359
v 2.5216 0.1966 -5.6363
v 1.4630 0.1966 -6.0695
v 1.4420 0.1966 -5.9638
v 0.3192 0.1966 -6.1822
v 0.3192 0.1966 -6.0744
v -0.8246 0.1966 -6.0695
v -0.8035 0.1966 -5.9638
v -1.9244 0.1966 -5.7359
v -1.8832 0.1966 -5.6363
v -2.9380 0.1966 -5.1941
v -2.8782 0.1966 -5.1045
v -3.8265 0.1966 -4.4650
v -3.7503 0.1966 -4.3888
v -4.5556 0.1966 -3.5765
v -4.4660 0.1966 -3.5166
v -5.0974 0.1966 -2.5629
v -4.9978 0.1966 -2.5216
v -5.4310 0.1966 -1.4630
v -5.3253 0.1966 -1.4420
v -5.5437 0.1966 -0.3192
v -5.4359 0.1966 -0.3192
v -5.4310 0.1966 0.8246
v -5.3253 0.1966 0.8035
v -5.0974 0.1966 1.9244
v -4.9978 0.1966 1.8832
v -4.5556 0.1966 2.9380
v -4.4660 0.1966 2.8781
v -3.8265 0.1966 3.8265
v -3.7503 0.1966 3.7503
v -2.9380 0.1966 4.5556
v -2.8781 0.1966 4.4660
v -1.9244 0.1966 5.0974
v -1.8832 0.1966 4.9978
v -0.8246 0.1966 5.4310
v -0.8035 0.1966 5.3253
v 0.3192 0.1966 5.5437
v 0.3192 0.1966 5.4359
v 1.4630 0.1966 5.4310
v 1.4420 0.1966 5.3253
v 2.5629 0.1966 5.0974
v 2.5216 0.1966 4.9978
v 3.5765 0.1966 4.5556
v -5.7403 -0.6651 3.7296
v -5.7972 -0.7706 3.7676
v -4.8340 -0.6651 4.8340
v -4.8823 -0.7706 4.8823
v -3.7296 -0.6651 5.7403
v -3.7676 -0.7706 5.7972
v -2.4697 -0.6651 6.4138
v -2.4958 -0.7706 6.4770
v -1.1025 -0.6651 6.8285
v -1.1159 -0.7706 6.8956
v 0.3192 -0.6651 6.9685
v 0.3192 -0.7706 7.0369
v 1.7410 -0.6651 6.8285
v 1.7544 -0.7706 6.8956
v 3.1081 -0.6651 6.4138
v 3.1343 -0.7706 6.4770
v 4.3681 -0.6651 5.7403
v 4.4061 -0.7706 5.7972
v 5.4725 -0.6651 4.8340
v 5.5208 -0.7706 4.8823
v 6.3788 -0.6651 3.7296
v 6.4357 -0.7706 3.7676
v 7.0522 -0.6651 2.4697
v 7.1155 -0.7706 2.4958
v 7.4670 -0.6651 1.1025
v 7.5341 -0.7706 1.1159
v 7.6070 -0.6651 -0.3192
v 7.6754 -0.7706 -0.3192
v 7.4670 -0.6651 -1.7410
v 7.5341 -0.7706 -1.7544
v 7.0522 -0.6651 -3.1081
v 7.1155 -0.7706 -3.1343
v 6.3788 -0.6651 -4.3681
v 6.4357 -0.7706 -4.4061
v 5.4725 -0.6651 -5.4725
v 5.5208 -0.7706 -5.5208
v 4.3681 -0.6651 -6.3788
v 4.4061 -0.7706 -6.4357
v 3.1081 -0.6651 -7.0522
v 3.1343 -0.7706 -7.1155
v 1.7410 -0.6651 -7.4670
v 1.7544 -0.7706 -7.5341
v 0.3192 -0.6651 -7.6070
v 0.3192 -0.7706 -7.6754
v -1.1025 -0.6651 -7.4670
v -1.1159 -0.7706 -7.5341
v -2.4697 -0.6651 -7.0522
v -2.4958 -0.7706 -7.1155
v -3.7296 -0.6651 -6.3788
v -3.7676 -0.7706 -6.4357
v -4.8340 -0.6651 -5.4725
v -4.8823 -0.7706 -5.5208
v -5.7403 -0.6651 -4.3681
v -5.7972 -0.7706 -4.4061
v -6.4138 -0.6651 -3.1081
v -6.4770 -0.7706 -3.1343
v -6.8285 -0.6651 -1.7410
v -6.8956 -0.7706 -1.7544
v -6.9685 -0.6651 -0.3192
v -7.0369 -0.7706 -0.3192
v -6.8285 -0.6651 1.1025
v -6.8956 -0.7706 1.1159
v -6.4138 -0.6651 2.4697
v -6.4770 -0.7706 2.4958
v -5.3838 2.2695 0.8152
v -5.3253 2.2695 0.8035
v -5.0529 2.2695 1.9060
v -4.9978 2.2695 1.8832
v -4.5155 2.2695 2.9113
v -4.4660 2.2695 2.8781
v -3.7924 2.2695 3.7924
v -3.7503 2.2695 3.7503
v -2.9113 2.2695 4.5155
v -2.8781 2.2695 4.4660
v -1.9060 2.2695 5.0529
v -1.8832 2.2695 4.9978
v -0.8152 2.2695 5.3838
v -0.8035 2.2695 5.3253
v 0.3192 2.2695 5.4955
v 0.3192 2.2695 5.4359
v 1.4537 2.2695 5.3838
v 1.4420 2.2695 5.3253
v 2.5445 2.2695 5.0529
v 2.5216 2.2695 4.9978
v 3.5498 2.2695 4.5155
v 3.5166 2.2695 4.4660
v 4.4309 2.2695 3.7924
v 4.3888 2.2695 3.7503
v 5.1540 2.2695 2.9113
v 5.1045 2.2695 2.8781
v 5.6914 2.2695 1.9060
v 5.6363 2.2695 1.8832
v 6.0223 2.2695 0.8152
v 5.9638 2.2695 0.8035
v 6.1340 2.2695 -0.3192
v 6.0744 2.2695 -0.3192
v 6.0223 2.2695 -1.4537
v 5.9638 2.2695 -1.4420
v 5.6914 2.2695 -2.5445
v 5.6363 2.2695 -2.5217
v 5.1540 2.2695 -3.5498
v 5.1045 2.2695 -3.5166
v 4.4309 2.2695 -4.4309
v 4.3888 2.2695 -4.3888
v 3.5498 2.2695 -5.1540
v 3.5166 2.2695 -5.1045
v 2.5445 2.2695 -5.6914
v 2.5216 2.2695 -5.6363
v 1.4536 2.2695 -6.0223
v 1.4420 2.2695 -5.9638
v 0.3192 2.2695 -6.1340
v 0.3192 2.2695 -6.0744
v -0.8152 2.2695 -6.0223
v -0.8035 2.2695 -5.9638
v -1.9060 2.2695 -5.6914
v -1.8832 2.2695 -5.6363
v -2.9113 2.2695 -5.1540
v -2.8782 2.2695 -5.1045
v -3.7924 2.2695 -4.4309
v -3.7503 2.2695 -4.3888
v -4.5156 2.2695 -3.5497
v -4.4660 2.2695 -3.5166
v -5.0529 2.2695 -2.5445
v -4.9978 2.2695 -2.5216
v -5.3838 2.2695 -1.4536
v -5.3253 2.2695 -1.4420
v -5.4955 2.2695 -0.3192
v -5.4359 2.2695 -0.3192
v -1.1159 -0.7706 -7.5341
v -3.0885 -1.1135 -8.5464
v -2.4958 -0.7706 -7.1155
v -4.6281 -1.1135 -7.7234
v -3.7676 -0.7706 -6.4357
v -5.9775 -1.1135 -6.6160
v -4.8823 -0.7706 -5.5208
v -7.0850 -1.1135 -5.2666
v -5.7972 -0.7706 -4.4061
v -7.9079 -1.1135 -3.7270
v -6.4770 -0.7706 -3.1343
v -8.4146 -1.1135 -2.0565
v -6.8956 -0.7706 -1.7544
v -8.5857 -1.1135 -0.3192
v -7.0369 -0.7706 -0.3192
v -8.4146 -1.1135 1.4180
v -6.8956 -0.7706 1.1159
v -7.9079 -1.1135 3.0885
v -6.4770 -0.7706 2.4958
v -7.0850 -1.1135 4.6281
v -5.7972 -0.7706 3.7676
v -5.9775 -1.1135 5.9775
v -4.8823 -0.7706 4.8823
v -4.6281 -1.1135 7.0850
v -3.7676 -0.7706 5.7972
v -3.0885 -1.1135 7.9079
v -2.4958 -0.7706 6.4770
v -1.4180 -1.1135 8.4146
v -1.1159 -0.7706 6.8956
v 0.3192 -1.1135 8.5857
v 0.3192 -0.7706 7.0369
v 2.0565 -1.1135 8.4146
v 1.7544 -0.7706 6.8956
v 3.7270 -1.1135 7.9079
v 3.1343 -0.7706 6.4770
v 5.2666 -1.1135 7.0850
v 4.4061 -0.7706 5.7972
v 6.6160 -1.1135 5.9775
v 5.5208 -0.7706 4.8823
v 7.7234 -1.1135 4.6281
v 6.4357 -0.7706 3.7676
v 8.5464 -1.1135 3.0885
v 7.1155 -0.7706 2.4958
v 9.0531 -1.1135 1.4180
v 7.5341 -0.7706 1.1159
v 9.2242 -1.1135 -0.3192
v 7.6754 -0.7706 -0.3192
v 9.0531 -1.1135 -2.0565
v 7.5341 -0.7706 -1.7544
v 8.5464 -1.1135 -3.7270
v 7.1155 -0.7706 -3.1343
v 7.7234 -1.1135 -5.2666
v 6.4357 -0.7706 -4.4061
v 6.6160 -1.1135 -6.6160
v 5.5208 -0.7706 -5.5208
v 5.2666 -1.1135 -7.7235
v 4.4061 -0.7706 -6.4357
v 3.7270 -1.1135 -8.5464
v 3.1343 -0.7706 -7.1155
v 2.0565 -1.1135 -9.0531
v 1.7544 -0.7706 -7.5341
v 0.3192 -1.1135 -9.2242
v 0.3192 -0.7706 -7.6754
v -1.4180 -1.1135 -9.0531
v -1.6238 -1.4519 -10.0876
v -3.4922 -1.4519 -9.5208
v -5.2141 -1.4519 -8.6004
v -6.7233 -1.4519 -7.3618
v -7.9619 -1.4519 -5.8525
v -8.8823 -1.4519 -4.1306
v -9.4491 -1.4519 -2.2623
v -9.6404 -1.4519 -0.3192
v -9.4491 -1.4519 1.6238
v -8.8823 -1.4519 3.4922
v -7.9619 -1.4519 5.2141
v -6.7233 -1.4519 6.7233
v -5.2141 -1.4519 7.9619
v -3.4922 -1.4519 8.8823
v -1.6238 -1.4519 9.4491
v 0.3192 -1.4519 9.6404
v 2.2623 -1.4519 9.4491
v 4.1307 -1.4519 8.8823
v 5.8526 -1.4519 7.9619
v 7.3618 -1.4519 6.7233
v 8.6004 -1.4519 5.2141
v 9.5208 -1.4519 3.4922
v 10.0876 -1.4519 1.6238
v 10.2789 -1.4519 -0.3192
v 10.0876 -1.4519 -2.2623
v 9.5208 -1.4519 -4.1307
v 8.6004 -1.4519 -5.8526
v 7.3618 -1.4519 -7.3618
v 5.8525 -1.4519 -8.6004
v 4.1306 -1.4519 -9.5208
v 2.2623 -1.4519 -10.0876
v 0.3192 -1.4519 -10.2789
v 0.3192 -1.9184 -11.5572
v -1.8732 -1.9184 -11.3413
v -3.9813 -1.9184 -10.7018
v -5.9242 -1.9184 -9.6633
v -7.6272 -1.9184 -8.2657
v -9.0248 -1.9184 -6.5627
v -10.0633 -1.9184 -4.6198
v -10.7028 -1.9184 -2.5116
v -10.9187 -1.9184 -0.3192
v -10.7028 -1.9184 1.8732
v -10.0633 -1.9184 3.9813
v -9.0248 -1.9184 5.9242
v -7.6272 -1.9184 7.6272
v -5.9242 -1.9184 9.0248
v -3.9813 -1.9184 10.0633
v -1.8732 -1.9184 10.7028
v 0.3192 -1.9184 10.9187
v 2.5117 -1.9184 10.7028
v 4.6198 -1.9184 10.0633
v 6.5627 -1.9184 9.0248
v 8.2657 -1.9184 7.6272
v 9.6633 -1.9184 5.9242
v 10.7018 -1.9184 3.9813
v 11.3413 -1.9184 1.8732
v 11.5572 -1.9184 -0.3193
v 11.3413 -1.9184 -2.5117
v 10.7018 -1.9184 -4.6198
v 9.6633 -1.9184 -6.5627
v 8.2657 -1.9184 -8.2657
v 6.5627 -1.9184 -9.6633
v 4.6198 -1.9184 -10.7018
v 2.5117 -1.9184 -11.3413
v 7.0561 -2.3920 -10.4016
v 4.9596 -2.3920 -11.5222
v 2.6849 -2.3920 -12.2122
v 0.3192 -2.3920 -12.4452
v -2.0464 -2.3920 -12.2122
v -4.3212 -2.3920 -11.5222
v -6.4176 -2.3920 -10.4016
v -8.2551 -2.3920 -8.8936
v -9.7631 -2.3920 -7.0560
v -10.8837 -2.3920 -4.9596
v 7.2452 -2.6195 -10.6846
v 5.0899 -2.6195 -11.8367
v 2.7513 -2.6195 -12.5461
v 0.3192 -2.6195 -12.7856
v -2.1128 -2.6195 -12.5461
v -4.4514 -2.6195 -11.8366
v -6.6067 -2.6195 -10.6846
v -8.4958 -2.6195 -9.1343
v -10.0461 -2.6195 -7.2452
v -11.1982 -2.6195 -5.0899
v 7.4357 -2.9357 -10.9697
v 5.2211 -2.9357 -12.1534
v 2.8182 -2.9357 -12.8824
v 0.3192 -2.9357 -13.1285
v -2.1797 -2.9357 -12.8824
v -4.5826 -2.9357 -12.1534
v -6.7972 -2.9357 -10.9697
v -8.7383 -2.9357 -9.3767
v -10.3313 -2.9357 -7.4357
v -11.5149 -2.9357 -5.2211
v -10.6322 -3.4828 -7.6368
v -11.8494 -3.4828 -5.3596
v -12.2439 -2.9357 -2.8182
v -12.5989 -3.4828 -2.8888
v -12.4900 -2.9357 -0.3192
v -12.8519 -3.4828 -0.3192
v -12.2439 -2.9357 2.1797
v -12.5989 -3.4828 2.2503
v -11.5149 -2.9357 4.5826
v -11.8493 -3.4828 4.7212
v -10.3312 -2.9357 6.7972
v -10.6322 -3.4828 6.9983
v -8.7382 -2.9357 8.7383
v -8.9942 -3.4828 8.9942
v -6.7972 -2.9357 10.3312
v -6.9983 -3.4828 10.6322
v -4.5826 -2.9357 11.5149
v -4.7211 -3.4828 11.8494
v -2.1797 -2.9357 12.2439
v -2.2503 -3.4828 12.5989
v 0.3192 -2.9357 12.4900
v 0.3192 -3.4828 12.8519
v 2.8182 -2.9357 12.2439
v 2.8888 -3.4828 12.5989
v 5.2211 -2.9357 11.5149
v 5.3596 -3.4828 11.8494
v 7.4357 -2.9357 10.3312
v 7.6368 -3.4828 10.6322
v 9.3767 -2.9357 8.7383
v 9.6327 -3.4828 8.9942
v 10.9697 -2.9357 6.7972
v 11.2707 -3.4828 6.9983
v 12.1534 -2.9357 4.5826
v 12.4878 -3.4828 4.7211
v 12.8824 -2.9357 2.1797
v 13.2374 -3.4828 2.2503
v 13.1285 -2.9357 -0.3193
v 13.4904 -3.4828 -0.3193
v 12.8824 -2.9357 -2.8182
v 13.2374 -3.4828 -2.8888
v 12.1534 -2.9357 -5.2211
v 12.4878 -3.4828 -5.3597
v 10.9697 -2.9357 -7.4357
v 11.2707 -3.4828 -7.6368
v 9.3767 -2.9357 -9.3768
v 9.6327 -3.4828 -9.6327
v 7.6368 -3.4828 -11.2707
v 5.3596 -3.4828 -12.4878
v 2.8888 -3.4828 -13.2374
v 0.3192 -3.4828 -13.4904
v -2.2503 -3.4828 -13.2374
v -4.7212 -3.4828 -12.4878
v -6.9983 -3.4828 -11.2707
v -8.9942 -3.4828 -9.6327
v -9.0026 -3.5699 -9.6411
v -10.6421 -3.5699 -7.6433
v -11.8603 -3.5699 -5.3642
v -12.6105 -3.5699 -2.8911
v -12.8638 -3.5699 -0.3192
v -12.6105 -3.5699 2.2526
v -11.8603 -3.5699 4.7257
v -10.6421 -3.5699 7.0049
v -9.0026 -3.5699 9.0026
v -7.0049 -3.5699 10.6421
v -4.7257 -3.5699 11.8603
v -2.2526 -3.5699 12.6105
v 0.3192 -3.5699 12.8638
v 2.8911 -3.5699 12.6105
v 5.3642 -3.5699 11.8603
v 7.6434 -3.5699 10.6421
v 9.6411 -3.5699 9.0026
v 11.2806 -3.5699 7.0049
v 12.4988 -3.5699 4.7257
v 13.2490 -3.5699 2.2526
v 13.5023 -3.5699 -0.3193
v 13.2490 -3.5699 -2.8911
v 12.4988 -3.5699 -5.3642
v 11.2806 -3.5699 -7.6434
v 9.6411 -3.5699 -9.6411
v 7.6434 -3.5699 -11.2806
v 5.3642 -3.5699 -12.4988
v 2.8911 -3.5699 -13.2490
v 0.3192 -3.5699 -13.5023
v -2.2527 -3.5699 -13.2490
v -4.7257 -3.5699 -12.4988
v -7.0049 -3.5699 -11.2805
v 9.1343 -2.6195 -9.1343
v 8.8936 -2.3920 -8.8936
v 2.6849 -2.3920 11.5737
v 0.3192 -2.3920 11.8067
v 0.3193 -2.6195 12.1471
v -2.1128 -2.6195 11.9076
v -2.0464 -2.3920 11.5737
v -4.4514 -2.6195 11.1982
v -4.3212 -2.3920 10.8837
v -6.6067 -2.6195 10.0461
v -6.4176 -2.3920 9.7631
v -8.4958 -2.6195 8.4958
v -8.2551 -2.3920 8.2551
v -10.0461 -2.6195 6.6067
v -9.7631 -2.3920 6.4176
v -11.1981 -2.6195 4.4514
v -10.8837 -2.3920 4.3212
v -11.9076 -2.6195 2.1128
v -11.5737 -2.3920 2.0464
v -12.1471 -2.6195 -0.3192
v -11.8067 -2.3920 -0.3192
v -11.9076 -2.6195 -2.7513
v -11.5737 -2.3920 -2.6849
v 2.7513 -2.6195 11.9076
v 10.4016 -2.3920 -7.0561
v 11.5222 -2.3920 -4.9597
v 11.8367 -2.6195 -5.0899
v 12.5461 -2.6195 -2.7513
v 12.2122 -2.3920 -2.6849
v 12.7856 -2.6195 -0.3192
v 12.4452 -2.3920 -0.3193
v 12.5461 -2.6195 2.1128
v 12.2122 -2.3920 2.0464
v 11.8367 -2.6195 4.4514
v 11.5222 -2.3920 4.3212
v 10.6846 -2.6195 6.6067
v 10.4016 -2.3920 6.4176
v 9.1343 -2.6195 8.4958
v 8.8936 -2.3920 8.2551
v 7.2452 -2.6195 10.0461
v 7.0561 -2.3920 9.7631
v 5.0899 -2.6195 11.1982
v 4.9596 -2.3920 10.8837
v 10.6846 -2.6195 -7.2452
v 0.5538 -5.0273 0.8599
v 0.5538 -4.9512 0.8599
v 0.3192 -5.0273 0.8830
v 0.3192 -4.9512 0.8830
v 0.0847 -5.0273 0.8599
v 0.0847 -4.9512 0.8599
v -0.1409 -5.0273 0.7915
v -0.1409 -4.9512 0.7915
v -0.3487 -5.0273 0.6804
v -0.3487 -4.9512 0.6804
v -0.5309 -5.0273 0.5309
v -0.5309 -4.9512 0.5309
v -0.6804 -5.0273 0.3487
v -0.6804 -4.9512 0.3487
v -0.7915 -5.0273 0.1409
v -0.7915 -4.9512 0.1409
v -0.8599 -5.0273 -0.0847
v -0.8599 -4.9512 -0.0847
v -0.8830 -5.0273 -0.3192
v -0.8830 -4.9512 -0.3192
v -0.8599 -5.0273 -0.5538
v -0.8599 -4.9512 -0.5538
v -0.7915 -5.0273 -0.7793
v -0.7915 -4.9512 -0.7793
v -0.6804 -5.0273 -0.9872
v -0.6804 -4.9512 -0.9872
v -0.5309 -5.0273 -1.1694
v -0.5309 -4.9512 -1.1694
v -0.3487 -5.0273 -1.3189
v -0.3487 -4.9512 -1.3189
v -0.1409 -5.0273 -1.4300
v -0.1409 -4.9512 -1.4300
v 0.0847 -5.0273 -1.4984
v 0.0847 -4.9512 -1.4984
v 0.3192 -5.0273 -1.5215
v 0.3192 -4.9512 -1.5215
v 0.5538 -5.0273 -1.4984
v 0.5538 -4.9512 -1.4984
v 0.7793 -5.0273 -1.4300
v 0.7793 -4.9512 -1.4300
v 0.9872 -5.0273 -1.3189
v 0.9872 -4.9512 -1.3189
v 1.1694 -5.0273 -1.1694
v 1.1694 -4.9512 -1.1694
v 1.3189 -5.0273 -0.9872
v 1.3189 -4.9512 -0.9872
v 1.4300 -5.0273 -0.7793
v 1.4300 -4.9512 -0.7793
v 1.4984 -5.0273 -0.5538
v 1.4984 -4.9512 -0.5538
v 1.5215 -5.0273 -0.3192
v 1.5215 -4.9512 -0.3192
v 1.4984 -5.0273 -0.0847
v 1.4984 -4.9512 -0.0847
v 1.4300 -5.0273 0.1409
v 1.4300 -4.9512 0.1409
v 1.3189 -5.0273 0.3487
v 1.3189 -4.9512 0.3487
v 1.1694 -5.0273 0.5309
v 1.1694 -4.9512 0.5309
v 0.9872 -5.0273 0.6804
v 0.9872 -4.9512 0.6804
v 0.7793 -5.0273 0.7915
v 0.7793 -4.9512 0.7915
v -4.1991 -3.3346 -11.2274
v -4.6949 -3.6059 -12.4244
v -1.9842 -3.3346 -11.8993
v -2.2369 -3.6059 -13.1700
v 0.3192 -3.3346 -12.1261
v 0.3192 -3.6059 -13.4218
v 2.6226 -3.3346 -11.8993
v 2.8754 -3.6059 -13.1700
v 4.8375 -3.3346 -11.2274
v 5.3334 -3.6059 -12.4244
v 6.8788 -3.3346 -10.1363
v 7.5986 -3.6059 -11.2136
v 8.6680 -3.3346 -8.6680
v 9.5841 -3.6059 -9.5841
v 10.1363 -3.3346 -6.8788
v 11.2136 -3.6059 -7.5986
v 11.2274 -3.3346 -4.8375
v 12.4244 -3.6059 -5.3334
v 11.8993 -3.3346 -2.6227
v 13.1700 -3.6059 -2.8754
v 12.1261 -3.3346 -0.3193
v 13.4218 -3.6059 -0.3193
v 11.8993 -3.3346 1.9842
v 13.1700 -3.6059 2.2369
v 11.2274 -3.3346 4.1990
v 12.4244 -3.6059 4.6949
v 10.1363 -3.3346 6.2403
v 11.2136 -3.6059 6.9601
v 8.6680 -3.3346 8.0295
v 9.5841 -3.6059 8.9456
v 6.8788 -3.3346 9.4978
v 7.5986 -3.6059 10.5751
v 4.8375 -3.3346 10.5889
v 5.3334 -3.6059 11.7859
v 2.6227 -3.3346 11.2608
v 2.8754 -3.6059 12.5315
v 0.3192 -3.3346 11.4876
v 0.3192 -3.6059 12.7833
v -1.9842 -3.3346 11.2608
v -2.2369 -3.6059 12.5315
v -4.1990 -3.3346 10.5889
v -4.6949 -3.6059 11.7859
v -6.2403 -3.3346 9.4978
v -6.9601 -3.6059 10.5751
v -8.0295 -3.3346 8.0295
v -8.9456 -3.6059 8.9456
v -9.4978 -3.3346 6.2403
v -10.5751 -3.6059 6.9601
v -10.5889 -3.3346 4.1991
v -11.7859 -3.6059 4.6949
v -11.2608 -3.3346 1.9842
v -12.5315 -3.6059 2.2369
v -11.4876 -3.3346 -0.3192
v -12.7833 -3.6059 -0.3192
v -11.2608 -3.3346 -2.6226
v -12.5315 -3.6059 -2.8754
v -10.5889 -3.3346 -4.8375
v -11.7859 -3.6059 -5.3334
v -9.4978 -3.3346 -6.8788
v -10.5751 -3.6059 -7.5986
v -8.0295 -3.3346 -8.6680
v -8.9457 -3.6059 -9.5841
v -6.2403 -3.3346 -10.1363
v -6.9601 -3.6059 -11.2136
v -7.0049 -3.5699 -11.2805
v -4.7257 -3.5699 -12.4988
v -2.2527 -3.5699 -13.2490
v 0.3192 -3.5699 -13.5023
v 2.8911 -3.5699 -13.2490
v 5.3642 -3.5699 -12.4988
v 7.6434 -3.5699 -11.2806
v 9.6411 -3.5699 -9.6411
v 11.2806 -3.5699 -7.6434
v 12.4988 -3.5699 -5.3642
v 13.2490 -3.5699 -2.8911
v 13.5023 -3.5699 -0.3193
v 13.2490 -3.5699 2.2526
v 12.4988 -3.5699 4.7257
v 11.2806 -3.5699 7.0049
v 9.6411 -3.5699 9.0026
v 7.6434 -3.5699 10.6421
v 5.3642 -3.5699 11.8603
v 2.8911 -3.5699 12.6105
v 0.3192 -3.5699 12.8638
v -2.2526 -3.5699 12.6105
v -4.7257 -3.5699 11.8603
v -7.0049 -3.5699 10.6421
v -9.0026 -3.5699 9.0026
v -10.6421 -3.5699 7.0049
v -11.8603 -3.5699 4.7257
v -12.6105 -3.5699 2.2526
v -12.8638 -3.5699 -0.3192
v -12.6105 -3.5699 -2.8911
v -11.8603 -3.5699 -5.3642
v -10.6421 -3.5699 -7.6433
v -9.0026 -3.5699 -9.6411
v -0.5309 -4.9512 -1.1694
v -0.5696 -4.9512 -1.2081
v -0.3487 -4.9512 -1.3189
v -0.3791 -4.9512 -1.3644
v -0.1409 -4.9512 -1.4300
v -0.1618 -4.9512 -1.4805
v 0.0847 -4.9512 -1.4984
v 0.0740 -4.9512 -1.5521
v 0.3192 -4.9512 -1.5215
v 0.3192 -4.9512 -1.5762
v 0.5538 -4.9512 -1.4984
v 0.5645 -4.9512 -1.5521
v 0.7793 -4.9512 -1.4300
v 0.8003 -4.9512 -1.4805
v 0.9872 -4.9512 -1.3189
v 1.0176 -4.9512 -1.3644
v 1.1694 -4.9512 -1.1694
v 1.2081 -4.9512 -1.2081
v 1.3189 -4.9512 -0.9872
v 1.3644 -4.9512 -1.0176
v 1.4300 -4.9512 -0.7793
v 1.4805 -4.9512 -0.8003
v 1.4984 -4.9512 -0.5538
v 1.5521 -4.9512 -0.5645
v 1.5215 -4.9512 -0.3192
v 1.5762 -4.9512 -0.3192
v 1.4984 -4.9512 -0.0847
v 1.5521 -4.9512 -0.0740
v 1.4300 -4.9512 0.1409
v 1.4805 -4.9512 0.1618
v 1.3189 -4.9512 0.3487
v 1.3644 -4.9512 0.3791
v 1.1694 -4.9512 0.5309
v 1.2081 -4.9512 0.5696
v 0.9872 -4.9512 0.6804
v 1.0176 -4.9512 0.7259
v 0.7793 -4.9512 0.7915
v 0.8003 -4.9512 0.8421
v 0.5538 -4.9512 0.8599
v 0.5645 -4.9512 0.9136
v 0.3192 -4.9512 0.8830
v 0.3192 -4.9512 0.9377
v 0.0847 -4.9512 0.8599
v 0.0740 -4.9512 0.9136
v -0.1409 -4.9512 0.7915
v -0.1618 -4.9512 0.8421
v -0.3487 -4.9512 0.6804
v -0.3791 -4.9512 0.7259
v -0.5309 -4.9512 0.5309
v -0.5696 -4.9512 0.5696
v -0.6804 -4.9512 0.3487
v -0.7259 -4.9512 0.3791
v -0.7915 -4.9512 0.1409
v -0.8421 -4.9512 0.1618
v -0.8599 -4.9512 -0.0847
v -0.9136 -4.9512 -0.0740
v -0.8830 -4.9512 -0.3192
v -0.9377 -4.9512 -0.3192
v -0.8599 -4.9512 -0.5538
v -0.9136 -4.9512 -0.5645
v -0.7915 -4.9512 -0.7793
v -0.8421 -4.9512 -0.8003
v -0.6804 -4.9512 -0.9872
v -0.7259 -4.9512 -1.0176
v -10.5729 -3.3283 -4.8309
v -10.5807 -3.3320 -4.8342
v -9.4835 -3.3283 -6.8692
v -9.4905 -3.3320 -6.8739
v -8.0173 -3.3283 -8.6558
v -8.0232 -3.3320 -8.6617
v -6.2307 -3.3283 -10.1219
v -6.2354 -3.3320 -10.1290
v -4.1925 -3.3283 -11.2114
v -4.1957 -3.3320 -11.2192
v -1.9808 -3.3283 -11.8823
v -1.9825 -3.3320 -11.8906
v 0.3192 -3.3283 -12.1089
v 0.3192 -3.3320 -12.1173
v 2.6193 -3.3283 -11.8823
v 2.6209 -3.3320 -11.8906
v 4.8309 -3.3283 -11.2114
v 4.8342 -3.3320 -11.2192
v 6.8692 -3.3283 -10.1220
v 6.8739 -3.3320 -10.1290
v 8.6558 -3.3283 -8.6558
v 8.6617 -3.3320 -8.6617
v 10.1220 -3.3283 -6.8692
v 10.1290 -3.3320 -6.8739
v 11.2114 -3.3283 -4.8309
v 11.2192 -3.3320 -4.8342
v 11.8823 -3.3283 -2.6193
v 11.8906 -3.3320 -2.6209
v 12.1089 -3.3283 -0.3193
v 12.1173 -3.3320 -0.3193
v 11.8823 -3.3283 1.9808
v 11.8906 -3.3320 1.9824
v 11.2114 -3.3283 4.1924
v 11.2192 -3.3320 4.1957
v 10.1220 -3.3283 6.2307
v 10.1290 -3.3320 6.2354
v 8.6558 -3.3283 8.0173
v 8.6617 -3.3320 8.0232
v 6.8692 -3.3283 9.4835
v 6.8739 -3.3320 9.4905
v 4.8309 -3.3283 10.5729
v 4.8342 -3.3320 10.5807
v 2.6193 -3.3283 11.2438
v 2.6209 -3.3320 11.2521
v 0.3192 -3.3283 11.4704
v 0.3192 -3.3320 11.4788
v -1.9808 -3.3283 11.2438
v -1.9824 -3.3320 11.2521
v -4.1924 -3.3283 10.5729
v -4.1957 -3.3320 10.5807
v -6.2307 -3.3283 9.4835
v -6.2354 -3.3320 9.4905
v -8.0173 -3.3283 8.0173
v -8.0232 -3.3320 8.0232
v -9.4835 -3.3283 6.2307
v -9.4905 -3.3320 6.2354
v -10.5729 -3.3283 4.1924
v -10.5807 -3.3320 4.1957
v -11.2438 -3.3283 1.9808
v -11.2521 -3.3320 1.9824
v -11.4704 -3.3283 -0.3192
v -11.4788 -3.3320 -0.3192
v -11.2438 -3.3283 -2.6193
v -11.2521 -3.3320 -2.6209
v -11.2608 -3.3346 -2.6226
v -10.5889 -3.3346 -4.8375
v -9.4978 -3.3346 -6.8788
v -8.0295 -3.3346 -8.6680
v -6.2403 -3.3346 -10.1363
v -4.1991 -3.3346 -11.2274
v -1.9842 -3.3346 -11.8993
v 0.3192 -3.3346 -12.1261
v 2.6226 -3.3346 -11.8993
v 4.8375 -3.3346 -11.2274
v 6.8788 -3.3346 -10.1363
v 8.6680 -3.3346 -8.6680
v 10.1363 -3.3346 -6.8788
v 11.2274 -3.3346 -4.8375
v 11.8993 -3.3346 -2.6227
v 12.1261 -3.3346 -0.3193
v 11.8993 -3.3346 1.9842
v 11.2274 -3.3346 4.1990
v 10.1363 -3.3346 6.2403
v 8.6680 -3.3346 8.0295
v 6.8788 -3.3346 9.4978
v 4.8375 -3.3346 10.5889
v 2.6227 -3.3346 11.2608
v 0.3192 -3.3346 11.4876
v -1.9842 -3.3346 11.2608
v -4.1990 -3.3346 10.5889
v -6.2403 -3.3346 9.4978
v -8.0295 -3.3346 8.0295
v -9.4978 -3.3346 6.2403
v -10.5889 -3.3346 4.1991
v -11.2608 -3.3346 1.9842
v -11.4876 -3.3346 -0.3192
v -0.2409 5.1651 -0.3192
v -1.0221 4.9755 -0.3192
v -0.2301 5.1651 -0.2100
v -0.9963 4.9755 -0.0576
v -0.1983 5.1651 -0.1049
v -0.9200 4.9755 0.1941
v -0.1465 5.1651 -0.0080
v -0.7961 4.9755 0.4260
v -0.0768 5.1651 0.0768
v -0.6292 4.9755 0.6292
v 0.0080 5.1651 0.1465
v -0.4260 4.9755 0.7961
v 0.1049 5.1651 0.1983
v -0.1941 4.9755 0.9200
v 0.2100 5.1651 0.2301
v 0.0576 4.9755 0.9963
v 0.3192 5.1651 0.2409
v 0.3192 4.9755 1.0221
v 0.4285 5.1651 0.2301
v 0.5809 4.9755 0.9963
v 0.5336 5.1651 0.1983
v 0.8326 4.9755 0.9200
v 0.6305 5.1651 0.1465
v 1.0645 4.9755 0.7961
v 0.7153 5.1651 0.0768
v 1.2677 4.9755 0.6292
v 0.7850 5.1651 -0.0080
v 1.4345 4.9755 0.4260
v 0.8368 5.1651 -0.1049
v 1.5585 4.9755 0.1941
v 0.8686 5.1651 -0.2100
v 1.6348 4.9755 -0.0576
v 0.8794 5.1651 -0.3192
v 1.6606 4.9755 -0.3192
v 0.8686 5.1651 -0.4285
v 1.6348 4.9755 -0.5809
v 0.8368 5.1651 -0.5336
v 1.5585 4.9755 -0.8326
v 0.7850 5.1651 -0.6305
v 1.4345 4.9755 -1.0645
v 0.7153 5.1651 -0.7153
v 1.2677 4.9755 -1.2677
v 0.6305 5.1651 -0.7850
v 1.0645 4.9755 -1.4345
v 0.5336 5.1651 -0.8368
v 0.8326 4.9755 -1.5585
v 0.4285 5.1651 -0.8686
v 0.5809 4.9755 -1.6348
v 0.3192 5.1651 -0.8794
v 0.3192 4.9755 -1.6606
v 0.2100 5.1651 -0.8686
v 0.0576 4.9755 -1.6348
v 0.1049 5.1651 -0.8368
v -0.1941 4.9755 -1.5585
v 0.0080 5.1651 -0.7850
v -0.4260 4.9755 -1.4345
v -0.0768 5.1651 -0.7153
v -0.6292 4.9755 -1.2677
v -0.1465 5.1651 -0.6305
v -0.7961 4.9755 -1.0645
v -0.1983 5.1651 -0.5336
v -0.9200 4.9755 -0.8326
v -0.2301 5.1651 -0.4285
v -0.9963 4.9755 -0.5809
v -1.7073 4.6481 -0.7224
v -1.7470 4.6481 -0.3192
v -1.7073 4.6481 0.0839
v -1.5897 4.6481 0.4715
v -1.3988 4.6481 0.8287
v -1.1418 4.6481 1.1418
v -0.8287 4.6481 1.3988
v -0.4715 4.6481 1.5897
v -0.0839 4.6481 1.7073
v 0.3192 4.6481 1.7470
v 0.7224 4.6481 1.7073
v 1.1100 4.6481 1.5897
v 1.4672 4.6481 1.3988
v 1.7803 4.6481 1.1418
v 2.0373 4.6481 0.8287
v 2.2282 4.6481 0.4715
v 2.3458 4.6481 0.0839
v 2.3855 4.6481 -0.3192
v 2.3458 4.6481 -0.7224
v 2.2282 4.6481 -1.1100
v 2.0373 4.6481 -1.4672
v 1.7803 4.6481 -1.7803
v 1.4672 4.6481 -2.0373
v 1.1100 4.6481 -2.2282
v 0.7224 4.6481 -2.3458
v 0.3192 4.6481 -2.3855
v -0.0839 4.6481 -2.3458
v -0.4715 4.6481 -2.2282
v -0.8287 4.6481 -2.0373
v -1.1418 4.6481 -1.7803
v -1.3988 4.6481 -1.4672
v -1.5897 4.6481 -1.1100
v -10.1515 -2.6307 -0.3192
v -10.1661 -2.6328 -0.3192
v -9.9504 -2.6307 -2.3620
v -9.9646 -2.6328 -2.3648
v -9.3545 -2.6307 -4.3262
v -9.3679 -2.6328 -4.3318
v -8.3868 -2.6307 -6.1365
v -8.3989 -2.6328 -6.1445
v -7.0700 -2.6307 -7.7407
v -7.0841 -2.6328 -7.7465
v -5.5003 -2.6307 -9.0288
v -5.5078 -2.6328 -9.0400
v -3.7096 -2.6307 -9.9862
v -3.7095 -2.6328 -10.0013
v -1.7235 -2.6307 -10.5889
v -1.7264 -2.6328 -10.6031
v 0.3192 -2.6307 -10.7902
v 0.3192 -2.6328 -10.8047
v 2.3620 -2.6307 -10.5891
v 2.3649 -2.6328 -10.6033
v 4.3263 -2.6307 -9.9933
v 4.3319 -2.6328 -10.0066
v 6.1367 -2.6307 -9.0256
v 6.1447 -2.6328 -9.0376
v 7.7234 -2.6307 -7.7234
v 7.7336 -2.6328 -7.7336
v 9.0255 -2.6307 -6.1366
v 9.0375 -2.6328 -6.1446
v 9.9929 -2.6307 -4.3262
v 10.0064 -2.6328 -4.3318
v 10.5952 -2.6307 -2.3400
v 10.6078 -2.6328 -2.3485
v 10.7940 -2.6307 -0.3192
v 10.8075 -2.6328 -0.3192
v 10.5951 -2.6307 1.7013
v 10.6077 -2.6328 1.7099
v 9.9926 -2.6307 3.6876
v 10.0061 -2.6328 3.6932
v 9.0251 -2.6307 5.4978
v 9.0372 -2.6328 5.5059
v 7.7229 -2.6307 7.0844
v 7.7332 -2.6328 7.0947
v 6.1361 -2.6307 8.3863
v 6.1443 -2.6328 8.3985
v 4.3258 -2.6307 9.3535
v 4.3315 -2.6328 9.3672
v 2.3088 -2.6307 9.9649
v 2.3253 -2.6328 9.9754
v 0.3192 -2.6307 10.1603
v 0.3192 -2.6328 10.1726
v -1.6697 -2.6307 9.9646
v -1.6864 -2.6328 9.9752
v -3.7098 -2.6307 9.3460
v -3.7097 -2.6328 9.3616
v -5.4998 -2.6307 8.3895
v -5.5074 -2.6328 8.4009
v -7.0692 -2.6307 7.1021
v -7.0835 -2.6328 7.1079
v -8.3864 -2.6307 5.4977
v -8.3986 -2.6328 5.5058
v -9.3542 -2.6307 3.6876
v -9.3677 -2.6328 3.6932
v -9.9502 -2.6307 1.7235
v -9.9645 -2.6328 1.7263
v -9.9779 -2.6377 1.7290
v -10.1797 -2.6377 -0.3192
v -9.9780 -2.6377 -2.3675
v -9.3806 -2.6377 -4.3370
v -8.4103 -2.6377 -6.1521
v -7.0954 -2.6377 -7.7542
v -5.5151 -2.6377 -9.0510
v -3.7124 -2.6377 -10.0147
v -1.7290 -2.6377 -10.6165
v 0.3192 -2.6377 -10.8183
v 2.3675 -2.6377 -10.6167
v 4.3371 -2.6377 -10.0192
v 6.1523 -2.6377 -9.0490
v 7.7432 -2.6377 -7.7433
v 9.0489 -2.6377 -6.1522
v 10.0190 -2.6377 -4.3370
v 10.6205 -2.6377 -2.3536
v 10.8208 -2.6377 -0.3192
v 10.6204 -2.6377 1.7150
v 10.0188 -2.6377 3.6984
v 9.0486 -2.6377 5.5135
v 7.7429 -2.6377 7.1044
v 6.1519 -2.6377 8.4100
v 4.3368 -2.6377 9.3799
v 2.3339 -2.6377 9.9872
v 0.3192 -2.6377 10.1853
v -1.6950 -2.6377 9.9870
v -3.7125 -2.6377 9.3752
v -5.5148 -2.6377 8.4120
v -7.0949 -2.6377 7.1156
v -8.4100 -2.6377 5.5135
v -9.3804 -2.6377 3.6985
v 0.9986 -4.9512 -0.9986
v 1.0372 -4.9512 -1.0372
v 1.1180 -4.9512 -0.8530
v 1.1635 -4.9512 -0.8834
v 1.2068 -4.9512 -0.6869
v 1.2573 -4.9512 -0.7078
v 1.2615 -4.9512 -0.5067
v 1.3151 -4.9512 -0.5173
v 1.2799 -4.9512 -0.3192
v 1.3346 -4.9512 -0.3192
v 1.2615 -4.9512 -0.1318
v 1.3151 -4.9512 -0.1212
v 1.2068 -4.9512 0.0484
v 1.2573 -4.9512 0.0693
v 1.1180 -4.9512 0.2145
v 1.1635 -4.9512 0.2449
v 0.9986 -4.9512 0.3601
v 1.0372 -4.9512 0.3987
v 0.8530 -4.9512 0.4795
v 0.8834 -4.9512 0.5250
v 0.6869 -4.9512 0.5683
v 0.7078 -4.9512 0.6189
v 0.5067 -4.9512 0.6230
v 0.5173 -4.9512 0.6766
v 0.3192 -4.9512 0.6414
v 0.3192 -4.9512 0.6961
v 0.1318 -4.9512 0.6230
v 0.1212 -4.9512 0.6766
v -0.0484 -4.9512 0.5683
v -0.0693 -4.9512 0.6189
v -0.2145 -4.9512 0.4795
v -0.2449 -4.9512 0.5250
v -0.3601 -4.9512 0.3601
v -0.3987 -4.9512 0.3987
v -0.4795 -4.9512 0.2145
v -0.5250 -4.9512 0.2449
v -0.5683 -4.9512 0.0484
v -0.6189 -4.9512 0.0693
v -0.6230 -4.9512 -0.1318
v -0.6766 -4.9512 -0.1212
v -0.6414 -4.9512 -0.3192
v -0.6961 -4.9512 -0.3192
v -0.6230 -4.9512 -0.5067
v -0.6766 -4.9512 -0.5173
v -0.5683 -4.9512 -0.6869
v -0.6189 -4.9512 -0.7078
v -0.4795 -4.9512 -0.8530
v -0.5250 -4.9512 -0.8834
v -0.3601 -4.9512 -0.9986
v -0.3987 -4.9512 -1.0372
v -0.2145 -4.9512 -1.1180
v -0.2449 -4.9512 -1.1635
v -0.0484 -4.9512 -1.2068
v -0.0693 -4.9512 -1.2573
v 0.1318 -4.9512 -1.2615
v 0.1212 -4.9512 -1.3151
v 0.3192 -4.9512 -1.2799
v 0.3192 -4.9512 -1.3346
v 0.5067 -4.9512 -1.2615
v 0.5173 -4.9512 -1.3151
v 0.6869 -4.9512 -1.2068
v 0.7078 -4.9512 -1.2573
v 0.8530 -4.9512 -1.1180
v 0.8834 -4.9512 -1.1635
v 3.5498 2.2695 4.5155
v 2.5445 2.4353 5.0529
v 2.5445 2.2695 5.0529
v 1.4537 2.4353 5.3838
v 1.4537 2.2695 5.3838
v 0.3192 2.4353 5.4955
v 0.3192 2.2695 5.4955
v -0.8152 2.4353 5.3838
v -0.8152 2.2695 5.3838
v -1.9060 2.4353 5.0529
v -1.9060 2.2695 5.0529
v -2.9113 2.4353 4.5155
v -2.9113 2.2695 4.5155
v -3.7924 2.4353 3.7924
v -3.7924 2.2695 3.7924
v -4.5155 2.4353 2.9113
v -4.5155 2.2695 2.9113
v -5.0529 2.4353 1.9060
v -5.0529 2.2695 1.9060
v -5.3838 2.4353 0.8152
v -5.3838 2.2695 0.8152
v -5.4955 2.4353 -0.3192
v -5.4955 2.2695 -0.3192
v -5.3838 2.4353 -1.4536
v -5.3838 2.2695 -1.4536
v -5.0529 2.4353 -2.5445
v -5.0529 2.2695 -2.5445
v -4.5156 2.4353 -3.5497
v -4.5156 2.2695 -3.5497
v -3.7924 2.4353 -4.4309
v -3.7924 2.2695 -4.4309
v -2.9113 2.4353 -5.1540
v -2.9113 2.2695 -5.1540
v -1.9060 2.4353 -5.6914
v -1.9060 2.2695 -5.6914
v -0.8152 2.4353 -6.0223
v -0.8152 2.2695 -6.0223
v 0.3192 2.4353 -6.1340
v 0.3192 2.2695 -6.1340
v 1.4536 2.4353 -6.0223
v 1.4536 2.2695 -6.0223
v 2.5445 2.4353 -5.6914
v 2.5445 2.2695 -5.6914
v 3.5498 2.4353 -5.1540
v 3.5498 2.2695 -5.1540
v 4.4309 2.4353 -4.4309
v 4.4309 2.2695 -4.4309
v 5.1540 2.4353 -3.5498
v 5.1540 2.2695 -3.5498
v 5.6914 2.4353 -2.5445
v 5.6914 2.2695 -2.5445
v 6.0223 2.4353 -1.4537
v 6.0223 2.2695 -1.4537
v 6.1340 2.4353 -0.3192
v 6.1340 2.2695 -0.3192
v 6.0223 2.4353 0.8152
v 6.0223 2.2695 0.8152
v 5.6914 2.4353 1.9060
v 5.6914 2.2695 1.9060
v 5.1540 2.4353 2.9113
v 5.1540 2.2695 2.9113
v 4.4309 2.4353 3.7924
v 4.4309 2.2695 3.7924
v 3.5498 2.4353 4.5155
v 3.4574 2.6007 4.3773
v 2.4809 2.6007 4.8993
v 1.4212 2.6007 5.2208
v 0.3192 2.6007 5.3293
v -0.7827 2.6007 5.2208
v -1.8424 2.6007 4.8993
v -2.8189 2.6007 4.3773
v -3.6749 2.6007 3.6749
v -4.3773 2.6007 2.8189
v -4.8993 2.6007 1.8424
v -5.2208 2.6007 0.7827
v -5.3293 2.6007 -0.3192
v -5.2208 2.6007 -1.4212
v -4.8993 2.6007 -2.4808
v -4.3774 2.6007 -3.4574
v -3.6749 2.6007 -4.3134
v -2.8189 2.6007 -5.0158
v -1.8424 2.6007 -5.5378
v -0.7827 2.6007 -5.8593
v 0.3192 2.6007 -5.9678
v 1.4212 2.6007 -5.8593
v 2.4808 2.6007 -5.5378
v 3.4574 2.6007 -5.0158
v 4.3134 2.6007 -4.3134
v 5.0158 2.6007 -3.4574
v 5.5378 2.6007 -2.4809
v 5.8593 2.6007 -1.4212
v 5.9678 2.6007 -0.3192
v 5.8593 2.6007 0.7827
v 5.5378 2.6007 1.8424
v 5.0158 2.6007 2.8189
v 4.3134 2.6007 3.6749
v 3.0958 2.6007 3.8362
v 2.2318 2.6007 4.2980
v 1.2942 2.6007 4.5824
v 0.3192 2.6007 4.6785
v -0.6558 2.6007 4.5824
v -1.5933 2.6007 4.2980
v -2.4573 2.6007 3.8362
v -3.2147 2.6007 3.2147
v -3.8362 2.6007 2.4573
v -4.2980 2.6007 1.5933
v -4.5824 2.6007 0.6558
v -4.6785 2.6007 -0.3192
v -4.5824 2.6007 -1.2942
v -4.2980 2.6007 -2.2318
v -3.8362 2.6007 -3.0958
v -3.2147 2.6007 -3.8531
v -2.4573 2.6007 -4.4747
v -1.5933 2.6007 -4.9365
v -0.6558 2.6007 -5.2209
v 0.3192 2.6007 -5.3169
v 1.2942 2.6007 -5.2209
v 2.2318 2.6007 -4.9365
v 3.0958 2.6007 -4.4747
v 3.8532 2.6007 -3.8532
v 4.4747 2.6007 -3.0958
v 4.9365 2.6007 -2.2318
v 5.2209 2.6007 -1.2943
v 5.3169 2.6007 -0.3192
v 5.2209 2.6007 0.6558
v 4.9365 2.6007 1.5933
v 4.4747 2.6007 2.4573
v 3.8532 2.6007 3.2147
v -7.9614 -3.4826 0.3887
v -8.1084 -2.7428 0.3963
v -8.0071 -3.4947 0.0699
v -8.1564 -2.7428 0.0776
v -8.1630 -2.7428 -0.0498
v -7.9773 -2.7428 0.7598
v -7.8389 -3.4397 0.7527
v -7.7778 -2.7428 1.0907
v -7.6532 -3.3700 1.0843
v -7.5176 -2.7428 1.3764
v -7.4117 -3.2762 1.3709
v -7.2067 -2.7428 1.6058
v -7.1235 -3.1619 1.6015
v -6.8570 -2.7428 1.7702
v -6.7997 -3.0314 1.7672
v -6.4820 -2.7428 1.8631
v -6.4527 -2.8899 1.8616
v -6.0960 -2.7428 1.8811
v -6.3695 -3.0147 1.8573
v -6.2449 -3.0981 1.8509
v -6.3920 -3.4397 1.7462
v -6.1037 -3.4971 1.7313
v -6.1131 -3.8379 1.5494
v -5.6946 -3.7545 1.5278
v -5.5931 -4.0305 1.2771
v -5.1415 -3.7283 1.2538
v -4.9838 -3.9017 0.9466
v -4.6290 -3.3700 0.9283
v -4.4785 -3.4397 0.5793
v -4.3401 -2.7428 0.5722
v -4.2471 -2.7428 0.1971
v -7.5429 -4.1098 0.3671
v -7.4446 -4.0305 0.7323
v -7.2985 -3.9017 1.0660
v -7.1100 -3.7283 1.3554
v -6.8864 -3.5171 1.5893
v -6.6364 -3.2762 1.7588
v -6.5316 -3.7545 1.5710
v -6.1257 -4.1366 1.3046
v -5.5148 -4.2569 0.9740
v -4.8727 -4.0305 0.5996
v -4.3941 -3.4826 0.2047
v -4.2321 -2.7428 -0.1248
v -6.6584 -4.0305 1.3321
v -6.1411 -4.3817 1.0063
v -5.4627 -4.4252 0.6301
v -4.8126 -4.1098 0.2263
v -4.3814 -3.4947 -0.1171
v -4.3880 -3.4947 -0.2446
v -4.2386 -2.7428 -0.2523
v -4.2867 -2.7428 -0.5709
v -6.7675 -4.2569 1.0386
v -6.1587 -4.5638 0.6660
v -5.4389 -4.5288 0.2586
v -4.8068 -4.1321 -0.0952
v -4.8134 -4.1321 -0.2226
v -4.4337 -3.4826 -0.5634
v -4.4178 -2.7428 -0.9344
v -5.4434 -4.5580 -0.0623
v -5.4499 -4.5580 -0.1898
v -4.8522 -4.1098 -0.5418
v -4.5562 -3.4397 -0.9273
v -4.6172 -2.7428 -1.2654
v -6.2008 -4.7076 -0.1510
v -6.1943 -4.7076 -0.0236
v -6.9517 -4.5580 -0.1123
v -6.9451 -4.5580 0.0151
v -7.5883 -4.1321 -0.0795
v -7.5817 -4.1321 0.0480
v -8.0136 -3.4947 -0.0575
v -8.0010 -3.4826 -0.3793
v -8.1480 -2.7428 -0.3717
v -7.9166 -3.4397 -0.7539
v -8.0550 -2.7428 -0.7468
v -7.7661 -3.3700 -1.1029
v -7.8907 -2.7428 -1.0965
v -7.5553 -3.2762 -1.4129
v -7.6613 -2.7428 -1.4074
v -7.2923 -3.1619 -1.6719
v -7.3756 -2.7428 -1.6676
v -6.9873 -3.0314 -1.8700
v -7.0447 -2.7428 -1.8671
v -6.6519 -2.8899 -1.9997
v -6.6812 -2.7428 -1.9981
v -6.2991 -2.7428 -2.0558
v -6.5687 -3.0147 -2.0039
v -6.8240 -3.2762 -1.8785
v -7.0553 -3.5171 -1.6841
v -7.2536 -3.7283 -1.4285
v -7.4113 -3.9017 -1.1212
v -7.5224 -4.0305 -0.7743
v -7.5825 -4.1098 -0.4009
v -6.4441 -3.0981 -2.0104
v -6.5796 -3.4397 -1.8911
v -6.7005 -3.7545 -1.7024
v -6.8020 -4.0305 -1.4518
v -6.8803 -4.2569 -1.1486
v -6.9324 -4.4252 -0.8047
v -6.9562 -4.5288 -0.4332
v -6.2971 -3.1273 -2.0180
v -6.2914 -3.4971 -1.9059
v -6.2820 -3.8379 -1.7240
v -6.2693 -4.1366 -1.4792
v -6.2540 -4.3817 -1.1809
v -6.2364 -4.5638 -0.8406
v -6.2174 -4.6760 -0.4713
v -6.1502 -3.0981 -2.0255
v -6.0031 -3.4397 -1.9208
v -5.8635 -3.7545 -1.7456
v -5.7367 -4.0305 -1.5067
v -5.6276 -4.2569 -1.2133
v -5.5404 -4.4252 -0.8765
v -5.4785 -4.5288 -0.5095
v -6.0256 -3.0147 -2.0320
v -5.7587 -3.2762 -1.9334
v -5.5087 -3.5171 -1.7639
v -5.2851 -3.7283 -1.5300
v -5.0966 -3.9017 -1.2406
v -4.9504 -4.0305 -0.9070
v -5.9423 -2.8899 -2.0363
v -5.5954 -3.0314 -1.9418
v -5.2716 -3.1619 -1.7762
v -4.9834 -3.2762 -1.5456
v -4.7418 -3.3700 -1.2589
v -5.9131 -2.7428 -2.0378
v -5.5381 -2.7428 -1.9448
v -5.1884 -2.7428 -1.7805
v -4.8774 -2.7428 -1.5510
v -6.1777 -4.6760 0.2967
v -6.8546 -4.4252 0.7019
v -6.9166 -4.5288 0.3348
v -4.5044 -2.7428 0.9219
v -4.8398 -3.2762 1.2382
v -5.3398 -3.5171 1.5095
v -5.8154 -3.4397 1.7164
v -6.0979 -3.1273 1.8433
v -4.7338 -2.7428 1.2328
v -5.1027 -3.1619 1.4973
v -5.5711 -3.2762 1.7038
v -5.9510 -3.0981 1.8357
v -5.0195 -2.7428 1.4930
v -5.4078 -3.0314 1.6954
v -5.8264 -3.0147 1.8293
v -5.3504 -2.7428 1.6924
v -5.7431 -2.8899 1.8250
v -5.7139 -2.7428 1.8235
v 1.2876 2.6007 4.5491
v 0.3192 3.1591 4.1164
v 0.3192 2.6007 4.6444
v -0.5461 3.1591 4.0312
v -0.6491 2.6007 4.5491
v -1.3782 3.1591 3.7788
v -1.5803 2.6007 4.2666
v -2.1451 3.1591 3.3689
v -2.4384 2.6007 3.8079
v -2.8172 3.1591 2.8172
v -3.1906 2.6007 3.1906
v -3.3689 3.1591 2.1451
v -3.8079 2.6007 2.4384
v -3.7788 3.1591 1.3782
v -4.2666 2.6007 1.5803
v -4.0312 3.1591 0.5461
v -4.5491 2.6007 0.6491
v -4.1164 3.1591 -0.3192
v -4.6444 2.6007 -0.3192
v -4.0312 3.1591 -1.1846
v -4.5491 2.6007 -1.2876
v -3.7788 3.1591 -2.0167
v -4.2666 2.6007 -2.2188
v -3.3689 3.1591 -2.7836
v -3.8079 2.6007 -3.0769
v -2.8172 3.1591 -3.4557
v -3.1906 2.6007 -3.8291
v -2.1451 3.1591 -4.0074
v -2.4384 2.6007 -4.4464
v -1.3782 3.1591 -4.4173
v -1.5803 2.6007 -4.9051
v -0.5461 3.1591 -4.6697
v -0.6491 2.6007 -5.1876
v 0.3192 3.1591 -4.7549
v 0.3192 2.6007 -5.2829
v 1.1846 3.1591 -4.6697
v 1.2876 2.6007 -5.1876
v 2.0167 3.1591 -4.4173
v 2.2188 2.6007 -4.9051
v 2.7836 3.1591 -4.0074
v 3.0769 2.6007 -4.4464
v 3.4557 3.1591 -3.4557
v 3.8291 2.6007 -3.8291
v 4.0074 3.1591 -2.7836
v 4.4464 2.6007 -3.0769
v 4.4173 3.1591 -2.0167
v 4.9051 2.6007 -2.2188
v 4.6697 3.1591 -1.1846
v 5.1876 2.6007 -1.2876
v 4.7549 3.1591 -0.3192
v 5.2829 2.6007 -0.3192
v 4.6697 3.1591 0.5461
v 5.1876 2.6007 0.6491
v 4.4173 3.1591 1.3782
v 4.9051 2.6007 1.5803
v 4.0074 3.1591 2.1451
v 4.4464 2.6007 2.4384
v 3.4557 3.1591 2.8172
v 3.8291 2.6007 3.1906
v 2.7836 3.1591 3.3689
v 3.0769 2.6007 3.8079
v 2.0167 3.1591 3.7788
v 2.2188 2.6007 4.2666
v 1.1846 3.1591 4.0312
v 1.0635 3.7174 3.4225
v 1.7792 3.7174 3.2054
v 2.4388 3.7174 2.8529
v 3.0169 3.7174 2.3784
v 3.4914 3.7174 1.8003
v 3.8439 3.7174 1.1407
v 4.0610 3.7174 0.4250
v 4.1343 3.7174 -0.3192
v 4.0610 3.7174 -1.0635
v 3.8439 3.7174 -1.7792
v 3.4914 3.7174 -2.4388
v 3.0169 3.7174 -3.0169
v 2.4388 3.7174 -3.4914
v 1.7792 3.7174 -3.8439
v 1.0635 3.7174 -4.0610
v 0.3192 3.7174 -4.1343
v -0.4250 3.7174 -4.0610
v -1.1407 3.7174 -3.8439
v -1.8003 3.7174 -3.4914
v -2.3784 3.7174 -3.0169
v -2.8529 3.7174 -2.4388
v -3.2054 3.7174 -1.7792
v -3.4225 3.7174 -1.0635
v -3.4958 3.7174 -0.3192
v -3.4225 3.7174 0.4250
v -3.2054 3.7174 1.1407
v -2.8529 3.7174 1.8003
v -2.3784 3.7174 2.3784
v -1.8003 3.7174 2.8529
v -1.1407 3.7174 3.2054
v -0.4250 3.7174 3.4225
v 0.3192 3.7174 3.4958
v -0.2680 4.2758 2.6330
v 0.3192 4.2758 2.6909
v 0.3192 4.6481 1.9347
v 0.7590 4.6481 1.8914
v -0.8327 4.2758 2.4617
v -1.3531 4.2758 2.1836
v -1.8092 4.2758 1.8092
v -2.1836 4.2758 1.3531
v -2.4617 4.2758 0.8327
v -2.6330 4.2758 0.2680
v -2.6909 4.2758 -0.3192
v -2.6330 4.2758 -0.9065
v -2.4617 4.2758 -1.4712
v -2.1836 4.2758 -1.9916
v -1.8092 4.2758 -2.4477
v -1.3531 4.2758 -2.8221
v -0.8327 4.2758 -3.1002
v -0.2680 4.2758 -3.2715
v 0.3192 4.2758 -3.3294
v 0.9065 4.2758 -3.2715
v 1.4712 4.2758 -3.1002
v 1.9916 4.2758 -2.8221
v 2.4477 4.2758 -2.4477
v 2.8221 4.2758 -1.9916
v 3.1002 4.2758 -1.4712
v 3.2715 4.2758 -0.9065
v 3.3294 4.2758 -0.3192
v 3.2715 4.2758 0.2680
v 3.1002 4.2758 0.8327
v 2.8221 4.2758 1.3531
v 2.4477 4.2758 1.8092
v 1.9916 4.2758 2.1836
v 1.4712 4.2758 2.4617
v 0.9065 4.2758 2.6330
v -0.5433 4.6481 1.7631
v -0.9330 4.6481 1.5548
v -1.2745 4.6481 1.2745
v -1.5548 4.6481 0.9330
v -1.7631 4.6481 0.5433
v -1.8914 4.6481 0.1205
v -1.9347 4.6481 -0.3192
v -1.8914 4.6481 -0.7590
v -1.7631 4.6481 -1.1818
v -1.5548 4.6481 -1.5715
v -1.2745 4.6481 -1.9130
v -0.9330 4.6481 -2.1933
v -0.5433 4.6481 -2.4016
v -0.1205 4.6481 -2.5298
v 0.3192 4.6481 -2.5732
v 0.7590 4.6481 -2.5299
v 1.1818 4.6481 -2.4016
v 1.5715 4.6481 -2.1933
v 1.9130 4.6481 -1.9130
v 2.1933 4.6481 -1.5715
v 2.4016 4.6481 -1.1818
v 2.5299 4.6481 -0.7590
v 2.5732 4.6481 -0.3192
v 2.5299 4.6481 0.1205
v 2.4016 4.6481 0.5433
v 2.1933 4.6481 0.9330
v 1.9130 4.6481 1.2745
v 1.5715 4.6481 1.5548
v 1.1818 4.6481 1.7631
v -0.1205 4.6481 1.8914
v 3.8059 -2.7428 3.2376
v 3.8068 -2.6307 3.1728
v 4.1899 -2.7428 3.2808
v 4.2034 -2.6307 3.2175
v 4.5580 -2.7428 3.3981
v 4.5837 -2.6307 3.3386
v 4.8963 -2.7428 3.5850
v 4.9330 -2.6307 3.5316
v 5.1915 -2.7428 3.8342
v 5.2380 -2.6307 3.7891
v 5.4325 -2.7428 4.1363
v 5.4868 -2.6307 4.1011
v 5.6098 -2.7428 4.4796
v 5.6700 -2.6307 4.4556
v 5.7169 -2.7428 4.8509
v 5.7806 -2.6307 4.8391
v 5.7494 -2.7428 5.2359
v 5.8142 -2.6307 5.2368
v 5.7062 -2.7428 5.6199
v 5.7695 -2.6307 5.6334
v 5.5889 -2.7428 5.9880
v 5.6484 -2.6307 6.0137
v 5.4020 -2.7428 6.3263
v 5.4554 -2.6307 6.3630
v 5.1527 -2.7428 6.6215
v 5.1979 -2.6307 6.6680
v 4.9008 -2.7428 6.8225
v 4.9377 -2.6307 6.8755
v 4.7937 -2.7428 6.8919
v 4.8271 -2.6307 6.9472
v 4.5074 -2.7428 7.0398
v 4.5314 -2.6307 7.1000
v 4.1361 -2.7428 7.1469
v 4.1479 -2.6307 7.2106
v 3.7511 -2.7428 7.1794
v 3.7502 -2.6307 7.2442
v 3.3671 -2.7428 7.1362
v 3.3536 -2.6307 7.1995
v 2.9989 -2.7428 7.0189
v 2.9733 -2.6307 7.0784
v 2.6607 -2.7428 6.8320
v 2.6240 -2.6307 6.8854
v 2.3655 -2.7428 6.5827
v 2.3190 -2.6307 6.6279
v 2.1245 -2.7428 6.2807
v 2.0702 -2.6307 6.3159
v 1.9471 -2.7428 5.9374
v 1.8869 -2.6307 5.9614
v 1.8401 -2.7428 5.5661
v 1.7764 -2.6307 5.5779
v 1.8076 -2.7428 5.1811
v 1.7428 -2.6307 5.1802
v 1.8508 -2.7428 4.7971
v 1.7875 -2.6307 4.7836
v 1.9681 -2.7428 4.4289
v 1.9086 -2.6307 4.4033
v 2.1550 -2.7428 4.0907
v 2.1016 -2.6307 4.0540
v 2.4043 -2.7428 3.7955
v 2.3591 -2.6307 3.7490
v 2.6562 -2.7428 3.5945
v 2.6193 -2.6307 3.5415
v 2.7633 -2.7428 3.5251
v 2.7299 -2.6307 3.4698
v 3.0496 -2.7428 3.3771
v 3.0256 -2.6307 3.3169
v 3.4209 -2.7428 3.2701
v 3.4091 -2.6307 3.2064
v 0.3192 5.2057 -0.8794
v 0.3192 5.2419 -0.6222
v 0.4285 5.2057 -0.8686
v 0.3784 5.2419 -0.6164
v 0.5336 5.2057 -0.8368
v 0.4352 5.2419 -0.5992
v 0.6305 5.2057 -0.7850
v 0.4876 5.2419 -0.5712
v 0.7153 5.2057 -0.7153
v 0.5335 5.2419 -0.5335
v 0.7850 5.2057 -0.6305
v 0.5712 5.2419 -0.4876
v 0.8368 5.2057 -0.5336
v 0.5992 5.2419 -0.4352
v 0.8686 5.2057 -0.4285
v 0.6164 5.2419 -0.3784
v 0.8794 5.2057 -0.3192
v 0.6222 5.2419 -0.3192
v 0.8686 5.2057 -0.2100
v 0.6164 5.2419 -0.2601
v 0.8368 5.2057 -0.1049
v 0.5992 5.2419 -0.2033
v 0.7850 5.2057 -0.0080
v 0.5712 5.2419 -0.1509
v 0.7153 5.2057 0.0768
v 0.5335 5.2419 -0.1050
v 0.6305 5.2057 0.1465
v 0.4876 5.2419 -0.0673
v 0.5336 5.2057 0.1983
v 0.4352 5.2419 -0.0393
v 0.4285 5.2057 0.2301
v 0.3784 5.2419 -0.0221
v 0.3192 5.2057 0.2409
v 0.3192 5.2419 -0.0163
v 0.2100 5.2057 0.2301
v 0.2601 5.2419 -0.0221
v 0.1049 5.2057 0.1983
v 0.2033 5.2419 -0.0393
v 0.0080 5.2057 0.1465
v 0.1509 5.2419 -0.0673
v -0.0768 5.2057 0.0768
v 0.1050 5.2419 -0.1050
v -0.1465 5.2057 -0.0080
v 0.0673 5.2419 -0.1509
v -0.1983 5.2057 -0.1049
v 0.0393 5.2419 -0.2033
v -0.2301 5.2057 -0.2100
v 0.0221 5.2419 -0.2601
v -0.2409 5.2057 -0.3192
v 0.0163 5.2419 -0.3192
v -0.2301 5.2057 -0.4285
v 0.0221 5.2419 -0.3784
v -0.1983 5.2057 -0.5336
v 0.0393 5.2419 -0.4352
v -0.1465 5.2057 -0.6305
v 0.0673 5.2419 -0.4876
v -0.0768 5.2057 -0.7153
v 0.1050 5.2419 -0.5335
v 0.0080 5.2057 -0.7850
v 0.1509 5.2419 -0.5712
v 0.1049 5.2057 -0.8368
v 0.2033 5.2419 -0.5992
v 0.2100 5.2057 -0.8686
v 0.2601 5.2419 -0.6164
v 0.3034 5.2614 -0.3988
v 0.3192 5.2614 -0.4004
v 0.3351 5.2614 -0.3988
v 0.3503 5.2614 -0.3942
v 0.3643 5.2614 -0.3867
v 0.3766 5.2614 -0.3766
v 0.3867 5.2614 -0.3643
v 0.3942 5.2614 -0.3503
v 0.3988 5.2614 -0.3351
v 0.4004 5.2614 -0.3192
v 0.3988 5.2614 -0.3034
v 0.3942 5.2614 -0.2882
v 0.3867 5.2614 -0.2742
v 0.3766 5.2614 -0.2619
v 0.3643 5.2614 -0.2518
v 0.3503 5.2614 -0.2443
v 0.3351 5.2614 -0.2396
v 0.3192 5.2614 -0.2381
v 0.3034 5.2614 -0.2396
v 0.2882 5.2614 -0.2443
v 0.2742 5.2614 -0.2518
v 0.2619 5.2614 -0.2619
v 0.2518 5.2614 -0.2742
v 0.2443 5.2614 -0.2882
v 0.2396 5.2614 -0.3034
v 0.2381 5.2614 -0.3192
v 0.2396 5.2614 -0.3351
v 0.2443 5.2614 -0.3503
v 0.2518 5.2614 -0.3643
v 0.2619 5.2614 -0.3766
v 0.2742 5.2614 -0.3867
v 0.2882 5.2614 -0.3942
v 0.3192 5.2614 -0.3192
v -0.0443 -5.2614 -0.3915
v 0.6274 -5.2614 -0.5251
v 0.2469 -5.2614 0.0443
v 0.3915 -5.2614 -0.6827
v 0.2469 -5.2614 -0.6827
v 0.6274 -5.2614 -0.1133
v 0.6827 -5.2614 -0.2469
v 0.0111 -5.2614 -0.5251
v 6.3761 -1.1379 8.5071
vn -1.0000 0.0022 0.0000
vn -1.0000 0.0022 0.0000
vn -1.0000 0.0022 0.0000
vn -1.0000 0.0022 0.0000
vn -1.0000 0.0022 0.0000
vn -1.0000 0.0022 0.0000
vn 0.0000 -0.0720 0.9974
vn 0.0000 0.9816 0.1911
vn 0.0000 -0.0720 0.9974
vn 0.0000 0.9816 0.1911
vn -0.0000 1.0000 -0.0000
vn -0.0000 1.0000 -0.0000
vn 1.0000 0.0022 -0.0000
vn 1.0000 0.0022 -0.0000
vn 1.0000 0.0022 -0.0000
vn 1.0000 0.0022 -0.0000
vn 1.0000 -0.0022 -0.0000
vn 1.0000 -0.0022 -0.0000
vn -0.0000 0.0022 -1.0000
vn -0.0000 0.0022 -1.0000
vn -0.1951 0.0022 -0.9808
vn -0.1951 0.0022 -0.9808
vn -0.3827 0.0022 -0.9239
vn -0.3827 0.0022 -0.9239
vn -0.5556 0.0022 -0.8315
vn -0.5556 0.0022 -0.8315
vn -0.7071 0.0022 -0.7071
vn -0.7071 0.0022 -0.7071
vn -0.8315 0.0022 -0.5556
vn -0.8315 0.0022 -0.5556
vn -0.9239 0.0022 -0.3827
vn -0.9239 0.0022 -0.3827
vn -0.9808 0.0022 -0.1951
vn -0.9808 0.0022 -0.1951
vn -1.0000 0.0022 0.0000
vn -1.0000 0.0022 0.0000
vn -0.9808 0.0022 0.1951
vn -0.9808 0.0022 0.1951
vn -0.9239 0.0022 0.3827
vn -0.9239 0.0022 0.3827
vn -0.8315 0.0022 0.5556
vn -0.8315 0.0022 0.5556
vn -0.7071 0.0022 0.7071
vn -0.7071 0.0022 0.7071
vn -0.5556 0.0022 0.8315
vn -0.5556 0.0022 0.8315
vn -0.3827 0.0022 0.9239
vn -0.3827 0.0022 0.9239
vn -0.1951 0.0022 0.9808
vn -0.1951 0.0022 0.9808
vn 0.0000 0.0022 1.0000
vn 0.0000 0.0022 1.0000
vn -0.0000 0.0022 -1.0000
vn -0.1951 0.0022 -0.9808
vn -0.3827 0.0022 -0.9239
vn -0.5556 0.0022 -0.8315
vn -0.7071 0.0022 -0.7071
vn -0.8315 0.0022 -0.5556
vn -0.9239 0.0022 -0.3827
vn -0.9808 0.0022 -0.1951
vn -1.0000 0.0022 0.0000
vn -0.9808 0.0022 0.1951
vn -0.9239 0.0022 0.3827
vn -0.8315 0.0022 0.5556
vn -0.7071 0.0022 0.7071
vn -0.5556 0.0022 0.8315
vn -0.3827 0.0022 0.9239
vn -0.1951 0.0022 0.9808
vn 0.0000 0.0022 1.0000
vn -0.0000 0.0022 -1.0000
vn -0.1951 0.0022 -0.9808
vn -0.3827 0.0022 -0.9239
vn -0.5556 0.0022 -0.8315
vn -0.7071 0.0022 -0.7071
vn -0.8315 0.0022 -0.5556
vn -0.9239 0.0022 -0.3827
vn -0.9808 0.0022 -0.1951
vn -1.0000 0.0022 0.0000
vn -0.9808 0.0022 0.1951
vn -0.9239 0.0022 0.3827
vn -0.8315 0.0022 0.5556
vn -0.7071 0.0022 0.7071
vn -0.5556 0.0022 0.8315
vn -0.3827 0.0022 0.9239
vn -0.1951 0.0022 0.9808
vn 0.0000 0.0022 1.0000
vn 0.8673 -0.0022 -0.4978
vn 0.8673 -0.0022 -0.4978
vn 0.8673 -0.0022 -0.4978
vn 0.8673 -0.0022 -0.4978
vn 0.8673 0.0022 -0.4978
vn 0.8673 0.0022 -0.4978
vn 0.8673 0.0022 -0.4978
vn 0.8673 0.0022 -0.4978
vn 0.8673 0.0022 -0.4978
vn 0.8673 -0.0022 -0.4978
vn 0.8673 -0.0022 -0.4978
vn 0.8673 0.0022 -0.4978
vn 0.8673 0.0022 -0.4978
vn 0.8673 0.0022 -0.4978
vn 0.8673 0.0022 -0.4978
vn 0.8673 0.0022 -0.4978
vn 0.8673 0.0022 -0.4978
vn -0.0000 -1.0000 0.0000
vn -0.0000 -1.0000 0.0000
vn -0.3832 -0.9237 0.0038
vn -0.3832 -0.9237 0.0038
vn -0.7079 -0.7063 -0.0019
vn -0.7079 -0.7063 -0.0019
vn -0.9245 -0.3812 -0.0019
vn -0.9245 -0.3812 -0.0019
vn -1.0000 0.0022 0.0000
vn -1.0000 0.0022 0.0000
vn -0.9245 0.3812 0.0038
vn -0.9245 0.3812 0.0038
vn -0.7079 0.7063 0.0038
vn -0.7079 0.7063 0.0038
vn -0.3832 0.9237 0.0000
vn -0.3832 0.9237 0.0000
vn -0.0000 1.0000 -0.0000
vn -0.0000 1.0000 -0.0000
vn 0.3832 0.9237 -0.0000
vn 0.3832 0.9237 -0.0000
vn 0.7079 0.7063 -0.0038
vn 0.7079 0.7063 -0.0038
vn 0.9245 0.3812 -0.0038
vn 0.9245 0.3812 -0.0038
vn 1.0000 0.0022 -0.0000
vn 1.0000 0.0022 -0.0000
vn 0.9245 -0.3812 -0.0019
vn 0.9245 -0.3812 -0.0019
vn 0.7079 -0.7063 -0.0019
vn 0.7079 -0.7063 -0.0019
vn 0.3832 -0.9237 -0.0038
vn 0.3832 -0.9237 -0.0038
vn -0.0000 -1.0000 0.0000
vn -0.0000 -1.0000 0.0000
vn -0.0000 1.0000 -0.0000
vn -0.0000 1.0000 -0.0000
vn 0.3832 0.9237 -0.0000
vn 0.3832 0.9237 -0.0000
vn 0.7079 0.7063 -0.0038
vn 0.7079 0.7063 -0.0038
vn 0.9245 0.3812 -0.0038
vn 0.9245 0.3812 -0.0038
vn 1.0000 -0.0022 -0.0000
vn 1.0000 0.0022 -0.0000
vn 0.9245 -0.3812 -0.0019
vn 0.9245 -0.3812 -0.0019
vn 0.7079 -0.7063 -0.0019
vn 0.7079 -0.7063 -0.0019
vn 0.3832 -0.9237 -0.0038
vn 0.3832 -0.9237 -0.0038
vn -0.0000 -1.0000 -0.0000
vn -0.0000 -1.0000 0.0000
vn -0.3832 -0.9237 0.0038
vn -0.3832 -0.9237 0.0038
vn -0.7079 -0.7063 -0.0019
vn -0.7079 -0.7063 -0.0019
vn -0.9245 -0.3812 -0.0019
vn -0.9245 -0.3812 -0.0019
vn -1.0000 -0.0022 0.0000
vn -1.0000 -0.0022 0.0000
vn -0.9245 0.3812 0.0038
vn -0.9245 0.3812 0.0038
vn -0.7079 0.7063 0.0038
vn -0.7079 0.7063 0.0038
vn -0.3832 0.9237 0.0000
vn -0.3832 0.9237 0.0000
vn -0.0000 1.0000 -0.0000
vn -0.0000 1.0000 -0.0000
vn -0.0000 -1.0000 -0.0000
vn -0.0000 -1.0000 -0.0000
vn 0.1883 -0.9237 -0.3337
vn 0.1883 -0.9237 -0.3337
vn 0.3534 -0.7063 -0.6134
vn 0.3534 -0.7063 -0.6134
vn 0.4617 -0.3812 -0.8010
vn 0.4617 -0.3812 -0.8010
vn 0.4978 -0.0022 -0.8673
vn 0.4978 -0.0022 -0.8673
vn 0.4612 0.3812 -0.8013
vn 0.4612 0.3812 -0.8013
vn 0.3529 0.7063 -0.6137
vn 0.3529 0.7063 -0.6137
vn 0.1938 0.9237 -0.3306
vn 0.1938 0.9237 -0.3306
vn -0.0000 1.0000 -0.0000
vn -0.0000 1.0000 -0.0000
vn -0.1938 0.9237 0.3306
vn -0.1938 0.9237 0.3306
vn -0.3529 0.7063 0.6137
vn -0.3529 0.7063 0.6137
vn -0.4612 0.3812 0.8013
vn -0.4612 0.3812 0.8013
vn -0.4978 0.0022 0.8673
vn -0.4978 0.0022 0.8673
vn -0.4584 -0.3812 0.8028
vn -0.4584 -0.3812 0.8028
vn -0.3567 -0.7063 0.6115
vn -0.3567 -0.7063 0.6115
vn -0.1883 -0.9237 0.3337
vn -0.1883 -0.9237 0.3337
vn -0.0000 -1.0000 -0.0000
vn -0.0000 -1.0000 -0.0000
vn -0.0000 1.0000 -0.0000
vn -0.0000 1.0000 -0.0000
vn -0.1938 0.9237 0.3306
vn -0.1938 0.9237 0.3306
vn -0.3529 0.7063 0.6137
vn -0.3529 0.7063 0.6137
vn -0.4612 0.3812 0.8013
vn -0.4612 0.3812 0.8013
vn -0.4978 0.0022 0.8673
vn -0.4978 0.0022 0.8673
vn -0.4584 -0.3812 0.8028
vn -0.4584 -0.3812 0.8028
vn -0.3567 -0.7063 0.6115
vn -0.3567 -0.7063 0.6115
vn -0.1883 -0.9237 0.3337
vn -0.1883 -0.9237 0.3337
vn -0.0000 -1.0000 -0.0000
vn -0.0000 -1.0000 -0.0000
vn 0.1883 -0.9237 -0.3337
vn 0.1883 -0.9237 -0.3337
vn 0.3534 -0.7063 -0.6134
vn 0.3534 -0.7063 -0.6134
vn 0.4617 -0.3812 -0.8010
vn 0.4617 -0.3812 -0.8010
vn 0.4978 0.0022 -0.8673
vn 0.4978 0.0022 -0.8673
vn 0.4612 0.3812 -0.8013
vn 0.4612 0.3812 -0.8013
vn 0.3529 0.7063 -0.6137
vn 0.3529 0.7063 -0.6137
vn 0.1938 0.9237 -0.3306
vn 0.1938 0.9237 -0.3306
vn -0.0000 1.0000 -0.0000
vn -0.0000 1.0000 -0.0000
vn -0.8673 0.0022 -0.4978
vn -0.8673 0.0022 -0.4978
vn -0.8673 0.0022 -0.4978
vn -0.8673 -0.0022 -0.4978
vn -0.8673 0.0022 -0.4978
vn -0.8673 0.0022 -0.4978
vn -0.8673 0.0022 -0.4978
vn -0.8673 -0.0022 -0.4978
vn -0.8673 -0.0022 -0.4978
vn -0.8673 -0.0022 -0.4978
vn -0.8673 0.0022 -0.4978
vn -0.8673 0.0022 -0.4978
vn -0.8673 0.0022 -0.4978
vn -0.8673 0.0022 -0.4978
vn -0.8673 0.0022 -0.4978
vn -0.8673 0.0022 -0.4978
vn -0.8673 0.0022 -0.4978
vn -0.0038 -0.1459 0.9893
vn -0.0038 -0.1459 0.9893
vn -0.0038 -0.1631 0.9866
vn 0.0000 -0.0720 0.9974
vn 0.0000 -0.0197 0.9998
vn 0.0038 0.1285 0.9917
vn -0.0037 0.9950 0.1003
vn 0.0037 0.9950 0.1003
vn -0.0000 0.9988 -0.0480
vn -0.0000 0.9988 -0.0480
vn -0.0000 0.9988 -0.0480
vn -0.0000 0.9988 -0.0480
vn -0.0038 0.1285 0.9917
vn -0.0037 0.9950 0.1003
vn -0.0000 0.9988 -0.0480
vn -0.0000 0.9988 -0.0480
vn 0.0000 -0.0197 0.9998
vn 0.0037 0.9950 0.1003
vn -0.0000 0.9988 -0.0480
vn -0.0000 0.9988 -0.0480
vn 0.0038 0.1285 0.9917
vn 0.0037 0.9950 0.1003
vn -0.0000 0.9988 -0.0480
vn -0.0000 0.9988 -0.0480
vn -0.0038 0.1285 0.9917
vn -0.0037 0.9950 0.1003
vn -0.0000 0.9988 -0.0480
vn -0.0000 0.9988 -0.0480
vn 0.0000 -0.0197 0.9998
vn 0.0037 0.9950 0.1003
vn -0.0000 0.9988 -0.0480
vn -0.0000 0.9988 -0.0480
vn 0.0038 -0.1631 0.9866
vn 0.0000 -0.0720 0.9974
vn -0.0038 -0.1459 0.9893
vn -0.0038 -0.1459 0.9893
vn 0.0000 -0.0720 0.9974
vn -0.0038 -0.1459 0.9893
vn -0.0038 -0.1631 0.9866
vn -0.0038 -0.1459 0.9893
vn 0.0000 -0.0720 0.9974
vn -0.0038 -0.1459 0.9893
vn -0.0000 -1.0000 -0.0000
vn -0.0000 -1.0000 -0.0000
vn -0.1334 -0.9237 -0.3592
vn -0.1334 -0.9237 -0.3592
vn -0.2441 -0.7063 -0.6645
vn -0.2441 -0.7063 -0.6645
vn -0.3182 -0.3812 -0.8680
vn -0.3182 -0.3812 -0.8680
vn -0.3404 0.0022 -0.9403
vn -0.3404 0.0022 -0.9403
vn -0.3178 0.3812 -0.8682
vn -0.3178 0.3812 -0.8682
vn -0.2437 0.7063 -0.6646
vn -0.2437 0.7063 -0.6646
vn -0.1326 0.9237 -0.3595
vn -0.1326 0.9237 -0.3595
vn -0.0000 1.0000 -0.0000
vn -0.0000 1.0000 -0.0000
vn 0.1326 0.9237 0.3595
vn 0.1326 0.9237 0.3595
vn 0.2437 0.7063 0.6646
vn 0.2437 0.7063 0.6646
vn 0.3178 0.3812 0.8682
vn 0.3178 0.3812 0.8682
vn 0.3404 0.0022 0.9403
vn 0.3404 0.0022 0.9403
vn 0.3146 -0.3812 0.8693
vn 0.3146 -0.3812 0.8693
vn 0.2405 -0.7063 0.6658
vn 0.2405 -0.7063 0.6658
vn 0.1334 -0.9237 0.3592
vn 0.1334 -0.9237 0.3592
vn -0.0000 -1.0000 -0.0000
vn -0.0000 -1.0000 -0.0000
vn -0.0000 -1.0000 0.0000
vn -0.0000 -1.0000 0.0000
vn -0.0000 -1.0000 0.0000
vn -0.0000 -1.0000 0.0000
vn -0.0000 -1.0000 0.0000
vn -0.0000 -1.0000 -0.0000
vn -0.0000 -1.0000 0.0000
vn -0.0000 -1.0000 0.0000
vn -0.0000 -1.0000 0.0000
vn -0.0000 -1.0000 0.0000
vn -0.0000 -1.0000 0.0000
vn -0.0000 -1.0000 0.0000
vn -0.0000 -1.0000 -0.0000
vn -0.0000 -1.0000 -0.0000
vn -0.0000 -1.0000 -0.0000
vn -0.0000 -1.0000 0.0000
vn -0.0000 -1.0000 0.0000
vn -0.0000 -1.0000 0.0000
vn -0.0000 -1.0000 0.0000
vn -0.0000 -1.0000 0.0000
vn -0.0000 -1.0000 0.0000
vn -0.0000 -1.0000 0.0000
vn -0.0000 -1.0000 -0.0000
vn -0.0000 -1.0000 0.0000
vn -0.0000 -1.0000 -0.0000
vn 0.9403 -0.0022 -0.3404
vn 0.9403 -0.0022 -0.3404
vn 0.9403 -0.0022 -0.3404
vn 0.9403 -0.0022 -0.3404
vn 0.9403 0.0022 -0.3404
vn 0.9403 0.0022 -0.3404
vn 0.9403 -0.0022 -0.3404
vn 0.9403 -0.0022 -0.3404
vn 0.9403 -0.0022 -0.3404
vn 0.9403 -0.0022 -0.3404
vn 0.9403 -0.0022 -0.3404
vn 0.9403 -0.0022 -0.3404
vn 0.9403 0.0022 -0.3404
vn 0.9403 0.0022 -0.3404
vn 0.9403 0.0022 -0.3404
vn 0.9403 0.0022 -0.3404
vn 0.9403 0.0022 -0.3404
vn -0.2879 -0.8310 -0.4760
vn -0.2879 -0.8310 -0.4760
vn -0.2879 -0.8310 -0.4760
vn -0.2879 -0.8310 -0.4760
vn 0.9754 -0.0459 -0.2154
vn 0.9754 -0.0459 -0.2154
vn 0.9738 -0.0459 -0.2228
vn 0.9738 -0.0459 -0.2228
vn 0.9721 -0.0459 -0.2302
vn 0.9721 -0.0459 -0.2302
vn 0.9703 -0.0459 -0.2375
vn 0.9703 -0.0459 -0.2375
vn -0.0000 -1.0000 -0.0000
vn -0.0000 -1.0000 -0.0000
vn -0.3778 -0.9237 -0.0641
vn -0.3778 -0.9237 -0.0641
vn -0.6973 -0.7063 -0.1221
vn -0.6973 -0.7063 -0.1221
vn -0.9106 -0.3812 -0.1597
vn -0.9106 -0.3812 -0.1597
vn -0.9850 -0.0022 -0.1728
vn -0.9850 -0.0022 -0.1728
vn -0.9103 0.3812 -0.1614
vn -0.9103 0.3812 -0.1614
vn -0.6970 0.7063 -0.1237
vn -0.6970 0.7063 -0.1237
vn -0.3772 0.9237 -0.0674
vn -0.3772 0.9237 -0.0674
vn -0.0000 1.0000 -0.0000
vn -0.0000 1.0000 -0.0000
vn 0.3772 0.9237 0.0674
vn 0.3772 0.9237 0.0674
vn 0.6970 0.7063 0.1237
vn 0.6970 0.7063 0.1237
vn 0.9103 0.3812 0.1614
vn 0.9103 0.3812 0.1614
vn 0.9850 0.0022 0.1728
vn 0.9850 -0.0022 0.1728
vn 0.9099 -0.3812 0.1634
vn 0.9099 -0.3812 0.1634
vn 0.6966 -0.7063 0.1258
vn 0.6966 -0.7063 0.1258
vn 0.3778 -0.9237 0.0641
vn 0.3778 -0.9237 0.0641
vn -0.0000 -1.0000 -0.0000
vn -0.0000 -1.0000 -0.0000
vn -0.0000 1.0000 -0.0000
vn -0.0000 1.0000 -0.0000
vn 0.3772 0.9237 0.0674
vn 0.3772 0.9237 0.0674
vn 0.6970 0.7063 0.1237
vn 0.6970 0.7063 0.1237
vn 0.9103 0.3812 0.1614
vn 0.9103 0.3812 0.1614
vn 0.9850 0.0022 0.1728
vn 0.9850 0.0022 0.1728
vn 0.9099 -0.3812 0.1634
vn 0.9099 -0.3812 0.1634
vn 0.6966 -0.7063 0.1258
vn 0.6966 -0.7063 0.1258
vn 0.3778 -0.9237 0.0641
vn 0.3778 -0.9237 0.0641
vn -0.0000 -1.0000 -0.0000
vn -0.0000 -1.0000 -0.0000
vn -0.3778 -0.9237 -0.0641
vn -0.3778 -0.9237 -0.0641
vn -0.6973 -0.7063 -0.1221
vn -0.6973 -0.7063 -0.1221
vn -0.9106 -0.3812 -0.1597
vn -0.9106 -0.3812 -0.1597
vn -0.9850 -0.0022 -0.1728
vn -0.9850 -0.0022 -0.1728
vn -0.9103 0.3812 -0.1614
vn -0.9103 0.3812 -0.1614
vn -0.6970 0.7063 -0.1237
vn -0.6970 0.7063 -0.1237
vn -0.3772 0.9237 -0.0674
vn -0.3772 0.9237 -0.0674
vn -0.0000 1.0000 -0.0000
vn -0.0000 1.0000 -0.0000
vn -0.1728 -0.0022 0.9850
vn -0.1728 -0.0022 0.9850
vn -0.1728 0.0022 0.9850
vn -0.1728 0.0022 0.9850
vn -0.1728 0.0022 0.9850
vn -0.1728 0.0022 0.9850
vn -0.1728 -0.0022 0.9850
vn -0.1728 -0.0022 0.9850
vn -0.1728 -0.0022 0.9850
vn -0.1728 -0.0022 0.9850
vn -0.1728 -0.0022 0.9850
vn -0.1728 0.0022 0.9850
vn -0.1728 0.0022 0.9850
vn -0.1728 0.0022 0.9850
vn -0.1728 0.0022 0.9850
vn -0.1728 0.0022 0.9850
vn -0.1728 0.0022 0.9850
vn 0.0000 -0.0720 0.9974
vn 0.0000 0.9816 0.1911
vn 0.0000 -0.0720 0.9974
vn 0.0000 0.9816 0.1911
vn -0.0000 1.0000 -0.0000
vn -0.0000 1.0000 -0.0000
vn -0.0000 -1.0000 -0.0000
vn -0.0000 -1.0000 -0.0000
vn 0.2444 -0.9237 -0.2952
vn 0.2444 -0.9237 -0.2952
vn 0.4524 -0.7063 -0.5444
vn 0.4524 -0.7063 -0.5444
vn 0.5917 -0.3812 -0.7104
vn 0.5917 -0.3812 -0.7104
vn 0.6402 0.0022 -0.7682
vn 0.6402 0.0022 -0.7682
vn 0.5910 0.3812 -0.7109
vn 0.5910 0.3812 -0.7109
vn 0.4518 0.7063 -0.5449
vn 0.4518 0.7063 -0.5449
vn 0.2489 0.9237 -0.2914
vn 0.2489 0.9237 -0.2914
vn -0.0000 1.0000 -0.0000
vn -0.0000 1.0000 -0.0000
vn -0.2489 0.9237 0.2914
vn -0.2489 0.9237 0.2914
vn -0.4518 0.7063 0.5449
vn -0.4518 0.7063 0.5449
vn -0.5910 0.3812 0.7109
vn -0.5910 0.3812 0.7109
vn -0.6402 0.0022 0.7682
vn -0.6402 0.0022 0.7682
vn -0.5946 -0.3812 0.7079
vn -0.5946 -0.3812 0.7079
vn -0.4553 -0.7063 0.5420
vn -0.4553 -0.7063 0.5420
vn -0.2444 -0.9237 0.2952
vn -0.2444 -0.9237 0.2952
vn -0.0000 -1.0000 -0.0000
vn -0.0000 -1.0000 -0.0000
vn 0.0302 0.0982 0.9947
vn 0.0302 0.0982 0.9947
vn 0.0528 0.0982 0.9938
vn 0.0528 0.0982 0.9938
vn 0.0867 0.0895 0.9922
vn 0.0867 0.0895 0.9922
vn 0.1205 0.0677 0.9904
vn 0.1205 0.0677 0.9904
vn 0.1317 0.0546 0.9898
vn 0.1317 0.0546 0.9898
vn -0.0000 1.0000 -0.0000
vn -0.0000 1.0000 -0.0000
vn 0.2489 0.9237 -0.2914
vn 0.2489 0.9237 -0.2914
vn 0.4518 0.7063 -0.5449
vn 0.4518 0.7063 -0.5449
vn 0.5910 0.3812 -0.7109
vn 0.5910 0.3812 -0.7109
vn 0.6402 -0.0022 -0.7682
vn 0.6402 -0.0022 -0.7682
vn 0.5917 -0.3812 -0.7104
vn 0.5917 -0.3812 -0.7104
vn 0.4524 -0.7063 -0.5444
vn 0.4524 -0.7063 -0.5444
vn 0.2444 -0.9237 -0.2952
vn 0.2444 -0.9237 -0.2952
vn -0.0000 -1.0000 -0.0000
vn -0.0000 -1.0000 0.0000
vn -0.2444 -0.9237 0.2952
vn -0.2444 -0.9237 0.2952
vn -0.4553 -0.7063 0.5420
vn -0.4553 -0.7063 0.5420
vn -0.5946 -0.3812 0.7079
vn -0.5946 -0.3812 0.7079
vn -0.6402 0.0022 0.7682
vn -0.6402 0.0022 0.7682
vn -0.5910 0.3812 0.7109
vn -0.5910 0.3812 0.7109
vn -0.4518 0.7063 0.5449
vn -0.4518 0.7063 0.5449
vn -0.2489 0.9237 0.2914
vn -0.2489 0.9237 0.2914
vn -0.0000 1.0000 -0.0000
vn -0.0000 1.0000 -0.0000
vn -0.0000 -1.0000 -0.0000
vn -0.0000 -1.0000 0.0000
vn 0.2444 -0.9237 0.2952
vn 0.2444 -0.9237 0.2952
vn 0.4553 -0.7063 0.5420
vn 0.4553 -0.7063 0.5420
vn 0.5946 -0.3812 0.7079
vn 0.5946 -0.3812 0.7079
vn 0.6460 0.0022 0.7633
vn 0.6460 0.0022 0.7633
vn 0.5968 0.3812 0.7061
vn 0.5968 0.3812 0.7061
vn 0.4576 0.7063 0.5401
vn 0.4576 0.7063 0.5401
vn 0.2489 0.9237 0.2914
vn 0.2489 0.9237 0.2914
vn -0.0000 1.0000 -0.0000
vn -0.0000 1.0000 -0.0000
vn -0.2489 0.9237 -0.2914
vn -0.2489 0.9237 -0.2914
vn -0.4576 0.7063 -0.5401
vn -0.4576 0.7063 -0.5401
vn -0.5968 0.3812 -0.7061
vn -0.5968 0.3812 -0.7061
vn -0.6460 0.0022 -0.7633
vn -0.6460 0.0022 -0.7633
vn -0.5975 -0.3812 -0.7055
vn -0.5975 -0.3812 -0.7055
vn -0.4582 -0.7063 -0.5396
vn -0.4582 -0.7063 -0.5396
vn -0.2444 -0.9237 -0.2952
vn -0.2444 -0.9237 -0.2952
vn -0.0000 -1.0000 -0.0000
vn -0.0000 -1.0000 0.0000
vn -1.0000 0.0022 0.0000
vn -1.0000 0.0022 0.0000
vn -1.0000 0.0022 0.0000
vn -1.0000 0.0022 0.0000
vn -1.0000 0.0022 0.0000
vn -1.0000 0.0022 0.0000
vn -0.0000 1.0000 -0.0000
vn -0.0000 1.0000 -0.0000
vn 0.2489 0.9237 0.2914
vn 0.2489 0.9237 0.2914
vn 0.4576 0.7063 0.5401
vn 0.4576 0.7063 0.5401
vn 0.5968 0.3812 0.7061
vn 0.5968 0.3812 0.7061
vn 0.6460 0.0022 0.7633
vn 0.6460 0.0022 0.7633
vn 0.5946 -0.3812 0.7079
vn 0.5946 -0.3812 0.7079
vn 0.4553 -0.7063 0.5420
vn 0.4553 -0.7063 0.5420
vn 0.2444 -0.9237 0.2952
vn 0.2444 -0.9237 0.2952
vn -0.0000 -1.0000 -0.0000
vn -0.0000 -1.0000 -0.0000
vn -0.2444 -0.9237 -0.2952
vn -0.2444 -0.9237 -0.2952
vn -0.4582 -0.7063 -0.5396
vn -0.4582 -0.7063 -0.5396
vn -0.5975 -0.3812 -0.7055
vn -0.5975 -0.3812 -0.7055
vn -0.6460 -0.0022 -0.7633
vn -0.6460 -0.0022 -0.7633
vn -0.5968 0.3812 -0.7061
vn -0.5968 0.3812 -0.7061
vn -0.4576 0.7063 -0.5401
vn -0.4576 0.7063 -0.5401
vn -0.2489 0.9237 -0.2914
vn -0.2489 0.9237 -0.2914
vn -0.0000 1.0000 -0.0000
vn -0.0000 1.0000 -0.0000
vn -0.0000 -1.0000 0.0000
vn -0.0000 -1.0000 0.0000
vn -0.3778 -0.9237 0.0641
vn -0.3778 -0.9237 0.0641
vn -0.6966 -0.7063 0.1258
vn -0.6966 -0.7063 0.1258
vn -0.9099 -0.3812 0.1634
vn -0.9099 -0.3812 0.1634
vn -0.9850 0.0022 0.1728
vn -0.9850 0.0022 0.1728
vn -0.9103 0.3812 0.1614
vn -0.9103 0.3812 0.1614
vn -0.6970 0.7063 0.1237
vn -0.6970 0.7063 0.1237
vn -0.3772 0.9237 0.0674
vn -0.3772 0.9237 0.0674
vn -0.0000 1.0000 -0.0000
vn -0.0000 1.0000 -0.0000
vn 0.3772 0.9237 -0.0674
vn 0.3772 0.9237 -0.0674
vn 0.6970 0.7063 -0.1237
vn 0.6970 0.7063 -0.1237
vn 0.9103 0.3812 -0.1614
vn 0.9103 0.3812 -0.1614
vn 0.9850 0.0022 -0.1728
vn 0.9850 0.0022 -0.1728
vn 0.9106 -0.3812 -0.1597
vn 0.9106 -0.3812 -0.1597
vn 0.6973 -0.7063 -0.1221
vn 0.6973 -0.7063 -0.1221
vn 0.3778 -0.9237 -0.0641
vn 0.3778 -0.9237 -0.0641
vn -0.0000 -1.0000 0.0000
vn -0.0000 -1.0000 0.0000
vn 0.0000 0.0022 1.0000
vn 0.0000 -0.0022 1.0000
vn 0.0000 -0.0022 1.0000
vn 0.0000 -0.0022 1.0000
vn 0.0000 -0.0022 1.0000
vn 0.0000 0.0022 1.0000
vn 0.0000 -0.0022 1.0000
vn 0.0000 -0.0022 1.0000
vn 0.0000 -0.0022 1.0000
vn 0.0000 -0.0022 1.0000
vn 0.0000 0.0022 1.0000
vn 0.0000 -0.0022 1.0000
vn 0.0000 -0.0022 1.0000
vn 0.0000 0.0022 1.0000
vn 0.0000 0.0022 1.0000
vn 0.0000 0.0022 1.0000
vn 0.0000 0.0022 1.0000
vn -0.0000 1.0000 -0.0000
vn -0.0000 1.0000 -0.0000
vn 0.3772 0.9237 -0.0674
vn 0.3772 0.9237 -0.0674
vn 0.6970 0.7063 -0.1237
vn 0.6970 0.7063 -0.1237
vn 0.9103 0.3812 -0.1614
vn 0.9103 0.3812 -0.1614
vn 0.9850 -0.0022 -0.1728
vn 0.9850 -0.0022 -0.1728
vn 0.9106 -0.3812 -0.1597
vn 0.9106 -0.3812 -0.1597
vn 0.6973 -0.7063 -0.1221
vn 0.6973 -0.7063 -0.1221
vn 0.3778 -0.9237 -0.0641
vn 0.3778 -0.9237 -0.0641
vn -0.0000 -1.0000 -0.0000
vn -0.0000 -1.0000 -0.0000
vn -0.3778 -0.9237 0.0641
vn -0.3778 -0.9237 0.0641
vn -0.6966 -0.7063 0.1258
vn -0.6966 -0.7063 0.1258
vn -0.9099 -0.3812 0.1634
vn -0.9099 -0.3812 0.1634
vn -0.9850 -0.0022 0.1728
vn -0.9850 -0.0022 0.1728
vn -0.9103 0.3812 0.1614
vn -0.9103 0.3812 0.1614
vn -0.6970 0.7063 0.1237
vn -0.6970 0.7063 0.1237
vn -0.3772 0.9237 0.0674
vn -0.3772 0.9237 0.0674
vn -0.0000 1.0000 -0.0000
vn -0.0000 1.0000 -0.0000
vn 0.1728 -0.0022 0.9850
vn 0.1728 -0.0022 0.9850
vn 0.1728 -0.0022 0.9850
vn 0.1728 -0.0022 0.9850
vn 0.1728 0.0022 0.9850
vn 0.1728 0.0022 0.9850
vn 0.1728 -0.0022 0.9850
vn 0.1728 -0.0022 0.9850
vn 0.1728 0.0022 0.9850
vn 0.1728 -0.0022 0.9850
vn 0.1728 -0.0022 0.9850
vn 0.1728 -0.0022 0.9850
vn 0.1728 0.0022 0.9850
vn 0.1728 0.0022 0.9850
vn 0.1728 -0.0022 0.9850
vn 0.1728 0.0022 0.9850
vn 0.1728 0.0022 0.9850
vn -0.0000 0.0022 -1.0000
vn -0.0000 0.0022 -1.0000
vn 0.1951 0.0022 -0.9808
vn 0.1951 0.0022 -0.9808
vn 0.3827 0.0022 -0.9239
vn 0.3827 0.0022 -0.9239
vn 0.5556 0.0022 -0.8315
vn 0.5556 0.0022 -0.8315
vn 0.7071 0.0022 -0.7071
vn 0.7071 0.0022 -0.7071
vn 0.8315 0.0022 -0.5556
vn 0.8315 0.0022 -0.5556
vn 0.9239 0.0022 -0.3827
vn 0.9239 0.0022 -0.3827
vn 0.9808 0.0022 -0.1951
vn 0.9808 0.0022 -0.1951
vn 1.0000 0.0022 -0.0000
vn 1.0000 0.0022 -0.0000
vn 0.9808 0.0022 0.1951
vn 0.9808 0.0022 0.1951
vn 0.9239 0.0022 0.3827
vn 0.9239 0.0022 0.3827
vn 0.8315 0.0022 0.5556
vn 0.8315 0.0022 0.5556
vn 0.7071 0.0022 0.7071
vn 0.7071 0.0022 0.7071
vn 0.5556 0.0022 0.8315
vn 0.5556 0.0022 0.8315
vn 0.3827 0.0022 0.9239
vn 0.3827 0.0022 0.9239
vn 0.1951 0.0022 0.9808
vn 0.1951 0.0022 0.9808
vn 0.0000 0.0022 1.0000
vn 0.0000 0.0022 1.0000
vn 0.9239 0.0022 0.3827
vn 0.9808 0.0022 0.1951
vn 1.0000 0.0022 -0.0000
vn 0.9808 0.0022 -0.1951
vn 0.9239 0.0022 -0.3827
vn 0.8315 0.0022 -0.5556
vn 0.7071 0.0022 -0.7071
vn 0.5556 0.0022 -0.8315
vn 0.3827 0.0022 -0.9239
vn 0.1951 0.0022 -0.9808
vn -0.0000 0.0022 -1.0000
vn -0.0000 0.0022 -1.0000
vn 0.1951 0.0022 -0.9808
vn 0.3827 0.0022 -0.9239
vn 0.5556 0.0022 -0.8315
vn 0.7071 0.0022 -0.7071
vn 0.8315 0.0022 -0.5556
vn 0.9239 0.0022 -0.3827
vn 0.9808 0.0022 -0.1951
vn 1.0000 0.0022 -0.0000
vn 0.9808 0.0022 0.1951
vn 0.9239 0.0022 0.3827
vn 0.8315 0.0022 0.5556
vn 0.8315 0.0022 0.5556
vn 0.7071 0.0022 0.7071
vn 0.7071 0.0022 0.7071
vn 0.5556 0.0022 0.8315
vn -0.0000 -1.0000 0.0000
vn -0.0000 -1.0000 -0.0000
vn 0.1334 -0.9237 -0.3592
vn 0.1334 -0.9237 -0.3592
vn 0.2441 -0.7063 -0.6645
vn 0.2441 -0.7063 -0.6645
vn 0.3182 -0.3812 -0.8680
vn 0.3182 -0.3812 -0.8680
vn 0.3404 -0.0022 -0.9403
vn 0.3404 -0.0022 -0.9403
vn 0.3178 0.3812 -0.8682
vn 0.3178 0.3812 -0.8682
vn 0.2437 0.7063 -0.6646
vn 0.2437 0.7063 -0.6646
vn 0.1326 0.9237 -0.3595
vn 0.1326 0.9237 -0.3595
vn -0.0000 1.0000 -0.0000
vn -0.0000 1.0000 -0.0000
vn -0.1326 0.9237 0.3595
vn -0.1326 0.9237 0.3595
vn -0.2437 0.7063 0.6646
vn -0.2437 0.7063 0.6646
vn -0.3178 0.3812 0.8682
vn -0.3178 0.3812 0.8682
vn -0.3404 -0.0022 0.9403
vn -0.3404 -0.0022 0.9403
vn -0.3146 -0.3812 0.8693
vn -0.3146 -0.3812 0.8693
vn -0.2405 -0.7063 0.6658
vn -0.2405 -0.7063 0.6658
vn -0.1334 -0.9237 0.3592
vn -0.1334 -0.9237 0.3592
vn -0.0000 -1.0000 0.0000
vn -0.0000 -1.0000 -0.0000
vn -0.0000 1.0000 -0.0000
vn -0.0000 1.0000 -0.0000
vn -0.1326 0.9237 0.3595
vn -0.1326 0.9237 0.3595
vn -0.2437 0.7063 0.6646
vn -0.2437 0.7063 0.6646
vn -0.3178 0.3812 0.8682
vn -0.3178 0.3812 0.8682
vn -0.3404 -0.0022 0.9403
vn -0.3404 -0.0022 0.9403
vn -0.3146 -0.3812 0.8693
vn -0.3146 -0.3812 0.8693
vn -0.2405 -0.7063 0.6658
vn -0.2405 -0.7063 0.6658
vn -0.1334 -0.9237 0.3592
vn -0.1334 -0.9237 0.3592
vn -0.0000 -1.0000 0.0000
vn -0.0000 -1.0000 -0.0000
vn 0.1334 -0.9237 -0.3592
vn 0.1334 -0.9237 -0.3592
vn 0.2441 -0.7063 -0.6645
vn 0.2441 -0.7063 -0.6645
vn 0.3182 -0.3812 -0.8680
vn 0.3182 -0.3812 -0.8680
vn 0.3404 0.0022 -0.9403
vn 0.3404 0.0022 -0.9403
vn 0.3178 0.3812 -0.8682
vn 0.3178 0.3812 -0.8682
vn 0.2437 0.7063 -0.6646
vn 0.2437 0.7063 -0.6646
vn 0.1326 0.9237 -0.3595
vn 0.1326 0.9237 -0.3595
vn -0.0000 1.0000 -0.0000
vn -0.0000 1.0000 -0.0000
vn -1.0000 -0.0022 0.0000
vn -1.0000 -0.0022 0.0000
vn -1.0000 -0.0022 0.0000
vn -1.0000 -0.0022 0.0000
vn -1.0000 -0.0022 0.0000
vn -1.0000 -0.0022 0.0000
vn -0.9403 0.0022 -0.3404
vn -0.9403 -0.0022 -0.3404
vn -0.9403 0.0022 -0.3404
vn -0.9403 0.0022 -0.3404
vn -0.9403 0.0022 -0.3404
vn -0.9403 0.0022 -0.3404
vn -0.9403 -0.0022 -0.3404
vn -0.9403 -0.0022 -0.3404
vn -0.9403 -0.0022 -0.3404
vn -0.9403 -0.0022 -0.3404
vn -0.9403 0.0022 -0.3404
vn -0.9403 0.0022 -0.3404
vn -0.9403 -0.0022 -0.3404
vn -0.9403 0.0022 -0.3404
vn -0.9403 0.0022 -0.3404
vn -0.9403 0.0022 -0.3404
vn -0.9403 0.0022 -0.3404
vn 0.0000 -0.9635 0.2676
vn 0.0000 -0.9914 0.1307
vn 0.0000 -0.9635 0.2676
vn 0.0000 -0.9914 0.1307
vn -0.0000 -1.0000 0.0000
vn -0.0000 -1.0000 0.0000
vn -0.0000 1.0000 -0.0000
vn -0.0000 1.0000 -0.0000
vn 0.1938 0.9237 0.3306
vn 0.1938 0.9237 0.3306
vn 0.3529 0.7063 0.6137
vn 0.3529 0.7063 0.6137
vn 0.4612 0.3812 0.8013
vn 0.4612 0.3812 0.8013
vn 0.4978 -0.0022 0.8673
vn 0.4978 -0.0022 0.8673
vn 0.4650 -0.3812 0.7991
vn 0.4650 -0.3812 0.7991
vn 0.3567 -0.7063 0.6115
vn 0.3567 -0.7063 0.6115
vn 0.1949 -0.9237 0.3299
vn 0.1949 -0.9237 0.3299
vn -0.0000 -1.0000 0.0000
vn -0.0000 -1.0000 -0.0000
vn -0.1949 -0.9237 -0.3299
vn -0.1949 -0.9237 -0.3299
vn -0.3534 -0.7063 -0.6134
vn -0.3534 -0.7063 -0.6134
vn -0.4617 -0.3812 -0.8010
vn -0.4617 -0.3812 -0.8010
vn -0.4978 -0.0022 -0.8673
vn -0.4978 -0.0022 -0.8673
vn -0.4612 0.3812 -0.8013
vn -0.4612 0.3812 -0.8013
vn -0.3529 0.7063 -0.6137
vn -0.3529 0.7063 -0.6137
vn -0.1938 0.9237 -0.3306
vn -0.1938 0.9237 -0.3306
vn -0.0000 1.0000 -0.0000
vn -0.0000 1.0000 -0.0000
vn -0.5556 0.0022 -0.8315
vn -0.5556 0.0022 -0.8315
vn -0.3827 0.0022 -0.9239
vn -0.3827 0.0022 -0.9239
vn -0.1951 0.0022 -0.9808
vn -0.1951 0.0022 -0.9808
vn -0.0000 0.0022 -1.0000
vn -0.0000 0.0022 -1.0000
vn 0.1951 0.0022 -0.9808
vn 0.1951 0.0022 -0.9808
vn 0.3827 0.0022 -0.9239
vn 0.3827 0.0022 -0.9239
vn 0.5556 0.0022 -0.8315
vn 0.5556 0.0022 -0.8315
vn 0.7071 0.0022 -0.7071
vn 0.7071 0.0022 -0.7071
vn 0.8315 0.0022 -0.5556
vn 0.8315 0.0022 -0.5556
vn 0.9239 0.0022 -0.3827
vn 0.9239 0.0022 -0.3827
vn 0.9808 0.0022 -0.1951
vn 0.9808 0.0022 -0.1951
vn 1.0000 0.0022 -0.0000
vn 1.0000 0.0022 -0.0000
vn 0.9808 0.0022 0.1951
vn 0.9808 0.0022 0.1951
vn 0.9239 0.0022 0.3827
vn 0.9239 0.0022 0.3827
vn 0.8315 0.0022 0.5556
vn 0.8315 0.0022 0.5556
vn 0.7071 0.0022 0.7071
vn 0.7071 0.0022 0.7071
vn 0.5556 0.0022 0.8315
vn 0.5556 0.0022 0.8315
vn 0.5556 0.0022 0.8315
vn 0.5556 0.0022 0.8315
vn 0.3827 0.0022 0.9239
vn 0.3827 0.0022 0.9239
vn 0.1951 0.0022 0.9808
vn 0.1951 0.0022 0.9808
vn 0.0000 0.0022 1.0000
vn 0.0000 0.0022 1.0000
vn -0.1951 0.0022 0.9808
vn -0.1951 0.0022 0.9808
vn -0.3827 0.0022 0.9239
vn -0.3827 0.0022 0.9239
vn -0.5556 0.0022 0.8315
vn -0.5556 0.0022 0.8315
vn -0.7071 0.0022 0.7071
vn -0.7071 0.0022 0.7071
vn -0.8315 0.0022 0.5556
vn -0.8315 0.0022 0.5556
vn -0.9239 0.0022 0.3827
vn -0.9239 0.0022 0.3827
vn -0.9808 0.0022 0.1951
vn -0.9808 0.0022 0.1951
vn -1.0000 0.0022 0.0000
vn -1.0000 0.0022 0.0000
vn -0.9808 0.0022 -0.1951
vn -0.9808 0.0022 -0.1951
vn -0.9239 0.0022 -0.3827
vn -0.9239 0.0022 -0.3827
vn -0.8315 0.0022 -0.5556
vn -0.8315 0.0022 -0.5556
vn -0.7071 0.0022 -0.7071
vn -0.7071 0.0022 -0.7071
vn -0.5556 0.0022 -0.8315
vn -0.5556 0.0022 -0.8315
vn 0.0000 0.0022 1.0000
vn 0.0000 0.0022 1.0000
vn -0.1951 0.0022 0.9808
vn -0.1951 0.0022 0.9808
vn -0.3827 0.0022 0.9239
vn -0.3827 0.0022 0.9239
vn -0.5556 0.0022 0.8315
vn -0.5556 0.0022 0.8315
vn -0.7071 0.0022 0.7071
vn -0.7071 0.0022 0.7071
vn -0.8315 0.0022 0.5556
vn -0.8315 0.0022 0.5556
vn -0.9239 0.0022 0.3827
vn -0.9239 0.0022 0.3827
vn -0.9808 0.0022 0.1951
vn -0.9808 0.0022 0.1951
vn -1.0000 0.0022 0.0000
vn -1.0000 0.0022 0.0000
vn -0.9808 0.0022 -0.1951
vn -0.9808 0.0022 -0.1951
vn -0.9239 0.0022 -0.3827
vn -0.9239 0.0022 -0.3827
vn -0.8315 0.0022 -0.5556
vn -0.8315 0.0022 -0.5556
vn -0.7071 0.0022 -0.7071
vn -0.7071 0.0022 -0.7071
vn -0.5556 0.0022 -0.8315
vn -0.5556 0.0022 -0.8315
vn -0.3827 0.0022 -0.9239
vn -0.3827 0.0022 -0.9239
vn -0.1951 0.0022 -0.9808
vn -0.1951 0.0022 -0.9808
vn -0.0000 0.0022 -1.0000
vn -0.0000 0.0022 -1.0000
vn 0.1951 0.0022 -0.9808
vn 0.1951 0.0022 -0.9808
vn 0.3827 0.0022 -0.9239
vn 0.3827 0.0022 -0.9239
vn 0.5556 0.0022 -0.8315
vn 0.5556 0.0022 -0.8315
vn 0.7071 0.0022 -0.7071
vn 0.7071 0.0022 -0.7071
vn 0.8315 0.0022 -0.5556
vn 0.8315 0.0022 -0.5556
vn 0.9239 0.0022 -0.3827
vn 0.9239 0.0022 -0.3827
vn 0.9808 0.0022 -0.1951
vn 0.9808 0.0022 -0.1951
vn 1.0000 0.0022 -0.0000
vn 1.0000 0.0022 -0.0000
vn 0.9808 0.0022 0.1951
vn 0.9808 0.0022 0.1951
vn 0.9239 0.0022 0.3827
vn 0.9239 0.0022 0.3827
vn 0.8315 0.0022 0.5556
vn 0.8315 0.0022 0.5556
vn 0.7071 0.0022 0.7071
vn 0.7071 0.0022 0.7071
vn 0.5556 0.0022 0.8315
vn 0.5556 0.0022 0.8315
vn 0.3827 0.0022 0.9239
vn 0.3827 0.0022 0.9239
vn 0.1951 0.0022 0.9808
vn 0.1951 0.0022 0.9808
vn 0.0000 0.0022 1.0000
vn 0.0000 0.0022 1.0000
vn 0.5556 0.0022 0.8315
vn 0.5556 0.0022 0.8315
vn 0.7071 0.0022 0.7071
vn 0.7071 0.0022 0.7071
vn 0.8315 0.0022 0.5556
vn 0.8315 0.0022 0.5556
vn 0.9239 0.0022 0.3827
vn 0.9239 0.0022 0.3827
vn 0.9808 0.0022 0.1951
vn 0.9808 0.0022 0.1951
vn 1.0000 0.0022 -0.0000
vn 1.0000 0.0022 -0.0000
vn 0.9808 0.0022 -0.1951
vn 0.9808 0.0022 -0.1951
vn 0.9239 0.0022 -0.3827
vn 0.9239 0.0022 -0.3827
vn 0.8315 0.0022 -0.5556
vn 0.8315 0.0022 -0.5556
vn 0.7071 0.0022 -0.7071
vn 0.7071 0.0022 -0.7071
vn 0.5556 0.0022 -0.8315
vn 0.5556 0.0022 -0.8315
vn 0.3827 0.0022 -0.9239
vn 0.3827 0.0022 -0.9239
vn 0.1951 0.0022 -0.9808
vn 0.1951 0.0022 -0.9808
vn -0.0000 0.0022 -1.0000
vn -0.0000 0.0022 -1.0000
vn -0.1951 0.0022 -0.9808
vn -0.1951 0.0022 -0.9808
vn -0.3827 0.0022 -0.9239
vn -0.3827 0.0022 -0.9239
vn -0.5556 0.0022 -0.8315
vn -0.5556 0.0022 -0.8315
vn 0.5556 0.0022 0.8315
vn 0.5556 0.0022 0.8315
vn 0.3827 0.0022 0.9239
vn 0.3827 0.0022 0.9239
vn 0.1951 0.0022 0.9808
vn 0.1951 0.0022 0.9808
vn 0.0000 0.0022 1.0000
vn 0.0000 0.0022 1.0000
vn -0.1951 0.0022 0.9808
vn -0.1951 0.0022 0.9808
vn -0.3827 0.0022 0.9239
vn -0.3827 0.0022 0.9239
vn -0.5556 0.0022 0.8315
vn -0.5556 0.0022 0.8315
vn -0.7071 0.0022 0.7071
vn -0.7071 0.0022 0.7071
vn -0.8315 0.0022 0.5556
vn -0.8315 0.0022 0.5556
vn -0.9239 0.0022 0.3827
vn -0.9239 0.0022 0.3827
vn -0.9808 0.0022 0.1951
vn -0.9808 0.0022 0.1951
vn -1.0000 0.0022 0.0000
vn -1.0000 0.0022 0.0000
vn -0.9808 0.0022 -0.1951
vn -0.9808 0.0022 -0.1951
vn -0.9239 0.0022 -0.3827
vn -0.9239 0.0022 -0.3827
vn -0.8315 0.0022 -0.5556
vn -0.8315 0.0022 -0.5556
vn -0.7071 0.0022 -0.7071
vn -0.7071 0.0022 -0.7071
vn -0.5556 0.0022 -0.8315
vn -0.5556 0.0022 -0.8315
vn 0.5556 0.0022 0.8315
vn 0.5556 0.0022 0.8315
vn 0.7071 0.0022 0.7071
vn 0.7071 0.0022 0.7071
vn 0.8315 0.0022 0.5556
vn 0.8315 0.0022 0.5556
vn 0.9239 0.0022 0.3827
vn 0.9239 0.0022 0.3827
vn 0.9808 0.0022 0.1951
vn 0.9808 0.0022 0.1951
vn 1.0000 0.0022 -0.0000
vn 1.0000 0.0022 -0.0000
vn 0.9808 0.0022 -0.1951
vn 0.9808 0.0022 -0.1951
vn 0.9239 0.0022 -0.3827
vn 0.9239 0.0022 -0.3827
vn 0.8315 0.0022 -0.5556
vn 0.8315 0.0022 -0.5556
vn 0.7071 0.0022 -0.7071
vn 0.7071 0.0022 -0.7071
vn 0.5556 0.0022 -0.8315
vn 0.5556 0.0022 -0.8315
vn 0.3827 0.0022 -0.9239
vn 0.3827 0.0022 -0.9239
vn 0.1951 0.0022 -0.9808
vn 0.1951 0.0022 -0.9808
vn -0.0000 0.0022 -1.0000
vn -0.0000 0.0022 -1.0000
vn -0.1951 0.0022 -0.9808
vn -0.1951 0.0022 -0.9808
vn -0.3827 0.0022 -0.9239
vn -0.3827 0.0022 -0.9239
vn -0.5556 0.0022 -0.8315
vn -0.5556 0.0022 -0.8315
vn 0.5556 0.0022 0.8315
vn 0.5556 0.0022 0.8315
vn 0.3827 0.0022 0.9239
vn 0.3827 0.0022 0.9239
vn 0.1951 0.0022 0.9808
vn 0.1951 0.0022 0.9808
vn 0.0000 0.0022 1.0000
vn 0.0000 0.0022 1.0000
vn -0.1951 0.0022 0.9808
vn -0.1951 0.0022 0.9808
vn -0.3827 0.0022 0.9239
vn -0.3827 0.0022 0.9239
vn -0.5556 0.0022 0.8315
vn -0.5556 0.0022 0.8315
vn -0.7071 0.0022 0.7071
vn -0.7071 0.0022 0.7071
vn -0.8315 0.0022 0.5556
vn -0.8315 0.0022 0.5556
vn -0.9239 0.0022 0.3827
vn -0.9239 0.0022 0.3827
vn -0.9808 0.0022 0.1951
vn -0.9808 0.0022 0.1951
vn -1.0000 0.0022 0.0000
vn -1.0000 0.0022 0.0000
vn -0.9808 0.0022 -0.1951
vn -0.9808 0.0022 -0.1951
vn -0.9239 0.0022 -0.3827
vn -0.9239 0.0022 -0.3827
vn -0.8315 0.0022 -0.5556
vn -0.8315 0.0022 -0.5556
vn -0.7071 0.0022 -0.7071
vn -0.7071 0.0022 -0.7071
vn -0.5556 0.0022 -0.8315
vn -0.5556 0.0022 -0.8315
vn -0.2457 -0.5176 -0.8196
vn -0.2457 -0.5176 -0.8196
vn -0.1651 -0.5176 -0.8396
vn -0.1651 -0.5176 -0.8396
vn -0.0000 -0.5176 -0.8557
vn -0.0000 -0.5176 -0.8557
vn 0.0829 -0.5176 -0.8516
vn 0.0829 -0.5176 -0.8516
vn 0.9315 -0.0415 -0.3613
vn 0.9315 -0.0415 -0.3613
vn 0.9315 -0.0415 -0.3613
vn 0.9315 -0.0415 -0.3613
vn -0.0000 -1.0000 0.0000
vn -0.0000 -1.0000 0.0000
vn -0.0000 -1.0000 0.0000
vn -0.0000 -1.0000 0.0000
vn -0.0000 -1.0000 0.0000
vn -0.0000 -1.0000 0.0000
vn -0.0000 -1.0000 0.0000
vn -0.0000 -1.0000 0.0000
vn -0.0000 -1.0000 0.0000
vn -0.0000 -1.0000 0.0000
vn -0.0000 -1.0000 0.0000
vn -0.0000 -1.0000 0.0000
vn -0.0000 -1.0000 0.0000
vn -0.0000 -1.0000 0.0000
vn -0.0000 -1.0000 0.0000
vn -0.0000 -1.0000 0.0000
vn -0.0000 -1.0000 0.0000
vn -0.0000 -1.0000 0.0000
vn -0.0000 -1.0000 0.0000
vn -0.0000 -1.0000 0.0000
vn -0.0000 -1.0000 0.0000
vn -0.0000 -1.0000 0.0000
vn -0.0000 -1.0000 0.0000
vn -0.0000 -1.0000 0.0000
vn -0.0000 -1.0000 0.0000
vn -0.0000 -1.0000 0.0000
vn -0.0000 -1.0000 -0.0000
vn -0.0000 -1.0000 -0.0000
vn -0.0000 -1.0000 -0.0000
vn -0.0000 -1.0000 -0.0000
vn -0.0000 -1.0000 0.0000
vn -0.0000 -1.0000 0.0000
vn -0.0000 -1.0000 -0.0000
vn -0.0000 -1.0000 -0.0000
vn -0.0000 -1.0000 0.0000
vn -0.0000 -1.0000 0.0000
vn -0.0000 -1.0000 0.0000
vn -0.0000 -1.0000 0.0000
vn -0.0000 -1.0000 0.0000
vn -0.0000 -1.0000 0.0000
vn -0.0000 -1.0000 0.0000
vn -0.0000 -1.0000 0.0000
vn -0.0000 -1.0000 0.0000
vn -0.0000 -1.0000 0.0000
vn -0.0000 -1.0000 0.0000
vn -0.0000 -1.0000 0.0000
vn -0.0000 -1.0000 -0.0000
vn -0.0000 -1.0000 -0.0000
vn -0.0000 -1.0000 -0.0000
vn -0.0000 -1.0000 -0.0000
vn -0.0000 -1.0000 -0.0000
vn -0.0000 -1.0000 -0.0000
vn -0.0000 -1.0000 0.0000
vn -0.0000 -1.0000 0.0000
vn -0.0000 -1.0000 0.0000
vn -0.0000 -1.0000 0.0000
vn -0.0000 -1.0000 0.0000
vn -0.0000 -1.0000 0.0000
vn -0.0000 -1.0000 0.0000
vn -0.0000 -1.0000 0.0000
vn -0.0000 -1.0000 0.0000
vn -0.0000 -1.0000 0.0000
vn -0.0000 -1.0000 0.0000
vn -0.0000 -1.0000 0.0000
vn -0.0000 -1.0000 -0.0000
vn -0.0000 -1.0000 -0.0000
vn -0.0000 -1.0000 -0.0000
vn -0.0000 -1.0000 -0.0000
vn -0.6015 0.6250 0.4976
vn -0.6015 0.6250 0.4976
vn -0.6015 0.6250 0.4976
vn -0.6015 0.6250 0.4976
vn 0.0000 0.0022 1.0000
vn 0.0000 0.0022 1.0000
vn 0.1951 0.0022 0.9808
vn 0.1951 0.0022 0.9808
vn 0.3827 0.0022 0.9239
vn 0.3827 0.0022 0.9239
vn 0.5556 0.0022 0.8315
vn 0.5556 0.0022 0.8315
vn 0.7071 0.0022 0.7071
vn 0.7071 0.0022 0.7071
vn 0.8315 0.0022 0.5556
vn 0.8315 0.0022 0.5556
vn 0.9239 0.0022 0.3827
vn 0.9239 0.0022 0.3827
vn 0.9808 0.0022 0.1951
vn 0.9808 0.0022 0.1951
vn 1.0000 0.0022 -0.0000
vn 1.0000 0.0022 -0.0000
vn 0.9808 0.0022 -0.1951
vn 0.9808 0.0022 -0.1951
vn 0.9239 0.0022 -0.3827
vn 0.9239 0.0022 -0.3827
vn 0.8315 0.0022 -0.5556
vn 0.8315 0.0022 -0.5556
vn 0.7071 0.0022 -0.7071
vn 0.7071 0.0022 -0.7071
vn 0.5556 0.0022 -0.8315
vn 0.5556 0.0022 -0.8315
vn 0.3827 0.0022 -0.9239
vn 0.3827 0.0022 -0.9239
vn 0.1951 0.0022 -0.9808
vn 0.1951 0.0022 -0.9808
vn -0.0000 0.0022 -1.0000
vn -0.0000 0.0022 -1.0000
vn -0.1951 0.0022 -0.9808
vn -0.1951 0.0022 -0.9808
vn -0.3827 0.0022 -0.9239
vn -0.3827 0.0022 -0.9239
vn -0.5556 0.0022 -0.8315
vn -0.5556 0.0022 -0.8315
vn -0.7071 0.0022 -0.7071
vn -0.7071 0.0022 -0.7071
vn -0.8315 0.0022 -0.5556
vn -0.8315 0.0022 -0.5556
vn -0.9239 0.0022 -0.3827
vn -0.9239 0.0022 -0.3827
vn -0.9808 0.0022 -0.1951
vn -0.9808 0.0022 -0.1951
vn -1.0000 0.0022 0.0000
vn -1.0000 0.0022 0.0000
vn -0.9808 0.0022 0.1951
vn -0.9808 0.0022 0.1951
vn -0.9239 0.0022 0.3827
vn -0.9239 0.0022 0.3827
vn -0.8315 0.0022 0.5556
vn -0.8315 0.0022 0.5556
vn -0.7071 0.0022 0.7071
vn -0.7071 0.0022 0.7071
vn -0.5556 0.0022 0.8315
vn -0.5556 0.0022 0.8315
vn -0.3827 0.0022 0.9239
vn -0.3827 0.0022 0.9239
vn -0.1951 0.0022 0.9808
vn -0.1951 0.0022 0.9808
vn 0.0000 0.0022 1.0000
vn 0.0000 0.0022 1.0000
vn -0.0000 1.0000 -0.0000
vn -0.0000 1.0000 -0.0000
vn -0.0000 1.0000 -0.0000
vn -0.0000 1.0000 -0.0000
vn -0.0000 1.0000 -0.0000
vn -0.0000 1.0000 -0.0000
vn -0.0000 1.0000 -0.0000
vn -0.0000 1.0000 -0.0000
vn -0.0000 1.0000 -0.0000
vn -0.0000 1.0000 -0.0000
vn -0.0000 1.0000 -0.0000
vn -0.0000 1.0000 -0.0000
vn -0.0000 1.0000 -0.0000
vn -0.0000 1.0000 -0.0000
vn -0.0000 1.0000 -0.0000
vn -0.0000 1.0000 -0.0000
vn -0.0000 1.0000 -0.0000
vn -0.0000 1.0000 -0.0000
vn -0.0000 1.0000 -0.0000
vn -0.0000 1.0000 -0.0000
vn -0.0000 1.0000 -0.0000
vn -0.0000 1.0000 -0.0000
vn -0.0000 1.0000 -0.0000
vn -0.0000 1.0000 -0.0000
vn -0.0000 1.0000 -0.0000
vn -0.0000 1.0000 -0.0000
vn -0.0000 1.0000 -0.0000
vn -0.0000 1.0000 -0.0000
vn -0.0000 1.0000 -0.0000
vn -0.0000 1.0000 -0.0000
vn -0.0000 1.0000 -0.0000
vn -0.0000 1.0000 -0.0000
vn -0.0000 1.0000 -0.0000
vn -0.0000 1.0000 -0.0000
vn -0.5435 -0.5176 -0.6608
vn -0.5435 -0.5176 -0.6608
vn -0.6050 -0.5176 -0.6050
vn -0.6050 -0.5176 -0.6050
vn -0.7104 -0.5176 -0.4769
vn -0.7104 -0.5176 -0.4769
vn -0.7533 -0.5176 -0.4058
vn -0.7533 -0.5176 -0.4058
vn -0.9231 -0.3812 0.0510
vn -0.9231 -0.3812 0.0510
vn -0.9231 -0.3812 0.0510
vn -0.9231 -0.3812 0.0510
vn 0.5561 -0.8310 -0.0113
vn 0.5561 -0.8310 -0.0113
vn 0.5561 -0.8310 -0.0113
vn 0.5561 -0.8310 -0.0113
vn 0.7633 -0.0022 -0.6460
vn 0.7633 -0.0022 -0.6460
vn 0.7633 0.0022 -0.6460
vn 0.7633 -0.0022 -0.6460
vn 0.7633 0.0022 -0.6460
vn 0.7633 0.0022 -0.6460
vn 0.7633 0.0022 -0.6460
vn 0.7633 0.0022 -0.6460
vn 0.7633 0.0022 -0.6460
vn 0.7633 -0.0022 -0.6460
vn 0.7633 -0.0022 -0.6460
vn 0.7633 -0.0022 -0.6460
vn 0.7633 0.0022 -0.6460
vn 0.7633 -0.0022 -0.6460
vn 0.7633 -0.0022 -0.6460
vn 0.7633 -0.0022 -0.6460
vn 0.7633 -0.0022 -0.6460
vn -0.0000 1.0000 -0.0000
vn -0.0000 1.0000 -0.0000
vn 0.1326 0.9237 0.3595
vn 0.1326 0.9237 0.3595
vn 0.2437 0.7063 0.6646
vn 0.2437 0.7063 0.6646
vn 0.3178 0.3812 0.8682
vn 0.3178 0.3812 0.8682
vn 0.3404 0.0022 0.9403
vn 0.3404 -0.0022 0.9403
vn 0.3146 -0.3812 0.8693
vn 0.3146 -0.3812 0.8693
vn 0.2405 -0.7063 0.6658
vn 0.2405 -0.7063 0.6658
vn 0.1334 -0.9237 0.3592
vn 0.1334 -0.9237 0.3592
vn -0.0000 -1.0000 -0.0000
vn -0.0000 -1.0000 0.0000
vn -0.1334 -0.9237 -0.3592
vn -0.1334 -0.9237 -0.3592
vn -0.2441 -0.7063 -0.6645
vn -0.2441 -0.7063 -0.6645
vn -0.3182 -0.3812 -0.8680
vn -0.3182 -0.3812 -0.8680
vn -0.3404 0.0022 -0.9403
vn -0.3404 0.0022 -0.9403
vn -0.3178 0.3812 -0.8682
vn -0.3178 0.3812 -0.8682
vn -0.2437 0.7063 -0.6646
vn -0.2437 0.7063 -0.6646
vn -0.1326 0.9237 -0.3595
vn -0.1326 0.9237 -0.3595
vn -0.0000 1.0000 -0.0000
vn -0.0000 1.0000 -0.0000
vn 0.5541 -0.8310 -0.0491
vn 0.5541 -0.8310 -0.0491
vn 0.5541 -0.8310 -0.0491
vn 0.5541 -0.8310 -0.0491
vn 0.1877 -0.9762 -0.1084
vn -0.0076 -0.9954 -0.0957
vn 0.1877 -0.9762 -0.1084
vn -0.0076 -0.9954 -0.0957
vn -0.3880 -0.9186 -0.0753
vn -0.3880 -0.9186 -0.0753
vn -0.7111 -0.7001 -0.0641
vn -0.7111 -0.7001 -0.0641
vn -0.8327 -0.5508 -0.0566
vn -0.8327 -0.5508 -0.0566
vn -0.7682 0.0022 -0.6402
vn -0.7682 -0.0022 -0.6402
vn -0.7682 0.0022 -0.6402
vn -0.7682 -0.0022 -0.6402
vn -0.7682 0.0022 -0.6402
vn -0.7682 0.0022 -0.6402
vn -0.7682 -0.0022 -0.6402
vn -0.7682 -0.0022 -0.6402
vn -0.7682 -0.0022 -0.6402
vn -0.7682 -0.0022 -0.6402
vn -0.7682 0.0022 -0.6402
vn -0.7682 0.0022 -0.6402
vn -0.7682 -0.0022 -0.6402
vn -0.7682 0.0022 -0.6402
vn -0.7682 0.0022 -0.6402
vn -0.7682 0.0022 -0.6402
vn -0.7682 0.0022 -0.6402
vn -0.0000 -1.0000 0.0000
vn 0.0000 -0.9914 0.1307
vn -0.0000 -1.0000 0.0000
vn 0.0000 -0.9914 0.1307
vn 0.0000 -0.9635 0.2676
vn 0.0000 -0.9635 0.2676
vn 0.1980 -0.9762 0.0882
vn 0.0038 -0.9954 0.0959
vn 0.1980 -0.9762 0.0882
vn 0.0038 -0.9954 0.0959
vn -0.3768 -0.9186 0.1193
vn -0.3768 -0.9186 0.1193
vn -0.7018 -0.7001 0.1314
vn -0.7018 -0.7001 0.1314
vn -0.8230 -0.5508 0.1391
vn -0.8230 -0.5508 0.1391
vn -0.1727 -0.0415 0.9841
vn -0.1727 -0.0415 0.9841
vn -0.1727 -0.0415 0.9841
vn -0.1727 -0.0415 0.9841
vn -0.9231 -0.3812 0.0510
vn -0.9231 -0.3812 0.0510
vn -0.9231 -0.3812 0.0510
vn -0.9231 -0.3812 0.0510
vn -0.0302 -0.0982 -0.9947
vn -0.0302 -0.0982 -0.9947
vn -0.0528 -0.0982 -0.9938
vn -0.0528 -0.0982 -0.9938
vn -0.0905 -0.0895 -0.9919
vn -0.0905 -0.0895 -0.9919
vn -0.1205 -0.0677 -0.9904
vn -0.1205 -0.0677 -0.9904
vn -0.1355 -0.0546 -0.9893
vn -0.1355 -0.0546 -0.9893
vn 0.0679 -0.0982 0.9929
vn 0.0679 -0.0982 0.9929
vn 0.0528 -0.0982 0.9938
vn 0.0528 -0.0982 0.9938
vn 0.0113 -0.0895 0.9959
vn 0.0113 -0.0895 0.9959
vn -0.0151 -0.0677 0.9976
vn -0.0151 -0.0677 0.9976
vn -0.0340 -0.0546 0.9979
vn -0.0340 -0.0546 0.9979
vn -0.4566 0.8545 -0.2477
vn -0.4280 0.8568 -0.2877
vn -0.4566 0.8545 -0.2477
vn -0.4280 0.8568 -0.2877
vn -0.3660 0.8568 -0.3633
vn -0.3660 0.8568 -0.3633
vn -0.3274 0.8545 -0.4032
vn -0.3274 0.8545 -0.4032
vn -0.5165 0.8545 -0.0545
vn -0.5157 0.8568 -0.0038
vn -0.5165 0.8545 -0.0545
vn -0.5157 0.8568 -0.0038
vn -0.5057 0.8568 0.1011
vn -0.5057 0.8568 0.1011
vn -0.4961 0.8545 0.1540
vn -0.4961 0.8545 0.1540
vn 0.0527 0.8545 -0.5167
vn -0.0000 0.8568 -0.5157
vn 0.0527 0.8545 -0.5167
vn -0.0000 0.8568 -0.5157
vn -0.0974 0.8568 -0.5064
vn -0.0974 0.8568 -0.5064
vn -0.1486 0.8545 -0.4977
vn -0.1486 0.8545 -0.4977
vn 0.5169 0.8545 0.0508
vn 0.5157 0.8568 0.0038
vn 0.5169 0.8545 0.0508
vn 0.5157 0.8568 0.0038
vn 0.5057 0.8568 -0.1011
vn 0.5057 0.8568 -0.1011
vn 0.4972 0.8545 -0.1504
vn 0.4972 0.8545 -0.1504
vn -0.3996 0.8545 0.3318
vn -0.3660 0.8568 0.3633
vn -0.3996 0.8545 0.3318
vn -0.3660 0.8568 0.3633
vn -0.2845 0.8568 0.4301
vn -0.2845 0.8568 0.4301
vn -0.2427 0.8545 0.4592
vn -0.2427 0.8545 0.4592
vn 0.1522 0.8545 0.4966
vn 0.0974 0.8568 0.5064
vn 0.1522 0.8545 0.4966
vn 0.0974 0.8568 0.5064
vn 0.0000 0.8568 0.5157
vn 0.0000 0.8568 0.5157
vn -0.0489 0.8545 0.5171
vn -0.0489 0.8545 0.5171
vn 0.3303 0.8545 0.4008
vn 0.3660 0.8568 0.3633
vn 0.3303 0.8545 0.4008
vn 0.3660 0.8568 0.3633
vn 0.4280 0.8568 0.2877
vn 0.4280 0.8568 0.2877
vn 0.4584 0.8545 0.2443
vn 0.4584 0.8545 0.2443
vn 0.0828 0.5176 -0.8516
vn 0.0828 0.5176 -0.8516
vn -0.0000 0.5176 -0.8557
vn -0.0000 0.5176 -0.8557
vn -0.1648 0.5176 -0.8396
vn -0.1648 0.5176 -0.8396
vn -0.2453 0.5176 -0.8197
vn -0.2453 0.5176 -0.8197
vn -0.0679 0.0982 -0.9929
vn -0.0679 0.0982 -0.9929
vn -0.0528 0.0982 -0.9938
vn -0.0528 0.0982 -0.9938
vn -0.0151 0.0895 -0.9959
vn -0.0151 0.0895 -0.9959
vn 0.0151 0.0677 -0.9976
vn 0.0151 0.0677 -0.9976
vn 0.0302 0.0546 -0.9981
vn 0.0302 0.0546 -0.9981
vn -0.8196 -0.5176 0.2457
vn -0.8196 -0.5176 0.2457
vn -0.8396 -0.5176 0.1651
vn -0.8396 -0.5176 0.1651
vn -0.8557 -0.5176 0.0000
vn -0.8557 -0.5176 0.0000
vn -0.8516 -0.5176 -0.0829
vn -0.8516 -0.5176 -0.0829
vn 0.6602 0.5176 -0.5444
vn 0.6602 0.5176 -0.5444
vn 0.6044 0.5176 -0.6057
vn 0.6044 0.5176 -0.6057
vn 0.4764 0.5176 -0.7108
vn 0.4764 0.5176 -0.7108
vn 0.4053 0.5176 -0.7536
vn 0.4053 0.5176 -0.7536
vn -0.8794 0.0546 0.4729
vn -0.8794 0.0546 0.4729
vn -0.8739 0.0677 0.4813
vn -0.8739 0.0677 0.4813
vn -0.8562 0.0895 0.5089
vn -0.8562 0.0895 0.5089
vn -0.8342 0.0982 0.5426
vn -0.8342 0.0982 0.5426
vn -0.8259 0.0982 0.5552
vn -0.8259 0.0982 0.5552
vn -0.8180 -0.0415 0.5738
vn -0.8180 -0.0415 0.5738
vn -0.8180 -0.0415 0.5738
vn -0.8180 -0.0415 0.5738
vn -0.9315 -0.0415 0.3613
vn -0.9315 -0.0415 0.3613
vn -0.9315 -0.0415 0.3613
vn -0.9315 -0.0415 0.3613
vn -0.6608 -0.5176 0.5435
vn -0.6608 -0.5176 0.5435
vn -0.6050 -0.5176 0.6050
vn -0.6050 -0.5176 0.6050
vn -0.4769 -0.5176 0.7104
vn -0.4769 -0.5176 0.7104
vn -0.4058 -0.5176 0.7533
vn -0.4058 -0.5176 0.7533
vn 0.5036 -0.3812 0.7753
vn 0.5036 -0.3812 0.7753
vn 0.5036 -0.3812 0.7753
vn 0.5036 -0.3812 0.7753
vn 0.8812 -0.0546 -0.4695
vn 0.8812 -0.0546 -0.4695
vn 0.8739 -0.0677 -0.4813
vn 0.8739 -0.0677 -0.4813
vn 0.8543 -0.0895 -0.5121
vn 0.8543 -0.0895 -0.5121
vn 0.8342 -0.0982 -0.5426
vn 0.8342 -0.0982 -0.5426
vn 0.8259 -0.0982 -0.5552
vn 0.8259 -0.0982 -0.5552
vn -0.8514 0.5176 -0.0847
vn -0.8514 0.5176 -0.0847
vn -0.8556 0.5176 -0.0019
vn -0.8556 0.5176 -0.0019
vn -0.8385 0.5176 0.1704
vn -0.8385 0.5176 0.1704
vn -0.8181 0.5176 0.2507
vn -0.8181 0.5176 0.2507
vn -0.9841 -0.0415 -0.1727
vn -0.9841 -0.0415 -0.1727
vn -0.9841 -0.0415 -0.1727
vn -0.9841 -0.0415 -0.1727
vn 0.7544 0.5176 0.4037
vn 0.7544 0.5176 0.4037
vn 0.7118 0.5176 0.4748
vn 0.7118 0.5176 0.4748
vn 0.6070 0.5176 0.6030
vn 0.6070 0.5176 0.6030
vn 0.5400 0.5176 0.6637
vn 0.5400 0.5176 0.6637
vn 0.4032 -0.0415 -0.9142
vn 0.4032 -0.0415 -0.9142
vn 0.4032 -0.0415 -0.9142
vn 0.4032 -0.0415 -0.9142
vn 0.8192 0.5176 -0.2471
vn 0.8192 0.5176 -0.2471
vn 0.8393 0.5176 -0.1667
vn 0.8393 0.5176 -0.1667
vn 0.8556 0.5176 -0.0019
vn 0.8556 0.5176 -0.0019
vn 0.8518 0.5176 0.0809
vn 0.8518 0.5176 0.0809
vn 0.8180 -0.0415 -0.5738
vn 0.8180 -0.0415 -0.5738
vn 0.8180 -0.0415 -0.5738
vn 0.8180 -0.0415 -0.5738
vn 0.5738 -0.0415 0.8180
vn 0.5738 -0.0415 0.8180
vn 0.5738 -0.0415 0.8180
vn 0.5738 -0.0415 0.8180
vn 0.8196 -0.5176 -0.2457
vn 0.8196 -0.5176 -0.2457
vn 0.8396 -0.5176 -0.1651
vn 0.8396 -0.5176 -0.1651
vn 0.8557 -0.5176 -0.0000
vn 0.8557 -0.5176 -0.0000
vn 0.8516 -0.5176 0.0829
vn 0.8516 -0.5176 0.0829
vn 0.9142 -0.0415 0.4032
vn 0.9142 -0.0415 0.4032
vn 0.9142 -0.0415 0.4032
vn 0.9142 -0.0415 0.4032
vn 0.3613 -0.0415 0.9315
vn 0.3613 -0.0415 0.9315
vn 0.3613 -0.0415 0.9315
vn 0.3613 -0.0415 0.9315
vn -0.0000 1.0000 -0.0000
vn -0.0000 1.0000 -0.0000
vn -0.0000 1.0000 -0.0000
vn -0.0000 1.0000 -0.0000
vn -0.0000 1.0000 -0.0000
vn -0.0000 1.0000 -0.0000
vn -0.0000 1.0000 -0.0000
vn -0.0000 1.0000 -0.0000
vn -0.0000 1.0000 -0.0000
vn -0.0000 1.0000 -0.0000
vn -0.0000 1.0000 -0.0000
vn -0.0000 1.0000 -0.0000
vn -0.0000 1.0000 -0.0000
vn -0.0000 1.0000 -0.0000
vn -0.0000 1.0000 -0.0000
vn -0.0000 1.0000 -0.0000
vn -0.0000 1.0000 -0.0000
vn -0.0000 1.0000 -0.0000
vn -0.0000 1.0000 -0.0000
vn -0.0000 1.0000 -0.0000
vn -0.0000 1.0000 -0.0000
vn -0.0000 1.0000 -0.0000
vn -0.0000 1.0000 -0.0000
vn -0.0000 1.0000 -0.0000
vn -0.0000 1.0000 -0.0000
vn -0.0000 1.0000 -0.0000
vn -0.0000 1.0000 -0.0000
vn -0.0000 1.0000 -0.0000
vn -0.0000 1.0000 -0.0000
vn -0.0000 1.0000 -0.0000
vn -0.0000 1.0000 -0.0000
vn -0.0000 1.0000 -0.0000
vn -0.0000 1.0000 -0.0000
vn -0.0000 1.0000 -0.0000
vn -0.7562 0.5176 -0.4003
vn -0.7562 0.5176 -0.4003
vn -0.7097 0.5176 -0.4779
vn -0.7097 0.5176 -0.4779
vn -0.6044 0.5176 -0.6057
vn -0.6044 0.5176 -0.6057
vn -0.5429 0.5176 -0.6614
vn -0.5429 0.5176 -0.6614
vn -0.3196 -0.8310 -0.4553
vn -0.3196 -0.8310 -0.4553
vn -0.3196 -0.8310 -0.4553
vn -0.3196 -0.8310 -0.4553
vn 0.5435 -0.5176 0.6608
vn 0.5435 -0.5176 0.6608
vn 0.6050 -0.5176 0.6050
vn 0.6050 -0.5176 0.6050
vn 0.7104 -0.5176 0.4769
vn 0.7104 -0.5176 0.4769
vn 0.7533 -0.5176 0.4058
vn 0.7533 -0.5176 0.4058
vn -0.3613 -0.0415 -0.9315
vn -0.3613 -0.0415 -0.9315
vn -0.3613 -0.0415 -0.9315
vn -0.3613 -0.0415 -0.9315
vn 0.2457 -0.5176 0.8196
vn 0.2457 -0.5176 0.8196
vn 0.1651 -0.5176 0.8396
vn 0.1651 -0.5176 0.8396
vn 0.0000 -0.5176 0.8557
vn 0.0000 -0.5176 0.8557
vn -0.0829 -0.5176 0.8516
vn -0.0829 -0.5176 0.8516
vn -0.9142 -0.0415 -0.4032
vn -0.9142 -0.0415 -0.4032
vn -0.9142 -0.0415 -0.4032
vn -0.9142 -0.0415 -0.4032
vn 0.9841 -0.0415 0.1727
vn 0.9841 -0.0415 0.1727
vn 0.9841 -0.0415 0.1727
vn 0.9841 -0.0415 0.1727
vn 0.2489 0.5176 0.8186
vn 0.2489 0.5176 0.8186
vn 0.1685 0.5176 0.8389
vn 0.1685 0.5176 0.8389
vn 0.0038 0.5176 0.8556
vn 0.0038 0.5176 0.8556
vn -0.0866 0.5176 0.8513
vn -0.0866 0.5176 0.8513
vn 0.1727 -0.0415 -0.9841
vn 0.1727 -0.0415 -0.9841
vn 0.1727 -0.0415 -0.9841
vn 0.1727 -0.0415 -0.9841
vn -0.1877 -0.9762 -0.1084
vn -0.0805 -0.9954 0.0523
vn -0.1877 -0.9762 -0.1084
vn -0.0805 -0.9954 0.0523
vn 0.1265 -0.9186 0.3745
vn 0.1265 -0.9186 0.3745
vn 0.3000 -0.7001 0.6479
vn 0.3000 -0.7001 0.6479
vn 0.3718 -0.5508 0.7472
vn 0.3718 -0.5508 0.7472
vn 0.6771 -0.0459 0.7345
vn 0.6771 -0.0459 0.7345
vn 0.6826 -0.0459 0.7293
vn 0.6826 -0.0459 0.7293
vn 0.6881 -0.0459 0.7242
vn 0.6881 -0.0459 0.7242
vn 0.6881 -0.0459 0.7242
vn 0.6881 -0.0459 0.7242
vn 0.5272 0.7336 -0.4287
vn 0.4825 0.7793 -0.3999
vn 0.5272 0.7336 -0.4287
vn 0.4825 0.7793 -0.3999
vn 0.3823 0.8678 -0.3173
vn 0.3823 0.8678 -0.3173
vn 0.3685 0.8806 -0.2980
vn 0.3685 0.8806 -0.2980
vn -0.9385 -0.0459 0.3423
vn -0.9385 -0.0459 0.3423
vn -0.9359 -0.0459 0.3493
vn -0.9359 -0.0459 0.3493
vn -0.9332 -0.0459 0.3564
vn -0.9332 -0.0459 0.3564
vn -0.9305 -0.0459 0.3634
vn -0.9305 -0.0459 0.3634
vn 0.2320 -0.0459 -0.9716
vn 0.2320 -0.0459 -0.9716
vn 0.2320 -0.0459 -0.9716
vn 0.2320 -0.0459 -0.9716
vn 0.2173 -0.0459 -0.9750
vn 0.2173 -0.0459 -0.9750
vn 0.2173 -0.0459 -0.9750
vn 0.2173 -0.0459 -0.9750
vn 0.5300 -0.5508 0.6447
vn 0.4647 -0.7001 0.5421
vn 0.5300 -0.5508 0.6447
vn 0.4647 -0.7001 0.5421
vn 0.2900 -0.9186 0.2686
vn 0.2900 -0.9186 0.2686
vn 0.0825 -0.9954 -0.0491
vn 0.0825 -0.9954 -0.0491
vn -0.0227 -0.9762 -0.2155
vn -0.0227 -0.9762 -0.2155
vn 0.4058 -0.5176 -0.7533
vn 0.4058 -0.5176 -0.7533
vn 0.4769 -0.5176 -0.7104
vn 0.4769 -0.5176 -0.7104
vn 0.6050 -0.5176 -0.6050
vn 0.6050 -0.5176 -0.6050
vn 0.6608 -0.5176 -0.5435
vn 0.6608 -0.5176 -0.5435
vn 0.2460 0.8545 -0.4575
vn 0.2845 0.8568 -0.4301
vn 0.2460 0.8545 -0.4575
vn 0.2845 0.8568 -0.4301
vn 0.3660 0.8568 -0.3633
vn 0.3660 0.8568 -0.3633
vn 0.4020 0.8545 -0.3289
vn 0.4020 0.8545 -0.3289
vn 0.5036 -0.3812 0.7753
vn 0.5036 -0.3812 0.7753
vn 0.5036 -0.3812 0.7753
vn 0.5036 -0.3812 0.7753
vn 0.8463 0.0982 -0.5235
vn 0.8463 0.0982 -0.5235
vn 0.8342 0.0982 -0.5426
vn 0.8342 0.0982 -0.5426
vn 0.8130 0.0895 -0.5753
vn 0.8130 0.0895 -0.5753
vn 0.7959 0.0677 -0.6016
vn 0.7959 0.0677 -0.6016
vn 0.7913 0.0546 -0.6090
vn 0.7913 0.0546 -0.6090
vn -0.7890 -0.0546 0.6120
vn -0.7890 -0.0546 0.6120
vn -0.7959 -0.0677 0.6016
vn -0.7959 -0.0677 0.6016
vn -0.8152 -0.0895 0.5722
vn -0.8152 -0.0895 0.5722
vn -0.8342 -0.0982 0.5426
vn -0.8342 -0.0982 0.5426
vn -0.8463 -0.0982 0.5235
vn -0.8463 -0.0982 0.5235
vn 1.0000 0.0022 -0.0000
vn 1.0000 0.0022 -0.0000
vn 1.0000 0.0022 -0.0000
vn 1.0000 0.0022 -0.0000
vn 1.0000 0.0022 -0.0000
vn 1.0000 0.0022 -0.0000
vn -0.4020 0.5176 0.7553
vn -0.4020 0.5176 0.7553
vn -0.4732 0.5176 0.7129
vn -0.4732 0.5176 0.7129
vn -0.6070 0.5176 0.6030
vn -0.6070 0.5176 0.6030
vn -0.6625 0.5176 0.5415
vn -0.6625 0.5176 0.5415
vn -0.4032 -0.0415 0.9142
vn -0.4032 -0.0415 0.9142
vn -0.4032 -0.0415 0.9142
vn -0.4032 -0.0415 0.9142
vn -0.5738 -0.0415 -0.8180
vn -0.5738 -0.0415 -0.8180
vn -0.5738 -0.0415 -0.8180
vn -0.5738 -0.0415 -0.8180
vn -0.0000 1.0000 -0.0000
vn -0.0000 1.0000 -0.0000
vn -0.0000 1.0000 -0.0000
vn -0.0000 1.0000 -0.0000
vn -0.0000 1.0000 -0.0000
vn -0.0000 1.0000 -0.0000
vn -0.0000 1.0000 -0.0000
vn -0.7563 0.4212 0.5005
vn -0.7259 0.4212 0.5437
vn -0.7563 0.4212 0.5005
vn -0.7259 0.4212 0.5437
vn -0.3141 0.4212 0.8508
vn -0.3141 0.4212 0.8508
vn 0.2423 0.4212 0.8740
vn 0.2423 0.4212 0.8740
vn 0.7121 0.4212 0.5617
vn 0.7121 0.4212 0.5617
vn 0.9061 0.4212 0.0396
vn 0.9061 0.4212 0.0396
vn 0.7823 0.4212 -0.4589
vn 0.7823 0.4212 -0.4589
vn 0.7543 0.4212 -0.5037
vn 0.7543 0.4212 -0.5037
vn 0.7543 0.4212 -0.5037
vn 0.7935 0.4212 -0.4393
vn 0.7543 0.4212 -0.5037
vn 0.7935 0.4212 -0.4393
vn 0.9061 0.4212 0.0396
vn 0.9061 0.4212 0.0396
vn 0.7121 0.4212 0.5617
vn 0.7121 0.4212 0.5617
vn 0.2423 0.4212 0.8740
vn 0.2423 0.4212 0.8740
vn -0.3141 0.4212 0.8508
vn -0.3141 0.4212 0.8508
vn -0.7121 0.4212 0.5617
vn -0.7121 0.4212 0.5617
vn -0.7563 0.4212 0.5005
vn -0.7563 0.4212 0.5005
vn -0.3533 0.9061 0.2329
vn -0.3533 0.9061 0.2329
vn -0.3618 0.9079 0.2118
vn -0.3618 0.9079 0.2118
vn -0.4150 0.9097 -0.0132
vn -0.4150 0.9097 -0.0132
vn -0.3335 0.9061 -0.2605
vn -0.3335 0.9061 -0.2605
vn -0.1116 0.9061 -0.4082
vn -0.1116 0.9061 -0.4082
vn 0.1471 0.9097 -0.3883
vn 0.1471 0.9097 -0.3883
vn 0.3324 0.9079 -0.2554
vn 0.3324 0.9079 -0.2554
vn 0.3512 0.9061 -0.2361
vn 0.3512 0.9061 -0.2361
vn -0.3519 -0.9061 0.2351
vn -0.3519 -0.9061 0.2351
vn -0.3337 -0.9079 0.2537
vn -0.3337 -0.9079 0.2537
vn -0.1444 -0.9097 0.3893
vn -0.1444 -0.9097 0.3893
vn 0.1120 -0.9061 0.4081
vn 0.1120 -0.9061 0.4081
vn 0.3295 -0.9061 0.2655
vn 0.3295 -0.9061 0.2655
vn 0.4150 -0.9097 0.0132
vn 0.4150 -0.9097 0.0132
vn 0.3630 -0.9079 -0.2096
vn 0.3630 -0.9079 -0.2096
vn 0.3519 -0.9061 -0.2351
vn 0.3519 -0.9061 -0.2351
vn 0.2569 -0.4720 0.8433
vn 0.2569 -0.4720 0.8433
vn 0.2569 -0.4720 0.8433
vn 0.2569 -0.4720 0.8433
vn -0.2232 0.6250 -0.7481
vn -0.2232 0.6250 -0.7481
vn -0.2232 0.6250 -0.7481
vn -0.2232 0.6250 -0.7481
vn 0.7543 0.4212 -0.5037
vn 0.7861 0.4212 -0.4524
vn 0.7543 0.4212 -0.5037
vn 0.7861 0.4212 -0.4524
vn 0.9064 0.4212 0.0321
vn 0.9064 0.4212 0.0321
vn 0.7121 0.4212 0.5617
vn 0.7121 0.4212 0.5617
vn 0.2423 0.4212 0.8740
vn 0.2423 0.4212 0.8740
vn -0.3212 0.4212 0.8482
vn -0.3212 0.4212 0.8482
vn -0.7214 0.4212 0.5498
vn -0.7214 0.4212 0.5498
vn -0.7563 0.4212 0.5005
vn -0.7563 0.4212 0.5005
vn 0.5556 0.0022 0.8315
vn 0.3827 0.0022 0.9239
vn 0.3827 0.0022 0.9239
vn 0.1951 0.0022 0.9808
vn 0.1951 0.0022 0.9808
vn 0.0000 0.0022 1.0000
vn 0.0000 0.0022 1.0000
vn 0.2006 0.7336 0.6493
vn 0.1785 0.7793 0.6007
vn 0.2006 0.7336 0.6493
vn 0.1785 0.7793 0.6007
vn 0.1446 0.8678 0.4753
vn 0.1446 0.8678 0.4753
vn 0.1375 0.8806 0.4536
vn 0.1375 0.8806 0.4536
vn -0.6504 0.7336 -0.1970
vn -0.5996 0.7793 -0.1821
vn -0.6504 0.7336 -0.1970
vn -0.5996 0.7793 -0.1821
vn -0.4748 0.8678 -0.1464
vn -0.4748 0.8678 -0.1464
vn -0.4530 0.8806 -0.1393
vn -0.4530 0.8806 -0.1393
vn -0.8439 -0.4720 -0.2551
vn -0.8439 -0.4720 -0.2551
vn -0.8439 -0.4720 -0.2551
vn -0.8439 -0.4720 -0.2551
vn -0.0000 -1.0000 0.0000
vn -0.0000 -1.0000 0.0000
vn -0.0000 -1.0000 0.0000
vn -0.0000 -1.0000 0.0000
vn -0.0000 -1.0000 0.0000
vn -0.0000 -1.0000 0.0000
vn -0.0000 -1.0000 0.0000
vn -0.0000 -1.0000 0.0000
vn -0.0000 -1.0000 -0.0000
vn -0.0000 -1.0000 -0.0000
vn -0.0000 -1.0000 -0.0000
vn -0.0000 -1.0000 -0.0000
vn -0.3440 -0.0459 0.9378
vn -0.3440 -0.0459 0.9378
vn -0.3511 -0.0459 0.9352
vn -0.3511 -0.0459 0.9352
vn -0.3582 -0.0459 0.9325
vn -0.3582 -0.0459 0.9325
vn -0.3582 -0.0459 0.9325
vn -0.3582 -0.0459 0.9325
vn -0.0000 -1.0000 0.0000
vn -0.0000 -1.0000 0.0000
vn -0.0000 -1.0000 0.0000
vn -0.0000 -1.0000 0.0000
vn -0.0000 -1.0000 -0.0000
vn -0.0000 -1.0000 -0.0000
vn -0.0000 -1.0000 -0.0000
vn -0.0000 -1.0000 -0.0000
vn -0.5866 -0.0459 -0.8086
vn -0.5866 -0.0459 -0.8086
vn -0.5866 -0.0459 -0.8086
vn -0.5866 -0.0459 -0.8086
vn -0.5743 -0.0459 -0.8174
vn -0.5743 -0.0459 -0.8174
vn -0.5743 -0.0459 -0.8174
vn -0.5743 -0.0459 -0.8174
vn -0.0000 -1.0000 0.0000
vn -0.0000 -1.0000 0.0000
vn -0.0000 -1.0000 0.0000
vn -0.0000 -1.0000 0.0000
vn -0.0000 -1.0000 0.0000
vn -0.0000 -1.0000 0.0000
vn -0.0000 -1.0000 0.0000
vn -0.0000 -1.0000 0.0000
vn -0.0000 1.0000 -0.0000
vn -0.0000 1.0000 -0.0000
vn -0.0000 1.0000 -0.0000
vn -0.0000 1.0000 -0.0000
vn -0.0000 1.0000 -0.0000
vn -0.0000 1.0000 -0.0000
vn -0.0000 1.0000 -0.0000
vn -0.0000 1.0000 -0.0000
vn 0.6811 -0.4720 -0.5597
vn 0.6811 -0.4720 -0.5597
vn 0.6811 -0.4720 -0.5597
vn 0.6811 -0.4720 -0.5597
vn -0.0000 1.0000 -0.0000
vn -0.0000 1.0000 -0.0000
vn -0.0000 1.0000 -0.0000
vn -0.0000 1.0000 -0.0000
vn -0.0000 1.0000 -0.0000
vn -0.0000 1.0000 -0.0000
vn -0.0000 1.0000 -0.0000
vn -0.0000 1.0000 -0.0000
vn -0.0000 1.0000 -0.0000
vn -0.0000 1.0000 -0.0000
vn -0.0000 1.0000 -0.0000
vn -0.0000 1.0000 -0.0000
vn -0.0000 1.0000 -0.0000
vn -0.0000 1.0000 -0.0000
vn -0.0000 1.0000 -0.0000
vn -0.0000 1.0000 -0.0000
vn -0.8272 0.0022 -0.5618
vn -0.8272 0.0022 -0.5618
vn -0.8272 0.0022 -0.5618
vn -0.8272 0.0022 -0.5618
vn 0.5556 0.0022 -0.8315
vn 0.5556 0.0022 -0.8315
vn 0.5556 0.0022 -0.8315
vn 0.5556 0.0022 -0.8315
vn -0.5556 0.0022 -0.8315
vn -0.5556 0.0022 -0.8315
vn -0.5556 0.0022 -0.8315
vn -0.5556 0.0022 -0.8315
vn 0.7470 0.6250 0.2268
vn 0.7470 0.6250 0.2268
vn 0.7470 0.6250 0.2268
vn 0.7470 0.6250 0.2268
vn 0.8356 0.0022 0.5493
vn 0.8356 0.0022 0.5493
vn 0.8356 0.0022 0.5493
vn 0.8356 0.0022 0.5493
vn 0.5556 0.0022 0.8315
vn 0.5556 0.0022 0.8315
vn 0.5556 0.0022 0.8315
vn 0.5556 0.0022 0.8315
vn -0.8315 0.0022 0.5556
vn -0.8315 0.0022 0.5556
vn -0.8315 0.0022 0.5556
vn -0.8315 0.0022 0.5556
vn 0.8356 0.0022 -0.5493
vn 0.8356 0.0022 -0.5493
vn 0.8356 0.0022 -0.5493
vn 0.8356 0.0022 -0.5493
vn -0.5556 0.0022 0.8315
vn -0.5556 0.0022 0.8315
vn -0.5556 0.0022 0.8315
vn -0.5556 0.0022 0.8315
vn -0.8315 0.0022 -0.5556
vn -0.8315 0.0022 -0.5556
vn -0.8315 0.0022 -0.5556
vn -0.8315 0.0022 -0.5556
vn -0.8272 0.0022 0.5618
vn -0.8272 0.0022 0.5618
vn -0.8272 0.0022 0.5618
vn -0.8272 0.0022 0.5618
vn 0.5556 0.0022 -0.8315
vn 0.5556 0.0022 -0.8315
vn 0.5556 0.0022 -0.8315
vn 0.5556 0.0022 -0.8315
vn -0.0000 0.0022 -1.0000
vn -0.0000 0.0022 -1.0000
vn -0.0000 0.0022 -1.0000
vn -0.0000 0.0022 -1.0000
vn 1.0000 0.0022 -0.0000
vn 1.0000 0.0022 -0.0000
vn 1.0000 0.0022 -0.0000
vn 1.0000 0.0022 -0.0000
vn -1.0000 0.0022 0.0000
vn -1.0000 0.0022 0.0000
vn -1.0000 0.0022 0.0000
vn -1.0000 0.0022 0.0000
vn 0.8315 0.0022 -0.5556
vn 0.8315 0.0022 -0.5556
vn 0.8315 0.0022 -0.5556
vn 0.8315 0.0022 -0.5556
vn 1.0000 0.0022 -0.0000
vn 1.0000 0.0022 -0.0000
vn 1.0000 0.0022 -0.0000
vn 1.0000 0.0022 -0.0000
vn -1.0000 0.0022 0.0000
vn -1.0000 0.0022 0.0000
vn -1.0000 0.0022 0.0000
vn -1.0000 0.0022 0.0000
vn 0.8315 0.0022 0.5556
vn 0.8315 0.0022 0.5556
vn 0.8315 0.0022 0.5556
vn 0.8315 0.0022 0.5556
vn 0.5556 0.0022 0.8315
vn 0.5556 0.0022 0.8315
vn 0.5556 0.0022 0.8315
vn 0.5556 0.0022 0.8315
vn -0.5556 0.0022 -0.8315
vn -0.5556 0.0022 -0.8315
vn -0.5556 0.0022 -0.8315
vn -0.5556 0.0022 -0.8315
vn -0.0076 0.0022 -1.0000
vn -0.0076 0.0022 -1.0000
vn -0.0076 0.0022 -1.0000
vn -0.0076 0.0022 -1.0000
vn 0.0000 0.0022 1.0000
vn 0.0000 0.0022 1.0000
vn 0.0000 0.0022 1.0000
vn 0.0000 0.0022 1.0000
vn -0.0076 0.0022 1.0000
vn -0.0076 0.0022 1.0000
vn -0.0076 0.0022 1.0000
vn -0.0076 0.0022 1.0000
vn -0.5556 0.0022 0.8315
vn -0.5556 0.0022 0.8315
vn -0.5556 0.0022 0.8315
vn -0.5556 0.0022 0.8315
vn 0.8492 0.0546 0.5252
vn 0.8492 0.0546 0.5252
vn 0.8551 0.0677 0.5140
vn 0.8551 0.0677 0.5140
vn 0.8675 0.0895 0.4893
vn 0.8675 0.0895 0.4893
vn 0.8870 0.0982 0.4511
vn 0.8870 0.0982 0.4511
vn 0.8938 0.0982 0.4376
vn 0.8938 0.0982 0.4376
vn 0.4219 -0.3812 -0.8226
vn 0.4219 -0.3812 -0.8226
vn 0.4219 -0.3812 -0.8226
vn 0.4219 -0.3812 -0.8226
vn -0.2682 -0.8310 0.4873
vn -0.2682 -0.8310 0.4873
vn -0.2682 -0.8310 0.4873
vn -0.2682 -0.8310 0.4873
vn -0.8472 -0.0546 -0.5284
vn -0.8472 -0.0546 -0.5284
vn -0.8551 -0.0677 -0.5140
vn -0.8551 -0.0677 -0.5140
vn -0.8694 -0.0895 -0.4860
vn -0.8694 -0.0895 -0.4860
vn -0.8870 -0.0982 -0.4511
vn -0.8870 -0.0982 -0.4511
vn -0.8938 -0.0982 -0.4376
vn -0.8938 -0.0982 -0.4376
vn -0.2345 -0.8310 0.5044
vn -0.2345 -0.8310 0.5044
vn -0.2345 -0.8310 0.5044
vn -0.2345 -0.8310 0.5044
vn -0.0000 0.0022 -1.0000
vn -0.0000 0.0022 -1.0000
vn -0.0000 0.0022 -1.0000
vn -0.0000 0.0022 -1.0000
vn -0.0000 0.0022 -1.0000
vn -0.0000 0.0022 -1.0000
vn 1.0000 0.0022 -0.0000
vn 1.0000 0.0022 -0.0000
vn 1.0000 0.0022 -0.0000
vn 1.0000 0.0022 -0.0000
vn -1.0000 0.0022 0.0000
vn -1.0000 0.0022 0.0000
vn -1.0000 0.0022 0.0000
vn -1.0000 0.0022 0.0000
vn 0.0000 0.0022 1.0000
vn 0.0000 0.0022 1.0000
vn 0.0000 0.0022 1.0000
vn 0.0000 0.0022 1.0000
vn 0.0000 -0.9762 0.2167
vn 0.0844 -0.9954 0.0458
vn 0.0000 -0.9762 0.2167
vn 0.0844 -0.9954 0.0458
vn 0.2630 -0.9186 -0.2951
vn 0.2630 -0.9186 -0.2951
vn 0.4111 -0.7001 -0.5838
vn 0.4111 -0.7001 -0.5838
vn 0.4633 -0.5508 -0.6942
vn 0.4633 -0.5508 -0.6942
vn 0.0000 0.0022 1.0000
vn 0.0000 0.0022 1.0000
vn 0.0000 0.0022 1.0000
vn 0.0000 0.0022 1.0000
vn -0.0000 -0.9902 -0.1394
vn -0.0000 -0.9902 -0.1394
vn -0.0000 -0.9902 -0.1394
vn -0.0000 -0.9902 -0.1394
vn -0.0000 -0.9902 -0.1394
vn -0.0000 -0.9902 -0.1394
vn -0.5556 0.0022 0.8315
vn -0.5556 0.0022 0.8315
vn -0.5556 0.0022 0.8315
vn -0.5556 0.0022 0.8315
vn -0.8356 0.0022 0.5493
vn -0.8356 0.0022 0.5493
vn -0.8356 0.0022 0.5493
vn -0.8356 0.0022 0.5493
vn 0.5556 0.0022 0.8315
vn 0.5556 0.0022 0.8315
vn 0.5556 0.0022 0.8315
vn 0.5556 0.0022 0.8315
vn 0.5556 0.0022 0.8315
vn 0.5556 0.0022 0.8315
vn -1.0000 0.0022 0.0000
vn -1.0000 0.0022 0.0000
vn -1.0000 0.0022 0.0000
vn -1.0000 0.0022 0.0000
vn -1.0000 0.0022 0.0000
vn -1.0000 0.0022 0.0000
vn -0.5556 0.0022 0.8315
vn -0.5556 0.0022 0.8315
vn -0.5556 0.0022 0.8315
vn -0.5556 0.0022 0.8315
vn -0.8356 0.0022 -0.5493
vn -0.8356 0.0022 -0.5493
vn -0.8356 0.0022 -0.5493
vn -0.8356 0.0022 -0.5493
vn 1.0000 0.0022 -0.0000
vn 1.0000 0.0022 -0.0000
vn 1.0000 0.0022 -0.0000
vn 1.0000 0.0022 -0.0000
vn 0.5556 0.0022 -0.8315
vn 0.5556 0.0022 -0.8315
vn 0.5556 0.0022 -0.8315
vn 0.5556 0.0022 -0.8315
vn 0.5556 0.0022 -0.8315
vn 0.5556 0.0022 -0.8315
vn 0.2886 -0.5508 -0.7832
vn 0.2371 -0.7001 -0.6735
vn 0.2886 -0.5508 -0.7832
vn 0.2371 -0.7001 -0.6735
vn 0.0827 -0.9186 -0.3865
vn 0.0827 -0.9186 -0.3865
vn -0.0861 -0.9954 -0.0424
vn -0.0861 -0.9954 -0.0424
vn -0.1753 -0.9762 0.1274
vn -0.1753 -0.9762 0.1274
vn 0.8272 0.0022 -0.5618
vn 0.8272 0.0022 -0.5618
vn 0.8272 0.0022 -0.5618
vn 0.8272 0.0022 -0.5618
vn 0.0076 0.0022 1.0000
vn 0.0076 0.0022 1.0000
vn 0.0076 0.0022 1.0000
vn 0.0076 0.0022 1.0000
vn 0.0076 0.0022 -1.0000
vn 0.0076 0.0022 -1.0000
vn 0.0076 0.0022 -1.0000
vn 0.0076 0.0022 -1.0000
vn -0.5556 0.0022 -0.8315
vn -0.5556 0.0022 -0.8315
vn -0.5556 0.0022 -0.8315
vn -0.5556 0.0022 -0.8315
vn -0.9230 0.0546 -0.3808
vn -0.9230 0.0546 -0.3808
vn -0.9170 0.0677 -0.3931
vn -0.9170 0.0677 -0.3931
vn -0.9037 0.0895 -0.4187
vn -0.9037 0.0895 -0.4187
vn -0.8870 0.0982 -0.4511
vn -0.8870 0.0982 -0.4511
vn -0.8765 0.0982 -0.4712
vn -0.8765 0.0982 -0.4712
vn 0.4219 -0.3812 -0.8226
vn 0.4219 -0.3812 -0.8226
vn 0.4219 -0.3812 -0.8226
vn 0.4219 -0.3812 -0.8226
vn 1.0000 0.0022 -0.0000
vn 1.0000 0.0022 -0.0000
vn 1.0000 0.0022 -0.0000
vn 1.0000 0.0022 -0.0000
vn -0.5556 0.0022 -0.8315
vn -0.5556 0.0022 -0.8315
vn -0.5556 0.0022 -0.8315
vn -0.5556 0.0022 -0.8315
vn 0.8272 0.0022 0.5618
vn 0.8272 0.0022 0.5618
vn 0.8272 0.0022 0.5618
vn 0.8272 0.0022 0.5618
vn 1.0000 0.0022 -0.0000
vn 1.0000 0.0022 -0.0000
vn 1.0000 -0.0022 -0.0000
vn 1.0000 -0.0022 -0.0000
vn 1.0000 -0.0022 -0.0000
vn 1.0000 -0.0022 -0.0000
vn 0.8765 -0.0982 0.4712
vn 0.8765 -0.0982 0.4712
vn 0.8870 -0.0982 0.4511
vn 0.8870 -0.0982 0.4511
vn 0.9021 -0.0895 0.4222
vn 0.9021 -0.0895 0.4222
vn 0.9170 -0.0677 0.3931
vn 0.9170 -0.0677 0.3931
vn 0.9245 -0.0546 0.3773
vn 0.9245 -0.0546 0.3773
vn -0.0000 -1.0000 0.0000
vn -0.0000 -1.0000 -0.0000
vn -0.0000 -1.0000 0.0000
vn -0.0000 -1.0000 -0.0000
vn -0.0000 -1.0000 -0.0000
vn -0.0000 -1.0000 -0.0000
vn -0.0000 -1.0000 0.0000
vn -0.0000 -1.0000 0.0000
vn -0.0000 -1.0000 0.0000
vn -0.0000 -1.0000 0.0000
vn -0.0000 -1.0000 0.0000
vn -0.0000 -1.0000 0.0000
vn -0.0000 -1.0000 -0.0000
vn -0.0000 -1.0000 -0.0000
vn -0.0000 -1.0000 -0.0000
vn -0.0000 -1.0000 -0.0000
vn -0.0000 -1.0000 0.0000
vn -0.0000 -1.0000 0.0000
vn -0.0000 -1.0000 0.0000
vn -0.0000 -1.0000 0.0000
vn 0.1949 -0.9237 0.3299
vn 0.1949 -0.9237 0.3299
vn 0.3567 -0.7063 0.6115
vn 0.3567 -0.7063 0.6115
vn 0.4650 -0.3812 0.7991
vn 0.4650 -0.3812 0.7991
vn 0.4978 0.0022 0.8673
vn 0.4978 0.0022 0.8673
vn 0.4612 0.3812 0.8013
vn 0.4612 0.3812 0.8013
vn 0.3529 0.7063 0.6137
vn 0.3529 0.7063 0.6137
vn 0.1938 0.9237 0.3306
vn 0.1938 0.9237 0.3306
vn -0.0000 1.0000 -0.0000
vn -0.0000 1.0000 -0.0000
vn -0.1938 0.9237 -0.3306
vn -0.1938 0.9237 -0.3306
vn -0.3529 0.7063 -0.6137
vn -0.3529 0.7063 -0.6137
vn -0.4612 0.3812 -0.8013
vn -0.4612 0.3812 -0.8013
vn -0.4978 0.0022 -0.8673
vn -0.4978 0.0022 -0.8673
vn -0.4617 -0.3812 -0.8010
vn -0.4617 -0.3812 -0.8010
vn -0.3534 -0.7063 -0.6134
vn -0.3534 -0.7063 -0.6134
vn -0.1949 -0.9237 -0.3299
vn -0.1949 -0.9237 -0.3299
vn -0.0000 -1.0000 0.0000
vn -0.0000 -1.0000 0.0000
vn -0.3630 -0.7598 -0.5394
vn -0.3630 -0.7598 -0.5394
vn -0.4618 -0.7598 -0.4578
vn -0.4618 -0.7598 -0.4578
vn -0.5426 -0.7598 -0.3583
vn -0.5426 -0.7598 -0.3583
vn -0.5994 -0.7598 -0.2519
vn -0.5994 -0.7598 -0.2519
vn -0.6372 -0.7598 -0.1294
vn -0.6372 -0.7598 -0.1294
vn -0.6502 -0.7598 -0.0019
vn -0.6502 -0.7598 -0.0019
vn -0.6379 -0.7598 0.1257
vn -0.6379 -0.7598 0.1257
vn -0.6009 -0.7598 0.2484
vn -0.6009 -0.7598 0.2484
vn -0.5405 -0.7598 0.3614
vn -0.5405 -0.7598 0.3614
vn -0.4591 -0.7598 0.4604
vn -0.4591 -0.7598 0.4604
vn -0.3599 -0.7598 0.5415
vn -0.3599 -0.7598 0.5415
vn -0.2466 -0.7598 0.6016
vn -0.2466 -0.7598 0.6016
vn -0.1238 -0.7598 0.6383
vn -0.1238 -0.7598 0.6383
vn -0.0038 -0.7598 0.6502
vn -0.0038 -0.7598 0.6502
vn 0.1238 -0.7598 0.6383
vn 0.1238 -0.7598 0.6383
vn 0.2466 -0.7598 0.6016
vn 0.2466 -0.7598 0.6016
vn 0.3599 -0.7598 0.5415
vn 0.3599 -0.7598 0.5415
vn 0.4591 -0.7598 0.4604
vn 0.4591 -0.7598 0.4604
vn 0.5405 -0.7598 0.3614
vn 0.5405 -0.7598 0.3614
vn 0.6009 -0.7598 0.2484
vn 0.6009 -0.7598 0.2484
vn 0.6379 -0.7598 0.1257
vn 0.6379 -0.7598 0.1257
vn 0.6502 -0.7598 -0.0019
vn 0.6502 -0.7598 -0.0019
vn 0.6372 -0.7598 -0.1294
vn 0.6372 -0.7598 -0.1294
vn 0.5994 -0.7598 -0.2519
vn 0.5994 -0.7598 -0.2519
vn 0.5426 -0.7598 -0.3583
vn 0.5426 -0.7598 -0.3583
vn 0.4618 -0.7598 -0.4578
vn 0.4618 -0.7598 -0.4578
vn 0.3630 -0.7598 -0.5394
vn 0.3630 -0.7598 -0.5394
vn 0.2501 -0.7598 -0.6002
vn 0.2501 -0.7598 -0.6002
vn 0.1275 -0.7598 -0.6376
vn 0.1275 -0.7598 -0.6376
vn -0.0000 -0.7598 -0.6502
vn -0.0000 -0.7598 -0.6502
vn -0.1275 -0.7598 -0.6376
vn -0.1275 -0.7598 -0.6376
vn -0.2501 -0.7598 -0.6002
vn -0.2501 -0.7598 -0.6002
vn -0.0000 -1.0000 -0.0000
vn -0.0000 -1.0000 -0.0000
vn -0.0000 -1.0000 0.0000
vn -0.0000 -1.0000 0.0000
vn -0.0000 -1.0000 0.0000
vn -0.0000 -1.0000 0.0000
vn -0.0000 -1.0000 0.0000
vn -0.0000 -1.0000 0.0000
vn -0.0000 -1.0000 0.0000
vn -0.0000 -1.0000 0.0000
vn -0.0000 -1.0000 0.0000
vn -0.0000 -1.0000 0.0000
vn -0.0000 -1.0000 0.0000
vn -0.0000 -1.0000 0.0000
vn -0.0000 -1.0000 0.0000
vn -0.0000 -1.0000 0.0000
vn -0.0000 -1.0000 0.0000
vn -0.0000 -1.0000 0.0000
vn -0.0000 -1.0000 0.0000
vn -0.0000 -1.0000 0.0000
vn -0.0000 -1.0000 0.0000
vn -0.0000 -1.0000 0.0000
vn -0.0000 -1.0000 0.0000
vn -0.0000 -1.0000 0.0000
vn -0.0000 -1.0000 0.0000
vn -0.0000 -1.0000 0.0000
vn -0.0000 -1.0000 0.0000
vn -0.0000 -1.0000 0.0000
vn -0.0000 -1.0000 0.0000
vn -0.0000 -1.0000 0.0000
vn -0.0000 -1.0000 0.0000
vn -0.0000 -1.0000 0.0000
vn -0.0000 -1.0000 0.0000
vn -0.0000 -1.0000 0.0000
vn -0.0000 -1.0000 -0.0000
vn -0.0000 -1.0000 -0.0000
vn -0.0000 -1.0000 -0.0000
vn -0.0000 -1.0000 -0.0000
vn -0.0000 -1.0000 -0.0000
vn -0.0000 -1.0000 -0.0000
vn -0.0000 -1.0000 -0.0000
vn -0.0000 -1.0000 -0.0000
vn -0.0000 -1.0000 -0.0000
vn -0.0000 -1.0000 -0.0000
vn -0.0000 -1.0000 -0.0000
vn -0.0000 -1.0000 -0.0000
vn -0.0000 -1.0000 -0.0000
vn -0.0000 -1.0000 -0.0000
vn -0.0000 -1.0000 -0.0000
vn -0.0000 -1.0000 -0.0000
vn -0.0000 -1.0000 -0.0000
vn -0.0000 -1.0000 -0.0000
vn -0.0000 -1.0000 -0.0000
vn -0.0000 -1.0000 -0.0000
vn -0.0000 -1.0000 -0.0000
vn -0.0000 -1.0000 -0.0000
vn -0.0000 -1.0000 -0.0000
vn -0.0000 -1.0000 -0.0000
vn -0.0000 -1.0000 -0.0000
vn -0.0000 -1.0000 -0.0000
vn -0.0000 -1.0000 -0.0000
vn -0.0000 -1.0000 -0.0000
vn -0.0000 -1.0000 -0.0000
vn -0.0000 -1.0000 -0.0000
vn -0.5913 -0.1932 -0.7830
vn -0.4774 -0.1932 -0.8572
vn -0.5622 -0.3812 -0.7339
vn -0.4419 -0.3812 -0.8120
vn -0.4407 -0.7063 -0.5539
vn -0.3269 -0.7063 -0.6279
vn -0.3075 -0.8743 -0.3756
vn -0.2189 -0.8743 -0.4333
vn -0.0000 -1.0000 0.0000
vn -0.0000 -1.0000 0.0000
vn 0.2077 -0.9237 0.3220
vn 0.2077 -0.9237 0.3220
vn 0.3824 -0.7063 0.5957
vn 0.3824 -0.7063 0.5957
vn 0.4732 -0.2781 0.8359
vn 0.5683 -0.2781 0.7744
vn 0.4774 -0.1932 0.8572
vn 0.5913 -0.1932 0.7830
vn -0.5458 -0.6939 -0.4698
vn -0.6640 -0.3731 -0.6480
vn -0.6884 -0.1932 -0.6991
vn -0.7840 -0.3527 -0.5108
vn -0.8058 -0.1803 -0.5640
vn -0.9028 -0.1631 -0.3980
vn -0.8817 -0.3198 -0.3468
vn -0.9658 -0.1415 -0.2171
vn -0.9461 -0.2739 -0.1728
vn -0.9934 -0.1112 -0.0283
vn -0.9757 -0.2189 0.0076
vn -0.9844 -0.0807 0.1561
vn -0.9707 -0.1545 0.1839
vn -0.9330 -0.0502 0.3563
vn -0.9363 -0.0938 0.3383
vn -0.8367 -0.0633 0.5440
vn -0.9020 -0.1502 0.4048
vn -0.8636 -0.2231 0.4521
vn -0.8520 -0.3731 0.3672
vn -0.7667 -0.4053 0.4979
vn -0.6885 -0.5689 0.4498
vn -0.5717 -0.5250 0.6305
vn -0.4387 -0.6585 0.6115
vn -0.3138 -0.5063 0.8032
vn -0.1391 -0.5903 0.7951
vn -0.0453 -0.3198 0.9464
vn 0.1505 -0.3527 0.9235
vn 0.1803 -0.1803 0.9669
vn 0.3544 -0.1932 0.9149
vn -0.9224 -0.2865 0.2592
vn -0.8080 -0.5250 0.2673
vn -0.5893 -0.7125 0.3809
vn -0.2879 -0.7710 0.5680
vn 0.0378 -0.6552 0.7545
vn 0.3079 -0.3157 0.8975
vn -0.9094 -0.4013 0.1093
vn -0.8614 -0.5063 -0.0397
vn -0.7839 -0.5903 -0.1928
vn -0.6735 -0.6552 -0.3423
vn -0.7367 -0.6585 0.1538
vn -0.4596 -0.8358 0.3003
vn -0.1271 -0.8545 0.5036
vn 0.1241 -0.6780 0.7245
vn -0.6362 -0.7710 0.0284
vn -0.3164 -0.9253 0.2089
vn -0.0416 -0.8847 0.4644
vn -0.5115 -0.8545 -0.0902
vn -0.2420 -0.9575 0.1572
vn -0.4272 -0.8743 -0.2306
vn -0.0038 -0.1631 0.9866
vn -0.2319 -0.2739 0.9334
vn -0.4742 -0.4013 0.7836
vn -0.6848 -0.3731 0.6260
vn -0.8190 -0.2103 0.5339
vn -0.1950 -0.1415 0.9705
vn -0.4028 -0.2189 0.8887
vn -0.6097 -0.2865 0.7390
vn -0.7651 -0.2231 0.6040
vn -0.3790 -0.1112 0.9187
vn -0.5672 -0.1545 0.8090
vn -0.7386 -0.1502 0.6572
vn -0.5461 -0.0807 0.8338
vn -0.6926 -0.0938 0.7152
vn -0.7042 -0.0502 0.7082
vn -0.0378 -0.8743 -0.4840
vn -0.2085 -0.6939 -0.6893
vn 0.1271 -0.8545 -0.5036
vn -0.0378 -0.6552 -0.7545
vn 0.2913 -0.7710 -0.5663
vn 0.1429 -0.5903 -0.7945
vn 0.4387 -0.6585 -0.6115
vn 0.3103 -0.5063 -0.8046
vn 0.5717 -0.5250 -0.6305
vn 0.4742 -0.4013 -0.7836
vn 0.6848 -0.3731 -0.6260
vn 0.6126 -0.2865 -0.7366
vn 0.7628 -0.2231 -0.6069
vn 0.7411 -0.1502 -0.6544
vn 0.8387 -0.0633 -0.5409
vn 0.6898 -0.0938 -0.7179
vn 0.7069 -0.0502 -0.7055
vn 0.5429 -0.0807 -0.8359
vn -0.3252 -0.3731 -0.8689
vn -0.1505 -0.3527 -0.9235
vn 0.0453 -0.3198 -0.9464
vn 0.2319 -0.2739 -0.9334
vn 0.4028 -0.2189 -0.8887
vn 0.5672 -0.1545 -0.8090
vn -0.3544 -0.1932 -0.9149
vn -0.1803 -0.1803 -0.9669
vn 0.0076 -0.1631 -0.9866
vn 0.1950 -0.1415 -0.9705
vn 0.3825 -0.1112 -0.9172
vn 0.6884 -0.1932 0.6991
vn 0.6965 -0.3157 0.6444
vn 0.8058 -0.1803 0.5640
vn 0.7840 -0.3527 0.5108
vn 0.9043 -0.1631 0.3945
vn 0.8817 -0.3198 0.3468
vn 0.9658 -0.1415 0.2171
vn 0.9461 -0.2739 0.1728
vn 0.9935 -0.1112 0.0245
vn 0.9757 -0.2189 -0.0076
vn 0.9838 -0.0807 -0.1598
vn 0.9707 -0.1545 -0.1839
vn 0.9344 -0.0502 -0.3528
vn 0.9350 -0.0938 -0.3419
vn 0.9005 -0.1502 -0.4082
vn 0.8653 -0.2231 -0.4488
vn 0.8520 -0.3731 -0.3672
vn 0.7688 -0.4053 -0.4947
vn 0.6885 -0.5689 -0.4498
vn 0.6113 -0.6780 0.4082
vn 0.6735 -0.6552 0.3423
vn 0.7830 -0.5903 0.1964
vn 0.8613 -0.5063 0.0434
vn 0.9094 -0.4013 -0.1093
vn 0.9234 -0.2865 -0.2556
vn 0.4412 -0.8847 0.1505
vn 0.5115 -0.8545 0.0902
vn 0.6360 -0.7710 -0.0321
vn 0.7367 -0.6585 -0.1538
vn 0.8080 -0.5250 -0.2673
vn 0.2420 -0.9575 -0.1572
vn 0.3185 -0.9253 -0.2057
vn 0.4596 -0.8358 -0.3003
vn 0.5872 -0.7125 -0.3841
vn 0.8210 -0.2103 -0.5307
vn -0.8673 0.0022 -0.4978
vn -0.8673 0.0022 -0.4978
vn -0.8673 0.0022 -0.4978
vn -0.8673 0.0022 -0.4978
vn -0.8673 -0.0022 -0.4978
vn -0.8673 -0.0022 -0.4978
vn -0.8673 -0.0022 -0.4978
vn -0.8673 -0.0022 -0.4978
vn -0.8673 -0.0022 -0.4978
vn -0.8673 -0.0022 -0.4978
vn -0.8673 -0.0022 -0.4978
vn -0.8673 -0.0022 -0.4978
vn -0.8673 -0.0022 -0.4978
vn -0.8673 -0.0022 -0.4978
vn -0.8673 -0.0022 -0.4978
vn -0.8673 -0.0022 -0.4978
vn -0.8673 -0.0022 -0.4978
vn -0.8673 -0.0022 -0.4978
vn -0.8673 -0.0022 -0.4978
vn -0.8673 -0.0022 -0.4978
vn -0.8673 0.0022 -0.4978
vn -0.8673 0.0022 -0.4978
vn -0.8673 0.0022 -0.4978
vn -0.8673 0.0022 -0.4978
vn -0.8673 0.0022 -0.4978
vn -0.8673 0.0022 -0.4978
vn -0.8673 0.0022 -0.4978
vn -0.8673 0.0022 -0.4978
vn -0.8673 0.0022 -0.4978
vn -0.8673 0.0022 -0.4978
vn -0.8673 -0.0022 -0.4978
vn -0.8673 -0.0022 -0.4978
vn -0.3827 0.0022 -0.9239
vn -0.3827 0.0022 -0.9239
vn -0.5556 0.0022 -0.8315
vn -0.5556 0.0022 -0.8315
vn -0.7071 0.0022 -0.7071
vn -0.7071 0.0022 -0.7071
vn -0.8315 0.0022 -0.5556
vn -0.8315 0.0022 -0.5556
vn -0.9239 0.0022 -0.3827
vn -0.9239 0.0022 -0.3827
vn -0.9808 0.0022 -0.1951
vn -0.9808 0.0022 -0.1951
vn -1.0000 0.0022 0.0000
vn -1.0000 0.0022 0.0000
vn -0.9808 0.0022 0.1951
vn -0.9808 0.0022 0.1951
vn -0.9239 0.0022 0.3827
vn -0.9239 0.0022 0.3827
vn -0.8315 0.0022 0.5556
vn -0.8315 0.0022 0.5556
vn -0.7071 0.0022 0.7071
vn -0.7071 0.0022 0.7071
vn -0.5556 0.0022 0.8315
vn -0.5556 0.0022 0.8315
vn -0.3827 0.0022 0.9239
vn -0.3827 0.0022 0.9239
vn -0.1951 0.0022 0.9808
vn -0.1951 0.0022 0.9808
vn 0.0000 0.0022 1.0000
vn 0.0000 0.0022 1.0000
vn 0.1951 0.0022 0.9808
vn 0.1951 0.0022 0.9808
vn 0.3827 0.0022 0.9239
vn 0.3827 0.0022 0.9239
vn 0.5556 0.0022 0.8315
vn 0.5556 0.0022 0.8315
vn 0.7071 0.0022 0.7071
vn 0.7071 0.0022 0.7071
vn 0.8315 0.0022 0.5556
vn 0.8315 0.0022 0.5556
vn 0.9239 0.0022 0.3827
vn 0.9239 0.0022 0.3827
vn 0.9808 0.0022 0.1951
vn 0.9808 0.0022 0.1951
vn 1.0000 0.0022 -0.0000
vn 1.0000 0.0022 -0.0000
vn 0.9808 0.0022 -0.1951
vn 0.9808 0.0022 -0.1951
vn 0.9239 0.0022 -0.3827
vn 0.9239 0.0022 -0.3827
vn 0.8315 0.0022 -0.5556
vn 0.8315 0.0022 -0.5556
vn 0.7071 0.0022 -0.7071
vn 0.7071 0.0022 -0.7071
vn 0.5556 0.0022 -0.8315
vn 0.5556 0.0022 -0.8315
vn 0.3827 0.0022 -0.9239
vn 0.3827 0.0022 -0.9239
vn 0.1951 0.0022 -0.9808
vn 0.1951 0.0022 -0.9808
vn -0.0000 0.0022 -1.0000
vn -0.0000 0.0022 -1.0000
vn -0.1951 0.0022 -0.9808
vn -0.1951 0.0022 -0.9808
vn -0.0000 -0.6043 -0.7968
vn -0.1575 -0.6043 -0.7810
vn -0.1575 -0.6043 -0.7810
vn -0.3019 -0.6043 -0.7374
vn -0.3019 -0.6043 -0.7374
vn -0.4417 -0.6043 -0.6632
vn -0.4417 -0.6043 -0.6632
vn -0.5641 -0.6043 -0.5627
vn -0.5641 -0.6043 -0.5627
vn -0.6642 -0.6043 -0.4401
vn -0.6642 -0.6043 -0.4401
vn -0.7352 -0.6043 -0.3071
vn -0.7352 -0.6043 -0.3071
vn -0.7814 -0.6043 -0.1557
vn -0.7814 -0.6043 -0.1557
vn -0.7968 -0.6043 0.0019
vn -0.7968 -0.6043 0.0019
vn -0.7821 -0.6043 0.1520
vn -0.7821 -0.6043 0.1520
vn -0.7367 -0.6043 0.3036
vn -0.7367 -0.6043 0.3036
vn -0.6621 -0.6043 0.4433
vn -0.6621 -0.6043 0.4433
vn -0.5614 -0.6043 0.5654
vn -0.5614 -0.6043 0.5654
vn -0.4448 -0.6043 0.6610
vn -0.4448 -0.6043 0.6610
vn -0.3053 -0.6043 0.7359
vn -0.3053 -0.6043 0.7359
vn -0.1538 -0.6043 0.7818
vn -0.1538 -0.6043 0.7818
vn -0.0038 -0.6043 0.7968
vn -0.0038 -0.6043 0.7968
vn 0.1538 -0.6043 0.7818
vn 0.1538 -0.6043 0.7818
vn 0.3053 -0.6043 0.7359
vn 0.3053 -0.6043 0.7359
vn 0.4448 -0.6043 0.6610
vn 0.4448 -0.6043 0.6610
vn 0.5614 -0.6043 0.5654
vn 0.5614 -0.6043 0.5654
vn 0.6621 -0.6043 0.4433
vn 0.6621 -0.6043 0.4433
vn 0.7367 -0.6043 0.3036
vn 0.7367 -0.6043 0.3036
vn 0.7821 -0.6043 0.1520
vn 0.7821 -0.6043 0.1520
vn 0.7968 -0.6043 0.0019
vn 0.7968 -0.6043 0.0019
vn 0.7814 -0.6043 -0.1557
vn 0.7814 -0.6043 -0.1557
vn 0.7352 -0.6043 -0.3071
vn 0.7352 -0.6043 -0.3071
vn 0.6642 -0.6043 -0.4401
vn 0.6642 -0.6043 -0.4401
vn 0.5641 -0.6043 -0.5627
vn 0.5641 -0.6043 -0.5627
vn 0.4417 -0.6043 -0.6632
vn 0.4417 -0.6043 -0.6632
vn 0.3019 -0.6043 -0.7374
vn 0.3019 -0.6043 -0.7374
vn 0.1575 -0.6043 -0.7810
vn 0.1575 -0.6043 -0.7810
vn -0.0000 -0.6043 -0.7968
vn -0.3824 -0.1932 0.9036
vn -0.5036 -0.1932 0.8421
vn -0.3568 -0.3812 0.8529
vn -0.4844 -0.3812 0.7874
vn -0.2547 -0.7063 0.6605
vn -0.3824 -0.7063 0.5957
vn -0.1739 -0.8743 0.4532
vn -0.2679 -0.8743 0.4048
vn -0.0000 -1.0000 -0.0000
vn -0.0000 -1.0000 0.0000
vn 0.1750 -0.9237 -0.3409
vn 0.1750 -0.9237 -0.3409
vn 0.3202 -0.7063 -0.6313
vn 0.3202 -0.7063 -0.6313
vn 0.4830 -0.2781 -0.8303
vn 0.3888 -0.2781 -0.8783
vn 0.5036 -0.1932 -0.8421
vn 0.3824 -0.1932 -0.9036
vn -0.1314 -0.6939 0.7080
vn -0.2316 -0.3731 0.8984
vn -0.2612 -0.1932 0.9457
vn -0.0529 -0.3527 0.9342
vn -0.0830 -0.1803 0.9801
vn 0.1093 -0.1631 0.9805
vn 0.1430 -0.3198 0.9366
vn 0.2973 -0.1415 0.9442
vn 0.3258 -0.2739 0.9049
vn 0.4744 -0.1112 0.8733
vn 0.4966 -0.2189 0.8399
vn 0.6313 -0.0807 0.7713
vn 0.6447 -0.1545 0.7487
vn 0.7751 -0.0502 0.6298
vn 0.7644 -0.0938 0.6379
vn 0.8895 -0.0633 0.4526
vn 0.8045 -0.1502 0.5747
vn 0.8220 -0.2231 0.5240
vn 0.7425 -0.3731 0.5563
vn 0.8157 -0.4053 0.4128
vn 0.7338 -0.5689 0.3713
vn 0.8319 -0.5250 0.1799
vn 0.7492 -0.6585 0.0717
vn 0.8525 -0.5063 -0.1299
vn 0.7573 -0.5903 -0.2794
vn 0.8411 -0.3198 -0.4362
vn 0.7262 -0.3527 -0.5901
vn 0.7456 -0.1803 -0.6415
vn 0.6151 -0.1932 -0.7644
vn 0.6821 -0.2865 0.6728
vn 0.6355 -0.5250 0.5661
vn 0.6234 -0.7125 0.3221
vn 0.6360 -0.7710 -0.0321
vn 0.6359 -0.6552 -0.4079
vn 0.6233 -0.3157 -0.7154
vn 0.5493 -0.4013 0.7330
vn 0.3964 -0.5063 0.7659
vn 0.2202 -0.5903 0.7766
vn 0.0378 -0.6552 0.7545
vn 0.4978 -0.6585 0.5645
vn 0.4898 -0.8358 0.2479
vn 0.4997 -0.8545 -0.1417
vn 0.5638 -0.6780 -0.4717
vn 0.3469 -0.7710 0.5340
vn 0.3391 -0.9253 0.1696
vn 0.4229 -0.8847 -0.1962
vn 0.1777 -0.8545 0.4881
vn 0.2571 -0.9575 0.1310
vn 0.0114 -0.8743 0.4853
vn -0.4016 -0.8743 0.2726
vn -0.4964 -0.6939 0.5217
vn -0.4997 -0.8545 0.1417
vn -0.6359 -0.6552 0.4079
vn -0.6358 -0.7710 0.0359
vn -0.7586 -0.5903 0.2759
vn -0.7492 -0.6585 -0.0717
vn -0.8520 -0.5063 0.1336
vn -0.8319 -0.5250 -0.1799
vn -0.9158 -0.4013 -0.0189
vn -0.8860 -0.3731 -0.2752
vn -0.9447 -0.2865 -0.1598
vn -0.9061 -0.2231 -0.3595
vn -0.9389 -0.1502 -0.3098
vn -0.8878 -0.0633 -0.4559
vn -0.9660 -0.0938 -0.2409
vn -0.9645 -0.0502 -0.2594
vn -0.9952 -0.0807 -0.0547
vn -0.5919 -0.3731 0.7145
vn -0.7262 -0.3527 0.5901
vn -0.8411 -0.3198 0.4362
vn -0.9236 -0.2739 0.2683
vn -0.9716 -0.2189 0.0905
vn -0.9842 -0.1545 -0.0867
vn -0.6151 -0.1932 0.7644
vn -0.7456 -0.1803 0.6415
vn -0.8569 -0.1631 0.4889
vn -0.9396 -0.1415 0.3116
vn -0.9853 -0.1112 0.1299
vn 0.2612 -0.1932 -0.9457
vn 0.2098 -0.3157 -0.9254
vn 0.0830 -0.1803 -0.9801
vn 0.0529 -0.3527 -0.9342
vn -0.1055 -0.1631 -0.9809
vn -0.1355 -0.3198 -0.9377
vn -0.2973 -0.1415 -0.9442
vn -0.3258 -0.2739 -0.9049
vn -0.4711 -0.1112 -0.8751
vn -0.4966 -0.2189 -0.8399
vn -0.6284 -0.0807 -0.7737
vn -0.6447 -0.1545 -0.7487
vn -0.7727 -0.0502 -0.6328
vn -0.7620 -0.0938 -0.6408
vn -0.8023 -0.1502 -0.5778
vn -0.8240 -0.2231 -0.5208
vn -0.7425 -0.3731 -0.5563
vn -0.8140 -0.4053 -0.4162
vn -0.7338 -0.5689 -0.3713
vn 0.0453 -0.6780 -0.7337
vn -0.0378 -0.6552 -0.7545
vn -0.2238 -0.5903 -0.7756
vn -0.3930 -0.5063 -0.7676
vn -0.5493 -0.4013 -0.7330
vn -0.6848 -0.2865 -0.6701
vn -0.0903 -0.8847 -0.4574
vn -0.1777 -0.8545 -0.4881
vn -0.3437 -0.7710 -0.5361
vn -0.4978 -0.6585 -0.5645
vn -0.6355 -0.5250 -0.5661
vn -0.2571 -0.9575 -0.1310
vn -0.3374 -0.9253 -0.1730
vn -0.4898 -0.8358 -0.2479
vn -0.6251 -0.7125 -0.3187
vn 0.8588 -0.1631 -0.4857
vn 0.9236 -0.2739 -0.2683
vn 0.9158 -0.4013 0.0189
vn 0.8860 -0.3731 0.2752
vn 0.8718 -0.2103 0.4423
vn 0.9396 -0.1415 -0.3116
vn 0.9716 -0.2189 -0.0905
vn 0.9440 -0.2865 0.1635
vn 0.9075 -0.2231 0.3560
vn 0.9848 -0.1112 -0.1336
vn 0.9842 -0.1545 0.0867
vn 0.9377 -0.1502 0.3134
vn 0.9950 -0.0807 0.0585
vn 0.9651 -0.0938 0.2446
vn 0.9654 -0.0502 0.2558
vn -0.8701 -0.2103 -0.4457
vn 0.0000 0.0022 1.0000
vn 0.0000 0.0022 1.0000
vn 0.0000 0.0022 1.0000
vn 0.0000 0.0022 1.0000
vn 0.0000 0.0022 1.0000
vn 0.0000 0.0022 1.0000
vn 0.0000 0.0022 1.0000
vn 0.0000 0.0022 1.0000
vn 0.0000 0.0022 1.0000
vn 0.0000 0.0022 1.0000
vn 0.0000 0.0022 1.0000
vn 0.0000 0.0022 1.0000
vn 0.0000 -0.0022 1.0000
vn 0.0000 -0.0022 1.0000
vn 0.0000 -0.0022 1.0000
vn 0.0000 -0.0022 1.0000
vn 0.0000 0.0022 1.0000
vn 0.0000 0.0022 1.0000
vn 0.0000 0.0022 1.0000
vn 0.0000 0.0022 1.0000
vn 0.0000 0.0022 1.0000
vn 0.0000 0.0022 1.0000
vn 0.0000 0.0022 1.0000
vn 0.0000 0.0022 1.0000
vn 0.0000 0.0022 1.0000
vn 0.0000 0.0022 1.0000
vn 0.0000 0.0022 1.0000
vn 0.0000 0.0022 1.0000
vn 0.0000 -0.0022 1.0000
vn 0.0000 -0.0022 1.0000
vn 0.0000 -0.0022 1.0000
vn 0.0000 -0.0022 1.0000
vn -0.8250 -0.4987 0.2657
vn -0.8250 -0.4987 0.2657
vn -0.7556 -0.4987 0.4246
vn -0.7556 -0.4987 0.4246
vn -0.6609 -0.4987 0.5608
vn -0.6609 -0.4987 0.5608
vn -0.5419 -0.4987 0.6765
vn -0.5419 -0.4987 0.6765
vn -0.4491 -0.4987 0.7413
vn -0.4491 -0.4987 0.7413
vn -0.3417 -0.4987 0.7966
vn -0.3417 -0.4987 0.7966
vn -0.2277 -0.4987 0.8363
vn -0.2277 -0.4987 0.8363
vn -0.0717 -0.4987 0.8638
vn -0.0717 -0.4987 0.8638
vn 0.1017 -0.4987 0.8608
vn 0.1017 -0.4987 0.8608
vn 0.2639 -0.4987 0.8256
vn 0.2639 -0.4987 0.8256
vn 0.4230 -0.4987 0.7565
vn 0.4230 -0.4987 0.7565
vn 0.5651 -0.4987 0.6572
vn 0.5651 -0.4987 0.6572
vn 0.6800 -0.4987 0.5375
vn 0.6800 -0.4987 0.5375
vn 0.7734 -0.4987 0.3913
vn 0.7734 -0.4987 0.3913
vn 0.8338 -0.4987 0.2368
vn 0.8338 -0.4987 0.2368
vn 0.8642 -0.4987 0.0660
vn 0.8642 -0.4987 0.0660
vn 0.8610 -0.4987 -0.0999
vn 0.8610 -0.4987 -0.0999
vn 0.8239 -0.4987 -0.2693
vn 0.8239 -0.4987 -0.2693
vn 0.7575 -0.4987 -0.4213
vn 0.7575 -0.4987 -0.4213
vn 0.6584 -0.4987 -0.5637
vn 0.6584 -0.4987 -0.5637
vn 0.5448 -0.4987 -0.6741
vn 0.5448 -0.4987 -0.6741
vn 0.4459 -0.4987 -0.7433
vn 0.4459 -0.4987 -0.7433
vn 0.3382 -0.4987 -0.7980
vn 0.3382 -0.4987 -0.7980
vn 0.2313 -0.4987 -0.8353
vn 0.2313 -0.4987 -0.8353
vn 0.0679 -0.4987 -0.8641
vn 0.0679 -0.4987 -0.8641
vn -0.0980 -0.4987 -0.8612
vn -0.0980 -0.4987 -0.8612
vn -0.2675 -0.4987 -0.8244
vn -0.2675 -0.4987 -0.8244
vn -0.4197 -0.4987 -0.7584
vn -0.4197 -0.4987 -0.7584
vn -0.5623 -0.4987 -0.6596
vn -0.5623 -0.4987 -0.6596
vn -0.6823 -0.4987 -0.5345
vn -0.6823 -0.4987 -0.5345
vn -0.7717 -0.4987 -0.3947
vn -0.7717 -0.4987 -0.3947
vn -0.8348 -0.4987 -0.2331
vn -0.8348 -0.4987 -0.2331
vn -0.8639 -0.4987 -0.0698
vn -0.8639 -0.4987 -0.0698
vn -0.8605 -0.4987 0.1036
vn -0.8605 -0.4987 0.1036
vn -0.0000 1.0000 -0.0000
vn -0.0000 1.0000 -0.0000
vn -0.0000 1.0000 -0.0000
vn -0.0000 1.0000 -0.0000
vn -0.0000 1.0000 -0.0000
vn -0.0000 1.0000 -0.0000
vn -0.0000 1.0000 -0.0000
vn -0.0000 1.0000 -0.0000
vn -0.0000 1.0000 -0.0000
vn -0.0000 1.0000 -0.0000
vn -0.0000 1.0000 -0.0000
vn -0.0000 1.0000 -0.0000
vn -0.0000 1.0000 -0.0000
vn -0.0000 1.0000 -0.0000
vn -0.0000 1.0000 -0.0000
vn -0.0000 1.0000 -0.0000
vn -0.0000 1.0000 -0.0000
vn -0.0000 1.0000 -0.0000
vn -0.0000 1.0000 -0.0000
vn -0.0000 1.0000 -0.0000
vn -0.0000 1.0000 -0.0000
vn -0.0000 1.0000 -0.0000
vn -0.0000 1.0000 -0.0000
vn -0.0000 1.0000 -0.0000
vn -0.0000 1.0000 -0.0000
vn -0.0000 1.0000 -0.0000
vn -0.0000 1.0000 -0.0000
vn -0.0000 1.0000 -0.0000
vn -0.0000 1.0000 -0.0000
vn -0.0000 1.0000 -0.0000
vn -0.0000 1.0000 -0.0000
vn -0.0000 1.0000 -0.0000
vn -0.0000 1.0000 -0.0000
vn -0.0000 1.0000 -0.0000
vn -0.0000 1.0000 -0.0000
vn -0.0000 1.0000 -0.0000
vn -0.0000 1.0000 -0.0000
vn -0.0000 1.0000 -0.0000
vn -0.0000 1.0000 -0.0000
vn -0.0000 1.0000 -0.0000
vn -0.0000 1.0000 -0.0000
vn -0.0000 1.0000 -0.0000
vn -0.0000 1.0000 -0.0000
vn -0.0000 1.0000 -0.0000
vn -0.0000 1.0000 -0.0000
vn -0.0000 1.0000 -0.0000
vn -0.0000 1.0000 -0.0000
vn -0.0000 1.0000 -0.0000
vn -0.0000 1.0000 -0.0000
vn -0.0000 1.0000 -0.0000
vn -0.0000 1.0000 -0.0000
vn -0.0000 1.0000 -0.0000
vn -0.0000 1.0000 -0.0000
vn -0.0000 1.0000 -0.0000
vn -0.0000 1.0000 -0.0000
vn -0.0000 1.0000 -0.0000
vn -0.0000 1.0000 -0.0000
vn -0.0000 1.0000 -0.0000
vn -0.0000 1.0000 -0.0000
vn -0.0000 1.0000 -0.0000
vn -0.0000 1.0000 -0.0000
vn -0.0000 1.0000 -0.0000
vn -0.0000 1.0000 -0.0000
vn -0.0000 1.0000 -0.0000
vn -0.2602 -0.8826 0.3915
vn -0.2602 -0.8826 0.3915
vn -0.3304 -0.8826 0.3344
vn -0.3304 -0.8826 0.3344
vn -0.3925 -0.8826 0.2586
vn -0.3925 -0.8826 0.2586
vn -0.4348 -0.8826 0.1786
vn -0.4348 -0.8826 0.1786
vn -0.4610 -0.8826 0.0919
vn -0.4610 -0.8826 0.0919
vn -0.4701 -0.8826 0.0019
vn -0.4739 -0.8806 -0.0038
vn -0.4617 -0.8826 -0.0882
vn -0.4602 -0.8826 -0.0956
vn -0.4334 -0.8826 -0.1821
vn -0.4334 -0.8826 -0.1821
vn -0.3905 -0.8826 -0.2617
vn -0.3905 -0.8826 -0.2617
vn -0.3331 -0.8826 -0.3317
vn -0.3331 -0.8826 -0.3317
vn -0.2633 -0.8826 -0.3894
vn -0.2633 -0.8826 -0.3894
vn -0.1768 -0.8826 -0.4355
vn -0.1768 -0.8826 -0.4355
vn -0.0901 -0.8826 -0.4614
vn -0.0901 -0.8826 -0.4614
vn -0.0000 -0.8806 -0.4739
vn -0.0000 -0.8806 -0.4739
vn 0.0901 -0.8826 -0.4614
vn 0.0901 -0.8826 -0.4614
vn 0.1768 -0.8826 -0.4355
vn 0.1768 -0.8826 -0.4355
vn 0.2633 -0.8826 -0.3894
vn 0.2633 -0.8826 -0.3894
vn 0.3331 -0.8826 -0.3317
vn 0.3331 -0.8826 -0.3317
vn 0.3905 -0.8826 -0.2617
vn 0.3905 -0.8826 -0.2617
vn 0.4334 -0.8826 -0.1821
vn 0.4334 -0.8826 -0.1821
vn 0.4617 -0.8826 -0.0882
vn 0.4617 -0.8826 -0.0882
vn 0.4701 -0.8826 0.0019
vn 0.4701 -0.8826 0.0019
vn 0.4610 -0.8826 0.0919
vn 0.4610 -0.8826 0.0919
vn 0.4348 -0.8826 0.1786
vn 0.4348 -0.8826 0.1786
vn 0.3925 -0.8826 0.2586
vn 0.3925 -0.8826 0.2586
vn 0.3304 -0.8826 0.3344
vn 0.3304 -0.8826 0.3344
vn 0.2602 -0.8826 0.3915
vn 0.2637 -0.8806 0.3938
vn 0.1803 -0.8826 0.4341
vn 0.1803 -0.8826 0.4341
vn 0.0938 -0.8826 0.4606
vn 0.0938 -0.8826 0.4606
vn 0.0038 -0.8826 0.4701
vn 0.0038 -0.8826 0.4701
vn -0.0938 -0.8826 0.4606
vn -0.0938 -0.8826 0.4606
vn -0.1803 -0.8826 0.4341
vn -0.1803 -0.8826 0.4341
vn -0.7071 0.0022 0.7071
vn -0.7071 0.0022 0.7071
vn -0.8315 0.0022 0.5556
vn -0.8315 0.0022 0.5556
vn -0.9239 0.0022 0.3827
vn -0.9239 0.0022 0.3827
vn -0.9808 0.0022 0.1951
vn -0.9808 0.0022 0.1951
vn -1.0000 0.0022 0.0000
vn -1.0000 0.0022 0.0000
vn -0.9808 0.0022 -0.1951
vn -0.9808 0.0022 -0.1951
vn -0.9239 0.0022 -0.3827
vn -0.9239 0.0022 -0.3827
vn -0.8315 0.0022 -0.5556
vn -0.8315 0.0022 -0.5556
vn -0.7071 0.0022 -0.7071
vn -0.7071 0.0022 -0.7071
vn -0.5556 0.0022 -0.8315
vn -0.5556 0.0022 -0.8315
vn -0.3827 0.0022 -0.9239
vn -0.3827 0.0022 -0.9239
vn -0.1951 0.0022 -0.9808
vn -0.1951 0.0022 -0.9808
vn -0.0000 0.0022 -1.0000
vn -0.0000 0.0022 -1.0000
vn 0.1951 0.0022 -0.9808
vn 0.1951 0.0022 -0.9808
vn 0.3827 0.0022 -0.9239
vn 0.3827 0.0022 -0.9239
vn 0.5556 0.0022 -0.8315
vn 0.5556 0.0022 -0.8315
vn 0.7071 0.0022 -0.7071
vn 0.7071 0.0022 -0.7071
vn 0.8315 0.0022 -0.5556
vn 0.8315 0.0022 -0.5556
vn 0.9239 0.0022 -0.3827
vn 0.9239 0.0022 -0.3827
vn 0.9808 0.0022 -0.1951
vn 0.9808 0.0022 -0.1951
vn 1.0000 0.0022 -0.0000
vn 1.0000 0.0022 -0.0000
vn 0.9808 0.0022 0.1951
vn 0.9808 0.0022 0.1951
vn 0.9239 0.0022 0.3827
vn 0.9239 0.0022 0.3827
vn 0.8315 0.0022 0.5556
vn 0.8315 0.0022 0.5556
vn 0.7071 0.0022 0.7071
vn 0.7071 0.0022 0.7071
vn 0.5556 0.0022 0.8315
vn 0.5556 0.0022 0.8315
vn 0.3827 0.0022 0.9239
vn 0.3827 0.0022 0.9239
vn 0.1951 0.0022 0.9808
vn 0.1951 0.0022 0.9808
vn 0.0000 0.0022 1.0000
vn 0.0000 0.0022 1.0000
vn -0.1951 0.0022 0.9808
vn -0.1951 0.0022 0.9808
vn -0.3827 0.0022 0.9239
vn -0.3827 0.0022 0.9239
vn -0.5556 0.0022 0.8315
vn -0.5556 0.0022 0.8315
vn -0.1728 0.0022 0.9850
vn -0.1728 0.0022 0.9850
vn -0.1728 0.0022 0.9850
vn -0.1728 0.0022 0.9850
vn -0.1728 -0.0022 0.9850
vn -0.1728 -0.0022 0.9850
vn -0.1728 -0.0022 0.9850
vn -0.1728 -0.0022 0.9850
vn -0.1728 0.0022 0.9850
vn -0.1728 0.0022 0.9850
vn -0.1728 -0.0022 0.9850
vn -0.1728 -0.0022 0.9850
vn -0.1728 0.0022 0.9850
vn -0.1728 0.0022 0.9850
vn -0.1728 0.0022 0.9850
vn -0.1728 0.0022 0.9850
vn -0.1728 0.0022 0.9850
vn -0.1728 0.0022 0.9850
vn -0.1728 0.0022 0.9850
vn -0.1728 0.0022 0.9850
vn -0.1728 0.0022 0.9850
vn -0.1728 0.0022 0.9850
vn -0.1728 0.0022 0.9850
vn -0.1728 0.0022 0.9850
vn -0.1728 -0.0022 0.9850
vn -0.1728 -0.0022 0.9850
vn -0.1728 -0.0022 0.9850
vn -0.1728 -0.0022 0.9850
vn -0.1728 0.0022 0.9850
vn -0.1728 0.0022 0.9850
vn -0.1728 0.0022 0.9850
vn -0.1728 0.0022 0.9850
vn 0.8178 -0.4987 0.2872
vn 0.8178 -0.4987 0.2872
vn 0.8564 -0.4987 0.1335
vn 0.8564 -0.4987 0.1335
vn 0.8667 -0.4987 0.0132
vn 0.8667 -0.4987 0.0132
vn 0.8601 -0.4987 -0.1074
vn 0.8601 -0.4987 -0.1074
vn 0.8387 -0.4987 -0.2186
vn 0.8387 -0.4987 -0.2186
vn 0.7817 -0.4987 -0.3744
vn 0.7817 -0.4987 -0.3744
vn 0.6961 -0.4987 -0.5165
vn 0.6961 -0.4987 -0.5165
vn 0.5793 -0.4987 -0.6447
vn 0.5793 -0.4987 -0.6447
vn 0.4459 -0.4987 -0.7433
vn 0.4459 -0.4987 -0.7433
vn 0.2889 -0.4987 -0.8172
vn 0.2889 -0.4987 -0.8172
vn 0.1279 -0.4987 -0.8573
vn 0.1279 -0.4987 -0.8573
vn -0.0453 -0.4987 -0.8656
vn -0.0453 -0.4987 -0.8656
vn -0.2094 -0.4987 -0.8411
vn -0.2094 -0.4987 -0.8411
vn -0.3727 -0.4987 -0.7825
vn -0.3727 -0.4987 -0.7825
vn -0.5210 -0.4987 -0.6927
vn -0.5210 -0.4987 -0.6927
vn -0.6434 -0.4987 -0.5807
vn -0.6434 -0.4987 -0.5807
vn -0.7462 -0.4987 -0.4410
vn -0.7462 -0.4987 -0.4410
vn -0.8165 -0.4987 -0.2907
vn -0.8165 -0.4987 -0.2907
vn -0.8570 -0.4987 -0.1298
vn -0.8570 -0.4987 -0.1298
vn -0.8666 -0.4987 -0.0170
vn -0.8666 -0.4987 -0.0170
vn -0.8605 -0.4987 0.1036
vn -0.8605 -0.4987 0.1036
vn -0.8378 -0.4987 0.2222
vn -0.8378 -0.4987 0.2222
vn -0.7834 -0.4987 0.3710
vn -0.7834 -0.4987 0.3710
vn -0.6938 -0.4987 0.5195
vn -0.6938 -0.4987 0.5195
vn -0.5821 -0.4987 0.6422
vn -0.5821 -0.4987 0.6422
vn -0.4426 -0.4987 0.7452
vn -0.4426 -0.4987 0.7452
vn -0.2925 -0.4987 0.8159
vn -0.2925 -0.4987 0.8159
vn -0.1242 -0.4987 0.8578
vn -0.1242 -0.4987 0.8578
vn 0.0415 -0.4987 0.8658
vn 0.0415 -0.4987 0.8658
vn 0.2131 -0.4987 0.8402
vn 0.2131 -0.4987 0.8402
vn 0.3693 -0.4987 0.7842
vn 0.3693 -0.4987 0.7842
vn 0.5180 -0.4987 0.6949
vn 0.5180 -0.4987 0.6949
vn 0.6460 -0.4987 0.5779
vn 0.6460 -0.4987 0.5779
vn 0.7443 -0.4987 0.4442
vn 0.7443 -0.4987 0.4442
vn 0.8673 -0.0022 -0.4978
vn 0.8673 -0.0022 -0.4978
vn 0.8673 -0.0022 -0.4978
vn 0.8673 -0.0022 -0.4978
vn 0.8673 0.0022 -0.4978
vn 0.8673 0.0022 -0.4978
vn 0.8673 -0.0022 -0.4978
vn 0.8673 -0.0022 -0.4978
vn 0.8673 0.0022 -0.4978
vn 0.8673 0.0022 -0.4978
vn 0.8673 -0.0022 -0.4978
vn 0.8673 -0.0022 -0.4978
vn 0.8673 0.0022 -0.4978
vn 0.8673 0.0022 -0.4978
vn 0.8673 0.0022 -0.4978
vn 0.8673 0.0022 -0.4978
vn 0.8673 0.0022 -0.4978
vn 0.8673 0.0022 -0.4978
vn 0.8673 0.0022 -0.4978
vn 0.8673 0.0022 -0.4978
vn 0.8673 0.0022 -0.4978
vn 0.8673 0.0022 -0.4978
vn 0.8673 0.0022 -0.4978
vn 0.8673 0.0022 -0.4978
vn 0.8673 0.0022 -0.4978
vn 0.8673 0.0022 -0.4978
vn 0.8673 0.0022 -0.4978
vn 0.8673 0.0022 -0.4978
vn 0.8673 0.0022 -0.4978
vn 0.8673 0.0022 -0.4978
vn 0.8673 0.0022 -0.4978
vn 0.8673 0.0022 -0.4978
vn -0.7682 0.0022 -0.6402
vn -0.7682 0.0022 -0.6402
vn -0.7682 0.0022 -0.6402
vn -0.7682 0.0022 -0.6402
vn -0.7682 0.0022 -0.6402
vn -0.7682 0.0022 -0.6402
vn -0.7682 0.0022 -0.6402
vn -0.7682 -0.0022 -0.6402
vn -0.7682 0.0022 -0.6402
vn -0.7682 0.0022 -0.6402
vn -0.7682 0.0022 -0.6402
vn -0.7682 0.0022 -0.6402
vn -0.7682 -0.0022 -0.6402
vn -0.7682 -0.0022 -0.6402
vn -0.7682 -0.0022 -0.6402
vn -0.7682 -0.0022 -0.6402
vn -0.7682 -0.0022 -0.6402
vn -0.7682 -0.0022 -0.6402
vn -0.7682 -0.0022 -0.6402
vn -0.7682 -0.0022 -0.6402
vn -0.7682 0.0022 -0.6402
vn -0.7682 0.0022 -0.6402
vn -0.7682 -0.0022 -0.6402
vn -0.7682 0.0022 -0.6402
vn -0.7682 0.0022 -0.6402
vn -0.7682 0.0022 -0.6402
vn -0.7682 -0.0022 -0.6402
vn -0.7682 -0.0022 -0.6402
vn -0.7682 0.0022 -0.6402
vn -0.7682 0.0022 -0.6402
vn -0.7682 0.0022 -0.6402
vn -0.7682 0.0022 -0.6402
vn 0.7633 0.0022 -0.6460
vn 0.7633 0.0022 -0.6460
vn 0.7633 0.0022 -0.6460
vn 0.7633 0.0022 -0.6460
vn 0.7633 0.0022 -0.6460
vn 0.7633 0.0022 -0.6460
vn 0.7633 0.0022 -0.6460
vn 0.7633 0.0022 -0.6460
vn 0.7633 0.0022 -0.6460
vn 0.7633 0.0022 -0.6460
vn 0.7633 0.0022 -0.6460
vn 0.7633 0.0022 -0.6460
vn 0.7633 0.0022 -0.6460
vn 0.7633 0.0022 -0.6460
vn 0.7633 0.0022 -0.6460
vn 0.7633 0.0022 -0.6460
vn 0.7633 0.0022 -0.6460
vn 0.7633 0.0022 -0.6460
vn 0.7633 -0.0022 -0.6460
vn 0.7633 -0.0022 -0.6460
vn 0.7633 -0.0022 -0.6460
vn 0.7633 -0.0022 -0.6460
vn 0.7633 0.0022 -0.6460
vn 0.7633 0.0022 -0.6460
vn 0.7633 0.0022 -0.6460
vn 0.7633 0.0022 -0.6460
vn 0.7633 -0.0022 -0.6460
vn 0.7633 -0.0022 -0.6460
vn 0.7633 -0.0022 -0.6460
vn 0.7633 -0.0022 -0.6460
vn 0.7633 -0.0022 -0.6460
vn 0.7633 -0.0022 -0.6460
vn -0.0000 -1.0000 -0.0000
vn -0.0000 -1.0000 -0.0000
vn -0.0000 -1.0000 -0.0000
vn -0.0000 -1.0000 -0.0000
vn -0.0000 -1.0000 -0.0000
vn -0.0000 -1.0000 -0.0000
vn -0.0000 -1.0000 0.0000
vn -0.0000 -1.0000 0.0000
vn -0.0000 -1.0000 0.0000
vn -0.0000 -1.0000 0.0000
vn -0.0000 -1.0000 0.0000
vn -0.0000 -1.0000 0.0000
vn -0.0000 -1.0000 0.0000
vn -0.0000 -1.0000 0.0000
vn -0.0000 -1.0000 0.0000
vn -0.0000 -1.0000 0.0000
vn -0.0000 -1.0000 0.0000
vn -0.0000 -1.0000 0.0000
vn -0.0000 -1.0000 0.0000
vn -0.0000 -1.0000 0.0000
vn -0.0000 -1.0000 0.0000
vn -0.0000 -1.0000 0.0000
vn -0.0000 -1.0000 0.0000
vn -0.0000 -1.0000 0.0000
vn -0.0000 -1.0000 0.0000
vn -0.0000 -1.0000 0.0000
vn -0.0000 -1.0000 0.0000
vn -0.0000 -1.0000 0.0000
vn -0.0000 -1.0000 0.0000
vn -0.0000 -1.0000 0.0000
vn -0.0000 -1.0000 -0.0000
vn -0.0000 -1.0000 0.0000
vn -0.0000 -1.0000 0.0000
vn -0.0000 -1.0000 0.0000
vn -0.0000 -1.0000 0.0000
vn -0.0000 -1.0000 0.0000
vn -0.0000 -1.0000 0.0000
vn -0.0000 -1.0000 0.0000
vn -0.0000 -1.0000 0.0000
vn -0.0000 -1.0000 0.0000
vn -0.0000 -1.0000 -0.0000
vn -0.0000 -1.0000 -0.0000
vn -0.0000 -1.0000 0.0000
vn -0.0000 -1.0000 0.0000
vn -0.0000 -1.0000 -0.0000
vn -0.0000 -1.0000 -0.0000
vn -0.0000 -1.0000 -0.0000
vn -0.0000 -1.0000 -0.0000
vn -0.0000 -1.0000 -0.0000
vn -0.0000 -1.0000 -0.0000
vn -0.0000 -1.0000 0.0000
vn -0.0000 -1.0000 0.0000
vn -0.0000 -1.0000 -0.0000
vn -0.0000 -1.0000 -0.0000
vn -0.0000 -1.0000 -0.0000
vn -0.0000 -1.0000 -0.0000
vn -0.0000 -1.0000 -0.0000
vn -0.0000 -1.0000 -0.0000
vn -0.0000 -1.0000 -0.0000
vn -0.0000 -1.0000 -0.0000
vn -0.0000 -1.0000 -0.0000
vn -0.0000 -1.0000 -0.0000
vn -0.0000 -1.0000 -0.0000
vn -0.0000 -1.0000 -0.0000
vn -0.4150 -0.9061 0.0826
vn -0.4805 -0.8721 0.0920
vn -0.4232 -0.9061 0.0000
vn -0.4892 -0.8721 0.0019
vn -0.4150 -0.9061 -0.0826
vn -0.4798 -0.8721 -0.0957
vn -0.3910 -0.9061 -0.1619
vn -0.4511 -0.8721 -0.1894
vn -0.3519 -0.9061 -0.2351
vn -0.4085 -0.8721 -0.2693
vn -0.2992 -0.9061 -0.2992
vn -0.3466 -0.8721 -0.3453
vn -0.2351 -0.9061 -0.3519
vn -0.2708 -0.8721 -0.4074
vn -0.1619 -0.9061 -0.3910
vn -0.1842 -0.8721 -0.4533
vn -0.0826 -0.9061 -0.4150
vn -0.0975 -0.8721 -0.4794
vn -0.0000 -0.9061 -0.4232
vn -0.0000 -0.8721 -0.4892
vn 0.0826 -0.9061 -0.4150
vn 0.0975 -0.8721 -0.4794
vn 0.1619 -0.9061 -0.3910
vn 0.1842 -0.8721 -0.4533
vn 0.2351 -0.9061 -0.3519
vn 0.2708 -0.8721 -0.4074
vn 0.2992 -0.9061 -0.2992
vn 0.3466 -0.8721 -0.3453
vn 0.3519 -0.9061 -0.2351
vn 0.4085 -0.8721 -0.2693
vn 0.3910 -0.9061 -0.1619
vn 0.4511 -0.8721 -0.1894
vn 0.4150 -0.9061 -0.0826
vn 0.4798 -0.8721 -0.0957
vn 0.4232 -0.9061 -0.0000
vn 0.4892 -0.8721 0.0019
vn 0.4150 -0.9061 0.0826
vn 0.4805 -0.8721 0.0920
vn 0.3910 -0.9061 0.1619
vn 0.4525 -0.8721 0.1859
vn 0.3519 -0.9061 0.2351
vn 0.4064 -0.8721 0.2724
vn 0.2992 -0.9061 0.2992
vn 0.3439 -0.8721 0.3479
vn 0.2351 -0.9061 0.3519
vn 0.2740 -0.8721 0.4053
vn 0.1619 -0.9061 0.3910
vn 0.1877 -0.8721 0.4518
vn 0.0826 -0.9061 0.4150
vn 0.0938 -0.8721 0.4802
vn 0.0000 -0.9061 0.4232
vn 0.0038 -0.8721 0.4892
vn -0.0826 -0.9061 0.4150
vn -0.0938 -0.8721 0.4802
vn -0.1619 -0.9061 0.3910
vn -0.1877 -0.8721 0.4518
vn -0.2351 -0.9061 0.3519
vn -0.2740 -0.8721 0.4053
vn -0.2992 -0.9061 0.2992
vn -0.3439 -0.8721 0.3479
vn -0.3519 -0.9061 0.2351
vn -0.4064 -0.8721 0.2724
vn -0.3910 -0.9061 0.1619
vn -0.4525 -0.8721 0.1859
vn -0.5674 -0.7901 0.2319
vn -0.6018 -0.7901 0.1163
vn -0.6129 -0.7901 0.0038
vn -0.6018 -0.7901 -0.1163
vn -0.5674 -0.7901 -0.2319
vn -0.5109 -0.7901 -0.3386
vn -0.4347 -0.7901 -0.4321
vn -0.3417 -0.7901 -0.5089
vn -0.2354 -0.7901 -0.5659
vn -0.1200 -0.7901 -0.6011
vn -0.0000 -0.7901 -0.6129
vn 0.1200 -0.7901 -0.6011
vn 0.2354 -0.7901 -0.5659
vn 0.3417 -0.7901 -0.5089
vn 0.4347 -0.7901 -0.4321
vn 0.5109 -0.7901 -0.3386
vn 0.5674 -0.7901 -0.2319
vn 0.6018 -0.7901 -0.1163
vn 0.6129 -0.7901 -0.0038
vn 0.6018 -0.7901 0.1163
vn 0.5674 -0.7901 0.2319
vn 0.5109 -0.7901 0.3386
vn 0.4347 -0.7901 0.4321
vn 0.3417 -0.7901 0.5089
vn 0.2354 -0.7901 0.5659
vn 0.1200 -0.7901 0.6011
vn 0.0000 -0.7901 0.6129
vn -0.1200 -0.7901 0.6011
vn -0.2354 -0.7901 0.5659
vn -0.3417 -0.7901 0.5089
vn -0.4347 -0.7901 0.4321
vn -0.5109 -0.7901 0.3386
vn -0.6276 -0.6552 0.4205
vn -0.6987 -0.6552 0.2874
vn -0.7404 -0.6552 0.1502
vn -0.7555 -0.6552 0.0000
vn -0.7404 -0.6552 -0.1502
vn -0.6987 -0.6552 -0.2874
vn -0.6276 -0.6552 -0.4205
vn -0.5315 -0.6552 -0.5369
vn -0.4205 -0.6552 -0.6276
vn -0.2874 -0.6552 -0.6987
vn -0.1502 -0.6552 -0.7404
vn -0.0000 -0.6552 -0.7555
vn 0.1502 -0.6552 -0.7404
vn 0.2874 -0.6552 -0.6987
vn 0.4205 -0.6552 -0.6276
vn 0.5369 -0.6552 -0.5315
vn 0.6276 -0.6552 -0.4205
vn 0.6987 -0.6552 -0.2874
vn 0.7404 -0.6552 -0.1502
vn 0.7555 -0.6552 -0.0000
vn 0.7404 -0.6552 0.1502
vn 0.6987 -0.6552 0.2874
vn 0.6276 -0.6552 0.4205
vn 0.5369 -0.6552 0.5315
vn 0.4205 -0.6552 0.6276
vn 0.2874 -0.6552 0.6987
vn 0.1502 -0.6552 0.7404
vn 0.0000 -0.6552 0.7555
vn -0.1502 -0.6552 0.7404
vn -0.2874 -0.6552 0.6987
vn -0.4205 -0.6552 0.6276
vn -0.5315 -0.6552 0.5369
vn -0.5858 -0.5544 0.5911
vn -0.6914 -0.5544 0.4631
vn -0.7696 -0.5544 0.3167
vn -0.8157 -0.5544 0.1651
vn -0.8322 -0.5544 0.0000
vn -0.8157 -0.5544 -0.1651
vn -0.7696 -0.5544 -0.3167
vn -0.6914 -0.5544 -0.4631
vn -0.5911 -0.5544 -0.5858
vn -0.4631 -0.5544 -0.6914
vn -0.3167 -0.5544 -0.7696
vn -0.1651 -0.5544 -0.8157
vn -0.0000 -0.5544 -0.8322
vn 0.1651 -0.5544 -0.8157
vn 0.3167 -0.5544 -0.7696
vn 0.4631 -0.5544 -0.6914
vn 0.5858 -0.5544 -0.5911
vn 0.6914 -0.5544 -0.4631
vn 0.7696 -0.5544 -0.3167
vn 0.8157 -0.5544 -0.1651
vn 0.8322 -0.5544 -0.0000
vn 0.8157 -0.5544 0.1651
vn 0.7696 -0.5544 0.3167
vn 0.6914 -0.5544 0.4631
vn 0.5911 -0.5544 0.5858
vn 0.4631 -0.5544 0.6914
vn 0.3167 -0.5544 0.7696
vn 0.1651 -0.5544 0.8157
vn 0.0000 -0.5544 0.8322
vn -0.1651 -0.5544 0.8157
vn -0.3167 -0.5544 0.7696
vn -0.4631 -0.5544 0.6914
vn -0.9403 0.0022 -0.3404
vn -0.9403 0.0022 -0.3404
vn -0.9403 -0.0022 -0.3404
vn -0.9403 -0.0022 -0.3404
vn -0.9403 0.0022 -0.3404
vn -0.9403 0.0022 -0.3404
vn -0.9403 0.0022 -0.3404
vn -0.9403 0.0022 -0.3404
vn -0.9403 0.0022 -0.3404
vn -0.9403 0.0022 -0.3404
vn -0.9403 0.0022 -0.3404
vn -0.9403 0.0022 -0.3404
vn -0.9403 0.0022 -0.3404
vn -0.9403 0.0022 -0.3404
vn -0.9403 -0.0022 -0.3404
vn -0.9403 -0.0022 -0.3404
vn -0.9403 0.0022 -0.3404
vn -0.9403 0.0022 -0.3404
vn -0.9403 0.0022 -0.3404
vn -0.9403 0.0022 -0.3404
vn -0.9403 -0.0022 -0.3404
vn -0.9403 -0.0022 -0.3404
vn -0.9403 0.0022 -0.3404
vn -0.9403 0.0022 -0.3404
vn -0.9403 0.0022 -0.3404
vn -0.9403 0.0022 -0.3404
vn -0.9403 -0.0022 -0.3404
vn -0.9403 -0.0022 -0.3404
vn -0.9403 -0.0022 -0.3404
vn -0.9403 -0.0022 -0.3404
vn -0.9403 -0.0022 -0.3404
vn -0.9403 -0.0022 -0.3404
vn 0.2911 0.8545 -0.4302
vn 0.2911 0.8545 -0.4302
vn 0.3666 0.8545 -0.3680
vn 0.3666 0.8545 -0.3680
vn 0.4529 0.8545 -0.2543
vn 0.4333 0.8545 -0.2864
vn 0.4636 0.8545 -0.2343
vn 0.4793 0.8545 -0.2001
vn 0.5099 0.8545 -0.0993
vn 0.5099 0.8545 -0.0993
vn 0.5194 0.8545 -0.0019
vn 0.5194 0.8545 -0.0019
vn 0.5003 0.8545 0.1396
vn 0.5091 0.8545 0.1030
vn 0.4938 0.8545 0.1612
vn 0.4808 0.8545 0.1966
vn 0.4312 0.8545 0.2896
vn 0.4312 0.8545 0.2896
vn 0.3693 0.8545 0.3653
vn 0.3693 0.8545 0.3653
vn 0.2559 0.8545 0.4520
vn 0.2880 0.8545 0.4323
vn 0.2360 0.8545 0.4627
vn 0.2018 0.8545 0.4786
vn 0.1011 0.8545 0.5095
vn 0.1011 0.8545 0.5095
vn -0.0038 0.8545 0.5194
vn -0.0038 0.8545 0.5194
vn -0.1378 0.8545 0.5008
vn -0.1011 0.8545 0.5095
vn -0.1594 0.8545 0.4943
vn -0.2018 0.8545 0.4786
vn -0.2880 0.8545 0.4323
vn -0.2880 0.8545 0.4323
vn -0.3693 0.8545 0.3653
vn -0.3693 0.8545 0.3653
vn -0.4511 0.8545 0.2575
vn -0.4312 0.8545 0.2896
vn -0.4653 0.8545 0.2309
vn -0.4808 0.8545 0.1966
vn -0.5091 0.8545 0.1030
vn -0.5091 0.8545 0.1030
vn -0.5194 0.8545 -0.0019
vn -0.5194 0.8545 -0.0019
vn -0.5013 0.8545 -0.1360
vn -0.5099 0.8545 -0.0993
vn -0.4926 0.8545 -0.1648
vn -0.4793 0.8545 -0.2001
vn -0.4333 0.8545 -0.2864
vn -0.4333 0.8545 -0.2864
vn -0.3666 0.8545 -0.3680
vn -0.3666 0.8545 -0.3680
vn -0.2592 0.8545 -0.4501
vn -0.2911 0.8545 -0.4302
vn -0.2326 0.8545 -0.4644
vn -0.1983 0.8545 -0.4801
vn -0.1048 0.8545 -0.5087
vn -0.1048 0.8545 -0.5087
vn -0.0000 0.8545 -0.5194
vn -0.0000 0.8545 -0.5194
vn 0.1414 0.8545 -0.4998
vn 0.1048 0.8545 -0.5087
vn 0.1630 0.8545 -0.4932
vn 0.1983 0.8545 -0.4801
vn 0.1341 0.8545 -0.5018
vn 0.1630 0.8545 -0.4932
vn 0.1983 0.8545 -0.4801
vn 0.2911 0.8545 -0.4302
vn 0.2911 0.8545 -0.4302
vn 0.3666 0.8545 -0.3680
vn 0.3666 0.8545 -0.3680
vn 0.4333 0.8545 -0.2864
vn 0.4492 0.8545 -0.2608
vn 0.4793 0.8545 -0.2001
vn 0.4636 0.8545 -0.2343
vn 0.5099 0.8545 -0.0993
vn 0.5099 0.8545 -0.0993
vn 0.5194 0.8545 -0.0019
vn 0.5194 0.8545 -0.0019
vn 0.5091 0.8545 0.1030
vn 0.5003 0.8545 0.1396
vn 0.4808 0.8545 0.1966
vn 0.4938 0.8545 0.1612
vn 0.4312 0.8545 0.2896
vn 0.4312 0.8545 0.2896
vn 0.3693 0.8545 0.3653
vn 0.3693 0.8545 0.3653
vn 0.2880 0.8545 0.4323
vn 0.2559 0.8545 0.4520
vn 0.2018 0.8545 0.4786
vn 0.2292 0.8545 0.4661
vn 0.1011 0.8545 0.5095
vn 0.1011 0.8545 0.5095
vn -0.0038 0.8545 0.5194
vn -0.0038 0.8545 0.5194
vn -0.1011 0.8545 0.5095
vn -0.1378 0.8545 0.5008
vn -0.2018 0.8545 0.4786
vn -0.1666 0.8545 0.4920
vn -0.2880 0.8545 0.4323
vn -0.2880 0.8545 0.4323
vn -0.3693 0.8545 0.3653
vn -0.3693 0.8545 0.3653
vn -0.4312 0.8545 0.2896
vn -0.4511 0.8545 0.2575
vn -0.4808 0.8545 0.1966
vn -0.4653 0.8545 0.2309
vn -0.5091 0.8545 0.1030
vn -0.5091 0.8545 0.1030
vn -0.5194 0.8545 -0.0019
vn -0.5194 0.8545 -0.0019
vn -0.5099 0.8545 -0.0993
vn -0.5013 0.8545 -0.1360
vn -0.4793 0.8545 -0.2001
vn -0.4926 0.8545 -0.1648
vn -0.4333 0.8545 -0.2864
vn -0.4333 0.8545 -0.2864
vn -0.3666 0.8545 -0.3680
vn -0.3666 0.8545 -0.3680
vn -0.2911 0.8545 -0.4302
vn -0.2592 0.8545 -0.4501
vn -0.1983 0.8545 -0.4801
vn -0.2326 0.8545 -0.4644
vn -0.1048 0.8545 -0.5087
vn -0.1048 0.8545 -0.5087
vn -0.0000 0.8545 -0.5194
vn -0.0000 0.8545 -0.5194
vn 0.1048 0.8545 -0.5087
vn -0.0000 -1.0000 0.0000
vn -0.0000 -1.0000 0.0000
vn -0.0000 -1.0000 0.0000
vn -0.0000 -1.0000 0.0000
vn -0.0000 -1.0000 0.0000
vn -0.0000 -1.0000 0.0000
vn -0.0000 -1.0000 0.0000
vn -0.0000 -1.0000 0.0000
vn -0.0000 -1.0000 0.0000
vn -0.0000 -1.0000 0.0000
vn -0.0000 -1.0000 0.0000
vn -0.0000 -1.0000 -0.0000
vn -0.0000 -1.0000 0.0000
vn -0.0000 -1.0000 0.0000
vn -0.0000 -1.0000 0.0000
vn -0.0000 -1.0000 -0.0000
vn -0.0000 -1.0000 0.0000
vn -0.0000 -1.0000 0.0000
vn -0.0000 -1.0000 0.0000
vn -0.0000 -1.0000 0.0000
vn -0.0000 -1.0000 0.0000
vn -0.0000 -1.0000 0.0000
vn -0.0000 -1.0000 0.0000
vn -0.0000 -1.0000 0.0000
vn -0.0000 -1.0000 0.0000
vn -0.0000 -1.0000 0.0000
vn -0.0000 -1.0000 -0.0000
vn -0.0000 -1.0000 -0.0000
vn -0.0000 -1.0000 -0.0000
vn -0.0000 -1.0000 -0.0000
vn -0.0000 -1.0000 0.0000
vn -0.0000 -1.0000 0.0000
vn -0.0000 -1.0000 -0.0000
vn -0.0000 -1.0000 -0.0000
vn -0.0000 -1.0000 0.0000
vn -0.0000 -1.0000 0.0000
vn -0.0000 -1.0000 0.0000
vn -0.0000 -1.0000 0.0000
vn -0.0000 -1.0000 -0.0044
vn -0.0000 -1.0000 0.0000
vn -0.0000 -1.0000 -0.0044
vn -0.0000 -1.0000 -0.0000
vn -0.0000 -1.0000 0.0000
vn -0.0000 -1.0000 -0.0000
vn -0.0000 -1.0000 0.0000
vn -0.0000 -1.0000 0.0000
vn -0.0000 -1.0000 0.0000
vn -0.0000 -1.0000 0.0000
vn -0.0000 -1.0000 0.0000
vn -0.0000 -1.0000 0.0000
vn -0.0000 -1.0000 0.0000
vn -0.0000 -1.0000 -0.0000
vn -0.0000 -1.0000 -0.0000
vn -0.0000 -1.0000 -0.0000
vn -0.0000 -1.0000 -0.0000
vn -0.0000 -1.0000 -0.0000
vn -0.0000 -1.0000 0.0000
vn -0.0000 -1.0000 -0.0000
vn -0.0000 -1.0000 -0.0000
vn -0.0000 -1.0000 -0.0000
vn -0.0000 -1.0000 0.0000
vn -0.0000 -1.0000 -0.0000
vn -0.0000 -1.0000 -0.0000
vn -0.0000 -1.0000 -0.0000
vn -0.0000 -1.0000 0.0000
vn -0.0000 -1.0000 0.0000
vn -0.0000 -1.0000 -0.0000
vn -0.0000 -1.0000 -0.0000
vn -0.0000 -1.0000 0.0000
vn -0.0000 -1.0000 -0.0000
vn -0.0000 -1.0000 0.0000
vn -0.0000 -1.0000 -0.0000
vn -0.0000 -1.0000 0.0000
vn -0.0000 -1.0000 -0.0000
vn -0.0000 -1.0000 0.0000
vn -0.0000 -1.0000 -0.0000
vn -0.0000 -1.0000 0.0000
vn -0.0000 -1.0000 -0.0000
vn -0.0000 -1.0000 -0.0000
vn -0.0000 -1.0000 -0.0000
vn -0.0000 -1.0000 0.0000
vn -0.0000 -1.0000 -0.0000
vn -0.0000 -1.0000 -0.0000
vn -0.0000 -1.0000 0.0000
vn -0.0000 -1.0000 -0.0000
vn -0.0000 -1.0000 -0.0000
vn -0.0000 -1.0000 0.0000
vn -0.0000 -1.0000 -0.0000
vn -0.0000 -1.0000 -0.0000
vn -0.0000 -1.0000 -0.0000
vn -0.0000 -1.0000 -0.0000
vn -0.0000 -1.0000 0.0000
vn -0.0000 -1.0000 0.0000
vn -0.0000 -1.0000 -0.0000
vn -0.0000 -1.0000 -0.0000
vn -0.0000 -1.0000 -0.0000
vn -0.0000 -1.0000 -0.0000
vn -0.0000 -1.0000 -0.0000
vn -0.0000 -1.0000 -0.0000
vn -0.0000 -1.0000 -0.0000
vn -0.0000 -1.0000 -0.0000
vn -0.0000 -1.0000 0.0000
vn -0.0000 -1.0000 0.0000
vn -0.0000 -1.0000 -0.0000
vn -0.0000 -1.0000 0.0000
vn -0.0000 -1.0000 0.0000
vn -0.0000 -1.0000 -0.0000
vn -0.0000 -1.0000 -0.0000
vn -0.0000 -1.0000 0.0000
vn -0.0000 -1.0000 0.0000
vn -0.0000 -1.0000 -0.0000
vn -0.0000 -1.0000 0.0000
vn -0.0000 -1.0000 -0.0000
vn -0.0000 -1.0000 0.0000
vn -0.0000 -1.0000 0.0000
vn -0.0000 -1.0000 -0.0000
vn -0.0000 -1.0000 -0.0000
vn -0.0000 -1.0000 -0.0000
vn -0.0000 -1.0000 -0.0000
vn -0.0000 -1.0000 0.0000
vn -0.0000 -1.0000 -0.0000
vn -0.0000 -1.0000 -0.0000
vn -0.0000 -1.0000 0.0000
vn -0.0000 -1.0000 -0.0000
vn -0.0000 -1.0000 -0.0000
vn -0.0000 -1.0000 0.0000
vn -0.0000 -1.0000 -0.0000
vn -0.0000 -1.0000 -0.0000
vn -0.0000 -1.0000 -0.0000
vn -0.0000 -1.0000 0.0000
vn -0.0000 -1.0000 0.0000
vn -0.0000 -1.0000 0.0000
vn -0.0000 -1.0000 -0.0000
vn -0.0000 -1.0000 -0.0000
vn -0.0000 -1.0000 -0.0000
vn -0.0000 -1.0000 -0.0000
vn -0.0000 -1.0000 0.0000
vn -0.0000 -1.0000 0.0000
vn -0.0000 -1.0000 0.0000
vn -0.0000 -1.0000 0.0000
vn -0.0000 -1.0000 0.0000
vn -0.0000 -1.0000 0.0000
vn -0.0000 -1.0000 0.0000
vn -0.0000 -1.0000 0.0000
vn -0.0000 -1.0000 0.0000
vn -0.0000 -1.0000 0.0000
vn -0.0000 -1.0000 0.0000
vn -0.0000 -1.0000 0.0000
vn -0.0000 -1.0000 0.0000
vn -0.0000 -1.0000 0.0000
vn -0.0000 -1.0000 0.0000
vn -0.0000 -1.0000 0.0000
vn -0.0000 -1.0000 0.0000
vn -0.0000 -1.0000 0.0000
vn -0.0000 -1.0000 0.0000
vn -0.0000 -1.0000 0.0000
vn -0.0000 -1.0000 0.0000
vn -0.0000 -1.0000 0.0000
vn -0.0000 -1.0000 0.0000
vn -0.0000 -1.0000 0.0000
vn -0.0000 -1.0000 0.0000
vn -0.0000 -1.0000 0.0000
vn -0.0000 -1.0000 0.0000
vn -0.0000 -1.0000 0.0000
vn -0.0000 -1.0000 -0.0000
vn -0.0000 -1.0000 -0.0000
vn -0.0000 -1.0000 -0.0000
vn -0.0000 -1.0000 -0.0000
vn -0.0000 -1.0000 -0.0000
vn -0.0000 -1.0000 -0.0000
vn -0.0000 -1.0000 -0.0000
vn -0.0000 -1.0000 -0.0000
vn -0.0000 -1.0000 0.0000
vn -0.0000 -1.0000 0.0000
vn -0.0000 -1.0000 0.0000
vn -0.0000 -1.0000 0.0000
vn -0.0000 -1.0000 0.0000
vn -0.0000 -1.0000 0.0000
vn -0.0000 -1.0000 0.0000
vn -0.0000 -1.0000 0.0000
vn -0.0000 -1.0000 -0.0000
vn -0.0000 -1.0000 -0.0000
vn -0.0000 -1.0000 -0.0000
vn -0.0000 -1.0000 -0.0000
vn -0.0000 -1.0000 0.0000
vn -0.0000 -1.0000 0.0000
vn -0.0000 -1.0000 0.0000
vn -0.0000 -1.0000 0.0000
vn -0.0000 -1.0000 -0.0000
vn -0.0000 -1.0000 -0.0000
vn -0.0000 -1.0000 -0.0000
vn -0.0000 -1.0000 -0.0000
vn -0.3827 0.0022 -0.9239
vn -0.3827 0.0022 -0.9239
vn -0.5556 0.0022 -0.8315
vn -0.5556 0.0022 -0.8315
vn -0.7071 0.0022 -0.7071
vn -0.7071 0.0022 -0.7071
vn -0.8315 0.0022 -0.5556
vn -0.8315 0.0022 -0.5556
vn -0.9239 0.0022 -0.3827
vn -0.9239 0.0022 -0.3827
vn -0.9808 0.0022 -0.1951
vn -0.9808 0.0022 -0.1951
vn -1.0000 0.0022 0.0000
vn -1.0000 0.0022 0.0000
vn -0.9808 0.0022 0.1951
vn -0.9808 0.0022 0.1951
vn -0.9239 0.0022 0.3827
vn -0.9239 0.0022 0.3827
vn -0.8315 0.0022 0.5556
vn -0.8315 0.0022 0.5556
vn -0.7071 0.0022 0.7071
vn -0.7071 0.0022 0.7071
vn -0.5556 0.0022 0.8315
vn -0.5556 0.0022 0.8315
vn -0.3827 0.0022 0.9239
vn -0.3827 0.0022 0.9239
vn -0.1951 0.0022 0.9808
vn -0.1951 0.0022 0.9808
vn 0.0000 0.0022 1.0000
vn 0.0000 0.0022 1.0000
vn 0.1951 0.0022 0.9808
vn 0.1951 0.0022 0.9808
vn 0.3827 0.0022 0.9239
vn 0.3827 0.0022 0.9239
vn 0.5556 0.0022 0.8315
vn 0.5556 0.0022 0.8315
vn 0.7071 0.0022 0.7071
vn 0.7071 0.0022 0.7071
vn 0.8315 0.0022 0.5556
vn 0.8315 0.0022 0.5556
vn 0.9239 0.0022 0.3827
vn 0.9239 0.0022 0.3827
vn 0.9808 0.0022 0.1951
vn 0.9808 0.0022 0.1951
vn 1.0000 0.0022 -0.0000
vn 1.0000 0.0022 -0.0000
vn 0.9808 0.0022 -0.1951
vn 0.9808 0.0022 -0.1951
vn 0.9239 0.0022 -0.3827
vn 0.9239 0.0022 -0.3827
vn 0.8315 0.0022 -0.5556
vn 0.8315 0.0022 -0.5556
vn 0.7071 0.0022 -0.7071
vn 0.7071 0.0022 -0.7071
vn 0.5556 0.0022 -0.8315
vn 0.5556 0.0022 -0.8315
vn 0.3827 0.0022 -0.9239
vn 0.3827 0.0022 -0.9239
vn 0.1951 0.0022 -0.9808
vn 0.1951 0.0022 -0.9808
vn -0.0000 0.0022 -1.0000
vn -0.0000 0.0022 -1.0000
vn -0.1951 0.0022 -0.9808
vn -0.1951 0.0022 -0.9808
vn 0.9403 0.0022 -0.3404
vn 0.9403 0.0022 -0.3404
vn 0.9403 0.0022 -0.3404
vn 0.9403 0.0022 -0.3404
vn 0.9403 0.0022 -0.3404
vn 0.9403 0.0022 -0.3404
vn 0.9403 -0.0022 -0.3404
vn 0.9403 -0.0022 -0.3404
vn 0.9403 0.0022 -0.3404
vn 0.9403 0.0022 -0.3404
vn 0.9403 -0.0022 -0.3404
vn 0.9403 0.0022 -0.3404
vn 0.9403 -0.0022 -0.3404
vn 0.9403 -0.0022 -0.3404
vn 0.9403 -0.0022 -0.3404
vn 0.9403 -0.0022 -0.3404
vn 0.9403 -0.0022 -0.3404
vn 0.9403 -0.0022 -0.3404
vn 0.9403 -0.0022 -0.3404
vn 0.9403 -0.0022 -0.3404
vn 0.9403 0.0022 -0.3404
vn 0.9403 0.0022 -0.3404
vn 0.9403 -0.0022 -0.3404
vn 0.9403 -0.0022 -0.3404
vn 0.9403 0.0022 -0.3404
vn 0.9403 0.0022 -0.3404
vn 0.9403 0.0022 -0.3404
vn 0.9403 0.0022 -0.3404
vn 0.9403 0.0022 -0.3404
vn 0.9403 0.0022 -0.3404
vn 0.9403 0.0022 -0.3404
vn 0.9403 0.0022 -0.3404
vn 0.1728 0.0022 0.9850
vn 0.1728 0.0022 0.9850
vn 0.1728 0.0022 0.9850
vn 0.1728 0.0022 0.9850
vn 0.1728 0.0022 0.9850
vn 0.1728 0.0022 0.9850
vn 0.1728 0.0022 0.9850
vn 0.1728 0.0022 0.9850
vn 0.1728 -0.0022 0.9850
vn 0.1728 -0.0022 0.9850
vn 0.1728 -0.0022 0.9850
vn 0.1728 -0.0022 0.9850
vn 0.1728 0.0022 0.9850
vn 0.1728 0.0022 0.9850
vn 0.1728 0.0022 0.9850
vn 0.1728 0.0022 0.9850
vn 0.1728 0.0022 0.9850
vn 0.1728 0.0022 0.9850
vn 0.1728 0.0022 0.9850
vn 0.1728 0.0022 0.9850
vn 0.1728 -0.0022 0.9850
vn 0.1728 -0.0022 0.9850
vn 0.1728 -0.0022 0.9850
vn 0.1728 -0.0022 0.9850
vn 0.1728 -0.0022 0.9850
vn 0.1728 -0.0022 0.9850
vn 0.1728 -0.0022 0.9850
vn 0.1728 -0.0022 0.9850
vn 0.1728 0.0022 0.9850
vn 0.1728 0.0022 0.9850
vn 0.1728 0.0022 0.9850
vn 0.1728 0.0022 0.9850
vn -0.0000 1.0000 -0.0000
vn -0.0000 1.0000 -0.0000
vn -0.0000 1.0000 -0.0000
vn -0.0000 1.0000 -0.0000
vn -0.0000 1.0000 -0.0000
vn -0.0000 1.0000 -0.0000
vn -0.0000 1.0000 -0.0000
vn -0.0000 1.0000 -0.0000
vn -0.0000 1.0000 -0.0000
vn -0.0000 1.0000 -0.0000
vn -0.0000 1.0000 -0.0000
vn -0.0000 1.0000 -0.0000
vn -0.0000 1.0000 -0.0000
vn -0.0000 1.0000 -0.0000
vn -0.0000 1.0000 -0.0000
vn -0.0000 1.0000 -0.0000
vn -0.0000 1.0000 -0.0000
vn -0.0000 1.0000 -0.0000
vn -0.0000 1.0000 -0.0000
vn -0.0000 1.0000 -0.0000
vn -0.0000 1.0000 -0.0000
vn -0.0000 1.0000 -0.0000
vn -0.0000 1.0000 -0.0000
vn -0.0000 1.0000 -0.0000
vn -0.0000 1.0000 -0.0000
vn -0.0000 1.0000 -0.0000
vn -0.0000 1.0000 -0.0000
vn -0.0000 1.0000 -0.0000
vn -0.0000 1.0000 -0.0000
vn -0.0000 1.0000 -0.0000
vn -0.0000 1.0000 -0.0000
vn -0.0000 1.0000 -0.0000
vn -0.0000 1.0000 -0.0000
vn -0.0000 1.0000 -0.0000
vn -0.0000 1.0000 -0.0000
vn -0.0000 1.0000 -0.0000
vn -0.0000 1.0000 -0.0000
vn -0.0000 1.0000 -0.0000
vn -0.0000 1.0000 -0.0000
vn -0.0000 1.0000 -0.0000
vn -0.0000 1.0000 -0.0000
vn -0.0000 1.0000 -0.0000
vn -0.0000 1.0000 -0.0000
vn -0.0000 1.0000 -0.0000
vn -0.0000 1.0000 -0.0000
vn -0.0000 1.0000 -0.0000
vn -0.0000 1.0000 -0.0000
vn -0.0000 1.0000 -0.0000
vn -0.0000 1.0000 -0.0000
vn -0.0000 1.0000 -0.0000
vn -0.0000 1.0000 -0.0000
vn -0.0000 1.0000 -0.0000
vn -0.0000 1.0000 -0.0000
vn -0.0000 1.0000 -0.0000
vn -0.0000 1.0000 -0.0000
vn -0.0000 1.0000 -0.0000
vn -0.0000 1.0000 -0.0000
vn -0.0000 1.0000 -0.0000
vn -0.0000 1.0000 -0.0000
vn -0.0000 1.0000 -0.0000
vn -0.0000 1.0000 -0.0000
vn -0.0000 1.0000 -0.0000
vn -0.0000 1.0000 -0.0000
vn -0.0000 1.0000 -0.0000
vn -0.6991 0.5435 0.4646
vn -0.6991 0.5435 0.4646
vn -0.5942 0.5435 0.5929
vn -0.5942 0.5435 0.5929
vn -0.4662 0.5435 0.6981
vn -0.4662 0.5435 0.6981
vn -0.3199 0.5435 0.7761
vn -0.3199 0.5435 0.7761
vn -0.1612 0.5435 0.8238
vn -0.1612 0.5435 0.8238
vn -0.0038 0.5435 0.8394
vn -0.0038 0.5435 0.8394
vn 0.1612 0.5435 0.8238
vn 0.1612 0.5435 0.8238
vn 0.3199 0.5435 0.7761
vn 0.3199 0.5435 0.7761
vn 0.4662 0.5435 0.6981
vn 0.4662 0.5435 0.6981
vn 0.5942 0.5435 0.5929
vn 0.5942 0.5435 0.5929
vn 0.6991 0.5435 0.4646
vn 0.6991 0.5435 0.4646
vn 0.7768 0.5435 0.3182
vn 0.7768 0.5435 0.3182
vn 0.8227 0.5435 0.1668
vn 0.8227 0.5435 0.1668
vn 0.8394 0.5435 0.0019
vn 0.8394 0.5435 0.0019
vn 0.8234 0.5435 -0.1631
vn 0.8234 0.5435 -0.1631
vn 0.7753 0.5435 -0.3217
vn 0.7753 0.5435 -0.3217
vn 0.6970 0.5435 -0.4677
vn 0.6970 0.5435 -0.4677
vn 0.5916 0.5435 -0.5956
vn 0.5916 0.5435 -0.5956
vn 0.4693 0.5435 -0.6960
vn 0.4693 0.5435 -0.6960
vn 0.3234 0.5435 -0.7746
vn 0.3234 0.5435 -0.7746
vn 0.1649 0.5435 -0.8231
vn 0.1649 0.5435 -0.8231
vn -0.0000 0.5435 -0.8394
vn -0.0000 0.5435 -0.8394
vn -0.1649 0.5435 -0.8231
vn -0.1649 0.5435 -0.8231
vn -0.3234 0.5435 -0.7746
vn -0.3234 0.5435 -0.7746
vn -0.4693 0.5435 -0.6960
vn -0.4693 0.5435 -0.6960
vn -0.5916 0.5435 -0.5956
vn -0.5916 0.5435 -0.5956
vn -0.6970 0.5435 -0.4677
vn -0.6970 0.5435 -0.4677
vn -0.7753 0.5435 -0.3217
vn -0.7753 0.5435 -0.3217
vn -0.8234 0.5435 -0.1631
vn -0.8234 0.5435 -0.1631
vn -0.8394 0.5435 0.0019
vn -0.8394 0.5435 0.0019
vn -0.8227 0.5435 0.1668
vn -0.8227 0.5435 0.1668
vn -0.7768 0.5435 0.3182
vn -0.7768 0.5435 0.3182
vn -0.0000 -1.0000 -0.0000
vn -0.0000 -1.0000 -0.0000
vn -0.0000 -1.0000 -0.0000
vn -0.0000 -1.0000 -0.0000
vn -0.0000 -1.0000 -0.0000
vn -0.0000 -1.0000 -0.0000
vn -0.0000 -1.0000 -0.0000
vn -0.0000 -1.0000 -0.0000
vn -0.0000 -1.0000 0.0000
vn -0.0000 -1.0000 0.0000
vn -0.0000 -1.0000 0.0000
vn -0.0000 -1.0000 0.0000
vn -0.0000 -1.0000 0.0000
vn -0.0000 -1.0000 0.0000
vn -0.0000 -1.0000 0.0000
vn -0.0000 -1.0000 0.0000
vn -0.0000 -1.0000 0.0000
vn -0.0000 -1.0000 0.0000
vn -0.0000 -1.0000 -0.0000
vn -0.0000 -1.0000 -0.0000
vn -0.0000 -1.0000 -0.0000
vn -0.0000 -1.0000 -0.0000
vn -0.0000 -1.0000 0.0000
vn -0.0000 -1.0000 0.0000
vn -0.0000 -1.0000 0.0000
vn -0.0000 -1.0000 0.0000
vn -0.0000 -1.0000 0.0000
vn -0.0000 -1.0000 0.0000
vn -0.0000 -1.0000 0.0000
vn -0.0000 -1.0000 0.0000
vn -0.0000 -1.0000 0.0000
vn -0.0000 -1.0000 0.0000
vn -0.0000 -1.0000 0.0000
vn -0.0000 -1.0000 0.0000
vn -0.0000 -1.0000 0.0000
vn -0.0000 -1.0000 0.0000
vn -0.0000 -1.0000 0.0000
vn -0.0000 -1.0000 0.0000
vn -0.0000 -1.0000 0.0000
vn -0.0000 -1.0000 0.0000
vn -0.0000 -1.0000 0.0000
vn -0.0000 -1.0000 0.0000
vn -0.0000 -1.0000 0.0000
vn -0.0000 -1.0000 0.0000
vn -0.0000 -1.0000 -0.0000
vn -0.0000 -1.0000 -0.0000
vn -0.0000 -1.0000 -0.0000
vn -0.0000 -1.0000 -0.0000
vn -0.0000 -1.0000 0.0000
vn -0.0000 -1.0000 0.0000
vn -0.0000 -1.0000 0.0000
vn -0.0000 -1.0000 0.0000
vn -0.0000 -1.0000 0.0000
vn -0.0000 -1.0000 0.0000
vn -0.0000 -1.0000 0.0000
vn -0.0000 -1.0000 0.0000
vn -0.0000 -1.0000 0.0000
vn -0.0000 -1.0000 0.0000
vn -0.0000 -1.0000 0.0000
vn -0.0000 -1.0000 0.0000
vn -0.0000 -1.0000 0.0000
vn -0.0000 -1.0000 0.0000
vn -0.0000 -1.0000 0.0000
vn -0.0000 -1.0000 0.0000
vn -0.0446 0.9762 -0.2121
vn -0.0954 0.9670 -0.2364
vn -0.0803 0.9762 -0.2013
vn -0.1418 0.9670 -0.2119
vn -0.1200 0.9762 -0.1805
vn -0.1823 0.9670 -0.1783
vn -0.1546 0.9762 -0.1519
vn -0.2108 0.9670 -0.1434
vn -0.1784 0.9762 -0.1231
vn -0.2357 0.9670 -0.0971
vn -0.1999 0.9762 -0.0838
vn -0.2506 0.9670 -0.0467
vn -0.2128 0.9762 -0.0409
vn -0.2549 0.9670 -0.0019
vn -0.2167 0.9762 0.0037
vn -0.2499 0.9670 0.0504
vn -0.2128 0.9762 0.0409
vn -0.2343 0.9670 0.1006
vn -0.1999 0.9762 0.0838
vn -0.2129 0.9670 0.1403
vn -0.1784 0.9762 0.1231
vn -0.1796 0.9670 0.1809
vn -0.1546 0.9762 0.1519
vn -0.1387 0.9670 0.2139
vn -0.1200 0.9762 0.1805
vn -0.0989 0.9670 0.2350
vn -0.0803 0.9762 0.2013
vn -0.0486 0.9670 0.2503
vn -0.0446 0.9762 0.2121
vn -0.0038 0.9670 0.2549
vn 0.0000 0.9762 0.2167
vn 0.0486 0.9670 0.2503
vn 0.0446 0.9762 0.2121
vn 0.0989 0.9670 0.2350
vn 0.0803 0.9762 0.2013
vn 0.1387 0.9670 0.2139
vn 0.1200 0.9762 0.1805
vn 0.1796 0.9670 0.1809
vn 0.1546 0.9762 0.1519
vn 0.2129 0.9670 0.1403
vn 0.1784 0.9762 0.1231
vn 0.2343 0.9670 0.1006
vn 0.1999 0.9762 0.0838
vn 0.2499 0.9670 0.0504
vn 0.2128 0.9762 0.0409
vn 0.2549 0.9670 -0.0019
vn 0.2167 0.9762 -0.0037
vn 0.2506 0.9670 -0.0467
vn 0.2128 0.9762 -0.0409
vn 0.2357 0.9670 -0.0971
vn 0.1999 0.9762 -0.0838
vn 0.2108 0.9670 -0.1434
vn 0.1784 0.9762 -0.1231
vn 0.1823 0.9670 -0.1783
vn 0.1546 0.9762 -0.1519
vn 0.1418 0.9670 -0.2119
vn 0.1200 0.9762 -0.1805
vn 0.0954 0.9670 -0.2364
vn 0.0803 0.9762 -0.2013
vn 0.0523 0.9670 -0.2495
vn 0.0446 0.9762 -0.2121
vn -0.0000 0.9670 -0.2549
vn -0.0000 0.9762 -0.2167
vn -0.0523 0.9670 -0.2495
vn -0.0670 0.9454 -0.3190
vn -0.1243 0.9454 -0.3014
vn -0.1836 0.9454 -0.2694
vn -0.2299 0.9454 -0.2312
vn -0.2725 0.9454 -0.1790
vn -0.3006 0.9454 -0.1261
vn -0.3201 0.9454 -0.0615
vn -0.3260 0.9454 -0.0019
vn -0.3194 0.9454 0.0652
vn -0.3021 0.9454 0.1226
vn -0.2704 0.9454 0.1821
vn -0.2325 0.9454 0.2285
vn -0.1805 0.9454 0.2715
vn -0.1278 0.9454 0.2999
vn -0.0634 0.9454 0.3198
vn -0.0038 0.9454 0.3260
vn 0.0634 0.9454 0.3198
vn 0.1278 0.9454 0.2999
vn 0.1805 0.9454 0.2715
vn 0.2325 0.9454 0.2285
vn 0.2704 0.9454 0.1821
vn 0.3021 0.9454 0.1226
vn 0.3194 0.9454 0.0652
vn 0.3260 0.9454 -0.0019
vn 0.3201 0.9454 -0.0615
vn 0.3006 0.9454 -0.1261
vn 0.2725 0.9454 -0.1790
vn 0.2299 0.9454 -0.2312
vn 0.1836 0.9454 -0.2694
vn 0.1243 0.9454 -0.3014
vn 0.0670 0.9454 -0.3190
vn -0.0000 0.9454 -0.3260
vn -0.0000 0.9168 -0.3993
vn -0.0749 0.9168 -0.3922
vn -0.1541 0.9168 -0.3683
vn -0.2205 0.9168 -0.3329
vn -0.2843 0.9168 -0.2803
vn -0.3319 0.9168 -0.2220
vn -0.3460 0.9253 -0.1550
vn -0.3741 0.9253 -0.0617
vn -0.3993 0.9168 -0.0019
vn -0.3911 0.9168 0.0804
vn -0.3691 0.9168 0.1524
vn -0.3339 0.9168 0.2189
vn -0.2817 0.9168 0.2830
vn -0.2236 0.9168 0.3308
vn -0.1506 0.9168 0.3698
vn -0.0786 0.9168 0.3915
vn -0.0038 0.9168 0.3993
vn 0.0636 0.9253 0.3738
vn 0.1567 0.9253 0.3452
vn 0.2236 0.9168 0.3308
vn 0.2817 0.9168 0.2830
vn 0.3339 0.9168 0.2189
vn 0.3691 0.9168 0.1524
vn 0.3911 0.9168 0.0804
vn 0.3993 0.9168 -0.0019
vn 0.3918 0.9168 -0.0767
vn 0.3676 0.9168 -0.1558
vn 0.3212 0.9253 -0.2014
vn 0.2593 0.9253 -0.2766
vn 0.2205 0.9168 -0.3329
vn 0.1541 0.9168 -0.3683
vn 0.0749 0.9168 -0.3922
vn 0.2766 0.8678 -0.4127
vn 0.1906 0.8678 -0.4588
vn 0.0972 0.8678 -0.4873
vn -0.0000 0.8678 -0.4968
vn -0.0972 0.8678 -0.4873
vn -0.1906 0.8678 -0.4588
vn -0.2766 0.8678 -0.4127
vn -0.3520 0.8678 -0.3507
vn -0.4138 0.8678 -0.2751
vn -0.4370 0.8678 -0.2364
vn 0.3478 0.7820 -0.5172
vn 0.2420 0.7820 -0.5744
vn 0.1197 0.7820 -0.6116
vn -0.0000 0.7820 -0.6232
vn -0.1197 0.7820 -0.6116
vn -0.2420 0.7820 -0.5744
vn -0.3478 0.7820 -0.5172
vn -0.4407 0.7820 -0.4407
vn -0.5172 0.7820 -0.3478
vn -0.5537 0.7793 -0.2935
vn 0.4334 0.6318 -0.6427
vn 0.2940 0.6318 -0.7172
vn 0.1498 0.6318 -0.7606
vn -0.0000 0.6318 -0.7752
vn -0.1498 0.6318 -0.7606
vn -0.2940 0.6318 -0.7172
vn -0.4334 0.6318 -0.6427
vn -0.5495 0.6318 -0.5468
vn -0.6448 0.6318 -0.4303
vn -0.7330 0.6008 -0.3189
vn -0.7162 0.5063 -0.4803
vn -0.7978 0.5063 -0.3274
vn -0.7873 0.6008 -0.1388
vn -0.8457 0.5063 -0.1687
vn -0.7752 0.6318 -0.0038
vn -0.8624 0.5063 0.0038
vn -0.7598 0.6318 0.1535
vn -0.8457 0.5063 0.1687
vn -0.7158 0.6318 0.2975
vn -0.7978 0.5063 0.3274
vn -0.6448 0.6318 0.4303
vn -0.7162 0.5063 0.4803
vn -0.5495 0.6318 0.5468
vn -0.6111 0.5063 0.6084
vn -0.4334 0.6318 0.6427
vn -0.4771 0.5063 0.7183
vn -0.2940 0.6318 0.7172
vn -0.3309 0.5063 0.7964
vn -0.1498 0.6318 0.7606
vn -0.1650 0.5063 0.8464
vn 0.0000 0.6318 0.7752
vn 0.0000 0.5063 0.8624
vn 0.1425 0.6008 0.7866
vn 0.1650 0.5063 0.8464
vn 0.3224 0.6008 0.7315
vn 0.3309 0.5063 0.7964
vn 0.4334 0.6318 0.6427
vn 0.4771 0.5063 0.7183
vn 0.5495 0.6318 0.5468
vn 0.6111 0.5063 0.6084
vn 0.6448 0.6318 0.4303
vn 0.7162 0.5063 0.4803
vn 0.7158 0.6318 0.2975
vn 0.7978 0.5063 0.3274
vn 0.7598 0.6318 0.1535
vn 0.8457 0.5063 0.1687
vn 0.7752 0.6318 0.0038
vn 0.8624 0.5063 -0.0038
vn 0.7598 0.6318 -0.1535
vn 0.8457 0.5063 -0.1687
vn 0.7158 0.6318 -0.2975
vn 0.7978 0.5063 -0.3274
vn 0.6727 0.6008 -0.4319
vn 0.7162 0.5063 -0.4803
vn 0.5531 0.6008 -0.5771
vn 0.6111 0.5063 -0.6084
vn 0.4771 0.5063 -0.7183
vn 0.3309 0.5063 -0.7964
vn 0.1650 0.5063 -0.8464
vn -0.0000 0.5063 -0.8624
vn -0.1650 0.5063 -0.8464
vn -0.3309 0.5063 -0.7964
vn -0.4771 0.5063 -0.7183
vn -0.6111 0.5063 -0.6084
vn -0.6188 -0.4873 -0.6161
vn -0.7242 -0.4873 -0.4879
vn -0.8064 -0.4873 -0.3350
vn -0.8567 -0.4873 -0.1690
vn -0.8732 -0.4873 0.0038
vn -0.8567 -0.4873 0.1690
vn -0.8064 -0.4873 0.3350
vn -0.7242 -0.4873 0.4879
vn -0.6188 -0.4873 0.6161
vn -0.4847 -0.4873 0.7263
vn -0.3315 -0.4873 0.8078
vn -0.1727 -0.4873 0.8560
vn 0.0000 -0.4873 0.8732
vn 0.1727 -0.4873 0.8560
vn 0.3315 -0.4873 0.8078
vn 0.4847 -0.4873 0.7263
vn 0.6188 -0.4873 0.6161
vn 0.7242 -0.4873 0.4879
vn 0.8064 -0.4873 0.3350
vn 0.8567 -0.4873 0.1690
vn 0.8732 -0.4873 0.0038
vn 0.8567 -0.4873 -0.1690
vn 0.8064 -0.4873 -0.3350
vn 0.7242 -0.4873 -0.4879
vn 0.6188 -0.4873 -0.6161
vn 0.4847 -0.4873 -0.7263
vn 0.3315 -0.4873 -0.8078
vn 0.1727 -0.4873 -0.8560
vn -0.0000 -0.4873 -0.8732
vn -0.1727 -0.4873 -0.8560
vn -0.3315 -0.4873 -0.8078
vn -0.4847 -0.4873 -0.7263
vn 0.3970 0.7793 -0.4849
vn 0.3129 0.8678 -0.3859
vn 0.0488 0.8678 0.4944
vn 0.0038 0.8678 0.4968
vn 0.0000 0.7820 0.6232
vn -0.1197 0.7820 0.6116
vn -0.0935 0.8678 0.4880
vn -0.2420 0.7820 0.5744
vn -0.1871 0.8678 0.4603
vn -0.3478 0.7820 0.5172
vn -0.2735 0.8678 0.4148
vn -0.4407 0.7820 0.4407
vn -0.3493 0.8678 0.3533
vn -0.5172 0.7820 0.3478
vn -0.4117 0.8678 0.2782
vn -0.5744 0.7820 0.2420
vn -0.4581 0.8678 0.1923
vn -0.6116 0.7820 0.1197
vn -0.4869 0.8678 0.0990
vn -0.6232 0.7820 0.0000
vn -0.4968 0.8678 0.0019
vn -0.6234 0.7793 -0.0640
vn -0.4943 0.8678 -0.0507
vn 0.0603 0.7793 0.6238
vn 0.4370 0.8678 -0.2364
vn 0.4596 0.8678 -0.1888
vn 0.5772 0.7820 -0.2350
vn 0.6116 0.7820 -0.1197
vn 0.4876 0.8678 -0.0953
vn 0.6232 0.7820 -0.0000
vn 0.4968 0.8678 0.0019
vn 0.6116 0.7820 0.1197
vn 0.4869 0.8678 0.0990
vn 0.5772 0.7820 0.2350
vn 0.4581 0.8678 0.1923
vn 0.5172 0.7820 0.3478
vn 0.4117 0.8678 0.2782
vn 0.4407 0.7820 0.4407
vn 0.3493 0.8678 0.3533
vn 0.3478 0.7820 0.5172
vn 0.2735 0.8678 0.4148
vn 0.2969 0.7793 0.5519
vn 0.2347 0.8678 0.4379
vn 0.5537 0.7793 -0.2935
vn 0.1951 0.0022 0.9808
vn 0.1951 0.0022 0.9808
vn 0.0000 0.0022 1.0000
vn 0.0000 0.0022 1.0000
vn -0.1951 0.0022 0.9808
vn -0.1951 0.0022 0.9808
vn -0.3827 0.0022 0.9239
vn -0.3827 0.0022 0.9239
vn -0.5556 0.0022 0.8315
vn -0.5556 0.0022 0.8315
vn -0.7071 0.0022 0.7071
vn -0.7071 0.0022 0.7071
vn -0.8315 0.0022 0.5556
vn -0.8315 0.0022 0.5556
vn -0.9239 0.0022 0.3827
vn -0.9239 0.0022 0.3827
vn -0.9808 0.0022 0.1951
vn -0.9808 0.0022 0.1951
vn -1.0000 0.0022 0.0000
vn -1.0000 0.0022 0.0000
vn -0.9808 0.0022 -0.1951
vn -0.9808 0.0022 -0.1951
vn -0.9239 0.0022 -0.3827
vn -0.9239 0.0022 -0.3827
vn -0.8315 0.0022 -0.5556
vn -0.8315 0.0022 -0.5556
vn -0.7071 0.0022 -0.7071
vn -0.7071 0.0022 -0.7071
vn -0.5556 0.0022 -0.8315
vn -0.5556 0.0022 -0.8315
vn -0.3827 0.0022 -0.9239
vn -0.3827 0.0022 -0.9239
vn -0.1951 0.0022 -0.9808
vn -0.1951 0.0022 -0.9808
vn -0.0000 0.0022 -1.0000
vn -0.0000 0.0022 -1.0000
vn 0.1951 0.0022 -0.9808
vn 0.1951 0.0022 -0.9808
vn 0.3827 0.0022 -0.9239
vn 0.3827 0.0022 -0.9239
vn 0.5556 0.0022 -0.8315
vn 0.5556 0.0022 -0.8315
vn 0.7071 0.0022 -0.7071
vn 0.7071 0.0022 -0.7071
vn 0.8315 0.0022 -0.5556
vn 0.8315 0.0022 -0.5556
vn 0.9239 0.0022 -0.3827
vn 0.9239 0.0022 -0.3827
vn 0.9808 0.0022 -0.1951
vn 0.9808 0.0022 -0.1951
vn 1.0000 0.0022 -0.0000
vn 1.0000 0.0022 -0.0000
vn 0.9808 0.0022 0.1951
vn 0.9808 0.0022 0.1951
vn 0.9239 0.0022 0.3827
vn 0.9239 0.0022 0.3827
vn 0.8315 0.0022 0.5556
vn 0.8315 0.0022 0.5556
vn 0.7071 0.0022 0.7071
vn 0.7071 0.0022 0.7071
vn 0.5556 0.0022 0.8315
vn 0.5556 0.0022 0.8315
vn 0.3827 0.0022 0.9239
vn 0.3827 0.0022 0.9239
vn 0.0776 -0.9790 0.1886
vn 0.0628 -0.9862 0.1529
vn 0.0414 -0.9790 0.1997
vn 0.0339 -0.9862 0.1618
vn 0.0038 -0.9790 0.2039
vn 0.0038 -0.9862 0.1652
vn -0.0414 -0.9790 0.1997
vn -0.0339 -0.9862 0.1618
vn -0.0776 -0.9790 0.1886
vn -0.0628 -0.9862 0.1529
vn -0.1111 -0.9790 0.1710
vn -0.0896 -0.9862 0.1389
vn -0.1462 -0.9790 0.1422
vn -0.1189 -0.9862 0.1148
vn -0.1699 -0.9790 0.1127
vn -0.1378 -0.9862 0.0912
vn -0.1878 -0.9790 0.0793
vn -0.1521 -0.9862 0.0646
vn -0.1993 -0.9790 0.0433
vn -0.1614 -0.9862 0.0357
vn -0.2039 -0.9790 -0.0019
vn -0.1653 -0.9862 -0.0019
vn -0.2000 -0.9790 -0.0396
vn -0.1621 -0.9862 -0.0320
vn -0.1893 -0.9790 -0.0758
vn -0.1536 -0.9862 -0.0611
vn -0.1678 -0.9790 -0.1158
vn -0.1357 -0.9862 -0.0944
vn -0.1435 -0.9790 -0.1449
vn -0.1162 -0.9862 -0.1175
vn -0.1143 -0.9790 -0.1689
vn -0.0928 -0.9862 -0.1368
vn -0.0811 -0.9790 -0.1871
vn -0.0663 -0.9862 -0.1514
vn -0.0377 -0.9790 -0.2004
vn -0.0302 -0.9862 -0.1625
vn -0.0000 -0.9790 -0.2039
vn -0.0000 -0.9862 -0.1653
vn 0.0377 -0.9790 -0.2004
vn 0.0302 -0.9862 -0.1625
vn 0.0811 -0.9790 -0.1871
vn 0.0663 -0.9862 -0.1514
vn 0.1143 -0.9790 -0.1689
vn 0.0928 -0.9862 -0.1368
vn 0.1435 -0.9790 -0.1449
vn 0.1162 -0.9862 -0.1175
vn 0.1678 -0.9790 -0.1158
vn 0.1357 -0.9862 -0.0944
vn 0.1893 -0.9790 -0.0758
vn 0.1536 -0.9862 -0.0611
vn 0.2000 -0.9790 -0.0396
vn 0.1621 -0.9862 -0.0320
vn 0.2039 -0.9790 -0.0019
vn 0.1653 -0.9862 -0.0019
vn 0.1993 -0.9790 0.0433
vn 0.1614 -0.9862 0.0357
vn 0.1878 -0.9790 0.0793
vn 0.1521 -0.9862 0.0646
vn 0.1699 -0.9790 0.1127
vn 0.1378 -0.9862 0.0912
vn 0.1462 -0.9790 0.1422
vn 0.1189 -0.9862 0.1148
vn 0.1111 -0.9790 0.1710
vn 0.0896 -0.9862 0.1389
vn -0.4847 -0.4873 -0.7263
vn -0.3315 -0.4873 -0.8078
vn -0.1727 -0.4873 -0.8560
vn -0.0000 -0.4873 -0.8732
vn 0.1727 -0.4873 -0.8560
vn 0.3315 -0.4873 -0.8078
vn 0.4847 -0.4873 -0.7263
vn 0.6188 -0.4873 -0.6161
vn 0.7242 -0.4873 -0.4879
vn 0.8064 -0.4873 -0.3350
vn 0.8567 -0.4873 -0.1690
vn 0.8732 -0.4873 0.0038
vn 0.8567 -0.4873 0.1690
vn 0.8064 -0.4873 0.3350
vn 0.7242 -0.4873 0.4879
vn 0.6188 -0.4873 0.6161
vn 0.4847 -0.4873 0.7263
vn 0.3315 -0.4873 0.8078
vn 0.1727 -0.4873 0.8560
vn 0.0000 -0.4873 0.8732
vn -0.1727 -0.4873 0.8560
vn -0.3315 -0.4873 0.8078
vn -0.4847 -0.4873 0.7263
vn -0.6188 -0.4873 0.6161
vn -0.7242 -0.4873 0.4879
vn -0.8064 -0.4873 0.3350
vn -0.8567 -0.4873 0.1690
vn -0.8732 -0.4873 0.0038
vn -0.8567 -0.4873 -0.1690
vn -0.8064 -0.4873 -0.3350
vn -0.7242 -0.4873 -0.4879
vn -0.6188 -0.4873 -0.6161
vn -0.0000 -1.0000 0.0000
vn -0.0000 -1.0000 0.0000
vn -0.0000 -1.0000 0.0000
vn -0.0000 -1.0000 0.0000
vn -0.0000 -1.0000 0.0000
vn -0.0000 -1.0000 0.0000
vn -0.0000 -1.0000 0.0000
vn -0.0000 -1.0000 0.0000
vn -0.0000 -1.0000 0.0000
vn -0.0000 -1.0000 0.0000
vn -0.0000 -1.0000 0.0000
vn -0.0000 -1.0000 0.0000
vn -0.0000 -1.0000 0.0000
vn -0.0000 -1.0000 0.0000
vn -0.0000 -1.0000 -0.0000
vn -0.0000 -1.0000 -0.0000
vn -0.0000 -1.0000 0.0000
vn -0.0000 -1.0000 -0.0000
vn -0.0000 -1.0000 0.0000
vn -0.0000 -1.0000 0.0000
vn -0.0000 -1.0000 0.0000
vn -0.0000 -1.0000 0.0000
vn -0.0000 -1.0000 0.0000
vn -0.0000 -1.0000 0.0000
vn -0.0000 -1.0000 -0.0000
vn -0.0000 -1.0000 -0.0000
vn -0.0000 -1.0000 -0.0000
vn -0.0000 -1.0000 -0.0000
vn -0.0000 -1.0000 0.0000
vn -0.0000 -1.0000 0.0000
vn -0.0000 -1.0000 0.0000
vn -0.0000 -1.0000 0.0000
vn -0.0000 -1.0000 0.0000
vn -0.0000 -1.0000 0.0000
vn -0.0000 -1.0000 0.0000
vn -0.0000 -1.0000 0.0000
vn -0.0000 -1.0000 0.0000
vn -0.0000 -1.0000 0.0000
vn -0.0000 -1.0000 0.0000
vn -0.0000 -1.0000 0.0000
vn -0.0000 -1.0000 0.0000
vn -0.0000 -1.0000 0.0000
vn -0.0000 -1.0000 0.0000
vn -0.0000 -1.0000 0.0000
vn -0.0000 -1.0000 -0.0000
vn -0.0000 -1.0000 -0.0000
vn -0.0000 -1.0000 -0.0000
vn -0.0000 -1.0000 -0.0000
vn -0.0000 -1.0000 0.0000
vn -0.0000 -1.0000 0.0000
vn -0.0000 -1.0000 0.0000
vn -0.0000 -1.0000 0.0000
vn -0.0000 -1.0000 0.0000
vn -0.0000 -1.0000 0.0000
vn -0.0000 -1.0000 0.0000
vn -0.0000 -1.0000 0.0000
vn -0.0000 -1.0000 -0.0000
vn -0.0000 -1.0000 -0.0000
vn -0.0000 -1.0000 -0.0000
vn -0.0000 -1.0000 -0.0000
vn -0.0000 -1.0000 -0.0000
vn -0.0000 -1.0000 -0.0000
vn -0.0000 -1.0000 -0.0000
vn -0.0000 -1.0000 -0.0000
vn 0.4348 -0.8826 0.1786
vn 0.3202 -0.9380 0.1326
vn 0.3925 -0.8826 0.2586
vn 0.2882 -0.9380 0.1925
vn 0.3304 -0.8826 0.3344
vn 0.2451 -0.9380 0.2451
vn 0.2637 -0.8806 0.3938
vn 0.1925 -0.9380 0.2882
vn 0.1803 -0.8826 0.4341
vn 0.1326 -0.9380 0.3202
vn 0.0938 -0.8826 0.4606
vn 0.0676 -0.9380 0.3399
vn 0.0038 -0.8826 0.4701
vn 0.0000 -0.9380 0.3466
vn -0.0938 -0.8826 0.4606
vn -0.0676 -0.9380 0.3399
vn -0.1803 -0.8826 0.4341
vn -0.1326 -0.9380 0.3202
vn -0.2602 -0.8826 0.3915
vn -0.1925 -0.9380 0.2882
vn -0.3304 -0.8826 0.3344
vn -0.2451 -0.9380 0.2451
vn -0.3925 -0.8826 0.2586
vn -0.2882 -0.9380 0.1925
vn -0.4348 -0.8826 0.1786
vn -0.3202 -0.9380 0.1326
vn -0.4610 -0.8826 0.0919
vn -0.3399 -0.9380 0.0676
vn -0.4739 -0.8806 -0.0038
vn -0.3466 -0.9380 0.0000
vn -0.4602 -0.8826 -0.0956
vn -0.3399 -0.9380 -0.0676
vn -0.4334 -0.8826 -0.1821
vn -0.3202 -0.9380 -0.1326
vn -0.3905 -0.8826 -0.2617
vn -0.2882 -0.9380 -0.1925
vn -0.3331 -0.8826 -0.3317
vn -0.2451 -0.9380 -0.2451
vn -0.2633 -0.8826 -0.3894
vn -0.1925 -0.9380 -0.2882
vn -0.1768 -0.8826 -0.4355
vn -0.1326 -0.9380 -0.3202
vn -0.0901 -0.8826 -0.4614
vn -0.0676 -0.9380 -0.3399
vn -0.0000 -0.8806 -0.4739
vn -0.0000 -0.9380 -0.3466
vn 0.0901 -0.8826 -0.4614
vn 0.0676 -0.9380 -0.3399
vn 0.1768 -0.8826 -0.4355
vn 0.1326 -0.9380 -0.3202
vn 0.2633 -0.8826 -0.3894
vn 0.1925 -0.9380 -0.2882
vn 0.3331 -0.8826 -0.3317
vn 0.2451 -0.9380 -0.2451
vn 0.3905 -0.8826 -0.2617
vn 0.2882 -0.9380 -0.1925
vn 0.4334 -0.8826 -0.1821
vn 0.3202 -0.9380 -0.1326
vn 0.4617 -0.8826 -0.0882
vn 0.3399 -0.9380 -0.0676
vn 0.4701 -0.8826 0.0019
vn 0.3466 -0.9380 -0.0000
vn 0.4610 -0.8826 0.0919
vn 0.3399 -0.9380 0.0676
vn 0.1993 -0.9790 0.0433
vn 0.1878 -0.9790 0.0793
vn 0.1699 -0.9790 0.1127
vn 0.1462 -0.9790 0.1422
vn 0.1111 -0.9790 0.1710
vn 0.0776 -0.9790 0.1886
vn 0.0414 -0.9790 0.1997
vn 0.0038 -0.9790 0.2039
vn -0.0414 -0.9790 0.1997
vn -0.0776 -0.9790 0.1886
vn -0.1111 -0.9790 0.1710
vn -0.1462 -0.9790 0.1422
vn -0.1699 -0.9790 0.1127
vn -0.1878 -0.9790 0.0793
vn -0.1993 -0.9790 0.0433
vn -0.2039 -0.9790 -0.0019
vn -0.2000 -0.9790 -0.0396
vn -0.1893 -0.9790 -0.0758
vn -0.1678 -0.9790 -0.1158
vn -0.1435 -0.9790 -0.1449
vn -0.1143 -0.9790 -0.1689
vn -0.0811 -0.9790 -0.1871
vn -0.0377 -0.9790 -0.2004
vn -0.0000 -0.9790 -0.2039
vn 0.0377 -0.9790 -0.2004
vn 0.0811 -0.9790 -0.1871
vn 0.1143 -0.9790 -0.1689
vn 0.1435 -0.9790 -0.1449
vn 0.1678 -0.9790 -0.1158
vn 0.1893 -0.9790 -0.0758
vn 0.2000 -0.9790 -0.0396
vn 0.2039 -0.9790 -0.0019
vn -0.2338 0.9723 0.0000
vn -0.3507 0.9365 -0.0019
vn -0.2295 0.9723 0.0447
vn -0.3445 0.9365 0.0654
vn -0.2167 0.9723 0.0877
vn -0.3227 0.9365 0.1372
vn -0.1959 0.9723 0.1275
vn -0.2904 0.9365 0.1966
vn -0.1626 0.9723 0.1679
vn -0.2473 0.9365 0.2486
vn -0.1275 0.9723 0.1959
vn -0.1950 0.9365 0.2914
vn -0.0877 0.9723 0.2167
vn -0.1355 0.9365 0.3234
vn -0.0447 0.9723 0.2295
vn -0.0709 0.9365 0.3434
vn 0.0000 0.9723 0.2338
vn 0.0038 0.9365 0.3507
vn 0.0447 0.9723 0.2295
vn 0.0709 0.9365 0.3434
vn 0.0877 0.9723 0.2167
vn 0.1355 0.9365 0.3234
vn 0.1275 0.9723 0.1959
vn 0.1950 0.9365 0.2914
vn 0.1626 0.9723 0.1679
vn 0.2473 0.9365 0.2486
vn 0.1959 0.9723 0.1275
vn 0.2904 0.9365 0.1966
vn 0.2167 0.9723 0.0877
vn 0.3227 0.9365 0.1372
vn 0.2295 0.9723 0.0447
vn 0.3445 0.9365 0.0654
vn 0.2338 0.9723 -0.0000
vn 0.3507 0.9365 -0.0019
vn 0.2295 0.9723 -0.0447
vn 0.3438 0.9365 -0.0691
vn 0.2167 0.9723 -0.0877
vn 0.3242 0.9365 -0.1338
vn 0.1959 0.9723 -0.1275
vn 0.2925 0.9365 -0.1935
vn 0.1626 0.9723 -0.1679
vn 0.2499 0.9365 -0.2460
vn 0.1275 0.9723 -0.1959
vn 0.1919 0.9365 -0.2935
vn 0.0877 0.9723 -0.2167
vn 0.1320 0.9365 -0.3249
vn 0.0447 0.9723 -0.2295
vn 0.0673 0.9365 -0.3442
vn -0.0000 0.9723 -0.2338
vn -0.0000 0.9365 -0.3507
vn -0.0447 0.9723 -0.2295
vn -0.0673 0.9365 -0.3442
vn -0.0877 0.9723 -0.2167
vn -0.1320 0.9365 -0.3249
vn -0.1275 0.9723 -0.1959
vn -0.1919 0.9365 -0.2935
vn -0.1679 0.9723 -0.1626
vn -0.2499 0.9365 -0.2460
vn -0.1959 0.9723 -0.1275
vn -0.2925 0.9365 -0.1935
vn -0.2167 0.9723 -0.0877
vn -0.3242 0.9365 -0.1338
vn -0.2295 0.9723 -0.0447
vn -0.3438 0.9365 -0.0691
vn -0.4033 0.9115 -0.0805
vn -0.4113 0.9115 0.0019
vn -0.4040 0.9115 0.0768
vn -0.3805 0.9115 0.1561
vn -0.3416 0.9115 0.2291
vn -0.2888 0.9115 0.2928
vn -0.2306 0.9115 0.3405
vn -0.1578 0.9115 0.3798
vn -0.0786 0.9115 0.4037
vn 0.0038 0.9115 0.4112
vn 0.0786 0.9115 0.4037
vn 0.1578 0.9115 0.3798
vn 0.2306 0.9115 0.3405
vn 0.2888 0.9115 0.2928
vn 0.3416 0.9115 0.2291
vn 0.3805 0.9115 0.1561
vn 0.4040 0.9115 0.0768
vn 0.4113 0.9115 0.0019
vn 0.4033 0.9115 -0.0805
vn 0.3790 0.9115 -0.1596
vn 0.3436 0.9115 -0.2259
vn 0.2915 0.9115 -0.2901
vn 0.2275 0.9115 -0.3426
vn 0.1543 0.9115 -0.3812
vn 0.0823 0.9115 -0.4029
vn -0.0000 0.9115 -0.4113
vn -0.0823 0.9115 -0.4029
vn -0.1543 0.9115 -0.3812
vn -0.2275 0.9115 -0.3426
vn -0.2915 0.9115 -0.2901
vn -0.3436 0.9115 -0.2259
vn -0.3790 0.9115 -0.1596
vn -0.0000 -1.0000 0.0000
vn 0.2422 -0.9702 -0.0019
vn -0.0000 -1.0000 -0.0000
vn 0.2369 -0.9702 0.0507
vn -0.0000 -1.0000 -0.0000
vn 0.2233 -0.9702 0.0940
vn -0.0000 -1.0000 -0.0000
vn 0.2018 -0.9702 0.1340
vn -0.0000 -1.0000 -0.0000
vn 0.1736 -0.9691 0.1750
vn -0.0000 -1.0000 -0.0000
vn 0.1424 -0.9670 0.2115
vn -0.0000 -1.0000 -0.0000
vn 0.0921 -0.9691 0.2286
vn -0.0000 -1.0000 -0.0000
vn 0.0489 -0.9702 0.2373
vn -0.0000 -1.0000 -0.0000
vn 0.0038 -0.9702 0.2422
vn -0.0000 -1.0000 -0.0000
vn -0.0489 -0.9702 0.2373
vn -0.0000 -1.0000 -0.0000
vn -0.0923 -0.9702 0.2240
vn -0.0000 -1.0000 -0.0000
vn -0.1324 -0.9702 0.2029
vn -0.0000 -1.0000 -0.0000
vn -0.1733 -0.9702 0.1693
vn -0.0000 -1.0000 -0.0000
vn -0.2018 -0.9702 0.1340
vn -0.0000 -1.0000 -0.0000
vn -0.2233 -0.9702 0.0940
vn -0.0000 -1.0000 -0.0000
vn -0.2412 -0.9691 0.0506
vn -0.0000 -1.0000 -0.0000
vn -0.2549 -0.9670 0.0000
vn -0.0000 -1.0000 0.0000
vn -0.2420 -0.9691 -0.0469
vn -0.0000 -1.0000 0.0000
vn -0.2195 -0.9713 -0.0920
vn -0.0000 -1.0000 0.0000
vn -0.1982 -0.9713 -0.1318
vn -0.0000 -1.0000 0.0000
vn -0.1696 -0.9713 -0.1670
vn -0.0000 -1.0000 0.0000
vn -0.1350 -0.9713 -0.1960
vn -0.0000 -1.0000 0.0000
vn -0.0885 -0.9713 -0.2210
vn -0.0000 -1.0000 -0.0044
vn -0.0526 -0.9681 -0.2451
vn -0.0000 -1.0000 -0.0044
vn -0.0000 -0.9624 -0.2718
vn -0.0000 -1.0000 0.0000
vn 0.0526 -0.9681 -0.2451
vn -0.0000 -1.0000 0.0000
vn 0.0958 -0.9702 -0.2225
vn -0.0000 -1.0000 0.0000
vn 0.1361 -0.9681 -0.2105
vn -0.0000 -1.0000 0.0000
vn 0.1763 -0.9691 -0.1723
vn -0.0000 -1.0000 0.0000
vn 0.1982 -0.9713 -0.1318
vn -0.0000 -1.0000 0.0000
vn 0.2195 -0.9713 -0.0920
vn -0.0000 -1.0000 0.0000
vn 0.2376 -0.9702 -0.0470
vn 0.4617 -0.8826 -0.0882
vn 0.4701 -0.8826 0.0019
vn 0.4610 -0.8826 0.0919
vn 0.4348 -0.8826 0.1786
vn 0.3925 -0.8826 0.2586
vn 0.3304 -0.8826 0.3344
vn 0.2602 -0.8826 0.3915
vn 0.1803 -0.8826 0.4341
vn 0.0938 -0.8826 0.4606
vn 0.0038 -0.8826 0.4701
vn -0.0938 -0.8826 0.4606
vn -0.1803 -0.8826 0.4341
vn -0.2602 -0.8826 0.3915
vn -0.3304 -0.8826 0.3344
vn -0.3925 -0.8826 0.2586
vn -0.4348 -0.8826 0.1786
vn -0.4610 -0.8826 0.0919
vn -0.4701 -0.8826 0.0019
vn -0.4617 -0.8826 -0.0882
vn -0.4334 -0.8826 -0.1821
vn -0.3905 -0.8826 -0.2617
vn -0.3331 -0.8826 -0.3317
vn -0.2633 -0.8826 -0.3894
vn -0.1768 -0.8826 -0.4355
vn -0.0901 -0.8826 -0.4614
vn -0.0000 -0.8806 -0.4739
vn 0.0901 -0.8826 -0.4614
vn 0.1768 -0.8826 -0.4355
vn 0.2633 -0.8826 -0.3894
vn 0.3331 -0.8826 -0.3317
vn 0.3905 -0.8826 -0.2617
vn 0.4334 -0.8826 -0.1821
vn -0.0000 -1.0000 0.0000
vn -0.0000 -1.0000 0.0000
vn -0.0000 -1.0000 -0.0000
vn -0.0000 -1.0000 -0.0000
vn -0.0000 -1.0000 -0.0000
vn -0.0000 -1.0000 -0.0000
vn -0.0000 -1.0000 0.0000
vn -0.0000 -1.0000 0.0000
vn -0.0000 -1.0000 0.0000
vn -0.0000 -1.0000 0.0000
vn -0.0000 -1.0000 -0.0000
vn -0.0000 -1.0000 -0.0000
vn -0.0000 -1.0000 -0.0000
vn -0.0000 -1.0000 -0.0000
vn -0.0000 -1.0000 0.0000
vn -0.0000 -1.0000 0.0000
vn -0.0000 -1.0000 0.0000
vn -0.0000 -1.0000 0.0000
vn -0.0000 -1.0000 0.0000
vn -0.0000 -1.0000 0.0000
vn -0.0000 -1.0000 0.0000
vn -0.0000 -1.0000 0.0000
vn -0.0000 -1.0000 0.0000
vn -0.0000 -1.0000 0.0000
vn -0.0000 -1.0000 0.0000
vn -0.0000 -1.0000 0.0000
vn -0.0000 -1.0000 0.0000
vn -0.0000 -1.0000 0.0000
vn -0.0000 -1.0000 0.0000
vn -0.0000 -1.0000 0.0000
vn -0.0000 -1.0000 0.0000
vn -0.0000 -1.0000 0.0000
vn -0.0000 -1.0000 0.0000
vn -0.0000 -1.0000 0.0000
vn -0.0000 -1.0000 0.0000
vn -0.0000 -1.0000 0.0000
vn -0.0000 -1.0000 -0.0000
vn -0.0000 -1.0000 -0.0000
vn -0.0000 -1.0000 -0.0000
vn -0.0000 -1.0000 -0.0000
vn -0.0000 -1.0000 -0.0000
vn -0.0000 -1.0000 -0.0000
vn -0.0000 -1.0000 -0.0000
vn -0.0000 -1.0000 -0.0000
vn -0.0000 -1.0000 -0.0000
vn -0.0000 -1.0000 -0.0000
vn -0.0000 -1.0000 0.0000
vn -0.0000 -1.0000 0.0000
vn -0.0000 -1.0000 0.0000
vn -0.0000 -1.0000 0.0000
vn -0.0000 -1.0000 -0.0000
vn -0.0000 -1.0000 -0.0000
vn -0.0000 -1.0000 0.0000
vn -0.0000 -1.0000 0.0000
vn -0.0000 -1.0000 0.0000
vn -0.0000 -1.0000 0.0000
vn -0.0000 -1.0000 -0.0000
vn -0.0000 -1.0000 -0.0000
vn -0.0000 -1.0000 0.0000
vn -0.0000 -1.0000 0.0000
vn -0.0000 -1.0000 0.0000
vn -0.0000 -1.0000 0.0000
vn -0.0000 -1.0000 0.0000
vn -0.0000 -1.0000 0.0000
vn 0.5556 0.0022 0.8315
vn 0.3454 0.4448 0.8264
vn 0.3827 0.0022 0.9239
vn 0.1724 0.4448 0.8789
vn 0.1951 0.0022 0.9808
vn 0.0000 0.4448 0.8956
vn 0.0000 0.0022 1.0000
vn -0.1724 0.4448 0.8789
vn -0.1951 0.0022 0.9808
vn -0.3454 0.4448 0.8264
vn -0.3827 0.0022 0.9239
vn -0.4980 0.4448 0.7444
vn -0.5556 0.0022 0.8315
vn -0.6320 0.4448 0.6346
vn -0.7071 0.0022 0.7071
vn -0.7465 0.4448 0.4948
vn -0.8315 0.0022 0.5556
vn -0.8278 0.4448 0.3419
vn -0.9239 0.0022 0.3827
vn -0.8781 0.4448 0.1761
vn -0.9808 0.0022 0.1951
vn -0.8956 0.4448 0.0038
vn -1.0000 0.0022 0.0000
vn -0.8781 0.4448 -0.1761
vn -0.9808 0.0022 -0.1951
vn -0.8278 0.4448 -0.3419
vn -0.9239 0.0022 -0.3827
vn -0.7465 0.4448 -0.4948
vn -0.8315 0.0022 -0.5556
vn -0.6320 0.4448 -0.6346
vn -0.7071 0.0022 -0.7071
vn -0.4980 0.4448 -0.7444
vn -0.5556 0.0022 -0.8315
vn -0.3454 0.4448 -0.8264
vn -0.3827 0.0022 -0.9239
vn -0.1724 0.4448 -0.8789
vn -0.1951 0.0022 -0.9808
vn -0.0000 0.4448 -0.8956
vn -0.0000 0.0022 -1.0000
vn 0.1724 0.4448 -0.8789
vn 0.1951 0.0022 -0.9808
vn 0.3454 0.4448 -0.8264
vn 0.3827 0.0022 -0.9239
vn 0.4980 0.4448 -0.7444
vn 0.5556 0.0022 -0.8315
vn 0.6320 0.4448 -0.6346
vn 0.7071 0.0022 -0.7071
vn 0.7465 0.4448 -0.4948
vn 0.8315 0.0022 -0.5556
vn 0.8278 0.4448 -0.3419
vn 0.9239 0.0022 -0.3827
vn 0.8781 0.4448 -0.1761
vn 0.9808 0.0022 -0.1951
vn 0.8956 0.4448 -0.0038
vn 1.0000 0.0022 -0.0000
vn 0.8781 0.4448 0.1761
vn 0.9808 0.0022 0.1951
vn 0.8278 0.4448 0.3419
vn 0.9239 0.0022 0.3827
vn 0.7465 0.4448 0.4948
vn 0.8315 0.0022 0.5556
vn 0.6320 0.4448 0.6346
vn 0.7071 0.0022 0.7071
vn 0.4980 0.4448 0.7444
vn 0.1162 0.9781 0.1727
vn 0.0766 0.9781 0.1936
vn 0.0408 0.9781 0.2042
vn -0.0037 0.9781 0.2082
vn -0.0408 0.9781 0.2042
vn -0.0766 0.9781 0.1936
vn -0.1162 0.9781 0.1727
vn -0.1452 0.9781 0.1492
vn -0.1738 0.9781 0.1147
vn -0.1914 0.9781 0.0818
vn -0.2045 0.9781 0.0390
vn -0.2082 0.9781 0.0019
vn -0.2038 0.9781 -0.0427
vn -0.1929 0.9781 -0.0784
vn -0.1717 0.9781 -0.1178
vn -0.1479 0.9781 -0.1466
vn -0.1131 0.9781 -0.1748
vn -0.0801 0.9781 -0.1922
vn -0.0372 0.9781 -0.2049
vn -0.0000 0.9781 -0.2082
vn 0.0372 0.9781 -0.2049
vn 0.0801 0.9781 -0.1922
vn 0.1131 0.9781 -0.1748
vn 0.1479 0.9781 -0.1466
vn 0.1717 0.9781 -0.1178
vn 0.1929 0.9781 -0.0784
vn 0.2038 0.9781 -0.0427
vn 0.2082 0.9781 0.0019
vn 0.2045 0.9781 0.0390
vn 0.1914 0.9781 0.0818
vn 0.1738 0.9781 0.1147
vn 0.1452 0.9781 0.1492
vn -0.0000 1.0000 -0.0000
vn -0.0000 1.0000 -0.0000
vn -0.0000 1.0000 -0.0000
vn -0.0000 1.0000 -0.0000
vn -0.0000 1.0000 -0.0000
vn -0.0000 1.0000 -0.0000
vn -0.0000 1.0000 -0.0000
vn -0.0000 1.0000 -0.0000
vn -0.0000 1.0000 -0.0000
vn -0.0000 1.0000 -0.0000
vn -0.0000 1.0000 -0.0000
vn -0.0000 1.0000 -0.0000
vn -0.0000 1.0000 -0.0000
vn -0.0000 1.0000 -0.0000
vn -0.0000 1.0000 -0.0000
vn -0.0000 1.0000 -0.0000
vn -0.0000 1.0000 -0.0000
vn -0.0000 1.0000 -0.0000
vn -0.0000 1.0000 -0.0000
vn -0.0000 1.0000 -0.0000
vn -0.0000 1.0000 -0.0000
vn -0.0000 1.0000 -0.0000
vn -0.0000 1.0000 -0.0000
vn -0.0000 1.0000 -0.0000
vn -0.0000 1.0000 -0.0000
vn -0.0000 1.0000 -0.0000
vn -0.0000 1.0000 -0.0000
vn -0.0000 1.0000 -0.0000
vn -0.0000 1.0000 -0.0000
vn -0.0000 1.0000 -0.0000
vn -0.0000 1.0000 -0.0000
vn -0.0000 1.0000 -0.0000
vn -0.9063 -0.3157 0.2810
vn -0.9497 -0.1932 0.2466
vn -0.9553 -0.2781 0.0999
vn -0.9737 -0.1932 0.1206
vn -0.9810 -0.1932 -0.0151
vn -0.8892 -0.1803 0.4204
vn -0.8332 -0.3527 0.4258
vn -0.7953 -0.1631 0.5839
vn -0.7428 -0.3198 0.5882
vn -0.6728 -0.1415 0.7262
vn -0.6246 -0.2739 0.7313
vn -0.5201 -0.1112 0.8468
vn -0.4835 -0.2189 0.8475
vn -0.3582 -0.0807 0.9301
vn -0.3261 -0.1545 0.9326
vn -0.1616 -0.0502 0.9856
vn -0.1764 -0.0938 0.9798
vn 0.0490 -0.0633 0.9968
vn -0.1017 -0.1502 0.9834
vn -0.0415 -0.2231 0.9739
vn -0.1055 -0.3731 0.9218
vn 0.0490 -0.4053 0.9129
vn 0.0453 -0.5689 0.8212
vn 0.2601 -0.5250 0.8104
vn 0.3080 -0.6585 0.6867
vn 0.5417 -0.5063 0.6710
vn 0.6198 -0.5903 0.5171
vn 0.7997 -0.3198 0.5082
vn 0.8733 -0.3527 0.3362
vn 0.9292 -0.1803 0.3226
vn 0.9695 -0.1932 0.1505
vn -0.6603 -0.6780 0.3231
vn -0.6318 -0.6552 0.4142
vn -0.5634 -0.5903 0.5781
vn -0.4682 -0.5063 0.7242
vn -0.3601 -0.4013 0.8422
vn -0.2355 -0.2865 0.9287
vn -0.1725 -0.5250 0.8334
vn 0.0340 -0.7125 0.7009
vn 0.3469 -0.7710 0.5340
vn 0.6735 -0.6552 0.3423
vn 0.9143 -0.3731 0.1578
vn 0.9810 -0.1932 0.0151
vn -0.2376 -0.6585 0.7141
vn 0.0302 -0.8358 0.5481
vn 0.3726 -0.8545 0.3619
vn 0.7006 -0.6939 0.1665
vn 0.9243 -0.3812 0.0208
vn 0.9173 -0.3812 -0.1149
vn 0.9737 -0.1932 -0.1206
vn 0.9497 -0.1932 -0.2466
vn -0.2879 -0.7710 0.5680
vn 0.0189 -0.9253 0.3787
vn 0.4391 -0.8743 0.2070
vn 0.7070 -0.7063 0.0359
vn 0.6997 -0.7063 -0.1072
vn 0.8945 -0.3731 -0.2462
vn 0.8892 -0.1803 -0.4204
vn 0.4844 -0.8743 0.0321
vn 0.4786 -0.8743 -0.0810
vn 0.6805 -0.6939 -0.2354
vn 0.8332 -0.3527 -0.4258
vn 0.7930 -0.1631 -0.5869
vn -0.0000 -1.0000 -0.0000
vn -0.0000 -1.0000 0.0000
vn -0.3827 -0.9237 0.0189
vn -0.3827 -0.9237 0.0189
vn -0.7070 -0.7063 0.0359
vn -0.7070 -0.7063 0.0359
vn -0.9605 -0.2781 -0.0057
vn -0.9312 -0.3157 -0.1821
vn -0.9695 -0.1932 -0.1505
vn -0.8733 -0.3527 -0.3362
vn -0.9292 -0.1803 -0.3226
vn -0.7997 -0.3198 -0.5082
vn -0.8513 -0.1631 -0.4987
vn -0.6959 -0.2739 -0.6639
vn -0.7414 -0.1415 -0.6560
vn -0.5662 -0.2189 -0.7947
vn -0.6041 -0.1112 -0.7891
vn -0.4170 -0.1545 -0.8957
vn -0.4513 -0.0807 -0.8887
vn -0.2756 -0.0938 -0.9567
vn -0.2612 -0.0502 -0.9640
vn -0.0528 -0.0633 -0.9966
vn -0.2024 -0.1502 -0.9677
vn -0.3328 -0.2865 -0.8984
vn -0.4415 -0.4013 -0.8025
vn -0.5387 -0.5063 -0.6734
vn -0.6174 -0.5903 -0.5200
vn -0.6735 -0.6552 -0.3423
vn -0.6887 -0.6780 -0.2571
vn -0.1430 -0.2231 -0.9642
vn -0.2022 -0.3731 -0.9055
vn -0.2601 -0.5250 -0.8104
vn -0.3080 -0.6585 -0.6867
vn -0.3501 -0.7710 -0.5320
vn -0.3726 -0.8545 -0.3619
vn -0.3814 -0.8847 -0.2682
vn -0.0529 -0.2103 -0.9762
vn -0.0453 -0.4053 -0.9131
vn -0.0453 -0.5689 -0.8212
vn -0.0378 -0.7125 -0.7007
vn -0.0302 -0.8358 -0.5481
vn -0.0227 -0.9253 -0.3785
vn -0.0151 -0.9575 -0.2882
vn 0.0453 -0.2231 -0.9737
vn 0.1055 -0.3731 -0.9218
vn 0.1725 -0.5250 -0.8334
vn 0.2376 -0.6585 -0.7141
vn 0.2913 -0.7710 -0.5663
vn 0.3339 -0.8545 -0.3979
vn 0.4120 -0.8743 -0.2568
vn 0.0980 -0.1502 -0.9838
vn 0.2391 -0.2865 -0.9278
vn 0.3601 -0.4013 -0.8422
vn 0.4651 -0.5063 -0.7262
vn 0.5607 -0.5903 -0.5807
vn 0.6318 -0.6552 -0.4142
vn 0.1727 -0.0938 -0.9805
vn 0.3261 -0.1545 -0.9326
vn 0.4835 -0.2189 -0.8475
vn 0.6246 -0.2739 -0.7313
vn 0.7428 -0.3198 -0.5882
vn 0.1579 -0.0502 -0.9862
vn 0.3547 -0.0807 -0.9315
vn 0.5234 -0.1112 -0.8448
vn 0.6728 -0.1415 -0.7262
vn 0.0151 -0.9575 0.2882
vn -0.3339 -0.8545 0.3979
vn -0.3510 -0.8847 0.3069
vn 0.8493 -0.1631 0.5020
vn 0.6959 -0.2739 0.6639
vn 0.4415 -0.4013 0.8025
vn 0.2022 -0.3731 0.9055
vn 0.0491 -0.2103 0.9764
vn 0.7414 -0.1415 0.6560
vn 0.5662 -0.2189 0.7947
vn 0.3293 -0.2865 0.8997
vn 0.1392 -0.2231 0.9648
vn 0.6071 -0.1112 0.7868
vn 0.4170 -0.1545 0.8957
vn 0.1987 -0.1502 0.9685
vn 0.4480 -0.0807 0.8904
vn 0.2719 -0.0938 0.9577
vn 0.2576 -0.0502 0.9650
vn 0.1387 0.6875 0.7128
vn 0.0000 0.7156 0.6986
vn -0.0038 0.6875 0.7261
vn -0.1349 0.7156 0.6854
vn -0.1387 0.6875 0.7128
vn -0.2647 0.7156 0.6465
vn -0.2757 0.6875 0.6718
vn -0.3908 0.7156 0.5790
vn -0.4021 0.6875 0.6047
vn -0.4953 0.7156 0.4926
vn -0.5128 0.6875 0.5141
vn -0.5811 0.7156 0.3877
vn -0.6036 0.6875 0.4036
vn -0.6450 0.7156 0.2682
vn -0.6711 0.6875 0.2775
vn -0.6847 0.7156 0.1386
vn -0.7124 0.6875 0.1405
vn -0.6985 0.7156 0.0038
vn -0.7261 0.6875 -0.0019
vn -0.6847 0.7156 -0.1386
vn -0.7117 0.6875 -0.1442
vn -0.6450 0.7156 -0.2682
vn -0.6696 0.6875 -0.2809
vn -0.5811 0.7156 -0.3877
vn -0.6057 0.6875 -0.4005
vn -0.4953 0.7156 -0.4926
vn -0.5155 0.6875 -0.5115
vn -0.3908 0.7156 -0.5790
vn -0.4052 0.6875 -0.6026
vn -0.2647 0.7156 -0.6465
vn -0.2792 0.6875 -0.6703
vn -0.1349 0.7156 -0.6854
vn -0.1424 0.6875 -0.7121
vn -0.0000 0.7156 -0.6986
vn -0.0000 0.6875 -0.7262
vn 0.1349 0.7156 -0.6854
vn 0.1424 0.6875 -0.7121
vn 0.2647 0.7156 -0.6465
vn 0.2792 0.6875 -0.6703
vn 0.3908 0.7156 -0.5790
vn 0.4052 0.6875 -0.6026
vn 0.4953 0.7156 -0.4926
vn 0.5155 0.6875 -0.5115
vn 0.5811 0.7156 -0.3877
vn 0.6057 0.6875 -0.4005
vn 0.6450 0.7156 -0.2682
vn 0.6696 0.6875 -0.2809
vn 0.6847 0.7156 -0.1386
vn 0.7117 0.6875 -0.1442
vn 0.6985 0.7156 -0.0038
vn 0.7261 0.6875 -0.0019
vn 0.6847 0.7156 0.1386
vn 0.7124 0.6875 0.1405
vn 0.6450 0.7156 0.2682
vn 0.6711 0.6875 0.2775
vn 0.5811 0.7156 0.3877
vn 0.6036 0.6875 0.4036
vn 0.4953 0.7156 0.4926
vn 0.5128 0.6875 0.5141
vn 0.3908 0.7156 0.5790
vn 0.4021 0.6875 0.6047
vn 0.2647 0.7156 0.6465
vn 0.2757 0.6875 0.6718
vn 0.1349 0.7156 0.6854
vn 0.1235 0.7847 0.6074
vn 0.2385 0.7847 0.5721
vn 0.3446 0.7847 0.5152
vn 0.4376 0.7847 0.4389
vn 0.5142 0.7847 0.3461
vn 0.5714 0.7847 0.2402
vn 0.6085 0.7847 0.1179
vn 0.6198 0.7847 -0.0019
vn 0.6078 0.7847 -0.1216
vn 0.5728 0.7847 -0.2368
vn 0.5163 0.7847 -0.3430
vn 0.4403 0.7847 -0.4363
vn 0.3414 0.7847 -0.5173
vn 0.2350 0.7847 -0.5735
vn 0.1198 0.7847 -0.6081
vn -0.0000 0.7847 -0.6198
vn -0.1198 0.7847 -0.6081
vn -0.2350 0.7847 -0.5735
vn -0.3414 0.7847 -0.5173
vn -0.4403 0.7847 -0.4363
vn -0.5163 0.7847 -0.3430
vn -0.5728 0.7847 -0.2368
vn -0.6078 0.7847 -0.1216
vn -0.6198 0.7847 -0.0019
vn -0.6085 0.7847 0.1179
vn -0.5714 0.7847 0.2402
vn -0.5142 0.7847 0.3461
vn -0.4376 0.7847 0.4389
vn -0.3446 0.7847 0.5152
vn -0.2385 0.7847 0.5721
vn -0.1235 0.7847 0.6074
vn 0.0038 0.7847 0.6198
vn -0.1011 0.8545 0.5095
vn -0.0038 0.8545 0.5194
vn 0.0000 0.8966 0.4429
vn 0.0896 0.8966 0.4337
vn -0.2018 0.8545 0.4786
vn -0.2880 0.8545 0.4323
vn -0.3693 0.8545 0.3653
vn -0.4312 0.8545 0.2896
vn -0.4808 0.8545 0.1966
vn -0.5091 0.8545 0.1030
vn -0.5194 0.8545 -0.0019
vn -0.5099 0.8545 -0.0993
vn -0.4793 0.8545 -0.2001
vn -0.4333 0.8545 -0.2864
vn -0.3666 0.8545 -0.3680
vn -0.2911 0.8545 -0.4302
vn -0.1983 0.8545 -0.4801
vn -0.1048 0.8545 -0.5087
vn -0.0000 0.8545 -0.5194
vn 0.1048 0.8545 -0.5087
vn 0.1983 0.8545 -0.4801
vn 0.2911 0.8545 -0.4302
vn 0.3666 0.8545 -0.3680
vn 0.4333 0.8545 -0.2864
vn 0.4793 0.8545 -0.2001
vn 0.5099 0.8545 -0.0993
vn 0.5194 0.8545 -0.0019
vn 0.5091 0.8545 0.1030
vn 0.4808 0.8545 0.1966
vn 0.4312 0.8545 0.2896
vn 0.3693 0.8545 0.3653
vn 0.2880 0.8545 0.4323
vn 0.2018 0.8545 0.4786
vn 0.1011 0.8545 0.5095
vn -0.1686 0.8966 0.4095
vn -0.2480 0.8966 0.3669
vn -0.3118 0.8966 0.3145
vn -0.3690 0.8966 0.2449
vn -0.4081 0.8966 0.1721
vn -0.4344 0.8966 0.0859
vn -0.4428 0.8966 0.0038
vn -0.4344 0.8966 -0.0859
vn -0.4081 0.8966 -0.1721
vn -0.3690 0.8966 -0.2449
vn -0.3118 0.8966 -0.3145
vn -0.2480 0.8966 -0.3669
vn -0.1686 0.8966 -0.4095
vn -0.0896 0.8966 -0.4337
vn -0.0000 0.8966 -0.4429
vn 0.0896 0.8966 -0.4337
vn 0.1686 0.8966 -0.4095
vn 0.2480 0.8966 -0.3669
vn 0.3118 0.8966 -0.3145
vn 0.3690 0.8966 -0.2449
vn 0.4081 0.8966 -0.1721
vn 0.4344 0.8966 -0.0859
vn 0.4428 0.8966 -0.0038
vn 0.4344 0.8966 0.0859
vn 0.4081 0.8966 0.1721
vn 0.3690 0.8966 0.2449
vn 0.3118 0.8966 0.3145
vn 0.2480 0.8966 0.3669
vn 0.1686 0.8966 0.4095
vn -0.0896 0.8966 0.4337
vn 0.0151 -0.4987 -0.8666
vn 0.0151 -0.4987 -0.8666
vn 0.1800 -0.4987 -0.8479
vn 0.1800 -0.4987 -0.8479
vn 0.3452 -0.4987 -0.7951
vn 0.3452 -0.4987 -0.7951
vn 0.4903 -0.4987 -0.7147
vn 0.4903 -0.4987 -0.7147
vn 0.6228 -0.4987 -0.6028
vn 0.6228 -0.4987 -0.6028
vn 0.7263 -0.4987 -0.4731
vn 0.7263 -0.4987 -0.4731
vn 0.8059 -0.4987 -0.3190
vn 0.8059 -0.4987 -0.3190
vn 0.8519 -0.4987 -0.1596
vn 0.8519 -0.4987 -0.1596
vn 0.8667 -0.4987 0.0132
vn 0.8667 -0.4987 0.0132
vn 0.8483 -0.4987 0.1781
vn 0.8483 -0.4987 0.1781
vn 0.7958 -0.4987 0.3434
vn 0.7958 -0.4987 0.3434
vn 0.7158 -0.4987 0.4888
vn 0.7158 -0.4987 0.4888
vn 0.6095 -0.4987 0.6162
vn 0.6095 -0.4987 0.6162
vn 0.5240 -0.4987 0.6904
vn 0.5240 -0.4987 0.6904
vn 0.4164 -0.4987 0.7602
vn 0.4164 -0.4987 0.7602
vn 0.3137 -0.4987 0.8080
vn 0.3137 -0.4987 0.8080
vn 0.1540 -0.4987 0.8530
vn 0.1540 -0.4987 0.8530
vn -0.0113 -0.4987 0.8667
vn -0.0113 -0.4987 0.8667
vn -0.1837 -0.4987 0.8471
vn -0.1837 -0.4987 0.8471
vn -0.3417 -0.4987 0.7966
vn -0.3417 -0.4987 0.7966
vn -0.4934 -0.4987 0.7126
vn -0.4934 -0.4987 0.7126
vn -0.6202 -0.4987 0.6055
vn -0.6202 -0.4987 0.6055
vn -0.7283 -0.4987 0.4699
vn -0.7283 -0.4987 0.4699
vn -0.8045 -0.4987 0.3225
vn -0.8045 -0.4987 0.3225
vn -0.8526 -0.4987 0.1559
vn -0.8526 -0.4987 0.1559
vn -0.8667 -0.4987 -0.0094
vn -0.8667 -0.4987 -0.0094
vn -0.8475 -0.4987 -0.1818
vn -0.8475 -0.4987 -0.1818
vn -0.7973 -0.4987 -0.3400
vn -0.7973 -0.4987 -0.3400
vn -0.7137 -0.4987 -0.4919
vn -0.7137 -0.4987 -0.4919
vn -0.6122 -0.4987 -0.6136
vn -0.6122 -0.4987 -0.6136
vn -0.5210 -0.4987 -0.6927
vn -0.5210 -0.4987 -0.6927
vn -0.4197 -0.4987 -0.7584
vn -0.4197 -0.4987 -0.7584
vn -0.3102 -0.4987 -0.8093
vn -0.3102 -0.4987 -0.8093
vn -0.1577 -0.4987 -0.8523
vn -0.1577 -0.4987 -0.8523
vn -0.0000 0.9902 -0.1394
vn -0.0000 0.9920 -0.1264
vn 0.0297 0.9902 -0.1362
vn 0.0221 0.9920 -0.1244
vn 0.0512 0.9902 -0.1296
vn 0.0505 0.9920 -0.1158
vn 0.0776 0.9902 -0.1157
vn 0.0700 0.9920 -0.1052
vn 0.1005 0.9902 -0.0965
vn 0.0874 0.9920 -0.0913
vn 0.1147 0.9902 -0.0792
vn 0.1062 0.9920 -0.0685
vn 0.1289 0.9902 -0.0529
vn 0.1166 0.9920 -0.0488
vn 0.1372 0.9902 -0.0242
vn 0.1233 0.9920 -0.0276
vn 0.1394 0.9902 -0.0019
vn 0.1264 0.9920 0.0019
vn 0.1365 0.9902 0.0279
vn 0.1241 0.9920 0.0240
vn 0.1275 0.9902 0.0563
vn 0.1180 0.9920 0.0453
vn 0.1168 0.9902 0.0761
vn 0.1042 0.9920 0.0716
vn 0.0979 0.9902 0.0992
vn 0.0900 0.9920 0.0887
vn 0.0745 0.9902 0.1178
vn 0.0731 0.9920 0.1031
vn 0.0546 0.9902 0.1282
vn 0.0471 0.9920 0.1173
vn 0.0260 0.9902 0.1369
vn 0.0258 0.9920 0.1237
vn 0.0037 0.9902 0.1393
vn -0.0037 0.9920 0.1263
vn -0.0260 0.9902 0.1369
vn -0.0258 0.9920 0.1237
vn -0.0546 0.9902 0.1282
vn -0.0471 0.9920 0.1173
vn -0.0745 0.9902 0.1178
vn -0.0731 0.9920 0.1031
vn -0.0979 0.9902 0.0992
vn -0.0900 0.9920 0.0887
vn -0.1168 0.9902 0.0761
vn -0.1042 0.9920 0.0716
vn -0.1275 0.9902 0.0563
vn -0.1180 0.9920 0.0453
vn -0.1365 0.9902 0.0279
vn -0.1241 0.9920 0.0240
vn -0.1394 0.9902 -0.0019
vn -0.1264 0.9920 0.0019
vn -0.1372 0.9902 -0.0242
vn -0.1233 0.9920 -0.0276
vn -0.1289 0.9902 -0.0529
vn -0.1166 0.9920 -0.0488
vn -0.1147 0.9902 -0.0792
vn -0.1062 0.9920 -0.0685
vn -0.1005 0.9902 -0.0965
vn -0.0874 0.9920 -0.0913
vn -0.0776 0.9902 -0.1157
vn -0.0700 0.9920 -0.1052
vn -0.0512 0.9902 -0.1296
vn -0.0505 0.9920 -0.1158
vn -0.0297 0.9902 -0.1362
vn -0.0221 0.9920 -0.1244
vn -0.0148 0.9966 -0.0816
vn -0.0000 0.9972 -0.0742
vn 0.0148 0.9966 -0.0816
vn 0.0288 0.9972 -0.0684
vn 0.0487 0.9966 -0.0671
vn 0.0531 0.9972 -0.0518
vn 0.0692 0.9966 -0.0457
vn 0.0691 0.9972 -0.0271
vn 0.0808 0.9966 -0.0185
vn 0.0742 0.9972 0.0019
vn 0.0808 0.9966 0.0185
vn 0.0676 0.9972 0.0305
vn 0.0692 0.9966 0.0457
vn 0.0505 0.9972 0.0544
vn 0.0487 0.9966 0.0671
vn 0.0254 0.9972 0.0697
vn 0.0148 0.9966 0.0816
vn -0.0037 0.9972 0.0741
vn -0.0148 0.9966 0.0816
vn -0.0254 0.9972 0.0697
vn -0.0487 0.9966 0.0671
vn -0.0505 0.9972 0.0544
vn -0.0692 0.9966 0.0457
vn -0.0676 0.9972 0.0305
vn -0.0808 0.9966 0.0185
vn -0.0742 0.9972 0.0019
vn -0.0808 0.9966 -0.0185
vn -0.0691 0.9972 -0.0271
vn -0.0692 0.9966 -0.0457
vn -0.0531 0.9972 -0.0518
vn -0.0487 0.9966 -0.0671
vn -0.0288 0.9972 -0.0684
vn -0.0000 1.0000 -0.0000
vn -0.0000 -1.0000 0.0000
vn -0.0000 -1.0000 0.0000
vn -0.0000 -1.0000 0.0000
vn -0.0000 -1.0000 0.0000
vn -0.0000 -1.0000 0.0000
vn -0.0000 -1.0000 0.0000
vn -0.0000 -1.0000 -0.0000
vn -0.0000 -1.0000 0.0000
vn -0.0000 1.0000 -0.0000
vt 0.3360416293144226 0.02363370545208454 
vt 0.33324721455574036 0.02455139346420765 
vt 0.34138745069503784 0.014342114329338074 
vt 0.3215835988521576 0.013997981324791908 
vt 0.34272390604019165 0.012047894299030304 
vt 0.3196396827697754 0.012047894299030304 
vt 0.31453683972358704 0.012047894299030304 
vt 0.31453683972358704 0.013309715315699577 
vt 0.30834054946899414 0.012047894299030304 
vt 0.30834054946899414 0.013309715315699577 
vt 0.31453683972358704 0.01617749035358429 
vt 0.30834054946899414 0.01617749035358429 
vt 0.9723162055015564 0.09188675135374069 
vt 0.9713442325592041 0.09119848161935806 
vt 0.9723162055015564 0.08110391348600388 
vt 0.969764769077301 0.0823657363653183 
vt 0.9684283137321472 0.09177204221487045 
vt 0.9668488502502441 0.08282458037137985 
vt 0.07446074485778809 0.7010021805763245 
vt 0.06814295798540115 0.7010021805763245 
vt 0.07446074485778809 0.6826484203338623 
vt 0.06814295798540115 0.6826484203338623 
vt 0.07446074485778809 0.664409339427948 
vt 0.06814295798540115 0.664409339427948 
vt 0.07446074485778809 0.6461703181266785 
vt 0.06814295798540115 0.6461703181266785 
vt 0.07446074485778809 0.6278165578842163 
vt 0.06814295798540115 0.6278165578842163 
vt 0.07446074485778809 0.609577476978302 
vt 0.06814295798540115 0.609577476978302 
vt 0.07446074485778809 0.5912237167358398 
vt 0.06814295798540115 0.5912237167358398 
vt 0.07446074485778809 0.5729846954345703 
vt 0.06814295798540115 0.5729846954345703 
vt 0.07446074485778809 0.554745614528656 
vt 0.06814295798540115 0.554745614528656 
vt 0.07446074485778809 0.5363918542861938 
vt 0.06814295798540115 0.5363918542861938 
vt 0.07446074485778809 0.5181528329849243 
vt 0.06814295798540115 0.5181528329849243 
vt 0.07446074485778809 0.4999137818813324 
vt 0.06814295798540115 0.4999137818813324 
vt 0.07446074485778809 0.48156002163887024 
vt 0.06814295798540115 0.48156002163887024 
vt 0.07446074485778809 0.4633209705352783 
vt 0.06814295798540115 0.4633209705352783 
vt 0.07446074485778809 0.4450819194316864 
vt 0.06814295798540115 0.4450819194316864 
vt 0.07446074485778809 0.42672815918922424 
vt 0.06814295798540115 0.42672815918922424 
vt 0.07446074485778809 0.4084891080856323 
vt 0.06814295798540115 0.4084891080856323 
vt 0.04712414741516113 0.7010021805763245 
vt 0.04712414741516113 0.6826484203338623 
vt 0.04712414741516113 0.664409339427948 
vt 0.04712414741516113 0.6461703181266785 
vt 0.04712414741516113 0.6278165578842163 
vt 0.04712414741516113 0.609577476978302 
vt 0.04712414741516113 0.5912237167358398 
vt 0.04712414741516113 0.5729846954345703 
vt 0.04712414741516113 0.554745614528656 
vt 0.04712414741516113 0.5363918542861938 
vt 0.04712414741516113 0.5181528329849243 
vt 0.04712414741516113 0.4999137818813324 
vt 0.04712414741516113 0.48156002163887024 
vt 0.04712414741516113 0.4633209705352783 
vt 0.04712414741516113 0.4450819194316864 
vt 0.04712414741516113 0.42672815918922424 
vt 0.04712414741516113 0.4084891080856323 
vt 0.0408063568174839 0.7010021805763245 
vt 0.0408063568174839 0.6826484203338623 
vt 0.0408063568174839 0.664409339427948 
vt 0.0408063568174839 0.6461703181266785 
vt 0.0408063568174839 0.6278165578842163 
vt 0.0408063568174839 0.609577476978302 
vt 0.0408063568174839 0.5912237167358398 
vt 0.0408063568174839 0.5729846954345703 
vt 0.0408063568174839 0.554745614528656 
vt 0.0408063568174839 0.5363918542861938 
vt 0.0408063568174839 0.5181528329849243 
vt 0.0408063568174839 0.4999137818813324 
vt 0.0408063568174839 0.48156002163887024 
vt 0.0408063568174839 0.4633209705352783 
vt 0.0408063568174839 0.4450819194316864 
vt 0.0408063568174839 0.42672815918922424 
vt 0.0408063568174839 0.4084891080856323 
vt 0.6221647262573242 0.3363358974456787 
vt 0.6221647262573242 0.33461523056030273 
vt 0.622772216796875 0.33794185519218445 
vt 0.6265385746955872 0.3354181945323944 
vt 0.6239871382713318 0.33908894658088684 
vt 0.6255666017532349 0.33977723121643066 
vt 0.622772216796875 0.333009272813797 
vt 0.6239871382713318 0.331747442483902 
vt 0.6255666017532349 0.3311738967895508 
vt 0.6273890733718872 0.3311738967895508 
vt 0.6289684772491455 0.331747442483902 
vt 0.6301834583282471 0.333009272813797 
vt 0.6307909488677979 0.33461523056030273 
vt 0.6307909488677979 0.3363358974456787 
vt 0.6301834583282471 0.33794185519218445 
vt 0.6289684772491455 0.33908894658088684 
vt 0.6273890733718872 0.33977723121643066 
vt 0.6429405212402344 0.24582891166210175 
vt 0.6429405212402344 0.24410824477672577 
vt 0.6450059413909912 0.24582891166210175 
vt 0.6450059413909912 0.24410824477672577 
vt 0.6471928954124451 0.24582891166210175 
vt 0.6471928954124451 0.24410824477672577 
vt 0.6492583155632019 0.24582891166210175 
vt 0.6492583155632019 0.24410824477672577 
vt 0.6513237357139587 0.24582891166210175 
vt 0.6513237357139587 0.24410824477672577 
vt 0.6533892154693604 0.24582891166210175 
vt 0.6533892154693604 0.24410824477672577 
vt 0.6554546356201172 0.24582891166210175 
vt 0.6554546356201172 0.24410824477672577 
vt 0.657520055770874 0.24582891166210175 
vt 0.657520055770874 0.24410824477672577 
vt 0.6595854759216309 0.24582891166210175 
vt 0.6595854759216309 0.24410824477672577 
vt 0.6617724299430847 0.24582891166210175 
vt 0.6617724299430847 0.24410824477672577 
vt 0.6638378500938416 0.24582891166210175 
vt 0.6638378500938416 0.24410824477672577 
vt 0.6659032702445984 0.24582891166210175 
vt 0.6659032702445984 0.24410824477672577 
vt 0.6679686903953552 0.24582891166210175 
vt 0.6679686903953552 0.24410824477672577 
vt 0.6700341105461121 0.24582891166210175 
vt 0.6700341105461121 0.24410824477672577 
vt 0.6720995903015137 0.24582891166210175 
vt 0.6720995903015137 0.24410824477672577 
vt 0.6742864847183228 0.24582891166210175 
vt 0.6742864847183228 0.24410824477672577 
vt 0.6763519048690796 0.24582891166210175 
vt 0.6763519048690796 0.24410824477672577 
vt 0.8470538258552551 0.14591562747955322 
vt 0.8464463353157043 0.14591562747955322 
vt 0.8470538258552551 0.14419496059417725 
vt 0.8464463353157043 0.14419496059417725 
vt 0.8470538258552551 0.14247429370880127 
vt 0.8464463353157043 0.14247429370880127 
vt 0.8470538258552551 0.1407536417245865 
vt 0.8464463353157043 0.1407536417245865 
vt 0.8470538258552551 0.1390329748392105 
vt 0.8464463353157043 0.1390329748392105 
vt 0.8470538258552551 0.13731230795383453 
vt 0.8464463353157043 0.13731230795383453 
vt 0.8470538258552551 0.13559164106845856 
vt 0.8464463353157043 0.13559164106845856 
vt 0.8470538258552551 0.13387097418308258 
vt 0.8464463353157043 0.13387097418308258 
vt 0.8470538258552551 0.1321503072977066 
vt 0.8464463353157043 0.1321503072977066 
vt 0.8470538258552551 0.13042964041233063 
vt 0.8464463353157043 0.13042964041233063 
vt 0.8470538258552551 0.12870898842811584 
vt 0.8464463353157043 0.12870898842811584 
vt 0.8470538258552551 0.12698832154273987 
vt 0.8464463353157043 0.12698832154273987 
vt 0.8470538258552551 0.1252676546573639 
vt 0.8464463353157043 0.1252676546573639 
vt 0.8470538258552551 0.12354698777198792 
vt 0.8464463353157043 0.12354698777198792 
vt 0.8470538258552551 0.12182632088661194 
vt 0.8464463353157043 0.12182632088661194 
vt 0.8470538258552551 0.12010565400123596 
vt 0.8464463353157043 0.12010565400123596 
vt 0.8470538258552551 0.11838499456644058 
vt 0.8464463353157043 0.11838499456644058 
vt 0.4202383756637573 0.04106977581977844 
vt 0.421817809343338 0.04106977581977844 
vt 0.4202383756637573 0.043134573847055435 
vt 0.421817809343338 0.043134573847055435 
vt 0.4202383756637573 0.04519937187433243 
vt 0.421817809343338 0.04519937187433243 
vt 0.4202383756637573 0.04737888276576996 
vt 0.421817809343338 0.04737888276576996 
vt 0.4202383756637573 0.04944368079304695 
vt 0.421817809343338 0.04944368079304695 
vt 0.4202383756637573 0.051508478820323944 
vt 0.421817809343338 0.051508478820323944 
vt 0.4202383756637573 0.05357327684760094 
vt 0.421817809343338 0.05357327684760094 
vt 0.4202383756637573 0.05563807487487793 
vt 0.421817809343338 0.05563807487487793 
vt 0.4202383756637573 0.05781758204102516 
vt 0.421817809343338 0.05781758204102516 
vt 0.4202383756637573 0.059882380068302155 
vt 0.421817809343338 0.059882380068302155 
vt 0.4202383756637573 0.06194717809557915 
vt 0.421817809343338 0.06194717809557915 
vt 0.4202383756637573 0.06401197612285614 
vt 0.421817809343338 0.06401197612285614 
vt 0.4202383756637573 0.06607677787542343 
vt 0.421817809343338 0.06607677787542343 
vt 0.4202383756637573 0.06814157217741013 
vt 0.421817809343338 0.06814157217741013 
vt 0.4202383756637573 0.07032108306884766 
vt 0.421817809343338 0.07032108306884766 
vt 0.4202383756637573 0.07238587737083435 
vt 0.421817809343338 0.07238587737083435 
vt 0.4202383756637573 0.07445067912340164 
vt 0.421817809343338 0.07445067912340164 
vt 0.8616333603858948 0.12652947008609772 
vt 0.861025869846344 0.12652947008609772 
vt 0.8616333603858948 0.12480881065130234 
vt 0.861025869846344 0.12480881065130234 
vt 0.8616333603858948 0.12308814376592636 
vt 0.861025869846344 0.12308814376592636 
vt 0.8616333603858948 0.12136747688055038 
vt 0.861025869846344 0.12136747688055038 
vt 0.8616333603858948 0.11964680999517441 
vt 0.861025869846344 0.11964680999517441 
vt 0.8616333603858948 0.11792615056037903 
vt 0.861025869846344 0.11792615056037903 
vt 0.8616333603858948 0.11620548367500305 
vt 0.861025869846344 0.11620548367500305 
vt 0.8616333603858948 0.11448481678962708 
vt 0.861025869846344 0.11448481678962708 
vt 0.8616333603858948 0.1127641499042511 
vt 0.861025869846344 0.1127641499042511 
vt 0.8616333603858948 0.11115819960832596 
vt 0.861025869846344 0.11115819960832596 
vt 0.8616333603858948 0.10943753272294998 
vt 0.861025869846344 0.10943753272294998 
vt 0.8616333603858948 0.107716865837574 
vt 0.861025869846344 0.107716865837574 
vt 0.8616333603858948 0.10599620640277863 
vt 0.861025869846344 0.10599620640277863 
vt 0.8616333603858948 0.10427553951740265 
vt 0.861025869846344 0.10427553951740265 
vt 0.8616333603858948 0.10255487263202667 
vt 0.861025869846344 0.10255487263202667 
vt 0.8616333603858948 0.1008342057466507 
vt 0.861025869846344 0.1008342057466507 
vt 0.8616333603858948 0.09911354631185532 
vt 0.861025869846344 0.09911354631185532 
vt 0.5615382194519043 0.17229916155338287 
vt 0.5632391571998596 0.17161089181900024 
vt 0.5603232383728027 0.17344626784324646 
vt 0.5640896558761597 0.1759699136018753 
vt 0.559715747833252 0.1750522255897522 
vt 0.559715747833252 0.17677289247512817 
vt 0.5649400949478149 0.17161089181900024 
vt 0.566519558429718 0.17229916155338287 
vt 0.5677344799041748 0.17344626784324646 
vt 0.5683419704437256 0.1750522255897522 
vt 0.5683419704437256 0.17677289247512817 
vt 0.5677344799041748 0.1783788502216339 
vt 0.566519558429718 0.1795259565114975 
vt 0.5649400949478149 0.18021422624588013 
vt 0.5632391571998596 0.18021422624588013 
vt 0.5615382194519043 0.1795259565114975 
vt 0.5604447722434998 0.1783788502216339 
vt 0.10775065422058105 0.0024121699389070272 
vt 0.10775065422058105 0.006197633221745491 
vt 0.10519923269748688 0.0024121699389070272 
vt 0.10519923269748688 0.006197633221745491 
vt 0.09450758993625641 0.0024121699389070272 
vt 0.09450758993625641 0.006197633221745491 
vt 0.09159168601036072 0.0024121699389070272 
vt 0.09159168601036072 0.006197633221745491 
vt 0.07579720765352249 0.0024121699389070272 
vt 0.07579720765352249 0.006197633221745491 
vt 0.07300279289484024 0.0024121699389070272 
vt 0.07300279289484024 0.006197633221745491 
vt 0.09450758993625641 0.012277316302061081 
vt 0.09159168601036072 0.012277316302061081 
vt 0.07579720765352249 0.012277316302061081 
vt 0.07300279289484024 0.012277316302061081 
vt 0.09450758993625641 0.0160627793520689 
vt 0.09159168601036072 0.0160627793520689 
vt 0.07579720765352249 0.0160627793520689 
vt 0.07300279289484024 0.0160627793520689 
vt 0.09450758993625641 0.019733531400561333 
vt 0.09159168601036072 0.019733531400561333 
vt 0.07579720765352249 0.019733531400561333 
vt 0.07300279289484024 0.019733531400561333 
vt 0.09450758993625641 0.02592792548239231 
vt 0.09159168601036072 0.02592792548239231 
vt 0.07579720765352249 0.02592792548239231 
vt 0.07300279289484024 0.02592792548239231 
vt 0.09450758993625641 0.029598677530884743 
vt 0.09159168601036072 0.029598677530884743 
vt 0.07579720765352249 0.029598677530884743 
vt 0.07300279289484024 0.029598677530884743 
vt 0.10519923269748688 0.029598677530884743 
vt 0.10519923269748688 0.02592792548239231 
vt 0.10775065422058105 0.029598677530884743 
vt 0.10775065422058105 0.02592792548239231 
vt 0.10519923269748688 0.019733531400561333 
vt 0.10775065422058105 0.019733531400561333 
vt 0.10519923269748688 0.0160627793520689 
vt 0.10775065422058105 0.0160627793520689 
vt 0.10519923269748688 0.012277316302061081 
vt 0.10775065422058105 0.012277316302061081 
vt 0.8064741492271423 0.253743976354599 
vt 0.8064741492271423 0.255464643239975 
vt 0.8042871952056885 0.253743976354599 
vt 0.8042871952056885 0.255464643239975 
vt 0.8022217750549316 0.253743976354599 
vt 0.8022217750549316 0.255464643239975 
vt 0.8001563549041748 0.253743976354599 
vt 0.8001563549041748 0.255464643239975 
vt 0.798090934753418 0.253743976354599 
vt 0.798090934753418 0.255464643239975 
vt 0.7960255146026611 0.253743976354599 
vt 0.7960255146026611 0.255464643239975 
vt 0.7939600348472595 0.253743976354599 
vt 0.7939600348472595 0.255464643239975 
vt 0.7917731404304504 0.253743976354599 
vt 0.7917731404304504 0.255464643239975 
vt 0.7897077202796936 0.253743976354599 
vt 0.7897077202796936 0.255464643239975 
vt 0.787642240524292 0.253743976354599 
vt 0.787642240524292 0.255464643239975 
vt 0.7855768203735352 0.253743976354599 
vt 0.7855768203735352 0.255464643239975 
vt 0.7835114002227783 0.253743976354599 
vt 0.7835114002227783 0.255464643239975 
vt 0.7814459800720215 0.253743976354599 
vt 0.7814459800720215 0.255464643239975 
vt 0.7793805599212646 0.253743976354599 
vt 0.7793805599212646 0.255464643239975 
vt 0.7771936058998108 0.253743976354599 
vt 0.7771936058998108 0.255464643239975 
vt 0.775128185749054 0.253743976354599 
vt 0.775128185749054 0.255464643239975 
vt 0.7730627655982971 0.253743976354599 
vt 0.7730627655982971 0.255464643239975 
vt 0.4139205813407898 0.5457981824874878 
vt 0.4135560691356659 0.5448805093765259 
vt 0.4145280420780182 0.5466011762619019 
vt 0.4185374081134796 0.5432745218276978 
vt 0.41610750555992126 0.5478629469871521 
vt 0.41805142164230347 0.5484365224838257 
vt 0.41707947850227356 0.5483218431472778 
vt 0.41343459486961365 0.5438480973243713 
vt 0.413313090801239 0.5428156852722168 
vt 0.4139205813407898 0.5408656001091003 
vt 0.4135560691356659 0.5418980121612549 
vt 0.4152570366859436 0.5393743515014648 
vt 0.4169579744338989 0.5383419394493103 
vt 0.41902339458465576 0.5382272601127625 
vt 0.4179299473762512 0.5382272601127625 
vt 0.42096734046936035 0.538800835609436 
vt 0.42254677414894104 0.5400626063346863 
vt 0.4233972728252411 0.5417832732200623 
vt 0.4230327606201172 0.5408656001091003 
vt 0.42364025115966797 0.5438480973243713 
vt 0.42351874709129333 0.5447657704353333 
vt 0.4230327606201172 0.5457981824874878 
vt 0.421817809343338 0.5472894310951233 
vt 0.41999536752700806 0.5482071042060852 
vt 0.41902339458465576 0.5484365224838257 
vt 0.15719951689243317 0.30272555351257324 
vt 0.15841448307037354 0.30398738384246826 
vt 0.15562008321285248 0.30215200781822205 
vt 0.15476959943771362 0.3063963055610657 
vt 0.15391913056373596 0.30215200781822205 
vt 0.15233968198299408 0.30272555351257324 
vt 0.15914346277713776 0.305593341588974 
vt 0.15914346277713776 0.30731400847435 
vt 0.15841448307037354 0.3089199662208557 
vt 0.15719951689243317 0.3100670576095581 
vt 0.15562008321285248 0.31075534224510193 
vt 0.15391913056373596 0.31075534224510193 
vt 0.15233968198299408 0.3100670576095581 
vt 0.1511247307062149 0.3089199662208557 
vt 0.15051724016666412 0.30731400847435 
vt 0.15051724016666412 0.305593341588974 
vt 0.1511247307062149 0.30398738384246826 
vt 0.583528995513916 0.18239372968673706 
vt 0.5815850496292114 0.18239372968673706 
vt 0.583528995513916 0.17642875015735626 
vt 0.5815850496292114 0.17642875015735626 
vt 0.9967368841171265 0.0024121699389070272 
vt 0.9974658489227295 0.0024121699389070272 
vt 0.9967368841171265 0.018701132386922836 
vt 0.9974658489227295 0.018701132386922836 
vt 0.9967368841171265 0.02535437047481537 
vt 0.9974658489227295 0.02535437047481537 
vt 0.9967368841171265 0.03281058371067047 
vt 0.9974658489227295 0.03281058371067047 
vt 0.3111349642276764 0.29676058888435364 
vt 0.3095555007457733 0.29676058888435364 
vt 0.3111349642276764 0.29469579458236694 
vt 0.3095555007457733 0.29469579458236694 
vt 0.3111349642276764 0.29263100028038025 
vt 0.3095555007457733 0.29263100028038025 
vt 0.3111349642276764 0.29056620597839355 
vt 0.3095555007457733 0.29056620597839355 
vt 0.3111349642276764 0.28850141167640686 
vt 0.3095555007457733 0.28850141167640686 
vt 0.3111349642276764 0.28643661737442017 
vt 0.3095555007457733 0.28643661737442017 
vt 0.3111349642276764 0.28425708413124084 
vt 0.3095555007457733 0.28425708413124084 
vt 0.3111349642276764 0.28219228982925415 
vt 0.3095555007457733 0.28219228982925415 
vt 0.3111349642276764 0.28012749552726746 
vt 0.3095555007457733 0.28012749552726746 
vt 0.3111349642276764 0.27806270122528076 
vt 0.3095555007457733 0.27806270122528076 
vt 0.3111349642276764 0.27599790692329407 
vt 0.3095555007457733 0.27599790692329407 
vt 0.3111349642276764 0.27381840348243713 
vt 0.3095555007457733 0.27381840348243713 
vt 0.3111349642276764 0.27175360918045044 
vt 0.3095555007457733 0.27175360918045044 
vt 0.3111349642276764 0.26968881487846375 
vt 0.3095555007457733 0.26968881487846375 
vt 0.3111349642276764 0.26762399077415466 
vt 0.3095555007457733 0.26762399077415466 
vt 0.3111349642276764 0.26555919647216797 
vt 0.3095555007457733 0.26555919647216797 
vt 0.3111349642276764 0.2634944021701813 
vt 0.3095555007457733 0.2634944021701813 
vt 0.05234847590327263 0.0749095231294632 
vt 0.05234847590327263 0.07548307627439499 
vt 0.05064753070473671 0.0749095231294632 
vt 0.05064753070473671 0.07548307627439499 
vt 0.04894658923149109 0.0749095231294632 
vt 0.04894658923149109 0.07548307627439499 
vt 0.04724564403295517 0.0749095231294632 
vt 0.04724564403295517 0.07548307627439499 
vt 0.04554469883441925 0.0749095231294632 
vt 0.04554469883441925 0.07548307627439499 
vt 0.04384375736117363 0.0749095231294632 
vt 0.04384375736117363 0.07548307627439499 
vt 0.04214281216263771 0.0749095231294632 
vt 0.04214281216263771 0.07548307627439499 
vt 0.04044186696410179 0.0749095231294632 
vt 0.04044186696410179 0.07548307627439499 
vt 0.038619428873062134 0.0749095231294632 
vt 0.038619428873062134 0.07548307627439499 
vt 0.036918483674526215 0.0749095231294632 
vt 0.036918483674526215 0.07548307627439499 
vt 0.035217538475990295 0.0749095231294632 
vt 0.035217538475990295 0.07548307627439499 
vt 0.033516597002744675 0.0749095231294632 
vt 0.033516597002744675 0.07548307627439499 
vt 0.031815651804208755 0.0749095231294632 
vt 0.031815651804208755 0.07548307627439499 
vt 0.030114708468317986 0.0749095231294632 
vt 0.030114708468317986 0.07548307627439499 
vt 0.028413763269782066 0.0749095231294632 
vt 0.028413763269782066 0.07548307627439499 
vt 0.026712819933891296 0.0749095231294632 
vt 0.026712819933891296 0.07548307627439499 
vt 0.02489037998020649 0.0749095231294632 
vt 0.02489037998020649 0.07548307627439499 
vt 0.055021386593580246 0.3846292197704315 
vt 0.05441390722990036 0.38623517751693726 
vt 0.055021386593580246 0.38290855288505554 
vt 0.05064753070473671 0.38382625579833984 
vt 0.05441390722990036 0.3813025951385498 
vt 0.05319894850254059 0.3801555037498474 
vt 0.05319894850254059 0.38738229870796204 
vt 0.051619499921798706 0.38807055354118347 
vt 0.04979706183075905 0.38807055354118347 
vt 0.048217613250017166 0.38738229870796204 
vt 0.047002650797367096 0.38623517751693726 
vt 0.04639517143368721 0.3846292197704315 
vt 0.04639517143368721 0.38290855288505554 
vt 0.047002650797367096 0.3813025951385498 
vt 0.048217613250017166 0.3801555037498474 
vt 0.04979706183075905 0.3794672191143036 
vt 0.051619499921798706 0.3794672191143036 
vt 0.7080624103546143 0.01617749035358429 
vt 0.7080624103546143 0.015030380338430405 
vt 0.7141371965408325 0.01617749035358429 
vt 0.7141371965408325 0.015030380338430405 
vt 0.7080624103546143 0.012047894299030304 
vt 0.7141371965408325 0.012047894299030304 
vt 0.604912281036377 0.2973341643810272 
vt 0.6066132187843323 0.2973341643810272 
vt 0.604912281036377 0.2993989586830139 
vt 0.6066132187843323 0.2993989586830139 
vt 0.604912281036377 0.3014637529850006 
vt 0.6066132187843323 0.3014637529850006 
vt 0.604912281036377 0.3035285472869873 
vt 0.6066132187843323 0.3035285472869873 
vt 0.604912281036377 0.305593341588974 
vt 0.6066132187843323 0.305593341588974 
vt 0.604912281036377 0.3076581358909607 
vt 0.6066132187843323 0.3076581358909607 
vt 0.604912281036377 0.3098376393318176 
vt 0.6066132187843323 0.3098376393318176 
vt 0.604912281036377 0.3119024336338043 
vt 0.6066132187843323 0.3119024336338043 
vt 0.604912281036377 0.3139672577381134 
vt 0.6066132187843323 0.3139672577381134 
vt 0.604912281036377 0.3160320520401001 
vt 0.6066132187843323 0.3160320520401001 
vt 0.604912281036377 0.3180968463420868 
vt 0.6066132187843323 0.3180968463420868 
vt 0.604912281036377 0.3201616406440735 
vt 0.6066132187843323 0.3201616406440735 
vt 0.604912281036377 0.3223411440849304 
vt 0.6066132187843323 0.3223411440849304 
vt 0.604912281036377 0.3244059383869171 
vt 0.6066132187843323 0.3244059383869171 
vt 0.604912281036377 0.3264707326889038 
vt 0.6066132187843323 0.3264707326889038 
vt 0.604912281036377 0.3285355567932129 
vt 0.6066132187843323 0.3285355567932129 
vt 0.604912281036377 0.3306003510951996 
vt 0.6066132187843323 0.3306003510951996 
vt 0.21976996958255768 0.32624131441116333 
vt 0.21976996958255768 0.3281913995742798 
vt 0.20980729162693024 0.32624131441116333 
vt 0.20980729162693024 0.3281913995742798 
vt 0.19972312450408936 0.32624131441116333 
vt 0.19972312450408936 0.3281913995742798 
vt 0.18963895738124847 0.32624131441116333 
vt 0.18963895738124847 0.3281913995742798 
vt 0.17967627942562103 0.32624131441116333 
vt 0.17967627942562103 0.3281913995742798 
vt 0.8419509530067444 0.2087772637605667 
vt 0.8413435220718384 0.2087772637605667 
vt 0.8419509530067444 0.20705659687519073 
vt 0.8413435220718384 0.20705659687519073 
vt 0.8419509530067444 0.20533592998981476 
vt 0.8413435220718384 0.20533592998981476 
vt 0.8419509530067444 0.20361526310443878 
vt 0.8413435220718384 0.20361526310443878 
vt 0.8419509530067444 0.2018945962190628 
vt 0.8413435220718384 0.2018945962190628 
vt 0.8419509530067444 0.20017392933368683 
vt 0.8413435220718384 0.20017392933368683 
vt 0.8419509530067444 0.19845326244831085 
vt 0.8413435220718384 0.19845326244831085 
vt 0.8419509530067444 0.19673261046409607 
vt 0.8413435220718384 0.19673261046409607 
vt 0.8419509530067444 0.1950119435787201 
vt 0.8413435220718384 0.1950119435787201 
vt 0.8419509530067444 0.19329127669334412 
vt 0.8413435220718384 0.19329127669334412 
vt 0.8419509530067444 0.19157060980796814 
vt 0.8413435220718384 0.19157060980796814 
vt 0.8419509530067444 0.18984994292259216 
vt 0.8413435220718384 0.18984994292259216 
vt 0.8419509530067444 0.1881292760372162 
vt 0.8413435220718384 0.1881292760372162 
vt 0.8419509530067444 0.1864086091518402 
vt 0.8413435220718384 0.1864086091518402 
vt 0.8419509530067444 0.18468794226646423 
vt 0.8413435220718384 0.18468794226646423 
vt 0.8419509530067444 0.18296729028224945 
vt 0.8413435220718384 0.18296729028224945 
vt 0.8419509530067444 0.18124662339687347 
vt 0.8413435220718384 0.18124662339687347 
vt 0.9881106615066528 0.03579306975007057 
vt 0.9864097237586975 0.03579306975007057 
vt 0.9881106615066528 0.03372827172279358 
vt 0.9864097237586975 0.03372827172279358 
vt 0.9881106615066528 0.03154876455664635 
vt 0.9864097237586975 0.03154876455664635 
vt 0.9881106615066528 0.029483966529369354 
vt 0.9864097237586975 0.029483966529369354 
vt 0.9881106615066528 0.02741916850209236 
vt 0.9864097237586975 0.02741916850209236 
vt 0.9881106615066528 0.02535437047481537 
vt 0.9864097237586975 0.02535437047481537 
vt 0.9881106615066528 0.023289572447538376 
vt 0.9864097237586975 0.023289572447538376 
vt 0.9881106615066528 0.021224774420261383 
vt 0.9864097237586975 0.021224774420261383 
vt 0.9881106615066528 0.019045265391469002 
vt 0.9864097237586975 0.019045265391469002 
vt 0.9881106615066528 0.01698046736419201 
vt 0.9864097237586975 0.01698046736419201 
vt 0.9881106615066528 0.014915669336915016 
vt 0.9864097237586975 0.014915669336915016 
vt 0.9881106615066528 0.012850871309638023 
vt 0.9864097237586975 0.012850871309638023 
vt 0.9881106615066528 0.01078607328236103 
vt 0.9864097237586975 0.01078607328236103 
vt 0.9881106615066528 0.008721275255084038 
vt 0.9864097237586975 0.008721275255084038 
vt 0.9881106615066528 0.0065417662262916565 
vt 0.9864097237586975 0.0065417662262916565 
vt 0.9881106615066528 0.004476968199014664 
vt 0.9864097237586975 0.004476968199014664 
vt 0.9881106615066528 0.0024121699389070272 
vt 0.9864097237586975 0.0024121699389070272 
vt 0.06656350940465927 0.0024121699389070272 
vt 0.0653485506772995 0.004935812205076218 
vt 0.055871859192848206 0.0024121699389070272 
vt 0.05647933855652809 0.0034445689525455236 
vt 0.06486256420612335 0.0078035867772996426 
vt 0.05599335581064224 0.0063123442232608795 
vt 0.52059406042099 0.29240158200263977 
vt 0.5212015509605408 0.29240158200263977 
vt 0.52059406042099 0.29412224888801575 
vt 0.5212015509605408 0.29412224888801575 
vt 0.52059406042099 0.2958429157733917 
vt 0.5212015509605408 0.2958429157733917 
vt 0.52059406042099 0.2975635826587677 
vt 0.5212015509605408 0.2975635826587677 
vt 0.52059406042099 0.2992842495441437 
vt 0.5212015509605408 0.2992842495441437 
vt 0.52059406042099 0.30100491642951965 
vt 0.5212015509605408 0.30100491642951965 
vt 0.52059406042099 0.30272555351257324 
vt 0.5212015509605408 0.30272555351257324 
vt 0.52059406042099 0.3044462203979492 
vt 0.5212015509605408 0.3044462203979492 
vt 0.52059406042099 0.3061668872833252 
vt 0.5212015509605408 0.3061668872833252 
vt 0.52059406042099 0.30788755416870117 
vt 0.5212015509605408 0.30788755416870117 
vt 0.52059406042099 0.30960822105407715 
vt 0.5212015509605408 0.30960822105407715 
vt 0.52059406042099 0.3113288879394531 
vt 0.5212015509605408 0.3113288879394531 
vt 0.52059406042099 0.3130495548248291 
vt 0.5212015509605408 0.3130495548248291 
vt 0.52059406042099 0.3147702217102051 
vt 0.5212015509605408 0.3147702217102051 
vt 0.52059406042099 0.31649088859558105 
vt 0.5212015509605408 0.31649088859558105 
vt 0.52059406042099 0.31821155548095703 
vt 0.5212015509605408 0.31821155548095703 
vt 0.52059406042099 0.319932222366333 
vt 0.5212015509605408 0.319932222366333 
vt 0.5882673263549805 0.24410824477672577 
vt 0.5899682641029358 0.24410824477672577 
vt 0.5882673263549805 0.24617303907871246 
vt 0.5899682641029358 0.24617303907871246 
vt 0.5882673263549805 0.24823784828186035 
vt 0.5899682641029358 0.24823784828186035 
vt 0.5882673263549805 0.2504173517227173 
vt 0.5899682641029358 0.2504173517227173 
vt 0.5882673263549805 0.252482146024704 
vt 0.5899682641029358 0.252482146024704 
vt 0.5882673263549805 0.2545469403266907 
vt 0.5899682641029358 0.2545469403266907 
vt 0.5882673263549805 0.25661173462867737 
vt 0.5899682641029358 0.25661173462867737 
vt 0.5882673263549805 0.25867655873298645 
vt 0.5899682641029358 0.25867655873298645 
vt 0.5882673263549805 0.26074135303497314 
vt 0.5899682641029358 0.26074135303497314 
vt 0.5882673263549805 0.2629208564758301 
vt 0.5899682641029358 0.2629208564758301 
vt 0.5882673263549805 0.2649856507778168 
vt 0.5899682641029358 0.2649856507778168 
vt 0.5882673263549805 0.26705044507980347 
vt 0.5899682641029358 0.26705044507980347 
vt 0.5882673263549805 0.26911523938179016 
vt 0.5899682641029358 0.26911523938179016 
vt 0.5882673263549805 0.27118003368377686 
vt 0.5899682641029358 0.27118003368377686 
vt 0.5882673263549805 0.27324482798576355 
vt 0.5899682641029358 0.27324482798576355 
vt 0.5882673263549805 0.27542436122894287 
vt 0.5899682641029358 0.27542436122894287 
vt 0.5882673263549805 0.27748915553092957 
vt 0.5899682641029358 0.27748915553092957 
vt 0.9189794659614563 0.32337355613708496 
vt 0.9197084307670593 0.32486480474472046 
vt 0.9177644848823547 0.32211172580718994 
vt 0.9153345823287964 0.3257824778556824 
vt 0.9161850214004517 0.3214234709739685 
vt 0.9144840836524963 0.3214234709739685 
vt 0.9197084307670593 0.32658544182777405 
vt 0.9189794659614563 0.3281913995742798 
vt 0.9177644848823547 0.3294532299041748 
vt 0.9161850214004517 0.330026775598526 
vt 0.9144840836524963 0.330026775598526 
vt 0.9129046201705933 0.3294532299041748 
vt 0.9116896986961365 0.3281913995742798 
vt 0.9110822081565857 0.32658544182777405 
vt 0.9110822081565857 0.32486480474472046 
vt 0.9116896986961365 0.32337355613708496 
vt 0.9129046201705933 0.32211172580718994 
vt 0.2388448417186737 0.335991770029068 
vt 0.2388448417186737 0.3365653157234192 
vt 0.23702239990234375 0.335991770029068 
vt 0.23702239990234375 0.3365653157234192 
vt 0.23532144725322723 0.335991770029068 
vt 0.23532144725322723 0.3365653157234192 
vt 0.2336205095052719 0.335991770029068 
vt 0.2336205095052719 0.3365653157234192 
vt 0.2319195568561554 0.335991770029068 
vt 0.2319195568561554 0.3365653157234192 
vt 0.23021861910820007 0.335991770029068 
vt 0.23021861910820007 0.3365653157234192 
vt 0.22851768136024475 0.335991770029068 
vt 0.22851768136024475 0.3365653157234192 
vt 0.22681672871112823 0.335991770029068 
vt 0.22681672871112823 0.3365653157234192 
vt 0.2251157909631729 0.335991770029068 
vt 0.2251157909631729 0.3365653157234192 
vt 0.22329334914684296 0.335991770029068 
vt 0.22329334914684296 0.3365653157234192 
vt 0.22159241139888763 0.335991770029068 
vt 0.22159241139888763 0.3365653157234192 
vt 0.21989145874977112 0.335991770029068 
vt 0.21989145874977112 0.3365653157234192 
vt 0.2181905210018158 0.335991770029068 
vt 0.2181905210018158 0.3365653157234192 
vt 0.21648956835269928 0.335991770029068 
vt 0.21648956835269928 0.3365653157234192 
vt 0.21478863060474396 0.335991770029068 
vt 0.21478863060474396 0.3365653157234192 
vt 0.21308767795562744 0.335991770029068 
vt 0.21308767795562744 0.3365653157234192 
vt 0.21138674020767212 0.335991770029068 
vt 0.21138674020767212 0.3365653157234192 
vt 0.5414913892745972 0.38290855288505554 
vt 0.542098879814148 0.3813025951385498 
vt 0.5414913892745972 0.3846292197704315 
vt 0.5458652377128601 0.38382625579833984 
vt 0.542098879814148 0.38623517751693726 
vt 0.5433138012886047 0.38738229870796204 
vt 0.5433138012886047 0.3801555037498474 
vt 0.5450147390365601 0.3794672191143036 
vt 0.5467156767845154 0.3794672191143036 
vt 0.5482951402664185 0.3801555037498474 
vt 0.54951012134552 0.3813025951385498 
vt 0.5501176118850708 0.38290855288505554 
vt 0.5501176118850708 0.3846292197704315 
vt 0.54951012134552 0.38623517751693726 
vt 0.5482951402664185 0.38738229870796204 
vt 0.5467156767845154 0.38807055354118347 
vt 0.5450147390365601 0.38807055354118347 
vt 0.0024136200081557035 0.3794672191143036 
vt 0.008731411769986153 0.3794672191143036 
vt 0.0024136200081557035 0.3977062702178955 
vt 0.008731411769986153 0.3977062702178955 
vt 0.0024136200081557035 0.41606003046035767 
vt 0.008731411769986153 0.41606003046035767 
vt 0.0024136200081557035 0.4342990815639496 
vt 0.008731411769986153 0.4342990815639496 
vt 0.0024136200081557035 0.4525381326675415 
vt 0.008731411769986153 0.4525381326675415 
vt 0.0024136200081557035 0.47089189291000366 
vt 0.008731411769986153 0.47089189291000366 
vt 0.0024136200081557035 0.4891309440135956 
vt 0.008731411769986153 0.4891309440135956 
vt 0.0024136200081557035 0.5074846744537354 
vt 0.008731411769986153 0.5074846744537354 
vt 0.0024136200081557035 0.5257237553596497 
vt 0.008731411769986153 0.5257237553596497 
vt 0.0024136200081557035 0.5439627766609192 
vt 0.008731411769986153 0.5439627766609192 
vt 0.0024136200081557035 0.5623165369033813 
vt 0.008731411769986153 0.5623165369033813 
vt 0.0024136200081557035 0.5805556178092957 
vt 0.008731411769986153 0.5805556178092957 
vt 0.0024136200081557035 0.5987946391105652 
vt 0.008731411769986153 0.5987946391105652 
vt 0.0024136200081557035 0.6171483993530273 
vt 0.008731411769986153 0.6171483993530273 
vt 0.0024136200081557035 0.6353874802589417 
vt 0.008731411769986153 0.6353874802589417 
vt 0.0024136200081557035 0.6536265015602112 
vt 0.008731411769986153 0.6536265015602112 
vt 0.0024136200081557035 0.6719802618026733 
vt 0.008731411769986153 0.6719802618026733 
vt 0.029750220477581024 0.5623165369033813 
vt 0.029750220477581024 0.5439627766609192 
vt 0.029750220477581024 0.5257237553596497 
vt 0.029750220477581024 0.5074846744537354 
vt 0.029750220477581024 0.4891309440135956 
vt 0.029750220477581024 0.47089189291000366 
vt 0.029750220477581024 0.4525381326675415 
vt 0.029750220477581024 0.4342990815639496 
vt 0.029750220477581024 0.41606003046035767 
vt 0.029750220477581024 0.3977062702178955 
vt 0.029750220477581024 0.3794672191143036 
vt 0.03594651445746422 0.3794672191143036 
vt 0.03594651445746422 0.3977062702178955 
vt 0.03594651445746422 0.41606003046035767 
vt 0.03594651445746422 0.4342990815639496 
vt 0.03594651445746422 0.4525381326675415 
vt 0.03594651445746422 0.47089189291000366 
vt 0.03594651445746422 0.4891309440135956 
vt 0.03594651445746422 0.5074846744537354 
vt 0.03594651445746422 0.5257237553596497 
vt 0.03594651445746422 0.5439627766609192 
vt 0.03594651445746422 0.5623165369033813 
vt 0.03594651445746422 0.5805556178092957 
vt 0.029750220477581024 0.5805556178092957 
vt 0.03594651445746422 0.5987946391105652 
vt 0.029750220477581024 0.5987946391105652 
vt 0.029750220477581024 0.6171483993530273 
vt 0.6197348237037659 0.09372212737798691 
vt 0.6180338263511658 0.09372212737798691 
vt 0.6197348237037659 0.09165732562541962 
vt 0.6180338263511658 0.09165732562541962 
vt 0.6197348237037659 0.08959253132343292 
vt 0.6180338263511658 0.08959253132343292 
vt 0.6197348237037659 0.08752772957086563 
vt 0.6180338263511658 0.08752772957086563 
vt 0.6197348237037659 0.08546293526887894 
vt 0.6180338263511658 0.08546293526887894 
vt 0.6197348237037659 0.08339813351631165 
vt 0.6180338263511658 0.08339813351631165 
vt 0.6197348237037659 0.08121863007545471 
vt 0.6180338263511658 0.08121863007545471 
vt 0.6197348237037659 0.07915382832288742 
vt 0.6180338263511658 0.07915382832288742 
vt 0.6197348237037659 0.07708903402090073 
vt 0.6180338263511658 0.07708903402090073 
vt 0.6197348237037659 0.07502423226833344 
vt 0.6180338263511658 0.07502423226833344 
vt 0.6197348237037659 0.07295943796634674 
vt 0.6180338263511658 0.07295943796634674 
vt 0.6197348237037659 0.07089463621377945 
vt 0.6180338263511658 0.07089463621377945 
vt 0.6197348237037659 0.06871512532234192 
vt 0.6180338263511658 0.06871512532234192 
vt 0.6197348237037659 0.06665033102035522 
vt 0.6180338263511658 0.06665033102035522 
vt 0.6197348237037659 0.06458552926778793 
vt 0.6180338263511658 0.06458552926778793 
vt 0.6197348237037659 0.06252073496580124 
vt 0.6180338263511658 0.06252073496580124 
vt 0.6197348237037659 0.060455936938524246 
vt 0.6180338263511658 0.060455936938524246 
vt 0.8688015937805176 0.08947782218456268 
vt 0.8694090843200684 0.08947782218456268 
vt 0.8688015937805176 0.09119848161935806 
vt 0.8694090843200684 0.09119848161935806 
vt 0.8688015937805176 0.0928044393658638 
vt 0.8694090843200684 0.0928044393658638 
vt 0.8688015937805176 0.09452510625123978 
vt 0.8694090843200684 0.09452510625123978 
vt 0.8688015937805176 0.09624576568603516 
vt 0.8694090843200684 0.09624576568603516 
vt 0.8688015937805176 0.09796643257141113 
vt 0.8694090843200684 0.09796643257141113 
vt 0.8688015937805176 0.09968709945678711 
vt 0.8694090843200684 0.09968709945678711 
vt 0.8688015937805176 0.10140776634216309 
vt 0.8694090843200684 0.10140776634216309 
vt 0.8688015937805176 0.10312842577695847 
vt 0.8694090843200684 0.10312842577695847 
vt 0.8688015937805176 0.10484909266233444 
vt 0.8694090843200684 0.10484909266233444 
vt 0.8688015937805176 0.10656975954771042 
vt 0.8694090843200684 0.10656975954771042 
vt 0.8688015937805176 0.1082904264330864 
vt 0.8694090843200684 0.1082904264330864 
vt 0.8688015937805176 0.11001108586788177 
vt 0.8694090843200684 0.11001108586788177 
vt 0.8688015937805176 0.11173175275325775 
vt 0.8694090843200684 0.11173175275325775 
vt 0.8688015937805176 0.11345241963863373 
vt 0.8694090843200684 0.11345241963863373 
vt 0.8688015937805176 0.1151730865240097 
vt 0.8694090843200684 0.1151730865240097 
vt 0.8688015937805176 0.11689374595880508 
vt 0.8694090843200684 0.11689374595880508 
vt 0.45437875390052795 0.20682717859745026 
vt 0.45693016052246094 0.20797428488731384 
vt 0.45437875390052795 0.21749529242515564 
vt 0.45535069704055786 0.21692174673080444 
vt 0.45984604954719543 0.20854783058166504 
vt 0.45826661586761475 0.2173805832862854 
vt 0.8386706113815308 0.3281913995742798 
vt 0.8392780423164368 0.3297973573207855 
vt 0.8374556303024292 0.32692959904670715 
vt 0.8350257277488708 0.3306003510951996 
vt 0.8358761668205261 0.32624131441116333 
vt 0.8341752290725708 0.32624131441116333 
vt 0.8392780423164368 0.3315180242061615 
vt 0.8386706113815308 0.333009272813797 
vt 0.8374556303024292 0.334271103143692 
vt 0.8358761668205261 0.33495935797691345 
vt 0.8341752290725708 0.33495935797691345 
vt 0.8325957655906677 0.334271103143692 
vt 0.8313808441162109 0.333009272813797 
vt 0.8306518793106079 0.3315180242061615 
vt 0.8306518793106079 0.3297973573207855 
vt 0.8313808441162109 0.3281913995742798 
vt 0.8325957655906677 0.32692959904670715 
vt 0.0024136200081557035 0.0024121699389070272 
vt 0.0052080280147492886 0.0024121699389070272 
vt 0.0024136200081557035 0.00860656425356865 
vt 0.0052080280147492886 0.00860656425356865 
vt 0.008123932406306267 0.0024121699389070272 
vt 0.008123932406306267 0.00860656425356865 
vt 0.815829336643219 0.319932222366333 
vt 0.8152218461036682 0.319932222366333 
vt 0.815829336643219 0.31821155548095703 
vt 0.8152218461036682 0.31821155548095703 
vt 0.815829336643219 0.31649088859558105 
vt 0.8152218461036682 0.31649088859558105 
vt 0.815829336643219 0.3147702217102051 
vt 0.8152218461036682 0.3147702217102051 
vt 0.815829336643219 0.3130495548248291 
vt 0.8152218461036682 0.3130495548248291 
vt 0.815829336643219 0.3113288879394531 
vt 0.8152218461036682 0.3113288879394531 
vt 0.815829336643219 0.30960822105407715 
vt 0.8152218461036682 0.30960822105407715 
vt 0.815829336643219 0.30788755416870117 
vt 0.8152218461036682 0.30788755416870117 
vt 0.815829336643219 0.3061668872833252 
vt 0.8152218461036682 0.3061668872833252 
vt 0.815829336643219 0.3044462203979492 
vt 0.8152218461036682 0.3044462203979492 
vt 0.815829336643219 0.30272555351257324 
vt 0.8152218461036682 0.30272555351257324 
vt 0.815829336643219 0.30100491642951965 
vt 0.8152218461036682 0.30100491642951965 
vt 0.815829336643219 0.2992842495441437 
vt 0.8152218461036682 0.2992842495441437 
vt 0.815829336643219 0.2975635826587677 
vt 0.8152218461036682 0.2975635826587677 
vt 0.815829336643219 0.2958429157733917 
vt 0.8152218461036682 0.2958429157733917 
vt 0.815829336643219 0.29412224888801575 
vt 0.8152218461036682 0.29412224888801575 
vt 0.815829336643219 0.29240158200263977 
vt 0.8152218461036682 0.29240158200263977 
vt 0.11844229698181152 0.6306843161582947 
vt 0.11747033149003983 0.6306843161582947 
vt 0.11844229698181152 0.6187543869018555 
vt 0.11747033149003983 0.6187543869018555 
vt 0.11844229698181152 0.606594979763031 
vt 0.11747033149003983 0.606594979763031 
vt 0.11844229698181152 0.5946650505065918 
vt 0.11747033149003983 0.5946650505065918 
vt 0.11844229698181152 0.5825057029724121 
vt 0.11747033149003983 0.5825057029724121 
vt 0.11844229698181152 0.5703463554382324 
vt 0.11747033149003983 0.5703463554382324 
vt 0.11844229698181152 0.5583016872406006 
vt 0.11747033149003983 0.5583016872406006 
vt 0.11844229698181152 0.5462570190429688 
vt 0.11747033149003983 0.5462570190429688 
vt 0.11844229698181152 0.5340976715087891 
vt 0.11747033149003983 0.5340976715087891 
vt 0.11844229698181152 0.5220530033111572 
vt 0.11747033149003983 0.5220530033111572 
vt 0.11844229698181152 0.5097789168357849 
vt 0.11747033149003983 0.5097789168357849 
vt 0.11844229698181152 0.4976195693016052 
vt 0.11747033149003983 0.4976195693016052 
vt 0.11844229698181152 0.48568961024284363 
vt 0.11747033149003983 0.48568961024284363 
vt 0.11844229698181152 0.4734155237674713 
vt 0.11747033149003983 0.4734155237674713 
vt 0.11844229698181152 0.46137088537216187 
vt 0.11747033149003983 0.46137088537216187 
vt 0.11844229698181152 0.44944092631340027 
vt 0.11747033149003983 0.44944092631340027 
vt 0.11844229698181152 0.43751099705696106 
vt 0.11747033149003983 0.43751099705696106 
vt 0.9590731263160706 0.5432745218276978 
vt 0.957979679107666 0.5432745218276978 
vt 0.9590731263160706 0.5312298536300659 
vt 0.957979679107666 0.5312298536300659 
vt 0.9590731263160706 0.5187264084815979 
vt 0.957979679107666 0.5187264084815979 
vt 0.9590731263160706 0.5069111585617065 
vt 0.957979679107666 0.5069111585617065 
vt 0.9590731263160706 0.4950959086418152 
vt 0.957979679107666 0.4950959086418152 
vt 0.9590731263160706 0.4825924038887024 
vt 0.957979679107666 0.4825924038887024 
vt 0.9590731263160706 0.4706624746322632 
vt 0.957979679107666 0.4706624746322632 
vt 0.9590731263160706 0.45896196365356445 
vt 0.957979679107666 0.45896196365356445 
vt 0.9590731263160706 0.4468025863170624 
vt 0.957979679107666 0.4468025863170624 
vt 0.9590731263160706 0.434987336397171 
vt 0.957979679107666 0.434987336397171 
vt 0.9590731263160706 0.4227132797241211 
vt 0.957979679107666 0.4227132797241211 
vt 0.9590731263160706 0.41066861152648926 
vt 0.957979679107666 0.41066861152648926 
vt 0.9590731263160706 0.39850926399230957 
vt 0.957979679107666 0.39850926399230957 
vt 0.9590731263160706 0.3863498866558075 
vt 0.957979679107666 0.3863498866558075 
vt 0.9590731263160706 0.3744199573993683 
vt 0.957979679107666 0.3744199573993683 
vt 0.9590731263160706 0.36237528920173645 
vt 0.957979679107666 0.36237528920173645 
vt 0.9590731263160706 0.35044533014297485 
vt 0.957979679107666 0.35044533014297485 
vt 0.8149788975715637 0.5244619250297546 
vt 0.8149788975715637 0.5251501798629761 
vt 0.8132779002189636 0.5244619250297546 
vt 0.8132779002189636 0.5251501798629761 
vt 0.811455488204956 0.5244619250297546 
vt 0.811455488204956 0.5251501798629761 
vt 0.8096330165863037 0.5244619250297546 
vt 0.8096330165863037 0.5251501798629761 
vt 0.8079320788383484 0.5244619250297546 
vt 0.8079320788383484 0.5251501798629761 
vt 0.8061096668243408 0.5244619250297546 
vt 0.8061096668243408 0.5251501798629761 
vt 0.8042871952056885 0.5244619250297546 
vt 0.8042871952056885 0.5251501798629761 
vt 0.8025862574577332 0.5244619250297546 
vt 0.8025862574577332 0.5251501798629761 
vt 0.8007638454437256 0.5244619250297546 
vt 0.8007638454437256 0.5251501798629761 
vt 0.7989413738250732 0.5244619250297546 
vt 0.7989413738250732 0.5251501798629761 
vt 0.7972404360771179 0.5244619250297546 
vt 0.7972404360771179 0.5251501798629761 
vt 0.7954180240631104 0.5244619250297546 
vt 0.7954180240631104 0.5251501798629761 
vt 0.793595552444458 0.5244619250297546 
vt 0.793595552444458 0.5251501798629761 
vt 0.7918946146965027 0.5244619250297546 
vt 0.7918946146965027 0.5251501798629761 
vt 0.7900722026824951 0.5244619250297546 
vt 0.7900722026824951 0.5251501798629761 
vt 0.7883712649345398 0.5244619250297546 
vt 0.7883712649345398 0.5251501798629761 
vt 0.7865487933158875 0.5244619250297546 
vt 0.7865487933158875 0.5251501798629761 
vt 0.7847263813018799 0.5244619250297546 
vt 0.7847263813018799 0.5251501798629761 
vt 0.7830254435539246 0.5244619250297546 
vt 0.7830254435539246 0.5251501798629761 
vt 0.7812029719352722 0.5244619250297546 
vt 0.7812029719352722 0.5251501798629761 
vt 0.7793805599212646 0.5244619250297546 
vt 0.7793805599212646 0.5251501798629761 
vt 0.7776796221733093 0.5244619250297546 
vt 0.7776796221733093 0.5251501798629761 
vt 0.775857150554657 0.5244619250297546 
vt 0.775857150554657 0.5251501798629761 
vt 0.7740347385406494 0.5244619250297546 
vt 0.7740347385406494 0.5251501798629761 
vt 0.7723338007926941 0.5244619250297546 
vt 0.7723338007926941 0.5251501798629761 
vt 0.7705113291740417 0.5244619250297546 
vt 0.7705113291740417 0.5251501798629761 
vt 0.7686889171600342 0.5244619250297546 
vt 0.7686889171600342 0.5251501798629761 
vt 0.7669879198074341 0.5244619250297546 
vt 0.7669879198074341 0.5251501798629761 
vt 0.7651655077934265 0.5244619250297546 
vt 0.7651655077934265 0.5251501798629761 
vt 0.763343095779419 0.5244619250297546 
vt 0.763343095779419 0.5251501798629761 
vt 0.7616420984268188 0.5244619250297546 
vt 0.7616420984268188 0.5251501798629761 
vt 0.7598196864128113 0.5244619250297546 
vt 0.7598196864128113 0.5251501798629761 
vt 0.758118748664856 0.5244619250297546 
vt 0.758118748664856 0.5251501798629761 
vt 0.12548907101154327 0.43751099705696106 
vt 0.12646102905273438 0.43751099705696106 
vt 0.12548907101154327 0.44944092631340027 
vt 0.12646102905273438 0.44944092631340027 
vt 0.12548907101154327 0.46137088537216187 
vt 0.12646102905273438 0.46137088537216187 
vt 0.12548907101154327 0.4734155237674713 
vt 0.12646102905273438 0.4734155237674713 
vt 0.12548907101154327 0.48568961024284363 
vt 0.12646102905273438 0.48568961024284363 
vt 0.12548907101154327 0.4976195693016052 
vt 0.12646102905273438 0.4976195693016052 
vt 0.12548907101154327 0.5097789168357849 
vt 0.12646102905273438 0.5097789168357849 
vt 0.12548907101154327 0.5220530033111572 
vt 0.12646102905273438 0.5220530033111572 
vt 0.12548907101154327 0.5340976715087891 
vt 0.12646102905273438 0.5340976715087891 
vt 0.12548907101154327 0.5462570190429688 
vt 0.12646102905273438 0.5462570190429688 
vt 0.12548907101154327 0.5583016872406006 
vt 0.12646102905273438 0.5583016872406006 
vt 0.12548907101154327 0.5703463554382324 
vt 0.12646102905273438 0.5703463554382324 
vt 0.12548907101154327 0.5825057029724121 
vt 0.12646102905273438 0.5825057029724121 
vt 0.12548907101154327 0.5946650505065918 
vt 0.12646102905273438 0.5946650505065918 
vt 0.12548907101154327 0.606594979763031 
vt 0.12646102905273438 0.606594979763031 
vt 0.12548907101154327 0.6187543869018555 
vt 0.12646102905273438 0.6187543869018555 
vt 0.12548907101154327 0.6306843161582947 
vt 0.12646102905273438 0.6306843161582947 
vt 0.9573721885681152 0.5432745218276978 
vt 0.9515403509140015 0.5432745218276978 
vt 0.9573721885681152 0.5312298536300659 
vt 0.9515403509140015 0.5312298536300659 
vt 0.9573721885681152 0.5187264084815979 
vt 0.9515403509140015 0.5187264084815979 
vt 0.9573721885681152 0.5069111585617065 
vt 0.9515403509140015 0.5069111585617065 
vt 0.9573721885681152 0.4950959086418152 
vt 0.9515403509140015 0.4950959086418152 
vt 0.9573721885681152 0.4825924038887024 
vt 0.9515403509140015 0.4825924038887024 
vt 0.9573721885681152 0.4706624746322632 
vt 0.9515403509140015 0.4706624746322632 
vt 0.9573721885681152 0.45896196365356445 
vt 0.9515403509140015 0.45896196365356445 
vt 0.9573721885681152 0.4468025863170624 
vt 0.9515403509140015 0.4468025863170624 
vt 0.9573721885681152 0.434987336397171 
vt 0.9515403509140015 0.434987336397171 
vt 0.9573721885681152 0.4227132797241211 
vt 0.9515403509140015 0.4227132797241211 
vt 0.9573721885681152 0.41066861152648926 
vt 0.9515403509140015 0.41066861152648926 
vt 0.9573721885681152 0.39850926399230957 
vt 0.9515403509140015 0.39850926399230957 
vt 0.9573721885681152 0.3863498866558075 
vt 0.9515403509140015 0.3863498866558075 
vt 0.9573721885681152 0.3744199573993683 
vt 0.9515403509140015 0.3744199573993683 
vt 0.9573721885681152 0.36237528920173645 
vt 0.9515403509140015 0.36237528920173645 
vt 0.9573721885681152 0.35044533014297485 
vt 0.9515403509140015 0.35044533014297485 
vt 0.11904978007078171 0.43751099705696106 
vt 0.12488158792257309 0.43751099705696106 
vt 0.11904978007078171 0.44944092631340027 
vt 0.12488158792257309 0.44944092631340027 
vt 0.11904978007078171 0.46137088537216187 
vt 0.12488158792257309 0.46137088537216187 
vt 0.11904978007078171 0.4734155237674713 
vt 0.12488158792257309 0.4734155237674713 
vt 0.11904978007078171 0.48568961024284363 
vt 0.12488158792257309 0.48568961024284363 
vt 0.11904978007078171 0.4976195693016052 
vt 0.12488158792257309 0.4976195693016052 
vt 0.11904978007078171 0.5097789168357849 
vt 0.12488158792257309 0.5097789168357849 
vt 0.11904978007078171 0.5220530033111572 
vt 0.12488158792257309 0.5220530033111572 
vt 0.11904978007078171 0.5340976715087891 
vt 0.12488158792257309 0.5340976715087891 
vt 0.11904978007078171 0.5462570190429688 
vt 0.12488158792257309 0.5462570190429688 
vt 0.11904978007078171 0.5583016872406006 
vt 0.12488158792257309 0.5583016872406006 
vt 0.11904978007078171 0.5703463554382324 
vt 0.12488158792257309 0.5703463554382324 
vt 0.11904978007078171 0.5825057029724121 
vt 0.12488158792257309 0.5825057029724121 
vt 0.11904978007078171 0.5946650505065918 
vt 0.12488158792257309 0.5946650505065918 
vt 0.11904978007078171 0.606594979763031 
vt 0.12488158792257309 0.606594979763031 
vt 0.11904978007078171 0.6187543869018555 
vt 0.12488158792257309 0.6187543869018555 
vt 0.11904978007078171 0.6306843161582947 
vt 0.12488158792257309 0.6306843161582947 
vt 0.9509329199790955 0.5432745218276978 
vt 0.9499609470367432 0.5432745218276978 
vt 0.9509329199790955 0.5312298536300659 
vt 0.9499609470367432 0.5312298536300659 
vt 0.9509329199790955 0.5187264084815979 
vt 0.9499609470367432 0.5187264084815979 
vt 0.9509329199790955 0.5069111585617065 
vt 0.9499609470367432 0.5069111585617065 
vt 0.9509329199790955 0.4950959086418152 
vt 0.9499609470367432 0.4950959086418152 
vt 0.9509329199790955 0.4825924038887024 
vt 0.9499609470367432 0.4825924038887024 
vt 0.9509329199790955 0.4706624746322632 
vt 0.9499609470367432 0.4706624746322632 
vt 0.9509329199790955 0.45896196365356445 
vt 0.9499609470367432 0.45896196365356445 
vt 0.9509329199790955 0.4468025863170624 
vt 0.9499609470367432 0.4468025863170624 
vt 0.9509329199790955 0.434987336397171 
vt 0.9499609470367432 0.434987336397171 
vt 0.9509329199790955 0.4227132797241211 
vt 0.9499609470367432 0.4227132797241211 
vt 0.9509329199790955 0.41066861152648926 
vt 0.9499609470367432 0.41066861152648926 
vt 0.9509329199790955 0.39850926399230957 
vt 0.9499609470367432 0.39850926399230957 
vt 0.9509329199790955 0.3863498866558075 
vt 0.9499609470367432 0.3863498866558075 
vt 0.9509329199790955 0.3744199573993683 
vt 0.9499609470367432 0.3744199573993683 
vt 0.9509329199790955 0.36237528920173645 
vt 0.9499609470367432 0.36237528920173645 
vt 0.9509329199790955 0.35044533014297485 
vt 0.9499609470367432 0.35044533014297485 
vt 0.33166778087615967 0.19581492245197296 
vt 0.33263975381851196 0.19581492245197296 
vt 0.33166778087615967 0.21508637070655823 
vt 0.33263975381851196 0.21508637070655823 
vt 0.33166778087615967 0.23412838578224182 
vt 0.33263975381851196 0.23412838578224182 
vt 0.33166778087615967 0.25328513979911804 
vt 0.33263975381851196 0.25328513979911804 
vt 0.47491157054901123 0.36593133211135864 
vt 0.47491157054901123 0.36501362919807434 
vt 0.4947154223918915 0.36593133211135864 
vt 0.4947154223918915 0.36501362919807434 
vt 0.11904978007078171 0.6306843161582947 
vt 0.11844229698181152 0.6306843161582947 
vt 0.11904978007078171 0.6187543869018555 
vt 0.11844229698181152 0.6187543869018555 
vt 0.11904978007078171 0.606594979763031 
vt 0.11844229698181152 0.606594979763031 
vt 0.11904978007078171 0.5946650505065918 
vt 0.11844229698181152 0.5946650505065918 
vt 0.11904978007078171 0.5825057029724121 
vt 0.11844229698181152 0.5825057029724121 
vt 0.11904978007078171 0.5703463554382324 
vt 0.11844229698181152 0.5703463554382324 
vt 0.11904978007078171 0.5583016872406006 
vt 0.11844229698181152 0.5583016872406006 
vt 0.11904978007078171 0.5462570190429688 
vt 0.11844229698181152 0.5462570190429688 
vt 0.11904978007078171 0.5340976715087891 
vt 0.11844229698181152 0.5340976715087891 
vt 0.11904978007078171 0.5220530033111572 
vt 0.11844229698181152 0.5220530033111572 
vt 0.11904978007078171 0.5097789168357849 
vt 0.11844229698181152 0.5097789168357849 
vt 0.11904978007078171 0.4976195693016052 
vt 0.11844229698181152 0.4976195693016052 
vt 0.11904978007078171 0.48568961024284363 
vt 0.11844229698181152 0.48568961024284363 
vt 0.11904978007078171 0.4734155237674713 
vt 0.11844229698181152 0.4734155237674713 
vt 0.11904978007078171 0.46137088537216187 
vt 0.11844229698181152 0.46137088537216187 
vt 0.11904978007078171 0.44944092631340027 
vt 0.11844229698181152 0.44944092631340027 
vt 0.11904978007078171 0.43751099705696106 
vt 0.11844229698181152 0.43751099705696106 
vt 0.9509329199790955 0.35044533014297485 
vt 0.9515403509140015 0.35044533014297485 
vt 0.9509329199790955 0.36237528920173645 
vt 0.9515403509140015 0.36237528920173645 
vt 0.9509329199790955 0.3744199573993683 
vt 0.9515403509140015 0.3744199573993683 
vt 0.9509329199790955 0.3863498866558075 
vt 0.9515403509140015 0.3863498866558075 
vt 0.9509329199790955 0.39850926399230957 
vt 0.9515403509140015 0.39850926399230957 
vt 0.9509329199790955 0.41066861152648926 
vt 0.9515403509140015 0.41066861152648926 
vt 0.9509329199790955 0.4227132797241211 
vt 0.9515403509140015 0.4227132797241211 
vt 0.9509329199790955 0.434987336397171 
vt 0.9515403509140015 0.434987336397171 
vt 0.9509329199790955 0.4468025863170624 
vt 0.9515403509140015 0.4468025863170624 
vt 0.9509329199790955 0.45896196365356445 
vt 0.9515403509140015 0.45896196365356445 
vt 0.9509329199790955 0.4706624746322632 
vt 0.9515403509140015 0.4706624746322632 
vt 0.9509329199790955 0.4825924038887024 
vt 0.9515403509140015 0.4825924038887024 
vt 0.9509329199790955 0.4950959086418152 
vt 0.9515403509140015 0.4950959086418152 
vt 0.9509329199790955 0.5069111585617065 
vt 0.9515403509140015 0.5069111585617065 
vt 0.9509329199790955 0.5187264084815979 
vt 0.9515403509140015 0.5187264084815979 
vt 0.9509329199790955 0.5312298536300659 
vt 0.9515403509140015 0.5312298536300659 
vt 0.9509329199790955 0.5432745218276978 
vt 0.9515403509140015 0.5432745218276978 
vt 0.9653909206390381 0.04106977581977844 
vt 0.9653909206390381 0.04221688583493233 
vt 0.924689769744873 0.04106977581977844 
vt 0.924689769744873 0.04221688583493233 
vt 0.09013373404741287 0.9420099854469299 
vt 0.07932058721780777 0.9420099854469299 
vt 0.09013373404741287 0.9262945652008057 
vt 0.07932058721780777 0.9262945652008057 
vt 0.09013373404741287 0.9104644656181335 
vt 0.07932058721780777 0.9104644656181335 
vt 0.09013373404741287 0.8947490453720093 
vt 0.07932058721780777 0.8947490453720093 
vt 0.09013373404741287 0.8789189457893372 
vt 0.07932058721780777 0.8789189457893372 
vt 0.09013373404741287 0.8632035255432129 
vt 0.07932058721780777 0.8632035255432129 
vt 0.09013373404741287 0.847373366355896 
vt 0.07932058721780777 0.847373366355896 
vt 0.09013373404741287 0.8316580057144165 
vt 0.07932058721780777 0.8316580057144165 
vt 0.09013373404741287 0.8158278465270996 
vt 0.07932058721780777 0.8158278465270996 
vt 0.09013373404741287 0.8001124858856201 
vt 0.07932058721780777 0.8001124858856201 
vt 0.09013373404741287 0.7843970656394958 
vt 0.07932058721780777 0.7843970656394958 
vt 0.09013373404741287 0.7685669660568237 
vt 0.07932058721780777 0.7685669660568237 
vt 0.09013373404741287 0.7528515458106995 
vt 0.07932058721780777 0.7528515458106995 
vt 0.09013373404741287 0.7370213866233826 
vt 0.07932058721780777 0.7370213866233826 
vt 0.09013373404741287 0.7213060259819031 
vt 0.07932058721780777 0.7213060259819031 
vt 0.09013373404741287 0.7054758667945862 
vt 0.07932058721780777 0.7054758667945862 
vt 0.09013373404741287 0.6897605061531067 
vt 0.07932058721780777 0.6897605061531067 
vt 0.09013373404741287 0.6739303469657898 
vt 0.07932058721780777 0.6739303469657898 
vt 0.09013373404741287 0.6582149863243103 
vt 0.07932058721780777 0.6582149863243103 
vt 0.09013373404741287 0.6423848271369934 
vt 0.07932058721780777 0.6423848271369934 
vt 0.09013373404741287 0.6266694068908691 
vt 0.07932058721780777 0.6266694068908691 
vt 0.09013373404741287 0.6109540462493896 
vt 0.07932058721780777 0.6109540462493896 
vt 0.09013373404741287 0.5951238870620728 
vt 0.07932058721780777 0.5951238870620728 
vt 0.09013373404741287 0.5794085264205933 
vt 0.07932058721780777 0.5794085264205933 
vt 0.09013373404741287 0.5635783672332764 
vt 0.07932058721780777 0.5635783672332764 
vt 0.09013373404741287 0.5478629469871521 
vt 0.07932058721780777 0.5478629469871521 
vt 0.09013373404741287 0.53203284740448 
vt 0.07932058721780777 0.53203284740448 
vt 0.09013373404741287 0.5163174271583557 
vt 0.07932058721780777 0.5163174271583557 
vt 0.09013373404741287 0.5004873275756836 
vt 0.07932058721780777 0.5004873275756836 
vt 0.09013373404741287 0.4847719371318817 
vt 0.07932058721780777 0.4847719371318817 
vt 0.09013373404741287 0.46905651688575745 
vt 0.07932058721780777 0.46905651688575745 
vt 0.09013373404741287 0.45322638750076294 
vt 0.07932058721780777 0.45322638750076294 
vt 0.09013373404741287 0.43751099705696106 
vt 0.07932058721780777 0.43751099705696106 
vt 0.9573721885681152 0.35044533014297485 
vt 0.957979679107666 0.35044533014297485 
vt 0.9573721885681152 0.36237528920173645 
vt 0.957979679107666 0.36237528920173645 
vt 0.9573721885681152 0.3744199573993683 
vt 0.957979679107666 0.3744199573993683 
vt 0.9573721885681152 0.3863498866558075 
vt 0.957979679107666 0.3863498866558075 
vt 0.9573721885681152 0.39850926399230957 
vt 0.957979679107666 0.39850926399230957 
vt 0.9573721885681152 0.41066861152648926 
vt 0.957979679107666 0.41066861152648926 
vt 0.9573721885681152 0.4227132797241211 
vt 0.957979679107666 0.4227132797241211 
vt 0.9573721885681152 0.434987336397171 
vt 0.957979679107666 0.434987336397171 
vt 0.9573721885681152 0.4468025863170624 
vt 0.957979679107666 0.4468025863170624 
vt 0.9573721885681152 0.45896196365356445 
vt 0.957979679107666 0.45896196365356445 
vt 0.9573721885681152 0.4706624746322632 
vt 0.957979679107666 0.4706624746322632 
vt 0.9573721885681152 0.4825924038887024 
vt 0.957979679107666 0.4825924038887024 
vt 0.9573721885681152 0.4950959086418152 
vt 0.957979679107666 0.4950959086418152 
vt 0.9573721885681152 0.5069111585617065 
vt 0.957979679107666 0.5069111585617065 
vt 0.9573721885681152 0.5187264084815979 
vt 0.957979679107666 0.5187264084815979 
vt 0.9573721885681152 0.5312298536300659 
vt 0.957979679107666 0.5312298536300659 
vt 0.9573721885681152 0.5432745218276978 
vt 0.957979679107666 0.5432745218276978 
vt 0.11261048913002014 0.003329857951030135 
vt 0.11261048913002014 0.0024121699389070272 
vt 0.1318068653345108 0.003329857951030135 
vt 0.1318068653345108 0.0024121699389070272 
vt 0.15124621987342834 0.003329857951030135 
vt 0.15124621987342834 0.0024121699389070272 
vt 0.1704425811767578 0.003329857951030135 
vt 0.1704425811767578 0.0024121699389070272 
vt 0.32073312997817993 0.22862225770950317 
vt 0.31878921389579773 0.22862225770950317 
vt 0.32073312997817993 0.22265729308128357 
vt 0.31878921389579773 0.22265729308128357 
vt 0.31878921389579773 0.17642875015735626 
vt 0.32073312997817993 0.17642875015735626 
vt 0.31878921389579773 0.18239372968673706 
vt 0.32073312997817993 0.18239372968673706 
vt 0.9386618137359619 0.3011196255683899 
vt 0.9370823502540588 0.30043134093284607 
vt 0.9403627514839172 0.3011196255683899 
vt 0.9395122528076172 0.29676058888435364 
vt 0.9419422149658203 0.30043134093284607 
vt 0.9431571364402771 0.29916954040527344 
vt 0.9358673691749573 0.29916954040527344 
vt 0.9351384043693542 0.29767829179763794 
vt 0.9351384043693542 0.29595762491226196 
vt 0.9358673691749573 0.2943516671657562 
vt 0.9370823502540588 0.2930898368358612 
vt 0.9386618137359619 0.29240158200263977 
vt 0.9403627514839172 0.29240158200263977 
vt 0.9419422149658203 0.2930898368358612 
vt 0.9431571364402771 0.2943516671657562 
vt 0.9437646269798279 0.29595762491226196 
vt 0.9437646269798279 0.29767829179763794 
vt 0.9944284558296204 0.11838499456644058 
vt 0.9950359463691711 0.11838499456644058 
vt 0.9944284558296204 0.12010565400123596 
vt 0.9950359463691711 0.12010565400123596 
vt 0.9944284558296204 0.12182632088661194 
vt 0.9950359463691711 0.12182632088661194 
vt 0.9944284558296204 0.12354698777198792 
vt 0.9950359463691711 0.12354698777198792 
vt 0.9944284558296204 0.1252676546573639 
vt 0.9950359463691711 0.1252676546573639 
vt 0.9944284558296204 0.12698832154273987 
vt 0.9950359463691711 0.12698832154273987 
vt 0.9944284558296204 0.12870898842811584 
vt 0.9950359463691711 0.12870898842811584 
vt 0.9944284558296204 0.13042964041233063 
vt 0.9950359463691711 0.13042964041233063 
vt 0.9944284558296204 0.1321503072977066 
vt 0.9950359463691711 0.1321503072977066 
vt 0.9944284558296204 0.13387097418308258 
vt 0.9950359463691711 0.13387097418308258 
vt 0.9944284558296204 0.13559164106845856 
vt 0.9950359463691711 0.13559164106845856 
vt 0.9944284558296204 0.13731230795383453 
vt 0.9950359463691711 0.13731230795383453 
vt 0.9944284558296204 0.1390329748392105 
vt 0.9950359463691711 0.1390329748392105 
vt 0.9944284558296204 0.1407536417245865 
vt 0.9950359463691711 0.1407536417245865 
vt 0.9944284558296204 0.14247429370880127 
vt 0.9950359463691711 0.14247429370880127 
vt 0.9944284558296204 0.14419496059417725 
vt 0.9950359463691711 0.14419496059417725 
vt 0.9944284558296204 0.14591562747955322 
vt 0.9950359463691711 0.14591562747955322 
vt 0.2718917429447174 0.32624131441116333 
vt 0.2718917429447174 0.3281913995742798 
vt 0.2659384310245514 0.32624131441116333 
vt 0.2659384310245514 0.3281913995742798 
vt 0.01432022824883461 0.08947782218456268 
vt 0.01432022824883461 0.10140776634216309 
vt 0.009217396378517151 0.08947782218456268 
vt 0.009217396378517151 0.10140776634216309 
vt 0.01432022824883461 0.11333771049976349 
vt 0.009217396378517151 0.11333771049976349 
vt 0.01432022824883461 0.1252676546573639 
vt 0.009217396378517151 0.1252676546573639 
vt 0.01432022824883461 0.1371975988149643 
vt 0.009217396378517151 0.1371975988149643 
vt 0.8749979138374329 0.35228070616722107 
vt 0.8762128353118896 0.3511336147785187 
vt 0.8742688894271851 0.3538866639137268 
vt 0.8786427974700928 0.3548043668270111 
vt 0.8742688894271851 0.3556073307991028 
vt 0.8749979138374329 0.3572132885456085 
vt 0.8777922987937927 0.35044533014297485 
vt 0.879493236541748 0.35044533014297485 
vt 0.8810727000236511 0.3511336147785187 
vt 0.8822876811027527 0.3523954451084137 
vt 0.8828951120376587 0.35400137305259705 
vt 0.8828951120376587 0.3556073307991028 
vt 0.8822876811027527 0.3572132885456085 
vt 0.8810727000236511 0.35847511887550354 
vt 0.879493236541748 0.35904866456985474 
vt 0.8777922987937927 0.35904866456985474 
vt 0.8762128353118896 0.35847511887550354 
vt 0.6303049325942993 0.07617134600877762 
vt 0.6273890733718872 0.07617134600877762 
vt 0.6303049325942993 0.07009165734052658 
vt 0.6273890733718872 0.07009165734052658 
vt 0.6245946288108826 0.07617134600877762 
vt 0.6245946288108826 0.07009165734052658 
vt 0.008488420397043228 0.3691432476043701 
vt 0.008488420397043228 0.3572132885456085 
vt 0.01371274795383215 0.3691432476043701 
vt 0.01371274795383215 0.3572132885456085 
vt 0.008488420397043228 0.3452833592891693 
vt 0.01371274795383215 0.3452833592891693 
vt 0.008488420397043228 0.3333534002304077 
vt 0.01371274795383215 0.3333534002304077 
vt 0.008488420397043228 0.3214234709739685 
vt 0.01371274795383215 0.3214234709739685 
vt 0.05101202055811882 0.11941739171743393 
vt 0.05101202055811882 0.11838499456644058 
vt 0.07081586867570877 0.11941739171743393 
vt 0.07081586867570877 0.11838499456644058 
vt 0.2257232666015625 0.32624131441116333 
vt 0.2257232666015625 0.3281913995742798 
vt 0.21976996958255768 0.32624131441116333 
vt 0.21976996958255768 0.3281913995742798 
vt 0.2257232666015625 0.3281913995742798 
vt 0.2257232666015625 0.32624131441116333 
vt 0.23580743372440338 0.3281913995742798 
vt 0.23580743372440338 0.32624131441116333 
vt 0.24589160084724426 0.3281913995742798 
vt 0.24589160084724426 0.32624131441116333 
vt 0.25597578287124634 0.3281913995742798 
vt 0.25597578287124634 0.32624131441116333 
vt 0.2659384310245514 0.3281913995742798 
vt 0.2659384310245514 0.32624131441116333 
vt 0.32073312997817993 0.22265729308128357 
vt 0.31878921389579773 0.22265729308128357 
vt 0.32073312997817993 0.21256272494792938 
vt 0.31878921389579773 0.21256272494792938 
vt 0.32073312997817993 0.2024681568145752 
vt 0.31878921389579773 0.2024681568145752 
vt 0.32073312997817993 0.19248829782009125 
vt 0.31878921389579773 0.19248829782009125 
vt 0.32073312997817993 0.18239372968673706 
vt 0.31878921389579773 0.18239372968673706 
vt 0.5201081037521362 0.20361526310443878 
vt 0.4996967613697052 0.1994856745004654 
vt 0.5253323912620544 0.1860644817352295 
vt 0.5015192031860352 0.18124662339687347 
vt 0.4790424406528473 0.1994856745004654 
vt 0.47721999883651733 0.18124662339687347 
vt 0.4587526023387909 0.20361526310443878 
vt 0.45340678095817566 0.1860644817352295 
vt 0.5004256963729858 0.3600810766220093 
vt 0.5242389440536499 0.35526320338249207 
vt 0.5057715773582458 0.3776318430900574 
vt 0.5260613560676575 0.373502254486084 
vt 0.5485381484031677 0.35526320338249207 
vt 0.5467156767845154 0.373502254486084 
vt 0.572351336479187 0.3600810766220093 
vt 0.5671270489692688 0.3776318430900574 
vt 0.1360592246055603 0.510123074054718 
vt 0.13132087886333466 0.4862631559371948 
vt 0.1536761373281479 0.5048463344573975 
vt 0.14954528212547302 0.4844277799129486 
vt 0.13132087886333466 0.46194443106651306 
vt 0.14954528212547302 0.4637798070907593 
vt 0.1360592246055603 0.43808454275131226 
vt 0.1536761373281479 0.44347596168518066 
vt 0.22620925307273865 0.4844277799129486 
vt 0.20227454602718353 0.4891309440135956 
vt 0.2208634316921234 0.4668770134449005 
vt 0.20057359337806702 0.47089189291000366 
vt 0.17809683084487915 0.4891309440135956 
vt 0.17979778349399567 0.47089189291000366 
vt 0.15416212379932404 0.4844277799129486 
vt 0.15950794517993927 0.4668770134449005 
vt 0.9924845099449158 0.03694017976522446 
vt 0.9972228407859802 0.06080006808042526 
vt 0.974867582321167 0.04221688583493233 
vt 0.9788769483566284 0.06263544410467148 
vt 0.9972228407859802 0.08500409126281738 
vt 0.9788769483566284 0.0832834243774414 
vt 0.9924845099449158 0.10886397957801819 
vt 0.974867582321167 0.10358726978302002 
vt 0.8129134178161621 0.48396894335746765 
vt 0.7925021052360535 0.47983935475349426 
vt 0.8181377649307251 0.46641817688941956 
vt 0.7943245768547058 0.46160030364990234 
vt 0.7718477845191956 0.47983935475349426 
vt 0.770025372505188 0.46160030364990234 
vt 0.7515579462051392 0.48396894335746765 
vt 0.7462121248245239 0.46641817688941956 
vt 0.5638466477394104 0.38417038321495056 
vt 0.5876598358154297 0.3794672191143036 
vt 0.5691924691200256 0.40172114968299866 
vt 0.589482307434082 0.3977062702178955 
vt 0.6119590401649475 0.3794672191143036 
vt 0.6101366281509399 0.3977062702178955 
vt 0.6358937621116638 0.38417038321495056 
vt 0.6305479407310486 0.40172114968299866 
vt 0.45364975929260254 0.43361082673072815 
vt 0.45364975929260254 0.43269312381744385 
vt 0.47527605295181274 0.43361082673072815 
vt 0.47527605295181274 0.43269312381744385 
vt 0.4970238506793976 0.43361082673072815 
vt 0.4970238506793976 0.43269312381744385 
vt 0.5199865698814392 0.43361082673072815 
vt 0.5199865698814392 0.43269312381744385 
vt 0.31878921389579773 0.22862225770950317 
vt 0.32073312997817993 0.22862225770950317 
vt 0.31878921389579773 0.23871682584285736 
vt 0.32073312997817993 0.23871682584285736 
vt 0.31878921389579773 0.24881139397621155 
vt 0.32073312997817993 0.24881139397621155 
vt 0.31878921389579773 0.2587912678718567 
vt 0.32073312997817993 0.2587912678718567 
vt 0.31878921389579773 0.2688858211040497 
vt 0.32073312997817993 0.2688858211040497 
vt 0.8364836573600769 0.23412838578224182 
vt 0.8355116844177246 0.23412838578224182 
vt 0.8364836573600769 0.21474222838878632 
vt 0.8355116844177246 0.21474222838878632 
vt 0.8364836573600769 0.1955854892730713 
vt 0.8355116844177246 0.1955854892730713 
vt 0.8364836573600769 0.17642875015735626 
vt 0.8355116844177246 0.17642875015735626 
vt 0.8223901391029358 0.4674505591392517 
vt 0.8223901391029358 0.4665328860282898 
vt 0.8453528881072998 0.4674505591392517 
vt 0.8453528881072998 0.4665328860282898 
vt 0.867586612701416 0.4674505591392517 
vt 0.867586612701416 0.4665328860282898 
vt 0.8900634050369263 0.4674505591392517 
vt 0.8900634050369263 0.4665328860282898 
vt 0.583528995513916 0.2688858211040497 
vt 0.5815850496292114 0.2688858211040497 
vt 0.583528995513916 0.2587912678718567 
vt 0.5815850496292114 0.2587912678718567 
vt 0.583528995513916 0.24881139397621155 
vt 0.5815850496292114 0.24881139397621155 
vt 0.583528995513916 0.23871682584285736 
vt 0.5815850496292114 0.23871682584285736 
vt 0.583528995513916 0.22862225770950317 
vt 0.5815850496292114 0.22862225770950317 
vt 0.4145280420780182 0.14740687608718872 
vt 0.4145280420780182 0.14843927323818207 
vt 0.39472419023513794 0.14740687608718872 
vt 0.39472419023513794 0.14843927323818207 
vt 0.9841012954711914 0.29240158200263977 
vt 0.9850732684135437 0.29240158200263977 
vt 0.9841012954711914 0.3122465908527374 
vt 0.9850732684135437 0.3122465908527374 
vt 0.29193857312202454 0.45678243041038513 
vt 0.29193857312202454 0.4578148424625397 
vt 0.2722562253475189 0.45678243041038513 
vt 0.2722562253475189 0.4578148424625397 
vt 0.2531813681125641 0.45678243041038513 
vt 0.2531813681125641 0.4578148424625397 
vt 0.23398499190807343 0.45678243041038513 
vt 0.23398499190807343 0.4578148424625397 
vt 0.583528995513916 0.22862225770950317 
vt 0.5815850496292114 0.22862225770950317 
vt 0.583528995513916 0.22265729308128357 
vt 0.5815850496292114 0.22265729308128357 
vt 0.5815850496292114 0.18239372968673706 
vt 0.583528995513916 0.18239372968673706 
vt 0.5815850496292114 0.19248829782009125 
vt 0.583528995513916 0.19248829782009125 
vt 0.5815850496292114 0.2024681568145752 
vt 0.583528995513916 0.2024681568145752 
vt 0.5815850496292114 0.21256272494792938 
vt 0.583528995513916 0.21256272494792938 
vt 0.5815850496292114 0.22265729308128357 
vt 0.583528995513916 0.22265729308128357 
vt 0.31137794256210327 0.4954400360584259 
vt 0.31234991550445557 0.4954400360584259 
vt 0.31137794256210327 0.5178086757659912 
vt 0.31234991550445557 0.5178086757659912 
vt 0.31137794256210327 0.5406361818313599 
vt 0.31234991550445557 0.5406361818313599 
vt 0.31137794256210327 0.5635783672332764 
vt 0.31234991550445557 0.5635783672332764 
vt 0.0408063568174839 0.3794672191143036 
vt 0.0417783223092556 0.3794672191143036 
vt 0.0408063568174839 0.39931222796440125 
vt 0.0417783223092556 0.39931222796440125 
vt 0.32049015164375305 0.504616916179657 
vt 0.31951817870140076 0.504616916179657 
vt 0.32049015164375305 0.4823629856109619 
vt 0.31951817870140076 0.4823629856109619 
vt 0.32049015164375305 0.45976492762565613 
vt 0.31951817870140076 0.45976492762565613 
vt 0.32049015164375305 0.43751099705696106 
vt 0.31951817870140076 0.43751099705696106 
vt 0.4421076476573944 0.0130802933126688 
vt 0.4421076476573944 0.012047894299030304 
vt 0.46191149950027466 0.0130802933126688 
vt 0.46191149950027466 0.012047894299030304 
vt 0.8231191039085388 0.24410824477672577 
vt 0.8231191039085388 0.24502593278884888 
vt 0.8003993630409241 0.24410824477672577 
vt 0.8003993630409241 0.24502593278884888 
vt 0.7779225707054138 0.24410824477672577 
vt 0.7779225707054138 0.24502593278884888 
vt 0.7554458379745483 0.24410824477672577 
vt 0.7554458379745483 0.24502593278884888 
vt 0.09341412037611008 0.036251913756132126 
vt 0.09341412037611008 0.037169601768255234 
vt 0.07361027598381042 0.036251913756132126 
vt 0.07361027598381042 0.037169601768255234 
vt 0.4185374081134796 0.157157301902771 
vt 0.4185374081134796 0.1580749899148941 
vt 0.39873358607292175 0.157157301902771 
vt 0.39873358607292175 0.1580749899148941 
vt 0.5177996754646301 0.39392080903053284 
vt 0.5177996754646301 0.3949532210826874 
vt 0.49848178029060364 0.39392080903053284 
vt 0.49848178029060364 0.3949532210826874 
vt 0.47928541898727417 0.39392080903053284 
vt 0.47928541898727417 0.3949532210826874 
vt 0.4603320360183716 0.39392080903053284 
vt 0.4603320360183716 0.3949532210826874 
vt 0.8752408623695374 0.1092081144452095 
vt 0.8742688894271851 0.1092081144452095 
vt 0.8752408623695374 0.08947782218456268 
vt 0.8742688894271851 0.08947782218456268 
vt 0.025862347334623337 0.1092081144452095 
vt 0.02489037998020649 0.1092081144452095 
vt 0.025862347334623337 0.08947782218456268 
vt 0.02489037998020649 0.08947782218456268 
vt 0.12488158792257309 0.43751099705696106 
vt 0.12548907101154327 0.43751099705696106 
vt 0.12488158792257309 0.44944092631340027 
vt 0.12548907101154327 0.44944092631340027 
vt 0.12488158792257309 0.46137088537216187 
vt 0.12548907101154327 0.46137088537216187 
vt 0.12488158792257309 0.4734155237674713 
vt 0.12548907101154327 0.4734155237674713 
vt 0.12488158792257309 0.48568961024284363 
vt 0.12548907101154327 0.48568961024284363 
vt 0.12488158792257309 0.4976195693016052 
vt 0.12548907101154327 0.4976195693016052 
vt 0.12488158792257309 0.5097789168357849 
vt 0.12548907101154327 0.5097789168357849 
vt 0.12488158792257309 0.5220530033111572 
vt 0.12548907101154327 0.5220530033111572 
vt 0.12488158792257309 0.5340976715087891 
vt 0.12548907101154327 0.5340976715087891 
vt 0.12488158792257309 0.5462570190429688 
vt 0.12548907101154327 0.5462570190429688 
vt 0.12488158792257309 0.5583016872406006 
vt 0.12548907101154327 0.5583016872406006 
vt 0.12488158792257309 0.5703463554382324 
vt 0.12548907101154327 0.5703463554382324 
vt 0.12488158792257309 0.5825057029724121 
vt 0.12548907101154327 0.5825057029724121 
vt 0.12488158792257309 0.5946650505065918 
vt 0.12548907101154327 0.5946650505065918 
vt 0.12488158792257309 0.606594979763031 
vt 0.12548907101154327 0.606594979763031 
vt 0.12488158792257309 0.6187543869018555 
vt 0.12548907101154327 0.6187543869018555 
vt 0.12488158792257309 0.6306843161582947 
vt 0.12548907101154327 0.6306843161582947 
vt 0.34272390604019165 0.0024121699389070272 
vt 0.34272390604019165 0.003329857951030135 
vt 0.3200041651725769 0.0024121699389070272 
vt 0.3200041651725769 0.003329857951030135 
vt 0.2974058985710144 0.0024121699389070272 
vt 0.2974058985710144 0.003329857951030135 
vt 0.27492913603782654 0.0024121699389070272 
vt 0.27492913603782654 0.003329857951030135 
vt 0.9932134747505188 0.47169485688209534 
vt 0.9913910627365112 0.47169485688209534 
vt 0.9932134747505188 0.46572989225387573 
vt 0.9913910627365112 0.46572989225387573 
vt 0.8419509530067444 0.003329857951030135 
vt 0.8419509530067444 0.0024121699389070272 
vt 0.861025869846344 0.003329857951030135 
vt 0.861025869846344 0.0024121699389070272 
vt 0.8802222013473511 0.003329857951030135 
vt 0.8802222013473511 0.0024121699389070272 
vt 0.8996616005897522 0.003329857951030135 
vt 0.8996616005897522 0.0024121699389070272 
vt 0.6443985104560852 0.060455936938524246 
vt 0.6443985104560852 0.061373624950647354 
vt 0.6245946288108826 0.060455936938524246 
vt 0.6245946288108826 0.061373624950647354 
vt 0.43238797783851624 0.32727372646331787 
vt 0.43238797783851624 0.32624131441116333 
vt 0.4519488215446472 0.32727372646331787 
vt 0.4519488215446472 0.32624131441116333 
vt 0.4705377221107483 0.32727372646331787 
vt 0.4705377221107483 0.32624131441116333 
vt 0.4888836145401001 0.32727372646331787 
vt 0.4888836145401001 0.32624131441116333 
vt 0.4459955096244812 0.2934339642524719 
vt 0.4459955096244812 0.29240158200263977 
vt 0.46579936146736145 0.2934339642524719 
vt 0.46579936146736145 0.29240158200263977 
vt 0.4282571077346802 0.3369094431400299 
vt 0.4282571077346802 0.335991770029068 
vt 0.4480609595775604 0.3369094431400299 
vt 0.4480609595775604 0.335991770029068 
vt 0.2243868112564087 0.4954400360584259 
vt 0.2243868112564087 0.49647244811058044 
vt 0.20178855955600739 0.4954400360584259 
vt 0.20178855955600739 0.49647244811058044 
vt 0.1795547902584076 0.4954400360584259 
vt 0.1795547902584076 0.49647244811058044 
vt 0.15707802772521973 0.4954400360584259 
vt 0.15707802772521973 0.49647244811058044 
vt 0.8519136309623718 0.11838499456644058 
vt 0.8528856039047241 0.11838499456644058 
vt 0.8519136309623718 0.13822999596595764 
vt 0.8528856039047241 0.13822999596595764 
vt 0.6614079475402832 0.16679303348064423 
vt 0.6734360456466675 0.16679303348064423 
vt 0.6614079475402832 0.17195503413677216 
vt 0.6734360456466675 0.17195503413677216 
vt 0.6853426098823547 0.16679303348064423 
vt 0.6853426098823547 0.17195503413677216 
vt 0.6972492337226868 0.16679303348064423 
vt 0.6972492337226868 0.17195503413677216 
vt 0.7091558575630188 0.16679303348064423 
vt 0.7091558575630188 0.17195503413677216 
vt 0.9321010112762451 0.3842850923538208 
vt 0.9321010112762451 0.3854322135448456 
vt 0.924568235874176 0.3842850923538208 
vt 0.924568235874176 0.3854322135448456 
vt 0.917885959148407 0.3842850923538208 
vt 0.917885959148407 0.3854322135448456 
vt 0.901727020740509 0.3842850923538208 
vt 0.901727020740509 0.3854322135448456 
vt 0.6539966464042664 0.4638945162296295 
vt 0.646463930606842 0.4633209705352783 
vt 0.6539966464042664 0.42317211627960205 
vt 0.646463930606842 0.42374566197395325 
vt 0.6399031281471252 0.4627474248409271 
vt 0.6399031281471252 0.4242045283317566 
vt 0.6237441897392273 0.4256957471370697 
vt 0.6237441897392273 0.46137088537216187 
vt 0.9036709666252136 0.012047894299030304 
vt 0.9036709666252136 0.012850871309638023 
vt 0.8961381912231445 0.012047894299030304 
vt 0.8961381912231445 0.012850871309638023 
vt 0.8894559144973755 0.012047894299030304 
vt 0.8894559144973755 0.012850871309638023 
vt 0.8731754422187805 0.012047894299030304 
vt 0.8731754422187805 0.012850871309638023 
vt 0.11261048913002014 0.013195004314184189 
vt 0.11261048913002014 0.012047894299030304 
vt 0.12014324218034744 0.013195004314184189 
vt 0.12014324218034744 0.012047894299030304 
vt 0.12670402228832245 0.013195004314184189 
vt 0.12670402228832245 0.012047894299030304 
vt 0.14298449456691742 0.013195004314184189 
vt 0.14298449456691742 0.012047894299030304 
vt 0.6131740212440491 0.05563807487487793 
vt 0.6131740212440491 0.0674533098936081 
vt 0.6080712080001831 0.05563807487487793 
vt 0.6080712080001831 0.0674533098936081 
vt 0.6131740212440491 0.0793832540512085 
vt 0.6080712080001831 0.0793832540512085 
vt 0.6131740212440491 0.0913131982088089 
vt 0.6080712080001831 0.0913131982088089 
vt 0.6131740212440491 0.1032431423664093 
vt 0.6080712080001831 0.1032431423664093 
vt 0.702716588973999 0.23447252810001373 
vt 0.702716588973999 0.23539021611213684 
vt 0.6836416721343994 0.23447252810001373 
vt 0.6836416721343994 0.23539021611213684 
vt 0.6645668148994446 0.23447252810001373 
vt 0.6645668148994446 0.23539021611213684 
vt 0.6452489495277405 0.23447252810001373 
vt 0.6452489495277405 0.23539021611213684 
vt 0.4436870813369751 0.29767829179763794 
vt 0.4639769196510315 0.3016931712627411 
vt 0.43834125995635986 0.31522905826568604 
vt 0.46227598190307617 0.319932222366333 
vt 0.48475274443626404 0.3016931712627411 
vt 0.48645368218421936 0.319932222366333 
vt 0.505042552947998 0.29767829179763794 
vt 0.5103883743286133 0.31522905826568604 
vt 0.9913910627365112 0.41961607336997986 
vt 0.9932134747505188 0.41961607336997986 
vt 0.9913910627365112 0.42558103799819946 
vt 0.9932134747505188 0.42558103799819946 
vt 0.9932134747505188 0.41961607336997986 
vt 0.9913910627365112 0.41961607336997986 
vt 0.9932134747505188 0.4096362292766571 
vt 0.9913910627365112 0.4096362292766571 
vt 0.9932134747505188 0.3995416462421417 
vt 0.9913910627365112 0.3995416462421417 
vt 0.9932134747505188 0.38944709300994873 
vt 0.9913910627365112 0.38944709300994873 
vt 0.9932134747505188 0.3794672191143036 
vt 0.9913910627365112 0.3794672191143036 
vt 0.9932134747505188 0.46572989225387573 
vt 0.9913910627365112 0.46572989225387573 
vt 0.9932134747505188 0.455750048160553 
vt 0.9913910627365112 0.455750048160553 
vt 0.9932134747505188 0.4456554651260376 
vt 0.9913910627365112 0.4456554651260376 
vt 0.9932134747505188 0.43567562103271484 
vt 0.9913910627365112 0.43567562103271484 
vt 0.9932134747505188 0.42558103799819946 
vt 0.9913910627365112 0.42558103799819946 
vt 0.29400402307510376 0.13949181139469147 
vt 0.2950974702835083 0.14006537199020386 
vt 0.29400402307510376 0.15015994012355804 
vt 0.29655542969703674 0.14901283383369446 
vt 0.29789188504219055 0.1396065205335617 
vt 0.29947134852409363 0.14843927323818207 
vt 0.9319795370101929 0.5340976715087891 
vt 0.9310075640678406 0.5340976715087891 
vt 0.9319795370101929 0.5116143226623535 
vt 0.9310075640678406 0.5116143226623535 
vt 0.9319795370101929 0.4891309440135956 
vt 0.9310075640678406 0.4891309440135956 
vt 0.9319795370101929 0.46641817688941956 
vt 0.9310075640678406 0.46641817688941956 
vt 0.8251845240592957 0.28276586532592773 
vt 0.8251845240592957 0.2837982475757599 
vt 0.8053807020187378 0.28276586532592773 
vt 0.8053807020187378 0.2837982475757599 
vt 0.4179299473762512 0.09957239031791687 
vt 0.4169579744338989 0.09957239031791687 
vt 0.4179299473762512 0.07972738146781921 
vt 0.4169579744338989 0.07972738146781921 
vt 0.3943597078323364 0.04106977581977844 
vt 0.4117336571216583 0.04106977581977844 
vt 0.39545318484306335 0.06492966413497925 
vt 0.4103972017765045 0.06470024585723877 
vt 0.3971541225910187 0.06928868591785431 
vt 0.4086962342262268 0.06905926018953323 
vt 0.40517285466194153 0.07181232422590256 
vt 0.4155000150203705 0.04129919782280922 
vt 0.41404205560684204 0.06550321727991104 
vt 0.4117336571216583 0.04106977581977844 
vt 0.4103972017765045 0.06470024585723877 
vt 0.41149064898490906 0.07146818935871124 
vt 0.4086962342262268 0.06905926018953323 
vt 0.4061448276042938 0.07536836713552475 
vt 0.40517285466194153 0.07181232422590256 
vt 0.3994625508785248 0.07525365799665451 
vt 0.4007990062236786 0.0719270333647728 
vt 0.3942382335662842 0.07146818935871124 
vt 0.3971541225910187 0.06928868591785431 
vt 0.39180830121040344 0.06550321727991104 
vt 0.39545318484306335 0.06492966413497925 
vt 0.39059334993362427 0.04129919782280922 
vt 0.3943597078323364 0.04106977581977844 
vt 0.31465834379196167 0.48006877303123474 
vt 0.2902376353740692 0.48006877303123474 
vt 0.31465834379196167 0.4665328860282898 
vt 0.2902376353740692 0.4665328860282898 
vt 0.28355535864830017 0.48006877303123474 
vt 0.28355535864830017 0.4665328860282898 
vt 0.27687308192253113 0.48006877303123474 
vt 0.27687308192253113 0.4665328860282898 
vt 0.26715341210365295 0.48006877303123474 
vt 0.26715341210365295 0.4665328860282898 
vt 0.2604711353778839 0.48006877303123474 
vt 0.2604711353778839 0.4665328860282898 
vt 0.25378885865211487 0.48006877303123474 
vt 0.25378885865211487 0.4665328860282898 
vt 0.2293681502342224 0.48006877303123474 
vt 0.2293681502342224 0.4665328860282898 
vt 0.6818192601203918 0.004362257197499275 
vt 0.6818192601203918 0.0039034129586070776 
vt 0.7002866268157959 0.004362257197499275 
vt 0.7002866268157959 0.0039034129586070776 
vt 0.7053894996643066 0.004362257197499275 
vt 0.7053894996643066 0.0039034129586070776 
vt 0.7103708386421204 0.004362257197499275 
vt 0.7103708386421204 0.0039034129586070776 
vt 0.7177820801734924 0.004362257197499275 
vt 0.7177820801734924 0.0039034129586070776 
vt 0.7227634191513062 0.004362257197499275 
vt 0.7227634191513062 0.0039034129586070776 
vt 0.7278662323951721 0.004362257197499275 
vt 0.7278662323951721 0.0039034129586070776 
vt 0.7463335990905762 0.004362257197499275 
vt 0.7463335990905762 0.0039034129586070776 
vt 0.7463335990905762 0.0024121699389070272 
vt 0.7463335990905762 0.002871013944968581 
vt 0.7278662323951721 0.0024121699389070272 
vt 0.7278662323951721 0.002871013944968581 
vt 0.7227634191513062 0.0024121699389070272 
vt 0.7227634191513062 0.002871013944968581 
vt 0.7177820801734924 0.0024121699389070272 
vt 0.7177820801734924 0.002871013944968581 
vt 0.7103708386421204 0.0024121699389070272 
vt 0.7103708386421204 0.002871013944968581 
vt 0.7053894996643066 0.0024121699389070272 
vt 0.7053894996643066 0.002871013944968581 
vt 0.7002866268157959 0.0024121699389070272 
vt 0.7002866268157959 0.002871013944968581 
vt 0.6818192601203918 0.0024121699389070272 
vt 0.6818192601203918 0.002871013944968581 
vt 0.5463511943817139 0.0032151469495147467 
vt 0.5463511943817139 0.0024121699389070272 
vt 0.5819495320320129 0.0032151469495147467 
vt 0.5819495320320129 0.0024121699389070272 
vt 0.5281268358230591 0.1965031772851944 
vt 0.5281268358230591 0.19581492245197296 
vt 0.5688279867172241 0.1965031772851944 
vt 0.5688279867172241 0.19581492245197296 
vt 0.6818192601203918 0.002871013944968581 
vt 0.7002866268157959 0.002871013944968581 
vt 0.6818192601203918 0.0039034129586070776 
vt 0.7002866268157959 0.0039034129586070776 
vt 0.7053894996643066 0.002871013944968581 
vt 0.7053894996643066 0.0039034129586070776 
vt 0.7103708386421204 0.002871013944968581 
vt 0.7103708386421204 0.0039034129586070776 
vt 0.7177820801734924 0.002871013944968581 
vt 0.7177820801734924 0.0039034129586070776 
vt 0.7227634191513062 0.002871013944968581 
vt 0.7227634191513062 0.0039034129586070776 
vt 0.7278662323951721 0.002871013944968581 
vt 0.7278662323951721 0.0039034129586070776 
vt 0.7463335990905762 0.002871013944968581 
vt 0.7463335990905762 0.0039034129586070776 
vt 0.03594651445746422 0.6171483993530273 
vt 0.03594651445746422 0.6353874802589417 
vt 0.029750220477581024 0.6353874802589417 
vt 0.03594651445746422 0.6536265015602112 
vt 0.029750220477581024 0.6536265015602112 
vt 0.03594651445746422 0.6719802618026733 
vt 0.029750220477581024 0.6719802618026733 
vt 0.6254451274871826 0.47628331184387207 
vt 0.6329778432846069 0.47685685753822327 
vt 0.6254451274871826 0.5170057415962219 
vt 0.6329778432846069 0.5164321660995483 
vt 0.6395386457443237 0.47743043303489685 
vt 0.6395386457443237 0.5159733295440674 
vt 0.6556975841522217 0.5144820809364319 
vt 0.6556975841522217 0.4788069427013397 
vt 0.5360240340232849 0.492801696062088 
vt 0.5284913182258606 0.49234285950660706 
vt 0.5360240340232849 0.4521940052509308 
vt 0.5284913182258606 0.45265284180641174 
vt 0.5219305157661438 0.49176928400993347 
vt 0.5219305157661438 0.45322638750076294 
vt 0.5057715773582458 0.4546029269695282 
vt 0.5057715773582458 0.4903927743434906 
vt 0.4778274595737457 0.0024121699389070272 
vt 0.4778274595737457 0.003559279954060912 
vt 0.4421076476573944 0.0024121699389070272 
vt 0.4421076476573944 0.003559279954060912 
vt 0.6770809292793274 0.0024121699389070272 
vt 0.6770809292793274 0.0320076085627079 
vt 0.5880243182182312 0.0024121699389070272 
vt 0.5880243182182312 0.0320076085627079 
vt 0.15805000066757202 0.5051904916763306 
vt 0.15805000066757202 0.5205617547035217 
vt 0.22985413670539856 0.5051904916763306 
vt 0.22985413670539856 0.5198734998703003 
vt 0.6755014657974243 0.48580431938171387 
vt 0.6608004570007324 0.48580431938171387 
vt 0.6755014657974243 0.5576134324073792 
vt 0.6600714921951294 0.5576134324073792 
vt 0.5762392282485962 0.19719144701957703 
vt 0.5750242471694946 0.19719144701957703 
vt 0.5762392282485962 0.18962052464485168 
vt 0.5750242471694946 0.18962052464485168 
vt 0.5762392282485962 0.1830819994211197 
vt 0.5750242471694946 0.1830819994211197 
vt 0.5762392282485962 0.16679303348064423 
vt 0.5750242471694946 0.16679303348064423 
vt 0.6977352499961853 0.5189558267593384 
vt 0.6830342411994934 0.5189558267593384 
vt 0.6977352499961853 0.4471467137336731 
vt 0.6823052167892456 0.4471467137336731 
vt 0.23471397161483765 0.5198734998703003 
vt 0.23471397161483765 0.5051904916763306 
vt 0.3065181076526642 0.5205617547035217 
vt 0.3065181076526642 0.5051904916763306 
vt 0.26314404606819153 0.31293484568595886 
vt 0.26314404606819153 0.3117877244949341 
vt 0.27067679166793823 0.31293484568595886 
vt 0.27067679166793823 0.3117877244949341 
vt 0.2773590683937073 0.31293484568595886 
vt 0.2773590683937073 0.3117877244949341 
vt 0.2935180366039276 0.31293484568595886 
vt 0.2935180366039276 0.3117877244949341 
vt 0.9262692332267761 0.46160030364990234 
vt 0.9255402088165283 0.5335240960121155 
vt 0.9108392000198364 0.46160030364990234 
vt 0.9108392000198364 0.5335240960121155 
vt 0.8927363157272339 0.47616860270500183 
vt 0.8927363157272339 0.49085161089897156 
vt 0.820932149887085 0.47616860270500183 
vt 0.820932149887085 0.491539865732193 
vt 0.8293154239654541 0.5002579092979431 
vt 0.7575112581253052 0.5002579092979431 
vt 0.8293154239654541 0.5157439112663269 
vt 0.7575112581253052 0.5150556564331055 
vt 0.8341752290725708 0.5205617547035217 
vt 0.9059793949127197 0.5198734998703003 
vt 0.8341752290725708 0.5051904916763306 
vt 0.9059793949127197 0.5051904916763306 
vt 0.9355028867721558 0.05185260996222496 
vt 0.9355028867721558 0.050705499947071075 
vt 0.9712226986885071 0.05185260996222496 
vt 0.9712226986885071 0.050705499947071075 
vt 0.5636036396026611 0.5479776859283447 
vt 0.5643326044082642 0.47616860270500183 
vt 0.579033613204956 0.5479776859283447 
vt 0.579033613204956 0.47616860270500183 
vt 0.48414525389671326 0.5100083351135254 
vt 0.5559493899345398 0.5100083351135254 
vt 0.48414525389671326 0.5253795981407166 
vt 0.5559493899345398 0.5246913433074951 
vt 0.7180250883102417 0.5576134324073792 
vt 0.702595055103302 0.5576134324073792 
vt 0.7172960638999939 0.48580431938171387 
vt 0.702595055103302 0.48580431938171387 
vt 0.13132087886333466 0.5342123508453369 
vt 0.2031250149011612 0.5349006056785583 
vt 0.13132087886333466 0.5495836138725281 
vt 0.2031250149011612 0.5495836138725281 
vt 0.963932991027832 0.17642875015735626 
vt 0.9652694463729858 0.17642875015735626 
vt 0.963932991027832 0.24823784828186035 
vt 0.9652694463729858 0.24823784828186035 
vt 0.05745130777359009 0.11001108586788177 
vt 0.05745130777359009 0.10874927043914795 
vt 0.07215232402086258 0.11001108586788177 
vt 0.07215232402086258 0.10874927043914795 
vt 0.037404466420412064 0.03143405169248581 
vt 0.0219744760543108 0.03143405169248581 
vt 0.037404466420412064 0.03269587457180023 
vt 0.0219744760543108 0.03269587457180023 
vt 0.5295847654342651 0.18721158802509308 
vt 0.5295847654342651 0.1860644817352295 
vt 0.5702859163284302 0.18721158802509308 
vt 0.5702859163284302 0.1860644817352295 
vt 0.0024136200081557035 0.29240158200263977 
vt 0.003750076051801443 0.29240158200263977 
vt 0.0024136200081557035 0.3643253743648529 
vt 0.003750076051801443 0.3643253743648529 
vt 0.6944548487663269 0.18262314796447754 
vt 0.7091558575630188 0.18262314796447754 
vt 0.6944548487663269 0.18124662339687347 
vt 0.7091558575630188 0.18124662339687347 
vt 0.9312505125999451 0.4036712348461151 
vt 0.8594464063644409 0.4036712348461151 
vt 0.9312505125999451 0.40493306517601013 
vt 0.8594464063644409 0.40493306517601013 
vt 0.22924664616584778 0.49681657552719116 
vt 0.3010507822036743 0.49681657552719116 
vt 0.22924664616584778 0.4954400360584259 
vt 0.3010507822036743 0.4954400360584259 
vt 0.30056479573249817 0.30788755416870117 
vt 0.299349844455719 0.30788755416870117 
vt 0.30056479573249817 0.29240158200263977 
vt 0.299349844455719 0.29240158200263977 
vt 0.3255929946899414 0.18124662339687347 
vt 0.3268079459667206 0.18124662339687347 
vt 0.3255929946899414 0.2530556917190552 
vt 0.3268079459667206 0.2530556917190552 
vt 0.9407272338867188 0.42707228660583496 
vt 0.9407272338867188 0.35526320338249207 
vt 0.9395122528076172 0.42707228660583496 
vt 0.9395122528076172 0.35526320338249207 
vt 0.5252109169960022 0.20671245455741882 
vt 0.5252109169960022 0.205450639128685 
vt 0.5399119257926941 0.20671245455741882 
vt 0.5399119257926941 0.205450639128685 
vt 0.8306518793106079 0.2337842583656311 
vt 0.8294368982315063 0.2337842583656311 
vt 0.8306518793106079 0.1619751751422882 
vt 0.8294368982315063 0.1619751751422882 
vt 0.962353527545929 0.16771072149276733 
vt 0.9611385464668274 0.16771072149276733 
vt 0.962353527545929 0.15222473442554474 
vt 0.9611385464668274 0.15222473442554474 
vt 0.6649312973022461 0.04106977581977844 
vt 0.6649312973022461 0.042446307837963104 
vt 0.6502302885055542 0.04106977581977844 
vt 0.6502302885055542 0.042446307837963104 
vt 0.22912515699863434 0.4519645869731903 
vt 0.1573210209608078 0.4519645869731903 
vt 0.22912515699863434 0.45322638750076294 
vt 0.1573210209608078 0.45322638750076294 
vt 0.5813420414924622 0.012047894299030304 
vt 0.5813420414924622 0.013424426317214966 
vt 0.5659120678901672 0.012047894299030304 
vt 0.5659120678901672 0.013424426317214966 
vt 0.6703986525535583 0.157157301902771 
vt 0.6703986525535583 0.15841913223266602 
vt 0.6556975841522217 0.157157301902771 
vt 0.6556975841522217 0.15841913223266602 
vt 0.20324650406837463 0.5292797684669495 
vt 0.20324650406837463 0.5306563377380371 
vt 0.1314423680305481 0.5292797684669495 
vt 0.1314423680305481 0.5306563377380371 
vt 0.028049275279045105 0.06171775609254837 
vt 0.04262879490852356 0.06171775609254837 
vt 0.028049275279045105 0.060455936938524246 
vt 0.04262879490852356 0.060455936938524246 
vt 0.058423276990652084 0.04680532589554787 
vt 0.058423276990652084 0.03143405169248581 
vt 0.057086821645498276 0.04680532589554787 
vt 0.057086821645498276 0.03143405169248581 
vt 0.9438861012458801 0.5383419394493103 
vt 0.9425496459007263 0.5383419394493103 
vt 0.9438861012458801 0.46641817688941956 
vt 0.9425496459007263 0.46641817688941956 
vt 0.44781795144081116 0.42431923747062683 
vt 0.44781795144081116 0.4229426980018616 
vt 0.5196220874786377 0.42431923747062683 
vt 0.5196220874786377 0.4229426980018616 
vt 0.8219041228294373 0.37464937567710876 
vt 0.8219041228294373 0.3759111762046814 
vt 0.7499784827232361 0.37464937567710876 
vt 0.7499784827232361 0.3759111762046814 
vt 0.03205864503979683 0.10003123432397842 
vt 0.03072218783199787 0.10003123432397842 
vt 0.03205864503979683 0.08454524725675583 
vt 0.03072218783199787 0.08454524725675583 
vt 0.004357555881142616 0.15291300415992737 
vt 0.0024136200081557035 0.15291300415992737 
vt 0.004357555881142616 0.14281843602657318 
vt 0.0024136200081557035 0.14281843602657318 
vt 0.004357555881142616 0.132723867893219 
vt 0.0024136200081557035 0.132723867893219 
vt 0.004357555881142616 0.12262929975986481 
vt 0.0024136200081557035 0.12262929975986481 
vt 0.004357555881142616 0.11264944076538086 
vt 0.0024136200081557035 0.11264944076538086 
vt 0.0024136200081557035 0.10668446868658066 
vt 0.004357555881142616 0.10668446868658066 
vt 0.0024136200081557035 0.11264944076538086 
vt 0.004357555881142616 0.11264944076538086 
vt 0.004357555881142616 0.06642090529203415 
vt 0.0024136200081557035 0.06642090529203415 
vt 0.004357555881142616 0.060455936938524246 
vt 0.0024136200081557035 0.060455936938524246 
vt 0.0024136200081557035 0.06642090529203415 
vt 0.004357555881142616 0.06642090529203415 
vt 0.0024136200081557035 0.0764007642865181 
vt 0.004357555881142616 0.0764007642865181 
vt 0.0024136200081557035 0.08649533241987228 
vt 0.004357555881142616 0.08649533241987228 
vt 0.0024136200081557035 0.09658990055322647 
vt 0.004357555881142616 0.09658990055322647 
vt 0.0024136200081557035 0.10668446868658066 
vt 0.004357555881142616 0.10668446868658066 
vt 0.9952789545059204 0.3497570753097534 
vt 0.9972228407859802 0.3497570753097534 
vt 0.9952789545059204 0.355722039937973 
vt 0.9972228407859802 0.355722039937973 
vt 0.11261048913002014 0.5966151356697083 
vt 0.09499356895685196 0.5966151356697083 
vt 0.11261048913002014 0.5789496302604675 
vt 0.09499356895685196 0.5789496302604675 
vt 0.11261048913002014 0.5612841844558716 
vt 0.09499356895685196 0.5612841844558716 
vt 0.11261048913002014 0.7028375267982483 
vt 0.09499356895685196 0.7028375267982483 
vt 0.11261048913002014 0.5966151356697083 
vt 0.09499356895685196 0.5966151356697083 
vt 0.11261048913002014 0.5612841844558716 
vt 0.09499356895685196 0.5612841844558716 
vt 0.11261048913002014 0.4551764726638794 
vt 0.09499356895685196 0.4551764726638794 
vt 0.11261048913002014 0.720503032207489 
vt 0.09499356895685196 0.720503032207489 
vt 0.11261048913002014 0.7028375267982483 
vt 0.09499356895685196 0.7028375267982483 
vt 0.5976225137710571 0.04106977581977844 
vt 0.6096506118774414 0.04106977581977844 
vt 0.5976225137710571 0.046231772750616074 
vt 0.6096506118774414 0.046231772750616074 
vt 0.6215572357177734 0.04106977581977844 
vt 0.6215572357177734 0.046231772750616074 
vt 0.6334638595581055 0.04106977581977844 
vt 0.6334638595581055 0.046231772750616074 
vt 0.6453704237937927 0.04106977581977844 
vt 0.6453704237937927 0.046231772750616074 
vt 0.09499356895685196 0.43751099705696106 
vt 0.11261048913002014 0.43751099705696106 
vt 0.09499356895685196 0.4551764726638794 
vt 0.11261048913002014 0.4551764726638794 
vt 0.3475837707519531 0.03212231770157814 
vt 0.3475837707519531 0.017324600368738174 
vt 0.4372478127479553 0.03212231770157814 
vt 0.4372478127479553 0.017324600368738174 
vt 0.3475837707519531 0.0024121699389070272 
vt 0.4372478127479553 0.0024121699389070272 
vt 0.9678208231925964 0.3214234709739685 
vt 0.9865311980247498 0.3214234709739685 
vt 0.9678208231925964 0.33622118830680847 
vt 0.9865311980247498 0.33622118830680847 
vt 0.742567241191864 0.4320048689842224 
vt 0.742567241191864 0.41330698132514954 
vt 0.8148573637008667 0.4320048689842224 
vt 0.8148573637008667 0.41330698132514954 
vt 0.8148573637008667 0.4320048689842224 
vt 0.8148573637008667 0.41330698132514954 
vt 0.8304088711738586 0.4320048689842224 
vt 0.8304088711738586 0.41330698132514954 
vt 0.8459603190422058 0.4320048689842224 
vt 0.8459603190422058 0.41330698132514954 
vt 0.827006995677948 0.45620888471603394 
vt 0.827006995677948 0.43751099705696106 
vt 0.8425584435462952 0.45620888471603394 
vt 0.8425584435462952 0.43751099705696106 
vt 0.8579884767532349 0.45620888471603394 
vt 0.8579884767532349 0.43751099705696106 
vt 0.9678208231925964 0.5119584202766418 
vt 0.9865311980247498 0.5119584202766418 
vt 0.9678208231925964 0.5267561674118042 
vt 0.9865311980247498 0.5267561674118042 
vt 0.9865311980247498 0.5119584202766418 
vt 0.9678208231925964 0.5119584202766418 
vt 0.9865311980247498 0.43957579135894775 
vt 0.9678208231925964 0.43957579135894775 
vt 0.9451010823249817 0.43751099705696106 
vt 0.9451010823249817 0.45620888471603394 
vt 0.9302785992622375 0.43751099705696106 
vt 0.9302785992622375 0.45620888471603394 
vt 0.9865311980247498 0.43957579135894775 
vt 0.9678208231925964 0.43957579135894775 
vt 0.9865311980247498 0.42408981919288635 
vt 0.9678208231925964 0.42408981919288635 
vt 0.9865311980247498 0.40860381722450256 
vt 0.9678208231925964 0.40860381722450256 
vt 0.8260350227355957 0.29240158200263977 
vt 0.8260350227355957 0.304331511259079 
vt 0.820932149887085 0.29240158200263977 
vt 0.820932149887085 0.304331511259079 
vt 0.8260350227355957 0.3162614703178406 
vt 0.820932149887085 0.3162614703178406 
vt 0.8260350227355957 0.3281913995742798 
vt 0.820932149887085 0.3281913995742798 
vt 0.8260350227355957 0.3401213586330414 
vt 0.820932149887085 0.3401213586330414 
vt 0.9182504415512085 0.41330698132514954 
vt 0.9182504415512085 0.4320048689842224 
vt 0.8459603190422058 0.41330698132514954 
vt 0.8459603190422058 0.4320048689842224 
vt 0.8579884767532349 0.45620888471603394 
vt 0.8579884767532349 0.43751099705696106 
vt 0.9302785992622375 0.45620888471603394 
vt 0.9302785992622375 0.43751099705696106 
vt 0.7547168731689453 0.45620888471603394 
vt 0.7547168731689453 0.43751099705696106 
vt 0.827006995677948 0.45620888471603394 
vt 0.827006995677948 0.43751099705696106 
vt 0.7277447581291199 0.4320048689842224 
vt 0.7277447581291199 0.41330698132514954 
vt 0.742567241191864 0.4320048689842224 
vt 0.742567241191864 0.41330698132514954 
vt 0.9952789545059204 0.2634944021701813 
vt 0.9972228407859802 0.2634944021701813 
vt 0.9952789545059204 0.2734742760658264 
vt 0.9972228407859802 0.2734742760658264 
vt 0.9952789545059204 0.2835688292980194 
vt 0.9972228407859802 0.2835688292980194 
vt 0.9952789545059204 0.29354867339134216 
vt 0.9972228407859802 0.29354867339134216 
vt 0.9952789545059204 0.30364325642585754 
vt 0.9972228407859802 0.30364325642585754 
vt 0.9952789545059204 0.30364325642585754 
vt 0.9972228407859802 0.30364325642585754 
vt 0.9952789545059204 0.30960822105407715 
vt 0.9972228407859802 0.30960822105407715 
vt 0.7398943305015564 0.45620888471603394 
vt 0.7398943305015564 0.43751099705696106 
vt 0.7547168731689453 0.45620888471603394 
vt 0.7547168731689453 0.43751099705696106 
vt 0.9182504415512085 0.4320048689842224 
vt 0.9182504415512085 0.41330698132514954 
vt 0.9330729842185974 0.4320048689842224 
vt 0.9330729842185974 0.41330698132514954 
vt 0.9865311980247498 0.40860381722450256 
vt 0.9678208231925964 0.40860381722450256 
vt 0.9865311980247498 0.33622118830680847 
vt 0.9678208231925964 0.33622118830680847 
vt 0.6903239488601685 0.02455139346420765 
vt 0.6875295639038086 0.02363370545208454 
vt 0.701866090297699 0.013997981324791908 
vt 0.6821837425231934 0.014342114329338074 
vt 0.7039315104484558 0.012047894299030304 
vt 0.6808472871780396 0.012047894299030304 
vt 0.9952789545059204 0.30960822105407715 
vt 0.9972228407859802 0.30960822105407715 
vt 0.9952789545059204 0.3195880949497223 
vt 0.9972228407859802 0.3195880949497223 
vt 0.9952789545059204 0.3296826481819153 
vt 0.9972228407859802 0.3296826481819153 
vt 0.9952789545059204 0.33977723121643066 
vt 0.9972228407859802 0.33977723121643066 
vt 0.9952789545059204 0.3497570753097534 
vt 0.9972228407859802 0.3497570753097534 
vt 0.981549859046936 0.0024121699389070272 
vt 0.981549859046936 0.01778344437479973 
vt 0.9102317094802856 0.0024121699389070272 
vt 0.9102317094802856 0.01778344437479973 
vt 0.981549859046936 0.033154718577861786 
vt 0.9102317094802856 0.033154718577861786 
vt 0.5468372106552124 0.205450639128685 
vt 0.5619027018547058 0.205450639128685 
vt 0.5468372106552124 0.27886566519737244 
vt 0.5619027018547058 0.27886566519737244 
vt 0.57672518491745 0.205450639128685 
vt 0.57672518491745 0.27886566519737244 
vt 0.6001739501953125 0.28758370876312256 
vt 0.6001739501953125 0.30306971073150635 
vt 0.5283697843551636 0.28758370876312256 
vt 0.5283697843551636 0.30306971073150635 
vt 0.6001739501953125 0.31821155548095703 
vt 0.5283697843551636 0.31821155548095703 
vt 0.7104923129081726 0.22472208738327026 
vt 0.7104923129081726 0.22644275426864624 
vt 0.7084268927574158 0.22472208738327026 
vt 0.7084268927574158 0.22644275426864624 
vt 0.7063614726066589 0.22472208738327026 
vt 0.7063614726066589 0.22644275426864624 
vt 0.7042959928512573 0.22472208738327026 
vt 0.7042959928512573 0.22644275426864624 
vt 0.7022305727005005 0.22472208738327026 
vt 0.7022305727005005 0.22644275426864624 
vt 0.7000436782836914 0.22472208738327026 
vt 0.7000436782836914 0.22644275426864624 
vt 0.6979781985282898 0.22472208738327026 
vt 0.6979781985282898 0.22644275426864624 
vt 0.695912778377533 0.22472208738327026 
vt 0.695912778377533 0.22644275426864624 
vt 0.6938473582267761 0.22472208738327026 
vt 0.6938473582267761 0.22644275426864624 
vt 0.6917819380760193 0.22472208738327026 
vt 0.6917819380760193 0.22644275426864624 
vt 0.6897165179252625 0.22472208738327026 
vt 0.6897165179252625 0.22644275426864624 
vt 0.6875295639038086 0.22472208738327026 
vt 0.6875295639038086 0.22644275426864624 
vt 0.6854641437530518 0.22472208738327026 
vt 0.6854641437530518 0.22644275426864624 
vt 0.6833987236022949 0.22472208738327026 
vt 0.6833987236022949 0.22644275426864624 
vt 0.6813332438468933 0.22472208738327026 
vt 0.6813332438468933 0.22644275426864624 
vt 0.6792678236961365 0.22472208738327026 
vt 0.6792678236961365 0.22644275426864624 
vt 0.6772024035453796 0.22472208738327026 
vt 0.6772024035453796 0.22644275426864624 
vt 0.4179299473762512 0.5371948480606079 
vt 0.4179299473762512 0.5382272601127625 
vt 0.41671496629714966 0.5374242663383484 
vt 0.4169579744338989 0.5383419394493103 
vt 0.4156215190887451 0.5378831028938293 
vt 0.41610750555992126 0.538800835609436 
vt 0.4146495461463928 0.5385713577270508 
vt 0.4152570366859436 0.5393743515014648 
vt 0.41379907727241516 0.5394890904426575 
vt 0.4145280420780182 0.5400626063346863 
vt 0.41307011246681213 0.5404067635536194 
vt 0.4139205813407898 0.5408656001091003 
vt 0.412584125995636 0.5415538549423218 
vt 0.4135560691356659 0.5418980121612549 
vt 0.4123411178588867 0.542701005935669 
vt 0.413313090801239 0.5428156852722168 
vt 0.4123411178588867 0.5439627766609192 
vt 0.41343459486961365 0.5438480973243713 
vt 0.412584125995636 0.5451099276542664 
vt 0.4135560691356659 0.5448805093765259 
vt 0.41307011246681213 0.5462570190429688 
vt 0.4139205813407898 0.5457981824874878 
vt 0.41379907727241516 0.5472894310951233 
vt 0.4145280420780182 0.5466011762619019 
vt 0.4146495461463928 0.5480924248695374 
vt 0.4152570366859436 0.5472894310951233 
vt 0.4156215190887451 0.5487806797027588 
vt 0.41610750555992126 0.5478629469871521 
vt 0.41671496629714966 0.5492395162582397 
vt 0.41707947850227356 0.5483218431472778 
vt 0.4179299473762512 0.5494689345359802 
vt 0.41805142164230347 0.5484365224838257 
vt 0.4191448986530304 0.5494689345359802 
vt 0.41902339458465576 0.5484365224838257 
vt 0.42035984992980957 0.5492395162582397 
vt 0.41999536752700806 0.5482071042060852 
vt 0.4214533269405365 0.5487806797027588 
vt 0.42096734046936035 0.5478629469871521 
vt 0.4224252998828888 0.5480924248695374 
vt 0.421817809343338 0.5472894310951233 
vt 0.42327576875686646 0.5471746921539307 
vt 0.42254677414894104 0.5466011762619019 
vt 0.42388322949409485 0.5461423397064209 
vt 0.4230327606201172 0.5457981824874878 
vt 0.424369215965271 0.5451099276542664 
vt 0.42351874709129333 0.5447657704353333 
vt 0.42461222410202026 0.5438480973243713 
vt 0.42364025115966797 0.5438480973243713 
vt 0.42461222410202026 0.542701005935669 
vt 0.42364025115966797 0.5428156852722168 
vt 0.424369215965271 0.5415538549423218 
vt 0.4233972728252411 0.5417832732200623 
vt 0.42388322949409485 0.5404067635536194 
vt 0.4230327606201172 0.5408656001091003 
vt 0.42327576875686646 0.5393743515014648 
vt 0.42254677414894104 0.5400626063346863 
vt 0.4224252998828888 0.5385713577270508 
vt 0.421817809343338 0.5393743515014648 
vt 0.42133182287216187 0.5378831028938293 
vt 0.42096734046936035 0.538800835609436 
vt 0.4202383756637573 0.5374242663383484 
vt 0.41999536752700806 0.5383419394493103 
vt 0.4191448986530304 0.5371948480606079 
vt 0.41902339458465576 0.5382272601127625 
vt 0.4276496171951294 0.5460276007652283 
vt 0.4293505549430847 0.5466011762619019 
vt 0.4270421266555786 0.5477482676506042 
vt 0.42850008606910706 0.5485512614250183 
vt 0.4259486794471741 0.5493541955947876 
vt 0.4272851347923279 0.5503866076469421 
vt 0.42461222410202026 0.5507307648658752 
vt 0.4257056713104248 0.5519925951957703 
vt 0.4230327606201172 0.5517631769180298 
vt 0.42388322949409485 0.5532543659210205 
vt 0.42133182287216187 0.5524514317512512 
vt 0.421817809343338 0.5540573596954346 
vt 0.4195093810558319 0.5527955293655396 
vt 0.41963088512420654 0.5545161962509155 
vt 0.41768693923950195 0.5529102683067322 
vt 0.4174439609050751 0.5545161962509155 
vt 0.41574302315711975 0.5524514317512512 
vt 0.4152570366859436 0.5541720986366272 
vt 0.41404205560684204 0.5517631769180298 
vt 0.4131915867328644 0.5532543659210205 
vt 0.41246262192726135 0.5507307648658752 
vt 0.4113691449165344 0.5521072745323181 
vt 0.41112616658210754 0.5494689345359802 
vt 0.40978971123695374 0.5505013465881348 
vt 0.41015419363975525 0.5478629469871521 
vt 0.40857475996017456 0.5486659407615662 
vt 0.4094252288341522 0.5461423397064209 
vt 0.4077242612838745 0.5467158555984497 
vt 0.4089392423629761 0.5443069338798523 
vt 0.40723830461502075 0.5445363521575928 
vt 0.4089392423629761 0.5424715876579285 
vt 0.40723830461502075 0.5422421097755432 
vt 0.4093037247657776 0.5406361818313599 
vt 0.4077242612838745 0.5400626063346863 
vt 0.4100326895713806 0.5389155149459839 
vt 0.40857475996017456 0.5381125211715698 
vt 0.41112616658210754 0.5373095870018005 
vt 0.40978971123695374 0.5361624360084534 
vt 0.4123411178588867 0.5359330177307129 
vt 0.4112476706504822 0.5346711874008179 
vt 0.4139205813407898 0.5349006056785583 
vt 0.41307011246681213 0.5334094166755676 
vt 0.4156215190887451 0.5342123508453369 
vt 0.41513553261756897 0.5324916839599609 
vt 0.4175654649734497 0.533753514289856 
vt 0.41732245683670044 0.53203284740448 
vt 0.41938790678977966 0.533753514289856 
vt 0.4195093810558319 0.53203284740448 
vt 0.42121031880378723 0.5340976715087891 
vt 0.4216963052749634 0.5324916839599609 
vt 0.4230327606201172 0.5349006056785583 
vt 0.4237617552280426 0.533294677734375 
vt 0.42449072003364563 0.5359330177307129 
vt 0.42558419704437256 0.53455650806427 
vt 0.42582717537879944 0.5371948480606079 
vt 0.42716363072395325 0.5361624360084534 
vt 0.42692065238952637 0.538800835609436 
vt 0.42850008606910706 0.537997841835022 
vt 0.4276496171951294 0.5405214428901672 
vt 0.4293505549430847 0.5399479269981384 
vt 0.4280140995979309 0.5423568487167358 
vt 0.42971503734588623 0.5421274304389954 
vt 0.4280140995979309 0.5441921949386597 
vt 0.42971503734588623 0.5444216728210449 
vt 0.45535069704055786 0.5230854153633118 
vt 0.4529207944869995 0.5236589312553406 
vt 0.4518273174762726 0.5094348192214966 
vt 0.44976189732551575 0.5098936557769775 
vt 0.44915440678596497 0.4987666606903076 
vt 0.44745346903800964 0.49911078810691833 
vt 0.4469674825668335 0.48958978056907654 
vt 0.44550952315330505 0.48993390798568726 
vt 0.44514504075050354 0.48098647594451904 
vt 0.4436870813369751 0.48133060336112976 
vt 0.44320109486579895 0.4724978506565094 
vt 0.4417431652545929 0.4727272689342499 
vt 0.44125717878341675 0.4632062613964081 
vt 0.43967771530151367 0.4635503888130188 
vt 0.43894875049591064 0.45242342352867126 
vt 0.43700480461120605 0.4528822600841522 
vt 0.4357898533344269 0.43865808844566345 
vt 0.43335992097854614 0.4391169548034668 
vt 0.4531637728214264 0.4976195693016052 
vt 0.45668715238571167 0.5079435706138611 
vt 0.4616684913635254 0.5209059119224548 
vt 0.46227598190307617 0.505419909954071 
vt 0.4688367545604706 0.5168910026550293 
vt 0.47527605295181274 0.5116143226623535 
vt 0.4676218032836914 0.5022079944610596 
vt 0.48050037026405334 0.5053051710128784 
vt 0.47272464632987976 0.49830782413482666 
vt 0.48450973629951477 0.49796369671821594 
vt 0.4773414731025696 0.4933752417564392 
vt 0.48706117272377014 0.4900486171245575 
vt 0.4815938472747803 0.4876396954059601 
vt 0.4882761240005493 0.4816747307777405 
vt 0.4852387309074402 0.4808717370033264 
vt 0.48839762806892395 0.47295668721199036 
vt 0.48280879855155945 0.4790363609790802 
vt 0.4811078608036041 0.476742148399353 
vt 0.47491157054901123 0.47983935475349426 
vt 0.4734536111354828 0.47525089979171753 
vt 0.4676218032836914 0.4763980209827423 
vt 0.4670143127441406 0.470088928937912 
vt 0.4614255130290985 0.4702036380767822 
vt 0.4617899954319 0.4622885584831238 
vt 0.4560796916484833 0.46194443106651306 
vt 0.45693016052246094 0.45184987783432007 
vt 0.45036935806274414 0.4512763023376465 
vt 0.4509768486022949 0.43751099705696106 
vt 0.4424721300601959 0.43751099705696106 
vt 0.47758448123931885 0.4840836524963379 
vt 0.46944424510002136 0.4823629856109619 
vt 0.4623974859714508 0.47743043303489685 
vt 0.45632266998291016 0.47054776549339294 
vt 0.4506123661994934 0.46194443106651306 
vt 0.444051593542099 0.45150572061538696 
vt 0.4726031422615051 0.4879838228225708 
vt 0.4676218032836914 0.4913104474544525 
vt 0.4627619683742523 0.49383410811424255 
vt 0.4580236077308655 0.4960136115550995 
vt 0.464341402053833 0.48431307077407837 
vt 0.45753762125968933 0.478462815284729 
vt 0.4515843391418457 0.4710066020488739 
vt 0.44550952315330505 0.46251797676086426 
vt 0.45960307121276855 0.48603373765945435 
vt 0.45304229855537415 0.4793805181980133 
vt 0.4469674825668335 0.47169485688209534 
vt 0.455107718706131 0.48752498626708984 
vt 0.4486684203147888 0.4802981913089752 
vt 0.4506123661994934 0.4886721074581146 
vt 0.45960307121276855 0.43923166394233704 
vt 0.46361243724823 0.4533410966396332 
vt 0.4678647816181183 0.4633209705352783 
vt 0.4732106328010559 0.47031834721565247 
vt 0.4803788959980011 0.4739890992641449 
vt 0.4679862856864929 0.44278770685195923 
vt 0.47041621804237366 0.4560941755771637 
vt 0.47430408000946045 0.4652710556983948 
vt 0.48025739192962646 0.4712360203266144 
vt 0.47564053535461426 0.4482938349246979 
vt 0.4770984947681427 0.4602237641811371 
vt 0.481350839138031 0.46848297119140625 
vt 0.4819583296775818 0.4555206298828125 
vt 0.48317328095436096 0.46584460139274597 
vt 0.48608919978141785 0.46400922536849976 
vt 0.4417431652545929 0.4906221926212311 
vt 0.4433225989341736 0.49979907274246216 
vt 0.4372478127479553 0.4913104474544525 
vt 0.438098281621933 0.5003726482391357 
vt 0.43238797783851624 0.4918839931488037 
vt 0.43275246024131775 0.5004873275756836 
vt 0.4272851347923279 0.4922281503677368 
vt 0.42716363072395325 0.5000284910202026 
vt 0.421817809343338 0.49234285950660706 
vt 0.421088844537735 0.4989960789680481 
vt 0.4156215190887451 0.4921134412288666 
vt 0.4145280420780182 0.4971607029438019 
vt 0.40857475996017456 0.4913104474544525 
vt 0.40760278701782227 0.49406352639198303 
vt 0.4005559980869293 0.4897044897079468 
vt 0.4057803452014923 0.4965871572494507 
vt 0.4028644263744354 0.4984225332736969 
vt 0.4071168005466461 0.5067964196205139 
vt 0.444780558347702 0.5106965899467468 
vt 0.4384627640247345 0.5110407471656799 
vt 0.4319019913673401 0.5104671716690063 
vt 0.42521971464157104 0.5089759230613708 
vt 0.4185374081134796 0.5062229037284851 
vt 0.41185513138771057 0.5022079944610596 
vt 0.44623851776123047 0.5246913433074951 
vt 0.43773379921913147 0.5246913433074951 
vt 0.42922908067703247 0.5229706764221191 
vt 0.4208458364009857 0.5194146633148193 
vt 0.413313090801239 0.5140232443809509 
vt 0.42692065238952637 0.44129645824432373 
vt 0.43202346563339233 0.4543735086917877 
vt 0.4197523891925812 0.4453113377094269 
vt 0.4264346659183502 0.45689713954925537 
vt 0.413313090801239 0.45058804750442505 
vt 0.42096734046936035 0.46010905504226685 
vt 0.4080887734889984 0.45712658762931824 
vt 0.41598600149154663 0.46412393450737 
vt 0.404079407453537 0.4644680917263031 
vt 0.4112476706504822 0.46905651688575745 
vt 0.4015279710292816 0.47261255979537964 
vt 0.4069952964782715 0.4749067723751068 
vt 0.4004345238208771 0.48098647594451904 
vt 0.4034719169139862 0.4817894399166107 
vt 0.40590184926986694 0.4835101068019867 
vt 0.4077242612838745 0.48568961024284363 
vt 0.41379907727241516 0.48270711302757263 
vt 0.41537851095199585 0.4871808588504791 
vt 0.42121031880378723 0.4861484467983246 
vt 0.4355468451976776 0.4646975100040436 
vt 0.4306870102882385 0.46641817688941956 
vt 0.4259486794471741 0.46848297119140625 
vt 0.421088844537735 0.47112131118774414 
vt 0.41610750555992126 0.47444793581962585 
vt 0.41112616658210754 0.478462815284729 
vt 0.438098281621933 0.4736449718475342 
vt 0.43372443318367004 0.4749067723751068 
vt 0.42910757660865784 0.4763980209827423 
vt 0.424369215965271 0.4781186878681183 
vt 0.41938790678977966 0.480183482170105 
vt 0.4401637017726898 0.48213356733322144 
vt 0.4357898533344269 0.48305127024650574 
vt 0.4312945008277893 0.48396894335746765 
vt 0.4264346659183502 0.4850013554096222 
vt 0.40857475996017456 0.48844268918037415 
vt 0.29461151361465454 0.2987106740474701 
vt 0.2937610149383545 0.29859596490859985 
vt 0.29461151361465454 0.2966458797454834 
vt 0.2937610149383545 0.2968752980232239 
vt 0.2938825190067291 0.29469579458236694 
vt 0.29303205013275146 0.29526934027671814 
vt 0.2924245595932007 0.29320454597473145 
vt 0.29193857312202454 0.2940075397491455 
vt 0.2904806435108185 0.29240158200263977 
vt 0.2902376353740692 0.2934339642524719 
vt 0.28841519355773926 0.29240158200263977 
vt 0.2885366976261139 0.2934339642524719 
vt 0.28647127747535706 0.29320454597473145 
vt 0.2869572639465332 0.2940075397491455 
vt 0.2850133180618286 0.29469579458236694 
vt 0.28574228286743164 0.29526934027671814 
vt 0.28416284918785095 0.2966458797454834 
vt 0.28513482213020325 0.2968752980232239 
vt 0.28416284918785095 0.2987106740474701 
vt 0.28513482213020325 0.29859596490859985 
vt 0.2850133180618286 0.30066075921058655 
vt 0.28574228286743164 0.30008721351623535 
vt 0.28647127747535706 0.30215200781822205 
vt 0.2869572639465332 0.30134904384613037 
vt 0.28841519355773926 0.3029550015926361 
vt 0.2885366976261139 0.3020372986793518 
vt 0.2904806435108185 0.3029550015926361 
vt 0.2902376353740692 0.3020372986793518 
vt 0.2924245595932007 0.30215200781822205 
vt 0.2918170988559723 0.30134904384613037 
vt 0.2938825190067291 0.30066075921058655 
vt 0.29303205013275146 0.30008721351623535 
vt 0.2740786671638489 0.26636219024658203 
vt 0.27820953726768494 0.26968881487846375 
vt 0.2637515068054199 0.2770302891731262 
vt 0.26715341210365295 0.28104519844055176 
vt 0.251601904630661 0.2852894961833954 
vt 0.2541533410549164 0.28987792134284973 
vt 0.23811586201190948 0.2910250425338745 
vt 0.23969531059265137 0.2960723340511322 
vt 0.22365783154964447 0.2940075397491455 
vt 0.22426532208919525 0.29916954040527344 
vt 0.20907831192016602 0.2940075397491455 
vt 0.20847083628177643 0.29916954040527344 
vt 0.19474178552627563 0.2910250425338745 
vt 0.19316233694553375 0.29595762491226196 
vt 0.18113423883914948 0.28517478704452515 
vt 0.1785828173160553 0.2897632122039795 
vt 0.16898463666439056 0.2766861617565155 
vt 0.16558274626731873 0.2808157801628113 
vt 0.1586574763059616 0.2660180628299713 
vt 0.15452660620212555 0.26934465765953064 
vt 0.15063874423503876 0.2535145580768585 
vt 0.1459003984928131 0.25592347979545593 
vt 0.14504992961883545 0.2397492229938507 
vt 0.1399470865726471 0.2412404716014862 
vt 0.14213402569293976 0.22506621479988098 
vt 0.13690969347953796 0.22563977539539337 
vt 0.14213402569293976 0.21015378832817078 
vt 0.13690969347953796 0.20958024263381958 
vt 0.14504992961883545 0.19547078013420105 
vt 0.1399470865726471 0.19397954642772675 
vt 0.15063874423503876 0.18170545995235443 
vt 0.14602188766002655 0.17918181419372559 
vt 0.15890046954154968 0.16920197010040283 
vt 0.15476959943771362 0.16587534546852112 
vt 0.1694706231355667 0.1586485505104065 
vt 0.16606873273849487 0.15463367104530334 
vt 0.18174171447753906 0.15038935840129852 
vt 0.17919029295444489 0.14568620920181274 
vt 0.19547076523303986 0.1446538120508194 
vt 0.19389131665229797 0.1396065205335617 
vt 0.20992878079414368 0.14178603887557983 
vt 0.20944280922412872 0.13650932908058167 
vt 0.22462980449199677 0.14178603887557983 
vt 0.22523728013038635 0.1366240382194519 
vt 0.23908783495426178 0.14476852118968964 
vt 0.24066726863384247 0.13972122967243195 
vt 0.2525738775730133 0.15050406754016876 
vt 0.2551253139972687 0.14591562747955322 
vt 0.2647234797477722 0.15887796878814697 
vt 0.2680038809776306 0.15486308932304382 
vt 0.2748076617717743 0.1694313883781433 
vt 0.27893850207328796 0.16621947288513184 
vt 0.2827048897743225 0.1819348782300949 
vt 0.28744325041770935 0.1795259565114975 
vt 0.2879292070865631 0.19570019841194153 
vt 0.29303205013275146 0.19420896470546722 
vt 0.29035913944244385 0.21038320660591125 
vt 0.2957049608230591 0.2099243700504303 
vt 0.29035913944244385 0.22552506625652313 
vt 0.2957049608230591 0.2259839028120041 
vt 0.2875647246837616 0.24020807445049286 
vt 0.29266756772994995 0.24158459901809692 
vt 0.28209739923477173 0.2539733946323395 
vt 0.28683575987815857 0.2563823163509369 
vt 0.42692065238952637 0.5275591015815735 
vt 0.4216963052749634 0.5324916839599609 
vt 0.4237617552280426 0.5261825919151306 
vt 0.4195093810558319 0.53203284740448 
vt 0.4202383756637573 0.5254943370819092 
vt 0.41732245683670044 0.53203284740448 
vt 0.41671496629714966 0.5254943370819092 
vt 0.41513553261756897 0.5324916839599609 
vt 0.413313090801239 0.5261825919151306 
vt 0.41307011246681213 0.5334094166755676 
vt 0.4100326895713806 0.5275591015815735 
vt 0.4112476706504822 0.5346711874008179 
vt 0.4071168005466461 0.5295091867446899 
vt 0.40978971123695374 0.5361624360084534 
vt 0.4046868681907654 0.53203284740448 
vt 0.40857475996017456 0.5381125211715698 
vt 0.4027429521083832 0.5349006056785583 
vt 0.40140649676322937 0.5382272601127625 
vt 0.4077242612838745 0.5400626063346863 
vt 0.40723830461502075 0.5422421097755432 
vt 0.40067750215530396 0.5416685938835144 
vt 0.40723830461502075 0.5445363521575928 
vt 0.4007990062236786 0.5451099276542664 
vt 0.4077242612838745 0.5467158555984497 
vt 0.40140649676322937 0.5485512614250183 
vt 0.40857475996017456 0.5486659407615662 
vt 0.4027429521083832 0.5517631769180298 
vt 0.40978971123695374 0.5505013465881348 
vt 0.4046868681907654 0.5546309351921082 
vt 0.4113691449165344 0.5521072745323181 
vt 0.40723830461502075 0.5571545362472534 
vt 0.4131915867328644 0.5532543659210205 
vt 0.4100326895713806 0.5591046810150146 
vt 0.4152570366859436 0.5541720986366272 
vt 0.413313090801239 0.5604811906814575 
vt 0.4174439609050751 0.5545161962509155 
vt 0.41671496629714966 0.561169445514679 
vt 0.41963088512420654 0.5545161962509155 
vt 0.4202383756637573 0.561169445514679 
vt 0.421817809343338 0.5540573596954346 
vt 0.42364025115966797 0.5604811906814575 
vt 0.42388322949409485 0.5532543659210205 
vt 0.42692065238952637 0.5591046810150146 
vt 0.4257056713104248 0.5519925951957703 
vt 0.42983654141426086 0.5571545362472534 
vt 0.4272851347923279 0.5503866076469421 
vt 0.43238797783851624 0.5546309351921082 
vt 0.42850008606910706 0.5485512614250183 
vt 0.43433189392089844 0.5517631769180298 
vt 0.4293505549430847 0.5466011762619019 
vt 0.43566834926605225 0.5485512614250183 
vt 0.42971503734588623 0.5444216728210449 
vt 0.436275839805603 0.5451099276542664 
vt 0.42971503734588623 0.5421274304389954 
vt 0.436275839805603 0.5415538549423218 
vt 0.4293505549430847 0.5399479269981384 
vt 0.43566834926605225 0.5381125211715698 
vt 0.42850008606910706 0.537997841835022 
vt 0.43433189392089844 0.5349006056785583 
vt 0.42716363072395325 0.5361624360084534 
vt 0.43238797783851624 0.5319181680679321 
vt 0.42558419704437256 0.53455650806427 
vt 0.42983654141426086 0.5295091867446899 
vt 0.4237617552280426 0.533294677734375 
vt 0.7915301322937012 0.23298127949237823 
vt 0.7891002297401428 0.23355484008789062 
vt 0.7880067825317383 0.2194453775882721 
vt 0.7860628366470337 0.21990422904491425 
vt 0.7853338718414307 0.20866255462169647 
vt 0.7836328744888306 0.20912139117717743 
vt 0.7831469178199768 0.1994856745004654 
vt 0.7816889882087708 0.1998298019170761 
vt 0.7813244462013245 0.19099704921245575 
vt 0.7798665165901184 0.19134119153022766 
vt 0.7795020341873169 0.18239372968673706 
vt 0.7780441045761108 0.18273785710334778 
vt 0.7775580883026123 0.17321684956550598 
vt 0.775857150554657 0.1735609769821167 
vt 0.775128185749054 0.16231930255889893 
vt 0.7731842398643494 0.16277815401554108 
vt 0.7720907926559448 0.1485539823770523 
vt 0.7696608304977417 0.1491275429725647 
vt 0.7893432378768921 0.20763014256954193 
vt 0.792866587638855 0.21783943474292755 
vt 0.797969400882721 0.2308017760515213 
vt 0.7984554171562195 0.21543049812316895 
vt 0.8051376938819885 0.2269015908241272 
vt 0.811455488204956 0.22162489593029022 
vt 0.8038012385368347 0.21221858263015747 
vt 0.816679835319519 0.21520107984542847 
vt 0.8089040517807007 0.20820370316505432 
vt 0.8206892013549805 0.20797428488731384 
vt 0.8136423826217651 0.2033858448266983 
vt 0.8233621120452881 0.19994451105594635 
vt 0.8177732825279236 0.19753557443618774 
vt 0.8244555592536926 0.19168531894683838 
vt 0.8214181661605835 0.1908823400735855 
vt 0.8245770335197449 0.18285256624221802 
vt 0.8189882636070251 0.1890469640493393 
vt 0.817287266254425 0.18675275146961212 
vt 0.8110910058021545 0.18973523378372192 
vt 0.8096330165863037 0.18514679372310638 
vt 0.8038012385368347 0.18629390001296997 
vt 0.8033152222633362 0.17998479306697845 
vt 0.7977264523506165 0.1800995022058487 
vt 0.797969400882721 0.17229916155338287 
vt 0.7922590970993042 0.17184031009674072 
vt 0.7931095957756042 0.16174574196338654 
vt 0.7865487933158875 0.16128690540790558 
vt 0.7872777581214905 0.14740687608718872 
vt 0.7787730693817139 0.14740687608718872 
vt 0.8137639164924622 0.19397954642772675 
vt 0.8056236505508423 0.19225887954235077 
vt 0.7985768914222717 0.18732629716396332 
vt 0.7926235795021057 0.1804436445236206 
vt 0.786913275718689 0.17195503413677216 
vt 0.7802309989929199 0.16151632368564606 
vt 0.8087825775146484 0.1979944258928299 
vt 0.8038012385368347 0.20120632648468018 
vt 0.7990629076957703 0.20384468138217926 
vt 0.7942030429840088 0.20590949058532715 
vt 0.8005208373069763 0.19432367384433746 
vt 0.793717086315155 0.18835869431495667 
vt 0.787763774394989 0.1810171902179718 
vt 0.7816889882087708 0.1724138706922531 
vt 0.7957825064659119 0.19604434072971344 
vt 0.7892217040061951 0.18927638232707977 
vt 0.7831469178199768 0.18170545995235443 
vt 0.7912871241569519 0.1974208652973175 
vt 0.7848478555679321 0.19019407033920288 
vt 0.786913275718689 0.19868269562721252 
vt 0.7780441045761108 0.20051807165145874 
vt 0.7795020341873169 0.20980966091156006 
vt 0.7734272480010986 0.2013210505247116 
vt 0.7743992209434509 0.21038320660591125 
vt 0.7686889171600342 0.20177988708019257 
vt 0.7689318656921387 0.21038320660591125 
vt 0.7635860443115234 0.20212401449680328 
vt 0.763343095779419 0.2099243700504303 
vt 0.7579972147941589 0.20223873853683472 
vt 0.7572682499885559 0.2090066820383072 
vt 0.7518009543418884 0.20200930535793304 
vt 0.7507075071334839 0.20705659687519073 
vt 0.7448756694793701 0.20120632648468018 
vt 0.7437822222709656 0.2039593905210495 
vt 0.736735463142395 0.19960038363933563 
vt 0.7419597506523132 0.20659774541854858 
vt 0.7390438914299011 0.2084331214427948 
vt 0.743296205997467 0.216807022690773 
vt 0.780959963798523 0.22070720791816711 
vt 0.7746421694755554 0.2209366261959076 
vt 0.7682029008865356 0.22047777473926544 
vt 0.7615206241607666 0.2188718318939209 
vt 0.7547168731689453 0.21623347699642181 
vt 0.7480345964431763 0.21210387349128723 
vt 0.7824179530143738 0.2347019463777542 
vt 0.7740347385406494 0.2347019463777542 
vt 0.7654085159301758 0.23298127949237823 
vt 0.7571467757225037 0.22942523658275604 
vt 0.7496140003204346 0.2239191085100174 
vt 0.7632215619087219 0.15130704641342163 
vt 0.7683243751525879 0.16426938772201538 
vt 0.7559317946434021 0.15532192587852478 
vt 0.7626140713691711 0.16679303348064423 
vt 0.7496140003204346 0.16059863567352295 
vt 0.7572682499885559 0.1700049340724945 
vt 0.7442681789398193 0.1670224517583847 
vt 0.7521654367446899 0.1741345375776291 
vt 0.7402588129043579 0.1744786649942398 
vt 0.7474271059036255 0.17906710505485535 
vt 0.7377074360847473 0.1825084388256073 
vt 0.743296205997467 0.1849173754453659 
vt 0.736613929271698 0.1908823400735855 
vt 0.7396513223648071 0.19168531894683838 
vt 0.7422027587890625 0.1935206949710846 
vt 0.7439036965370178 0.19570019841194153 
vt 0.7501000165939331 0.1926030069589615 
vt 0.7515579462051392 0.19719144701957703 
vt 0.7573897838592529 0.19604434072971344 
vt 0.7718477845191956 0.17470809817314148 
vt 0.7669879198074341 0.17631404101848602 
vt 0.7621281147003174 0.17849355936050415 
vt 0.7572682499885559 0.18113191425800323 
vt 0.7524084448814392 0.18434381484985352 
vt 0.7473055720329285 0.18835869431495667 
vt 0.7742776870727539 0.1836555451154709 
vt 0.769903838634491 0.1849173754453659 
vt 0.7654085159301758 0.18629390001296997 
vt 0.7606701850891113 0.18801456689834595 
vt 0.7555673122406006 0.19007936120033264 
vt 0.7763431668281555 0.1920294463634491 
vt 0.7719692587852478 0.1929471343755722 
vt 0.7674739360809326 0.19397954642772675 
vt 0.7626140713691711 0.1950119435787201 
vt 0.7959039807319641 0.1491275429725647 
vt 0.7997918725013733 0.16335169970989227 
vt 0.804044246673584 0.17333155870437622 
vt 0.8095115423202515 0.18032893538475037 
vt 0.816558301448822 0.1839996874332428 
vt 0.8042871952056885 0.15279829502105713 
vt 0.8065956234931946 0.1661047637462616 
vt 0.810604989528656 0.17528164386749268 
vt 0.8164368271827698 0.18113191425800323 
vt 0.8118199706077576 0.15818971395492554 
vt 0.8132779002189636 0.17011965811252594 
vt 0.8175302743911743 0.1783788502216339 
vt 0.8181377649307251 0.1655312180519104 
vt 0.8194742202758789 0.17585520446300507 
vt 0.8223901391029358 0.17401982843875885 
vt 0.7447541952133179 0.1983385533094406 
vt 0.03339510038495064 0.3527395725250244 
vt 0.032666124403476715 0.3533131182193756 
vt 0.03193714842200279 0.3512483239173889 
vt 0.03145116567611694 0.3520512878894806 
vt 0.02999321185052395 0.35044533014297485 
vt 0.029871715232729912 0.35136303305625916 
vt 0.027927780523896217 0.35044533014297485 
vt 0.028170771896839142 0.35136303305625916 
vt 0.025983843952417374 0.3512483239173889 
vt 0.02659132331609726 0.3520512878894806 
vt 0.024525891989469528 0.3527395725250244 
vt 0.025376364588737488 0.3533131182193756 
vt 0.023796916007995605 0.35468965768814087 
vt 0.024647388607263565 0.3548043668270111 
vt 0.023796916007995605 0.35675445199012756 
vt 0.024647388607263565 0.3565250337123871 
vt 0.024525891989469528 0.358704537153244 
vt 0.025376364588737488 0.3581309914588928 
vt 0.025983843952417374 0.3601957857608795 
vt 0.02659132331609726 0.35939279198646545 
vt 0.027927780523896217 0.3609987497329712 
vt 0.028170771896839142 0.35996636748313904 
vt 0.02999321185052395 0.3609987497329712 
vt 0.029871715232729912 0.35996636748313904 
vt 0.03193714842200279 0.3601957857608795 
vt 0.03145116567611694 0.35939279198646545 
vt 0.03339510038495064 0.358704537153244 
vt 0.032666124403476715 0.3581309914588928 
vt 0.0342455729842186 0.35675445199012756 
vt 0.0332736037671566 0.3565250337123871 
vt 0.0342455729842186 0.35468965768814087 
vt 0.0332736037671566 0.3548043668270111 
vt 0.019909044727683067 0.0063123442232608795 
vt 0.020881012082099915 0.008147720247507095 
vt 0.014441723935306072 0.009983096271753311 
vt 0.015778180211782455 0.01158905029296875 
vt 0.009824875742197037 0.01457153633236885 
vt 0.011525820009410381 0.015948068350553513 
vt 0.006179995834827423 0.020077664405107498 
vt 0.00800243578851223 0.020995352417230606 
vt 0.0041145640425384045 0.02512494847178459 
vt 0.006058500148355961 0.025813214480876923 
vt 0.0033855880610644817 0.027189746499061584 
vt 0.0054510198533535 0.027763301506638527 
vt 0.0024136200081557035 0.032581161707639694 
vt 0.004479052033275366 0.03281058371067047 
vt 0.0024136200081557035 0.03911969065666199 
vt 0.004600548185408115 0.03889026865363121 
vt 0.003750076051801443 0.04554350674152374 
vt 0.0056940121576189995 0.04496994987130165 
vt 0.006179995834827423 0.05162318795919418 
vt 0.008123932406306267 0.050590790808200836 
vt 0.009824875742197037 0.05712931603193283 
vt 0.011525820009410381 0.05575278401374817 
vt 0.014441723935306072 0.06171775609254837 
vt 0.015778180211782455 0.06011180207133293 
vt 0.019909044727683067 0.0653885081410408 
vt 0.020881012082099915 0.06355313211679459 
vt 0.025983843952417374 0.06791215389966965 
vt 0.02659132331609726 0.06584735214710236 
vt 0.03242313116788864 0.06917396932840347 
vt 0.03254462778568268 0.06710917502641678 
vt 0.03886241838335991 0.06917396932840347 
vt 0.03874092549085617 0.06710917502641678 
vt 0.045301709324121475 0.06791215389966965 
vt 0.04469422623515129 0.06584735214710236 
vt 0.05137650668621063 0.0653885081410408 
vt 0.050404541194438934 0.06355313211679459 
vt 0.0568438284099102 0.06171775609254837 
vt 0.05538587644696236 0.06011180207133293 
vt 0.061339180916547775 0.05701460689306259 
vt 0.05975973233580589 0.05575278401374817 
vt 0.06498406082391739 0.05162318795919418 
vt 0.06316161900758743 0.050590790808200836 
vt 0.06704948842525482 0.04646119475364685 
vt 0.06510555744171143 0.04577292874455452 
vt 0.06777846813201904 0.04439639672636986 
vt 0.06559153646230698 0.043822839856147766 
vt 0.06875043362379074 0.03889026865363121 
vt 0.06668500602245331 0.03866084665060043 
vt 0.06875043362379074 0.03235173970460892 
vt 0.06668500602245331 0.032466452568769455 
vt 0.06753547489643097 0.025813214480876923 
vt 0.06547004729509354 0.026501480489969254 
vt 0.06498406082391739 0.019733531400561333 
vt 0.06316161900758743 0.02076593041419983 
vt 0.06146067753434181 0.014342114329338074 
vt 0.05975973233580589 0.015718646347522736 
vt 0.056722331792116165 0.009753674268722534 
vt 0.05550737306475639 0.011359628289937973 
vt 0.05137650668621063 0.0060829222202301025 
vt 0.050404541194438934 0.007918298244476318 
vt 0.045301709324121475 0.0036739909555763006 
vt 0.04469422623515129 0.005624078214168549 
vt 0.03886241838335991 0.0024121699389070272 
vt 0.038619428873062134 0.004476968199014664 
vt 0.032301634550094604 0.0024121699389070272 
vt 0.03254462778568268 0.004591679200530052 
vt 0.025862347334623337 0.003788701957091689 
vt 0.026469828560948372 0.005738789215683937 
vt 0.49945375323295593 0.06424140185117722 
vt 0.4981172978878021 0.06183246895670891 
vt 0.505042552947998 0.06194717809557915 
vt 0.5041921138763428 0.059194114059209824 
vt 0.5109958648681641 0.06068535894155502 
vt 0.5107528567314148 0.0579322949051857 
vt 0.5170706510543823 0.06068535894155502 
vt 0.5173136591911316 0.0579322949051857 
vt 0.5230239629745483 0.06194717809557915 
vt 0.5238744616508484 0.059194114059209824 
vt 0.5286127924919128 0.06424140185117722 
vt 0.5299492478370667 0.06171775609254837 
vt 0.5337156057357788 0.06756801903247833 
vt 0.5355380773544312 0.0653885081410408 
vt 0.5379679799079895 0.0719270333647728 
vt 0.5401549339294434 0.07009165734052658 
vt 0.5413698554039001 0.07697431743144989 
vt 0.5437998175621033 0.07559778541326523 
vt 0.5436782836914062 0.08259516209363937 
vt 0.5463511943817139 0.08167747408151627 
vt 0.5448932647705078 0.08844541758298874 
vt 0.5476876497268677 0.08821599930524826 
vt 0.5448932647705078 0.09452510625123978 
vt 0.5476876497268677 0.0948692336678505 
vt 0.5436782836914062 0.10049007833003998 
vt 0.5464727282524109 0.10129304975271225 
vt 0.5413698554039001 0.10611091554164886 
vt 0.5439212918281555 0.10748744755983353 
vt 0.5380895137786865 0.11115819960832596 
vt 0.5402764081954956 0.11299357563257217 
vt 0.5337156057357788 0.11551721394062042 
vt 0.5355380773544312 0.11769672483205795 
vt 0.5287342667579651 0.11884383857250214 
vt 0.5300707221031189 0.12136747688055038 
vt 0.5231454968452454 0.12125276774168015 
vt 0.5238744616508484 0.12389112263917923 
vt 0.5171921849250793 0.12239987403154373 
vt 0.5174351930618286 0.12515294551849365 
vt 0.5111173987388611 0.12239987403154373 
vt 0.5107528567314148 0.1252676546573639 
vt 0.505042552947998 0.12125276774168015 
vt 0.504313588142395 0.12389112263917923 
vt 0.49945375323295593 0.11895854771137238 
vt 0.4981172978878021 0.12136747688055038 
vt 0.4944724142551422 0.11551721394062042 
vt 0.49264997243881226 0.11769672483205795 
vt 0.4900985658168793 0.1112729087471962 
vt 0.48803314566612244 0.11299357563257217 
vt 0.48669669032096863 0.1062256246805191 
vt 0.4842667579650879 0.10760215669870377 
vt 0.4843882620334625 0.10060478746891022 
vt 0.4817153513431549 0.10140776634216309 
vt 0.48317328095436096 0.09463981539011002 
vt 0.4803788959980011 0.09498395025730133 
vt 0.48317328095436096 0.08856013417243958 
vt 0.4803788959980011 0.0883307084441185 
vt 0.4843882620334625 0.08259516209363937 
vt 0.4817153513431549 0.0817921832203865 
vt 0.48669669032096863 0.07697431743144989 
vt 0.4842667579650879 0.07571250200271606 
vt 0.4900985658168793 0.0719270333647728 
vt 0.4879116415977478 0.07020637392997742 
vt 0.4943509101867676 0.06768272817134857 
vt 0.49252849817276 0.06550321727991104 
vt 0.7423242330551147 0.37843483686447144 
vt 0.735884964466095 0.3997710645198822 
vt 0.7095203399658203 0.3648989200592041 
vt 0.6990717053413391 0.3845145106315613 
vt 0.6799967885017395 0.3451686501502991 
vt 0.6659032702445984 0.36237528920173645 
vt 0.6548471450805664 0.32004693150520325 
vt 0.6375946998596191 0.3341563940048218 
vt 0.6350432634353638 0.29022207856178284 
vt 0.6154824495315552 0.30100491642951965 
vt 0.6214357614517212 0.2576441466808319 
vt 0.6001739501953125 0.26406794786453247 
vt 0.6146319508552551 0.2230014204978943 
vt 0.5923981666564941 0.22495150566101074 
vt 0.6146319508552551 0.18721158802509308 
vt 0.5923981666564941 0.18503208458423615 
vt 0.6215572357177734 0.15233944356441498 
vt 0.6001739501953125 0.14591562747955322 
vt 0.6351647973060608 0.11953210085630417 
vt 0.6154824495315552 0.10909339785575867 
vt 0.6548471450805664 0.09005137532949448 
vt 0.6375946998596191 0.0758272111415863 
vt 0.6799967885017395 0.06492966413497925 
vt 0.6659032702445984 0.047608304768800735 
vt 0.7100062966346741 0.04485524073243141 
vt 0.6990717053413391 0.025469081476330757 
vt 0.7423242330551147 0.03143405169248581 
vt 0.735884964466095 0.010212518274784088 
vt 0.77658611536026 0.024666104465723038 
vt 0.7750067114830017 0.0024121699389070272 
vt 0.8130349516868591 0.024666104465723038 
vt 0.8149788975715637 0.0024121699389070272 
vt 0.8476613163948059 0.03154876455664635 
vt 0.8541005849838257 0.010212518274784088 
vt 0.8802222013473511 0.04496994987130165 
vt 0.8909138441085815 0.025469081476330757 
vt 0.9099887609481812 0.06492966413497925 
vt 0.9242037534713745 0.047608304768800735 
vt 0.9351384043693542 0.09005137532949448 
vt 0.9523908495903015 0.0758272111415863 
vt 0.9548207521438599 0.11953210085630417 
vt 0.9745030999183655 0.10909339785575867 
vt 0.9684283137321472 0.15233944356441498 
vt 0.9898115992546082 0.14591562747955322 
vt 0.9753535985946655 0.18721158802509308 
vt 0.9975873827934265 0.18503208458423615 
vt 0.9753535985946655 0.2227720022201538 
vt 0.9975873827934265 0.22495150566101074 
vt 0.9684283137321472 0.2576441466808319 
vt 0.9898115992546082 0.26406794786453247 
vt 0.9548207521438599 0.2906809151172638 
vt 0.9745030999183655 0.30100491642951965 
vt 0.9351384043693542 0.32004693150520325 
vt 0.9523908495903015 0.3341563940048218 
vt 0.9102317094802856 0.3449392020702362 
vt 0.9240822792053223 0.36237528920173645 
vt 0.8804652094841003 0.3648989200592041 
vt 0.8909138441085815 0.3845145106315613 
vt 0.8476613163948059 0.37843483686447144 
vt 0.8541005849838257 0.3997710645198822 
vt 0.8127919435501099 0.3854322135448456 
vt 0.8149788975715637 0.4075714349746704 
vt 0.7771936058998108 0.3854322135448456 
vt 0.7750067114830017 0.4075714349746704 
vt 0.4270421266555786 0.5406361818313599 
vt 0.4276496171951294 0.5405214428901672 
vt 0.4274066388607025 0.5423568487167358 
vt 0.4280140995979309 0.5423568487167358 
vt 0.4274066388607025 0.5441921949386597 
vt 0.4280140995979309 0.5441921949386597 
vt 0.4270421266555786 0.5459128618240356 
vt 0.4276496171951294 0.5460276007652283 
vt 0.4264346659183502 0.5475188493728638 
vt 0.4270421266555786 0.5477482676506042 
vt 0.4254626929759979 0.5488953590393066 
vt 0.4259486794471741 0.5493541955947876 
vt 0.42424774169921875 0.5501571893692017 
vt 0.42461222410202026 0.5507307648658752 
vt 0.4227897822856903 0.5511896014213562 
vt 0.4230327606201172 0.5517631769180298 
vt 0.421088844537735 0.5517631769180298 
vt 0.42133182287216187 0.5524514317512512 
vt 0.41938790678977966 0.5522220134735107 
vt 0.4195093810558319 0.5527955293655396 
vt 0.41768693923950195 0.5522220134735107 
vt 0.41768693923950195 0.5529102683067322 
vt 0.41598600149154663 0.5518778562545776 
vt 0.41574302315711975 0.5524514317512512 
vt 0.41440656781196594 0.5511896014213562 
vt 0.41404205560684204 0.5517631769180298 
vt 0.4129486083984375 0.5502719283103943 
vt 0.41246262192726135 0.5507307648658752 
vt 0.4117336571216583 0.5490100979804993 
vt 0.41112616658210754 0.5494689345359802 
vt 0.4106401801109314 0.5475188493728638 
vt 0.41015419363975525 0.5478629469871521 
vt 0.4100326895713806 0.5459128618240356 
vt 0.4094252288341522 0.5461423397064209 
vt 0.4096682071685791 0.5443069338798523 
vt 0.4089392423629761 0.5443069338798523 
vt 0.4096682071685791 0.5424715876579285 
vt 0.4089392423629761 0.5424715876579285 
vt 0.4100326895713806 0.5407509207725525 
vt 0.4093037247657776 0.5406361818313599 
vt 0.4106401801109314 0.5391449332237244 
vt 0.4100326895713806 0.5389155149459839 
vt 0.4116121530532837 0.5377684235572815 
vt 0.41112616658210754 0.5373095870018005 
vt 0.41282710433006287 0.5365065932273865 
vt 0.4123411178588867 0.5359330177307129 
vt 0.4142850637435913 0.5354741811752319 
vt 0.4139205813407898 0.5349006056785583 
vt 0.415864497423172 0.5347859263420105 
vt 0.4156215190887451 0.5342123508453369 
vt 0.4175654649734497 0.5344417691230774 
vt 0.4175654649734497 0.533753514289856 
vt 0.41938790678977966 0.5344417691230774 
vt 0.41938790678977966 0.533753514289856 
vt 0.421088844537735 0.5347859263420105 
vt 0.42121031880378723 0.5340976715087891 
vt 0.4226682782173157 0.5354741811752319 
vt 0.4230327606201172 0.5349006056785583 
vt 0.4241262376308441 0.5363918542861938 
vt 0.42449072003364563 0.5359330177307129 
vt 0.4253411889076233 0.5376536846160889 
vt 0.42582717537879944 0.5371948480606079 
vt 0.4263131618499756 0.5390302538871765 
vt 0.42692065238952637 0.538800835609436 
vt 0.8113340139389038 0.22919581830501556 
vt 0.8103620409965515 0.22896640002727509 
vt 0.8119414448738098 0.22758986055850983 
vt 0.8112124800682068 0.22701631486415863 
vt 0.8131564259529114 0.226328045129776 
vt 0.8126704692840576 0.22563977539539337 
vt 0.8147358894348145 0.2257544845342636 
vt 0.8146143555641174 0.2248367965221405 
vt 0.8164368271827698 0.2257544845342636 
vt 0.816679835319519 0.2248367965221405 
vt 0.8180162906646729 0.226328045129776 
vt 0.8186237215995789 0.22552506625652313 
vt 0.8192312121391296 0.22758986055850983 
vt 0.8200817108154297 0.22701631486415863 
vt 0.8199601769447327 0.22919581830501556 
vt 0.8208106756210327 0.22896640002727509 
vt 0.8199601769447327 0.23091648519039154 
vt 0.8208106756210327 0.23103119432926178 
vt 0.8192312121391296 0.23240771889686584 
vt 0.8200817108154297 0.23298127949237823 
vt 0.8180162906646729 0.23366954922676086 
vt 0.8186237215995789 0.23447252810001373 
vt 0.8164368271827698 0.2343578189611435 
vt 0.816679835319519 0.2352755069732666 
vt 0.8147358894348145 0.2343578189611435 
vt 0.8146143555641174 0.2352755069732666 
vt 0.8131564259529114 0.23366954922676086 
vt 0.8126704692840576 0.23447252810001373 
vt 0.8119414448738098 0.23252244293689728 
vt 0.8112124800682068 0.23298127949237823 
vt 0.8113340139389038 0.23091648519039154 
vt 0.8103620409965515 0.23103119432926178 
vt 0.6185198426246643 0.4206484854221344 
vt 0.6200993061065674 0.42202499508857727 
vt 0.6148749589920044 0.4260399043560028 
vt 0.616697371006012 0.42707228660583496 
vt 0.6126880049705505 0.4310871660709381 
vt 0.6147534847259521 0.43177545070648193 
vt 0.6120805740356445 0.43326669931411743 
vt 0.6141459941864014 0.4337255358695984 
vt 0.6111086010932922 0.43865808844566345 
vt 0.6131740212440491 0.4388875365257263 
vt 0.6111086010932922 0.44519662857055664 
vt 0.6131740212440491 0.44496721029281616 
vt 0.612445056438446 0.4516204595565796 
vt 0.6143889427185059 0.451046884059906 
vt 0.6148749589920044 0.45770013332366943 
vt 0.616818904876709 0.4566677212715149 
vt 0.6185198426246643 0.46309155225753784 
vt 0.6202207803726196 0.4618297219276428 
vt 0.6231366991996765 0.4677946865558624 
vt 0.6244731545448303 0.4661887288093567 
vt 0.628603994846344 0.47146543860435486 
vt 0.6295759677886963 0.4695153534412384 
vt 0.6346787810325623 0.4739890992641449 
vt 0.635286271572113 0.4719243049621582 
vt 0.6409965753555298 0.47525089979171753 
vt 0.641239583492279 0.47318610548973083 
vt 0.6475573778152466 0.47525089979171753 
vt 0.6473143696784973 0.47318610548973083 
vt 0.6539966464042664 0.4739890992641449 
vt 0.6533892154693604 0.4719243049621582 
vt 0.6600714921951294 0.47146543860435486 
vt 0.6589779853820801 0.46963006258010864 
vt 0.6654173135757446 0.4677946865558624 
vt 0.6640808582305908 0.4661887288093567 
vt 0.6700341105461121 0.46309155225753784 
vt 0.6684547066688538 0.4618297219276428 
vt 0.673678994178772 0.45770013332366943 
vt 0.6718565821647644 0.4566677212715149 
vt 0.6757444739341736 0.4525381326675415 
vt 0.673678994178772 0.45184987783432007 
vt 0.6763519048690796 0.45035862922668457 
vt 0.6742864847183228 0.4498997926712036 
vt 0.6774454116821289 0.44496721029281616 
vt 0.6753799915313721 0.4447377920150757 
vt 0.6774454116821289 0.43831396102905273 
vt 0.6753799915313721 0.4385433793067932 
vt 0.6762304306030273 0.4318901598453522 
vt 0.6741650104522705 0.4325784146785736 
vt 0.673678994178772 0.42581045627593994 
vt 0.6718565821647644 0.4268428683280945 
vt 0.6700341105461121 0.4204190671443939 
vt 0.6684547066688538 0.42168086767196655 
vt 0.6654173135757446 0.41571590304374695 
vt 0.6640808582305908 0.4174365699291229 
vt 0.6599499583244324 0.41215986013412476 
vt 0.6589779853820801 0.41399523615837097 
vt 0.6539966464042664 0.4096362292766571 
vt 0.6533892154693604 0.4117010235786438 
vt 0.6475573778152466 0.4084891080856323 
vt 0.6473143696784973 0.410553902387619 
vt 0.6409965753555298 0.4084891080856323 
vt 0.641239583492279 0.410553902387619 
vt 0.63455730676651 0.4098656475543976 
vt 0.6351647973060608 0.41181573271751404 
vt 0.628603994846344 0.41238927841186523 
vt 0.6295759677886963 0.41422465443611145 
vt 0.6231366991996765 0.41606003046035767 
vt 0.6244731545448303 0.4176659882068634 
vt 0.4564441740512848 0.1675960123538971 
vt 0.45595818758010864 0.16839899122714996 
vt 0.4545002281665802 0.16679303348064423 
vt 0.45437875390052795 0.16771072149276733 
vt 0.45243480801582336 0.16679303348064423 
vt 0.452556312084198 0.16771072149276733 
vt 0.4504908621311188 0.1675960123538971 
vt 0.4509768486022949 0.16839899122714996 
vt 0.44903290271759033 0.1690872460603714 
vt 0.44976189732551575 0.16954609751701355 
vt 0.44818243384361267 0.17103734612464905 
vt 0.44915440678596497 0.1711520552635193 
vt 0.4483039379119873 0.17310214042663574 
vt 0.44915440678596497 0.17287272214889526 
vt 0.44903290271759033 0.17493751645088196 
vt 0.4498834013938904 0.1744786649942398 
vt 0.4504908621311188 0.17642875015735626 
vt 0.45109835267066956 0.1756257861852646 
vt 0.45243480801582336 0.17723172903060913 
vt 0.45267778635025024 0.17631404101848602 
vt 0.4545002281665802 0.17723172903060913 
vt 0.45437875390052795 0.17631404101848602 
vt 0.4564441740512848 0.17642875015735626 
vt 0.45595818758010864 0.1756257861852646 
vt 0.45790213346481323 0.17493751645088196 
vt 0.4571731388568878 0.1744786649942398 
vt 0.4587526023387909 0.1729874312877655 
vt 0.4577806293964386 0.17287272214889526 
vt 0.4587526023387909 0.17092262208461761 
vt 0.4577806293964386 0.1711520552635193 
vt 0.45790213346481323 0.1690872460603714 
vt 0.4571731388568878 0.16954609751701355 
vt 0.21697555482387543 0.2227720022201538 
vt 0.21612508594989777 0.2233455628156662 
vt 0.2162465751171112 0.22116604447364807 
vt 0.21539610624313354 0.22139546275138855 
vt 0.2162465751171112 0.2194453775882721 
vt 0.21539610624313354 0.21933066844940186 
vt 0.21697555482387543 0.2179541438817978 
vt 0.21612508594989777 0.2173805832862854 
vt 0.2181905210018158 0.21669231355190277 
vt 0.21758303046226501 0.2158893346786499 
vt 0.21976996958255768 0.21600405871868134 
vt 0.2195269763469696 0.21508637070655823 
vt 0.221470907330513 0.21600405871868134 
vt 0.22159241139888763 0.21508637070655823 
vt 0.22305035591125488 0.21669231355190277 
vt 0.22353634238243103 0.2158893346786499 
vt 0.22426532208919525 0.2179541438817978 
vt 0.22499428689479828 0.2173805832862854 
vt 0.22487279772758484 0.21956008672714233 
vt 0.22584477066993713 0.21933066844940186 
vt 0.22487279772758484 0.22116604447364807 
vt 0.22584477066993713 0.22139546275138855 
vt 0.22426532208919525 0.2227720022201538 
vt 0.22499428689479828 0.2233455628156662 
vt 0.22305035591125488 0.22403381764888763 
vt 0.22353634238243103 0.2248367965221405 
vt 0.221470907330513 0.22472208738327026 
vt 0.22159241139888763 0.22563977539539337 
vt 0.21976996958255768 0.22472208738327026 
vt 0.2195269763469696 0.22563977539539337 
vt 0.2181905210018158 0.22403381764888763 
vt 0.21758303046226501 0.2248367965221405 
vt 0.301901251077652 0.1604839265346527 
vt 0.30275171995162964 0.15991036593914032 
vt 0.3033592104911804 0.1619751751422882 
vt 0.3039667010307312 0.16117219626903534 
vt 0.305303156375885 0.16277815401554108 
vt 0.3055461347103119 0.16186046600341797 
vt 0.30736857652664185 0.16277815401554108 
vt 0.3072470724582672 0.16186046600341797 
vt 0.30931252241134644 0.1619751751422882 
vt 0.3088265359401703 0.16117219626903534 
vt 0.3107704818248749 0.1604839265346527 
vt 0.31004148721694946 0.15991036593914032 
vt 0.31162095069885254 0.15853384137153625 
vt 0.31064897775650024 0.15841913223266602 
vt 0.31162095069885254 0.15646904706954956 
vt 0.31064897775650024 0.15669846534729004 
vt 0.3107704818248749 0.1545189619064331 
vt 0.31004148721694946 0.1550925076007843 
vt 0.30931252241134644 0.1530277132987976 
vt 0.3088265359401703 0.15383069217205048 
vt 0.30736857652664185 0.15222473442554474 
vt 0.3072470724582672 0.15325713157653809 
vt 0.305303156375885 0.15222473442554474 
vt 0.3055461347103119 0.15325713157653809 
vt 0.3033592104911804 0.1530277132987976 
vt 0.3039667010307312 0.15383069217205048 
vt 0.301901251077652 0.1545189619064331 
vt 0.30275171995162964 0.1550925076007843 
vt 0.30117228627204895 0.15646904706954956 
vt 0.3020227551460266 0.15669846534729004 
vt 0.30117228627204895 0.15853384137153625 
vt 0.3020227551460266 0.15841913223266602 
vt 0.42461222410202026 0.5438480973243713 
vt 0.4274066388607025 0.5441921949386597 
vt 0.424369215965271 0.5451099276542664 
vt 0.4270421266555786 0.5459128618240356 
vt 0.42388322949409485 0.5461423397064209 
vt 0.4264346659183502 0.5475188493728638 
vt 0.42327576875686646 0.5471746921539307 
vt 0.4254626929759979 0.5488953590393066 
vt 0.4224252998828888 0.5480924248695374 
vt 0.42424774169921875 0.5501571893692017 
vt 0.4214533269405365 0.5487806797027588 
vt 0.4227897822856903 0.5511896014213562 
vt 0.42035984992980957 0.5492395162582397 
vt 0.421088844537735 0.5517631769180298 
vt 0.4191448986530304 0.5494689345359802 
vt 0.41938790678977966 0.5522220134735107 
vt 0.4179299473762512 0.5494689345359802 
vt 0.41768693923950195 0.5522220134735107 
vt 0.41671496629714966 0.5492395162582397 
vt 0.41598600149154663 0.5518778562545776 
vt 0.4156215190887451 0.5487806797027588 
vt 0.41440656781196594 0.5511896014213562 
vt 0.4146495461463928 0.5480924248695374 
vt 0.4129486083984375 0.5502719283103943 
vt 0.41379907727241516 0.5472894310951233 
vt 0.4117336571216583 0.5490100979804993 
vt 0.41307011246681213 0.5462570190429688 
vt 0.4106401801109314 0.5475188493728638 
vt 0.412584125995636 0.5451099276542664 
vt 0.4100326895713806 0.5459128618240356 
vt 0.4123411178588867 0.5439627766609192 
vt 0.4096682071685791 0.5443069338798523 
vt 0.4123411178588867 0.542701005935669 
vt 0.4096682071685791 0.5424715876579285 
vt 0.412584125995636 0.5415538549423218 
vt 0.4100326895713806 0.5407509207725525 
vt 0.41307011246681213 0.5404067635536194 
vt 0.4106401801109314 0.5391449332237244 
vt 0.41379907727241516 0.5394890904426575 
vt 0.4116121530532837 0.5377684235572815 
vt 0.4146495461463928 0.5385713577270508 
vt 0.41282710433006287 0.5365065932273865 
vt 0.4156215190887451 0.5378831028938293 
vt 0.4142850637435913 0.5354741811752319 
vt 0.41671496629714966 0.5374242663383484 
vt 0.415864497423172 0.5347859263420105 
vt 0.4179299473762512 0.5371948480606079 
vt 0.4175654649734497 0.5344417691230774 
vt 0.4191448986530304 0.5371948480606079 
vt 0.41938790678977966 0.5344417691230774 
vt 0.4202383756637573 0.5374242663383484 
vt 0.421088844537735 0.5347859263420105 
vt 0.42133182287216187 0.5378831028938293 
vt 0.4226682782173157 0.5354741811752319 
vt 0.4224252998828888 0.5385713577270508 
vt 0.4241262376308441 0.5363918542861938 
vt 0.42327576875686646 0.5393743515014648 
vt 0.4253411889076233 0.5376536846160889 
vt 0.42388322949409485 0.5404067635536194 
vt 0.4263131618499756 0.5390302538871765 
vt 0.424369215965271 0.5415538549423218 
vt 0.4270421266555786 0.5406361818313599 
vt 0.42461222410202026 0.542701005935669 
vt 0.4274066388607025 0.5423568487167358 
vt 0.204461470246315 0.2304576337337494 
vt 0.19291934370994568 0.24456709623336792 
vt 0.20203155279159546 0.22793400287628174 
vt 0.18793800473213196 0.23940509557724 
vt 0.19996611773967743 0.22495150566101074 
vt 0.18392863869667053 0.23344013094902039 
vt 0.19862966239452362 0.22162489593029022 
vt 0.18125572800636292 0.2269015908241272 
vt 0.1979006826877594 0.21806885302066803 
vt 0.1799192726612091 0.219789519906044 
vt 0.19802218675613403 0.21451281011104584 
vt 0.1799192726612091 0.21267743408679962 
vt 0.19875115156173706 0.21095676720142365 
vt 0.18125572800636292 0.20568005740642548 
vt 0.20008760690689087 0.20763014256954193 
vt 0.18405014276504517 0.19902682304382324 
vt 0.2021530419588089 0.20464766025543213 
vt 0.1880595088005066 0.19317656755447388 
vt 0.20470446348190308 0.20223873853683472 
vt 0.19316233694553375 0.1881292760372162 
vt 0.20762036740779877 0.20017392933368683 
vt 0.19911564886569977 0.18411439657211304 
vt 0.2110222578048706 0.198912113904953 
vt 0.20567642152309418 0.18147604167461395 
vt 0.21454563736915588 0.19822384417057037 
vt 0.21272319555282593 0.1800995022058487 
vt 0.21806901693344116 0.19822384417057037 
vt 0.21989145874977112 0.1800995022058487 
vt 0.22159241139888763 0.198912113904953 
vt 0.22693823277950287 0.18147604167461395 
vt 0.22487279772758484 0.20028863847255707 
vt 0.23349900543689728 0.18422910571098328 
vt 0.22791019082069397 0.20235344767570496 
vt 0.2394523173570633 0.18824398517608643 
vt 0.23046161234378815 0.2048770785331726 
vt 0.24455514550209045 0.19329127669334412 
vt 0.23240554332733154 0.2078595757484436 
vt 0.24844302237033844 0.19937095046043396 
vt 0.23374199867248535 0.21118618547916412 
vt 0.2512374222278595 0.20590949058532715 
vt 0.23447097837924957 0.21474222838878632 
vt 0.2525738775730133 0.21302156150341034 
vt 0.23434948921203613 0.2182982712984085 
vt 0.2525738775730133 0.22013364732265472 
vt 0.23374199867248535 0.2218543142080307 
vt 0.25111591815948486 0.22713102400302887 
vt 0.2322840541601181 0.22518093883991241 
vt 0.2483215183019638 0.2337842583656311 
vt 0.23021861910820007 0.22816342115402222 
vt 0.24431215226650238 0.23963451385498047 
vt 0.2276671975851059 0.23068706691265106 
vt 0.23920932412147522 0.24468180537223816 
vt 0.2247512936592102 0.23263715207576752 
vt 0.2332560271024704 0.2486966848373413 
vt 0.22134941816329956 0.23389896750450134 
vt 0.2266952395439148 0.2513350546360016 
vt 0.2178260236978531 0.23458723723888397 
vt 0.21964846551418304 0.25271156430244446 
vt 0.2143026441335678 0.23458723723888397 
vt 0.21248020231723785 0.25271156430244446 
vt 0.21077926456928253 0.23389896750450134 
vt 0.2054334431886673 0.25122031569480896 
vt 0.20749886333942413 0.23252244293689728 
vt 0.1988726556301117 0.24846726655960083 
vt 0.1926763504743576 0.26016777753829956 
vt 0.1845361292362213 0.25477635860443115 
vt 0.17773234844207764 0.24789370596408844 
vt 0.17226502299308777 0.2397492229938507 
vt 0.16862015426158905 0.23068706691265106 
vt 0.16667620837688446 0.22116604447364807 
vt 0.16667620837688446 0.2114156186580658 
vt 0.16862015426158905 0.2018945962190628 
vt 0.1723865270614624 0.19283242523670197 
vt 0.17785383760929108 0.18480266630649567 
vt 0.18465761840343475 0.17791999876499176 
vt 0.19279785454273224 0.17252857983112335 
vt 0.20178855955600739 0.16874311864376068 
vt 0.21138674020767212 0.16690774261951447 
vt 0.22122791409492493 0.16690774261951447 
vt 0.23070460557937622 0.16885782778263092 
vt 0.23969531059265137 0.17252857983112335 
vt 0.24783554673194885 0.178034707903862 
vt 0.2547608017921448 0.1849173754453659 
vt 0.26010662317276 0.19306185841560364 
vt 0.26387301087379456 0.20212401449680328 
vt 0.2656954526901245 0.21164503693580627 
vt 0.2656954526901245 0.22139546275138855 
vt 0.2637515068054199 0.23091648519039154 
vt 0.25998514890670776 0.23997865617275238 
vt 0.2545178234577179 0.24800841510295868 
vt 0.24759255349636078 0.2548910677433014 
vt 0.23957380652427673 0.2602824866771698 
vt 0.23046161234378815 0.26395323872566223 
vt 0.22098492085933685 0.2659033238887787 
vt 0.21126525104045868 0.26578861474990845 
vt 0.20166705548763275 0.26395323872566223 
vt 0.19862966239452362 0.2740478217601776 
vt 0.18769502639770508 0.2695740759372711 
vt 0.17785383760929108 0.2629208564758301 
vt 0.16959211230278015 0.2546616494655609 
vt 0.16303132474422455 0.2447965145111084 
vt 0.15841448307037354 0.23389896750450134 
vt 0.15610605478286743 0.22231315076351166 
vt 0.15610605478286743 0.21038320660591125 
vt 0.15841448307037354 0.19879740476608276 
vt 0.16303132474422455 0.1878998577594757 
vt 0.16959211230278015 0.178034707903862 
vt 0.1779753416776657 0.1696608066558838 
vt 0.18781651556491852 0.1631222814321518 
vt 0.19875115156173706 0.1586485505104065 
vt 0.21029327809810638 0.15635433793067932 
vt 0.22219988703727722 0.15635433793067932 
vt 0.23374199867248535 0.1586485505104065 
vt 0.2446766495704651 0.16323699057102203 
vt 0.2545178234577179 0.16977551579475403 
vt 0.26290103793144226 0.17814941704273224 
vt 0.26946184039115906 0.18801456689834595 
vt 0.27395719289779663 0.19902682304382324 
vt 0.27626559138298035 0.21061263978481293 
vt 0.27626559138298035 0.2224278748035431 
vt 0.27395719289779663 0.23401367664337158 
vt 0.2693403363227844 0.24491122364997864 
vt 0.2627795338630676 0.25477635860443115 
vt 0.25439631938934326 0.26315027475357056 
vt 0.24455514550209045 0.26968881487846375 
vt 0.2336205095052719 0.27416253089904785 
vt 0.2220783829689026 0.276456743478775 
vt 0.21017177402973175 0.2763420343399048 
vt 0.2093213051557541 0.2852894961833954 
vt 0.19607824087142944 0.2826511561870575 
vt 0.18356415629386902 0.2773744463920593 
vt 0.17226502299308777 0.2699182331562042 
vt 0.16266684234142303 0.2602824866771698 
vt 0.15513409674167633 0.24904082715511322 
vt 0.14990976452827454 0.23653732240200043 
vt 0.14723685383796692 0.22323083877563477 
vt 0.14723685383796692 0.20958024263381958 
vt 0.14990976452827454 0.19627375900745392 
vt 0.15513409674167633 0.18377025425434113 
vt 0.16266684234142303 0.1724138706922531 
vt 0.17226502299308777 0.16277815401554108 
vt 0.18356415629386902 0.15532192587852478 
vt 0.19607824087142944 0.1500452309846878 
vt 0.20944280922412872 0.14740687608718872 
vt 0.22305035591125488 0.14740687608718872 
vt 0.23641490936279297 0.1500452309846878 
vt 0.2489290088415146 0.15532192587852478 
vt 0.26022812724113464 0.16289286315441132 
vt 0.26982632279396057 0.17252857983112335 
vt 0.2773590683937073 0.18377025425434113 
vt 0.2825833857059479 0.19638846814632416 
vt 0.28513482213020325 0.20969495177268982 
vt 0.28513482213020325 0.2233455628156662 
vt 0.28246191143989563 0.23665203154087067 
vt 0.27723756432533264 0.24915553629398346 
vt 0.26970481872558594 0.26039719581604004 
vt 0.25998514890670776 0.2699182331562042 
vt 0.24880750477313995 0.27748915553092957 
vt 0.2361719310283661 0.2826511561870575 
vt 0.22292886674404144 0.2852894961833954 
vt 0.6135385036468506 0.3311738967895508 
vt 0.6140244603157043 0.3303709328174591 
vt 0.6154824495315552 0.33197686076164246 
vt 0.6156039237976074 0.33105918765068054 
vt 0.617547869682312 0.33197686076164246 
vt 0.6173048615455627 0.33105918765068054 
vt 0.6194918155670166 0.3311738967895508 
vt 0.6188843250274658 0.3303709328174591 
vt 0.6209497451782227 0.3296826481819153 
vt 0.6200993061065674 0.3291091024875641 
vt 0.6216787099838257 0.32773256301879883 
vt 0.6208282709121704 0.32750314474105835 
vt 0.6216787099838257 0.32566776871681213 
vt 0.6208282709121704 0.3258971869945526 
vt 0.6209497451782227 0.3237176835536957 
vt 0.6200993061065674 0.3242912292480469 
vt 0.6194918155670166 0.3222264349460602 
vt 0.6188843250274658 0.32302942872047424 
vt 0.617547869682312 0.3214234709739685 
vt 0.6173048615455627 0.3223411440849304 
vt 0.6154824495315552 0.3214234709739685 
vt 0.6156039237976074 0.3223411440849304 
vt 0.6135385036468506 0.3222264349460602 
vt 0.6140244603157043 0.32302942872047424 
vt 0.6120805740356445 0.3237176835536957 
vt 0.6128095388412476 0.3242912292480469 
vt 0.6112300753593445 0.32566776871681213 
vt 0.6122020483016968 0.3258971869945526 
vt 0.6112300753593445 0.32773256301879883 
vt 0.6122020483016968 0.3276178538799286 
vt 0.6120805740356445 0.3296826481819153 
vt 0.6128095388412476 0.3291091024875641 
vt 0.42133182287216187 0.426613450050354 
vt 0.42351874709129333 0.4292517900466919 
vt 0.4063878059387207 0.44164058566093445 
vt 0.4090607464313507 0.4438200891017914 
vt 0.3946027159690857 0.45930609107017517 
vt 0.3976401090621948 0.46079733967781067 
vt 0.3864624798297882 0.4788069427013397 
vt 0.3897428810596466 0.47983935475349426 
vt 0.38233160972595215 0.4995696544647217 
vt 0.3857334852218628 0.4999137818813324 
vt 0.38233160972595215 0.5207911729812622 
vt 0.3857334852218628 0.5204470753669739 
vt 0.3864624798297882 0.5415538549423218 
vt 0.3897428810596466 0.5406361818313599 
vt 0.3946027159690857 0.561169445514679 
vt 0.3976401090621948 0.5595635175704956 
vt 0.4063878059387207 0.578720211982727 
vt 0.4090607464313507 0.5766554474830627 
vt 0.42133182287216187 0.5937473773956299 
vt 0.42351874709129333 0.591109037399292 
vt 0.43894875049591064 0.6055626273155212 
vt 0.44052818417549133 0.6025801301002502 
vt 0.4585095942020416 0.6135923862457275 
vt 0.45960307121276855 0.6103804707527161 
vt 0.47928541898727417 0.6177219748497009 
vt 0.4796499013900757 0.6143953800201416 
vt 0.5005472302436829 0.6177219748497009 
vt 0.5001827478408813 0.6143953800201416 
vt 0.521323025226593 0.6135923862457275 
vt 0.5203510522842407 0.6103804707527161 
vt 0.5408838987350464 0.6054478883743286 
vt 0.5393044352531433 0.6025801301002502 
vt 0.5585008263587952 0.5937473773956299 
vt 0.5563138723373413 0.591109037399292 
vt 0.5734448432922363 0.578720211982727 
vt 0.570893406867981 0.5766554474830627 
vt 0.5852299332618713 0.561169445514679 
vt 0.5823140144348145 0.5595635175704956 
vt 0.5933701395988464 0.5415538549423218 
vt 0.5900897979736328 0.5406361818313599 
vt 0.5975010395050049 0.5207911729812622 
vt 0.5940991640090942 0.5204470753669739 
vt 0.5975010395050049 0.4995696544647217 
vt 0.5940991640090942 0.4999137818813324 
vt 0.5933701395988464 0.4788069427013397 
vt 0.5900897979736328 0.47983935475349426 
vt 0.5852299332618713 0.45930609107017517 
vt 0.5823140144348145 0.46079733967781067 
vt 0.5734448432922363 0.44164058566093445 
vt 0.570893406867981 0.4438200891017914 
vt 0.5585008263587952 0.426613450050354 
vt 0.5563138723373413 0.4292517900466919 
vt 0.5408838987350464 0.4149129390716553 
vt 0.5393044352531433 0.4178954064846039 
vt 0.521323025226593 0.40676844120025635 
vt 0.5203510522842407 0.4099803566932678 
vt 0.5005472302436829 0.40263885259628296 
vt 0.5001827478408813 0.4059654772281647 
vt 0.47928541898727417 0.40263885259628296 
vt 0.4796499013900757 0.4059654772281647 
vt 0.4585095942020416 0.40676844120025635 
vt 0.4594815671443939 0.4099803566932678 
vt 0.43894875049591064 0.4149129390716553 
vt 0.44052818417549133 0.4178954064846039 
vt 0.4531637728214264 0.38887351751327515 
vt 0.4302010238170624 0.39839455485343933 
vt 0.4286215901374817 0.39541205763816833 
vt 0.407359778881073 0.4096362292766571 
vt 0.40954670310020447 0.41215986013412476 
vt 0.3893783688545227 0.42764583230018616 
vt 0.3919298052787781 0.4298253655433655 
vt 0.37516334652900696 0.4488673806190491 
vt 0.37807926535606384 0.4504733383655548 
vt 0.3654436767101288 0.47238314151763916 
vt 0.36860257387161255 0.4734155237674713 
vt 0.36046233773231506 0.49739012122154236 
vt 0.3637427091598511 0.49773427844047546 
vt 0.36046233773231506 0.5229706764221191 
vt 0.3637427091598511 0.5226265788078308 
vt 0.3654436767101288 0.5479776859283447 
vt 0.36860257387161255 0.5469452738761902 
vt 0.37516334652900696 0.5714934468269348 
vt 0.3782007396221161 0.5700021982192993 
vt 0.3893783688545227 0.5927149653434753 
vt 0.3919298052787781 0.590650200843811 
vt 0.407359778881073 0.610839307308197 
vt 0.40954670310020447 0.6082009673118591 
vt 0.4286215901374817 0.6249487400054932 
vt 0.4302010238170624 0.6219663023948669 
vt 0.4521917998790741 0.6346992254257202 
vt 0.4531637728214264 0.6314873099327087 
vt 0.47721999883651733 0.6397464871406555 
vt 0.4774629771709442 0.6363051533699036 
vt 0.5027341246604919 0.6397464871406555 
vt 0.5023696422576904 0.6363051533699036 
vt 0.5277623534202576 0.6346992254257202 
vt 0.5267903804779053 0.6314873099327087 
vt 0.5513325333595276 0.6249487400054932 
vt 0.5496315956115723 0.6219663023948669 
vt 0.572472870349884 0.610839307308197 
vt 0.5704073905944824 0.6082009673118591 
vt 0.5905757546424866 0.5927149653434753 
vt 0.587902843952179 0.590650200843811 
vt 0.6046692728996277 0.5714934468269348 
vt 0.6017534136772156 0.5700021982192993 
vt 0.6145104765892029 0.5479776859283447 
vt 0.6112300753593445 0.5469452738761902 
vt 0.6194918155670166 0.5229706764221191 
vt 0.616089940071106 0.5226265788078308 
vt 0.6194918155670166 0.49739012122154236 
vt 0.616089940071106 0.49773427844047546 
vt 0.6145104765892029 0.47238314151763916 
vt 0.6112300753593445 0.4734155237674713 
vt 0.6046692728996277 0.4488673806190491 
vt 0.6017534136772156 0.4504733383655548 
vt 0.5905757546424866 0.42764583230018616 
vt 0.587902843952179 0.4298253655433655 
vt 0.572472870349884 0.4096362292766571 
vt 0.5702859163284302 0.41215986013412476 
vt 0.5513325333595276 0.39541205763816833 
vt 0.5496315956115723 0.39839455485343933 
vt 0.5277623534202576 0.38566163182258606 
vt 0.5266688466072083 0.38887351751327515 
vt 0.5027341246604919 0.3807290494441986 
vt 0.5023696422576904 0.3840556740760803 
vt 0.47721999883651733 0.3807290494441986 
vt 0.4774629771709442 0.3840556740760803 
vt 0.4521917998790741 0.38566163182258606 
vt 0.7102493047714233 0.34987178444862366 
vt 0.7200905084609985 0.33163273334503174 
vt 0.7409877777099609 0.36260470747947693 
vt 0.747062623500824 0.3427596986293793 
vt 0.7736702561378479 0.3691432476043701 
vt 0.7756141424179077 0.3484952449798584 
vt 0.8072031140327454 0.3691432476043701 
vt 0.8180162906646729 0.3451686501502991 
vt 0.832838773727417 0.3406949043273926 
vt 0.754473865032196 0.2671651542186737 
vt 0.7682029008865356 0.27290070056915283 
vt 0.7827824354171753 0.2757684886455536 
vt 0.7977264523506165 0.2757684886455536 
vt 0.7610346674919128 0.2548910677433014 
vt 0.7723338007926941 0.2594795227050781 
vt 0.7841188907623291 0.26188844442367554 
vt 0.7962684631347656 0.26188844442367554 
vt 0.8081750869750977 0.2594795227050781 
vt 0.7509504556655884 0.2481231391429901 
vt 0.7420812845230103 0.25890597701072693 
vt 0.7424457669258118 0.23951980471611023 
vt 0.7316325902938843 0.2483525574207306 
vt 0.7356419563293457 0.22942523658275604 
vt 0.7275017499923706 0.23481665551662445 
vt 0.7310251593589783 0.21818356215953827 
vt 0.7231279015541077 0.22059249877929688 
vt 0.7285951972007751 0.2063683271408081 
vt 0.718875527381897 0.20648303627967834 
vt 0.7285951972007751 0.19420896470546722 
vt 0.7147446870803833 0.19283242523670197 
vt 0.7310251593589783 0.18227902054786682 
vt 0.7189970016479492 0.17872297763824463 
vt 0.7233709096908569 0.16449880599975586 
vt 0.6957913041114807 0.3153437674045563 
vt 0.6751369833946228 0.29469579458236694 
vt 0.6423330307006836 0.2606266438961029 
vt 0.6826696991920471 0.33140331506729126 
vt 0.6590995192527771 0.30788755416870117 
vt 0.6401461362838745 0.279439240694046 
vt 0.6379591822624207 0.24640247225761414 
vt 0.6277535557746887 0.24961437284946442 
vt 0.63370680809021 0.2322930097579956 
vt 0.6214357614517212 0.21783943474292755 
vt 0.6453704237937927 0.17252857983112335 
vt 0.6214357614517212 0.18331141769886017 
vt 0.6498658061027527 0.1577308624982834 
vt 0.627875030040741 0.1509629189968109 
vt 0.6403891444206238 0.12056449800729752 
vt 0.8118199706077576 0.27140945196151733 
vt 0.8260350227355957 0.2671651542186737 
vt 0.8193527460098267 0.2548910677433014 
vt 0.8383061289787292 0.25890597701072693 
vt 0.884717583656311 0.3153437674045563 
vt 0.905371904373169 0.29469579458236694 
vt 0.9214093685150146 0.30788755416870117 
vt 0.9398767352104187 0.2802422046661377 
vt 0.8295583724975586 0.2481231391429901 
vt 0.8488762378692627 0.2483525574207306 
vt 0.9215308427810669 0.2704917788505554 
vt 0.9526338577270508 0.24949966371059418 
vt 0.83806312084198 0.23951980471611023 
vt 0.8571379780769348 0.23607847094535828 
vt 0.9327085018157959 0.24353469908237457 
vt 0.9590731263160706 0.21692174673080444 
vt 0.8448668718338013 0.22942523658275604 
vt 0.8628482818603516 0.22231315076351166 
vt 0.9384188055992126 0.21485693752765656 
vt 0.9590731263160706 0.1836555451154709 
vt 0.8494837284088135 0.21818356215953827 
vt 0.8657642006874084 0.20774486660957336 
vt 0.9384188055992126 0.18572035431861877 
vt 0.9526338577270508 0.1509629189968109 
vt 0.8517921566963196 0.2063683271408081 
vt 0.8657642006874084 0.19283242523670197 
vt 0.9327085018157959 0.15704259276390076 
vt 0.9398767352104187 0.12033507972955704 
vt 0.8517921566963196 0.19420896470546722 
vt 0.8628482818603516 0.17826412618160248 
vt 0.9215308427810669 0.1300855129957199 
vt 0.9211663603782654 0.09234559535980225 
vt 0.8494837284088135 0.18227902054786682 
vt 0.8571379780769348 0.16449880599975586 
vt 0.8952877521514893 0.09670460969209671 
vt 0.8832595944404602 0.0868394672870636 
vt 0.8979606628417969 0.06905926018953323 
vt 0.8705025315284729 0.05082021281123161 
vt 0.8448668718338013 0.17103734612464905 
vt 0.8488762378692627 0.1521100252866745 
vt 0.83806312084198 0.1610574871301651 
vt 0.8294368982315063 0.15245415270328522 
vt 0.8374556303024292 0.14270372688770294 
vt 0.8260350227355957 0.13341213762760162 
vt 0.8193527460098267 0.14568620920181274 
vt 0.8123059272766113 0.1276765763759613 
vt 0.8334462642669678 0.05781758204102516 
vt 0.804773211479187 0.05208203196525574 
vt 0.8068386316299438 0.03143405169248581 
vt 0.7735487222671509 0.03143405169248581 
vt 0.8081750869750977 0.1410977691411972 
vt 0.7977264523506165 0.12480881065130234 
vt 0.7756141424179077 0.05208203196525574 
vt 0.7409877777099609 0.037857867777347565 
vt 0.7962684631347656 0.1386888325214386 
vt 0.7827824354171753 0.12480881065130234 
vt 0.747062623500824 0.05781758204102516 
vt 0.7102493047714233 0.050590790808200836 
vt 0.7841188907623291 0.1386888325214386 
vt 0.7682029008865356 0.1276765763759613 
vt 0.7200905084609985 0.068944551050663 
vt 0.6825482249259949 0.06917396932840347 
vt 0.7722122669219971 0.1410977691411972 
vt 0.754473865032196 0.13341213762760162 
vt 0.6957913041114807 0.08511880040168762 
vt 0.6590995192527771 0.09268973022699356 
vt 0.7610346674919128 0.14568620920181274 
vt 0.7420812845230103 0.1416713297367096 
vt 0.6751369833946228 0.10576678067445755 
vt 0.7509504556655884 0.15245415270328522 
vt 0.7316325902938843 0.1521100252866745 
vt 0.6543611288070679 0.14281843602657318 
vt 0.7424457669258118 0.1610574871301651 
vt 0.7356419563293457 0.1711520552635193 
vt 0.871353030204773 0.07697431743144989 
vt 0.839521050453186 0.037857867777347565 
vt 0.8978391289710999 0.33140331506729126 
vt 0.8476613163948059 0.33610647916793823 
vt 0.8698950409889221 0.35010120272636414 
vt 0.839521050453186 0.36271941661834717 
vt 0.045423202216625214 0.04141391068696976 
vt 0.04809611663222313 0.04279044270515442 
vt 0.04372226074337959 0.04405226185917854 
vt 0.0460306853055954 0.04588763788342476 
vt 0.041535332798957825 0.04634648188948631 
vt 0.04335777088999748 0.04864070191979408 
vt 0.03886241838335991 0.04818185791373253 
vt 0.040320370346307755 0.050705499947071075 
vt 0.03594651445746422 0.049328967928886414 
vt 0.03679698705673218 0.052196744829416275 
vt 0.03278762102127075 0.050017233937978745 
vt 0.033152107149362564 0.052999719977378845 
vt 0.029628723859786987 0.050017233937978745 
vt 0.029385732486844063 0.052999719977378845 
vt 0.026469828560948372 0.049328967928886414 
vt 0.025619355961680412 0.052196744829416275 
vt 0.02355392463505268 0.04818185791373253 
vt 0.022217467427253723 0.050705499947071075 
vt 0.020881012082099915 0.04634648188948631 
vt 0.01893707551062107 0.04864070191979408 
vt 0.018694084137678146 0.04405226185917854 
vt 0.01638565957546234 0.04588763788342476 
vt 0.01687164418399334 0.04141391068696976 
vt 0.014198731631040573 0.04279044270515442 
vt 0.01565668359398842 0.038431424647569656 
vt 0.012862276285886765 0.03923439979553223 
vt 0.015049204230308533 0.03521951660513878 
vt 0.012011803686618805 0.035448938608169556 
vt 0.015049204230308533 0.0320076085627079 
vt 0.012011803686618805 0.031663473695516586 
vt 0.01565668359398842 0.028795700520277023 
vt 0.012862276285886765 0.027878012508153915 
vt 0.016993140801787376 0.025813214480876923 
vt 0.01432022824883461 0.02443668246269226 
vt 0.018694084137678146 0.023174861446022987 
vt 0.01638565957546234 0.021224774420261383 
vt 0.02100250869989395 0.020880641415715218 
vt 0.019058572128415108 0.01847171038389206 
vt 0.02367541939020157 0.019045265391469002 
vt 0.022217467427253723 0.016406912356615067 
vt 0.02659132331609726 0.017898155376315117 
vt 0.02574085257947445 0.015030380338430405 
vt 0.029750220477581024 0.017209889367222786 
vt 0.02950722724199295 0.014227403327822685 
vt 0.03290911763906479 0.017209889367222786 
vt 0.0332736037671566 0.014342114329338074 
vt 0.036068011075258255 0.017898155376315117 
vt 0.036918483674526215 0.015030380338430405 
vt 0.038983915001153946 0.01915997639298439 
vt 0.04044186696410179 0.016521623358130455 
vt 0.041535332798957825 0.020995352417230606 
vt 0.04347926750779152 0.018701132386922836 
vt 0.04372226074337959 0.023174861446022987 
vt 0.0460306853055954 0.02145419642329216 
vt 0.045423202216625214 0.02592792548239231 
vt 0.04809611663222313 0.02455139346420765 
vt 0.04651666805148125 0.028910411521792412 
vt 0.04943257197737694 0.028107434511184692 
vt 0.04712414741516113 0.0320076085627079 
vt 0.05016154795885086 0.031778186559677124 
vt 0.04712414741516113 0.03533422574400902 
vt 0.05016154795885086 0.035563647747039795 
vt 0.04651666805148125 0.038431424647569656 
vt 0.04943257197737694 0.03923439979553223 
vt 0.04372226074337959 0.023174861446022987 
vt 0.04287178814411163 0.023977838456630707 
vt 0.041535332798957825 0.020995352417230606 
vt 0.0408063568174839 0.021798329427838326 
vt 0.038983915001153946 0.01915997639298439 
vt 0.03837643563747406 0.020192375406622887 
vt 0.036068011075258255 0.017898155376315117 
vt 0.03570352494716644 0.019045265391469002 
vt 0.03290911763906479 0.017209889367222786 
vt 0.03278762102127075 0.01847171038389206 
vt 0.029750220477581024 0.017209889367222786 
vt 0.029871715232729912 0.01835699938237667 
vt 0.02659132331609726 0.017898155376315117 
vt 0.02695581130683422 0.018930554389953613 
vt 0.02367541939020157 0.019045265391469002 
vt 0.024282900616526604 0.020077664405107498 
vt 0.02100250869989395 0.020880641415715218 
vt 0.021731484681367874 0.021798329427838326 
vt 0.018694084137678146 0.023174861446022987 
vt 0.019666051492094994 0.02386312745511532 
vt 0.016993140801787376 0.025813214480876923 
vt 0.017965108156204224 0.026386769488453865 
vt 0.01565668359398842 0.028795700520277023 
vt 0.01687164418399334 0.02913983352482319 
vt 0.015049204230308533 0.0320076085627079 
vt 0.016264164820313454 0.03212231770157814 
vt 0.015049204230308533 0.03521951660513878 
vt 0.016264164820313454 0.03510480374097824 
vt 0.01565668359398842 0.038431424647569656 
vt 0.016750147566199303 0.03808728978037834 
vt 0.01687164418399334 0.04141391068696976 
vt 0.017965108156204224 0.040840353816747665 
vt 0.018694084137678146 0.04405226185917854 
vt 0.019544556736946106 0.04324928671121597 
vt 0.020881012082099915 0.04634648188948631 
vt 0.021731484681367874 0.045428793877363205 
vt 0.02355392463505268 0.04818185791373253 
vt 0.024161403998732567 0.047034747898578644 
vt 0.026469828560948372 0.049328967928886414 
vt 0.026834316551685333 0.04818185791373253 
vt 0.029628723859786987 0.050017233937978745 
vt 0.029750220477581024 0.04887012392282486 
vt 0.03278762102127075 0.050017233937978745 
vt 0.032666124403476715 0.04887012392282486 
vt 0.03594651445746422 0.049328967928886414 
vt 0.035582028329372406 0.048296570777893066 
vt 0.03886241838335991 0.04818185791373253 
vt 0.03837643563747406 0.04714946076273918 
vt 0.041535332798957825 0.04634648188948631 
vt 0.040684860199689865 0.045428793877363205 
vt 0.04372226074337959 0.04405226185917854 
vt 0.042750291526317596 0.04336399585008621 
vt 0.045423202216625214 0.04141391068696976 
vt 0.04432974010705948 0.040840353816747665 
vt 0.04651666805148125 0.038431424647569656 
vt 0.045423202216625214 0.03808728978037834 
vt 0.04712414741516113 0.03533422574400902 
vt 0.04590918868780136 0.03521951660513878 
vt 0.04712414741516113 0.0320076085627079 
vt 0.04590918868780136 0.03212231770157814 
vt 0.04651666805148125 0.028910411521792412 
vt 0.045423202216625214 0.029254544526338577 
vt 0.045423202216625214 0.02592792548239231 
vt 0.04432974010705948 0.026386769488453865 
vt 0.20895682275295258 0.205450639128685 
vt 0.20919981598854065 0.2063683271408081 
vt 0.20701287686824799 0.20625361800193787 
vt 0.20762036740779877 0.20705659687519073 
vt 0.20555493235588074 0.20774486660957336 
vt 0.2064054012298584 0.20820370316505432 
vt 0.20470446348190308 0.20958024263381958 
vt 0.20567642152309418 0.20980966091156006 
vt 0.20470446348190308 0.2117597460746765 
vt 0.20567642152309418 0.21153032779693604 
vt 0.20555493235588074 0.21359512209892273 
vt 0.20628391206264496 0.21313627064228058 
vt 0.20701287686824799 0.21508637070655823 
vt 0.20749886333942413 0.21428339183330536 
vt 0.20895682275295258 0.2158893346786499 
vt 0.20907831192016602 0.2149716466665268 
vt 0.2110222578048706 0.2158893346786499 
vt 0.21077926456928253 0.2149716466665268 
vt 0.212966188788414 0.21508637070655823 
vt 0.21248020231723785 0.2143981009721756 
vt 0.21442413330078125 0.21370983123779297 
vt 0.21369516849517822 0.21313627064228058 
vt 0.2152746170759201 0.2117597460746765 
vt 0.2143026441335678 0.21153032779693604 
vt 0.2152746170759201 0.20969495177268982 
vt 0.2143026441335678 0.20980966091156006 
vt 0.21442413330078125 0.20774486660957336 
vt 0.21369516849517822 0.20820370316505432 
vt 0.212966188788414 0.20625361800193787 
vt 0.21248020231723785 0.20705659687519073 
vt 0.2110222578048706 0.205450639128685 
vt 0.21090075373649597 0.2063683271408081 
vt 0.5883888006210327 0.15314242243766785 
vt 0.588631808757782 0.15222473442554474 
vt 0.5899682641029358 0.15383069217205048 
vt 0.5905757546424866 0.1530277132987976 
vt 0.5911832451820374 0.1550925076007843 
vt 0.5920336842536926 0.1545189619064331 
vt 0.5919122099876404 0.15669846534729004 
vt 0.5927627086639404 0.15646904706954956 
vt 0.5919122099876404 0.15841913223266602 
vt 0.5927627086639404 0.15853384137153625 
vt 0.5911832451820374 0.15991036593914032 
vt 0.5920336842536926 0.1604839265346527 
vt 0.5899682641029358 0.16117219626903534 
vt 0.5905757546424866 0.1619751751422882 
vt 0.5883888006210327 0.16186046600341797 
vt 0.588631808757782 0.16277815401554108 
vt 0.5866878628730774 0.16186046600341797 
vt 0.5865663886070251 0.16277815401554108 
vt 0.5851084589958191 0.16117219626903534 
vt 0.5846224427223206 0.1619751751422882 
vt 0.5838934779167175 0.15991036593914032 
vt 0.5831645131111145 0.1604839265346527 
vt 0.5832859873771667 0.15841913223266602 
vt 0.5823140144348145 0.15853384137153625 
vt 0.5832859873771667 0.15669846534729004 
vt 0.5823140144348145 0.15646904706954956 
vt 0.5838934779167175 0.1550925076007843 
vt 0.5831645131111145 0.1545189619064331 
vt 0.5851084589958191 0.15383069217205048 
vt 0.5846224427223206 0.1530277132987976 
vt 0.5866878628730774 0.15325713157653809 
vt 0.5865663886070251 0.15222473442554474 
vt 0.44150015711784363 0.6008594632148743 
vt 0.42351874709129333 0.591109037399292 
vt 0.4247337281703949 0.5896177887916565 
vt 0.4090607464313507 0.5766554474830627 
vt 0.41051867604255676 0.5753936171531677 
vt 0.3976401090621948 0.5595635175704956 
vt 0.39934104681015015 0.5586457848548889 
vt 0.3897428810596466 0.5406361818313599 
vt 0.39156532287597656 0.5400626063346863 
vt 0.3857334852218628 0.5204470753669739 
vt 0.3876774311065674 0.5202175974845886 
vt 0.3857334852218628 0.4999137818813324 
vt 0.3876774311065674 0.5001431703567505 
vt 0.3897428810596466 0.47983935475349426 
vt 0.39156532287597656 0.48041290044784546 
vt 0.3976401090621948 0.46079733967781067 
vt 0.39934104681015015 0.4617150127887726 
vt 0.4090607464313507 0.4438200891017914 
vt 0.41051867604255676 0.44496721029281616 
vt 0.42351874709129333 0.4292517900466919 
vt 0.4247337281703949 0.4307430386543274 
vt 0.44052818417549133 0.4178954064846039 
vt 0.44150015711784363 0.41961607336997986 
vt 0.4594815671443939 0.4099803566932678 
vt 0.4600890576839447 0.41181573271751404 
vt 0.4796499013900757 0.4059654772281647 
vt 0.47989290952682495 0.40791556239128113 
vt 0.5001827478408813 0.4059654772281647 
vt 0.5000612139701843 0.40791556239128113 
vt 0.5203510522842407 0.4099803566932678 
vt 0.5197435617446899 0.41181573271751404 
vt 0.5393044352531433 0.4178954064846039 
vt 0.538332462310791 0.41961607336997986 
vt 0.5563138723373413 0.4292517900466919 
vt 0.5550989508628845 0.4307430386543274 
vt 0.570893406867981 0.4438200891017914 
vt 0.5693139433860779 0.44496721029281616 
vt 0.5823140144348145 0.46079733967781067 
vt 0.5806130766868591 0.4617150127887726 
vt 0.5900897979736328 0.47983935475349426 
vt 0.5882673263549805 0.48041290044784546 
vt 0.5940991640090942 0.4999137818813324 
vt 0.5921552181243896 0.5001431703567505 
vt 0.5940991640090942 0.5204470753669739 
vt 0.5921552181243896 0.5202175974845886 
vt 0.5900897979736328 0.5406361818313599 
vt 0.5882673263549805 0.5400626063346863 
vt 0.5823140144348145 0.5595635175704956 
vt 0.5806130766868591 0.5586457848548889 
vt 0.570893406867981 0.5766554474830627 
vt 0.5694354772567749 0.5753936171531677 
vt 0.5563138723373413 0.591109037399292 
vt 0.5550989508628845 0.5896177887916565 
vt 0.5393044352531433 0.6025801301002502 
vt 0.538332462310791 0.6008594632148743 
vt 0.5203510522842407 0.6103804707527161 
vt 0.5197435617446899 0.6085450649261475 
vt 0.5001827478408813 0.6143953800201416 
vt 0.5000612139701843 0.6124452948570251 
vt 0.4796499013900757 0.6143953800201416 
vt 0.47989290952682495 0.6124452948570251 
vt 0.45960307121276855 0.6103804707527161 
vt 0.4600890576839447 0.6085450649261475 
vt 0.44052818417549133 0.6025801301002502 
vt 0.6046692728996277 0.5714934468269348 
vt 0.605762779712677 0.5720670223236084 
vt 0.5905757546424866 0.5927149653434753 
vt 0.5914262533187866 0.5935179591178894 
vt 0.572472870349884 0.610839307308197 
vt 0.5733233094215393 0.6117569804191589 
vt 0.5513325333595276 0.6249487400054932 
vt 0.5518185496330261 0.6260958909988403 
vt 0.5277623534202576 0.6346992254257202 
vt 0.5280053019523621 0.6358463168144226 
vt 0.5027341246604919 0.6397464871406555 
vt 0.502855658531189 0.6408935785293579 
vt 0.47721999883651733 0.6397464871406555 
vt 0.4770984947681427 0.6408935785293579 
vt 0.4521917998790741 0.6346992254257202 
vt 0.4518273174762726 0.6358463168144226 
vt 0.4286215901374817 0.6249487400054932 
vt 0.4280140995979309 0.6260958909988403 
vt 0.407359778881073 0.610839307308197 
vt 0.40663081407546997 0.6117569804191589 
vt 0.3893783688545227 0.5927149653434753 
vt 0.3884064257144928 0.5935179591178894 
vt 0.37516334652900696 0.5714934468269348 
vt 0.37406986951828003 0.5720670223236084 
vt 0.3654436767101288 0.5479776859283447 
vt 0.3642286956310272 0.5483218431472778 
vt 0.36046233773231506 0.5229706764221191 
vt 0.3592473864555359 0.5230854153633118 
vt 0.36046233773231506 0.49739012122154236 
vt 0.3592473864555359 0.4972754120826721 
vt 0.3654436767101288 0.47238314151763916 
vt 0.3642286956310272 0.47203901410102844 
vt 0.37516334652900696 0.4488673806190491 
vt 0.37406986951828003 0.4482938349246979 
vt 0.3893783688545227 0.42764583230018616 
vt 0.3884064257144928 0.4268428683280945 
vt 0.407359778881073 0.4096362292766571 
vt 0.40663081407546997 0.40860381722450256 
vt 0.4286215901374817 0.39541205763816833 
vt 0.4280140995979309 0.3943796455860138 
vt 0.4521917998790741 0.38566163182258606 
vt 0.4518273174762726 0.3845145106315613 
vt 0.47721999883651733 0.3807290494441986 
vt 0.4770984947681427 0.3794672191143036 
vt 0.5027341246604919 0.3807290494441986 
vt 0.502855658531189 0.3794672191143036 
vt 0.5277623534202576 0.38566163182258606 
vt 0.5280053019523621 0.3845145106315613 
vt 0.5513325333595276 0.39541205763816833 
vt 0.5518185496330261 0.3943796455860138 
vt 0.572472870349884 0.4096362292766571 
vt 0.5733233094215393 0.40860381722450256 
vt 0.5905757546424866 0.42764583230018616 
vt 0.5914262533187866 0.4268428683280945 
vt 0.6046692728996277 0.4488673806190491 
vt 0.605762779712677 0.4482938349246979 
vt 0.6145104765892029 0.47238314151763916 
vt 0.6156039237976074 0.47203901410102844 
vt 0.6194918155670166 0.49739012122154236 
vt 0.6207067370414734 0.4972754120826721 
vt 0.6194918155670166 0.5229706764221191 
vt 0.6207067370414734 0.5230854153633118 
vt 0.6145104765892029 0.5479776859283447 
vt 0.6156039237976074 0.5483218431472778 
vt 0.2632655203342438 0.13088849186897278 
vt 0.2637515068054199 0.12997080385684967 
vt 0.2790600061416626 0.14178603887557983 
vt 0.279789000749588 0.14098306000232697 
vt 0.29230308532714844 0.15555135905742645 
vt 0.2931535542011261 0.15497779846191406 
vt 0.3026302456855774 0.17172560095787048 
vt 0.30348071455955505 0.17126676440238953 
vt 0.3095555007457733 0.18962052464485168 
vt 0.3105274736881256 0.18927638232707977 
vt 0.31295740604400635 0.2084331214427948 
vt 0.31392934918403625 0.20831841230392456 
vt 0.3128359019756317 0.22758986055850983 
vt 0.31392934918403625 0.22770456969738007 
vt 0.3091910183429718 0.24640247225761414 
vt 0.31028449535369873 0.24674659967422485 
vt 0.30214425921440125 0.26429739594459534 
vt 0.3029947280883789 0.2647562325000763 
vt 0.29169559478759766 0.28035691380500793 
vt 0.2924245595932007 0.28104519844055176 
vt 0.27820953726768494 0.29412224888801575 
vt 0.27893850207328796 0.2949252128601074 
vt 0.2624150514602661 0.30490508675575256 
vt 0.26290103793144226 0.3058227598667145 
vt 0.24479813873767853 0.31236129999160767 
vt 0.2450411319732666 0.3133936822414398 
vt 0.22596625983715057 0.3162614703178406 
vt 0.226087749004364 0.3171791434288025 
vt 0.20689138770103455 0.3162614703178406 
vt 0.2067698985338211 0.3171791434288025 
vt 0.1880595088005066 0.31236129999160767 
vt 0.18781651556491852 0.3133936822414398 
vt 0.17032109200954437 0.30490508675575256 
vt 0.16983510553836823 0.3058227598667145 
vt 0.15452660620212555 0.29389283061027527 
vt 0.15379764139652252 0.29469579458236694 
vt 0.14104054868221283 0.28012749552726746 
vt 0.1403115838766098 0.28070104122161865 
vt 0.13071340322494507 0.26395323872566223 
vt 0.12974143028259277 0.2644121050834656 
vt 0.12342363595962524 0.24617303907871246 
vt 0.12245167046785355 0.24651718139648438 
vt 0.11965726315975189 0.22736044228076935 
vt 0.1186852902173996 0.2274751514196396 
vt 0.11965726315975189 0.20808899402618408 
vt 0.11856379359960556 0.20797428488731384 
vt 0.12330213934183121 0.1890469640493393 
vt 0.12233017385005951 0.18881754577159882 
vt 0.13071340322494507 0.1711520552635193 
vt 0.12974143028259277 0.17069320380687714 
vt 0.14140504598617554 0.15497779846191406 
vt 0.14055457711219788 0.15440423786640167 
vt 0.1550125926733017 0.14132718741893768 
vt 0.15428361296653748 0.14052420854568481 
vt 0.1710500717163086 0.13054434955120087 
vt 0.17056408524513245 0.12962667644023895 
vt 0.1887884885072708 0.1232028529047966 
vt 0.18854549527168274 0.12217045575380325 
vt 0.2077418565750122 0.11941739171743393 
vt 0.20762036740779877 0.11838499456644058 
vt 0.22693823277950287 0.11953210085630417 
vt 0.22693823277950287 0.11849970370531082 
vt 0.2456486076116562 0.12343227863311768 
vt 0.2460131049156189 0.12239987403154373 
vt 0.12318064272403717 0.2809304893016815 
vt 0.09037672728300095 0.26705044507980347 
vt 0.1144329309463501 0.25982365012168884 
vt 0.08490940183401108 0.23986394703388214 
vt 0.10993757843971252 0.23745501041412354 
vt 0.08490940183401108 0.21210387349128723 
vt 0.11005907505750656 0.21451281011104584 
vt 0.09037672728300095 0.18480266630649567 
vt 0.1144329309463501 0.19214417040348053 
vt 0.10106837004423141 0.15922211110591888 
vt 0.12318064272403717 0.17103734612464905 
vt 0.11649836599826813 0.13605047762393951 
vt 0.13593772053718567 0.1521100252866745 
vt 0.13618071377277374 0.11643490195274353 
vt 0.152096688747406 0.13593576848506927 
vt 0.1592649519443512 0.10094892233610153 
vt 0.1710500717163086 0.1232028529047966 
vt 0.18490061163902283 0.09039551019668579 
vt 0.19219037890434265 0.11448481678962708 
vt 0.21211571991443634 0.08500409126281738 
vt 0.21454563736915588 0.11001108586788177 
vt 0.23993830382823944 0.08500409126281738 
vt 0.23738688230514526 0.11001108586788177 
vt 0.26715341210365295 0.09039551019668579 
vt 0.25986364483833313 0.11448481678962708 
vt 0.2927890717983246 0.10106363147497177 
vt 0.28088244795799255 0.1232028529047966 
vt 0.31587329506874084 0.11643490195274353 
vt 0.29983583092689514 0.13593576848506927 
vt 0.33555564284324646 0.13605047762393951 
vt 0.3159947991371155 0.1521100252866745 
vt 0.35098564624786377 0.15922211110591888 
vt 0.3287518620491028 0.17103734612464905 
vt 0.3615557849407196 0.1849173754453659 
vt 0.33749958872795105 0.19214417040348053 
vt 0.3670231103897095 0.21210387349128723 
vt 0.341873437166214 0.21451281011104584 
vt 0.36690160632133484 0.23986394703388214 
vt 0.341873437166214 0.23745501041412354 
vt 0.3615557849407196 0.2671651542186737 
vt 0.3373780846595764 0.25982365012168884 
vt 0.35086414217948914 0.2928604185581207 
vt 0.32863038778305054 0.2809304893016815 
vt 0.3354341685771942 0.31591734290122986 
vt 0.3159947991371155 0.2998577952384949 
vt 0.3157517910003662 0.33553290367126465 
vt 0.29983583092689514 0.3160320520401001 
vt 0.29266756772994995 0.35101890563964844 
vt 0.2807609438896179 0.32876497507095337 
vt 0.2670319080352783 0.3615723252296448 
vt 0.2597421407699585 0.3374829888343811 
vt 0.23969531059265137 0.3669637143611908 
vt 0.23726539313793182 0.3419567346572876 
vt 0.2119942158460617 0.3669637143611908 
vt 0.21442413330078125 0.3419567346572876 
vt 0.1847791224718094 0.3615723252296448 
vt 0.19206887483596802 0.3374829888343811 
vt 0.15902195870876312 0.3509041965007782 
vt 0.17092856764793396 0.32876497507095337 
vt 0.13593772053718567 0.33553290367126465 
vt 0.15197519958019257 0.3160320520401001 
vt 0.11637686938047409 0.3158026337623596 
vt 0.13581623136997223 0.2998577952384949 
vt 0.10094687342643738 0.2927457094192505 
vt 0.08539538830518723 0.3011196255683899 
vt 0.07336728274822235 0.2722124457359314 
vt 0.0672924816608429 0.24158459901809692 
vt 0.06741397827863693 0.21038320660591125 
vt 0.07348877936601639 0.17964066565036774 
vt 0.08539538830518723 0.15084820985794067 
vt 0.10276931524276733 0.12480881065130234 
vt 0.12488158792257309 0.10278429836034775 
vt 0.15088173747062683 0.08546293526887894 
vt 0.17979778349399567 0.0734182819724083 
vt 0.21041476726531982 0.06733859330415726 
vt 0.24163924157619476 0.06733859330415726 
vt 0.2722562253475189 0.0734182819724083 
vt 0.30117228627204895 0.08546293526887894 
vt 0.32705092430114746 0.10278429836034775 
vt 0.3491632044315338 0.12492351979017258 
vt 0.3665371239185333 0.15084820985794067 
vt 0.37844374775886536 0.17975537478923798 
vt 0.3845185339450836 0.21038320660591125 
vt 0.3845185339450836 0.24158459901809692 
vt 0.37844374775886536 0.27232715487480164 
vt 0.3664156496524811 0.3011196255683899 
vt 0.3490417003631592 0.32715901732444763 
vt 0.32705092430114746 0.3491835296154022 
vt 0.3010507822036743 0.3666195869445801 
vt 0.2721347510814667 0.3785495460033417 
vt 0.24151775240898132 0.3846292197704315 
vt 0.21017177402973175 0.3846292197704315 
vt 0.1795547902584076 0.37843483686447144 
vt 0.1507602334022522 0.36650487780570984 
vt 0.12476009130477905 0.3491835296154022 
vt 0.1026478186249733 0.3270443081855774 
vt 0.08575987815856934 0.34092432260513306 
vt 0.06607752293348312 0.3113288879394531 
vt 0.052469972521066666 0.2785215377807617 
vt 0.04554469883441925 0.24376411736011505 
vt 0.04554469883441925 0.20820370316505432 
vt 0.0525914691388607 0.17333155870437622 
vt 0.06607752293348312 0.14052420854568481 
vt 0.08588137477636337 0.11104349046945572 
vt 0.11103104054927826 0.08592177927494049 
vt 0.14055457711219788 0.06607677787542343 
vt 0.1733584851026535 0.05254087597131729 
vt 0.20822784304618835 0.04554350674152374 
vt 0.2437046766281128 0.04554350674152374 
vt 0.27857401967048645 0.05254087597131729 
vt 0.31137794256210327 0.06607677787542343 
vt 0.34102296829223633 0.08592177927494049 
vt 0.3660511374473572 0.11104349046945572 
vt 0.3858549892902374 0.14052420854568481 
vt 0.3994625508785248 0.17333155870437622 
vt 0.4063878059387207 0.20820370316505432 
vt 0.40626633167266846 0.24376411736011505 
vt 0.39934104681015015 0.27863624691963196 
vt 0.3857334852218628 0.31144359707832336 
vt 0.3660511374473572 0.3410390317440033 
vt 0.3409014642238617 0.3661607503890991 
vt 0.31137794256210327 0.38589105010032654 
vt 0.2784525454044342 0.3994269371032715 
vt 0.24358317255973816 0.40642431378364563 
vt 0.20810635387897491 0.4063096046447754 
vt 0.17323699593544006 0.3994269371032715 
vt 0.14043307304382324 0.3857763409614563 
vt 0.11090955138206482 0.3660460412502289 
vt 0.16849865019321442 0.4150276482105255 
vt 0.13265733420848846 0.40022993087768555 
vt 0.10046089440584183 0.3786642551422119 
vt 0.07312428951263428 0.3512483239173889 
vt 0.051619499921798706 0.3190145194530487 
vt 0.03679698705673218 0.2832247018814087 
vt 0.029264235869050026 0.24525535106658936 
vt 0.029385732486844063 0.20659774541854858 
vt 0.036918483674526215 0.16862840950489044 
vt 0.05174099653959274 0.13283857703208923 
vt 0.16655471920967102 0.4214514493942261 
vt 0.1294984370470047 0.4060801863670349 
vt 0.09620853513479233 0.38382625579833984 
vt 0.06789996474981308 0.35549262166023254 
vt 0.045787692070007324 0.3222264349460602 
vt 0.030479196459054947 0.28517478704452515 
vt 0.02270345203578472 0.24594362080097198 
vt 0.02270345203578472 0.20590949058532715 
vt 0.030479196459054947 0.166678324341774 
vt 0.045787692070007324 0.12962667644023895 
vt 0.16424629092216492 0.4289076626300812 
vt 0.1258535534143448 0.41296282410621643 
vt 0.09134869277477264 0.38979122042655945 
vt 0.06194666028022766 0.36042520403862 
vt 0.03886241838335991 0.3258971869945526 
vt 0.023067940026521683 0.2874689996242523 
vt 0.014927707612514496 0.24674659967422485 
vt 0.014927707612514496 0.20510651171207428 
vt 0.023067940026521683 0.16438409686088562 
vt 0.038983915001153946 0.12607063353061676 
vt 0.012497788295149803 0.16117219626903534 
vt 0.029264235869050026 0.12079392373561859 
vt 0.0620681568980217 0.09142790734767914 
vt 0.05344194173812866 0.08443053811788559 
vt 0.09147018939256668 0.062061890959739685 
vt 0.08442342281341553 0.0534585639834404 
vt 0.12609654664993286 0.03900497779250145 
vt 0.12075072526931763 0.029254544526338577 
vt 0.164489284157753 0.0230601504445076 
vt 0.1612088978290558 0.012506738305091858 
vt 0.20519044995307922 0.014915669336915016 
vt 0.2040969729423523 0.0039034129586070776 
vt 0.24674206972122192 0.014915669336915016 
vt 0.24783554673194885 0.0039034129586070776 
vt 0.2875647246837616 0.0230601504445076 
vt 0.29072362184524536 0.01239202730357647 
vt 0.3259574770927429 0.03900497779250145 
vt 0.3311817944049835 0.02913983352482319 
vt 0.36046233773231506 0.062061890959739685 
vt 0.3675090968608856 0.0534585639834404 
vt 0.38986435532569885 0.09154261648654938 
vt 0.3984905779361725 0.08443053811788559 
vt 0.4129486083984375 0.12607063353061676 
vt 0.4227897822856903 0.12079392373561859 
vt 0.42886456847190857 0.16449880599975586 
vt 0.4394347369670868 0.16117219626903534 
vt 0.43700480461120605 0.20522122085094452 
vt 0.4480609595775604 0.20407411456108093 
vt 0.43700480461120605 0.2468613088130951 
vt 0.4480609595775604 0.24789370596408844 
vt 0.42886456847190857 0.28758370876312256 
vt 0.4394347369670868 0.29079562425613403 
vt 0.4129486083984375 0.32601189613342285 
vt 0.4226682782173157 0.3311738967895508 
vt 0.38986435532569885 0.36053991317749023 
vt 0.39836907386779785 0.3675372898578644 
vt 0.36034083366394043 0.3899059295654297 
vt 0.3675090968608856 0.39850926399230957 
vt 0.3258359730243683 0.41307756304740906 
vt 0.3310602903366089 0.42282798886299133 
vt 0.28744325041770935 0.4289076626300812 
vt 0.2906021177768707 0.43957579135894775 
vt 0.24662058055400848 0.4370521605014801 
vt 0.24771404266357422 0.4480644166469574 
vt 0.2050689458847046 0.4370521605014801 
vt 0.20397548377513885 0.4480644166469574 
vt 0.16108739376068115 0.4394610822200775 
vt 0.12062922865152359 0.4227132797241211 
vt 0.08430192619562149 0.39839455485343933 
vt 0.05344194173812866 0.3675372898578644 
vt 0.02914273925125599 0.33105918765068054 
vt 0.012376291677355766 0.2906809151172638 
vt 0.003871571971103549 0.2477789968252182 
vt 0.003993067890405655 0.20407411456108093 
vt 0.0024136200081557035 0.2039593905210495 
vt 0.011039836332201958 0.16082805395126343 
vt 0.027927780523896217 0.12010565400123596 
vt 0.05234847590327263 0.08351285010576248 
vt 0.08345144987106323 0.052311453968286514 
vt 0.1200217455625534 0.027878012508153915 
vt 0.16072291135787964 0.011015495285391808 
vt 0.20397548377513885 0.0024121699389070272 
vt 0.2479570358991623 0.0024121699389070272 
vt 0.2912096083164215 0.011015495285391808 
vt 0.33191075921058655 0.027878012508153915 
vt 0.3684810698032379 0.052311453968286514 
vt 0.3995840549468994 0.08351285010576248 
vt 0.4241262376308441 0.12010565400123596 
vt 0.44089269638061523 0.16082805395126343 
vt 0.4495188891887665 0.2039593905210495 
vt 0.4495188891887665 0.24800841510295868 
vt 0.44089269638061523 0.291254460811615 
vt 0.4240047335624695 0.3318621516227722 
vt 0.3995840549468994 0.36856967210769653 
vt 0.3683595657348633 0.39965635538101196 
vt 0.3317892849445343 0.42408981919288635 
vt 0.2910881042480469 0.440952330827713 
vt 0.24783554673194885 0.4495556354522705 
vt 0.20385399460792542 0.4495556354522705 
vt 0.160601407289505 0.440952330827713 
vt 0.1200217455625534 0.42408981919288635 
vt 0.0833299532532692 0.3995416462421417 
vt 0.05222697928547859 0.3684549629688263 
vt 0.02780628390610218 0.3318621516227722 
vt 0.011039836332201958 0.29113975167274475 
vt 0.0024136200081557035 0.24800841510295868 
vt 0.2057979255914688 0.4292517900466919 
vt 0.20652690529823303 0.42259857058525085 
vt 0.4001915156841278 0.13283857703208923 
vt 0.37868672609329224 0.10060478746891022 
vt 0.3839110732078552 0.09636048227548599 
vt 0.355602502822876 0.06802686303853989 
vt 0.3513501286506653 0.07330356538295746 
vt 0.322312593460083 0.04577292874455452 
vt 0.31915369629859924 0.05173790082335472 
vt 0.2853778004646301 0.03051636554300785 
vt 0.2833123803138733 0.03694017976522446 
vt 0.2460131049156189 0.022601306438446045 
vt 0.24540561437606812 0.029369255527853966 
vt 0.20604091882705688 0.022601306438446045 
vt 0.20664839446544647 0.029369255527853966 
vt 0.16667620837688446 0.03051636554300785 
vt 0.16862015426158905 0.03694017976522446 
vt 0.12974143028259277 0.04577292874455452 
vt 0.13290032744407654 0.05173790082335472 
vt 0.0964515209197998 0.06802686303853989 
vt 0.1007038876414299 0.07318885624408722 
vt 0.06802146136760712 0.09636048227548599 
vt 0.07324578613042831 0.10060478746891022 
vt 0.4061448276042938 0.1297413855791092 
vt 0.24516262114048004 0.42259857058525085 
vt 0.28319087624549866 0.41514235734939575 
vt 0.28513482213020325 0.4215661585330963 
vt 0.3221910893917084 0.40619489550590515 
vt 0.3190321922302246 0.4003446400165558 
vt 0.35548099875450134 0.3839409649372101 
vt 0.35122862458229065 0.37877896428108215 
vt 0.3837895691394806 0.3556073307991028 
vt 0.37868672609329224 0.35136303305625916 
vt 0.4061448276042938 0.3223411440849304 
vt 0.4001915156841278 0.31912922859191895 
vt 0.4214533269405365 0.2852894961833954 
vt 0.41501402854919434 0.28333941102027893 
vt 0.42922908067703247 0.24605832993984222 
vt 0.42254677414894104 0.2453700751066208 
vt 0.42922908067703247 0.2060241997241974 
vt 0.42254677414894104 0.20659774541854858 
vt 0.4214533269405365 0.166678324341774 
vt 0.41501402854919434 0.16862840950489044 
vt 0.24589160084724426 0.42936649918556213 
vt 0.04809611663222313 0.02455139346420765 
vt 0.049189578741788864 0.023977838456630707 
vt 0.04943257197737694 0.028107434511184692 
vt 0.05064753070473671 0.027763301506638527 
vt 0.05016154795885086 0.031778186559677124 
vt 0.05137650668621063 0.031663473695516586 
vt 0.05016154795885086 0.035563647747039795 
vt 0.05137650668621063 0.03567836061120033 
vt 0.04943257197737694 0.03923439979553223 
vt 0.05064753070473671 0.03957853466272354 
vt 0.04809611663222313 0.04279044270515442 
vt 0.049189578741788864 0.04336399585008621 
vt 0.0460306853055954 0.04588763788342476 
vt 0.047002650797367096 0.04669061675667763 
vt 0.04335777088999748 0.04864070191979408 
vt 0.04420824348926544 0.04955838993191719 
vt 0.040320370346307755 0.050705499947071075 
vt 0.04092785343527794 0.05185260996222496 
vt 0.03679698705673218 0.052196744829416275 
vt 0.03716147691011429 0.0534585639834404 
vt 0.033152107149362564 0.052999719977378845 
vt 0.0332736037671566 0.05426154285669327 
vt 0.029385732486844063 0.052999719977378845 
vt 0.029264235869050026 0.05426154285669327 
vt 0.025619355961680412 0.052196744829416275 
vt 0.02525486797094345 0.0534585639834404 
vt 0.022217467427253723 0.050705499947071075 
vt 0.021609988063573837 0.05185260996222496 
vt 0.01893707551062107 0.04864070191979408 
vt 0.018208099529147148 0.04967310279607773 
vt 0.01638565957546234 0.04588763788342476 
vt 0.015292195603251457 0.04680532589554787 
vt 0.014198731631040573 0.04279044270515442 
vt 0.013105267658829689 0.04336399585008621 
vt 0.012862276285886765 0.03923439979553223 
vt 0.011525820009410381 0.03957853466272354 
vt 0.012011803686618805 0.035448938608169556 
vt 0.010796844027936459 0.03567836061120033 
vt 0.012011803686618805 0.031663473695516586 
vt 0.010796844027936459 0.03154876455664635 
vt 0.012862276285886765 0.027878012508153915 
vt 0.011525820009410381 0.02753387950360775 
vt 0.01432022824883461 0.02443668246269226 
vt 0.013105267658829689 0.02374841645359993 
vt 0.01638565957546234 0.021224774420261383 
vt 0.015413692221045494 0.020421797409653664 
vt 0.019058572128415108 0.01847171038389206 
vt 0.018329596146941185 0.01755402237176895 
vt 0.022217467427253723 0.016406912356615067 
vt 0.021731484681367874 0.015259802341461182 
vt 0.02574085257947445 0.015030380338430405 
vt 0.025376364588737488 0.013768559321761131 
vt 0.02950722724199295 0.014227403327822685 
vt 0.029385732486844063 0.012965582311153412 
vt 0.0332736037671566 0.014342114329338074 
vt 0.03339510038495064 0.0130802933126688 
vt 0.036918483674526215 0.015030380338430405 
vt 0.037282973527908325 0.01388327032327652 
vt 0.04044186696410179 0.016521623358130455 
vt 0.04104934632778168 0.015489224344491959 
vt 0.04347926750779152 0.018701132386922836 
vt 0.04432974010705948 0.01778344437479973 
vt 0.0460306853055954 0.02145419642329216 
vt 0.047002650797367096 0.02065121941268444 
vt 0.3880419135093689 0.6646387577056885 
vt 0.3716399669647217 0.6781746745109558 
vt 0.36690160632133484 0.6330932378768921 
vt 0.3481912314891815 0.6430730819702148 
vt 0.3523221015930176 0.5979917049407959 
vt 0.3320322632789612 0.6040713787078857 
vt 0.3449108302593231 0.560710608959198 
vt 0.32377055287361145 0.5627754330635071 
vt 0.3449108302593231 0.5226265788078308 
vt 0.32377055287361145 0.5205617547035217 
vt 0.3523221015930176 0.48546019196510315 
vt 0.3320322632789612 0.47926580905914307 
vt 0.36690160632133484 0.45035862922668457 
vt 0.3481912314891815 0.4402640461921692 
vt 0.3880419135093689 0.41869840025901794 
vt 0.3716399669647217 0.4051624834537506 
vt 0.4148925542831421 0.39185601472854614 
vt 0.40140649676322937 0.37545233964920044 
vt 0.44648149609565735 0.37074920535087585 
vt 0.43639734387397766 0.35193657875061035 
vt 0.4815938472747803 0.35618090629577637 
vt 0.4753975570201874 0.33587706089019775 
vt 0.5188931226730347 0.34872469305992126 
vt 0.5168277025222778 0.3276178538799286 
vt 0.5567998886108398 0.34872469305992126 
vt 0.5589867830276489 0.3276178538799286 
vt 0.5940991640090942 0.35618090629577637 
vt 0.6002954244613647 0.33587706089019775 
vt 0.6292114853858948 0.37074920535087585 
vt 0.6392956376075745 0.35193657875061035 
vt 0.6608004570007324 0.39185601472854614 
vt 0.6742864847183228 0.37545233964920044 
vt 0.6876510381698608 0.41869840025901794 
vt 0.7041745185852051 0.4051624834537506 
vt 0.7087913751602173 0.45024392008781433 
vt 0.7275017499923706 0.4402640461921692 
vt 0.7233709096908569 0.48546019196510315 
vt 0.7436606884002686 0.47926580905914307 
vt 0.730782151222229 0.5226265788078308 
vt 0.7519224286079407 0.5205617547035217 
vt 0.730782151222229 0.560710608959198 
vt 0.7519224286079407 0.5627754330635071 
vt 0.7233709096908569 0.5978769659996033 
vt 0.7436606884002686 0.6040713787078857 
vt 0.7087913751602173 0.6330932378768921 
vt 0.7275017499923706 0.6430730819702148 
vt 0.6876510381698608 0.6646387577056885 
vt 0.7041745185852051 0.6781746745109558 
vt 0.6608004570007324 0.6914811730384827 
vt 0.6742864847183228 0.7079995274543762 
vt 0.6292114853858948 0.7125879526138306 
vt 0.6392956376075745 0.7314005494117737 
vt 0.5940991640090942 0.7271562814712524 
vt 0.6002954244613647 0.747460126876831 
vt 0.5567998886108398 0.7346124649047852 
vt 0.5589867830276489 0.7557193040847778 
vt 0.5188931226730347 0.7346124649047852 
vt 0.5168277025222778 0.7557193040847778 
vt 0.4815938472747803 0.7271562814712524 
vt 0.4753975570201874 0.747460126876831 
vt 0.44648149609565735 0.7125879526138306 
vt 0.4365188181400299 0.7314005494117737 
vt 0.4148925542831421 0.6914811730384827 
vt 0.40140649676322937 0.7079995274543762 
vt 0.4005559980869293 0.7089172005653381 
vt 0.37054648995399475 0.6789776682853699 
vt 0.34697628021240234 0.6436466574668884 
vt 0.3306958079338074 0.6045302152633667 
vt 0.32243409752845764 0.5628901124000549 
vt 0.32243409752845764 0.5204470753669739 
vt 0.3306958079338074 0.4788069427013397 
vt 0.34697628021240234 0.439690500497818 
vt 0.37054648995399475 0.40435951948165894 
vt 0.4005559980869293 0.3744199573993683 
vt 0.4357898533344269 0.35078948736190796 
vt 0.47503307461738586 0.33461523056030273 
vt 0.5165846943855286 0.32624131441116333 
vt 0.559108316898346 0.32624131441116333 
vt 0.6006599068641663 0.33461523056030273 
vt 0.6399031281471252 0.35078948736190796 
vt 0.6751369833946228 0.3744199573993683 
vt 0.7051464915275574 0.40435951948165894 
vt 0.7287167310714722 0.439690500497818 
vt 0.7449971437454224 0.4788069427013397 
vt 0.7532588839530945 0.5204470753669739 
vt 0.7532588839530945 0.5628901124000549 
vt 0.7449971437454224 0.6045302152633667 
vt 0.7287167310714722 0.6436466574668884 
vt 0.7051464915275574 0.6789776682853699 
vt 0.6751369833946228 0.7089172005653381 
vt 0.6399031281471252 0.7325477004051208 
vt 0.6006599068641663 0.7487219572067261 
vt 0.559108316898346 0.7570958137512207 
vt 0.5167061686515808 0.7570958137512207 
vt 0.47503307461738586 0.7487219572067261 
vt 0.4357898533344269 0.7325477004051208 
vt 0.021609988063573837 0.05185260996222496 
vt 0.02112400345504284 0.05265558883547783 
vt 0.018208099529147148 0.04967310279607773 
vt 0.017600620165467262 0.05036136880517006 
vt 0.015292195603251457 0.04680532589554787 
vt 0.014563219621777534 0.04737888276576996 
vt 0.013105267658829689 0.04336399585008621 
vt 0.012254795990884304 0.043822839856147766 
vt 0.011525820009410381 0.03957853466272354 
vt 0.010675348341464996 0.03992266580462456 
vt 0.010796844027936459 0.03567836061120033 
vt 0.009824875742197037 0.03567836061120033 
vt 0.010796844027936459 0.03154876455664635 
vt 0.009824875742197037 0.03143405169248581 
vt 0.011525820009410381 0.02753387950360775 
vt 0.010675348341464996 0.027304457500576973 
vt 0.013105267658829689 0.02374841645359993 
vt 0.012376291677355766 0.023289572447538376 
vt 0.015413692221045494 0.020421797409653664 
vt 0.014684716239571571 0.01984824240207672 
vt 0.018329596146941185 0.01755402237176895 
vt 0.0177221167832613 0.01686575636267662 
vt 0.021731484681367874 0.015259802341461182 
vt 0.021245500072836876 0.014456825330853462 
vt 0.025376364588737488 0.013768559321761131 
vt 0.025133371353149414 0.012850871309638023 
vt 0.029385732486844063 0.012965582311153412 
vt 0.029264235869050026 0.012047894299030304 
vt 0.03339510038495064 0.0130802933126688 
vt 0.033516597002744675 0.012162605300545692 
vt 0.037282973527908325 0.01388327032327652 
vt 0.03764745965600014 0.012965582311153412 
vt 0.04104934632778168 0.015489224344491959 
vt 0.04141383618116379 0.01468624733388424 
vt 0.04432974010705948 0.01778344437479973 
vt 0.044937219470739365 0.01698046736419201 
vt 0.047002650797367096 0.02065121941268444 
vt 0.04773162677884102 0.020077664405107498 
vt 0.049189578741788864 0.023977838456630707 
vt 0.050040051341056824 0.02363370545208454 
vt 0.05064753070473671 0.027763301506638527 
vt 0.05149800330400467 0.02753387950360775 
vt 0.05137650668621063 0.031663473695516586 
vt 0.05234847590327263 0.03154876455664635 
vt 0.05137650668621063 0.03567836061120033 
vt 0.05234847590327263 0.03579306975007057 
vt 0.05064753070473671 0.03957853466272354 
vt 0.05149800330400467 0.03992266580462456 
vt 0.049189578741788864 0.04336399585008621 
vt 0.050040051341056824 0.04370813071727753 
vt 0.047002650797367096 0.04669061675667763 
vt 0.04773162677884102 0.04726416990160942 
vt 0.04420824348926544 0.04955838993191719 
vt 0.04481572285294533 0.05024665594100952 
vt 0.04092785343527794 0.05185260996222496 
vt 0.04141383618116379 0.05265558883547783 
vt 0.03716147691011429 0.0534585639834404 
vt 0.0375259630382061 0.05426154285669327 
vt 0.0332736037671566 0.05426154285669327 
vt 0.03339510038495064 0.055179230868816376 
vt 0.029264235869050026 0.05426154285669327 
vt 0.02914273925125599 0.055179230868816376 
vt 0.02525486797094345 0.0534585639834404 
vt 0.025011876598000526 0.05426154285669327 
vt 0.013105267658829689 0.0025268809404224157 
vt 0.013105267658829689 0.0025268809404224157 
vt 0.013105267658829689 0.0025268809404224157 
vt 0.013105267658829689 0.0025268809404224157 
vt 0.013105267658829689 0.0025268809404224157 
vt 0.013105267658829689 0.0025268809404224157 
vt 0.013105267658829689 0.0025268809404224157 
vt 0.013105267658829689 0.0025268809404224157 
vt 0.013105267658829689 0.0025268809404224157 
vt 0.013105267658829689 0.0025268809404224157 
vt 0.013105267658829689 0.0025268809404224157 
vt 0.013105267658829689 0.0025268809404224157 
vt 0.013105267658829689 0.0025268809404224157 
vt 0.013105267658829689 0.0025268809404224157 
vt 0.013105267658829689 0.0025268809404224157 
vt 0.013105267658829689 0.0025268809404224157 
vt 0.013105267658829689 0.0025268809404224157 
vt 0.013105267658829689 0.0025268809404224157 
vt 0.013105267658829689 0.0025268809404224157 
vt 0.013105267658829689 0.0025268809404224157 
vt 0.013105267658829689 0.0025268809404224157 
vt 0.013105267658829689 0.0025268809404224157 
vt 0.013105267658829689 0.0025268809404224157 
vt 0.013105267658829689 0.0025268809404224157 
vt 0.013105267658829689 0.0025268809404224157 
vt 0.013105267658829689 0.0025268809404224157 
vt 0.013105267658829689 0.0025268809404224157 
vt 0.013105267658829689 0.0025268809404224157 
vt 0.013105267658829689 0.0025268809404224157 
vt 0.013105267658829689 0.0025268809404224157 
vt 0.013105267658829689 0.0025268809404224157 
vt 0.013105267658829689 0.0025268809404224157 
vt 0.013105267658829689 0.0025268809404224157 
vt 0.013105267658829689 0.0025268809404224157 
vt 0.013105267658829689 0.0025268809404224157 
vt 0.013105267658829689 0.0025268809404224157 
vt 0.013105267658829689 0.0025268809404224157 
vt 0.013105267658829689 0.0025268809404224157 
vt 0.013105267658829689 0.0025268809404224157 
vt 0.013105267658829689 0.0025268809404224157 
vt 0.013105267658829689 0.0025268809404224157 
vt 0.013105267658829689 0.0025268809404224157 
vt 0.013105267658829689 0.0025268809404224157 
vt 0.013105267658829689 0.0025268809404224157 
vt 0.013105267658829689 0.0025268809404224157 
vt 0.013105267658829689 0.0025268809404224157 
vt 0.013105267658829689 0.0025268809404224157 
vt 0.013105267658829689 0.0025268809404224157 
vt 0.013105267658829689 0.0025268809404224157 
vt 0.013105267658829689 0.0025268809404224157 
vt 0.013105267658829689 0.0025268809404224157 
vt 0.013105267658829689 0.0025268809404224157 
vt 0.013105267658829689 0.0025268809404224157 
vt 0.013105267658829689 0.0025268809404224157 
vt 0.013105267658829689 0.0025268809404224157 
vt 0.013105267658829689 0.0025268809404224157 
vt 0.013105267658829689 0.0025268809404224157 
vt 0.013105267658829689 0.0025268809404224157 
vt 0.013105267658829689 0.0025268809404224157 
vt 0.013105267658829689 0.0025268809404224157 
vt 0.013105267658829689 0.0025268809404224157 
vt 0.013105267658829689 0.0025268809404224157 
vt 0.013105267658829689 0.0025268809404224157 
vt 0.013105267658829689 0.0025268809404224157 
vt 0.013105267658829689 0.0025268809404224157 
vt 0.013105267658829689 0.0025268809404224157 
vt 0.013105267658829689 0.0025268809404224157 
vt 0.013105267658829689 0.0025268809404224157 
vt 0.013105267658829689 0.0025268809404224157 
vt 0.013105267658829689 0.0025268809404224157 
vt 0.013105267658829689 0.0025268809404224157 
vt 0.013105267658829689 0.0025268809404224157 
vt 0.013105267658829689 0.0025268809404224157 
vt 0.013105267658829689 0.0025268809404224157 
vt 0.013105267658829689 0.0025268809404224157 
vt 0.013105267658829689 0.0025268809404224157 
vt 0.013105267658829689 0.0025268809404224157 
vt 0.013105267658829689 0.0025268809404224157 
vt 0.013105267658829689 0.0025268809404224157 
vt 0.013105267658829689 0.0025268809404224157 
vt 0.013105267658829689 0.0025268809404224157 
vt 0.013105267658829689 0.0025268809404224157 
vt 0.013105267658829689 0.0025268809404224157 
vt 0.013105267658829689 0.0025268809404224157 
vt 0.013105267658829689 0.0025268809404224157 
vt 0.013105267658829689 0.0025268809404224157 
vt 0.013105267658829689 0.0025268809404224157 
vt 0.013105267658829689 0.0025268809404224157 
vt 0.013105267658829689 0.0025268809404224157 
vt 0.013105267658829689 0.0025268809404224157 
vt 0.013105267658829689 0.0025268809404224157 
vt 0.013105267658829689 0.0025268809404224157 
vt 0.013105267658829689 0.0025268809404224157 
vt 0.013105267658829689 0.0025268809404224157 
vt 0.013105267658829689 0.0025268809404224157 
vt 0.013105267658829689 0.0025268809404224157 
vt 0.5210800170898438 0.09532807767391205 
vt 0.5311642289161682 0.10071949660778046 
vt 0.5202295780181885 0.09658990055322647 
vt 0.5289772748947144 0.1038166955113411 
vt 0.5191361308097839 0.09773701429367065 
vt 0.5263043642044067 0.10656975954771042 
vt 0.5177996754646301 0.09853998571634293 
vt 0.5231454968452454 0.10863455384969711 
vt 0.5163416862487793 0.09911354631185532 
vt 0.5196220874786377 0.11012580245733261 
vt 0.5148837566375732 0.09945767372846603 
vt 0.5159772038459778 0.11081406474113464 
vt 0.5133042931556702 0.09945767372846603 
vt 0.5122108459472656 0.11081406474113464 
vt 0.5117248296737671 0.09911354631185532 
vt 0.5084444880485535 0.11001108586788177 
vt 0.510266900062561 0.09853998571634293 
vt 0.5049210786819458 0.10863455384969711 
vt 0.5090519189834595 0.09773701429367065 
vt 0.5017621517181396 0.10656975954771042 
vt 0.5079584717750549 0.09658990055322647 
vt 0.4990892708301544 0.1038166955113411 
vt 0.5071080327033997 0.09532807767391205 
vt 0.4970238506793976 0.10071949660778046 
vt 0.5065005421638489 0.09383683651685715 
vt 0.49556589126586914 0.09716345369815826 
vt 0.5061360597610474 0.09234559535980225 
vt 0.4948368966579437 0.09349270164966583 
vt 0.5061360597610474 0.09073963761329651 
vt 0.4948368966579437 0.08970724046230316 
vt 0.5065005421638489 0.08924839645624161 
vt 0.49556589126586914 0.08592177927494049 
vt 0.5071080327033997 0.08787186443805695 
vt 0.4970238506793976 0.08248044550418854 
vt 0.5079584717750549 0.08649533241987228 
vt 0.4990892708301544 0.07926853746175766 
vt 0.5090519189834595 0.08546293526887894 
vt 0.5017621517181396 0.07663019001483917 
vt 0.5103883743286133 0.08454524725675583 
vt 0.5049210786819458 0.07456538826227188 
vt 0.5117248296737671 0.08397169411182404 
vt 0.5084444880485535 0.07307414710521698 
vt 0.5133042931556702 0.08374226838350296 
vt 0.5122108459472656 0.07238587737083435 
vt 0.5148837566375732 0.08374226838350296 
vt 0.5159772038459778 0.07238587737083435 
vt 0.5163416862487793 0.08397169411182404 
vt 0.5196220874786377 0.07307414710521698 
vt 0.5177996754646301 0.08454524725675583 
vt 0.5231454968452454 0.07456538826227188 
vt 0.5191361308097839 0.08546293526887894 
vt 0.5263043642044067 0.07663019001483917 
vt 0.5202295780181885 0.08661004155874252 
vt 0.5289772748947144 0.07926853746175766 
vt 0.5210800170898438 0.08787186443805695 
vt 0.5311642289161682 0.08248044550418854 
vt 0.5216875076293945 0.08924839645624161 
vt 0.532500684261322 0.08592177927494049 
vt 0.5219305157661438 0.09085435420274734 
vt 0.5333511233329773 0.08970724046230316 
vt 0.5219305157661438 0.09234559535980225 
vt 0.5333511233329773 0.09349270164966583 
vt 0.5216875076293945 0.09383683651685715 
vt 0.532500684261322 0.09716345369815826 
vt 0.5436782836914062 0.10049007833003998 
vt 0.5413698554039001 0.10611091554164886 
vt 0.5380895137786865 0.11115819960832596 
vt 0.5337156057357788 0.11551721394062042 
vt 0.5287342667579651 0.11884383857250214 
vt 0.5231454968452454 0.12125276774168015 
vt 0.5171921849250793 0.12239987403154373 
vt 0.5111173987388611 0.12239987403154373 
vt 0.505042552947998 0.12125276774168015 
vt 0.49945375323295593 0.11895854771137238 
vt 0.4944724142551422 0.11551721394062042 
vt 0.4900985658168793 0.1112729087471962 
vt 0.48669669032096863 0.1062256246805191 
vt 0.4843882620334625 0.10060478746891022 
vt 0.48317328095436096 0.09463981539011002 
vt 0.48317328095436096 0.08856013417243958 
vt 0.4843882620334625 0.08259516209363937 
vt 0.48669669032096863 0.07697431743144989 
vt 0.4900985658168793 0.0719270333647728 
vt 0.4943509101867676 0.06768272817134857 
vt 0.49945375323295593 0.06424140185117722 
vt 0.505042552947998 0.06194717809557915 
vt 0.5109958648681641 0.06068535894155502 
vt 0.5170706510543823 0.06068535894155502 
vt 0.5230239629745483 0.06194717809557915 
vt 0.5286127924919128 0.06424140185117722 
vt 0.5337156057357788 0.06756801903247833 
vt 0.5379679799079895 0.0719270333647728 
vt 0.5413698554039001 0.07697431743144989 
vt 0.5436782836914062 0.08259516209363937 
vt 0.5448932647705078 0.08844541758298874 
vt 0.5448932647705078 0.09452510625123978 
vt 0.3621632754802704 0.04118448868393898 
vt 0.38196712732315063 0.04118448868393898 
vt 0.3621632754802704 0.04118448868393898 
vt 0.38196712732315063 0.04118448868393898 
vt 0.3621632754802704 0.04118448868393898 
vt 0.38196712732315063 0.04118448868393898 
vt 0.3621632754802704 0.04118448868393898 
vt 0.38196712732315063 0.04118448868393898 
vt 0.3621632754802704 0.04118448868393898 
vt 0.38196712732315063 0.04118448868393898 
vt 0.3720044493675232 0.04118448868393898 
vt 0.38196712732315063 0.04118448868393898 
vt 0.3621632754802704 0.04118448868393898 
vt 0.38196712732315063 0.04118448868393898 
vt 0.3720044493675232 0.04118448868393898 
vt 0.38196712732315063 0.04118448868393898 
vt 0.3621632754802704 0.04118448868393898 
vt 0.38196712732315063 0.04118448868393898 
vt 0.3621632754802704 0.04118448868393898 
vt 0.38196712732315063 0.04118448868393898 
vt 0.3621632754802704 0.04118448868393898 
vt 0.38196712732315063 0.04118448868393898 
vt 0.3621632754802704 0.04118448868393898 
vt 0.38196712732315063 0.04118448868393898 
vt 0.3720044493675232 0.04118448868393898 
vt 0.38196712732315063 0.046117059886455536 
vt 0.3621632754802704 0.04118448868393898 
vt 0.38196712732315063 0.04118448868393898 
vt 0.3720044493675232 0.04118448868393898 
vt 0.3720044493675232 0.04129919782280922 
vt 0.3621632754802704 0.04118448868393898 
vt 0.38196712732315063 0.04118448868393898 
vt 0.3720044493675232 0.04118448868393898 
vt 0.38196712732315063 0.04118448868393898 
vt 0.3621632754802704 0.04118448868393898 
vt 0.38196712732315063 0.04118448868393898 
vt 0.3720044493675232 0.04118448868393898 
vt 0.38196712732315063 0.04118448868393898 
vt 0.3621632754802704 0.04118448868393898 
vt 0.38196712732315063 0.04118448868393898 
vt 0.3720044493675232 0.04118448868393898 
vt 0.38196712732315063 0.046117059886455536 
vt 0.3621632754802704 0.04118448868393898 
vt 0.38196712732315063 0.04118448868393898 
vt 0.3720044493675232 0.04118448868393898 
vt 0.3720044493675232 0.04129919782280922 
vt 0.3621632754802704 0.04118448868393898 
vt 0.38196712732315063 0.04118448868393898 
vt 0.3720044493675232 0.04118448868393898 
vt 0.38196712732315063 0.04118448868393898 
vt 0.3621632754802704 0.04118448868393898 
vt 0.38196712732315063 0.04118448868393898 
vt 0.3720044493675232 0.04118448868393898 
vt 0.38196712732315063 0.04118448868393898 
vt 0.3720044493675232 0.04118448868393898 
vt 0.38196712732315063 0.04118448868393898 
vt 0.3621632754802704 0.04118448868393898 
vt 0.38196712732315063 0.04118448868393898 
vt 0.3720044493675232 0.04118448868393898 
vt 0.38196712732315063 0.04118448868393898 
vt 0.3621632754802704 0.04118448868393898 
vt 0.38196712732315063 0.04118448868393898 
vt 0.3621632754802704 0.04118448868393898 
vt 0.38196712732315063 0.04118448868393898 
vt 0.3621632754802704 0.04118448868393898 
vt 0.3621632754802704 0.04118448868393898 
vt 0.3621632754802704 0.04118448868393898 
vt 0.3621632754802704 0.04118448868393898 
vt 0.3621632754802704 0.04118448868393898 
vt 0.3621632754802704 0.04118448868393898 
vt 0.3720044493675232 0.04118448868393898 
vt 0.3621632754802704 0.04118448868393898 
vt 0.3720044493675232 0.04118448868393898 
vt 0.3621632754802704 0.04118448868393898 
vt 0.3621632754802704 0.04118448868393898 
vt 0.3621632754802704 0.04118448868393898 
vt 0.3621632754802704 0.04118448868393898 
vt 0.3621632754802704 0.04118448868393898 
vt 0.3621632754802704 0.04118448868393898 
vt 0.3621632754802704 0.04118448868393898 
vt 0.3621632754802704 0.04118448868393898 
vt 0.3720044493675232 0.04118448868393898 
vt 0.3621632754802704 0.04118448868393898 
vt 0.3720044493675232 0.04118448868393898 
vt 0.3621632754802704 0.04118448868393898 
vt 0.3621632754802704 0.04118448868393898 
vt 0.3621632754802704 0.04118448868393898 
vt 0.3621632754802704 0.04118448868393898 
vt 0.3621632754802704 0.04118448868393898 
vt 0.3720044493675232 0.04118448868393898 
vt 0.3621632754802704 0.04118448868393898 
vt 0.3720044493675232 0.04118448868393898 
vt 0.3720044493675232 0.04118448868393898 
vt 0.3621632754802704 0.04118448868393898 
vt 0.3720044493675232 0.04118448868393898 
vt 0.3621632754802704 0.04118448868393898 
vt 0.43566834926605225 0.5381125211715698 
vt 0.43664032220840454 0.5378831028938293 
vt 0.436275839805603 0.5415538549423218 
vt 0.43736928701400757 0.5414391756057739 
vt 0.436275839805603 0.5451099276542664 
vt 0.43736928701400757 0.5452246069908142 
vt 0.43566834926605225 0.5485512614250183 
vt 0.43664032220840454 0.5487806797027588 
vt 0.43433189392089844 0.5517631769180298 
vt 0.4351823627948761 0.5522220134735107 
vt 0.43238797783851624 0.5546309351921082 
vt 0.43311694264411926 0.5553191900253296 
vt 0.42983654141426086 0.5571545362472534 
vt 0.43044403195381165 0.5579575300216675 
vt 0.42692065238952637 0.5591046810150146 
vt 0.4274066388607025 0.5600223541259766 
vt 0.42364025115966797 0.5604811906814575 
vt 0.4240047335624695 0.5613988637924194 
vt 0.4202383756637573 0.561169445514679 
vt 0.42035984992980957 0.5620871186256409 
vt 0.41671496629714966 0.561169445514679 
vt 0.4165934920310974 0.5620871186256409 
vt 0.413313090801239 0.5604811906814575 
vt 0.41307011246681213 0.5613988637924194 
vt 0.4100326895713806 0.5591046810150146 
vt 0.4096682071685791 0.5600223541259766 
vt 0.40723830461502075 0.5571545362472534 
vt 0.40650931000709534 0.5579575300216675 
vt 0.4046868681907654 0.5546309351921082 
vt 0.40395790338516235 0.5553191900253296 
vt 0.4027429521083832 0.5517631769180298 
vt 0.40189245343208313 0.5522220134735107 
vt 0.40140649676322937 0.5485512614250183 
vt 0.4004345238208771 0.5487806797027588 
vt 0.4007990062236786 0.5451099276542664 
vt 0.39970552921295166 0.5452246069908142 
vt 0.40067750215530396 0.5416685938835144 
vt 0.39970552921295166 0.5415538549423218 
vt 0.40140649676322937 0.5382272601127625 
vt 0.4004345238208771 0.5378831028938293 
vt 0.4027429521083832 0.5349006056785583 
vt 0.4017709791660309 0.5344417691230774 
vt 0.4046868681907654 0.53203284740448 
vt 0.4038363993167877 0.5313445925712585 
vt 0.4071168005466461 0.5295091867446899 
vt 0.40650931000709534 0.5287062525749207 
vt 0.4100326895713806 0.5275591015815735 
vt 0.40954670310020447 0.5266414284706116 
vt 0.413313090801239 0.5261825919151306 
vt 0.4129486083984375 0.5252649188041687 
vt 0.41671496629714966 0.5254943370819092 
vt 0.4165934920310974 0.5244619250297546 
vt 0.4202383756637573 0.5254943370819092 
vt 0.42035984992980957 0.5244619250297546 
vt 0.4237617552280426 0.5261825919151306 
vt 0.4240047335624695 0.5252649188041687 
vt 0.42692065238952637 0.5275591015815735 
vt 0.4274066388607025 0.5266414284706116 
vt 0.42983654141426086 0.5295091867446899 
vt 0.4305655360221863 0.5287062525749207 
vt 0.43238797783851624 0.5319181680679321 
vt 0.43311694264411926 0.5313445925712585 
vt 0.43433189392089844 0.5349006056785583 
vt 0.4351823627948761 0.5344417691230774 
vt 0.27820953726768494 0.29412224888801575 
vt 0.2895086705684662 0.2785215377807617 
vt 0.29169559478759766 0.28035691380500793 
vt 0.2995928227901459 0.2629208564758301 
vt 0.30214425921440125 0.26429739594459534 
vt 0.3065181076526642 0.24559949338436127 
vt 0.3091910183429718 0.24640247225761414 
vt 0.31004148721694946 0.2272457331418991 
vt 0.3128359019756317 0.22758986055850983 
vt 0.3101629912853241 0.20866255462169647 
vt 0.31295740604400635 0.2084331214427948 
vt 0.30676108598709106 0.19030879437923431 
vt 0.3095555007457733 0.18962052464485168 
vt 0.300078809261322 0.1729874312877655 
vt 0.3026302456855774 0.17172560095787048 
vt 0.29011616110801697 0.15738673508167267 
vt 0.29230308532714844 0.15555135905742645 
vt 0.27723756432533264 0.14396554231643677 
vt 0.2790600061416626 0.14178603887557983 
vt 0.26192906498908997 0.13341213762760162 
vt 0.2632655203342438 0.13088849186897278 
vt 0.24479813873767853 0.12607063353061676 
vt 0.2456486076116562 0.12343227863311768 
vt 0.22657373547554016 0.12239987403154373 
vt 0.22693823277950287 0.11953210085630417 
vt 0.20798484981060028 0.12228516489267349 
vt 0.2077418565750122 0.11941739171743393 
vt 0.18963895738124847 0.12595592439174652 
vt 0.1887884885072708 0.1232028529047966 
vt 0.1723865270614624 0.1330679953098297 
vt 0.1710500717163086 0.13054434955120087 
vt 0.15683503448963165 0.1435067057609558 
vt 0.1550125926733017 0.14132718741893768 
vt 0.143591970205307 0.15681317448616028 
vt 0.14140504598617554 0.15497779846191406 
vt 0.1331433206796646 0.17252857983112335 
vt 0.13071340322494507 0.1711520552635193 
vt 0.12609654664993286 0.18984994292259216 
vt 0.12330213934183121 0.1890469640493393 
vt 0.12245167046785355 0.20831841230392456 
vt 0.11965726315975189 0.20808899402618408 
vt 0.12257316708564758 0.22701631486415863 
vt 0.11965726315975189 0.22736044228076935 
vt 0.12609654664993286 0.2453700751066208 
vt 0.12342363595962524 0.24617303907871246 
vt 0.1331433206796646 0.2626914381980896 
vt 0.13071340322494507 0.26395323872566223 
vt 0.14334897696971893 0.27829211950302124 
vt 0.14104054868221283 0.28012749552726746 
vt 0.1563490480184555 0.2918280363082886 
vt 0.15452660620212555 0.29389283061027527 
vt 0.17177905142307281 0.3023814260959625 
vt 0.17032109200954437 0.30490508675575256 
vt 0.18890997767448425 0.3097229301929474 
vt 0.1880595088005066 0.31236129999160767 
vt 0.20713438093662262 0.3133936822414398 
vt 0.20689138770103455 0.3162614703178406 
vt 0.2257232666015625 0.3133936822414398 
vt 0.22596625983715057 0.3162614703178406 
vt 0.24394766986370087 0.3097229301929474 
vt 0.24479813873767853 0.31236129999160767 
vt 0.2610785961151123 0.3023814260959625 
vt 0.2624150514602661 0.30490508675575256 
vt 0.2765085995197296 0.2919427454471588 
vt 0.27395719289779663 0.2889602482318878 
vt 0.28647127747535706 0.27622732520103455 
vt 0.29619094729423523 0.2612001895904541 
vt 0.30275171995162964 0.24456709623336792 
vt 0.30615362524986267 0.2269015908241272 
vt 0.3062751293182373 0.2090066820383072 
vt 0.30311623215675354 0.1914559006690979 
vt 0.2966769337654114 0.17482280731201172 
vt 0.28707873821258545 0.15968094766139984 
vt 0.2748076617717743 0.14683331549167633 
vt 0.26010662317276 0.13673874735832214 
vt 0.2437046766281128 0.1297413855791092 
vt 0.22620925307273865 0.126185342669487 
vt 0.208349347114563 0.126185342669487 
vt 0.1907324194908142 0.12962667644023895 
vt 0.17420896887779236 0.13650932908058167 
vt 0.1592649519443512 0.1464891880750656 
vt 0.14662937819957733 0.15933682024478912 
vt 0.1366667002439499 0.17436395585536957 
vt 0.1298629194498062 0.19099704921245575 
vt 0.12633953988552094 0.20866255462169647 
vt 0.12633953988552094 0.22667217254638672 
vt 0.1298629194498062 0.244222953915596 
vt 0.13654521107673645 0.2608560621738434 
vt 0.14638638496398926 0.27588319778442383 
vt 0.15890046954154968 0.2888455390930176 
vt 0.17360147833824158 0.29894009232521057 
vt 0.19000343978405 0.3059374690055847 
vt 0.20749886333942413 0.30960822105407715 
vt 0.225358784198761 0.30960822105407715 
vt 0.24285420775413513 0.30605217814445496 
vt 0.25925615429878235 0.2990548014640808 
vt 0.26715341210365295 0.28104519844055176 
vt 0.27820953726768494 0.26968881487846375 
vt 0.28683575987815857 0.2563823163509369 
vt 0.29266756772994995 0.24158459901809692 
vt 0.2957049608230591 0.2259839028120041 
vt 0.2957049608230591 0.2099243700504303 
vt 0.29303205013275146 0.19420896470546722 
vt 0.28744325041770935 0.1795259565114975 
vt 0.27893850207328796 0.16621947288513184 
vt 0.2680038809776306 0.15486308932304382 
vt 0.2551253139972687 0.14591562747955322 
vt 0.24066726863384247 0.13972122967243195 
vt 0.22523728013038635 0.1366240382194519 
vt 0.20944280922412872 0.13650932908058167 
vt 0.19389131665229797 0.1396065205335617 
vt 0.17919029295444489 0.14568620920181274 
vt 0.16606873273849487 0.15463367104530334 
vt 0.15476959943771362 0.16587534546852112 
vt 0.14602188766002655 0.17918181419372559 
vt 0.1399470865726471 0.19397954642772675 
vt 0.13690969347953796 0.20958024263381958 
vt 0.13690969347953796 0.22563977539539337 
vt 0.1399470865726471 0.2412404716014862 
vt 0.1459003984928131 0.25592347979545593 
vt 0.15452660620212555 0.26934465765953064 
vt 0.16558274626731873 0.2808157801628113 
vt 0.1785828173160553 0.2897632122039795 
vt 0.19316233694553375 0.29595762491226196 
vt 0.20847083628177643 0.29916954040527344 
vt 0.22426532208919525 0.29916954040527344 
vt 0.23969531059265137 0.2960723340511322 
vt 0.2541533410549164 0.28987792134284973 
vt 0.48572471737861633 0.22231315076351166 
vt 0.480621874332428 0.2093508094549179 
vt 0.4905845522880554 0.22082191705703735 
vt 0.48706117272377014 0.20717130601406097 
vt 0.4894910752773285 0.20659774541854858 
vt 0.47333210706710815 0.213250994682312 
vt 0.4800143837928772 0.2248367965221405 
vt 0.4670143127441406 0.21864239871501923 
vt 0.47466856241226196 0.22804871201515198 
vt 0.4616684913635254 0.22506621479988098 
vt 0.469565749168396 0.23206359148025513 
vt 0.45765912532806396 0.23240771889686584 
vt 0.4649488925933838 0.23699615895748138 
vt 0.455107718706131 0.24055220186710358 
vt 0.4606965184211731 0.24284642934799194 
vt 0.45401424169540405 0.2489261031150818 
vt 0.4571731388568878 0.24972908198833466 
vt 0.4541357457637787 0.2576441466808319 
vt 0.45960307121276855 0.25156447291374207 
vt 0.4614255130290985 0.253743976354599 
vt 0.4675002992153168 0.25064677000045776 
vt 0.46907976269721985 0.2552352249622345 
vt 0.4747900664806366 0.2540881037712097 
vt 0.4753975570201874 0.2602824866771698 
vt 0.4809863567352295 0.26016777753829956 
vt 0.4807433784008026 0.26796814799308777 
vt 0.4863321781158447 0.2684269845485687 
vt 0.4856032133102417 0.2784068286418915 
vt 0.49204251170158386 0.27898040413856506 
vt 0.4914350211620331 0.2927457094192505 
vt 0.49981823563575745 0.2927457094192505 
vt 0.4892480969429016 0.23263715207576752 
vt 0.4843882620334625 0.2343578189611435 
vt 0.47952839732170105 0.23653732240200043 
vt 0.47466856241226196 0.2391756772994995 
vt 0.4698087275028229 0.2423875778913498 
vt 0.4647059142589569 0.24640247225761414 
vt 0.47296762466430664 0.2481231391429901 
vt 0.4800143837928772 0.25294098258018494 
vt 0.48608919978141785 0.25982365012168884 
vt 0.4917995035648346 0.2683122754096985 
vt 0.4983603060245514 0.2787509560585022 
vt 0.5065005421638489 0.2915985882282257 
vt 0.478070467710495 0.24605832993984222 
vt 0.48487424850463867 0.2519086003303528 
vt 0.4908275306224823 0.25925010442733765 
vt 0.49690234661102295 0.26785343885421753 
vt 0.5034631490707397 0.2779479920864105 
vt 0.5054070353507996 0.2773744463920593 
vt 0.5089304447174072 0.2910250425338745 
vt 0.515369713306427 0.2888455390930176 
vt 0.48280879855155945 0.24433766305446625 
vt 0.48936960101127625 0.2509908974170685 
vt 0.4954443871974945 0.2585618197917938 
vt 0.5011547207832336 0.26705044507980347 
vt 0.5027341246604919 0.26670631766319275 
vt 0.510266900062561 0.27588319778442383 
vt 0.5225380063056946 0.28483065962791443 
vt 0.4990892708301544 0.2578735649585724 
vt 0.5006687045097351 0.25752943754196167 
vt 0.5068650245666504 0.26555919647216797 
vt 0.5158557295799255 0.2734742760658264 
vt 0.5288558006286621 0.2796686589717865 
vt 0.4987247884273529 0.24904082715511322 
vt 0.49726682901382446 0.2492702454328537 
vt 0.49690234661102295 0.24043749272823334 
vt 0.4954443871974945 0.24078163504600525 
vt 0.49495840072631836 0.23114590346813202 
vt 0.49325746297836304 0.23149003088474274 
vt 0.49264997243881226 0.2203630656003952 
vt 0.497631311416626 0.21956008672714233 
vt 0.49617335200309753 0.205450639128685 
vt 0.5039491057395935 0.21921595931053162 
vt 0.5046780705451965 0.205450639128685 
vt 0.5105099081993103 0.219789519906044 
vt 0.5133042931556702 0.20717130601406097 
vt 0.5173136591911316 0.22139546275138855 
vt 0.5216875076293945 0.21072734892368317 
vt 0.5241174697875977 0.22403381764888763 
vt 0.5293417572975159 0.21623347699642181 
vt 0.5306782126426697 0.22816342115402222 
vt 0.5355380773544312 0.22346027195453644 
vt 0.536874532699585 0.2337842583656311 
vt 0.5397904515266418 0.23206359148025513 
vt 0.5419773459434509 0.2408963441848755 
vt 0.5349305868148804 0.2364226132631302 
vt 0.5280053019523621 0.2332106977701187 
vt 0.52144455909729 0.2313753217458725 
vt 0.515369713306427 0.2302282154560089 
vt 0.5096594095230103 0.2298840880393982 
vt 0.504313588142395 0.2298840880393982 
vt 0.4990892708301544 0.2304576337337494 
vt 0.5339586138725281 0.2391756772994995 
vt 0.5269118547439575 0.2382579892873764 
vt 0.5207155346870422 0.23802857100963593 
vt 0.5151267647743225 0.23814328014850616 
vt 0.5100238919258118 0.23848740756511688 
vt 0.5051640868186951 0.23906096816062927 
vt 0.5006687045097351 0.2397492229938507 
vt 0.5339586138725281 0.24204345047473907 
vt 0.5271548628807068 0.24319055676460266 
vt 0.5212015509605408 0.24433766305446625 
vt 0.5159772038459778 0.2453700751066208 
vt 0.5112388730049133 0.24640247225761414 
vt 0.5066220164299011 0.24732016026973724 
vt 0.5022481679916382 0.24823784828186035 
vt 0.5346875786781311 0.2447965145111084 
vt 0.5284913182258606 0.2477789968252182 
vt 0.5230239629745483 0.25030264258384705 
vt 0.5180426239967346 0.25236743688583374 
vt 0.5133042931556702 0.2539733946323395 
vt 0.508687436580658 0.255464643239975 
vt 0.504313588142395 0.25661173462867737 
vt 0.5363885164260864 0.24697601795196533 
vt 0.5311642289161682 0.252023309469223 
vt 0.5261828899383545 0.25603818893432617 
vt 0.521323025226593 0.25925010442733765 
vt 0.5164632201194763 0.26188844442367554 
vt 0.5116033554077148 0.26395323872566223 
vt 0.5388184785842896 0.24881139397621155 
vt 0.5352950692176819 0.2555793523788452 
vt 0.5310426950454712 0.26131489872932434 
vt 0.5263043642044067 0.2662474811077118 
vt 0.521323025226593 0.27026236057281494 
vt 0.5419773459434509 0.24961437284946442 
vt 0.5407624244689941 0.2579882740974426 
vt 0.5380895137786865 0.2659033238887787 
vt 0.5340800881385803 0.27324482798576355 
vt 0.4937434494495392 0.25007322430610657 
vt 0.487304151058197 0.24284642934799194 
vt 0.4917995035648346 0.24169932305812836 
vt 0.48280879855155945 0.2910250425338745 
vt 0.47892093658447266 0.276915580034256 
vt 0.47466856241226196 0.2669357359409332 
vt 0.46932274103164673 0.2600530683994293 
vt 0.46215447783470154 0.2563823163509369 
vt 0.4745470881462097 0.2874689996242523 
vt 0.472117155790329 0.27416253089904785 
vt 0.4682292938232422 0.265100359916687 
vt 0.46227598190307617 0.25925010442733765 
vt 0.4670143127441406 0.28196287155151367 
vt 0.46555638313293457 0.2701476514339447 
vt 0.4613040089607239 0.2620031535625458 
vt 0.4606965184211731 0.2748507857322693 
vt 0.4593600630760193 0.26464152336120605 
vt 0.4564441740512848 0.26636219024658203 
vt 0.4571731388568878 0.16094277799129486 
vt 0.4783134460449219 0.15876325964927673 
vt 0.4718741774559021 0.17069320380687714 
vt 0.49204251170158386 0.16438409686088562 
vt 0.4881546199321747 0.17734643816947937 
vt 0.5066220164299011 0.16725187003612518 
vt 0.5052855610847473 0.18067306280136108 
vt 0.5215660333633423 0.16725187003612518 
vt 0.5227810144424438 0.18067306280136108 
vt 0.5361455678939819 0.16438409686088562 
vt 0.5400334000587463 0.17723172903060913 
vt 0.5498746037483215 0.1586485505104065 
vt 0.5561923980712891 0.1705784946680069 
vt 0.5622671842575073 0.15038935840129852 
vt 0.570893406867981 0.16082805395126343 
vt 0.5728373527526855 0.13983595371246338 
vt 0.5832859873771667 0.14843927323818207 
vt 0.5810990929603577 0.12744715809822083 
vt 0.5930056571960449 0.13387097418308258 
vt 0.5868093967437744 0.1136818379163742 
vt 0.599809467792511 0.11758201569318771 
vt 0.5897252559661865 0.09899882972240448 
vt 0.6032113432884216 0.10037536174058914 
vt 0.5897252559661865 0.08408640325069427 
vt 0.6032113432884216 0.08282458037137985 
vt 0.5868093967437744 0.06940339505672455 
vt 0.599809467792511 0.06550321727991104 
vt 0.5810990929603577 0.05563807487487793 
vt 0.5930056571960449 0.049328967928886414 
vt 0.5728373527526855 0.04324928671121597 
vt 0.5832859873771667 0.034760672599077225 
vt 0.5622671842575073 0.03281058371067047 
vt 0.570893406867981 0.022371884435415268 
vt 0.5498746037483215 0.02455139346420765 
vt 0.5563138723373413 0.012621449306607246 
vt 0.5361455678939819 0.018815843388438225 
vt 0.5401549339294434 0.0058535002171993256 
vt 0.5215660333633423 0.015833357349038124 
vt 0.5229024887084961 0.0024121699389070272 
vt 0.5066220164299011 0.015833357349038124 
vt 0.5052855610847473 0.0024121699389070272 
vt 0.49204251170158386 0.018815843388438225 
vt 0.4881546199321747 0.0058535002171993256 
vt 0.47819194197654724 0.02443668246269226 
vt 0.4718741774559021 0.012506738305091858 
vt 0.46579936146736145 0.03281058371067047 
vt 0.45729464292526245 0.02225717343389988 
vt 0.4552292227745056 0.04324928671121597 
vt 0.444780558347702 0.03464595973491669 
vt 0.4469674825668335 0.05575278401374817 
vt 0.43506088852882385 0.049328967928886414 
vt 0.44125717878341675 0.06951810419559479 
vt 0.4282571077346802 0.06550321727991104 
vt 0.43834125995635986 0.08408640325069427 
vt 0.42485520243644714 0.08282458037137985 
vt 0.43834125995635986 0.09899882972240448 
vt 0.42485520243644714 0.1002606526017189 
vt 0.44125717878341675 0.1136818379163742 
vt 0.4282571077346802 0.11758201569318771 
vt 0.4469674825668335 0.12744715809822083 
vt 0.4349393844604492 0.13375626504421234 
vt 0.4552292227745056 0.13983595371246338 
vt 0.444780558347702 0.14843927323818207 
vt 0.46579936146736145 0.15038935840129852 
vt 0.47466856241226196 0.1396065205335617 
vt 0.4660423696041107 0.13100320100784302 
vt 0.45923858880996704 0.12090863287448883 
vt 0.45462173223495483 0.10966695845127106 
vt 0.4521917998790741 0.09773701429367065 
vt 0.4521917998790741 0.08546293526887894 
vt 0.45462173223495483 0.07353299111127853 
vt 0.45923858880996704 0.06229131296277046 
vt 0.4660423696041107 0.052196744829416275 
vt 0.47466856241226196 0.04359341785311699 
vt 0.48475274443626404 0.03682547062635422 
vt 0.49593037366867065 0.03212231770157814 
vt 0.5079584717750549 0.02971338853240013 
vt 0.5201081037521362 0.02971338853240013 
vt 0.5320146679878235 0.03212231770157814 
vt 0.5433138012886047 0.03671075776219368 
vt 0.5533979535102844 0.04347870871424675 
vt 0.5620241761207581 0.05208203196525574 
vt 0.5688279867172241 0.062176600098609924 
vt 0.5734448432922363 0.0734182819724083 
vt 0.5758747458457947 0.08546293526887894 
vt 0.5758747458457947 0.09762229770421982 
vt 0.5735663175582886 0.10955224186182022 
vt 0.5688279867172241 0.12079392373561859 
vt 0.5621457099914551 0.13088849186897278 
vt 0.5535194873809814 0.13949181139469147 
vt 0.5434353351593018 0.14637447893619537 
vt 0.5321362018585205 0.1509629189968109 
vt 0.5202295780181885 0.15337184071540833 
vt 0.5080799460411072 0.15337184071540833 
vt 0.4960518777370453 0.15107762813568115 
vt 0.48487424850463867 0.14637447893619537 
vt 0.5006687045097351 0.13616520166397095 
vt 0.4921639859676361 0.132723867893219 
vt 0.4981172978878021 0.12136747688055038 
vt 0.49264997243881226 0.11769672483205795 
vt 0.5096594095230103 0.13800057768821716 
vt 0.5187716484069824 0.13800057768821716 
vt 0.5276408195495605 0.13616520166397095 
vt 0.5361455678939819 0.13260915875434875 
vt 0.5436782836914062 0.12756186723709106 
vt 0.5501176118850708 0.12102334201335907 
vt 0.5552204251289368 0.11345241963863373 
vt 0.5587437748908997 0.10496380180120468 
vt 0.5604447722434998 0.09601634740829468 
vt 0.5604447722434998 0.08695417642593384 
vt 0.5586223006248474 0.07800672203302383 
vt 0.5550989508628845 0.06951810419559479 
vt 0.5499960780143738 0.06194717809557915 
vt 0.543556809425354 0.05552336201071739 
vt 0.5359025597572327 0.0504760779440403 
vt 0.5275193452835083 0.046920038759708405 
vt 0.5185286402702332 0.04519937187433243 
vt 0.509416401386261 0.04519937187433243 
vt 0.5004256963729858 0.047034747898578644 
vt 0.49204251170158386 0.0504760779440403 
vt 0.4843882620334625 0.05563807487487793 
vt 0.47794896364212036 0.062061890959739685 
vt 0.472846120595932 0.06963281333446503 
vt 0.46944424510002136 0.07812143117189407 
vt 0.4676218032836914 0.08706888556480408 
vt 0.4676218032836914 0.09624576568603516 
vt 0.46944424510002136 0.10519322752952576 
vt 0.47296762466430664 0.11356712877750397 
vt 0.478070467710495 0.12125276774168015 
vt 0.4846312403678894 0.1276765763759613 
vt 0.5107528567314148 0.1252676546573639 
vt 0.5174351930618286 0.12515294551849365 
vt 0.5238744616508484 0.12389112263917923 
vt 0.5300707221031189 0.12136747688055038 
vt 0.5355380773544312 0.11769672483205795 
vt 0.5402764081954956 0.11299357563257217 
vt 0.5439212918281555 0.10748744755983353 
vt 0.5464727282524109 0.10129304975271225 
vt 0.5476876497268677 0.0948692336678505 
vt 0.5476876497268677 0.08821599930524826 
vt 0.5463511943817139 0.08167747408151627 
vt 0.5437998175621033 0.07559778541326523 
vt 0.5401549339294434 0.07009165734052658 
vt 0.5355380773544312 0.0653885081410408 
vt 0.5299492478370667 0.06171775609254837 
vt 0.5238744616508484 0.059194114059209824 
vt 0.5173136591911316 0.0579322949051857 
vt 0.5107528567314148 0.0579322949051857 
vt 0.5041921138763428 0.059194114059209824 
vt 0.4981172978878021 0.06183246895670891 
vt 0.49252849817276 0.06550321727991104 
vt 0.4879116415977478 0.07020637392997742 
vt 0.4842667579650879 0.07571250200271606 
vt 0.4817153513431549 0.0817921832203865 
vt 0.4803788959980011 0.0883307084441185 
vt 0.4803788959980011 0.09498395025730133 
vt 0.4817153513431549 0.10140776634216309 
vt 0.4842667579650879 0.10760215669870377 
vt 0.48803314566612244 0.11299357563257217 
vt 0.504313588142395 0.12389112263917923 
vt 0.5065005421638489 0.44668787717819214 
vt 0.5051640868186951 0.4450819194316864 
vt 0.5116033554077148 0.4432465434074402 
vt 0.5106313824653625 0.44141116738319397 
vt 0.5173136591911316 0.4408376216888428 
vt 0.5165846943855286 0.4388875365257263 
vt 0.5232669711112976 0.43957579135894775 
vt 0.5230239629745483 0.43751099705696106 
vt 0.5293417572975159 0.43957579135894775 
vt 0.5295847654342651 0.43751099705696106 
vt 0.5354165434837341 0.44072291254997253 
vt 0.5360240340232849 0.43865808844566345 
vt 0.5411269068717957 0.4430171251296997 
vt 0.542098879814148 0.4411817491054535 
vt 0.5462297201156616 0.44645845890045166 
vt 0.5475661754608154 0.4447377920150757 
vt 0.5504820942878723 0.4507027566432953 
vt 0.5521830320358276 0.44944092631340027 
vt 0.553883969783783 0.4558647572994232 
vt 0.5558279156684875 0.4548323452472687 
vt 0.5563138723373413 0.4614855945110321 
vt 0.5582578182220459 0.4609120488166809 
vt 0.5574073195457458 0.46756526827812195 
vt 0.5594727993011475 0.46733585000038147 
vt 0.5574073195457458 0.4737596809864044 
vt 0.5594727993011475 0.4739890992641449 
vt 0.5564354062080383 0.47892165184020996 
vt 0.5585008263587952 0.4793805181980133 
vt 0.5558279156684875 0.4808717370033264 
vt 0.5578933358192444 0.48156002163887024 
vt 0.553883969783783 0.48568961024284363 
vt 0.5557063817977905 0.48660731315612793 
vt 0.5504820942878723 0.4907369017601013 
vt 0.5521830320358276 0.4921134412288666 
vt 0.5462297201156616 0.4950959086418152 
vt 0.5475661754608154 0.49681657552719116 
vt 0.5411269068717957 0.49853724241256714 
vt 0.542098879814148 0.5003726482391357 
vt 0.5354165434837341 0.5009461641311646 
vt 0.5360240340232849 0.502896249294281 
vt 0.5294632911682129 0.5020933151245117 
vt 0.5297062397003174 0.5042728185653687 
vt 0.5232669711112976 0.5020933151245117 
vt 0.5231454968452454 0.5042728185653687 
vt 0.5173136591911316 0.5009461641311646 
vt 0.5167061686515808 0.502896249294281 
vt 0.5116033554077148 0.49853724241256714 
vt 0.5106313824653625 0.5004873275756836 
vt 0.5065005421638489 0.4952106177806854 
vt 0.5051640868186951 0.49681657552719116 
vt 0.5022481679916382 0.49085161089897156 
vt 0.5005472302436829 0.4921134412288666 
vt 0.49884626269340515 0.48568961024284363 
vt 0.4970238506793976 0.48672202229499817 
vt 0.49653786420822144 0.48006877303123474 
vt 0.4944724142551422 0.48064231872558594 
vt 0.4953228831291199 0.4739890992641449 
vt 0.4931359589099884 0.4742185175418854 
vt 0.4953228831291199 0.4677946865558624 
vt 0.4931359589099884 0.4676799774169922 
vt 0.49617335200309753 0.4627474248409271 
vt 0.4941079318523407 0.4622885584831238 
vt 0.4967808425426483 0.46079733967781067 
vt 0.4948368966579437 0.46010905504226685 
vt 0.49884626269340515 0.4560941755771637 
vt 0.4970238506793976 0.45506176352500916 
vt 0.5022481679916382 0.451046884059906 
vt 0.5005472302436829 0.44967034459114075 
vt 0.9737741351127625 0.06860041618347168 
vt 0.9695217609405518 0.06905926018953323 
vt 0.9734096527099609 0.0668797492980957 
vt 0.9694002866744995 0.06802686303853989 
vt 0.9726806879043579 0.06515908986330032 
vt 0.969035804271698 0.06722388416528702 
vt 0.9717087149620056 0.06366784125566483 
vt 0.9684283137321472 0.06642090529203415 
vt 0.970493733882904 0.0624060221016407 
vt 0.9678208231925964 0.06573264300823212 
vt 0.968914270401001 0.06148833408951759 
vt 0.9669703841209412 0.06515908986330032 
vt 0.9673348665237427 0.06080006808042526 
vt 0.9661198854446411 0.06481495499610901 
vt 0.9655123949050903 0.060455936938524246 
vt 0.9651479125022888 0.06458552926778793 
vt 0.963811457157135 0.060455936938524246 
vt 0.9641759395599365 0.06458552926778793 
vt 0.9619890451431274 0.06080006808042526 
vt 0.9632039666175842 0.06481495499610901 
vt 0.9604095816612244 0.06148833408951759 
vt 0.962353527545929 0.06515908986330032 
vt 0.9588301181793213 0.0624060221016407 
vt 0.9615030288696289 0.06573264300823212 
vt 0.9576151967048645 0.06366784125566483 
vt 0.9608955383300781 0.06642090529203415 
vt 0.9566432237625122 0.06515908986330032 
vt 0.9602881073951721 0.06722388416528702 
vt 0.9559141993522644 0.0668797492980957 
vt 0.9599236249923706 0.06802686303853989 
vt 0.9555497169494629 0.06860041618347168 
vt 0.9598020911216736 0.06905926018953323 
vt 0.9555497169494629 0.0704357922077179 
vt 0.9598020911216736 0.06997694820165634 
vt 0.9559141993522644 0.07215645909309387 
vt 0.9599236249923706 0.07089463621377945 
vt 0.9566432237625122 0.07376240938901901 
vt 0.9602881073951721 0.07181232422590256 
vt 0.9576151967048645 0.07525365799665451 
vt 0.9608955383300781 0.07261530309915543 
vt 0.9588301181793213 0.07651547342538834 
vt 0.9615030288696289 0.07330356538295746 
vt 0.9604095816612244 0.07754787802696228 
vt 0.962353527545929 0.07387712597846985 
vt 0.9619890451431274 0.07823614031076431 
vt 0.9632039666175842 0.07422125339508057 
vt 0.963811457157135 0.07858027517795563 
vt 0.9641759395599365 0.0743359699845314 
vt 0.9655123949050903 0.07858027517795563 
vt 0.9651479125022888 0.0743359699845314 
vt 0.9673348665237427 0.07823614031076431 
vt 0.9661198854446411 0.07422125339508057 
vt 0.968914270401001 0.07754787802696228 
vt 0.9669703841209412 0.07387712597846985 
vt 0.970493733882904 0.07651547342538834 
vt 0.9678208231925964 0.07330356538295746 
vt 0.9717087149620056 0.07525365799665451 
vt 0.9684283137321472 0.07261530309915543 
vt 0.9726806879043579 0.07376240938901901 
vt 0.969035804271698 0.07181232422590256 
vt 0.9734096527099609 0.07215645909309387 
vt 0.9694002866744995 0.07089463621377945 
vt 0.9737741351127625 0.0704357922077179 
vt 0.9695217609405518 0.06997694820165634 
vt 0.9659984111785889 0.06963281333446503 
vt 0.9659984111785889 0.06940339505672455 
vt 0.9658768773078918 0.06917396932840347 
vt 0.9657554030418396 0.06882984191179276 
vt 0.9656339287757874 0.06871512532234192 
vt 0.9655123949050903 0.06848570704460144 
vt 0.9652694463729858 0.0683709979057312 
vt 0.9650264382362366 0.06825628131628036 
vt 0.9647834300994873 0.06814157217741013 
vt 0.964540421962738 0.06814157217741013 
vt 0.9642974734306335 0.06825628131628036 
vt 0.9640544652938843 0.0683709979057312 
vt 0.963811457157135 0.06848570704460144 
vt 0.9636899828910828 0.06871512532234192 
vt 0.9634469747543335 0.06882984191179276 
vt 0.9634469747543335 0.06905926018953323 
vt 0.9633255004882812 0.06940339505672455 
vt 0.9633255004882812 0.06963281333446503 
vt 0.9634469747543335 0.0698622390627861 
vt 0.9634469747543335 0.07009165734052658 
vt 0.9636899828910828 0.07032108306884766 
vt 0.963811457157135 0.07055050134658813 
vt 0.9640544652938843 0.07066521793603897 
vt 0.9642974734306335 0.07077992707490921 
vt 0.964540421962738 0.07077992707490921 
vt 0.9647834300994873 0.07077992707490921 
vt 0.9650264382362366 0.07077992707490921 
vt 0.9652694463729858 0.07066521793603897 
vt 0.9655123949050903 0.07055050134658813 
vt 0.9656339287757874 0.07032108306884766 
vt 0.9657554030418396 0.07009165734052658 
vt 0.9658768773078918 0.0698622390627861 
vt 0.9646619558334351 0.06951810419559479 
vt 0.4145280420780182 0.5400626063346863 
vt 0.42364025115966797 0.5428156852722168 
vt 0.4152570366859436 0.5472894310951233 
vt 0.421817809343338 0.5393743515014648 
vt 0.41999536752700806 0.5383419394493103 
vt 0.42096734046936035 0.5478629469871521 
vt 0.42254677414894104 0.5466011762619019 
vt 0.41610750555992126 0.538800835609436 
vt 0.4007990062236786 0.0719270333647728 
f 1/1/1 2/2/2 3/3/3 
f 2/2/2 4/4/4 3/3/3 
f 3/3/3 4/4/4 5/5/5 
f 4/4/4 6/6/6 5/5/5 
f 5/5/5 6/6/6 6/6/6 
f 6/6/6 7/7/7 6/6/6 
f 6/6/6 7/7/7 7/7/7 
f 7/7/7 8/8/8 7/7/7 
f 7/7/7 8/8/8 9/9/9 
f 8/8/8 10/10/10 9/9/9 
f 9/9/9 10/10/10 10/10/10 
f 10/10/10 8/8/8 10/10/10 
f 10/10/10 8/8/8 8/8/8 
f 8/8/8 11/11/11 8/8/8 
f 8/8/8 11/11/11 10/10/10 
f 11/11/11 12/12/12 10/10/10 
f 10/10/10 12/12/12 12/12/12 
f 12/12/12 13/13/13 12/12/12 
f 12/12/12 13/13/13 13/13/13 
f 13/13/13 14/14/14 13/13/13 
f 13/13/13 14/14/14 15/15/15 
f 14/14/14 16/16/16 15/15/15 
f 15/15/15 16/16/16 16/16/16 
f 16/16/16 14/14/14 16/16/16 
f 16/16/16 14/14/14 14/14/14 
f 14/14/14 17/17/17 14/14/14 
f 14/14/14 17/17/17 16/16/16 
f 17/17/17 18/18/18 16/16/16 
f 16/16/16 18/18/18 18/18/18 
f 18/18/18 19/19/19 18/18/18 
f 18/18/18 19/19/19 19/19/19 
f 19/19/19 20/20/20 19/19/19 
f 19/19/19 20/20/20 21/21/21 
f 20/20/20 22/22/22 21/21/21 
f 21/21/21 22/22/22 23/23/23 
f 22/22/22 24/24/24 23/23/23 
f 23/23/23 24/24/24 25/25/25 
f 24/24/24 26/26/26 25/25/25 
f 25/25/25 26/26/26 27/27/27 
f 26/26/26 28/28/28 27/27/27 
f 27/27/27 28/28/28 29/29/29 
f 28/28/28 30/30/30 29/29/29 
f 29/29/29 30/30/30 31/31/31 
f 30/30/30 32/32/32 31/31/31 
f 31/31/31 32/32/32 33/33/33 
f 32/32/32 34/34/34 33/33/33 
f 33/33/33 34/34/34 35/35/35 
f 34/34/34 36/36/36 35/35/35 
f 35/35/35 36/36/36 37/37/37 
f 36/36/36 38/38/38 37/37/37 
f 37/37/37 38/38/38 39/39/39 
f 38/38/38 40/40/40 39/39/39 
f 39/39/39 40/40/40 41/41/41 
f 40/40/40 42/42/42 41/41/41 
f 41/41/41 42/42/42 43/43/43 
f 42/42/42 44/44/44 43/43/43 
f 43/43/43 44/44/44 45/45/45 
f 44/44/44 46/46/46 45/45/45 
f 45/45/45 46/46/46 47/47/47 
f 46/46/46 48/48/48 47/47/47 
f 47/47/47 48/48/48 49/49/49 
f 48/48/48 50/50/50 49/49/49 
f 49/49/49 50/50/50 51/51/51 
f 50/50/50 52/52/52 51/51/51 
f 51/51/51 52/52/52 52/52/52 
f 52/52/52 20/20/20 52/52/52 
f 52/52/52 20/20/20 20/20/20 
f 20/20/20 53/53/53 20/20/20 
f 20/20/20 53/53/53 22/22/22 
f 53/53/53 54/54/54 22/22/22 
f 22/22/22 54/54/54 24/24/24 
f 54/54/54 55/55/55 24/24/24 
f 24/24/24 55/55/55 26/26/26 
f 55/55/55 56/56/56 26/26/26 
f 26/26/26 56/56/56 28/28/28 
f 56/56/56 57/57/57 28/28/28 
f 28/28/28 57/57/57 30/30/30 
f 57/57/57 58/58/58 30/30/30 
f 30/30/30 58/58/58 32/32/32 
f 58/58/58 59/59/59 32/32/32 
f 32/32/32 59/59/59 34/34/34 
f 59/59/59 60/60/60 34/34/34 
f 34/34/34 60/60/60 36/36/36 
f 60/60/60 61/61/61 36/36/36 
f 36/36/36 61/61/61 38/38/38 
f 61/61/61 62/62/62 38/38/38 
f 38/38/38 62/62/62 40/40/40 
f 62/62/62 63/63/63 40/40/40 
f 40/40/40 63/63/63 42/42/42 
f 63/63/63 64/64/64 42/42/42 
f 42/42/42 64/64/64 44/44/44 
f 64/64/64 65/65/65 44/44/44 
f 44/44/44 65/65/65 46/46/46 
f 65/65/65 66/66/66 46/46/46 
f 46/46/46 66/66/66 48/48/48 
f 66/66/66 67/67/67 48/48/48 
f 48/48/48 67/67/67 50/50/50 
f 67/67/67 68/68/68 50/50/50 
f 50/50/50 68/68/68 52/52/52 
f 68/68/68 69/69/69 52/52/52 
f 52/52/52 69/69/69 69/69/69 
f 69/69/69 53/53/53 69/69/69 
f 69/69/69 53/53/53 53/53/53 
f 53/53/53 70/70/70 53/53/53 
f 53/53/53 70/70/70 54/54/54 
f 70/70/70 71/71/71 54/54/54 
f 54/54/54 71/71/71 55/55/55 
f 71/71/71 72/72/72 55/55/55 
f 55/55/55 72/72/72 56/56/56 
f 72/72/72 73/73/73 56/56/56 
f 56/56/56 73/73/73 57/57/57 
f 73/73/73 74/74/74 57/57/57 
f 57/57/57 74/74/74 58/58/58 
f 74/74/74 75/75/75 58/58/58 
f 58/58/58 75/75/75 59/59/59 
f 75/75/75 76/76/76 59/59/59 
f 59/59/59 76/76/76 60/60/60 
f 76/76/76 77/77/77 60/60/60 
f 60/60/60 77/77/77 61/61/61 
f 77/77/77 78/78/78 61/61/61 
f 61/61/61 78/78/78 62/62/62 
f 78/78/78 79/79/79 62/62/62 
f 62/62/62 79/79/79 63/63/63 
f 79/79/79 80/80/80 63/63/63 
f 63/63/63 80/80/80 64/64/64 
f 80/80/80 81/81/81 64/64/64 
f 64/64/64 81/81/81 65/65/65 
f 81/81/81 82/82/82 65/65/65 
f 65/65/65 82/82/82 66/66/66 
f 82/82/82 83/83/83 66/66/66 
f 66/66/66 83/83/83 67/67/67 
f 83/83/83 84/84/84 67/67/67 
f 67/67/67 84/84/84 68/68/68 
f 84/84/84 85/85/85 68/68/68 
f 68/68/68 85/85/85 69/69/69 
f 85/85/85 86/86/86 69/69/69 
f 69/69/69 86/86/86 86/86/86 
f 86/86/86 87/87/87 86/86/86 
f 86/86/86 87/87/87 87/87/87 
f 87/87/87 88/88/88 87/87/87 
f 87/87/87 88/88/88 89/89/89 
f 88/88/88 90/90/90 89/89/89 
f 89/89/89 90/90/90 91/91/91 
f 90/90/90 92/92/92 91/91/91 
f 91/91/91 92/92/92 92/92/92 
f 92/92/92 88/88/88 92/92/92 
f 92/92/92 88/88/88 88/88/88 
f 88/88/88 93/93/93 88/88/88 
f 88/88/88 93/93/93 90/90/90 
f 93/93/93 94/94/94 90/90/90 
f 90/90/90 94/94/94 95/95/95 
f 94/94/94 95/95/95 95/95/95 
f 95/95/95 95/95/95 95/95/95 
f 95/95/95 96/96/96 95/95/95 
f 95/95/95 96/96/96 90/90/90 
f 96/96/96 97/97/97 90/90/90 
f 90/90/90 97/97/97 98/98/98 
f 97/97/97 98/98/98 98/98/98 
f 98/98/98 98/98/98 98/98/98 
f 98/98/98 99/99/99 98/98/98 
f 98/98/98 99/99/99 90/90/90 
f 99/99/99 100/100/100 90/90/90 
f 90/90/90 100/100/100 101/101/101 
f 100/100/100 101/101/101 101/101/101 
f 101/101/101 101/101/101 101/101/101 
f 101/101/101 102/102/102 101/101/101 
f 101/101/101 102/102/102 90/90/90 
f 102/102/102 103/103/103 90/90/90 
f 90/90/90 103/103/103 92/92/92 
f 103/103/103 92/92/92 92/92/92 
f 92/92/92 92/92/92 104/104/104 
f 92/92/92 104/104/104 104/104/104 
f 104/104/104 104/104/104 104/104/104 
f 104/104/104 105/105/105 104/104/104 
f 104/104/104 105/105/105 106/106/106 
f 105/105/105 107/107/107 106/106/106 
f 106/106/106 107/107/107 108/108/108 
f 107/107/107 109/109/109 108/108/108 
f 108/108/108 109/109/109 110/110/110 
f 109/109/109 111/111/111 110/110/110 
f 110/110/110 111/111/111 112/112/112 
f 111/111/111 113/113/113 112/112/112 
f 112/112/112 113/113/113 114/114/114 
f 113/113/113 115/115/115 114/114/114 
f 114/114/114 115/115/115 116/116/116 
f 115/115/115 117/117/117 116/116/116 
f 116/116/116 117/117/117 118/118/118 
f 117/117/117 119/119/119 118/118/118 
f 118/118/118 119/119/119 120/120/120 
f 119/119/119 121/121/121 120/120/120 
f 120/120/120 121/121/121 122/122/122 
f 121/121/121 123/123/123 122/122/122 
f 122/122/122 123/123/123 124/124/124 
f 123/123/123 125/125/125 124/124/124 
f 124/124/124 125/125/125 126/126/126 
f 125/125/125 127/127/127 126/126/126 
f 126/126/126 127/127/127 128/128/128 
f 127/127/127 129/129/129 128/128/128 
f 128/128/128 129/129/129 130/130/130 
f 129/129/129 131/131/131 130/130/130 
f 130/130/130 131/131/131 132/132/132 
f 131/131/131 133/133/133 132/132/132 
f 132/132/132 133/133/133 134/134/134 
f 133/133/133 135/135/135 134/134/134 
f 134/134/134 135/135/135 136/136/136 
f 135/135/135 137/137/137 136/136/136 
f 136/136/136 137/137/137 137/137/137 
f 137/137/137 138/138/138 137/137/137 
f 137/137/137 138/138/138 138/138/138 
f 138/138/138 139/139/139 138/138/138 
f 138/138/138 139/139/139 140/140/140 
f 139/139/139 141/141/141 140/140/140 
f 140/140/140 141/141/141 142/142/142 
f 141/141/141 143/143/143 142/142/142 
f 142/142/142 143/143/143 144/144/144 
f 143/143/143 145/145/145 144/144/144 
f 144/144/144 145/145/145 146/146/146 
f 145/145/145 147/147/147 146/146/146 
f 146/146/146 147/147/147 148/148/148 
f 147/147/147 149/149/149 148/148/148 
f 148/148/148 149/149/149 150/150/150 
f 149/149/149 151/151/151 150/150/150 
f 150/150/150 151/151/151 152/152/152 
f 151/151/151 153/153/153 152/152/152 
f 152/152/152 153/153/153 154/154/154 
f 153/153/153 155/155/155 154/154/154 
f 154/154/154 155/155/155 156/156/156 
f 155/155/155 157/157/157 156/156/156 
f 156/156/156 157/157/157 158/158/158 
f 157/157/157 159/159/159 158/158/158 
f 158/158/158 159/159/159 160/160/160 
f 159/159/159 161/161/161 160/160/160 
f 160/160/160 161/161/161 162/162/162 
f 161/161/161 163/163/163 162/162/162 
f 162/162/162 163/163/163 164/164/164 
f 163/163/163 165/165/165 164/164/164 
f 164/164/164 165/165/165 166/166/166 
f 165/165/165 167/167/167 166/166/166 
f 166/166/166 167/167/167 168/168/168 
f 167/167/167 169/169/169 168/168/168 
f 168/168/168 169/169/169 170/170/170 
f 169/169/169 171/171/171 170/170/170 
f 170/170/170 171/171/171 171/171/171 
f 171/171/171 172/172/172 171/171/171 
f 171/171/171 172/172/172 172/172/172 
f 172/172/172 173/173/173 172/172/172 
f 172/172/172 173/173/173 174/174/174 
f 173/173/173 175/175/175 174/174/174 
f 174/174/174 175/175/175 176/176/176 
f 175/175/175 177/177/177 176/176/176 
f 176/176/176 177/177/177 178/178/178 
f 177/177/177 179/179/179 178/178/178 
f 178/178/178 179/179/179 180/180/180 
f 179/179/179 181/181/181 180/180/180 
f 180/180/180 181/181/181 182/182/182 
f 181/181/181 183/183/183 182/182/182 
f 182/182/182 183/183/183 184/184/184 
f 183/183/183 185/185/185 184/184/184 
f 184/184/184 185/185/185 186/186/186 
f 185/185/185 187/187/187 186/186/186 
f 186/186/186 187/187/187 188/188/188 
f 187/187/187 189/189/189 188/188/188 
f 188/188/188 189/189/189 190/190/190 
f 189/189/189 191/191/191 190/190/190 
f 190/190/190 191/191/191 192/192/192 
f 191/191/191 193/193/193 192/192/192 
f 192/192/192 193/193/193 194/194/194 
f 193/193/193 195/195/195 194/194/194 
f 194/194/194 195/195/195 196/196/196 
f 195/195/195 197/197/197 196/196/196 
f 196/196/196 197/197/197 198/198/198 
f 197/197/197 199/199/199 198/198/198 
f 198/198/198 199/199/199 200/200/200 
f 199/199/199 201/201/201 200/200/200 
f 200/200/200 201/201/201 202/202/202 
f 201/201/201 203/203/203 202/202/202 
f 202/202/202 203/203/203 204/204/204 
f 203/203/203 205/205/205 204/204/204 
f 204/204/204 205/205/205 205/205/205 
f 205/205/205 206/206/206 205/205/205 
f 205/205/205 206/206/206 206/206/206 
f 206/206/206 207/207/207 206/206/206 
f 206/206/206 207/207/207 208/208/208 
f 207/207/207 209/209/209 208/208/208 
f 208/208/208 209/209/209 210/210/210 
f 209/209/209 211/211/211 210/210/210 
f 210/210/210 211/211/211 212/212/212 
f 211/211/211 213/213/213 212/212/212 
f 212/212/212 213/213/213 214/214/214 
f 213/213/213 215/215/215 214/214/214 
f 214/214/214 215/215/215 216/216/216 
f 215/215/215 217/217/217 216/216/216 
f 216/216/216 217/217/217 218/218/218 
f 217/217/217 219/219/219 218/218/218 
f 218/218/218 219/219/219 220/220/220 
f 219/219/219 221/221/221 220/220/220 
f 220/220/220 221/221/221 222/222/222 
f 221/221/221 223/223/223 222/222/222 
f 222/222/222 223/223/223 224/224/224 
f 223/223/223 225/225/225 224/224/224 
f 224/224/224 225/225/225 226/226/226 
f 225/225/225 227/227/227 226/226/226 
f 226/226/226 227/227/227 228/228/228 
f 227/227/227 229/229/229 228/228/228 
f 228/228/228 229/229/229 230/230/230 
f 229/229/229 231/231/231 230/230/230 
f 230/230/230 231/231/231 232/232/232 
f 231/231/231 233/233/233 232/232/232 
f 232/232/232 233/233/233 234/234/234 
f 233/233/233 235/235/235 234/234/234 
f 234/234/234 235/235/235 236/236/236 
f 235/235/235 237/237/237 236/236/236 
f 236/236/236 237/237/237 238/238/238 
f 237/237/237 239/239/239 238/238/238 
f 238/238/238 239/239/239 239/239/239 
f 239/239/239 240/240/240 239/239/239 
f 239/239/239 240/240/240 240/240/240 
f 240/240/240 241/241/241 240/240/240 
f 240/240/240 241/241/241 242/242/242 
f 241/241/241 243/243/243 242/242/242 
f 242/242/242 243/243/243 244/244/244 
f 243/243/243 245/245/245 244/244/244 
f 244/244/244 245/245/245 245/245/245 
f 245/245/245 241/241/241 245/245/245 
f 245/245/245 241/241/241 241/241/241 
f 241/241/241 246/246/246 241/241/241 
f 241/241/241 246/246/246 243/243/243 
f 246/246/246 247/247/247 243/243/243 
f 243/243/243 247/247/247 248/248/248 
f 247/247/247 248/248/248 248/248/248 
f 248/248/248 248/248/248 248/248/248 
f 248/248/248 249/249/249 248/248/248 
f 248/248/248 249/249/249 243/243/243 
f 249/249/249 250/250/250 243/243/243 
f 243/243/243 250/250/250 251/251/251 
f 250/250/250 251/251/251 251/251/251 
f 251/251/251 251/251/251 251/251/251 
f 251/251/251 252/252/252 251/251/251 
f 251/251/251 252/252/252 243/243/243 
f 252/252/252 253/253/253 243/243/243 
f 243/243/243 253/253/253 254/254/254 
f 253/253/253 254/254/254 254/254/254 
f 254/254/254 254/254/254 254/254/254 
f 254/254/254 255/255/255 254/254/254 
f 254/254/254 255/255/255 243/243/243 
f 255/255/255 256/256/256 243/243/243 
f 243/243/243 256/256/256 245/245/245 
f 256/256/256 245/245/245 245/245/245 
f 245/245/245 245/245/245 257/257/257 
f 245/245/245 257/257/257 257/257/257 
f 257/257/257 257/257/257 257/257/257 
f 257/257/257 258/258/258 257/257/257 
f 257/257/257 258/258/258 259/259/259 
f 258/258/258 260/260/260 259/259/259 
f 259/259/259 260/260/260 261/261/261 
f 260/260/260 262/262/262 261/261/261 
f 261/261/261 262/262/262 263/263/263 
f 262/262/262 264/264/264 263/263/263 
f 263/263/263 264/264/264 265/265/265 
f 264/264/264 266/266/266 265/265/265 
f 265/265/265 266/266/266 267/267/267 
f 266/266/266 268/268/268 267/267/267 
f 267/267/267 268/268/268 268/268/268 
f 268/268/268 262/262/262 268/268/268 
f 268/268/268 262/262/262 262/262/262 
f 262/262/262 269/269/269 262/262/262 
f 262/262/262 269/269/269 264/264/264 
f 269/269/269 270/270/270 264/264/264 
f 264/264/264 270/270/270 266/266/266 
f 270/270/270 271/271/271 266/266/266 
f 266/266/266 271/271/271 268/268/268 
f 271/271/271 272/272/272 268/268/268 
f 268/268/268 272/272/272 272/272/272 
f 272/272/272 269/269/269 272/272/272 
f 272/272/272 269/269/269 269/269/269 
f 269/269/269 273/273/273 269/269/269 
f 269/269/269 273/273/273 270/270/270 
f 273/273/273 274/274/274 270/270/270 
f 270/270/270 274/274/274 271/271/271 
f 274/274/274 275/275/275 271/271/271 
f 271/271/271 275/275/275 272/272/272 
f 275/275/275 276/276/276 272/272/272 
f 272/272/272 276/276/276 276/276/276 
f 276/276/276 273/273/273 276/276/276 
f 276/276/276 273/273/273 273/273/273 
f 273/273/273 277/277/277 273/273/273 
f 273/273/273 277/277/277 274/274/274 
f 277/277/277 278/278/278 274/274/274 
f 274/274/274 278/278/278 275/275/275 
f 278/278/278 279/279/279 275/275/275 
f 275/275/275 279/279/279 276/276/276 
f 279/279/279 280/280/280 276/276/276 
f 276/276/276 280/280/280 280/280/280 
f 280/280/280 277/277/277 280/280/280 
f 280/280/280 277/277/277 277/277/277 
f 277/277/277 281/281/281 277/277/277 
f 277/277/277 281/281/281 278/278/278 
f 281/281/281 282/282/282 278/278/278 
f 278/278/278 282/282/282 279/279/279 
f 282/282/282 283/283/283 279/279/279 
f 279/279/279 283/283/283 280/280/280 
f 283/283/283 284/284/284 280/280/280 
f 280/280/280 284/284/284 284/284/284 
f 284/284/284 281/281/281 284/284/284 
f 284/284/284 281/281/281 281/281/281 
f 281/281/281 285/285/285 281/281/281 
f 281/281/281 285/285/285 282/282/282 
f 285/285/285 286/286/286 282/282/282 
f 282/282/282 286/286/286 283/283/283 
f 286/286/286 287/287/287 283/283/283 
f 283/283/283 287/287/287 284/284/284 
f 287/287/287 288/288/288 284/284/284 
f 284/284/284 288/288/288 288/288/288 
f 288/288/288 285/285/285 288/288/288 
f 288/288/288 285/285/285 285/285/285 
f 285/285/285 281/281/281 285/285/285 
f 285/285/285 281/281/281 289/289/289 
f 281/281/281 290/290/290 289/289/289 
f 289/289/289 290/290/290 291/291/291 
f 290/290/290 292/292/292 291/291/291 
f 291/291/291 292/292/292 292/292/292 
f 292/292/292 290/290/290 292/292/292 
f 292/292/292 290/290/290 290/290/290 
f 290/290/290 293/293/293 290/290/290 
f 290/290/290 293/293/293 292/292/292 
f 293/293/293 294/294/294 292/292/292 
f 292/292/292 294/294/294 294/294/294 
f 294/294/294 293/293/293 294/294/294 
f 294/294/294 293/293/293 295/295/295 
f 293/293/293 273/273/273 295/295/295 
f 295/295/295 273/273/273 269/269/269 
f 273/273/273 269/269/269 269/269/269 
f 269/269/269 269/269/269 294/294/294 
f 269/269/269 294/294/294 294/294/294 
f 294/294/294 294/294/294 294/294/294 
f 294/294/294 295/295/295 294/294/294 
f 294/294/294 295/295/295 296/296/296 
f 295/295/295 297/297/297 296/296/296 
f 296/296/296 297/297/297 298/298/298 
f 297/297/297 260/260/260 298/298/298 
f 298/298/298 260/260/260 258/258/258 
f 260/260/260 258/258/258 258/258/258 
f 258/258/258 258/258/258 299/299/299 
f 258/258/258 299/299/299 299/299/299 
f 299/299/299 299/299/299 299/299/299 
f 299/299/299 300/300/300 299/299/299 
f 299/299/299 300/300/300 301/301/301 
f 300/300/300 302/302/302 301/301/301 
f 301/301/301 302/302/302 303/303/303 
f 302/302/302 304/304/304 303/303/303 
f 303/303/303 304/304/304 305/305/305 
f 304/304/304 306/306/306 305/305/305 
f 305/305/305 306/306/306 307/307/307 
f 306/306/306 308/308/308 307/307/307 
f 307/307/307 308/308/308 309/309/309 
f 308/308/308 310/310/310 309/309/309 
f 309/309/309 310/310/310 311/311/311 
f 310/310/310 312/312/312 311/311/311 
f 311/311/311 312/312/312 313/313/313 
f 312/312/312 314/314/314 313/313/313 
f 313/313/313 314/314/314 315/315/315 
f 314/314/314 316/316/316 315/315/315 
f 315/315/315 316/316/316 317/317/317 
f 316/316/316 318/318/318 317/317/317 
f 317/317/317 318/318/318 319/319/319 
f 318/318/318 320/320/320 319/319/319 
f 319/319/319 320/320/320 321/321/321 
f 320/320/320 322/322/322 321/321/321 
f 321/321/321 322/322/322 323/323/323 
f 322/322/322 324/324/324 323/323/323 
f 323/323/323 324/324/324 325/325/325 
f 324/324/324 326/326/326 325/325/325 
f 325/325/325 326/326/326 327/327/327 
f 326/326/326 328/328/328 327/327/327 
f 327/327/327 328/328/328 329/329/329 
f 328/328/328 330/330/330 329/329/329 
f 329/329/329 330/330/330 331/331/331 
f 330/330/330 332/332/332 331/331/331 
f 331/331/331 332/332/332 332/332/332 
f 332/332/332 333/333/333 332/332/332 
f 332/332/332 333/333/333 333/333/333 
f 333/333/333 334/334/334 333/333/333 
f 333/333/333 334/334/334 335/335/335 
f 334/334/334 336/336/336 335/335/335 
f 335/335/335 336/336/336 337/337/337 
f 336/336/336 338/338/338 337/337/337 
f 337/337/337 338/338/338 339/339/339 
f 338/338/338 339/339/339 339/339/339 
f 339/339/339 339/339/339 334/334/334 
f 339/339/339 334/334/334 334/334/334 
f 334/334/334 334/334/334 334/334/334 
f 334/334/334 340/340/340 334/334/334 
f 334/334/334 340/340/340 336/336/336 
f 340/340/340 341/341/341 336/336/336 
f 336/336/336 341/341/341 342/342/342 
f 341/341/341 343/343/343 342/342/342 
f 342/342/342 343/343/343 343/343/343 
f 343/343/343 342/342/342 343/343/343 
f 343/343/343 342/342/342 342/342/342 
f 342/342/342 344/344/344 342/342/342 
f 342/342/342 344/344/344 336/336/336 
f 344/344/344 345/345/345 336/336/336 
f 336/336/336 345/345/345 346/346/346 
f 345/345/345 347/347/347 346/346/346 
f 346/346/346 347/347/347 347/347/347 
f 347/347/347 346/346/346 347/347/347 
f 347/347/347 346/346/346 346/346/346 
f 346/346/346 348/348/348 346/346/346 
f 346/346/346 348/348/348 336/336/336 
f 348/348/348 349/349/349 336/336/336 
f 336/336/336 349/349/349 350/350/350 
f 349/349/349 351/351/351 350/350/350 
f 350/350/350 351/351/351 351/351/351 
f 351/351/351 350/350/350 351/351/351 
f 351/351/351 350/350/350 350/350/350 
f 350/350/350 352/352/352 350/350/350 
f 350/350/350 352/352/352 336/336/336 
f 352/352/352 353/353/353 336/336/336 
f 336/336/336 353/353/353 354/354/354 
f 353/353/353 354/354/354 354/354/354 
f 354/354/354 354/354/354 354/354/354 
f 354/354/354 355/355/355 354/354/354 
f 354/354/354 355/355/355 336/336/336 
f 355/355/355 356/356/356 336/336/336 
f 336/336/336 356/356/356 338/338/338 
f 356/356/356 357/357/357 338/338/338 
f 338/338/338 357/357/357 357/357/357 
f 357/357/357 358/358/358 357/357/357 
f 357/357/357 358/358/358 358/358/358 
f 358/358/358 359/359/359 358/358/358 
f 358/358/358 359/359/359 360/360/360 
f 359/359/359 361/361/361 360/360/360 
f 360/360/360 361/361/361 362/362/362 
f 361/361/361 363/363/363 362/362/362 
f 362/362/362 363/363/363 363/363/363 
f 363/363/363 359/359/359 363/363/363 
f 363/363/363 359/359/359 359/359/359 
f 359/359/359 364/364/364 359/359/359 
f 359/359/359 364/364/364 361/361/361 
f 364/364/364 365/365/365 361/361/361 
f 361/361/361 365/365/365 366/366/366 
f 365/365/365 366/366/366 366/366/366 
f 366/366/366 366/366/366 366/366/366 
f 366/366/366 367/367/367 366/366/366 
f 366/366/366 367/367/367 361/361/361 
f 367/367/367 368/368/368 361/361/361 
f 361/361/361 368/368/368 369/369/369 
f 368/368/368 369/369/369 369/369/369 
f 369/369/369 369/369/369 369/369/369 
f 369/369/369 370/370/370 369/369/369 
f 369/369/369 370/370/370 361/361/361 
f 370/370/370 371/371/371 361/361/361 
f 361/361/361 371/371/371 372/372/372 
f 371/371/371 372/372/372 372/372/372 
f 372/372/372 372/372/372 372/372/372 
f 372/372/372 373/373/373 372/372/372 
f 372/372/372 373/373/373 361/361/361 
f 373/373/373 374/374/374 361/361/361 
f 361/361/361 374/374/374 363/363/363 
f 374/374/374 363/363/363 363/363/363 
f 363/363/363 363/363/363 375/375/375 
f 363/363/363 375/375/375 375/375/375 
f 375/375/375 375/375/375 375/375/375 
f 375/375/375 376/376/376 375/375/375 
f 375/375/375 376/376/376 377/377/377 
f 376/376/376 378/378/378 377/377/377 
f 377/377/377 378/378/378 378/378/378 
f 378/378/378 379/379/379 378/378/378 
f 378/378/378 379/379/379 379/379/379 
f 379/379/379 380/380/380 379/379/379 
f 379/379/379 380/380/380 381/381/381 
f 380/380/380 382/382/382 381/381/381 
f 381/381/381 382/382/382 383/383/383 
f 382/382/382 384/384/384 383/383/383 
f 383/383/383 384/384/384 385/385/385 
f 384/384/384 386/386/386 385/385/385 
f 385/385/385 386/386/386 386/386/386 
f 386/386/386 387/387/387 386/386/386 
f 386/386/386 387/387/387 387/387/387 
f 387/387/387 388/388/388 387/387/387 
f 387/387/387 388/388/388 389/389/389 
f 388/388/388 390/390/390 389/389/389 
f 389/389/389 390/390/390 391/391/391 
f 390/390/390 392/392/392 391/391/391 
f 391/391/391 392/392/392 393/393/393 
f 392/392/392 394/394/394 393/393/393 
f 393/393/393 394/394/394 395/395/395 
f 394/394/394 396/396/396 395/395/395 
f 395/395/395 396/396/396 397/397/397 
f 396/396/396 398/398/398 397/397/397 
f 397/397/397 398/398/398 399/399/399 
f 398/398/398 400/400/400 399/399/399 
f 399/399/399 400/400/400 401/401/401 
f 400/400/400 402/402/402 401/401/401 
f 401/401/401 402/402/402 403/403/403 
f 402/402/402 404/404/404 403/403/403 
f 403/403/403 404/404/404 405/405/405 
f 404/404/404 406/406/406 405/405/405 
f 405/405/405 406/406/406 407/407/407 
f 406/406/406 408/408/408 407/407/407 
f 407/407/407 408/408/408 409/409/409 
f 408/408/408 410/410/410 409/409/409 
f 409/409/409 410/410/410 411/411/411 
f 410/410/410 412/412/412 411/411/411 
f 411/411/411 412/412/412 413/413/413 
f 412/412/412 414/414/414 413/413/413 
f 413/413/413 414/414/414 415/415/415 
f 414/414/414 416/416/416 415/415/415 
f 415/415/415 416/416/416 417/417/417 
f 416/416/416 418/418/418 417/417/417 
f 417/417/417 418/418/418 419/419/419 
f 418/418/418 420/420/420 419/419/419 
f 419/419/419 420/420/420 420/420/420 
f 420/420/420 421/421/421 420/420/420 
f 420/420/420 421/421/421 421/421/421 
f 421/421/421 422/422/422 421/421/421 
f 421/421/421 422/422/422 423/423/423 
f 422/422/422 424/424/424 423/423/423 
f 423/423/423 424/424/424 425/425/425 
f 424/424/424 426/426/426 425/425/425 
f 425/425/425 426/426/426 427/427/427 
f 426/426/426 428/428/428 427/427/427 
f 427/427/427 428/428/428 429/429/429 
f 428/428/428 430/430/430 429/429/429 
f 429/429/429 430/430/430 431/431/431 
f 430/430/430 432/432/432 431/431/431 
f 431/431/431 432/432/432 433/433/433 
f 432/432/432 434/434/434 433/433/433 
f 433/433/433 434/434/434 435/435/435 
f 434/434/434 436/436/436 435/435/435 
f 435/435/435 436/436/436 437/437/437 
f 436/436/436 438/438/438 437/437/437 
f 437/437/437 438/438/438 439/439/439 
f 438/438/438 440/440/440 439/439/439 
f 439/439/439 440/440/440 441/441/441 
f 440/440/440 442/442/442 441/441/441 
f 441/441/441 442/442/442 443/443/443 
f 442/442/442 444/444/444 443/443/443 
f 443/443/443 444/444/444 445/445/445 
f 444/444/444 446/446/446 445/445/445 
f 445/445/445 446/446/446 447/447/447 
f 446/446/446 448/448/448 447/447/447 
f 447/447/447 448/448/448 449/449/449 
f 448/448/448 450/450/450 449/449/449 
f 449/449/449 450/450/450 451/451/451 
f 450/450/450 452/452/452 451/451/451 
f 451/451/451 452/452/452 453/453/453 
f 452/452/452 454/454/454 453/453/453 
f 453/453/453 454/454/454 454/454/454 
f 454/454/454 455/455/455 454/454/454 
f 454/454/454 455/455/455 455/455/455 
f 455/455/455 456/456/456 455/455/455 
f 455/455/455 456/456/456 457/457/457 
f 456/456/456 458/458/458 457/457/457 
f 457/457/457 458/458/458 459/459/459 
f 458/458/458 460/460/460 459/459/459 
f 459/459/459 460/460/460 460/460/460 
f 460/460/460 456/456/456 460/460/460 
f 460/460/460 456/456/456 456/456/456 
f 456/456/456 461/461/461 456/456/456 
f 456/456/456 461/461/461 458/458/458 
f 461/461/461 462/462/462 458/458/458 
f 458/458/458 462/462/462 463/463/463 
f 462/462/462 463/463/463 463/463/463 
f 463/463/463 463/463/463 463/463/463 
f 463/463/463 464/464/464 463/463/463 
f 463/463/463 464/464/464 458/458/458 
f 464/464/464 465/465/465 458/458/458 
f 458/458/458 465/465/465 466/466/466 
f 465/465/465 466/466/466 466/466/466 
f 466/466/466 466/466/466 466/466/466 
f 466/466/466 467/467/467 466/466/466 
f 466/466/466 467/467/467 458/458/458 
f 467/467/467 468/468/468 458/458/458 
f 458/458/458 468/468/468 469/469/469 
f 468/468/468 469/469/469 469/469/469 
f 469/469/469 469/469/469 469/469/469 
f 469/469/469 470/470/470 469/469/469 
f 469/469/469 470/470/470 458/458/458 
f 470/470/470 471/471/471 458/458/458 
f 458/458/458 471/471/471 460/460/460 
f 471/471/471 460/460/460 460/460/460 
f 460/460/460 460/460/460 472/472/472 
f 460/460/460 472/472/472 472/472/472 
f 472/472/472 472/472/472 472/472/472 
f 472/472/472 473/473/473 472/472/472 
f 472/472/472 473/473/473 474/474/474 
f 473/473/473 475/475/475 474/474/474 
f 474/474/474 475/475/475 475/475/475 
f 475/475/475 473/473/473 475/475/475 
f 475/475/475 473/473/473 473/473/473 
f 473/473/473 476/476/476 473/473/473 
f 473/473/473 476/476/476 475/475/475 
f 476/476/476 477/477/477 475/475/475 
f 475/475/475 477/477/477 477/477/477 
f 477/477/477 478/478/478 477/477/477 
f 477/477/477 478/478/478 478/478/478 
f 478/478/478 479/479/479 478/478/478 
f 478/478/478 479/479/479 480/480/480 
f 479/479/479 481/481/481 480/480/480 
f 480/480/480 481/481/481 482/482/482 
f 481/481/481 483/483/483 482/482/482 
f 482/482/482 483/483/483 484/484/484 
f 483/483/483 485/485/485 484/484/484 
f 484/484/484 485/485/485 486/486/486 
f 485/485/485 487/487/487 486/486/486 
f 486/486/486 487/487/487 488/488/488 
f 487/487/487 489/489/489 488/488/488 
f 488/488/488 489/489/489 490/490/490 
f 489/489/489 491/491/491 490/490/490 
f 490/490/490 491/491/491 492/492/492 
f 491/491/491 493/493/493 492/492/492 
f 492/492/492 493/493/493 494/494/494 
f 493/493/493 495/495/495 494/494/494 
f 494/494/494 495/495/495 496/496/496 
f 495/495/495 497/497/497 496/496/496 
f 496/496/496 497/497/497 498/498/498 
f 497/497/497 499/499/499 498/498/498 
f 498/498/498 499/499/499 500/500/500 
f 499/499/499 501/501/501 500/500/500 
f 500/500/500 501/501/501 502/502/502 
f 501/501/501 503/503/503 502/502/502 
f 502/502/502 503/503/503 504/504/504 
f 503/503/503 505/505/505 504/504/504 
f 504/504/504 505/505/505 506/506/506 
f 505/505/505 507/507/507 506/506/506 
f 506/506/506 507/507/507 508/508/508 
f 507/507/507 509/509/509 508/508/508 
f 508/508/508 509/509/509 510/510/510 
f 509/509/509 511/511/511 510/510/510 
f 510/510/510 511/511/511 511/511/511 
f 511/511/511 512/512/512 511/511/511 
f 511/511/511 512/512/512 512/512/512 
f 512/512/512 513/513/513 512/512/512 
f 512/512/512 513/513/513 514/514/514 
f 513/513/513 515/515/515 514/514/514 
f 514/514/514 515/515/515 516/516/516 
f 515/515/515 517/517/517 516/516/516 
f 516/516/516 517/517/517 518/518/518 
f 517/517/517 519/519/519 518/518/518 
f 518/518/518 519/519/519 520/520/520 
f 519/519/519 521/521/521 520/520/520 
f 520/520/520 521/521/521 521/521/521 
f 521/521/521 522/522/522 521/521/521 
f 521/521/521 522/522/522 522/522/522 
f 522/522/522 523/523/523 522/522/522 
f 522/522/522 523/523/523 524/524/524 
f 523/523/523 525/525/525 524/524/524 
f 524/524/524 525/525/525 526/526/526 
f 525/525/525 527/527/527 526/526/526 
f 526/526/526 527/527/527 528/528/528 
f 527/527/527 529/529/529 528/528/528 
f 528/528/528 529/529/529 530/530/530 
f 529/529/529 531/531/531 530/530/530 
f 530/530/530 531/531/531 532/532/532 
f 531/531/531 533/533/533 532/532/532 
f 532/532/532 533/533/533 534/534/534 
f 533/533/533 535/535/535 534/534/534 
f 534/534/534 535/535/535 536/536/536 
f 535/535/535 537/537/537 536/536/536 
f 536/536/536 537/537/537 538/538/538 
f 537/537/537 539/539/539 538/538/538 
f 538/538/538 539/539/539 540/540/540 
f 539/539/539 541/541/541 540/540/540 
f 540/540/540 541/541/541 542/542/542 
f 541/541/541 543/543/543 542/542/542 
f 542/542/542 543/543/543 544/544/544 
f 543/543/543 545/545/545 544/544/544 
f 544/544/544 545/545/545 546/546/546 
f 545/545/545 547/547/547 546/546/546 
f 546/546/546 547/547/547 548/548/548 
f 547/547/547 549/549/549 548/548/548 
f 548/548/548 549/549/549 550/550/550 
f 549/549/549 551/551/551 550/550/550 
f 550/550/550 551/551/551 552/552/552 
f 551/551/551 553/553/553 552/552/552 
f 552/552/552 553/553/553 554/554/554 
f 553/553/553 555/555/555 554/554/554 
f 554/554/554 555/555/555 555/555/555 
f 555/555/555 556/556/556 555/555/555 
f 555/555/555 556/556/556 556/556/556 
f 556/556/556 557/557/557 556/556/556 
f 556/556/556 557/557/557 558/558/558 
f 557/557/557 559/559/559 558/558/558 
f 558/558/558 559/559/559 560/560/560 
f 559/559/559 561/561/561 560/560/560 
f 560/560/560 561/561/561 562/562/562 
f 561/561/561 563/563/563 562/562/562 
f 562/562/562 563/563/563 564/564/564 
f 563/563/563 565/565/565 564/564/564 
f 564/564/564 565/565/565 566/566/566 
f 565/565/565 567/567/567 566/566/566 
f 566/566/566 567/567/567 568/568/568 
f 567/567/567 569/569/569 568/568/568 
f 568/568/568 569/569/569 570/570/570 
f 569/569/569 571/571/571 570/570/570 
f 570/570/570 571/571/571 572/572/572 
f 571/571/571 573/573/573 572/572/572 
f 572/572/572 573/573/573 574/574/574 
f 573/573/573 575/575/575 574/574/574 
f 574/574/574 575/575/575 576/576/576 
f 575/575/575 577/577/577 576/576/576 
f 576/576/576 577/577/577 578/578/578 
f 577/577/577 579/579/579 578/578/578 
f 578/578/578 579/579/579 580/580/580 
f 579/579/579 581/581/581 580/580/580 
f 580/580/580 581/581/581 582/582/582 
f 581/581/581 583/583/583 582/582/582 
f 582/582/582 583/583/583 584/584/584 
f 583/583/583 585/585/585 584/584/584 
f 584/584/584 585/585/585 586/586/586 
f 585/585/585 587/587/587 586/586/586 
f 586/586/586 587/587/587 588/588/588 
f 587/587/587 589/589/589 588/588/588 
f 588/588/588 589/589/589 589/589/589 
f 589/589/589 590/590/590 589/589/589 
f 589/589/589 590/590/590 590/590/590 
f 590/590/590 591/591/591 590/590/590 
f 590/590/590 591/591/591 592/592/592 
f 591/591/591 593/593/593 592/592/592 
f 592/592/592 593/593/593 593/593/593 
f 593/593/593 591/591/591 593/593/593 
f 593/593/593 591/591/591 591/591/591 
f 591/591/591 594/594/594 591/591/591 
f 591/591/591 594/594/594 593/593/593 
f 594/594/594 595/595/595 593/593/593 
f 593/593/593 595/595/595 595/595/595 
f 595/595/595 596/596/596 595/595/595 
f 595/595/595 596/596/596 596/596/596 
f 596/596/596 597/597/597 596/596/596 
f 596/596/596 597/597/597 598/598/598 
f 597/597/597 599/599/599 598/598/598 
f 598/598/598 599/599/599 600/600/600 
f 599/599/599 601/601/601 600/600/600 
f 600/600/600 601/601/601 602/602/602 
f 601/601/601 603/603/603 602/602/602 
f 602/602/602 603/603/603 604/604/604 
f 603/603/603 605/605/605 604/604/604 
f 604/604/604 605/605/605 606/606/606 
f 605/605/605 607/607/607 606/606/606 
f 606/606/606 607/607/607 608/608/608 
f 607/607/607 609/609/609 608/608/608 
f 608/608/608 609/609/609 610/610/610 
f 609/609/609 611/611/611 610/610/610 
f 610/610/610 611/611/611 612/612/612 
f 611/611/611 613/613/613 612/612/612 
f 612/612/612 613/613/613 614/614/614 
f 613/613/613 615/615/615 614/614/614 
f 614/614/614 615/615/615 616/616/616 
f 615/615/615 617/617/617 616/616/616 
f 616/616/616 617/617/617 618/618/618 
f 617/617/617 619/619/619 618/618/618 
f 618/618/618 619/619/619 620/620/620 
f 619/619/619 621/621/621 620/620/620 
f 620/620/620 621/621/621 622/622/622 
f 621/621/621 623/623/623 622/622/622 
f 622/622/622 623/623/623 624/624/624 
f 623/623/623 625/625/625 624/624/624 
f 624/624/624 625/625/625 626/626/626 
f 625/625/625 627/627/627 626/626/626 
f 626/626/626 627/627/627 628/628/628 
f 627/627/627 629/629/629 628/628/628 
f 628/628/628 629/629/629 629/629/629 
f 629/629/629 630/630/630 629/629/629 
f 629/629/629 630/630/630 630/630/630 
f 630/630/630 631/631/631 630/630/630 
f 630/630/630 631/631/631 632/632/632 
f 631/631/631 633/633/633 632/632/632 
f 632/632/632 633/633/633 634/634/634 
f 633/633/633 635/635/635 634/634/634 
f 634/634/634 635/635/635 636/636/636 
f 635/635/635 637/637/637 636/636/636 
f 636/636/636 637/637/637 638/638/638 
f 637/637/637 639/639/639 638/638/638 
f 638/638/638 639/639/639 640/640/640 
f 639/639/639 641/641/641 640/640/640 
f 640/640/640 641/641/641 642/642/642 
f 641/641/641 643/643/643 642/642/642 
f 642/642/642 643/643/643 644/644/644 
f 643/643/643 645/645/645 644/644/644 
f 644/644/644 645/645/645 646/646/646 
f 645/645/645 647/647/647 646/646/646 
f 646/646/646 647/647/647 648/648/648 
f 647/647/647 649/649/649 648/648/648 
f 648/648/648 649/649/649 650/650/650 
f 649/649/649 651/651/651 650/650/650 
f 650/650/650 651/651/651 652/652/652 
f 651/651/651 653/653/653 652/652/652 
f 652/652/652 653/653/653 654/654/654 
f 653/653/653 655/655/655 654/654/654 
f 654/654/654 655/655/655 656/656/656 
f 655/655/655 657/657/657 656/656/656 
f 656/656/656 657/657/657 658/658/658 
f 657/657/657 659/659/659 658/658/658 
f 658/658/658 659/659/659 660/660/660 
f 659/659/659 661/661/661 660/660/660 
f 660/660/660 661/661/661 662/662/662 
f 661/661/661 663/663/663 662/662/662 
f 662/662/662 663/663/663 663/663/663 
f 663/663/663 664/664/664 663/663/663 
f 663/663/663 664/664/664 664/664/664 
f 664/664/664 665/665/665 664/664/664 
f 664/664/664 665/665/665 666/666/666 
f 665/665/665 667/667/667 666/666/666 
f 666/666/666 667/667/667 668/668/668 
f 667/667/667 669/669/669 668/668/668 
f 668/668/668 669/669/669 669/669/669 
f 669/669/669 665/665/665 669/669/669 
f 669/669/669 665/665/665 665/665/665 
f 665/665/665 670/670/670 665/665/665 
f 665/665/665 670/670/670 667/667/667 
f 670/670/670 671/671/671 667/667/667 
f 667/667/667 671/671/671 672/672/672 
f 671/671/671 672/672/672 672/672/672 
f 672/672/672 672/672/672 672/672/672 
f 672/672/672 673/673/673 672/672/672 
f 672/672/672 673/673/673 667/667/667 
f 673/673/673 674/674/674 667/667/667 
f 667/667/667 674/674/674 675/675/675 
f 674/674/674 675/675/675 675/675/675 
f 675/675/675 675/675/675 675/675/675 
f 675/675/675 676/676/676 675/675/675 
f 675/675/675 676/676/676 667/667/667 
f 676/676/676 677/677/677 667/667/667 
f 667/667/667 677/677/677 678/678/678 
f 677/677/677 678/678/678 678/678/678 
f 678/678/678 678/678/678 678/678/678 
f 678/678/678 679/679/679 678/678/678 
f 678/678/678 679/679/679 667/667/667 
f 679/679/679 680/680/680 667/667/667 
f 667/667/667 680/680/680 669/669/669 
f 680/680/680 669/669/669 669/669/669 
f 669/669/669 669/669/669 681/681/681 
f 669/669/669 681/681/681 681/681/681 
f 681/681/681 681/681/681 681/681/681 
f 681/681/681 682/682/682 681/681/681 
f 681/681/681 682/682/682 683/683/683 
f 682/682/682 684/684/684 683/683/683 
f 683/683/683 684/684/684 685/685/685 
f 684/684/684 686/686/686 685/685/685 
f 685/685/685 686/686/686 687/687/687 
f 686/686/686 688/688/688 687/687/687 
f 687/687/687 688/688/688 689/689/689 
f 688/688/688 690/690/690 689/689/689 
f 689/689/689 690/690/690 691/691/691 
f 690/690/690 692/692/692 691/691/691 
f 691/691/691 692/692/692 693/693/693 
f 692/692/692 694/694/694 693/693/693 
f 693/693/693 694/694/694 695/695/695 
f 694/694/694 696/696/696 695/695/695 
f 695/695/695 696/696/696 697/697/697 
f 696/696/696 698/698/698 697/697/697 
f 697/697/697 698/698/698 699/699/699 
f 698/698/698 700/700/700 699/699/699 
f 699/699/699 700/700/700 701/701/701 
f 700/700/700 702/702/702 701/701/701 
f 701/701/701 702/702/702 703/703/703 
f 702/702/702 704/704/704 703/703/703 
f 703/703/703 704/704/704 705/705/705 
f 704/704/704 706/706/706 705/705/705 
f 705/705/705 706/706/706 707/707/707 
f 706/706/706 708/708/708 707/707/707 
f 707/707/707 708/708/708 709/709/709 
f 708/708/708 710/710/710 709/709/709 
f 709/709/709 710/710/710 711/711/711 
f 710/710/710 712/712/712 711/711/711 
f 711/711/711 712/712/712 713/713/713 
f 712/712/712 714/714/714 713/713/713 
f 713/713/713 714/714/714 714/714/714 
f 714/714/714 715/715/715 714/714/714 
f 714/714/714 715/715/715 715/715/715 
f 715/715/715 716/716/716 715/715/715 
f 715/715/715 716/716/716 717/717/717 
f 716/716/716 718/718/718 717/717/717 
f 717/717/717 718/718/718 719/719/719 
f 718/718/718 720/720/720 719/719/719 
f 719/719/719 720/720/720 720/720/720 
f 720/720/720 716/716/716 720/720/720 
f 720/720/720 716/716/716 716/716/716 
f 716/716/716 721/721/721 716/716/716 
f 716/716/716 721/721/721 718/718/718 
f 721/721/721 722/722/722 718/718/718 
f 718/718/718 722/722/722 723/723/723 
f 722/722/722 723/723/723 723/723/723 
f 723/723/723 723/723/723 723/723/723 
f 723/723/723 724/724/724 723/723/723 
f 723/723/723 724/724/724 718/718/718 
f 724/724/724 725/725/725 718/718/718 
f 718/718/718 725/725/725 726/726/726 
f 725/725/725 726/726/726 726/726/726 
f 726/726/726 726/726/726 726/726/726 
f 726/726/726 727/727/727 726/726/726 
f 726/726/726 727/727/727 718/718/718 
f 727/727/727 728/728/728 718/718/718 
f 718/718/718 728/728/728 729/729/729 
f 728/728/728 729/729/729 729/729/729 
f 729/729/729 729/729/729 729/729/729 
f 729/729/729 730/730/730 729/729/729 
f 729/729/729 730/730/730 718/718/718 
f 730/730/730 731/731/731 718/718/718 
f 718/718/718 731/731/731 720/720/720 
f 731/731/731 720/720/720 720/720/720 
f 720/720/720 720/720/720 732/732/732 
f 720/720/720 732/732/732 732/732/732 
f 732/732/732 732/732/732 732/732/732 
f 732/732/732 733/733/733 732/732/732 
f 732/732/732 733/733/733 734/734/734 
f 733/733/733 735/735/735 734/734/734 
f 734/734/734 735/735/735 736/736/736 
f 735/735/735 737/737/737 736/736/736 
f 736/736/736 737/737/737 738/738/738 
f 737/737/737 739/739/739 738/738/738 
f 738/738/738 739/739/739 740/740/740 
f 739/739/739 741/741/741 740/740/740 
f 740/740/740 741/741/741 742/742/742 
f 741/741/741 743/743/743 742/742/742 
f 742/742/742 743/743/743 744/744/744 
f 743/743/743 745/745/745 744/744/744 
f 744/744/744 745/745/745 746/746/746 
f 745/745/745 747/747/747 746/746/746 
f 746/746/746 747/747/747 748/748/748 
f 747/747/747 749/749/749 748/748/748 
f 748/748/748 749/749/749 750/750/750 
f 749/749/749 751/751/751 750/750/750 
f 750/750/750 751/751/751 752/752/752 
f 751/751/751 753/753/753 752/752/752 
f 752/752/752 753/753/753 754/754/754 
f 753/753/753 755/755/755 754/754/754 
f 754/754/754 755/755/755 756/756/756 
f 755/755/755 757/757/757 756/756/756 
f 756/756/756 757/757/757 758/758/758 
f 757/757/757 759/759/759 758/758/758 
f 758/758/758 759/759/759 760/760/760 
f 759/759/759 761/761/761 760/760/760 
f 760/760/760 761/761/761 762/762/762 
f 761/761/761 763/763/763 762/762/762 
f 762/762/762 763/763/763 764/764/764 
f 763/763/763 765/765/765 764/764/764 
f 764/764/764 765/765/765 765/765/765 
f 765/765/765 755/755/755 765/765/765 
f 765/765/765 755/755/755 755/755/755 
f 755/755/755 753/753/753 755/755/755 
f 755/755/755 753/753/753 766/766/766 
f 753/753/753 751/751/751 766/766/766 
f 766/766/766 751/751/751 767/767/767 
f 751/751/751 749/749/749 767/767/767 
f 767/767/767 749/749/749 768/768/768 
f 749/749/749 747/747/747 768/768/768 
f 768/768/768 747/747/747 769/769/769 
f 747/747/747 745/745/745 769/769/769 
f 769/769/769 745/745/745 770/770/770 
f 745/745/745 743/743/743 770/770/770 
f 770/770/770 743/743/743 771/771/771 
f 743/743/743 741/741/741 771/771/771 
f 771/771/771 741/741/741 772/772/772 
f 741/741/741 739/739/739 772/772/772 
f 772/772/772 739/739/739 773/773/773 
f 739/739/739 737/737/737 773/773/773 
f 773/773/773 737/737/737 774/774/774 
f 737/737/737 735/735/735 774/774/774 
f 774/774/774 735/735/735 775/775/775 
f 735/735/735 776/776/776 775/775/775 
f 775/775/775 776/776/776 777/777/777 
f 776/776/776 777/777/777 777/777/777 
f 777/777/777 777/777/777 775/775/775 
f 777/777/777 775/775/775 775/775/775 
f 775/775/775 775/775/775 775/775/775 
f 775/775/775 778/778/778 775/775/775 
f 775/775/775 778/778/778 774/774/774 
f 778/778/778 779/779/779 774/774/774 
f 774/774/774 779/779/779 773/773/773 
f 779/779/779 780/780/780 773/773/773 
f 773/773/773 780/780/780 772/772/772 
f 780/780/780 781/781/781 772/772/772 
f 772/772/772 781/781/781 771/771/771 
f 781/781/781 782/782/782 771/771/771 
f 771/771/771 782/782/782 783/783/783 
f 782/782/782 783/783/783 783/783/783 
f 783/783/783 783/783/783 771/771/771 
f 783/783/783 771/771/771 771/771/771 
f 771/771/771 771/771/771 771/771/771 
f 771/771/771 783/783/783 771/771/771 
f 771/771/771 783/783/783 770/770/770 
f 783/783/783 784/784/784 770/770/770 
f 770/770/770 784/784/784 769/769/769 
f 784/784/784 768/768/768 769/769/769 
f 769/769/769 768/768/768 768/768/768 
f 768/768/768 784/784/784 768/768/768 
f 768/768/768 784/784/784 784/784/784 
f 784/784/784 785/785/785 784/784/784 
f 784/784/784 785/785/785 768/768/768 
f 785/785/785 786/786/786 768/768/768 
f 768/768/768 786/786/786 767/767/767 
f 786/786/786 766/766/766 767/767/767 
f 767/767/767 766/766/766 766/766/766 
f 766/766/766 786/786/786 766/766/766 
f 766/766/766 786/786/786 786/786/786 
f 786/786/786 787/787/787 786/786/786 
f 786/786/786 787/787/787 766/766/766 
f 787/787/787 788/788/788 766/766/766 
f 766/766/766 788/788/788 789/789/789 
f 788/788/788 790/790/790 789/789/789 
f 789/789/789 790/790/790 791/791/791 
f 790/790/790 792/792/792 791/791/791 
f 791/791/791 792/792/792 759/759/759 
f 792/792/792 761/761/761 759/759/759 
f 759/759/759 761/761/761 761/761/761 
f 761/761/761 791/791/791 761/761/761 
f 761/761/761 791/791/791 791/791/791 
f 791/791/791 757/757/757 791/791/791 
f 791/791/791 757/757/757 789/789/789 
f 757/757/757 755/755/755 789/789/789 
f 789/789/789 755/755/755 766/766/766 
f 755/755/755 766/766/766 766/766/766 
f 766/766/766 766/766/766 793/793/793 
f 766/766/766 793/793/793 793/793/793 
f 793/793/793 793/793/793 793/793/793 
f 793/793/793 794/794/794 793/793/793 
f 793/793/793 794/794/794 795/795/795 
f 794/794/794 796/796/796 795/795/795 
f 795/795/795 796/796/796 797/797/797 
f 796/796/796 798/798/798 797/797/797 
f 797/797/797 798/798/798 799/799/799 
f 798/798/798 800/800/800 799/799/799 
f 799/799/799 800/800/800 801/801/801 
f 800/800/800 802/802/802 801/801/801 
f 801/801/801 802/802/802 803/803/803 
f 802/802/802 804/804/804 803/803/803 
f 803/803/803 804/804/804 805/805/805 
f 804/804/804 806/806/806 805/805/805 
f 805/805/805 806/806/806 807/807/807 
f 806/806/806 808/808/808 807/807/807 
f 807/807/807 808/808/808 809/809/809 
f 808/808/808 810/810/810 809/809/809 
f 809/809/809 810/810/810 811/811/811 
f 810/810/810 812/812/812 811/811/811 
f 811/811/811 812/812/812 813/813/813 
f 812/812/812 814/814/814 813/813/813 
f 813/813/813 814/814/814 815/815/815 
f 814/814/814 816/816/816 815/815/815 
f 815/815/815 816/816/816 817/817/817 
f 816/816/816 818/818/818 817/817/817 
f 817/817/817 818/818/818 819/819/819 
f 818/818/818 820/820/820 819/819/819 
f 819/819/819 820/820/820 821/821/821 
f 820/820/820 822/822/822 821/821/821 
f 821/821/821 822/822/822 823/823/823 
f 822/822/822 824/824/824 823/823/823 
f 823/823/823 824/824/824 825/825/825 
f 824/824/824 826/826/826 825/825/825 
f 825/825/825 826/826/826 826/826/826 
f 826/826/826 827/827/827 826/826/826 
f 826/826/826 827/827/827 827/827/827 
f 827/827/827 828/828/828 827/827/827 
f 827/827/827 828/828/828 829/829/829 
f 828/828/828 830/830/830 829/829/829 
f 829/829/829 830/830/830 831/831/831 
f 830/830/830 832/832/832 831/831/831 
f 831/831/831 832/832/832 833/833/833 
f 832/832/832 834/834/834 833/833/833 
f 833/833/833 834/834/834 835/835/835 
f 834/834/834 836/836/836 835/835/835 
f 835/835/835 836/836/836 837/837/837 
f 836/836/836 838/838/838 837/837/837 
f 837/837/837 838/838/838 839/839/839 
f 838/838/838 840/840/840 839/839/839 
f 839/839/839 840/840/840 841/841/841 
f 840/840/840 842/842/842 841/841/841 
f 841/841/841 842/842/842 843/843/843 
f 842/842/842 844/844/844 843/843/843 
f 843/843/843 844/844/844 845/845/845 
f 844/844/844 846/846/846 845/845/845 
f 845/845/845 846/846/846 847/847/847 
f 846/846/846 848/848/848 847/847/847 
f 847/847/847 848/848/848 849/849/849 
f 848/848/848 850/850/850 849/849/849 
f 849/849/849 850/850/850 851/851/851 
f 850/850/850 852/852/852 851/851/851 
f 851/851/851 852/852/852 853/853/853 
f 852/852/852 854/854/854 853/853/853 
f 853/853/853 854/854/854 855/855/855 
f 854/854/854 856/856/856 855/855/855 
f 855/855/855 856/856/856 857/857/857 
f 856/856/856 858/858/858 857/857/857 
f 857/857/857 858/858/858 859/859/859 
f 858/858/858 860/860/860 859/859/859 
f 859/859/859 860/860/860 860/860/860 
f 860/860/860 861/861/861 860/860/860 
f 860/860/860 861/861/861 861/861/861 
f 861/861/861 862/862/862 861/861/861 
f 861/861/861 862/862/862 863/863/863 
f 862/862/862 864/864/864 863/863/863 
f 863/863/863 864/864/864 864/864/864 
f 864/864/864 862/862/862 864/864/864 
f 864/864/864 862/862/862 862/862/862 
f 862/862/862 865/865/865 862/862/862 
f 862/862/862 865/865/865 864/864/864 
f 865/865/865 866/866/866 864/864/864 
f 864/864/864 866/866/866 866/866/866 
f 866/866/866 867/867/867 866/866/866 
f 866/866/866 867/867/867 867/867/867 
f 867/867/867 868/868/868 867/867/867 
f 867/867/867 868/868/868 869/869/869 
f 868/868/868 870/870/870 869/869/869 
f 869/869/869 870/870/870 871/871/871 
f 870/870/870 872/872/872 871/871/871 
f 871/871/871 872/872/872 872/872/872 
f 872/872/872 868/868/868 872/872/872 
f 872/872/872 868/868/868 868/868/868 
f 868/868/868 873/873/873 868/868/868 
f 868/868/868 873/873/873 870/870/870 
f 873/873/873 874/874/874 870/870/870 
f 870/870/870 874/874/874 875/875/875 
f 874/874/874 875/875/875 875/875/875 
f 875/875/875 875/875/875 875/875/875 
f 875/875/875 876/876/876 875/875/875 
f 875/875/875 876/876/876 870/870/870 
f 876/876/876 877/877/877 870/870/870 
f 870/870/870 877/877/877 878/878/878 
f 877/877/877 878/878/878 878/878/878 
f 878/878/878 878/878/878 878/878/878 
f 878/878/878 879/879/879 878/878/878 
f 878/878/878 879/879/879 870/870/870 
f 879/879/879 880/880/880 870/870/870 
f 870/870/870 880/880/880 881/881/881 
f 880/880/880 881/881/881 881/881/881 
f 881/881/881 881/881/881 881/881/881 
f 881/881/881 882/882/882 881/881/881 
f 881/881/881 882/882/882 870/870/870 
f 882/882/882 883/883/883 870/870/870 
f 870/870/870 883/883/883 872/872/872 
f 883/883/883 872/872/872 872/872/872 
f 872/872/872 872/872/872 884/884/884 
f 872/872/872 884/884/884 884/884/884 
f 884/884/884 884/884/884 884/884/884 
f 884/884/884 885/885/885 884/884/884 
f 884/884/884 885/885/885 886/886/886 
f 885/885/885 887/887/887 886/886/886 
f 886/886/886 887/887/887 887/887/887 
f 887/887/887 885/885/885 887/887/887 
f 887/887/887 885/885/885 885/885/885 
f 885/885/885 888/888/888 885/885/885 
f 885/885/885 888/888/888 887/887/887 
f 888/888/888 889/889/889 887/887/887 
f 887/887/887 889/889/889 889/889/889 
f 889/889/889 890/890/890 889/889/889 
f 889/889/889 890/890/890 890/890/890 
f 890/890/890 891/891/891 890/890/890 
f 890/890/890 891/891/891 892/892/892 
f 891/891/891 893/893/893 892/892/892 
f 892/892/892 893/893/893 894/894/894 
f 893/893/893 895/895/895 894/894/894 
f 894/894/894 895/895/895 896/896/896 
f 895/895/895 897/897/897 896/896/896 
f 896/896/896 897/897/897 898/898/898 
f 897/897/897 899/899/899 898/898/898 
f 898/898/898 899/899/899 900/900/900 
f 899/899/899 901/901/901 900/900/900 
f 900/900/900 901/901/901 902/902/902 
f 901/901/901 903/903/903 902/902/902 
f 902/902/902 903/903/903 904/904/904 
f 903/903/903 905/905/905 904/904/904 
f 904/904/904 905/905/905 906/906/906 
f 905/905/905 907/907/907 906/906/906 
f 906/906/906 907/907/907 908/908/908 
f 907/907/907 909/909/909 908/908/908 
f 908/908/908 909/909/909 910/910/910 
f 909/909/909 911/911/911 910/910/910 
f 910/910/910 911/911/911 912/912/912 
f 911/911/911 913/913/913 912/912/912 
f 912/912/912 913/913/913 914/914/914 
f 913/913/913 915/915/915 914/914/914 
f 914/914/914 915/915/915 916/916/916 
f 915/915/915 917/917/917 916/916/916 
f 916/916/916 917/917/917 918/918/918 
f 917/917/917 919/919/919 918/918/918 
f 918/918/918 919/919/919 920/920/920 
f 919/919/919 921/921/921 920/920/920 
f 920/920/920 921/921/921 922/922/922 
f 921/921/921 923/923/923 922/922/922 
f 922/922/922 923/923/923 923/923/923 
f 923/923/923 924/924/924 923/923/923 
f 923/923/923 924/924/924 924/924/924 
f 924/924/924 925/925/925 924/924/924 
f 924/924/924 925/925/925 926/926/926 
f 925/925/925 927/927/927 926/926/926 
f 926/926/926 927/927/927 928/928/928 
f 927/927/927 929/929/929 928/928/928 
f 928/928/928 929/929/929 930/930/930 
f 929/929/929 931/931/931 930/930/930 
f 930/930/930 931/931/931 932/932/932 
f 931/931/931 933/933/933 932/932/932 
f 932/932/932 933/933/933 934/934/934 
f 933/933/933 935/935/935 934/934/934 
f 934/934/934 935/935/935 936/936/936 
f 935/935/935 937/937/937 936/936/936 
f 936/936/936 937/937/937 938/938/938 
f 937/937/937 939/939/939 938/938/938 
f 938/938/938 939/939/939 940/940/940 
f 939/939/939 941/941/941 940/940/940 
f 940/940/940 941/941/941 942/942/942 
f 941/941/941 943/943/943 942/942/942 
f 942/942/942 943/943/943 944/944/944 
f 943/943/943 945/945/945 944/944/944 
f 944/944/944 945/945/945 946/946/946 
f 945/945/945 947/947/947 946/946/946 
f 946/946/946 947/947/947 948/948/948 
f 947/947/947 949/949/949 948/948/948 
f 948/948/948 949/949/949 950/950/950 
f 949/949/949 951/951/951 950/950/950 
f 950/950/950 951/951/951 952/952/952 
f 951/951/951 953/953/953 952/952/952 
f 952/952/952 953/953/953 954/954/954 
f 953/953/953 955/955/955 954/954/954 
f 954/954/954 955/955/955 956/956/956 
f 955/955/955 957/957/957 956/956/956 
f 956/956/956 957/957/957 957/957/957 
f 957/957/957 958/958/958 957/957/957 
f 957/957/957 958/958/958 958/958/958 
f 958/958/958 959/959/959 958/958/958 
f 958/958/958 959/959/959 960/960/960 
f 959/959/959 961/961/961 960/960/960 
f 960/960/960 961/961/961 962/962/962 
f 961/961/961 963/963/963 962/962/962 
f 962/962/962 963/963/963 964/964/964 
f 963/963/963 965/965/965 964/964/964 
f 964/964/964 965/965/965 966/966/966 
f 965/965/965 967/967/967 966/966/966 
f 966/966/966 967/967/967 968/968/968 
f 967/967/967 969/969/969 968/968/968 
f 968/968/968 969/969/969 970/970/970 
f 969/969/969 971/971/971 970/970/970 
f 970/970/970 971/971/971 972/972/972 
f 971/971/971 973/973/973 972/972/972 
f 972/972/972 973/973/973 974/974/974 
f 973/973/973 975/975/975 974/974/974 
f 974/974/974 975/975/975 976/976/976 
f 975/975/975 977/977/977 976/976/976 
f 976/976/976 977/977/977 978/978/978 
f 977/977/977 979/979/979 978/978/978 
f 978/978/978 979/979/979 980/980/980 
f 979/979/979 981/981/981 980/980/980 
f 980/980/980 981/981/981 982/982/982 
f 981/981/981 983/983/983 982/982/982 
f 982/982/982 983/983/983 984/984/984 
f 983/983/983 985/985/985 984/984/984 
f 984/984/984 985/985/985 986/986/986 
f 985/985/985 987/987/987 986/986/986 
f 986/986/986 987/987/987 988/988/988 
f 987/987/987 989/989/989 988/988/988 
f 988/988/988 989/989/989 990/990/990 
f 989/989/989 991/991/991 990/990/990 
f 990/990/990 991/991/991 991/991/991 
f 991/991/991 992/992/992 991/991/991 
f 991/991/991 992/992/992 992/992/992 
f 992/992/992 993/993/993 992/992/992 
f 992/992/992 993/993/993 994/994/994 
f 993/993/993 995/995/995 994/994/994 
f 994/994/994 995/995/995 996/996/996 
f 995/995/995 997/997/997 996/996/996 
f 996/996/996 997/997/997 998/998/998 
f 997/997/997 999/999/999 998/998/998 
f 998/998/998 999/999/999 1000/1000/1000 
f 999/999/999 1001/1001/1001 1000/1000/1000 
f 1000/1000/1000 1001/1001/1001 1002/1002/1002 
f 1001/1001/1001 1003/1003/1003 1002/1002/1002 
f 1002/1002/1002 1003/1003/1003 1004/1004/1004 
f 1003/1003/1003 1005/1005/1005 1004/1004/1004 
f 1004/1004/1004 1005/1005/1005 1006/1006/1006 
f 1005/1005/1005 1007/1007/1007 1006/1006/1006 
f 1006/1006/1006 1007/1007/1007 1008/1008/1008 
f 1007/1007/1007 1009/1009/1009 1008/1008/1008 
f 1008/1008/1008 1009/1009/1009 1010/1010/1010 
f 1009/1009/1009 1011/1011/1011 1010/1010/1010 
f 1010/1010/1010 1011/1011/1011 1012/1012/1012 
f 1011/1011/1011 1013/1013/1013 1012/1012/1012 
f 1012/1012/1012 1013/1013/1013 1014/1014/1014 
f 1013/1013/1013 1015/1015/1015 1014/1014/1014 
f 1014/1014/1014 1015/1015/1015 1016/1016/1016 
f 1015/1015/1015 1017/1017/1017 1016/1016/1016 
f 1016/1016/1016 1017/1017/1017 1018/1018/1018 
f 1017/1017/1017 1019/1019/1019 1018/1018/1018 
f 1018/1018/1018 1019/1019/1019 1020/1020/1020 
f 1019/1019/1019 1021/1021/1021 1020/1020/1020 
f 1020/1020/1020 1021/1021/1021 1022/1022/1022 
f 1021/1021/1021 1023/1023/1023 1022/1022/1022 
f 1022/1022/1022 1023/1023/1023 1024/1024/1024 
f 1023/1023/1023 1025/1025/1025 1024/1024/1024 
f 1024/1024/1024 1025/1025/1025 1026/1026/1026 
f 1025/1025/1025 1027/1027/1027 1026/1026/1026 
f 1026/1026/1026 1027/1027/1027 1028/1028/1028 
f 1027/1027/1027 1029/1029/1029 1028/1028/1028 
f 1028/1028/1028 1029/1029/1029 1030/1030/1030 
f 1029/1029/1029 1031/1031/1031 1030/1030/1030 
f 1030/1030/1030 1031/1031/1031 1032/1032/1032 
f 1031/1031/1031 1033/1033/1033 1032/1032/1032 
f 1032/1032/1032 1033/1033/1033 1034/1034/1034 
f 1033/1033/1033 1035/1035/1035 1034/1034/1034 
f 1034/1034/1034 1035/1035/1035 1036/1036/1036 
f 1035/1035/1035 1037/1037/1037 1036/1036/1036 
f 1036/1036/1036 1037/1037/1037 1038/1038/1038 
f 1037/1037/1037 1039/1039/1039 1038/1038/1038 
f 1038/1038/1038 1039/1039/1039 1040/1040/1040 
f 1039/1039/1039 1041/1041/1041 1040/1040/1040 
f 1040/1040/1040 1041/1041/1041 1042/1042/1042 
f 1041/1041/1041 1043/1043/1043 1042/1042/1042 
f 1042/1042/1042 1043/1043/1043 1044/1044/1044 
f 1043/1043/1043 1045/1045/1045 1044/1044/1044 
f 1044/1044/1044 1045/1045/1045 1046/1046/1046 
f 1045/1045/1045 1047/1047/1047 1046/1046/1046 
f 1046/1046/1046 1047/1047/1047 1048/1048/1048 
f 1047/1047/1047 1049/1049/1049 1048/1048/1048 
f 1048/1048/1048 1049/1049/1049 1050/1050/1050 
f 1049/1049/1049 1051/1051/1051 1050/1050/1050 
f 1050/1050/1050 1051/1051/1051 1052/1052/1052 
f 1051/1051/1051 1053/1053/1053 1052/1052/1052 
f 1052/1052/1052 1053/1053/1053 1054/1054/1054 
f 1053/1053/1053 1055/1055/1055 1054/1054/1054 
f 1054/1054/1054 1055/1055/1055 1056/1056/1056 
f 1055/1055/1055 1057/1057/1057 1056/1056/1056 
f 1056/1056/1056 1057/1057/1057 1057/1057/1057 
f 1057/1057/1057 1058/1058/1058 1057/1057/1057 
f 1057/1057/1057 1058/1058/1058 1058/1058/1058 
f 1058/1058/1058 1059/1059/1059 1058/1058/1058 
f 1058/1058/1058 1059/1059/1059 1060/1060/1060 
f 1059/1059/1059 1061/1061/1061 1060/1060/1060 
f 1060/1060/1060 1061/1061/1061 1062/1062/1062 
f 1061/1061/1061 1063/1063/1063 1062/1062/1062 
f 1062/1062/1062 1063/1063/1063 1064/1064/1064 
f 1063/1063/1063 1065/1065/1065 1064/1064/1064 
f 1064/1064/1064 1065/1065/1065 1066/1066/1066 
f 1065/1065/1065 1067/1067/1067 1066/1066/1066 
f 1066/1066/1066 1067/1067/1067 1068/1068/1068 
f 1067/1067/1067 1069/1069/1069 1068/1068/1068 
f 1068/1068/1068 1069/1069/1069 1070/1070/1070 
f 1069/1069/1069 1071/1071/1071 1070/1070/1070 
f 1070/1070/1070 1071/1071/1071 1072/1072/1072 
f 1071/1071/1071 1073/1073/1073 1072/1072/1072 
f 1072/1072/1072 1073/1073/1073 1074/1074/1074 
f 1073/1073/1073 1075/1075/1075 1074/1074/1074 
f 1074/1074/1074 1075/1075/1075 1076/1076/1076 
f 1075/1075/1075 1077/1077/1077 1076/1076/1076 
f 1076/1076/1076 1077/1077/1077 1078/1078/1078 
f 1077/1077/1077 1079/1079/1079 1078/1078/1078 
f 1078/1078/1078 1079/1079/1079 1080/1080/1080 
f 1079/1079/1079 1081/1081/1081 1080/1080/1080 
f 1080/1080/1080 1081/1081/1081 1082/1082/1082 
f 1081/1081/1081 1083/1083/1083 1082/1082/1082 
f 1082/1082/1082 1083/1083/1083 1084/1084/1084 
f 1083/1083/1083 1085/1085/1085 1084/1084/1084 
f 1084/1084/1084 1085/1085/1085 1086/1086/1086 
f 1085/1085/1085 1087/1087/1087 1086/1086/1086 
f 1086/1086/1086 1087/1087/1087 1088/1088/1088 
f 1087/1087/1087 1089/1089/1089 1088/1088/1088 
f 1088/1088/1088 1089/1089/1089 1090/1090/1090 
f 1089/1089/1089 1091/1091/1091 1090/1090/1090 
f 1090/1090/1090 1091/1091/1091 1091/1091/1091 
f 1091/1091/1091 1092/1092/1092 1091/1091/1091 
f 1091/1091/1091 1092/1092/1092 1092/1092/1092 
f 1092/1092/1092 1093/1093/1093 1092/1092/1092 
f 1092/1092/1092 1093/1093/1093 1094/1094/1094 
f 1093/1093/1093 1095/1095/1095 1094/1094/1094 
f 1094/1094/1094 1095/1095/1095 1096/1096/1096 
f 1095/1095/1095 1097/1097/1097 1096/1096/1096 
f 1096/1096/1096 1097/1097/1097 1098/1098/1098 
f 1097/1097/1097 1099/1099/1099 1098/1098/1098 
f 1098/1098/1098 1099/1099/1099 1100/1100/1100 
f 1099/1099/1099 1101/1101/1101 1100/1100/1100 
f 1100/1100/1100 1101/1101/1101 1102/1102/1102 
f 1101/1101/1101 1103/1103/1103 1102/1102/1102 
f 1102/1102/1102 1103/1103/1103 1104/1104/1104 
f 1103/1103/1103 1105/1105/1105 1104/1104/1104 
f 1104/1104/1104 1105/1105/1105 1106/1106/1106 
f 1105/1105/1105 1107/1107/1107 1106/1106/1106 
f 1106/1106/1106 1107/1107/1107 1108/1108/1108 
f 1107/1107/1107 1109/1109/1109 1108/1108/1108 
f 1108/1108/1108 1109/1109/1109 1110/1110/1110 
f 1109/1109/1109 1111/1111/1111 1110/1110/1110 
f 1110/1110/1110 1111/1111/1111 1112/1112/1112 
f 1111/1111/1111 1113/1113/1113 1112/1112/1112 
f 1112/1112/1112 1113/1113/1113 1114/1114/1114 
f 1113/1113/1113 1115/1115/1115 1114/1114/1114 
f 1114/1114/1114 1115/1115/1115 1116/1116/1116 
f 1115/1115/1115 1117/1117/1117 1116/1116/1116 
f 1116/1116/1116 1117/1117/1117 1118/1118/1118 
f 1117/1117/1117 1119/1119/1119 1118/1118/1118 
f 1118/1118/1118 1119/1119/1119 1120/1120/1120 
f 1119/1119/1119 1121/1121/1121 1120/1120/1120 
f 1120/1120/1120 1121/1121/1121 1122/1122/1122 
f 1121/1121/1121 1123/1123/1123 1122/1122/1122 
f 1122/1122/1122 1123/1123/1123 1124/1124/1124 
f 1123/1123/1123 1125/1125/1125 1124/1124/1124 
f 1124/1124/1124 1125/1125/1125 1125/1125/1125 
f 1125/1125/1125 1126/1126/1126 1125/1125/1125 
f 1125/1125/1125 1126/1126/1126 1126/1126/1126 
f 1126/1126/1126 1127/1127/1127 1126/1126/1126 
f 1126/1126/1126 1127/1127/1127 1128/1128/1128 
f 1127/1127/1127 1129/1129/1129 1128/1128/1128 
f 1128/1128/1128 1129/1129/1129 1130/1130/1130 
f 1129/1129/1129 1131/1131/1131 1130/1130/1130 
f 1130/1130/1130 1131/1131/1131 1132/1132/1132 
f 1131/1131/1131 1133/1133/1133 1132/1132/1132 
f 1132/1132/1132 1133/1133/1133 1134/1134/1134 
f 1133/1133/1133 1135/1135/1135 1134/1134/1134 
f 1134/1134/1134 1135/1135/1135 1136/1136/1136 
f 1135/1135/1135 1137/1137/1137 1136/1136/1136 
f 1136/1136/1136 1137/1137/1137 1138/1138/1138 
f 1137/1137/1137 1139/1139/1139 1138/1138/1138 
f 1138/1138/1138 1139/1139/1139 1140/1140/1140 
f 1139/1139/1139 1141/1141/1141 1140/1140/1140 
f 1140/1140/1140 1141/1141/1141 1142/1142/1142 
f 1141/1141/1141 1143/1143/1143 1142/1142/1142 
f 1142/1142/1142 1143/1143/1143 1144/1144/1144 
f 1143/1143/1143 1145/1145/1145 1144/1144/1144 
f 1144/1144/1144 1145/1145/1145 1146/1146/1146 
f 1145/1145/1145 1147/1147/1147 1146/1146/1146 
f 1146/1146/1146 1147/1147/1147 1148/1148/1148 
f 1147/1147/1147 1149/1149/1149 1148/1148/1148 
f 1148/1148/1148 1149/1149/1149 1150/1150/1150 
f 1149/1149/1149 1151/1151/1151 1150/1150/1150 
f 1150/1150/1150 1151/1151/1151 1152/1152/1152 
f 1151/1151/1151 1153/1153/1153 1152/1152/1152 
f 1152/1152/1152 1153/1153/1153 1154/1154/1154 
f 1153/1153/1153 1155/1155/1155 1154/1154/1154 
f 1154/1154/1154 1155/1155/1155 1156/1156/1156 
f 1155/1155/1155 1157/1157/1157 1156/1156/1156 
f 1156/1156/1156 1157/1157/1157 1158/1158/1158 
f 1157/1157/1157 1159/1159/1159 1158/1158/1158 
f 1158/1158/1158 1159/1159/1159 1159/1159/1159 
f 1159/1159/1159 1160/1160/1160 1159/1159/1159 
f 1159/1159/1159 1160/1160/1160 1160/1160/1160 
f 1160/1160/1160 1161/1161/1161 1160/1160/1160 
f 1160/1160/1160 1161/1161/1161 1162/1162/1162 
f 1161/1161/1161 1163/1163/1163 1162/1162/1162 
f 1162/1162/1162 1163/1163/1163 1164/1164/1164 
f 1163/1163/1163 1165/1165/1165 1164/1164/1164 
f 1164/1164/1164 1165/1165/1165 1166/1166/1166 
f 1165/1165/1165 1167/1167/1167 1166/1166/1166 
f 1166/1166/1166 1167/1167/1167 1168/1168/1168 
f 1167/1167/1167 1169/1169/1169 1168/1168/1168 
f 1168/1168/1168 1169/1169/1169 1170/1170/1170 
f 1169/1169/1169 1171/1171/1171 1170/1170/1170 
f 1170/1170/1170 1171/1171/1171 1172/1172/1172 
f 1171/1171/1171 1173/1173/1173 1172/1172/1172 
f 1172/1172/1172 1173/1173/1173 1174/1174/1174 
f 1173/1173/1173 1175/1175/1175 1174/1174/1174 
f 1174/1174/1174 1175/1175/1175 1176/1176/1176 
f 1175/1175/1175 1177/1177/1177 1176/1176/1176 
f 1176/1176/1176 1177/1177/1177 1178/1178/1178 
f 1177/1177/1177 1179/1179/1179 1178/1178/1178 
f 1178/1178/1178 1179/1179/1179 1180/1180/1180 
f 1179/1179/1179 1181/1181/1181 1180/1180/1180 
f 1180/1180/1180 1181/1181/1181 1182/1182/1182 
f 1181/1181/1181 1183/1183/1183 1182/1182/1182 
f 1182/1182/1182 1183/1183/1183 1184/1184/1184 
f 1183/1183/1183 1185/1185/1185 1184/1184/1184 
f 1184/1184/1184 1185/1185/1185 1186/1186/1186 
f 1185/1185/1185 1187/1187/1187 1186/1186/1186 
f 1186/1186/1186 1187/1187/1187 1188/1188/1188 
f 1187/1187/1187 1189/1189/1189 1188/1188/1188 
f 1188/1188/1188 1189/1189/1189 1190/1190/1190 
f 1189/1189/1189 1191/1191/1191 1190/1190/1190 
f 1190/1190/1190 1191/1191/1191 1192/1192/1192 
f 1191/1191/1191 1193/1193/1193 1192/1192/1192 
f 1192/1192/1192 1193/1193/1193 1193/1193/1193 
f 1193/1193/1193 1194/1194/1194 1193/1193/1193 
f 1193/1193/1193 1194/1194/1194 1194/1194/1194 
f 1194/1194/1194 1195/1195/1195 1194/1194/1194 
f 1194/1194/1194 1195/1195/1195 1196/1196/1196 
f 1195/1195/1195 1197/1197/1197 1196/1196/1196 
f 1196/1196/1196 1197/1197/1197 1198/1198/1198 
f 1197/1197/1197 1199/1199/1199 1198/1198/1198 
f 1198/1198/1198 1199/1199/1199 1200/1200/1200 
f 1199/1199/1199 1201/1201/1201 1200/1200/1200 
f 1200/1200/1200 1201/1201/1201 1201/1201/1201 
f 1201/1201/1201 1202/1202/1202 1201/1201/1201 
f 1201/1201/1201 1202/1202/1202 1202/1202/1202 
f 1202/1202/1202 1203/1203/1203 1202/1202/1202 
f 1202/1202/1202 1203/1203/1203 1204/1204/1204 
f 1203/1203/1203 1205/1205/1205 1204/1204/1204 
f 1204/1204/1204 1205/1205/1205 1205/1205/1205 
f 1205/1205/1205 1206/1206/1206 1205/1205/1205 
f 1205/1205/1205 1206/1206/1206 1206/1206/1206 
f 1206/1206/1206 1207/1207/1207 1206/1206/1206 
f 1206/1206/1206 1207/1207/1207 1208/1208/1208 
f 1207/1207/1207 1209/1209/1209 1208/1208/1208 
f 1208/1208/1208 1209/1209/1209 1210/1210/1210 
f 1209/1209/1209 1211/1211/1211 1210/1210/1210 
f 1210/1210/1210 1211/1211/1211 1212/1212/1212 
f 1211/1211/1211 1213/1213/1213 1212/1212/1212 
f 1212/1212/1212 1213/1213/1213 1214/1214/1214 
f 1213/1213/1213 1215/1215/1215 1214/1214/1214 
f 1214/1214/1214 1215/1215/1215 1216/1216/1216 
f 1215/1215/1215 1217/1217/1217 1216/1216/1216 
f 1216/1216/1216 1217/1217/1217 1218/1218/1218 
f 1217/1217/1217 1219/1219/1219 1218/1218/1218 
f 1218/1218/1218 1219/1219/1219 1220/1220/1220 
f 1219/1219/1219 1221/1221/1221 1220/1220/1220 
f 1220/1220/1220 1221/1221/1221 1222/1222/1222 
f 1221/1221/1221 1223/1223/1223 1222/1222/1222 
f 1222/1222/1222 1223/1223/1223 1224/1224/1224 
f 1223/1223/1223 1225/1225/1225 1224/1224/1224 
f 1224/1224/1224 1225/1225/1225 1226/1226/1226 
f 1225/1225/1225 1227/1227/1227 1226/1226/1226 
f 1226/1226/1226 1227/1227/1227 1228/1228/1228 
f 1227/1227/1227 1229/1229/1229 1228/1228/1228 
f 1228/1228/1228 1229/1229/1229 1230/1230/1230 
f 1229/1229/1229 1231/1231/1231 1230/1230/1230 
f 1230/1230/1230 1231/1231/1231 1232/1232/1232 
f 1231/1231/1231 1233/1233/1233 1232/1232/1232 
f 1232/1232/1232 1233/1233/1233 1234/1234/1234 
f 1233/1233/1233 1235/1235/1235 1234/1234/1234 
f 1234/1234/1234 1235/1235/1235 1236/1236/1236 
f 1235/1235/1235 1237/1237/1237 1236/1236/1236 
f 1236/1236/1236 1237/1237/1237 1238/1238/1238 
f 1237/1237/1237 1239/1239/1239 1238/1238/1238 
f 1238/1238/1238 1239/1239/1239 1239/1239/1239 
f 1239/1239/1239 1240/1240/1240 1239/1239/1239 
f 1239/1239/1239 1240/1240/1240 1240/1240/1240 
f 1240/1240/1240 1241/1241/1241 1240/1240/1240 
f 1240/1240/1240 1241/1241/1241 1242/1242/1242 
f 1241/1241/1241 1243/1243/1243 1242/1242/1242 
f 1242/1242/1242 1243/1243/1243 1244/1244/1244 
f 1243/1243/1243 1245/1245/1245 1244/1244/1244 
f 1244/1244/1244 1245/1245/1245 1246/1246/1246 
f 1245/1245/1245 1247/1247/1247 1246/1246/1246 
f 1246/1246/1246 1247/1247/1247 1248/1248/1248 
f 1247/1247/1247 1249/1249/1249 1248/1248/1248 
f 1248/1248/1248 1249/1249/1249 1250/1250/1250 
f 1249/1249/1249 1251/1251/1251 1250/1250/1250 
f 1250/1250/1250 1251/1251/1251 1252/1252/1252 
f 1251/1251/1251 1253/1253/1253 1252/1252/1252 
f 1252/1252/1252 1253/1253/1253 1254/1254/1254 
f 1253/1253/1253 1255/1255/1255 1254/1254/1254 
f 1254/1254/1254 1255/1255/1255 1256/1256/1256 
f 1255/1255/1255 1257/1257/1257 1256/1256/1256 
f 1256/1256/1256 1257/1257/1257 1258/1258/1258 
f 1257/1257/1257 1259/1259/1259 1258/1258/1258 
f 1258/1258/1258 1259/1259/1259 1260/1260/1260 
f 1259/1259/1259 1261/1261/1261 1260/1260/1260 
f 1260/1260/1260 1261/1261/1261 1262/1262/1262 
f 1261/1261/1261 1263/1263/1263 1262/1262/1262 
f 1262/1262/1262 1263/1263/1263 1264/1264/1264 
f 1263/1263/1263 1265/1265/1265 1264/1264/1264 
f 1264/1264/1264 1265/1265/1265 1266/1266/1266 
f 1265/1265/1265 1267/1267/1267 1266/1266/1266 
f 1266/1266/1266 1267/1267/1267 1268/1268/1268 
f 1267/1267/1267 1269/1269/1269 1268/1268/1268 
f 1268/1268/1268 1269/1269/1269 1270/1270/1270 
f 1269/1269/1269 1271/1271/1271 1270/1270/1270 
f 1270/1270/1270 1271/1271/1271 1272/1272/1272 
f 1271/1271/1271 1273/1273/1273 1272/1272/1272 
f 1272/1272/1272 1273/1273/1273 1273/1273/1273 
f 1273/1273/1273 1274/1274/1274 1273/1273/1273 
f 1273/1273/1273 1274/1274/1274 1274/1274/1274 
f 1274/1274/1274 1275/1275/1275 1274/1274/1274 
f 1274/1274/1274 1275/1275/1275 1276/1276/1276 
f 1275/1275/1275 1277/1277/1277 1276/1276/1276 
f 1276/1276/1276 1277/1277/1277 1277/1277/1277 
f 1277/1277/1277 1278/1278/1278 1277/1277/1277 
f 1277/1277/1277 1278/1278/1278 1278/1278/1278 
f 1278/1278/1278 1279/1279/1279 1278/1278/1278 
f 1278/1278/1278 1279/1279/1279 1280/1280/1280 
f 1279/1279/1279 1281/1281/1281 1280/1280/1280 
f 1280/1280/1280 1281/1281/1281 1282/1282/1282 
f 1281/1281/1281 1283/1283/1283 1282/1282/1282 
f 1282/1282/1282 1283/1283/1283 1284/1284/1284 
f 1283/1283/1283 1285/1285/1285 1284/1284/1284 
f 1284/1284/1284 1285/1285/1285 1286/1286/1286 
f 1285/1285/1285 1287/1287/1287 1286/1286/1286 
f 1286/1286/1286 1287/1287/1287 1288/1288/1288 
f 1287/1287/1287 1289/1289/1289 1288/1288/1288 
f 1288/1288/1288 1289/1289/1289 1290/1290/1290 
f 1289/1289/1289 1291/1291/1291 1290/1290/1290 
f 1290/1290/1290 1291/1291/1291 1292/1292/1292 
f 1291/1291/1291 1293/1293/1293 1292/1292/1292 
f 1292/1292/1292 1293/1293/1293 1294/1294/1294 
f 1293/1293/1293 1295/1295/1295 1294/1294/1294 
f 1294/1294/1294 1295/1295/1295 1296/1296/1296 
f 1295/1295/1295 1297/1297/1297 1296/1296/1296 
f 1296/1296/1296 1297/1297/1297 1298/1298/1298 
f 1297/1297/1297 1299/1299/1299 1298/1298/1298 
f 1298/1298/1298 1299/1299/1299 1300/1300/1300 
f 1299/1299/1299 1301/1301/1301 1300/1300/1300 
f 1300/1300/1300 1301/1301/1301 1302/1302/1302 
f 1301/1301/1301 1303/1303/1303 1302/1302/1302 
f 1302/1302/1302 1303/1303/1303 1304/1304/1304 
f 1303/1303/1303 1305/1305/1305 1304/1304/1304 
f 1304/1304/1304 1305/1305/1305 1306/1306/1306 
f 1305/1305/1305 1307/1307/1307 1306/1306/1306 
f 1306/1306/1306 1307/1307/1307 1308/1308/1308 
f 1307/1307/1307 1309/1309/1309 1308/1308/1308 
f 1308/1308/1308 1309/1309/1309 1310/1310/1310 
f 1309/1309/1309 1311/1311/1311 1310/1310/1310 
f 1310/1310/1310 1311/1311/1311 1312/1312/1312 
f 1311/1311/1311 1313/1313/1313 1312/1312/1312 
f 1312/1312/1312 1313/1313/1313 1314/1314/1314 
f 1313/1313/1313 1315/1315/1315 1314/1314/1314 
f 1314/1314/1314 1315/1315/1315 1316/1316/1316 
f 1315/1315/1315 1317/1317/1317 1316/1316/1316 
f 1316/1316/1316 1317/1317/1317 1318/1318/1318 
f 1317/1317/1317 1319/1319/1319 1318/1318/1318 
f 1318/1318/1318 1319/1319/1319 1320/1320/1320 
f 1319/1319/1319 1321/1321/1321 1320/1320/1320 
f 1320/1320/1320 1321/1321/1321 1322/1322/1322 
f 1321/1321/1321 1323/1323/1323 1322/1322/1322 
f 1322/1322/1322 1323/1323/1323 1324/1324/1324 
f 1323/1323/1323 1325/1325/1325 1324/1324/1324 
f 1324/1324/1324 1325/1325/1325 1326/1326/1326 
f 1325/1325/1325 1327/1327/1327 1326/1326/1326 
f 1326/1326/1326 1327/1327/1327 1328/1328/1328 
f 1327/1327/1327 1329/1329/1329 1328/1328/1328 
f 1328/1328/1328 1329/1329/1329 1330/1330/1330 
f 1329/1329/1329 1331/1331/1331 1330/1330/1330 
f 1330/1330/1330 1331/1331/1331 1332/1332/1332 
f 1331/1331/1331 1333/1333/1333 1332/1332/1332 
f 1332/1332/1332 1333/1333/1333 1334/1334/1334 
f 1333/1333/1333 1335/1335/1335 1334/1334/1334 
f 1334/1334/1334 1335/1335/1335 1336/1336/1336 
f 1335/1335/1335 1337/1337/1337 1336/1336/1336 
f 1336/1336/1336 1337/1337/1337 1338/1338/1338 
f 1337/1337/1337 1339/1339/1339 1338/1338/1338 
f 1338/1338/1338 1339/1339/1339 1340/1340/1340 
f 1339/1339/1339 1341/1341/1341 1340/1340/1340 
f 1340/1340/1340 1341/1341/1341 1342/1342/1342 
f 1341/1341/1341 1343/1343/1343 1342/1342/1342 
f 1342/1342/1342 1343/1343/1343 1343/1343/1343 
f 1343/1343/1343 1344/1344/1344 1343/1343/1343 
f 1343/1343/1343 1344/1344/1344 1344/1344/1344 
f 1344/1344/1344 1345/1345/1345 1344/1344/1344 
f 1344/1344/1344 1345/1345/1345 1346/1346/1346 
f 1345/1345/1345 1347/1347/1347 1346/1346/1346 
f 1346/1346/1346 1347/1347/1347 1348/1348/1348 
f 1347/1347/1347 1349/1349/1349 1348/1348/1348 
f 1348/1348/1348 1349/1349/1349 1350/1350/1350 
f 1349/1349/1349 1351/1351/1351 1350/1350/1350 
f 1350/1350/1350 1351/1351/1351 1352/1352/1352 
f 1351/1351/1351 1353/1353/1353 1352/1352/1352 
f 1352/1352/1352 1353/1353/1353 1354/1354/1354 
f 1353/1353/1353 1355/1355/1355 1354/1354/1354 
f 1354/1354/1354 1355/1355/1355 1356/1356/1356 
f 1355/1355/1355 1357/1357/1357 1356/1356/1356 
f 1356/1356/1356 1357/1357/1357 1358/1358/1358 
f 1357/1357/1357 1359/1359/1359 1358/1358/1358 
f 1358/1358/1358 1359/1359/1359 1360/1360/1360 
f 1359/1359/1359 1361/1361/1361 1360/1360/1360 
f 1360/1360/1360 1361/1361/1361 1362/1362/1362 
f 1361/1361/1361 1363/1363/1363 1362/1362/1362 
f 1362/1362/1362 1363/1363/1363 1364/1364/1364 
f 1363/1363/1363 1365/1365/1365 1364/1364/1364 
f 1364/1364/1364 1365/1365/1365 1366/1366/1366 
f 1365/1365/1365 1367/1367/1367 1366/1366/1366 
f 1366/1366/1366 1367/1367/1367 1368/1368/1368 
f 1367/1367/1367 1369/1369/1369 1368/1368/1368 
f 1368/1368/1368 1369/1369/1369 1370/1370/1370 
f 1369/1369/1369 1371/1371/1371 1370/1370/1370 
f 1370/1370/1370 1371/1371/1371 1372/1372/1372 
f 1371/1371/1371 1373/1373/1373 1372/1372/1372 
f 1372/1372/1372 1373/1373/1373 1374/1374/1374 
f 1373/1373/1373 1375/1375/1375 1374/1374/1374 
f 1374/1374/1374 1375/1375/1375 1376/1376/1376 
f 1375/1375/1375 1377/1377/1377 1376/1376/1376 
f 1376/1376/1376 1377/1377/1377 1377/1377/1377 
f 1377/1377/1377 1378/1378/1378 1377/1377/1377 
f 1377/1377/1377 1378/1378/1378 1378/1378/1378 
f 1378/1378/1378 1379/1379/1379 1378/1378/1378 
f 1378/1378/1378 1379/1379/1379 1380/1380/1380 
f 1379/1379/1379 1381/1381/1381 1380/1380/1380 
f 1380/1380/1380 1381/1381/1381 1382/1382/1382 
f 1381/1381/1381 1383/1383/1383 1382/1382/1382 
f 1382/1382/1382 1383/1383/1383 1384/1384/1384 
f 1383/1383/1383 1385/1385/1385 1384/1384/1384 
f 1384/1384/1384 1385/1385/1385 1385/1385/1385 
f 1385/1385/1385 1386/1386/1386 1385/1385/1385 
f 1385/1385/1385 1386/1386/1386 1386/1386/1386 
f 1386/1386/1386 1387/1387/1387 1386/1386/1386 
f 1386/1386/1386 1387/1387/1387 1388/1388/1388 
f 1387/1387/1387 1389/1389/1389 1388/1388/1388 
f 1388/1388/1388 1389/1389/1389 1389/1389/1389 
f 1389/1389/1389 1390/1390/1390 1389/1389/1389 
f 1389/1389/1389 1390/1390/1390 1390/1390/1390 
f 1390/1390/1390 1391/1391/1391 1390/1390/1390 
f 1390/1390/1390 1391/1391/1391 1392/1392/1392 
f 1391/1391/1391 1393/1393/1393 1392/1392/1392 
f 1392/1392/1392 1393/1393/1393 1393/1393/1393 
f 1393/1393/1393 1394/1394/1394 1393/1393/1393 
f 1393/1393/1393 1394/1394/1394 1394/1394/1394 
f 1394/1394/1394 1395/1395/1395 1394/1394/1394 
f 1394/1394/1394 1395/1395/1395 1396/1396/1396 
f 1395/1395/1395 1397/1397/1397 1396/1396/1396 
f 1396/1396/1396 1397/1397/1397 1398/1398/1398 
f 1397/1397/1397 1399/1399/1399 1398/1398/1398 
f 1398/1398/1398 1399/1399/1399 1399/1399/1399 
f 1399/1399/1399 1395/1395/1395 1399/1399/1399 
f 1399/1399/1399 1395/1395/1395 1395/1395/1395 
f 1395/1395/1395 1400/1400/1400 1395/1395/1395 
f 1395/1395/1395 1400/1400/1400 1397/1397/1397 
f 1400/1400/1400 1401/1401/1401 1397/1397/1397 
f 1397/1397/1397 1401/1401/1401 1402/1402/1402 
f 1401/1401/1401 1402/1402/1402 1402/1402/1402 
f 1402/1402/1402 1402/1402/1402 1402/1402/1402 
f 1402/1402/1402 1403/1403/1403 1402/1402/1402 
f 1402/1402/1402 1403/1403/1403 1397/1397/1397 
f 1403/1403/1403 1404/1404/1404 1397/1397/1397 
f 1397/1397/1397 1404/1404/1404 1405/1405/1405 
f 1404/1404/1404 1405/1405/1405 1405/1405/1405 
f 1405/1405/1405 1405/1405/1405 1405/1405/1405 
f 1405/1405/1405 1406/1406/1406 1405/1405/1405 
f 1405/1405/1405 1406/1406/1406 1397/1397/1397 
f 1406/1406/1406 1407/1407/1407 1397/1397/1397 
f 1397/1397/1397 1407/1407/1407 1408/1408/1408 
f 1407/1407/1407 1408/1408/1408 1408/1408/1408 
f 1408/1408/1408 1408/1408/1408 1408/1408/1408 
f 1408/1408/1408 1409/1409/1409 1408/1408/1408 
f 1408/1408/1408 1409/1409/1409 1397/1397/1397 
f 1409/1409/1409 1410/1410/1410 1397/1397/1397 
f 1397/1397/1397 1410/1410/1410 1399/1399/1399 
f 1410/1410/1410 1399/1399/1399 1399/1399/1399 
f 1399/1399/1399 1399/1399/1399 1411/1411/1411 
f 1399/1399/1399 1411/1411/1411 1411/1411/1411 
f 1411/1411/1411 1411/1411/1411 1411/1411/1411 
f 1411/1411/1411 1412/1412/1412 1411/1411/1411 
f 1411/1411/1411 1412/1412/1412 1413/1413/1413 
f 1412/1412/1412 1414/1414/1414 1413/1413/1413 
f 1413/1413/1413 1414/1414/1414 1415/1415/1415 
f 1414/1414/1414 1416/1416/1416 1415/1415/1415 
f 1415/1415/1415 1416/1416/1416 1417/1417/1417 
f 1416/1416/1416 1418/1418/1418 1417/1417/1417 
f 1417/1417/1417 1418/1418/1418 1419/1419/1419 
f 1418/1418/1418 1420/1420/1420 1419/1419/1419 
f 1419/1419/1419 1420/1420/1420 1421/1421/1421 
f 1420/1420/1420 1422/1422/1422 1421/1421/1421 
f 1421/1421/1421 1422/1422/1422 1423/1423/1423 
f 1422/1422/1422 1424/1424/1424 1423/1423/1423 
f 1423/1423/1423 1424/1424/1424 1425/1425/1425 
f 1424/1424/1424 1426/1426/1426 1425/1425/1425 
f 1425/1425/1425 1426/1426/1426 1427/1427/1427 
f 1426/1426/1426 1428/1428/1428 1427/1427/1427 
f 1427/1427/1427 1428/1428/1428 1429/1429/1429 
f 1428/1428/1428 1430/1430/1430 1429/1429/1429 
f 1429/1429/1429 1430/1430/1430 1431/1431/1431 
f 1430/1430/1430 1432/1432/1432 1431/1431/1431 
f 1431/1431/1431 1432/1432/1432 1433/1433/1433 
f 1432/1432/1432 1434/1434/1434 1433/1433/1433 
f 1433/1433/1433 1434/1434/1434 1435/1435/1435 
f 1434/1434/1434 1436/1436/1436 1435/1435/1435 
f 1435/1435/1435 1436/1436/1436 1437/1437/1437 
f 1436/1436/1436 1438/1438/1438 1437/1437/1437 
f 1437/1437/1437 1438/1438/1438 1439/1439/1439 
f 1438/1438/1438 1440/1440/1440 1439/1439/1439 
f 1439/1439/1439 1440/1440/1440 1441/1441/1441 
f 1440/1440/1440 1442/1442/1442 1441/1441/1441 
f 1441/1441/1441 1442/1442/1442 1443/1443/1443 
f 1442/1442/1442 1444/1444/1444 1443/1443/1443 
f 1443/1443/1443 1444/1444/1444 1444/1444/1444 
f 1444/1444/1444 1445/1445/1445 1444/1444/1444 
f 1444/1444/1444 1445/1445/1445 1445/1445/1445 
f 1445/1445/1445 1446/1446/1446 1445/1445/1445 
f 1445/1445/1445 1446/1446/1446 1447/1447/1447 
f 1446/1446/1446 1448/1448/1448 1447/1447/1447 
f 1447/1447/1447 1448/1448/1448 1448/1448/1448 
f 1448/1448/1448 1449/1449/1449 1448/1448/1448 
f 1448/1448/1448 1449/1449/1449 1449/1449/1449 
f 1449/1449/1449 1450/1450/1450 1449/1449/1449 
f 1449/1449/1449 1450/1450/1450 1451/1451/1451 
f 1450/1450/1450 1452/1452/1452 1451/1451/1451 
f 1451/1451/1451 1452/1452/1452 1452/1452/1452 
f 1452/1452/1452 1450/1450/1450 1452/1452/1452 
f 1452/1452/1452 1450/1450/1450 1450/1450/1450 
f 1450/1450/1450 1453/1453/1453 1450/1450/1450 
f 1450/1450/1450 1453/1453/1453 1452/1452/1452 
f 1453/1453/1453 1454/1454/1454 1452/1452/1452 
f 1452/1452/1452 1454/1454/1454 1454/1454/1454 
f 1454/1454/1454 1453/1453/1453 1454/1454/1454 
f 1454/1454/1454 1453/1453/1453 1453/1453/1453 
f 1453/1453/1453 1455/1455/1455 1453/1453/1453 
f 1453/1453/1453 1455/1455/1455 1454/1454/1454 
f 1455/1455/1455 1456/1456/1456 1454/1454/1454 
f 1454/1454/1454 1456/1456/1456 1456/1456/1456 
f 1456/1456/1456 1455/1455/1455 1456/1456/1456 
f 1456/1456/1456 1455/1455/1455 1455/1455/1455 
f 1455/1455/1455 1457/1457/1457 1455/1455/1455 
f 1455/1455/1455 1457/1457/1457 1456/1456/1456 
f 1457/1457/1457 1458/1458/1458 1456/1456/1456 
f 1456/1456/1456 1458/1458/1458 1458/1458/1458 
f 1458/1458/1458 1459/1459/1459 1458/1458/1458 
f 1458/1458/1458 1459/1459/1459 1459/1459/1459 
f 1459/1459/1459 1460/1460/1460 1459/1459/1459 
f 1459/1459/1459 1460/1460/1460 1461/1461/1461 
f 1460/1460/1460 1462/1462/1462 1461/1461/1461 
f 1461/1461/1461 1462/1462/1462 1463/1463/1463 
f 1462/1462/1462 1464/1464/1464 1463/1463/1463 
f 1463/1463/1463 1464/1464/1464 1464/1464/1464 
f 1464/1464/1464 1460/1460/1460 1464/1464/1464 
f 1464/1464/1464 1460/1460/1460 1460/1460/1460 
f 1460/1460/1460 1465/1465/1465 1460/1460/1460 
f 1460/1460/1460 1465/1465/1465 1462/1462/1462 
f 1465/1465/1465 1466/1466/1466 1462/1462/1462 
f 1462/1462/1462 1466/1466/1466 1467/1467/1467 
f 1466/1466/1466 1467/1467/1467 1467/1467/1467 
f 1467/1467/1467 1467/1467/1467 1467/1467/1467 
f 1467/1467/1467 1468/1468/1468 1467/1467/1467 
f 1467/1467/1467 1468/1468/1468 1462/1462/1462 
f 1468/1468/1468 1469/1469/1469 1462/1462/1462 
f 1462/1462/1462 1469/1469/1469 1470/1470/1470 
f 1469/1469/1469 1470/1470/1470 1470/1470/1470 
f 1470/1470/1470 1470/1470/1470 1470/1470/1470 
f 1470/1470/1470 1471/1471/1471 1470/1470/1470 
f 1470/1470/1470 1471/1471/1471 1462/1462/1462 
f 1471/1471/1471 1472/1472/1472 1462/1462/1462 
f 1462/1462/1462 1472/1472/1472 1473/1473/1473 
f 1472/1472/1472 1473/1473/1473 1473/1473/1473 
f 1473/1473/1473 1473/1473/1473 1473/1473/1473 
f 1473/1473/1473 1474/1474/1474 1473/1473/1473 
f 1473/1473/1473 1474/1474/1474 1462/1462/1462 
f 1474/1474/1474 1475/1475/1475 1462/1462/1462 
f 1462/1462/1462 1475/1475/1475 1464/1464/1464 
f 1475/1475/1475 1464/1464/1464 1464/1464/1464 
f 1464/1464/1464 1464/1464/1464 1476/1476/1476 
f 1464/1464/1464 1476/1476/1476 1476/1476/1476 
f 1476/1476/1476 1476/1476/1476 1476/1476/1476 
f 1476/1476/1476 1477/1477/1477 1476/1476/1476 
f 1476/1476/1476 1477/1477/1477 1478/1478/1478 
f 1477/1477/1477 1479/1479/1479 1478/1478/1478 
f 1478/1478/1478 1479/1479/1479 1479/1479/1479 
f 1479/1479/1479 1477/1477/1477 1479/1479/1479 
f 1479/1479/1479 1477/1477/1477 1477/1477/1477 
f 1477/1477/1477 1480/1480/1480 1477/1477/1477 
f 1477/1477/1477 1480/1480/1480 1479/1479/1479 
f 1480/1480/1480 1481/1481/1481 1479/1479/1479 
f 1479/1479/1479 1481/1481/1481 1481/1481/1481 
f 1481/1481/1481 1482/1482/1482 1481/1481/1481 
f 1481/1481/1481 1482/1482/1482 1482/1482/1482 
f 1482/1482/1482 1483/1483/1483 1482/1482/1482 
f 1482/1482/1482 1483/1483/1483 1484/1484/1484 
f 1483/1483/1483 1485/1485/1485 1484/1484/1484 
f 1484/1484/1484 1485/1485/1485 1485/1485/1485 
f 1485/1485/1485 1483/1483/1483 1485/1485/1485 
f 1485/1485/1485 1483/1483/1483 1483/1483/1483 
f 1483/1483/1483 1486/1486/1486 1483/1483/1483 
f 1483/1483/1483 1486/1486/1486 1485/1485/1485 
f 1486/1486/1486 1487/1487/1487 1485/1485/1485 
f 1485/1485/1485 1487/1487/1487 1487/1487/1487 
f 1487/1487/1487 1486/1486/1486 1487/1487/1487 
f 1487/1487/1487 1486/1486/1486 1486/1486/1486 
f 1486/1486/1486 1488/1488/1488 1486/1486/1486 
f 1486/1486/1486 1488/1488/1488 1487/1487/1487 
f 1488/1488/1488 1489/1489/1489 1487/1487/1487 
f 1487/1487/1487 1489/1489/1489 1489/1489/1489 
f 1489/1489/1489 1488/1488/1488 1489/1489/1489 
f 1489/1489/1489 1488/1488/1488 1488/1488/1488 
f 1488/1488/1488 1490/1490/1490 1488/1488/1488 
f 1488/1488/1488 1490/1490/1490 1489/1489/1489 
f 1490/1490/1490 1491/1491/1491 1489/1489/1489 
f 1489/1489/1489 1491/1491/1491 1491/1491/1491 
f 1491/1491/1491 1492/1492/1492 1491/1491/1491 
f 1491/1491/1491 1492/1492/1492 1492/1492/1492 
f 1492/1492/1492 1493/1493/1493 1492/1492/1492 
f 1492/1492/1492 1493/1493/1493 1494/1494/1494 
f 1493/1493/1493 1495/1495/1495 1494/1494/1494 
f 1494/1494/1494 1495/1495/1495 1495/1495/1495 
f 1495/1495/1495 1496/1496/1496 1495/1495/1495 
f 1495/1495/1495 1496/1496/1496 1496/1496/1496 
f 1496/1496/1496 1497/1497/1497 1496/1496/1496 
f 1496/1496/1496 1497/1497/1497 1498/1498/1498 
f 1497/1497/1497 1499/1499/1499 1498/1498/1498 
f 1498/1498/1498 1499/1499/1499 1499/1499/1499 
f 1499/1499/1499 1500/1500/1500 1499/1499/1499 
f 1499/1499/1499 1500/1500/1500 1500/1500/1500 
f 1500/1500/1500 1501/1501/1501 1500/1500/1500 
f 1500/1500/1500 1501/1501/1501 1502/1502/1502 
f 1501/1501/1501 1503/1503/1503 1502/1502/1502 
f 1502/1502/1502 1503/1503/1503 1504/1504/1504 
f 1503/1503/1503 1505/1505/1505 1504/1504/1504 
f 1504/1504/1504 1505/1505/1505 1506/1506/1506 
f 1505/1505/1505 1507/1507/1507 1506/1506/1506 
f 1506/1506/1506 1507/1507/1507 1508/1508/1508 
f 1507/1507/1507 1509/1509/1509 1508/1508/1508 
f 1508/1508/1508 1509/1509/1509 1509/1509/1509 
f 1509/1509/1509 1510/1510/1510 1509/1509/1509 
f 1509/1509/1509 1510/1510/1510 1510/1510/1510 
f 1510/1510/1510 1511/1511/1511 1510/1510/1510 
f 1510/1510/1510 1511/1511/1511 1512/1512/1512 
f 1511/1511/1511 1513/1513/1513 1512/1512/1512 
f 1512/1512/1512 1513/1513/1513 1514/1514/1514 
f 1513/1513/1513 1515/1515/1515 1514/1514/1514 
f 1514/1514/1514 1515/1515/1515 1516/1516/1516 
f 1515/1515/1515 1517/1517/1517 1516/1516/1516 
f 1516/1516/1516 1517/1517/1517 1518/1518/1518 
f 1517/1517/1517 1519/1519/1519 1518/1518/1518 
f 1518/1518/1518 1519/1519/1519 1519/1519/1519 
f 1519/1519/1519 1520/1520/1520 1519/1519/1519 
f 1519/1519/1519 1520/1520/1520 1520/1520/1520 
f 1520/1520/1520 1521/1521/1521 1520/1520/1520 
f 1520/1520/1520 1521/1521/1521 1522/1522/1522 
f 1521/1521/1521 1523/1523/1523 1522/1522/1522 
f 1522/1522/1522 1523/1523/1523 1523/1523/1523 
f 1523/1523/1523 1521/1521/1521 1523/1523/1523 
f 1523/1523/1523 1521/1521/1521 1521/1521/1521 
f 1521/1521/1521 1524/1524/1524 1521/1521/1521 
f 1521/1521/1521 1524/1524/1524 1523/1523/1523 
f 1524/1524/1524 1525/1525/1525 1523/1523/1523 
f 1523/1523/1523 1525/1525/1525 1525/1525/1525 
f 1525/1525/1525 1524/1524/1524 1525/1525/1525 
f 1525/1525/1525 1524/1524/1524 1524/1524/1524 
f 1524/1524/1524 1526/1526/1526 1524/1524/1524 
f 1524/1524/1524 1526/1526/1526 1525/1525/1525 
f 1526/1526/1526 1527/1527/1527 1525/1525/1525 
f 1525/1525/1525 1527/1527/1527 1527/1527/1527 
f 1527/1527/1527 1528/1528/1528 1527/1527/1527 
f 1527/1527/1527 1528/1528/1528 1528/1528/1528 
f 1528/1528/1528 1529/1529/1529 1528/1528/1528 
f 1528/1528/1528 1529/1529/1529 1530/1530/1530 
f 1529/1529/1529 1531/1531/1531 1530/1530/1530 
f 1530/1530/1530 1531/1531/1531 1531/1531/1531 
f 1531/1531/1531 1529/1529/1529 1531/1531/1531 
f 1531/1531/1531 1529/1529/1529 1529/1529/1529 
f 1529/1529/1529 1532/1532/1532 1529/1529/1529 
f 1529/1529/1529 1532/1532/1532 1531/1531/1531 
f 1532/1532/1532 1533/1533/1533 1531/1531/1531 
f 1531/1531/1531 1533/1533/1533 1533/1533/1533 
f 1533/1533/1533 1532/1532/1532 1533/1533/1533 
f 1533/1533/1533 1532/1532/1532 1532/1532/1532 
f 1532/1532/1532 1534/1534/1534 1532/1532/1532 
f 1532/1532/1532 1534/1534/1534 1533/1533/1533 
f 1534/1534/1534 1535/1535/1535 1533/1533/1533 
f 1533/1533/1533 1535/1535/1535 1535/1535/1535 
f 1535/1535/1535 1536/1536/1536 1535/1535/1535 
f 1535/1535/1535 1536/1536/1536 1536/1536/1536 
f 1536/1536/1536 1537/1537/1537 1536/1536/1536 
f 1536/1536/1536 1537/1537/1537 1538/1538/1538 
f 1537/1537/1537 1539/1539/1539 1538/1538/1538 
f 1538/1538/1538 1539/1539/1539 1539/1539/1539 
f 1539/1539/1539 1537/1537/1537 1539/1539/1539 
f 1539/1539/1539 1537/1537/1537 1537/1537/1537 
f 1537/1537/1537 1540/1540/1540 1537/1537/1537 
f 1537/1537/1537 1540/1540/1540 1539/1539/1539 
f 1540/1540/1540 1541/1541/1541 1539/1539/1539 
f 1539/1539/1539 1541/1541/1541 1541/1541/1541 
f 1541/1541/1541 1540/1540/1540 1541/1541/1541 
f 1541/1541/1541 1540/1540/1540 1540/1540/1540 
f 1540/1540/1540 1542/1542/1542 1540/1540/1540 
f 1540/1540/1540 1542/1542/1542 1541/1541/1541 
f 1542/1542/1542 1543/1543/1543 1541/1541/1541 
f 1541/1541/1541 1543/1543/1543 1543/1543/1543 
f 1543/1543/1543 1544/1544/1544 1543/1543/1543 
f 1543/1543/1543 1544/1544/1544 1544/1544/1544 
f 1544/1544/1544 1545/1545/1545 1544/1544/1544 
f 1544/1544/1544 1545/1545/1545 1546/1546/1546 
f 1545/1545/1545 1547/1547/1547 1546/1546/1546 
f 1546/1546/1546 1547/1547/1547 1547/1547/1547 
f 1547/1547/1547 1545/1545/1545 1547/1547/1547 
f 1547/1547/1547 1545/1545/1545 1545/1545/1545 
f 1545/1545/1545 1548/1548/1548 1545/1545/1545 
f 1545/1545/1545 1548/1548/1548 1547/1547/1547 
f 1548/1548/1548 1549/1549/1549 1547/1547/1547 
f 1547/1547/1547 1549/1549/1549 1549/1549/1549 
f 1549/1549/1549 1548/1548/1548 1549/1549/1549 
f 1549/1549/1549 1548/1548/1548 1548/1548/1548 
f 1548/1548/1548 1550/1550/1550 1548/1548/1548 
f 1548/1548/1548 1550/1550/1550 1549/1549/1549 
f 1550/1550/1550 1551/1551/1551 1549/1549/1549 
f 1549/1549/1549 1551/1551/1551 1551/1551/1551 
f 1551/1551/1551 1552/1552/1552 1551/1551/1551 
f 1551/1551/1551 1552/1552/1552 1552/1552/1552 
f 1552/1552/1552 1553/1553/1553 1552/1552/1552 
f 1552/1552/1552 1553/1553/1553 1554/1554/1554 
f 1553/1553/1553 1555/1555/1555 1554/1554/1554 
f 1554/1554/1554 1555/1555/1555 1555/1555/1555 
f 1555/1555/1555 1553/1553/1553 1555/1555/1555 
f 1555/1555/1555 1553/1553/1553 1553/1553/1553 
f 1553/1553/1553 1556/1556/1556 1553/1553/1553 
f 1553/1553/1553 1556/1556/1556 1555/1555/1555 
f 1556/1556/1556 1557/1557/1557 1555/1555/1555 
f 1555/1555/1555 1557/1557/1557 1557/1557/1557 
f 1557/1557/1557 1556/1556/1556 1557/1557/1557 
f 1557/1557/1557 1556/1556/1556 1556/1556/1556 
f 1556/1556/1556 1558/1558/1558 1556/1556/1556 
f 1556/1556/1556 1558/1558/1558 1557/1557/1557 
f 1558/1558/1558 1559/1559/1559 1557/1557/1557 
f 1557/1557/1557 1559/1559/1559 1559/1559/1559 
f 1559/1559/1559 1560/1560/1560 1559/1559/1559 
f 1559/1559/1559 1560/1560/1560 1560/1560/1560 
f 1560/1560/1560 1561/1561/1561 1560/1560/1560 
f 1560/1560/1560 1561/1561/1561 1562/1562/1562 
f 1561/1561/1561 1563/1563/1563 1562/1562/1562 
f 1562/1562/1562 1563/1563/1563 1563/1563/1563 
f 1563/1563/1563 1561/1561/1561 1563/1563/1563 
f 1563/1563/1563 1561/1561/1561 1561/1561/1561 
f 1561/1561/1561 1564/1564/1564 1561/1561/1561 
f 1561/1561/1561 1564/1564/1564 1563/1563/1563 
f 1564/1564/1564 1565/1565/1565 1563/1563/1563 
f 1563/1563/1563 1565/1565/1565 1565/1565/1565 
f 1565/1565/1565 1564/1564/1564 1565/1565/1565 
f 1565/1565/1565 1564/1564/1564 1564/1564/1564 
f 1564/1564/1564 1566/1566/1566 1564/1564/1564 
f 1564/1564/1564 1566/1566/1566 1565/1565/1565 
f 1566/1566/1566 1567/1567/1567 1565/1565/1565 
f 1565/1565/1565 1567/1567/1567 1567/1567/1567 
f 1567/1567/1567 1568/1568/1568 1567/1567/1567 
f 1567/1567/1567 1568/1568/1568 1568/1568/1568 
f 1568/1568/1568 1569/1569/1569 1568/1568/1568 
f 1568/1568/1568 1569/1569/1569 1570/1570/1570 
f 1569/1569/1569 1571/1571/1571 1570/1570/1570 
f 1570/1570/1570 1571/1571/1571 1571/1571/1571 
f 1571/1571/1571 1569/1569/1569 1571/1571/1571 
f 1571/1571/1571 1569/1569/1569 1569/1569/1569 
f 1569/1569/1569 1572/1572/1572 1569/1569/1569 
f 1569/1569/1569 1572/1572/1572 1571/1571/1571 
f 1572/1572/1572 1573/1573/1573 1571/1571/1571 
f 1571/1571/1571 1573/1573/1573 1573/1573/1573 
f 1573/1573/1573 1572/1572/1572 1573/1573/1573 
f 1573/1573/1573 1572/1572/1572 1572/1572/1572 
f 1572/1572/1572 1574/1574/1574 1572/1572/1572 
f 1572/1572/1572 1574/1574/1574 1573/1573/1573 
f 1574/1574/1574 1575/1575/1575 1573/1573/1573 
f 1573/1573/1573 1575/1575/1575 1575/1575/1575 
f 1575/1575/1575 1576/1576/1576 1575/1575/1575 
f 1575/1575/1575 1576/1576/1576 1576/1576/1576 
f 1576/1576/1576 1577/1577/1577 1576/1576/1576 
f 1576/1576/1576 1577/1577/1577 1578/1578/1578 
f 1577/1577/1577 1579/1579/1579 1578/1578/1578 
f 1578/1578/1578 1579/1579/1579 1580/1580/1580 
f 1579/1579/1579 1581/1581/1581 1580/1580/1580 
f 1580/1580/1580 1581/1581/1581 1582/1582/1582 
f 1581/1581/1581 1583/1583/1583 1582/1582/1582 
f 1582/1582/1582 1583/1583/1583 1583/1583/1583 
f 1583/1583/1583 1584/1584/1584 1583/1583/1583 
f 1583/1583/1583 1584/1584/1584 1584/1584/1584 
f 1584/1584/1584 1585/1585/1585 1584/1584/1584 
f 1584/1584/1584 1585/1585/1585 1586/1586/1586 
f 1585/1585/1585 1587/1587/1587 1586/1586/1586 
f 1586/1586/1586 1587/1587/1587 1588/1588/1588 
f 1587/1587/1587 1589/1589/1589 1588/1588/1588 
f 1588/1588/1588 1589/1589/1589 1590/1590/1590 
f 1589/1589/1589 1591/1591/1591 1590/1590/1590 
f 1590/1590/1590 1591/1591/1591 1592/1592/1592 
f 1591/1591/1591 1593/1593/1593 1592/1592/1592 
f 1592/1592/1592 1593/1593/1593 1593/1593/1593 
f 1593/1593/1593 1594/1594/1594 1593/1593/1593 
f 1593/1593/1593 1594/1594/1594 1594/1594/1594 
f 1594/1594/1594 1595/1595/1595 1594/1594/1594 
f 1594/1594/1594 1595/1595/1595 1596/1596/1596 
f 1595/1595/1595 1597/1597/1597 1596/1596/1596 
f 1596/1596/1596 1597/1597/1597 1598/1598/1598 
f 1597/1597/1597 1599/1599/1599 1598/1598/1598 
f 1598/1598/1598 1599/1599/1599 1600/1600/1600 
f 1599/1599/1599 1601/1601/1601 1600/1600/1600 
f 1600/1600/1600 1601/1601/1601 1601/1601/1601 
f 1601/1601/1601 1602/1602/1602 1601/1601/1601 
f 1601/1601/1601 1602/1602/1602 1602/1602/1602 
f 1602/1602/1602 1603/1603/1603 1602/1602/1602 
f 1602/1602/1602 1603/1603/1603 1604/1604/1604 
f 1603/1603/1603 1605/1605/1605 1604/1604/1604 
f 1604/1604/1604 1605/1605/1605 1606/1606/1606 
f 1605/1605/1605 1607/1607/1607 1606/1606/1606 
f 1606/1606/1606 1607/1607/1607 1608/1608/1608 
f 1607/1607/1607 1609/1609/1609 1608/1608/1608 
f 1608/1608/1608 1609/1609/1609 1609/1609/1609 
f 1609/1609/1609 1610/1610/1610 1609/1609/1609 
f 1609/1609/1609 1610/1610/1610 1610/1610/1610 
f 1610/1610/1610 1611/1611/1611 1610/1610/1610 
f 1610/1610/1610 1611/1611/1611 1612/1612/1612 
f 1611/1611/1611 1613/1613/1613 1612/1612/1612 
f 1612/1612/1612 1613/1613/1613 1614/1614/1614 
f 1613/1613/1613 1615/1615/1615 1614/1614/1614 
f 1614/1614/1614 1615/1615/1615 1616/1616/1616 
f 1615/1615/1615 1617/1617/1617 1616/1616/1616 
f 1616/1616/1616 1617/1617/1617 1618/1618/1618 
f 1617/1617/1617 1619/1619/1619 1618/1618/1618 
f 1618/1618/1618 1619/1619/1619 1619/1619/1619 
f 1619/1619/1619 1620/1620/1620 1619/1619/1619 
f 1619/1619/1619 1620/1620/1620 1620/1620/1620 
f 1620/1620/1620 1621/1621/1621 1620/1620/1620 
f 1620/1620/1620 1621/1621/1621 1622/1622/1622 
f 1621/1621/1621 1623/1623/1623 1622/1622/1622 
f 1622/1622/1622 1623/1623/1623 1623/1623/1623 
f 1623/1623/1623 1624/1624/1624 1623/1623/1623 
f 1623/1623/1623 1624/1624/1624 1624/1624/1624 
f 1624/1624/1624 1625/1625/1625 1624/1624/1624 
f 1624/1624/1624 1625/1625/1625 1626/1626/1626 
f 1625/1625/1625 1627/1627/1627 1626/1626/1626 
f 1626/1626/1626 1627/1627/1627 1627/1627/1627 
f 1627/1627/1627 1628/1628/1628 1627/1627/1627 
f 1627/1627/1627 1628/1628/1628 1628/1628/1628 
f 1628/1628/1628 1629/1629/1629 1628/1628/1628 
f 1628/1628/1628 1629/1629/1629 1630/1630/1630 
f 1629/1629/1629 1631/1631/1631 1630/1630/1630 
f 1630/1630/1630 1631/1631/1631 1632/1632/1632 
f 1631/1631/1631 1633/1633/1633 1632/1632/1632 
f 1632/1632/1632 1633/1633/1633 1634/1634/1634 
f 1633/1633/1633 1635/1635/1635 1634/1634/1634 
f 1634/1634/1634 1635/1635/1635 1635/1635/1635 
f 1635/1635/1635 1636/1636/1636 1635/1635/1635 
f 1635/1635/1635 1636/1636/1636 1636/1636/1636 
f 1636/1636/1636 1637/1637/1637 1636/1636/1636 
f 1636/1636/1636 1637/1637/1637 1638/1638/1638 
f 1637/1637/1637 1639/1639/1639 1638/1638/1638 
f 1638/1638/1638 1639/1639/1639 1639/1639/1639 
f 1639/1639/1639 1640/1640/1640 1639/1639/1639 
f 1639/1639/1639 1640/1640/1640 1640/1640/1640 
f 1640/1640/1640 1641/1641/1641 1640/1640/1640 
f 1640/1640/1640 1641/1641/1641 1642/1642/1642 
f 1641/1641/1641 1643/1643/1643 1642/1642/1642 
f 1642/1642/1642 1643/1643/1643 1644/1644/1644 
f 1643/1643/1643 1645/1645/1645 1644/1644/1644 
f 1644/1644/1644 1645/1645/1645 1646/1646/1646 
f 1645/1645/1645 1647/1647/1647 1646/1646/1646 
f 1646/1646/1646 1647/1647/1647 1648/1648/1648 
f 1647/1647/1647 1649/1649/1649 1648/1648/1648 
f 1648/1648/1648 1649/1649/1649 1649/1649/1649 
f 1649/1649/1649 1650/1650/1650 1649/1649/1649 
f 1649/1649/1649 1650/1650/1650 1650/1650/1650 
f 1650/1650/1650 1651/1651/1651 1650/1650/1650 
f 1650/1650/1650 1651/1651/1651 1652/1652/1652 
f 1651/1651/1651 1653/1653/1653 1652/1652/1652 
f 1652/1652/1652 1653/1653/1653 1654/1654/1654 
f 1653/1653/1653 1655/1655/1655 1654/1654/1654 
f 1654/1654/1654 1655/1655/1655 1656/1656/1656 
f 1655/1655/1655 1657/1657/1657 1656/1656/1656 
f 1656/1656/1656 1657/1657/1657 1657/1657/1657 
f 1657/1657/1657 1658/1658/1658 1657/1657/1657 
f 1657/1657/1657 1658/1658/1658 1658/1658/1658 
f 1658/1658/1658 1659/1659/1659 1658/1658/1658 
f 1658/1658/1658 1659/1659/1659 1660/1660/1660 
f 1659/1659/1659 1661/1661/1661 1660/1660/1660 
f 1660/1660/1660 1661/1661/1661 1661/1661/1661 
f 1661/1661/1661 1662/1662/1662 1661/1661/1661 
f 1661/1661/1661 1662/1662/1662 1662/1662/1662 
f 1662/1662/1662 1663/1663/1663 1662/1662/1662 
f 1662/1662/1662 1663/1663/1663 1664/1664/1664 
f 1663/1663/1663 1665/1665/1665 1664/1664/1664 
f 1664/1664/1664 1665/1665/1665 1666/1666/1666 
f 1665/1665/1665 1667/1667/1667 1666/1666/1666 
f 1666/1666/1666 1667/1667/1667 1668/1668/1668 
f 1667/1667/1667 1669/1669/1669 1668/1668/1668 
f 1668/1668/1668 1669/1669/1669 1669/1669/1669 
f 1669/1669/1669 1670/1670/1670 1669/1669/1669 
f 1669/1669/1669 1670/1670/1670 1670/1670/1670 
f 1670/1670/1670 1671/1671/1671 1670/1670/1670 
f 1670/1670/1670 1671/1671/1671 1672/1672/1672 
f 1671/1671/1671 1673/1673/1673 1672/1672/1672 
f 1672/1672/1672 1673/1673/1673 1673/1673/1673 
f 1673/1673/1673 1674/1674/1674 1673/1673/1673 
f 1673/1673/1673 1674/1674/1674 1674/1674/1674 
f 1674/1674/1674 1675/1675/1675 1674/1674/1674 
f 1674/1674/1674 1675/1675/1675 1676/1676/1676 
f 1675/1675/1675 1677/1677/1677 1676/1676/1676 
f 1676/1676/1676 1677/1677/1677 1678/1678/1678 
f 1677/1677/1677 1679/1679/1679 1678/1678/1678 
f 1678/1678/1678 1679/1679/1679 1680/1680/1680 
f 1679/1679/1679 1681/1681/1681 1680/1680/1680 
f 1680/1680/1680 1681/1681/1681 1681/1681/1681 
f 1681/1681/1681 1682/1682/1682 1681/1681/1681 
f 1681/1681/1681 1682/1682/1682 1682/1682/1682 
f 1682/1682/1682 1683/1683/1683 1682/1682/1682 
f 1682/1682/1682 1683/1683/1683 1684/1684/1684 
f 1683/1683/1683 1685/1685/1685 1684/1684/1684 
f 1684/1684/1684 1685/1685/1685 1685/1685/1685 
f 1685/1685/1685 1686/1686/1686 1685/1685/1685 
f 1685/1685/1685 1686/1686/1686 1686/1686/1686 
f 1686/1686/1686 1687/1687/1687 1686/1686/1686 
f 1686/1686/1686 1687/1687/1687 1688/1688/1688 
f 1687/1687/1687 1689/1689/1689 1688/1688/1688 
f 1688/1688/1688 1689/1689/1689 1689/1689/1689 
f 1689/1689/1689 1690/1690/1690 1689/1689/1689 
f 1689/1689/1689 1690/1690/1690 1690/1690/1690 
f 1690/1690/1690 1691/1691/1691 1690/1690/1690 
f 1690/1690/1690 1691/1691/1691 1692/1692/1692 
f 1691/1691/1691 1693/1693/1693 1692/1692/1692 
f 1692/1692/1692 1693/1693/1693 1694/1694/1694 
f 1693/1693/1693 1695/1695/1695 1694/1694/1694 
f 1694/1694/1694 1695/1695/1695 1696/1696/1696 
f 1695/1695/1695 1697/1697/1697 1696/1696/1696 
f 1696/1696/1696 1697/1697/1697 1697/1697/1697 
f 1697/1697/1697 1698/1698/1698 1697/1697/1697 
f 1697/1697/1697 1698/1698/1698 1698/1698/1698 
f 1698/1698/1698 1699/1699/1699 1698/1698/1698 
f 1698/1698/1698 1699/1699/1699 1700/1700/1700 
f 1699/1699/1699 1701/1701/1701 1700/1700/1700 
f 1700/1700/1700 1701/1701/1701 1701/1701/1701 
f 1701/1701/1701 1702/1702/1702 1701/1701/1701 
f 1701/1701/1701 1702/1702/1702 1702/1702/1702 
f 1702/1702/1702 1703/1703/1703 1702/1702/1702 
f 1702/1702/1702 1703/1703/1703 1704/1704/1704 
f 1703/1703/1703 1705/1705/1705 1704/1704/1704 
f 1704/1704/1704 1705/1705/1705 1705/1705/1705 
f 1705/1705/1705 1706/1706/1706 1705/1705/1705 
f 1705/1705/1705 1706/1706/1706 1706/1706/1706 
f 1706/1706/1706 1707/1707/1707 1706/1706/1706 
f 1706/1706/1706 1707/1707/1707 1708/1708/1708 
f 1707/1707/1707 1709/1709/1709 1708/1708/1708 
f 1708/1708/1708 1709/1709/1709 1710/1710/1710 
f 1709/1709/1709 1711/1711/1711 1710/1710/1710 
f 1710/1710/1710 1711/1711/1711 1712/1712/1712 
f 1711/1711/1711 1713/1713/1713 1712/1712/1712 
f 1712/1712/1712 1713/1713/1713 1714/1714/1714 
f 1713/1713/1713 1715/1715/1715 1714/1714/1714 
f 1714/1714/1714 1715/1715/1715 1716/1716/1716 
f 1715/1715/1715 1717/1717/1717 1716/1716/1716 
f 1716/1716/1716 1717/1717/1717 1718/1718/1718 
f 1717/1717/1717 1719/1719/1719 1718/1718/1718 
f 1718/1718/1718 1719/1719/1719 1720/1720/1720 
f 1719/1719/1719 1721/1721/1721 1720/1720/1720 
f 1720/1720/1720 1721/1721/1721 1722/1722/1722 
f 1721/1721/1721 1723/1723/1723 1722/1722/1722 
f 1722/1722/1722 1723/1723/1723 1724/1724/1724 
f 1723/1723/1723 1725/1725/1725 1724/1724/1724 
f 1724/1724/1724 1725/1725/1725 1726/1726/1726 
f 1725/1725/1725 1727/1727/1727 1726/1726/1726 
f 1726/1726/1726 1727/1727/1727 1728/1728/1728 
f 1727/1727/1727 1729/1729/1729 1728/1728/1728 
f 1728/1728/1728 1729/1729/1729 1730/1730/1730 
f 1729/1729/1729 1731/1731/1731 1730/1730/1730 
f 1730/1730/1730 1731/1731/1731 1732/1732/1732 
f 1731/1731/1731 1733/1733/1733 1732/1732/1732 
f 1732/1732/1732 1733/1733/1733 1734/1734/1734 
f 1733/1733/1733 1735/1735/1735 1734/1734/1734 
f 1734/1734/1734 1735/1735/1735 1736/1736/1736 
f 1735/1735/1735 1737/1737/1737 1736/1736/1736 
f 1736/1736/1736 1737/1737/1737 1738/1738/1738 
f 1737/1737/1737 1739/1739/1739 1738/1738/1738 
f 1738/1738/1738 1739/1739/1739 1739/1739/1739 
f 1739/1739/1739 1740/1740/1740 1739/1739/1739 
f 1739/1739/1739 1740/1740/1740 1740/1740/1740 
f 1740/1740/1740 1741/1741/1741 1740/1740/1740 
f 1740/1740/1740 1741/1741/1741 1742/1742/1742 
f 1741/1741/1741 1743/1743/1743 1742/1742/1742 
f 1742/1742/1742 1743/1743/1743 1744/1744/1744 
f 1743/1743/1743 1745/1745/1745 1744/1744/1744 
f 1744/1744/1744 1745/1745/1745 1746/1746/1746 
f 1745/1745/1745 1747/1747/1747 1746/1746/1746 
f 1746/1746/1746 1747/1747/1747 1747/1747/1747 
f 1747/1747/1747 1748/1748/1748 1747/1747/1747 
f 1747/1747/1747 1748/1748/1748 1748/1748/1748 
f 1748/1748/1748 1749/1749/1749 1748/1748/1748 
f 1748/1748/1748 1749/1749/1749 1750/1750/1750 
f 1749/1749/1749 1751/1751/1751 1750/1750/1750 
f 1750/1750/1750 1751/1751/1751 1751/1751/1751 
f 1751/1751/1751 1752/1752/1752 1751/1751/1751 
f 1751/1751/1751 1752/1752/1752 1752/1752/1752 
f 1752/1752/1752 1753/1753/1753 1752/1752/1752 
f 1752/1752/1752 1753/1753/1753 1754/1754/1754 
f 1753/1753/1753 1755/1755/1755 1754/1754/1754 
f 1754/1754/1754 1755/1755/1755 1756/1756/1756 
f 1755/1755/1755 1757/1757/1757 1756/1756/1756 
f 1756/1756/1756 1757/1757/1757 1758/1758/1758 
f 1757/1757/1757 1759/1759/1759 1758/1758/1758 
f 1758/1758/1758 1759/1759/1759 1759/1759/1759 
f 1759/1759/1759 1760/1760/1760 1759/1759/1759 
f 1759/1759/1759 1760/1760/1760 1760/1760/1760 
f 1760/1760/1760 1761/1761/1761 1760/1760/1760 
f 1760/1760/1760 1761/1761/1761 1762/1762/1762 
f 1761/1761/1761 1763/1763/1763 1762/1762/1762 
f 1762/1762/1762 1763/1763/1763 1763/1763/1763 
f 1763/1763/1763 1764/1764/1764 1763/1763/1763 
f 1763/1763/1763 1764/1764/1764 1764/1764/1764 
f 1764/1764/1764 1765/1765/1765 1764/1764/1764 
f 1764/1764/1764 1765/1765/1765 1766/1766/1766 
f 1765/1765/1765 1767/1767/1767 1766/1766/1766 
f 1766/1766/1766 1767/1767/1767 1768/1768/1768 
f 1767/1767/1767 1769/1769/1769 1768/1768/1768 
f 1768/1768/1768 1769/1769/1769 1770/1770/1770 
f 1769/1769/1769 1771/1771/1771 1770/1770/1770 
f 1770/1770/1770 1771/1771/1771 1771/1771/1771 
f 1771/1771/1771 1772/1772/1772 1771/1771/1771 
f 1771/1771/1771 1772/1772/1772 1772/1772/1772 
f 1772/1772/1772 1773/1773/1773 1772/1772/1772 
f 1772/1772/1772 1773/1773/1773 1774/1774/1774 
f 1773/1773/1773 1775/1775/1775 1774/1774/1774 
f 1774/1774/1774 1775/1775/1775 1775/1775/1775 
f 1775/1775/1775 1776/1776/1776 1775/1775/1775 
f 1775/1775/1775 1776/1776/1776 1776/1776/1776 
f 1776/1776/1776 1777/1777/1777 1776/1776/1776 
f 1776/1776/1776 1777/1777/1777 1778/1778/1778 
f 1777/1777/1777 1779/1779/1779 1778/1778/1778 
f 1778/1778/1778 1779/1779/1779 1779/1779/1779 
f 1779/1779/1779 1780/1780/1780 1779/1779/1779 
f 1779/1779/1779 1780/1780/1780 1780/1780/1780 
f 1780/1780/1780 1781/1781/1781 1780/1780/1780 
f 1780/1780/1780 1781/1781/1781 1782/1782/1782 
f 1781/1781/1781 1783/1783/1783 1782/1782/1782 
f 1782/1782/1782 1783/1783/1783 1784/1784/1784 
f 1783/1783/1783 1785/1785/1785 1784/1784/1784 
f 1784/1784/1784 1785/1785/1785 1786/1786/1786 
f 1785/1785/1785 1787/1787/1787 1786/1786/1786 
f 1786/1786/1786 1787/1787/1787 1787/1787/1787 
f 1787/1787/1787 1788/1788/1788 1787/1787/1787 
f 1787/1787/1787 1788/1788/1788 1788/1788/1788 
f 1788/1788/1788 1789/1789/1789 1788/1788/1788 
f 1788/1788/1788 1789/1789/1789 1790/1790/1790 
f 1789/1789/1789 1791/1791/1791 1790/1790/1790 
f 1790/1790/1790 1791/1791/1791 1791/1791/1791 
f 1791/1791/1791 1792/1792/1792 1791/1791/1791 
f 1791/1791/1791 1792/1792/1792 1792/1792/1792 
f 1792/1792/1792 1793/1793/1793 1792/1792/1792 
f 1792/1792/1792 1793/1793/1793 1794/1794/1794 
f 1793/1793/1793 1795/1795/1795 1794/1794/1794 
f 1794/1794/1794 1795/1795/1795 1795/1795/1795 
f 1795/1795/1795 1793/1793/1793 1795/1795/1795 
f 1795/1795/1795 1793/1793/1793 1793/1793/1793 
f 1793/1793/1793 1796/1796/1796 1793/1793/1793 
f 1793/1793/1793 1796/1796/1796 1795/1795/1795 
f 1796/1796/1796 1797/1797/1797 1795/1795/1795 
f 1795/1795/1795 1797/1797/1797 1797/1797/1797 
f 1797/1797/1797 1796/1796/1796 1797/1797/1797 
f 1797/1797/1797 1796/1796/1796 1796/1796/1796 
f 1796/1796/1796 1798/1798/1798 1796/1796/1796 
f 1796/1796/1796 1798/1798/1798 1797/1797/1797 
f 1798/1798/1798 1799/1799/1799 1797/1797/1797 
f 1797/1797/1797 1799/1799/1799 1799/1799/1799 
f 1799/1799/1799 1798/1798/1798 1799/1799/1799 
f 1799/1799/1799 1798/1798/1798 1798/1798/1798 
f 1798/1798/1798 1800/1800/1800 1798/1798/1798 
f 1798/1798/1798 1800/1800/1800 1799/1799/1799 
f 1800/1800/1800 1801/1801/1801 1799/1799/1799 
f 1799/1799/1799 1801/1801/1801 1801/1801/1801 
f 1801/1801/1801 1802/1802/1802 1801/1801/1801 
f 1801/1801/1801 1802/1802/1802 1802/1802/1802 
f 1802/1802/1802 1803/1803/1803 1802/1802/1802 
f 1802/1802/1802 1803/1803/1803 1804/1804/1804 
f 1803/1803/1803 1805/1805/1805 1804/1804/1804 
f 1804/1804/1804 1805/1805/1805 1806/1806/1806 
f 1805/1805/1805 1807/1807/1807 1806/1806/1806 
f 1806/1806/1806 1807/1807/1807 1808/1808/1808 
f 1807/1807/1807 1809/1809/1809 1808/1808/1808 
f 1808/1808/1808 1809/1809/1809 1809/1809/1809 
f 1809/1809/1809 1810/1810/1810 1809/1809/1809 
f 1809/1809/1809 1810/1810/1810 1810/1810/1810 
f 1810/1810/1810 1811/1811/1811 1810/1810/1810 
f 1810/1810/1810 1811/1811/1811 1812/1812/1812 
f 1811/1811/1811 1813/1813/1813 1812/1812/1812 
f 1812/1812/1812 1813/1813/1813 1813/1813/1813 
f 1813/1813/1813 1811/1811/1811 1813/1813/1813 
f 1813/1813/1813 1811/1811/1811 1811/1811/1811 
f 1811/1811/1811 1814/1814/1814 1811/1811/1811 
f 1811/1811/1811 1814/1814/1814 1813/1813/1813 
f 1814/1814/1814 1815/1815/1815 1813/1813/1813 
f 1813/1813/1813 1815/1815/1815 1815/1815/1815 
f 1815/1815/1815 1814/1814/1814 1815/1815/1815 
f 1815/1815/1815 1814/1814/1814 1816/1816/1816 
f 1814/1814/1814 1817/1817/1817 1816/1816/1816 
f 1816/1816/1816 1817/1817/1817 1817/1817/1817 
f 1817/1817/1817 1818/1818/1818 1817/1817/1817 
f 1817/1817/1817 1818/1818/1818 1818/1818/1818 
f 1818/1818/1818 1819/1819/1819 1818/1818/1818 
f 1818/1818/1818 1819/1819/1819 1820/1820/1820 
f 1819/1819/1819 1821/1821/1821 1820/1820/1820 
f 1820/1820/1820 1821/1821/1821 1822/1822/1822 
f 1821/1821/1821 1823/1823/1823 1822/1822/1822 
f 1822/1822/1822 1823/1823/1823 1824/1824/1824 
f 1823/1823/1823 1825/1825/1825 1824/1824/1824 
f 1824/1824/1824 1825/1825/1825 1825/1825/1825 
f 1825/1825/1825 1826/1826/1826 1825/1825/1825 
f 1825/1825/1825 1826/1826/1826 1826/1826/1826 
f 1826/1826/1826 1827/1827/1827 1826/1826/1826 
f 1826/1826/1826 1827/1827/1827 1828/1828/1828 
f 1827/1827/1827 1829/1829/1829 1828/1828/1828 
f 1828/1828/1828 1829/1829/1829 1830/1830/1830 
f 1829/1829/1829 1831/1831/1831 1830/1830/1830 
f 1830/1830/1830 1831/1831/1831 1832/1832/1832 
f 1831/1831/1831 1833/1833/1833 1832/1832/1832 
f 1832/1832/1832 1833/1833/1833 1833/1833/1833 
f 1833/1833/1833 1834/1834/1834 1833/1833/1833 
f 1833/1833/1833 1834/1834/1834 1834/1834/1834 
f 1834/1834/1834 1835/1835/1835 1834/1834/1834 
f 1834/1834/1834 1835/1835/1835 1836/1836/1836 
f 1835/1835/1835 1837/1837/1837 1836/1836/1836 
f 1836/1836/1836 1837/1837/1837 1837/1837/1837 
f 1837/1837/1837 1835/1835/1835 1837/1837/1837 
f 1837/1837/1837 1835/1835/1835 1835/1835/1835 
f 1835/1835/1835 1838/1838/1838 1835/1835/1835 
f 1835/1835/1835 1838/1838/1838 1837/1837/1837 
f 1838/1838/1838 1839/1839/1839 1837/1837/1837 
f 1837/1837/1837 1839/1839/1839 1839/1839/1839 
f 1839/1839/1839 1838/1838/1838 1839/1839/1839 
f 1839/1839/1839 1838/1838/1838 1838/1838/1838 
f 1838/1838/1838 1840/1840/1840 1838/1838/1838 
f 1838/1838/1838 1840/1840/1840 1839/1839/1839 
f 1840/1840/1840 1841/1841/1841 1839/1839/1839 
f 1839/1839/1839 1841/1841/1841 1841/1841/1841 
f 1841/1841/1841 1840/1840/1840 1841/1841/1841 
f 1841/1841/1841 1840/1840/1840 1840/1840/1840 
f 1840/1840/1840 1842/1842/1842 1840/1840/1840 
f 1840/1840/1840 1842/1842/1842 1841/1841/1841 
f 1842/1842/1842 1843/1843/1843 1841/1841/1841 
f 1841/1841/1841 1843/1843/1843 1843/1843/1843 
f 1843/1843/1843 1844/1844/1844 1843/1843/1843 
f 1843/1843/1843 1844/1844/1844 1844/1844/1844 
f 1844/1844/1844 1845/1845/1845 1844/1844/1844 
f 1844/1844/1844 1845/1845/1845 1846/1846/1846 
f 1845/1845/1845 1847/1847/1847 1846/1846/1846 
f 1846/1846/1846 1847/1847/1847 1848/1848/1848 
f 1847/1847/1847 1849/1849/1849 1848/1848/1848 
f 1848/1848/1848 1849/1849/1849 1850/1850/1850 
f 1849/1849/1849 1851/1851/1851 1850/1850/1850 
f 1850/1850/1850 1851/1851/1851 1851/1851/1851 
f 1851/1851/1851 1852/1852/1852 1851/1851/1851 
f 1851/1851/1851 1852/1852/1852 1852/1852/1852 
f 1852/1852/1852 1853/1853/1853 1852/1852/1852 
f 1852/1852/1852 1853/1853/1853 1854/1854/1854 
f 1853/1853/1853 1855/1855/1855 1854/1854/1854 
f 1854/1854/1854 1855/1855/1855 1855/1855/1855 
f 1855/1855/1855 1853/1853/1853 1855/1855/1855 
f 1855/1855/1855 1853/1853/1853 1853/1853/1853 
f 1853/1853/1853 1856/1856/1856 1853/1853/1853 
f 1853/1853/1853 1856/1856/1856 1855/1855/1855 
f 1856/1856/1856 1857/1857/1857 1855/1855/1855 
f 1855/1855/1855 1857/1857/1857 1857/1857/1857 
f 1857/1857/1857 1856/1856/1856 1857/1857/1857 
f 1857/1857/1857 1856/1856/1856 1856/1856/1856 
f 1856/1856/1856 1858/1858/1858 1856/1856/1856 
f 1856/1856/1856 1858/1858/1858 1857/1857/1857 
f 1858/1858/1858 1859/1859/1859 1857/1857/1857 
f 1857/1857/1857 1859/1859/1859 1859/1859/1859 
f 1859/1859/1859 1860/1860/1860 1859/1859/1859 
f 1859/1859/1859 1860/1860/1860 1860/1860/1860 
f 1860/1860/1860 1861/1861/1861 1860/1860/1860 
f 1860/1860/1860 1861/1861/1861 1862/1862/1862 
f 1861/1861/1861 1863/1863/1863 1862/1862/1862 
f 1862/1862/1862 1863/1863/1863 1863/1863/1863 
f 1863/1863/1863 1864/1864/1864 1863/1863/1863 
f 1863/1863/1863 1864/1864/1864 1864/1864/1864 
f 1864/1864/1864 1865/1865/1865 1864/1864/1864 
f 1864/1864/1864 1865/1865/1865 1866/1866/1866 
f 1865/1865/1865 1867/1867/1867 1866/1866/1866 
f 1866/1866/1866 1867/1867/1867 1868/1868/1868 
f 1867/1867/1867 1869/1869/1869 1868/1868/1868 
f 1868/1868/1868 1869/1869/1869 1870/1870/1870 
f 1869/1869/1869 1871/1871/1871 1870/1870/1870 
f 1870/1870/1870 1871/1871/1871 1872/1872/1872 
f 1871/1871/1871 1873/1873/1873 1872/1872/1872 
f 1872/1872/1872 1873/1873/1873 1873/1873/1873 
f 1873/1873/1873 1874/1874/1874 1873/1873/1873 
f 1873/1873/1873 1874/1874/1874 1874/1874/1874 
f 1874/1874/1874 1875/1875/1875 1874/1874/1874 
f 1874/1874/1874 1875/1875/1875 1876/1876/1876 
f 1875/1875/1875 1877/1877/1877 1876/1876/1876 
f 1876/1876/1876 1877/1877/1877 1878/1878/1878 
f 1877/1877/1877 1879/1879/1879 1878/1878/1878 
f 1878/1878/1878 1879/1879/1879 1880/1880/1880 
f 1879/1879/1879 1881/1881/1881 1880/1880/1880 
f 1880/1880/1880 1881/1881/1881 1882/1882/1882 
f 1881/1881/1881 1883/1883/1883 1882/1882/1882 
f 1882/1882/1882 1883/1883/1883 1883/1883/1883 
f 1883/1883/1883 1884/1884/1884 1883/1883/1883 
f 1883/1883/1883 1884/1884/1884 1884/1884/1884 
f 1884/1884/1884 1885/1885/1885 1884/1884/1884 
f 1884/1884/1884 1885/1885/1885 1886/1886/1886 
f 1885/1885/1885 1887/1887/1887 1886/1886/1886 
f 1886/1886/1886 1887/1887/1887 1887/1887/1887 
f 1887/1887/1887 1885/1885/1885 1887/1887/1887 
f 1887/1887/1887 1885/1885/1885 1885/1885/1885 
f 1885/1885/1885 1888/1888/1888 1885/1885/1885 
f 1885/1885/1885 1888/1888/1888 1887/1887/1887 
f 1888/1888/1888 1889/1889/1889 1887/1887/1887 
f 1887/1887/1887 1889/1889/1889 1889/1889/1889 
f 1889/1889/1889 1890/1890/1890 1889/1889/1889 
f 1889/1889/1889 1890/1890/1890 1890/1890/1890 
f 1890/1890/1890 1891/1891/1891 1890/1890/1890 
f 1890/1890/1890 1891/1891/1891 1892/1892/1892 
f 1891/1891/1891 1893/1893/1893 1892/1892/1892 
f 1892/1892/1892 1893/1893/1893 1894/1894/1894 
f 1893/1893/1893 1895/1895/1895 1894/1894/1894 
f 1894/1894/1894 1895/1895/1895 1896/1896/1896 
f 1895/1895/1895 1897/1897/1897 1896/1896/1896 
f 1896/1896/1896 1897/1897/1897 1897/1897/1897 
f 1897/1897/1897 1898/1898/1898 1897/1897/1897 
f 1897/1897/1897 1898/1898/1898 1898/1898/1898 
f 1898/1898/1898 1899/1899/1899 1898/1898/1898 
f 1898/1898/1898 1899/1899/1899 1900/1900/1900 
f 1899/1899/1899 1901/1901/1901 1900/1900/1900 
f 1900/1900/1900 1901/1901/1901 1901/1901/1901 
f 1901/1901/1901 1902/1902/1902 1901/1901/1901 
f 1901/1901/1901 1902/1902/1902 1902/1902/1902 
f 1902/1902/1902 1903/1903/1903 1902/1902/1902 
f 1902/1902/1902 1903/1903/1903 1904/1904/1904 
f 1903/1903/1903 1905/1905/1905 1904/1904/1904 
f 1904/1904/1904 1905/1905/1905 1905/1905/1905 
f 1905/1905/1905 1906/1906/1906 1905/1905/1905 
f 1905/1905/1905 1906/1906/1906 1906/1906/1906 
f 1906/1906/1906 1907/1907/1907 1906/1906/1906 
f 1906/1906/1906 1907/1907/1907 1908/1908/1908 
f 1907/1907/1907 1909/1909/1909 1908/1908/1908 
f 1908/1908/1908 1909/1909/1909 1910/1910/1910 
f 1909/1909/1909 1911/1911/1911 1910/1910/1910 
f 1910/1910/1910 1911/1911/1911 1912/1912/1912 
f 1911/1911/1911 1912/1912/1912 1912/1912/1912 
f 1912/1912/1912 1912/1912/1912 1913/1913/1913 
f 1912/1912/1912 1913/1913/1913 1913/1913/1913 
f 1913/1913/1913 1913/1913/1913 1913/1913/1913 
f 1913/1913/1913 1914/1914/1914 1913/1913/1913 
f 1913/1913/1913 1914/1914/1914 1915/1915/1915 
f 1914/1914/1914 1916/1916/1916 1915/1915/1915 
f 1915/1915/1915 1916/1916/1916 1916/1916/1916 
f 1916/1916/1916 1914/1914/1914 1916/1916/1916 
f 1916/1916/1916 1914/1914/1914 1914/1914/1914 
f 1914/1914/1914 1917/1917/1917 1914/1914/1914 
f 1914/1914/1914 1917/1917/1917 1916/1916/1916 
f 1917/1917/1917 1918/1918/1918 1916/1916/1916 
f 1916/1916/1916 1918/1918/1918 1918/1918/1918 
f 1918/1918/1918 1917/1917/1917 1918/1918/1918 
f 1918/1918/1918 1917/1917/1917 1917/1917/1917 
f 1917/1917/1917 1919/1919/1919 1917/1917/1917 
f 1917/1917/1917 1919/1919/1919 1918/1918/1918 
f 1919/1919/1919 1920/1920/1920 1918/1918/1918 
f 1918/1918/1918 1920/1920/1920 1920/1920/1920 
f 1920/1920/1920 1919/1919/1919 1920/1920/1920 
f 1920/1920/1920 1919/1919/1919 1919/1919/1919 
f 1919/1919/1919 1921/1921/1921 1919/1919/1919 
f 1919/1919/1919 1921/1921/1921 1920/1920/1920 
f 1921/1921/1921 1922/1922/1922 1920/1920/1920 
f 1920/1920/1920 1922/1922/1922 1922/1922/1922 
f 1922/1922/1922 1921/1921/1921 1922/1922/1922 
f 1922/1922/1922 1921/1921/1921 1921/1921/1921 
f 1921/1921/1921 1923/1923/1923 1921/1921/1921 
f 1921/1921/1921 1923/1923/1923 1922/1922/1922 
f 1923/1923/1923 1924/1924/1924 1922/1922/1922 
f 1922/1922/1922 1924/1924/1924 1924/1924/1924 
f 1924/1924/1924 1923/1923/1923 1924/1924/1924 
f 1924/1924/1924 1923/1923/1923 1923/1923/1923 
f 1923/1923/1923 1925/1925/1925 1923/1923/1923 
f 1923/1923/1923 1925/1925/1925 1924/1924/1924 
f 1925/1925/1925 1926/1926/1926 1924/1924/1924 
f 1924/1924/1924 1926/1926/1926 1926/1926/1926 
f 1926/1926/1926 1925/1925/1925 1926/1926/1926 
f 1926/1926/1926 1925/1925/1925 1925/1925/1925 
f 1925/1925/1925 1927/1927/1927 1925/1925/1925 
f 1925/1925/1925 1927/1927/1927 1926/1926/1926 
f 1927/1927/1927 1928/1928/1928 1926/1926/1926 
f 1926/1926/1926 1928/1928/1928 1928/1928/1928 
f 1928/1928/1928 1929/1929/1929 1928/1928/1928 
f 1928/1928/1928 1929/1929/1929 1929/1929/1929 
f 1929/1929/1929 1930/1930/1930 1929/1929/1929 
f 1929/1929/1929 1930/1930/1930 1931/1931/1931 
f 1930/1930/1930 1932/1932/1932 1931/1931/1931 
f 1931/1931/1931 1932/1932/1932 1932/1932/1932 
f 1932/1932/1932 1930/1930/1930 1932/1932/1932 
f 1932/1932/1932 1930/1930/1930 1930/1930/1930 
f 1930/1930/1930 1933/1933/1933 1930/1930/1930 
f 1930/1930/1930 1933/1933/1933 1932/1932/1932 
f 1933/1933/1933 1934/1934/1934 1932/1932/1932 
f 1932/1932/1932 1934/1934/1934 1934/1934/1934 
f 1934/1934/1934 1933/1933/1933 1934/1934/1934 
f 1934/1934/1934 1933/1933/1933 1933/1933/1933 
f 1933/1933/1933 1935/1935/1935 1933/1933/1933 
f 1933/1933/1933 1935/1935/1935 1934/1934/1934 
f 1935/1935/1935 1936/1936/1936 1934/1934/1934 
f 1934/1934/1934 1936/1936/1936 1936/1936/1936 
f 1936/1936/1936 1935/1935/1935 1936/1936/1936 
f 1936/1936/1936 1935/1935/1935 1935/1935/1935 
f 1935/1935/1935 1937/1937/1937 1935/1935/1935 
f 1935/1935/1935 1937/1937/1937 1936/1936/1936 
f 1937/1937/1937 1938/1938/1938 1936/1936/1936 
f 1936/1936/1936 1938/1938/1938 1938/1938/1938 
f 1938/1938/1938 1937/1937/1937 1938/1938/1938 
f 1938/1938/1938 1937/1937/1937 1937/1937/1937 
f 1937/1937/1937 1939/1939/1939 1937/1937/1937 
f 1937/1937/1937 1939/1939/1939 1938/1938/1938 
f 1939/1939/1939 1940/1940/1940 1938/1938/1938 
f 1938/1938/1938 1940/1940/1940 1940/1940/1940 
f 1940/1940/1940 1939/1939/1939 1940/1940/1940 
f 1940/1940/1940 1939/1939/1939 1939/1939/1939 
f 1939/1939/1939 1941/1941/1941 1939/1939/1939 
f 1939/1939/1939 1941/1941/1941 1940/1940/1940 
f 1941/1941/1941 1942/1942/1942 1940/1940/1940 
f 1940/1940/1940 1942/1942/1942 1942/1942/1942 
f 1942/1942/1942 1941/1941/1941 1942/1942/1942 
f 1942/1942/1942 1941/1941/1941 1941/1941/1941 
f 1941/1941/1941 1943/1943/1943 1941/1941/1941 
f 1941/1941/1941 1943/1943/1943 1942/1942/1942 
f 1943/1943/1943 1944/1944/1944 1942/1942/1942 
f 1942/1942/1942 1944/1944/1944 1944/1944/1944 
f 1944/1944/1944 1945/1945/1945 1944/1944/1944 
f 1944/1944/1944 1945/1945/1945 1945/1945/1945 
f 1945/1945/1945 1946/1946/1946 1945/1945/1945 
f 1945/1945/1945 1946/1946/1946 1947/1947/1947 
f 1946/1946/1946 1948/1948/1948 1947/1947/1947 
f 1947/1947/1947 1948/1948/1948 1949/1949/1949 
f 1948/1948/1948 1950/1950/1950 1949/1949/1949 
f 1949/1949/1949 1950/1950/1950 1951/1951/1951 
f 1950/1950/1950 1952/1952/1952 1951/1951/1951 
f 1951/1951/1951 1952/1952/1952 1953/1953/1953 
f 1952/1952/1952 1954/1954/1954 1953/1953/1953 
f 1953/1953/1953 1954/1954/1954 1955/1955/1955 
f 1954/1954/1954 1956/1956/1956 1955/1955/1955 
f 1955/1955/1955 1956/1956/1956 1957/1957/1957 
f 1956/1956/1956 1958/1958/1958 1957/1957/1957 
f 1957/1957/1957 1958/1958/1958 1959/1959/1959 
f 1958/1958/1958 1960/1960/1960 1959/1959/1959 
f 1959/1959/1959 1960/1960/1960 1960/1960/1960 
f 1960/1960/1960 1961/1961/1961 1960/1960/1960 
f 1960/1960/1960 1961/1961/1961 1961/1961/1961 
f 1961/1961/1961 1962/1962/1962 1961/1961/1961 
f 1961/1961/1961 1962/1962/1962 1963/1963/1963 
f 1962/1962/1962 1964/1964/1964 1963/1963/1963 
f 1963/1963/1963 1964/1964/1964 1965/1965/1965 
f 1964/1964/1964 1966/1966/1966 1965/1965/1965 
f 1965/1965/1965 1966/1966/1966 1967/1967/1967 
f 1966/1966/1966 1968/1968/1968 1967/1967/1967 
f 1967/1967/1967 1968/1968/1968 1969/1969/1969 
f 1968/1968/1968 1970/1970/1970 1969/1969/1969 
f 1969/1969/1969 1970/1970/1970 1971/1971/1971 
f 1970/1970/1970 1972/1972/1972 1971/1971/1971 
f 1971/1971/1971 1972/1972/1972 1973/1973/1973 
f 1972/1972/1972 1974/1974/1974 1973/1973/1973 
f 1973/1973/1973 1974/1974/1974 1975/1975/1975 
f 1974/1974/1974 1976/1976/1976 1975/1975/1975 
f 1975/1975/1975 1976/1976/1976 1976/1976/1976 
f 1976/1976/1976 1977/1977/1977 1976/1976/1976 
f 1976/1976/1976 1977/1977/1977 1977/1977/1977 
f 1977/1977/1977 1978/1978/1978 1977/1977/1977 
f 1977/1977/1977 1978/1978/1978 1979/1979/1979 
f 1978/1978/1978 1980/1980/1980 1979/1979/1979 
f 1979/1979/1979 1980/1980/1980 1980/1980/1980 
f 1980/1980/1980 1981/1981/1981 1980/1980/1980 
f 1980/1980/1980 1981/1981/1981 1981/1981/1981 
f 1981/1981/1981 1982/1982/1982 1981/1981/1981 
f 1981/1981/1981 1982/1982/1982 1983/1983/1983 
f 1982/1982/1982 1984/1984/1984 1983/1983/1983 
f 1983/1983/1983 1984/1984/1984 1984/1984/1984 
f 1984/1984/1984 1985/1985/1985 1984/1984/1984 
f 1984/1984/1984 1985/1985/1985 1985/1985/1985 
f 1985/1985/1985 1986/1986/1986 1985/1985/1985 
f 1985/1985/1985 1986/1986/1986 1987/1987/1987 
f 1986/1986/1986 1988/1988/1988 1987/1987/1987 
f 1987/1987/1987 1988/1988/1988 1988/1988/1988 
f 1988/1988/1988 1986/1986/1986 1988/1988/1988 
f 1988/1988/1988 1986/1986/1986 1986/1986/1986 
f 1986/1986/1986 1989/1989/1989 1986/1986/1986 
f 1986/1986/1986 1989/1989/1989 1988/1988/1988 
f 1989/1989/1989 1990/1990/1990 1988/1988/1988 
f 1988/1988/1988 1990/1990/1990 1990/1990/1990 
f 1990/1990/1990 1989/1989/1989 1990/1990/1990 
f 1990/1990/1990 1989/1989/1989 1989/1989/1989 
f 1989/1989/1989 1991/1991/1991 1989/1989/1989 
f 1989/1989/1989 1991/1991/1991 1990/1990/1990 
f 1991/1991/1991 1992/1992/1992 1990/1990/1990 
f 1990/1990/1990 1992/1992/1992 1992/1992/1992 
f 1992/1992/1992 1991/1991/1991 1992/1992/1992 
f 1992/1992/1992 1991/1991/1991 1991/1991/1991 
f 1991/1991/1991 1993/1993/1993 1991/1991/1991 
f 1991/1991/1991 1993/1993/1993 1992/1992/1992 
f 1993/1993/1993 1994/1994/1994 1992/1992/1992 
f 1992/1992/1992 1994/1994/1994 1994/1994/1994 
f 1994/1994/1994 1993/1993/1993 1994/1994/1994 
f 1994/1994/1994 1993/1993/1993 1993/1993/1993 
f 1993/1993/1993 1995/1995/1995 1993/1993/1993 
f 1993/1993/1993 1995/1995/1995 1994/1994/1994 
f 1995/1995/1995 1996/1996/1996 1994/1994/1994 
f 1994/1994/1994 1996/1996/1996 1996/1996/1996 
f 1996/1996/1996 1995/1995/1995 1996/1996/1996 
f 1996/1996/1996 1995/1995/1995 1995/1995/1995 
f 1995/1995/1995 1997/1997/1997 1995/1995/1995 
f 1995/1995/1995 1997/1997/1997 1996/1996/1996 
f 1997/1997/1997 1998/1998/1998 1996/1996/1996 
f 1996/1996/1996 1998/1998/1998 1998/1998/1998 
f 1998/1998/1998 1997/1997/1997 1998/1998/1998 
f 1998/1998/1998 1997/1997/1997 1997/1997/1997 
f 1997/1997/1997 1999/1999/1999 1997/1997/1997 
f 1997/1997/1997 1999/1999/1999 1998/1998/1998 
f 1999/1999/1999 2000/2000/2000 1998/1998/1998 
f 1998/1998/1998 2000/2000/2000 2000/2000/2000 
f 2000/2000/2000 790/790/790 2000/2000/2000 
f 2000/2000/2000 790/790/790 790/790/790 
f 790/790/790 2001/2001/2001 790/790/790 
f 790/790/790 2001/2001/2001 792/792/792 
f 2001/2001/2001 2002/2002/2002 792/792/792 
f 792/792/792 2002/2002/2002 2003/2003/2003 
f 2002/2002/2002 2004/2004/2004 2003/2003/2003 
f 2003/2003/2003 2004/2004/2004 2005/2005/2005 
f 2004/2004/2004 2006/2006/2006 2005/2005/2005 
f 2005/2005/2005 2006/2006/2006 2007/2007/2007 
f 2006/2006/2006 2007/2007/2007 2007/2007/2007 
f 2007/2007/2007 2007/2007/2007 2007/2007/2007 
f 2007/2007/2007 765/765/765 2007/2007/2007 
f 2007/2007/2007 765/765/765 2005/2005/2005 
f 765/765/765 763/763/763 2005/2005/2005 
f 2005/2005/2005 763/763/763 2003/2003/2003 
f 763/763/763 761/761/761 2003/2003/2003 
f 2003/2003/2003 761/761/761 792/792/792 
f 761/761/761 792/792/792 792/792/792 
f 792/792/792 792/792/792 2008/2008/2008 
f 792/792/792 2008/2008/2008 2008/2008/2008 
f 2008/2008/2008 2008/2008/2008 2008/2008/2008 
f 2008/2008/2008 2009/2009/2009 2008/2008/2008 
f 2008/2008/2008 2009/2009/2009 2010/2010/2010 
f 2009/2009/2009 2011/2011/2011 2010/2010/2010 
f 2010/2010/2010 2011/2011/2011 2011/2011/2011 
f 2011/2011/2011 2009/2009/2009 2011/2011/2011 
f 2011/2011/2011 2009/2009/2009 2009/2009/2009 
f 2009/2009/2009 2012/2012/2012 2009/2009/2009 
f 2009/2009/2009 2012/2012/2012 2011/2011/2011 
f 2012/2012/2012 2013/2013/2013 2011/2011/2011 
f 2011/2011/2011 2013/2013/2013 2013/2013/2013 
f 2013/2013/2013 2012/2012/2012 2013/2013/2013 
f 2013/2013/2013 2012/2012/2012 2014/2014/2014 
f 2012/2012/2012 2015/2015/2015 2014/2014/2014 
f 2014/2014/2014 2015/2015/2015 2015/2015/2015 
f 2015/2015/2015 2016/2016/2016 2015/2015/2015 
f 2015/2015/2015 2016/2016/2016 2016/2016/2016 
f 2016/2016/2016 2017/2017/2017 2016/2016/2016 
f 2016/2016/2016 2017/2017/2017 2018/2018/2018 
f 2017/2017/2017 2019/2019/2019 2018/2018/2018 
f 2018/2018/2018 2019/2019/2019 2019/2019/2019 
f 2019/2019/2019 2017/2017/2017 2019/2019/2019 
f 2019/2019/2019 2017/2017/2017 2017/2017/2017 
f 2017/2017/2017 2020/2020/2020 2017/2017/2017 
f 2017/2017/2017 2020/2020/2020 2019/2019/2019 
f 2020/2020/2020 2021/2021/2021 2019/2019/2019 
f 2019/2019/2019 2021/2021/2021 2021/2021/2021 
f 2021/2021/2021 2020/2020/2020 2021/2021/2021 
f 2021/2021/2021 2020/2020/2020 2022/2022/2022 
f 2020/2020/2020 2023/2023/2023 2022/2022/2022 
f 2022/2022/2022 2023/2023/2023 2023/2023/2023 
f 2023/2023/2023 2024/2024/2024 2023/2023/2023 
f 2023/2023/2023 2024/2024/2024 2024/2024/2024 
f 2024/2024/2024 2025/2025/2025 2024/2024/2024 
f 2024/2024/2024 2025/2025/2025 2026/2026/2026 
f 2025/2025/2025 2027/2027/2027 2026/2026/2026 
f 2026/2026/2026 2027/2027/2027 2027/2027/2027 
f 2027/2027/2027 2028/2028/2028 2027/2027/2027 
f 2027/2027/2027 2028/2028/2028 2028/2028/2028 
f 2028/2028/2028 2029/2029/2029 2028/2028/2028 
f 2028/2028/2028 2029/2029/2029 2030/2030/2030 
f 2029/2029/2029 2031/2031/2031 2030/2030/2030 
f 2030/2030/2030 2031/2031/2031 2031/2031/2031 
f 2031/2031/2031 2032/2032/2032 2031/2031/2031 
f 2031/2031/2031 2032/2032/2032 2032/2032/2032 
f 2032/2032/2032 2033/2033/2033 2032/2032/2032 
f 2032/2032/2032 2033/2033/2033 2034/2034/2034 
f 2033/2033/2033 2035/2035/2035 2034/2034/2034 
f 2034/2034/2034 2035/2035/2035 2035/2035/2035 
f 2035/2035/2035 2036/2036/2036 2035/2035/2035 
f 2035/2035/2035 2036/2036/2036 2036/2036/2036 
f 2036/2036/2036 2037/2037/2037 2036/2036/2036 
f 2036/2036/2036 2037/2037/2037 2038/2038/2038 
f 2037/2037/2037 2039/2039/2039 2038/2038/2038 
f 2038/2038/2038 2039/2039/2039 2039/2039/2039 
f 2039/2039/2039 2040/2040/2040 2039/2039/2039 
f 2039/2039/2039 2040/2040/2040 2040/2040/2040 
f 2040/2040/2040 2041/2041/2041 2040/2040/2040 
f 2040/2040/2040 2041/2041/2041 2042/2042/2042 
f 2041/2041/2041 2043/2043/2043 2042/2042/2042 
f 2042/2042/2042 2043/2043/2043 2044/2044/2044 
f 2043/2043/2043 2045/2045/2045 2044/2044/2044 
f 2044/2044/2044 2045/2045/2045 2046/2046/2046 
f 2045/2045/2045 2047/2047/2047 2046/2046/2046 
f 2046/2046/2046 2047/2047/2047 2047/2047/2047 
f 2047/2047/2047 2048/2048/2048 2047/2047/2047 
f 2047/2047/2047 2048/2048/2048 2048/2048/2048 
f 2048/2048/2048 2049/2049/2049 2048/2048/2048 
f 2048/2048/2048 2049/2049/2049 2050/2050/2050 
f 2049/2049/2049 2051/2051/2051 2050/2050/2050 
f 2050/2050/2050 2051/2051/2051 2051/2051/2051 
f 2051/2051/2051 2052/2052/2052 2051/2051/2051 
f 2051/2051/2051 2052/2052/2052 2052/2052/2052 
f 2052/2052/2052 2053/2053/2053 2052/2052/2052 
f 2052/2052/2052 2053/2053/2053 2054/2054/2054 
f 2053/2053/2053 2055/2055/2055 2054/2054/2054 
f 2054/2054/2054 2055/2055/2055 2055/2055/2055 
f 2055/2055/2055 2056/2056/2056 2055/2055/2055 
f 2055/2055/2055 2056/2056/2056 2056/2056/2056 
f 2056/2056/2056 2057/2057/2057 2056/2056/2056 
f 2056/2056/2056 2057/2057/2057 2058/2058/2058 
f 2057/2057/2057 2059/2059/2059 2058/2058/2058 
f 2058/2058/2058 2059/2059/2059 2060/2060/2060 
f 2059/2059/2059 2061/2061/2061 2060/2060/2060 
f 2060/2060/2060 2061/2061/2061 2062/2062/2062 
f 2061/2061/2061 2063/2063/2063 2062/2062/2062 
f 2062/2062/2062 2063/2063/2063 2063/2063/2063 
f 2063/2063/2063 2064/2064/2064 2063/2063/2063 
f 2063/2063/2063 2064/2064/2064 2064/2064/2064 
f 2064/2064/2064 2065/2065/2065 2064/2064/2064 
f 2064/2064/2064 2065/2065/2065 2066/2066/2066 
f 2065/2065/2065 2067/2067/2067 2066/2066/2066 
f 2066/2066/2066 2067/2067/2067 2067/2067/2067 
f 2067/2067/2067 2068/2068/2068 2067/2067/2067 
f 2067/2067/2067 2068/2068/2068 2068/2068/2068 
f 2068/2068/2068 2069/2069/2069 2068/2068/2068 
f 2068/2068/2068 2069/2069/2069 2070/2070/2070 
f 2069/2069/2069 2071/2071/2071 2070/2070/2070 
f 2070/2070/2070 2071/2071/2071 2071/2071/2071 
f 2071/2071/2071 2072/2072/2072 2071/2071/2071 
f 2071/2071/2071 2072/2072/2072 2072/2072/2072 
f 2072/2072/2072 2073/2073/2073 2072/2072/2072 
f 2072/2072/2072 2073/2073/2073 2074/2074/2074 
f 2073/2073/2073 2075/2075/2075 2074/2074/2074 
f 2074/2074/2074 2075/2075/2075 2075/2075/2075 
f 2075/2075/2075 2076/2076/2076 2075/2075/2075 
f 2075/2075/2075 2076/2076/2076 2076/2076/2076 
f 2076/2076/2076 2077/2077/2077 2076/2076/2076 
f 2076/2076/2076 2077/2077/2077 2078/2078/2078 
f 2077/2077/2077 2079/2079/2079 2078/2078/2078 
f 2078/2078/2078 2079/2079/2079 2079/2079/2079 
f 2079/2079/2079 2080/2080/2080 2079/2079/2079 
f 2079/2079/2079 2080/2080/2080 2080/2080/2080 
f 2080/2080/2080 2081/2081/2081 2080/2080/2080 
f 2080/2080/2080 2081/2081/2081 2082/2082/2082 
f 2081/2081/2081 2083/2083/2083 2082/2082/2082 
f 2082/2082/2082 2083/2083/2083 2083/2083/2083 
f 2083/2083/2083 2084/2084/2084 2083/2083/2083 
f 2083/2083/2083 2084/2084/2084 2084/2084/2084 
f 2084/2084/2084 2085/2085/2085 2084/2084/2084 
f 2084/2084/2084 2085/2085/2085 2086/2086/2086 
f 2085/2085/2085 2087/2087/2087 2086/2086/2086 
f 2086/2086/2086 2087/2087/2087 2087/2087/2087 
f 2087/2087/2087 2088/2088/2088 2087/2087/2087 
f 2087/2087/2087 2088/2088/2088 2088/2088/2088 
f 2088/2088/2088 2089/2089/2089 2088/2088/2088 
f 2088/2088/2088 2089/2089/2089 2090/2090/2090 
f 2089/2089/2089 2091/2091/2091 2090/2090/2090 
f 2090/2090/2090 2091/2091/2091 2091/2091/2091 
f 2091/2091/2091 2092/2092/2092 2091/2091/2091 
f 2091/2091/2091 2092/2092/2092 2092/2092/2092 
f 2092/2092/2092 2093/2093/2093 2092/2092/2092 
f 2092/2092/2092 2093/2093/2093 2094/2094/2094 
f 2093/2093/2093 2095/2095/2095 2094/2094/2094 
f 2094/2094/2094 2095/2095/2095 2095/2095/2095 
f 2095/2095/2095 2096/2096/2096 2095/2095/2095 
f 2095/2095/2095 2096/2096/2096 2096/2096/2096 
f 2096/2096/2096 2097/2097/2097 2096/2096/2096 
f 2096/2096/2096 2097/2097/2097 2098/2098/2098 
f 2097/2097/2097 2099/2099/2099 2098/2098/2098 
f 2098/2098/2098 2099/2099/2099 2099/2099/2099 
f 2099/2099/2099 2100/2100/2100 2099/2099/2099 
f 2099/2099/2099 2100/2100/2100 2100/2100/2100 
f 2100/2100/2100 2101/2101/2101 2100/2100/2100 
f 2100/2100/2100 2101/2101/2101 2102/2102/2102 
f 2101/2101/2101 2103/2103/2103 2102/2102/2102 
f 2102/2102/2102 2103/2103/2103 2103/2103/2103 
f 2103/2103/2103 2104/2104/2104 2103/2103/2103 
f 2103/2103/2103 2104/2104/2104 2104/2104/2104 
f 2104/2104/2104 2105/2105/2105 2104/2104/2104 
f 2104/2104/2104 2105/2105/2105 2106/2106/2106 
f 2105/2105/2105 2107/2107/2107 2106/2106/2106 
f 2106/2106/2106 2107/2107/2107 2107/2107/2107 
f 2107/2107/2107 2108/2108/2108 2107/2107/2107 
f 2107/2107/2107 2108/2108/2108 2108/2108/2108 
f 2108/2108/2108 2109/2109/2109 2108/2108/2108 
f 2108/2108/2108 2109/2109/2109 2110/2110/2110 
f 2109/2109/2109 2111/2111/2111 2110/2110/2110 
f 2110/2110/2110 2111/2111/2111 2111/2111/2111 
f 2111/2111/2111 2112/2112/2112 2111/2111/2111 
f 2111/2111/2111 2112/2112/2112 2112/2112/2112 
f 2112/2112/2112 2113/2113/2113 2112/2112/2112 
f 2112/2112/2112 2113/2113/2113 2114/2114/2114 
f 2113/2113/2113 2115/2115/2115 2114/2114/2114 
f 2114/2114/2114 2115/2115/2115 2115/2115/2115 
f 2115/2115/2115 2116/2116/2116 2115/2115/2115 
f 2115/2115/2115 2116/2116/2116 2116/2116/2116 
f 2116/2116/2116 2117/2117/2117 2116/2116/2116 
f 2116/2116/2116 2117/2117/2117 2118/2118/2118 
f 2117/2117/2117 2119/2119/2119 2118/2118/2118 
f 2118/2118/2118 2119/2119/2119 2119/2119/2119 
f 2119/2119/2119 2120/2120/2120 2119/2119/2119 
f 2119/2119/2119 2120/2120/2120 2120/2120/2120 
f 2120/2120/2120 2121/2121/2121 2120/2120/2120 
f 2120/2120/2120 2121/2121/2121 2122/2122/2122 
f 2121/2121/2121 2123/2123/2123 2122/2122/2122 
f 2122/2122/2122 2123/2123/2123 2123/2123/2123 
f 2123/2123/2123 2124/2124/2124 2123/2123/2123 
f 2123/2123/2123 2124/2124/2124 2124/2124/2124 
f 2124/2124/2124 2125/2125/2125 2124/2124/2124 
f 2124/2124/2124 2125/2125/2125 2126/2126/2126 
f 2125/2125/2125 2127/2127/2127 2126/2126/2126 
f 2126/2126/2126 2127/2127/2127 2127/2127/2127 
f 2127/2127/2127 2128/2128/2128 2127/2127/2127 
f 2127/2127/2127 2128/2128/2128 2128/2128/2128 
f 2128/2128/2128 2129/2129/2129 2128/2128/2128 
f 2128/2128/2128 2129/2129/2129 2130/2130/2130 
f 2129/2129/2129 2131/2131/2131 2130/2130/2130 
f 2130/2130/2130 2131/2131/2131 2131/2131/2131 
f 2131/2131/2131 2132/2132/2132 2131/2131/2131 
f 2131/2131/2131 2132/2132/2132 2132/2132/2132 
f 2132/2132/2132 2133/2133/2133 2132/2132/2132 
f 2132/2132/2132 2133/2133/2133 2134/2134/2134 
f 2133/2133/2133 2135/2135/2135 2134/2134/2134 
f 2134/2134/2134 2135/2135/2135 2135/2135/2135 
f 2135/2135/2135 2136/2136/2136 2135/2135/2135 
f 2135/2135/2135 2136/2136/2136 2136/2136/2136 
f 2136/2136/2136 2137/2137/2137 2136/2136/2136 
f 2136/2136/2136 2137/2137/2137 2138/2138/2138 
f 2137/2137/2137 2139/2139/2139 2138/2138/2138 
f 2138/2138/2138 2139/2139/2139 2139/2139/2139 
f 2139/2139/2139 2140/2140/2140 2139/2139/2139 
f 2139/2139/2139 2140/2140/2140 2140/2140/2140 
f 2140/2140/2140 2141/2141/2141 2140/2140/2140 
f 2140/2140/2140 2141/2141/2141 2142/2142/2142 
f 2141/2141/2141 2143/2143/2143 2142/2142/2142 
f 2142/2142/2142 2143/2143/2143 2143/2143/2143 
f 2143/2143/2143 2144/2144/2144 2143/2143/2143 
f 2143/2143/2143 2144/2144/2144 2144/2144/2144 
f 2144/2144/2144 2145/2145/2145 2144/2144/2144 
f 2144/2144/2144 2145/2145/2145 2146/2146/2146 
f 2145/2145/2145 2147/2147/2147 2146/2146/2146 
f 2146/2146/2146 2147/2147/2147 2147/2147/2147 
f 2147/2147/2147 2148/2148/2148 2147/2147/2147 
f 2147/2147/2147 2148/2148/2148 2148/2148/2148 
f 2148/2148/2148 2149/2149/2149 2148/2148/2148 
f 2148/2148/2148 2149/2149/2149 2150/2150/2150 
f 2149/2149/2149 2151/2151/2151 2150/2150/2150 
f 2150/2150/2150 2151/2151/2151 2151/2151/2151 
f 2151/2151/2151 2152/2152/2152 2151/2151/2151 
f 2151/2151/2151 2152/2152/2152 2152/2152/2152 
f 2152/2152/2152 2153/2153/2153 2152/2152/2152 
f 2152/2152/2152 2153/2153/2153 2154/2154/2154 
f 2153/2153/2153 2155/2155/2155 2154/2154/2154 
f 2154/2154/2154 2155/2155/2155 2155/2155/2155 
f 2155/2155/2155 2156/2156/2156 2155/2155/2155 
f 2155/2155/2155 2156/2156/2156 2156/2156/2156 
f 2156/2156/2156 2157/2157/2157 2156/2156/2156 
f 2156/2156/2156 2157/2157/2157 2158/2158/2158 
f 2157/2157/2157 2159/2159/2159 2158/2158/2158 
f 2158/2158/2158 2159/2159/2159 2159/2159/2159 
f 2159/2159/2159 2160/2160/2160 2159/2159/2159 
f 2159/2159/2159 2160/2160/2160 2160/2160/2160 
f 2160/2160/2160 2161/2161/2161 2160/2160/2160 
f 2160/2160/2160 2161/2161/2161 2162/2162/2162 
f 2161/2161/2161 2163/2163/2163 2162/2162/2162 
f 2162/2162/2162 2163/2163/2163 2163/2163/2163 
f 2163/2163/2163 2164/2164/2164 2163/2163/2163 
f 2163/2163/2163 2164/2164/2164 2164/2164/2164 
f 2164/2164/2164 2165/2165/2165 2164/2164/2164 
f 2164/2164/2164 2165/2165/2165 2166/2166/2166 
f 2165/2165/2165 2167/2167/2167 2166/2166/2166 
f 2166/2166/2166 2167/2167/2167 2167/2167/2167 
f 2167/2167/2167 2168/2168/2168 2167/2167/2167 
f 2167/2167/2167 2168/2168/2168 2168/2168/2168 
f 2168/2168/2168 2169/2169/2169 2168/2168/2168 
f 2168/2168/2168 2169/2169/2169 2170/2170/2170 
f 2169/2169/2169 2171/2171/2171 2170/2170/2170 
f 2170/2170/2170 2171/2171/2171 2171/2171/2171 
f 2171/2171/2171 2172/2172/2172 2171/2171/2171 
f 2171/2171/2171 2172/2172/2172 2172/2172/2172 
f 2172/2172/2172 2173/2173/2173 2172/2172/2172 
f 2172/2172/2172 2173/2173/2173 2174/2174/2174 
f 2173/2173/2173 2175/2175/2175 2174/2174/2174 
f 2174/2174/2174 2175/2175/2175 2175/2175/2175 
f 2175/2175/2175 2176/2176/2176 2175/2175/2175 
f 2175/2175/2175 2176/2176/2176 2176/2176/2176 
f 2176/2176/2176 2177/2177/2177 2176/2176/2176 
f 2176/2176/2176 2177/2177/2177 2178/2178/2178 
f 2177/2177/2177 2179/2179/2179 2178/2178/2178 
f 2178/2178/2178 2179/2179/2179 2179/2179/2179 
f 2179/2179/2179 2180/2180/2180 2179/2179/2179 
f 2179/2179/2179 2180/2180/2180 2180/2180/2180 
f 2180/2180/2180 2181/2181/2181 2180/2180/2180 
f 2180/2180/2180 2181/2181/2181 2182/2182/2182 
f 2181/2181/2181 2183/2183/2183 2182/2182/2182 
f 2182/2182/2182 2183/2183/2183 2183/2183/2183 
f 2183/2183/2183 2184/2184/2184 2183/2183/2183 
f 2183/2183/2183 2184/2184/2184 2184/2184/2184 
f 2184/2184/2184 2185/2185/2185 2184/2184/2184 
f 2184/2184/2184 2185/2185/2185 2186/2186/2186 
f 2185/2185/2185 2187/2187/2187 2186/2186/2186 
f 2186/2186/2186 2187/2187/2187 2187/2187/2187 
f 2187/2187/2187 2188/2188/2188 2187/2187/2187 
f 2187/2187/2187 2188/2188/2188 2188/2188/2188 
f 2188/2188/2188 2189/2189/2189 2188/2188/2188 
f 2188/2188/2188 2189/2189/2189 2190/2190/2190 
f 2189/2189/2189 2191/2191/2191 2190/2190/2190 
f 2190/2190/2190 2191/2191/2191 2191/2191/2191 
f 2191/2191/2191 2192/2192/2192 2191/2191/2191 
f 2191/2191/2191 2192/2192/2192 2192/2192/2192 
f 2192/2192/2192 2193/2193/2193 2192/2192/2192 
f 2192/2192/2192 2193/2193/2193 2194/2194/2194 
f 2193/2193/2193 2195/2195/2195 2194/2194/2194 
f 2194/2194/2194 2195/2195/2195 2195/2195/2195 
f 2195/2195/2195 2196/2196/2196 2195/2195/2195 
f 2195/2195/2195 2196/2196/2196 2196/2196/2196 
f 2196/2196/2196 2197/2197/2197 2196/2196/2196 
f 2196/2196/2196 2197/2197/2197 2198/2198/2198 
f 2197/2197/2197 2199/2199/2199 2198/2198/2198 
f 2198/2198/2198 2199/2199/2199 2199/2199/2199 
f 2199/2199/2199 2200/2200/2200 2199/2199/2199 
f 2199/2199/2199 2200/2200/2200 2200/2200/2200 
f 2200/2200/2200 2201/2201/2201 2200/2200/2200 
f 2200/2200/2200 2201/2201/2201 2202/2202/2202 
f 2201/2201/2201 2203/2203/2203 2202/2202/2202 
f 2202/2202/2202 2203/2203/2203 2204/2204/2204 
f 2203/2203/2203 2205/2205/2205 2204/2204/2204 
f 2204/2204/2204 2205/2205/2205 2206/2206/2206 
f 2205/2205/2205 2207/2207/2207 2206/2206/2206 
f 2206/2206/2206 2207/2207/2207 2208/2208/2208 
f 2207/2207/2207 2209/2209/2209 2208/2208/2208 
f 2208/2208/2208 2209/2209/2209 2209/2209/2209 
f 2209/2209/2209 2210/2210/2210 2209/2209/2209 
f 2209/2209/2209 2210/2210/2210 2210/2210/2210 
f 2210/2210/2210 2211/2211/2211 2210/2210/2210 
f 2210/2210/2210 2211/2211/2211 2212/2212/2212 
f 2211/2211/2211 2213/2213/2213 2212/2212/2212 
f 2212/2212/2212 2213/2213/2213 2213/2213/2213 
f 2213/2213/2213 2214/2214/2214 2213/2213/2213 
f 2213/2213/2213 2214/2214/2214 2214/2214/2214 
f 2214/2214/2214 2215/2215/2215 2214/2214/2214 
f 2214/2214/2214 2215/2215/2215 2216/2216/2216 
f 2215/2215/2215 2217/2217/2217 2216/2216/2216 
f 2216/2216/2216 2217/2217/2217 2217/2217/2217 
f 2217/2217/2217 2218/2218/2218 2217/2217/2217 
f 2217/2217/2217 2218/2218/2218 2218/2218/2218 
f 2218/2218/2218 2219/2219/2219 2218/2218/2218 
f 2218/2218/2218 2219/2219/2219 2220/2220/2220 
f 2219/2219/2219 2221/2221/2221 2220/2220/2220 
f 2220/2220/2220 2221/2221/2221 2222/2222/2222 
f 2221/2221/2221 2223/2223/2223 2222/2222/2222 
f 2222/2222/2222 2223/2223/2223 2224/2224/2224 
f 2223/2223/2223 2225/2225/2225 2224/2224/2224 
f 2224/2224/2224 2225/2225/2225 2226/2226/2226 
f 2225/2225/2225 2227/2227/2227 2226/2226/2226 
f 2226/2226/2226 2227/2227/2227 2227/2227/2227 
f 2227/2227/2227 2228/2228/2228 2227/2227/2227 
f 2227/2227/2227 2228/2228/2228 2228/2228/2228 
f 2228/2228/2228 2229/2229/2229 2228/2228/2228 
f 2228/2228/2228 2229/2229/2229 2230/2230/2230 
f 2229/2229/2229 2231/2231/2231 2230/2230/2230 
f 2230/2230/2230 2231/2231/2231 2231/2231/2231 
f 2231/2231/2231 2232/2232/2232 2231/2231/2231 
f 2231/2231/2231 2232/2232/2232 2232/2232/2232 
f 2232/2232/2232 2233/2233/2233 2232/2232/2232 
f 2232/2232/2232 2233/2233/2233 2234/2234/2234 
f 2233/2233/2233 2235/2235/2235 2234/2234/2234 
f 2234/2234/2234 2235/2235/2235 2236/2236/2236 
f 2235/2235/2235 2237/2237/2237 2236/2236/2236 
f 2236/2236/2236 2237/2237/2237 2237/2237/2237 
f 2237/2237/2237 2238/2238/2238 2237/2237/2237 
f 2237/2237/2237 2238/2238/2238 2238/2238/2238 
f 2238/2238/2238 2239/2239/2239 2238/2238/2238 
f 2238/2238/2238 2239/2239/2239 2240/2240/2240 
f 2239/2239/2239 2241/2241/2241 2240/2240/2240 
f 2240/2240/2240 2241/2241/2241 2241/2241/2241 
f 2241/2241/2241 2242/2242/2242 2241/2241/2241 
f 2241/2241/2241 2242/2242/2242 2242/2242/2242 
f 2242/2242/2242 2243/2243/2243 2242/2242/2242 
f 2242/2242/2242 2243/2243/2243 2244/2244/2244 
f 2243/2243/2243 2245/2245/2245 2244/2244/2244 
f 2244/2244/2244 2245/2245/2245 2245/2245/2245 
f 2245/2245/2245 2246/2246/2246 2245/2245/2245 
f 2245/2245/2245 2246/2246/2246 2246/2246/2246 
f 2246/2246/2246 2247/2247/2247 2246/2246/2246 
f 2246/2246/2246 2247/2247/2247 2248/2248/2248 
f 2247/2247/2247 2249/2249/2249 2248/2248/2248 
f 2248/2248/2248 2249/2249/2249 2249/2249/2249 
f 2249/2249/2249 2250/2250/2250 2249/2249/2249 
f 2249/2249/2249 2250/2250/2250 2250/2250/2250 
f 2250/2250/2250 2251/2251/2251 2250/2250/2250 
f 2250/2250/2250 2251/2251/2251 2252/2252/2252 
f 2251/2251/2251 2253/2253/2253 2252/2252/2252 
f 2252/2252/2252 2253/2253/2253 2253/2253/2253 
f 2253/2253/2253 2251/2251/2251 2253/2253/2253 
f 2253/2253/2253 2251/2251/2251 2251/2251/2251 
f 2251/2251/2251 2254/2254/2254 2251/2251/2251 
f 2251/2251/2251 2254/2254/2254 2253/2253/2253 
f 2254/2254/2254 2255/2255/2255 2253/2253/2253 
f 2253/2253/2253 2255/2255/2255 2255/2255/2255 
f 2255/2255/2255 2254/2254/2254 2255/2255/2255 
f 2255/2255/2255 2254/2254/2254 2254/2254/2254 
f 2254/2254/2254 2256/2256/2256 2254/2254/2254 
f 2254/2254/2254 2256/2256/2256 2255/2255/2255 
f 2256/2256/2256 2257/2257/2257 2255/2255/2255 
f 2255/2255/2255 2257/2257/2257 2257/2257/2257 
f 2257/2257/2257 2256/2256/2256 2257/2257/2257 
f 2257/2257/2257 2256/2256/2256 2256/2256/2256 
f 2256/2256/2256 2258/2258/2258 2256/2256/2256 
f 2256/2256/2256 2258/2258/2258 2257/2257/2257 
f 2258/2258/2258 2259/2259/2259 2257/2257/2257 
f 2257/2257/2257 2259/2259/2259 2259/2259/2259 
f 2259/2259/2259 2260/2260/2260 2259/2259/2259 
f 2259/2259/2259 2260/2260/2260 2260/2260/2260 
f 2260/2260/2260 2261/2261/2261 2260/2260/2260 
f 2260/2260/2260 2261/2261/2261 2262/2262/2262 
f 2261/2261/2261 2263/2263/2263 2262/2262/2262 
f 2262/2262/2262 2263/2263/2263 2263/2263/2263 
f 2263/2263/2263 2264/2264/2264 2263/2263/2263 
f 2263/2263/2263 2264/2264/2264 2264/2264/2264 
f 2264/2264/2264 2265/2265/2265 2264/2264/2264 
f 2264/2264/2264 2265/2265/2265 2266/2266/2266 
f 2265/2265/2265 2267/2267/2267 2266/2266/2266 
f 2266/2266/2266 2267/2267/2267 2267/2267/2267 
f 2267/2267/2267 2265/2265/2265 2267/2267/2267 
f 2267/2267/2267 2265/2265/2265 2265/2265/2265 
f 2265/2265/2265 2268/2268/2268 2265/2265/2265 
f 2265/2265/2265 2268/2268/2268 2267/2267/2267 
f 2268/2268/2268 2269/2269/2269 2267/2267/2267 
f 2267/2267/2267 2269/2269/2269 2269/2269/2269 
f 2269/2269/2269 2270/2270/2270 2269/2269/2269 
f 2269/2269/2269 2270/2270/2270 2270/2270/2270 
f 2270/2270/2270 2271/2271/2271 2270/2270/2270 
f 2270/2270/2270 2271/2271/2271 2272/2272/2272 
f 2271/2271/2271 2273/2273/2273 2272/2272/2272 
f 2272/2272/2272 2273/2273/2273 2273/2273/2273 
f 2273/2273/2273 2274/2274/2274 2273/2273/2273 
f 2273/2273/2273 2274/2274/2274 2274/2274/2274 
f 2274/2274/2274 2275/2275/2275 2274/2274/2274 
f 2274/2274/2274 2275/2275/2275 2276/2276/2276 
f 2275/2275/2275 2277/2277/2277 2276/2276/2276 
f 2276/2276/2276 2277/2277/2277 2277/2277/2277 
f 2277/2277/2277 2278/2278/2278 2277/2277/2277 
f 2277/2277/2277 2278/2278/2278 2278/2278/2278 
f 2278/2278/2278 2279/2279/2279 2278/2278/2278 
f 2278/2278/2278 2279/2279/2279 2280/2280/2280 
f 2279/2279/2279 2281/2281/2281 2280/2280/2280 
f 2280/2280/2280 2281/2281/2281 2282/2282/2282 
f 2281/2281/2281 2283/2283/2283 2282/2282/2282 
f 2282/2282/2282 2283/2283/2283 2283/2283/2283 
f 2283/2283/2283 2284/2284/2284 2283/2283/2283 
f 2283/2283/2283 2284/2284/2284 2284/2284/2284 
f 2284/2284/2284 2285/2285/2285 2284/2284/2284 
f 2284/2284/2284 2285/2285/2285 2286/2286/2286 
f 2285/2285/2285 2287/2287/2287 2286/2286/2286 
f 2286/2286/2286 2287/2287/2287 2288/2288/2288 
f 2287/2287/2287 2289/2289/2289 2288/2288/2288 
f 2288/2288/2288 2289/2289/2289 2289/2289/2289 
f 2289/2289/2289 2290/2290/2290 2289/2289/2289 
f 2289/2289/2289 2290/2290/2290 2290/2290/2290 
f 2290/2290/2290 2291/2291/2291 2290/2290/2290 
f 2290/2290/2290 2291/2291/2291 2292/2292/2292 
f 2291/2291/2291 2293/2293/2293 2292/2292/2292 
f 2292/2292/2292 2293/2293/2293 2293/2293/2293 
f 2293/2293/2293 2294/2294/2294 2293/2293/2293 
f 2293/2293/2293 2294/2294/2294 2294/2294/2294 
f 2294/2294/2294 2295/2295/2295 2294/2294/2294 
f 2294/2294/2294 2295/2295/2295 2296/2296/2296 
f 2295/2295/2295 2297/2297/2297 2296/2296/2296 
f 2296/2296/2296 2297/2297/2297 2297/2297/2297 
f 2297/2297/2297 2298/2298/2298 2297/2297/2297 
f 2297/2297/2297 2298/2298/2298 2298/2298/2298 
f 2298/2298/2298 2299/2299/2299 2298/2298/2298 
f 2298/2298/2298 2299/2299/2299 2300/2300/2300 
f 2299/2299/2299 2301/2301/2301 2300/2300/2300 
f 2300/2300/2300 2301/2301/2301 2301/2301/2301 
f 2301/2301/2301 2302/2302/2302 2301/2301/2301 
f 2301/2301/2301 2302/2302/2302 2302/2302/2302 
f 2302/2302/2302 2303/2303/2303 2302/2302/2302 
f 2302/2302/2302 2303/2303/2303 2304/2304/2304 
f 2303/2303/2303 2305/2305/2305 2304/2304/2304 
f 2304/2304/2304 2305/2305/2305 2306/2306/2306 
f 2305/2305/2305 2307/2307/2307 2306/2306/2306 
f 2306/2306/2306 2307/2307/2307 2307/2307/2307 
f 2307/2307/2307 2308/2308/2308 2307/2307/2307 
f 2307/2307/2307 2308/2308/2308 2308/2308/2308 
f 2308/2308/2308 2309/2309/2309 2308/2308/2308 
f 2308/2308/2308 2309/2309/2309 2310/2310/2310 
f 2309/2309/2309 2311/2311/2311 2310/2310/2310 
f 2310/2310/2310 2311/2311/2311 2311/2311/2311 
f 2311/2311/2311 2309/2309/2309 2311/2311/2311 
f 2311/2311/2311 2309/2309/2309 2309/2309/2309 
f 2309/2309/2309 2312/2312/2312 2309/2309/2309 
f 2309/2309/2309 2312/2312/2312 2311/2311/2311 
f 2312/2312/2312 2313/2313/2313 2311/2311/2311 
f 2311/2311/2311 2313/2313/2313 2313/2313/2313 
f 2313/2313/2313 2312/2312/2312 2313/2313/2313 
f 2313/2313/2313 2312/2312/2312 2312/2312/2312 
f 2312/2312/2312 2314/2314/2314 2312/2312/2312 
f 2312/2312/2312 2314/2314/2314 2313/2313/2313 
f 2314/2314/2314 2315/2315/2315 2313/2313/2313 
f 2313/2313/2313 2315/2315/2315 2315/2315/2315 
f 2315/2315/2315 2314/2314/2314 2315/2315/2315 
f 2315/2315/2315 2314/2314/2314 2314/2314/2314 
f 2314/2314/2314 2316/2316/2316 2314/2314/2314 
f 2314/2314/2314 2316/2316/2316 2315/2315/2315 
f 2316/2316/2316 2317/2317/2317 2315/2315/2315 
f 2315/2315/2315 2317/2317/2317 2317/2317/2317 
f 2317/2317/2317 2318/2318/2318 2317/2317/2317 
f 2317/2317/2317 2318/2318/2318 2318/2318/2318 
f 2318/2318/2318 2319/2319/2319 2318/2318/2318 
f 2318/2318/2318 2319/2319/2319 2320/2320/2320 
f 2319/2319/2319 2321/2321/2321 2320/2320/2320 
f 2320/2320/2320 2321/2321/2321 2321/2321/2321 
f 2321/2321/2321 2322/2322/2322 2321/2321/2321 
f 2321/2321/2321 2322/2322/2322 2322/2322/2322 
f 2322/2322/2322 2323/2323/2323 2322/2322/2322 
f 2322/2322/2322 2323/2323/2323 2324/2324/2324 
f 2323/2323/2323 2325/2325/2325 2324/2324/2324 
f 2324/2324/2324 2325/2325/2325 2325/2325/2325 
f 2325/2325/2325 2326/2326/2326 2325/2325/2325 
f 2325/2325/2325 2326/2326/2326 2326/2326/2326 
f 2326/2326/2326 2327/2327/2327 2326/2326/2326 
f 2326/2326/2326 2327/2327/2327 2328/2328/2328 
f 2327/2327/2327 2329/2329/2329 2328/2328/2328 
f 2328/2328/2328 2329/2329/2329 2329/2329/2329 
f 2329/2329/2329 2330/2330/2330 2329/2329/2329 
f 2329/2329/2329 2330/2330/2330 2330/2330/2330 
f 2330/2330/2330 2331/2331/2331 2330/2330/2330 
f 2330/2330/2330 2331/2331/2331 2332/2332/2332 
f 2331/2331/2331 2333/2333/2333 2332/2332/2332 
f 2332/2332/2332 2333/2333/2333 2333/2333/2333 
f 2333/2333/2333 2334/2334/2334 2333/2333/2333 
f 2333/2333/2333 2334/2334/2334 2334/2334/2334 
f 2334/2334/2334 2335/2335/2335 2334/2334/2334 
f 2334/2334/2334 2335/2335/2335 2336/2336/2336 
f 2335/2335/2335 2337/2337/2337 2336/2336/2336 
f 2336/2336/2336 2337/2337/2337 2338/2338/2338 
f 2337/2337/2337 2339/2339/2339 2338/2338/2338 
f 2338/2338/2338 2339/2339/2339 2340/2340/2340 
f 2339/2339/2339 2341/2341/2341 2340/2340/2340 
f 2340/2340/2340 2341/2341/2341 2342/2342/2342 
f 2341/2341/2341 2343/2343/2343 2342/2342/2342 
f 2342/2342/2342 2343/2343/2343 2343/2343/2343 
f 2343/2343/2343 2344/2344/2344 2343/2343/2343 
f 2343/2343/2343 2344/2344/2344 2344/2344/2344 
f 2344/2344/2344 2345/2345/2345 2344/2344/2344 
f 2344/2344/2344 2345/2345/2345 2346/2346/2346 
f 2345/2345/2345 2347/2347/2347 2346/2346/2346 
f 2346/2346/2346 2347/2347/2347 2347/2347/2347 
f 2347/2347/2347 2348/2348/2348 2347/2347/2347 
f 2347/2347/2347 2348/2348/2348 2348/2348/2348 
f 2348/2348/2348 2349/2349/2349 2348/2348/2348 
f 2348/2348/2348 2349/2349/2349 2350/2350/2350 
f 2349/2349/2349 2351/2351/2351 2350/2350/2350 
f 2350/2350/2350 2351/2351/2351 2351/2351/2351 
f 2351/2351/2351 2352/2352/2352 2351/2351/2351 
f 2351/2351/2351 2352/2352/2352 2352/2352/2352 
f 2352/2352/2352 2353/2353/2353 2352/2352/2352 
f 2352/2352/2352 2353/2353/2353 2354/2354/2354 
f 2353/2353/2353 2355/2355/2355 2354/2354/2354 
f 2354/2354/2354 2355/2355/2355 2355/2355/2355 
f 2355/2355/2355 2356/2356/2356 2355/2355/2355 
f 2355/2355/2355 2356/2356/2356 2356/2356/2356 
f 2356/2356/2356 2357/2357/2357 2356/2356/2356 
f 2356/2356/2356 2357/2357/2357 2358/2358/2358 
f 2357/2357/2357 2359/2359/2359 2358/2358/2358 
f 2358/2358/2358 2359/2359/2359 2359/2359/2359 
f 2359/2359/2359 2360/2360/2360 2359/2359/2359 
f 2359/2359/2359 2360/2360/2360 2360/2360/2360 
f 2360/2360/2360 2361/2361/2361 2360/2360/2360 
f 2360/2360/2360 2361/2361/2361 2362/2362/2362 
f 2361/2361/2361 2363/2363/2363 2362/2362/2362 
f 2362/2362/2362 2363/2363/2363 2364/2364/2364 
f 2363/2363/2363 2365/2365/2365 2364/2364/2364 
f 2364/2364/2364 2365/2365/2365 2365/2365/2365 
f 2365/2365/2365 2366/2366/2366 2365/2365/2365 
f 2365/2365/2365 2366/2366/2366 2366/2366/2366 
f 2366/2366/2366 2367/2367/2367 2366/2366/2366 
f 2366/2366/2366 2367/2367/2367 2368/2368/2368 
f 2367/2367/2367 2369/2369/2369 2368/2368/2368 
f 2368/2368/2368 2369/2369/2369 2370/2370/2370 
f 2369/2369/2369 2371/2371/2371 2370/2370/2370 
f 2370/2370/2370 2371/2371/2371 2372/2372/2372 
f 2371/2371/2371 2373/2373/2373 2372/2372/2372 
f 2372/2372/2372 2373/2373/2373 2374/2374/2374 
f 2373/2373/2373 2375/2375/2375 2374/2374/2374 
f 2374/2374/2374 2375/2375/2375 2375/2375/2375 
f 2375/2375/2375 2376/2376/2376 2375/2375/2375 
f 2375/2375/2375 2376/2376/2376 2376/2376/2376 
f 2376/2376/2376 2377/2377/2377 2376/2376/2376 
f 2376/2376/2376 2377/2377/2377 2378/2378/2378 
f 2377/2377/2377 2379/2379/2379 2378/2378/2378 
f 2378/2378/2378 2379/2379/2379 2379/2379/2379 
f 2379/2379/2379 2377/2377/2377 2379/2379/2379 
f 2379/2379/2379 2377/2377/2377 2377/2377/2377 
f 2377/2377/2377 2380/2380/2380 2377/2377/2377 
f 2377/2377/2377 2380/2380/2380 2379/2379/2379 
f 2380/2380/2380 2381/2381/2381 2379/2379/2379 
f 2379/2379/2379 2381/2381/2381 2381/2381/2381 
f 2381/2381/2381 2382/2382/2382 2381/2381/2381 
f 2381/2381/2381 2382/2382/2382 2382/2382/2382 
f 2382/2382/2382 2383/2383/2383 2382/2382/2382 
f 2382/2382/2382 2383/2383/2383 2384/2384/2384 
f 2383/2383/2383 2385/2385/2385 2384/2384/2384 
f 2384/2384/2384 2385/2385/2385 2385/2385/2385 
f 2385/2385/2385 2383/2383/2383 2385/2385/2385 
f 2385/2385/2385 2383/2383/2383 2383/2383/2383 
f 2383/2383/2383 2386/2386/2386 2383/2383/2383 
f 2383/2383/2383 2386/2386/2386 2385/2385/2385 
f 2386/2386/2386 2387/2387/2387 2385/2385/2385 
f 2385/2385/2385 2387/2387/2387 2387/2387/2387 
f 2387/2387/2387 2388/2388/2388 2387/2387/2387 
f 2387/2387/2387 2388/2388/2388 2388/2388/2388 
f 2388/2388/2388 2389/2389/2389 2388/2388/2388 
f 2388/2388/2388 2389/2389/2389 2390/2390/2390 
f 2389/2389/2389 2391/2391/2391 2390/2390/2390 
f 2390/2390/2390 2391/2391/2391 2391/2391/2391 
f 2391/2391/2391 2389/2389/2389 2391/2391/2391 
f 2391/2391/2391 2389/2389/2389 2389/2389/2389 
f 2389/2389/2389 2392/2392/2392 2389/2389/2389 
f 2389/2389/2389 2392/2392/2392 2391/2391/2391 
f 2392/2392/2392 2393/2393/2393 2391/2391/2391 
f 2391/2391/2391 2393/2393/2393 2393/2393/2393 
f 2393/2393/2393 2394/2394/2394 2393/2393/2393 
f 2393/2393/2393 2394/2394/2394 2394/2394/2394 
f 2394/2394/2394 2395/2395/2395 2394/2394/2394 
f 2394/2394/2394 2395/2395/2395 2396/2396/2396 
f 2395/2395/2395 2397/2397/2397 2396/2396/2396 
f 2396/2396/2396 2397/2397/2397 2398/2398/2398 
f 2397/2397/2397 2399/2399/2399 2398/2398/2398 
f 2398/2398/2398 2399/2399/2399 2400/2400/2400 
f 2399/2399/2399 2401/2401/2401 2400/2400/2400 
f 2400/2400/2400 2401/2401/2401 2402/2402/2402 
f 2401/2401/2401 2403/2403/2403 2402/2402/2402 
f 2402/2402/2402 2403/2403/2403 2404/2404/2404 
f 2403/2403/2403 2405/2405/2405 2404/2404/2404 
f 2404/2404/2404 2405/2405/2405 2406/2406/2406 
f 2405/2405/2405 2407/2407/2407 2406/2406/2406 
f 2406/2406/2406 2407/2407/2407 2408/2408/2408 
f 2407/2407/2407 2409/2409/2409 2408/2408/2408 
f 2408/2408/2408 2409/2409/2409 2410/2410/2410 
f 2409/2409/2409 2411/2411/2411 2410/2410/2410 
f 2410/2410/2410 2411/2411/2411 2412/2412/2412 
f 2411/2411/2411 2413/2413/2413 2412/2412/2412 
f 2412/2412/2412 2413/2413/2413 2414/2414/2414 
f 2413/2413/2413 2415/2415/2415 2414/2414/2414 
f 2414/2414/2414 2415/2415/2415 2416/2416/2416 
f 2415/2415/2415 2417/2417/2417 2416/2416/2416 
f 2416/2416/2416 2417/2417/2417 2418/2418/2418 
f 2417/2417/2417 2419/2419/2419 2418/2418/2418 
f 2418/2418/2418 2419/2419/2419 2420/2420/2420 
f 2419/2419/2419 2421/2421/2421 2420/2420/2420 
f 2420/2420/2420 2421/2421/2421 2422/2422/2422 
f 2421/2421/2421 2423/2423/2423 2422/2422/2422 
f 2422/2422/2422 2423/2423/2423 2424/2424/2424 
f 2423/2423/2423 2425/2425/2425 2424/2424/2424 
f 2424/2424/2424 2425/2425/2425 2426/2426/2426 
f 2425/2425/2425 2427/2427/2427 2426/2426/2426 
f 2426/2426/2426 2427/2427/2427 2427/2427/2427 
f 2427/2427/2427 2428/2428/2428 2427/2427/2427 
f 2427/2427/2427 2428/2428/2428 2428/2428/2428 
f 2428/2428/2428 2429/2429/2429 2428/2428/2428 
f 2428/2428/2428 2429/2429/2429 2430/2430/2430 
f 2429/2429/2429 2431/2431/2431 2430/2430/2430 
f 2430/2430/2430 2431/2431/2431 2432/2432/2432 
f 2431/2431/2431 2433/2433/2433 2432/2432/2432 
f 2432/2432/2432 2433/2433/2433 2434/2434/2434 
f 2433/2433/2433 2435/2435/2435 2434/2434/2434 
f 2434/2434/2434 2435/2435/2435 2436/2436/2436 
f 2435/2435/2435 2437/2437/2437 2436/2436/2436 
f 2436/2436/2436 2437/2437/2437 2438/2438/2438 
f 2437/2437/2437 2439/2439/2439 2438/2438/2438 
f 2438/2438/2438 2439/2439/2439 2440/2440/2440 
f 2439/2439/2439 2441/2441/2441 2440/2440/2440 
f 2440/2440/2440 2441/2441/2441 2442/2442/2442 
f 2441/2441/2441 2443/2443/2443 2442/2442/2442 
f 2442/2442/2442 2443/2443/2443 2444/2444/2444 
f 2443/2443/2443 2445/2445/2445 2444/2444/2444 
f 2444/2444/2444 2445/2445/2445 2446/2446/2446 
f 2445/2445/2445 2447/2447/2447 2446/2446/2446 
f 2446/2446/2446 2447/2447/2447 2448/2448/2448 
f 2447/2447/2447 2449/2449/2449 2448/2448/2448 
f 2448/2448/2448 2449/2449/2449 2450/2450/2450 
f 2449/2449/2449 2451/2451/2451 2450/2450/2450 
f 2450/2450/2450 2451/2451/2451 2452/2452/2452 
f 2451/2451/2451 2453/2453/2453 2452/2452/2452 
f 2452/2452/2452 2453/2453/2453 2454/2454/2454 
f 2453/2453/2453 2455/2455/2455 2454/2454/2454 
f 2454/2454/2454 2455/2455/2455 2456/2456/2456 
f 2455/2455/2455 2457/2457/2457 2456/2456/2456 
f 2456/2456/2456 2457/2457/2457 2458/2458/2458 
f 2457/2457/2457 2459/2459/2459 2458/2458/2458 
f 2458/2458/2458 2459/2459/2459 2460/2460/2460 
f 2459/2459/2459 2461/2461/2461 2460/2460/2460 
f 2460/2460/2460 2461/2461/2461 2462/2462/2462 
f 2461/2461/2461 2463/2463/2463 2462/2462/2462 
f 2462/2462/2462 2463/2463/2463 2464/2464/2464 
f 2463/2463/2463 2465/2465/2465 2464/2464/2464 
f 2464/2464/2464 2465/2465/2465 2466/2466/2466 
f 2465/2465/2465 2467/2467/2467 2466/2466/2466 
f 2466/2466/2466 2467/2467/2467 2468/2468/2468 
f 2467/2467/2467 2469/2469/2469 2468/2468/2468 
f 2468/2468/2468 2469/2469/2469 2470/2470/2470 
f 2469/2469/2469 2471/2471/2471 2470/2470/2470 
f 2470/2470/2470 2471/2471/2471 2472/2472/2472 
f 2471/2471/2471 2473/2473/2473 2472/2472/2472 
f 2472/2472/2472 2473/2473/2473 2474/2474/2474 
f 2473/2473/2473 2475/2475/2475 2474/2474/2474 
f 2474/2474/2474 2475/2475/2475 2476/2476/2476 
f 2475/2475/2475 2477/2477/2477 2476/2476/2476 
f 2476/2476/2476 2477/2477/2477 2478/2478/2478 
f 2477/2477/2477 2479/2479/2479 2478/2478/2478 
f 2478/2478/2478 2479/2479/2479 2480/2480/2480 
f 2479/2479/2479 2481/2481/2481 2480/2480/2480 
f 2480/2480/2480 2481/2481/2481 2482/2482/2482 
f 2481/2481/2481 2483/2483/2483 2482/2482/2482 
f 2482/2482/2482 2483/2483/2483 2484/2484/2484 
f 2483/2483/2483 2485/2485/2485 2484/2484/2484 
f 2484/2484/2484 2485/2485/2485 2486/2486/2486 
f 2485/2485/2485 2487/2487/2487 2486/2486/2486 
f 2486/2486/2486 2487/2487/2487 2488/2488/2488 
f 2487/2487/2487 2489/2489/2489 2488/2488/2488 
f 2488/2488/2488 2489/2489/2489 2490/2490/2490 
f 2489/2489/2489 2491/2491/2491 2490/2490/2490 
f 2490/2490/2490 2491/2491/2491 2428/2428/2428 
f 2491/2491/2491 2429/2429/2429 2428/2428/2428 
f 2428/2428/2428 2429/2429/2429 2429/2429/2429 
f 2429/2429/2429 2492/2492/2492 2429/2429/2429 
f 2429/2429/2429 2492/2492/2492 2492/2492/2492 
f 2492/2492/2492 2493/2493/2493 2492/2492/2492 
f 2492/2492/2492 2493/2493/2493 2494/2494/2494 
f 2493/2493/2493 2495/2495/2495 2494/2494/2494 
f 2494/2494/2494 2495/2495/2495 2496/2496/2496 
f 2495/2495/2495 2497/2497/2497 2496/2496/2496 
f 2496/2496/2496 2497/2497/2497 2498/2498/2498 
f 2497/2497/2497 2499/2499/2499 2498/2498/2498 
f 2498/2498/2498 2499/2499/2499 2500/2500/2500 
f 2499/2499/2499 2501/2501/2501 2500/2500/2500 
f 2500/2500/2500 2501/2501/2501 2502/2502/2502 
f 2501/2501/2501 2503/2503/2503 2502/2502/2502 
f 2502/2502/2502 2503/2503/2503 2504/2504/2504 
f 2503/2503/2503 2505/2505/2505 2504/2504/2504 
f 2504/2504/2504 2505/2505/2505 2506/2506/2506 
f 2505/2505/2505 2507/2507/2507 2506/2506/2506 
f 2506/2506/2506 2507/2507/2507 2508/2508/2508 
f 2507/2507/2507 2509/2509/2509 2508/2508/2508 
f 2508/2508/2508 2509/2509/2509 2510/2510/2510 
f 2509/2509/2509 2511/2511/2511 2510/2510/2510 
f 2510/2510/2510 2511/2511/2511 2512/2512/2512 
f 2511/2511/2511 2513/2513/2513 2512/2512/2512 
f 2512/2512/2512 2513/2513/2513 2514/2514/2514 
f 2513/2513/2513 2515/2515/2515 2514/2514/2514 
f 2514/2514/2514 2515/2515/2515 2516/2516/2516 
f 2515/2515/2515 2517/2517/2517 2516/2516/2516 
f 2516/2516/2516 2517/2517/2517 2518/2518/2518 
f 2517/2517/2517 2519/2519/2519 2518/2518/2518 
f 2518/2518/2518 2519/2519/2519 2520/2520/2520 
f 2519/2519/2519 2521/2521/2521 2520/2520/2520 
f 2520/2520/2520 2521/2521/2521 2522/2522/2522 
f 2521/2521/2521 2523/2523/2523 2522/2522/2522 
f 2522/2522/2522 2523/2523/2523 2524/2524/2524 
f 2523/2523/2523 2525/2525/2525 2524/2524/2524 
f 2524/2524/2524 2525/2525/2525 2526/2526/2526 
f 2525/2525/2525 2527/2527/2527 2526/2526/2526 
f 2526/2526/2526 2527/2527/2527 2528/2528/2528 
f 2527/2527/2527 2529/2529/2529 2528/2528/2528 
f 2528/2528/2528 2529/2529/2529 2530/2530/2530 
f 2529/2529/2529 2531/2531/2531 2530/2530/2530 
f 2530/2530/2530 2531/2531/2531 2532/2532/2532 
f 2531/2531/2531 2533/2533/2533 2532/2532/2532 
f 2532/2532/2532 2533/2533/2533 2534/2534/2534 
f 2533/2533/2533 2535/2535/2535 2534/2534/2534 
f 2534/2534/2534 2535/2535/2535 2536/2536/2536 
f 2535/2535/2535 2537/2537/2537 2536/2536/2536 
f 2536/2536/2536 2537/2537/2537 2538/2538/2538 
f 2537/2537/2537 2539/2539/2539 2538/2538/2538 
f 2538/2538/2538 2539/2539/2539 2540/2540/2540 
f 2539/2539/2539 2541/2541/2541 2540/2540/2540 
f 2540/2540/2540 2541/2541/2541 2542/2542/2542 
f 2541/2541/2541 2543/2543/2543 2542/2542/2542 
f 2542/2542/2542 2543/2543/2543 2544/2544/2544 
f 2543/2543/2543 2545/2545/2545 2544/2544/2544 
f 2544/2544/2544 2545/2545/2545 2546/2546/2546 
f 2545/2545/2545 2547/2547/2547 2546/2546/2546 
f 2546/2546/2546 2547/2547/2547 2548/2548/2548 
f 2547/2547/2547 2549/2549/2549 2548/2548/2548 
f 2548/2548/2548 2549/2549/2549 2550/2550/2550 
f 2549/2549/2549 2551/2551/2551 2550/2550/2550 
f 2550/2550/2550 2551/2551/2551 2552/2552/2552 
f 2551/2551/2551 2553/2553/2553 2552/2552/2552 
f 2552/2552/2552 2553/2553/2553 2554/2554/2554 
f 2553/2553/2553 2555/2555/2555 2554/2554/2554 
f 2554/2554/2554 2555/2555/2555 2492/2492/2492 
f 2555/2555/2555 2493/2493/2493 2492/2492/2492 
f 2492/2492/2492 2493/2493/2493 2493/2493/2493 
f 2493/2493/2493 2556/2556/2556 2493/2493/2493 
f 2493/2493/2493 2556/2556/2556 2556/2556/2556 
f 2556/2556/2556 2557/2557/2557 2556/2556/2556 
f 2556/2556/2556 2557/2557/2557 2558/2558/2558 
f 2557/2557/2557 2559/2559/2559 2558/2558/2558 
f 2558/2558/2558 2559/2559/2559 2560/2560/2560 
f 2559/2559/2559 2561/2561/2561 2560/2560/2560 
f 2560/2560/2560 2561/2561/2561 2562/2562/2562 
f 2561/2561/2561 2563/2563/2563 2562/2562/2562 
f 2562/2562/2562 2563/2563/2563 2564/2564/2564 
f 2563/2563/2563 2565/2565/2565 2564/2564/2564 
f 2564/2564/2564 2565/2565/2565 2566/2566/2566 
f 2565/2565/2565 2567/2567/2567 2566/2566/2566 
f 2566/2566/2566 2567/2567/2567 2568/2568/2568 
f 2567/2567/2567 2569/2569/2569 2568/2568/2568 
f 2568/2568/2568 2569/2569/2569 2570/2570/2570 
f 2569/2569/2569 2571/2571/2571 2570/2570/2570 
f 2570/2570/2570 2571/2571/2571 2572/2572/2572 
f 2571/2571/2571 2573/2573/2573 2572/2572/2572 
f 2572/2572/2572 2573/2573/2573 2573/2573/2573 
f 2573/2573/2573 2562/2562/2562 2573/2573/2573 
f 2573/2573/2573 2562/2562/2562 2562/2562/2562 
f 2562/2562/2562 2574/2574/2574 2562/2562/2562 
f 2562/2562/2562 2574/2574/2574 2560/2560/2560 
f 2574/2574/2574 2575/2575/2575 2560/2560/2560 
f 2560/2560/2560 2575/2575/2575 2558/2558/2558 
f 2575/2575/2575 2576/2576/2576 2558/2558/2558 
f 2558/2558/2558 2576/2576/2576 2556/2556/2556 
f 2576/2576/2576 2556/2556/2556 2556/2556/2556 
f 2556/2556/2556 2556/2556/2556 2574/2574/2574 
f 2556/2556/2556 2574/2574/2574 2574/2574/2574 
f 2574/2574/2574 2574/2574/2574 2574/2574/2574 
f 2574/2574/2574 2577/2577/2577 2574/2574/2574 
f 2574/2574/2574 2577/2577/2577 2575/2575/2575 
f 2577/2577/2577 2578/2578/2578 2575/2575/2575 
f 2575/2575/2575 2578/2578/2578 2576/2576/2576 
f 2578/2578/2578 2576/2576/2576 2576/2576/2576 
f 2576/2576/2576 2576/2576/2576 2578/2578/2578 
f 2576/2576/2576 2578/2578/2578 2578/2578/2578 
f 2578/2578/2578 2578/2578/2578 2578/2578/2578 
f 2578/2578/2578 2577/2577/2577 2578/2578/2578 
f 2578/2578/2578 2577/2577/2577 2579/2579/2579 
f 2577/2577/2577 2580/2580/2580 2579/2579/2579 
f 2579/2579/2579 2580/2580/2580 2581/2581/2581 
f 2580/2580/2580 2582/2582/2582 2581/2581/2581 
f 2581/2581/2581 2582/2582/2582 2583/2583/2583 
f 2582/2582/2582 2584/2584/2584 2583/2583/2583 
f 2583/2583/2583 2584/2584/2584 2585/2585/2585 
f 2584/2584/2584 2586/2586/2586 2585/2585/2585 
f 2585/2585/2585 2586/2586/2586 2587/2587/2587 
f 2586/2586/2586 2588/2588/2588 2587/2587/2587 
f 2587/2587/2587 2588/2588/2588 2589/2589/2589 
f 2588/2588/2588 2590/2590/2590 2589/2589/2589 
f 2589/2589/2589 2590/2590/2590 2591/2591/2591 
f 2590/2590/2590 2592/2592/2592 2591/2591/2591 
f 2591/2591/2591 2592/2592/2592 2593/2593/2593 
f 2592/2592/2592 2594/2594/2594 2593/2593/2593 
f 2593/2593/2593 2594/2594/2594 2595/2595/2595 
f 2594/2594/2594 2596/2596/2596 2595/2595/2595 
f 2595/2595/2595 2596/2596/2596 2597/2597/2597 
f 2596/2596/2596 2598/2598/2598 2597/2597/2597 
f 2597/2597/2597 2598/2598/2598 2599/2599/2599 
f 2598/2598/2598 2600/2600/2600 2599/2599/2599 
f 2599/2599/2599 2600/2600/2600 2601/2601/2601 
f 2600/2600/2600 2602/2602/2602 2601/2601/2601 
f 2601/2601/2601 2602/2602/2602 2602/2602/2602 
f 2602/2602/2602 2590/2590/2590 2602/2602/2602 
f 2602/2602/2602 2590/2590/2590 2590/2590/2590 
f 2590/2590/2590 2603/2603/2603 2590/2590/2590 
f 2590/2590/2590 2603/2603/2603 2592/2592/2592 
f 2603/2603/2603 2604/2604/2604 2592/2592/2592 
f 2592/2592/2592 2604/2604/2604 2594/2594/2594 
f 2604/2604/2604 2605/2605/2605 2594/2594/2594 
f 2594/2594/2594 2605/2605/2605 2596/2596/2596 
f 2605/2605/2605 2606/2606/2606 2596/2596/2596 
f 2596/2596/2596 2606/2606/2606 2598/2598/2598 
f 2606/2606/2606 2607/2607/2607 2598/2598/2598 
f 2598/2598/2598 2607/2607/2607 2600/2600/2600 
f 2607/2607/2607 2608/2608/2608 2600/2600/2600 
f 2600/2600/2600 2608/2608/2608 2602/2602/2602 
f 2608/2608/2608 2572/2572/2572 2602/2602/2602 
f 2602/2602/2602 2572/2572/2572 2572/2572/2572 
f 2572/2572/2572 2590/2590/2590 2572/2572/2572 
f 2572/2572/2572 2590/2590/2590 2590/2590/2590 
f 2590/2590/2590 2588/2588/2588 2590/2590/2590 
f 2590/2590/2590 2588/2588/2588 2603/2603/2603 
f 2588/2588/2588 2586/2586/2586 2603/2603/2603 
f 2603/2603/2603 2586/2586/2586 2609/2609/2609 
f 2586/2586/2586 2584/2584/2584 2609/2609/2609 
f 2609/2609/2609 2584/2584/2584 2610/2610/2610 
f 2584/2584/2584 2582/2582/2582 2610/2610/2610 
f 2610/2610/2610 2582/2582/2582 2611/2611/2611 
f 2582/2582/2582 2580/2580/2580 2611/2611/2611 
f 2611/2611/2611 2580/2580/2580 2612/2612/2612 
f 2580/2580/2580 2577/2577/2577 2612/2612/2612 
f 2612/2612/2612 2577/2577/2577 2574/2574/2574 
f 2577/2577/2577 2574/2574/2574 2574/2574/2574 
f 2574/2574/2574 2574/2574/2574 2603/2603/2603 
f 2574/2574/2574 2603/2603/2603 2603/2603/2603 
f 2603/2603/2603 2603/2603/2603 2603/2603/2603 
f 2603/2603/2603 2609/2609/2609 2603/2603/2603 
f 2603/2603/2603 2609/2609/2609 2604/2604/2604 
f 2609/2609/2609 2613/2613/2613 2604/2604/2604 
f 2604/2604/2604 2613/2613/2613 2605/2605/2605 
f 2613/2613/2613 2614/2614/2614 2605/2605/2605 
f 2605/2605/2605 2614/2614/2614 2606/2606/2606 
f 2614/2614/2614 2615/2615/2615 2606/2606/2606 
f 2606/2606/2606 2615/2615/2615 2607/2607/2607 
f 2615/2615/2615 2616/2616/2616 2607/2607/2607 
f 2607/2607/2607 2616/2616/2616 2608/2608/2608 
f 2616/2616/2616 2608/2608/2608 2608/2608/2608 
f 2608/2608/2608 2608/2608/2608 2609/2609/2609 
f 2608/2608/2608 2609/2609/2609 2609/2609/2609 
f 2609/2609/2609 2609/2609/2609 2609/2609/2609 
f 2609/2609/2609 2610/2610/2610 2609/2609/2609 
f 2609/2609/2609 2610/2610/2610 2613/2613/2613 
f 2610/2610/2610 2617/2617/2617 2613/2613/2613 
f 2613/2613/2613 2617/2617/2617 2614/2614/2614 
f 2617/2617/2617 2618/2618/2618 2614/2614/2614 
f 2614/2614/2614 2618/2618/2618 2615/2615/2615 
f 2618/2618/2618 2619/2619/2619 2615/2615/2615 
f 2615/2615/2615 2619/2619/2619 2616/2616/2616 
f 2619/2619/2619 2616/2616/2616 2616/2616/2616 
f 2616/2616/2616 2616/2616/2616 2610/2610/2610 
f 2616/2616/2616 2610/2610/2610 2610/2610/2610 
f 2610/2610/2610 2610/2610/2610 2610/2610/2610 
f 2610/2610/2610 2611/2611/2611 2610/2610/2610 
f 2610/2610/2610 2611/2611/2611 2617/2617/2617 
f 2611/2611/2611 2620/2620/2620 2617/2617/2617 
f 2617/2617/2617 2620/2620/2620 2618/2618/2618 
f 2620/2620/2620 2621/2621/2621 2618/2618/2618 
f 2618/2618/2618 2621/2621/2621 2619/2619/2619 
f 2621/2621/2621 2619/2619/2619 2619/2619/2619 
f 2619/2619/2619 2619/2619/2619 2621/2621/2621 
f 2619/2619/2619 2621/2621/2621 2621/2621/2621 
f 2621/2621/2621 2621/2621/2621 2621/2621/2621 
f 2621/2621/2621 2620/2620/2620 2621/2621/2621 
f 2621/2621/2621 2620/2620/2620 2622/2622/2622 
f 2620/2620/2620 2612/2612/2612 2622/2622/2622 
f 2622/2622/2622 2612/2612/2612 2574/2574/2574 
f 2612/2612/2612 2574/2574/2574 2574/2574/2574 
f 2574/2574/2574 2574/2574/2574 2601/2601/2601 
f 2574/2574/2574 2601/2601/2601 2601/2601/2601 
f 2601/2601/2601 2601/2601/2601 2601/2601/2601 
f 2601/2601/2601 2623/2623/2623 2601/2601/2601 
f 2601/2601/2601 2623/2623/2623 2599/2599/2599 
f 2623/2623/2623 2624/2624/2624 2599/2599/2599 
f 2599/2599/2599 2624/2624/2624 2597/2597/2597 
f 2624/2624/2624 2625/2625/2625 2597/2597/2597 
f 2597/2597/2597 2625/2625/2625 2595/2595/2595 
f 2625/2625/2625 2626/2626/2626 2595/2595/2595 
f 2595/2595/2595 2626/2626/2626 2593/2593/2593 
f 2626/2626/2626 2627/2627/2627 2593/2593/2593 
f 2593/2593/2593 2627/2627/2627 2591/2591/2591 
f 2627/2627/2627 2589/2589/2589 2591/2591/2591 
f 2591/2591/2591 2589/2589/2589 2589/2589/2589 
f 2589/2589/2589 2623/2623/2623 2589/2589/2589 
f 2589/2589/2589 2623/2623/2623 2623/2623/2623 
f 2623/2623/2623 2628/2628/2628 2623/2623/2623 
f 2623/2623/2623 2628/2628/2628 2624/2624/2624 
f 2628/2628/2628 2629/2629/2629 2624/2624/2624 
f 2624/2624/2624 2629/2629/2629 2625/2625/2625 
f 2629/2629/2629 2630/2630/2630 2625/2625/2625 
f 2625/2625/2625 2630/2630/2630 2626/2626/2626 
f 2630/2630/2630 2631/2631/2631 2626/2626/2626 
f 2626/2626/2626 2631/2631/2631 2627/2627/2627 
f 2631/2631/2631 2589/2589/2589 2627/2627/2627 
f 2627/2627/2627 2589/2589/2589 2589/2589/2589 
f 2589/2589/2589 2628/2628/2628 2589/2589/2589 
f 2589/2589/2589 2628/2628/2628 2628/2628/2628 
f 2628/2628/2628 2632/2632/2632 2628/2628/2628 
f 2628/2628/2628 2632/2632/2632 2629/2629/2629 
f 2632/2632/2632 2633/2633/2633 2629/2629/2629 
f 2629/2629/2629 2633/2633/2633 2630/2630/2630 
f 2633/2633/2633 2634/2634/2634 2630/2630/2630 
f 2630/2630/2630 2634/2634/2634 2631/2631/2631 
f 2634/2634/2634 2589/2589/2589 2631/2631/2631 
f 2631/2631/2631 2589/2589/2589 2589/2589/2589 
f 2589/2589/2589 2632/2632/2632 2589/2589/2589 
f 2589/2589/2589 2632/2632/2632 2632/2632/2632 
f 2632/2632/2632 2635/2635/2635 2632/2632/2632 
f 2632/2632/2632 2635/2635/2635 2633/2633/2633 
f 2635/2635/2635 2636/2636/2636 2633/2633/2633 
f 2633/2633/2633 2636/2636/2636 2634/2634/2634 
f 2636/2636/2636 2589/2589/2589 2634/2634/2634 
f 2634/2634/2634 2589/2589/2589 2589/2589/2589 
f 2589/2589/2589 2636/2636/2636 2589/2589/2589 
f 2589/2589/2589 2636/2636/2636 2637/2637/2637 
f 2636/2636/2636 2635/2635/2635 2637/2637/2637 
f 2637/2637/2637 2635/2635/2635 2635/2635/2635 
f 2635/2635/2635 2563/2563/2563 2635/2635/2635 
f 2635/2635/2635 2563/2563/2563 2563/2563/2563 
f 2563/2563/2563 2561/2561/2561 2563/2563/2563 
f 2563/2563/2563 2561/2561/2561 2638/2638/2638 
f 2561/2561/2561 2639/2639/2639 2638/2638/2638 
f 2638/2638/2638 2639/2639/2639 2640/2640/2640 
f 2639/2639/2639 2641/2641/2641 2640/2640/2640 
f 2640/2640/2640 2641/2641/2641 2642/2642/2642 
f 2641/2641/2641 2643/2643/2643 2642/2642/2642 
f 2642/2642/2642 2643/2643/2643 2644/2644/2644 
f 2643/2643/2643 2645/2645/2645 2644/2644/2644 
f 2644/2644/2644 2645/2645/2645 2646/2646/2646 
f 2645/2645/2645 2647/2647/2647 2646/2646/2646 
f 2646/2646/2646 2647/2647/2647 2648/2648/2648 
f 2647/2647/2647 2649/2649/2649 2648/2648/2648 
f 2648/2648/2648 2649/2649/2649 2650/2650/2650 
f 2649/2649/2649 2651/2651/2651 2650/2650/2650 
f 2650/2650/2650 2651/2651/2651 2652/2652/2652 
f 2651/2651/2651 2653/2653/2653 2652/2652/2652 
f 2652/2652/2652 2653/2653/2653 2654/2654/2654 
f 2653/2653/2653 2655/2655/2655 2654/2654/2654 
f 2654/2654/2654 2655/2655/2655 2655/2655/2655 
f 2655/2655/2655 2561/2561/2561 2655/2655/2655 
f 2655/2655/2655 2561/2561/2561 2561/2561/2561 
f 2561/2561/2561 2559/2559/2559 2561/2561/2561 
f 2561/2561/2561 2559/2559/2559 2639/2639/2639 
f 2559/2559/2559 2656/2656/2656 2639/2639/2639 
f 2639/2639/2639 2656/2656/2656 2641/2641/2641 
f 2656/2656/2656 2657/2657/2657 2641/2641/2641 
f 2641/2641/2641 2657/2657/2657 2643/2643/2643 
f 2657/2657/2657 2658/2658/2658 2643/2643/2643 
f 2643/2643/2643 2658/2658/2658 2645/2645/2645 
f 2658/2658/2658 2659/2659/2659 2645/2645/2645 
f 2645/2645/2645 2659/2659/2659 2647/2647/2647 
f 2659/2659/2659 2660/2660/2660 2647/2647/2647 
f 2647/2647/2647 2660/2660/2660 2649/2649/2649 
f 2660/2660/2660 2661/2661/2661 2649/2649/2649 
f 2649/2649/2649 2661/2661/2661 2651/2651/2651 
f 2661/2661/2661 2653/2653/2653 2651/2651/2651 
f 2651/2651/2651 2653/2653/2653 2653/2653/2653 
f 2653/2653/2653 2559/2559/2559 2653/2653/2653 
f 2653/2653/2653 2559/2559/2559 2559/2559/2559 
f 2559/2559/2559 2557/2557/2557 2559/2559/2559 
f 2559/2559/2559 2557/2557/2557 2656/2656/2656 
f 2557/2557/2557 2662/2662/2662 2656/2656/2656 
f 2656/2656/2656 2662/2662/2662 2657/2657/2657 
f 2662/2662/2662 2663/2663/2663 2657/2657/2657 
f 2657/2657/2657 2663/2663/2663 2658/2658/2658 
f 2663/2663/2663 2664/2664/2664 2658/2658/2658 
f 2658/2658/2658 2664/2664/2664 2659/2659/2659 
f 2664/2664/2664 2665/2665/2665 2659/2659/2659 
f 2659/2659/2659 2665/2665/2665 2660/2660/2660 
f 2665/2665/2665 2666/2666/2666 2660/2660/2660 
f 2660/2660/2660 2666/2666/2666 2661/2661/2661 
f 2666/2666/2666 2655/2655/2655 2661/2661/2661 
f 2661/2661/2661 2655/2655/2655 2653/2653/2653 
f 2655/2655/2655 2653/2653/2653 2653/2653/2653 
f 2653/2653/2653 2653/2653/2653 2573/2573/2573 
f 2653/2653/2653 2573/2573/2573 2573/2573/2573 
f 2573/2573/2573 2573/2573/2573 2573/2573/2573 
f 2573/2573/2573 2571/2571/2571 2573/2573/2573 
f 2573/2573/2573 2571/2571/2571 2667/2667/2667 
f 2571/2571/2571 2668/2668/2668 2667/2667/2667 
f 2667/2667/2667 2668/2668/2668 2669/2669/2669 
f 2668/2668/2668 2670/2670/2670 2669/2669/2669 
f 2669/2669/2669 2670/2670/2670 2671/2671/2671 
f 2670/2670/2670 2672/2672/2672 2671/2671/2671 
f 2671/2671/2671 2672/2672/2672 2673/2673/2673 
f 2672/2672/2672 2674/2674/2674 2673/2673/2673 
f 2673/2673/2673 2674/2674/2674 2675/2675/2675 
f 2674/2674/2674 2676/2676/2676 2675/2675/2675 
f 2675/2675/2675 2676/2676/2676 2677/2677/2677 
f 2676/2676/2676 2678/2678/2678 2677/2677/2677 
f 2677/2677/2677 2678/2678/2678 2679/2679/2679 
f 2678/2678/2678 2680/2680/2680 2679/2679/2679 
f 2679/2679/2679 2680/2680/2680 2652/2652/2652 
f 2680/2680/2680 2681/2681/2681 2652/2652/2652 
f 2652/2652/2652 2681/2681/2681 2682/2682/2682 
f 2681/2681/2681 2683/2683/2683 2682/2682/2682 
f 2682/2682/2682 2683/2683/2683 2684/2684/2684 
f 2683/2683/2683 2685/2685/2685 2684/2684/2684 
f 2684/2684/2684 2685/2685/2685 2646/2646/2646 
f 2685/2685/2685 2644/2644/2644 2646/2646/2646 
f 2646/2646/2646 2644/2644/2644 2644/2644/2644 
f 2644/2644/2644 2668/2668/2668 2644/2644/2644 
f 2644/2644/2644 2668/2668/2668 2668/2668/2668 
f 2668/2668/2668 2686/2686/2686 2668/2668/2668 
f 2668/2668/2668 2686/2686/2686 2670/2670/2670 
f 2686/2686/2686 2687/2687/2687 2670/2670/2670 
f 2670/2670/2670 2687/2687/2687 2672/2672/2672 
f 2687/2687/2687 2688/2688/2688 2672/2672/2672 
f 2672/2672/2672 2688/2688/2688 2674/2674/2674 
f 2688/2688/2688 2689/2689/2689 2674/2674/2674 
f 2674/2674/2674 2689/2689/2689 2676/2676/2676 
f 2689/2689/2689 2690/2690/2690 2676/2676/2676 
f 2676/2676/2676 2690/2690/2690 2678/2678/2678 
f 2690/2690/2690 2691/2691/2691 2678/2678/2678 
f 2678/2678/2678 2691/2691/2691 2680/2680/2680 
f 2691/2691/2691 2681/2681/2681 2680/2680/2680 
f 2680/2680/2680 2681/2681/2681 2681/2681/2681 
f 2681/2681/2681 2686/2686/2686 2681/2681/2681 
f 2681/2681/2681 2686/2686/2686 2686/2686/2686 
f 2686/2686/2686 2692/2692/2692 2686/2686/2686 
f 2686/2686/2686 2692/2692/2692 2687/2687/2687 
f 2692/2692/2692 2693/2693/2693 2687/2687/2687 
f 2687/2687/2687 2693/2693/2693 2688/2688/2688 
f 2693/2693/2693 2694/2694/2694 2688/2688/2688 
f 2688/2688/2688 2694/2694/2694 2689/2689/2689 
f 2694/2694/2694 2695/2695/2695 2689/2689/2689 
f 2689/2689/2689 2695/2695/2695 2690/2690/2690 
f 2695/2695/2695 2696/2696/2696 2690/2690/2690 
f 2690/2690/2690 2696/2696/2696 2691/2691/2691 
f 2696/2696/2696 2683/2683/2683 2691/2691/2691 
f 2691/2691/2691 2683/2683/2683 2681/2681/2681 
f 2683/2683/2683 2681/2681/2681 2681/2681/2681 
f 2681/2681/2681 2681/2681/2681 2692/2692/2692 
f 2681/2681/2681 2692/2692/2692 2692/2692/2692 
f 2692/2692/2692 2692/2692/2692 2692/2692/2692 
f 2692/2692/2692 2697/2697/2697 2692/2692/2692 
f 2692/2692/2692 2697/2697/2697 2693/2693/2693 
f 2697/2697/2697 2698/2698/2698 2693/2693/2693 
f 2693/2693/2693 2698/2698/2698 2694/2694/2694 
f 2698/2698/2698 2699/2699/2699 2694/2694/2694 
f 2694/2694/2694 2699/2699/2699 2695/2695/2695 
f 2699/2699/2699 2700/2700/2700 2695/2695/2695 
f 2695/2695/2695 2700/2700/2700 2696/2696/2696 
f 2700/2700/2700 2685/2685/2685 2696/2696/2696 
f 2696/2696/2696 2685/2685/2685 2683/2683/2683 
f 2685/2685/2685 2683/2683/2683 2683/2683/2683 
f 2683/2683/2683 2683/2683/2683 2697/2697/2697 
f 2683/2683/2683 2697/2697/2697 2697/2697/2697 
f 2697/2697/2697 2697/2697/2697 2697/2697/2697 
f 2697/2697/2697 2638/2638/2638 2697/2697/2697 
f 2697/2697/2697 2638/2638/2638 2698/2698/2698 
f 2638/2638/2638 2640/2640/2640 2698/2698/2698 
f 2698/2698/2698 2640/2640/2640 2699/2699/2699 
f 2640/2640/2640 2642/2642/2642 2699/2699/2699 
f 2699/2699/2699 2642/2642/2642 2700/2700/2700 
f 2642/2642/2642 2644/2644/2644 2700/2700/2700 
f 2700/2700/2700 2644/2644/2644 2685/2685/2685 
f 2644/2644/2644 2685/2685/2685 2685/2685/2685 
f 2685/2685/2685 2685/2685/2685 2646/2646/2646 
f 2685/2685/2685 2646/2646/2646 2646/2646/2646 
f 2646/2646/2646 2646/2646/2646 2646/2646/2646 
f 2646/2646/2646 2648/2648/2648 2646/2646/2646 
f 2646/2646/2646 2648/2648/2648 2684/2684/2684 
f 2648/2648/2648 2701/2701/2701 2684/2684/2684 
f 2684/2684/2684 2701/2701/2701 2682/2682/2682 
f 2701/2701/2701 2652/2652/2652 2682/2682/2682 
f 2682/2682/2682 2652/2652/2652 2652/2652/2652 
f 2652/2652/2652 2701/2701/2701 2652/2652/2652 
f 2652/2652/2652 2701/2701/2701 2650/2650/2650 
f 2701/2701/2701 2648/2648/2648 2650/2650/2650 
f 2650/2650/2650 2648/2648/2648 2648/2648/2648 
f 2648/2648/2648 2702/2702/2702 2648/2648/2648 
f 2648/2648/2648 2702/2702/2702 2702/2702/2702 
f 2702/2702/2702 2703/2703/2703 2702/2702/2702 
f 2702/2702/2702 2703/2703/2703 2704/2704/2704 
f 2703/2703/2703 2705/2705/2705 2704/2704/2704 
f 2704/2704/2704 2705/2705/2705 2706/2706/2706 
f 2705/2705/2705 2707/2707/2707 2706/2706/2706 
f 2706/2706/2706 2707/2707/2707 2708/2708/2708 
f 2707/2707/2707 2709/2709/2709 2708/2708/2708 
f 2708/2708/2708 2709/2709/2709 2710/2710/2710 
f 2709/2709/2709 2711/2711/2711 2710/2710/2710 
f 2710/2710/2710 2711/2711/2711 2712/2712/2712 
f 2711/2711/2711 2713/2713/2713 2712/2712/2712 
f 2712/2712/2712 2713/2713/2713 2714/2714/2714 
f 2713/2713/2713 2715/2715/2715 2714/2714/2714 
f 2714/2714/2714 2715/2715/2715 2716/2716/2716 
f 2715/2715/2715 2717/2717/2717 2716/2716/2716 
f 2716/2716/2716 2717/2717/2717 2718/2718/2718 
f 2717/2717/2717 2719/2719/2719 2718/2718/2718 
f 2718/2718/2718 2719/2719/2719 2720/2720/2720 
f 2719/2719/2719 2721/2721/2721 2720/2720/2720 
f 2720/2720/2720 2721/2721/2721 2722/2722/2722 
f 2721/2721/2721 2723/2723/2723 2722/2722/2722 
f 2722/2722/2722 2723/2723/2723 2724/2724/2724 
f 2723/2723/2723 2725/2725/2725 2724/2724/2724 
f 2724/2724/2724 2725/2725/2725 2726/2726/2726 
f 2725/2725/2725 2727/2727/2727 2726/2726/2726 
f 2726/2726/2726 2727/2727/2727 2728/2728/2728 
f 2727/2727/2727 2729/2729/2729 2728/2728/2728 
f 2728/2728/2728 2729/2729/2729 2730/2730/2730 
f 2729/2729/2729 2731/2731/2731 2730/2730/2730 
f 2730/2730/2730 2731/2731/2731 2732/2732/2732 
f 2731/2731/2731 2733/2733/2733 2732/2732/2732 
f 2732/2732/2732 2733/2733/2733 2702/2702/2702 
f 2733/2733/2733 2703/2703/2703 2702/2702/2702 
f 2702/2702/2702 2703/2703/2703 2703/2703/2703 
f 2703/2703/2703 2734/2734/2734 2703/2703/2703 
f 2703/2703/2703 2734/2734/2734 2734/2734/2734 
f 2734/2734/2734 2735/2735/2735 2734/2734/2734 
f 2734/2734/2734 2735/2735/2735 2736/2736/2736 
f 2735/2735/2735 2737/2737/2737 2736/2736/2736 
f 2736/2736/2736 2737/2737/2737 2738/2738/2738 
f 2737/2737/2737 2739/2739/2739 2738/2738/2738 
f 2738/2738/2738 2739/2739/2739 2740/2740/2740 
f 2739/2739/2739 2741/2741/2741 2740/2740/2740 
f 2740/2740/2740 2741/2741/2741 2742/2742/2742 
f 2741/2741/2741 2743/2743/2743 2742/2742/2742 
f 2742/2742/2742 2743/2743/2743 2744/2744/2744 
f 2743/2743/2743 2745/2745/2745 2744/2744/2744 
f 2744/2744/2744 2745/2745/2745 2746/2746/2746 
f 2745/2745/2745 2747/2747/2747 2746/2746/2746 
f 2746/2746/2746 2747/2747/2747 2748/2748/2748 
f 2747/2747/2747 2749/2749/2749 2748/2748/2748 
f 2748/2748/2748 2749/2749/2749 2750/2750/2750 
f 2749/2749/2749 2751/2751/2751 2750/2750/2750 
f 2750/2750/2750 2751/2751/2751 2752/2752/2752 
f 2751/2751/2751 2753/2753/2753 2752/2752/2752 
f 2752/2752/2752 2753/2753/2753 2754/2754/2754 
f 2753/2753/2753 2755/2755/2755 2754/2754/2754 
f 2754/2754/2754 2755/2755/2755 2756/2756/2756 
f 2755/2755/2755 2757/2757/2757 2756/2756/2756 
f 2756/2756/2756 2757/2757/2757 2758/2758/2758 
f 2757/2757/2757 2759/2759/2759 2758/2758/2758 
f 2758/2758/2758 2759/2759/2759 2760/2760/2760 
f 2759/2759/2759 2761/2761/2761 2760/2760/2760 
f 2760/2760/2760 2761/2761/2761 2762/2762/2762 
f 2761/2761/2761 2763/2763/2763 2762/2762/2762 
f 2762/2762/2762 2763/2763/2763 2764/2764/2764 
f 2763/2763/2763 2765/2765/2765 2764/2764/2764 
f 2764/2764/2764 2765/2765/2765 2766/2766/2766 
f 2765/2765/2765 2767/2767/2767 2766/2766/2766 
f 2766/2766/2766 2767/2767/2767 2768/2768/2768 
f 2767/2767/2767 2769/2769/2769 2768/2768/2768 
f 2768/2768/2768 2769/2769/2769 2770/2770/2770 
f 2769/2769/2769 2771/2771/2771 2770/2770/2770 
f 2770/2770/2770 2771/2771/2771 2772/2772/2772 
f 2771/2771/2771 2773/2773/2773 2772/2772/2772 
f 2772/2772/2772 2773/2773/2773 2774/2774/2774 
f 2773/2773/2773 2775/2775/2775 2774/2774/2774 
f 2774/2774/2774 2775/2775/2775 2776/2776/2776 
f 2775/2775/2775 2777/2777/2777 2776/2776/2776 
f 2776/2776/2776 2777/2777/2777 2778/2778/2778 
f 2777/2777/2777 2779/2779/2779 2778/2778/2778 
f 2778/2778/2778 2779/2779/2779 2780/2780/2780 
f 2779/2779/2779 2781/2781/2781 2780/2780/2780 
f 2780/2780/2780 2781/2781/2781 2782/2782/2782 
f 2781/2781/2781 2783/2783/2783 2782/2782/2782 
f 2782/2782/2782 2783/2783/2783 2784/2784/2784 
f 2783/2783/2783 2785/2785/2785 2784/2784/2784 
f 2784/2784/2784 2785/2785/2785 2786/2786/2786 
f 2785/2785/2785 2787/2787/2787 2786/2786/2786 
f 2786/2786/2786 2787/2787/2787 2788/2788/2788 
f 2787/2787/2787 2789/2789/2789 2788/2788/2788 
f 2788/2788/2788 2789/2789/2789 2790/2790/2790 
f 2789/2789/2789 2791/2791/2791 2790/2790/2790 
f 2790/2790/2790 2791/2791/2791 2792/2792/2792 
f 2791/2791/2791 2793/2793/2793 2792/2792/2792 
f 2792/2792/2792 2793/2793/2793 2794/2794/2794 
f 2793/2793/2793 2795/2795/2795 2794/2794/2794 
f 2794/2794/2794 2795/2795/2795 2796/2796/2796 
f 2795/2795/2795 2797/2797/2797 2796/2796/2796 
f 2796/2796/2796 2797/2797/2797 2734/2734/2734 
f 2797/2797/2797 2735/2735/2735 2734/2734/2734 
f 2734/2734/2734 2735/2735/2735 2735/2735/2735 
f 2735/2735/2735 2798/2798/2798 2735/2735/2735 
f 2735/2735/2735 2798/2798/2798 2798/2798/2798 
f 2798/2798/2798 2799/2799/2799 2798/2798/2798 
f 2798/2798/2798 2799/2799/2799 2800/2800/2800 
f 2799/2799/2799 2801/2801/2801 2800/2800/2800 
f 2800/2800/2800 2801/2801/2801 2802/2802/2802 
f 2801/2801/2801 2803/2803/2803 2802/2802/2802 
f 2802/2802/2802 2803/2803/2803 2804/2804/2804 
f 2803/2803/2803 2805/2805/2805 2804/2804/2804 
f 2804/2804/2804 2805/2805/2805 2806/2806/2806 
f 2805/2805/2805 2807/2807/2807 2806/2806/2806 
f 2806/2806/2806 2807/2807/2807 2808/2808/2808 
f 2807/2807/2807 2809/2809/2809 2808/2808/2808 
f 2808/2808/2808 2809/2809/2809 2810/2810/2810 
f 2809/2809/2809 2811/2811/2811 2810/2810/2810 
f 2810/2810/2810 2811/2811/2811 2812/2812/2812 
f 2811/2811/2811 2813/2813/2813 2812/2812/2812 
f 2812/2812/2812 2813/2813/2813 2814/2814/2814 
f 2813/2813/2813 2815/2815/2815 2814/2814/2814 
f 2814/2814/2814 2815/2815/2815 2815/2815/2815 
f 2815/2815/2815 2813/2813/2813 2815/2815/2815 
f 2815/2815/2815 2813/2813/2813 2813/2813/2813 
f 2813/2813/2813 2816/2816/2816 2813/2813/2813 
f 2813/2813/2813 2816/2816/2816 2815/2815/2815 
f 2816/2816/2816 2817/2817/2817 2815/2815/2815 
f 2815/2815/2815 2817/2817/2817 2818/2818/2818 
f 2817/2817/2817 2819/2819/2819 2818/2818/2818 
f 2818/2818/2818 2819/2819/2819 2820/2820/2820 
f 2819/2819/2819 2821/2821/2821 2820/2820/2820 
f 2820/2820/2820 2821/2821/2821 2822/2822/2822 
f 2821/2821/2821 2823/2823/2823 2822/2822/2822 
f 2822/2822/2822 2823/2823/2823 2824/2824/2824 
f 2823/2823/2823 2825/2825/2825 2824/2824/2824 
f 2824/2824/2824 2825/2825/2825 2826/2826/2826 
f 2825/2825/2825 2827/2827/2827 2826/2826/2826 
f 2826/2826/2826 2827/2827/2827 2828/2828/2828 
f 2827/2827/2827 2829/2829/2829 2828/2828/2828 
f 2828/2828/2828 2829/2829/2829 2830/2830/2830 
f 2829/2829/2829 2831/2831/2831 2830/2830/2830 
f 2830/2830/2830 2831/2831/2831 2832/2832/2832 
f 2831/2831/2831 2833/2833/2833 2832/2832/2832 
f 2832/2832/2832 2833/2833/2833 2834/2834/2834 
f 2833/2833/2833 2835/2835/2835 2834/2834/2834 
f 2834/2834/2834 2835/2835/2835 2836/2836/2836 
f 2835/2835/2835 2837/2837/2837 2836/2836/2836 
f 2836/2836/2836 2837/2837/2837 2838/2838/2838 
f 2837/2837/2837 2839/2839/2839 2838/2838/2838 
f 2838/2838/2838 2839/2839/2839 2840/2840/2840 
f 2839/2839/2839 2841/2841/2841 2840/2840/2840 
f 2840/2840/2840 2841/2841/2841 2842/2842/2842 
f 2841/2841/2841 2843/2843/2843 2842/2842/2842 
f 2842/2842/2842 2843/2843/2843 2844/2844/2844 
f 2843/2843/2843 2845/2845/2845 2844/2844/2844 
f 2844/2844/2844 2845/2845/2845 2846/2846/2846 
f 2845/2845/2845 2847/2847/2847 2846/2846/2846 
f 2846/2846/2846 2847/2847/2847 2848/2848/2848 
f 2847/2847/2847 2849/2849/2849 2848/2848/2848 
f 2848/2848/2848 2849/2849/2849 2850/2850/2850 
f 2849/2849/2849 2851/2851/2851 2850/2850/2850 
f 2850/2850/2850 2851/2851/2851 2852/2852/2852 
f 2851/2851/2851 2853/2853/2853 2852/2852/2852 
f 2852/2852/2852 2853/2853/2853 2854/2854/2854 
f 2853/2853/2853 2855/2855/2855 2854/2854/2854 
f 2854/2854/2854 2855/2855/2855 2856/2856/2856 
f 2855/2855/2855 2857/2857/2857 2856/2856/2856 
f 2856/2856/2856 2857/2857/2857 2858/2858/2858 
f 2857/2857/2857 2859/2859/2859 2858/2858/2858 
f 2858/2858/2858 2859/2859/2859 2860/2860/2860 
f 2859/2859/2859 2861/2861/2861 2860/2860/2860 
f 2860/2860/2860 2861/2861/2861 2798/2798/2798 
f 2861/2861/2861 2799/2799/2799 2798/2798/2798 
f 2798/2798/2798 2799/2799/2799 2799/2799/2799 
f 2799/2799/2799 2862/2862/2862 2799/2799/2799 
f 2799/2799/2799 2862/2862/2862 2862/2862/2862 
f 2862/2862/2862 2863/2863/2863 2862/2862/2862 
f 2862/2862/2862 2863/2863/2863 2864/2864/2864 
f 2863/2863/2863 2865/2865/2865 2864/2864/2864 
f 2864/2864/2864 2865/2865/2865 2866/2866/2866 
f 2865/2865/2865 2867/2867/2867 2866/2866/2866 
f 2866/2866/2866 2867/2867/2867 2868/2868/2868 
f 2867/2867/2867 2869/2869/2869 2868/2868/2868 
f 2868/2868/2868 2869/2869/2869 2870/2870/2870 
f 2869/2869/2869 2871/2871/2871 2870/2870/2870 
f 2870/2870/2870 2871/2871/2871 2872/2872/2872 
f 2871/2871/2871 2873/2873/2873 2872/2872/2872 
f 2872/2872/2872 2873/2873/2873 2874/2874/2874 
f 2873/2873/2873 2875/2875/2875 2874/2874/2874 
f 2874/2874/2874 2875/2875/2875 2876/2876/2876 
f 2875/2875/2875 2877/2877/2877 2876/2876/2876 
f 2876/2876/2876 2877/2877/2877 2878/2878/2878 
f 2877/2877/2877 2879/2879/2879 2878/2878/2878 
f 2878/2878/2878 2879/2879/2879 2879/2879/2879 
f 2879/2879/2879 2868/2868/2868 2879/2879/2879 
f 2879/2879/2879 2868/2868/2868 2868/2868/2868 
f 2868/2868/2868 2880/2880/2880 2868/2868/2868 
f 2868/2868/2868 2880/2880/2880 2866/2866/2866 
f 2880/2880/2880 2881/2881/2881 2866/2866/2866 
f 2866/2866/2866 2881/2881/2881 2864/2864/2864 
f 2881/2881/2881 2882/2882/2882 2864/2864/2864 
f 2864/2864/2864 2882/2882/2882 2862/2862/2862 
f 2882/2882/2882 2862/2862/2862 2862/2862/2862 
f 2862/2862/2862 2862/2862/2862 2880/2880/2880 
f 2862/2862/2862 2880/2880/2880 2880/2880/2880 
f 2880/2880/2880 2880/2880/2880 2880/2880/2880 
f 2880/2880/2880 2883/2883/2883 2880/2880/2880 
f 2880/2880/2880 2883/2883/2883 2881/2881/2881 
f 2883/2883/2883 2884/2884/2884 2881/2881/2881 
f 2881/2881/2881 2884/2884/2884 2882/2882/2882 
f 2884/2884/2884 2882/2882/2882 2882/2882/2882 
f 2882/2882/2882 2882/2882/2882 2884/2884/2884 
f 2882/2882/2882 2884/2884/2884 2884/2884/2884 
f 2884/2884/2884 2884/2884/2884 2884/2884/2884 
f 2884/2884/2884 2883/2883/2883 2884/2884/2884 
f 2884/2884/2884 2883/2883/2883 2885/2885/2885 
f 2883/2883/2883 2886/2886/2886 2885/2885/2885 
f 2885/2885/2885 2886/2886/2886 2887/2887/2887 
f 2886/2886/2886 2888/2888/2888 2887/2887/2887 
f 2887/2887/2887 2888/2888/2888 2889/2889/2889 
f 2888/2888/2888 2890/2890/2890 2889/2889/2889 
f 2889/2889/2889 2890/2890/2890 2891/2891/2891 
f 2890/2890/2890 2892/2892/2892 2891/2891/2891 
f 2891/2891/2891 2892/2892/2892 2893/2893/2893 
f 2892/2892/2892 2894/2894/2894 2893/2893/2893 
f 2893/2893/2893 2894/2894/2894 2895/2895/2895 
f 2894/2894/2894 2896/2896/2896 2895/2895/2895 
f 2895/2895/2895 2896/2896/2896 2897/2897/2897 
f 2896/2896/2896 2898/2898/2898 2897/2897/2897 
f 2897/2897/2897 2898/2898/2898 2899/2899/2899 
f 2898/2898/2898 2900/2900/2900 2899/2899/2899 
f 2899/2899/2899 2900/2900/2900 2901/2901/2901 
f 2900/2900/2900 2902/2902/2902 2901/2901/2901 
f 2901/2901/2901 2902/2902/2902 2903/2903/2903 
f 2902/2902/2902 2904/2904/2904 2903/2903/2903 
f 2903/2903/2903 2904/2904/2904 2905/2905/2905 
f 2904/2904/2904 2906/2906/2906 2905/2905/2905 
f 2905/2905/2905 2906/2906/2906 2907/2907/2907 
f 2906/2906/2906 2908/2908/2908 2907/2907/2907 
f 2907/2907/2907 2908/2908/2908 2908/2908/2908 
f 2908/2908/2908 2896/2896/2896 2908/2908/2908 
f 2908/2908/2908 2896/2896/2896 2896/2896/2896 
f 2896/2896/2896 2909/2909/2909 2896/2896/2896 
f 2896/2896/2896 2909/2909/2909 2898/2898/2898 
f 2909/2909/2909 2910/2910/2910 2898/2898/2898 
f 2898/2898/2898 2910/2910/2910 2900/2900/2900 
f 2910/2910/2910 2911/2911/2911 2900/2900/2900 
f 2900/2900/2900 2911/2911/2911 2902/2902/2902 
f 2911/2911/2911 2912/2912/2912 2902/2902/2902 
f 2902/2902/2902 2912/2912/2912 2904/2904/2904 
f 2912/2912/2912 2913/2913/2913 2904/2904/2904 
f 2904/2904/2904 2913/2913/2913 2906/2906/2906 
f 2913/2913/2913 2914/2914/2914 2906/2906/2906 
f 2906/2906/2906 2914/2914/2914 2908/2908/2908 
f 2914/2914/2914 2878/2878/2878 2908/2908/2908 
f 2908/2908/2908 2878/2878/2878 2878/2878/2878 
f 2878/2878/2878 2896/2896/2896 2878/2878/2878 
f 2878/2878/2878 2896/2896/2896 2896/2896/2896 
f 2896/2896/2896 2894/2894/2894 2896/2896/2896 
f 2896/2896/2896 2894/2894/2894 2909/2909/2909 
f 2894/2894/2894 2892/2892/2892 2909/2909/2909 
f 2909/2909/2909 2892/2892/2892 2915/2915/2915 
f 2892/2892/2892 2890/2890/2890 2915/2915/2915 
f 2915/2915/2915 2890/2890/2890 2916/2916/2916 
f 2890/2890/2890 2888/2888/2888 2916/2916/2916 
f 2916/2916/2916 2888/2888/2888 2917/2917/2917 
f 2888/2888/2888 2886/2886/2886 2917/2917/2917 
f 2917/2917/2917 2886/2886/2886 2918/2918/2918 
f 2886/2886/2886 2883/2883/2883 2918/2918/2918 
f 2918/2918/2918 2883/2883/2883 2880/2880/2880 
f 2883/2883/2883 2880/2880/2880 2880/2880/2880 
f 2880/2880/2880 2880/2880/2880 2909/2909/2909 
f 2880/2880/2880 2909/2909/2909 2909/2909/2909 
f 2909/2909/2909 2909/2909/2909 2909/2909/2909 
f 2909/2909/2909 2915/2915/2915 2909/2909/2909 
f 2909/2909/2909 2915/2915/2915 2910/2910/2910 
f 2915/2915/2915 2919/2919/2919 2910/2910/2910 
f 2910/2910/2910 2919/2919/2919 2911/2911/2911 
f 2919/2919/2919 2920/2920/2920 2911/2911/2911 
f 2911/2911/2911 2920/2920/2920 2912/2912/2912 
f 2920/2920/2920 2921/2921/2921 2912/2912/2912 
f 2912/2912/2912 2921/2921/2921 2913/2913/2913 
f 2921/2921/2921 2922/2922/2922 2913/2913/2913 
f 2913/2913/2913 2922/2922/2922 2914/2914/2914 
f 2922/2922/2922 2914/2914/2914 2914/2914/2914 
f 2914/2914/2914 2914/2914/2914 2915/2915/2915 
f 2914/2914/2914 2915/2915/2915 2915/2915/2915 
f 2915/2915/2915 2915/2915/2915 2915/2915/2915 
f 2915/2915/2915 2916/2916/2916 2915/2915/2915 
f 2915/2915/2915 2916/2916/2916 2919/2919/2919 
f 2916/2916/2916 2923/2923/2923 2919/2919/2919 
f 2919/2919/2919 2923/2923/2923 2920/2920/2920 
f 2923/2923/2923 2924/2924/2924 2920/2920/2920 
f 2920/2920/2920 2924/2924/2924 2921/2921/2921 
f 2924/2924/2924 2925/2925/2925 2921/2921/2921 
f 2921/2921/2921 2925/2925/2925 2922/2922/2922 
f 2925/2925/2925 2922/2922/2922 2922/2922/2922 
f 2922/2922/2922 2922/2922/2922 2916/2916/2916 
f 2922/2922/2922 2916/2916/2916 2916/2916/2916 
f 2916/2916/2916 2916/2916/2916 2916/2916/2916 
f 2916/2916/2916 2917/2917/2917 2916/2916/2916 
f 2916/2916/2916 2917/2917/2917 2923/2923/2923 
f 2917/2917/2917 2926/2926/2926 2923/2923/2923 
f 2923/2923/2923 2926/2926/2926 2924/2924/2924 
f 2926/2926/2926 2927/2927/2927 2924/2924/2924 
f 2924/2924/2924 2927/2927/2927 2925/2925/2925 
f 2927/2927/2927 2925/2925/2925 2925/2925/2925 
f 2925/2925/2925 2925/2925/2925 2927/2927/2927 
f 2925/2925/2925 2927/2927/2927 2927/2927/2927 
f 2927/2927/2927 2927/2927/2927 2927/2927/2927 
f 2927/2927/2927 2926/2926/2926 2927/2927/2927 
f 2927/2927/2927 2926/2926/2926 2928/2928/2928 
f 2926/2926/2926 2918/2918/2918 2928/2928/2928 
f 2928/2928/2928 2918/2918/2918 2880/2880/2880 
f 2918/2918/2918 2880/2880/2880 2880/2880/2880 
f 2880/2880/2880 2880/2880/2880 2869/2869/2869 
f 2880/2880/2880 2869/2869/2869 2869/2869/2869 
f 2869/2869/2869 2869/2869/2869 2869/2869/2869 
f 2869/2869/2869 2867/2867/2867 2869/2869/2869 
f 2869/2869/2869 2867/2867/2867 2929/2929/2929 
f 2867/2867/2867 2930/2930/2930 2929/2929/2929 
f 2929/2929/2929 2930/2930/2930 2931/2931/2931 
f 2930/2930/2930 2932/2932/2932 2931/2931/2931 
f 2931/2931/2931 2932/2932/2932 2933/2933/2933 
f 2932/2932/2932 2934/2934/2934 2933/2933/2933 
f 2933/2933/2933 2934/2934/2934 2935/2935/2935 
f 2934/2934/2934 2936/2936/2936 2935/2935/2935 
f 2935/2935/2935 2936/2936/2936 2937/2937/2937 
f 2936/2936/2936 2938/2938/2938 2937/2937/2937 
f 2937/2937/2937 2938/2938/2938 2939/2939/2939 
f 2938/2938/2938 2940/2940/2940 2939/2939/2939 
f 2939/2939/2939 2940/2940/2940 2941/2941/2941 
f 2940/2940/2940 2942/2942/2942 2941/2941/2941 
f 2941/2941/2941 2942/2942/2942 2943/2943/2943 
f 2942/2942/2942 2944/2944/2944 2943/2943/2943 
f 2943/2943/2943 2944/2944/2944 2945/2945/2945 
f 2944/2944/2944 2946/2946/2946 2945/2945/2945 
f 2945/2945/2945 2946/2946/2946 2946/2946/2946 
f 2946/2946/2946 2867/2867/2867 2946/2946/2946 
f 2946/2946/2946 2867/2867/2867 2867/2867/2867 
f 2867/2867/2867 2865/2865/2865 2867/2867/2867 
f 2867/2867/2867 2865/2865/2865 2930/2930/2930 
f 2865/2865/2865 2947/2947/2947 2930/2930/2930 
f 2930/2930/2930 2947/2947/2947 2932/2932/2932 
f 2947/2947/2947 2948/2948/2948 2932/2932/2932 
f 2932/2932/2932 2948/2948/2948 2934/2934/2934 
f 2948/2948/2948 2949/2949/2949 2934/2934/2934 
f 2934/2934/2934 2949/2949/2949 2936/2936/2936 
f 2949/2949/2949 2950/2950/2950 2936/2936/2936 
f 2936/2936/2936 2950/2950/2950 2938/2938/2938 
f 2950/2950/2950 2951/2951/2951 2938/2938/2938 
f 2938/2938/2938 2951/2951/2951 2940/2940/2940 
f 2951/2951/2951 2952/2952/2952 2940/2940/2940 
f 2940/2940/2940 2952/2952/2952 2942/2942/2942 
f 2952/2952/2952 2944/2944/2944 2942/2942/2942 
f 2942/2942/2942 2944/2944/2944 2944/2944/2944 
f 2944/2944/2944 2865/2865/2865 2944/2944/2944 
f 2944/2944/2944 2865/2865/2865 2865/2865/2865 
f 2865/2865/2865 2863/2863/2863 2865/2865/2865 
f 2865/2865/2865 2863/2863/2863 2947/2947/2947 
f 2863/2863/2863 2953/2953/2953 2947/2947/2947 
f 2947/2947/2947 2953/2953/2953 2948/2948/2948 
f 2953/2953/2953 2954/2954/2954 2948/2948/2948 
f 2948/2948/2948 2954/2954/2954 2949/2949/2949 
f 2954/2954/2954 2955/2955/2955 2949/2949/2949 
f 2949/2949/2949 2955/2955/2955 2950/2950/2950 
f 2955/2955/2955 2956/2956/2956 2950/2950/2950 
f 2950/2950/2950 2956/2956/2956 2951/2951/2951 
f 2956/2956/2956 2957/2957/2957 2951/2951/2951 
f 2951/2951/2951 2957/2957/2957 2952/2952/2952 
f 2957/2957/2957 2946/2946/2946 2952/2952/2952 
f 2952/2952/2952 2946/2946/2946 2944/2944/2944 
f 2946/2946/2946 2944/2944/2944 2944/2944/2944 
f 2944/2944/2944 2944/2944/2944 2879/2879/2879 
f 2944/2944/2944 2879/2879/2879 2879/2879/2879 
f 2879/2879/2879 2879/2879/2879 2879/2879/2879 
f 2879/2879/2879 2877/2877/2877 2879/2879/2879 
f 2879/2879/2879 2877/2877/2877 2958/2958/2958 
f 2877/2877/2877 2959/2959/2959 2958/2958/2958 
f 2958/2958/2958 2959/2959/2959 2960/2960/2960 
f 2959/2959/2959 2961/2961/2961 2960/2960/2960 
f 2960/2960/2960 2961/2961/2961 2962/2962/2962 
f 2961/2961/2961 2963/2963/2963 2962/2962/2962 
f 2962/2962/2962 2963/2963/2963 2964/2964/2964 
f 2963/2963/2963 2965/2965/2965 2964/2964/2964 
f 2964/2964/2964 2965/2965/2965 2966/2966/2966 
f 2965/2965/2965 2967/2967/2967 2966/2966/2966 
f 2966/2966/2966 2967/2967/2967 2968/2968/2968 
f 2967/2967/2967 2969/2969/2969 2968/2968/2968 
f 2968/2968/2968 2969/2969/2969 2970/2970/2970 
f 2969/2969/2969 2971/2971/2971 2970/2970/2970 
f 2970/2970/2970 2971/2971/2971 2943/2943/2943 
f 2971/2971/2971 2972/2972/2972 2943/2943/2943 
f 2943/2943/2943 2972/2972/2972 2973/2973/2973 
f 2972/2972/2972 2974/2974/2974 2973/2973/2973 
f 2973/2973/2973 2974/2974/2974 2975/2975/2975 
f 2974/2974/2974 2976/2976/2976 2975/2975/2975 
f 2975/2975/2975 2976/2976/2976 2937/2937/2937 
f 2976/2976/2976 2935/2935/2935 2937/2937/2937 
f 2937/2937/2937 2935/2935/2935 2935/2935/2935 
f 2935/2935/2935 2959/2959/2959 2935/2935/2935 
f 2935/2935/2935 2959/2959/2959 2959/2959/2959 
f 2959/2959/2959 2977/2977/2977 2959/2959/2959 
f 2959/2959/2959 2977/2977/2977 2961/2961/2961 
f 2977/2977/2977 2978/2978/2978 2961/2961/2961 
f 2961/2961/2961 2978/2978/2978 2963/2963/2963 
f 2978/2978/2978 2979/2979/2979 2963/2963/2963 
f 2963/2963/2963 2979/2979/2979 2965/2965/2965 
f 2979/2979/2979 2980/2980/2980 2965/2965/2965 
f 2965/2965/2965 2980/2980/2980 2967/2967/2967 
f 2980/2980/2980 2981/2981/2981 2967/2967/2967 
f 2967/2967/2967 2981/2981/2981 2969/2969/2969 
f 2981/2981/2981 2982/2982/2982 2969/2969/2969 
f 2969/2969/2969 2982/2982/2982 2971/2971/2971 
f 2982/2982/2982 2972/2972/2972 2971/2971/2971 
f 2971/2971/2971 2972/2972/2972 2972/2972/2972 
f 2972/2972/2972 2977/2977/2977 2972/2972/2972 
f 2972/2972/2972 2977/2977/2977 2977/2977/2977 
f 2977/2977/2977 2983/2983/2983 2977/2977/2977 
f 2977/2977/2977 2983/2983/2983 2978/2978/2978 
f 2983/2983/2983 2984/2984/2984 2978/2978/2978 
f 2978/2978/2978 2984/2984/2984 2979/2979/2979 
f 2984/2984/2984 2985/2985/2985 2979/2979/2979 
f 2979/2979/2979 2985/2985/2985 2980/2980/2980 
f 2985/2985/2985 2986/2986/2986 2980/2980/2980 
f 2980/2980/2980 2986/2986/2986 2981/2981/2981 
f 2986/2986/2986 2987/2987/2987 2981/2981/2981 
f 2981/2981/2981 2987/2987/2987 2982/2982/2982 
f 2987/2987/2987 2974/2974/2974 2982/2982/2982 
f 2982/2982/2982 2974/2974/2974 2972/2972/2972 
f 2974/2974/2974 2972/2972/2972 2972/2972/2972 
f 2972/2972/2972 2972/2972/2972 2983/2983/2983 
f 2972/2972/2972 2983/2983/2983 2983/2983/2983 
f 2983/2983/2983 2983/2983/2983 2983/2983/2983 
f 2983/2983/2983 2988/2988/2988 2983/2983/2983 
f 2983/2983/2983 2988/2988/2988 2984/2984/2984 
f 2988/2988/2988 2989/2989/2989 2984/2984/2984 
f 2984/2984/2984 2989/2989/2989 2985/2985/2985 
f 2989/2989/2989 2990/2990/2990 2985/2985/2985 
f 2985/2985/2985 2990/2990/2990 2986/2986/2986 
f 2990/2990/2990 2991/2991/2991 2986/2986/2986 
f 2986/2986/2986 2991/2991/2991 2987/2987/2987 
f 2991/2991/2991 2976/2976/2976 2987/2987/2987 
f 2987/2987/2987 2976/2976/2976 2974/2974/2974 
f 2976/2976/2976 2974/2974/2974 2974/2974/2974 
f 2974/2974/2974 2974/2974/2974 2988/2988/2988 
f 2974/2974/2974 2988/2988/2988 2988/2988/2988 
f 2988/2988/2988 2988/2988/2988 2988/2988/2988 
f 2988/2988/2988 2929/2929/2929 2988/2988/2988 
f 2988/2988/2988 2929/2929/2929 2989/2989/2989 
f 2929/2929/2929 2931/2931/2931 2989/2989/2989 
f 2989/2989/2989 2931/2931/2931 2990/2990/2990 
f 2931/2931/2931 2933/2933/2933 2990/2990/2990 
f 2990/2990/2990 2933/2933/2933 2991/2991/2991 
f 2933/2933/2933 2935/2935/2935 2991/2991/2991 
f 2991/2991/2991 2935/2935/2935 2976/2976/2976 
f 2935/2935/2935 2976/2976/2976 2976/2976/2976 
f 2976/2976/2976 2976/2976/2976 2907/2907/2907 
f 2976/2976/2976 2907/2907/2907 2907/2907/2907 
f 2907/2907/2907 2907/2907/2907 2907/2907/2907 
f 2907/2907/2907 2992/2992/2992 2907/2907/2907 
f 2907/2907/2907 2992/2992/2992 2905/2905/2905 
f 2992/2992/2992 2993/2993/2993 2905/2905/2905 
f 2905/2905/2905 2993/2993/2993 2903/2903/2903 
f 2993/2993/2993 2994/2994/2994 2903/2903/2903 
f 2903/2903/2903 2994/2994/2994 2901/2901/2901 
f 2994/2994/2994 2995/2995/2995 2901/2901/2901 
f 2901/2901/2901 2995/2995/2995 2899/2899/2899 
f 2995/2995/2995 2996/2996/2996 2899/2899/2899 
f 2899/2899/2899 2996/2996/2996 2897/2897/2897 
f 2996/2996/2996 2895/2895/2895 2897/2897/2897 
f 2897/2897/2897 2895/2895/2895 2895/2895/2895 
f 2895/2895/2895 2992/2992/2992 2895/2895/2895 
f 2895/2895/2895 2992/2992/2992 2992/2992/2992 
f 2992/2992/2992 2997/2997/2997 2992/2992/2992 
f 2992/2992/2992 2997/2997/2997 2993/2993/2993 
f 2997/2997/2997 2998/2998/2998 2993/2993/2993 
f 2993/2993/2993 2998/2998/2998 2994/2994/2994 
f 2998/2998/2998 2999/2999/2999 2994/2994/2994 
f 2994/2994/2994 2999/2999/2999 2995/2995/2995 
f 2999/2999/2999 3000/3000/3000 2995/2995/2995 
f 2995/2995/2995 3000/3000/3000 2996/2996/2996 
f 3000/3000/3000 2895/2895/2895 2996/2996/2996 
f 2996/2996/2996 2895/2895/2895 2895/2895/2895 
f 2895/2895/2895 2997/2997/2997 2895/2895/2895 
f 2895/2895/2895 2997/2997/2997 2997/2997/2997 
f 2997/2997/2997 3001/3001/3001 2997/2997/2997 
f 2997/2997/2997 3001/3001/3001 2998/2998/2998 
f 3001/3001/3001 3002/3002/3002 2998/2998/2998 
f 2998/2998/2998 3002/3002/3002 2999/2999/2999 
f 3002/3002/3002 3003/3003/3003 2999/2999/2999 
f 2999/2999/2999 3003/3003/3003 3000/3000/3000 
f 3003/3003/3003 2895/2895/2895 3000/3000/3000 
f 3000/3000/3000 2895/2895/2895 2895/2895/2895 
f 2895/2895/2895 3001/3001/3001 2895/2895/2895 
f 2895/2895/2895 3001/3001/3001 3001/3001/3001 
f 3001/3001/3001 3004/3004/3004 3001/3001/3001 
f 3001/3001/3001 3004/3004/3004 3002/3002/3002 
f 3004/3004/3004 3005/3005/3005 3002/3002/3002 
f 3002/3002/3002 3005/3005/3005 3003/3003/3003 
f 3005/3005/3005 2895/2895/2895 3003/3003/3003 
f 3003/3003/3003 2895/2895/2895 2895/2895/2895 
f 2895/2895/2895 3005/3005/3005 2895/2895/2895 
f 2895/2895/2895 3005/3005/3005 3006/3006/3006 
f 3005/3005/3005 3004/3004/3004 3006/3006/3006 
f 3006/3006/3006 3004/3004/3004 3004/3004/3004 
f 3004/3004/3004 2937/2937/2937 3004/3004/3004 
f 3004/3004/3004 2937/2937/2937 2937/2937/2937 
f 2937/2937/2937 2939/2939/2939 2937/2937/2937 
f 2937/2937/2937 2939/2939/2939 2975/2975/2975 
f 2939/2939/2939 3007/3007/3007 2975/2975/2975 
f 2975/2975/2975 3007/3007/3007 2973/2973/2973 
f 3007/3007/3007 2943/2943/2943 2973/2973/2973 
f 2973/2973/2973 2943/2943/2943 2943/2943/2943 
f 2943/2943/2943 3007/3007/3007 2943/2943/2943 
f 2943/2943/2943 3007/3007/3007 2941/2941/2941 
f 3007/3007/3007 2939/2939/2939 2941/2941/2941 
f 2941/2941/2941 2939/2939/2939 2939/2939/2939 
f 2939/2939/2939 3008/3008/3008 2939/2939/2939 
f 2939/2939/2939 3008/3008/3008 3008/3008/3008 
f 3008/3008/3008 3009/3009/3009 3008/3008/3008 
f 3008/3008/3008 3009/3009/3009 3010/3010/3010 
f 3009/3009/3009 3011/3011/3011 3010/3010/3010 
f 3010/3010/3010 3011/3011/3011 3012/3012/3012 
f 3011/3011/3011 3013/3013/3013 3012/3012/3012 
f 3012/3012/3012 3013/3013/3013 3014/3014/3014 
f 3013/3013/3013 3015/3015/3015 3014/3014/3014 
f 3014/3014/3014 3015/3015/3015 3016/3016/3016 
f 3015/3015/3015 3017/3017/3017 3016/3016/3016 
f 3016/3016/3016 3017/3017/3017 3018/3018/3018 
f 3017/3017/3017 3019/3019/3019 3018/3018/3018 
f 3018/3018/3018 3019/3019/3019 3020/3020/3020 
f 3019/3019/3019 3021/3021/3021 3020/3020/3020 
f 3020/3020/3020 3021/3021/3021 3022/3022/3022 
f 3021/3021/3021 3023/3023/3023 3022/3022/3022 
f 3022/3022/3022 3023/3023/3023 3024/3024/3024 
f 3023/3023/3023 3025/3025/3025 3024/3024/3024 
f 3024/3024/3024 3025/3025/3025 3026/3026/3026 
f 3025/3025/3025 3027/3027/3027 3026/3026/3026 
f 3026/3026/3026 3027/3027/3027 3028/3028/3028 
f 3027/3027/3027 3029/3029/3029 3028/3028/3028 
f 3028/3028/3028 3029/3029/3029 3030/3030/3030 
f 3029/3029/3029 3031/3031/3031 3030/3030/3030 
f 3030/3030/3030 3031/3031/3031 3032/3032/3032 
f 3031/3031/3031 3033/3033/3033 3032/3032/3032 
f 3032/3032/3032 3033/3033/3033 3034/3034/3034 
f 3033/3033/3033 3035/3035/3035 3034/3034/3034 
f 3034/3034/3034 3035/3035/3035 3036/3036/3036 
f 3035/3035/3035 3037/3037/3037 3036/3036/3036 
f 3036/3036/3036 3037/3037/3037 3038/3038/3038 
f 3037/3037/3037 3039/3039/3039 3038/3038/3038 
f 3038/3038/3038 3039/3039/3039 3008/3008/3008 
f 3039/3039/3039 3009/3009/3009 3008/3008/3008 
f 3008/3008/3008 3009/3009/3009 3009/3009/3009 
f 3009/3009/3009 3040/3040/3040 3009/3009/3009 
f 3009/3009/3009 3040/3040/3040 3040/3040/3040 
f 3040/3040/3040 3041/3041/3041 3040/3040/3040 
f 3040/3040/3040 3041/3041/3041 3042/3042/3042 
f 3041/3041/3041 3043/3043/3043 3042/3042/3042 
f 3042/3042/3042 3043/3043/3043 3044/3044/3044 
f 3043/3043/3043 3045/3045/3045 3044/3044/3044 
f 3044/3044/3044 3045/3045/3045 3046/3046/3046 
f 3045/3045/3045 3047/3047/3047 3046/3046/3046 
f 3046/3046/3046 3047/3047/3047 3048/3048/3048 
f 3047/3047/3047 3049/3049/3049 3048/3048/3048 
f 3048/3048/3048 3049/3049/3049 3050/3050/3050 
f 3049/3049/3049 3051/3051/3051 3050/3050/3050 
f 3050/3050/3050 3051/3051/3051 3052/3052/3052 
f 3051/3051/3051 3053/3053/3053 3052/3052/3052 
f 3052/3052/3052 3053/3053/3053 3054/3054/3054 
f 3053/3053/3053 3055/3055/3055 3054/3054/3054 
f 3054/3054/3054 3055/3055/3055 3056/3056/3056 
f 3055/3055/3055 3057/3057/3057 3056/3056/3056 
f 3056/3056/3056 3057/3057/3057 3058/3058/3058 
f 3057/3057/3057 3059/3059/3059 3058/3058/3058 
f 3058/3058/3058 3059/3059/3059 3060/3060/3060 
f 3059/3059/3059 3061/3061/3061 3060/3060/3060 
f 3060/3060/3060 3061/3061/3061 3062/3062/3062 
f 3061/3061/3061 3063/3063/3063 3062/3062/3062 
f 3062/3062/3062 3063/3063/3063 3064/3064/3064 
f 3063/3063/3063 3065/3065/3065 3064/3064/3064 
f 3064/3064/3064 3065/3065/3065 3066/3066/3066 
f 3065/3065/3065 3067/3067/3067 3066/3066/3066 
f 3066/3066/3066 3067/3067/3067 3068/3068/3068 
f 3067/3067/3067 3069/3069/3069 3068/3068/3068 
f 3068/3068/3068 3069/3069/3069 3070/3070/3070 
f 3069/3069/3069 3071/3071/3071 3070/3070/3070 
f 3070/3070/3070 3071/3071/3071 3072/3072/3072 
f 3071/3071/3071 3073/3073/3073 3072/3072/3072 
f 3072/3072/3072 3073/3073/3073 3074/3074/3074 
f 3073/3073/3073 3075/3075/3075 3074/3074/3074 
f 3074/3074/3074 3075/3075/3075 3076/3076/3076 
f 3075/3075/3075 3077/3077/3077 3076/3076/3076 
f 3076/3076/3076 3077/3077/3077 3078/3078/3078 
f 3077/3077/3077 3079/3079/3079 3078/3078/3078 
f 3078/3078/3078 3079/3079/3079 3080/3080/3080 
f 3079/3079/3079 3081/3081/3081 3080/3080/3080 
f 3080/3080/3080 3081/3081/3081 3082/3082/3082 
f 3081/3081/3081 3083/3083/3083 3082/3082/3082 
f 3082/3082/3082 3083/3083/3083 3084/3084/3084 
f 3083/3083/3083 3085/3085/3085 3084/3084/3084 
f 3084/3084/3084 3085/3085/3085 3086/3086/3086 
f 3085/3085/3085 3087/3087/3087 3086/3086/3086 
f 3086/3086/3086 3087/3087/3087 3088/3088/3088 
f 3087/3087/3087 3089/3089/3089 3088/3088/3088 
f 3088/3088/3088 3089/3089/3089 3090/3090/3090 
f 3089/3089/3089 3091/3091/3091 3090/3090/3090 
f 3090/3090/3090 3091/3091/3091 3092/3092/3092 
f 3091/3091/3091 3093/3093/3093 3092/3092/3092 
f 3092/3092/3092 3093/3093/3093 3094/3094/3094 
f 3093/3093/3093 3095/3095/3095 3094/3094/3094 
f 3094/3094/3094 3095/3095/3095 3096/3096/3096 
f 3095/3095/3095 3097/3097/3097 3096/3096/3096 
f 3096/3096/3096 3097/3097/3097 3098/3098/3098 
f 3097/3097/3097 3099/3099/3099 3098/3098/3098 
f 3098/3098/3098 3099/3099/3099 3100/3100/3100 
f 3099/3099/3099 3101/3101/3101 3100/3100/3100 
f 3100/3100/3100 3101/3101/3101 3102/3102/3102 
f 3101/3101/3101 3103/3103/3103 3102/3102/3102 
f 3102/3102/3102 3103/3103/3103 3104/3104/3104 
f 3103/3103/3103 3105/3105/3105 3104/3104/3104 
f 3104/3104/3104 3105/3105/3105 3106/3106/3106 
f 3105/3105/3105 3107/3107/3107 3106/3106/3106 
f 3106/3106/3106 3107/3107/3107 3040/3040/3040 
f 3107/3107/3107 3041/3041/3041 3040/3040/3040 
f 3040/3040/3040 3041/3041/3041 3041/3041/3041 
f 3041/3041/3041 3108/3108/3108 3041/3041/3041 
f 3041/3041/3041 3108/3108/3108 3108/3108/3108 
f 3108/3108/3108 3109/3109/3109 3108/3108/3108 
f 3108/3108/3108 3109/3109/3109 3110/3110/3110 
f 3109/3109/3109 3111/3111/3111 3110/3110/3110 
f 3110/3110/3110 3111/3111/3111 3112/3112/3112 
f 3111/3111/3111 3113/3113/3113 3112/3112/3112 
f 3112/3112/3112 3113/3113/3113 3114/3114/3114 
f 3113/3113/3113 3115/3115/3115 3114/3114/3114 
f 3114/3114/3114 3115/3115/3115 3116/3116/3116 
f 3115/3115/3115 3117/3117/3117 3116/3116/3116 
f 3116/3116/3116 3117/3117/3117 3118/3118/3118 
f 3117/3117/3117 3119/3119/3119 3118/3118/3118 
f 3118/3118/3118 3119/3119/3119 3120/3120/3120 
f 3119/3119/3119 3121/3121/3121 3120/3120/3120 
f 3120/3120/3120 3121/3121/3121 3122/3122/3122 
f 3121/3121/3121 3123/3123/3123 3122/3122/3122 
f 3122/3122/3122 3123/3123/3123 3124/3124/3124 
f 3123/3123/3123 3125/3125/3125 3124/3124/3124 
f 3124/3124/3124 3125/3125/3125 3126/3126/3126 
f 3125/3125/3125 3127/3127/3127 3126/3126/3126 
f 3126/3126/3126 3127/3127/3127 3128/3128/3128 
f 3127/3127/3127 3129/3129/3129 3128/3128/3128 
f 3128/3128/3128 3129/3129/3129 3130/3130/3130 
f 3129/3129/3129 3131/3131/3131 3130/3130/3130 
f 3130/3130/3130 3131/3131/3131 3132/3132/3132 
f 3131/3131/3131 3133/3133/3133 3132/3132/3132 
f 3132/3132/3132 3133/3133/3133 3134/3134/3134 
f 3133/3133/3133 3135/3135/3135 3134/3134/3134 
f 3134/3134/3134 3135/3135/3135 3136/3136/3136 
f 3135/3135/3135 3137/3137/3137 3136/3136/3136 
f 3136/3136/3136 3137/3137/3137 3138/3138/3138 
f 3137/3137/3137 3139/3139/3139 3138/3138/3138 
f 3138/3138/3138 3139/3139/3139 3140/3140/3140 
f 3139/3139/3139 3141/3141/3141 3140/3140/3140 
f 3140/3140/3140 3141/3141/3141 3142/3142/3142 
f 3141/3141/3141 3143/3143/3143 3142/3142/3142 
f 3142/3142/3142 3143/3143/3143 3144/3144/3144 
f 3143/3143/3143 3145/3145/3145 3144/3144/3144 
f 3144/3144/3144 3145/3145/3145 3146/3146/3146 
f 3145/3145/3145 3147/3147/3147 3146/3146/3146 
f 3146/3146/3146 3147/3147/3147 3148/3148/3148 
f 3147/3147/3147 3149/3149/3149 3148/3148/3148 
f 3148/3148/3148 3149/3149/3149 3150/3150/3150 
f 3149/3149/3149 3151/3151/3151 3150/3150/3150 
f 3150/3150/3150 3151/3151/3151 3152/3152/3152 
f 3151/3151/3151 3153/3153/3153 3152/3152/3152 
f 3152/3152/3152 3153/3153/3153 3154/3154/3154 
f 3153/3153/3153 3155/3155/3155 3154/3154/3154 
f 3154/3154/3154 3155/3155/3155 3156/3156/3156 
f 3155/3155/3155 3157/3157/3157 3156/3156/3156 
f 3156/3156/3156 3157/3157/3157 3158/3158/3158 
f 3157/3157/3157 3159/3159/3159 3158/3158/3158 
f 3158/3158/3158 3159/3159/3159 3160/3160/3160 
f 3159/3159/3159 3161/3161/3161 3160/3160/3160 
f 3160/3160/3160 3161/3161/3161 3162/3162/3162 
f 3161/3161/3161 3163/3163/3163 3162/3162/3162 
f 3162/3162/3162 3163/3163/3163 3164/3164/3164 
f 3163/3163/3163 3165/3165/3165 3164/3164/3164 
f 3164/3164/3164 3165/3165/3165 3166/3166/3166 
f 3165/3165/3165 3167/3167/3167 3166/3166/3166 
f 3166/3166/3166 3167/3167/3167 3168/3168/3168 
f 3167/3167/3167 3169/3169/3169 3168/3168/3168 
f 3168/3168/3168 3169/3169/3169 3170/3170/3170 
f 3169/3169/3169 3171/3171/3171 3170/3170/3170 
f 3170/3170/3170 3171/3171/3171 3108/3108/3108 
f 3171/3171/3171 3109/3109/3109 3108/3108/3108 
f 3108/3108/3108 3109/3109/3109 3109/3109/3109 
f 3109/3109/3109 3172/3172/3172 3109/3109/3109 
f 3109/3109/3109 3172/3172/3172 3172/3172/3172 
f 3172/3172/3172 3173/3173/3173 3172/3172/3172 
f 3172/3172/3172 3173/3173/3173 3174/3174/3174 
f 3173/3173/3173 3175/3175/3175 3174/3174/3174 
f 3174/3174/3174 3175/3175/3175 3176/3176/3176 
f 3175/3175/3175 3177/3177/3177 3176/3176/3176 
f 3176/3176/3176 3177/3177/3177 3178/3178/3178 
f 3177/3177/3177 3179/3179/3179 3178/3178/3178 
f 3178/3178/3178 3179/3179/3179 3180/3180/3180 
f 3179/3179/3179 3181/3181/3181 3180/3180/3180 
f 3180/3180/3180 3181/3181/3181 3182/3182/3182 
f 3181/3181/3181 3183/3183/3183 3182/3182/3182 
f 3182/3182/3182 3183/3183/3183 3184/3184/3184 
f 3183/3183/3183 3185/3185/3185 3184/3184/3184 
f 3184/3184/3184 3185/3185/3185 3186/3186/3186 
f 3185/3185/3185 3187/3187/3187 3186/3186/3186 
f 3186/3186/3186 3187/3187/3187 3188/3188/3188 
f 3187/3187/3187 3189/3189/3189 3188/3188/3188 
f 3188/3188/3188 3189/3189/3189 3190/3190/3190 
f 3189/3189/3189 3191/3191/3191 3190/3190/3190 
f 3190/3190/3190 3191/3191/3191 3192/3192/3192 
f 3191/3191/3191 3193/3193/3193 3192/3192/3192 
f 3192/3192/3192 3193/3193/3193 3194/3194/3194 
f 3193/3193/3193 3195/3195/3195 3194/3194/3194 
f 3194/3194/3194 3195/3195/3195 3196/3196/3196 
f 3195/3195/3195 3197/3197/3197 3196/3196/3196 
f 3196/3196/3196 3197/3197/3197 3198/3198/3198 
f 3197/3197/3197 3199/3199/3199 3198/3198/3198 
f 3198/3198/3198 3199/3199/3199 3200/3200/3200 
f 3199/3199/3199 3201/3201/3201 3200/3200/3200 
f 3200/3200/3200 3201/3201/3201 3202/3202/3202 
f 3201/3201/3201 3203/3203/3203 3202/3202/3202 
f 3202/3202/3202 3203/3203/3203 3204/3204/3204 
f 3203/3203/3203 3205/3205/3205 3204/3204/3204 
f 3204/3204/3204 3205/3205/3205 3206/3206/3206 
f 3205/3205/3205 3207/3207/3207 3206/3206/3206 
f 3206/3206/3206 3207/3207/3207 3208/3208/3208 
f 3207/3207/3207 3209/3209/3209 3208/3208/3208 
f 3208/3208/3208 3209/3209/3209 3210/3210/3210 
f 3209/3209/3209 3211/3211/3211 3210/3210/3210 
f 3210/3210/3210 3211/3211/3211 3212/3212/3212 
f 3211/3211/3211 3213/3213/3213 3212/3212/3212 
f 3212/3212/3212 3213/3213/3213 3214/3214/3214 
f 3213/3213/3213 3215/3215/3215 3214/3214/3214 
f 3214/3214/3214 3215/3215/3215 3216/3216/3216 
f 3215/3215/3215 3217/3217/3217 3216/3216/3216 
f 3216/3216/3216 3217/3217/3217 3218/3218/3218 
f 3217/3217/3217 3219/3219/3219 3218/3218/3218 
f 3218/3218/3218 3219/3219/3219 3220/3220/3220 
f 3219/3219/3219 3221/3221/3221 3220/3220/3220 
f 3220/3220/3220 3221/3221/3221 3222/3222/3222 
f 3221/3221/3221 3223/3223/3223 3222/3222/3222 
f 3222/3222/3222 3223/3223/3223 3224/3224/3224 
f 3223/3223/3223 3225/3225/3225 3224/3224/3224 
f 3224/3224/3224 3225/3225/3225 3226/3226/3226 
f 3225/3225/3225 3227/3227/3227 3226/3226/3226 
f 3226/3226/3226 3227/3227/3227 3228/3228/3228 
f 3227/3227/3227 3229/3229/3229 3228/3228/3228 
f 3228/3228/3228 3229/3229/3229 3230/3230/3230 
f 3229/3229/3229 3231/3231/3231 3230/3230/3230 
f 3230/3230/3230 3231/3231/3231 3232/3232/3232 
f 3231/3231/3231 3233/3233/3233 3232/3232/3232 
f 3232/3232/3232 3233/3233/3233 3234/3234/3234 
f 3233/3233/3233 3235/3235/3235 3234/3234/3234 
f 3234/3234/3234 3235/3235/3235 3172/3172/3172 
f 3235/3235/3235 3173/3173/3173 3172/3172/3172 
f 3172/3172/3172 3173/3173/3173 3173/3173/3173 
f 3173/3173/3173 3236/3236/3236 3173/3173/3173 
f 3173/3173/3173 3236/3236/3236 3236/3236/3236 
f 3236/3236/3236 3237/3237/3237 3236/3236/3236 
f 3236/3236/3236 3237/3237/3237 3238/3238/3238 
f 3237/3237/3237 3239/3239/3239 3238/3238/3238 
f 3238/3238/3238 3239/3239/3239 3240/3240/3240 
f 3239/3239/3239 3241/3241/3241 3240/3240/3240 
f 3240/3240/3240 3241/3241/3241 3242/3242/3242 
f 3241/3241/3241 3243/3243/3243 3242/3242/3242 
f 3242/3242/3242 3243/3243/3243 3244/3244/3244 
f 3243/3243/3243 3245/3245/3245 3244/3244/3244 
f 3244/3244/3244 3245/3245/3245 3246/3246/3246 
f 3245/3245/3245 3247/3247/3247 3246/3246/3246 
f 3246/3246/3246 3247/3247/3247 3248/3248/3248 
f 3247/3247/3247 3249/3249/3249 3248/3248/3248 
f 3248/3248/3248 3249/3249/3249 3250/3250/3250 
f 3249/3249/3249 3251/3251/3251 3250/3250/3250 
f 3250/3250/3250 3251/3251/3251 3252/3252/3252 
f 3251/3251/3251 3253/3253/3253 3252/3252/3252 
f 3252/3252/3252 3253/3253/3253 3254/3254/3254 
f 3253/3253/3253 3255/3255/3255 3254/3254/3254 
f 3254/3254/3254 3255/3255/3255 3256/3256/3256 
f 3255/3255/3255 3257/3257/3257 3256/3256/3256 
f 3256/3256/3256 3257/3257/3257 3258/3258/3258 
f 3257/3257/3257 3259/3259/3259 3258/3258/3258 
f 3258/3258/3258 3259/3259/3259 3260/3260/3260 
f 3259/3259/3259 3261/3261/3261 3260/3260/3260 
f 3260/3260/3260 3261/3261/3261 3262/3262/3262 
f 3261/3261/3261 3263/3263/3263 3262/3262/3262 
f 3262/3262/3262 3263/3263/3263 3264/3264/3264 
f 3263/3263/3263 3265/3265/3265 3264/3264/3264 
f 3264/3264/3264 3265/3265/3265 3266/3266/3266 
f 3265/3265/3265 3267/3267/3267 3266/3266/3266 
f 3266/3266/3266 3267/3267/3267 3268/3268/3268 
f 3267/3267/3267 3269/3269/3269 3268/3268/3268 
f 3268/3268/3268 3269/3269/3269 3270/3270/3270 
f 3269/3269/3269 3271/3271/3271 3270/3270/3270 
f 3270/3270/3270 3271/3271/3271 3272/3272/3272 
f 3271/3271/3271 3273/3273/3273 3272/3272/3272 
f 3272/3272/3272 3273/3273/3273 3274/3274/3274 
f 3273/3273/3273 3275/3275/3275 3274/3274/3274 
f 3274/3274/3274 3275/3275/3275 3276/3276/3276 
f 3275/3275/3275 3277/3277/3277 3276/3276/3276 
f 3276/3276/3276 3277/3277/3277 3278/3278/3278 
f 3277/3277/3277 3279/3279/3279 3278/3278/3278 
f 3278/3278/3278 3279/3279/3279 3280/3280/3280 
f 3279/3279/3279 3281/3281/3281 3280/3280/3280 
f 3280/3280/3280 3281/3281/3281 3282/3282/3282 
f 3281/3281/3281 3283/3283/3283 3282/3282/3282 
f 3282/3282/3282 3283/3283/3283 3284/3284/3284 
f 3283/3283/3283 3285/3285/3285 3284/3284/3284 
f 3284/3284/3284 3285/3285/3285 3286/3286/3286 
f 3285/3285/3285 3287/3287/3287 3286/3286/3286 
f 3286/3286/3286 3287/3287/3287 3288/3288/3288 
f 3287/3287/3287 3289/3289/3289 3288/3288/3288 
f 3288/3288/3288 3289/3289/3289 3290/3290/3290 
f 3289/3289/3289 3291/3291/3291 3290/3290/3290 
f 3290/3290/3290 3291/3291/3291 3292/3292/3292 
f 3291/3291/3291 3293/3293/3293 3292/3292/3292 
f 3292/3292/3292 3293/3293/3293 3294/3294/3294 
f 3293/3293/3293 3295/3295/3295 3294/3294/3294 
f 3294/3294/3294 3295/3295/3295 3296/3296/3296 
f 3295/3295/3295 3297/3297/3297 3296/3296/3296 
f 3296/3296/3296 3297/3297/3297 3298/3298/3298 
f 3297/3297/3297 3299/3299/3299 3298/3298/3298 
f 3298/3298/3298 3299/3299/3299 3236/3236/3236 
f 3299/3299/3299 3237/3237/3237 3236/3236/3236 
f 3236/3236/3236 3237/3237/3237 3237/3237/3237 
f 3237/3237/3237 3300/3300/3300 3237/3237/3237 
f 3237/3237/3237 3300/3300/3300 3300/3300/3300 
f 3300/3300/3300 3301/3301/3301 3300/3300/3300 
f 3300/3300/3300 3301/3301/3301 3302/3302/3302 
f 3301/3301/3301 3303/3303/3303 3302/3302/3302 
f 3302/3302/3302 3303/3303/3303 3304/3304/3304 
f 3303/3303/3303 3305/3305/3305 3304/3304/3304 
f 3304/3304/3304 3305/3305/3305 3306/3306/3306 
f 3305/3305/3305 3307/3307/3307 3306/3306/3306 
f 3306/3306/3306 3307/3307/3307 3308/3308/3308 
f 3307/3307/3307 3309/3309/3309 3308/3308/3308 
f 3308/3308/3308 3309/3309/3309 3310/3310/3310 
f 3309/3309/3309 3311/3311/3311 3310/3310/3310 
f 3310/3310/3310 3311/3311/3311 3312/3312/3312 
f 3311/3311/3311 3313/3313/3313 3312/3312/3312 
f 3312/3312/3312 3313/3313/3313 3314/3314/3314 
f 3313/3313/3313 3315/3315/3315 3314/3314/3314 
f 3314/3314/3314 3315/3315/3315 3316/3316/3316 
f 3315/3315/3315 3317/3317/3317 3316/3316/3316 
f 3316/3316/3316 3317/3317/3317 3318/3318/3318 
f 3317/3317/3317 3319/3319/3319 3318/3318/3318 
f 3318/3318/3318 3319/3319/3319 3320/3320/3320 
f 3319/3319/3319 3321/3321/3321 3320/3320/3320 
f 3320/3320/3320 3321/3321/3321 3322/3322/3322 
f 3321/3321/3321 3323/3323/3323 3322/3322/3322 
f 3322/3322/3322 3323/3323/3323 3324/3324/3324 
f 3323/3323/3323 3325/3325/3325 3324/3324/3324 
f 3324/3324/3324 3325/3325/3325 3326/3326/3326 
f 3325/3325/3325 3327/3327/3327 3326/3326/3326 
f 3326/3326/3326 3327/3327/3327 3328/3328/3328 
f 3327/3327/3327 3329/3329/3329 3328/3328/3328 
f 3328/3328/3328 3329/3329/3329 3330/3330/3330 
f 3329/3329/3329 3331/3331/3331 3330/3330/3330 
f 3330/3330/3330 3331/3331/3331 3300/3300/3300 
f 3331/3331/3331 3301/3301/3301 3300/3300/3300 
f 3300/3300/3300 3301/3301/3301 3301/3301/3301 
f 3301/3301/3301 3332/3332/3332 3301/3301/3301 
f 3301/3301/3301 3332/3332/3332 3332/3332/3332 
f 3332/3332/3332 3333/3333/3333 3332/3332/3332 
f 3332/3332/3332 3333/3333/3333 3334/3334/3334 
f 3333/3333/3333 3335/3335/3335 3334/3334/3334 
f 3334/3334/3334 3335/3335/3335 3336/3336/3336 
f 3335/3335/3335 3337/3337/3337 3336/3336/3336 
f 3336/3336/3336 3337/3337/3337 3338/3338/3338 
f 3337/3337/3337 3339/3339/3339 3338/3338/3338 
f 3338/3338/3338 3339/3339/3339 3340/3340/3340 
f 3339/3339/3339 3341/3341/3341 3340/3340/3340 
f 3340/3340/3340 3341/3341/3341 3342/3342/3342 
f 3341/3341/3341 3343/3343/3343 3342/3342/3342 
f 3342/3342/3342 3343/3343/3343 3344/3344/3344 
f 3343/3343/3343 3345/3345/3345 3344/3344/3344 
f 3344/3344/3344 3345/3345/3345 3346/3346/3346 
f 3345/3345/3345 3347/3347/3347 3346/3346/3346 
f 3346/3346/3346 3347/3347/3347 3348/3348/3348 
f 3347/3347/3347 3349/3349/3349 3348/3348/3348 
f 3348/3348/3348 3349/3349/3349 3350/3350/3350 
f 3349/3349/3349 3351/3351/3351 3350/3350/3350 
f 3350/3350/3350 3351/3351/3351 3352/3352/3352 
f 3351/3351/3351 3353/3353/3353 3352/3352/3352 
f 3352/3352/3352 3353/3353/3353 3354/3354/3354 
f 3353/3353/3353 3355/3355/3355 3354/3354/3354 
f 3354/3354/3354 3355/3355/3355 3356/3356/3356 
f 3355/3355/3355 3357/3357/3357 3356/3356/3356 
f 3356/3356/3356 3357/3357/3357 3358/3358/3358 
f 3357/3357/3357 3359/3359/3359 3358/3358/3358 
f 3358/3358/3358 3359/3359/3359 3360/3360/3360 
f 3359/3359/3359 3361/3361/3361 3360/3360/3360 
f 3360/3360/3360 3361/3361/3361 3362/3362/3362 
f 3361/3361/3361 3363/3363/3363 3362/3362/3362 
f 3362/3362/3362 3363/3363/3363 3364/3364/3364 
f 3363/3363/3363 3365/3365/3365 3364/3364/3364 
f 3364/3364/3364 3365/3365/3365 3366/3366/3366 
f 3365/3365/3365 3367/3367/3367 3366/3366/3366 
f 3366/3366/3366 3367/3367/3367 3368/3368/3368 
f 3367/3367/3367 3369/3369/3369 3368/3368/3368 
f 3368/3368/3368 3369/3369/3369 3370/3370/3370 
f 3369/3369/3369 3371/3371/3371 3370/3370/3370 
f 3370/3370/3370 3371/3371/3371 3372/3372/3372 
f 3371/3371/3371 3373/3373/3373 3372/3372/3372 
f 3372/3372/3372 3373/3373/3373 3374/3374/3374 
f 3373/3373/3373 3375/3375/3375 3374/3374/3374 
f 3374/3374/3374 3375/3375/3375 3376/3376/3376 
f 3375/3375/3375 3377/3377/3377 3376/3376/3376 
f 3376/3376/3376 3377/3377/3377 3378/3378/3378 
f 3377/3377/3377 3379/3379/3379 3378/3378/3378 
f 3378/3378/3378 3379/3379/3379 3380/3380/3380 
f 3379/3379/3379 3381/3381/3381 3380/3380/3380 
f 3380/3380/3380 3381/3381/3381 3382/3382/3382 
f 3381/3381/3381 3383/3383/3383 3382/3382/3382 
f 3382/3382/3382 3383/3383/3383 3384/3384/3384 
f 3383/3383/3383 3385/3385/3385 3384/3384/3384 
f 3384/3384/3384 3385/3385/3385 3386/3386/3386 
f 3385/3385/3385 3387/3387/3387 3386/3386/3386 
f 3386/3386/3386 3387/3387/3387 3388/3388/3388 
f 3387/3387/3387 3389/3389/3389 3388/3388/3388 
f 3388/3388/3388 3389/3389/3389 3390/3390/3390 
f 3389/3389/3389 3391/3391/3391 3390/3390/3390 
f 3390/3390/3390 3391/3391/3391 3392/3392/3392 
f 3391/3391/3391 3393/3393/3393 3392/3392/3392 
f 3392/3392/3392 3393/3393/3393 3394/3394/3394 
f 3393/3393/3393 3395/3395/3395 3394/3394/3394 
f 3394/3394/3394 3395/3395/3395 3396/3396/3396 
f 3395/3395/3395 3397/3397/3397 3396/3396/3396 
f 3396/3396/3396 3397/3397/3397 3398/3398/3398 
f 3397/3397/3397 3399/3399/3399 3398/3398/3398 
f 3398/3398/3398 3399/3399/3399 3332/3332/3332 
f 3399/3399/3399 3333/3333/3333 3332/3332/3332 
f 3332/3332/3332 3333/3333/3333 3333/3333/3333 
f 3333/3333/3333 3400/3400/3400 3333/3333/3333 
f 3333/3333/3333 3400/3400/3400 3400/3400/3400 
f 3400/3400/3400 3401/3401/3401 3400/3400/3400 
f 3400/3400/3400 3401/3401/3401 3402/3402/3402 
f 3401/3401/3401 3403/3403/3403 3402/3402/3402 
f 3402/3402/3402 3403/3403/3403 3404/3404/3404 
f 3403/3403/3403 3405/3405/3405 3404/3404/3404 
f 3404/3404/3404 3405/3405/3405 3406/3406/3406 
f 3405/3405/3405 3407/3407/3407 3406/3406/3406 
f 3406/3406/3406 3407/3407/3407 3408/3408/3408 
f 3407/3407/3407 3409/3409/3409 3408/3408/3408 
f 3408/3408/3408 3409/3409/3409 3410/3410/3410 
f 3409/3409/3409 3411/3411/3411 3410/3410/3410 
f 3410/3410/3410 3411/3411/3411 3412/3412/3412 
f 3411/3411/3411 3413/3413/3413 3412/3412/3412 
f 3412/3412/3412 3413/3413/3413 3414/3414/3414 
f 3413/3413/3413 3415/3415/3415 3414/3414/3414 
f 3414/3414/3414 3415/3415/3415 3416/3416/3416 
f 3415/3415/3415 3417/3417/3417 3416/3416/3416 
f 3416/3416/3416 3417/3417/3417 3418/3418/3418 
f 3417/3417/3417 3419/3419/3419 3418/3418/3418 
f 3418/3418/3418 3419/3419/3419 3420/3420/3420 
f 3419/3419/3419 3421/3421/3421 3420/3420/3420 
f 3420/3420/3420 3421/3421/3421 3422/3422/3422 
f 3421/3421/3421 3423/3423/3423 3422/3422/3422 
f 3422/3422/3422 3423/3423/3423 3424/3424/3424 
f 3423/3423/3423 3425/3425/3425 3424/3424/3424 
f 3424/3424/3424 3425/3425/3425 3426/3426/3426 
f 3425/3425/3425 3427/3427/3427 3426/3426/3426 
f 3426/3426/3426 3427/3427/3427 3428/3428/3428 
f 3427/3427/3427 3429/3429/3429 3428/3428/3428 
f 3428/3428/3428 3429/3429/3429 3430/3430/3430 
f 3429/3429/3429 3431/3431/3431 3430/3430/3430 
f 3430/3430/3430 3431/3431/3431 3400/3400/3400 
f 3431/3431/3431 3401/3401/3401 3400/3400/3400 
f 3400/3400/3400 3401/3401/3401 3401/3401/3401 
f 3401/3401/3401 3432/3432/3432 3401/3401/3401 
f 3401/3401/3401 3432/3432/3432 3432/3432/3432 
f 3432/3432/3432 3433/3433/3433 3432/3432/3432 
f 3432/3432/3432 3433/3433/3433 3434/3434/3434 
f 3433/3433/3433 3435/3435/3435 3434/3434/3434 
f 3434/3434/3434 3435/3435/3435 3436/3436/3436 
f 3435/3435/3435 3437/3437/3437 3436/3436/3436 
f 3436/3436/3436 3437/3437/3437 3438/3438/3438 
f 3437/3437/3437 3439/3439/3439 3438/3438/3438 
f 3438/3438/3438 3439/3439/3439 3440/3440/3440 
f 3439/3439/3439 3441/3441/3441 3440/3440/3440 
f 3440/3440/3440 3441/3441/3441 3442/3442/3442 
f 3441/3441/3441 3443/3443/3443 3442/3442/3442 
f 3442/3442/3442 3443/3443/3443 3444/3444/3444 
f 3443/3443/3443 3445/3445/3445 3444/3444/3444 
f 3444/3444/3444 3445/3445/3445 3446/3446/3446 
f 3445/3445/3445 3447/3447/3447 3446/3446/3446 
f 3446/3446/3446 3447/3447/3447 3448/3448/3448 
f 3447/3447/3447 3449/3449/3449 3448/3448/3448 
f 3448/3448/3448 3449/3449/3449 3450/3450/3450 
f 3449/3449/3449 3451/3451/3451 3450/3450/3450 
f 3450/3450/3450 3451/3451/3451 3452/3452/3452 
f 3451/3451/3451 3453/3453/3453 3452/3452/3452 
f 3452/3452/3452 3453/3453/3453 3454/3454/3454 
f 3453/3453/3453 3455/3455/3455 3454/3454/3454 
f 3454/3454/3454 3455/3455/3455 3456/3456/3456 
f 3455/3455/3455 3457/3457/3457 3456/3456/3456 
f 3456/3456/3456 3457/3457/3457 3458/3458/3458 
f 3457/3457/3457 3459/3459/3459 3458/3458/3458 
f 3458/3458/3458 3459/3459/3459 3460/3460/3460 
f 3459/3459/3459 3461/3461/3461 3460/3460/3460 
f 3460/3460/3460 3461/3461/3461 3462/3462/3462 
f 3461/3461/3461 3463/3463/3463 3462/3462/3462 
f 3462/3462/3462 3463/3463/3463 3432/3432/3432 
f 3463/3463/3463 3433/3433/3433 3432/3432/3432 
f 3432/3432/3432 3433/3433/3433 3433/3433/3433 
f 3433/3433/3433 3464/3464/3464 3433/3433/3433 
f 3433/3433/3433 3464/3464/3464 3464/3464/3464 
f 3464/3464/3464 3465/3465/3465 3464/3464/3464 
f 3464/3464/3464 3465/3465/3465 3466/3466/3466 
f 3465/3465/3465 3467/3467/3467 3466/3466/3466 
f 3466/3466/3466 3467/3467/3467 3468/3468/3468 
f 3467/3467/3467 3469/3469/3469 3468/3468/3468 
f 3468/3468/3468 3469/3469/3469 3470/3470/3470 
f 3469/3469/3469 3471/3471/3471 3470/3470/3470 
f 3470/3470/3470 3471/3471/3471 3472/3472/3472 
f 3471/3471/3471 3473/3473/3473 3472/3472/3472 
f 3472/3472/3472 3473/3473/3473 3474/3474/3474 
f 3473/3473/3473 3475/3475/3475 3474/3474/3474 
f 3474/3474/3474 3475/3475/3475 3476/3476/3476 
f 3475/3475/3475 3477/3477/3477 3476/3476/3476 
f 3476/3476/3476 3477/3477/3477 3478/3478/3478 
f 3477/3477/3477 3479/3479/3479 3478/3478/3478 
f 3478/3478/3478 3479/3479/3479 3480/3480/3480 
f 3479/3479/3479 3481/3481/3481 3480/3480/3480 
f 3480/3480/3480 3481/3481/3481 3482/3482/3482 
f 3481/3481/3481 3483/3483/3483 3482/3482/3482 
f 3482/3482/3482 3483/3483/3483 3484/3484/3484 
f 3483/3483/3483 3485/3485/3485 3484/3484/3484 
f 3484/3484/3484 3485/3485/3485 3486/3486/3486 
f 3485/3485/3485 3487/3487/3487 3486/3486/3486 
f 3486/3486/3486 3487/3487/3487 3488/3488/3488 
f 3487/3487/3487 3489/3489/3489 3488/3488/3488 
f 3488/3488/3488 3489/3489/3489 3490/3490/3490 
f 3489/3489/3489 3491/3491/3491 3490/3490/3490 
f 3490/3490/3490 3491/3491/3491 3492/3492/3492 
f 3491/3491/3491 3493/3493/3493 3492/3492/3492 
f 3492/3492/3492 3493/3493/3493 3494/3494/3494 
f 3493/3493/3493 3495/3495/3495 3494/3494/3494 
f 3494/3494/3494 3495/3495/3495 3464/3464/3464 
f 3495/3495/3495 3465/3465/3465 3464/3464/3464 
f 3464/3464/3464 3465/3465/3465 3465/3465/3465 
f 3465/3465/3465 3496/3496/3496 3465/3465/3465 
f 3465/3465/3465 3496/3496/3496 3496/3496/3496 
f 3496/3496/3496 3497/3497/3497 3496/3496/3496 
f 3496/3496/3496 3497/3497/3497 3498/3498/3498 
f 3497/3497/3497 3499/3499/3499 3498/3498/3498 
f 3498/3498/3498 3499/3499/3499 3500/3500/3500 
f 3499/3499/3499 3501/3501/3501 3500/3500/3500 
f 3500/3500/3500 3501/3501/3501 3502/3502/3502 
f 3501/3501/3501 3503/3503/3503 3502/3502/3502 
f 3502/3502/3502 3503/3503/3503 3504/3504/3504 
f 3503/3503/3503 3505/3505/3505 3504/3504/3504 
f 3504/3504/3504 3505/3505/3505 3506/3506/3506 
f 3505/3505/3505 3507/3507/3507 3506/3506/3506 
f 3506/3506/3506 3507/3507/3507 3508/3508/3508 
f 3507/3507/3507 3509/3509/3509 3508/3508/3508 
f 3508/3508/3508 3509/3509/3509 3510/3510/3510 
f 3509/3509/3509 3511/3511/3511 3510/3510/3510 
f 3510/3510/3510 3511/3511/3511 3512/3512/3512 
f 3511/3511/3511 3513/3513/3513 3512/3512/3512 
f 3512/3512/3512 3513/3513/3513 3514/3514/3514 
f 3513/3513/3513 3515/3515/3515 3514/3514/3514 
f 3514/3514/3514 3515/3515/3515 3516/3516/3516 
f 3515/3515/3515 3517/3517/3517 3516/3516/3516 
f 3516/3516/3516 3517/3517/3517 3518/3518/3518 
f 3517/3517/3517 3519/3519/3519 3518/3518/3518 
f 3518/3518/3518 3519/3519/3519 3520/3520/3520 
f 3519/3519/3519 3521/3521/3521 3520/3520/3520 
f 3520/3520/3520 3521/3521/3521 3522/3522/3522 
f 3521/3521/3521 3523/3523/3523 3522/3522/3522 
f 3522/3522/3522 3523/3523/3523 3524/3524/3524 
f 3523/3523/3523 3525/3525/3525 3524/3524/3524 
f 3524/3524/3524 3525/3525/3525 3526/3526/3526 
f 3525/3525/3525 3527/3527/3527 3526/3526/3526 
f 3526/3526/3526 3527/3527/3527 3528/3528/3528 
f 3527/3527/3527 3529/3529/3529 3528/3528/3528 
f 3528/3528/3528 3529/3529/3529 3530/3530/3530 
f 3529/3529/3529 3531/3531/3531 3530/3530/3530 
f 3530/3530/3530 3531/3531/3531 3532/3532/3532 
f 3531/3531/3531 3533/3533/3533 3532/3532/3532 
f 3532/3532/3532 3533/3533/3533 3534/3534/3534 
f 3533/3533/3533 3535/3535/3535 3534/3534/3534 
f 3534/3534/3534 3535/3535/3535 3536/3536/3536 
f 3535/3535/3535 3537/3537/3537 3536/3536/3536 
f 3536/3536/3536 3537/3537/3537 3538/3538/3538 
f 3537/3537/3537 3539/3539/3539 3538/3538/3538 
f 3538/3538/3538 3539/3539/3539 3540/3540/3540 
f 3539/3539/3539 3541/3541/3541 3540/3540/3540 
f 3540/3540/3540 3541/3541/3541 3542/3542/3542 
f 3541/3541/3541 3543/3543/3543 3542/3542/3542 
f 3542/3542/3542 3543/3543/3543 3544/3544/3544 
f 3543/3543/3543 3545/3545/3545 3544/3544/3544 
f 3544/3544/3544 3545/3545/3545 3546/3546/3546 
f 3545/3545/3545 3547/3547/3547 3546/3546/3546 
f 3546/3546/3546 3547/3547/3547 3548/3548/3548 
f 3547/3547/3547 3549/3549/3549 3548/3548/3548 
f 3548/3548/3548 3549/3549/3549 3550/3550/3550 
f 3549/3549/3549 3551/3551/3551 3550/3550/3550 
f 3550/3550/3550 3551/3551/3551 3552/3552/3552 
f 3551/3551/3551 3553/3553/3553 3552/3552/3552 
f 3552/3552/3552 3553/3553/3553 3554/3554/3554 
f 3553/3553/3553 3555/3555/3555 3554/3554/3554 
f 3554/3554/3554 3555/3555/3555 3556/3556/3556 
f 3555/3555/3555 3557/3557/3557 3556/3556/3556 
f 3556/3556/3556 3557/3557/3557 3558/3558/3558 
f 3557/3557/3557 3559/3559/3559 3558/3558/3558 
f 3558/3558/3558 3559/3559/3559 3496/3496/3496 
f 3559/3559/3559 3497/3497/3497 3496/3496/3496 
f 3496/3496/3496 3497/3497/3497 3497/3497/3497 
f 3497/3497/3497 3560/3560/3560 3497/3497/3497 
f 3497/3497/3497 3560/3560/3560 3560/3560/3560 
f 3560/3560/3560 3561/3561/3561 3560/3560/3560 
f 3560/3560/3560 3561/3561/3561 3562/3562/3562 
f 3561/3561/3561 3563/3563/3563 3562/3562/3562 
f 3562/3562/3562 3563/3563/3563 3564/3564/3564 
f 3563/3563/3563 3565/3565/3565 3564/3564/3564 
f 3564/3564/3564 3565/3565/3565 3566/3566/3566 
f 3565/3565/3565 3567/3567/3567 3566/3566/3566 
f 3566/3566/3566 3567/3567/3567 3568/3568/3568 
f 3567/3567/3567 3569/3569/3569 3568/3568/3568 
f 3568/3568/3568 3569/3569/3569 3570/3570/3570 
f 3569/3569/3569 3571/3571/3571 3570/3570/3570 
f 3570/3570/3570 3571/3571/3571 3572/3572/3572 
f 3571/3571/3571 3573/3573/3573 3572/3572/3572 
f 3572/3572/3572 3573/3573/3573 3574/3574/3574 
f 3573/3573/3573 3575/3575/3575 3574/3574/3574 
f 3574/3574/3574 3575/3575/3575 3576/3576/3576 
f 3575/3575/3575 3577/3577/3577 3576/3576/3576 
f 3576/3576/3576 3577/3577/3577 3578/3578/3578 
f 3577/3577/3577 3579/3579/3579 3578/3578/3578 
f 3578/3578/3578 3579/3579/3579 3580/3580/3580 
f 3579/3579/3579 3581/3581/3581 3580/3580/3580 
f 3580/3580/3580 3581/3581/3581 3582/3582/3582 
f 3581/3581/3581 3583/3583/3583 3582/3582/3582 
f 3582/3582/3582 3583/3583/3583 3584/3584/3584 
f 3583/3583/3583 3585/3585/3585 3584/3584/3584 
f 3584/3584/3584 3585/3585/3585 3586/3586/3586 
f 3585/3585/3585 3587/3587/3587 3586/3586/3586 
f 3586/3586/3586 3587/3587/3587 3588/3588/3588 
f 3587/3587/3587 3589/3589/3589 3588/3588/3588 
f 3588/3588/3588 3589/3589/3589 3590/3590/3590 
f 3589/3589/3589 3591/3591/3591 3590/3590/3590 
f 3590/3590/3590 3591/3591/3591 3592/3592/3592 
f 3591/3591/3591 3593/3593/3593 3592/3592/3592 
f 3592/3592/3592 3593/3593/3593 3594/3594/3594 
f 3593/3593/3593 3595/3595/3595 3594/3594/3594 
f 3594/3594/3594 3595/3595/3595 3596/3596/3596 
f 3595/3595/3595 3597/3597/3597 3596/3596/3596 
f 3596/3596/3596 3597/3597/3597 3598/3598/3598 
f 3597/3597/3597 3599/3599/3599 3598/3598/3598 
f 3598/3598/3598 3599/3599/3599 3600/3600/3600 
f 3599/3599/3599 3601/3601/3601 3600/3600/3600 
f 3600/3600/3600 3601/3601/3601 3602/3602/3602 
f 3601/3601/3601 3603/3603/3603 3602/3602/3602 
f 3602/3602/3602 3603/3603/3603 3604/3604/3604 
f 3603/3603/3603 3605/3605/3605 3604/3604/3604 
f 3604/3604/3604 3605/3605/3605 3606/3606/3606 
f 3605/3605/3605 3607/3607/3607 3606/3606/3606 
f 3606/3606/3606 3607/3607/3607 3608/3608/3608 
f 3607/3607/3607 3609/3609/3609 3608/3608/3608 
f 3608/3608/3608 3609/3609/3609 3610/3610/3610 
f 3609/3609/3609 3611/3611/3611 3610/3610/3610 
f 3610/3610/3610 3611/3611/3611 3612/3612/3612 
f 3611/3611/3611 3613/3613/3613 3612/3612/3612 
f 3612/3612/3612 3613/3613/3613 3614/3614/3614 
f 3613/3613/3613 3615/3615/3615 3614/3614/3614 
f 3614/3614/3614 3615/3615/3615 3616/3616/3616 
f 3615/3615/3615 3617/3617/3617 3616/3616/3616 
f 3616/3616/3616 3617/3617/3617 3618/3618/3618 
f 3617/3617/3617 3619/3619/3619 3618/3618/3618 
f 3618/3618/3618 3619/3619/3619 3620/3620/3620 
f 3619/3619/3619 3621/3621/3621 3620/3620/3620 
f 3620/3620/3620 3621/3621/3621 3622/3622/3622 
f 3621/3621/3621 3623/3623/3623 3622/3622/3622 
f 3622/3622/3622 3623/3623/3623 3560/3560/3560 
f 3623/3623/3623 3561/3561/3561 3560/3560/3560 
f 3560/3560/3560 3561/3561/3561 3561/3561/3561 
f 3561/3561/3561 3623/3623/3623 3561/3561/3561 
f 3561/3561/3561 3623/3623/3623 3623/3623/3623 
f 3623/3623/3623 3624/3624/3624 3623/3623/3623 
f 3623/3623/3623 3624/3624/3624 3561/3561/3561 
f 3624/3624/3624 3625/3625/3625 3561/3561/3561 
f 3561/3561/3561 3625/3625/3625 3563/3563/3563 
f 3625/3625/3625 3626/3626/3626 3563/3563/3563 
f 3563/3563/3563 3626/3626/3626 3565/3565/3565 
f 3626/3626/3626 3627/3627/3627 3565/3565/3565 
f 3565/3565/3565 3627/3627/3627 3567/3567/3567 
f 3627/3627/3627 3628/3628/3628 3567/3567/3567 
f 3567/3567/3567 3628/3628/3628 3569/3569/3569 
f 3628/3628/3628 3629/3629/3629 3569/3569/3569 
f 3569/3569/3569 3629/3629/3629 3571/3571/3571 
f 3629/3629/3629 3630/3630/3630 3571/3571/3571 
f 3571/3571/3571 3630/3630/3630 3573/3573/3573 
f 3630/3630/3630 3631/3631/3631 3573/3573/3573 
f 3573/3573/3573 3631/3631/3631 3575/3575/3575 
f 3631/3631/3631 3632/3632/3632 3575/3575/3575 
f 3575/3575/3575 3632/3632/3632 3577/3577/3577 
f 3632/3632/3632 3633/3633/3633 3577/3577/3577 
f 3577/3577/3577 3633/3633/3633 3579/3579/3579 
f 3633/3633/3633 3634/3634/3634 3579/3579/3579 
f 3579/3579/3579 3634/3634/3634 3581/3581/3581 
f 3634/3634/3634 3635/3635/3635 3581/3581/3581 
f 3581/3581/3581 3635/3635/3635 3583/3583/3583 
f 3635/3635/3635 3636/3636/3636 3583/3583/3583 
f 3583/3583/3583 3636/3636/3636 3585/3585/3585 
f 3636/3636/3636 3637/3637/3637 3585/3585/3585 
f 3585/3585/3585 3637/3637/3637 3587/3587/3587 
f 3637/3637/3637 3638/3638/3638 3587/3587/3587 
f 3587/3587/3587 3638/3638/3638 3589/3589/3589 
f 3638/3638/3638 3639/3639/3639 3589/3589/3589 
f 3589/3589/3589 3639/3639/3639 3591/3591/3591 
f 3639/3639/3639 3640/3640/3640 3591/3591/3591 
f 3591/3591/3591 3640/3640/3640 3593/3593/3593 
f 3640/3640/3640 3641/3641/3641 3593/3593/3593 
f 3593/3593/3593 3641/3641/3641 3595/3595/3595 
f 3641/3641/3641 3642/3642/3642 3595/3595/3595 
f 3595/3595/3595 3642/3642/3642 3597/3597/3597 
f 3642/3642/3642 3643/3643/3643 3597/3597/3597 
f 3597/3597/3597 3643/3643/3643 3599/3599/3599 
f 3643/3643/3643 3644/3644/3644 3599/3599/3599 
f 3599/3599/3599 3644/3644/3644 3601/3601/3601 
f 3644/3644/3644 3645/3645/3645 3601/3601/3601 
f 3601/3601/3601 3645/3645/3645 3603/3603/3603 
f 3645/3645/3645 3646/3646/3646 3603/3603/3603 
f 3603/3603/3603 3646/3646/3646 3605/3605/3605 
f 3646/3646/3646 3647/3647/3647 3605/3605/3605 
f 3605/3605/3605 3647/3647/3647 3607/3607/3607 
f 3647/3647/3647 3648/3648/3648 3607/3607/3607 
f 3607/3607/3607 3648/3648/3648 3609/3609/3609 
f 3648/3648/3648 3649/3649/3649 3609/3609/3609 
f 3609/3609/3609 3649/3649/3649 3611/3611/3611 
f 3649/3649/3649 3650/3650/3650 3611/3611/3611 
f 3611/3611/3611 3650/3650/3650 3613/3613/3613 
f 3650/3650/3650 3651/3651/3651 3613/3613/3613 
f 3613/3613/3613 3651/3651/3651 3615/3615/3615 
f 3651/3651/3651 3652/3652/3652 3615/3615/3615 
f 3615/3615/3615 3652/3652/3652 3617/3617/3617 
f 3652/3652/3652 3653/3653/3653 3617/3617/3617 
f 3617/3617/3617 3653/3653/3653 3619/3619/3619 
f 3653/3653/3653 3654/3654/3654 3619/3619/3619 
f 3619/3619/3619 3654/3654/3654 3621/3621/3621 
f 3654/3654/3654 3655/3655/3655 3621/3621/3621 
f 3621/3621/3621 3655/3655/3655 3623/3623/3623 
f 3655/3655/3655 3624/3624/3624 3623/3623/3623 
f 3623/3623/3623 3624/3624/3624 3624/3624/3624 
f 3624/3624/3624 3655/3655/3655 3624/3624/3624 
f 3624/3624/3624 3655/3655/3655 3655/3655/3655 
f 3655/3655/3655 3656/3656/3656 3655/3655/3655 
f 3655/3655/3655 3656/3656/3656 3624/3624/3624 
f 3656/3656/3656 3657/3657/3657 3624/3624/3624 
f 3624/3624/3624 3657/3657/3657 3625/3625/3625 
f 3657/3657/3657 3658/3658/3658 3625/3625/3625 
f 3625/3625/3625 3658/3658/3658 3626/3626/3626 
f 3658/3658/3658 3659/3659/3659 3626/3626/3626 
f 3626/3626/3626 3659/3659/3659 3627/3627/3627 
f 3659/3659/3659 3660/3660/3660 3627/3627/3627 
f 3627/3627/3627 3660/3660/3660 3628/3628/3628 
f 3660/3660/3660 3661/3661/3661 3628/3628/3628 
f 3628/3628/3628 3661/3661/3661 3629/3629/3629 
f 3661/3661/3661 3662/3662/3662 3629/3629/3629 
f 3629/3629/3629 3662/3662/3662 3630/3630/3630 
f 3662/3662/3662 3663/3663/3663 3630/3630/3630 
f 3630/3630/3630 3663/3663/3663 3631/3631/3631 
f 3663/3663/3663 3664/3664/3664 3631/3631/3631 
f 3631/3631/3631 3664/3664/3664 3632/3632/3632 
f 3664/3664/3664 3665/3665/3665 3632/3632/3632 
f 3632/3632/3632 3665/3665/3665 3633/3633/3633 
f 3665/3665/3665 3666/3666/3666 3633/3633/3633 
f 3633/3633/3633 3666/3666/3666 3634/3634/3634 
f 3666/3666/3666 3667/3667/3667 3634/3634/3634 
f 3634/3634/3634 3667/3667/3667 3635/3635/3635 
f 3667/3667/3667 3668/3668/3668 3635/3635/3635 
f 3635/3635/3635 3668/3668/3668 3636/3636/3636 
f 3668/3668/3668 3669/3669/3669 3636/3636/3636 
f 3636/3636/3636 3669/3669/3669 3637/3637/3637 
f 3669/3669/3669 3670/3670/3670 3637/3637/3637 
f 3637/3637/3637 3670/3670/3670 3638/3638/3638 
f 3670/3670/3670 3671/3671/3671 3638/3638/3638 
f 3638/3638/3638 3671/3671/3671 3639/3639/3639 
f 3671/3671/3671 3672/3672/3672 3639/3639/3639 
f 3639/3639/3639 3672/3672/3672 3640/3640/3640 
f 3672/3672/3672 3673/3673/3673 3640/3640/3640 
f 3640/3640/3640 3673/3673/3673 3641/3641/3641 
f 3673/3673/3673 3674/3674/3674 3641/3641/3641 
f 3641/3641/3641 3674/3674/3674 3642/3642/3642 
f 3674/3674/3674 3675/3675/3675 3642/3642/3642 
f 3642/3642/3642 3675/3675/3675 3643/3643/3643 
f 3675/3675/3675 3676/3676/3676 3643/3643/3643 
f 3643/3643/3643 3676/3676/3676 3644/3644/3644 
f 3676/3676/3676 3677/3677/3677 3644/3644/3644 
f 3644/3644/3644 3677/3677/3677 3645/3645/3645 
f 3677/3677/3677 3678/3678/3678 3645/3645/3645 
f 3645/3645/3645 3678/3678/3678 3646/3646/3646 
f 3678/3678/3678 3679/3679/3679 3646/3646/3646 
f 3646/3646/3646 3679/3679/3679 3647/3647/3647 
f 3679/3679/3679 3680/3680/3680 3647/3647/3647 
f 3647/3647/3647 3680/3680/3680 3648/3648/3648 
f 3680/3680/3680 3681/3681/3681 3648/3648/3648 
f 3648/3648/3648 3681/3681/3681 3649/3649/3649 
f 3681/3681/3681 3682/3682/3682 3649/3649/3649 
f 3649/3649/3649 3682/3682/3682 3650/3650/3650 
f 3682/3682/3682 3683/3683/3683 3650/3650/3650 
f 3650/3650/3650 3683/3683/3683 3651/3651/3651 
f 3683/3683/3683 3684/3684/3684 3651/3651/3651 
f 3651/3651/3651 3684/3684/3684 3652/3652/3652 
f 3684/3684/3684 3685/3685/3685 3652/3652/3652 
f 3652/3652/3652 3685/3685/3685 3653/3653/3653 
f 3685/3685/3685 3686/3686/3686 3653/3653/3653 
f 3653/3653/3653 3686/3686/3686 3654/3654/3654 
f 3686/3686/3686 3687/3687/3687 3654/3654/3654 
f 3654/3654/3654 3687/3687/3687 3655/3655/3655 
f 3687/3687/3687 3656/3656/3656 3655/3655/3655 
f 3655/3655/3655 3656/3656/3656 3656/3656/3656 
f 3656/3656/3656 3687/3687/3687 3656/3656/3656 
f 3656/3656/3656 3687/3687/3687 3687/3687/3687 
f 3687/3687/3687 3688/3688/3688 3687/3687/3687 
f 3687/3687/3687 3688/3688/3688 3656/3656/3656 
f 3688/3688/3688 3689/3689/3689 3656/3656/3656 
f 3656/3656/3656 3689/3689/3689 3657/3657/3657 
f 3689/3689/3689 3690/3690/3690 3657/3657/3657 
f 3657/3657/3657 3690/3690/3690 3658/3658/3658 
f 3690/3690/3690 3691/3691/3691 3658/3658/3658 
f 3658/3658/3658 3691/3691/3691 3659/3659/3659 
f 3691/3691/3691 3692/3692/3692 3659/3659/3659 
f 3659/3659/3659 3692/3692/3692 3660/3660/3660 
f 3692/3692/3692 3693/3693/3693 3660/3660/3660 
f 3660/3660/3660 3693/3693/3693 3661/3661/3661 
f 3693/3693/3693 3694/3694/3694 3661/3661/3661 
f 3661/3661/3661 3694/3694/3694 3662/3662/3662 
f 3694/3694/3694 3695/3695/3695 3662/3662/3662 
f 3662/3662/3662 3695/3695/3695 3663/3663/3663 
f 3695/3695/3695 3696/3696/3696 3663/3663/3663 
f 3663/3663/3663 3696/3696/3696 3664/3664/3664 
f 3696/3696/3696 3697/3697/3697 3664/3664/3664 
f 3664/3664/3664 3697/3697/3697 3665/3665/3665 
f 3697/3697/3697 3698/3698/3698 3665/3665/3665 
f 3665/3665/3665 3698/3698/3698 3666/3666/3666 
f 3698/3698/3698 3699/3699/3699 3666/3666/3666 
f 3666/3666/3666 3699/3699/3699 3667/3667/3667 
f 3699/3699/3699 3700/3700/3700 3667/3667/3667 
f 3667/3667/3667 3700/3700/3700 3668/3668/3668 
f 3700/3700/3700 3701/3701/3701 3668/3668/3668 
f 3668/3668/3668 3701/3701/3701 3669/3669/3669 
f 3701/3701/3701 3702/3702/3702 3669/3669/3669 
f 3669/3669/3669 3702/3702/3702 3670/3670/3670 
f 3702/3702/3702 3703/3703/3703 3670/3670/3670 
f 3670/3670/3670 3703/3703/3703 3671/3671/3671 
f 3703/3703/3703 3704/3704/3704 3671/3671/3671 
f 3671/3671/3671 3704/3704/3704 3672/3672/3672 
f 3704/3704/3704 3705/3705/3705 3672/3672/3672 
f 3672/3672/3672 3705/3705/3705 3673/3673/3673 
f 3705/3705/3705 3706/3706/3706 3673/3673/3673 
f 3673/3673/3673 3706/3706/3706 3674/3674/3674 
f 3706/3706/3706 3707/3707/3707 3674/3674/3674 
f 3674/3674/3674 3707/3707/3707 3675/3675/3675 
f 3707/3707/3707 3708/3708/3708 3675/3675/3675 
f 3675/3675/3675 3708/3708/3708 3676/3676/3676 
f 3708/3708/3708 3709/3709/3709 3676/3676/3676 
f 3676/3676/3676 3709/3709/3709 3677/3677/3677 
f 3709/3709/3709 3710/3710/3710 3677/3677/3677 
f 3677/3677/3677 3710/3710/3710 3678/3678/3678 
f 3710/3710/3710 3711/3711/3711 3678/3678/3678 
f 3678/3678/3678 3711/3711/3711 3679/3679/3679 
f 3711/3711/3711 3712/3712/3712 3679/3679/3679 
f 3679/3679/3679 3712/3712/3712 3680/3680/3680 
f 3712/3712/3712 3713/3713/3713 3680/3680/3680 
f 3680/3680/3680 3713/3713/3713 3681/3681/3681 
f 3713/3713/3713 3714/3714/3714 3681/3681/3681 
f 3681/3681/3681 3714/3714/3714 3682/3682/3682 
f 3714/3714/3714 3715/3715/3715 3682/3682/3682 
f 3682/3682/3682 3715/3715/3715 3683/3683/3683 
f 3715/3715/3715 3716/3716/3716 3683/3683/3683 
f 3683/3683/3683 3716/3716/3716 3684/3684/3684 
f 3716/3716/3716 3717/3717/3717 3684/3684/3684 
f 3684/3684/3684 3717/3717/3717 3685/3685/3685 
f 3717/3717/3717 3718/3718/3718 3685/3685/3685 
f 3685/3685/3685 3718/3718/3718 3686/3686/3686 
f 3718/3718/3718 3719/3719/3719 3686/3686/3686 
f 3686/3686/3686 3719/3719/3719 3687/3687/3687 
f 3719/3719/3719 3688/3688/3688 3687/3687/3687 
f 3687/3687/3687 3688/3688/3688 3688/3688/3688 
f 3688/3688/3688 3720/3720/3720 3688/3688/3688 
f 3688/3688/3688 3720/3720/3720 3720/3720/3720 
f 3720/3720/3720 3721/3721/3721 3720/3720/3720 
f 3720/3720/3720 3721/3721/3721 3722/3722/3722 
f 3721/3721/3721 3723/3723/3723 3722/3722/3722 
f 3722/3722/3722 3723/3723/3723 3724/3724/3724 
f 3723/3723/3723 3725/3725/3725 3724/3724/3724 
f 3724/3724/3724 3725/3725/3725 3726/3726/3726 
f 3725/3725/3725 3727/3727/3727 3726/3726/3726 
f 3726/3726/3726 3727/3727/3727 3728/3728/3728 
f 3727/3727/3727 3729/3729/3729 3728/3728/3728 
f 3728/3728/3728 3729/3729/3729 3730/3730/3730 
f 3729/3729/3729 3731/3731/3731 3730/3730/3730 
f 3730/3730/3730 3731/3731/3731 3732/3732/3732 
f 3731/3731/3731 3733/3733/3733 3732/3732/3732 
f 3732/3732/3732 3733/3733/3733 3734/3734/3734 
f 3733/3733/3733 3735/3735/3735 3734/3734/3734 
f 3734/3734/3734 3735/3735/3735 3736/3736/3736 
f 3735/3735/3735 3737/3737/3737 3736/3736/3736 
f 3736/3736/3736 3737/3737/3737 3738/3738/3738 
f 3737/3737/3737 3739/3739/3739 3738/3738/3738 
f 3738/3738/3738 3739/3739/3739 3740/3740/3740 
f 3739/3739/3739 3741/3741/3741 3740/3740/3740 
f 3740/3740/3740 3741/3741/3741 3742/3742/3742 
f 3741/3741/3741 3743/3743/3743 3742/3742/3742 
f 3742/3742/3742 3743/3743/3743 3744/3744/3744 
f 3743/3743/3743 3745/3745/3745 3744/3744/3744 
f 3744/3744/3744 3745/3745/3745 3746/3746/3746 
f 3745/3745/3745 3747/3747/3747 3746/3746/3746 
f 3746/3746/3746 3747/3747/3747 3748/3748/3748 
f 3747/3747/3747 3749/3749/3749 3748/3748/3748 
f 3748/3748/3748 3749/3749/3749 3750/3750/3750 
f 3749/3749/3749 3751/3751/3751 3750/3750/3750 
f 3750/3750/3750 3751/3751/3751 3720/3720/3720 
f 3751/3751/3751 3721/3721/3721 3720/3720/3720 
f 3720/3720/3720 3721/3721/3721 3721/3721/3721 
f 3721/3721/3721 3752/3752/3752 3721/3721/3721 
f 3721/3721/3721 3752/3752/3752 3752/3752/3752 
f 3752/3752/3752 3753/3753/3753 3752/3752/3752 
f 3752/3752/3752 3753/3753/3753 3754/3754/3754 
f 3753/3753/3753 3755/3755/3755 3754/3754/3754 
f 3754/3754/3754 3755/3755/3755 3756/3756/3756 
f 3755/3755/3755 3757/3757/3757 3756/3756/3756 
f 3756/3756/3756 3757/3757/3757 3758/3758/3758 
f 3757/3757/3757 3759/3759/3759 3758/3758/3758 
f 3758/3758/3758 3759/3759/3759 3760/3760/3760 
f 3759/3759/3759 3761/3761/3761 3760/3760/3760 
f 3760/3760/3760 3761/3761/3761 3762/3762/3762 
f 3761/3761/3761 3763/3763/3763 3762/3762/3762 
f 3762/3762/3762 3763/3763/3763 3764/3764/3764 
f 3763/3763/3763 3765/3765/3765 3764/3764/3764 
f 3764/3764/3764 3765/3765/3765 3766/3766/3766 
f 3765/3765/3765 3767/3767/3767 3766/3766/3766 
f 3766/3766/3766 3767/3767/3767 3768/3768/3768 
f 3767/3767/3767 3769/3769/3769 3768/3768/3768 
f 3768/3768/3768 3769/3769/3769 3770/3770/3770 
f 3769/3769/3769 3771/3771/3771 3770/3770/3770 
f 3770/3770/3770 3771/3771/3771 3772/3772/3772 
f 3771/3771/3771 3773/3773/3773 3772/3772/3772 
f 3772/3772/3772 3773/3773/3773 3774/3774/3774 
f 3773/3773/3773 3775/3775/3775 3774/3774/3774 
f 3774/3774/3774 3775/3775/3775 3776/3776/3776 
f 3775/3775/3775 3777/3777/3777 3776/3776/3776 
f 3776/3776/3776 3777/3777/3777 3778/3778/3778 
f 3777/3777/3777 3779/3779/3779 3778/3778/3778 
f 3778/3778/3778 3779/3779/3779 3780/3780/3780 
f 3779/3779/3779 3781/3781/3781 3780/3780/3780 
f 3780/3780/3780 3781/3781/3781 3782/3782/3782 
f 3781/3781/3781 3783/3783/3783 3782/3782/3782 
f 3782/3782/3782 3783/3783/3783 3784/3784/3784 
f 3783/3783/3783 3785/3785/3785 3784/3784/3784 
f 3784/3784/3784 3785/3785/3785 3786/3786/3786 
f 3785/3785/3785 3787/3787/3787 3786/3786/3786 
f 3786/3786/3786 3787/3787/3787 3788/3788/3788 
f 3787/3787/3787 3789/3789/3789 3788/3788/3788 
f 3788/3788/3788 3789/3789/3789 3790/3790/3790 
f 3789/3789/3789 3791/3791/3791 3790/3790/3790 
f 3790/3790/3790 3791/3791/3791 3792/3792/3792 
f 3791/3791/3791 3793/3793/3793 3792/3792/3792 
f 3792/3792/3792 3793/3793/3793 3794/3794/3794 
f 3793/3793/3793 3795/3795/3795 3794/3794/3794 
f 3794/3794/3794 3795/3795/3795 3796/3796/3796 
f 3795/3795/3795 3797/3797/3797 3796/3796/3796 
f 3796/3796/3796 3797/3797/3797 3798/3798/3798 
f 3797/3797/3797 3799/3799/3799 3798/3798/3798 
f 3798/3798/3798 3799/3799/3799 3800/3800/3800 
f 3799/3799/3799 3801/3801/3801 3800/3800/3800 
f 3800/3800/3800 3801/3801/3801 3802/3802/3802 
f 3801/3801/3801 3803/3803/3803 3802/3802/3802 
f 3802/3802/3802 3803/3803/3803 3804/3804/3804 
f 3803/3803/3803 3805/3805/3805 3804/3804/3804 
f 3804/3804/3804 3805/3805/3805 3806/3806/3806 
f 3805/3805/3805 3807/3807/3807 3806/3806/3806 
f 3806/3806/3806 3807/3807/3807 3808/3808/3808 
f 3807/3807/3807 3809/3809/3809 3808/3808/3808 
f 3808/3808/3808 3809/3809/3809 3810/3810/3810 
f 3809/3809/3809 3811/3811/3811 3810/3810/3810 
f 3810/3810/3810 3811/3811/3811 3812/3812/3812 
f 3811/3811/3811 3813/3813/3813 3812/3812/3812 
f 3812/3812/3812 3813/3813/3813 3814/3814/3814 
f 3813/3813/3813 3815/3815/3815 3814/3814/3814 
f 3814/3814/3814 3815/3815/3815 3752/3752/3752 
f 3815/3815/3815 3753/3753/3753 3752/3752/3752 
f 3752/3752/3752 3753/3753/3753 3753/3753/3753 
f 3753/3753/3753 3812/3812/3812 3753/3753/3753 
f 3753/3753/3753 3812/3812/3812 3812/3812/3812 
f 3812/3812/3812 3814/3814/3814 3812/3812/3812 
f 3812/3812/3812 3814/3814/3814 3816/3816/3816 
f 3814/3814/3814 3817/3817/3817 3816/3816/3816 
f 3816/3816/3816 3817/3817/3817 3818/3818/3818 
f 3817/3817/3817 3819/3819/3819 3818/3818/3818 
f 3818/3818/3818 3819/3819/3819 3819/3819/3819 
f 3819/3819/3819 3817/3817/3817 3819/3819/3819 
f 3819/3819/3819 3817/3817/3817 3817/3817/3817 
f 3817/3817/3817 3820/3820/3820 3817/3817/3817 
f 3817/3817/3817 3820/3820/3820 3819/3819/3819 
f 3820/3820/3820 3821/3821/3821 3819/3819/3819 
f 3819/3819/3819 3821/3821/3821 3821/3821/3821 
f 3821/3821/3821 3820/3820/3820 3821/3821/3821 
f 3821/3821/3821 3820/3820/3820 3820/3820/3820 
f 3820/3820/3820 3822/3822/3822 3820/3820/3820 
f 3820/3820/3820 3822/3822/3822 3821/3821/3821 
f 3822/3822/3822 3823/3823/3823 3821/3821/3821 
f 3821/3821/3821 3823/3823/3823 3823/3823/3823 
f 3823/3823/3823 3822/3822/3822 3823/3823/3823 
f 3823/3823/3823 3822/3822/3822 3822/3822/3822 
f 3822/3822/3822 3824/3824/3824 3822/3822/3822 
f 3822/3822/3822 3824/3824/3824 3823/3823/3823 
f 3824/3824/3824 3825/3825/3825 3823/3823/3823 
f 3823/3823/3823 3825/3825/3825 3825/3825/3825 
f 3825/3825/3825 3824/3824/3824 3825/3825/3825 
f 3825/3825/3825 3824/3824/3824 3826/3826/3826 
f 3824/3824/3824 3758/3758/3758 3826/3826/3826 
f 3826/3826/3826 3758/3758/3758 3758/3758/3758 
f 3758/3758/3758 3825/3825/3825 3758/3758/3758 
f 3758/3758/3758 3825/3825/3825 3825/3825/3825 
f 3825/3825/3825 3826/3826/3826 3825/3825/3825 
f 3825/3825/3825 3826/3826/3826 3827/3827/3827 
f 3826/3826/3826 3828/3828/3828 3827/3827/3827 
f 3827/3827/3827 3828/3828/3828 3829/3829/3829 
f 3828/3828/3828 3830/3830/3830 3829/3829/3829 
f 3829/3829/3829 3830/3830/3830 3831/3831/3831 
f 3830/3830/3830 3832/3832/3832 3831/3831/3831 
f 3831/3831/3831 3832/3832/3832 3833/3833/3833 
f 3832/3832/3832 3834/3834/3834 3833/3833/3833 
f 3833/3833/3833 3834/3834/3834 3835/3835/3835 
f 3834/3834/3834 3836/3836/3836 3835/3835/3835 
f 3835/3835/3835 3836/3836/3836 3837/3837/3837 
f 3836/3836/3836 3838/3838/3838 3837/3837/3837 
f 3837/3837/3837 3838/3838/3838 3839/3839/3839 
f 3838/3838/3838 3840/3840/3840 3839/3839/3839 
f 3839/3839/3839 3840/3840/3840 3841/3841/3841 
f 3840/3840/3840 3842/3842/3842 3841/3841/3841 
f 3841/3841/3841 3842/3842/3842 3843/3843/3843 
f 3842/3842/3842 3844/3844/3844 3843/3843/3843 
f 3843/3843/3843 3844/3844/3844 3845/3845/3845 
f 3844/3844/3844 3846/3846/3846 3845/3845/3845 
f 3845/3845/3845 3846/3846/3846 3847/3847/3847 
f 3846/3846/3846 3848/3848/3848 3847/3847/3847 
f 3847/3847/3847 3848/3848/3848 3849/3849/3849 
f 3848/3848/3848 3850/3850/3850 3849/3849/3849 
f 3849/3849/3849 3850/3850/3850 3851/3851/3851 
f 3850/3850/3850 3852/3852/3852 3851/3851/3851 
f 3851/3851/3851 3852/3852/3852 3853/3853/3853 
f 3852/3852/3852 3854/3854/3854 3853/3853/3853 
f 3853/3853/3853 3854/3854/3854 3855/3855/3855 
f 3854/3854/3854 3856/3856/3856 3855/3855/3855 
f 3855/3855/3855 3856/3856/3856 3857/3857/3857 
f 3856/3856/3856 3858/3858/3858 3857/3857/3857 
f 3857/3857/3857 3858/3858/3858 3859/3859/3859 
f 3858/3858/3858 3860/3860/3860 3859/3859/3859 
f 3859/3859/3859 3860/3860/3860 3861/3861/3861 
f 3860/3860/3860 3862/3862/3862 3861/3861/3861 
f 3861/3861/3861 3862/3862/3862 3863/3863/3863 
f 3862/3862/3862 3864/3864/3864 3863/3863/3863 
f 3863/3863/3863 3864/3864/3864 3865/3865/3865 
f 3864/3864/3864 3866/3866/3866 3865/3865/3865 
f 3865/3865/3865 3866/3866/3866 3867/3867/3867 
f 3866/3866/3866 3868/3868/3868 3867/3867/3867 
f 3867/3867/3867 3868/3868/3868 3869/3869/3869 
f 3868/3868/3868 3870/3870/3870 3869/3869/3869 
f 3869/3869/3869 3870/3870/3870 3871/3871/3871 
f 3870/3870/3870 3872/3872/3872 3871/3871/3871 
f 3871/3871/3871 3872/3872/3872 3873/3873/3873 
f 3872/3872/3872 3874/3874/3874 3873/3873/3873 
f 3873/3873/3873 3874/3874/3874 3875/3875/3875 
f 3874/3874/3874 3876/3876/3876 3875/3875/3875 
f 3875/3875/3875 3876/3876/3876 3877/3877/3877 
f 3876/3876/3876 3878/3878/3878 3877/3877/3877 
f 3877/3877/3877 3878/3878/3878 3879/3879/3879 
f 3878/3878/3878 3816/3816/3816 3879/3879/3879 
f 3879/3879/3879 3816/3816/3816 3818/3818/3818 
f 3816/3816/3816 3818/3818/3818 3818/3818/3818 
f 3818/3818/3818 3818/3818/3818 3874/3874/3874 
f 3818/3818/3818 3874/3874/3874 3874/3874/3874 
f 3874/3874/3874 3874/3874/3874 3874/3874/3874 
f 3874/3874/3874 3872/3872/3872 3874/3874/3874 
f 3874/3874/3874 3872/3872/3872 3806/3806/3806 
f 3872/3872/3872 3804/3804/3804 3806/3806/3806 
f 3806/3806/3806 3804/3804/3804 3804/3804/3804 
f 3804/3804/3804 3788/3788/3788 3804/3804/3804 
f 3804/3804/3804 3788/3788/3788 3788/3788/3788 
f 3788/3788/3788 3790/3790/3790 3788/3788/3788 
f 3788/3788/3788 3790/3790/3790 3856/3856/3856 
f 3790/3790/3790 3858/3858/3858 3856/3856/3856 
f 3856/3856/3856 3858/3858/3858 3858/3858/3858 
f 3858/3858/3858 3796/3796/3796 3858/3858/3858 
f 3858/3858/3858 3796/3796/3796 3796/3796/3796 
f 3796/3796/3796 3798/3798/3798 3796/3796/3796 
f 3796/3796/3796 3798/3798/3798 3864/3864/3864 
f 3798/3798/3798 3866/3866/3866 3864/3864/3864 
f 3864/3864/3864 3866/3866/3866 3866/3866/3866 
f 3866/3866/3866 3780/3780/3780 3866/3866/3866 
f 3866/3866/3866 3780/3780/3780 3780/3780/3780 
f 3780/3780/3780 3782/3782/3782 3780/3780/3780 
f 3780/3780/3780 3782/3782/3782 3848/3848/3848 
f 3782/3782/3782 3850/3850/3850 3848/3848/3848 
f 3848/3848/3848 3850/3850/3850 3850/3850/3850 
f 3850/3850/3850 3764/3764/3764 3850/3850/3850 
f 3850/3850/3850 3764/3764/3764 3764/3764/3764 
f 3764/3764/3764 3766/3766/3766 3764/3764/3764 
f 3764/3764/3764 3766/3766/3766 3832/3832/3832 
f 3766/3766/3766 3834/3834/3834 3832/3832/3832 
f 3832/3832/3832 3834/3834/3834 3834/3834/3834 
f 3834/3834/3834 3772/3772/3772 3834/3834/3834 
f 3834/3834/3834 3772/3772/3772 3772/3772/3772 
f 3772/3772/3772 3774/3774/3774 3772/3772/3772 
f 3772/3772/3772 3774/3774/3774 3840/3840/3840 
f 3774/3774/3774 3842/3842/3842 3840/3840/3840 
f 3840/3840/3840 3842/3842/3842 3842/3842/3842 
f 3842/3842/3842 3880/3880/3880 3842/3842/3842 
f 3842/3842/3842 3880/3880/3880 3880/3880/3880 
f 3880/3880/3880 3881/3881/3881 3880/3880/3880 
f 3880/3880/3880 3881/3881/3881 3882/3882/3882 
f 3881/3881/3881 3883/3883/3883 3882/3882/3882 
f 3882/3882/3882 3883/3883/3883 3884/3884/3884 
f 3883/3883/3883 3885/3885/3885 3884/3884/3884 
f 3884/3884/3884 3885/3885/3885 3886/3886/3886 
f 3885/3885/3885 3887/3887/3887 3886/3886/3886 
f 3886/3886/3886 3887/3887/3887 3888/3888/3888 
f 3887/3887/3887 3888/3888/3888 3888/3888/3888 
f 3888/3888/3888 3888/3888/3888 3881/3881/3881 
f 3888/3888/3888 3881/3881/3881 3881/3881/3881 
f 3881/3881/3881 3881/3881/3881 3881/3881/3881 
f 3881/3881/3881 3889/3889/3889 3881/3881/3881 
f 3881/3881/3881 3889/3889/3889 3883/3883/3883 
f 3889/3889/3889 3890/3890/3890 3883/3883/3883 
f 3883/3883/3883 3890/3890/3890 3885/3885/3885 
f 3890/3890/3890 3891/3891/3891 3885/3885/3885 
f 3885/3885/3885 3891/3891/3891 3887/3887/3887 
f 3891/3891/3891 3892/3892/3892 3887/3887/3887 
f 3887/3887/3887 3892/3892/3892 3892/3892/3892 
f 3892/3892/3892 3889/3889/3889 3892/3892/3892 
f 3892/3892/3892 3889/3889/3889 3889/3889/3889 
f 3889/3889/3889 3893/3893/3893 3889/3889/3889 
f 3889/3889/3889 3893/3893/3893 3890/3890/3890 
f 3893/3893/3893 3894/3894/3894 3890/3890/3890 
f 3890/3890/3890 3894/3894/3894 3891/3891/3891 
f 3894/3894/3894 3895/3895/3895 3891/3891/3891 
f 3891/3891/3891 3895/3895/3895 3892/3892/3892 
f 3895/3895/3895 3896/3896/3896 3892/3892/3892 
f 3892/3892/3892 3896/3896/3896 3897/3897/3897 
f 3896/3896/3896 3897/3897/3897 3897/3897/3897 
f 3897/3897/3897 3897/3897/3897 3893/3893/3893 
f 3897/3897/3897 3893/3893/3893 3893/3893/3893 
f 3893/3893/3893 3893/3893/3893 3893/3893/3893 
f 3893/3893/3893 3889/3889/3889 3893/3893/3893 
f 3893/3893/3893 3889/3889/3889 3898/3898/3898 
f 3889/3889/3889 3899/3899/3899 3898/3898/3898 
f 3898/3898/3898 3899/3899/3899 3900/3900/3900 
f 3899/3899/3899 3901/3901/3901 3900/3900/3900 
f 3900/3900/3900 3901/3901/3901 3902/3902/3902 
f 3901/3901/3901 3903/3903/3903 3902/3902/3902 
f 3902/3902/3902 3903/3903/3903 3904/3904/3904 
f 3903/3903/3903 3905/3905/3905 3904/3904/3904 
f 3904/3904/3904 3905/3905/3905 3906/3906/3906 
f 3905/3905/3905 3907/3907/3907 3906/3906/3906 
f 3906/3906/3906 3907/3907/3907 3908/3908/3908 
f 3907/3907/3907 3909/3909/3909 3908/3908/3908 
f 3908/3908/3908 3909/3909/3909 3910/3910/3910 
f 3909/3909/3909 3911/3911/3911 3910/3910/3910 
f 3910/3910/3910 3911/3911/3911 3912/3912/3912 
f 3911/3911/3911 3912/3912/3912 3912/3912/3912 
f 3912/3912/3912 3912/3912/3912 3889/3889/3889 
f 3912/3912/3912 3889/3889/3889 3889/3889/3889 
f 3889/3889/3889 3889/3889/3889 3889/3889/3889 
f 3889/3889/3889 3881/3881/3881 3889/3889/3889 
f 3889/3889/3889 3881/3881/3881 3899/3899/3899 
f 3881/3881/3881 3913/3913/3913 3899/3899/3899 
f 3899/3899/3899 3913/3913/3913 3901/3901/3901 
f 3913/3913/3913 3914/3914/3914 3901/3901/3901 
f 3901/3901/3901 3914/3914/3914 3903/3903/3903 
f 3914/3914/3914 3915/3915/3915 3903/3903/3903 
f 3903/3903/3903 3915/3915/3915 3915/3915/3915 
f 3915/3915/3915 3881/3881/3881 3915/3915/3915 
f 3915/3915/3915 3881/3881/3881 3881/3881/3881 
f 3881/3881/3881 3880/3880/3880 3881/3881/3881 
f 3881/3881/3881 3880/3880/3880 3913/3913/3913 
f 3880/3880/3880 3916/3916/3916 3913/3913/3913 
f 3913/3913/3913 3916/3916/3916 3914/3914/3914 
f 3916/3916/3916 3917/3917/3917 3914/3914/3914 
f 3914/3914/3914 3917/3917/3917 3915/3915/3915 
f 3917/3917/3917 3918/3918/3918 3915/3915/3915 
f 3915/3915/3915 3918/3918/3918 3919/3919/3919 
f 3918/3918/3918 3920/3920/3920 3919/3919/3919 
f 3919/3919/3919 3920/3920/3920 3921/3921/3921 
f 3920/3920/3920 3922/3922/3922 3921/3921/3921 
f 3921/3921/3921 3922/3922/3922 3923/3923/3923 
f 3922/3922/3922 3924/3924/3924 3923/3923/3923 
f 3923/3923/3923 3924/3924/3924 3925/3925/3925 
f 3924/3924/3924 3926/3926/3926 3925/3925/3925 
f 3925/3925/3925 3926/3926/3926 3927/3927/3927 
f 3926/3926/3926 3927/3927/3927 3927/3927/3927 
f 3927/3927/3927 3927/3927/3927 3923/3923/3923 
f 3927/3927/3927 3923/3923/3923 3923/3923/3923 
f 3923/3923/3923 3923/3923/3923 3923/3923/3923 
f 3923/3923/3923 3909/3909/3909 3923/3923/3923 
f 3923/3923/3923 3909/3909/3909 3921/3921/3921 
f 3909/3909/3909 3907/3907/3907 3921/3921/3921 
f 3921/3921/3921 3907/3907/3907 3907/3907/3907 
f 3907/3907/3907 3892/3892/3892 3907/3907/3907 
f 3907/3907/3907 3892/3892/3892 3892/3892/3892 
f 3892/3892/3892 3897/3897/3897 3892/3892/3892 
f 3892/3892/3892 3897/3897/3897 3928/3928/3928 
f 3897/3897/3897 3929/3929/3929 3928/3928/3928 
f 3928/3928/3928 3929/3929/3929 3929/3929/3929 
f 3929/3929/3929 3897/3897/3897 3929/3929/3929 
f 3929/3929/3929 3897/3897/3897 3897/3897/3897 
f 3897/3897/3897 3930/3930/3930 3897/3897/3897 
f 3897/3897/3897 3930/3930/3930 3929/3929/3929 
f 3930/3930/3930 3931/3931/3931 3929/3929/3929 
f 3929/3929/3929 3931/3931/3931 3932/3932/3932 
f 3931/3931/3931 3933/3933/3933 3932/3932/3932 
f 3932/3932/3932 3933/3933/3933 3934/3934/3934 
f 3933/3933/3933 3935/3935/3935 3934/3934/3934 
f 3934/3934/3934 3935/3935/3935 3935/3935/3935 
f 3935/3935/3935 3930/3930/3930 3935/3935/3935 
f 3935/3935/3935 3930/3930/3930 3930/3930/3930 
f 3930/3930/3930 3936/3936/3936 3930/3930/3930 
f 3930/3930/3930 3936/3936/3936 3931/3931/3931 
f 3936/3936/3936 3937/3937/3937 3931/3931/3931 
f 3931/3931/3931 3937/3937/3937 3933/3933/3933 
f 3937/3937/3937 3938/3938/3938 3933/3933/3933 
f 3933/3933/3933 3938/3938/3938 3935/3935/3935 
f 3938/3938/3938 3939/3939/3939 3935/3935/3935 
f 3935/3935/3935 3939/3939/3939 3939/3939/3939 
f 3939/3939/3939 3936/3936/3936 3939/3939/3939 
f 3939/3939/3939 3936/3936/3936 3936/3936/3936 
f 3936/3936/3936 3940/3940/3940 3936/3936/3936 
f 3936/3936/3936 3940/3940/3940 3937/3937/3937 
f 3940/3940/3940 3941/3941/3941 3937/3937/3937 
f 3937/3937/3937 3941/3941/3941 3938/3938/3938 
f 3941/3941/3941 3942/3942/3942 3938/3938/3938 
f 3938/3938/3938 3942/3942/3942 3939/3939/3939 
f 3942/3942/3942 3943/3943/3943 3939/3939/3939 
f 3939/3939/3939 3943/3943/3943 3943/3943/3943 
f 3943/3943/3943 3940/3940/3940 3943/3943/3943 
f 3943/3943/3943 3940/3940/3940 3940/3940/3940 
f 3940/3940/3940 3944/3944/3944 3940/3940/3940 
f 3940/3940/3940 3944/3944/3944 3941/3941/3941 
f 3944/3944/3944 3945/3945/3945 3941/3941/3941 
f 3941/3941/3941 3945/3945/3945 3942/3942/3942 
f 3945/3945/3945 3946/3946/3946 3942/3942/3942 
f 3942/3942/3942 3946/3946/3946 3943/3943/3943 
f 3946/3946/3946 3947/3947/3947 3943/3943/3943 
f 3943/3943/3943 3947/3947/3947 3947/3947/3947 
f 3947/3947/3947 3944/3944/3944 3947/3947/3947 
f 3947/3947/3947 3944/3944/3944 3944/3944/3944 
f 3944/3944/3944 3948/3948/3948 3944/3944/3944 
f 3944/3944/3944 3948/3948/3948 3945/3945/3945 
f 3948/3948/3948 3949/3949/3949 3945/3945/3945 
f 3945/3945/3945 3949/3949/3949 3946/3946/3946 
f 3949/3949/3949 3950/3950/3950 3946/3946/3946 
f 3946/3946/3946 3950/3950/3950 3947/3947/3947 
f 3950/3950/3950 3951/3951/3951 3947/3947/3947 
f 3947/3947/3947 3951/3951/3951 3951/3951/3951 
f 3951/3951/3951 3948/3948/3948 3951/3951/3951 
f 3951/3951/3951 3948/3948/3948 3948/3948/3948 
f 3948/3948/3948 3952/3952/3952 3948/3948/3948 
f 3948/3948/3948 3952/3952/3952 3949/3949/3949 
f 3952/3952/3952 3953/3953/3953 3949/3949/3949 
f 3949/3949/3949 3953/3953/3953 3950/3950/3950 
f 3953/3953/3953 3954/3954/3954 3950/3950/3950 
f 3950/3950/3950 3954/3954/3954 3951/3951/3951 
f 3954/3954/3954 3955/3955/3955 3951/3951/3951 
f 3951/3951/3951 3955/3955/3955 3955/3955/3955 
f 3955/3955/3955 3952/3952/3952 3955/3955/3955 
f 3955/3955/3955 3952/3952/3952 3952/3952/3952 
f 3952/3952/3952 3956/3956/3956 3952/3952/3952 
f 3952/3952/3952 3956/3956/3956 3953/3953/3953 
f 3956/3956/3956 3957/3957/3957 3953/3953/3953 
f 3953/3953/3953 3957/3957/3957 3954/3954/3954 
f 3957/3957/3957 3958/3958/3958 3954/3954/3954 
f 3954/3954/3954 3958/3958/3958 3955/3955/3955 
f 3958/3958/3958 3959/3959/3959 3955/3955/3955 
f 3955/3955/3955 3959/3959/3959 3959/3959/3959 
f 3959/3959/3959 3956/3956/3956 3959/3959/3959 
f 3959/3959/3959 3956/3956/3956 3956/3956/3956 
f 3956/3956/3956 3960/3960/3960 3956/3956/3956 
f 3956/3956/3956 3960/3960/3960 3957/3957/3957 
f 3960/3960/3960 3961/3961/3961 3957/3957/3957 
f 3957/3957/3957 3961/3961/3961 3958/3958/3958 
f 3961/3961/3961 3962/3962/3962 3958/3958/3958 
f 3958/3958/3958 3962/3962/3962 3959/3959/3959 
f 3962/3962/3962 3963/3963/3963 3959/3959/3959 
f 3959/3959/3959 3963/3963/3963 3964/3964/3964 
f 3963/3963/3963 3965/3965/3965 3964/3964/3964 
f 3964/3964/3964 3965/3965/3965 3965/3965/3965 
f 3965/3965/3965 3960/3960/3960 3965/3965/3965 
f 3965/3965/3965 3960/3960/3960 3960/3960/3960 
f 3960/3960/3960 3966/3966/3966 3960/3960/3960 
f 3960/3960/3960 3966/3966/3966 3961/3961/3961 
f 3966/3966/3966 3967/3967/3967 3961/3961/3961 
f 3961/3961/3961 3967/3967/3967 3962/3962/3962 
f 3967/3967/3967 3962/3962/3962 3962/3962/3962 
f 3962/3962/3962 3962/3962/3962 3966/3966/3966 
f 3962/3962/3962 3966/3966/3966 3966/3966/3966 
f 3966/3966/3966 3966/3966/3966 3966/3966/3966 
f 3966/3966/3966 3968/3968/3968 3966/3966/3966 
f 3966/3966/3966 3968/3968/3968 3967/3967/3967 
f 3968/3968/3968 3969/3969/3969 3967/3967/3967 
f 3967/3967/3967 3969/3969/3969 3970/3970/3970 
f 3969/3969/3969 3971/3971/3971 3970/3970/3970 
f 3970/3970/3970 3971/3971/3971 3971/3971/3971 
f 3971/3971/3971 3969/3969/3969 3971/3971/3971 
f 3971/3971/3971 3969/3969/3969 3969/3969/3969 
f 3969/3969/3969 3972/3972/3972 3969/3969/3969 
f 3969/3969/3969 3972/3972/3972 3971/3971/3971 
f 3972/3972/3972 3973/3973/3973 3971/3971/3971 
f 3971/3971/3971 3973/3973/3973 3974/3974/3974 
f 3973/3973/3973 3975/3975/3975 3974/3974/3974 
f 3974/3974/3974 3975/3975/3975 3976/3976/3976 
f 3975/3975/3975 3977/3977/3977 3976/3976/3976 
f 3976/3976/3976 3977/3977/3977 3977/3977/3977 
f 3977/3977/3977 3972/3972/3972 3977/3977/3977 
f 3977/3977/3977 3972/3972/3972 3972/3972/3972 
f 3972/3972/3972 3978/3978/3978 3972/3972/3972 
f 3972/3972/3972 3978/3978/3978 3973/3973/3973 
f 3978/3978/3978 3979/3979/3979 3973/3973/3973 
f 3973/3973/3973 3979/3979/3979 3975/3975/3975 
f 3979/3979/3979 3980/3980/3980 3975/3975/3975 
f 3975/3975/3975 3980/3980/3980 3977/3977/3977 
f 3980/3980/3980 3981/3981/3981 3977/3977/3977 
f 3977/3977/3977 3981/3981/3981 3981/3981/3981 
f 3981/3981/3981 3978/3978/3978 3981/3981/3981 
f 3981/3981/3981 3978/3978/3978 3978/3978/3978 
f 3978/3978/3978 3982/3982/3982 3978/3978/3978 
f 3978/3978/3978 3982/3982/3982 3979/3979/3979 
f 3982/3982/3982 3983/3983/3983 3979/3979/3979 
f 3979/3979/3979 3983/3983/3983 3980/3980/3980 
f 3983/3983/3983 3984/3984/3984 3980/3980/3980 
f 3980/3980/3980 3984/3984/3984 3981/3981/3981 
f 3984/3984/3984 3985/3985/3985 3981/3981/3981 
f 3981/3981/3981 3985/3985/3985 3985/3985/3985 
f 3985/3985/3985 3982/3982/3982 3985/3985/3985 
f 3985/3985/3985 3982/3982/3982 3982/3982/3982 
f 3982/3982/3982 3986/3986/3986 3982/3982/3982 
f 3982/3982/3982 3986/3986/3986 3983/3983/3983 
f 3986/3986/3986 3987/3987/3987 3983/3983/3983 
f 3983/3983/3983 3987/3987/3987 3984/3984/3984 
f 3987/3987/3987 3988/3988/3988 3984/3984/3984 
f 3984/3984/3984 3988/3988/3988 3985/3985/3985 
f 3988/3988/3988 3989/3989/3989 3985/3985/3985 
f 3985/3985/3985 3989/3989/3989 3989/3989/3989 
f 3989/3989/3989 3986/3986/3986 3989/3989/3989 
f 3989/3989/3989 3986/3986/3986 3986/3986/3986 
f 3986/3986/3986 3990/3990/3990 3986/3986/3986 
f 3986/3986/3986 3990/3990/3990 3987/3987/3987 
f 3990/3990/3990 3991/3991/3991 3987/3987/3987 
f 3987/3987/3987 3991/3991/3991 3988/3988/3988 
f 3991/3991/3991 3992/3992/3992 3988/3988/3988 
f 3988/3988/3988 3992/3992/3992 3989/3989/3989 
f 3992/3992/3992 3993/3993/3993 3989/3989/3989 
f 3989/3989/3989 3993/3993/3993 3993/3993/3993 
f 3993/3993/3993 3990/3990/3990 3993/3993/3993 
f 3993/3993/3993 3990/3990/3990 3990/3990/3990 
f 3990/3990/3990 3994/3994/3994 3990/3990/3990 
f 3990/3990/3990 3994/3994/3994 3991/3991/3991 
f 3994/3994/3994 3995/3995/3995 3991/3991/3991 
f 3991/3991/3991 3995/3995/3995 3992/3992/3992 
f 3995/3995/3995 3996/3996/3996 3992/3992/3992 
f 3992/3992/3992 3996/3996/3996 3993/3993/3993 
f 3996/3996/3996 3927/3927/3927 3993/3993/3993 
f 3993/3993/3993 3927/3927/3927 3927/3927/3927 
f 3927/3927/3927 3994/3994/3994 3927/3927/3927 
f 3927/3927/3927 3994/3994/3994 3994/3994/3994 
f 3994/3994/3994 3997/3997/3997 3994/3994/3994 
f 3994/3994/3994 3997/3997/3997 3995/3995/3995 
f 3997/3997/3997 3998/3998/3998 3995/3995/3995 
f 3995/3995/3995 3998/3998/3998 3996/3996/3996 
f 3998/3998/3998 3999/3999/3999 3996/3996/3996 
f 3996/3996/3996 3999/3999/3999 3927/3927/3927 
f 3999/3999/3999 3925/3925/3925 3927/3927/3927 
f 3927/3927/3927 3925/3925/3925 3925/3925/3925 
f 3925/3925/3925 3997/3997/3997 3925/3925/3925 
f 3925/3925/3925 3997/3997/3997 3997/3997/3997 
f 3997/3997/3997 4000/4000/4000 3997/3997/3997 
f 3997/3997/3997 4000/4000/4000 3998/3998/3998 
f 4000/4000/4000 3912/3912/3912 3998/3998/3998 
f 3998/3998/3998 3912/3912/3912 3999/3999/3999 
f 3912/3912/3912 3999/3999/3999 3999/3999/3999 
f 3999/3999/3999 3999/3999/3999 4000/4000/4000 
f 3999/3999/3999 4000/4000/4000 4000/4000/4000 
f 4000/4000/4000 4000/4000/4000 4000/4000/4000 
f 4000/4000/4000 4001/4001/4001 4000/4000/4000 
f 4000/4000/4000 4001/4001/4001 3912/3912/3912 
f 4001/4001/4001 3910/3910/3910 3912/3912/3912 
f 3912/3912/3912 3910/3910/3910 3910/3910/3910 
f 3910/3910/3910 3963/3963/3963 3910/3910/3910 
f 3910/3910/3910 3963/3963/3963 3963/3963/3963 
f 3963/3963/3963 4002/4002/4002 3963/3963/3963 
f 3963/3963/3963 4002/4002/4002 3965/3965/3965 
f 4002/4002/4002 4003/4003/4003 3965/3965/3965 
f 3965/3965/3965 4003/4003/4003 4003/4003/4003 
f 4003/4003/4003 4002/4002/4002 4003/4003/4003 
f 4003/4003/4003 4002/4002/4002 3974/3974/3974 
f 4002/4002/4002 3971/3971/3971 3974/3974/3974 
f 3974/3974/3974 3971/3971/3971 3971/3971/3971 
f 3971/3971/3971 3934/3934/3934 3971/3971/3971 
f 3971/3971/3971 3934/3934/3934 3934/3934/3934 
f 3934/3934/3934 4004/4004/4004 3934/3934/3934 
f 3934/3934/3934 4004/4004/4004 3932/3932/3932 
f 4004/4004/4004 4005/4005/4005 3932/3932/3932 
f 3932/3932/3932 4005/4005/4005 3929/3929/3929 
f 4005/4005/4005 3929/3929/3929 3929/3929/3929 
f 3929/3929/3929 3929/3929/3929 4004/4004/4004 
f 3929/3929/3929 4004/4004/4004 4004/4004/4004 
f 4004/4004/4004 4004/4004/4004 4004/4004/4004 
f 4004/4004/4004 4006/4006/4006 4004/4004/4004 
f 4004/4004/4004 4006/4006/4006 4005/4005/4005 
f 4006/4006/4006 3888/3888/3888 4005/4005/4005 
f 4005/4005/4005 3888/3888/3888 3888/3888/3888 
f 3888/3888/3888 4006/4006/4006 3888/3888/3888 
f 3888/3888/3888 4006/4006/4006 4006/4006/4006 
f 4006/4006/4006 4007/4007/4007 4006/4006/4006 
f 4006/4006/4006 4007/4007/4007 3888/3888/3888 
f 4007/4007/4007 3886/3886/3886 3888/3888/3888 
f 3888/3888/3888 3886/3886/3886 3886/3886/3886 
f 3886/3886/3886 4008/4008/4008 3886/3886/3886 
f 3886/3886/3886 4008/4008/4008 4008/4008/4008 
f 4008/4008/4008 4009/4009/4009 4008/4008/4008 
f 4008/4008/4008 4009/4009/4009 4010/4010/4010 
f 4009/4009/4009 4011/4011/4011 4010/4010/4010 
f 4010/4010/4010 4011/4011/4011 4012/4012/4012 
f 4011/4011/4011 4013/4013/4013 4012/4012/4012 
f 4012/4012/4012 4013/4013/4013 4014/4014/4014 
f 4013/4013/4013 4015/4015/4015 4014/4014/4014 
f 4014/4014/4014 4015/4015/4015 4016/4016/4016 
f 4015/4015/4015 4017/4017/4017 4016/4016/4016 
f 4016/4016/4016 4017/4017/4017 4018/4018/4018 
f 4017/4017/4017 4019/4019/4019 4018/4018/4018 
f 4018/4018/4018 4019/4019/4019 4020/4020/4020 
f 4019/4019/4019 4021/4021/4021 4020/4020/4020 
f 4020/4020/4020 4021/4021/4021 4022/4022/4022 
f 4021/4021/4021 4023/4023/4023 4022/4022/4022 
f 4022/4022/4022 4023/4023/4023 4024/4024/4024 
f 4023/4023/4023 4025/4025/4025 4024/4024/4024 
f 4024/4024/4024 4025/4025/4025 4026/4026/4026 
f 4025/4025/4025 4027/4027/4027 4026/4026/4026 
f 4026/4026/4026 4027/4027/4027 4028/4028/4028 
f 4027/4027/4027 4029/4029/4029 4028/4028/4028 
f 4028/4028/4028 4029/4029/4029 4030/4030/4030 
f 4029/4029/4029 4031/4031/4031 4030/4030/4030 
f 4030/4030/4030 4031/4031/4031 4032/4032/4032 
f 4031/4031/4031 4033/4033/4033 4032/4032/4032 
f 4032/4032/4032 4033/4033/4033 4034/4034/4034 
f 4033/4033/4033 4035/4035/4035 4034/4034/4034 
f 4034/4034/4034 4035/4035/4035 4036/4036/4036 
f 4035/4035/4035 4037/4037/4037 4036/4036/4036 
f 4036/4036/4036 4037/4037/4037 4038/4038/4038 
f 4037/4037/4037 4039/4039/4039 4038/4038/4038 
f 4038/4038/4038 4039/4039/4039 4040/4040/4040 
f 4039/4039/4039 4041/4041/4041 4040/4040/4040 
f 4040/4040/4040 4041/4041/4041 4042/4042/4042 
f 4041/4041/4041 4043/4043/4043 4042/4042/4042 
f 4042/4042/4042 4043/4043/4043 4044/4044/4044 
f 4043/4043/4043 4045/4045/4045 4044/4044/4044 
f 4044/4044/4044 4045/4045/4045 4046/4046/4046 
f 4045/4045/4045 4047/4047/4047 4046/4046/4046 
f 4046/4046/4046 4047/4047/4047 4048/4048/4048 
f 4047/4047/4047 4049/4049/4049 4048/4048/4048 
f 4048/4048/4048 4049/4049/4049 4050/4050/4050 
f 4049/4049/4049 4051/4051/4051 4050/4050/4050 
f 4050/4050/4050 4051/4051/4051 4052/4052/4052 
f 4051/4051/4051 4053/4053/4053 4052/4052/4052 
f 4052/4052/4052 4053/4053/4053 4054/4054/4054 
f 4053/4053/4053 4055/4055/4055 4054/4054/4054 
f 4054/4054/4054 4055/4055/4055 4056/4056/4056 
f 4055/4055/4055 4057/4057/4057 4056/4056/4056 
f 4056/4056/4056 4057/4057/4057 4058/4058/4058 
f 4057/4057/4057 4059/4059/4059 4058/4058/4058 
f 4058/4058/4058 4059/4059/4059 4060/4060/4060 
f 4059/4059/4059 4061/4061/4061 4060/4060/4060 
f 4060/4060/4060 4061/4061/4061 4062/4062/4062 
f 4061/4061/4061 4063/4063/4063 4062/4062/4062 
f 4062/4062/4062 4063/4063/4063 4064/4064/4064 
f 4063/4063/4063 4065/4065/4065 4064/4064/4064 
f 4064/4064/4064 4065/4065/4065 4066/4066/4066 
f 4065/4065/4065 4067/4067/4067 4066/4066/4066 
f 4066/4066/4066 4067/4067/4067 4068/4068/4068 
f 4067/4067/4067 4069/4069/4069 4068/4068/4068 
f 4068/4068/4068 4069/4069/4069 4070/4070/4070 
f 4069/4069/4069 4071/4071/4071 4070/4070/4070 
f 4070/4070/4070 4071/4071/4071 4008/4008/4008 
f 4071/4071/4071 4009/4009/4009 4008/4008/4008 
f 4008/4008/4008 4009/4009/4009 4009/4009/4009 
f 4009/4009/4009 4072/4072/4072 4009/4009/4009 
f 4009/4009/4009 4072/4072/4072 4072/4072/4072 
f 4072/4072/4072 4073/4073/4073 4072/4072/4072 
f 4072/4072/4072 4073/4073/4073 4074/4074/4074 
f 4073/4073/4073 4075/4075/4075 4074/4074/4074 
f 4074/4074/4074 4075/4075/4075 4076/4076/4076 
f 4075/4075/4075 4077/4077/4077 4076/4076/4076 
f 4076/4076/4076 4077/4077/4077 4078/4078/4078 
f 4077/4077/4077 4079/4079/4079 4078/4078/4078 
f 4078/4078/4078 4079/4079/4079 4080/4080/4080 
f 4079/4079/4079 4081/4081/4081 4080/4080/4080 
f 4080/4080/4080 4081/4081/4081 4082/4082/4082 
f 4081/4081/4081 4083/4083/4083 4082/4082/4082 
f 4082/4082/4082 4083/4083/4083 4084/4084/4084 
f 4083/4083/4083 4085/4085/4085 4084/4084/4084 
f 4084/4084/4084 4085/4085/4085 4086/4086/4086 
f 4085/4085/4085 4087/4087/4087 4086/4086/4086 
f 4086/4086/4086 4087/4087/4087 4088/4088/4088 
f 4087/4087/4087 4089/4089/4089 4088/4088/4088 
f 4088/4088/4088 4089/4089/4089 4090/4090/4090 
f 4089/4089/4089 4091/4091/4091 4090/4090/4090 
f 4090/4090/4090 4091/4091/4091 4092/4092/4092 
f 4091/4091/4091 4093/4093/4093 4092/4092/4092 
f 4092/4092/4092 4093/4093/4093 4094/4094/4094 
f 4093/4093/4093 4095/4095/4095 4094/4094/4094 
f 4094/4094/4094 4095/4095/4095 4096/4096/4096 
f 4095/4095/4095 4097/4097/4097 4096/4096/4096 
f 4096/4096/4096 4097/4097/4097 4098/4098/4098 
f 4097/4097/4097 4099/4099/4099 4098/4098/4098 
f 4098/4098/4098 4099/4099/4099 4100/4100/4100 
f 4099/4099/4099 4101/4101/4101 4100/4100/4100 
f 4100/4100/4100 4101/4101/4101 4102/4102/4102 
f 4101/4101/4101 4103/4103/4103 4102/4102/4102 
f 4102/4102/4102 4103/4103/4103 4104/4104/4104 
f 4103/4103/4103 4105/4105/4105 4104/4104/4104 
f 4104/4104/4104 4105/4105/4105 4106/4106/4106 
f 4105/4105/4105 4107/4107/4107 4106/4106/4106 
f 4106/4106/4106 4107/4107/4107 4108/4108/4108 
f 4107/4107/4107 4109/4109/4109 4108/4108/4108 
f 4108/4108/4108 4109/4109/4109 4110/4110/4110 
f 4109/4109/4109 4111/4111/4111 4110/4110/4110 
f 4110/4110/4110 4111/4111/4111 4112/4112/4112 
f 4111/4111/4111 4113/4113/4113 4112/4112/4112 
f 4112/4112/4112 4113/4113/4113 4114/4114/4114 
f 4113/4113/4113 4115/4115/4115 4114/4114/4114 
f 4114/4114/4114 4115/4115/4115 4116/4116/4116 
f 4115/4115/4115 4117/4117/4117 4116/4116/4116 
f 4116/4116/4116 4117/4117/4117 4118/4118/4118 
f 4117/4117/4117 4119/4119/4119 4118/4118/4118 
f 4118/4118/4118 4119/4119/4119 4120/4120/4120 
f 4119/4119/4119 4121/4121/4121 4120/4120/4120 
f 4120/4120/4120 4121/4121/4121 4122/4122/4122 
f 4121/4121/4121 4123/4123/4123 4122/4122/4122 
f 4122/4122/4122 4123/4123/4123 4124/4124/4124 
f 4123/4123/4123 4125/4125/4125 4124/4124/4124 
f 4124/4124/4124 4125/4125/4125 4126/4126/4126 
f 4125/4125/4125 4127/4127/4127 4126/4126/4126 
f 4126/4126/4126 4127/4127/4127 4128/4128/4128 
f 4127/4127/4127 4129/4129/4129 4128/4128/4128 
f 4128/4128/4128 4129/4129/4129 4130/4130/4130 
f 4129/4129/4129 4131/4131/4131 4130/4130/4130 
f 4130/4130/4130 4131/4131/4131 4132/4132/4132 
f 4131/4131/4131 4133/4133/4133 4132/4132/4132 
f 4132/4132/4132 4133/4133/4133 4134/4134/4134 
f 4133/4133/4133 4135/4135/4135 4134/4134/4134 
f 4134/4134/4134 4135/4135/4135 4072/4072/4072 
f 4135/4135/4135 4073/4073/4073 4072/4072/4072 
f 4072/4072/4072 4073/4073/4073 4073/4073/4073 
f 4073/4073/4073 4136/4136/4136 4073/4073/4073 
f 4073/4073/4073 4136/4136/4136 4136/4136/4136 
f 4136/4136/4136 4137/4137/4137 4136/4136/4136 
f 4136/4136/4136 4137/4137/4137 4138/4138/4138 
f 4137/4137/4137 4139/4139/4139 4138/4138/4138 
f 4138/4138/4138 4139/4139/4139 4140/4140/4140 
f 4139/4139/4139 4141/4141/4141 4140/4140/4140 
f 4140/4140/4140 4141/4141/4141 4142/4142/4142 
f 4141/4141/4141 4143/4143/4143 4142/4142/4142 
f 4142/4142/4142 4143/4143/4143 4144/4144/4144 
f 4143/4143/4143 4145/4145/4145 4144/4144/4144 
f 4144/4144/4144 4145/4145/4145 4146/4146/4146 
f 4145/4145/4145 4147/4147/4147 4146/4146/4146 
f 4146/4146/4146 4147/4147/4147 4148/4148/4148 
f 4147/4147/4147 4149/4149/4149 4148/4148/4148 
f 4148/4148/4148 4149/4149/4149 4150/4150/4150 
f 4149/4149/4149 4151/4151/4151 4150/4150/4150 
f 4150/4150/4150 4151/4151/4151 4152/4152/4152 
f 4151/4151/4151 4153/4153/4153 4152/4152/4152 
f 4152/4152/4152 4153/4153/4153 4154/4154/4154 
f 4153/4153/4153 4155/4155/4155 4154/4154/4154 
f 4154/4154/4154 4155/4155/4155 4156/4156/4156 
f 4155/4155/4155 4157/4157/4157 4156/4156/4156 
f 4156/4156/4156 4157/4157/4157 4158/4158/4158 
f 4157/4157/4157 4159/4159/4159 4158/4158/4158 
f 4158/4158/4158 4159/4159/4159 4160/4160/4160 
f 4159/4159/4159 4161/4161/4161 4160/4160/4160 
f 4160/4160/4160 4161/4161/4161 4162/4162/4162 
f 4161/4161/4161 4163/4163/4163 4162/4162/4162 
f 4162/4162/4162 4163/4163/4163 4164/4164/4164 
f 4163/4163/4163 4165/4165/4165 4164/4164/4164 
f 4164/4164/4164 4165/4165/4165 4166/4166/4166 
f 4165/4165/4165 4167/4167/4167 4166/4166/4166 
f 4166/4166/4166 4167/4167/4167 4136/4136/4136 
f 4167/4167/4167 4137/4137/4137 4136/4136/4136 
f 4136/4136/4136 4137/4137/4137 4137/4137/4137 
f 4137/4137/4137 4168/4168/4168 4137/4137/4137 
f 4137/4137/4137 4168/4168/4168 4168/4168/4168 
f 4168/4168/4168 4169/4169/4169 4168/4168/4168 
f 4168/4168/4168 4169/4169/4169 4170/4170/4170 
f 4169/4169/4169 4171/4171/4171 4170/4170/4170 
f 4170/4170/4170 4171/4171/4171 4172/4172/4172 
f 4171/4171/4171 4173/4173/4173 4172/4172/4172 
f 4172/4172/4172 4173/4173/4173 4174/4174/4174 
f 4173/4173/4173 4175/4175/4175 4174/4174/4174 
f 4174/4174/4174 4175/4175/4175 4176/4176/4176 
f 4175/4175/4175 4177/4177/4177 4176/4176/4176 
f 4176/4176/4176 4177/4177/4177 4178/4178/4178 
f 4177/4177/4177 4179/4179/4179 4178/4178/4178 
f 4178/4178/4178 4179/4179/4179 4180/4180/4180 
f 4179/4179/4179 4181/4181/4181 4180/4180/4180 
f 4180/4180/4180 4181/4181/4181 4182/4182/4182 
f 4181/4181/4181 4183/4183/4183 4182/4182/4182 
f 4182/4182/4182 4183/4183/4183 4184/4184/4184 
f 4183/4183/4183 4185/4185/4185 4184/4184/4184 
f 4184/4184/4184 4185/4185/4185 4186/4186/4186 
f 4185/4185/4185 4187/4187/4187 4186/4186/4186 
f 4186/4186/4186 4187/4187/4187 4188/4188/4188 
f 4187/4187/4187 4189/4189/4189 4188/4188/4188 
f 4188/4188/4188 4189/4189/4189 4190/4190/4190 
f 4189/4189/4189 4191/4191/4191 4190/4190/4190 
f 4190/4190/4190 4191/4191/4191 4192/4192/4192 
f 4191/4191/4191 4193/4193/4193 4192/4192/4192 
f 4192/4192/4192 4193/4193/4193 4194/4194/4194 
f 4193/4193/4193 4195/4195/4195 4194/4194/4194 
f 4194/4194/4194 4195/4195/4195 4196/4196/4196 
f 4195/4195/4195 4197/4197/4197 4196/4196/4196 
f 4196/4196/4196 4197/4197/4197 4198/4198/4198 
f 4197/4197/4197 4199/4199/4199 4198/4198/4198 
f 4198/4198/4198 4199/4199/4199 4168/4168/4168 
f 4199/4199/4199 4169/4169/4169 4168/4168/4168 
f 4168/4168/4168 4169/4169/4169 4169/4169/4169 
f 4169/4169/4169 4200/4200/4200 4169/4169/4169 
f 4169/4169/4169 4200/4200/4200 4200/4200/4200 
f 4200/4200/4200 4201/4201/4201 4200/4200/4200 
f 4200/4200/4200 4201/4201/4201 4202/4202/4202 
f 4201/4201/4201 4203/4203/4203 4202/4202/4202 
f 4202/4202/4202 4203/4203/4203 4204/4204/4204 
f 4203/4203/4203 4205/4205/4205 4204/4204/4204 
f 4204/4204/4204 4205/4205/4205 4206/4206/4206 
f 4205/4205/4205 4207/4207/4207 4206/4206/4206 
f 4206/4206/4206 4207/4207/4207 4208/4208/4208 
f 4207/4207/4207 4209/4209/4209 4208/4208/4208 
f 4208/4208/4208 4209/4209/4209 4210/4210/4210 
f 4209/4209/4209 4211/4211/4211 4210/4210/4210 
f 4210/4210/4210 4211/4211/4211 4212/4212/4212 
f 4211/4211/4211 4213/4213/4213 4212/4212/4212 
f 4212/4212/4212 4213/4213/4213 4214/4214/4214 
f 4213/4213/4213 4215/4215/4215 4214/4214/4214 
f 4214/4214/4214 4215/4215/4215 4216/4216/4216 
f 4215/4215/4215 4217/4217/4217 4216/4216/4216 
f 4216/4216/4216 4217/4217/4217 4218/4218/4218 
f 4217/4217/4217 4219/4219/4219 4218/4218/4218 
f 4218/4218/4218 4219/4219/4219 4220/4220/4220 
f 4219/4219/4219 4221/4221/4221 4220/4220/4220 
f 4220/4220/4220 4221/4221/4221 4222/4222/4222 
f 4221/4221/4221 4223/4223/4223 4222/4222/4222 
f 4222/4222/4222 4223/4223/4223 4224/4224/4224 
f 4223/4223/4223 4225/4225/4225 4224/4224/4224 
f 4224/4224/4224 4225/4225/4225 4226/4226/4226 
f 4225/4225/4225 4227/4227/4227 4226/4226/4226 
f 4226/4226/4226 4227/4227/4227 4228/4228/4228 
f 4227/4227/4227 4229/4229/4229 4228/4228/4228 
f 4228/4228/4228 4229/4229/4229 4230/4230/4230 
f 4229/4229/4229 4231/4231/4231 4230/4230/4230 
f 4230/4230/4230 4231/4231/4231 4232/4232/4232 
f 4231/4231/4231 4233/4233/4233 4232/4232/4232 
f 4232/4232/4232 4233/4233/4233 4234/4234/4234 
f 4233/4233/4233 4235/4235/4235 4234/4234/4234 
f 4234/4234/4234 4235/4235/4235 4236/4236/4236 
f 4235/4235/4235 4237/4237/4237 4236/4236/4236 
f 4236/4236/4236 4237/4237/4237 4238/4238/4238 
f 4237/4237/4237 4239/4239/4239 4238/4238/4238 
f 4238/4238/4238 4239/4239/4239 4240/4240/4240 
f 4239/4239/4239 4241/4241/4241 4240/4240/4240 
f 4240/4240/4240 4241/4241/4241 4242/4242/4242 
f 4241/4241/4241 4243/4243/4243 4242/4242/4242 
f 4242/4242/4242 4243/4243/4243 4244/4244/4244 
f 4243/4243/4243 4245/4245/4245 4244/4244/4244 
f 4244/4244/4244 4245/4245/4245 4246/4246/4246 
f 4245/4245/4245 4247/4247/4247 4246/4246/4246 
f 4246/4246/4246 4247/4247/4247 4248/4248/4248 
f 4247/4247/4247 4249/4249/4249 4248/4248/4248 
f 4248/4248/4248 4249/4249/4249 4250/4250/4250 
f 4249/4249/4249 4251/4251/4251 4250/4250/4250 
f 4250/4250/4250 4251/4251/4251 4252/4252/4252 
f 4251/4251/4251 4253/4253/4253 4252/4252/4252 
f 4252/4252/4252 4253/4253/4253 4254/4254/4254 
f 4253/4253/4253 4255/4255/4255 4254/4254/4254 
f 4254/4254/4254 4255/4255/4255 4256/4256/4256 
f 4255/4255/4255 4257/4257/4257 4256/4256/4256 
f 4256/4256/4256 4257/4257/4257 4258/4258/4258 
f 4257/4257/4257 4259/4259/4259 4258/4258/4258 
f 4258/4258/4258 4259/4259/4259 4260/4260/4260 
f 4259/4259/4259 4261/4261/4261 4260/4260/4260 
f 4260/4260/4260 4261/4261/4261 4262/4262/4262 
f 4261/4261/4261 4263/4263/4263 4262/4262/4262 
f 4262/4262/4262 4263/4263/4263 4200/4200/4200 
f 4263/4263/4263 4201/4201/4201 4200/4200/4200 
f 4200/4200/4200 4201/4201/4201 4201/4201/4201 
f 4201/4201/4201 4264/4264/4264 4201/4201/4201 
f 4201/4201/4201 4264/4264/4264 4264/4264/4264 
f 4264/4264/4264 4265/4265/4265 4264/4264/4264 
f 4264/4264/4264 4265/4265/4265 4266/4266/4266 
f 4265/4265/4265 4267/4267/4267 4266/4266/4266 
f 4266/4266/4266 4267/4267/4267 4268/4268/4268 
f 4267/4267/4267 4269/4269/4269 4268/4268/4268 
f 4268/4268/4268 4269/4269/4269 4270/4270/4270 
f 4269/4269/4269 4271/4271/4271 4270/4270/4270 
f 4270/4270/4270 4271/4271/4271 4272/4272/4272 
f 4271/4271/4271 4273/4273/4273 4272/4272/4272 
f 4272/4272/4272 4273/4273/4273 4274/4274/4274 
f 4273/4273/4273 4275/4275/4275 4274/4274/4274 
f 4274/4274/4274 4275/4275/4275 4276/4276/4276 
f 4275/4275/4275 4277/4277/4277 4276/4276/4276 
f 4276/4276/4276 4277/4277/4277 4278/4278/4278 
f 4277/4277/4277 4279/4279/4279 4278/4278/4278 
f 4278/4278/4278 4279/4279/4279 4280/4280/4280 
f 4279/4279/4279 4281/4281/4281 4280/4280/4280 
f 4280/4280/4280 4281/4281/4281 4282/4282/4282 
f 4281/4281/4281 4283/4283/4283 4282/4282/4282 
f 4282/4282/4282 4283/4283/4283 4284/4284/4284 
f 4283/4283/4283 4285/4285/4285 4284/4284/4284 
f 4284/4284/4284 4285/4285/4285 4286/4286/4286 
f 4285/4285/4285 4287/4287/4287 4286/4286/4286 
f 4286/4286/4286 4287/4287/4287 4288/4288/4288 
f 4287/4287/4287 4289/4289/4289 4288/4288/4288 
f 4288/4288/4288 4289/4289/4289 4290/4290/4290 
f 4289/4289/4289 4291/4291/4291 4290/4290/4290 
f 4290/4290/4290 4291/4291/4291 4292/4292/4292 
f 4291/4291/4291 4293/4293/4293 4292/4292/4292 
f 4292/4292/4292 4293/4293/4293 4294/4294/4294 
f 4293/4293/4293 4295/4295/4295 4294/4294/4294 
f 4294/4294/4294 4295/4295/4295 4296/4296/4296 
f 4295/4295/4295 4297/4297/4297 4296/4296/4296 
f 4296/4296/4296 4297/4297/4297 4298/4298/4298 
f 4297/4297/4297 4299/4299/4299 4298/4298/4298 
f 4298/4298/4298 4299/4299/4299 4300/4300/4300 
f 4299/4299/4299 4301/4301/4301 4300/4300/4300 
f 4300/4300/4300 4301/4301/4301 4302/4302/4302 
f 4301/4301/4301 4303/4303/4303 4302/4302/4302 
f 4302/4302/4302 4303/4303/4303 4304/4304/4304 
f 4303/4303/4303 4305/4305/4305 4304/4304/4304 
f 4304/4304/4304 4305/4305/4305 4306/4306/4306 
f 4305/4305/4305 4307/4307/4307 4306/4306/4306 
f 4306/4306/4306 4307/4307/4307 4308/4308/4308 
f 4307/4307/4307 4309/4309/4309 4308/4308/4308 
f 4308/4308/4308 4309/4309/4309 4310/4310/4310 
f 4309/4309/4309 4311/4311/4311 4310/4310/4310 
f 4310/4310/4310 4311/4311/4311 4312/4312/4312 
f 4311/4311/4311 4313/4313/4313 4312/4312/4312 
f 4312/4312/4312 4313/4313/4313 4314/4314/4314 
f 4313/4313/4313 4315/4315/4315 4314/4314/4314 
f 4314/4314/4314 4315/4315/4315 4316/4316/4316 
f 4315/4315/4315 4317/4317/4317 4316/4316/4316 
f 4316/4316/4316 4317/4317/4317 4318/4318/4318 
f 4317/4317/4317 4319/4319/4319 4318/4318/4318 
f 4318/4318/4318 4319/4319/4319 4320/4320/4320 
f 4319/4319/4319 4321/4321/4321 4320/4320/4320 
f 4320/4320/4320 4321/4321/4321 4322/4322/4322 
f 4321/4321/4321 4323/4323/4323 4322/4322/4322 
f 4322/4322/4322 4323/4323/4323 4324/4324/4324 
f 4323/4323/4323 4325/4325/4325 4324/4324/4324 
f 4324/4324/4324 4325/4325/4325 4326/4326/4326 
f 4325/4325/4325 4327/4327/4327 4326/4326/4326 
f 4326/4326/4326 4327/4327/4327 4264/4264/4264 
f 4327/4327/4327 4265/4265/4265 4264/4264/4264 
f 4264/4264/4264 4265/4265/4265 4265/4265/4265 
f 4265/4265/4265 4328/4328/4328 4265/4265/4265 
f 4265/4265/4265 4328/4328/4328 4328/4328/4328 
f 4328/4328/4328 4329/4329/4329 4328/4328/4328 
f 4328/4328/4328 4329/4329/4329 4330/4330/4330 
f 4329/4329/4329 4331/4331/4331 4330/4330/4330 
f 4330/4330/4330 4331/4331/4331 4332/4332/4332 
f 4331/4331/4331 4333/4333/4333 4332/4332/4332 
f 4332/4332/4332 4333/4333/4333 4334/4334/4334 
f 4333/4333/4333 4335/4335/4335 4334/4334/4334 
f 4334/4334/4334 4335/4335/4335 4336/4336/4336 
f 4335/4335/4335 4337/4337/4337 4336/4336/4336 
f 4336/4336/4336 4337/4337/4337 4338/4338/4338 
f 4337/4337/4337 4339/4339/4339 4338/4338/4338 
f 4338/4338/4338 4339/4339/4339 4340/4340/4340 
f 4339/4339/4339 4341/4341/4341 4340/4340/4340 
f 4340/4340/4340 4341/4341/4341 4342/4342/4342 
f 4341/4341/4341 4343/4343/4343 4342/4342/4342 
f 4342/4342/4342 4343/4343/4343 4344/4344/4344 
f 4343/4343/4343 4345/4345/4345 4344/4344/4344 
f 4344/4344/4344 4345/4345/4345 4346/4346/4346 
f 4345/4345/4345 4347/4347/4347 4346/4346/4346 
f 4346/4346/4346 4347/4347/4347 4348/4348/4348 
f 4347/4347/4347 4349/4349/4349 4348/4348/4348 
f 4348/4348/4348 4349/4349/4349 4350/4350/4350 
f 4349/4349/4349 4351/4351/4351 4350/4350/4350 
f 4350/4350/4350 4351/4351/4351 4352/4352/4352 
f 4351/4351/4351 4353/4353/4353 4352/4352/4352 
f 4352/4352/4352 4353/4353/4353 4354/4354/4354 
f 4353/4353/4353 4355/4355/4355 4354/4354/4354 
f 4354/4354/4354 4355/4355/4355 4356/4356/4356 
f 4355/4355/4355 4357/4357/4357 4356/4356/4356 
f 4356/4356/4356 4357/4357/4357 4358/4358/4358 
f 4357/4357/4357 4359/4359/4359 4358/4358/4358 
f 4358/4358/4358 4359/4359/4359 4360/4360/4360 
f 4359/4359/4359 4361/4361/4361 4360/4360/4360 
f 4360/4360/4360 4361/4361/4361 4362/4362/4362 
f 4361/4361/4361 4363/4363/4363 4362/4362/4362 
f 4362/4362/4362 4363/4363/4363 4364/4364/4364 
f 4363/4363/4363 4365/4365/4365 4364/4364/4364 
f 4364/4364/4364 4365/4365/4365 4366/4366/4366 
f 4365/4365/4365 4367/4367/4367 4366/4366/4366 
f 4366/4366/4366 4367/4367/4367 4368/4368/4368 
f 4367/4367/4367 4369/4369/4369 4368/4368/4368 
f 4368/4368/4368 4369/4369/4369 4370/4370/4370 
f 4369/4369/4369 4371/4371/4371 4370/4370/4370 
f 4370/4370/4370 4371/4371/4371 4372/4372/4372 
f 4371/4371/4371 4373/4373/4373 4372/4372/4372 
f 4372/4372/4372 4373/4373/4373 4374/4374/4374 
f 4373/4373/4373 4375/4375/4375 4374/4374/4374 
f 4374/4374/4374 4375/4375/4375 4376/4376/4376 
f 4375/4375/4375 4377/4377/4377 4376/4376/4376 
f 4376/4376/4376 4377/4377/4377 4378/4378/4378 
f 4377/4377/4377 4379/4379/4379 4378/4378/4378 
f 4378/4378/4378 4379/4379/4379 4380/4380/4380 
f 4379/4379/4379 4381/4381/4381 4380/4380/4380 
f 4380/4380/4380 4381/4381/4381 4382/4382/4382 
f 4381/4381/4381 4383/4383/4383 4382/4382/4382 
f 4382/4382/4382 4383/4383/4383 4384/4384/4384 
f 4383/4383/4383 4385/4385/4385 4384/4384/4384 
f 4384/4384/4384 4385/4385/4385 4386/4386/4386 
f 4385/4385/4385 4387/4387/4387 4386/4386/4386 
f 4386/4386/4386 4387/4387/4387 4388/4388/4388 
f 4387/4387/4387 4389/4389/4389 4388/4388/4388 
f 4388/4388/4388 4389/4389/4389 4390/4390/4390 
f 4389/4389/4389 4391/4391/4391 4390/4390/4390 
f 4390/4390/4390 4391/4391/4391 4328/4328/4328 
f 4391/4391/4391 4329/4329/4329 4328/4328/4328 
f 4328/4328/4328 4329/4329/4329 4329/4329/4329 
f 4329/4329/4329 4392/4392/4392 4329/4329/4329 
f 4329/4329/4329 4392/4392/4392 4392/4392/4392 
f 4392/4392/4392 4393/4393/4393 4392/4392/4392 
f 4392/4392/4392 4393/4393/4393 4394/4394/4394 
f 4393/4393/4393 4395/4395/4395 4394/4394/4394 
f 4394/4394/4394 4395/4395/4395 4396/4396/4396 
f 4395/4395/4395 4397/4397/4397 4396/4396/4396 
f 4396/4396/4396 4397/4397/4397 4398/4398/4398 
f 4397/4397/4397 4399/4399/4399 4398/4398/4398 
f 4398/4398/4398 4399/4399/4399 4400/4400/4400 
f 4399/4399/4399 4401/4401/4401 4400/4400/4400 
f 4400/4400/4400 4401/4401/4401 4402/4402/4402 
f 4401/4401/4401 4403/4403/4403 4402/4402/4402 
f 4402/4402/4402 4403/4403/4403 4404/4404/4404 
f 4403/4403/4403 4405/4405/4405 4404/4404/4404 
f 4404/4404/4404 4405/4405/4405 4406/4406/4406 
f 4405/4405/4405 4407/4407/4407 4406/4406/4406 
f 4406/4406/4406 4407/4407/4407 4408/4408/4408 
f 4407/4407/4407 4409/4409/4409 4408/4408/4408 
f 4408/4408/4408 4409/4409/4409 4410/4410/4410 
f 4409/4409/4409 4411/4411/4411 4410/4410/4410 
f 4410/4410/4410 4411/4411/4411 4412/4412/4412 
f 4411/4411/4411 4413/4413/4413 4412/4412/4412 
f 4412/4412/4412 4413/4413/4413 4414/4414/4414 
f 4413/4413/4413 4415/4415/4415 4414/4414/4414 
f 4414/4414/4414 4415/4415/4415 4416/4416/4416 
f 4415/4415/4415 4417/4417/4417 4416/4416/4416 
f 4416/4416/4416 4417/4417/4417 4418/4418/4418 
f 4417/4417/4417 4419/4419/4419 4418/4418/4418 
f 4418/4418/4418 4419/4419/4419 4420/4420/4420 
f 4419/4419/4419 4421/4421/4421 4420/4420/4420 
f 4420/4420/4420 4421/4421/4421 4422/4422/4422 
f 4421/4421/4421 4423/4423/4423 4422/4422/4422 
f 4422/4422/4422 4423/4423/4423 4424/4424/4424 
f 4423/4423/4423 4425/4425/4425 4424/4424/4424 
f 4424/4424/4424 4425/4425/4425 4426/4426/4426 
f 4425/4425/4425 4427/4427/4427 4426/4426/4426 
f 4426/4426/4426 4427/4427/4427 4428/4428/4428 
f 4427/4427/4427 4429/4429/4429 4428/4428/4428 
f 4428/4428/4428 4429/4429/4429 4430/4430/4430 
f 4429/4429/4429 4431/4431/4431 4430/4430/4430 
f 4430/4430/4430 4431/4431/4431 4432/4432/4432 
f 4431/4431/4431 4433/4433/4433 4432/4432/4432 
f 4432/4432/4432 4433/4433/4433 4434/4434/4434 
f 4433/4433/4433 4435/4435/4435 4434/4434/4434 
f 4434/4434/4434 4435/4435/4435 4436/4436/4436 
f 4435/4435/4435 4437/4437/4437 4436/4436/4436 
f 4436/4436/4436 4437/4437/4437 4438/4438/4438 
f 4437/4437/4437 4439/4439/4439 4438/4438/4438 
f 4438/4438/4438 4439/4439/4439 4440/4440/4440 
f 4439/4439/4439 4441/4441/4441 4440/4440/4440 
f 4440/4440/4440 4441/4441/4441 4442/4442/4442 
f 4441/4441/4441 4443/4443/4443 4442/4442/4442 
f 4442/4442/4442 4443/4443/4443 4444/4444/4444 
f 4443/4443/4443 4445/4445/4445 4444/4444/4444 
f 4444/4444/4444 4445/4445/4445 4446/4446/4446 
f 4445/4445/4445 4447/4447/4447 4446/4446/4446 
f 4446/4446/4446 4447/4447/4447 4448/4448/4448 
f 4447/4447/4447 4449/4449/4449 4448/4448/4448 
f 4448/4448/4448 4449/4449/4449 4450/4450/4450 
f 4449/4449/4449 4451/4451/4451 4450/4450/4450 
f 4450/4450/4450 4451/4451/4451 4452/4452/4452 
f 4451/4451/4451 4453/4453/4453 4452/4452/4452 
f 4452/4452/4452 4453/4453/4453 4454/4454/4454 
f 4453/4453/4453 4455/4455/4455 4454/4454/4454 
f 4454/4454/4454 4455/4455/4455 4392/4392/4392 
f 4455/4455/4455 4393/4393/4393 4392/4392/4392 
f 4392/4392/4392 4393/4393/4393 4393/4393/4393 
f 4393/4393/4393 4455/4455/4455 4393/4393/4393 
f 4393/4393/4393 4455/4455/4455 4455/4455/4455 
f 4455/4455/4455 4456/4456/4456 4455/4455/4455 
f 4455/4455/4455 4456/4456/4456 4393/4393/4393 
f 4456/4456/4456 4457/4457/4457 4393/4393/4393 
f 4393/4393/4393 4457/4457/4457 4395/4395/4395 
f 4457/4457/4457 4458/4458/4458 4395/4395/4395 
f 4395/4395/4395 4458/4458/4458 4397/4397/4397 
f 4458/4458/4458 4459/4459/4459 4397/4397/4397 
f 4397/4397/4397 4459/4459/4459 4399/4399/4399 
f 4459/4459/4459 4460/4460/4460 4399/4399/4399 
f 4399/4399/4399 4460/4460/4460 4401/4401/4401 
f 4460/4460/4460 4461/4461/4461 4401/4401/4401 
f 4401/4401/4401 4461/4461/4461 4403/4403/4403 
f 4461/4461/4461 4462/4462/4462 4403/4403/4403 
f 4403/4403/4403 4462/4462/4462 4405/4405/4405 
f 4462/4462/4462 4463/4463/4463 4405/4405/4405 
f 4405/4405/4405 4463/4463/4463 4407/4407/4407 
f 4463/4463/4463 4464/4464/4464 4407/4407/4407 
f 4407/4407/4407 4464/4464/4464 4409/4409/4409 
f 4464/4464/4464 4465/4465/4465 4409/4409/4409 
f 4409/4409/4409 4465/4465/4465 4411/4411/4411 
f 4465/4465/4465 4466/4466/4466 4411/4411/4411 
f 4411/4411/4411 4466/4466/4466 4413/4413/4413 
f 4466/4466/4466 4467/4467/4467 4413/4413/4413 
f 4413/4413/4413 4467/4467/4467 4415/4415/4415 
f 4467/4467/4467 4468/4468/4468 4415/4415/4415 
f 4415/4415/4415 4468/4468/4468 4417/4417/4417 
f 4468/4468/4468 4469/4469/4469 4417/4417/4417 
f 4417/4417/4417 4469/4469/4469 4419/4419/4419 
f 4469/4469/4469 4470/4470/4470 4419/4419/4419 
f 4419/4419/4419 4470/4470/4470 4421/4421/4421 
f 4470/4470/4470 4471/4471/4471 4421/4421/4421 
f 4421/4421/4421 4471/4471/4471 4423/4423/4423 
f 4471/4471/4471 4472/4472/4472 4423/4423/4423 
f 4423/4423/4423 4472/4472/4472 4425/4425/4425 
f 4472/4472/4472 4473/4473/4473 4425/4425/4425 
f 4425/4425/4425 4473/4473/4473 4427/4427/4427 
f 4473/4473/4473 4474/4474/4474 4427/4427/4427 
f 4427/4427/4427 4474/4474/4474 4429/4429/4429 
f 4474/4474/4474 4475/4475/4475 4429/4429/4429 
f 4429/4429/4429 4475/4475/4475 4431/4431/4431 
f 4475/4475/4475 4476/4476/4476 4431/4431/4431 
f 4431/4431/4431 4476/4476/4476 4433/4433/4433 
f 4476/4476/4476 4477/4477/4477 4433/4433/4433 
f 4433/4433/4433 4477/4477/4477 4435/4435/4435 
f 4477/4477/4477 4478/4478/4478 4435/4435/4435 
f 4435/4435/4435 4478/4478/4478 4437/4437/4437 
f 4478/4478/4478 4479/4479/4479 4437/4437/4437 
f 4437/4437/4437 4479/4479/4479 4439/4439/4439 
f 4479/4479/4479 4480/4480/4480 4439/4439/4439 
f 4439/4439/4439 4480/4480/4480 4441/4441/4441 
f 4480/4480/4480 4481/4481/4481 4441/4441/4441 
f 4441/4441/4441 4481/4481/4481 4443/4443/4443 
f 4481/4481/4481 4482/4482/4482 4443/4443/4443 
f 4443/4443/4443 4482/4482/4482 4445/4445/4445 
f 4482/4482/4482 4483/4483/4483 4445/4445/4445 
f 4445/4445/4445 4483/4483/4483 4447/4447/4447 
f 4483/4483/4483 4484/4484/4484 4447/4447/4447 
f 4447/4447/4447 4484/4484/4484 4449/4449/4449 
f 4484/4484/4484 4485/4485/4485 4449/4449/4449 
f 4449/4449/4449 4485/4485/4485 4451/4451/4451 
f 4485/4485/4485 4486/4486/4486 4451/4451/4451 
f 4451/4451/4451 4486/4486/4486 4453/4453/4453 
f 4486/4486/4486 4487/4487/4487 4453/4453/4453 
f 4453/4453/4453 4487/4487/4487 4455/4455/4455 
f 4487/4487/4487 4456/4456/4456 4455/4455/4455 
f 4455/4455/4455 4456/4456/4456 4456/4456/4456 
f 4456/4456/4456 4487/4487/4487 4456/4456/4456 
f 4456/4456/4456 4487/4487/4487 4487/4487/4487 
f 4487/4487/4487 4488/4488/4488 4487/4487/4487 
f 4487/4487/4487 4488/4488/4488 4456/4456/4456 
f 4488/4488/4488 4489/4489/4489 4456/4456/4456 
f 4456/4456/4456 4489/4489/4489 4457/4457/4457 
f 4489/4489/4489 4490/4490/4490 4457/4457/4457 
f 4457/4457/4457 4490/4490/4490 4458/4458/4458 
f 4490/4490/4490 4491/4491/4491 4458/4458/4458 
f 4458/4458/4458 4491/4491/4491 4459/4459/4459 
f 4491/4491/4491 4492/4492/4492 4459/4459/4459 
f 4459/4459/4459 4492/4492/4492 4460/4460/4460 
f 4492/4492/4492 4493/4493/4493 4460/4460/4460 
f 4460/4460/4460 4493/4493/4493 4461/4461/4461 
f 4493/4493/4493 4494/4494/4494 4461/4461/4461 
f 4461/4461/4461 4494/4494/4494 4462/4462/4462 
f 4494/4494/4494 4495/4495/4495 4462/4462/4462 
f 4462/4462/4462 4495/4495/4495 4463/4463/4463 
f 4495/4495/4495 4496/4496/4496 4463/4463/4463 
f 4463/4463/4463 4496/4496/4496 4464/4464/4464 
f 4496/4496/4496 4497/4497/4497 4464/4464/4464 
f 4464/4464/4464 4497/4497/4497 4465/4465/4465 
f 4497/4497/4497 4498/4498/4498 4465/4465/4465 
f 4465/4465/4465 4498/4498/4498 4466/4466/4466 
f 4498/4498/4498 4499/4499/4499 4466/4466/4466 
f 4466/4466/4466 4499/4499/4499 4467/4467/4467 
f 4499/4499/4499 4500/4500/4500 4467/4467/4467 
f 4467/4467/4467 4500/4500/4500 4468/4468/4468 
f 4500/4500/4500 4501/4501/4501 4468/4468/4468 
f 4468/4468/4468 4501/4501/4501 4469/4469/4469 
f 4501/4501/4501 4502/4502/4502 4469/4469/4469 
f 4469/4469/4469 4502/4502/4502 4470/4470/4470 
f 4502/4502/4502 4503/4503/4503 4470/4470/4470 
f 4470/4470/4470 4503/4503/4503 4471/4471/4471 
f 4503/4503/4503 4504/4504/4504 4471/4471/4471 
f 4471/4471/4471 4504/4504/4504 4472/4472/4472 
f 4504/4504/4504 4505/4505/4505 4472/4472/4472 
f 4472/4472/4472 4505/4505/4505 4473/4473/4473 
f 4505/4505/4505 4506/4506/4506 4473/4473/4473 
f 4473/4473/4473 4506/4506/4506 4474/4474/4474 
f 4506/4506/4506 4507/4507/4507 4474/4474/4474 
f 4474/4474/4474 4507/4507/4507 4475/4475/4475 
f 4507/4507/4507 4508/4508/4508 4475/4475/4475 
f 4475/4475/4475 4508/4508/4508 4476/4476/4476 
f 4508/4508/4508 4509/4509/4509 4476/4476/4476 
f 4476/4476/4476 4509/4509/4509 4477/4477/4477 
f 4509/4509/4509 4510/4510/4510 4477/4477/4477 
f 4477/4477/4477 4510/4510/4510 4478/4478/4478 
f 4510/4510/4510 4511/4511/4511 4478/4478/4478 
f 4478/4478/4478 4511/4511/4511 4479/4479/4479 
f 4511/4511/4511 4512/4512/4512 4479/4479/4479 
f 4479/4479/4479 4512/4512/4512 4480/4480/4480 
f 4512/4512/4512 4513/4513/4513 4480/4480/4480 
f 4480/4480/4480 4513/4513/4513 4481/4481/4481 
f 4513/4513/4513 4514/4514/4514 4481/4481/4481 
f 4481/4481/4481 4514/4514/4514 4482/4482/4482 
f 4514/4514/4514 4515/4515/4515 4482/4482/4482 
f 4482/4482/4482 4515/4515/4515 4483/4483/4483 
f 4515/4515/4515 4516/4516/4516 4483/4483/4483 
f 4483/4483/4483 4516/4516/4516 4484/4484/4484 
f 4516/4516/4516 4517/4517/4517 4484/4484/4484 
f 4484/4484/4484 4517/4517/4517 4485/4485/4485 
f 4517/4517/4517 4518/4518/4518 4485/4485/4485 
f 4485/4485/4485 4518/4518/4518 4486/4486/4486 
f 4518/4518/4518 4519/4519/4519 4486/4486/4486 
f 4486/4486/4486 4519/4519/4519 4487/4487/4487 
f 4519/4519/4519 4488/4488/4488 4487/4487/4487 
f 4487/4487/4487 4488/4488/4488 4488/4488/4488 
f 4488/4488/4488 4516/4516/4516 4488/4488/4488 
f 4488/4488/4488 4516/4516/4516 4516/4516/4516 
f 4516/4516/4516 4520/4520/4520 4516/4516/4516 
f 4516/4516/4516 4520/4520/4520 4517/4517/4517 
f 4520/4520/4520 4521/4521/4521 4517/4517/4517 
f 4517/4517/4517 4521/4521/4521 4518/4518/4518 
f 4521/4521/4521 4522/4522/4522 4518/4518/4518 
f 4518/4518/4518 4522/4522/4522 4519/4519/4519 
f 4522/4522/4522 4523/4523/4523 4519/4519/4519 
f 4519/4519/4519 4523/4523/4523 4488/4488/4488 
f 4523/4523/4523 4524/4524/4524 4488/4488/4488 
f 4488/4488/4488 4524/4524/4524 4489/4489/4489 
f 4524/4524/4524 4525/4525/4525 4489/4489/4489 
f 4489/4489/4489 4525/4525/4525 4490/4490/4490 
f 4525/4525/4525 4526/4526/4526 4490/4490/4490 
f 4490/4490/4490 4526/4526/4526 4491/4491/4491 
f 4526/4526/4526 4527/4527/4527 4491/4491/4491 
f 4491/4491/4491 4527/4527/4527 4492/4492/4492 
f 4527/4527/4527 4528/4528/4528 4492/4492/4492 
f 4492/4492/4492 4528/4528/4528 4493/4493/4493 
f 4528/4528/4528 4529/4529/4529 4493/4493/4493 
f 4493/4493/4493 4529/4529/4529 4494/4494/4494 
f 4529/4529/4529 4494/4494/4494 4494/4494/4494 
f 4494/4494/4494 4494/4494/4494 4520/4520/4520 
f 4494/4494/4494 4520/4520/4520 4520/4520/4520 
f 4520/4520/4520 4520/4520/4520 4520/4520/4520 
f 4520/4520/4520 4530/4530/4530 4520/4520/4520 
f 4520/4520/4520 4530/4530/4530 4521/4521/4521 
f 4530/4530/4530 4531/4531/4531 4521/4521/4521 
f 4521/4521/4521 4531/4531/4531 4522/4522/4522 
f 4531/4531/4531 4532/4532/4532 4522/4522/4522 
f 4522/4522/4522 4532/4532/4532 4523/4523/4523 
f 4532/4532/4532 4533/4533/4533 4523/4523/4523 
f 4523/4523/4523 4533/4533/4533 4524/4524/4524 
f 4533/4533/4533 4534/4534/4534 4524/4524/4524 
f 4524/4524/4524 4534/4534/4534 4525/4525/4525 
f 4534/4534/4534 4535/4535/4535 4525/4525/4525 
f 4525/4525/4525 4535/4535/4535 4526/4526/4526 
f 4535/4535/4535 4536/4536/4536 4526/4526/4526 
f 4526/4526/4526 4536/4536/4536 4527/4527/4527 
f 4536/4536/4536 4537/4537/4537 4527/4527/4527 
f 4527/4527/4527 4537/4537/4537 4528/4528/4528 
f 4537/4537/4537 4538/4538/4538 4528/4528/4528 
f 4528/4528/4528 4538/4538/4538 4529/4529/4529 
f 4538/4538/4538 4539/4539/4539 4529/4529/4529 
f 4529/4529/4529 4539/4539/4539 4539/4539/4539 
f 4539/4539/4539 4530/4530/4530 4539/4539/4539 
f 4539/4539/4539 4530/4530/4530 4530/4530/4530 
f 4530/4530/4530 4540/4540/4540 4530/4530/4530 
f 4530/4530/4530 4540/4540/4540 4531/4531/4531 
f 4540/4540/4540 4541/4541/4541 4531/4531/4531 
f 4531/4531/4531 4541/4541/4541 4532/4532/4532 
f 4541/4541/4541 4542/4542/4542 4532/4532/4532 
f 4532/4532/4532 4542/4542/4542 4533/4533/4533 
f 4542/4542/4542 4543/4543/4543 4533/4533/4533 
f 4533/4533/4533 4543/4543/4543 4534/4534/4534 
f 4543/4543/4543 4544/4544/4544 4534/4534/4534 
f 4534/4534/4534 4544/4544/4544 4535/4535/4535 
f 4544/4544/4544 4545/4545/4545 4535/4535/4535 
f 4535/4535/4535 4545/4545/4545 4536/4536/4536 
f 4545/4545/4545 4546/4546/4546 4536/4536/4536 
f 4536/4536/4536 4546/4546/4546 4537/4537/4537 
f 4546/4546/4546 4547/4547/4547 4537/4537/4537 
f 4537/4537/4537 4547/4547/4547 4538/4538/4538 
f 4547/4547/4547 4548/4548/4548 4538/4538/4538 
f 4538/4538/4538 4548/4548/4548 4539/4539/4539 
f 4548/4548/4548 4549/4549/4549 4539/4539/4539 
f 4539/4539/4539 4549/4549/4549 4549/4549/4549 
f 4549/4549/4549 4548/4548/4548 4549/4549/4549 
f 4549/4549/4549 4548/4548/4548 4548/4548/4548 
f 4548/4548/4548 4550/4550/4550 4548/4548/4548 
f 4548/4548/4548 4550/4550/4550 4549/4549/4549 
f 4550/4550/4550 4551/4551/4551 4549/4549/4549 
f 4549/4549/4549 4551/4551/4551 4552/4552/4552 
f 4551/4551/4551 4553/4553/4553 4552/4552/4552 
f 4552/4552/4552 4553/4553/4553 4554/4554/4554 
f 4553/4553/4553 4555/4555/4555 4554/4554/4554 
f 4554/4554/4554 4555/4555/4555 4556/4556/4556 
f 4555/4555/4555 4557/4557/4557 4556/4556/4556 
f 4556/4556/4556 4557/4557/4557 4558/4558/4558 
f 4557/4557/4557 4559/4559/4559 4558/4558/4558 
f 4558/4558/4558 4559/4559/4559 4560/4560/4560 
f 4559/4559/4559 4561/4561/4561 4560/4560/4560 
f 4560/4560/4560 4561/4561/4561 4562/4562/4562 
f 4561/4561/4561 4563/4563/4563 4562/4562/4562 
f 4562/4562/4562 4563/4563/4563 4564/4564/4564 
f 4563/4563/4563 4565/4565/4565 4564/4564/4564 
f 4564/4564/4564 4565/4565/4565 4566/4566/4566 
f 4565/4565/4565 4567/4567/4567 4566/4566/4566 
f 4566/4566/4566 4567/4567/4567 4568/4568/4568 
f 4567/4567/4567 4569/4569/4569 4568/4568/4568 
f 4568/4568/4568 4569/4569/4569 4570/4570/4570 
f 4569/4569/4569 4571/4571/4571 4570/4570/4570 
f 4570/4570/4570 4571/4571/4571 4572/4572/4572 
f 4571/4571/4571 4573/4573/4573 4572/4572/4572 
f 4572/4572/4572 4573/4573/4573 4574/4574/4574 
f 4573/4573/4573 4575/4575/4575 4574/4574/4574 
f 4574/4574/4574 4575/4575/4575 4576/4576/4576 
f 4575/4575/4575 4577/4577/4577 4576/4576/4576 
f 4576/4576/4576 4577/4577/4577 4578/4578/4578 
f 4577/4577/4577 4579/4579/4579 4578/4578/4578 
f 4578/4578/4578 4579/4579/4579 4580/4580/4580 
f 4579/4579/4579 4581/4581/4581 4580/4580/4580 
f 4580/4580/4580 4581/4581/4581 4582/4582/4582 
f 4581/4581/4581 4583/4583/4583 4582/4582/4582 
f 4582/4582/4582 4583/4583/4583 4584/4584/4584 
f 4583/4583/4583 4585/4585/4585 4584/4584/4584 
f 4584/4584/4584 4585/4585/4585 4586/4586/4586 
f 4585/4585/4585 4587/4587/4587 4586/4586/4586 
f 4586/4586/4586 4587/4587/4587 4588/4588/4588 
f 4587/4587/4587 4589/4589/4589 4588/4588/4588 
f 4588/4588/4588 4589/4589/4589 4590/4590/4590 
f 4589/4589/4589 4591/4591/4591 4590/4590/4590 
f 4590/4590/4590 4591/4591/4591 4592/4592/4592 
f 4591/4591/4591 4593/4593/4593 4592/4592/4592 
f 4592/4592/4592 4593/4593/4593 4594/4594/4594 
f 4593/4593/4593 4595/4595/4595 4594/4594/4594 
f 4594/4594/4594 4595/4595/4595 4540/4540/4540 
f 4595/4595/4595 4596/4596/4596 4540/4540/4540 
f 4540/4540/4540 4596/4596/4596 4541/4541/4541 
f 4596/4596/4596 4597/4597/4597 4541/4541/4541 
f 4541/4541/4541 4597/4597/4597 4542/4542/4542 
f 4597/4597/4597 4598/4598/4598 4542/4542/4542 
f 4542/4542/4542 4598/4598/4598 4543/4543/4543 
f 4598/4598/4598 4599/4599/4599 4543/4543/4543 
f 4543/4543/4543 4599/4599/4599 4544/4544/4544 
f 4599/4599/4599 4600/4600/4600 4544/4544/4544 
f 4544/4544/4544 4600/4600/4600 4545/4545/4545 
f 4600/4600/4600 4601/4601/4601 4545/4545/4545 
f 4545/4545/4545 4601/4601/4601 4546/4546/4546 
f 4601/4601/4601 4602/4602/4602 4546/4546/4546 
f 4546/4546/4546 4602/4602/4602 4547/4547/4547 
f 4602/4602/4602 4603/4603/4603 4547/4547/4547 
f 4547/4547/4547 4603/4603/4603 4548/4548/4548 
f 4603/4603/4603 4550/4550/4550 4548/4548/4548 
f 4548/4548/4548 4550/4550/4550 4550/4550/4550 
f 4550/4550/4550 4603/4603/4603 4550/4550/4550 
f 4550/4550/4550 4603/4603/4603 4603/4603/4603 
f 4603/4603/4603 4604/4604/4604 4603/4603/4603 
f 4603/4603/4603 4604/4604/4604 4550/4550/4550 
f 4604/4604/4604 4605/4605/4605 4550/4550/4550 
f 4550/4550/4550 4605/4605/4605 4551/4551/4551 
f 4605/4605/4605 4606/4606/4606 4551/4551/4551 
f 4551/4551/4551 4606/4606/4606 4553/4553/4553 
f 4606/4606/4606 4607/4607/4607 4553/4553/4553 
f 4553/4553/4553 4607/4607/4607 4555/4555/4555 
f 4607/4607/4607 4608/4608/4608 4555/4555/4555 
f 4555/4555/4555 4608/4608/4608 4557/4557/4557 
f 4608/4608/4608 4609/4609/4609 4557/4557/4557 
f 4557/4557/4557 4609/4609/4609 4559/4559/4559 
f 4609/4609/4609 4610/4610/4610 4559/4559/4559 
f 4559/4559/4559 4610/4610/4610 4561/4561/4561 
f 4610/4610/4610 4611/4611/4611 4561/4561/4561 
f 4561/4561/4561 4611/4611/4611 4563/4563/4563 
f 4611/4611/4611 4612/4612/4612 4563/4563/4563 
f 4563/4563/4563 4612/4612/4612 4565/4565/4565 
f 4612/4612/4612 4613/4613/4613 4565/4565/4565 
f 4565/4565/4565 4613/4613/4613 4567/4567/4567 
f 4613/4613/4613 4614/4614/4614 4567/4567/4567 
f 4567/4567/4567 4614/4614/4614 4569/4569/4569 
f 4614/4614/4614 4615/4615/4615 4569/4569/4569 
f 4569/4569/4569 4615/4615/4615 4571/4571/4571 
f 4615/4615/4615 4616/4616/4616 4571/4571/4571 
f 4571/4571/4571 4616/4616/4616 4573/4573/4573 
f 4616/4616/4616 4617/4617/4617 4573/4573/4573 
f 4573/4573/4573 4617/4617/4617 4575/4575/4575 
f 4617/4617/4617 4618/4618/4618 4575/4575/4575 
f 4575/4575/4575 4618/4618/4618 4577/4577/4577 
f 4618/4618/4618 4619/4619/4619 4577/4577/4577 
f 4577/4577/4577 4619/4619/4619 4579/4579/4579 
f 4619/4619/4619 4620/4620/4620 4579/4579/4579 
f 4579/4579/4579 4620/4620/4620 4581/4581/4581 
f 4620/4620/4620 4621/4621/4621 4581/4581/4581 
f 4581/4581/4581 4621/4621/4621 4583/4583/4583 
f 4621/4621/4621 4622/4622/4622 4583/4583/4583 
f 4583/4583/4583 4622/4622/4622 4585/4585/4585 
f 4622/4622/4622 4623/4623/4623 4585/4585/4585 
f 4585/4585/4585 4623/4623/4623 4587/4587/4587 
f 4623/4623/4623 4624/4624/4624 4587/4587/4587 
f 4587/4587/4587 4624/4624/4624 4589/4589/4589 
f 4624/4624/4624 4625/4625/4625 4589/4589/4589 
f 4589/4589/4589 4625/4625/4625 4591/4591/4591 
f 4625/4625/4625 4626/4626/4626 4591/4591/4591 
f 4591/4591/4591 4626/4626/4626 4593/4593/4593 
f 4626/4626/4626 4627/4627/4627 4593/4593/4593 
f 4593/4593/4593 4627/4627/4627 4595/4595/4595 
f 4627/4627/4627 4628/4628/4628 4595/4595/4595 
f 4595/4595/4595 4628/4628/4628 4596/4596/4596 
f 4628/4628/4628 4629/4629/4629 4596/4596/4596 
f 4596/4596/4596 4629/4629/4629 4597/4597/4597 
f 4629/4629/4629 4630/4630/4630 4597/4597/4597 
f 4597/4597/4597 4630/4630/4630 4598/4598/4598 
f 4630/4630/4630 4631/4631/4631 4598/4598/4598 
f 4598/4598/4598 4631/4631/4631 4599/4599/4599 
f 4631/4631/4631 4632/4632/4632 4599/4599/4599 
f 4599/4599/4599 4632/4632/4632 4600/4600/4600 
f 4632/4632/4632 4633/4633/4633 4600/4600/4600 
f 4600/4600/4600 4633/4633/4633 4601/4601/4601 
f 4633/4633/4633 4634/4634/4634 4601/4601/4601 
f 4601/4601/4601 4634/4634/4634 4602/4602/4602 
f 4634/4634/4634 4635/4635/4635 4602/4602/4602 
f 4602/4602/4602 4635/4635/4635 4603/4603/4603 
f 4635/4635/4635 4604/4604/4604 4603/4603/4603 
f 4603/4603/4603 4604/4604/4604 4604/4604/4604 
f 4604/4604/4604 4540/4540/4540 4604/4604/4604 
f 4604/4604/4604 4540/4540/4540 4540/4540/4540 
f 4540/4540/4540 4530/4530/4530 4540/4540/4540 
f 4540/4540/4540 4530/4530/4530 4594/4594/4594 
f 4530/4530/4530 4636/4636/4636 4594/4594/4594 
f 4594/4594/4594 4636/4636/4636 4636/4636/4636 
f 4636/4636/4636 4530/4530/4530 4636/4636/4636 
f 4636/4636/4636 4530/4530/4530 4530/4530/4530 
f 4530/4530/4530 4520/4520/4520 4530/4530/4530 
f 4530/4530/4530 4520/4520/4520 4636/4636/4636 
f 4520/4520/4520 4637/4637/4637 4636/4636/4636 
f 4636/4636/4636 4637/4637/4637 4637/4637/4637 
f 4637/4637/4637 4505/4505/4505 4637/4637/4637 
f 4637/4637/4637 4505/4505/4505 4505/4505/4505 
f 4505/4505/4505 4504/4504/4504 4505/4505/4505 
f 4505/4505/4505 4504/4504/4504 4638/4638/4638 
f 4504/4504/4504 4639/4639/4639 4638/4638/4638 
f 4638/4638/4638 4639/4639/4639 4640/4640/4640 
f 4639/4639/4639 4641/4641/4641 4640/4640/4640 
f 4640/4640/4640 4641/4641/4641 4568/4568/4568 
f 4641/4641/4641 4566/4566/4566 4568/4568/4568 
f 4568/4568/4568 4566/4566/4566 4566/4566/4566 
f 4566/4566/4566 4504/4504/4504 4566/4566/4566 
f 4566/4566/4566 4504/4504/4504 4504/4504/4504 
f 4504/4504/4504 4503/4503/4503 4504/4504/4504 
f 4504/4504/4504 4503/4503/4503 4639/4639/4639 
f 4503/4503/4503 4642/4642/4642 4639/4639/4639 
f 4639/4639/4639 4642/4642/4642 4641/4641/4641 
f 4642/4642/4642 4643/4643/4643 4641/4641/4641 
f 4641/4641/4641 4643/4643/4643 4566/4566/4566 
f 4643/4643/4643 4564/4564/4564 4566/4566/4566 
f 4566/4566/4566 4564/4564/4564 4564/4564/4564 
f 4564/4564/4564 4503/4503/4503 4564/4564/4564 
f 4564/4564/4564 4503/4503/4503 4503/4503/4503 
f 4503/4503/4503 4502/4502/4502 4503/4503/4503 
f 4503/4503/4503 4502/4502/4502 4642/4642/4642 
f 4502/4502/4502 4644/4644/4644 4642/4642/4642 
f 4642/4642/4642 4644/4644/4644 4643/4643/4643 
f 4644/4644/4644 4645/4645/4645 4643/4643/4643 
f 4643/4643/4643 4645/4645/4645 4564/4564/4564 
f 4645/4645/4645 4562/4562/4562 4564/4564/4564 
f 4564/4564/4564 4562/4562/4562 4562/4562/4562 
f 4562/4562/4562 4502/4502/4502 4562/4562/4562 
f 4562/4562/4562 4502/4502/4502 4502/4502/4502 
f 4502/4502/4502 4501/4501/4501 4502/4502/4502 
f 4502/4502/4502 4501/4501/4501 4644/4644/4644 
f 4501/4501/4501 4646/4646/4646 4644/4644/4644 
f 4644/4644/4644 4646/4646/4646 4645/4645/4645 
f 4646/4646/4646 4647/4647/4647 4645/4645/4645 
f 4645/4645/4645 4647/4647/4647 4562/4562/4562 
f 4647/4647/4647 4560/4560/4560 4562/4562/4562 
f 4562/4562/4562 4560/4560/4560 4560/4560/4560 
f 4560/4560/4560 4501/4501/4501 4560/4560/4560 
f 4560/4560/4560 4501/4501/4501 4501/4501/4501 
f 4501/4501/4501 4500/4500/4500 4501/4501/4501 
f 4501/4501/4501 4500/4500/4500 4646/4646/4646 
f 4500/4500/4500 4648/4648/4648 4646/4646/4646 
f 4646/4646/4646 4648/4648/4648 4647/4647/4647 
f 4648/4648/4648 4649/4649/4649 4647/4647/4647 
f 4647/4647/4647 4649/4649/4649 4560/4560/4560 
f 4649/4649/4649 4558/4558/4558 4560/4560/4560 
f 4560/4560/4560 4558/4558/4558 4558/4558/4558 
f 4558/4558/4558 4500/4500/4500 4558/4558/4558 
f 4558/4558/4558 4500/4500/4500 4500/4500/4500 
f 4500/4500/4500 4499/4499/4499 4500/4500/4500 
f 4500/4500/4500 4499/4499/4499 4648/4648/4648 
f 4499/4499/4499 4650/4650/4650 4648/4648/4648 
f 4648/4648/4648 4650/4650/4650 4649/4649/4649 
f 4650/4650/4650 4651/4651/4651 4649/4649/4649 
f 4649/4649/4649 4651/4651/4651 4558/4558/4558 
f 4651/4651/4651 4556/4556/4556 4558/4558/4558 
f 4558/4558/4558 4556/4556/4556 4556/4556/4556 
f 4556/4556/4556 4499/4499/4499 4556/4556/4556 
f 4556/4556/4556 4499/4499/4499 4499/4499/4499 
f 4499/4499/4499 4498/4498/4498 4499/4499/4499 
f 4499/4499/4499 4498/4498/4498 4650/4650/4650 
f 4498/4498/4498 4652/4652/4652 4650/4650/4650 
f 4650/4650/4650 4652/4652/4652 4651/4651/4651 
f 4652/4652/4652 4653/4653/4653 4651/4651/4651 
f 4651/4651/4651 4653/4653/4653 4556/4556/4556 
f 4653/4653/4653 4554/4554/4554 4556/4556/4556 
f 4556/4556/4556 4554/4554/4554 4554/4554/4554 
f 4554/4554/4554 4498/4498/4498 4554/4554/4554 
f 4554/4554/4554 4498/4498/4498 4498/4498/4498 
f 4498/4498/4498 4497/4497/4497 4498/4498/4498 
f 4498/4498/4498 4497/4497/4497 4652/4652/4652 
f 4497/4497/4497 4654/4654/4654 4652/4652/4652 
f 4652/4652/4652 4654/4654/4654 4653/4653/4653 
f 4654/4654/4654 4655/4655/4655 4653/4653/4653 
f 4653/4653/4653 4655/4655/4655 4554/4554/4554 
f 4655/4655/4655 4552/4552/4552 4554/4554/4554 
f 4554/4554/4554 4552/4552/4552 4552/4552/4552 
f 4552/4552/4552 4497/4497/4497 4552/4552/4552 
f 4552/4552/4552 4497/4497/4497 4497/4497/4497 
f 4497/4497/4497 4496/4496/4496 4497/4497/4497 
f 4497/4497/4497 4496/4496/4496 4654/4654/4654 
f 4496/4496/4496 4656/4656/4656 4654/4654/4654 
f 4654/4654/4654 4656/4656/4656 4655/4655/4655 
f 4656/4656/4656 4657/4657/4657 4655/4655/4655 
f 4655/4655/4655 4657/4657/4657 4552/4552/4552 
f 4657/4657/4657 4552/4552/4552 4552/4552/4552 
f 4552/4552/4552 4552/4552/4552 4496/4496/4496 
f 4552/4552/4552 4496/4496/4496 4496/4496/4496 
f 4496/4496/4496 4496/4496/4496 4496/4496/4496 
f 4496/4496/4496 4495/4495/4495 4496/4496/4496 
f 4496/4496/4496 4495/4495/4495 4656/4656/4656 
f 4495/4495/4495 4658/4658/4658 4656/4656/4656 
f 4656/4656/4656 4658/4658/4658 4657/4657/4657 
f 4658/4658/4658 4657/4657/4657 4657/4657/4657 
f 4657/4657/4657 4657/4657/4657 4638/4638/4638 
f 4657/4657/4657 4638/4638/4638 4638/4638/4638 
f 4638/4638/4638 4638/4638/4638 4638/4638/4638 
f 4638/4638/4638 4640/4640/4640 4638/4638/4638 
f 4638/4638/4638 4640/4640/4640 4659/4659/4659 
f 4640/4640/4640 4570/4570/4570 4659/4659/4659 
f 4659/4659/4659 4570/4570/4570 4572/4572/4572 
f 4570/4570/4570 4572/4572/4572 4572/4572/4572 
f 4572/4572/4572 4572/4572/4572 4515/4515/4515 
f 4572/4572/4572 4515/4515/4515 4515/4515/4515 
f 4515/4515/4515 4515/4515/4515 4515/4515/4515 
f 4515/4515/4515 4514/4514/4514 4515/4515/4515 
f 4515/4515/4515 4514/4514/4514 4660/4660/4660 
f 4514/4514/4514 4661/4661/4661 4660/4660/4660 
f 4660/4660/4660 4661/4661/4661 4662/4662/4662 
f 4661/4661/4661 4663/4663/4663 4662/4662/4662 
f 4662/4662/4662 4663/4663/4663 4588/4588/4588 
f 4663/4663/4663 4586/4586/4586 4588/4588/4588 
f 4588/4588/4588 4586/4586/4586 4586/4586/4586 
f 4586/4586/4586 4514/4514/4514 4586/4586/4586 
f 4586/4586/4586 4514/4514/4514 4514/4514/4514 
f 4514/4514/4514 4513/4513/4513 4514/4514/4514 
f 4514/4514/4514 4513/4513/4513 4661/4661/4661 
f 4513/4513/4513 4664/4664/4664 4661/4661/4661 
f 4661/4661/4661 4664/4664/4664 4663/4663/4663 
f 4664/4664/4664 4665/4665/4665 4663/4663/4663 
f 4663/4663/4663 4665/4665/4665 4586/4586/4586 
f 4665/4665/4665 4584/4584/4584 4586/4586/4586 
f 4586/4586/4586 4584/4584/4584 4584/4584/4584 
f 4584/4584/4584 4513/4513/4513 4584/4584/4584 
f 4584/4584/4584 4513/4513/4513 4513/4513/4513 
f 4513/4513/4513 4512/4512/4512 4513/4513/4513 
f 4513/4513/4513 4512/4512/4512 4664/4664/4664 
f 4512/4512/4512 4666/4666/4666 4664/4664/4664 
f 4664/4664/4664 4666/4666/4666 4665/4665/4665 
f 4666/4666/4666 4667/4667/4667 4665/4665/4665 
f 4665/4665/4665 4667/4667/4667 4584/4584/4584 
f 4667/4667/4667 4582/4582/4582 4584/4584/4584 
f 4584/4584/4584 4582/4582/4582 4582/4582/4582 
f 4582/4582/4582 4512/4512/4512 4582/4582/4582 
f 4582/4582/4582 4512/4512/4512 4512/4512/4512 
f 4512/4512/4512 4511/4511/4511 4512/4512/4512 
f 4512/4512/4512 4511/4511/4511 4666/4666/4666 
f 4511/4511/4511 4668/4668/4668 4666/4666/4666 
f 4666/4666/4666 4668/4668/4668 4667/4667/4667 
f 4668/4668/4668 4669/4669/4669 4667/4667/4667 
f 4667/4667/4667 4669/4669/4669 4582/4582/4582 
f 4669/4669/4669 4580/4580/4580 4582/4582/4582 
f 4582/4582/4582 4580/4580/4580 4580/4580/4580 
f 4580/4580/4580 4511/4511/4511 4580/4580/4580 
f 4580/4580/4580 4511/4511/4511 4511/4511/4511 
f 4511/4511/4511 4510/4510/4510 4511/4511/4511 
f 4511/4511/4511 4510/4510/4510 4668/4668/4668 
f 4510/4510/4510 4670/4670/4670 4668/4668/4668 
f 4668/4668/4668 4670/4670/4670 4669/4669/4669 
f 4670/4670/4670 4671/4671/4671 4669/4669/4669 
f 4669/4669/4669 4671/4671/4671 4580/4580/4580 
f 4671/4671/4671 4578/4578/4578 4580/4580/4580 
f 4580/4580/4580 4578/4578/4578 4578/4578/4578 
f 4578/4578/4578 4510/4510/4510 4578/4578/4578 
f 4578/4578/4578 4510/4510/4510 4510/4510/4510 
f 4510/4510/4510 4509/4509/4509 4510/4510/4510 
f 4510/4510/4510 4509/4509/4509 4670/4670/4670 
f 4509/4509/4509 4672/4672/4672 4670/4670/4670 
f 4670/4670/4670 4672/4672/4672 4671/4671/4671 
f 4672/4672/4672 4673/4673/4673 4671/4671/4671 
f 4671/4671/4671 4673/4673/4673 4578/4578/4578 
f 4673/4673/4673 4576/4576/4576 4578/4578/4578 
f 4578/4578/4578 4576/4576/4576 4576/4576/4576 
f 4576/4576/4576 4509/4509/4509 4576/4576/4576 
f 4576/4576/4576 4509/4509/4509 4509/4509/4509 
f 4509/4509/4509 4508/4508/4508 4509/4509/4509 
f 4509/4509/4509 4508/4508/4508 4672/4672/4672 
f 4508/4508/4508 4674/4674/4674 4672/4672/4672 
f 4672/4672/4672 4674/4674/4674 4673/4673/4673 
f 4674/4674/4674 4675/4675/4675 4673/4673/4673 
f 4673/4673/4673 4675/4675/4675 4576/4576/4576 
f 4675/4675/4675 4574/4574/4574 4576/4576/4576 
f 4576/4576/4576 4574/4574/4574 4574/4574/4574 
f 4574/4574/4574 4508/4508/4508 4574/4574/4574 
f 4574/4574/4574 4508/4508/4508 4508/4508/4508 
f 4508/4508/4508 4507/4507/4507 4508/4508/4508 
f 4508/4508/4508 4507/4507/4507 4674/4674/4674 
f 4507/4507/4507 4676/4676/4676 4674/4674/4674 
f 4674/4674/4674 4676/4676/4676 4675/4675/4675 
f 4676/4676/4676 4677/4677/4677 4675/4675/4675 
f 4675/4675/4675 4677/4677/4677 4574/4574/4574 
f 4677/4677/4677 4574/4574/4574 4574/4574/4574 
f 4574/4574/4574 4574/4574/4574 4507/4507/4507 
f 4574/4574/4574 4507/4507/4507 4507/4507/4507 
f 4507/4507/4507 4507/4507/4507 4507/4507/4507 
f 4507/4507/4507 4506/4506/4506 4507/4507/4507 
f 4507/4507/4507 4506/4506/4506 4676/4676/4676 
f 4506/4506/4506 4678/4678/4678 4676/4676/4676 
f 4676/4676/4676 4678/4678/4678 4677/4677/4677 
f 4678/4678/4678 4677/4677/4677 4677/4677/4677 
f 4677/4677/4677 4677/4677/4677 4588/4588/4588 
f 4677/4677/4677 4588/4588/4588 4588/4588/4588 
f 4588/4588/4588 4588/4588/4588 4588/4588/4588 
f 4588/4588/4588 4590/4590/4590 4588/4588/4588 
f 4588/4588/4588 4590/4590/4590 4662/4662/4662 
f 4590/4590/4590 4679/4679/4679 4662/4662/4662 
f 4662/4662/4662 4679/4679/4679 4660/4660/4660 
f 4679/4679/4679 4660/4660/4660 4660/4660/4660 
f 4660/4660/4660 4660/4660/4660 4680/4680/4680 
f 4660/4660/4660 4680/4680/4680 4680/4680/4680 
f 4680/4680/4680 4680/4680/4680 4680/4680/4680 
f 4680/4680/4680 4681/4681/4681 4680/4680/4680 
f 4680/4680/4680 4681/4681/4681 4682/4682/4682 
f 4681/4681/4681 4683/4683/4683 4682/4682/4682 
f 4682/4682/4682 4683/4683/4683 4684/4684/4684 
f 4683/4683/4683 4685/4685/4685 4684/4684/4684 
f 4684/4684/4684 4685/4685/4685 4686/4686/4686 
f 4685/4685/4685 4687/4687/4687 4686/4686/4686 
f 4686/4686/4686 4687/4687/4687 4688/4688/4688 
f 4687/4687/4687 4689/4689/4689 4688/4688/4688 
f 4688/4688/4688 4689/4689/4689 4690/4690/4690 
f 4689/4689/4689 4691/4691/4691 4690/4690/4690 
f 4690/4690/4690 4691/4691/4691 4692/4692/4692 
f 4691/4691/4691 4693/4693/4693 4692/4692/4692 
f 4692/4692/4692 4693/4693/4693 4694/4694/4694 
f 4693/4693/4693 4695/4695/4695 4694/4694/4694 
f 4694/4694/4694 4695/4695/4695 4696/4696/4696 
f 4695/4695/4695 4697/4697/4697 4696/4696/4696 
f 4696/4696/4696 4697/4697/4697 4698/4698/4698 
f 4697/4697/4697 4699/4699/4699 4698/4698/4698 
f 4698/4698/4698 4699/4699/4699 4700/4700/4700 
f 4699/4699/4699 4701/4701/4701 4700/4700/4700 
f 4700/4700/4700 4701/4701/4701 4702/4702/4702 
f 4701/4701/4701 4703/4703/4703 4702/4702/4702 
f 4702/4702/4702 4703/4703/4703 4704/4704/4704 
f 4703/4703/4703 4705/4705/4705 4704/4704/4704 
f 4704/4704/4704 4705/4705/4705 4706/4706/4706 
f 4705/4705/4705 4707/4707/4707 4706/4706/4706 
f 4706/4706/4706 4707/4707/4707 4708/4708/4708 
f 4707/4707/4707 4709/4709/4709 4708/4708/4708 
f 4708/4708/4708 4709/4709/4709 4710/4710/4710 
f 4709/4709/4709 4711/4711/4711 4710/4710/4710 
f 4710/4710/4710 4711/4711/4711 4712/4712/4712 
f 4711/4711/4711 4713/4713/4713 4712/4712/4712 
f 4712/4712/4712 4713/4713/4713 4714/4714/4714 
f 4713/4713/4713 4715/4715/4715 4714/4714/4714 
f 4714/4714/4714 4715/4715/4715 4716/4716/4716 
f 4715/4715/4715 4717/4717/4717 4716/4716/4716 
f 4716/4716/4716 4717/4717/4717 4718/4718/4718 
f 4717/4717/4717 4719/4719/4719 4718/4718/4718 
f 4718/4718/4718 4719/4719/4719 4720/4720/4720 
f 4719/4719/4719 4721/4721/4721 4720/4720/4720 
f 4720/4720/4720 4721/4721/4721 4722/4722/4722 
f 4721/4721/4721 4723/4723/4723 4722/4722/4722 
f 4722/4722/4722 4723/4723/4723 4724/4724/4724 
f 4723/4723/4723 4725/4725/4725 4724/4724/4724 
f 4724/4724/4724 4725/4725/4725 4726/4726/4726 
f 4725/4725/4725 4727/4727/4727 4726/4726/4726 
f 4726/4726/4726 4727/4727/4727 4728/4728/4728 
f 4727/4727/4727 4729/4729/4729 4728/4728/4728 
f 4728/4728/4728 4729/4729/4729 4730/4730/4730 
f 4729/4729/4729 4731/4731/4731 4730/4730/4730 
f 4730/4730/4730 4731/4731/4731 4732/4732/4732 
f 4731/4731/4731 4733/4733/4733 4732/4732/4732 
f 4732/4732/4732 4733/4733/4733 4734/4734/4734 
f 4733/4733/4733 4735/4735/4735 4734/4734/4734 
f 4734/4734/4734 4735/4735/4735 4736/4736/4736 
f 4735/4735/4735 4737/4737/4737 4736/4736/4736 
f 4736/4736/4736 4737/4737/4737 4738/4738/4738 
f 4737/4737/4737 4739/4739/4739 4738/4738/4738 
f 4738/4738/4738 4739/4739/4739 4740/4740/4740 
f 4739/4739/4739 4741/4741/4741 4740/4740/4740 
f 4740/4740/4740 4741/4741/4741 4742/4742/4742 
f 4741/4741/4741 4743/4743/4743 4742/4742/4742 
f 4742/4742/4742 4743/4743/4743 4680/4680/4680 
f 4743/4743/4743 4681/4681/4681 4680/4680/4680 
f 4680/4680/4680 4681/4681/4681 4681/4681/4681 
f 4681/4681/4681 4744/4744/4744 4681/4681/4681 
f 4681/4681/4681 4744/4744/4744 4744/4744/4744 
f 4744/4744/4744 4745/4745/4745 4744/4744/4744 
f 4744/4744/4744 4745/4745/4745 4746/4746/4746 
f 4745/4745/4745 4747/4747/4747 4746/4746/4746 
f 4746/4746/4746 4747/4747/4747 4748/4748/4748 
f 4747/4747/4747 4749/4749/4749 4748/4748/4748 
f 4748/4748/4748 4749/4749/4749 4750/4750/4750 
f 4749/4749/4749 4751/4751/4751 4750/4750/4750 
f 4750/4750/4750 4751/4751/4751 4752/4752/4752 
f 4751/4751/4751 4753/4753/4753 4752/4752/4752 
f 4752/4752/4752 4753/4753/4753 4754/4754/4754 
f 4753/4753/4753 4755/4755/4755 4754/4754/4754 
f 4754/4754/4754 4755/4755/4755 4756/4756/4756 
f 4755/4755/4755 4757/4757/4757 4756/4756/4756 
f 4756/4756/4756 4757/4757/4757 4758/4758/4758 
f 4757/4757/4757 4759/4759/4759 4758/4758/4758 
f 4758/4758/4758 4759/4759/4759 4760/4760/4760 
f 4759/4759/4759 4761/4761/4761 4760/4760/4760 
f 4760/4760/4760 4761/4761/4761 4762/4762/4762 
f 4761/4761/4761 4763/4763/4763 4762/4762/4762 
f 4762/4762/4762 4763/4763/4763 4764/4764/4764 
f 4763/4763/4763 4765/4765/4765 4764/4764/4764 
f 4764/4764/4764 4765/4765/4765 4766/4766/4766 
f 4765/4765/4765 4767/4767/4767 4766/4766/4766 
f 4766/4766/4766 4767/4767/4767 4768/4768/4768 
f 4767/4767/4767 4769/4769/4769 4768/4768/4768 
f 4768/4768/4768 4769/4769/4769 4770/4770/4770 
f 4769/4769/4769 4771/4771/4771 4770/4770/4770 
f 4770/4770/4770 4771/4771/4771 4772/4772/4772 
f 4771/4771/4771 4773/4773/4773 4772/4772/4772 
f 4772/4772/4772 4773/4773/4773 4774/4774/4774 
f 4773/4773/4773 4775/4775/4775 4774/4774/4774 
f 4774/4774/4774 4775/4775/4775 4776/4776/4776 
f 4775/4775/4775 4777/4777/4777 4776/4776/4776 
f 4776/4776/4776 4777/4777/4777 4778/4778/4778 
f 4777/4777/4777 4779/4779/4779 4778/4778/4778 
f 4778/4778/4778 4779/4779/4779 4780/4780/4780 
f 4779/4779/4779 4781/4781/4781 4780/4780/4780 
f 4780/4780/4780 4781/4781/4781 4782/4782/4782 
f 4781/4781/4781 4783/4783/4783 4782/4782/4782 
f 4782/4782/4782 4783/4783/4783 4784/4784/4784 
f 4783/4783/4783 4785/4785/4785 4784/4784/4784 
f 4784/4784/4784 4785/4785/4785 4786/4786/4786 
f 4785/4785/4785 4787/4787/4787 4786/4786/4786 
f 4786/4786/4786 4787/4787/4787 4788/4788/4788 
f 4787/4787/4787 4789/4789/4789 4788/4788/4788 
f 4788/4788/4788 4789/4789/4789 4790/4790/4790 
f 4789/4789/4789 4791/4791/4791 4790/4790/4790 
f 4790/4790/4790 4791/4791/4791 4792/4792/4792 
f 4791/4791/4791 4793/4793/4793 4792/4792/4792 
f 4792/4792/4792 4793/4793/4793 4794/4794/4794 
f 4793/4793/4793 4795/4795/4795 4794/4794/4794 
f 4794/4794/4794 4795/4795/4795 4796/4796/4796 
f 4795/4795/4795 4797/4797/4797 4796/4796/4796 
f 4796/4796/4796 4797/4797/4797 4798/4798/4798 
f 4797/4797/4797 4799/4799/4799 4798/4798/4798 
f 4798/4798/4798 4799/4799/4799 4800/4800/4800 
f 4799/4799/4799 4801/4801/4801 4800/4800/4800 
f 4800/4800/4800 4801/4801/4801 4802/4802/4802 
f 4801/4801/4801 4803/4803/4803 4802/4802/4802 
f 4802/4802/4802 4803/4803/4803 4804/4804/4804 
f 4803/4803/4803 4805/4805/4805 4804/4804/4804 
f 4804/4804/4804 4805/4805/4805 4806/4806/4806 
f 4805/4805/4805 4807/4807/4807 4806/4806/4806 
f 4806/4806/4806 4807/4807/4807 4744/4744/4744 
f 4807/4807/4807 4745/4745/4745 4744/4744/4744 
f 4744/4744/4744 4745/4745/4745 4745/4745/4745 
f 4745/4745/4745 4807/4807/4807 4745/4745/4745 
f 4745/4745/4745 4807/4807/4807 4807/4807/4807 
f 4807/4807/4807 4808/4808/4808 4807/4807/4807 
f 4807/4807/4807 4808/4808/4808 4745/4745/4745 
f 4808/4808/4808 4809/4809/4809 4745/4745/4745 
f 4745/4745/4745 4809/4809/4809 4747/4747/4747 
f 4809/4809/4809 4810/4810/4810 4747/4747/4747 
f 4747/4747/4747 4810/4810/4810 4749/4749/4749 
f 4810/4810/4810 4811/4811/4811 4749/4749/4749 
f 4749/4749/4749 4811/4811/4811 4751/4751/4751 
f 4811/4811/4811 4812/4812/4812 4751/4751/4751 
f 4751/4751/4751 4812/4812/4812 4753/4753/4753 
f 4812/4812/4812 4813/4813/4813 4753/4753/4753 
f 4753/4753/4753 4813/4813/4813 4755/4755/4755 
f 4813/4813/4813 4814/4814/4814 4755/4755/4755 
f 4755/4755/4755 4814/4814/4814 4757/4757/4757 
f 4814/4814/4814 4815/4815/4815 4757/4757/4757 
f 4757/4757/4757 4815/4815/4815 4759/4759/4759 
f 4815/4815/4815 4816/4816/4816 4759/4759/4759 
f 4759/4759/4759 4816/4816/4816 4761/4761/4761 
f 4816/4816/4816 4817/4817/4817 4761/4761/4761 
f 4761/4761/4761 4817/4817/4817 4763/4763/4763 
f 4817/4817/4817 4818/4818/4818 4763/4763/4763 
f 4763/4763/4763 4818/4818/4818 4765/4765/4765 
f 4818/4818/4818 4819/4819/4819 4765/4765/4765 
f 4765/4765/4765 4819/4819/4819 4767/4767/4767 
f 4819/4819/4819 4820/4820/4820 4767/4767/4767 
f 4767/4767/4767 4820/4820/4820 4769/4769/4769 
f 4820/4820/4820 4821/4821/4821 4769/4769/4769 
f 4769/4769/4769 4821/4821/4821 4771/4771/4771 
f 4821/4821/4821 4822/4822/4822 4771/4771/4771 
f 4771/4771/4771 4822/4822/4822 4773/4773/4773 
f 4822/4822/4822 4823/4823/4823 4773/4773/4773 
f 4773/4773/4773 4823/4823/4823 4775/4775/4775 
f 4823/4823/4823 4824/4824/4824 4775/4775/4775 
f 4775/4775/4775 4824/4824/4824 4777/4777/4777 
f 4824/4824/4824 4825/4825/4825 4777/4777/4777 
f 4777/4777/4777 4825/4825/4825 4779/4779/4779 
f 4825/4825/4825 4826/4826/4826 4779/4779/4779 
f 4779/4779/4779 4826/4826/4826 4781/4781/4781 
f 4826/4826/4826 4827/4827/4827 4781/4781/4781 
f 4781/4781/4781 4827/4827/4827 4783/4783/4783 
f 4827/4827/4827 4828/4828/4828 4783/4783/4783 
f 4783/4783/4783 4828/4828/4828 4785/4785/4785 
f 4828/4828/4828 4829/4829/4829 4785/4785/4785 
f 4785/4785/4785 4829/4829/4829 4787/4787/4787 
f 4829/4829/4829 4830/4830/4830 4787/4787/4787 
f 4787/4787/4787 4830/4830/4830 4789/4789/4789 
f 4830/4830/4830 4831/4831/4831 4789/4789/4789 
f 4789/4789/4789 4831/4831/4831 4791/4791/4791 
f 4831/4831/4831 4832/4832/4832 4791/4791/4791 
f 4791/4791/4791 4832/4832/4832 4793/4793/4793 
f 4832/4832/4832 4833/4833/4833 4793/4793/4793 
f 4793/4793/4793 4833/4833/4833 4795/4795/4795 
f 4833/4833/4833 4834/4834/4834 4795/4795/4795 
f 4795/4795/4795 4834/4834/4834 4797/4797/4797 
f 4834/4834/4834 4835/4835/4835 4797/4797/4797 
f 4797/4797/4797 4835/4835/4835 4799/4799/4799 
f 4835/4835/4835 4836/4836/4836 4799/4799/4799 
f 4799/4799/4799 4836/4836/4836 4801/4801/4801 
f 4836/4836/4836 4837/4837/4837 4801/4801/4801 
f 4801/4801/4801 4837/4837/4837 4803/4803/4803 
f 4837/4837/4837 4838/4838/4838 4803/4803/4803 
f 4803/4803/4803 4838/4838/4838 4805/4805/4805 
f 4838/4838/4838 4839/4839/4839 4805/4805/4805 
f 4805/4805/4805 4839/4839/4839 4807/4807/4807 
f 4839/4839/4839 4808/4808/4808 4807/4807/4807 
f 4807/4807/4807 4808/4808/4808 4808/4808/4808 
f 4808/4808/4808 4840/4840/4840 4808/4808/4808 
f 4808/4808/4808 4840/4840/4840 4840/4840/4840 
f 4840/4840/4840 4841/4841/4841 4840/4840/4840 
f 4840/4840/4840 4841/4841/4841 4842/4842/4842 
f 4841/4841/4841 4843/4843/4843 4842/4842/4842 
f 4842/4842/4842 4843/4843/4843 4844/4844/4844 
f 4843/4843/4843 4845/4845/4845 4844/4844/4844 
f 4844/4844/4844 4845/4845/4845 4846/4846/4846 
f 4845/4845/4845 4847/4847/4847 4846/4846/4846 
f 4846/4846/4846 4847/4847/4847 4848/4848/4848 
f 4847/4847/4847 4849/4849/4849 4848/4848/4848 
f 4848/4848/4848 4849/4849/4849 4850/4850/4850 
f 4849/4849/4849 4851/4851/4851 4850/4850/4850 
f 4850/4850/4850 4851/4851/4851 4852/4852/4852 
f 4851/4851/4851 4853/4853/4853 4852/4852/4852 
f 4852/4852/4852 4853/4853/4853 4854/4854/4854 
f 4853/4853/4853 4855/4855/4855 4854/4854/4854 
f 4854/4854/4854 4855/4855/4855 4856/4856/4856 
f 4855/4855/4855 4857/4857/4857 4856/4856/4856 
f 4856/4856/4856 4857/4857/4857 4858/4858/4858 
f 4857/4857/4857 4859/4859/4859 4858/4858/4858 
f 4858/4858/4858 4859/4859/4859 4860/4860/4860 
f 4859/4859/4859 4861/4861/4861 4860/4860/4860 
f 4860/4860/4860 4861/4861/4861 4862/4862/4862 
f 4861/4861/4861 4863/4863/4863 4862/4862/4862 
f 4862/4862/4862 4863/4863/4863 4864/4864/4864 
f 4863/4863/4863 4865/4865/4865 4864/4864/4864 
f 4864/4864/4864 4865/4865/4865 4866/4866/4866 
f 4865/4865/4865 4867/4867/4867 4866/4866/4866 
f 4866/4866/4866 4867/4867/4867 4868/4868/4868 
f 4867/4867/4867 4869/4869/4869 4868/4868/4868 
f 4868/4868/4868 4869/4869/4869 4870/4870/4870 
f 4869/4869/4869 4871/4871/4871 4870/4870/4870 
f 4870/4870/4870 4871/4871/4871 4872/4872/4872 
f 4871/4871/4871 4873/4873/4873 4872/4872/4872 
f 4872/4872/4872 4873/4873/4873 4874/4874/4874 
f 4873/4873/4873 4875/4875/4875 4874/4874/4874 
f 4874/4874/4874 4875/4875/4875 4876/4876/4876 
f 4875/4875/4875 4877/4877/4877 4876/4876/4876 
f 4876/4876/4876 4877/4877/4877 4878/4878/4878 
f 4877/4877/4877 4879/4879/4879 4878/4878/4878 
f 4878/4878/4878 4879/4879/4879 4880/4880/4880 
f 4879/4879/4879 4881/4881/4881 4880/4880/4880 
f 4880/4880/4880 4881/4881/4881 4882/4882/4882 
f 4881/4881/4881 4883/4883/4883 4882/4882/4882 
f 4882/4882/4882 4883/4883/4883 4884/4884/4884 
f 4883/4883/4883 4885/4885/4885 4884/4884/4884 
f 4884/4884/4884 4885/4885/4885 4886/4886/4886 
f 4885/4885/4885 4887/4887/4887 4886/4886/4886 
f 4886/4886/4886 4887/4887/4887 4888/4888/4888 
f 4887/4887/4887 4889/4889/4889 4888/4888/4888 
f 4888/4888/4888 4889/4889/4889 4890/4890/4890 
f 4889/4889/4889 4891/4891/4891 4890/4890/4890 
f 4890/4890/4890 4891/4891/4891 4892/4892/4892 
f 4891/4891/4891 4893/4893/4893 4892/4892/4892 
f 4892/4892/4892 4893/4893/4893 4894/4894/4894 
f 4893/4893/4893 4895/4895/4895 4894/4894/4894 
f 4894/4894/4894 4895/4895/4895 4896/4896/4896 
f 4895/4895/4895 4897/4897/4897 4896/4896/4896 
f 4896/4896/4896 4897/4897/4897 4898/4898/4898 
f 4897/4897/4897 4899/4899/4899 4898/4898/4898 
f 4898/4898/4898 4899/4899/4899 4900/4900/4900 
f 4899/4899/4899 4901/4901/4901 4900/4900/4900 
f 4900/4900/4900 4901/4901/4901 4902/4902/4902 
f 4901/4901/4901 4903/4903/4903 4902/4902/4902 
f 4902/4902/4902 4903/4903/4903 4840/4840/4840 
f 4903/4903/4903 4841/4841/4841 4840/4840/4840 
f 4840/4840/4840 4841/4841/4841 4841/4841/4841 
f 4841/4841/4841 4904/4904/4904 4841/4841/4841 
f 4841/4841/4841 4904/4904/4904 4904/4904/4904 
f 4904/4904/4904 4905/4905/4905 4904/4904/4904 
f 4904/4904/4904 4905/4905/4905 4906/4906/4906 
f 4905/4905/4905 4907/4907/4907 4906/4906/4906 
f 4906/4906/4906 4907/4907/4907 4908/4908/4908 
f 4907/4907/4907 4909/4909/4909 4908/4908/4908 
f 4908/4908/4908 4909/4909/4909 4910/4910/4910 
f 4909/4909/4909 4911/4911/4911 4910/4910/4910 
f 4910/4910/4910 4911/4911/4911 4912/4912/4912 
f 4911/4911/4911 4913/4913/4913 4912/4912/4912 
f 4912/4912/4912 4913/4913/4913 4914/4914/4914 
f 4913/4913/4913 4915/4915/4915 4914/4914/4914 
f 4914/4914/4914 4915/4915/4915 4916/4916/4916 
f 4915/4915/4915 4917/4917/4917 4916/4916/4916 
f 4916/4916/4916 4917/4917/4917 4918/4918/4918 
f 4917/4917/4917 4919/4919/4919 4918/4918/4918 
f 4918/4918/4918 4919/4919/4919 4920/4920/4920 
f 4919/4919/4919 4921/4921/4921 4920/4920/4920 
f 4920/4920/4920 4921/4921/4921 4922/4922/4922 
f 4921/4921/4921 4923/4923/4923 4922/4922/4922 
f 4922/4922/4922 4923/4923/4923 4924/4924/4924 
f 4923/4923/4923 4925/4925/4925 4924/4924/4924 
f 4924/4924/4924 4925/4925/4925 4926/4926/4926 
f 4925/4925/4925 4927/4927/4927 4926/4926/4926 
f 4926/4926/4926 4927/4927/4927 4928/4928/4928 
f 4927/4927/4927 4929/4929/4929 4928/4928/4928 
f 4928/4928/4928 4929/4929/4929 4930/4930/4930 
f 4929/4929/4929 4931/4931/4931 4930/4930/4930 
f 4930/4930/4930 4931/4931/4931 4932/4932/4932 
f 4931/4931/4931 4933/4933/4933 4932/4932/4932 
f 4932/4932/4932 4933/4933/4933 4934/4934/4934 
f 4933/4933/4933 4935/4935/4935 4934/4934/4934 
f 4934/4934/4934 4935/4935/4935 4936/4936/4936 
f 4935/4935/4935 4937/4937/4937 4936/4936/4936 
f 4936/4936/4936 4937/4937/4937 4938/4938/4938 
f 4937/4937/4937 4939/4939/4939 4938/4938/4938 
f 4938/4938/4938 4939/4939/4939 4940/4940/4940 
f 4939/4939/4939 4941/4941/4941 4940/4940/4940 
f 4940/4940/4940 4941/4941/4941 4942/4942/4942 
f 4941/4941/4941 4943/4943/4943 4942/4942/4942 
f 4942/4942/4942 4943/4943/4943 4944/4944/4944 
f 4943/4943/4943 4945/4945/4945 4944/4944/4944 
f 4944/4944/4944 4945/4945/4945 4946/4946/4946 
f 4945/4945/4945 4947/4947/4947 4946/4946/4946 
f 4946/4946/4946 4947/4947/4947 4948/4948/4948 
f 4947/4947/4947 4949/4949/4949 4948/4948/4948 
f 4948/4948/4948 4949/4949/4949 4950/4950/4950 
f 4949/4949/4949 4951/4951/4951 4950/4950/4950 
f 4950/4950/4950 4951/4951/4951 4952/4952/4952 
f 4951/4951/4951 4953/4953/4953 4952/4952/4952 
f 4952/4952/4952 4953/4953/4953 4954/4954/4954 
f 4953/4953/4953 4955/4955/4955 4954/4954/4954 
f 4954/4954/4954 4955/4955/4955 4956/4956/4956 
f 4955/4955/4955 4957/4957/4957 4956/4956/4956 
f 4956/4956/4956 4957/4957/4957 4958/4958/4958 
f 4957/4957/4957 4959/4959/4959 4958/4958/4958 
f 4958/4958/4958 4959/4959/4959 4960/4960/4960 
f 4959/4959/4959 4961/4961/4961 4960/4960/4960 
f 4960/4960/4960 4961/4961/4961 4962/4962/4962 
f 4961/4961/4961 4963/4963/4963 4962/4962/4962 
f 4962/4962/4962 4963/4963/4963 4964/4964/4964 
f 4963/4963/4963 4965/4965/4965 4964/4964/4964 
f 4964/4964/4964 4965/4965/4965 4966/4966/4966 
f 4965/4965/4965 4967/4967/4967 4966/4966/4966 
f 4966/4966/4966 4967/4967/4967 4904/4904/4904 
f 4967/4967/4967 4905/4905/4905 4904/4904/4904 
f 4904/4904/4904 4905/4905/4905 4905/4905/4905 
f 4905/4905/4905 4967/4967/4967 4905/4905/4905 
f 4905/4905/4905 4967/4967/4967 4967/4967/4967 
f 4967/4967/4967 4968/4968/4968 4967/4967/4967 
f 4967/4967/4967 4968/4968/4968 4905/4905/4905 
f 4968/4968/4968 4969/4969/4969 4905/4905/4905 
f 4905/4905/4905 4969/4969/4969 4907/4907/4907 
f 4969/4969/4969 4970/4970/4970 4907/4907/4907 
f 4907/4907/4907 4970/4970/4970 4909/4909/4909 
f 4970/4970/4970 4971/4971/4971 4909/4909/4909 
f 4909/4909/4909 4971/4971/4971 4911/4911/4911 
f 4971/4971/4971 4972/4972/4972 4911/4911/4911 
f 4911/4911/4911 4972/4972/4972 4913/4913/4913 
f 4972/4972/4972 4973/4973/4973 4913/4913/4913 
f 4913/4913/4913 4973/4973/4973 4915/4915/4915 
f 4973/4973/4973 4974/4974/4974 4915/4915/4915 
f 4915/4915/4915 4974/4974/4974 4917/4917/4917 
f 4974/4974/4974 4975/4975/4975 4917/4917/4917 
f 4917/4917/4917 4975/4975/4975 4919/4919/4919 
f 4975/4975/4975 4976/4976/4976 4919/4919/4919 
f 4919/4919/4919 4976/4976/4976 4921/4921/4921 
f 4976/4976/4976 4977/4977/4977 4921/4921/4921 
f 4921/4921/4921 4977/4977/4977 4923/4923/4923 
f 4977/4977/4977 4978/4978/4978 4923/4923/4923 
f 4923/4923/4923 4978/4978/4978 4925/4925/4925 
f 4978/4978/4978 4979/4979/4979 4925/4925/4925 
f 4925/4925/4925 4979/4979/4979 4927/4927/4927 
f 4979/4979/4979 4980/4980/4980 4927/4927/4927 
f 4927/4927/4927 4980/4980/4980 4929/4929/4929 
f 4980/4980/4980 4981/4981/4981 4929/4929/4929 
f 4929/4929/4929 4981/4981/4981 4931/4931/4931 
f 4981/4981/4981 4982/4982/4982 4931/4931/4931 
f 4931/4931/4931 4982/4982/4982 4933/4933/4933 
f 4982/4982/4982 4983/4983/4983 4933/4933/4933 
f 4933/4933/4933 4983/4983/4983 4935/4935/4935 
f 4983/4983/4983 4984/4984/4984 4935/4935/4935 
f 4935/4935/4935 4984/4984/4984 4937/4937/4937 
f 4984/4984/4984 4985/4985/4985 4937/4937/4937 
f 4937/4937/4937 4985/4985/4985 4939/4939/4939 
f 4985/4985/4985 4986/4986/4986 4939/4939/4939 
f 4939/4939/4939 4986/4986/4986 4941/4941/4941 
f 4986/4986/4986 4987/4987/4987 4941/4941/4941 
f 4941/4941/4941 4987/4987/4987 4943/4943/4943 
f 4987/4987/4987 4988/4988/4988 4943/4943/4943 
f 4943/4943/4943 4988/4988/4988 4945/4945/4945 
f 4988/4988/4988 4989/4989/4989 4945/4945/4945 
f 4945/4945/4945 4989/4989/4989 4947/4947/4947 
f 4989/4989/4989 4990/4990/4990 4947/4947/4947 
f 4947/4947/4947 4990/4990/4990 4949/4949/4949 
f 4990/4990/4990 4991/4991/4991 4949/4949/4949 
f 4949/4949/4949 4991/4991/4991 4951/4951/4951 
f 4991/4991/4991 4992/4992/4992 4951/4951/4951 
f 4951/4951/4951 4992/4992/4992 4953/4953/4953 
f 4992/4992/4992 4993/4993/4993 4953/4953/4953 
f 4953/4953/4953 4993/4993/4993 4955/4955/4955 
f 4993/4993/4993 4994/4994/4994 4955/4955/4955 
f 4955/4955/4955 4994/4994/4994 4957/4957/4957 
f 4994/4994/4994 4995/4995/4995 4957/4957/4957 
f 4957/4957/4957 4995/4995/4995 4959/4959/4959 
f 4995/4995/4995 4996/4996/4996 4959/4959/4959 
f 4959/4959/4959 4996/4996/4996 4961/4961/4961 
f 4996/4996/4996 4997/4997/4997 4961/4961/4961 
f 4961/4961/4961 4997/4997/4997 4963/4963/4963 
f 4997/4997/4997 4998/4998/4998 4963/4963/4963 
f 4963/4963/4963 4998/4998/4998 4965/4965/4965 
f 4998/4998/4998 4999/4999/4999 4965/4965/4965 
f 4965/4965/4965 4999/4999/4999 4967/4967/4967 
f 4999/4999/4999 4968/4968/4968 4967/4967/4967 
f 4967/4967/4967 4968/4968/4968 4968/4968/4968 
f 4968/4968/4968 5000/5000/5000 4968/4968/4968 
f 4968/4968/4968 5000/5000/5000 5000/5000/5000 
f 5000/5000/5000 5001/5001/5001 5000/5000/5000 
f 5000/5000/5000 5001/5001/5001 5002/5002/5002 
f 5001/5001/5001 5003/5003/5003 5002/5002/5002 
f 5002/5002/5002 5003/5003/5003 5004/5004/5004 
f 5003/5003/5003 5005/5005/5005 5004/5004/5004 
f 5004/5004/5004 5005/5005/5005 5006/5006/5006 
f 5005/5005/5005 5007/5007/5007 5006/5006/5006 
f 5006/5006/5006 5007/5007/5007 5008/5008/5008 
f 5007/5007/5007 5009/5009/5009 5008/5008/5008 
f 5008/5008/5008 5009/5009/5009 5010/5010/5010 
f 5009/5009/5009 5011/5011/5011 5010/5010/5010 
f 5010/5010/5010 5011/5011/5011 5012/5012/5012 
f 5011/5011/5011 5013/5013/5013 5012/5012/5012 
f 5012/5012/5012 5013/5013/5013 5014/5014/5014 
f 5013/5013/5013 5015/5015/5015 5014/5014/5014 
f 5014/5014/5014 5015/5015/5015 5016/5016/5016 
f 5015/5015/5015 5017/5017/5017 5016/5016/5016 
f 5016/5016/5016 5017/5017/5017 5018/5018/5018 
f 5017/5017/5017 5019/5019/5019 5018/5018/5018 
f 5018/5018/5018 5019/5019/5019 5020/5020/5020 
f 5019/5019/5019 5021/5021/5021 5020/5020/5020 
f 5020/5020/5020 5021/5021/5021 5022/5022/5022 
f 5021/5021/5021 5023/5023/5023 5022/5022/5022 
f 5022/5022/5022 5023/5023/5023 5024/5024/5024 
f 5023/5023/5023 5025/5025/5025 5024/5024/5024 
f 5024/5024/5024 5025/5025/5025 5026/5026/5026 
f 5025/5025/5025 5027/5027/5027 5026/5026/5026 
f 5026/5026/5026 5027/5027/5027 5028/5028/5028 
f 5027/5027/5027 5029/5029/5029 5028/5028/5028 
f 5028/5028/5028 5029/5029/5029 5030/5030/5030 
f 5029/5029/5029 5031/5031/5031 5030/5030/5030 
f 5030/5030/5030 5031/5031/5031 5032/5032/5032 
f 5031/5031/5031 5033/5033/5033 5032/5032/5032 
f 5032/5032/5032 5033/5033/5033 5034/5034/5034 
f 5033/5033/5033 5035/5035/5035 5034/5034/5034 
f 5034/5034/5034 5035/5035/5035 5036/5036/5036 
f 5035/5035/5035 5037/5037/5037 5036/5036/5036 
f 5036/5036/5036 5037/5037/5037 5038/5038/5038 
f 5037/5037/5037 5039/5039/5039 5038/5038/5038 
f 5038/5038/5038 5039/5039/5039 5040/5040/5040 
f 5039/5039/5039 5041/5041/5041 5040/5040/5040 
f 5040/5040/5040 5041/5041/5041 5042/5042/5042 
f 5041/5041/5041 5043/5043/5043 5042/5042/5042 
f 5042/5042/5042 5043/5043/5043 5044/5044/5044 
f 5043/5043/5043 5045/5045/5045 5044/5044/5044 
f 5044/5044/5044 5045/5045/5045 5046/5046/5046 
f 5045/5045/5045 5047/5047/5047 5046/5046/5046 
f 5046/5046/5046 5047/5047/5047 5048/5048/5048 
f 5047/5047/5047 5049/5049/5049 5048/5048/5048 
f 5048/5048/5048 5049/5049/5049 5050/5050/5050 
f 5049/5049/5049 5051/5051/5051 5050/5050/5050 
f 5050/5050/5050 5051/5051/5051 5052/5052/5052 
f 5051/5051/5051 5053/5053/5053 5052/5052/5052 
f 5052/5052/5052 5053/5053/5053 5054/5054/5054 
f 5053/5053/5053 5055/5055/5055 5054/5054/5054 
f 5054/5054/5054 5055/5055/5055 5056/5056/5056 
f 5055/5055/5055 5057/5057/5057 5056/5056/5056 
f 5056/5056/5056 5057/5057/5057 5058/5058/5058 
f 5057/5057/5057 5059/5059/5059 5058/5058/5058 
f 5058/5058/5058 5059/5059/5059 5060/5060/5060 
f 5059/5059/5059 5061/5061/5061 5060/5060/5060 
f 5060/5060/5060 5061/5061/5061 5062/5062/5062 
f 5061/5061/5061 5063/5063/5063 5062/5062/5062 
f 5062/5062/5062 5063/5063/5063 5000/5000/5000 
f 5063/5063/5063 5001/5001/5001 5000/5000/5000 
f 5000/5000/5000 5001/5001/5001 5001/5001/5001 
f 5001/5001/5001 5063/5063/5063 5001/5001/5001 
f 5001/5001/5001 5063/5063/5063 5063/5063/5063 
f 5063/5063/5063 5064/5064/5064 5063/5063/5063 
f 5063/5063/5063 5064/5064/5064 5001/5001/5001 
f 5064/5064/5064 5065/5065/5065 5001/5001/5001 
f 5001/5001/5001 5065/5065/5065 5003/5003/5003 
f 5065/5065/5065 5066/5066/5066 5003/5003/5003 
f 5003/5003/5003 5066/5066/5066 5005/5005/5005 
f 5066/5066/5066 5067/5067/5067 5005/5005/5005 
f 5005/5005/5005 5067/5067/5067 5007/5007/5007 
f 5067/5067/5067 5068/5068/5068 5007/5007/5007 
f 5007/5007/5007 5068/5068/5068 5009/5009/5009 
f 5068/5068/5068 5069/5069/5069 5009/5009/5009 
f 5009/5009/5009 5069/5069/5069 5011/5011/5011 
f 5069/5069/5069 5070/5070/5070 5011/5011/5011 
f 5011/5011/5011 5070/5070/5070 5013/5013/5013 
f 5070/5070/5070 5071/5071/5071 5013/5013/5013 
f 5013/5013/5013 5071/5071/5071 5015/5015/5015 
f 5071/5071/5071 5072/5072/5072 5015/5015/5015 
f 5015/5015/5015 5072/5072/5072 5017/5017/5017 
f 5072/5072/5072 5073/5073/5073 5017/5017/5017 
f 5017/5017/5017 5073/5073/5073 5019/5019/5019 
f 5073/5073/5073 5074/5074/5074 5019/5019/5019 
f 5019/5019/5019 5074/5074/5074 5021/5021/5021 
f 5074/5074/5074 5075/5075/5075 5021/5021/5021 
f 5021/5021/5021 5075/5075/5075 5023/5023/5023 
f 5075/5075/5075 5076/5076/5076 5023/5023/5023 
f 5023/5023/5023 5076/5076/5076 5025/5025/5025 
f 5076/5076/5076 5077/5077/5077 5025/5025/5025 
f 5025/5025/5025 5077/5077/5077 5027/5027/5027 
f 5077/5077/5077 5078/5078/5078 5027/5027/5027 
f 5027/5027/5027 5078/5078/5078 5029/5029/5029 
f 5078/5078/5078 5079/5079/5079 5029/5029/5029 
f 5029/5029/5029 5079/5079/5079 5031/5031/5031 
f 5079/5079/5079 5080/5080/5080 5031/5031/5031 
f 5031/5031/5031 5080/5080/5080 5033/5033/5033 
f 5080/5080/5080 5081/5081/5081 5033/5033/5033 
f 5033/5033/5033 5081/5081/5081 5035/5035/5035 
f 5081/5081/5081 5082/5082/5082 5035/5035/5035 
f 5035/5035/5035 5082/5082/5082 5037/5037/5037 
f 5082/5082/5082 5083/5083/5083 5037/5037/5037 
f 5037/5037/5037 5083/5083/5083 5039/5039/5039 
f 5083/5083/5083 5084/5084/5084 5039/5039/5039 
f 5039/5039/5039 5084/5084/5084 5041/5041/5041 
f 5084/5084/5084 5085/5085/5085 5041/5041/5041 
f 5041/5041/5041 5085/5085/5085 5043/5043/5043 
f 5085/5085/5085 5086/5086/5086 5043/5043/5043 
f 5043/5043/5043 5086/5086/5086 5045/5045/5045 
f 5086/5086/5086 5087/5087/5087 5045/5045/5045 
f 5045/5045/5045 5087/5087/5087 5047/5047/5047 
f 5087/5087/5087 5088/5088/5088 5047/5047/5047 
f 5047/5047/5047 5088/5088/5088 5049/5049/5049 
f 5088/5088/5088 5089/5089/5089 5049/5049/5049 
f 5049/5049/5049 5089/5089/5089 5051/5051/5051 
f 5089/5089/5089 5090/5090/5090 5051/5051/5051 
f 5051/5051/5051 5090/5090/5090 5053/5053/5053 
f 5090/5090/5090 5091/5091/5091 5053/5053/5053 
f 5053/5053/5053 5091/5091/5091 5055/5055/5055 
f 5091/5091/5091 5092/5092/5092 5055/5055/5055 
f 5055/5055/5055 5092/5092/5092 5057/5057/5057 
f 5092/5092/5092 5093/5093/5093 5057/5057/5057 
f 5057/5057/5057 5093/5093/5093 5059/5059/5059 
f 5093/5093/5093 5094/5094/5094 5059/5059/5059 
f 5059/5059/5059 5094/5094/5094 5061/5061/5061 
f 5094/5094/5094 5095/5095/5095 5061/5061/5061 
f 5061/5061/5061 5095/5095/5095 5063/5063/5063 
f 5095/5095/5095 5064/5064/5064 5063/5063/5063 
f 5063/5063/5063 5064/5064/5064 5064/5064/5064 
f 5064/5064/5064 5096/5096/5096 5064/5064/5064 
f 5064/5064/5064 5096/5096/5096 5096/5096/5096 
f 5096/5096/5096 5097/5097/5097 5096/5096/5096 
f 5096/5096/5096 5097/5097/5097 5098/5098/5098 
f 5097/5097/5097 5099/5099/5099 5098/5098/5098 
f 5098/5098/5098 5099/5099/5099 5100/5100/5100 
f 5099/5099/5099 5101/5101/5101 5100/5100/5100 
f 5100/5100/5100 5101/5101/5101 5102/5102/5102 
f 5101/5101/5101 5103/5103/5103 5102/5102/5102 
f 5102/5102/5102 5103/5103/5103 5104/5104/5104 
f 5103/5103/5103 5105/5105/5105 5104/5104/5104 
f 5104/5104/5104 5105/5105/5105 5106/5106/5106 
f 5105/5105/5105 5107/5107/5107 5106/5106/5106 
f 5106/5106/5106 5107/5107/5107 5108/5108/5108 
f 5107/5107/5107 5109/5109/5109 5108/5108/5108 
f 5108/5108/5108 5109/5109/5109 5110/5110/5110 
f 5109/5109/5109 5111/5111/5111 5110/5110/5110 
f 5110/5110/5110 5111/5111/5111 5112/5112/5112 
f 5111/5111/5111 5113/5113/5113 5112/5112/5112 
f 5112/5112/5112 5113/5113/5113 5114/5114/5114 
f 5113/5113/5113 5115/5115/5115 5114/5114/5114 
f 5114/5114/5114 5115/5115/5115 5116/5116/5116 
f 5115/5115/5115 5117/5117/5117 5116/5116/5116 
f 5116/5116/5116 5117/5117/5117 5118/5118/5118 
f 5117/5117/5117 5119/5119/5119 5118/5118/5118 
f 5118/5118/5118 5119/5119/5119 5120/5120/5120 
f 5119/5119/5119 5121/5121/5121 5120/5120/5120 
f 5120/5120/5120 5121/5121/5121 5122/5122/5122 
f 5121/5121/5121 5123/5123/5123 5122/5122/5122 
f 5122/5122/5122 5123/5123/5123 5124/5124/5124 
f 5123/5123/5123 5125/5125/5125 5124/5124/5124 
f 5124/5124/5124 5125/5125/5125 5126/5126/5126 
f 5125/5125/5125 5127/5127/5127 5126/5126/5126 
f 5126/5126/5126 5127/5127/5127 5128/5128/5128 
f 5127/5127/5127 5129/5129/5129 5128/5128/5128 
f 5128/5128/5128 5129/5129/5129 5130/5130/5130 
f 5129/5129/5129 5131/5131/5131 5130/5130/5130 
f 5130/5130/5130 5131/5131/5131 5132/5132/5132 
f 5131/5131/5131 5133/5133/5133 5132/5132/5132 
f 5132/5132/5132 5133/5133/5133 5134/5134/5134 
f 5133/5133/5133 5135/5135/5135 5134/5134/5134 
f 5134/5134/5134 5135/5135/5135 5136/5136/5136 
f 5135/5135/5135 5137/5137/5137 5136/5136/5136 
f 5136/5136/5136 5137/5137/5137 5138/5138/5138 
f 5137/5137/5137 5139/5139/5139 5138/5138/5138 
f 5138/5138/5138 5139/5139/5139 5140/5140/5140 
f 5139/5139/5139 5141/5141/5141 5140/5140/5140 
f 5140/5140/5140 5141/5141/5141 5142/5142/5142 
f 5141/5141/5141 5143/5143/5143 5142/5142/5142 
f 5142/5142/5142 5143/5143/5143 5144/5144/5144 
f 5143/5143/5143 5145/5145/5145 5144/5144/5144 
f 5144/5144/5144 5145/5145/5145 5146/5146/5146 
f 5145/5145/5145 5147/5147/5147 5146/5146/5146 
f 5146/5146/5146 5147/5147/5147 5148/5148/5148 
f 5147/5147/5147 5149/5149/5149 5148/5148/5148 
f 5148/5148/5148 5149/5149/5149 5150/5150/5150 
f 5149/5149/5149 5151/5151/5151 5150/5150/5150 
f 5150/5150/5150 5151/5151/5151 5152/5152/5152 
f 5151/5151/5151 5153/5153/5153 5152/5152/5152 
f 5152/5152/5152 5153/5153/5153 5154/5154/5154 
f 5153/5153/5153 5155/5155/5155 5154/5154/5154 
f 5154/5154/5154 5155/5155/5155 5156/5156/5156 
f 5155/5155/5155 5157/5157/5157 5156/5156/5156 
f 5156/5156/5156 5157/5157/5157 5158/5158/5158 
f 5157/5157/5157 5159/5159/5159 5158/5158/5158 
f 5158/5158/5158 5159/5159/5159 5096/5096/5096 
f 5159/5159/5159 5097/5097/5097 5096/5096/5096 
f 5096/5096/5096 5097/5097/5097 5097/5097/5097 
f 5097/5097/5097 5159/5159/5159 5097/5097/5097 
f 5097/5097/5097 5159/5159/5159 5159/5159/5159 
f 5159/5159/5159 5160/5160/5160 5159/5159/5159 
f 5159/5159/5159 5160/5160/5160 5097/5097/5097 
f 5160/5160/5160 5161/5161/5161 5097/5097/5097 
f 5097/5097/5097 5161/5161/5161 5099/5099/5099 
f 5161/5161/5161 5162/5162/5162 5099/5099/5099 
f 5099/5099/5099 5162/5162/5162 5101/5101/5101 
f 5162/5162/5162 5163/5163/5163 5101/5101/5101 
f 5101/5101/5101 5163/5163/5163 5103/5103/5103 
f 5163/5163/5163 5164/5164/5164 5103/5103/5103 
f 5103/5103/5103 5164/5164/5164 5105/5105/5105 
f 5164/5164/5164 5165/5165/5165 5105/5105/5105 
f 5105/5105/5105 5165/5165/5165 5107/5107/5107 
f 5165/5165/5165 5166/5166/5166 5107/5107/5107 
f 5107/5107/5107 5166/5166/5166 5109/5109/5109 
f 5166/5166/5166 5167/5167/5167 5109/5109/5109 
f 5109/5109/5109 5167/5167/5167 5111/5111/5111 
f 5167/5167/5167 5168/5168/5168 5111/5111/5111 
f 5111/5111/5111 5168/5168/5168 5113/5113/5113 
f 5168/5168/5168 5169/5169/5169 5113/5113/5113 
f 5113/5113/5113 5169/5169/5169 5115/5115/5115 
f 5169/5169/5169 5170/5170/5170 5115/5115/5115 
f 5115/5115/5115 5170/5170/5170 5117/5117/5117 
f 5170/5170/5170 5171/5171/5171 5117/5117/5117 
f 5117/5117/5117 5171/5171/5171 5119/5119/5119 
f 5171/5171/5171 5172/5172/5172 5119/5119/5119 
f 5119/5119/5119 5172/5172/5172 5121/5121/5121 
f 5172/5172/5172 5173/5173/5173 5121/5121/5121 
f 5121/5121/5121 5173/5173/5173 5123/5123/5123 
f 5173/5173/5173 5174/5174/5174 5123/5123/5123 
f 5123/5123/5123 5174/5174/5174 5125/5125/5125 
f 5174/5174/5174 5175/5175/5175 5125/5125/5125 
f 5125/5125/5125 5175/5175/5175 5127/5127/5127 
f 5175/5175/5175 5176/5176/5176 5127/5127/5127 
f 5127/5127/5127 5176/5176/5176 5129/5129/5129 
f 5176/5176/5176 5177/5177/5177 5129/5129/5129 
f 5129/5129/5129 5177/5177/5177 5131/5131/5131 
f 5177/5177/5177 5178/5178/5178 5131/5131/5131 
f 5131/5131/5131 5178/5178/5178 5133/5133/5133 
f 5178/5178/5178 5179/5179/5179 5133/5133/5133 
f 5133/5133/5133 5179/5179/5179 5135/5135/5135 
f 5179/5179/5179 5180/5180/5180 5135/5135/5135 
f 5135/5135/5135 5180/5180/5180 5137/5137/5137 
f 5180/5180/5180 5181/5181/5181 5137/5137/5137 
f 5137/5137/5137 5181/5181/5181 5139/5139/5139 
f 5181/5181/5181 5182/5182/5182 5139/5139/5139 
f 5139/5139/5139 5182/5182/5182 5141/5141/5141 
f 5182/5182/5182 5183/5183/5183 5141/5141/5141 
f 5141/5141/5141 5183/5183/5183 5143/5143/5143 
f 5183/5183/5183 5184/5184/5184 5143/5143/5143 
f 5143/5143/5143 5184/5184/5184 5145/5145/5145 
f 5184/5184/5184 5185/5185/5185 5145/5145/5145 
f 5145/5145/5145 5185/5185/5185 5147/5147/5147 
f 5185/5185/5185 5186/5186/5186 5147/5147/5147 
f 5147/5147/5147 5186/5186/5186 5149/5149/5149 
f 5186/5186/5186 5187/5187/5187 5149/5149/5149 
f 5149/5149/5149 5187/5187/5187 5151/5151/5151 
f 5187/5187/5187 5188/5188/5188 5151/5151/5151 
f 5151/5151/5151 5188/5188/5188 5153/5153/5153 
f 5188/5188/5188 5189/5189/5189 5153/5153/5153 
f 5153/5153/5153 5189/5189/5189 5155/5155/5155 
f 5189/5189/5189 5190/5190/5190 5155/5155/5155 
f 5155/5155/5155 5190/5190/5190 5157/5157/5157 
f 5190/5190/5190 5191/5191/5191 5157/5157/5157 
f 5157/5157/5157 5191/5191/5191 5159/5159/5159 
f 5191/5191/5191 5160/5160/5160 5159/5159/5159 
f 5159/5159/5159 5160/5160/5160 5160/5160/5160 
f 5160/5160/5160 5192/5192/5192 5160/5160/5160 
f 5160/5160/5160 5192/5192/5192 5192/5192/5192 
f 5192/5192/5192 5193/5193/5193 5192/5192/5192 
f 5192/5192/5192 5193/5193/5193 5194/5194/5194 
f 5193/5193/5193 5195/5195/5195 5194/5194/5194 
f 5194/5194/5194 5195/5195/5195 5196/5196/5196 
f 5195/5195/5195 5197/5197/5197 5196/5196/5196 
f 5196/5196/5196 5197/5197/5197 5198/5198/5198 
f 5197/5197/5197 5199/5199/5199 5198/5198/5198 
f 5198/5198/5198 5199/5199/5199 5200/5200/5200 
f 5199/5199/5199 5201/5201/5201 5200/5200/5200 
f 5200/5200/5200 5201/5201/5201 5202/5202/5202 
f 5201/5201/5201 5203/5203/5203 5202/5202/5202 
f 5202/5202/5202 5203/5203/5203 5204/5204/5204 
f 5203/5203/5203 5205/5205/5205 5204/5204/5204 
f 5204/5204/5204 5205/5205/5205 5206/5206/5206 
f 5205/5205/5205 5207/5207/5207 5206/5206/5206 
f 5206/5206/5206 5207/5207/5207 5208/5208/5208 
f 5207/5207/5207 5209/5209/5209 5208/5208/5208 
f 5208/5208/5208 5209/5209/5209 5210/5210/5210 
f 5209/5209/5209 5211/5211/5211 5210/5210/5210 
f 5210/5210/5210 5211/5211/5211 5212/5212/5212 
f 5211/5211/5211 5213/5213/5213 5212/5212/5212 
f 5212/5212/5212 5213/5213/5213 5214/5214/5214 
f 5213/5213/5213 5215/5215/5215 5214/5214/5214 
f 5214/5214/5214 5215/5215/5215 5216/5216/5216 
f 5215/5215/5215 5217/5217/5217 5216/5216/5216 
f 5216/5216/5216 5217/5217/5217 5218/5218/5218 
f 5217/5217/5217 5219/5219/5219 5218/5218/5218 
f 5218/5218/5218 5219/5219/5219 5220/5220/5220 
f 5219/5219/5219 5221/5221/5221 5220/5220/5220 
f 5220/5220/5220 5221/5221/5221 5222/5222/5222 
f 5221/5221/5221 5223/5223/5223 5222/5222/5222 
f 5222/5222/5222 5223/5223/5223 5224/5224/5224 
f 5223/5223/5223 5225/5225/5225 5224/5224/5224 
f 5224/5224/5224 5225/5225/5225 5226/5226/5226 
f 5225/5225/5225 5227/5227/5227 5226/5226/5226 
f 5226/5226/5226 5227/5227/5227 5228/5228/5228 
f 5227/5227/5227 5229/5229/5229 5228/5228/5228 
f 5228/5228/5228 5229/5229/5229 5230/5230/5230 
f 5229/5229/5229 5231/5231/5231 5230/5230/5230 
f 5230/5230/5230 5231/5231/5231 5232/5232/5232 
f 5231/5231/5231 5233/5233/5233 5232/5232/5232 
f 5232/5232/5232 5233/5233/5233 5234/5234/5234 
f 5233/5233/5233 5235/5235/5235 5234/5234/5234 
f 5234/5234/5234 5235/5235/5235 5236/5236/5236 
f 5235/5235/5235 5237/5237/5237 5236/5236/5236 
f 5236/5236/5236 5237/5237/5237 5238/5238/5238 
f 5237/5237/5237 5239/5239/5239 5238/5238/5238 
f 5238/5238/5238 5239/5239/5239 5240/5240/5240 
f 5239/5239/5239 5241/5241/5241 5240/5240/5240 
f 5240/5240/5240 5241/5241/5241 5242/5242/5242 
f 5241/5241/5241 5243/5243/5243 5242/5242/5242 
f 5242/5242/5242 5243/5243/5243 5244/5244/5244 
f 5243/5243/5243 5245/5245/5245 5244/5244/5244 
f 5244/5244/5244 5245/5245/5245 5246/5246/5246 
f 5245/5245/5245 5247/5247/5247 5246/5246/5246 
f 5246/5246/5246 5247/5247/5247 5248/5248/5248 
f 5247/5247/5247 5249/5249/5249 5248/5248/5248 
f 5248/5248/5248 5249/5249/5249 5250/5250/5250 
f 5249/5249/5249 5251/5251/5251 5250/5250/5250 
f 5250/5250/5250 5251/5251/5251 5252/5252/5252 
f 5251/5251/5251 5253/5253/5253 5252/5252/5252 
f 5252/5252/5252 5253/5253/5253 5254/5254/5254 
f 5253/5253/5253 5255/5255/5255 5254/5254/5254 
f 5254/5254/5254 5255/5255/5255 5192/5192/5192 
f 5255/5255/5255 5193/5193/5193 5192/5192/5192 
f 5192/5192/5192 5193/5193/5193 5193/5193/5193 
f 5193/5193/5193 5256/5256/5256 5193/5193/5193 
f 5193/5193/5193 5256/5256/5256 5256/5256/5256 
f 5256/5256/5256 5257/5257/5257 5256/5256/5256 
f 5256/5256/5256 5257/5257/5257 5258/5258/5258 
f 5257/5257/5257 5259/5259/5259 5258/5258/5258 
f 5258/5258/5258 5259/5259/5259 5260/5260/5260 
f 5259/5259/5259 5261/5261/5261 5260/5260/5260 
f 5260/5260/5260 5261/5261/5261 5262/5262/5262 
f 5261/5261/5261 5263/5263/5263 5262/5262/5262 
f 5262/5262/5262 5263/5263/5263 5264/5264/5264 
f 5263/5263/5263 5265/5265/5265 5264/5264/5264 
f 5264/5264/5264 5265/5265/5265 5266/5266/5266 
f 5265/5265/5265 5267/5267/5267 5266/5266/5266 
f 5266/5266/5266 5267/5267/5267 5268/5268/5268 
f 5267/5267/5267 5269/5269/5269 5268/5268/5268 
f 5268/5268/5268 5269/5269/5269 5270/5270/5270 
f 5269/5269/5269 5271/5271/5271 5270/5270/5270 
f 5270/5270/5270 5271/5271/5271 5272/5272/5272 
f 5271/5271/5271 5273/5273/5273 5272/5272/5272 
f 5272/5272/5272 5273/5273/5273 5274/5274/5274 
f 5273/5273/5273 5275/5275/5275 5274/5274/5274 
f 5274/5274/5274 5275/5275/5275 5276/5276/5276 
f 5275/5275/5275 5277/5277/5277 5276/5276/5276 
f 5276/5276/5276 5277/5277/5277 5278/5278/5278 
f 5277/5277/5277 5279/5279/5279 5278/5278/5278 
f 5278/5278/5278 5279/5279/5279 5280/5280/5280 
f 5279/5279/5279 5281/5281/5281 5280/5280/5280 
f 5280/5280/5280 5281/5281/5281 5282/5282/5282 
f 5281/5281/5281 5283/5283/5283 5282/5282/5282 
f 5282/5282/5282 5283/5283/5283 5284/5284/5284 
f 5283/5283/5283 5285/5285/5285 5284/5284/5284 
f 5284/5284/5284 5285/5285/5285 5286/5286/5286 
f 5285/5285/5285 5287/5287/5287 5286/5286/5286 
f 5286/5286/5286 5287/5287/5287 5288/5288/5288 
f 5287/5287/5287 5289/5289/5289 5288/5288/5288 
f 5288/5288/5288 5289/5289/5289 5290/5290/5290 
f 5289/5289/5289 5291/5291/5291 5290/5290/5290 
f 5290/5290/5290 5291/5291/5291 5292/5292/5292 
f 5291/5291/5291 5293/5293/5293 5292/5292/5292 
f 5292/5292/5292 5293/5293/5293 5294/5294/5294 
f 5293/5293/5293 5295/5295/5295 5294/5294/5294 
f 5294/5294/5294 5295/5295/5295 5296/5296/5296 
f 5295/5295/5295 5297/5297/5297 5296/5296/5296 
f 5296/5296/5296 5297/5297/5297 5298/5298/5298 
f 5297/5297/5297 5299/5299/5299 5298/5298/5298 
f 5298/5298/5298 5299/5299/5299 5300/5300/5300 
f 5299/5299/5299 5301/5301/5301 5300/5300/5300 
f 5300/5300/5300 5301/5301/5301 5302/5302/5302 
f 5301/5301/5301 5303/5303/5303 5302/5302/5302 
f 5302/5302/5302 5303/5303/5303 5304/5304/5304 
f 5303/5303/5303 5305/5305/5305 5304/5304/5304 
f 5304/5304/5304 5305/5305/5305 5306/5306/5306 
f 5305/5305/5305 5307/5307/5307 5306/5306/5306 
f 5306/5306/5306 5307/5307/5307 5308/5308/5308 
f 5307/5307/5307 5309/5309/5309 5308/5308/5308 
f 5308/5308/5308 5309/5309/5309 5310/5310/5310 
f 5309/5309/5309 5311/5311/5311 5310/5310/5310 
f 5310/5310/5310 5311/5311/5311 5312/5312/5312 
f 5311/5311/5311 5313/5313/5313 5312/5312/5312 
f 5312/5312/5312 5313/5313/5313 5314/5314/5314 
f 5313/5313/5313 5315/5315/5315 5314/5314/5314 
f 5314/5314/5314 5315/5315/5315 5316/5316/5316 
f 5315/5315/5315 5317/5317/5317 5316/5316/5316 
f 5316/5316/5316 5317/5317/5317 5318/5318/5318 
f 5317/5317/5317 5319/5319/5319 5318/5318/5318 
f 5318/5318/5318 5319/5319/5319 5256/5256/5256 
f 5319/5319/5319 5257/5257/5257 5256/5256/5256 
f 5256/5256/5256 5257/5257/5257 5257/5257/5257 
f 5257/5257/5257 5319/5319/5319 5257/5257/5257 
f 5257/5257/5257 5319/5319/5319 5319/5319/5319 
f 5319/5319/5319 5320/5320/5320 5319/5319/5319 
f 5319/5319/5319 5320/5320/5320 5257/5257/5257 
f 5320/5320/5320 5321/5321/5321 5257/5257/5257 
f 5257/5257/5257 5321/5321/5321 5259/5259/5259 
f 5321/5321/5321 5322/5322/5322 5259/5259/5259 
f 5259/5259/5259 5322/5322/5322 5261/5261/5261 
f 5322/5322/5322 5323/5323/5323 5261/5261/5261 
f 5261/5261/5261 5323/5323/5323 5263/5263/5263 
f 5323/5323/5323 5324/5324/5324 5263/5263/5263 
f 5263/5263/5263 5324/5324/5324 5265/5265/5265 
f 5324/5324/5324 5325/5325/5325 5265/5265/5265 
f 5265/5265/5265 5325/5325/5325 5267/5267/5267 
f 5325/5325/5325 5326/5326/5326 5267/5267/5267 
f 5267/5267/5267 5326/5326/5326 5269/5269/5269 
f 5326/5326/5326 5327/5327/5327 5269/5269/5269 
f 5269/5269/5269 5327/5327/5327 5271/5271/5271 
f 5327/5327/5327 5328/5328/5328 5271/5271/5271 
f 5271/5271/5271 5328/5328/5328 5273/5273/5273 
f 5328/5328/5328 5329/5329/5329 5273/5273/5273 
f 5273/5273/5273 5329/5329/5329 5275/5275/5275 
f 5329/5329/5329 5330/5330/5330 5275/5275/5275 
f 5275/5275/5275 5330/5330/5330 5277/5277/5277 
f 5330/5330/5330 5331/5331/5331 5277/5277/5277 
f 5277/5277/5277 5331/5331/5331 5279/5279/5279 
f 5331/5331/5331 5332/5332/5332 5279/5279/5279 
f 5279/5279/5279 5332/5332/5332 5281/5281/5281 
f 5332/5332/5332 5333/5333/5333 5281/5281/5281 
f 5281/5281/5281 5333/5333/5333 5283/5283/5283 
f 5333/5333/5333 5334/5334/5334 5283/5283/5283 
f 5283/5283/5283 5334/5334/5334 5285/5285/5285 
f 5334/5334/5334 5335/5335/5335 5285/5285/5285 
f 5285/5285/5285 5335/5335/5335 5287/5287/5287 
f 5335/5335/5335 5336/5336/5336 5287/5287/5287 
f 5287/5287/5287 5336/5336/5336 5289/5289/5289 
f 5336/5336/5336 5337/5337/5337 5289/5289/5289 
f 5289/5289/5289 5337/5337/5337 5291/5291/5291 
f 5337/5337/5337 5338/5338/5338 5291/5291/5291 
f 5291/5291/5291 5338/5338/5338 5293/5293/5293 
f 5338/5338/5338 5339/5339/5339 5293/5293/5293 
f 5293/5293/5293 5339/5339/5339 5295/5295/5295 
f 5339/5339/5339 5340/5340/5340 5295/5295/5295 
f 5295/5295/5295 5340/5340/5340 5297/5297/5297 
f 5340/5340/5340 5341/5341/5341 5297/5297/5297 
f 5297/5297/5297 5341/5341/5341 5299/5299/5299 
f 5341/5341/5341 5342/5342/5342 5299/5299/5299 
f 5299/5299/5299 5342/5342/5342 5301/5301/5301 
f 5342/5342/5342 5343/5343/5343 5301/5301/5301 
f 5301/5301/5301 5343/5343/5343 5303/5303/5303 
f 5343/5343/5343 5344/5344/5344 5303/5303/5303 
f 5303/5303/5303 5344/5344/5344 5305/5305/5305 
f 5344/5344/5344 5345/5345/5345 5305/5305/5305 
f 5305/5305/5305 5345/5345/5345 5307/5307/5307 
f 5345/5345/5345 5346/5346/5346 5307/5307/5307 
f 5307/5307/5307 5346/5346/5346 5309/5309/5309 
f 5346/5346/5346 5347/5347/5347 5309/5309/5309 
f 5309/5309/5309 5347/5347/5347 5311/5311/5311 
f 5347/5347/5347 5348/5348/5348 5311/5311/5311 
f 5311/5311/5311 5348/5348/5348 5313/5313/5313 
f 5348/5348/5348 5349/5349/5349 5313/5313/5313 
f 5313/5313/5313 5349/5349/5349 5315/5315/5315 
f 5349/5349/5349 5350/5350/5350 5315/5315/5315 
f 5315/5315/5315 5350/5350/5350 5317/5317/5317 
f 5350/5350/5350 5351/5351/5351 5317/5317/5317 
f 5317/5317/5317 5351/5351/5351 5319/5319/5319 
f 5351/5351/5351 5320/5320/5320 5319/5319/5319 
f 5319/5319/5319 5320/5320/5320 5320/5320/5320 
f 5320/5320/5320 5351/5351/5351 5320/5320/5320 
f 5320/5320/5320 5351/5351/5351 5351/5351/5351 
f 5351/5351/5351 5352/5352/5352 5351/5351/5351 
f 5351/5351/5351 5352/5352/5352 5320/5320/5320 
f 5352/5352/5352 5353/5353/5353 5320/5320/5320 
f 5320/5320/5320 5353/5353/5353 5321/5321/5321 
f 5353/5353/5353 5354/5354/5354 5321/5321/5321 
f 5321/5321/5321 5354/5354/5354 5322/5322/5322 
f 5354/5354/5354 5355/5355/5355 5322/5322/5322 
f 5322/5322/5322 5355/5355/5355 5323/5323/5323 
f 5355/5355/5355 5356/5356/5356 5323/5323/5323 
f 5323/5323/5323 5356/5356/5356 5324/5324/5324 
f 5356/5356/5356 5357/5357/5357 5324/5324/5324 
f 5324/5324/5324 5357/5357/5357 5325/5325/5325 
f 5357/5357/5357 5358/5358/5358 5325/5325/5325 
f 5325/5325/5325 5358/5358/5358 5326/5326/5326 
f 5358/5358/5358 5359/5359/5359 5326/5326/5326 
f 5326/5326/5326 5359/5359/5359 5327/5327/5327 
f 5359/5359/5359 5360/5360/5360 5327/5327/5327 
f 5327/5327/5327 5360/5360/5360 5328/5328/5328 
f 5360/5360/5360 5361/5361/5361 5328/5328/5328 
f 5328/5328/5328 5361/5361/5361 5329/5329/5329 
f 5361/5361/5361 5362/5362/5362 5329/5329/5329 
f 5329/5329/5329 5362/5362/5362 5330/5330/5330 
f 5362/5362/5362 5363/5363/5363 5330/5330/5330 
f 5330/5330/5330 5363/5363/5363 5331/5331/5331 
f 5363/5363/5363 5364/5364/5364 5331/5331/5331 
f 5331/5331/5331 5364/5364/5364 5332/5332/5332 
f 5364/5364/5364 5365/5365/5365 5332/5332/5332 
f 5332/5332/5332 5365/5365/5365 5333/5333/5333 
f 5365/5365/5365 5366/5366/5366 5333/5333/5333 
f 5333/5333/5333 5366/5366/5366 5334/5334/5334 
f 5366/5366/5366 5367/5367/5367 5334/5334/5334 
f 5334/5334/5334 5367/5367/5367 5335/5335/5335 
f 5367/5367/5367 5368/5368/5368 5335/5335/5335 
f 5335/5335/5335 5368/5368/5368 5336/5336/5336 
f 5368/5368/5368 5369/5369/5369 5336/5336/5336 
f 5336/5336/5336 5369/5369/5369 5337/5337/5337 
f 5369/5369/5369 5370/5370/5370 5337/5337/5337 
f 5337/5337/5337 5370/5370/5370 5338/5338/5338 
f 5370/5370/5370 5371/5371/5371 5338/5338/5338 
f 5338/5338/5338 5371/5371/5371 5339/5339/5339 
f 5371/5371/5371 5372/5372/5372 5339/5339/5339 
f 5339/5339/5339 5372/5372/5372 5340/5340/5340 
f 5372/5372/5372 5373/5373/5373 5340/5340/5340 
f 5340/5340/5340 5373/5373/5373 5341/5341/5341 
f 5373/5373/5373 5374/5374/5374 5341/5341/5341 
f 5341/5341/5341 5374/5374/5374 5342/5342/5342 
f 5374/5374/5374 5375/5375/5375 5342/5342/5342 
f 5342/5342/5342 5375/5375/5375 5343/5343/5343 
f 5375/5375/5375 5376/5376/5376 5343/5343/5343 
f 5343/5343/5343 5376/5376/5376 5344/5344/5344 
f 5376/5376/5376 5377/5377/5377 5344/5344/5344 
f 5344/5344/5344 5377/5377/5377 5345/5345/5345 
f 5377/5377/5377 5378/5378/5378 5345/5345/5345 
f 5345/5345/5345 5378/5378/5378 5346/5346/5346 
f 5378/5378/5378 5379/5379/5379 5346/5346/5346 
f 5346/5346/5346 5379/5379/5379 5347/5347/5347 
f 5379/5379/5379 5380/5380/5380 5347/5347/5347 
f 5347/5347/5347 5380/5380/5380 5348/5348/5348 
f 5380/5380/5380 5381/5381/5381 5348/5348/5348 
f 5348/5348/5348 5381/5381/5381 5349/5349/5349 
f 5381/5381/5381 5382/5382/5382 5349/5349/5349 
f 5349/5349/5349 5382/5382/5382 5350/5350/5350 
f 5382/5382/5382 5383/5383/5383 5350/5350/5350 
f 5350/5350/5350 5383/5383/5383 5351/5351/5351 
f 5383/5383/5383 5352/5352/5352 5351/5351/5351 
f 5351/5351/5351 5352/5352/5352 5352/5352/5352 
f 5352/5352/5352 5384/5384/5384 5352/5352/5352 
f 5352/5352/5352 5384/5384/5384 5384/5384/5384 
f 5384/5384/5384 5385/5385/5385 5384/5384/5384 
f 5384/5384/5384 5385/5385/5385 5386/5386/5386 
f 5385/5385/5385 5387/5387/5387 5386/5386/5386 
f 5386/5386/5386 5387/5387/5387 5388/5388/5388 
f 5387/5387/5387 5388/5388/5388 5388/5388/5388 
f 5388/5388/5388 5388/5388/5388 5385/5385/5385 
f 5388/5388/5388 5385/5385/5385 5385/5385/5385 
f 5385/5385/5385 5385/5385/5385 5385/5385/5385 
f 5385/5385/5385 5384/5384/5384 5385/5385/5385 
f 5385/5385/5385 5384/5384/5384 5389/5389/5389 
f 5384/5384/5384 5390/5390/5390 5389/5389/5389 
f 5389/5389/5389 5390/5390/5390 5391/5391/5391 
f 5390/5390/5390 5392/5392/5392 5391/5391/5391 
f 5391/5391/5391 5392/5392/5392 5393/5393/5393 
f 5392/5392/5392 5394/5394/5394 5393/5393/5393 
f 5393/5393/5393 5394/5394/5394 5395/5395/5395 
f 5394/5394/5394 5396/5396/5396 5395/5395/5395 
f 5395/5395/5395 5396/5396/5396 5397/5397/5397 
f 5396/5396/5396 5398/5398/5398 5397/5397/5397 
f 5397/5397/5397 5398/5398/5398 5399/5399/5399 
f 5398/5398/5398 5400/5400/5400 5399/5399/5399 
f 5399/5399/5399 5400/5400/5400 5401/5401/5401 
f 5400/5400/5400 5402/5402/5402 5401/5401/5401 
f 5401/5401/5401 5402/5402/5402 5403/5403/5403 
f 5402/5402/5402 5404/5404/5404 5403/5403/5403 
f 5403/5403/5403 5404/5404/5404 5405/5405/5405 
f 5404/5404/5404 5406/5406/5406 5405/5405/5405 
f 5405/5405/5405 5406/5406/5406 5407/5407/5407 
f 5406/5406/5406 5408/5408/5408 5407/5407/5407 
f 5407/5407/5407 5408/5408/5408 5409/5409/5409 
f 5408/5408/5408 5410/5410/5410 5409/5409/5409 
f 5409/5409/5409 5410/5410/5410 5411/5411/5411 
f 5410/5410/5410 5412/5412/5412 5411/5411/5411 
f 5411/5411/5411 5412/5412/5412 5413/5413/5413 
f 5412/5412/5412 5414/5414/5414 5413/5413/5413 
f 5413/5413/5413 5414/5414/5414 5414/5414/5414 
f 5414/5414/5414 5384/5384/5384 5414/5414/5414 
f 5414/5414/5414 5384/5384/5384 5384/5384/5384 
f 5384/5384/5384 5415/5415/5415 5384/5384/5384 
f 5384/5384/5384 5415/5415/5415 5390/5390/5390 
f 5415/5415/5415 5416/5416/5416 5390/5390/5390 
f 5390/5390/5390 5416/5416/5416 5392/5392/5392 
f 5416/5416/5416 5417/5417/5417 5392/5392/5392 
f 5392/5392/5392 5417/5417/5417 5394/5394/5394 
f 5417/5417/5417 5418/5418/5418 5394/5394/5394 
f 5394/5394/5394 5418/5418/5418 5396/5396/5396 
f 5418/5418/5418 5419/5419/5419 5396/5396/5396 
f 5396/5396/5396 5419/5419/5419 5398/5398/5398 
f 5419/5419/5419 5420/5420/5420 5398/5398/5398 
f 5398/5398/5398 5420/5420/5420 5400/5400/5400 
f 5420/5420/5420 5402/5402/5402 5400/5400/5400 
f 5400/5400/5400 5402/5402/5402 5402/5402/5402 
f 5402/5402/5402 5420/5420/5420 5402/5402/5402 
f 5402/5402/5402 5420/5420/5420 5404/5404/5404 
f 5420/5420/5420 5421/5421/5421 5404/5404/5404 
f 5404/5404/5404 5421/5421/5421 5406/5406/5406 
f 5421/5421/5421 5422/5422/5422 5406/5406/5406 
f 5406/5406/5406 5422/5422/5422 5408/5408/5408 
f 5422/5422/5422 5423/5423/5423 5408/5408/5408 
f 5408/5408/5408 5423/5423/5423 5410/5410/5410 
f 5423/5423/5423 5424/5424/5424 5410/5410/5410 
f 5410/5410/5410 5424/5424/5424 5412/5412/5412 
f 5424/5424/5424 5425/5425/5425 5412/5412/5412 
f 5412/5412/5412 5425/5425/5425 5414/5414/5414 
f 5425/5425/5425 5426/5426/5426 5414/5414/5414 
f 5414/5414/5414 5426/5426/5426 5426/5426/5426 
f 5426/5426/5426 5420/5420/5420 5426/5426/5426 
f 5426/5426/5426 5420/5420/5420 5420/5420/5420 
f 5420/5420/5420 5419/5419/5419 5420/5420/5420 
f 5420/5420/5420 5419/5419/5419 5421/5421/5421 
f 5419/5419/5419 5427/5427/5427 5421/5421/5421 
f 5421/5421/5421 5427/5427/5427 5422/5422/5422 
f 5427/5427/5427 5428/5428/5428 5422/5422/5422 
f 5422/5422/5422 5428/5428/5428 5423/5423/5423 
f 5428/5428/5428 5429/5429/5429 5423/5423/5423 
f 5423/5423/5423 5429/5429/5429 5424/5424/5424 
f 5429/5429/5429 5430/5430/5430 5424/5424/5424 
f 5424/5424/5424 5430/5430/5430 5425/5425/5425 
f 5430/5430/5430 5431/5431/5431 5425/5425/5425 
f 5425/5425/5425 5431/5431/5431 5426/5426/5426 
f 5431/5431/5431 5432/5432/5432 5426/5426/5426 
f 5426/5426/5426 5432/5432/5432 5433/5433/5433 
f 5432/5432/5432 5434/5434/5434 5433/5433/5433 
f 5433/5433/5433 5434/5434/5434 5434/5434/5434 
f 5434/5434/5434 5419/5419/5419 5434/5434/5434 
f 5434/5434/5434 5419/5419/5419 5419/5419/5419 
f 5419/5419/5419 5418/5418/5418 5419/5419/5419 
f 5419/5419/5419 5418/5418/5418 5427/5427/5427 
f 5418/5418/5418 5435/5435/5435 5427/5427/5427 
f 5427/5427/5427 5435/5435/5435 5428/5428/5428 
f 5435/5435/5435 5436/5436/5436 5428/5428/5428 
f 5428/5428/5428 5436/5436/5436 5429/5429/5429 
f 5436/5436/5436 5437/5437/5437 5429/5429/5429 
f 5429/5429/5429 5437/5437/5437 5430/5430/5430 
f 5437/5437/5437 5438/5438/5438 5430/5430/5430 
f 5430/5430/5430 5438/5438/5438 5431/5431/5431 
f 5438/5438/5438 5439/5439/5439 5431/5431/5431 
f 5431/5431/5431 5439/5439/5439 5432/5432/5432 
f 5439/5439/5439 5440/5440/5440 5432/5432/5432 
f 5432/5432/5432 5440/5440/5440 5434/5434/5434 
f 5440/5440/5440 5441/5441/5441 5434/5434/5434 
f 5434/5434/5434 5441/5441/5441 5441/5441/5441 
f 5441/5441/5441 5437/5437/5437 5441/5441/5441 
f 5441/5441/5441 5437/5437/5437 5437/5437/5437 
f 5437/5437/5437 5442/5442/5442 5437/5437/5437 
f 5437/5437/5437 5442/5442/5442 5438/5438/5438 
f 5442/5442/5442 5443/5443/5443 5438/5438/5438 
f 5438/5438/5438 5443/5443/5443 5439/5439/5439 
f 5443/5443/5443 5444/5444/5444 5439/5439/5439 
f 5439/5439/5439 5444/5444/5444 5440/5440/5440 
f 5444/5444/5444 5445/5445/5445 5440/5440/5440 
f 5440/5440/5440 5445/5445/5445 5441/5441/5441 
f 5445/5445/5445 5446/5446/5446 5441/5441/5441 
f 5441/5441/5441 5446/5446/5446 5446/5446/5446 
f 5446/5446/5446 5443/5443/5443 5446/5446/5446 
f 5446/5446/5446 5443/5443/5443 5443/5443/5443 
f 5443/5443/5443 5442/5442/5442 5443/5443/5443 
f 5443/5443/5443 5442/5442/5442 5447/5447/5447 
f 5442/5442/5442 5448/5448/5448 5447/5447/5447 
f 5447/5447/5447 5448/5448/5448 5449/5449/5449 
f 5448/5448/5448 5450/5450/5450 5449/5449/5449 
f 5449/5449/5449 5450/5450/5450 5451/5451/5451 
f 5450/5450/5450 5452/5452/5452 5451/5451/5451 
f 5451/5451/5451 5452/5452/5452 5453/5453/5453 
f 5452/5452/5452 5386/5386/5386 5453/5453/5453 
f 5453/5453/5453 5386/5386/5386 5388/5388/5388 
f 5386/5386/5386 5388/5388/5388 5388/5388/5388 
f 5388/5388/5388 5388/5388/5388 5453/5453/5453 
f 5388/5388/5388 5453/5453/5453 5453/5453/5453 
f 5453/5453/5453 5453/5453/5453 5453/5453/5453 
f 5453/5453/5453 5388/5388/5388 5453/5453/5453 
f 5453/5453/5453 5388/5388/5388 5454/5454/5454 
f 5388/5388/5388 5455/5455/5455 5454/5454/5454 
f 5454/5454/5454 5455/5455/5455 5456/5456/5456 
f 5455/5455/5455 5457/5457/5457 5456/5456/5456 
f 5456/5456/5456 5457/5457/5457 5458/5458/5458 
f 5457/5457/5457 5459/5459/5459 5458/5458/5458 
f 5458/5458/5458 5459/5459/5459 5460/5460/5460 
f 5459/5459/5459 5461/5461/5461 5460/5460/5460 
f 5460/5460/5460 5461/5461/5461 5462/5462/5462 
f 5461/5461/5461 5463/5463/5463 5462/5462/5462 
f 5462/5462/5462 5463/5463/5463 5464/5464/5464 
f 5463/5463/5463 5465/5465/5465 5464/5464/5464 
f 5464/5464/5464 5465/5465/5465 5466/5466/5466 
f 5465/5465/5465 5467/5467/5467 5466/5466/5466 
f 5466/5466/5466 5467/5467/5467 5468/5468/5468 
f 5467/5467/5467 5468/5468/5468 5468/5468/5468 
f 5468/5468/5468 5468/5468/5468 5466/5466/5466 
f 5468/5468/5468 5466/5466/5466 5466/5466/5466 
f 5466/5466/5466 5466/5466/5466 5466/5466/5466 
f 5466/5466/5466 5469/5469/5469 5466/5466/5466 
f 5466/5466/5466 5469/5469/5469 5464/5464/5464 
f 5469/5469/5469 5470/5470/5470 5464/5464/5464 
f 5464/5464/5464 5470/5470/5470 5462/5462/5462 
f 5470/5470/5470 5471/5471/5471 5462/5462/5462 
f 5462/5462/5462 5471/5471/5471 5460/5460/5460 
f 5471/5471/5471 5472/5472/5472 5460/5460/5460 
f 5460/5460/5460 5472/5472/5472 5458/5458/5458 
f 5472/5472/5472 5473/5473/5473 5458/5458/5458 
f 5458/5458/5458 5473/5473/5473 5456/5456/5456 
f 5473/5473/5473 5474/5474/5474 5456/5456/5456 
f 5456/5456/5456 5474/5474/5474 5454/5454/5454 
f 5474/5474/5474 5475/5475/5475 5454/5454/5454 
f 5454/5454/5454 5475/5475/5475 5475/5475/5475 
f 5475/5475/5475 5466/5466/5466 5475/5475/5475 
f 5475/5475/5475 5466/5466/5466 5466/5466/5466 
f 5466/5466/5466 5468/5468/5468 5466/5466/5466 
f 5466/5466/5466 5468/5468/5468 5469/5469/5469 
f 5468/5468/5468 5476/5476/5476 5469/5469/5469 
f 5469/5469/5469 5476/5476/5476 5470/5470/5470 
f 5476/5476/5476 5477/5477/5477 5470/5470/5470 
f 5470/5470/5470 5477/5477/5477 5471/5471/5471 
f 5477/5477/5477 5478/5478/5478 5471/5471/5471 
f 5471/5471/5471 5478/5478/5478 5472/5472/5472 
f 5478/5478/5478 5479/5479/5479 5472/5472/5472 
f 5472/5472/5472 5479/5479/5479 5473/5473/5473 
f 5479/5479/5479 5480/5480/5480 5473/5473/5473 
f 5473/5473/5473 5480/5480/5480 5474/5474/5474 
f 5480/5480/5480 5481/5481/5481 5474/5474/5474 
f 5474/5474/5474 5481/5481/5481 5475/5475/5475 
f 5481/5481/5481 5482/5482/5482 5475/5475/5475 
f 5475/5475/5475 5482/5482/5482 5482/5482/5482 
f 5482/5482/5482 5476/5476/5476 5482/5482/5482 
f 5482/5482/5482 5476/5476/5476 5476/5476/5476 
f 5476/5476/5476 5483/5483/5483 5476/5476/5476 
f 5476/5476/5476 5483/5483/5483 5477/5477/5477 
f 5483/5483/5483 5484/5484/5484 5477/5477/5477 
f 5477/5477/5477 5484/5484/5484 5478/5478/5478 
f 5484/5484/5484 5485/5485/5485 5478/5478/5478 
f 5478/5478/5478 5485/5485/5485 5479/5479/5479 
f 5485/5485/5485 5486/5486/5486 5479/5479/5479 
f 5479/5479/5479 5486/5486/5486 5480/5480/5480 
f 5486/5486/5486 5487/5487/5487 5480/5480/5480 
f 5480/5480/5480 5487/5487/5487 5481/5481/5481 
f 5487/5487/5487 5488/5488/5488 5481/5481/5481 
f 5481/5481/5481 5488/5488/5488 5482/5482/5482 
f 5488/5488/5488 5489/5489/5489 5482/5482/5482 
f 5482/5482/5482 5489/5489/5489 5489/5489/5489 
f 5489/5489/5489 5476/5476/5476 5489/5489/5489 
f 5489/5489/5489 5476/5476/5476 5476/5476/5476 
f 5476/5476/5476 5468/5468/5468 5476/5476/5476 
f 5476/5476/5476 5468/5468/5468 5483/5483/5483 
f 5468/5468/5468 5490/5490/5490 5483/5483/5483 
f 5483/5483/5483 5490/5490/5490 5484/5484/5484 
f 5490/5490/5490 5491/5491/5491 5484/5484/5484 
f 5484/5484/5484 5491/5491/5491 5485/5485/5485 
f 5491/5491/5491 5492/5492/5492 5485/5485/5485 
f 5485/5485/5485 5492/5492/5492 5486/5486/5486 
f 5492/5492/5492 5493/5493/5493 5486/5486/5486 
f 5486/5486/5486 5493/5493/5493 5487/5487/5487 
f 5493/5493/5493 5494/5494/5494 5487/5487/5487 
f 5487/5487/5487 5494/5494/5494 5488/5488/5488 
f 5494/5494/5494 5495/5495/5495 5488/5488/5488 
f 5488/5488/5488 5495/5495/5495 5489/5489/5489 
f 5495/5495/5495 5496/5496/5496 5489/5489/5489 
f 5489/5489/5489 5496/5496/5496 5496/5496/5496 
f 5496/5496/5496 5490/5490/5490 5496/5496/5496 
f 5496/5496/5496 5490/5490/5490 5490/5490/5490 
f 5490/5490/5490 5497/5497/5497 5490/5490/5490 
f 5490/5490/5490 5497/5497/5497 5491/5491/5491 
f 5497/5497/5497 5498/5498/5498 5491/5491/5491 
f 5491/5491/5491 5498/5498/5498 5492/5492/5492 
f 5498/5498/5498 5499/5499/5499 5492/5492/5492 
f 5492/5492/5492 5499/5499/5499 5493/5493/5493 
f 5499/5499/5499 5500/5500/5500 5493/5493/5493 
f 5493/5493/5493 5500/5500/5500 5494/5494/5494 
f 5500/5500/5500 5501/5501/5501 5494/5494/5494 
f 5494/5494/5494 5501/5501/5501 5495/5495/5495 
f 5501/5501/5501 5502/5502/5502 5495/5495/5495 
f 5495/5495/5495 5502/5502/5502 5496/5496/5496 
f 5502/5502/5502 5444/5444/5444 5496/5496/5496 
f 5496/5496/5496 5444/5444/5444 5443/5443/5443 
f 5444/5444/5444 5443/5443/5443 5443/5443/5443 
f 5443/5443/5443 5443/5443/5443 5490/5490/5490 
f 5443/5443/5443 5490/5490/5490 5490/5490/5490 
f 5490/5490/5490 5490/5490/5490 5490/5490/5490 
f 5490/5490/5490 5468/5468/5468 5490/5490/5490 
f 5490/5490/5490 5468/5468/5468 5497/5497/5497 
f 5468/5468/5468 5503/5503/5503 5497/5497/5497 
f 5497/5497/5497 5503/5503/5503 5498/5498/5498 
f 5503/5503/5503 5504/5504/5504 5498/5498/5498 
f 5498/5498/5498 5504/5504/5504 5499/5499/5499 
f 5504/5504/5504 5505/5505/5505 5499/5499/5499 
f 5499/5499/5499 5505/5505/5505 5500/5500/5500 
f 5505/5505/5505 5506/5506/5506 5500/5500/5500 
f 5500/5500/5500 5506/5506/5506 5501/5501/5501 
f 5506/5506/5506 5507/5507/5507 5501/5501/5501 
f 5501/5501/5501 5507/5507/5507 5502/5502/5502 
f 5507/5507/5507 5445/5445/5445 5502/5502/5502 
f 5502/5502/5502 5445/5445/5445 5444/5444/5444 
f 5445/5445/5445 5444/5444/5444 5444/5444/5444 
f 5444/5444/5444 5444/5444/5444 5503/5503/5503 
f 5444/5444/5444 5503/5503/5503 5503/5503/5503 
f 5503/5503/5503 5503/5503/5503 5503/5503/5503 
f 5503/5503/5503 5508/5508/5508 5503/5503/5503 
f 5503/5503/5503 5508/5508/5508 5504/5504/5504 
f 5508/5508/5508 5509/5509/5509 5504/5504/5504 
f 5504/5504/5504 5509/5509/5509 5505/5505/5505 
f 5509/5509/5509 5510/5510/5510 5505/5505/5505 
f 5505/5505/5505 5510/5510/5510 5506/5506/5506 
f 5510/5510/5510 5511/5511/5511 5506/5506/5506 
f 5506/5506/5506 5511/5511/5511 5507/5507/5507 
f 5511/5511/5511 5446/5446/5446 5507/5507/5507 
f 5507/5507/5507 5446/5446/5446 5445/5445/5445 
f 5446/5446/5446 5445/5445/5445 5445/5445/5445 
f 5445/5445/5445 5445/5445/5445 5437/5437/5437 
f 5445/5445/5445 5437/5437/5437 5437/5437/5437 
f 5437/5437/5437 5437/5437/5437 5437/5437/5437 
f 5437/5437/5437 5436/5436/5436 5437/5437/5437 
f 5437/5437/5437 5436/5436/5436 5512/5512/5512 
f 5436/5436/5436 5513/5513/5513 5512/5512/5512 
f 5512/5512/5512 5513/5513/5513 5514/5514/5514 
f 5513/5513/5513 5416/5416/5416 5514/5514/5514 
f 5514/5514/5514 5416/5416/5416 5415/5415/5415 
f 5416/5416/5416 5415/5415/5415 5415/5415/5415 
f 5415/5415/5415 5415/5415/5415 5416/5416/5416 
f 5415/5415/5415 5416/5416/5416 5416/5416/5416 
f 5416/5416/5416 5416/5416/5416 5416/5416/5416 
f 5416/5416/5416 5513/5513/5513 5416/5416/5416 
f 5416/5416/5416 5513/5513/5513 5417/5417/5417 
f 5513/5513/5513 5435/5435/5435 5417/5417/5417 
f 5417/5417/5417 5435/5435/5435 5418/5418/5418 
f 5435/5435/5435 5418/5418/5418 5418/5418/5418 
f 5418/5418/5418 5418/5418/5418 5413/5413/5413 
f 5418/5418/5418 5413/5413/5413 5413/5413/5413 
f 5413/5413/5413 5413/5413/5413 5413/5413/5413 
f 5413/5413/5413 5515/5515/5515 5413/5413/5413 
f 5413/5413/5413 5515/5515/5515 5411/5411/5411 
f 5515/5515/5515 5516/5516/5516 5411/5411/5411 
f 5411/5411/5411 5516/5516/5516 5409/5409/5409 
f 5516/5516/5516 5517/5517/5517 5409/5409/5409 
f 5409/5409/5409 5517/5517/5517 5407/5407/5407 
f 5517/5517/5517 5518/5518/5518 5407/5407/5407 
f 5407/5407/5407 5518/5518/5518 5405/5405/5405 
f 5518/5518/5518 5519/5519/5519 5405/5405/5405 
f 5405/5405/5405 5519/5519/5519 5403/5403/5403 
f 5519/5519/5519 5401/5401/5401 5403/5403/5403 
f 5403/5403/5403 5401/5401/5401 5401/5401/5401 
f 5401/5401/5401 5515/5515/5515 5401/5401/5401 
f 5401/5401/5401 5515/5515/5515 5515/5515/5515 
f 5515/5515/5515 5520/5520/5520 5515/5515/5515 
f 5515/5515/5515 5520/5520/5520 5516/5516/5516 
f 5520/5520/5520 5521/5521/5521 5516/5516/5516 
f 5516/5516/5516 5521/5521/5521 5517/5517/5517 
f 5521/5521/5521 5522/5522/5522 5517/5517/5517 
f 5517/5517/5517 5522/5522/5522 5518/5518/5518 
f 5522/5522/5522 5523/5523/5523 5518/5518/5518 
f 5518/5518/5518 5523/5523/5523 5519/5519/5519 
f 5523/5523/5523 5401/5401/5401 5519/5519/5519 
f 5519/5519/5519 5401/5401/5401 5401/5401/5401 
f 5401/5401/5401 5520/5520/5520 5401/5401/5401 
f 5401/5401/5401 5520/5520/5520 5520/5520/5520 
f 5520/5520/5520 5524/5524/5524 5520/5520/5520 
f 5520/5520/5520 5524/5524/5524 5521/5521/5521 
f 5524/5524/5524 5525/5525/5525 5521/5521/5521 
f 5521/5521/5521 5525/5525/5525 5522/5522/5522 
f 5525/5525/5525 5526/5526/5526 5522/5522/5522 
f 5522/5522/5522 5526/5526/5526 5523/5523/5523 
f 5526/5526/5526 5401/5401/5401 5523/5523/5523 
f 5523/5523/5523 5401/5401/5401 5401/5401/5401 
f 5401/5401/5401 5524/5524/5524 5401/5401/5401 
f 5401/5401/5401 5524/5524/5524 5524/5524/5524 
f 5524/5524/5524 5527/5527/5527 5524/5524/5524 
f 5524/5524/5524 5527/5527/5527 5525/5525/5525 
f 5527/5527/5527 5528/5528/5528 5525/5525/5525 
f 5525/5525/5525 5528/5528/5528 5526/5526/5526 
f 5528/5528/5528 5401/5401/5401 5526/5526/5526 
f 5526/5526/5526 5401/5401/5401 5401/5401/5401 
f 5401/5401/5401 5528/5528/5528 5401/5401/5401 
f 5401/5401/5401 5528/5528/5528 5529/5529/5529 
f 5528/5528/5528 5527/5527/5527 5529/5529/5529 
f 5529/5529/5529 5527/5527/5527 5527/5527/5527 
f 5527/5527/5527 5530/5530/5530 5527/5527/5527 
f 5527/5527/5527 5530/5530/5530 5530/5530/5530 
f 5530/5530/5530 5531/5531/5531 5530/5530/5530 
f 5530/5530/5530 5531/5531/5531 5532/5532/5532 
f 5531/5531/5531 5533/5533/5533 5532/5532/5532 
f 5532/5532/5532 5533/5533/5533 5534/5534/5534 
f 5533/5533/5533 5535/5535/5535 5534/5534/5534 
f 5534/5534/5534 5535/5535/5535 5536/5536/5536 
f 5535/5535/5535 5537/5537/5537 5536/5536/5536 
f 5536/5536/5536 5537/5537/5537 5538/5538/5538 
f 5537/5537/5537 5539/5539/5539 5538/5538/5538 
f 5538/5538/5538 5539/5539/5539 5540/5540/5540 
f 5539/5539/5539 5541/5541/5541 5540/5540/5540 
f 5540/5540/5540 5541/5541/5541 5542/5542/5542 
f 5541/5541/5541 5543/5543/5543 5542/5542/5542 
f 5542/5542/5542 5543/5543/5543 5544/5544/5544 
f 5543/5543/5543 5545/5545/5545 5544/5544/5544 
f 5544/5544/5544 5545/5545/5545 5546/5546/5546 
f 5545/5545/5545 5547/5547/5547 5546/5546/5546 
f 5546/5546/5546 5547/5547/5547 5548/5548/5548 
f 5547/5547/5547 5549/5549/5549 5548/5548/5548 
f 5548/5548/5548 5549/5549/5549 5550/5550/5550 
f 5549/5549/5549 5551/5551/5551 5550/5550/5550 
f 5550/5550/5550 5551/5551/5551 5552/5552/5552 
f 5551/5551/5551 5553/5553/5553 5552/5552/5552 
f 5552/5552/5552 5553/5553/5553 5554/5554/5554 
f 5553/5553/5553 5555/5555/5555 5554/5554/5554 
f 5554/5554/5554 5555/5555/5555 5556/5556/5556 
f 5555/5555/5555 5557/5557/5557 5556/5556/5556 
f 5556/5556/5556 5557/5557/5557 5558/5558/5558 
f 5557/5557/5557 5559/5559/5559 5558/5558/5558 
f 5558/5558/5558 5559/5559/5559 5560/5560/5560 
f 5559/5559/5559 5561/5561/5561 5560/5560/5560 
f 5560/5560/5560 5561/5561/5561 5562/5562/5562 
f 5561/5561/5561 5563/5563/5563 5562/5562/5562 
f 5562/5562/5562 5563/5563/5563 5564/5564/5564 
f 5563/5563/5563 5565/5565/5565 5564/5564/5564 
f 5564/5564/5564 5565/5565/5565 5566/5566/5566 
f 5565/5565/5565 5567/5567/5567 5566/5566/5566 
f 5566/5566/5566 5567/5567/5567 5568/5568/5568 
f 5567/5567/5567 5569/5569/5569 5568/5568/5568 
f 5568/5568/5568 5569/5569/5569 5570/5570/5570 
f 5569/5569/5569 5571/5571/5571 5570/5570/5570 
f 5570/5570/5570 5571/5571/5571 5572/5572/5572 
f 5571/5571/5571 5573/5573/5573 5572/5572/5572 
f 5572/5572/5572 5573/5573/5573 5574/5574/5574 
f 5573/5573/5573 5575/5575/5575 5574/5574/5574 
f 5574/5574/5574 5575/5575/5575 5576/5576/5576 
f 5575/5575/5575 5577/5577/5577 5576/5576/5576 
f 5576/5576/5576 5577/5577/5577 5578/5578/5578 
f 5577/5577/5577 5579/5579/5579 5578/5578/5578 
f 5578/5578/5578 5579/5579/5579 5580/5580/5580 
f 5579/5579/5579 5581/5581/5581 5580/5580/5580 
f 5580/5580/5580 5581/5581/5581 5582/5582/5582 
f 5581/5581/5581 5583/5583/5583 5582/5582/5582 
f 5582/5582/5582 5583/5583/5583 5584/5584/5584 
f 5583/5583/5583 5585/5585/5585 5584/5584/5584 
f 5584/5584/5584 5585/5585/5585 5586/5586/5586 
f 5585/5585/5585 5587/5587/5587 5586/5586/5586 
f 5586/5586/5586 5587/5587/5587 5588/5588/5588 
f 5587/5587/5587 5589/5589/5589 5588/5588/5588 
f 5588/5588/5588 5589/5589/5589 5590/5590/5590 
f 5589/5589/5589 5591/5591/5591 5590/5590/5590 
f 5590/5590/5590 5591/5591/5591 5592/5592/5592 
f 5591/5591/5591 5593/5593/5593 5592/5592/5592 
f 5592/5592/5592 5593/5593/5593 5530/5530/5530 
f 5593/5593/5593 5531/5531/5531 5530/5530/5530 
f 5530/5530/5530 5531/5531/5531 5531/5531/5531 
f 5531/5531/5531 5593/5593/5593 5531/5531/5531 
f 5531/5531/5531 5593/5593/5593 5594/5594/5594 
f 5593/5593/5593 5591/5591/5591 5594/5594/5594 
f 5594/5594/5594 5591/5591/5591 5595/5595/5595 
f 5591/5591/5591 5589/5589/5589 5595/5595/5595 
f 5595/5595/5595 5589/5589/5589 5596/5596/5596 
f 5589/5589/5589 5587/5587/5587 5596/5596/5596 
f 5596/5596/5596 5587/5587/5587 5597/5597/5597 
f 5587/5587/5587 5585/5585/5585 5597/5597/5597 
f 5597/5597/5597 5585/5585/5585 5598/5598/5598 
f 5585/5585/5585 5583/5583/5583 5598/5598/5598 
f 5598/5598/5598 5583/5583/5583 5599/5599/5599 
f 5583/5583/5583 5581/5581/5581 5599/5599/5599 
f 5599/5599/5599 5581/5581/5581 5600/5600/5600 
f 5581/5581/5581 5579/5579/5579 5600/5600/5600 
f 5600/5600/5600 5579/5579/5579 5601/5601/5601 
f 5579/5579/5579 5577/5577/5577 5601/5601/5601 
f 5601/5601/5601 5577/5577/5577 5602/5602/5602 
f 5577/5577/5577 5575/5575/5575 5602/5602/5602 
f 5602/5602/5602 5575/5575/5575 5603/5603/5603 
f 5575/5575/5575 5573/5573/5573 5603/5603/5603 
f 5603/5603/5603 5573/5573/5573 5604/5604/5604 
f 5573/5573/5573 5571/5571/5571 5604/5604/5604 
f 5604/5604/5604 5571/5571/5571 5605/5605/5605 
f 5571/5571/5571 5569/5569/5569 5605/5605/5605 
f 5605/5605/5605 5569/5569/5569 5606/5606/5606 
f 5569/5569/5569 5567/5567/5567 5606/5606/5606 
f 5606/5606/5606 5567/5567/5567 5607/5607/5607 
f 5567/5567/5567 5565/5565/5565 5607/5607/5607 
f 5607/5607/5607 5565/5565/5565 5608/5608/5608 
f 5565/5565/5565 5563/5563/5563 5608/5608/5608 
f 5608/5608/5608 5563/5563/5563 5609/5609/5609 
f 5563/5563/5563 5561/5561/5561 5609/5609/5609 
f 5609/5609/5609 5561/5561/5561 5610/5610/5610 
f 5561/5561/5561 5559/5559/5559 5610/5610/5610 
f 5610/5610/5610 5559/5559/5559 5611/5611/5611 
f 5559/5559/5559 5557/5557/5557 5611/5611/5611 
f 5611/5611/5611 5557/5557/5557 5612/5612/5612 
f 5557/5557/5557 5555/5555/5555 5612/5612/5612 
f 5612/5612/5612 5555/5555/5555 5613/5613/5613 
f 5555/5555/5555 5553/5553/5553 5613/5613/5613 
f 5613/5613/5613 5553/5553/5553 5614/5614/5614 
f 5553/5553/5553 5551/5551/5551 5614/5614/5614 
f 5614/5614/5614 5551/5551/5551 5615/5615/5615 
f 5551/5551/5551 5549/5549/5549 5615/5615/5615 
f 5615/5615/5615 5549/5549/5549 5616/5616/5616 
f 5549/5549/5549 5547/5547/5547 5616/5616/5616 
f 5616/5616/5616 5547/5547/5547 5617/5617/5617 
f 5547/5547/5547 5545/5545/5545 5617/5617/5617 
f 5617/5617/5617 5545/5545/5545 5618/5618/5618 
f 5545/5545/5545 5543/5543/5543 5618/5618/5618 
f 5618/5618/5618 5543/5543/5543 5619/5619/5619 
f 5543/5543/5543 5541/5541/5541 5619/5619/5619 
f 5619/5619/5619 5541/5541/5541 5620/5620/5620 
f 5541/5541/5541 5539/5539/5539 5620/5620/5620 
f 5620/5620/5620 5539/5539/5539 5621/5621/5621 
f 5539/5539/5539 5537/5537/5537 5621/5621/5621 
f 5621/5621/5621 5537/5537/5537 5622/5622/5622 
f 5537/5537/5537 5535/5535/5535 5622/5622/5622 
f 5622/5622/5622 5535/5535/5535 5623/5623/5623 
f 5535/5535/5535 5533/5533/5533 5623/5623/5623 
f 5623/5623/5623 5533/5533/5533 5624/5624/5624 
f 5533/5533/5533 5625/5625/5625 5624/5624/5624 
f 5624/5624/5624 5625/5625/5625 5626/5626/5626 
f 5625/5625/5625 5627/5627/5627 5626/5626/5626 
f 5626/5626/5626 5627/5627/5627 5628/5628/5628 
f 5627/5627/5627 5629/5629/5629 5628/5628/5628 
f 5628/5628/5628 5629/5629/5629 5629/5629/5629 
f 5629/5629/5629 5624/5624/5624 5629/5629/5629 
f 5629/5629/5629 5624/5624/5624 5624/5624/5624 
f 5624/5624/5624 5630/5630/5630 5624/5624/5624 
f 5624/5624/5624 5630/5630/5630 5623/5623/5623 
f 5630/5630/5630 5631/5631/5631 5623/5623/5623 
f 5623/5623/5623 5631/5631/5631 5622/5622/5622 
f 5631/5631/5631 5632/5632/5632 5622/5622/5622 
f 5622/5622/5622 5632/5632/5632 5621/5621/5621 
f 5632/5632/5632 5633/5633/5633 5621/5621/5621 
f 5621/5621/5621 5633/5633/5633 5620/5620/5620 
f 5633/5633/5633 5634/5634/5634 5620/5620/5620 
f 5620/5620/5620 5634/5634/5634 5619/5619/5619 
f 5634/5634/5634 5635/5635/5635 5619/5619/5619 
f 5619/5619/5619 5635/5635/5635 5618/5618/5618 
f 5635/5635/5635 5636/5636/5636 5618/5618/5618 
f 5618/5618/5618 5636/5636/5636 5617/5617/5617 
f 5636/5636/5636 5637/5637/5637 5617/5617/5617 
f 5617/5617/5617 5637/5637/5637 5616/5616/5616 
f 5637/5637/5637 5638/5638/5638 5616/5616/5616 
f 5616/5616/5616 5638/5638/5638 5615/5615/5615 
f 5638/5638/5638 5639/5639/5639 5615/5615/5615 
f 5615/5615/5615 5639/5639/5639 5614/5614/5614 
f 5639/5639/5639 5640/5640/5640 5614/5614/5614 
f 5614/5614/5614 5640/5640/5640 5613/5613/5613 
f 5640/5640/5640 5641/5641/5641 5613/5613/5613 
f 5613/5613/5613 5641/5641/5641 5612/5612/5612 
f 5641/5641/5641 5642/5642/5642 5612/5612/5612 
f 5612/5612/5612 5642/5642/5642 5611/5611/5611 
f 5642/5642/5642 5643/5643/5643 5611/5611/5611 
f 5611/5611/5611 5643/5643/5643 5610/5610/5610 
f 5643/5643/5643 5644/5644/5644 5610/5610/5610 
f 5610/5610/5610 5644/5644/5644 5609/5609/5609 
f 5644/5644/5644 5645/5645/5645 5609/5609/5609 
f 5609/5609/5609 5645/5645/5645 5608/5608/5608 
f 5645/5645/5645 5646/5646/5646 5608/5608/5608 
f 5608/5608/5608 5646/5646/5646 5607/5607/5607 
f 5646/5646/5646 5647/5647/5647 5607/5607/5607 
f 5607/5607/5607 5647/5647/5647 5606/5606/5606 
f 5647/5647/5647 5648/5648/5648 5606/5606/5606 
f 5606/5606/5606 5648/5648/5648 5605/5605/5605 
f 5648/5648/5648 5649/5649/5649 5605/5605/5605 
f 5605/5605/5605 5649/5649/5649 5604/5604/5604 
f 5649/5649/5649 5650/5650/5650 5604/5604/5604 
f 5604/5604/5604 5650/5650/5650 5603/5603/5603 
f 5650/5650/5650 5651/5651/5651 5603/5603/5603 
f 5603/5603/5603 5651/5651/5651 5602/5602/5602 
f 5651/5651/5651 5652/5652/5652 5602/5602/5602 
f 5602/5602/5602 5652/5652/5652 5601/5601/5601 
f 5652/5652/5652 5653/5653/5653 5601/5601/5601 
f 5601/5601/5601 5653/5653/5653 5600/5600/5600 
f 5653/5653/5653 5654/5654/5654 5600/5600/5600 
f 5600/5600/5600 5654/5654/5654 5599/5599/5599 
f 5654/5654/5654 5655/5655/5655 5599/5599/5599 
f 5599/5599/5599 5655/5655/5655 5598/5598/5598 
f 5655/5655/5655 5656/5656/5656 5598/5598/5598 
f 5598/5598/5598 5656/5656/5656 5597/5597/5597 
f 5656/5656/5656 5657/5657/5657 5597/5597/5597 
f 5597/5597/5597 5657/5657/5657 5596/5596/5596 
f 5657/5657/5657 5658/5658/5658 5596/5596/5596 
f 5596/5596/5596 5658/5658/5658 5595/5595/5595 
f 5658/5658/5658 5659/5659/5659 5595/5595/5595 
f 5595/5595/5595 5659/5659/5659 5594/5594/5594 
f 5659/5659/5659 5627/5627/5627 5594/5594/5594 
f 5594/5594/5594 5627/5627/5627 5625/5625/5625 
f 5627/5627/5627 5625/5625/5625 5625/5625/5625 
f 5625/5625/5625 5625/5625/5625 5630/5630/5630 
f 5625/5625/5625 5630/5630/5630 5630/5630/5630 
f 5630/5630/5630 5630/5630/5630 5630/5630/5630 
f 5630/5630/5630 5660/5660/5660 5630/5630/5630 
f 5630/5630/5630 5660/5660/5660 5631/5631/5631 
f 5660/5660/5660 5661/5661/5661 5631/5631/5631 
f 5631/5631/5631 5661/5661/5661 5632/5632/5632 
f 5661/5661/5661 5662/5662/5662 5632/5632/5632 
f 5632/5632/5632 5662/5662/5662 5633/5633/5633 
f 5662/5662/5662 5663/5663/5663 5633/5633/5633 
f 5633/5633/5633 5663/5663/5663 5634/5634/5634 
f 5663/5663/5663 5664/5664/5664 5634/5634/5634 
f 5634/5634/5634 5664/5664/5664 5635/5635/5635 
f 5664/5664/5664 5665/5665/5665 5635/5635/5635 
f 5635/5635/5635 5665/5665/5665 5636/5636/5636 
f 5665/5665/5665 5666/5666/5666 5636/5636/5636 
f 5636/5636/5636 5666/5666/5666 5637/5637/5637 
f 5666/5666/5666 5667/5667/5667 5637/5637/5637 
f 5637/5637/5637 5667/5667/5667 5638/5638/5638 
f 5667/5667/5667 5668/5668/5668 5638/5638/5638 
f 5638/5638/5638 5668/5668/5668 5639/5639/5639 
f 5668/5668/5668 5669/5669/5669 5639/5639/5639 
f 5639/5639/5639 5669/5669/5669 5640/5640/5640 
f 5669/5669/5669 5670/5670/5670 5640/5640/5640 
f 5640/5640/5640 5670/5670/5670 5641/5641/5641 
f 5670/5670/5670 5671/5671/5671 5641/5641/5641 
f 5641/5641/5641 5671/5671/5671 5642/5642/5642 
f 5671/5671/5671 5672/5672/5672 5642/5642/5642 
f 5642/5642/5642 5672/5672/5672 5643/5643/5643 
f 5672/5672/5672 5673/5673/5673 5643/5643/5643 
f 5643/5643/5643 5673/5673/5673 5644/5644/5644 
f 5673/5673/5673 5674/5674/5674 5644/5644/5644 
f 5644/5644/5644 5674/5674/5674 5645/5645/5645 
f 5674/5674/5674 5675/5675/5675 5645/5645/5645 
f 5645/5645/5645 5675/5675/5675 5646/5646/5646 
f 5675/5675/5675 5676/5676/5676 5646/5646/5646 
f 5646/5646/5646 5676/5676/5676 5647/5647/5647 
f 5676/5676/5676 5677/5677/5677 5647/5647/5647 
f 5647/5647/5647 5677/5677/5677 5648/5648/5648 
f 5677/5677/5677 5678/5678/5678 5648/5648/5648 
f 5648/5648/5648 5678/5678/5678 5649/5649/5649 
f 5678/5678/5678 5679/5679/5679 5649/5649/5649 
f 5649/5649/5649 5679/5679/5679 5650/5650/5650 
f 5679/5679/5679 5680/5680/5680 5650/5650/5650 
f 5650/5650/5650 5680/5680/5680 5651/5651/5651 
f 5680/5680/5680 5681/5681/5681 5651/5651/5651 
f 5651/5651/5651 5681/5681/5681 5652/5652/5652 
f 5681/5681/5681 5682/5682/5682 5652/5652/5652 
f 5652/5652/5652 5682/5682/5682 5653/5653/5653 
f 5682/5682/5682 5683/5683/5683 5653/5653/5653 
f 5653/5653/5653 5683/5683/5683 5654/5654/5654 
f 5683/5683/5683 5684/5684/5684 5654/5654/5654 
f 5654/5654/5654 5684/5684/5684 5655/5655/5655 
f 5684/5684/5684 5685/5685/5685 5655/5655/5655 
f 5655/5655/5655 5685/5685/5685 5656/5656/5656 
f 5685/5685/5685 5686/5686/5686 5656/5656/5656 
f 5656/5656/5656 5686/5686/5686 5657/5657/5657 
f 5686/5686/5686 5687/5687/5687 5657/5657/5657 
f 5657/5657/5657 5687/5687/5687 5658/5658/5658 
f 5687/5687/5687 5688/5688/5688 5658/5658/5658 
f 5658/5658/5658 5688/5688/5688 5659/5659/5659 
f 5688/5688/5688 5629/5629/5629 5659/5659/5659 
f 5659/5659/5659 5629/5629/5629 5627/5627/5627 
f 5629/5629/5629 5627/5627/5627 5627/5627/5627 
f 5627/5627/5627 5627/5627/5627 5660/5660/5660 
f 5627/5627/5627 5660/5660/5660 5660/5660/5660 
f 5660/5660/5660 5660/5660/5660 5660/5660/5660 
f 5660/5660/5660 5630/5630/5630 5660/5660/5660 
f 5660/5660/5660 5630/5630/5630 5689/5689/5689 
f 5630/5630/5630 5626/5626/5626 5689/5689/5689 
f 5689/5689/5689 5626/5626/5626 5628/5628/5628 
f 5626/5626/5626 5628/5628/5628 5628/5628/5628 
f 5628/5628/5628 5628/5628/5628 5533/5533/5533 
f 5628/5628/5628 5533/5533/5533 5533/5533/5533 
f 5533/5533/5533 5533/5533/5533 5533/5533/5533 
f 5533/5533/5533 5531/5531/5531 5533/5533/5533 
f 5533/5533/5533 5531/5531/5531 5625/5625/5625 
f 5531/5531/5531 5594/5594/5594 5625/5625/5625 
f 5625/5625/5625 5594/5594/5594 5594/5594/5594 
f 5594/5594/5594 5690/5690/5690 5594/5594/5594 
f 5594/5594/5594 5690/5690/5690 5690/5690/5690 
f 5690/5690/5690 5691/5691/5691 5690/5690/5690 
f 5690/5690/5690 5691/5691/5691 5692/5692/5692 
f 5691/5691/5691 5693/5693/5693 5692/5692/5692 
f 5692/5692/5692 5693/5693/5693 5694/5694/5694 
f 5693/5693/5693 5695/5695/5695 5694/5694/5694 
f 5694/5694/5694 5695/5695/5695 5696/5696/5696 
f 5695/5695/5695 5697/5697/5697 5696/5696/5696 
f 5696/5696/5696 5697/5697/5697 5698/5698/5698 
f 5697/5697/5697 5699/5699/5699 5698/5698/5698 
f 5698/5698/5698 5699/5699/5699 5700/5700/5700 
f 5699/5699/5699 5701/5701/5701 5700/5700/5700 
f 5700/5700/5700 5701/5701/5701 5702/5702/5702 
f 5701/5701/5701 5703/5703/5703 5702/5702/5702 
f 5702/5702/5702 5703/5703/5703 5704/5704/5704 
f 5703/5703/5703 5705/5705/5705 5704/5704/5704 
f 5704/5704/5704 5705/5705/5705 5706/5706/5706 
f 5705/5705/5705 5707/5707/5707 5706/5706/5706 
f 5706/5706/5706 5707/5707/5707 5708/5708/5708 
f 5707/5707/5707 5709/5709/5709 5708/5708/5708 
f 5708/5708/5708 5709/5709/5709 5710/5710/5710 
f 5709/5709/5709 5711/5711/5711 5710/5710/5710 
f 5710/5710/5710 5711/5711/5711 5712/5712/5712 
f 5711/5711/5711 5713/5713/5713 5712/5712/5712 
f 5712/5712/5712 5713/5713/5713 5714/5714/5714 
f 5713/5713/5713 5715/5715/5715 5714/5714/5714 
f 5714/5714/5714 5715/5715/5715 5716/5716/5716 
f 5715/5715/5715 5717/5717/5717 5716/5716/5716 
f 5716/5716/5716 5717/5717/5717 5718/5718/5718 
f 5717/5717/5717 5719/5719/5719 5718/5718/5718 
f 5718/5718/5718 5719/5719/5719 5720/5720/5720 
f 5719/5719/5719 5721/5721/5721 5720/5720/5720 
f 5720/5720/5720 5721/5721/5721 5722/5722/5722 
f 5721/5721/5721 5723/5723/5723 5722/5722/5722 
f 5722/5722/5722 5723/5723/5723 5724/5724/5724 
f 5723/5723/5723 5725/5725/5725 5724/5724/5724 
f 5724/5724/5724 5725/5725/5725 5726/5726/5726 
f 5725/5725/5725 5727/5727/5727 5726/5726/5726 
f 5726/5726/5726 5727/5727/5727 5728/5728/5728 
f 5727/5727/5727 5729/5729/5729 5728/5728/5728 
f 5728/5728/5728 5729/5729/5729 5730/5730/5730 
f 5729/5729/5729 5731/5731/5731 5730/5730/5730 
f 5730/5730/5730 5731/5731/5731 5732/5732/5732 
f 5731/5731/5731 5733/5733/5733 5732/5732/5732 
f 5732/5732/5732 5733/5733/5733 5734/5734/5734 
f 5733/5733/5733 5735/5735/5735 5734/5734/5734 
f 5734/5734/5734 5735/5735/5735 5736/5736/5736 
f 5735/5735/5735 5737/5737/5737 5736/5736/5736 
f 5736/5736/5736 5737/5737/5737 5738/5738/5738 
f 5737/5737/5737 5739/5739/5739 5738/5738/5738 
f 5738/5738/5738 5739/5739/5739 5740/5740/5740 
f 5739/5739/5739 5741/5741/5741 5740/5740/5740 
f 5740/5740/5740 5741/5741/5741 5742/5742/5742 
f 5741/5741/5741 5743/5743/5743 5742/5742/5742 
f 5742/5742/5742 5743/5743/5743 5744/5744/5744 
f 5743/5743/5743 5745/5745/5745 5744/5744/5744 
f 5744/5744/5744 5745/5745/5745 5746/5746/5746 
f 5745/5745/5745 5747/5747/5747 5746/5746/5746 
f 5746/5746/5746 5747/5747/5747 5748/5748/5748 
f 5747/5747/5747 5749/5749/5749 5748/5748/5748 
f 5748/5748/5748 5749/5749/5749 5750/5750/5750 
f 5749/5749/5749 5751/5751/5751 5750/5750/5750 
f 5750/5750/5750 5751/5751/5751 5752/5752/5752 
f 5751/5751/5751 5753/5753/5753 5752/5752/5752 
f 5752/5752/5752 5753/5753/5753 5754/5754/5754 
f 5753/5753/5753 5755/5755/5755 5754/5754/5754 
f 5754/5754/5754 5755/5755/5755 5756/5756/5756 
f 5755/5755/5755 5757/5757/5757 5756/5756/5756 
f 5756/5756/5756 5757/5757/5757 5690/5690/5690 
f 5757/5757/5757 5691/5691/5691 5690/5690/5690 
f 5690/5690/5690 5691/5691/5691 5691/5691/5691 
f 5691/5691/5691 5758/5758/5758 5691/5691/5691 
f 5691/5691/5691 5758/5758/5758 5758/5758/5758 
f 5758/5758/5758 5759/5759/5759 5758/5758/5758 
f 5758/5758/5758 5759/5759/5759 5760/5760/5760 
f 5759/5759/5759 5761/5761/5761 5760/5760/5760 
f 5760/5760/5760 5761/5761/5761 5762/5762/5762 
f 5761/5761/5761 5763/5763/5763 5762/5762/5762 
f 5762/5762/5762 5763/5763/5763 5764/5764/5764 
f 5763/5763/5763 5765/5765/5765 5764/5764/5764 
f 5764/5764/5764 5765/5765/5765 5766/5766/5766 
f 5765/5765/5765 5767/5767/5767 5766/5766/5766 
f 5766/5766/5766 5767/5767/5767 5768/5768/5768 
f 5767/5767/5767 5769/5769/5769 5768/5768/5768 
f 5768/5768/5768 5769/5769/5769 5770/5770/5770 
f 5769/5769/5769 5771/5771/5771 5770/5770/5770 
f 5770/5770/5770 5771/5771/5771 5772/5772/5772 
f 5771/5771/5771 5773/5773/5773 5772/5772/5772 
f 5772/5772/5772 5773/5773/5773 5774/5774/5774 
f 5773/5773/5773 5775/5775/5775 5774/5774/5774 
f 5774/5774/5774 5775/5775/5775 5776/5776/5776 
f 5775/5775/5775 5777/5777/5777 5776/5776/5776 
f 5776/5776/5776 5777/5777/5777 5778/5778/5778 
f 5777/5777/5777 5779/5779/5779 5778/5778/5778 
f 5778/5778/5778 5779/5779/5779 5780/5780/5780 
f 5779/5779/5779 5781/5781/5781 5780/5780/5780 
f 5780/5780/5780 5781/5781/5781 5782/5782/5782 
f 5781/5781/5781 5783/5783/5783 5782/5782/5782 
f 5782/5782/5782 5783/5783/5783 5784/5784/5784 
f 5783/5783/5783 5785/5785/5785 5784/5784/5784 
f 5784/5784/5784 5785/5785/5785 5786/5786/5786 
f 5785/5785/5785 5787/5787/5787 5786/5786/5786 
f 5786/5786/5786 5787/5787/5787 5788/5788/5788 
f 5787/5787/5787 5789/5789/5789 5788/5788/5788 
f 5788/5788/5788 5789/5789/5789 5790/5790/5790 
f 5789/5789/5789 5791/5791/5791 5790/5790/5790 
f 5790/5790/5790 5791/5791/5791 5792/5792/5792 
f 5791/5791/5791 5793/5793/5793 5792/5792/5792 
f 5792/5792/5792 5793/5793/5793 5794/5794/5794 
f 5793/5793/5793 5795/5795/5795 5794/5794/5794 
f 5794/5794/5794 5795/5795/5795 5796/5796/5796 
f 5795/5795/5795 5797/5797/5797 5796/5796/5796 
f 5796/5796/5796 5797/5797/5797 5798/5798/5798 
f 5797/5797/5797 5799/5799/5799 5798/5798/5798 
f 5798/5798/5798 5799/5799/5799 5800/5800/5800 
f 5799/5799/5799 5801/5801/5801 5800/5800/5800 
f 5800/5800/5800 5801/5801/5801 5802/5802/5802 
f 5801/5801/5801 5803/5803/5803 5802/5802/5802 
f 5802/5802/5802 5803/5803/5803 5804/5804/5804 
f 5803/5803/5803 5805/5805/5805 5804/5804/5804 
f 5804/5804/5804 5805/5805/5805 5806/5806/5806 
f 5805/5805/5805 5807/5807/5807 5806/5806/5806 
f 5806/5806/5806 5807/5807/5807 5808/5808/5808 
f 5807/5807/5807 5809/5809/5809 5808/5808/5808 
f 5808/5808/5808 5809/5809/5809 5810/5810/5810 
f 5809/5809/5809 5811/5811/5811 5810/5810/5810 
f 5810/5810/5810 5811/5811/5811 5812/5812/5812 
f 5811/5811/5811 5813/5813/5813 5812/5812/5812 
f 5812/5812/5812 5813/5813/5813 5814/5814/5814 
f 5813/5813/5813 5815/5815/5815 5814/5814/5814 
f 5814/5814/5814 5815/5815/5815 5816/5816/5816 
f 5815/5815/5815 5817/5817/5817 5816/5816/5816 
f 5816/5816/5816 5817/5817/5817 5818/5818/5818 
f 5817/5817/5817 5819/5819/5819 5818/5818/5818 
f 5818/5818/5818 5819/5819/5819 5820/5820/5820 
f 5819/5819/5819 5821/5821/5821 5820/5820/5820 
f 5820/5820/5820 5821/5821/5821 5758/5758/5758 
f 5821/5821/5821 5759/5759/5759 5758/5758/5758 
f 5758/5758/5758 5759/5759/5759 5759/5759/5759 
f 5759/5759/5759 5821/5821/5821 5759/5759/5759 
f 5759/5759/5759 5821/5821/5821 5821/5821/5821 
f 5821/5821/5821 5822/5822/5822 5821/5821/5821 
f 5821/5821/5821 5822/5822/5822 5759/5759/5759 
f 5822/5822/5822 5823/5823/5823 5759/5759/5759 
f 5759/5759/5759 5823/5823/5823 5761/5761/5761 
f 5823/5823/5823 5824/5824/5824 5761/5761/5761 
f 5761/5761/5761 5824/5824/5824 5763/5763/5763 
f 5824/5824/5824 5825/5825/5825 5763/5763/5763 
f 5763/5763/5763 5825/5825/5825 5765/5765/5765 
f 5825/5825/5825 5826/5826/5826 5765/5765/5765 
f 5765/5765/5765 5826/5826/5826 5767/5767/5767 
f 5826/5826/5826 5827/5827/5827 5767/5767/5767 
f 5767/5767/5767 5827/5827/5827 5769/5769/5769 
f 5827/5827/5827 5828/5828/5828 5769/5769/5769 
f 5769/5769/5769 5828/5828/5828 5771/5771/5771 
f 5828/5828/5828 5829/5829/5829 5771/5771/5771 
f 5771/5771/5771 5829/5829/5829 5773/5773/5773 
f 5829/5829/5829 5830/5830/5830 5773/5773/5773 
f 5773/5773/5773 5830/5830/5830 5775/5775/5775 
f 5830/5830/5830 5831/5831/5831 5775/5775/5775 
f 5775/5775/5775 5831/5831/5831 5777/5777/5777 
f 5831/5831/5831 5832/5832/5832 5777/5777/5777 
f 5777/5777/5777 5832/5832/5832 5779/5779/5779 
f 5832/5832/5832 5833/5833/5833 5779/5779/5779 
f 5779/5779/5779 5833/5833/5833 5781/5781/5781 
f 5833/5833/5833 5834/5834/5834 5781/5781/5781 
f 5781/5781/5781 5834/5834/5834 5783/5783/5783 
f 5834/5834/5834 5835/5835/5835 5783/5783/5783 
f 5783/5783/5783 5835/5835/5835 5785/5785/5785 
f 5835/5835/5835 5836/5836/5836 5785/5785/5785 
f 5785/5785/5785 5836/5836/5836 5787/5787/5787 
f 5836/5836/5836 5837/5837/5837 5787/5787/5787 
f 5787/5787/5787 5837/5837/5837 5789/5789/5789 
f 5837/5837/5837 5838/5838/5838 5789/5789/5789 
f 5789/5789/5789 5838/5838/5838 5791/5791/5791 
f 5838/5838/5838 5839/5839/5839 5791/5791/5791 
f 5791/5791/5791 5839/5839/5839 5793/5793/5793 
f 5839/5839/5839 5840/5840/5840 5793/5793/5793 
f 5793/5793/5793 5840/5840/5840 5795/5795/5795 
f 5840/5840/5840 5841/5841/5841 5795/5795/5795 
f 5795/5795/5795 5841/5841/5841 5797/5797/5797 
f 5841/5841/5841 5842/5842/5842 5797/5797/5797 
f 5797/5797/5797 5842/5842/5842 5799/5799/5799 
f 5842/5842/5842 5843/5843/5843 5799/5799/5799 
f 5799/5799/5799 5843/5843/5843 5801/5801/5801 
f 5843/5843/5843 5844/5844/5844 5801/5801/5801 
f 5801/5801/5801 5844/5844/5844 5803/5803/5803 
f 5844/5844/5844 5845/5845/5845 5803/5803/5803 
f 5803/5803/5803 5845/5845/5845 5805/5805/5805 
f 5845/5845/5845 5846/5846/5846 5805/5805/5805 
f 5805/5805/5805 5846/5846/5846 5807/5807/5807 
f 5846/5846/5846 5847/5847/5847 5807/5807/5807 
f 5807/5807/5807 5847/5847/5847 5809/5809/5809 
f 5847/5847/5847 5848/5848/5848 5809/5809/5809 
f 5809/5809/5809 5848/5848/5848 5811/5811/5811 
f 5848/5848/5848 5849/5849/5849 5811/5811/5811 
f 5811/5811/5811 5849/5849/5849 5813/5813/5813 
f 5849/5849/5849 5850/5850/5850 5813/5813/5813 
f 5813/5813/5813 5850/5850/5850 5815/5815/5815 
f 5850/5850/5850 5851/5851/5851 5815/5815/5815 
f 5815/5815/5815 5851/5851/5851 5817/5817/5817 
f 5851/5851/5851 5852/5852/5852 5817/5817/5817 
f 5817/5817/5817 5852/5852/5852 5819/5819/5819 
f 5852/5852/5852 5853/5853/5853 5819/5819/5819 
f 5819/5819/5819 5853/5853/5853 5821/5821/5821 
f 5853/5853/5853 5822/5822/5822 5821/5821/5821 
f 5821/5821/5821 5822/5822/5822 5822/5822/5822 
f 5822/5822/5822 5828/5828/5828 5822/5822/5822 
f 5822/5822/5822 5828/5828/5828 5828/5828/5828 
f 5828/5828/5828 5827/5827/5827 5828/5828/5828 
f 5828/5828/5828 5827/5827/5827 5829/5829/5829 
f 5827/5827/5827 5854/5854/5854 5829/5829/5829 
f 5829/5829/5829 5854/5854/5854 5830/5830/5830 
f 5854/5854/5854 5831/5831/5831 5830/5830/5830 
f 5830/5830/5830 5831/5831/5831 5831/5831/5831 
f 5831/5831/5831 5827/5827/5827 5831/5831/5831 
f 5831/5831/5831 5827/5827/5827 5827/5827/5827 
f 5827/5827/5827 5826/5826/5826 5827/5827/5827 
f 5827/5827/5827 5826/5826/5826 5854/5854/5854 
f 5826/5826/5826 5825/5825/5825 5854/5854/5854 
f 5854/5854/5854 5825/5825/5825 5824/5824/5824 
f 5825/5825/5825 5824/5824/5824 5824/5824/5824 
f 5824/5824/5824 5824/5824/5824 5824/5824/5824 
f 5824/5824/5824 5823/5823/5823 5824/5824/5824 
f 5824/5824/5824 5823/5823/5823 5854/5854/5854 
f 5823/5823/5823 5822/5822/5822 5854/5854/5854 
f 5854/5854/5854 5822/5822/5822 5853/5853/5853 
f 5822/5822/5822 5853/5853/5853 5853/5853/5853 
f 5853/5853/5853 5853/5853/5853 5853/5853/5853 
f 5853/5853/5853 5852/5852/5852 5853/5853/5853 
f 5853/5853/5853 5852/5852/5852 5854/5854/5854 
f 5852/5852/5852 5851/5851/5851 5854/5854/5854 
f 5854/5854/5854 5851/5851/5851 5850/5850/5850 
f 5851/5851/5851 5850/5850/5850 5850/5850/5850 
f 5850/5850/5850 5850/5850/5850 5850/5850/5850 
f 5850/5850/5850 5849/5849/5849 5850/5850/5850 
f 5850/5850/5850 5849/5849/5849 5854/5854/5854 
f 5849/5849/5849 5848/5848/5848 5854/5854/5854 
f 5854/5854/5854 5848/5848/5848 5847/5847/5847 
f 5848/5848/5848 5847/5847/5847 5847/5847/5847 
f 5847/5847/5847 5847/5847/5847 5847/5847/5847 
f 5847/5847/5847 5846/5846/5846 5847/5847/5847 
f 5847/5847/5847 5846/5846/5846 5854/5854/5854 
f 5846/5846/5846 5845/5845/5845 5854/5854/5854 
f 5854/5854/5854 5845/5845/5845 5844/5844/5844 
f 5845/5845/5845 5844/5844/5844 5844/5844/5844 
f 5844/5844/5844 5844/5844/5844 5844/5844/5844 
f 5844/5844/5844 5843/5843/5843 5844/5844/5844 
f 5844/5844/5844 5843/5843/5843 5854/5854/5854 
f 5843/5843/5843 5842/5842/5842 5854/5854/5854 
f 5854/5854/5854 5842/5842/5842 5841/5841/5841 
f 5842/5842/5842 5841/5841/5841 5841/5841/5841 
f 5841/5841/5841 5841/5841/5841 5841/5841/5841 
f 5841/5841/5841 5840/5840/5840 5841/5841/5841 
f 5841/5841/5841 5840/5840/5840 5854/5854/5854 
f 5840/5840/5840 5839/5839/5839 5854/5854/5854 
f 5854/5854/5854 5839/5839/5839 5838/5838/5838 
f 5839/5839/5839 5838/5838/5838 5838/5838/5838 
f 5838/5838/5838 5838/5838/5838 5838/5838/5838 
f 5838/5838/5838 5837/5837/5837 5838/5838/5838 
f 5838/5838/5838 5837/5837/5837 5854/5854/5854 
f 5837/5837/5837 5836/5836/5836 5854/5854/5854 
f 5854/5854/5854 5836/5836/5836 5835/5835/5835 
f 5836/5836/5836 5835/5835/5835 5835/5835/5835 
f 5835/5835/5835 5835/5835/5835 5835/5835/5835 
f 5835/5835/5835 5834/5834/5834 5835/5835/5835 
f 5835/5835/5835 5834/5834/5834 5854/5854/5854 
f 5834/5834/5834 5833/5833/5833 5854/5854/5854 
f 5854/5854/5854 5833/5833/5833 5832/5832/5832 
f 293/293/293 277/277/277 273/273/273 
f 295/295/295 269/269/269 297/297/297 
f 3824/3824/3824 3756/3756/3756 3758/3758/3758 
f 3976/3976/3976 4003/4003/4003 3974/3974/3974 
f 4520/4520/4520 4516/4516/4516 4637/4637/4637 
f 775/775/775 777/777/777 778/778/778 
f 791/791/791 759/759/759 757/757/757 
f 776/776/776 735/735/735 733/733/733 
f 342/342/342 5855/5855/5855 344/344/344 
f 350/350/350 5856/5856/5856 352/352/352 
f 337/337/337 5857/5857/5857 335/335/335 
f 348/348/348 5858/5858/5858 349/349/349 
f 346/346/346 5859/5859/5859 348/348/348 
f 355/355/355 5860/5860/5860 356/356/356 
f 354/354/354 5861/5861/5861 355/355/355 
f 344/344/344 5862/5862/5862 345/345/345 
f 4568/4568/4568 4570/4570/4570 4640/4640/4640 
f 4590/4590/4590 4592/4592/4592 4679/4679/4679 
f 1910/1910/1910 1912/1912/1912 5863/5863/5863 
f 2914/2914/2914 2876/2876/2876 2878/2878/2878 
f 2917/2917/2917 2918/2918/2918 2926/2926/2926 
f 2880/2880/2880 2868/2868/2868 2928/2928/2928 
f 5624/5624/5624 5626/5626/5626 5630/5630/5630 
f 5832/5832/5832 5831/5831/5831 5854/5854/5854 
f 5436/5436/5436 5435/5435/5435 5513/5513/5513 
f 5503/5503/5503 5468/5468/5468 5508/5508/5508 
f 2608/2608/2608 2570/2570/2570 2572/2572/2572 
f 2611/2611/2611 2612/2612/2612 2620/2620/2620 
f 2574/2574/2574 2562/2562/2562 2622/2622/2622 
