o gear
v 0.2944 5.0917 2.8179
v 0.3087 5.0706 2.8179
v 0.3087 5.1127 2.8090
v 0.3300 5.0706 2.8179
v 0.3300 5.1127 2.8090
v 0.3443 5.0917 2.8179
v 0.5722 3.5168 3.6896
v 0.6007 3.4220 3.6896
v 0.5722 3.5168 5.3087
v 0.6007 3.4220 5.3087
v 0.6861 3.3588 3.6896
v 0.6861 3.3588 5.3087
v 0.7858 3.3588 3.6896
v 0.7858 3.3588 5.3087
v 0.8713 3.4220 3.6896
v 0.8713 3.4220 5.3087
v 0.8998 3.5168 3.6896
v 0.8998 3.5168 5.3087
v 0.8713 3.6169 3.6896
v 0.8713 3.6169 5.3087
v 0.7858 3.6748 3.6896
v 0.7858 3.6748 5.3087
v 0.6861 3.6748 3.6896
v 0.6861 3.6748 5.3087
v 0.6007 3.6169 3.6896
v 0.6007 3.6169 5.3087
v 0.5722 3.5168 3.6896
v 0.5722 3.5168 5.3087
v 0.6291 3.5168 8.8580
v 0.6719 3.5168 8.8046
v 0.6505 3.4536 8.8580
v 0.6861 3.4799 8.8046
v 0.7004 3.4115 8.8580
v 0.7146 3.4536 8.8046
v 0.7716 3.4115 8.8580
v 0.7573 3.4536 8.8046
v 0.8285 3.4536 8.8580
v 0.7929 3.4799 8.8046
v 0.8499 3.5168 8.8580
v 0.8001 3.5168 8.8046
v 0.8285 3.5853 8.8580
v 0.7929 3.5589 8.8046
v 0.7716 3.6222 8.8580
v 0.7573 3.5800 8.8046
v 0.7004 3.6222 8.8580
v 0.7146 3.5800 8.8046
v 0.6505 3.5853 8.8580
v 0.6861 3.5589 8.8046
v 0.6291 3.5168 8.8580
v 0.6719 3.5168 8.8046
v 4.4250 -4.5208 -8.5063
v 4.4178 -4.5261 -8.5152
v 4.4250 -4.4997 -8.5152
v 4.4178 -4.5103 -8.5241
v 4.4107 -4.4892 -8.5330
v 4.4107 -4.4997 -8.5330
v 4.3893 -4.4892 -8.5419
v 4.3965 -4.4997 -8.5419
v 4.3680 -4.4997 -8.5508
v 4.3822 -4.5103 -8.5419
v 4.3609 -4.5208 -8.5419
v 4.3751 -4.5261 -8.5419
v 4.3609 -4.5419 -8.5241
v 4.3751 -4.5366 -8.5330
v 4.3751 -4.5524 -8.5152
v 4.3822 -4.5471 -8.5241
v 4.3965 -4.5524 -8.4974
v 4.3965 -4.5471 -8.5152
v 4.4178 -4.5419 -8.4974
v 4.4107 -4.5366 -8.5152
v 4.4250 -4.5208 -8.5063
v 4.4178 -4.5261 -8.5152
v 4.5247 -4.6261 -8.6664
v 4.5247 -4.5998 -8.6842
v 4.5033 -4.5840 -8.7020
v 4.4748 -4.5840 -8.7198
v 4.4534 -4.5998 -8.7198
v 4.4392 -4.6261 -8.7109
v 4.4392 -4.6525 -8.6931
v 4.4534 -4.6683 -8.6753
v 4.4819 -4.6683 -8.6575
v 4.5104 -4.6525 -8.6575
v 4.5247 -4.6261 -8.6664
v 4.7882 -3.9203 6.4384
v 4.7882 -3.9414 6.4206
v 4.9733 -4.1152 6.7231
v 4.9733 -4.1363 6.7142
v 4.8024 -3.9519 6.4117
v 4.9876 -4.1468 6.6964
v 4.8238 -3.9519 6.3939
v 5.0018 -4.1468 6.6786
v 4.8451 -3.9414 6.3939
v 5.0232 -4.1363 6.6786
v 4.8594 -3.9203 6.3939
v 5.0374 -4.1152 6.6875
v 4.8594 -3.9045 6.4117
v 5.0374 -4.0941 6.6964
v 4.8451 -3.8887 6.4295
v 5.0232 -4.0836 6.7142
v 4.8238 -3.8887 6.4384
v 5.0018 -4.0836 6.7231
v 4.8024 -3.9045 6.4384
v 4.9804 -4.0941 6.7320
v 4.7882 -3.9203 6.4384
v 4.9733 -4.1152 6.7231
v 0.0167 3.5168 5.2642
v 0.0167 3.5168 6.4206
v -0.0047 3.4483 5.2642
v -0.0047 3.4483 6.4206
v -0.0617 3.4062 5.2642
v -0.0617 3.4062 6.4206
v -0.1329 3.4062 5.2642
v -0.1329 3.4062 6.4206
v -0.1898 3.4483 5.2642
v -0.1898 3.4483 6.4206
v -0.2112 3.5168 5.2642
v -0.2112 3.5168 6.4206
v -0.1898 3.5853 5.2642
v -0.1898 3.5853 6.4206
v -0.1329 3.6274 5.2642
v -0.1329 3.6274 6.4206
v -0.0617 3.6274 5.2642
v -0.0617 3.6274 6.4206
v -0.0047 3.5853 5.2642
v -0.0047 3.5853 6.4206
v 0.0167 3.5168 5.2642
v 0.0167 3.5168 6.4206
v 4.3893 -4.5419 -8.5241
v 4.4677 -4.6525 -8.6753
v 4.3822 -4.5366 -8.5330
v 4.4534 -4.6419 -8.6931
v 4.3822 -4.5261 -8.5419
v 4.4534 -4.6261 -8.7020
v 4.3893 -4.5208 -8.5419
v 4.4606 -4.6103 -8.7109
v 4.3965 -4.5155 -8.5419
v 4.4819 -4.5998 -8.7020
v 4.4107 -4.5155 -8.5419
v 4.4962 -4.5998 -8.6931
v 4.4107 -4.5208 -8.5330
v 4.5104 -4.6103 -8.6842
v 4.4107 -4.5261 -8.5241
v 4.5104 -4.6261 -8.6753
v 4.4107 -4.5366 -8.5241
v 4.4962 -4.6419 -8.6664
v 4.3965 -4.5419 -8.5241
v 4.4819 -4.6525 -8.6664
v 4.3893 -4.5419 -8.5241
v 4.4677 -4.6525 -8.6753
v 0.6291 3.5168 8.8580
v 0.6576 3.5168 8.8758
v 0.6505 3.5853 8.8580
v 0.6719 3.5642 8.8758
v 0.7004 3.6222 8.8580
v 0.7146 3.5958 8.8758
v 0.7716 3.6222 8.8580
v 0.7644 3.5958 8.8758
v 0.8285 3.5853 8.8580
v 0.8072 3.5642 8.8758
v 0.8499 3.5168 8.8580
v 0.8214 3.5168 8.8758
v 0.8285 3.4536 8.8580
v 0.8072 3.4694 8.8758
v 0.7716 3.4115 8.8580
v 0.7644 3.4378 8.8758
v 0.7004 3.4115 8.8580
v 0.7146 3.4378 8.8758
v 0.6505 3.4536 8.8580
v 0.6719 3.4694 8.8758
v 0.6291 3.5168 8.8580
v 0.6576 3.5168 8.8758
v 0.5864 3.5168 9.4896
v 0.6149 3.6064 9.4896
v 0.6932 3.6590 9.4896
v 0.7858 3.6590 9.4896
v 0.8570 3.6064 9.4896
v 0.8855 3.5168 9.4896
v 0.8570 3.4325 9.4896
v 0.7858 3.3746 9.4896
v 0.6932 3.3746 9.4896
v 0.6149 3.4325 9.4896
v 0.5864 3.5168 9.4896
v 4.9947 -4.1205 6.7320
v 4.9733 -4.1152 6.7231
v 4.9947 -4.1363 6.7231
v 4.9733 -4.1363 6.7142
v 5.0018 -4.1416 6.7142
v 4.9876 -4.1468 6.6964
v 5.0089 -4.1416 6.7053
v 5.0018 -4.1468 6.6786
v 5.0232 -4.1363 6.7053
v 5.0232 -4.1363 6.6786
v 5.0303 -4.1205 6.7053
v 5.0374 -4.1152 6.6875
v 5.0303 -4.1100 6.7142
v 5.0374 -4.0941 6.6964
v 5.0232 -4.1047 6.7231
v 5.0232 -4.0836 6.7142
v 5.0089 -4.1047 6.7320
v 5.0018 -4.0836 6.7231
v 5.0018 -4.1100 6.7320
v 4.9804 -4.0941 6.7320
v 4.9947 -4.1205 6.7320
v 4.9733 -4.1152 6.7231
v 4.0048 -3.6570 -7.0118
v 4.2255 -3.9309 -7.4299
v 4.0048 -3.6886 -6.9851
v 4.2327 -3.9572 -7.4121
v 4.0261 -3.7044 -6.9673
v 4.2469 -3.9783 -7.3854
v 4.0617 -3.7044 -6.9496
v 4.2825 -3.9783 -7.3765
v 4.0902 -3.6886 -6.9496
v 4.3110 -3.9572 -7.3676
v 4.1045 -3.6570 -6.9584
v 4.3252 -3.9309 -7.3765
v 4.1045 -3.6306 -6.9762
v 4.3252 -3.8993 -7.3943
v 4.0831 -3.6148 -6.9940
v 4.3039 -3.8835 -7.4210
v 4.0546 -3.6148 -7.0118
v 4.2754 -3.8835 -7.4388
v 4.0261 -3.6306 -7.0207
v 4.2469 -3.8993 -7.4388
v 4.0048 -3.6570 -7.0118
v 4.2255 -3.9309 -7.4299
v 4.9947 -4.1205 6.7320
v 5.3579 -4.5103 7.3102
v 5.0018 -4.1100 6.7320
v 5.3650 -4.4997 7.3102
v 5.0089 -4.1047 6.7320
v 5.3792 -4.4944 7.3102
v 5.0232 -4.1047 6.7231
v 5.3864 -4.4944 7.3013
v 5.0303 -4.1100 6.7142
v 5.4006 -4.4997 7.2924
v 5.0303 -4.1205 6.7053
v 5.4006 -4.5103 7.2835
v 5.0232 -4.1363 6.7053
v 5.3935 -4.5261 7.2835
v 5.0089 -4.1416 6.7053
v 5.3792 -4.5313 7.2835
v 5.0018 -4.1416 6.7142
v 5.3650 -4.5313 7.2924
v 4.9947 -4.1363 6.7231
v 5.3579 -4.5261 7.3013
v 4.9947 -4.1205 6.7320
v 5.3579 -4.5103 7.3102
v 4.2540 -3.9361 -7.4299
v 4.2540 -3.9519 -7.4121
v 4.2255 -3.9309 -7.4299
v 4.2327 -3.9572 -7.4121
v 4.2683 -3.9625 -7.4032
v 4.2469 -3.9783 -7.3854
v 4.2825 -3.9625 -7.3943
v 4.2825 -3.9783 -7.3765
v 4.2968 -3.9519 -7.3943
v 4.3110 -3.9572 -7.3676
v 4.3110 -3.9361 -7.3943
v 4.3252 -3.9309 -7.3765
v 4.3110 -3.9203 -7.4121
v 4.3252 -3.8993 -7.3943
v 4.2968 -3.9098 -7.4210
v 4.3039 -3.8835 -7.4210
v 4.2825 -3.9098 -7.4299
v 4.2754 -3.8835 -7.4388
v 4.2612 -3.9203 -7.4299
v 4.2469 -3.8993 -7.4388
v 4.2540 -3.9361 -7.4299
v 4.2255 -3.9309 -7.4299
v 4.7810 -3.9309 6.4562
v 4.8095 -3.9361 6.4562
v 4.8024 -3.8993 6.4651
v 4.8166 -3.9203 6.4562
v 4.8309 -3.8835 6.4562
v 4.8380 -3.9098 6.4562
v 4.8594 -3.8835 6.4384
v 4.8522 -3.9098 6.4384
v 4.8807 -3.8993 6.4206
v 4.8594 -3.9203 6.4295
v 4.8807 -3.9309 6.3939
v 4.8594 -3.9361 6.4206
v 4.8594 -3.9572 6.3939
v 4.8522 -3.9519 6.4117
v 4.8309 -3.9783 6.3939
v 4.8380 -3.9625 6.4206
v 4.8024 -3.9783 6.4117
v 4.8166 -3.9625 6.4295
v 4.7810 -3.9572 6.4384
v 4.8095 -3.9519 6.4384
v 4.7810 -3.9309 6.4562
v 4.8095 -3.9361 6.4562
v 4.2398 -3.9203 -7.4121
v 4.3965 -4.1152 -7.7146
v 4.2398 -3.9414 -7.3943
v 4.3965 -4.1363 -7.6968
v 4.2540 -3.9519 -7.3854
v 4.4107 -4.1468 -7.6790
v 4.2754 -3.9519 -7.3676
v 4.4321 -4.1468 -7.6701
v 4.2968 -3.9414 -7.3676
v 4.4534 -4.1363 -7.6701
v 4.3039 -3.9203 -7.3765
v 4.4677 -4.1152 -7.6701
v 4.3039 -3.9045 -7.3854
v 4.4606 -4.0941 -7.6879
v 4.2896 -3.8887 -7.4032
v 4.4463 -4.0836 -7.7057
v 4.2683 -3.8887 -7.4121
v 4.4250 -4.0836 -7.7146
v 4.2469 -3.9045 -7.4210
v 4.4107 -4.0941 -7.7146
v 4.2398 -3.9203 -7.4121
v 4.3965 -4.1152 -7.7146
v 5.3579 -4.5103 7.3102
v 5.3579 -4.5208 7.3280
v 5.3650 -4.4997 7.3102
v 5.3650 -4.4997 7.3369
v 5.3792 -4.4944 7.3102
v 5.3864 -4.4892 7.3280
v 5.3864 -4.4944 7.3013
v 5.4077 -4.4892 7.3191
v 5.4006 -4.4997 7.2924
v 5.4149 -4.4997 7.3013
v 5.4006 -4.5103 7.2835
v 5.4220 -4.5208 7.2924
v 5.3935 -4.5261 7.2835
v 5.4077 -4.5419 7.2835
v 5.3792 -4.5313 7.2835
v 5.3864 -4.5524 7.2924
v 5.3650 -4.5313 7.2924
v 5.3650 -4.5524 7.3013
v 5.3579 -4.5261 7.3013
v 5.3579 -4.5419 7.3191
v 5.3579 -4.5103 7.3102
v 5.3579 -4.5208 7.3280
v 4.4178 -4.1205 -7.7146
v 4.4178 -4.1363 -7.7057
v 4.3965 -4.1152 -7.7146
v 4.3965 -4.1363 -7.6968
v 4.4250 -4.1416 -7.6968
v 4.4107 -4.1468 -7.6790
v 4.4392 -4.1416 -7.6968
v 4.4321 -4.1468 -7.6701
v 4.4463 -4.1363 -7.6879
v 4.4534 -4.1363 -7.6701
v 4.4534 -4.1205 -7.6968
v 4.4677 -4.1152 -7.6701
v 4.4534 -4.1100 -7.7057
v 4.4606 -4.0941 -7.6879
v 4.4463 -4.1047 -7.7146
v 4.4463 -4.0836 -7.7057
v 4.4392 -4.1047 -7.7146
v 4.4250 -4.0836 -7.7146
v 4.4250 -4.1100 -7.7235
v 4.4107 -4.0941 -7.7146
v 4.4178 -4.1205 -7.7146
v 4.3965 -4.1152 -7.7146
v 0.0167 3.5168 6.4206
v -0.0047 3.5853 6.4206
v -0.0332 3.5168 6.5007
v -0.0474 3.5589 6.5007
v -0.0617 3.6274 6.4206
v -0.0759 3.5800 6.5007
v -0.1329 3.6274 6.4206
v -0.1186 3.5800 6.5007
v -0.1898 3.5853 6.4206
v -0.1542 3.5589 6.5007
v -0.2112 3.5168 6.4206
v -0.1614 3.5168 6.5007
v -0.1898 3.4483 6.4206
v -0.1542 3.4799 6.5007
v -0.1329 3.4062 6.4206
v -0.1186 3.4536 6.5007
v -0.0617 3.4062 6.4206
v -0.0759 3.4536 6.5007
v -0.0047 3.4483 6.4206
v -0.0474 3.4799 6.5007
v 0.0167 3.5168 6.4206
v -0.0332 3.5168 6.5007
v 4.4178 -4.1205 -7.7146
v 4.4250 -4.1100 -7.7235
v 4.7383 -4.5103 -8.3195
v 4.7454 -4.4997 -8.3284
v 4.4392 -4.1047 -7.7146
v 4.7597 -4.4944 -8.3284
v 4.4463 -4.1047 -7.7146
v 4.7668 -4.4944 -8.3195
v 4.4534 -4.1100 -7.7057
v 4.7739 -4.4997 -8.3106
v 4.4534 -4.1205 -7.6968
v 4.7739 -4.5103 -8.3017
v 4.4463 -4.1363 -7.6879
v 4.7668 -4.5261 -8.3017
v 4.4392 -4.1416 -7.6968
v 4.7597 -4.5313 -8.3017
v 4.4250 -4.1416 -7.6968
v 4.7454 -4.5313 -8.3106
v 4.4178 -4.1363 -7.7057
v 4.7383 -4.5261 -8.3195
v 4.4178 -4.1205 -7.7146
v 4.7383 -4.5103 -8.3195
v 0.6220 3.5168 6.4206
v 0.6434 3.5853 6.4206
v 0.6220 3.5168 5.2642
v 0.6434 3.5853 5.2642
v 0.7004 3.6274 6.4206
v 0.7004 3.6274 5.2642
v 0.7716 3.6274 6.4206
v 0.7716 3.6274 5.2642
v 0.8285 3.5853 6.4206
v 0.8285 3.5853 5.2642
v 0.8499 3.5168 6.4206
v 0.8499 3.5168 5.2642
v 0.8285 3.4483 6.4206
v 0.8285 3.4483 5.2642
v 0.7716 3.4062 6.4206
v 0.7716 3.4062 5.2642
v 0.7004 3.4062 6.4206
v 0.7004 3.4062 5.2642
v 0.6434 3.4483 6.4206
v 0.6434 3.4483 5.2642
v 0.6220 3.5168 6.4206
v 0.6220 3.5168 5.2642
v 4.7312 -4.5208 -8.3462
v 4.7312 -4.5419 -8.3284
v 4.7383 -4.5103 -8.3195
v 4.7383 -4.5261 -8.3195
v 4.7454 -4.5524 -8.3195
v 4.7454 -4.5313 -8.3106
v 4.7668 -4.5524 -8.3017
v 4.7597 -4.5313 -8.3017
v 4.7882 -4.5419 -8.3017
v 4.7668 -4.5261 -8.3017
v 4.7953 -4.5208 -8.3106
v 4.7739 -4.5103 -8.3017
v 4.7953 -4.4997 -8.3195
v 4.7739 -4.4997 -8.3106
v 4.7810 -4.4892 -8.3373
v 4.7668 -4.4944 -8.3195
v 4.7597 -4.4892 -8.3462
v 4.7597 -4.4944 -8.3284
v 4.7454 -4.4997 -8.3551
v 4.7454 -4.4997 -8.3284
v 4.7312 -4.5208 -8.3462
v 4.7383 -4.5103 -8.3195
v -0.0332 3.5168 6.5007
v -0.0474 3.5589 6.5007
v -0.0332 3.5168 8.8046
v -0.0474 3.5589 8.8046
v -0.0759 3.5800 6.5007
v -0.0759 3.5800 8.8046
v -0.1186 3.5800 6.5007
v -0.1186 3.5800 8.8046
v -0.1542 3.5589 6.5007
v -0.1542 3.5589 8.8046
v -0.1614 3.5168 6.5007
v -0.1614 3.5168 8.8046
v -0.1542 3.4799 6.5007
v -0.1542 3.4799 8.8046
v -0.1186 3.4536 6.5007
v -0.1186 3.4536 8.8046
v -0.0759 3.4536 6.5007
v -0.0759 3.4536 8.8046
v -0.0474 3.4799 6.5007
v -0.0474 3.4799 8.8046
v -0.0332 3.5168 6.5007
v -0.0332 3.5168 8.8046
v 5.4433 -4.6261 7.4970
v 5.3650 -4.5261 7.3280
v 5.4433 -4.6525 7.4792
v 5.3650 -4.5366 7.3191
v 5.4576 -4.6683 7.4614
v 5.3792 -4.5471 7.3102
v 5.4861 -4.6683 7.4436
v 5.3935 -4.5471 7.3013
v 5.5146 -4.6525 7.4347
v 5.4077 -4.5366 7.3013
v 5.5288 -4.6261 7.4436
v 5.4149 -4.5261 7.3013
v 5.5288 -4.5998 7.4614
v 5.4149 -4.5103 7.3102
v 5.5146 -4.5840 7.4792
v 5.4077 -4.4997 7.3191
v 5.4861 -4.5840 7.4970
v 5.3864 -4.4997 7.3280
v 5.4576 -4.5998 7.5059
v 5.3721 -4.5103 7.3369
v 5.4433 -4.6261 7.4970
v 5.3650 -4.5261 7.3280
v 5.3579 -4.5208 7.3280
v 5.3579 -4.5419 7.3191
v 5.3650 -4.5524 7.3013
v 5.3864 -4.5524 7.2924
v 5.4077 -4.5419 7.2835
v 5.4220 -4.5208 7.2924
v 5.4149 -4.4997 7.3013
v 5.4077 -4.4892 7.3191
v 5.3864 -4.4892 7.3280
v 5.3650 -4.4997 7.3369
v 5.3579 -4.5208 7.3280
v 4.3965 -4.5155 -8.5419
v 4.4107 -4.5155 -8.5419
v 4.3893 -4.5208 -8.5419
v 4.3965 -4.5261 -8.5330
v 4.3822 -4.5261 -8.5419
v 4.3822 -4.5366 -8.5330
v 4.4107 -4.5208 -8.5330
v 4.4107 -4.5261 -8.5241
v 4.4107 -4.5366 -8.5241
v 4.3965 -4.5419 -8.5241
v 4.3893 -4.5419 -8.5241
v 0.6434 3.5168 5.3353
v 0.5722 3.5168 5.3087
v 0.6647 3.4641 5.3353
v 0.6007 3.4220 5.3087
v 0.7075 3.4273 5.3353
v 0.6861 3.3588 5.3087
v 0.7644 3.4273 5.3353
v 0.7858 3.3588 5.3087
v 0.8143 3.4641 5.3353
v 0.8713 3.4220 5.3087
v 0.8285 3.5168 5.3353
v 0.8998 3.5168 5.3087
v 0.8143 3.5747 5.3353
v 0.8713 3.6169 5.3087
v 0.7644 3.6064 5.3353
v 0.7858 3.6748 5.3087
v 0.7075 3.6064 5.3353
v 0.6861 3.6748 5.3087
v 0.6647 3.5747 5.3353
v 0.6007 3.6169 5.3087
v 0.6434 3.5168 5.3353
v 0.5722 3.5168 5.3087
v 4.7739 -4.5419 -8.3284
v 4.7810 -4.5366 -8.3284
v 4.8522 -4.6525 -8.4707
v 4.8665 -4.6419 -8.4707
v 4.7882 -4.5261 -8.3284
v 4.8807 -4.6261 -8.4796
v 4.7882 -4.5208 -8.3373
v 4.8807 -4.6103 -8.4885
v 4.7810 -4.5155 -8.3462
v 4.8665 -4.5998 -8.4974
v 4.7668 -4.5155 -8.3462
v 4.8522 -4.5998 -8.5063
v 4.7597 -4.5208 -8.3462
v 4.8309 -4.6103 -8.5152
v 4.7525 -4.5261 -8.3462
v 4.8238 -4.6261 -8.5063
v 4.7525 -4.5366 -8.3373
v 4.8238 -4.6419 -8.4974
v 4.7597 -4.5419 -8.3284
v 4.8380 -4.6525 -8.4796
v 4.7739 -4.5419 -8.3284
v 4.8522 -4.6525 -8.4707
v -0.0332 3.5168 8.8046
v -0.0474 3.5589 8.8046
v 0.0096 3.5168 8.8580
v -0.0118 3.5853 8.8580
v -0.0759 3.5800 8.8046
v -0.0617 3.6222 8.8580
v -0.1186 3.5800 8.8046
v -0.1329 3.6222 8.8580
v -0.1542 3.5589 8.8046
v -0.1898 3.5853 8.8580
v -0.1614 3.5168 8.8046
v -0.2112 3.5168 8.8580
v -0.1542 3.4799 8.8046
v -0.1898 3.4536 8.8580
v -0.1186 3.4536 8.8046
v -0.1329 3.4115 8.8580
v -0.0759 3.4536 8.8046
v -0.0617 3.4115 8.8580
v -0.0474 3.4799 8.8046
v -0.0118 3.4536 8.8580
v -0.0332 3.5168 8.8046
v 0.0096 3.5168 8.8580
v 5.3935 -4.5419 7.3102
v 5.4861 -4.6525 7.4525
v 5.4006 -4.5366 7.3102
v 5.5003 -4.6419 7.4436
v 5.4077 -4.5261 7.3102
v 5.5146 -4.6261 7.4525
v 5.4077 -4.5208 7.3191
v 5.5146 -4.6103 7.4614
v 5.4006 -4.5155 7.3280
v 5.5003 -4.5998 7.4792
v 5.3935 -4.5155 7.3280
v 5.4861 -4.5998 7.4881
v 5.3864 -4.5208 7.3280
v 5.4718 -4.6103 7.4881
v 5.3792 -4.5261 7.3280
v 5.4576 -4.6261 7.4881
v 5.3792 -4.5366 7.3280
v 5.4576 -4.6419 7.4703
v 5.3864 -4.5419 7.3191
v 5.4718 -4.6525 7.4614
v 5.3935 -4.5419 7.3102
v 5.4861 -4.6525 7.4525
v 4.7810 -4.5155 -8.3462
v 4.7882 -4.5208 -8.3373
v 4.7668 -4.5155 -8.3462
v 4.7668 -4.5261 -8.3373
v 4.7597 -4.5208 -8.3462
v 4.7525 -4.5261 -8.3462
v 4.7882 -4.5261 -8.3284
v 4.7810 -4.5366 -8.3284
v 4.7739 -4.5419 -8.3284
v 4.7597 -4.5419 -8.3284
v 4.7525 -4.5366 -8.3373
v -7.3043 -3.6570 0.1403
v -7.2901 -3.6886 0.1492
v -7.7815 -3.9309 0.1581
v -7.7672 -3.9572 0.1670
v -7.2758 -3.7044 0.1759
v -7.7530 -3.9783 0.1937
v -7.2758 -3.7044 0.2114
v -7.7530 -3.9783 0.2292
v -7.2830 -3.6886 0.2381
v -7.7601 -3.9572 0.2559
v -7.2972 -3.6570 0.2559
v -7.7743 -3.9309 0.2737
v -7.3186 -3.6306 0.2381
v -7.7957 -3.8993 0.2559
v -7.3257 -3.6148 0.2114
v -7.8028 -3.8835 0.2292
v -7.3257 -3.6148 0.1759
v -7.8028 -3.8835 0.1937
v -7.3186 -3.6306 0.1492
v -7.7957 -3.8993 0.1670
v -7.3043 -3.6570 0.1403
v -7.7815 -3.9309 0.1581
v -7.7886 -3.9361 0.1848
v -7.7815 -3.9309 0.1581
v -7.7815 -3.9519 0.1848
v -7.7672 -3.9572 0.1670
v -7.7743 -3.9625 0.2026
v -7.7530 -3.9783 0.1937
v -7.7743 -3.9625 0.2203
v -7.7530 -3.9783 0.2292
v -7.7815 -3.9519 0.2381
v -7.7601 -3.9572 0.2559
v -7.7886 -3.9361 0.2470
v -7.7743 -3.9309 0.2737
v -7.7957 -3.9203 0.2381
v -7.7957 -3.8993 0.2559
v -7.8028 -3.9098 0.2203
v -7.8028 -3.8835 0.2292
v -7.8028 -3.9098 0.2026
v -7.8028 -3.8835 0.1937
v -7.7957 -3.9203 0.1848
v -7.7957 -3.8993 0.1670
v -7.7886 -3.9361 0.1848
v -7.7815 -3.9309 0.1581
v 5.4006 -4.5155 7.3280
v 5.3935 -4.5155 7.3280
v 5.4077 -4.5208 7.3191
v 5.3935 -4.5261 7.3191
v 5.4077 -4.5261 7.3102
v 5.4006 -4.5366 7.3102
v 5.3864 -4.5208 7.3280
v 5.3792 -4.5261 7.3280
v 5.3792 -4.5366 7.3280
v 5.3864 -4.5419 7.3191
v 5.3935 -4.5419 7.3102
v -7.7672 -3.9203 0.1759
v -7.7530 -3.9414 0.1848
v -8.1091 -4.1152 0.1848
v -8.0948 -4.1363 0.1937
v -7.7459 -3.9519 0.2026
v -8.0877 -4.1468 0.2114
v -7.7459 -3.9519 0.2292
v -8.0877 -4.1468 0.2381
v -7.7530 -3.9414 0.2470
v -8.0948 -4.1363 0.2559
v -7.7672 -3.9203 0.2559
v -8.1019 -4.1152 0.2648
v -7.7743 -3.9045 0.2470
v -8.1162 -4.0941 0.2559
v -7.7815 -3.8887 0.2292
v -8.1233 -4.0836 0.2381
v -7.7815 -3.8887 0.2026
v -8.1233 -4.0836 0.2114
v -7.7815 -3.9045 0.1848
v -8.1162 -4.0941 0.1937
v -7.7672 -3.9203 0.1759
v -8.1091 -4.1152 0.1848
v 4.2683 -3.6570 6.2160
v 4.5247 -3.9309 6.6252
v 4.2540 -3.6886 6.2071
v 4.5033 -3.9572 6.6163
v 4.2184 -3.7044 6.2160
v 4.4748 -3.9783 6.6163
v 4.1899 -3.7044 6.2338
v 4.4463 -3.9783 6.6341
v 4.1757 -3.6886 6.2605
v 4.4321 -3.9572 6.6608
v 4.1757 -3.6570 6.2783
v 4.4250 -3.9309 6.6786
v 4.1899 -3.6306 6.2872
v 4.4463 -3.8993 6.6875
v 4.2184 -3.6148 6.2783
v 4.4748 -3.8835 6.6786
v 4.2469 -3.6148 6.2605
v 4.5033 -3.8835 6.6608
v 4.2683 -3.6306 6.2338
v 4.5247 -3.8993 6.6430
v 4.2683 -3.6570 6.2160
v 4.5247 -3.9309 6.6252
v -8.1233 -4.1205 0.2026
v -8.1091 -4.1152 0.1848
v -8.1162 -4.1363 0.2114
v -8.0948 -4.1363 0.1937
v -8.1091 -4.1416 0.2203
v -8.0877 -4.1468 0.2114
v -8.1091 -4.1416 0.2292
v -8.0877 -4.1468 0.2381
v -8.1162 -4.1363 0.2470
v -8.0948 -4.1363 0.2559
v -8.1162 -4.1205 0.2470
v -8.1019 -4.1152 0.2648
v -8.1233 -4.1100 0.2470
v -8.1162 -4.0941 0.2559
v -8.1304 -4.1047 0.2381
v -8.1233 -4.0836 0.2381
v -8.1304 -4.1047 0.2203
v -8.1233 -4.0836 0.2114
v -8.1304 -4.1100 0.2114
v -8.1162 -4.0941 0.1937
v -8.1233 -4.1205 0.2026
v -8.1091 -4.1152 0.1848
v 0.6220 3.5168 6.4206
v 0.6719 3.5168 6.5007
v 0.6434 3.5853 6.4206
v 0.6861 3.5589 6.5007
v 0.7004 3.6274 6.4206
v 0.7146 3.5800 6.5007
v 0.7716 3.6274 6.4206
v 0.7573 3.5800 6.5007
v 0.8285 3.5853 6.4206
v 0.7929 3.5589 6.5007
v 0.8499 3.5168 6.4206
v 0.8001 3.5168 6.5007
v 0.8285 3.4483 6.4206
v 0.7929 3.4799 6.5007
v 0.7716 3.4062 6.4206
v 0.7573 3.4536 6.5007
v 0.7004 3.4062 6.4206
v 0.7146 3.4536 6.5007
v 0.6434 3.4483 6.4206
v 0.6861 3.4799 6.5007
v 0.6220 3.5168 6.4206
v 0.6719 3.5168 6.5007
v -8.1233 -4.1205 0.2026
v -8.8070 -4.5103 0.2292
v -8.1304 -4.1100 0.2114
v -8.8141 -4.4997 0.2381
v -8.1304 -4.1047 0.2203
v -8.8212 -4.4944 0.2470
v -8.1304 -4.1047 0.2381
v -8.8141 -4.4944 0.2648
v -8.1233 -4.1100 0.2470
v -8.8141 -4.4997 0.2737
v -8.1162 -4.1205 0.2470
v -8.8070 -4.5103 0.2737
v -8.1162 -4.1363 0.2470
v -8.7999 -4.5261 0.2737
v -8.1091 -4.1416 0.2292
v -8.7999 -4.5313 0.2559
v -8.1091 -4.1416 0.2203
v -8.7999 -4.5313 0.2470
v -8.1162 -4.1363 0.2114
v -8.7999 -4.5261 0.2381
v -8.1233 -4.1205 0.2026
v -8.8070 -4.5103 0.2292
v 4.5033 -3.9361 6.6430
v 4.4962 -3.9519 6.6341
v 4.5247 -3.9309 6.6252
v 4.5033 -3.9572 6.6163
v 4.4819 -3.9625 6.6430
v 4.4748 -3.9783 6.6163
v 4.4606 -3.9625 6.6519
v 4.4463 -3.9783 6.6341
v 4.4534 -3.9519 6.6608
v 4.4321 -3.9572 6.6608
v 4.4534 -3.9361 6.6786
v 4.4250 -3.9309 6.6786
v 4.4606 -3.9203 6.6786
v 4.4463 -3.8993 6.6875
v 4.4819 -3.9098 6.6786
v 4.4748 -3.8835 6.6786
v 4.4962 -3.9098 6.6697
v 4.5033 -3.8835 6.6608
v 4.5033 -3.9203 6.6519
v 4.5247 -3.8993 6.6430
v 4.5033 -3.9361 6.6430
v 4.5247 -3.9309 6.6252
v -8.8070 -4.5103 0.2292
v -8.8212 -4.5208 0.2203
v -8.8141 -4.4997 0.2381
v -8.8355 -4.4997 0.2203
v -8.8212 -4.4944 0.2470
v -8.8426 -4.4892 0.2470
v -8.8141 -4.4944 0.2648
v -8.8426 -4.4892 0.2648
v -8.8141 -4.4997 0.2737
v -8.8355 -4.4997 0.2826
v -8.8070 -4.5103 0.2737
v -8.8212 -4.5208 0.2915
v -8.7999 -4.5261 0.2737
v -8.8070 -4.5419 0.2826
v -8.7999 -4.5313 0.2559
v -8.8070 -4.5524 0.2648
v -8.7999 -4.5313 0.2470
v -8.8070 -4.5524 0.2381
v -8.7999 -4.5261 0.2381
v -8.8141 -4.5419 0.2203
v -8.8070 -4.5103 0.2292
v -8.8212 -4.5208 0.2203
v -8.8212 -4.5208 0.2203
v -8.8283 -4.5261 0.2292
v -8.8355 -4.4997 0.2203
v -8.8355 -4.5103 0.2292
v -8.8426 -4.4892 0.2470
v -8.8426 -4.4997 0.2470
v -8.8426 -4.4892 0.2648
v -8.8426 -4.4997 0.2648
v -8.8355 -4.4997 0.2826
v -8.8355 -4.5103 0.2737
v -8.8212 -4.5208 0.2915
v -8.8283 -4.5261 0.2826
v -8.8070 -4.5419 0.2826
v -8.8212 -4.5366 0.2737
v -8.8070 -4.5524 0.2648
v -8.8141 -4.5471 0.2648
v -8.8070 -4.5524 0.2381
v -8.8141 -4.5471 0.2470
v -8.8141 -4.5419 0.2203
v -8.8212 -4.5366 0.2292
v -8.8212 -4.5208 0.2203
v -8.8283 -4.5261 0.2292
v -9.0135 -4.6261 0.2114
v -9.0278 -4.5998 0.2203
v -9.0349 -4.5840 0.2470
v -9.0349 -4.5840 0.2737
v -9.0206 -4.5998 0.3004
v -9.0064 -4.6261 0.3093
v -8.9921 -4.6525 0.3004
v -8.9850 -4.6683 0.2737
v -8.9850 -4.6683 0.2470
v -8.9921 -4.6525 0.2203
v -9.0135 -4.6261 0.2114
v 4.5033 -3.9203 6.6163
v 4.6813 -4.1152 6.9099
v 4.4890 -3.9414 6.6163
v 4.6671 -4.1363 6.9010
v 4.4677 -3.9519 6.6163
v 4.6528 -4.1468 6.9099
v 4.4463 -3.9519 6.6341
v 4.6315 -4.1468 6.9188
v 4.4321 -3.9414 6.6430
v 4.6172 -4.1363 6.9366
v 4.4321 -3.9203 6.6608
v 4.6172 -4.1152 6.9455
v 4.4463 -3.9045 6.6697
v 4.6315 -4.0941 6.9544
v 4.4677 -3.8887 6.6608
v 4.6457 -4.0836 6.9455
v 4.4890 -3.8887 6.6519
v 4.6671 -4.0836 6.9366
v 4.5033 -3.9045 6.6341
v 4.6813 -4.0941 6.9188
v 4.5033 -3.9203 6.6163
v 4.6813 -4.1152 6.9099
v 0.0523 3.5168 9.4896
v 0.0238 3.4325 9.4896
v -0.0189 3.5168 8.8758
v -0.0332 3.4694 8.8758
v 0.0096 3.5168 8.8580
v -0.0118 3.4536 8.8580
v -0.0545 3.3746 9.4896
v -0.0759 3.4378 8.8758
v -0.0617 3.4115 8.8580
v -0.1471 3.3746 9.4896
v -0.1258 3.4378 8.8758
v -0.1329 3.4115 8.8580
v -0.2183 3.4325 9.4896
v -0.1685 3.4694 8.8758
v -0.1898 3.4536 8.8580
v -0.2468 3.5168 9.4896
v -0.1827 3.5168 8.8758
v -0.2112 3.5168 8.8580
v -0.2183 3.6064 9.4896
v -0.1685 3.5642 8.8758
v -0.1898 3.5853 8.8580
v -0.1471 3.6590 9.4896
v -0.1258 3.5958 8.8758
v -0.1329 3.6222 8.8580
v -0.0545 3.6590 9.4896
v -0.0759 3.5958 8.8758
v -0.0617 3.6222 8.8580
v 0.0238 3.6064 9.4896
v -0.0332 3.5642 8.8758
v -0.0118 3.5853 8.8580
v 0.0523 3.5168 9.4896
v -0.0189 3.5168 8.8758
v 0.0096 3.5168 8.8580
v 4.6742 -4.1205 6.9277
v 4.6671 -4.1363 6.9277
v 4.6813 -4.1152 6.9099
v 4.6671 -4.1363 6.9010
v 4.6600 -4.1416 6.9277
v 4.6528 -4.1468 6.9099
v 4.6457 -4.1416 6.9366
v 4.6315 -4.1468 6.9188
v 4.6386 -4.1363 6.9455
v 4.6172 -4.1363 6.9366
v 4.6386 -4.1205 6.9544
v 4.6172 -4.1152 6.9455
v 4.6457 -4.1100 6.9544
v 4.6315 -4.0941 6.9544
v 4.6600 -4.1047 6.9544
v 4.6457 -4.0836 6.9455
v 4.6671 -4.1047 6.9455
v 4.6671 -4.0836 6.9366
v 4.6742 -4.1100 6.9366
v 4.6813 -4.0941 6.9188
v 4.6742 -4.1205 6.9277
v 4.6813 -4.1152 6.9099
v -8.9921 -4.6525 0.2737
v -8.8283 -4.5419 0.2559
v -8.9921 -4.6525 0.2470
v -8.8283 -4.5419 0.2470
v -8.9993 -4.6419 0.2381
v -8.8283 -4.5366 0.2381
v -9.0064 -4.6261 0.2292
v -8.8355 -4.5261 0.2381
v -9.0206 -4.6103 0.2381
v -8.8426 -4.5208 0.2381
v -9.0206 -4.5998 0.2559
v -8.8426 -4.5155 0.2470
v -9.0206 -4.5998 0.2737
v -8.8426 -4.5155 0.2559
v -9.0135 -4.6103 0.2826
v -8.8355 -4.5208 0.2648
v -9.0064 -4.6261 0.2915
v -8.8355 -4.5261 0.2737
v -8.9993 -4.6419 0.2826
v -8.8283 -4.5366 0.2648
v -8.9921 -4.6525 0.2737
v -8.8283 -4.5419 0.2559
v -7.3186 -3.6570 -0.1711
v -7.7957 -3.9309 -0.1533
v -7.2972 -3.6886 -0.1800
v -7.7743 -3.9572 -0.1622
v -7.2901 -3.7044 -0.2066
v -7.7672 -3.9783 -0.1889
v -7.2901 -3.7044 -0.2422
v -7.7672 -3.9783 -0.2244
v -7.3043 -3.6886 -0.2689
v -7.7815 -3.9572 -0.2511
v -7.3186 -3.6570 -0.2778
v -7.7957 -3.9309 -0.2600
v -7.3328 -3.6306 -0.2689
v -7.8100 -3.8993 -0.2511
v -7.3471 -3.6148 -0.2422
v -7.8242 -3.8835 -0.2244
v -7.3471 -3.6148 -0.2066
v -7.8242 -3.8835 -0.1889
v -7.3328 -3.6306 -0.1800
v -7.8100 -3.8993 -0.1622
v -7.3186 -3.6570 -0.1711
v -7.7957 -3.9309 -0.1533
v -8.8426 -4.5155 0.2559
v -8.8426 -4.5155 0.2470
v -8.8355 -4.5208 0.2648
v -8.8355 -4.5261 0.2559
v -8.8355 -4.5261 0.2737
v -8.8283 -4.5366 0.2648
v -8.8426 -4.5208 0.2381
v -8.8355 -4.5261 0.2381
v -8.8283 -4.5366 0.2381
v -8.8283 -4.5419 0.2470
v -8.8283 -4.5419 0.2559
v 4.8095 -4.6261 -8.5152
v 4.8095 -4.6525 -8.4974
v 4.7454 -4.5261 -8.3462
v 4.7454 -4.5366 -8.3373
v 4.7312 -4.5208 -8.3462
v 4.7312 -4.5419 -8.3284
v 4.8238 -4.6683 -8.4796
v 4.7525 -4.5471 -8.3284
v 4.7454 -4.5524 -8.3195
v 4.8522 -4.6683 -8.4618
v 4.7668 -4.5471 -8.3195
v 4.7668 -4.5524 -8.3017
v 4.8807 -4.6525 -8.4618
v 4.7810 -4.5366 -8.3195
v 4.7882 -4.5419 -8.3017
v 4.8950 -4.6261 -8.4707
v 4.7953 -4.5261 -8.3195
v 4.7953 -4.5208 -8.3106
v 4.8950 -4.5998 -8.4885
v 4.7882 -4.5103 -8.3284
v 4.7953 -4.4997 -8.3195
v 4.8736 -4.5840 -8.5063
v 4.7810 -4.4997 -8.3373
v 4.7810 -4.4892 -8.3373
v 4.8522 -4.5840 -8.5241
v 4.7668 -4.4997 -8.3462
v 4.7597 -4.4892 -8.3462
v 4.8238 -4.5998 -8.5241
v 4.7525 -4.5103 -8.3462
v 4.7454 -4.4997 -8.3551
v 4.8095 -4.6261 -8.5152
v 4.7454 -4.5261 -8.3462
v 4.7312 -4.5208 -8.3462
v 0.3087 5.0706 2.8179
v 0.2944 5.0917 2.8179
v 0.2873 4.8547 1.1811
v 0.2588 4.9073 1.1811
v 0.3087 5.1127 2.8090
v 0.2873 4.9600 1.1722
v 0.3300 5.1127 2.8090
v 0.3514 4.9600 1.1722
v 0.3443 5.0917 2.8179
v 0.3799 4.9073 1.1811
v 0.3300 5.0706 2.8179
v 0.3514 4.8547 1.1811
v 0.3087 5.0706 2.8179
v 0.2873 4.8547 1.1811
v 4.6742 -4.1205 6.9277
v 4.6742 -4.1100 6.9366
v 5.0445 -4.5103 7.5059
v 5.0445 -4.4997 7.5148
v 4.6671 -4.1047 6.9455
v 5.0374 -4.4944 7.5237
v 4.6600 -4.1047 6.9544
v 5.0232 -4.4944 7.5326
v 4.6457 -4.1100 6.9544
v 5.0089 -4.4997 7.5326
v 4.6386 -4.1205 6.9544
v 5.0018 -4.5103 7.5326
v 4.6386 -4.1363 6.9455
v 5.0018 -4.5261 7.5237
v 4.6457 -4.1416 6.9366
v 5.0089 -4.5313 7.5148
v 4.6600 -4.1416 6.9277
v 5.0232 -4.5313 7.5059
v 4.6671 -4.1363 6.9277
v 5.0374 -4.5261 7.5059
v 4.6742 -4.1205 6.9277
v 5.0445 -4.5103 7.5059
v -7.7957 -3.9309 -0.1533
v -7.8100 -3.8993 -0.1622
v -7.8028 -3.9361 -0.1711
v -7.8100 -3.9203 -0.1800
v -7.8242 -3.8835 -0.1889
v -7.8171 -3.9098 -0.1978
v -7.8242 -3.8835 -0.2244
v -7.8171 -3.9098 -0.2155
v -7.8100 -3.8993 -0.2511
v -7.8171 -3.9203 -0.2333
v -7.7957 -3.9309 -0.2600
v -7.8028 -3.9361 -0.2333
v -7.7815 -3.9572 -0.2511
v -7.7957 -3.9519 -0.2333
v -7.7672 -3.9783 -0.2244
v -7.7886 -3.9625 -0.2155
v -7.7672 -3.9783 -0.1889
v -7.7886 -3.9625 -0.1978
v -7.7743 -3.9572 -0.1622
v -7.7957 -3.9519 -0.1800
v -7.7957 -3.9309 -0.1533
v -7.8028 -3.9361 -0.1711
v -7.7815 -3.9203 -0.1622
v -8.1233 -4.1152 -0.1533
v -7.7672 -3.9414 -0.1711
v -8.1091 -4.1363 -0.1622
v -7.7601 -3.9519 -0.1978
v -8.1019 -4.1468 -0.1800
v -7.7672 -3.9519 -0.2155
v -8.1019 -4.1468 -0.2066
v -7.7743 -3.9414 -0.2333
v -8.1091 -4.1363 -0.2244
v -7.7815 -3.9203 -0.2422
v -8.1233 -4.1152 -0.2333
v -7.7957 -3.9045 -0.2333
v -8.1376 -4.0941 -0.2244
v -7.8028 -3.8887 -0.2155
v -8.1376 -4.0836 -0.2066
v -7.8028 -3.8887 -0.1889
v -8.1376 -4.0836 -0.1800
v -7.7957 -3.9045 -0.1711
v -8.1304 -4.0941 -0.1622
v -7.7815 -3.9203 -0.1622
v -8.1233 -4.1152 -0.1533
v -8.1376 -4.1205 -0.1711
v -8.1304 -4.1363 -0.1711
v -8.1233 -4.1152 -0.1533
v -8.1091 -4.1363 -0.1622
v -8.1233 -4.1416 -0.1889
v -8.1019 -4.1468 -0.1800
v -8.1233 -4.1416 -0.1978
v -8.1019 -4.1468 -0.2066
v -8.1304 -4.1363 -0.2066
v -8.1091 -4.1363 -0.2244
v -8.1376 -4.1205 -0.2155
v -8.1233 -4.1152 -0.2333
v -8.1447 -4.1100 -0.2066
v -8.1376 -4.0941 -0.2244
v -8.1447 -4.1047 -0.1978
v -8.1376 -4.0836 -0.2066
v -8.1447 -4.1047 -0.1889
v -8.1376 -4.0836 -0.1800
v -8.1447 -4.1100 -0.1711
v -8.1304 -4.0941 -0.1622
v -8.1376 -4.1205 -0.1711
v -8.1233 -4.1152 -0.1533
v -0.1115 3.4694 8.8936
v -0.1400 3.4905 8.8936
v -0.1258 3.4325 9.4896
v -0.1756 3.4641 9.4896
v -0.1471 3.5168 8.8936
v -0.1898 3.5168 9.4896
v -0.1400 3.5484 8.8936
v -0.1756 3.5747 9.4896
v -0.1115 3.5642 8.8936
v -0.1258 3.6064 9.4896
v -0.0830 3.5642 8.8936
v -0.0688 3.6064 9.4896
v -0.0545 3.5484 8.8936
v -0.0260 3.5747 9.4896
v -0.0474 3.5168 8.8936
v -0.0047 3.5168 9.4896
v -0.0545 3.4905 8.8936
v -0.0260 3.4641 9.4896
v -0.0830 3.4694 8.8936
v -0.0688 3.4325 9.4896
v -0.1115 3.4694 8.8936
v -0.1258 3.4325 9.4896
v 5.0659 -4.5208 7.5148
v 5.0517 -4.5419 7.5059
v 5.0445 -4.5103 7.5059
v 5.0374 -4.5261 7.5059
v 5.0303 -4.5524 7.5148
v 5.0232 -4.5313 7.5059
v 5.0089 -4.5524 7.5237
v 5.0089 -4.5313 7.5148
v 5.0018 -4.5419 7.5415
v 5.0018 -4.5261 7.5237
v 5.0018 -4.5208 7.5504
v 5.0018 -4.5103 7.5326
v 5.0089 -4.4997 7.5593
v 5.0089 -4.4997 7.5326
v 5.0303 -4.4892 7.5593
v 5.0232 -4.4944 7.5326
v 5.0517 -4.4892 7.5415
v 5.0374 -4.4944 7.5237
v 5.0659 -4.4997 7.5237
v 5.0445 -4.4997 7.5148
v 5.0659 -4.5208 7.5148
v 5.0445 -4.5103 7.5059
v -8.1376 -4.1205 -0.1711
v -8.1447 -4.1100 -0.1711
v -8.8212 -4.5103 -0.1444
v -8.8283 -4.4997 -0.1444
v -8.1447 -4.1047 -0.1889
v -8.8355 -4.4944 -0.1622
v -8.1447 -4.1047 -0.1978
v -8.8355 -4.4944 -0.1711
v -8.1447 -4.1100 -0.2066
v -8.8283 -4.4997 -0.1800
v -8.1376 -4.1205 -0.2155
v -8.8212 -4.5103 -0.1889
v -8.1304 -4.1363 -0.2066
v -8.8141 -4.5261 -0.1800
v -8.1233 -4.1416 -0.1978
v -8.8141 -4.5313 -0.1711
v -8.1233 -4.1416 -0.1889
v -8.8141 -4.5313 -0.1622
v -8.1304 -4.1363 -0.1711
v -8.8141 -4.5261 -0.1444
v -8.1376 -4.1205 -0.1711
v -8.8212 -4.5103 -0.1444
v -8.8212 -4.5103 -0.1444
v -8.8283 -4.4997 -0.1444
v -8.8355 -4.5208 -0.1266
v -8.8497 -4.4997 -0.1355
v -8.8355 -4.4944 -0.1622
v -8.8568 -4.4892 -0.1533
v -8.8355 -4.4944 -0.1711
v -8.8568 -4.4892 -0.1800
v -8.8283 -4.4997 -0.1800
v -8.8497 -4.4997 -0.1978
v -8.8212 -4.5103 -0.1889
v -8.8426 -4.5208 -0.2066
v -8.8141 -4.5261 -0.1800
v -8.8283 -4.5419 -0.1978
v -8.8141 -4.5313 -0.1711
v -8.8212 -4.5524 -0.1800
v -8.8141 -4.5313 -0.1622
v -8.8212 -4.5524 -0.1533
v -8.8141 -4.5261 -0.1444
v -8.8283 -4.5419 -0.1355
v -8.8212 -4.5103 -0.1444
v -8.8355 -4.5208 -0.1266
v -8.8355 -4.5208 -0.1266
v -8.8497 -4.4997 -0.1355
v -8.8426 -4.5261 -0.1355
v -8.8497 -4.5103 -0.1444
v -9.0206 -4.6261 -0.1088
v -9.0349 -4.5998 -0.1177
v -8.8568 -4.4892 -0.1533
v -8.8568 -4.4997 -0.1533
v -9.0491 -4.5840 -0.1444
v -8.8568 -4.4892 -0.1800
v -8.8568 -4.4997 -0.1711
v -9.0491 -4.5840 -0.1711
v -8.8497 -4.4997 -0.1978
v -8.8568 -4.5103 -0.1889
v -9.0420 -4.5998 -0.1978
v -8.8426 -4.5208 -0.2066
v -8.8497 -4.5261 -0.1889
v -9.0278 -4.6261 -0.2066
v -8.8283 -4.5419 -0.1978
v -8.8355 -4.5366 -0.1889
v -9.0135 -4.6525 -0.1978
v -8.8212 -4.5524 -0.1800
v -8.8355 -4.5471 -0.1711
v -8.9993 -4.6683 -0.1711
v -8.8212 -4.5524 -0.1533
v -8.8283 -4.5471 -0.1533
v -8.9993 -4.6683 -0.1444
v -8.8283 -4.5419 -0.1355
v -8.8355 -4.5366 -0.1444
v -9.0064 -4.6525 -0.1177
v -8.8355 -4.5208 -0.1266
v -8.8426 -4.5261 -0.1355
v -9.0206 -4.6261 -0.1088
v 0.6719 3.5168 6.5007
v 0.6719 3.5168 8.8046
v 0.6861 3.5589 6.5007
v 0.6861 3.5589 8.8046
v 0.7146 3.5800 6.5007
v 0.7146 3.5800 8.8046
v 0.7573 3.5800 6.5007
v 0.7573 3.5800 8.8046
v 0.7929 3.5589 6.5007
v 0.7929 3.5589 8.8046
v 0.8001 3.5168 6.5007
v 0.8001 3.5168 8.8046
v 0.7929 3.4799 6.5007
v 0.7929 3.4799 8.8046
v 0.7573 3.4536 6.5007
v 0.7573 3.4536 8.8046
v 0.7146 3.4536 6.5007
v 0.7146 3.4536 8.8046
v 0.6861 3.4799 6.5007
v 0.6861 3.4799 8.8046
v 0.6719 3.5168 6.5007
v 0.6719 3.5168 8.8046
v 0.7644 3.4325 9.4896
v 0.7502 3.4694 8.8936
v 0.7075 3.4325 9.4896
v 0.7217 3.4694 8.8936
v 0.6647 3.4641 9.4896
v 0.6932 3.4905 8.8936
v 0.6434 3.5168 9.4896
v 0.6861 3.5168 8.8936
v 0.6647 3.5747 9.4896
v 0.6932 3.5484 8.8936
v 0.7075 3.6064 9.4896
v 0.7217 3.5642 8.8936
v 0.7644 3.6064 9.4896
v 0.7502 3.5642 8.8936
v 0.8143 3.5747 9.4896
v 0.7787 3.5484 8.8936
v 0.8285 3.5168 9.4896
v 0.7858 3.5168 8.8936
v 0.8143 3.4641 9.4896
v 0.7787 3.4905 8.8936
v 0.7644 3.4325 9.4896
v 0.7502 3.4694 8.8936
v -0.1115 3.5642 8.8936
v -0.1400 3.5484 8.8936
v -0.0830 3.5642 8.8936
v -0.0973 3.5168 8.8936
v -0.0545 3.5484 8.8936
v -0.0474 3.5168 8.8936
v -0.1471 3.5168 8.8936
v -0.1400 3.4905 8.8936
v -0.1115 3.4694 8.8936
v -0.0830 3.4694 8.8936
v -0.0545 3.4905 8.8936
v -9.0135 -4.6525 -0.1711
v -9.0064 -4.6525 -0.1533
v -8.8426 -4.5419 -0.1711
v -8.8426 -4.5419 -0.1622
v -9.0135 -4.6419 -0.1355
v -8.8426 -4.5366 -0.1533
v -9.0206 -4.6261 -0.1266
v -8.8497 -4.5261 -0.1444
v -9.0349 -4.6103 -0.1355
v -8.8568 -4.5208 -0.1533
v -9.0420 -4.5998 -0.1444
v -8.8568 -4.5155 -0.1622
v -9.0420 -4.5998 -0.1711
v -8.8568 -4.5155 -0.1711
v -9.0349 -4.6103 -0.1800
v -8.8568 -4.5208 -0.1800
v -9.0278 -4.6261 -0.1889
v -8.8497 -4.5261 -0.1800
v -9.0135 -4.6419 -0.1800
v -8.8426 -4.5366 -0.1800
v -9.0135 -4.6525 -0.1711
v -8.8426 -4.5419 -0.1711
v 0.7502 3.5642 8.8936
v 0.7217 3.5642 8.8936
v 0.7787 3.5484 8.8936
v 0.7360 3.5168 8.8936
v 0.7858 3.5168 8.8936
v 0.7787 3.4905 8.8936
v 0.6932 3.5484 8.8936
v 0.6861 3.5168 8.8936
v 0.6932 3.4905 8.8936
v 0.7217 3.4694 8.8936
v 0.7502 3.4694 8.8936
v -8.8568 -4.5155 -0.1711
v -8.8568 -4.5208 -0.1800
v -8.8568 -4.5155 -0.1622
v -8.8497 -4.5261 -0.1622
v -8.8568 -4.5208 -0.1533
v -8.8497 -4.5261 -0.1444
v -8.8497 -4.5261 -0.1800
v -8.8426 -4.5366 -0.1800
v -8.8426 -4.5419 -0.1711
v -8.8426 -4.5419 -0.1622
v -8.8426 -4.5366 -0.1533
v 0.2944 5.0969 -1.1407
v 0.2731 5.1075 -1.0962
v 0.3087 5.8238 -1.2919
v 0.3015 5.8291 -1.2741
v 0.2944 5.1180 -1.0606
v 0.3087 5.8291 -1.2563
v 0.3443 5.1180 -1.0606
v 0.3300 5.8291 -1.2563
v 0.3656 5.1075 -1.0962
v 0.3372 5.8291 -1.2741
v 0.3443 5.0969 -1.1407
v 0.3300 5.8238 -1.2919
v 0.2944 5.0969 -1.1407
v 0.3087 5.8238 -1.2919
v -0.7240 6.1030 -0.3757
v -0.7168 6.1030 -0.4024
v -0.5103 5.1022 -0.3401
v -0.5103 5.1022 -0.4024
v -0.6955 6.1082 -0.4112
v -0.4533 5.1127 -0.4290
v -0.6741 6.1135 -0.3935
v -0.4035 5.1285 -0.3935
v -0.6812 6.1135 -0.3668
v -0.4106 5.1285 -0.3312
v -0.7026 6.1082 -0.3579
v -0.4605 5.1127 -0.3045
v -0.7240 6.1030 -0.3757
v -0.5103 5.1022 -0.3401
v 0.3372 5.8291 -1.2741
v 0.3300 5.8238 -1.2919
v 0.3300 5.8291 -1.2563
v 0.3087 5.8238 -1.2919
v 0.3087 5.8291 -1.2563
v 0.3015 5.8291 -1.2741
v 0.5508 3.7538 4.1166
v 0.5508 3.6801 4.1433
v 0.9282 3.7538 4.1166
v 0.9282 3.6801 4.1433
v 0.5508 3.5800 4.1611
v 0.9282 3.5800 4.1611
v 0.5508 3.4694 4.1611
v 0.9282 3.4694 4.1611
v 0.5508 3.3693 4.1433
v 0.9282 3.3693 4.1433
v 0.5508 3.3114 4.1255
v 0.9282 3.3114 4.1255
v -0.7026 6.1082 -0.3579
v -0.6812 6.1135 -0.3668
v -0.7240 6.1030 -0.3757
v -0.6741 6.1135 -0.3935
v -0.7168 6.1030 -0.4024
v -0.6955 6.1082 -0.4112
v 0.0879 3.3114 4.1255
v 0.0879 3.3693 4.1433
v -0.2895 3.3114 4.1255
v -0.2895 3.3693 4.1433
v -0.2895 3.4694 4.1611
v 0.0879 3.4694 4.1611
v 0.0879 3.5800 4.1611
v -0.2895 3.5800 4.1611
v -0.2895 3.6801 4.1433
v 0.0879 3.6801 4.1433
v 0.0879 3.7538 4.1166
v -0.2895 3.7538 4.1166
v 5.0374 -4.5155 7.5504
v 5.0303 -4.5208 7.5593
v 5.0445 -4.5155 7.5504
v 5.0374 -4.5261 7.5415
v 5.0517 -4.5208 7.5415
v 5.0517 -4.5261 7.5326
v 5.0232 -4.5261 7.5504
v 5.0232 -4.5366 7.5504
v 5.0303 -4.5419 7.5415
v 5.0374 -4.5419 7.5326
v 5.0445 -4.5366 7.5326
v 5.1157 -4.6525 7.6838
v 5.1300 -4.6525 7.6749
v 5.0303 -4.5419 7.5415
v 5.0374 -4.5419 7.5326
v 5.1442 -4.6419 7.6749
v 5.0445 -4.5366 7.5326
v 5.1585 -4.6261 7.6749
v 5.0517 -4.5261 7.5326
v 5.1585 -4.6103 7.6838
v 5.0517 -4.5208 7.5415
v 5.1442 -4.5998 7.7016
v 5.0445 -4.5155 7.5504
v 5.1300 -4.5998 7.7105
v 5.0374 -4.5155 7.5504
v 5.1157 -4.6103 7.7105
v 5.0303 -4.5208 7.5593
v 5.1015 -4.6261 7.7105
v 5.0232 -4.5261 7.5504
v 5.1015 -4.6419 7.7016
v 5.0232 -4.5366 7.5504
v 5.1157 -4.6525 7.6838
v 5.0303 -4.5419 7.5415
v 5.0659 -4.5208 7.5148
v 5.0659 -4.4997 7.5237
v 5.0588 -4.5261 7.5237
v 5.0588 -4.5103 7.5326
v 5.1727 -4.6261 7.6660
v 5.1727 -4.5998 7.6838
v 5.0517 -4.4892 7.5415
v 5.0517 -4.4997 7.5504
v 5.1585 -4.5840 7.7016
v 5.0303 -4.4892 7.5593
v 5.0374 -4.4997 7.5593
v 5.1300 -4.5840 7.7194
v 5.0089 -4.4997 7.5593
v 5.0232 -4.5103 7.5593
v 5.1015 -4.5998 7.7283
v 5.0018 -4.5208 7.5504
v 5.0089 -4.5261 7.5593
v 5.0873 -4.6261 7.7194
v 5.0018 -4.5419 7.5415
v 5.0089 -4.5366 7.5415
v 5.0873 -4.6525 7.7016
v 5.0089 -4.5524 7.5237
v 5.0232 -4.5471 7.5326
v 5.1086 -4.6683 7.6838
v 5.0303 -4.5524 7.5148
v 5.0374 -4.5471 7.5237
v 5.1300 -4.6683 7.6660
v 5.0517 -4.5419 7.5059
v 5.0517 -4.5366 7.5237
v 5.1585 -4.6525 7.6571
v 5.0659 -4.5208 7.5148
v 5.0588 -4.5261 7.5237
v 5.1727 -4.6261 7.6660
v 3.7342 -3.6570 -7.1542
v 3.7199 -3.6886 -7.1453
v 3.9549 -3.9309 -7.5722
v 3.9407 -3.9572 -7.5634
v 3.6843 -3.7044 -7.1453
v 3.9122 -3.9783 -7.5722
v 3.6558 -3.7044 -7.1630
v 3.8766 -3.9783 -7.5811
v 3.6345 -3.6886 -7.1808
v 3.8623 -3.9572 -7.6078
v 3.6345 -3.6570 -7.2075
v 3.8552 -3.9309 -7.6256
v 3.6487 -3.6306 -7.2164
v 3.8766 -3.8993 -7.6345
v 3.6843 -3.6148 -7.2075
v 3.9051 -3.8835 -7.6345
v 3.7128 -3.6148 -7.1897
v 3.9336 -3.8835 -7.6167
v 3.7342 -3.6306 -7.1719
v 3.9549 -3.8993 -7.5900
v 3.7342 -3.6570 -7.1542
v 3.9549 -3.9309 -7.5722
v 0.0665 3.5168 3.6896
v 0.0665 3.5168 5.3087
v 0.0380 3.4220 3.6896
v 0.0380 3.4220 5.3087
v -0.0474 3.3588 3.6896
v -0.0474 3.3588 5.3087
v -0.1471 3.3588 3.6896
v -0.1471 3.3588 5.3087
v -0.2326 3.4220 3.6896
v -0.2326 3.4220 5.3087
v -0.2611 3.5168 3.6896
v -0.2611 3.5168 5.3087
v -0.2326 3.6169 3.6896
v -0.2326 3.6169 5.3087
v -0.1471 3.6748 3.6896
v -0.1471 3.6748 5.3087
v -0.0474 3.6748 3.6896
v -0.0474 3.6748 5.3087
v 0.0380 3.6169 3.6896
v 0.0380 3.6169 5.3087
v 0.0665 3.5168 3.6896
v 0.0665 3.5168 5.3087
v 0.0879 3.3114 4.1255
v -0.2895 3.3114 4.1255
v 0.0879 3.3114 4.0988
v -0.2895 3.3114 4.0988
v 0.9282 3.7538 4.1166
v 0.9282 3.7538 4.0900
v 0.5508 3.7538 4.1166
v 0.5508 3.7538 4.0900
v 0.5508 3.3114 4.1255
v 0.5508 3.3114 4.0988
v 0.9282 3.3114 4.1255
v 0.9282 3.3114 4.0988
v 0.0879 3.7538 4.0900
v -0.2895 3.7538 4.0900
v 0.0879 3.7538 4.1166
v -0.2895 3.7538 4.1166
v 0.9282 3.1797 3.9654
v 0.9282 3.2324 4.0366
v 0.5508 3.1797 3.9654
v 0.5508 3.2324 4.0366
v 0.9282 3.3114 4.0988
v 0.5508 3.3114 4.0988
v 3.9407 -3.9361 -7.5900
v 3.9549 -3.9309 -7.5722
v 3.9264 -3.9519 -7.5900
v 3.9407 -3.9572 -7.5634
v 3.9122 -3.9625 -7.5900
v 3.9122 -3.9783 -7.5722
v 3.8980 -3.9625 -7.5989
v 3.8766 -3.9783 -7.5811
v 3.8837 -3.9519 -7.6078
v 3.8623 -3.9572 -7.6078
v 3.8837 -3.9361 -7.6256
v 3.8552 -3.9309 -7.6256
v 3.8908 -3.9203 -7.6256
v 3.8766 -3.8993 -7.6345
v 3.9122 -3.9098 -7.6256
v 3.9051 -3.8835 -7.6345
v 3.9264 -3.9098 -7.6167
v 3.9336 -3.8835 -7.6167
v 3.9407 -3.9203 -7.5989
v 3.9549 -3.8993 -7.5900
v 3.9407 -3.9361 -7.5900
v 3.9549 -3.9309 -7.5722
v -0.2895 3.1797 3.9654
v 0.0879 3.1797 3.9654
v -0.2895 3.2324 4.0366
v 0.0879 3.2324 4.0366
v -0.2895 3.3114 4.0988
v 0.0879 3.3114 4.0988
v 3.9336 -3.9203 -7.5722
v 3.9264 -3.9414 -7.5634
v 4.0902 -4.1152 -7.8658
v 4.0831 -4.1363 -7.8658
v 3.9051 -3.9519 -7.5634
v 4.0617 -4.1468 -7.8658
v 3.8837 -3.9519 -7.5811
v 4.0404 -4.1468 -7.8747
v 3.8695 -3.9414 -7.5900
v 4.0261 -4.1363 -7.8925
v 3.8623 -3.9203 -7.6078
v 4.0261 -4.1152 -7.9103
v 3.8766 -3.9045 -7.6167
v 4.0333 -4.0941 -7.9103
v 3.8980 -3.8887 -7.6078
v 4.0546 -4.0836 -7.9103
v 3.9193 -3.8887 -7.5989
v 4.0760 -4.0836 -7.9014
v 3.9336 -3.9045 -7.5811
v 4.0902 -4.0941 -7.8836
v 3.9336 -3.9203 -7.5722
v 4.0902 -4.1152 -7.8658
v 0.9282 3.7538 4.0900
v 0.9282 3.8328 4.0366
v 0.5508 3.7538 4.0900
v 0.5508 3.8328 4.0366
v 0.9282 3.8908 3.9565
v 0.5508 3.8908 3.9565
v -0.2895 3.7538 4.0900
v 0.0879 3.7538 4.0900
v -0.2895 3.8328 4.0366
v 0.0879 3.8328 4.0366
v -0.2895 3.8908 3.9565
v 0.0879 3.8908 3.9565
v 4.5318 -3.6570 6.0559
v 4.5318 -3.6886 6.0381
v 4.7810 -3.9309 6.4562
v 4.7810 -3.9572 6.4384
v 4.5460 -3.7044 6.0114
v 4.8024 -3.9783 6.4117
v 4.5745 -3.7044 5.9936
v 4.8309 -3.9783 6.3939
v 4.6030 -3.6886 5.9847
v 4.8594 -3.9572 6.3939
v 4.6244 -3.6570 5.9936
v 4.8807 -3.9309 6.3939
v 4.6244 -3.6306 6.0114
v 4.8807 -3.8993 6.4206
v 4.6030 -3.6148 6.0381
v 4.8594 -3.8835 6.4384
v 4.5745 -3.6148 6.0559
v 4.8309 -3.8835 6.4562
v 4.5460 -3.6306 6.0648
v 4.8024 -3.8993 6.4651
v 4.5318 -3.6570 6.0559
v 4.7810 -3.9309 6.4562
v 4.0831 -4.1205 -7.8925
v 4.0902 -4.1152 -7.8658
v 4.0760 -4.1363 -7.8836
v 4.0831 -4.1363 -7.8658
v 4.0689 -4.1416 -7.8925
v 4.0617 -4.1468 -7.8658
v 4.0546 -4.1416 -7.8925
v 4.0404 -4.1468 -7.8747
v 4.0475 -4.1363 -7.9014
v 4.0261 -4.1363 -7.8925
v 4.0475 -4.1205 -7.9103
v 4.0261 -4.1152 -7.9103
v 4.0546 -4.1100 -7.9192
v 4.0333 -4.0941 -7.9103
v 4.0617 -4.1047 -7.9103
v 4.0546 -4.0836 -7.9103
v 4.0760 -4.1047 -7.9103
v 4.0760 -4.0836 -7.9014
v 4.0831 -4.1100 -7.9014
v 4.0902 -4.0941 -7.8836
v 4.0831 -4.1205 -7.8925
v 4.0902 -4.1152 -7.8658
v 4.0831 -4.1205 -7.8925
v 4.4036 -4.5103 -8.4974
v 4.0831 -4.1100 -7.9014
v 4.4036 -4.4997 -8.5063
v 4.0760 -4.1047 -7.9103
v 4.3965 -4.4944 -8.5152
v 4.0617 -4.1047 -7.9103
v 4.3822 -4.4944 -8.5241
v 4.0546 -4.1100 -7.9192
v 4.3751 -4.4997 -8.5241
v 4.0475 -4.1205 -7.9103
v 4.3680 -4.5103 -8.5152
v 4.0475 -4.1363 -7.9014
v 4.3680 -4.5261 -8.5152
v 4.0546 -4.1416 -7.8925
v 4.3751 -4.5313 -8.5063
v 4.0689 -4.1416 -7.8925
v 4.3893 -4.5313 -8.4974
v 4.0760 -4.1363 -7.8836
v 4.3965 -4.5261 -8.4974
v 4.0831 -4.1205 -7.8925
v 4.4036 -4.5103 -8.4974
v 0.0665 3.5168 5.3087
v 0.0380 3.6169 5.3087
v -0.0047 3.5168 5.3353
v -0.0260 3.5747 5.3353
v -0.0474 3.6748 5.3087
v -0.0688 3.6064 5.3353
v -0.1471 3.6748 5.3087
v -0.1258 3.6064 5.3353
v -0.2326 3.6169 5.3087
v -0.1756 3.5747 5.3353
v -0.2611 3.5168 5.3087
v -0.1898 3.5168 5.3353
v -0.2326 3.4220 5.3087
v -0.1756 3.4641 5.3353
v -0.1471 3.3588 5.3087
v -0.1258 3.4273 5.3353
v -0.0474 3.3588 5.3087
v -0.0688 3.4273 5.3353
v 0.0380 3.4220 5.3087
v -0.0260 3.4641 5.3353
v 0.0665 3.5168 5.3087
v -0.0047 3.5168 5.3353
v 4.4036 -4.5103 -8.4974
v 4.4250 -4.5208 -8.5063
v 4.4036 -4.4997 -8.5063
v 4.4250 -4.4997 -8.5152
v 4.3965 -4.4944 -8.5152
v 4.4107 -4.4892 -8.5330
v 4.3822 -4.4944 -8.5241
v 4.3893 -4.4892 -8.5419
v 4.3751 -4.4997 -8.5241
v 4.3680 -4.4997 -8.5508
v 4.3680 -4.5103 -8.5152
v 4.3609 -4.5208 -8.5419
v 4.3680 -4.5261 -8.5152
v 4.3609 -4.5419 -8.5241
v 4.3751 -4.5313 -8.5063
v 4.3751 -4.5524 -8.5152
v 4.3893 -4.5313 -8.4974
v 4.3965 -4.5524 -8.4974
v 4.3965 -4.5261 -8.4974
v 4.4178 -4.5419 -8.4974
v 4.4036 -4.5103 -8.4974
v 4.4250 -4.5208 -8.5063
v 0.3158 4.9969 1.3323
v 0.3158 4.9284 1.3590
v 0.3656 4.9758 1.3323
v 0.3870 4.9284 1.3412
v 0.4084 5.0127 1.2878
v 0.4440 4.9231 1.3056
v 0.4369 5.0337 1.2344
v 0.4867 4.9126 1.2433
v 0.4440 5.0337 1.1633
v 0.5009 4.9073 1.1811
v 0.4369 5.0127 1.0921
v 0.4867 4.8968 1.1099
v 0.4084 4.9811 1.0387
v 0.4440 4.8915 1.0476
v 0.3656 4.9337 1.0032
v 0.3870 4.8863 1.0121
v 0.3158 4.8863 0.9943
v 0.3158 5.0495 1.2878
v 0.3158 5.0811 1.2256
v 0.3158 5.0864 1.1544
v 0.3158 5.0653 1.0921
v 0.3158 5.0179 1.0387
v 0.3158 4.9547 1.0032
v 0.2731 4.9337 1.0032
v 0.2303 4.9811 1.0387
v 0.2018 5.0127 1.0921
v 0.1947 5.0337 1.1633
v 0.2018 5.0337 1.2344
v 0.2303 5.0127 1.2878
v 0.2731 4.9758 1.3323
v 0.3158 4.9284 1.3590
v 0.2517 4.9284 1.3412
v 0.3158 4.8863 0.9943
v 0.2517 4.8863 1.0121
v 0.1947 4.8915 1.0476
v 0.1520 4.8968 1.1099
v 0.1377 4.9073 1.1811
v 0.1520 4.9126 1.2433
v 0.1947 4.9231 1.3056
v 0.2731 4.8389 1.0210
v 0.2303 4.8020 1.0654
v 0.2018 4.7809 1.1188
v 0.1947 4.7809 1.1900
v 0.2018 4.7967 1.2611
v 0.2303 4.8336 1.3145
v 0.2731 4.8757 1.3501
v 0.3158 4.9284 1.3590
v 0.3158 4.8599 1.3501
v 0.3158 4.7967 1.3145
v 0.3158 4.7493 1.2611
v 0.3158 4.7282 1.1989
v 0.3158 4.7335 1.1277
v 0.3158 4.7651 1.0654
v 0.3158 4.8178 1.0210
v 0.3158 4.8863 0.9943
v -8.9850 -4.6683 0.2737
v -8.9921 -4.6525 0.2737
v -8.9850 -4.6683 0.2470
v -8.9921 -4.6525 0.2470
v -8.9921 -4.6525 0.2203
v -8.9993 -4.6419 0.2381
v -9.0135 -4.6261 0.2114
v -9.0064 -4.6261 0.2292
v -9.0278 -4.5998 0.2203
v -9.0206 -4.6103 0.2381
v -9.0349 -4.5840 0.2470
v -9.0206 -4.5998 0.2559
v -9.0349 -4.5840 0.2737
v -9.0206 -4.5998 0.2737
v -9.0206 -4.5998 0.3004
v -9.0135 -4.6103 0.2826
v -9.0064 -4.6261 0.3093
v -9.0064 -4.6261 0.2915
v -8.9921 -4.6525 0.3004
v -8.9993 -4.6419 0.2826
v -0.0545 3.6590 9.4896
v -0.0260 3.5747 9.4896
v 0.0238 3.6064 9.4896
v -0.0047 3.5168 9.4896
v 0.0523 3.5168 9.4896
v -0.0260 3.4641 9.4896
v 0.0238 3.4325 9.4896
v -0.0688 3.4325 9.4896
v -0.0545 3.3746 9.4896
v -0.1258 3.4325 9.4896
v -0.1471 3.3746 9.4896
v -0.1756 3.4641 9.4896
v -0.2183 3.4325 9.4896
v -0.1898 3.5168 9.4896
v -0.2468 3.5168 9.4896
v -0.1756 3.5747 9.4896
v -0.2183 3.6064 9.4896
v -0.1258 3.6064 9.4896
v -0.1471 3.6590 9.4896
v -0.0688 3.6064 9.4896
v -9.0135 -4.6419 -0.1355
v -9.0206 -4.6261 -0.1088
v -9.0206 -4.6261 -0.1266
v -9.0349 -4.5998 -0.1177
v -9.0349 -4.6103 -0.1355
v -9.0491 -4.5840 -0.1444
v -9.0420 -4.5998 -0.1444
v -9.0491 -4.5840 -0.1711
v -9.0420 -4.5998 -0.1711
v -9.0420 -4.5998 -0.1978
v -9.0349 -4.6103 -0.1800
v -9.0278 -4.6261 -0.2066
v -9.0278 -4.6261 -0.1889
v -9.0135 -4.6525 -0.1978
v -9.0135 -4.6419 -0.1800
v -8.9993 -4.6683 -0.1711
v -9.0135 -4.6525 -0.1711
v -8.9993 -4.6683 -0.1444
v -9.0064 -4.6525 -0.1533
v -9.0064 -4.6525 -0.1177
v 4.4962 -4.6419 -8.6664
v 4.5104 -4.6525 -8.6575
v 4.4819 -4.6525 -8.6664
v 4.4819 -4.6683 -8.6575
v 4.4677 -4.6525 -8.6753
v 4.4534 -4.6683 -8.6753
v 4.4534 -4.6419 -8.6931
v 4.4392 -4.6525 -8.6931
v 4.4534 -4.6261 -8.7020
v 4.4392 -4.6261 -8.7109
v 4.4606 -4.6103 -8.7109
v 4.4534 -4.5998 -8.7198
v 4.4819 -4.5998 -8.7020
v 4.4748 -4.5840 -8.7198
v 4.4962 -4.5998 -8.6931
v 4.5033 -4.5840 -8.7020
v 4.5104 -4.6103 -8.6842
v 4.5247 -4.5998 -8.6842
v 4.5104 -4.6261 -8.6753
v 4.5247 -4.6261 -8.6664
v 4.8950 -4.6261 -8.4707
v 4.8807 -4.6103 -8.4885
v 4.8950 -4.5998 -8.4885
v 4.8665 -4.5998 -8.4974
v 4.8736 -4.5840 -8.5063
v 4.8522 -4.5998 -8.5063
v 4.8522 -4.5840 -8.5241
v 4.8309 -4.6103 -8.5152
v 4.8238 -4.5998 -8.5241
v 4.8238 -4.6261 -8.5063
v 4.8095 -4.6261 -8.5152
v 4.8238 -4.6419 -8.4974
v 4.8095 -4.6525 -8.4974
v 4.8380 -4.6525 -8.4796
v 4.8238 -4.6683 -8.4796
v 4.8522 -4.6525 -8.4707
v 4.8522 -4.6683 -8.4618
v 4.8665 -4.6419 -8.4707
v 4.8807 -4.6525 -8.4618
v 4.8807 -4.6261 -8.4796
v 0.3656 5.0021 -1.0695
v 0.3158 4.9916 -1.0695
v 0.3514 4.9969 -1.1051
v 0.3158 4.9916 -1.1140
v 0.3799 5.0127 -1.1318
v 0.3158 5.0074 -1.1585
v 0.3941 5.0443 -1.1585
v 0.3158 5.0390 -1.1941
v 0.4012 5.0864 -1.1763
v 0.3158 5.0811 -1.2119
v 0.3941 5.1338 -1.1852
v 0.3158 5.1285 -1.2119
v 0.3799 5.1759 -1.1763
v 0.3229 5.1707 -1.1941
v 0.3514 5.2075 -1.1496
v 0.3229 5.2023 -1.1674
v 0.3229 5.2234 -1.1229
v 0.4012 5.0285 -1.0784
v 0.4297 5.0653 -1.0873
v 0.4369 5.1075 -1.0962
v 0.4297 5.1496 -1.1051
v 0.4012 5.1865 -1.1140
v 0.3656 5.2128 -1.1229
v 0.3514 5.2181 -1.0873
v 0.3799 5.2023 -1.0606
v 0.3941 5.1654 -1.0339
v 0.4012 5.1233 -1.0162
v 0.3941 5.0811 -1.0162
v 0.3799 5.0390 -1.0250
v 0.3514 5.0074 -1.0428
v 0.3158 4.9916 -1.0695
v 0.3158 5.0127 -1.0339
v 0.3158 5.0443 -0.9984
v 0.3158 5.0864 -0.9806
v 0.3229 5.1338 -0.9806
v 0.3229 5.1759 -1.0073
v 0.3229 5.2075 -1.0339
v 0.3229 5.2234 -1.0784
v 0.3229 5.2234 -1.1229
v 0.2375 5.0917 -1.1763
v 0.2446 5.1338 -1.1852
v 0.2588 5.1759 -1.1763
v 0.2873 5.2075 -1.1496
v 0.3229 5.2234 -1.1229
v 0.2731 5.2128 -1.1229
v 0.2375 5.1865 -1.1140
v 0.2090 5.1496 -1.1051
v 0.2018 5.1075 -1.0962
v 0.2090 5.0653 -1.0873
v 0.2446 5.0495 -1.1585
v 0.2375 5.0285 -1.0784
v 0.2588 5.0127 -1.1318
v 0.2731 5.0021 -1.0695
v 0.2873 4.9969 -1.1051
v 0.3158 4.9916 -1.0695
v -0.4961 5.2550 -0.3668
v -0.5459 5.2286 -0.3668
v -0.5317 5.2339 -0.3312
v -0.5530 5.1970 -0.2956
v -0.4818 5.2128 -0.2689
v -0.4747 5.1707 -0.2333
v -0.4890 5.2444 -0.3134
v 5.1727 -4.6261 7.6660
v 5.1442 -4.6419 7.6749
v 5.1585 -4.6525 7.6571
v 5.1300 -4.6525 7.6749
v 5.1300 -4.6683 7.6660
v 5.1157 -4.6525 7.6838
v 5.1086 -4.6683 7.6838
v 5.1015 -4.6419 7.7016
v 5.0873 -4.6525 7.7016
v 5.1015 -4.6261 7.7105
v 5.0873 -4.6261 7.7194
v 5.1157 -4.6103 7.7105
v 5.1015 -4.5998 7.7283
v 5.1300 -4.5998 7.7105
v 5.1300 -4.5840 7.7194
v 5.1442 -4.5998 7.7016
v 5.1585 -4.5840 7.7016
v 5.1585 -4.6103 7.6838
v 5.1727 -4.5998 7.6838
v 5.1585 -4.6261 7.6749
v 0.2873 5.0074 -1.0428
v 0.2588 5.0390 -1.0250
v 0.2446 5.0811 -1.0162
v 0.2375 5.1285 -1.0162
v 0.2446 5.1707 -1.0339
v 0.2588 5.2023 -1.0606
v 0.2873 5.2181 -1.0873
v 0.3229 5.2234 -1.1229
v 0.3229 5.2234 -1.0784
v 0.3229 5.2075 -1.0339
v 0.3229 5.1759 -1.0073
v 0.3229 5.1338 -0.9806
v 0.3158 5.0864 -0.9806
v 0.3158 5.0443 -0.9984
v 0.3158 5.0127 -1.0339
v 0.3158 4.9916 -1.0695
v 5.4576 -4.6683 7.4614
v 5.4718 -4.6525 7.4614
v 5.4433 -4.6525 7.4792
v 5.4576 -4.6419 7.4703
v 5.4433 -4.6261 7.4970
v 5.4576 -4.6261 7.4881
v 5.4576 -4.5998 7.5059
v 5.4718 -4.6103 7.4881
v 5.4861 -4.5840 7.4970
v 5.4861 -4.5998 7.4881
v 5.5146 -4.5840 7.4792
v 5.5003 -4.5998 7.4792
v 5.5288 -4.5998 7.4614
v 5.5146 -4.6103 7.4614
v 5.5288 -4.6261 7.4436
v 5.5146 -4.6261 7.4525
v 5.5146 -4.6525 7.4347
v 5.5003 -4.6419 7.4436
v 5.4861 -4.6683 7.4436
v 5.4861 -4.6525 7.4525
v 0.6932 3.3746 9.4896
v 0.7075 3.4325 9.4896
v 0.6149 3.4325 9.4896
v 0.6647 3.4641 9.4896
v 0.5864 3.5168 9.4896
v 0.6434 3.5168 9.4896
v 0.6149 3.6064 9.4896
v 0.6647 3.5747 9.4896
v 0.6932 3.6590 9.4896
v 0.7075 3.6064 9.4896
v 0.7858 3.6590 9.4896
v 0.7644 3.6064 9.4896
v 0.8570 3.6064 9.4896
v 0.8143 3.5747 9.4896
v 0.8855 3.5168 9.4896
v 0.8285 3.5168 9.4896
v 0.8570 3.4325 9.4896
v 0.8143 3.4641 9.4896
v 0.7858 3.3746 9.4896
v 0.7644 3.4325 9.4896
v -0.4462 5.0601 -0.2333
v -0.4605 5.1127 -0.2244
v -0.5602 5.0917 -0.2689
v -0.5673 5.1443 -0.2778
v -0.6029 5.1338 -0.3668
v -0.5815 5.1865 -0.3668
v -0.5530 5.1970 -0.4379
v -0.5317 5.2339 -0.4112
v -0.4890 5.2444 -0.4290
v -0.4961 5.2550 -0.3668
v 0.4440 4.7809 1.1900
v 0.4369 4.7809 1.1188
v 0.4084 4.8020 1.0654
v 0.3656 4.8389 1.0210
v 0.3158 4.8863 0.9943
v 0.3158 4.8178 1.0210
v 0.3158 4.7651 1.0654
v 0.3158 4.7335 1.1277
v 0.3158 4.7282 1.1989
v 0.3158 4.7493 1.2611
v 0.4369 4.7967 1.2611
v 0.3158 4.7967 1.3145
v 0.4084 4.8336 1.3145
v 0.3158 4.8599 1.3501
v 0.3656 4.8757 1.3501
v 0.3158 4.9284 1.3590
v -0.4249 4.9758 -0.3668
v -0.4249 4.9863 -0.3134
v -0.4676 4.9758 -0.3312
v -0.5032 4.9969 -0.2956
v -0.5317 4.9916 -0.3668
v -0.5744 5.0285 -0.3668
v -0.5388 5.0390 -0.4646
v -0.5602 5.0864 -0.4735
v -0.4605 5.1127 -0.5091
v -0.4747 5.1654 -0.5002
v -0.3821 5.1865 -0.4646
v -0.4106 5.2286 -0.4379
v -0.3821 5.2392 -0.3668
v -0.4391 5.2550 -0.3668
v -0.4533 5.2550 -0.3312
v -0.4961 5.2550 -0.3668
v -0.4890 5.2444 -0.3134
v -0.4818 4.9705 -0.3668
v -0.5032 4.9969 -0.4379
v -0.4462 5.0601 -0.5002
v -0.3608 5.1391 -0.4735
v -0.3465 5.1970 -0.3668
v -0.4106 5.2286 -0.2956
v -0.4818 5.2128 -0.2689
v -0.3821 5.1917 -0.2778
v -0.3180 5.1496 -0.3668
v -0.3536 5.0811 -0.4646
v -0.4320 5.0127 -0.4735
v -0.4676 4.9758 -0.4112
v -0.4249 4.9758 -0.3668
v -0.4249 4.9811 -0.4201
v -0.3679 5.0285 -0.4379
v -0.3180 5.0917 -0.3668
v -0.3608 5.1391 -0.2689
v -0.4747 5.1707 -0.2333
v -0.4605 5.1127 -0.2244
v -0.3536 5.0811 -0.2778
v -0.3394 5.0390 -0.3668
v -0.3893 4.9916 -0.4112
v -0.4249 4.9758 -0.3668
v -0.3750 4.9969 -0.3668
v -0.3679 5.0337 -0.2956
v -0.4462 5.0601 -0.2333
v -0.4320 5.0127 -0.2689
v -0.3893 4.9916 -0.3312
v -0.4249 4.9758 -0.3668
v -0.4249 4.9863 -0.3134
v -0.4320 5.0127 -0.2689
v -0.5388 5.0390 -0.2778
v -0.5958 5.0811 -0.3668
v -0.5602 5.1443 -0.4646
v -0.4818 5.2128 -0.4735
v -0.4533 5.2497 -0.4112
v -0.4961 5.2550 -0.3668
vn -0.0038 0.1112 0.9938
vn -0.0038 0.1112 0.9938
vn -0.0038 0.1112 0.9938
vn -0.0038 0.1112 0.9938
vn -0.0038 0.1112 0.9938
vn -0.0038 0.1112 0.9938
vn -1.0000 -0.0022 0.0000
vn -0.8098 -0.5867 0.0038
vn -1.0000 -0.0022 0.0000
vn -0.8098 -0.5867 0.0038
vn -0.3094 -0.9509 -0.0019
vn -0.3094 -0.9509 -0.0019
vn 0.3094 -0.9509 -0.0019
vn 0.3094 -0.9509 -0.0019
vn 0.8098 -0.5867 -0.0038
vn 0.8098 -0.5867 -0.0038
vn 1.0000 -0.0022 -0.0000
vn 1.0000 -0.0022 -0.0000
vn 0.8098 0.5867 0.0019
vn 0.8098 0.5867 0.0019
vn 0.3094 0.9509 0.0019
vn 0.3094 0.9509 0.0019
vn -0.3094 0.9509 0.0019
vn -0.3094 0.9509 0.0019
vn -0.8098 0.5867 0.0019
vn -0.8098 0.5867 0.0019
vn -1.0000 -0.0022 0.0000
vn -1.0000 -0.0022 0.0000
vn -0.7435 0.0022 -0.6688
vn -0.7435 0.0022 -0.6688
vn -0.6004 -0.4370 -0.6698
vn -0.6004 -0.4370 -0.6698
vn -0.2300 -0.7094 -0.6662
vn -0.2300 -0.7094 -0.6662
vn 0.2300 -0.7094 -0.6662
vn 0.2300 -0.7094 -0.6662
vn 0.6004 -0.4370 -0.6698
vn 0.6004 -0.4370 -0.6698
vn 0.7435 0.0022 -0.6688
vn 0.7435 0.0022 -0.6688
vn 0.5997 0.4370 -0.6704
vn 0.5997 0.4370 -0.6704
vn 0.2296 0.7094 -0.6663
vn 0.2296 0.7094 -0.6663
vn -0.2296 0.7094 -0.6663
vn -0.2296 0.7094 -0.6663
vn -0.5997 0.4370 -0.6704
vn -0.5997 0.4370 -0.6704
vn -0.7435 0.0022 -0.6688
vn -0.7435 0.0022 -0.6688
vn 0.8605 -0.3892 -0.3288
vn 0.8553 0.0328 0.5171
vn 0.8390 -0.0807 -0.5382
vn 0.8212 0.5435 0.1742
vn 0.6219 0.1112 -0.7751
vn 0.4637 0.8590 -0.2170
vn 0.2902 0.1112 -0.9505
vn -0.0825 0.8590 -0.5052
vn -0.0302 -0.0807 -0.9963
vn -0.6074 0.5435 -0.5794
vn -0.2171 -0.3892 -0.8952
vn -0.9114 0.0328 -0.4102
vn -0.1940 -0.7032 -0.6840
vn -0.8769 -0.4758 -0.0679
vn 0.0227 -0.8946 -0.4462
vn -0.5161 -0.7928 0.3242
vn 0.3540 -0.8946 -0.2726
vn 0.0264 -0.7928 0.6089
vn 0.6733 -0.7032 -0.2283
vn 0.5517 -0.4758 0.6849
vn 0.8605 -0.3892 -0.3288
vn 0.8553 0.0328 0.5171
vn 0.8330 0.0546 0.5506
vn 0.8010 0.5617 0.2071
vn 0.4439 0.8764 -0.1869
vn -0.0972 0.8764 -0.4717
vn -0.6205 0.5617 -0.5472
vn -0.9230 0.0546 -0.3808
vn -0.8911 -0.4526 -0.0340
vn -0.5318 -0.7682 0.3565
vn 0.0076 -0.7682 0.6401
vn 0.5351 -0.4526 0.7133
vn 0.8330 0.0546 0.5506
vn -0.8479 -0.0022 0.5302
vn -0.8391 -0.5101 0.1893
vn -0.8479 -0.0022 0.5302
vn -0.8391 -0.5101 0.1893
vn -0.5107 -0.8286 -0.2294
vn -0.5107 -0.8286 -0.2294
vn 0.0151 -0.8286 -0.5597
vn 0.0151 -0.8286 -0.5597
vn 0.5327 -0.5101 -0.6753
vn 0.5327 -0.5101 -0.6753
vn 0.8479 -0.0022 -0.5302
vn 0.8479 -0.0022 -0.5302
vn 0.8395 0.5101 -0.1872
vn 0.8395 0.5101 -0.1872
vn 0.5111 0.8286 0.2285
vn 0.5111 0.8286 0.2285
vn -0.0113 0.8286 0.5598
vn -0.0113 0.8286 0.5598
vn -0.5321 0.5101 0.6758
vn -0.5321 0.5101 0.6758
vn -0.8479 -0.0022 0.5302
vn -0.8479 -0.0022 0.5302
vn 1.0000 -0.0022 -0.0000
vn 1.0000 -0.0022 -0.0000
vn 0.8098 -0.5867 0.0038
vn 0.8098 -0.5867 0.0038
vn 0.3094 -0.9509 -0.0019
vn 0.3094 -0.9509 -0.0019
vn -0.3094 -0.9509 -0.0019
vn -0.3094 -0.9509 -0.0019
vn -0.8098 -0.5867 -0.0038
vn -0.8098 -0.5867 -0.0038
vn -1.0000 -0.0022 0.0000
vn -1.0000 -0.0022 0.0000
vn -0.8098 0.5867 0.0019
vn -0.8098 0.5867 0.0019
vn -0.3094 0.9509 0.0019
vn -0.3094 0.9509 0.0019
vn 0.3094 0.9509 0.0019
vn 0.3094 0.9509 0.0019
vn 0.8098 0.5867 0.0019
vn 0.8098 0.5867 0.0019
vn 1.0000 -0.0022 -0.0000
vn 1.0000 -0.0022 -0.0000
vn 0.5185 0.7901 -0.3269
vn 0.5185 0.7901 -0.3269
vn 0.8769 0.4758 0.0679
vn 0.8769 0.4758 0.0679
vn 0.9114 -0.0328 0.4102
vn 0.9114 -0.0328 0.4102
vn 0.6081 -0.5435 0.5787
vn 0.6081 -0.5435 0.5787
vn 0.0827 -0.8590 0.5052
vn 0.0827 -0.8590 0.5052
vn -0.4642 -0.8590 0.2158
vn -0.4642 -0.8590 0.2158
vn -0.8207 -0.5435 -0.1763
vn -0.8207 -0.5435 -0.1763
vn -0.8553 -0.0328 -0.5171
vn -0.8553 -0.0328 -0.5171
vn -0.5517 0.4758 -0.6849
vn -0.5517 0.4758 -0.6849
vn -0.0301 0.7901 -0.6122
vn -0.0301 0.7901 -0.6122
vn 0.5185 0.7901 -0.3269
vn 0.5185 0.7901 -0.3269
vn -0.6108 -0.0022 0.7918
vn -0.9977 0.0022 -0.0679
vn -0.4940 0.3568 0.7929
vn -0.8071 0.5867 -0.0659
vn -0.1905 0.5796 0.7923
vn -0.3071 0.9496 -0.0635
vn 0.1905 0.5796 0.7923
vn 0.3071 0.9496 -0.0635
vn 0.4940 0.3568 0.7929
vn 0.8071 0.5867 -0.0659
vn 0.6108 -0.0022 0.7918
vn 0.9977 -0.0022 -0.0679
vn 0.4914 -0.3568 0.7945
vn 0.8072 -0.5867 -0.0641
vn 0.1871 -0.5796 0.7931
vn 0.3062 -0.9496 -0.0677
vn -0.1871 -0.5796 0.7931
vn -0.3062 -0.9496 -0.0677
vn -0.4914 -0.3568 0.7945
vn -0.8072 -0.5867 -0.0641
vn -0.6108 -0.0022 0.7918
vn -0.9977 0.0022 -0.0679
vn -0.9936 0.0022 -0.1130
vn -0.8052 0.5832 -0.1071
vn -0.3061 0.9454 -0.1121
vn 0.3061 0.9454 -0.1121
vn 0.8052 0.5832 -0.1071
vn 0.9936 0.0022 -0.1130
vn 0.8045 -0.5832 -0.1129
vn 0.3071 -0.9454 -0.1093
vn -0.3071 -0.9454 -0.1093
vn -0.8045 -0.5832 -0.1129
vn -0.9936 0.0022 -0.1130
vn -0.2537 -0.3527 0.9007
vn -0.2537 -0.3527 0.9007
vn -0.2513 -0.7094 0.6585
vn -0.2513 -0.7094 0.6585
vn -0.0264 -0.9302 0.3660
vn -0.0264 -0.9302 0.3660
vn 0.3399 -0.9302 0.1383
vn 0.3399 -0.9302 0.1383
vn 0.7025 -0.7094 0.0566
vn 0.7025 -0.7094 0.0566
vn 0.9217 -0.3527 0.1617
vn 0.9217 -0.3527 0.1617
vn 0.9180 0.0022 0.3966
vn 0.9180 0.0022 0.3966
vn 0.6866 0.2231 0.6919
vn 0.6866 0.2231 0.6919
vn 0.3255 0.2231 0.9188
vn 0.3255 0.2231 0.9188
vn -0.0378 0.0022 0.9993
vn -0.0378 0.0022 0.9993
vn -0.2537 -0.3527 0.9007
vn -0.2537 -0.3527 0.9007
vn -0.8855 0.0022 -0.4647
vn -0.8855 0.0022 -0.4647
vn -0.8519 -0.5101 -0.1187
vn -0.8519 -0.5101 -0.1187
vn -0.4923 -0.8286 0.2667
vn -0.4923 -0.8286 0.2667
vn 0.0566 -0.8286 0.5570
vn 0.0566 -0.8286 0.5570
vn 0.5816 -0.5101 0.6337
vn 0.5816 -0.5101 0.6337
vn 0.8855 0.0022 0.4647
vn 0.8855 0.0022 0.4647
vn 0.8517 0.5101 0.1204
vn 0.8517 0.5101 0.1204
vn 0.4892 0.8286 -0.2723
vn 0.4892 0.8286 -0.2723
vn -0.0527 0.8286 -0.5574
vn -0.0527 0.8286 -0.5574
vn -0.5837 0.5101 -0.6317
vn -0.5837 0.5101 -0.6317
vn -0.8855 0.0022 -0.4647
vn -0.8855 0.0022 -0.4647
vn -0.8479 0.0022 0.5302
vn -0.8479 0.0022 0.5302
vn -0.5321 0.5101 0.6758
vn -0.5321 0.5101 0.6758
vn -0.0113 0.8286 0.5598
vn -0.0113 0.8286 0.5598
vn 0.5111 0.8286 0.2285
vn 0.5111 0.8286 0.2285
vn 0.8395 0.5101 -0.1872
vn 0.8395 0.5101 -0.1872
vn 0.8479 0.0022 -0.5302
vn 0.8479 -0.0022 -0.5302
vn 0.5327 -0.5101 -0.6753
vn 0.5327 -0.5101 -0.6753
vn 0.0151 -0.8286 -0.5597
vn 0.0151 -0.8286 -0.5597
vn -0.5107 -0.8286 -0.2294
vn -0.5107 -0.8286 -0.2294
vn -0.8391 -0.5101 0.1893
vn -0.8391 -0.5101 0.1893
vn -0.8479 0.0022 0.5302
vn -0.8479 0.0022 0.5302
vn 0.0378 -0.4565 -0.8889
vn 0.0528 -0.6485 -0.7593
vn 0.0378 -0.4565 -0.8889
vn 0.0528 -0.6485 -0.7593
vn 0.1863 -0.7710 -0.6089
vn 0.1863 -0.7710 -0.6089
vn 0.3930 -0.7710 -0.5011
vn 0.3930 -0.7710 -0.5011
vn 0.5978 -0.6485 -0.4712
vn 0.5978 -0.6485 -0.4712
vn 0.7108 -0.4565 -0.5351
vn 0.7108 -0.4565 -0.5351
vn 0.6964 -0.2613 -0.6684
vn 0.6964 -0.2613 -0.6684
vn 0.5609 -0.1415 -0.8157
vn 0.5609 -0.1415 -0.8157
vn 0.3543 -0.1415 -0.9244
vn 0.3543 -0.1415 -0.9244
vn 0.1579 -0.2613 -0.9523
vn 0.1579 -0.2613 -0.9523
vn 0.0378 -0.4565 -0.8889
vn 0.0378 -0.4565 -0.8889
vn 0.1055 -0.4565 0.8834
vn 0.1055 -0.4565 0.8834
vn 0.2282 -0.2613 0.9379
vn 0.2282 -0.2613 0.9379
vn 0.4237 -0.1415 0.8947
vn 0.4237 -0.1415 0.8947
vn 0.6214 -0.1415 0.7706
vn 0.6214 -0.1415 0.7706
vn 0.7489 -0.2613 0.6090
vn 0.7489 -0.2613 0.6090
vn 0.7496 -0.4565 0.4793
vn 0.7496 -0.4565 0.4793
vn 0.6312 -0.6485 0.4254
vn 0.6312 -0.6485 0.4254
vn 0.4305 -0.7710 0.4693
vn 0.4305 -0.7710 0.4693
vn 0.2327 -0.7710 0.5928
vn 0.2327 -0.7710 0.5928
vn 0.1092 -0.6485 0.7533
vn 0.1092 -0.6485 0.7533
vn 0.1055 -0.4565 0.8834
vn 0.1055 -0.4565 0.8834
vn -0.8855 -0.0022 -0.4647
vn -0.8855 -0.0022 -0.4647
vn -0.8519 -0.5101 -0.1187
vn -0.8519 -0.5101 -0.1187
vn -0.4923 -0.8286 0.2667
vn -0.4923 -0.8286 0.2667
vn 0.0566 -0.8286 0.5570
vn 0.0566 -0.8286 0.5570
vn 0.5816 -0.5101 0.6337
vn 0.5816 -0.5101 0.6337
vn 0.8855 -0.0022 0.4647
vn 0.8855 -0.0022 0.4647
vn 0.8517 0.5101 0.1204
vn 0.8517 0.5101 0.1204
vn 0.4892 0.8286 -0.2723
vn 0.4892 0.8286 -0.2723
vn -0.0527 0.8286 -0.5574
vn -0.0527 0.8286 -0.5574
vn -0.5837 0.5101 -0.6317
vn -0.5837 0.5101 -0.6317
vn -0.8855 -0.0022 -0.4647
vn -0.8855 -0.0022 -0.4647
vn -0.9398 0.3281 -0.0960
vn -0.9398 0.3281 -0.0960
vn -0.7047 0.7094 0.0094
vn -0.7047 0.7094 0.0094
vn -0.3170 0.9454 -0.0762
vn -0.3170 0.9454 -0.0762
vn 0.0744 0.9454 -0.3174
vn 0.0744 0.9454 -0.3174
vn 0.3131 0.7094 -0.6314
vn 0.3131 0.7094 -0.6314
vn 0.3180 0.3281 -0.8895
vn 0.3180 0.3281 -0.8895
vn 0.0830 -0.0502 -0.9953
vn 0.0830 -0.0502 -0.9953
vn -0.3043 -0.2865 -0.9085
vn -0.3043 -0.2865 -0.9085
vn -0.6900 -0.2865 -0.6647
vn -0.6900 -0.2865 -0.6647
vn -0.9344 -0.0502 -0.3528
vn -0.9344 -0.0502 -0.3528
vn -0.9398 0.3281 -0.0960
vn -0.9398 0.3281 -0.0960
vn -0.3256 -0.3527 -0.8773
vn -0.2999 -0.7094 -0.6378
vn -0.3256 -0.3527 -0.8773
vn -0.2999 -0.7094 -0.6378
vn -0.0527 -0.9302 -0.3632
vn -0.0527 -0.9302 -0.3632
vn 0.3291 -0.9302 -0.1624
vn 0.3291 -0.9302 -0.1624
vn 0.6963 -0.7094 -0.1091
vn 0.6963 -0.7094 -0.1091
vn 0.9075 -0.3527 -0.2282
vn 0.9075 -0.3527 -0.2282
vn 0.8819 0.0022 -0.4714
vn 0.8819 0.0022 -0.4714
vn 0.6311 0.2231 -0.7429
vn 0.6311 0.2231 -0.7429
vn 0.2535 0.2231 -0.9412
vn 0.2535 0.2231 -0.9412
vn -0.1130 0.0022 -0.9936
vn -0.1130 0.0022 -0.9936
vn -0.3256 -0.3527 -0.8773
vn -0.3256 -0.3527 -0.8773
vn 0.8518 -0.0022 0.5238
vn 0.6905 0.5025 0.5203
vn 0.8518 -0.0022 0.5238
vn 0.6905 0.5025 0.5203
vn 0.2615 0.8111 0.5232
vn 0.2615 0.8111 0.5232
vn -0.2615 0.8111 0.5232
vn -0.2615 0.8111 0.5232
vn -0.6905 0.5025 0.5203
vn -0.6905 0.5025 0.5203
vn -0.8518 -0.0022 0.5238
vn -0.8518 -0.0022 0.5238
vn -0.6889 -0.5025 0.5224
vn -0.6889 -0.5025 0.5224
vn -0.2625 -0.8111 0.5227
vn -0.2625 -0.8111 0.5227
vn 0.2625 -0.8111 0.5227
vn 0.2625 -0.8111 0.5227
vn 0.6889 -0.5025 0.5224
vn 0.6889 -0.5025 0.5224
vn 0.8518 -0.0022 0.5238
vn 0.8518 -0.0022 0.5238
vn -0.8855 0.0022 -0.4647
vn -0.5837 0.5101 -0.6317
vn -0.8855 -0.0022 -0.4647
vn -0.5837 0.5101 -0.6317
vn -0.0527 0.8286 -0.5574
vn -0.0527 0.8286 -0.5574
vn 0.4892 0.8286 -0.2723
vn 0.4892 0.8286 -0.2723
vn 0.8517 0.5101 0.1204
vn 0.8517 0.5101 0.1204
vn 0.8855 -0.0022 0.4647
vn 0.8855 -0.0022 0.4647
vn 0.5816 -0.5101 0.6337
vn 0.5816 -0.5101 0.6337
vn 0.0566 -0.8286 0.5570
vn 0.0566 -0.8286 0.5570
vn -0.4923 -0.8286 0.2667
vn -0.4923 -0.8286 0.2667
vn -0.8519 -0.5101 -0.1187
vn -0.8519 -0.5101 -0.1187
vn -0.8855 0.0022 -0.4647
vn -0.8855 -0.0022 -0.4647
vn -1.0000 -0.0022 0.0000
vn -0.8098 0.5867 0.0019
vn -1.0000 0.0022 0.0000
vn -0.8098 0.5867 0.0019
vn -0.3094 0.9509 0.0019
vn -0.3094 0.9509 0.0019
vn 0.3094 0.9509 0.0019
vn 0.3094 0.9509 0.0019
vn 0.8098 0.5867 0.0019
vn 0.8098 0.5867 0.0019
vn 1.0000 -0.0022 -0.0000
vn 1.0000 0.0022 -0.0000
vn 0.8098 -0.5867 -0.0038
vn 0.8098 -0.5867 -0.0038
vn 0.3094 -0.9509 -0.0019
vn 0.3094 -0.9509 -0.0019
vn -0.3094 -0.9509 -0.0019
vn -0.3094 -0.9509 -0.0019
vn -0.8098 -0.5867 0.0038
vn -0.8098 -0.5867 0.0038
vn -1.0000 -0.0022 0.0000
vn -1.0000 0.0022 0.0000
vn -0.9298 0.3281 0.1669
vn -0.9034 -0.0502 0.4258
vn -0.9298 0.3281 0.1669
vn -0.9034 -0.0502 0.4258
vn -0.6384 -0.2865 0.7144
vn -0.6384 -0.2865 0.7144
vn -0.2282 -0.2865 0.9305
vn -0.2282 -0.2865 0.9305
vn 0.1616 -0.0502 0.9856
vn 0.1616 -0.0502 0.9856
vn 0.3845 0.3281 0.8629
vn 0.3845 0.3281 0.8629
vn 0.3627 0.7094 0.6043
vn 0.3627 0.7094 0.6043
vn 0.0925 0.9454 0.3126
vn 0.0925 0.9454 0.3126
vn -0.3098 0.9454 0.1015
vn -0.3098 0.9454 0.1015
vn -0.7037 0.7094 0.0396
vn -0.7037 0.7094 0.0396
vn -0.9298 0.3281 0.1669
vn -0.9298 0.3281 0.1669
vn 1.0000 0.0022 -0.0000
vn 0.8098 0.5867 0.0019
vn 1.0000 0.0022 -0.0000
vn 0.8098 0.5867 0.0019
vn 0.3094 0.9509 0.0019
vn 0.3094 0.9509 0.0019
vn -0.3094 0.9509 0.0019
vn -0.3094 0.9509 0.0019
vn -0.8098 0.5867 0.0019
vn -0.8098 0.5867 0.0019
vn -1.0000 0.0022 0.0000
vn -1.0000 0.0022 0.0000
vn -0.8098 -0.5867 -0.0038
vn -0.8098 -0.5867 -0.0038
vn -0.3094 -0.9509 -0.0019
vn -0.3094 -0.9509 -0.0019
vn 0.3094 -0.9509 -0.0019
vn 0.3094 -0.9509 -0.0019
vn 0.8098 -0.5867 -0.0038
vn 0.8098 -0.5867 -0.0038
vn 1.0000 0.0022 -0.0000
vn 1.0000 0.0022 -0.0000
vn -0.8933 0.0546 0.4461
vn -0.8742 0.0328 0.4844
vn -0.8859 -0.4526 0.1017
vn -0.8691 -0.4758 0.1354
vn -0.5594 -0.7682 -0.3113
vn -0.5405 -0.7928 -0.2816
vn -0.0378 -0.7682 -0.6391
vn -0.0227 -0.7928 -0.6091
vn 0.4792 -0.4526 -0.7520
vn 0.4972 -0.4758 -0.7255
vn 0.7913 0.0546 -0.6090
vn 0.8139 0.0328 -0.5801
vn 0.7826 0.5617 -0.2685
vn 0.8055 0.5435 -0.2363
vn 0.4571 0.8764 0.1517
vn 0.4797 0.8590 0.1788
vn -0.0601 0.8764 0.4778
vn -0.0414 0.8590 0.5103
vn -0.5763 0.5617 0.5936
vn -0.5614 0.5435 0.6241
vn -0.8933 0.0546 0.4461
vn -0.8742 0.0328 0.4844
vn -0.1504 -0.3892 0.9088
vn -0.1389 -0.7032 0.6973
vn 0.0566 -0.8946 0.4432
vn 0.3737 -0.8946 0.2449
vn 0.6893 -0.7032 0.1740
vn 0.8845 -0.3892 0.2572
vn 0.8791 -0.0807 0.4698
vn 0.6817 0.1112 0.7231
vn 0.3580 0.1112 0.9271
vn 0.0415 -0.0807 0.9959
vn -0.1504 -0.3892 0.9088
vn 0.4064 -0.4911 -0.7705
vn 0.4064 -0.4911 -0.7705
vn 0.4064 -0.4911 -0.7705
vn 0.4064 -0.4911 -0.7705
vn 0.4064 -0.4911 -0.7705
vn 0.4064 -0.4911 -0.7705
vn 0.4064 -0.4911 -0.7705
vn 0.4064 -0.4911 -0.7705
vn 0.4064 -0.4911 -0.7705
vn 0.4064 -0.4911 -0.7705
vn 0.4064 -0.4911 -0.7705
vn -0.3827 0.0022 0.9239
vn -0.3827 0.0022 0.9239
vn -0.3080 -0.2231 0.9248
vn -0.3080 -0.2231 0.9248
vn -0.1205 -0.3609 0.9248
vn -0.1205 -0.3609 0.9248
vn 0.1205 -0.3609 0.9248
vn 0.1205 -0.3609 0.9248
vn 0.3080 -0.2231 0.9248
vn 0.3080 -0.2231 0.9248
vn 0.3827 0.0022 0.9239
vn 0.3827 0.0022 0.9239
vn 0.3041 0.2231 0.9261
vn 0.3041 0.2231 0.9261
vn 0.1166 0.3609 0.9253
vn 0.1166 0.3609 0.9253
vn -0.1166 0.3609 0.9253
vn -0.1166 0.3609 0.9253
vn -0.3041 0.2231 0.9261
vn -0.3041 0.2231 0.9261
vn -0.3827 0.0022 0.9239
vn -0.3827 0.0022 0.9239
vn -0.0301 0.7901 -0.6122
vn -0.5517 0.4758 -0.6849
vn -0.0301 0.7901 -0.6122
vn -0.5517 0.4758 -0.6849
vn -0.8553 -0.0328 -0.5171
vn -0.8553 -0.0328 -0.5171
vn -0.8207 -0.5435 -0.1763
vn -0.8207 -0.5435 -0.1763
vn -0.4642 -0.8590 0.2158
vn -0.4642 -0.8590 0.2158
vn 0.0827 -0.8590 0.5052
vn 0.0827 -0.8590 0.5052
vn 0.6081 -0.5435 0.5787
vn 0.6081 -0.5435 0.5787
vn 0.9114 -0.0328 0.4102
vn 0.9114 -0.0328 0.4102
vn 0.8769 0.4758 0.0679
vn 0.8769 0.4758 0.0679
vn 0.5185 0.7901 -0.3269
vn 0.5185 0.7901 -0.3269
vn -0.0301 0.7901 -0.6122
vn -0.0301 0.7901 -0.6122
vn 0.7435 0.0022 -0.6688
vn 0.5997 0.4370 -0.6704
vn 0.7435 0.0022 -0.6688
vn 0.5997 0.4370 -0.6704
vn 0.2296 0.7094 -0.6663
vn 0.2296 0.7094 -0.6663
vn -0.2296 0.7094 -0.6663
vn -0.2296 0.7094 -0.6663
vn -0.5997 0.4370 -0.6704
vn -0.5997 0.4370 -0.6704
vn -0.7435 0.0022 -0.6688
vn -0.7435 0.0022 -0.6688
vn -0.6004 -0.4370 -0.6698
vn -0.6004 -0.4370 -0.6698
vn -0.2300 -0.7094 -0.6662
vn -0.2300 -0.7094 -0.6662
vn 0.2300 -0.7094 -0.6662
vn 0.2300 -0.7094 -0.6662
vn 0.6004 -0.4370 -0.6698
vn 0.6004 -0.4370 -0.6698
vn 0.7435 0.0022 -0.6688
vn 0.7435 0.0022 -0.6688
vn 0.0188 0.7901 0.6127
vn 0.0188 0.7901 0.6127
vn -0.4972 0.4758 0.7255
vn -0.4972 0.4758 0.7255
vn -0.8139 -0.0328 0.5801
vn -0.8139 -0.0328 0.5801
vn -0.8059 -0.5435 0.2348
vn -0.8059 -0.5435 0.2348
vn -0.4789 -0.8590 -0.1810
vn -0.4789 -0.8590 -0.1810
vn 0.0452 -0.8590 -0.5099
vn 0.0452 -0.8590 -0.5099
vn 0.5592 -0.5435 -0.6260
vn 0.5592 -0.5435 -0.6260
vn 0.8779 -0.0328 -0.4778
vn 0.8779 -0.0328 -0.4778
vn 0.8691 0.4758 -0.1354
vn 0.8691 0.4758 -0.1354
vn 0.5429 0.7901 0.2845
vn 0.5429 0.7901 0.2845
vn 0.0188 0.7901 0.6127
vn 0.0188 0.7901 0.6127
vn 0.4064 -0.4911 -0.7705
vn 0.4064 -0.4911 -0.7705
vn 0.4064 -0.4911 -0.7705
vn 0.4064 -0.4911 -0.7705
vn 0.4064 -0.4911 -0.7705
vn 0.4064 -0.4911 -0.7705
vn 0.4064 -0.4911 -0.7705
vn 0.4064 -0.4911 -0.7705
vn 0.4064 -0.4911 -0.7705
vn 0.4064 -0.4911 -0.7705
vn 0.4064 -0.4911 -0.7705
vn -0.0378 -0.0022 -0.9993
vn 0.2604 -0.5101 -0.8198
vn -0.0378 -0.0022 -0.9993
vn 0.2604 -0.5101 -0.8198
vn 0.4541 -0.8286 -0.3276
vn 0.4541 -0.8286 -0.3276
vn 0.4771 -0.8286 0.2929
vn 0.4771 -0.8286 0.2929
vn 0.3209 -0.5101 0.7981
vn 0.3209 -0.5101 0.7981
vn 0.0378 0.0022 0.9993
vn 0.0378 -0.0022 0.9993
vn -0.2600 0.5101 0.8199
vn -0.2600 0.5101 0.8199
vn -0.4549 0.8286 0.3263
vn -0.4549 0.8286 0.3263
vn -0.4778 0.8286 -0.2918
vn -0.4778 0.8286 -0.2918
vn -0.3239 0.5101 -0.7968
vn -0.3239 0.5101 -0.7968
vn -0.0378 -0.0022 -0.9993
vn -0.0378 -0.0022 -0.9993
vn -0.8198 -0.4565 -0.3457
vn -0.8198 -0.4565 -0.3457
vn -0.7070 -0.6485 -0.2821
vn -0.7070 -0.6485 -0.2821
vn -0.6301 -0.7710 -0.0923
vn -0.6301 -0.7710 -0.0923
vn -0.6211 -0.7710 0.1407
vn -0.6211 -0.7710 0.1407
vn -0.6840 -0.6485 0.3339
vn -0.6840 -0.6485 0.3339
vn -0.7910 -0.4565 0.4073
vn -0.7910 -0.4565 0.4073
vn -0.9027 -0.2613 0.3417
vn -0.9027 -0.2613 0.3417
vn -0.9773 -0.1415 0.1578
vn -0.9773 -0.1415 0.1578
vn -0.9865 -0.1415 -0.0829
vn -0.9865 -0.1415 -0.0829
vn -0.9256 -0.2613 -0.2738
vn -0.9256 -0.2613 -0.2738
vn -0.8198 -0.4565 -0.3457
vn -0.8198 -0.4565 -0.3457
vn 0.4620 -0.4911 0.7385
vn 0.4620 -0.4911 0.7385
vn 0.4620 -0.4911 0.7385
vn 0.4620 -0.4911 0.7385
vn 0.4620 -0.4911 0.7385
vn 0.4620 -0.4911 0.7385
vn 0.4620 -0.4911 0.7385
vn 0.4620 -0.4911 0.7385
vn 0.4620 -0.4911 0.7385
vn 0.4620 -0.4911 0.7385
vn 0.4620 -0.4911 0.7385
vn -0.0378 0.0022 -0.9993
vn 0.2604 -0.5101 -0.8198
vn -0.0378 -0.0022 -0.9993
vn 0.2604 -0.5101 -0.8198
vn 0.4541 -0.8286 -0.3276
vn 0.4541 -0.8286 -0.3276
vn 0.4771 -0.8286 0.2929
vn 0.4771 -0.8286 0.2929
vn 0.3209 -0.5101 0.7981
vn 0.3209 -0.5101 0.7981
vn 0.0378 0.0022 0.9993
vn 0.0378 0.0022 0.9993
vn -0.2600 0.5101 0.8199
vn -0.2600 0.5101 0.8199
vn -0.4549 0.8286 0.3263
vn -0.4549 0.8286 0.3263
vn -0.4778 0.8286 -0.2918
vn -0.4778 0.8286 -0.2918
vn -0.3239 0.5101 -0.7968
vn -0.3239 0.5101 -0.7968
vn -0.0378 0.0022 -0.9993
vn -0.0378 -0.0022 -0.9993
vn 0.8479 -0.0022 -0.5302
vn 0.8479 -0.0022 -0.5302
vn 0.5327 -0.5101 -0.6753
vn 0.5327 -0.5101 -0.6753
vn 0.0151 -0.8286 -0.5597
vn 0.0151 -0.8286 -0.5597
vn -0.5107 -0.8286 -0.2294
vn -0.5107 -0.8286 -0.2294
vn -0.8391 -0.5101 0.1893
vn -0.8391 -0.5101 0.1893
vn -0.8479 0.0022 0.5302
vn -0.8479 0.0022 0.5302
vn -0.5321 0.5101 0.6758
vn -0.5321 0.5101 0.6758
vn -0.0113 0.8286 0.5598
vn -0.0113 0.8286 0.5598
vn 0.5111 0.8286 0.2285
vn 0.5111 0.8286 0.2285
vn 0.8395 0.5101 -0.1872
vn 0.8395 0.5101 -0.1872
vn 0.8479 -0.0022 -0.5302
vn 0.8479 -0.0022 -0.5302
vn -0.6495 -0.3527 -0.6736
vn -0.6495 -0.3527 -0.6736
vn -0.4466 -0.7094 -0.5453
vn -0.4466 -0.7094 -0.5453
vn -0.3066 -0.9302 -0.2017
vn -0.3066 -0.9302 -0.2017
vn -0.2912 -0.9302 0.2233
vn -0.2912 -0.9302 0.2233
vn -0.4044 -0.7094 0.5772
vn -0.4044 -0.7094 0.5772
vn -0.5989 -0.3527 0.7190
vn -0.5989 -0.3527 0.7190
vn -0.8054 0.0022 0.5927
vn -0.8054 0.0022 0.5927
vn -0.9412 0.2231 0.2535
vn -0.9412 0.2231 0.2535
vn -0.9580 0.2231 -0.1800
vn -0.9580 0.2231 -0.1800
vn -0.8479 0.0022 -0.5302
vn -0.8479 0.0022 -0.5302
vn -0.6495 -0.3527 -0.6736
vn -0.6495 -0.3527 -0.6736
vn -0.8518 -0.0022 0.5238
vn -0.8518 -0.0022 0.5238
vn -0.6905 0.5025 0.5203
vn -0.6905 0.5025 0.5203
vn -0.2615 0.8111 0.5232
vn -0.2615 0.8111 0.5232
vn 0.2615 0.8111 0.5232
vn 0.2615 0.8111 0.5232
vn 0.6905 0.5025 0.5203
vn 0.6905 0.5025 0.5203
vn 0.8518 -0.0022 0.5238
vn 0.8518 -0.0022 0.5238
vn 0.6889 -0.5025 0.5224
vn 0.6889 -0.5025 0.5224
vn 0.2625 -0.8111 0.5227
vn 0.2625 -0.8111 0.5227
vn -0.2625 -0.8111 0.5227
vn -0.2625 -0.8111 0.5227
vn -0.6889 -0.5025 0.5224
vn -0.6889 -0.5025 0.5224
vn -0.8518 -0.0022 0.5238
vn -0.8518 -0.0022 0.5238
vn -0.0378 0.0022 -0.9993
vn -0.0378 0.0022 -0.9993
vn -0.3239 0.5101 -0.7968
vn -0.3239 0.5101 -0.7968
vn -0.4778 0.8286 -0.2918
vn -0.4778 0.8286 -0.2918
vn -0.4549 0.8286 0.3263
vn -0.4549 0.8286 0.3263
vn -0.2600 0.5101 0.8199
vn -0.2600 0.5101 0.8199
vn 0.0378 -0.0022 0.9993
vn 0.0378 -0.0022 0.9993
vn 0.3209 -0.5101 0.7981
vn 0.3209 -0.5101 0.7981
vn 0.4771 -0.8286 0.2929
vn 0.4771 -0.8286 0.2929
vn 0.4541 -0.8286 -0.3276
vn 0.4541 -0.8286 -0.3276
vn 0.2604 -0.5101 -0.8198
vn 0.2604 -0.5101 -0.8198
vn -0.0378 0.0022 -0.9993
vn -0.0378 0.0022 -0.9993
vn 0.7496 -0.4565 0.4793
vn 0.6312 -0.6485 0.4254
vn 0.7496 -0.4565 0.4793
vn 0.6312 -0.6485 0.4254
vn 0.4305 -0.7710 0.4693
vn 0.4305 -0.7710 0.4693
vn 0.2327 -0.7710 0.5928
vn 0.2327 -0.7710 0.5928
vn 0.1092 -0.6485 0.7533
vn 0.1092 -0.6485 0.7533
vn 0.1055 -0.4565 0.8834
vn 0.1055 -0.4565 0.8834
vn 0.2282 -0.2613 0.9379
vn 0.2282 -0.2613 0.9379
vn 0.4237 -0.1415 0.8947
vn 0.4237 -0.1415 0.8947
vn 0.6214 -0.1415 0.7706
vn 0.6214 -0.1415 0.7706
vn 0.7489 -0.2613 0.6090
vn 0.7489 -0.2613 0.6090
vn 0.7496 -0.4565 0.4793
vn 0.7496 -0.4565 0.4793
vn 0.5510 0.3281 -0.7673
vn 0.5510 0.3281 -0.7673
vn 0.3398 0.7094 -0.6175
vn 0.3398 0.7094 -0.6175
vn 0.2245 0.9454 -0.2364
vn 0.2245 0.9454 -0.2364
vn 0.2428 0.9454 0.2176
vn 0.2428 0.9454 0.2176
vn 0.3882 0.7094 0.5882
vn 0.3882 0.7094 0.5882
vn 0.6075 0.3281 0.7234
vn 0.6075 0.3281 0.7234
vn 0.8205 -0.0502 0.5695
vn 0.8205 -0.0502 0.5695
vn 0.9384 -0.2865 0.1932
vn 0.9384 -0.2865 0.1932
vn 0.9213 -0.2865 -0.2628
vn 0.9213 -0.2865 -0.2628
vn 0.7727 -0.0502 -0.6328
vn 0.7727 -0.0502 -0.6328
vn 0.5510 0.3281 -0.7673
vn 0.5510 0.3281 -0.7673
vn -0.7134 -0.3892 -0.5827
vn 0.0226 0.0328 -0.9992
vn -0.8844 -0.0807 -0.4597
vn -0.2598 0.5435 -0.7982
vn -0.9826 0.1112 -0.1486
vn -0.4183 0.8590 -0.2951
vn -0.9677 0.1112 0.2264
vn -0.3979 0.8590 0.3221
vn -0.8490 -0.0807 0.5222
vn -0.1981 0.5435 0.8157
vn -0.6685 -0.3892 0.6338
vn 0.0980 0.0328 0.9947
vn -0.4953 -0.7032 0.5100
vn 0.3797 -0.4758 0.7934
vn -0.3966 -0.8946 0.2057
vn 0.5388 -0.7928 0.2849
vn -0.4111 -0.8946 -0.1749
vn 0.5141 -0.7928 -0.3273
vn -0.5344 -0.7032 -0.4689
vn 0.3173 -0.4758 -0.8203
vn -0.7134 -0.3892 -0.5827
vn 0.0226 0.0328 -0.9992
vn 0.0604 0.0546 -0.9967
vn -0.2235 0.5617 -0.7966
vn -0.3838 0.8764 -0.2909
vn -0.3599 0.8764 0.3200
vn -0.1612 0.5617 0.8115
vn 0.1317 0.0546 0.9898
vn 0.4139 -0.4526 0.7898
vn 0.5735 -0.7682 0.2846
vn 0.5480 -0.7682 -0.3309
vn 0.3525 -0.4526 -0.8190
vn 0.0604 0.0546 -0.9967
vn 0.8479 -0.0022 -0.5302
vn 0.8479 0.0022 -0.5302
vn 0.5327 -0.5101 -0.6753
vn 0.5327 -0.5101 -0.6753
vn 0.0151 -0.8286 -0.5597
vn 0.0151 -0.8286 -0.5597
vn -0.5107 -0.8286 -0.2294
vn -0.5107 -0.8286 -0.2294
vn -0.8391 -0.5101 0.1893
vn -0.8391 -0.5101 0.1893
vn -0.8479 0.0022 0.5302
vn -0.8479 -0.0022 0.5302
vn -0.5321 0.5101 0.6758
vn -0.5321 0.5101 0.6758
vn -0.0113 0.8286 0.5598
vn -0.0113 0.8286 0.5598
vn 0.5111 0.8286 0.2285
vn 0.5111 0.8286 0.2285
vn 0.8395 0.5101 -0.1872
vn 0.8395 0.5101 -0.1872
vn 0.8479 -0.0022 -0.5302
vn 0.8479 0.0022 -0.5302
vn 0.9936 0.0022 -0.1130
vn 0.8045 -0.5832 -0.1129
vn 0.9977 -0.0022 -0.0679
vn 0.8072 -0.5867 -0.0641
vn 0.6108 -0.0022 0.7918
vn 0.4914 -0.3568 0.7945
vn 0.3071 -0.9454 -0.1093
vn 0.3062 -0.9496 -0.0677
vn 0.1871 -0.5796 0.7931
vn -0.3071 -0.9454 -0.1093
vn -0.3062 -0.9496 -0.0677
vn -0.1871 -0.5796 0.7931
vn -0.8045 -0.5832 -0.1129
vn -0.8072 -0.5867 -0.0641
vn -0.4914 -0.3568 0.7945
vn -0.9936 0.0022 -0.1130
vn -0.9977 0.0022 -0.0679
vn -0.6108 -0.0022 0.7918
vn -0.8052 0.5832 -0.1071
vn -0.8071 0.5867 -0.0659
vn -0.4940 0.3568 0.7929
vn -0.3061 0.9454 -0.1121
vn -0.3071 0.9496 -0.0635
vn -0.1905 0.5796 0.7923
vn 0.3061 0.9454 -0.1121
vn 0.3071 0.9496 -0.0635
vn 0.1905 0.5796 0.7923
vn 0.8052 0.5832 -0.1071
vn 0.8071 0.5867 -0.0659
vn 0.4940 0.3568 0.7929
vn 0.9936 0.0022 -0.1130
vn 0.9977 -0.0022 -0.0679
vn 0.6108 -0.0022 0.7918
vn 0.9217 -0.3527 0.1617
vn 0.7025 -0.7094 0.0566
vn 0.9217 -0.3527 0.1617
vn 0.7025 -0.7094 0.0566
vn 0.3399 -0.9302 0.1383
vn 0.3399 -0.9302 0.1383
vn -0.0189 -0.9302 0.3665
vn -0.0189 -0.9302 0.3665
vn -0.2513 -0.7094 0.6585
vn -0.2513 -0.7094 0.6585
vn -0.2537 -0.3527 0.9007
vn -0.2537 -0.3527 0.9007
vn -0.0378 0.0022 0.9993
vn -0.0378 0.0022 0.9993
vn 0.3255 0.2231 0.9188
vn 0.3255 0.2231 0.9188
vn 0.6866 0.2231 0.6919
vn 0.6866 0.2231 0.6919
vn 0.9180 0.0022 0.3966
vn 0.9180 0.0022 0.3966
vn 0.9217 -0.3527 0.1617
vn 0.9217 -0.3527 0.1617
vn -0.5412 0.7901 -0.2878
vn -0.5412 0.7901 -0.2878
vn -0.5165 0.7901 0.3301
vn -0.5165 0.7901 0.3301
vn -0.3173 0.4758 0.8203
vn -0.3173 0.4758 0.8203
vn -0.0226 -0.0328 0.9992
vn -0.0226 -0.0328 0.9992
vn 0.2601 -0.5435 0.7981
vn 0.2601 -0.5435 0.7981
vn 0.4190 -0.8590 0.2941
vn 0.4190 -0.8590 0.2941
vn 0.3962 -0.8590 -0.3242
vn 0.3962 -0.8590 -0.3242
vn 0.1947 -0.5435 -0.8165
vn 0.1947 -0.5435 -0.8165
vn -0.0980 -0.0328 -0.9947
vn -0.0980 -0.0328 -0.9947
vn -0.3797 0.4758 -0.7934
vn -0.3797 0.4758 -0.7934
vn -0.5412 0.7901 -0.2878
vn -0.5412 0.7901 -0.2878
vn 0.0378 -0.0022 0.9993
vn 0.0378 -0.0022 0.9993
vn 0.3209 -0.5101 0.7981
vn 0.3209 -0.5101 0.7981
vn 0.4771 -0.8286 0.2929
vn 0.4771 -0.8286 0.2929
vn 0.4541 -0.8286 -0.3276
vn 0.4541 -0.8286 -0.3276
vn 0.2604 -0.5101 -0.8198
vn 0.2604 -0.5101 -0.8198
vn -0.0378 0.0022 -0.9993
vn -0.0378 0.0022 -0.9993
vn -0.3239 0.5101 -0.7968
vn -0.3239 0.5101 -0.7968
vn -0.4778 0.8286 -0.2918
vn -0.4778 0.8286 -0.2918
vn -0.4549 0.8286 0.3263
vn -0.4549 0.8286 0.3263
vn -0.2600 0.5101 0.8199
vn -0.2600 0.5101 0.8199
vn 0.0378 -0.0022 0.9993
vn 0.0378 -0.0022 0.9993
vn -0.8703 -0.4911 0.0358
vn -0.8703 -0.4911 0.0358
vn -0.8703 -0.4911 0.0358
vn -0.8703 -0.4911 0.0358
vn -0.8703 -0.4911 0.0358
vn -0.8703 -0.4911 0.0358
vn -0.8703 -0.4911 0.0358
vn -0.8703 -0.4911 0.0358
vn -0.8703 -0.4911 0.0358
vn -0.8703 -0.4911 0.0358
vn -0.8703 -0.4911 0.0358
vn -0.9230 0.0546 -0.3808
vn -0.8911 -0.4526 -0.0340
vn -0.9114 0.0328 -0.4102
vn -0.8769 -0.4758 -0.0679
vn -0.2171 -0.3892 -0.8952
vn -0.1940 -0.7032 -0.6840
vn -0.5318 -0.7682 0.3565
vn -0.5161 -0.7928 0.3242
vn 0.0227 -0.8946 -0.4462
vn 0.0076 -0.7682 0.6401
vn 0.0264 -0.7928 0.6089
vn 0.3540 -0.8946 -0.2726
vn 0.5351 -0.4526 0.7133
vn 0.5517 -0.4758 0.6849
vn 0.6733 -0.7032 -0.2283
vn 0.8330 0.0546 0.5506
vn 0.8553 0.0328 0.5171
vn 0.8605 -0.3892 -0.3288
vn 0.8010 0.5617 0.2071
vn 0.8212 0.5435 0.1742
vn 0.8390 -0.0807 -0.5382
vn 0.4439 0.8764 -0.1869
vn 0.4637 0.8590 -0.2170
vn 0.6219 0.1112 -0.7751
vn -0.0972 0.8764 -0.4717
vn -0.0825 0.8590 -0.5052
vn 0.2902 0.1112 -0.9505
vn -0.6205 0.5617 -0.5472
vn -0.6074 0.5435 -0.5794
vn -0.0302 -0.0807 -0.9963
vn -0.9230 0.0546 -0.3808
vn -0.9114 0.0328 -0.4102
vn -0.2171 -0.3892 -0.8952
vn -0.4986 -0.8590 0.1160
vn -0.9997 0.0022 0.0227
vn -0.5020 -0.8568 0.1179
vn -0.9997 0.0022 0.0227
vn -0.4985 0.8635 -0.0769
vn -0.4985 0.8635 -0.0769
vn 0.4985 0.8635 -0.0769
vn 0.4985 0.8635 -0.0769
vn 0.9997 0.0022 0.0227
vn 0.9997 0.0022 0.0227
vn 0.4986 -0.8590 0.1160
vn 0.5020 -0.8568 0.1179
vn -0.4986 -0.8590 0.1160
vn -0.5020 -0.8568 0.1179
vn 0.8479 -0.0022 -0.5302
vn 0.8395 0.5101 -0.1872
vn 0.8479 -0.0022 -0.5302
vn 0.8395 0.5101 -0.1872
vn 0.5111 0.8286 0.2285
vn 0.5111 0.8286 0.2285
vn -0.0113 0.8286 0.5598
vn -0.0113 0.8286 0.5598
vn -0.5321 0.5101 0.6758
vn -0.5321 0.5101 0.6758
vn -0.8479 0.0022 0.5302
vn -0.8479 0.0022 0.5302
vn -0.8391 -0.5101 0.1893
vn -0.8391 -0.5101 0.1893
vn -0.5107 -0.8286 -0.2294
vn -0.5107 -0.8286 -0.2294
vn 0.0151 -0.8286 -0.5597
vn 0.0151 -0.8286 -0.5597
vn 0.5327 -0.5101 -0.6753
vn 0.5327 -0.5101 -0.6753
vn 0.8479 -0.0022 -0.5302
vn 0.8479 -0.0022 -0.5302
vn -0.7910 -0.4565 0.4073
vn -0.9027 -0.2613 0.3417
vn -0.7910 -0.4565 0.4073
vn -0.9027 -0.2613 0.3417
vn -0.9773 -0.1415 0.1578
vn -0.9773 -0.1415 0.1578
vn -0.9865 -0.1415 -0.0829
vn -0.9865 -0.1415 -0.0829
vn -0.9256 -0.2613 -0.2738
vn -0.9256 -0.2613 -0.2738
vn -0.8198 -0.4565 -0.3457
vn -0.8198 -0.4565 -0.3457
vn -0.7070 -0.6485 -0.2821
vn -0.7070 -0.6485 -0.2821
vn -0.6301 -0.7710 -0.0923
vn -0.6301 -0.7710 -0.0923
vn -0.6211 -0.7710 0.1407
vn -0.6211 -0.7710 0.1407
vn -0.6840 -0.6485 0.3339
vn -0.6840 -0.6485 0.3339
vn -0.7910 -0.4565 0.4073
vn -0.7910 -0.4565 0.4073
vn 0.0378 -0.0022 0.9993
vn 0.0378 -0.0022 0.9993
vn 0.3209 -0.5101 0.7981
vn 0.3209 -0.5101 0.7981
vn 0.4771 -0.8286 0.2929
vn 0.4771 -0.8286 0.2929
vn 0.4541 -0.8286 -0.3276
vn 0.4541 -0.8286 -0.3276
vn 0.2604 -0.5101 -0.8198
vn 0.2604 -0.5101 -0.8198
vn -0.0378 -0.0022 -0.9993
vn -0.0378 -0.0022 -0.9993
vn -0.3239 0.5101 -0.7968
vn -0.3239 0.5101 -0.7968
vn -0.4778 0.8286 -0.2918
vn -0.4778 0.8286 -0.2918
vn -0.4549 0.8286 0.3263
vn -0.4549 0.8286 0.3263
vn -0.2600 0.5101 0.8199
vn -0.2600 0.5101 0.8199
vn 0.0378 -0.0022 0.9993
vn 0.0378 -0.0022 0.9993
vn -0.5989 -0.3527 0.7190
vn -0.4044 -0.7094 0.5772
vn -0.5989 -0.3527 0.7190
vn -0.4044 -0.7094 0.5772
vn -0.2912 -0.9302 0.2233
vn -0.2912 -0.9302 0.2233
vn -0.3066 -0.9302 -0.2017
vn -0.3066 -0.9302 -0.2017
vn -0.4466 -0.7094 -0.5453
vn -0.4466 -0.7094 -0.5453
vn -0.6495 -0.3527 -0.6736
vn -0.6495 -0.3527 -0.6736
vn -0.8479 0.0022 -0.5302
vn -0.8479 0.0022 -0.5302
vn -0.9580 0.2231 -0.1800
vn -0.9580 0.2231 -0.1800
vn -0.9412 0.2231 0.2535
vn -0.9412 0.2231 0.2535
vn -0.8054 0.0022 0.5927
vn -0.8054 0.0022 0.5927
vn -0.5989 -0.3527 0.7190
vn -0.5989 -0.3527 0.7190
vn 0.3098 0.9482 0.0707
vn 0.8068 0.5867 0.0696
vn 0.3098 0.9482 0.0707
vn 0.8068 0.5867 0.0696
vn 0.9977 -0.0022 0.0679
vn 0.9977 -0.0022 0.0679
vn 0.8066 -0.5867 0.0716
vn 0.8066 -0.5867 0.0716
vn 0.3105 -0.9482 0.0675
vn 0.3105 -0.9482 0.0675
vn -0.3105 -0.9482 0.0675
vn -0.3105 -0.9482 0.0675
vn -0.8066 -0.5867 0.0716
vn -0.8066 -0.5867 0.0716
vn -0.9977 -0.0022 0.0679
vn -0.9977 -0.0022 0.0679
vn -0.8068 0.5867 0.0696
vn -0.8068 0.5867 0.0696
vn -0.3098 0.9482 0.0707
vn -0.3098 0.9482 0.0707
vn 0.3098 0.9482 0.0707
vn 0.3098 0.9482 0.0707
vn 0.3180 0.3281 -0.8895
vn 0.0830 -0.0502 -0.9953
vn 0.3180 0.3281 -0.8895
vn 0.0830 -0.0502 -0.9953
vn -0.3043 -0.2865 -0.9085
vn -0.3043 -0.2865 -0.9085
vn -0.6900 -0.2865 -0.6647
vn -0.6900 -0.2865 -0.6647
vn -0.9344 -0.0502 -0.3528
vn -0.9344 -0.0502 -0.3528
vn -0.9398 0.3281 -0.0960
vn -0.9398 0.3281 -0.0960
vn -0.7047 0.7094 0.0094
vn -0.7047 0.7094 0.0094
vn -0.3170 0.9454 -0.0762
vn -0.3170 0.9454 -0.0762
vn 0.0670 0.9454 -0.3190
vn 0.0670 0.9454 -0.3190
vn 0.3131 0.7094 -0.6314
vn 0.3131 0.7094 -0.6314
vn 0.3180 0.3281 -0.8895
vn 0.3180 0.3281 -0.8895
vn 0.0378 0.0022 0.9993
vn -0.2600 0.5101 0.8199
vn 0.0378 -0.0022 0.9993
vn -0.2600 0.5101 0.8199
vn -0.4549 0.8286 0.3263
vn -0.4549 0.8286 0.3263
vn -0.4778 0.8286 -0.2918
vn -0.4778 0.8286 -0.2918
vn -0.3239 0.5101 -0.7968
vn -0.3239 0.5101 -0.7968
vn -0.0378 -0.0022 -0.9993
vn -0.0378 -0.0022 -0.9993
vn 0.2604 -0.5101 -0.8198
vn 0.2604 -0.5101 -0.8198
vn 0.4541 -0.8286 -0.3276
vn 0.4541 -0.8286 -0.3276
vn 0.4771 -0.8286 0.2929
vn 0.4771 -0.8286 0.2929
vn 0.3209 -0.5101 0.7981
vn 0.3209 -0.5101 0.7981
vn 0.0378 0.0022 0.9993
vn 0.0378 -0.0022 0.9993
vn 0.6075 0.3281 0.7234
vn 0.3882 0.7094 0.5882
vn 0.6075 0.3281 0.7234
vn 0.3882 0.7094 0.5882
vn 0.2428 0.9454 0.2176
vn 0.2428 0.9454 0.2176
vn 0.2245 0.9454 -0.2364
vn 0.2245 0.9454 -0.2364
vn 0.3398 0.7094 -0.6175
vn 0.3398 0.7094 -0.6175
vn 0.5510 0.3281 -0.7673
vn 0.5510 0.3281 -0.7673
vn 0.7727 -0.0502 -0.6328
vn 0.7727 -0.0502 -0.6328
vn 0.9213 -0.2865 -0.2628
vn 0.9213 -0.2865 -0.2628
vn 0.9384 -0.2865 0.1932
vn 0.9384 -0.2865 0.1932
vn 0.8205 -0.0502 0.5695
vn 0.8205 -0.0502 0.5695
vn 0.6075 0.3281 0.7234
vn 0.6075 0.3281 0.7234
vn -0.6685 -0.3892 0.6338
vn -0.8490 -0.0807 0.5222
vn 0.0980 0.0328 0.9947
vn -0.1981 0.5435 0.8157
vn 0.1317 0.0546 0.9898
vn -0.1612 0.5617 0.8115
vn -0.9677 0.1112 0.2264
vn -0.3979 0.8590 0.3221
vn -0.3599 0.8764 0.3200
vn -0.9826 0.1112 -0.1486
vn -0.4183 0.8590 -0.2951
vn -0.3838 0.8764 -0.2909
vn -0.8844 -0.0807 -0.4597
vn -0.2598 0.5435 -0.7982
vn -0.2235 0.5617 -0.7966
vn -0.7134 -0.3892 -0.5827
vn 0.0226 0.0328 -0.9992
vn 0.0604 0.0546 -0.9967
vn -0.5344 -0.7032 -0.4689
vn 0.3173 -0.4758 -0.8203
vn 0.3525 -0.4526 -0.8190
vn -0.4111 -0.8946 -0.1749
vn 0.5141 -0.7928 -0.3273
vn 0.5480 -0.7682 -0.3309
vn -0.3966 -0.8946 0.2057
vn 0.5388 -0.7928 0.2849
vn 0.5735 -0.7682 0.2846
vn -0.4953 -0.7032 0.5100
vn 0.3797 -0.4758 0.7934
vn 0.4139 -0.4526 0.7898
vn -0.6685 -0.3892 0.6338
vn 0.0980 0.0328 0.9947
vn 0.1317 0.0546 0.9898
vn -1.0000 0.0022 0.0000
vn -1.0000 0.0022 0.0000
vn -0.8098 0.5867 0.0019
vn -0.8098 0.5867 0.0019
vn -0.3094 0.9509 0.0019
vn -0.3094 0.9509 0.0019
vn 0.3094 0.9509 0.0019
vn 0.3094 0.9509 0.0019
vn 0.8098 0.5867 0.0019
vn 0.8098 0.5867 0.0019
vn 1.0000 0.0022 -0.0000
vn 1.0000 0.0022 -0.0000
vn 0.8098 -0.5867 -0.0038
vn 0.8098 -0.5867 -0.0038
vn 0.3094 -0.9509 -0.0019
vn 0.3094 -0.9509 -0.0019
vn -0.3094 -0.9509 -0.0019
vn -0.3094 -0.9509 -0.0019
vn -0.8098 -0.5867 0.0038
vn -0.8098 -0.5867 0.0038
vn -1.0000 0.0022 0.0000
vn -1.0000 0.0022 0.0000
vn -0.3098 0.9482 0.0707
vn -0.3098 0.9482 0.0707
vn 0.3098 0.9482 0.0707
vn 0.3098 0.9482 0.0707
vn 0.8068 0.5867 0.0696
vn 0.8068 0.5867 0.0696
vn 0.9977 -0.0022 0.0679
vn 0.9977 -0.0022 0.0679
vn 0.8066 -0.5867 0.0716
vn 0.8066 -0.5867 0.0716
vn 0.3105 -0.9482 0.0675
vn 0.3105 -0.9482 0.0675
vn -0.3105 -0.9482 0.0675
vn -0.3105 -0.9482 0.0675
vn -0.8066 -0.5867 0.0716
vn -0.8066 -0.5867 0.0716
vn -0.9977 -0.0022 0.0679
vn -0.9977 -0.0022 0.0679
vn -0.8068 0.5867 0.0696
vn -0.8068 0.5867 0.0696
vn -0.3098 0.9482 0.0707
vn -0.3098 0.9482 0.0707
vn 0.0000 0.0022 1.0000
vn 0.0000 0.0022 1.0000
vn 0.0000 0.0022 1.0000
vn 0.0000 0.0022 1.0000
vn 0.0000 0.0022 1.0000
vn 0.0000 0.0022 1.0000
vn 0.0000 0.0022 1.0000
vn 0.0000 0.0022 1.0000
vn 0.0000 0.0022 1.0000
vn 0.0000 0.0022 1.0000
vn 0.0000 0.0022 1.0000
vn -0.5165 0.7901 0.3301
vn -0.5412 0.7901 -0.2878
vn -0.5165 0.7901 0.3301
vn -0.5412 0.7901 -0.2878
vn -0.3797 0.4758 -0.7934
vn -0.3797 0.4758 -0.7934
vn -0.0980 -0.0328 -0.9947
vn -0.0980 -0.0328 -0.9947
vn 0.1947 -0.5435 -0.8165
vn 0.1947 -0.5435 -0.8165
vn 0.3962 -0.8590 -0.3242
vn 0.3962 -0.8590 -0.3242
vn 0.4190 -0.8590 0.2941
vn 0.4190 -0.8590 0.2941
vn 0.2601 -0.5435 0.7981
vn 0.2601 -0.5435 0.7981
vn -0.0226 -0.0328 0.9992
vn -0.0226 -0.0328 0.9992
vn -0.3173 0.4758 0.8203
vn -0.3173 0.4758 0.8203
vn -0.5165 0.7901 0.3301
vn -0.5165 0.7901 0.3301
vn 0.0000 0.0022 1.0000
vn 0.0000 0.0022 1.0000
vn 0.0000 0.0022 1.0000
vn 0.0000 0.0022 1.0000
vn 0.0000 0.0022 1.0000
vn 0.0000 0.0022 1.0000
vn 0.0000 0.0022 1.0000
vn 0.0000 0.0022 1.0000
vn 0.0000 0.0022 1.0000
vn 0.0000 0.0022 1.0000
vn 0.0000 0.0022 1.0000
vn -0.8703 -0.4911 0.0358
vn -0.8703 -0.4911 0.0358
vn -0.8703 -0.4911 0.0358
vn -0.8703 -0.4911 0.0358
vn -0.8703 -0.4911 0.0358
vn -0.8703 -0.4911 0.0358
vn -0.8703 -0.4911 0.0358
vn -0.8703 -0.4911 0.0358
vn -0.8703 -0.4911 0.0358
vn -0.8703 -0.4911 0.0358
vn -0.8703 -0.4911 0.0358
vn -0.4973 -0.1674 -0.8513
vn -0.9993 0.0371 -0.0075
vn -0.4973 -0.1674 -0.8513
vn -0.9993 0.0371 -0.0075
vn -0.5027 0.2401 0.8304
vn -0.5027 0.2401 0.8304
vn 0.5027 0.2401 0.8304
vn 0.5027 0.2401 0.8304
vn 0.9993 0.0371 -0.0075
vn 0.9993 0.0371 -0.0075
vn 0.4973 -0.1674 -0.8513
vn 0.4973 -0.1674 -0.8513
vn -0.4973 -0.1674 -0.8513
vn -0.4973 -0.1674 -0.8513
vn -0.8801 -0.1674 0.4442
vn -0.8150 -0.1674 -0.5548
vn -0.8801 -0.1674 0.4442
vn -0.8150 -0.1674 -0.5548
vn 0.0528 0.0328 -0.9981
vn 0.0528 0.0328 -0.9981
vn 0.8639 0.2359 -0.4450
vn 0.8639 0.2359 -0.4450
vn 0.7999 0.2359 0.5518
vn 0.7999 0.2359 0.5518
vn -0.0754 0.0328 0.9966
vn -0.0754 0.0328 0.9966
vn -0.8801 -0.1674 0.4442
vn -0.8801 -0.1674 0.4442
vn -0.0000 0.9723 -0.2338
vn -0.0000 0.9723 -0.2338
vn -0.0000 0.9723 -0.2338
vn -0.0000 0.9723 -0.2338
vn -0.0000 0.9723 -0.2338
vn -0.0000 0.9723 -0.2338
vn 0.0000 0.3445 0.9388
vn 0.0000 0.2486 0.9686
vn 0.0000 0.3445 0.9388
vn 0.0000 0.2486 0.9686
vn 0.0000 0.0807 0.9967
vn 0.0000 0.0807 0.9967
vn -0.0038 -0.0851 0.9964
vn -0.0038 -0.0851 0.9964
vn 0.0000 -0.2401 0.9707
vn 0.0000 -0.2401 0.9707
vn -0.0038 -0.3445 0.9388
vn -0.0038 -0.3445 0.9388
vn -0.2333 0.9723 -0.0150
vn -0.2333 0.9723 -0.0150
vn -0.2333 0.9723 -0.0150
vn -0.2333 0.9723 -0.0150
vn -0.2333 0.9723 -0.0150
vn -0.2333 0.9723 -0.0150
vn -0.0038 -0.3445 0.9388
vn 0.0000 -0.2401 0.9707
vn -0.0038 -0.3445 0.9388
vn 0.0000 -0.2401 0.9707
vn 0.0038 -0.0851 0.9964
vn -0.0038 -0.0851 0.9964
vn 0.0000 0.0807 0.9967
vn 0.0000 0.0807 0.9967
vn 0.0000 0.2486 0.9686
vn 0.0000 0.2486 0.9686
vn 0.0000 0.3445 0.9388
vn 0.0000 0.3445 0.9388
vn 0.4620 -0.4911 0.7385
vn 0.4620 -0.4911 0.7385
vn 0.4620 -0.4911 0.7385
vn 0.4620 -0.4911 0.7385
vn 0.4620 -0.4911 0.7385
vn 0.4620 -0.4911 0.7385
vn 0.4620 -0.4911 0.7385
vn 0.4620 -0.4911 0.7385
vn 0.4620 -0.4911 0.7385
vn 0.4620 -0.4911 0.7385
vn 0.4620 -0.4911 0.7385
vn 0.5429 0.7901 0.2845
vn 0.0188 0.7901 0.6127
vn 0.5429 0.7901 0.2845
vn 0.0188 0.7901 0.6127
vn -0.4972 0.4758 0.7255
vn -0.4972 0.4758 0.7255
vn -0.8139 -0.0328 0.5801
vn -0.8139 -0.0328 0.5801
vn -0.8059 -0.5435 0.2348
vn -0.8059 -0.5435 0.2348
vn -0.4789 -0.8590 -0.1810
vn -0.4789 -0.8590 -0.1810
vn 0.0452 -0.8590 -0.5099
vn 0.0452 -0.8590 -0.5099
vn 0.5592 -0.5435 -0.6260
vn 0.5592 -0.5435 -0.6260
vn 0.8779 -0.0328 -0.4778
vn 0.8779 -0.0328 -0.4778
vn 0.8691 0.4758 -0.1354
vn 0.8691 0.4758 -0.1354
vn 0.5429 0.7901 0.2845
vn 0.5429 0.7901 0.2845
vn 0.8845 -0.3892 0.2572
vn 0.8791 -0.0807 0.4698
vn 0.8139 0.0328 -0.5801
vn 0.8055 0.5435 -0.2363
vn 0.7913 0.0546 -0.6090
vn 0.7826 0.5617 -0.2685
vn 0.6817 0.1112 0.7231
vn 0.4797 0.8590 0.1788
vn 0.4571 0.8764 0.1517
vn 0.3580 0.1112 0.9271
vn -0.0414 0.8590 0.5103
vn -0.0601 0.8764 0.4778
vn 0.0415 -0.0807 0.9959
vn -0.5614 0.5435 0.6241
vn -0.5763 0.5617 0.5936
vn -0.1504 -0.3892 0.9088
vn -0.8742 0.0328 0.4844
vn -0.8933 0.0546 0.4461
vn -0.1389 -0.7032 0.6973
vn -0.8691 -0.4758 0.1354
vn -0.8859 -0.4526 0.1017
vn 0.0566 -0.8946 0.4432
vn -0.5405 -0.7928 -0.2816
vn -0.5594 -0.7682 -0.3113
vn 0.3737 -0.8946 0.2449
vn -0.0227 -0.7928 -0.6091
vn -0.0378 -0.7682 -0.6391
vn 0.6893 -0.7032 0.1740
vn 0.4972 -0.4758 -0.7255
vn 0.4792 -0.4526 -0.7520
vn 0.8845 -0.3892 0.2572
vn 0.8139 0.0328 -0.5801
vn 0.7913 0.0546 -0.6090
vn 0.8855 0.0022 0.4647
vn 0.5816 -0.5101 0.6337
vn 0.8855 0.0022 0.4647
vn 0.5816 -0.5101 0.6337
vn 0.0566 -0.8286 0.5570
vn 0.0566 -0.8286 0.5570
vn -0.4923 -0.8286 0.2667
vn -0.4923 -0.8286 0.2667
vn -0.8519 -0.5101 -0.1187
vn -0.8519 -0.5101 -0.1187
vn -0.8855 -0.0022 -0.4647
vn -0.8855 0.0022 -0.4647
vn -0.5837 0.5101 -0.6317
vn -0.5837 0.5101 -0.6317
vn -0.0527 0.8286 -0.5574
vn -0.0527 0.8286 -0.5574
vn 0.4892 0.8286 -0.2723
vn 0.4892 0.8286 -0.2723
vn 0.8517 0.5101 0.1204
vn 0.8517 0.5101 0.1204
vn 0.8855 0.0022 0.4647
vn 0.8855 0.0022 0.4647
vn 1.0000 -0.0022 -0.0000
vn 1.0000 -0.0022 -0.0000
vn 0.8098 -0.5867 0.0038
vn 0.8098 -0.5867 0.0038
vn 0.3094 -0.9509 -0.0019
vn 0.3094 -0.9509 -0.0019
vn -0.3094 -0.9509 -0.0019
vn -0.3094 -0.9509 -0.0019
vn -0.8098 -0.5867 -0.0038
vn -0.8098 -0.5867 -0.0038
vn -1.0000 -0.0022 0.0000
vn -1.0000 -0.0022 0.0000
vn -0.8098 0.5867 0.0019
vn -0.8098 0.5867 0.0019
vn -0.3094 0.9509 0.0019
vn -0.3094 0.9509 0.0019
vn 0.3094 0.9509 0.0019
vn 0.3094 0.9509 0.0019
vn 0.8098 0.5867 0.0019
vn 0.8098 0.5867 0.0019
vn 1.0000 -0.0022 -0.0000
vn 1.0000 -0.0022 -0.0000
vn -0.0000 -1.0000 0.0000
vn -0.0000 -1.0000 0.0000
vn -0.0000 -1.0000 0.0000
vn -0.0000 -1.0000 0.0000
vn -0.0000 1.0000 -0.0000
vn -0.0000 1.0000 -0.0000
vn -0.0000 1.0000 -0.0000
vn -0.0000 1.0000 -0.0000
vn -0.0000 -1.0000 0.0000
vn -0.0000 -1.0000 0.0000
vn -0.0000 -1.0000 0.0000
vn -0.0000 -1.0000 0.0000
vn -0.0000 1.0000 -0.0000
vn -0.0000 1.0000 -0.0000
vn -0.0000 1.0000 -0.0000
vn -0.0000 1.0000 -0.0000
vn 0.0000 -0.8161 0.5778
vn 0.0038 -0.7063 0.7079
vn 0.0000 -0.8161 0.5778
vn -0.0038 -0.7063 0.7079
vn 0.0000 -0.5832 0.8123
vn 0.0000 -0.5832 0.8123
vn 0.7108 -0.4565 -0.5351
vn 0.7108 -0.4565 -0.5351
vn 0.5978 -0.6485 -0.4712
vn 0.5978 -0.6485 -0.4712
vn 0.3930 -0.7710 -0.5011
vn 0.3930 -0.7710 -0.5011
vn 0.1863 -0.7710 -0.6089
vn 0.1863 -0.7710 -0.6089
vn 0.0528 -0.6485 -0.7593
vn 0.0528 -0.6485 -0.7593
vn 0.0378 -0.4565 -0.8889
vn 0.0378 -0.4565 -0.8889
vn 0.1579 -0.2613 -0.9523
vn 0.1579 -0.2613 -0.9523
vn 0.3543 -0.1415 -0.9244
vn 0.3543 -0.1415 -0.9244
vn 0.5609 -0.1415 -0.8157
vn 0.5609 -0.1415 -0.8157
vn 0.6964 -0.2613 -0.6684
vn 0.6964 -0.2613 -0.6684
vn 0.7108 -0.4565 -0.5351
vn 0.7108 -0.4565 -0.5351
vn 0.0000 -0.8161 0.5778
vn 0.0000 -0.8161 0.5778
vn 0.0038 -0.7063 0.7079
vn -0.0038 -0.7063 0.7079
vn 0.0000 -0.5832 0.8123
vn 0.0000 -0.5832 0.8123
vn 0.8855 0.0022 0.4647
vn 0.5816 -0.5101 0.6337
vn 0.8855 0.0022 0.4647
vn 0.5816 -0.5101 0.6337
vn 0.0566 -0.8286 0.5570
vn 0.0566 -0.8286 0.5570
vn -0.4923 -0.8286 0.2667
vn -0.4923 -0.8286 0.2667
vn -0.8519 -0.5101 -0.1187
vn -0.8519 -0.5101 -0.1187
vn -0.8855 0.0022 -0.4647
vn -0.8855 0.0022 -0.4647
vn -0.5837 0.5101 -0.6317
vn -0.5837 0.5101 -0.6317
vn -0.0527 0.8286 -0.5574
vn -0.0527 0.8286 -0.5574
vn 0.4892 0.8286 -0.2723
vn 0.4892 0.8286 -0.2723
vn 0.8517 0.5101 0.1204
vn 0.8517 0.5101 0.1204
vn 0.8855 0.0022 0.4647
vn 0.8855 0.0022 0.4647
vn -0.0038 0.5832 0.8123
vn 0.0000 0.7063 0.7079
vn -0.0038 0.5832 0.8123
vn 0.0000 0.7063 0.7079
vn 0.0000 0.8161 0.5778
vn 0.0000 0.8161 0.5778
vn -0.0038 0.5832 0.8123
vn -0.0038 0.5832 0.8123
vn 0.0000 0.7063 0.7079
vn 0.0000 0.7063 0.7079
vn 0.0000 0.8161 0.5778
vn 0.0000 0.8161 0.5778
vn -0.8479 0.0022 0.5302
vn -0.8391 -0.5101 0.1893
vn -0.8479 0.0022 0.5302
vn -0.8391 -0.5101 0.1893
vn -0.5107 -0.8286 -0.2294
vn -0.5107 -0.8286 -0.2294
vn 0.0151 -0.8286 -0.5597
vn 0.0151 -0.8286 -0.5597
vn 0.5327 -0.5101 -0.6753
vn 0.5327 -0.5101 -0.6753
vn 0.8479 0.0022 -0.5302
vn 0.8479 0.0022 -0.5302
vn 0.8395 0.5101 -0.1872
vn 0.8395 0.5101 -0.1872
vn 0.5111 0.8286 0.2285
vn 0.5111 0.8286 0.2285
vn -0.0113 0.8286 0.5598
vn -0.0113 0.8286 0.5598
vn -0.5321 0.5101 0.6758
vn -0.5321 0.5101 0.6758
vn -0.8479 0.0022 0.5302
vn -0.8479 0.0022 0.5302
vn 0.9075 -0.3527 -0.2282
vn 0.9075 -0.3527 -0.2282
vn 0.6963 -0.7094 -0.1091
vn 0.6963 -0.7094 -0.1091
vn 0.3291 -0.9302 -0.1624
vn 0.3291 -0.9302 -0.1624
vn -0.0527 -0.9302 -0.3632
vn -0.0527 -0.9302 -0.3632
vn -0.2999 -0.7094 -0.6378
vn -0.2999 -0.7094 -0.6378
vn -0.3256 -0.3527 -0.8773
vn -0.3256 -0.3527 -0.8773
vn -0.1130 0.0022 -0.9936
vn -0.1130 0.0022 -0.9936
vn 0.2535 0.2231 -0.9412
vn 0.2535 0.2231 -0.9412
vn 0.6311 0.2231 -0.7429
vn 0.6311 0.2231 -0.7429
vn 0.8819 0.0022 -0.4714
vn 0.8819 0.0022 -0.4714
vn 0.9075 -0.3527 -0.2282
vn 0.9075 -0.3527 -0.2282
vn 0.8855 -0.0022 0.4647
vn 0.8855 -0.0022 0.4647
vn 0.8517 0.5101 0.1204
vn 0.8517 0.5101 0.1204
vn 0.4892 0.8286 -0.2723
vn 0.4892 0.8286 -0.2723
vn -0.0527 0.8286 -0.5574
vn -0.0527 0.8286 -0.5574
vn -0.5837 0.5101 -0.6317
vn -0.5837 0.5101 -0.6317
vn -0.8855 -0.0022 -0.4647
vn -0.8855 -0.0022 -0.4647
vn -0.8519 -0.5101 -0.1187
vn -0.8519 -0.5101 -0.1187
vn -0.4923 -0.8286 0.2667
vn -0.4923 -0.8286 0.2667
vn 0.0566 -0.8286 0.5570
vn 0.0566 -0.8286 0.5570
vn 0.5816 -0.5101 0.6337
vn 0.5816 -0.5101 0.6337
vn 0.8855 -0.0022 0.4647
vn 0.8855 -0.0022 0.4647
vn 0.3827 0.0022 0.9239
vn 0.3041 0.2231 0.9261
vn 0.3827 0.0022 0.9239
vn 0.3041 0.2231 0.9261
vn 0.1166 0.3609 0.9253
vn 0.1166 0.3609 0.9253
vn -0.1166 0.3609 0.9253
vn -0.1166 0.3609 0.9253
vn -0.3041 0.2231 0.9261
vn -0.3041 0.2231 0.9261
vn -0.3827 0.0022 0.9239
vn -0.3827 0.0022 0.9239
vn -0.3080 -0.2231 0.9248
vn -0.3080 -0.2231 0.9248
vn -0.1205 -0.3609 0.9248
vn -0.1205 -0.3609 0.9248
vn 0.1205 -0.3609 0.9248
vn 0.1205 -0.3609 0.9248
vn 0.3080 -0.2231 0.9248
vn 0.3080 -0.2231 0.9248
vn 0.3827 0.0022 0.9239
vn 0.3827 0.0022 0.9239
vn 0.3845 0.3281 0.8629
vn 0.3845 0.3281 0.8629
vn 0.3627 0.7094 0.6043
vn 0.3627 0.7094 0.6043
vn 0.0925 0.9454 0.3126
vn 0.0925 0.9454 0.3126
vn -0.3098 0.9454 0.1015
vn -0.3098 0.9454 0.1015
vn -0.7037 0.7094 0.0396
vn -0.7037 0.7094 0.0396
vn -0.9298 0.3281 0.1669
vn -0.9298 0.3281 0.1669
vn -0.9034 -0.0502 0.4258
vn -0.9034 -0.0502 0.4258
vn -0.6384 -0.2865 0.7144
vn -0.6384 -0.2865 0.7144
vn -0.2282 -0.2865 0.9305
vn -0.2282 -0.2865 0.9305
vn 0.1616 -0.0502 0.9856
vn 0.1616 -0.0502 0.9856
vn 0.3845 0.3281 0.8629
vn 0.3845 0.3281 0.8629
vn 0.0000 0.4987 0.8668
vn 0.0038 0.1155 0.9933
vn 0.3349 0.4330 0.8368
vn 0.3961 0.1068 0.9120
vn 0.5204 0.5938 0.6137
vn 0.7322 0.0807 0.6762
vn 0.6562 0.6970 0.2891
vn 0.9288 0.0415 0.3684
vn 0.7061 0.7032 -0.0828
vn 1.0000 -0.0022 -0.0000
vn 0.6582 0.6112 -0.4395
vn 0.9288 -0.0415 -0.3684
vn 0.5170 0.4370 -0.7360
vn 0.7329 -0.0807 -0.6755
vn 0.3327 0.2274 -0.9152
vn 0.3966 -0.1068 -0.9118
vn -0.0000 -0.1155 -0.9933
vn -0.0038 0.8085 0.5885
vn -0.0038 0.9670 0.2549
vn -0.0000 0.9930 -0.1177
vn -0.0000 0.8806 -0.4739
vn -0.0000 0.6485 -0.7612
vn -0.0000 0.2823 -0.9593
vn -0.3327 0.2274 -0.9152
vn -0.5170 0.4370 -0.7360
vn -0.6582 0.6112 -0.4395
vn -0.7061 0.7032 -0.0828
vn -0.6562 0.6970 0.2891
vn -0.5204 0.5938 0.6137
vn -0.3349 0.4330 0.8368
vn 0.0038 0.1155 0.9933
vn -0.3961 0.1068 0.9120
vn -0.0000 -0.1155 -0.9933
vn -0.3966 -0.1068 -0.9118
vn -0.7329 -0.0807 -0.6755
vn -0.9288 -0.0415 -0.3684
vn -1.0000 -0.0022 0.0000
vn -0.9288 0.0415 0.3684
vn -0.7322 0.0807 0.6762
vn -0.3318 -0.4330 -0.8381
vn -0.5211 -0.5938 -0.6131
vn -0.6573 -0.6970 -0.2866
vn -0.7059 -0.7032 0.0848
vn -0.6546 -0.6112 0.4448
vn -0.5176 -0.4370 0.7356
vn -0.3331 -0.2274 0.9151
vn 0.0038 0.1155 0.9933
vn 0.0000 -0.2823 0.9593
vn 0.0038 -0.6485 0.7612
vn 0.0000 -0.8806 0.4739
vn -0.0038 -0.9930 0.1176
vn -0.0000 -0.9670 -0.2549
vn -0.0000 -0.8085 -0.5885
vn -0.0000 -0.4987 -0.8668
vn -0.0000 -0.1155 -0.9933
vn -0.8703 -0.4911 0.0358
vn -0.8703 -0.4911 0.0358
vn -0.8703 -0.4911 0.0358
vn -0.8703 -0.4911 0.0358
vn -0.8703 -0.4911 0.0358
vn -0.8703 -0.4911 0.0358
vn -0.8703 -0.4911 0.0358
vn -0.8703 -0.4911 0.0358
vn -0.8703 -0.4911 0.0358
vn -0.8703 -0.4911 0.0358
vn -0.8703 -0.4911 0.0358
vn -0.8703 -0.4911 0.0358
vn -0.8703 -0.4911 0.0358
vn -0.8703 -0.4911 0.0358
vn -0.8703 -0.4911 0.0358
vn -0.8703 -0.4911 0.0358
vn -0.8703 -0.4911 0.0358
vn -0.8703 -0.4911 0.0358
vn -0.8703 -0.4911 0.0358
vn -0.8703 -0.4911 0.0358
vn 0.0000 0.0022 1.0000
vn 0.0000 0.0022 1.0000
vn 0.0000 0.0022 1.0000
vn 0.0000 0.0022 1.0000
vn 0.0000 -0.0022 1.0000
vn 0.0000 -0.0022 1.0000
vn 0.0000 -0.0022 1.0000
vn 0.0000 -0.0022 1.0000
vn 0.0000 -0.0022 1.0000
vn 0.0000 -0.0022 1.0000
vn 0.0000 -0.0022 1.0000
vn 0.0000 -0.0022 1.0000
vn 0.0000 -0.0022 1.0000
vn 0.0000 0.0022 1.0000
vn 0.0000 -0.0022 1.0000
vn 0.0000 0.0022 1.0000
vn 0.0000 0.0022 1.0000
vn 0.0000 0.0022 1.0000
vn 0.0000 0.0022 1.0000
vn 0.0000 0.0022 1.0000
vn -0.8703 -0.4911 0.0358
vn -0.8703 -0.4911 0.0358
vn -0.8703 -0.4911 0.0358
vn -0.8703 -0.4911 0.0358
vn -0.8703 -0.4911 0.0358
vn -0.8703 -0.4911 0.0358
vn -0.8703 -0.4911 0.0358
vn -0.8703 -0.4911 0.0358
vn -0.8703 -0.4911 0.0358
vn -0.8703 -0.4911 0.0358
vn -0.8703 -0.4911 0.0358
vn -0.8703 -0.4911 0.0358
vn -0.8703 -0.4911 0.0358
vn -0.8703 -0.4911 0.0358
vn -0.8703 -0.4911 0.0358
vn -0.8703 -0.4911 0.0358
vn -0.8703 -0.4911 0.0358
vn -0.8703 -0.4911 0.0358
vn -0.8703 -0.4911 0.0358
vn -0.8703 -0.4911 0.0358
vn 0.4064 -0.4911 -0.7705
vn 0.4064 -0.4911 -0.7705
vn 0.4064 -0.4911 -0.7705
vn 0.4064 -0.4911 -0.7705
vn 0.4064 -0.4911 -0.7705
vn 0.4064 -0.4911 -0.7705
vn 0.4064 -0.4911 -0.7705
vn 0.4064 -0.4911 -0.7705
vn 0.4064 -0.4911 -0.7705
vn 0.4064 -0.4911 -0.7705
vn 0.4064 -0.4911 -0.7705
vn 0.4064 -0.4911 -0.7705
vn 0.4064 -0.4911 -0.7705
vn 0.4064 -0.4911 -0.7705
vn 0.4064 -0.4911 -0.7705
vn 0.4064 -0.4911 -0.7705
vn 0.4064 -0.4911 -0.7705
vn 0.4064 -0.4911 -0.7705
vn 0.4064 -0.4911 -0.7705
vn 0.4064 -0.4911 -0.7705
vn 0.4064 -0.4911 -0.7705
vn 0.4064 -0.4911 -0.7705
vn 0.4064 -0.4911 -0.7705
vn 0.4064 -0.4911 -0.7705
vn 0.4064 -0.4911 -0.7705
vn 0.4064 -0.4911 -0.7705
vn 0.4064 -0.4911 -0.7705
vn 0.4064 -0.4911 -0.7705
vn 0.4064 -0.4911 -0.7705
vn 0.4064 -0.4911 -0.7705
vn 0.4064 -0.4911 -0.7705
vn 0.4064 -0.4911 -0.7705
vn 0.4064 -0.4911 -0.7705
vn 0.4064 -0.4911 -0.7705
vn 0.4064 -0.4911 -0.7705
vn 0.4064 -0.4911 -0.7705
vn 0.4064 -0.4911 -0.7705
vn 0.4064 -0.4911 -0.7705
vn 0.4064 -0.4911 -0.7705
vn 0.4064 -0.4911 -0.7705
vn 0.3897 -0.8966 0.2104
vn -0.0038 -0.9743 0.2252
vn 0.3280 -0.9365 -0.1241
vn -0.0076 -0.9840 -0.1780
vn 0.5142 -0.7820 -0.3521
vn -0.0076 -0.8261 -0.5634
vn 0.6525 -0.5101 -0.5604
vn -0.0000 -0.5689 -0.8224
vn 0.7049 -0.1631 -0.6903
vn -0.0000 -0.2274 -0.9738
vn 0.6599 0.2061 -0.7226
vn -0.0000 0.1459 -0.9893
vn 0.5242 0.5398 -0.6586
vn -0.0000 0.4949 -0.8689
vn 0.3351 0.7847 -0.5214
vn -0.0000 0.8059 -0.5920
vn 0.0075 0.9743 -0.2251
vn 0.7304 -0.6650 0.1556
vn 0.9289 -0.3609 0.0830
vn 1.0000 -0.0066 -0.0000
vn 0.9322 0.3527 -0.0810
vn 0.7364 0.6585 -0.1554
vn 0.3988 0.8927 -0.2100
vn 0.3363 0.9334 0.1251
vn 0.5216 0.7765 0.3534
vn 0.6623 0.5025 0.5557
vn 0.7105 0.1545 0.6865
vn 0.6572 -0.2146 0.7225
vn 0.5185 -0.5471 0.6571
vn 0.3298 -0.7874 0.5208
vn -0.0038 -0.9743 0.2252
vn 0.0000 -0.8059 0.5920
vn -0.0038 -0.4949 0.8689
vn -0.0038 -0.1459 0.9893
vn 0.0038 0.2274 0.9738
vn 0.0038 0.5689 0.8224
vn 0.0075 0.8261 0.5634
vn 0.0075 0.9840 0.1780
vn 0.0075 0.9743 -0.2251
vn -0.7105 -0.1545 -0.6865
vn -0.6544 0.2146 -0.7251
vn -0.5179 0.5471 -0.6576
vn -0.3286 0.7874 -0.5215
vn 0.0075 0.9743 -0.2251
vn -0.3920 0.8966 -0.2061
vn -0.7309 0.6650 -0.1536
vn -0.9288 0.3609 -0.0847
vn -1.0000 0.0066 0.0000
vn -0.9317 -0.3527 0.0868
vn -0.6630 -0.5025 -0.5549
vn -0.7367 -0.6585 0.1538
vn -0.5244 -0.7765 -0.3493
vn -0.4011 -0.8927 0.2054
vn -0.3373 -0.9334 -0.1223
vn -0.0038 -0.9743 0.2252
vn -0.2379 0.9713 -0.0056
vn -0.6024 0.7981 -0.0113
vn -0.5334 0.7820 0.3224
vn -0.6691 0.5398 0.5108
vn -0.1646 0.6650 0.7285
vn -0.0867 0.3650 0.9270
vn -0.2196 0.8946 0.3891
vn 0.4620 -0.4911 0.7385
vn 0.4620 -0.4911 0.7385
vn 0.4620 -0.4911 0.7385
vn 0.4620 -0.4911 0.7385
vn 0.4620 -0.4911 0.7385
vn 0.4620 -0.4911 0.7385
vn 0.4620 -0.4911 0.7385
vn 0.4620 -0.4911 0.7385
vn 0.4620 -0.4911 0.7385
vn 0.4620 -0.4911 0.7385
vn 0.4620 -0.4911 0.7385
vn 0.4620 -0.4911 0.7385
vn 0.4620 -0.4911 0.7385
vn 0.4620 -0.4911 0.7385
vn 0.4620 -0.4911 0.7385
vn 0.4620 -0.4911 0.7385
vn 0.4620 -0.4911 0.7385
vn 0.4620 -0.4911 0.7385
vn 0.4620 -0.4911 0.7385
vn 0.4620 -0.4911 0.7385
vn -0.3331 -0.7847 0.5227
vn -0.5248 -0.5398 0.6581
vn -0.6606 -0.2061 0.7220
vn -0.7076 0.1631 0.6876
vn -0.6567 0.5101 0.5555
vn -0.5129 0.7820 0.3540
vn -0.3283 0.9365 0.1233
vn 0.0075 0.9743 -0.2251
vn 0.0075 0.9840 0.1780
vn 0.0075 0.8261 0.5634
vn 0.0038 0.5689 0.8224
vn 0.0038 0.2274 0.9738
vn -0.0038 -0.1459 0.9893
vn -0.0038 -0.4949 0.8689
vn 0.0000 -0.8059 0.5920
vn -0.0038 -0.9743 0.2252
vn 0.4620 -0.4911 0.7385
vn 0.4620 -0.4911 0.7385
vn 0.4620 -0.4911 0.7385
vn 0.4620 -0.4911 0.7385
vn 0.4620 -0.4911 0.7385
vn 0.4620 -0.4911 0.7385
vn 0.4620 -0.4911 0.7385
vn 0.4620 -0.4911 0.7385
vn 0.4620 -0.4911 0.7385
vn 0.4620 -0.4911 0.7385
vn 0.4620 -0.4911 0.7385
vn 0.4620 -0.4911 0.7385
vn 0.4620 -0.4911 0.7385
vn 0.4620 -0.4911 0.7385
vn 0.4620 -0.4911 0.7385
vn 0.4620 -0.4911 0.7385
vn 0.4620 -0.4911 0.7385
vn 0.4620 -0.4911 0.7385
vn 0.4620 -0.4911 0.7385
vn 0.4620 -0.4911 0.7385
vn 0.0000 -0.0022 1.0000
vn 0.0000 -0.0022 1.0000
vn 0.0000 -0.0022 1.0000
vn 0.0000 -0.0022 1.0000
vn 0.0000 -0.0022 1.0000
vn 0.0000 0.0022 1.0000
vn 0.0000 0.0022 1.0000
vn 0.0000 0.0022 1.0000
vn 0.0000 0.0022 1.0000
vn 0.0000 0.0022 1.0000
vn 0.0000 0.0022 1.0000
vn 0.0000 0.0022 1.0000
vn 0.0000 0.0022 1.0000
vn 0.0000 0.0022 1.0000
vn 0.0000 -0.0022 1.0000
vn 0.0000 0.0022 1.0000
vn 0.0000 -0.0022 1.0000
vn 0.0000 -0.0022 1.0000
vn 0.0000 -0.0022 1.0000
vn 0.0000 -0.0022 1.0000
vn 0.0829 -0.3486 0.9336
vn 0.0000 0.0066 1.0000
vn -0.6862 -0.1631 0.7089
vn -0.7264 0.2061 0.6557
vn -0.9911 0.1329 -0.0019
vn -0.8753 0.4835 -0.0094
vn -0.6631 0.5324 -0.5261
vn -0.5320 0.7765 -0.3376
vn -0.2166 0.8887 -0.4040
vn -0.2379 0.9713 -0.0056
vn 0.7059 -0.7032 0.0848
vn 0.6573 -0.6970 -0.2866
vn 0.5211 -0.5938 -0.6131
vn 0.3318 -0.4330 -0.8381
vn -0.0000 -0.1155 -0.9933
vn -0.0000 -0.4987 -0.8668
vn -0.0000 -0.8085 -0.5885
vn -0.0000 -0.9670 -0.2549
vn -0.0038 -0.9930 0.1176
vn 0.0000 -0.8806 0.4739
vn 0.6589 -0.6112 0.4385
vn 0.0038 -0.6485 0.7612
vn 0.5176 -0.4370 0.7356
vn 0.0000 -0.2823 0.9593
vn 0.3331 -0.2274 0.9151
vn 0.0038 0.1155 0.9933
vn 0.2377 -0.9713 0.0113
vn 0.2210 -0.8887 0.4017
vn -0.1116 -0.9334 0.3410
vn -0.3460 -0.7793 0.5225
vn -0.5525 -0.8334 0.0095
vn -0.8149 -0.5796 0.0038
vn -0.5494 -0.5176 -0.6560
vn -0.6833 -0.1760 -0.7086
vn -0.0000 -0.0066 -1.0000
vn -0.0829 0.3486 -0.9336
vn 0.5497 0.5101 -0.6616
vn 0.3423 0.7793 -0.5249
vn 0.5525 0.8334 -0.0094
vn 0.1652 0.9862 -0.0056
vn 0.1108 0.9395 0.3240
vn -0.2379 0.9713 -0.0056
vn -0.2196 0.8946 0.3891
vn -0.1652 -0.9862 0.0057
vn -0.3424 -0.7874 -0.5125
vn 0.0904 -0.3650 -0.9266
vn 0.6889 0.1631 -0.7063
vn 0.8149 0.5796 -0.0057
vn 0.3413 0.7874 0.5133
vn -0.1646 0.6650 0.7285
vn 0.5516 0.5176 0.6541
vn 0.9707 0.2401 -0.0000
vn 0.7296 -0.2061 -0.6521
vn 0.1649 -0.6650 -0.7284
vn -0.1112 -0.9395 -0.3239
vn 0.2377 -0.9713 0.0113
vn 0.2239 -0.8946 -0.3866
vn 0.6675 -0.5398 -0.5129
vn 0.9911 -0.1329 0.0057
vn 0.6860 0.1760 0.7060
vn -0.0867 0.3650 0.9270
vn 0.0000 0.0066 1.0000
vn 0.7251 -0.1932 0.6610
vn 0.8753 -0.4835 0.0076
vn 0.5346 -0.7820 -0.3203
vn 0.2377 -0.9713 0.0113
vn 0.6025 -0.7981 0.0057
vn 0.6638 -0.5324 0.5252
vn 0.0829 -0.3486 0.9336
vn 0.1611 -0.6519 0.7410
vn 0.5326 -0.7765 0.3366
vn 0.2377 -0.9713 0.0113
vn 0.2210 -0.8887 0.4017
vn 0.1611 -0.6519 0.7410
vn -0.5532 -0.5101 0.6586
vn -0.9707 -0.2401 0.0000
vn -0.7244 0.1932 -0.6617
vn -0.1572 0.6519 -0.7419
vn 0.1109 0.9334 -0.3413
vn -0.2379 0.9713 -0.0056
vt 0.9851018786430359 0.0356149785220623 
vt 0.9815685153007507 0.037609316408634186 
vt 0.9851018786430359 0.03150898963212967 
vt 0.9780352115631104 0.0356149785220623 
vt 0.9815685153007507 0.02939733862876892 
vt 0.9780352115631104 0.03150898963212967 
vt 0.5325918197631836 0.0010073500452563167 
vt 0.5485527515411377 0.0010073500452563167 
vt 0.5325918197631836 0.4660400450229645 
vt 0.5485527515411377 0.4660400450229645 
vt 0.564513623714447 0.0010073500452563167 
vt 0.564513623714447 0.4660400450229645 
vt 0.5804745554924011 0.0010073500452563167 
vt 0.5804745554924011 0.4660400450229645 
vt 0.5964354872703552 0.0010073500452563167 
vt 0.5964354872703552 0.4660400450229645 
vt 0.6123963594436646 0.0010073500452563167 
vt 0.6123963594436646 0.4660400450229645 
vt 0.6283572912216187 0.0010073500452563167 
vt 0.6283572912216187 0.4660400450229645 
vt 0.644318163394928 0.0010073500452563167 
vt 0.644318163394928 0.4660400450229645 
vt 0.6602790951728821 0.0010073500452563167 
vt 0.6602790951728821 0.4660400450229645 
vt 0.6762400269508362 0.0010073500452563167 
vt 0.6762400269508362 0.4660400450229645 
vt 0.6922008991241455 0.0010073500452563167 
vt 0.6922008991241455 0.4660400450229645 
vt 0.001008269959129393 0.6777918338775635 
vt 0.001008269959129393 0.6647699475288391 
vt 0.014045042917132378 0.6777918338775635 
vt 0.014045042917132378 0.6647699475288391 
vt 0.027203654870390892 0.6777918338775635 
vt 0.027203654870390892 0.6647699475288391 
vt 0.04024042934179306 0.6777918338775635 
vt 0.04024042934179306 0.6647699475288391 
vt 0.053399041295051575 0.6777918338775635 
vt 0.053399041295051575 0.6647699475288391 
vt 0.0664358139038086 0.6777918338775635 
vt 0.0664358139038086 0.6647699475288391 
vt 0.07959442585706711 0.6777918338775635 
vt 0.07959442585706711 0.6647699475288391 
vt 0.09263119846582413 0.6777918338775635 
vt 0.09263119846582413 0.6647699475288391 
vt 0.10578981041908264 0.6777918338775635 
vt 0.10578981041908264 0.6647699475288391 
vt 0.11882658302783966 0.6777918338775635 
vt 0.11882658302783966 0.6647699475288391 
vt 0.13186335563659668 0.6777918338775635 
vt 0.13186335563659668 0.6647699475288391 
vt 0.39771604537963867 0.6775571703910828 
vt 0.39771604537963867 0.6845960021018982 
vt 0.38467928767204285 0.6775571703910828 
vt 0.38467928767204285 0.6845960021018982 
vt 0.37152066826820374 0.6775571703910828 
vt 0.37152066826820374 0.6845960021018982 
vt 0.3584839105606079 0.6775571703910828 
vt 0.3584839105606079 0.6845960021018982 
vt 0.3453252911567688 0.6775571703910828 
vt 0.3453252911567688 0.6845960021018982 
vt 0.3322885036468506 0.6775571703910828 
vt 0.3322885036468506 0.6845960021018982 
vt 0.31925174593925476 0.6775571703910828 
vt 0.31925174593925476 0.6845960021018982 
vt 0.30609312653541565 0.6775571703910828 
vt 0.30609312653541565 0.6845960021018982 
vt 0.29305633902549744 0.6775571703910828 
vt 0.29305633902549744 0.6845960021018982 
vt 0.2798977494239807 0.6775571703910828 
vt 0.2798977494239807 0.6845960021018982 
vt 0.2668609619140625 0.6775571703910828 
vt 0.2668609619140625 0.6845960021018982 
vt 0.39771604537963867 0.7993291020393372 
vt 0.38467928767204285 0.7993291020393372 
vt 0.37152066826820374 0.7993291020393372 
vt 0.3584839105606079 0.7993291020393372 
vt 0.3453252911567688 0.7993291020393372 
vt 0.3322885036468506 0.7993291020393372 
vt 0.31925174593925476 0.7993291020393372 
vt 0.30609312653541565 0.7993291020393372 
vt 0.29305633902549744 0.7993291020393372 
vt 0.2798977494239807 0.7993291020393372 
vt 0.2668609619140625 0.7993291020393372 
vt 0.2668609619140625 0.0010073500452563167 
vt 0.2798977494239807 0.0010073500452563167 
vt 0.2668609619140625 0.21674779057502747 
vt 0.2798977494239807 0.21674779057502747 
vt 0.29305633902549744 0.0010073500452563167 
vt 0.29305633902549744 0.21674779057502747 
vt 0.30609312653541565 0.0010073500452563167 
vt 0.30609312653541565 0.21674779057502747 
vt 0.31925174593925476 0.0010073500452563167 
vt 0.31925174593925476 0.21674779057502747 
vt 0.3322885036468506 0.0010073500452563167 
vt 0.3322885036468506 0.21674779057502747 
vt 0.3453252911567688 0.0010073500452563167 
vt 0.3453252911567688 0.21674779057502747 
vt 0.3584839105606079 0.0010073500452563167 
vt 0.3584839105606079 0.21674779057502747 
vt 0.37152066826820374 0.0010073500452563167 
vt 0.37152066826820374 0.21674779057502747 
vt 0.38467928767204285 0.0010073500452563167 
vt 0.38467928767204285 0.21674779057502747 
vt 0.39771604537963867 0.0010073500452563167 
vt 0.39771604537963867 0.21674779057502747 
vt 0.1339346170425415 0.0010073500452563167 
vt 0.1339346170425415 0.21674779057502747 
vt 0.14697138965129852 0.0010073500452563167 
vt 0.14697138965129852 0.21674779057502747 
vt 0.16013000905513763 0.0010073500452563167 
vt 0.16013000905513763 0.21674779057502747 
vt 0.17316678166389465 0.0010073500452563167 
vt 0.17316678166389465 0.21674779057502747 
vt 0.18632538616657257 0.0010073500452563167 
vt 0.18632538616657257 0.21674779057502747 
vt 0.1993621587753296 0.0010073500452563167 
vt 0.1993621587753296 0.21674779057502747 
vt 0.2125207781791687 0.0010073500452563167 
vt 0.2125207781791687 0.21674779057502747 
vt 0.22555755078792572 0.0010073500452563167 
vt 0.22555755078792572 0.21674779057502747 
vt 0.23871615529060364 0.0010073500452563167 
vt 0.23871615529060364 0.21674779057502747 
vt 0.25175294280052185 0.0010073500452563167 
vt 0.25175294280052185 0.21674779057502747 
vt 0.2647897005081177 0.0010073500452563167 
vt 0.2647897005081177 0.21674779057502747 
vt 0.7839456796646118 0.6213637590408325 
vt 0.7839456796646118 0.5096808671951294 
vt 0.7945456504821777 0.6213637590408325 
vt 0.7945456504821777 0.5096808671951294 
vt 0.8052675127983093 0.6213637590408325 
vt 0.8052675127983093 0.5096808671951294 
vt 0.8159893155097961 0.6213637590408325 
vt 0.8159893155097961 0.5096808671951294 
vt 0.8267111778259277 0.6213637590408325 
vt 0.8267111778259277 0.5096808671951294 
vt 0.8374329805374146 0.6213637590408325 
vt 0.8374329805374146 0.5096808671951294 
vt 0.8481548428535461 0.6213637590408325 
vt 0.8481548428535461 0.5096808671951294 
vt 0.8587548136711121 0.6213637590408325 
vt 0.8587548136711121 0.5096808671951294 
vt 0.8694766759872437 0.6213637590408325 
vt 0.8694766759872437 0.5096808671951294 
vt 0.8801984786987305 0.6213637590408325 
vt 0.8801984786987305 0.5096808671951294 
vt 0.8909203410148621 0.6213637590408325 
vt 0.8909203410148621 0.5096808671951294 
vt 0.13186335563659668 0.6777918338775635 
vt 0.13186335563659668 0.6848306655883789 
vt 0.11882658302783966 0.6777918338775635 
vt 0.11882658302783966 0.6848306655883789 
vt 0.10578981041908264 0.6777918338775635 
vt 0.10578981041908264 0.6848306655883789 
vt 0.09263119846582413 0.6777918338775635 
vt 0.09263119846582413 0.6848306655883789 
vt 0.07959442585706711 0.6777918338775635 
vt 0.07959442585706711 0.6848306655883789 
vt 0.0664358139038086 0.6777918338775635 
vt 0.0664358139038086 0.6848306655883789 
vt 0.053399041295051575 0.6777918338775635 
vt 0.053399041295051575 0.6848306655883789 
vt 0.04024042934179306 0.6777918338775635 
vt 0.04024042934179306 0.6848306655883789 
vt 0.027203654870390892 0.6777918338775635 
vt 0.027203654870390892 0.6848306655883789 
vt 0.014045042917132378 0.6777918338775635 
vt 0.014045042917132378 0.6848306655883789 
vt 0.001008269959129393 0.6777918338775635 
vt 0.001008269959129393 0.6848306655883789 
vt 0.13186335563659668 0.7996810674667358 
vt 0.11882658302783966 0.7996810674667358 
vt 0.10578981041908264 0.7996810674667358 
vt 0.09263119846582413 0.7996810674667358 
vt 0.07959442585706711 0.7996810674667358 
vt 0.0664358139038086 0.7996810674667358 
vt 0.053399041295051575 0.7996810674667358 
vt 0.04024042934179306 0.7996810674667358 
vt 0.027203654870390892 0.7996810674667358 
vt 0.014045042917132378 0.7996810674667358 
vt 0.001008269959129393 0.7996810674667358 
vt 0.2668609619140625 0.23469683527946472 
vt 0.2668609619140625 0.21674779057502747 
vt 0.2798977494239807 0.23469683527946472 
vt 0.2798977494239807 0.21674779057502747 
vt 0.29305633902549744 0.23469683527946472 
vt 0.29305633902549744 0.21674779057502747 
vt 0.30609312653541565 0.23469683527946472 
vt 0.30609312653541565 0.21674779057502747 
vt 0.31925174593925476 0.23469683527946472 
vt 0.31925174593925476 0.21674779057502747 
vt 0.3322885036468506 0.23469683527946472 
vt 0.3322885036468506 0.21674779057502747 
vt 0.3453252911567688 0.23469683527946472 
vt 0.3453252911567688 0.21674779057502747 
vt 0.3584839105606079 0.23469683527946472 
vt 0.3584839105606079 0.21674779057502747 
vt 0.37152066826820374 0.23469683527946472 
vt 0.37152066826820374 0.21674779057502747 
vt 0.38467928767204285 0.23469683527946472 
vt 0.38467928767204285 0.21674779057502747 
vt 0.39771604537963867 0.23469683527946472 
vt 0.39771604537963867 0.21674779057502747 
vt 0.49031370878219604 0.9619263410568237 
vt 0.9552513360977173 0.9619263410568237 
vt 0.49031370878219604 0.9459716081619263 
vt 0.9552513360977173 0.9459716081619263 
vt 0.49031370878219604 0.9300169348716736 
vt 0.9552513360977173 0.9300169348716736 
vt 0.49031370878219604 0.9140622019767761 
vt 0.9552513360977173 0.9140622019767761 
vt 0.49031370878219604 0.8981075286865234 
vt 0.9552513360977173 0.8981075286865234 
vt 0.49031370878219604 0.882152795791626 
vt 0.9552513360977173 0.882152795791626 
vt 0.49031370878219604 0.8661981225013733 
vt 0.9552513360977173 0.8661981225013733 
vt 0.49031370878219604 0.8502433896064758 
vt 0.9552513360977173 0.8502433896064758 
vt 0.49031370878219604 0.8341713547706604 
vt 0.9552513360977173 0.8341713547706604 
vt 0.49031370878219604 0.8182166814804077 
vt 0.9552513360977173 0.8182166814804077 
vt 0.49031370878219604 0.8022619485855103 
vt 0.9552513360977173 0.8022619485855103 
vt 0.39771604537963867 0.23469683527946472 
vt 0.39771604537963867 0.6646526455879211 
vt 0.38467928767204285 0.23469683527946472 
vt 0.38467928767204285 0.6646526455879211 
vt 0.37152066826820374 0.23469683527946472 
vt 0.37152066826820374 0.6646526455879211 
vt 0.3584839105606079 0.23469683527946472 
vt 0.3584839105606079 0.6646526455879211 
vt 0.3453252911567688 0.23469683527946472 
vt 0.3453252911567688 0.6646526455879211 
vt 0.3322885036468506 0.23469683527946472 
vt 0.3322885036468506 0.6646526455879211 
vt 0.31925174593925476 0.23469683527946472 
vt 0.31925174593925476 0.6646526455879211 
vt 0.30609312653541565 0.23469683527946472 
vt 0.30609312653541565 0.6646526455879211 
vt 0.29305633902549744 0.23469683527946472 
vt 0.29305633902549744 0.6646526455879211 
vt 0.2798977494239807 0.23469683527946472 
vt 0.2798977494239807 0.6646526455879211 
vt 0.2668609619140625 0.23469683527946472 
vt 0.2668609619140625 0.6646526455879211 
vt 0.9774259924888611 0.9619263410568237 
vt 0.9774259924888611 0.9459716081619263 
vt 0.9552513360977173 0.9619263410568237 
vt 0.9552513360977173 0.9459716081619263 
vt 0.9774259924888611 0.9300169348716736 
vt 0.9552513360977173 0.9300169348716736 
vt 0.9774259924888611 0.9140622019767761 
vt 0.9552513360977173 0.9140622019767761 
vt 0.9774259924888611 0.8981075286865234 
vt 0.9552513360977173 0.8981075286865234 
vt 0.9774259924888611 0.882152795791626 
vt 0.9552513360977173 0.882152795791626 
vt 0.9774259924888611 0.8661981225013733 
vt 0.9552513360977173 0.8661981225013733 
vt 0.9774259924888611 0.8502433896064758 
vt 0.9552513360977173 0.8502433896064758 
vt 0.9774259924888611 0.8341713547706604 
vt 0.9552513360977173 0.8341713547706604 
vt 0.9774259924888611 0.8182166814804077 
vt 0.9552513360977173 0.8182166814804077 
vt 0.9774259924888611 0.8022619485855103 
vt 0.9552513360977173 0.8022619485855103 
vt 0.46606773138046265 0.8022619485855103 
vt 0.48824241757392883 0.8022619485855103 
vt 0.46606773138046265 0.8182166814804077 
vt 0.48824241757392883 0.8182166814804077 
vt 0.46606773138046265 0.8341713547706604 
vt 0.48824241757392883 0.8341713547706604 
vt 0.46606773138046265 0.8502433896064758 
vt 0.48824241757392883 0.8502433896064758 
vt 0.46606773138046265 0.8661981225013733 
vt 0.48824241757392883 0.8661981225013733 
vt 0.46606773138046265 0.882152795791626 
vt 0.48824241757392883 0.882152795791626 
vt 0.46606773138046265 0.8981075286865234 
vt 0.48824241757392883 0.8981075286865234 
vt 0.46606773138046265 0.9140622019767761 
vt 0.48824241757392883 0.9140622019767761 
vt 0.46606773138046265 0.9300169348716736 
vt 0.48824241757392883 0.9300169348716736 
vt 0.46606773138046265 0.9459716081619263 
vt 0.48824241757392883 0.9459716081619263 
vt 0.46606773138046265 0.9619263410568237 
vt 0.48824241757392883 0.9619263410568237 
vt 0.3997873067855835 0.0010073500452563167 
vt 0.3997873067855835 0.21674779057502747 
vt 0.4128240942955017 0.0010073500452563167 
vt 0.4128240942955017 0.21674779057502747 
vt 0.42586085200309753 0.0010073500452563167 
vt 0.42586085200309753 0.21674779057502747 
vt 0.43901947140693665 0.0010073500452563167 
vt 0.43901947140693665 0.21674779057502747 
vt 0.45205625891685486 0.0010073500452563167 
vt 0.45205625891685486 0.21674779057502747 
vt 0.4652148485183716 0.0010073500452563167 
vt 0.4652148485183716 0.21674779057502747 
vt 0.4782516360282898 0.0010073500452563167 
vt 0.4782516360282898 0.21674779057502747 
vt 0.4914102554321289 0.0010073500452563167 
vt 0.4914102554321289 0.21674779057502747 
vt 0.5044470429420471 0.0010073500452563167 
vt 0.5044470429420471 0.21674779057502747 
vt 0.5174837708473206 0.0010073500452563167 
vt 0.5174837708473206 0.21674779057502747 
vt 0.5306423902511597 0.0010073500452563167 
vt 0.5306423902511597 0.21674779057502747 
vt 0.39771604537963867 0.6646526455879211 
vt 0.39771604537963867 0.6775571703910828 
vt 0.38467928767204285 0.6646526455879211 
vt 0.38467928767204285 0.6775571703910828 
vt 0.37152066826820374 0.6646526455879211 
vt 0.37152066826820374 0.6775571703910828 
vt 0.3584839105606079 0.6646526455879211 
vt 0.3584839105606079 0.6775571703910828 
vt 0.3453252911567688 0.6646526455879211 
vt 0.3453252911567688 0.6775571703910828 
vt 0.3322885036468506 0.6646526455879211 
vt 0.3322885036468506 0.6775571703910828 
vt 0.31925174593925476 0.6646526455879211 
vt 0.31925174593925476 0.6775571703910828 
vt 0.30609312653541565 0.6646526455879211 
vt 0.30609312653541565 0.6775571703910828 
vt 0.29305633902549744 0.6646526455879211 
vt 0.29305633902549744 0.6775571703910828 
vt 0.2798977494239807 0.6646526455879211 
vt 0.2798977494239807 0.6775571703910828 
vt 0.2668609619140625 0.6646526455879211 
vt 0.2668609619140625 0.6775571703910828 
vt 0.3997873067855835 0.23469683527946472 
vt 0.4128240942955017 0.23469683527946472 
vt 0.3997873067855835 0.21674779057502747 
vt 0.4128240942955017 0.21674779057502747 
vt 0.42586085200309753 0.23469683527946472 
vt 0.42586085200309753 0.21674779057502747 
vt 0.43901947140693665 0.23469683527946472 
vt 0.43901947140693665 0.21674779057502747 
vt 0.45205625891685486 0.23469683527946472 
vt 0.45205625891685486 0.21674779057502747 
vt 0.4652148485183716 0.23469683527946472 
vt 0.4652148485183716 0.21674779057502747 
vt 0.4782516360282898 0.23469683527946472 
vt 0.4782516360282898 0.21674779057502747 
vt 0.4914102554321289 0.23469683527946472 
vt 0.4914102554321289 0.21674779057502747 
vt 0.5044470429420471 0.23469683527946472 
vt 0.5044470429420471 0.21674779057502747 
vt 0.5174837708473206 0.23469683527946472 
vt 0.5174837708473206 0.21674779057502747 
vt 0.5306423902511597 0.23469683527946472 
vt 0.5306423902511597 0.21674779057502747 
vt 0.2647897005081177 0.21674779057502747 
vt 0.25175294280052185 0.21674779057502747 
vt 0.2647897005081177 0.23469683527946472 
vt 0.25175294280052185 0.23469683527946472 
vt 0.23871615529060364 0.21674779057502747 
vt 0.23871615529060364 0.23469683527946472 
vt 0.22555755078792572 0.21674779057502747 
vt 0.22555755078792572 0.23469683527946472 
vt 0.2125207781791687 0.21674779057502747 
vt 0.2125207781791687 0.23469683527946472 
vt 0.1993621587753296 0.21674779057502747 
vt 0.1993621587753296 0.23469683527946472 
vt 0.18632538616657257 0.21674779057502747 
vt 0.18632538616657257 0.23469683527946472 
vt 0.17316678166389465 0.21674779057502747 
vt 0.17316678166389465 0.23469683527946472 
vt 0.16013000905513763 0.21674779057502747 
vt 0.16013000905513763 0.23469683527946472 
vt 0.14697138965129852 0.21674779057502747 
vt 0.14697138965129852 0.23469683527946472 
vt 0.1339346170425415 0.21674779057502747 
vt 0.1339346170425415 0.23469683527946472 
vt 0.5306423902511597 0.23469683527946472 
vt 0.5174837708473206 0.23469683527946472 
vt 0.5306423902511597 0.6646526455879211 
vt 0.5174837708473206 0.6646526455879211 
vt 0.5044470429420471 0.23469683527946472 
vt 0.5044470429420471 0.6646526455879211 
vt 0.4914102554321289 0.23469683527946472 
vt 0.4914102554321289 0.6646526455879211 
vt 0.4782516360282898 0.23469683527946472 
vt 0.4782516360282898 0.6646526455879211 
vt 0.4652148485183716 0.23469683527946472 
vt 0.4652148485183716 0.6646526455879211 
vt 0.45205625891685486 0.23469683527946472 
vt 0.45205625891685486 0.6646526455879211 
vt 0.43901947140693665 0.23469683527946472 
vt 0.43901947140693665 0.6646526455879211 
vt 0.42586085200309753 0.23469683527946472 
vt 0.42586085200309753 0.6646526455879211 
vt 0.4128240942955017 0.23469683527946472 
vt 0.4128240942955017 0.6646526455879211 
vt 0.3997873067855835 0.23469683527946472 
vt 0.3997873067855835 0.6646526455879211 
vt 0.13186335563659668 0.21674779057502747 
vt 0.11882658302783966 0.21674779057502747 
vt 0.13186335563659668 0.0010073500452563167 
vt 0.11882658302783966 0.0010073500452563167 
vt 0.10578981041908264 0.21674779057502747 
vt 0.10578981041908264 0.0010073500452563167 
vt 0.09263119846582413 0.21674779057502747 
vt 0.09263119846582413 0.0010073500452563167 
vt 0.07959442585706711 0.21674779057502747 
vt 0.07959442585706711 0.0010073500452563167 
vt 0.0664358139038086 0.21674779057502747 
vt 0.0664358139038086 0.0010073500452563167 
vt 0.053399041295051575 0.21674779057502747 
vt 0.053399041295051575 0.0010073500452563167 
vt 0.04024042934179306 0.21674779057502747 
vt 0.04024042934179306 0.0010073500452563167 
vt 0.027203654870390892 0.21674779057502747 
vt 0.027203654870390892 0.0010073500452563167 
vt 0.014045042917132378 0.21674779057502747 
vt 0.014045042917132378 0.0010073500452563167 
vt 0.001008269959129393 0.21674779057502747 
vt 0.001008269959129393 0.0010073500452563167 
vt 0.3997873067855835 0.6775571703910828 
vt 0.4128240942955017 0.6775571703910828 
vt 0.3997873067855835 0.6646526455879211 
vt 0.4128240942955017 0.6646526455879211 
vt 0.42586085200309753 0.6775571703910828 
vt 0.42586085200309753 0.6646526455879211 
vt 0.43901947140693665 0.6775571703910828 
vt 0.43901947140693665 0.6646526455879211 
vt 0.45205625891685486 0.6775571703910828 
vt 0.45205625891685486 0.6646526455879211 
vt 0.4652148485183716 0.6775571703910828 
vt 0.4652148485183716 0.6646526455879211 
vt 0.4782516360282898 0.6775571703910828 
vt 0.4782516360282898 0.6646526455879211 
vt 0.4914102554321289 0.6775571703910828 
vt 0.4914102554321289 0.6646526455879211 
vt 0.5044470429420471 0.6775571703910828 
vt 0.5044470429420471 0.6646526455879211 
vt 0.5174837708473206 0.6775571703910828 
vt 0.5174837708473206 0.6646526455879211 
vt 0.5306423902511597 0.6775571703910828 
vt 0.5306423902511597 0.6646526455879211 
vt 0.2647897005081177 0.23469683527946472 
vt 0.25175294280052185 0.23469683527946472 
vt 0.2647897005081177 0.6647699475288391 
vt 0.25175294280052185 0.6647699475288391 
vt 0.23871615529060364 0.23469683527946472 
vt 0.23871615529060364 0.6647699475288391 
vt 0.22555755078792572 0.23469683527946472 
vt 0.22555755078792572 0.6647699475288391 
vt 0.2125207781791687 0.23469683527946472 
vt 0.2125207781791687 0.6647699475288391 
vt 0.1993621587753296 0.23469683527946472 
vt 0.1993621587753296 0.6647699475288391 
vt 0.18632538616657257 0.23469683527946472 
vt 0.18632538616657257 0.6647699475288391 
vt 0.17316678166389465 0.23469683527946472 
vt 0.17316678166389465 0.6647699475288391 
vt 0.16013000905513763 0.23469683527946472 
vt 0.16013000905513763 0.6647699475288391 
vt 0.14697138965129852 0.23469683527946472 
vt 0.14697138965129852 0.6647699475288391 
vt 0.1339346170425415 0.23469683527946472 
vt 0.1339346170425415 0.6647699475288391 
vt 0.2668609619140625 0.7993291020393372 
vt 0.2668609619140625 0.6845960021018982 
vt 0.2798977494239807 0.7993291020393372 
vt 0.2798977494239807 0.6845960021018982 
vt 0.29305633902549744 0.7993291020393372 
vt 0.29305633902549744 0.6845960021018982 
vt 0.30609312653541565 0.7993291020393372 
vt 0.30609312653541565 0.6845960021018982 
vt 0.31925174593925476 0.7993291020393372 
vt 0.31925174593925476 0.6845960021018982 
vt 0.3322885036468506 0.7993291020393372 
vt 0.3322885036468506 0.6845960021018982 
vt 0.3453252911567688 0.7993291020393372 
vt 0.3453252911567688 0.6845960021018982 
vt 0.3584839105606079 0.7993291020393372 
vt 0.3584839105606079 0.6845960021018982 
vt 0.37152066826820374 0.7993291020393372 
vt 0.37152066826820374 0.6845960021018982 
vt 0.38467928767204285 0.7993291020393372 
vt 0.38467928767204285 0.6845960021018982 
vt 0.39771604537963867 0.7993291020393372 
vt 0.39771604537963867 0.6845960021018982 
vt 0.2668609619140625 0.6775571703910828 
vt 0.2798977494239807 0.6775571703910828 
vt 0.29305633902549744 0.6775571703910828 
vt 0.30609312653541565 0.6775571703910828 
vt 0.31925174593925476 0.6775571703910828 
vt 0.3322885036468506 0.6775571703910828 
vt 0.3453252911567688 0.6775571703910828 
vt 0.3584839105606079 0.6775571703910828 
vt 0.37152066826820374 0.6775571703910828 
vt 0.38467928767204285 0.6775571703910828 
vt 0.39771604537963867 0.6775571703910828 
vt 0.9601248502731323 0.17052608728408813 
vt 0.9668260216712952 0.17052608728408813 
vt 0.954642117023468 0.1745147556066513 
vt 0.9634145498275757 0.18084971606731415 
vt 0.9525708556175232 0.18084971606731415 
vt 0.954642117023468 0.1871846616268158 
vt 0.9721869230270386 0.1745147556066513 
vt 0.9742581844329834 0.18084971606731415 
vt 0.9721869230270386 0.1871846616268158 
vt 0.9668260216712952 0.19117334485054016 
vt 0.9601248502731323 0.19117334485054016 
vt 0.5325918197631836 0.4882124066352844 
vt 0.5325918197631836 0.4660400450229645 
vt 0.5485527515411377 0.4882124066352844 
vt 0.5485527515411377 0.4660400450229645 
vt 0.564513623714447 0.4882124066352844 
vt 0.564513623714447 0.4660400450229645 
vt 0.5804745554924011 0.4882124066352844 
vt 0.5804745554924011 0.4660400450229645 
vt 0.5964354872703552 0.4882124066352844 
vt 0.5964354872703552 0.4660400450229645 
vt 0.6123963594436646 0.4882124066352844 
vt 0.6123963594436646 0.4660400450229645 
vt 0.6283572912216187 0.4882124066352844 
vt 0.6283572912216187 0.4660400450229645 
vt 0.644318163394928 0.4882124066352844 
vt 0.644318163394928 0.4660400450229645 
vt 0.6602790951728821 0.4882124066352844 
vt 0.6602790951728821 0.4660400450229645 
vt 0.6762400269508362 0.4882124066352844 
vt 0.6762400269508362 0.4660400450229645 
vt 0.6922008991241455 0.4882124066352844 
vt 0.6922008991241455 0.4660400450229645 
vt 0.6744124293327332 0.7242481708526611 
vt 0.6850124001502991 0.7242481708526611 
vt 0.6744124293327332 0.6125652194023132 
vt 0.6850124001502991 0.6125652194023132 
vt 0.6957342624664307 0.7242481708526611 
vt 0.6957342624664307 0.6125652194023132 
vt 0.7064560651779175 0.7242481708526611 
vt 0.7064560651779175 0.6125652194023132 
vt 0.7171779274940491 0.7242481708526611 
vt 0.7171779274940491 0.6125652194023132 
vt 0.7278997302055359 0.7242481708526611 
vt 0.7278997302055359 0.6125652194023132 
vt 0.7384997606277466 0.7242481708526611 
vt 0.7384997606277466 0.6125652194023132 
vt 0.7492215633392334 0.7242481708526611 
vt 0.7492215633392334 0.6125652194023132 
vt 0.759943425655365 0.7242481708526611 
vt 0.759943425655365 0.6125652194023132 
vt 0.7706652283668518 0.7242481708526611 
vt 0.7706652283668518 0.6125652194023132 
vt 0.7813870906829834 0.7242481708526611 
vt 0.7813870906829834 0.6125652194023132 
vt 0.2647897005081177 0.6647699475288391 
vt 0.25175294280052185 0.6647699475288391 
vt 0.2647897005081177 0.6777918338775635 
vt 0.25175294280052185 0.6777918338775635 
vt 0.23871615529060364 0.6647699475288391 
vt 0.23871615529060364 0.6777918338775635 
vt 0.22555755078792572 0.6647699475288391 
vt 0.22555755078792572 0.6777918338775635 
vt 0.2125207781791687 0.6647699475288391 
vt 0.2125207781791687 0.6777918338775635 
vt 0.1993621587753296 0.6647699475288391 
vt 0.1993621587753296 0.6777918338775635 
vt 0.18632538616657257 0.6647699475288391 
vt 0.18632538616657257 0.6777918338775635 
vt 0.17316678166389465 0.6647699475288391 
vt 0.17316678166389465 0.6777918338775635 
vt 0.16013000905513763 0.6647699475288391 
vt 0.16013000905513763 0.6777918338775635 
vt 0.14697138965129852 0.6647699475288391 
vt 0.14697138965129852 0.6777918338775635 
vt 0.1339346170425415 0.6647699475288391 
vt 0.1339346170425415 0.6777918338775635 
vt 0.7839456796646118 0.6213637590408325 
vt 0.7839456796646118 0.5096808671951294 
vt 0.7945456504821777 0.6213637590408325 
vt 0.7945456504821777 0.5096808671951294 
vt 0.8052675127983093 0.6213637590408325 
vt 0.8052675127983093 0.5096808671951294 
vt 0.8159893155097961 0.6213637590408325 
vt 0.8159893155097961 0.5096808671951294 
vt 0.8267111778259277 0.6213637590408325 
vt 0.8267111778259277 0.5096808671951294 
vt 0.8374329805374146 0.6213637590408325 
vt 0.8374329805374146 0.5096808671951294 
vt 0.8481548428535461 0.6213637590408325 
vt 0.8481548428535461 0.5096808671951294 
vt 0.8587548136711121 0.6213637590408325 
vt 0.8587548136711121 0.5096808671951294 
vt 0.8694766759872437 0.6213637590408325 
vt 0.8694766759872437 0.5096808671951294 
vt 0.8801984786987305 0.6213637590408325 
vt 0.8801984786987305 0.5096808671951294 
vt 0.8909203410148621 0.6213637590408325 
vt 0.8909203410148621 0.5096808671951294 
vt 0.9457478523254395 0.2088877558708191 
vt 0.940386950969696 0.21287643909454346 
vt 0.9524490237236023 0.2088877558708191 
vt 0.9491593837738037 0.2192113846540451 
vt 0.9579317569732666 0.21287643909454346 
vt 0.9600030183792114 0.2192113846540451 
vt 0.9383156895637512 0.2192113846540451 
vt 0.940386950969696 0.22554634511470795 
vt 0.9457478523254395 0.2295350283384323 
vt 0.9524490237236023 0.2295350283384323 
vt 0.9579317569732666 0.22554634511470795 
vt 0.001008269959129393 0.9619263410568237 
vt 0.001008269959129393 0.9459716081619263 
vt 0.46606773138046265 0.9619263410568237 
vt 0.46606773138046265 0.9459716081619263 
vt 0.001008269959129393 0.9300169348716736 
vt 0.46606773138046265 0.9300169348716736 
vt 0.001008269959129393 0.9140622019767761 
vt 0.46606773138046265 0.9140622019767761 
vt 0.001008269959129393 0.8981075286865234 
vt 0.46606773138046265 0.8981075286865234 
vt 0.001008269959129393 0.882152795791626 
vt 0.46606773138046265 0.882152795791626 
vt 0.001008269959129393 0.8661981225013733 
vt 0.46606773138046265 0.8661981225013733 
vt 0.001008269959129393 0.8502433896064758 
vt 0.46606773138046265 0.8502433896064758 
vt 0.001008269959129393 0.8341713547706604 
vt 0.46606773138046265 0.8341713547706604 
vt 0.001008269959129393 0.8182166814804077 
vt 0.46606773138046265 0.8182166814804077 
vt 0.001008269959129393 0.8022619485855103 
vt 0.46606773138046265 0.8022619485855103 
vt 0.48824241757392883 0.9619263410568237 
vt 0.46606773138046265 0.9619263410568237 
vt 0.48824241757392883 0.9459716081619263 
vt 0.46606773138046265 0.9459716081619263 
vt 0.48824241757392883 0.9300169348716736 
vt 0.46606773138046265 0.9300169348716736 
vt 0.48824241757392883 0.9140622019767761 
vt 0.46606773138046265 0.9140622019767761 
vt 0.48824241757392883 0.8981075286865234 
vt 0.46606773138046265 0.8981075286865234 
vt 0.48824241757392883 0.882152795791626 
vt 0.46606773138046265 0.882152795791626 
vt 0.48824241757392883 0.8661981225013733 
vt 0.46606773138046265 0.8661981225013733 
vt 0.48824241757392883 0.8502433896064758 
vt 0.46606773138046265 0.8502433896064758 
vt 0.48824241757392883 0.8341713547706604 
vt 0.46606773138046265 0.8341713547706604 
vt 0.48824241757392883 0.8182166814804077 
vt 0.46606773138046265 0.8182166814804077 
vt 0.48824241757392883 0.8022619485855103 
vt 0.46606773138046265 0.8022619485855103 
vt 0.9601248502731323 0.17052608728408813 
vt 0.9668260216712952 0.17052608728408813 
vt 0.954642117023468 0.1745147556066513 
vt 0.9634145498275757 0.18084971606731415 
vt 0.9525708556175232 0.18084971606731415 
vt 0.954642117023468 0.1871846616268158 
vt 0.9721869230270386 0.1745147556066513 
vt 0.9742581844329834 0.18084971606731415 
vt 0.9721869230270386 0.1871846616268158 
vt 0.9668260216712952 0.19117334485054016 
vt 0.9601248502731323 0.19117334485054016 
vt 0.2668609619140625 0.0010073500452563167 
vt 0.2798977494239807 0.0010073500452563167 
vt 0.2668609619140625 0.21674779057502747 
vt 0.2798977494239807 0.21674779057502747 
vt 0.29305633902549744 0.0010073500452563167 
vt 0.29305633902549744 0.21674779057502747 
vt 0.30609312653541565 0.0010073500452563167 
vt 0.30609312653541565 0.21674779057502747 
vt 0.31925174593925476 0.0010073500452563167 
vt 0.31925174593925476 0.21674779057502747 
vt 0.3322885036468506 0.0010073500452563167 
vt 0.3322885036468506 0.21674779057502747 
vt 0.3453252911567688 0.0010073500452563167 
vt 0.3453252911567688 0.21674779057502747 
vt 0.3584839105606079 0.0010073500452563167 
vt 0.3584839105606079 0.21674779057502747 
vt 0.37152066826820374 0.0010073500452563167 
vt 0.37152066826820374 0.21674779057502747 
vt 0.38467928767204285 0.0010073500452563167 
vt 0.38467928767204285 0.21674779057502747 
vt 0.39771604537963867 0.0010073500452563167 
vt 0.39771604537963867 0.21674779057502747 
vt 0.49031370878219604 0.9619263410568237 
vt 0.9552513360977173 0.9619263410568237 
vt 0.49031370878219604 0.9459716081619263 
vt 0.9552513360977173 0.9459716081619263 
vt 0.49031370878219604 0.9300169348716736 
vt 0.9552513360977173 0.9300169348716736 
vt 0.49031370878219604 0.9140622019767761 
vt 0.9552513360977173 0.9140622019767761 
vt 0.49031370878219604 0.8981075286865234 
vt 0.9552513360977173 0.8981075286865234 
vt 0.49031370878219604 0.882152795791626 
vt 0.9552513360977173 0.882152795791626 
vt 0.49031370878219604 0.8661981225013733 
vt 0.9552513360977173 0.8661981225013733 
vt 0.49031370878219604 0.8502433896064758 
vt 0.9552513360977173 0.8502433896064758 
vt 0.49031370878219604 0.8341713547706604 
vt 0.9552513360977173 0.8341713547706604 
vt 0.49031370878219604 0.8182166814804077 
vt 0.9552513360977173 0.8182166814804077 
vt 0.49031370878219604 0.8022619485855103 
vt 0.9552513360977173 0.8022619485855103 
vt 0.2668609619140625 0.23469683527946472 
vt 0.2668609619140625 0.21674779057502747 
vt 0.2798977494239807 0.23469683527946472 
vt 0.2798977494239807 0.21674779057502747 
vt 0.29305633902549744 0.23469683527946472 
vt 0.29305633902549744 0.21674779057502747 
vt 0.30609312653541565 0.23469683527946472 
vt 0.30609312653541565 0.21674779057502747 
vt 0.31925174593925476 0.23469683527946472 
vt 0.31925174593925476 0.21674779057502747 
vt 0.3322885036468506 0.23469683527946472 
vt 0.3322885036468506 0.21674779057502747 
vt 0.3453252911567688 0.23469683527946472 
vt 0.3453252911567688 0.21674779057502747 
vt 0.3584839105606079 0.23469683527946472 
vt 0.3584839105606079 0.21674779057502747 
vt 0.37152066826820374 0.23469683527946472 
vt 0.37152066826820374 0.21674779057502747 
vt 0.38467928767204285 0.23469683527946472 
vt 0.38467928767204285 0.21674779057502747 
vt 0.39771604537963867 0.23469683527946472 
vt 0.39771604537963867 0.21674779057502747 
vt 0.13186335563659668 0.21674779057502747 
vt 0.13186335563659668 0.23469683527946472 
vt 0.11882658302783966 0.21674779057502747 
vt 0.11882658302783966 0.23469683527946472 
vt 0.10578981041908264 0.21674779057502747 
vt 0.10578981041908264 0.23469683527946472 
vt 0.09263119846582413 0.21674779057502747 
vt 0.09263119846582413 0.23469683527946472 
vt 0.07959442585706711 0.21674779057502747 
vt 0.07959442585706711 0.23469683527946472 
vt 0.0664358139038086 0.21674779057502747 
vt 0.0664358139038086 0.23469683527946472 
vt 0.053399041295051575 0.21674779057502747 
vt 0.053399041295051575 0.23469683527946472 
vt 0.04024042934179306 0.21674779057502747 
vt 0.04024042934179306 0.23469683527946472 
vt 0.027203654870390892 0.21674779057502747 
vt 0.027203654870390892 0.23469683527946472 
vt 0.014045042917132378 0.21674779057502747 
vt 0.014045042917132378 0.23469683527946472 
vt 0.001008269959129393 0.21674779057502747 
vt 0.001008269959129393 0.23469683527946472 
vt 0.39771604537963867 0.23469683527946472 
vt 0.39771604537963867 0.6646526455879211 
vt 0.38467928767204285 0.23469683527946472 
vt 0.38467928767204285 0.6646526455879211 
vt 0.37152066826820374 0.23469683527946472 
vt 0.37152066826820374 0.6646526455879211 
vt 0.3584839105606079 0.23469683527946472 
vt 0.3584839105606079 0.6646526455879211 
vt 0.3453252911567688 0.23469683527946472 
vt 0.3453252911567688 0.6646526455879211 
vt 0.3322885036468506 0.23469683527946472 
vt 0.3322885036468506 0.6646526455879211 
vt 0.31925174593925476 0.23469683527946472 
vt 0.31925174593925476 0.6646526455879211 
vt 0.30609312653541565 0.23469683527946472 
vt 0.30609312653541565 0.6646526455879211 
vt 0.29305633902549744 0.23469683527946472 
vt 0.29305633902549744 0.6646526455879211 
vt 0.2798977494239807 0.23469683527946472 
vt 0.2798977494239807 0.6646526455879211 
vt 0.2668609619140625 0.23469683527946472 
vt 0.2668609619140625 0.6646526455879211 
vt 0.9774259924888611 0.9619263410568237 
vt 0.9774259924888611 0.9459716081619263 
vt 0.9552513360977173 0.9619263410568237 
vt 0.9552513360977173 0.9459716081619263 
vt 0.9774259924888611 0.9300169348716736 
vt 0.9552513360977173 0.9300169348716736 
vt 0.9774259924888611 0.9140622019767761 
vt 0.9552513360977173 0.9140622019767761 
vt 0.9774259924888611 0.8981075286865234 
vt 0.9552513360977173 0.8981075286865234 
vt 0.9774259924888611 0.882152795791626 
vt 0.9552513360977173 0.882152795791626 
vt 0.9774259924888611 0.8661981225013733 
vt 0.9552513360977173 0.8661981225013733 
vt 0.9774259924888611 0.8502433896064758 
vt 0.9552513360977173 0.8502433896064758 
vt 0.9774259924888611 0.8341713547706604 
vt 0.9552513360977173 0.8341713547706604 
vt 0.9774259924888611 0.8182166814804077 
vt 0.9552513360977173 0.8182166814804077 
vt 0.9774259924888611 0.8022619485855103 
vt 0.9552513360977173 0.8022619485855103 
vt 0.39771604537963867 0.6646526455879211 
vt 0.39771604537963867 0.6775571703910828 
vt 0.38467928767204285 0.6646526455879211 
vt 0.38467928767204285 0.6775571703910828 
vt 0.37152066826820374 0.6646526455879211 
vt 0.37152066826820374 0.6775571703910828 
vt 0.3584839105606079 0.6646526455879211 
vt 0.3584839105606079 0.6775571703910828 
vt 0.3453252911567688 0.6646526455879211 
vt 0.3453252911567688 0.6775571703910828 
vt 0.3322885036468506 0.6646526455879211 
vt 0.3322885036468506 0.6775571703910828 
vt 0.31925174593925476 0.6646526455879211 
vt 0.31925174593925476 0.6775571703910828 
vt 0.30609312653541565 0.6646526455879211 
vt 0.30609312653541565 0.6775571703910828 
vt 0.29305633902549744 0.6646526455879211 
vt 0.29305633902549744 0.6775571703910828 
vt 0.2798977494239807 0.6646526455879211 
vt 0.2798977494239807 0.6775571703910828 
vt 0.2668609619140625 0.6646526455879211 
vt 0.2668609619140625 0.6775571703910828 
vt 0.39771604537963867 0.6775571703910828 
vt 0.39771604537963867 0.6845960021018982 
vt 0.38467928767204285 0.6775571703910828 
vt 0.38467928767204285 0.6845960021018982 
vt 0.37152066826820374 0.6775571703910828 
vt 0.37152066826820374 0.6845960021018982 
vt 0.3584839105606079 0.6775571703910828 
vt 0.3584839105606079 0.6845960021018982 
vt 0.3453252911567688 0.6775571703910828 
vt 0.3453252911567688 0.6845960021018982 
vt 0.3322885036468506 0.6775571703910828 
vt 0.3322885036468506 0.6845960021018982 
vt 0.31925174593925476 0.6775571703910828 
vt 0.31925174593925476 0.6845960021018982 
vt 0.30609312653541565 0.6775571703910828 
vt 0.30609312653541565 0.6845960021018982 
vt 0.29305633902549744 0.6775571703910828 
vt 0.29305633902549744 0.6845960021018982 
vt 0.2798977494239807 0.6775571703910828 
vt 0.2798977494239807 0.6845960021018982 
vt 0.2668609619140625 0.6775571703910828 
vt 0.2668609619140625 0.6845960021018982 
vt 0.39771604537963867 0.7993291020393372 
vt 0.38467928767204285 0.7993291020393372 
vt 0.37152066826820374 0.7993291020393372 
vt 0.3584839105606079 0.7993291020393372 
vt 0.3453252911567688 0.7993291020393372 
vt 0.3322885036468506 0.7993291020393372 
vt 0.31925174593925476 0.7993291020393372 
vt 0.30609312653541565 0.7993291020393372 
vt 0.29305633902549744 0.7993291020393372 
vt 0.2798977494239807 0.7993291020393372 
vt 0.2668609619140625 0.7993291020393372 
vt 0.3997873067855835 0.0010073500452563167 
vt 0.3997873067855835 0.21674779057502747 
vt 0.4128240942955017 0.0010073500452563167 
vt 0.4128240942955017 0.21674779057502747 
vt 0.42586085200309753 0.0010073500452563167 
vt 0.42586085200309753 0.21674779057502747 
vt 0.43901947140693665 0.0010073500452563167 
vt 0.43901947140693665 0.21674779057502747 
vt 0.45205625891685486 0.0010073500452563167 
vt 0.45205625891685486 0.21674779057502747 
vt 0.4652148485183716 0.0010073500452563167 
vt 0.4652148485183716 0.21674779057502747 
vt 0.4782516360282898 0.0010073500452563167 
vt 0.4782516360282898 0.21674779057502747 
vt 0.4914102554321289 0.0010073500452563167 
vt 0.4914102554321289 0.21674779057502747 
vt 0.5044470429420471 0.0010073500452563167 
vt 0.5044470429420471 0.21674779057502747 
vt 0.5174837708473206 0.0010073500452563167 
vt 0.5174837708473206 0.21674779057502747 
vt 0.5306423902511597 0.0010073500452563167 
vt 0.5306423902511597 0.21674779057502747 
vt 0.1339346170425415 0.7996810674667358 
vt 0.14697138965129852 0.7996810674667358 
vt 0.1339346170425415 0.6848306655883789 
vt 0.14697138965129852 0.6848306655883789 
vt 0.1339346170425415 0.6777918338775635 
vt 0.14697138965129852 0.6777918338775635 
vt 0.16013000905513763 0.7996810674667358 
vt 0.16013000905513763 0.6848306655883789 
vt 0.16013000905513763 0.6777918338775635 
vt 0.17316678166389465 0.7996810674667358 
vt 0.17316678166389465 0.6848306655883789 
vt 0.17316678166389465 0.6777918338775635 
vt 0.18632538616657257 0.7996810674667358 
vt 0.18632538616657257 0.6848306655883789 
vt 0.18632538616657257 0.6777918338775635 
vt 0.1993621587753296 0.7996810674667358 
vt 0.1993621587753296 0.6848306655883789 
vt 0.1993621587753296 0.6777918338775635 
vt 0.2125207781791687 0.7996810674667358 
vt 0.2125207781791687 0.6848306655883789 
vt 0.2125207781791687 0.6777918338775635 
vt 0.22555755078792572 0.7996810674667358 
vt 0.22555755078792572 0.6848306655883789 
vt 0.22555755078792572 0.6777918338775635 
vt 0.23871615529060364 0.7996810674667358 
vt 0.23871615529060364 0.6848306655883789 
vt 0.23871615529060364 0.6777918338775635 
vt 0.25175294280052185 0.7996810674667358 
vt 0.25175294280052185 0.6848306655883789 
vt 0.25175294280052185 0.6777918338775635 
vt 0.2647897005081177 0.7996810674667358 
vt 0.2647897005081177 0.6848306655883789 
vt 0.2647897005081177 0.6777918338775635 
vt 0.3997873067855835 0.23469683527946472 
vt 0.4128240942955017 0.23469683527946472 
vt 0.3997873067855835 0.21674779057502747 
vt 0.4128240942955017 0.21674779057502747 
vt 0.42586085200309753 0.23469683527946472 
vt 0.42586085200309753 0.21674779057502747 
vt 0.43901947140693665 0.23469683527946472 
vt 0.43901947140693665 0.21674779057502747 
vt 0.45205625891685486 0.23469683527946472 
vt 0.45205625891685486 0.21674779057502747 
vt 0.4652148485183716 0.23469683527946472 
vt 0.4652148485183716 0.21674779057502747 
vt 0.4782516360282898 0.23469683527946472 
vt 0.4782516360282898 0.21674779057502747 
vt 0.4914102554321289 0.23469683527946472 
vt 0.4914102554321289 0.21674779057502747 
vt 0.5044470429420471 0.23469683527946472 
vt 0.5044470429420471 0.21674779057502747 
vt 0.5174837708473206 0.23469683527946472 
vt 0.5174837708473206 0.21674779057502747 
vt 0.5306423902511597 0.23469683527946472 
vt 0.5306423902511597 0.21674779057502747 
vt 0.8909203410148621 0.5096808671951294 
vt 0.8909203410148621 0.6213637590408325 
vt 0.8801984786987305 0.5096808671951294 
vt 0.8801984786987305 0.6213637590408325 
vt 0.8694766759872437 0.5096808671951294 
vt 0.8694766759872437 0.6213637590408325 
vt 0.8587548136711121 0.5096808671951294 
vt 0.8587548136711121 0.6213637590408325 
vt 0.8481548428535461 0.5096808671951294 
vt 0.8481548428535461 0.6213637590408325 
vt 0.8374329805374146 0.5096808671951294 
vt 0.8374329805374146 0.6213637590408325 
vt 0.8267111778259277 0.5096808671951294 
vt 0.8267111778259277 0.6213637590408325 
vt 0.8159893155097961 0.5096808671951294 
vt 0.8159893155097961 0.6213637590408325 
vt 0.8052675127983093 0.5096808671951294 
vt 0.8052675127983093 0.6213637590408325 
vt 0.7945456504821777 0.5096808671951294 
vt 0.7945456504821777 0.6213637590408325 
vt 0.7839456796646118 0.5096808671951294 
vt 0.7839456796646118 0.6213637590408325 
vt 0.49031370878219604 0.9619263410568237 
vt 0.9552513360977173 0.9619263410568237 
vt 0.49031370878219604 0.9459716081619263 
vt 0.9552513360977173 0.9459716081619263 
vt 0.49031370878219604 0.9300169348716736 
vt 0.9552513360977173 0.9300169348716736 
vt 0.49031370878219604 0.9140622019767761 
vt 0.9552513360977173 0.9140622019767761 
vt 0.49031370878219604 0.8981075286865234 
vt 0.9552513360977173 0.8981075286865234 
vt 0.49031370878219604 0.882152795791626 
vt 0.9552513360977173 0.882152795791626 
vt 0.49031370878219604 0.8661981225013733 
vt 0.9552513360977173 0.8661981225013733 
vt 0.49031370878219604 0.8502433896064758 
vt 0.9552513360977173 0.8502433896064758 
vt 0.49031370878219604 0.8341713547706604 
vt 0.9552513360977173 0.8341713547706604 
vt 0.49031370878219604 0.8182166814804077 
vt 0.9552513360977173 0.8182166814804077 
vt 0.49031370878219604 0.8022619485855103 
vt 0.9552513360977173 0.8022619485855103 
vt 0.9601248502731323 0.17052608728408813 
vt 0.9668260216712952 0.17052608728408813 
vt 0.954642117023468 0.1745147556066513 
vt 0.9634145498275757 0.18084971606731415 
vt 0.9525708556175232 0.18084971606731415 
vt 0.954642117023468 0.1871846616268158 
vt 0.9721869230270386 0.1745147556066513 
vt 0.9742581844329834 0.18084971606731415 
vt 0.9721869230270386 0.1871846616268158 
vt 0.9668260216712952 0.19117334485054016 
vt 0.9601248502731323 0.19117334485054016 
vt 0.3997873067855835 0.7993291020393372 
vt 0.4128240942955017 0.7993291020393372 
vt 0.3997873067855835 0.6845960021018982 
vt 0.4128240942955017 0.6845960021018982 
vt 0.3997873067855835 0.6775571703910828 
vt 0.4128240942955017 0.6775571703910828 
vt 0.42586085200309753 0.7993291020393372 
vt 0.42586085200309753 0.6845960021018982 
vt 0.42586085200309753 0.6775571703910828 
vt 0.43901947140693665 0.7993291020393372 
vt 0.43901947140693665 0.6845960021018982 
vt 0.43901947140693665 0.6775571703910828 
vt 0.45205625891685486 0.7993291020393372 
vt 0.45205625891685486 0.6845960021018982 
vt 0.45205625891685486 0.6775571703910828 
vt 0.4652148485183716 0.7993291020393372 
vt 0.4652148485183716 0.6845960021018982 
vt 0.4652148485183716 0.6775571703910828 
vt 0.4782516360282898 0.7993291020393372 
vt 0.4782516360282898 0.6845960021018982 
vt 0.4782516360282898 0.6775571703910828 
vt 0.4914102554321289 0.7993291020393372 
vt 0.4914102554321289 0.6845960021018982 
vt 0.4914102554321289 0.6775571703910828 
vt 0.5044470429420471 0.7993291020393372 
vt 0.5044470429420471 0.6845960021018982 
vt 0.5044470429420471 0.6775571703910828 
vt 0.5174837708473206 0.7993291020393372 
vt 0.5174837708473206 0.6845960021018982 
vt 0.5174837708473206 0.6775571703910828 
vt 0.5306423902511597 0.7993291020393372 
vt 0.5306423902511597 0.6845960021018982 
vt 0.5306423902511597 0.6775571703910828 
vt 0.9349042177200317 0.762844443321228 
vt 0.9303961396217346 0.7626098394393921 
vt 0.9506214261054993 0.5045190453529358 
vt 0.9409961700439453 0.5040497779846191 
vt 0.9258881211280823 0.7624925374984741 
vt 0.9313708543777466 0.5036978125572205 
vt 0.9213801026344299 0.7623752355575562 
vt 0.9216237664222717 0.5035805106163025 
vt 0.9168720245361328 0.7624925374984741 
vt 0.911998450756073 0.5036978125572205 
vt 0.9123640060424805 0.7626098394393921 
vt 0.902373194694519 0.5039324760437012 
vt 0.9078559279441833 0.762844443321228 
vt 0.8926260471343994 0.5045190453529358 
vt 0.5306423902511597 0.23469683527946472 
vt 0.5174837708473206 0.23469683527946472 
vt 0.5306423902511597 0.6646526455879211 
vt 0.5174837708473206 0.6646526455879211 
vt 0.5044470429420471 0.23469683527946472 
vt 0.5044470429420471 0.6646526455879211 
vt 0.4914102554321289 0.23469683527946472 
vt 0.4914102554321289 0.6646526455879211 
vt 0.4782516360282898 0.23469683527946472 
vt 0.4782516360282898 0.6646526455879211 
vt 0.4652148485183716 0.23469683527946472 
vt 0.4652148485183716 0.6646526455879211 
vt 0.45205625891685486 0.23469683527946472 
vt 0.45205625891685486 0.6646526455879211 
vt 0.43901947140693665 0.23469683527946472 
vt 0.43901947140693665 0.6646526455879211 
vt 0.42586085200309753 0.23469683527946472 
vt 0.42586085200309753 0.6646526455879211 
vt 0.4128240942955017 0.23469683527946472 
vt 0.4128240942955017 0.6646526455879211 
vt 0.3997873067855835 0.23469683527946472 
vt 0.3997873067855835 0.6646526455879211 
vt 0.9552513360977173 0.8022619485855103 
vt 0.9552513360977173 0.8182166814804077 
vt 0.9774259924888611 0.8022619485855103 
vt 0.9774259924888611 0.8182166814804077 
vt 0.9552513360977173 0.8341713547706604 
vt 0.9774259924888611 0.8341713547706604 
vt 0.9552513360977173 0.8502433896064758 
vt 0.9774259924888611 0.8502433896064758 
vt 0.9552513360977173 0.8661981225013733 
vt 0.9774259924888611 0.8661981225013733 
vt 0.9552513360977173 0.882152795791626 
vt 0.9774259924888611 0.882152795791626 
vt 0.9552513360977173 0.8981075286865234 
vt 0.9774259924888611 0.8981075286865234 
vt 0.9552513360977173 0.9140622019767761 
vt 0.9774259924888611 0.9140622019767761 
vt 0.9552513360977173 0.9300169348716736 
vt 0.9774259924888611 0.9300169348716736 
vt 0.9552513360977173 0.9459716081619263 
vt 0.9774259924888611 0.9459716081619263 
vt 0.9552513360977173 0.9619263410568237 
vt 0.9774259924888611 0.9619263410568237 
vt 0.3997873067855835 0.0010073500452563167 
vt 0.3997873067855835 0.21674779057502747 
vt 0.4128240942955017 0.0010073500452563167 
vt 0.4128240942955017 0.21674779057502747 
vt 0.42586085200309753 0.0010073500452563167 
vt 0.42586085200309753 0.21674779057502747 
vt 0.43901947140693665 0.0010073500452563167 
vt 0.43901947140693665 0.21674779057502747 
vt 0.45205625891685486 0.0010073500452563167 
vt 0.45205625891685486 0.21674779057502747 
vt 0.4652148485183716 0.0010073500452563167 
vt 0.4652148485183716 0.21674779057502747 
vt 0.4782516360282898 0.0010073500452563167 
vt 0.4782516360282898 0.21674779057502747 
vt 0.4914102554321289 0.0010073500452563167 
vt 0.4914102554321289 0.21674779057502747 
vt 0.5044470429420471 0.0010073500452563167 
vt 0.5044470429420471 0.21674779057502747 
vt 0.5174837708473206 0.0010073500452563167 
vt 0.5174837708473206 0.21674779057502747 
vt 0.5306423902511597 0.0010073500452563167 
vt 0.5306423902511597 0.21674779057502747 
vt 0.3997873067855835 0.23469683527946472 
vt 0.4128240942955017 0.23469683527946472 
vt 0.3997873067855835 0.21674779057502747 
vt 0.4128240942955017 0.21674779057502747 
vt 0.42586085200309753 0.23469683527946472 
vt 0.42586085200309753 0.21674779057502747 
vt 0.43901947140693665 0.23469683527946472 
vt 0.43901947140693665 0.21674779057502747 
vt 0.45205625891685486 0.23469683527946472 
vt 0.45205625891685486 0.21674779057502747 
vt 0.4652148485183716 0.23469683527946472 
vt 0.4652148485183716 0.21674779057502747 
vt 0.4782516360282898 0.23469683527946472 
vt 0.4782516360282898 0.21674779057502747 
vt 0.4914102554321289 0.23469683527946472 
vt 0.4914102554321289 0.21674779057502747 
vt 0.5044470429420471 0.23469683527946472 
vt 0.5044470429420471 0.21674779057502747 
vt 0.5174837708473206 0.23469683527946472 
vt 0.5174837708473206 0.21674779057502747 
vt 0.5306423902511597 0.23469683527946472 
vt 0.5306423902511597 0.21674779057502747 
vt 0.6748997569084167 0.6092804670333862 
vt 0.6856216192245483 0.6092804670333862 
vt 0.6748997569084167 0.497480183839798 
vt 0.6856216192245483 0.497480183839798 
vt 0.6963434219360352 0.6092804670333862 
vt 0.6963434219360352 0.497480183839798 
vt 0.7069434523582458 0.6092804670333862 
vt 0.7069434523582458 0.497480183839798 
vt 0.7176652550697327 0.6092804670333862 
vt 0.7176652550697327 0.497480183839798 
vt 0.7283871173858643 0.6092804670333862 
vt 0.7283871173858643 0.497480183839798 
vt 0.7391089200973511 0.6092804670333862 
vt 0.7391089200973511 0.497480183839798 
vt 0.7498307824134827 0.6092804670333862 
vt 0.7498307824134827 0.497480183839798 
vt 0.7604307532310486 0.6092804670333862 
vt 0.7604307532310486 0.497480183839798 
vt 0.7711526155471802 0.6092804670333862 
vt 0.7711526155471802 0.497480183839798 
vt 0.781874418258667 0.6092804670333862 
vt 0.781874418258667 0.497480183839798 
vt 0.3997873067855835 0.6775571703910828 
vt 0.4128240942955017 0.6775571703910828 
vt 0.3997873067855835 0.6646526455879211 
vt 0.4128240942955017 0.6646526455879211 
vt 0.42586085200309753 0.6775571703910828 
vt 0.42586085200309753 0.6646526455879211 
vt 0.43901947140693665 0.6775571703910828 
vt 0.43901947140693665 0.6646526455879211 
vt 0.45205625891685486 0.6775571703910828 
vt 0.45205625891685486 0.6646526455879211 
vt 0.4652148485183716 0.6775571703910828 
vt 0.4652148485183716 0.6646526455879211 
vt 0.4782516360282898 0.6775571703910828 
vt 0.4782516360282898 0.6646526455879211 
vt 0.4914102554321289 0.6775571703910828 
vt 0.4914102554321289 0.6646526455879211 
vt 0.5044470429420471 0.6775571703910828 
vt 0.5044470429420471 0.6646526455879211 
vt 0.5174837708473206 0.6775571703910828 
vt 0.5174837708473206 0.6646526455879211 
vt 0.5306423902511597 0.6775571703910828 
vt 0.5306423902511597 0.6646526455879211 
vt 0.5306423902511597 0.23469683527946472 
vt 0.5174837708473206 0.23469683527946472 
vt 0.5306423902511597 0.6646526455879211 
vt 0.5174837708473206 0.6646526455879211 
vt 0.5044470429420471 0.23469683527946472 
vt 0.5044470429420471 0.6646526455879211 
vt 0.4914102554321289 0.23469683527946472 
vt 0.4914102554321289 0.6646526455879211 
vt 0.4782516360282898 0.23469683527946472 
vt 0.4782516360282898 0.6646526455879211 
vt 0.4652148485183716 0.23469683527946472 
vt 0.4652148485183716 0.6646526455879211 
vt 0.45205625891685486 0.23469683527946472 
vt 0.45205625891685486 0.6646526455879211 
vt 0.43901947140693665 0.23469683527946472 
vt 0.43901947140693665 0.6646526455879211 
vt 0.42586085200309753 0.23469683527946472 
vt 0.42586085200309753 0.6646526455879211 
vt 0.4128240942955017 0.23469683527946472 
vt 0.4128240942955017 0.6646526455879211 
vt 0.3997873067855835 0.23469683527946472 
vt 0.3997873067855835 0.6646526455879211 
vt 0.5306423902511597 0.6646526455879211 
vt 0.5174837708473206 0.6646526455879211 
vt 0.5306423902511597 0.6775571703910828 
vt 0.5174837708473206 0.6775571703910828 
vt 0.5044470429420471 0.6646526455879211 
vt 0.5044470429420471 0.6775571703910828 
vt 0.4914102554321289 0.6646526455879211 
vt 0.4914102554321289 0.6775571703910828 
vt 0.4782516360282898 0.6646526455879211 
vt 0.4782516360282898 0.6775571703910828 
vt 0.4652148485183716 0.6646526455879211 
vt 0.4652148485183716 0.6775571703910828 
vt 0.45205625891685486 0.6646526455879211 
vt 0.45205625891685486 0.6775571703910828 
vt 0.43901947140693665 0.6646526455879211 
vt 0.43901947140693665 0.6775571703910828 
vt 0.42586085200309753 0.6646526455879211 
vt 0.42586085200309753 0.6775571703910828 
vt 0.4128240942955017 0.6646526455879211 
vt 0.4128240942955017 0.6775571703910828 
vt 0.3997873067855835 0.6646526455879211 
vt 0.3997873067855835 0.6775571703910828 
vt 0.5306423902511597 0.6775571703910828 
vt 0.5174837708473206 0.6775571703910828 
vt 0.5306423902511597 0.6845960021018982 
vt 0.5174837708473206 0.6845960021018982 
vt 0.5306423902511597 0.7993291020393372 
vt 0.5174837708473206 0.7993291020393372 
vt 0.5044470429420471 0.6775571703910828 
vt 0.5044470429420471 0.6845960021018982 
vt 0.5044470429420471 0.7993291020393372 
vt 0.4914102554321289 0.6775571703910828 
vt 0.4914102554321289 0.6845960021018982 
vt 0.4914102554321289 0.7993291020393372 
vt 0.4782516360282898 0.6775571703910828 
vt 0.4782516360282898 0.6845960021018982 
vt 0.4782516360282898 0.7993291020393372 
vt 0.4652148485183716 0.6775571703910828 
vt 0.4652148485183716 0.6845960021018982 
vt 0.4652148485183716 0.7993291020393372 
vt 0.45205625891685486 0.6775571703910828 
vt 0.45205625891685486 0.6845960021018982 
vt 0.45205625891685486 0.7993291020393372 
vt 0.43901947140693665 0.6775571703910828 
vt 0.43901947140693665 0.6845960021018982 
vt 0.43901947140693665 0.7993291020393372 
vt 0.42586085200309753 0.6775571703910828 
vt 0.42586085200309753 0.6845960021018982 
vt 0.42586085200309753 0.7993291020393372 
vt 0.4128240942955017 0.6775571703910828 
vt 0.4128240942955017 0.6845960021018982 
vt 0.4128240942955017 0.7993291020393372 
vt 0.3997873067855835 0.6775571703910828 
vt 0.3997873067855835 0.6845960021018982 
vt 0.3997873067855835 0.7993291020393372 
vt 0.13186335563659668 0.23469683527946472 
vt 0.13186335563659668 0.6647699475288391 
vt 0.11882658302783966 0.23469683527946472 
vt 0.11882658302783966 0.6647699475288391 
vt 0.10578981041908264 0.23469683527946472 
vt 0.10578981041908264 0.6647699475288391 
vt 0.09263119846582413 0.23469683527946472 
vt 0.09263119846582413 0.6647699475288391 
vt 0.07959442585706711 0.23469683527946472 
vt 0.07959442585706711 0.6647699475288391 
vt 0.0664358139038086 0.23469683527946472 
vt 0.0664358139038086 0.6647699475288391 
vt 0.053399041295051575 0.23469683527946472 
vt 0.053399041295051575 0.6647699475288391 
vt 0.04024042934179306 0.23469683527946472 
vt 0.04024042934179306 0.6647699475288391 
vt 0.027203654870390892 0.23469683527946472 
vt 0.027203654870390892 0.6647699475288391 
vt 0.014045042917132378 0.23469683527946472 
vt 0.014045042917132378 0.6647699475288391 
vt 0.001008269959129393 0.23469683527946472 
vt 0.001008269959129393 0.6647699475288391 
vt 0.9629271626472473 0.3884955048561096 
vt 0.9629271626472473 0.5001783967018127 
vt 0.9522053599357605 0.3884955048561096 
vt 0.9522053599357605 0.5001783967018127 
vt 0.9414834976196289 0.3884955048561096 
vt 0.9414834976196289 0.5001783967018127 
vt 0.9307616949081421 0.3884955048561096 
vt 0.9307616949081421 0.5001783967018127 
vt 0.9201616644859314 0.3884955048561096 
vt 0.9201616644859314 0.5001783967018127 
vt 0.9094398617744446 0.3884955048561096 
vt 0.9094398617744446 0.5001783967018127 
vt 0.898717999458313 0.3884955048561096 
vt 0.898717999458313 0.5001783967018127 
vt 0.8879961967468262 0.3884955048561096 
vt 0.8879961967468262 0.5001783967018127 
vt 0.8772743344306946 0.3884955048561096 
vt 0.8772743344306946 0.5001783967018127 
vt 0.8666743636131287 0.3884955048561096 
vt 0.8666743636131287 0.5001783967018127 
vt 0.8559525609016418 0.3884955048561096 
vt 0.8559525609016418 0.5001783967018127 
vt 0.9601248502731323 0.09790871292352676 
vt 0.954642117023468 0.10178007930517197 
vt 0.9668260216712952 0.09790871292352676 
vt 0.9634145498275757 0.10823234915733337 
vt 0.9721869230270386 0.10178007930517197 
vt 0.9742581844329834 0.10823234915733337 
vt 0.9525708556175232 0.10823234915733337 
vt 0.954642117023468 0.11456730216741562 
vt 0.9601248502731323 0.11855597794055939 
vt 0.9668260216712952 0.11855597794055939 
vt 0.9721869230270386 0.11456730216741562 
vt 0.7813870906829834 0.6125652194023132 
vt 0.7706652283668518 0.6125652194023132 
vt 0.7813870906829834 0.7242481708526611 
vt 0.7706652283668518 0.7242481708526611 
vt 0.759943425655365 0.6125652194023132 
vt 0.759943425655365 0.7242481708526611 
vt 0.7492215633392334 0.6125652194023132 
vt 0.7492215633392334 0.7242481708526611 
vt 0.7384997606277466 0.6125652194023132 
vt 0.7384997606277466 0.7242481708526611 
vt 0.7278997302055359 0.6125652194023132 
vt 0.7278997302055359 0.7242481708526611 
vt 0.7171779274940491 0.6125652194023132 
vt 0.7171779274940491 0.7242481708526611 
vt 0.7064560651779175 0.6125652194023132 
vt 0.7064560651779175 0.7242481708526611 
vt 0.6957342624664307 0.6125652194023132 
vt 0.6957342624664307 0.7242481708526611 
vt 0.6850124001502991 0.6125652194023132 
vt 0.6850124001502991 0.7242481708526611 
vt 0.6744124293327332 0.6125652194023132 
vt 0.6744124293327332 0.7242481708526611 
vt 0.9632927179336548 0.01719668135046959 
vt 0.9699938297271729 0.01719668135046959 
vt 0.9579317569732666 0.021068044006824493 
vt 0.9667041897773743 0.0275203138589859 
vt 0.9558604955673218 0.0275203138589859 
vt 0.9579317569732666 0.033855270594358444 
vt 0.9754765629768372 0.021068044006824493 
vt 0.9775478839874268 0.027403000742197037 
vt 0.9754765629768372 0.033855270594358444 
vt 0.9699938297271729 0.03772663325071335 
vt 0.9632927179336548 0.03772663325071335 
vt 0.9457478523254395 0.2088877558708191 
vt 0.940386950969696 0.21287643909454346 
vt 0.9524490237236023 0.2088877558708191 
vt 0.9491593837738037 0.2192113846540451 
vt 0.9579317569732666 0.21287643909454346 
vt 0.9600030183792114 0.2192113846540451 
vt 0.9383156895637512 0.2192113846540451 
vt 0.940386950969696 0.22554634511470795 
vt 0.9457478523254395 0.2295350283384323 
vt 0.9524490237236023 0.2295350283384323 
vt 0.9579317569732666 0.22554634511470795 
vt 0.9921685457229614 0.7974520921707153 
vt 0.9822995662689209 0.7982732653617859 
vt 0.9748674035072327 0.6409552097320557 
vt 0.9708467125892639 0.6413071751594543 
vt 0.9724306464195251 0.7988598346710205 
vt 0.9667041897773743 0.6415417790412903 
vt 0.9626834988594055 0.7990944981575012 
vt 0.9626834988594055 0.6415417790412903 
vt 0.952814519405365 0.7988598346710205 
vt 0.9585409760475159 0.6415417790412903 
vt 0.9429455995559692 0.7982732653617859 
vt 0.9543984532356262 0.6413071751594543 
vt 0.9331984519958496 0.7974520921707153 
vt 0.9503777623176575 0.6409552097320557 
vt 0.8106284141540527 0.7490014433860779 
vt 0.81026291847229 0.7529900670051575 
vt 0.6477296948432922 0.7317562699317932 
vt 0.6468768119812012 0.7416106462478638 
vt 0.8100192546844482 0.7570960521697998 
vt 0.6463894248008728 0.7513477206230164 
vt 0.8098973631858826 0.7612020969390869 
vt 0.6462675929069519 0.7612020969390869 
vt 0.8100192546844482 0.7653080821037292 
vt 0.6463894248008728 0.7710564732551575 
vt 0.81026291847229 0.7694140672683716 
vt 0.6468768119812012 0.780910849571228 
vt 0.8106284141540527 0.7735200524330139 
vt 0.6477296948432922 0.7906478643417358 
vt 0.9905846118927002 0.0010073500452563167 
vt 0.994605302810669 0.0010073500452563167 
vt 0.9885133504867554 0.004526770208030939 
vt 0.9966765642166138 0.004526770208030939 
vt 0.9905846118927002 0.008163504302501678 
vt 0.994605302810669 0.008163504302501678 
vt 0.9364880919456482 0.048167578876018524 
vt 0.9364880919456482 0.06459153443574905 
vt 0.8559525609016418 0.048167578876018524 
vt 0.8559525609016418 0.06459153443574905 
vt 0.9364880919456482 0.08629462867975235 
vt 0.8559525609016418 0.08629462867975235 
vt 0.9364880919456482 0.11034400016069412 
vt 0.8559525609016418 0.11034400016069412 
vt 0.9364880919456482 0.13204708695411682 
vt 0.8559525609016418 0.13204708695411682 
vt 0.9364880919456482 0.14483430981636047 
vt 0.8559525609016418 0.14483430981636047 
vt 0.940386950969696 0.008163504302501678 
vt 0.9383156895637512 0.004526770208030939 
vt 0.9445294737815857 0.008163504302501678 
vt 0.940386950969696 0.0010073500452563167 
vt 0.9464789032936096 0.004526770208030939 
vt 0.9445294737815857 0.0010073500452563167 
vt 0.9364880919456482 0.33851972222328186 
vt 0.9364880919456482 0.3258498013019562 
vt 0.8559525609016418 0.33851972222328186 
vt 0.8559525609016418 0.3258498013019562 
vt 0.8559525609016418 0.30414673686027527 
vt 0.9364880919456482 0.30414673686027527 
vt 0.9364880919456482 0.2800973653793335 
vt 0.8559525609016418 0.2800973653793335 
vt 0.8559525609016418 0.2583942711353302 
vt 0.9364880919456482 0.2583942711353302 
vt 0.9364880919456482 0.2418529987335205 
vt 0.8559525609016418 0.2418529987335205 
vt 0.9457478523254395 0.2088877558708191 
vt 0.940386950969696 0.21287643909454346 
vt 0.9524490237236023 0.2088877558708191 
vt 0.9491593837738037 0.2192113846540451 
vt 0.9579317569732666 0.21287643909454346 
vt 0.9600030183792114 0.2192113846540451 
vt 0.9383156895637512 0.2192113846540451 
vt 0.940386950969696 0.22554634511470795 
vt 0.9457478523254395 0.2295350283384323 
vt 0.9524490237236023 0.2295350283384323 
vt 0.9579317569732666 0.22554634511470795 
vt 0.7813870906829834 0.6125652194023132 
vt 0.7706652283668518 0.6125652194023132 
vt 0.7813870906829834 0.7242481708526611 
vt 0.7706652283668518 0.7242481708526611 
vt 0.759943425655365 0.6125652194023132 
vt 0.759943425655365 0.7242481708526611 
vt 0.7492215633392334 0.6125652194023132 
vt 0.7492215633392334 0.7242481708526611 
vt 0.7384997606277466 0.6125652194023132 
vt 0.7384997606277466 0.7242481708526611 
vt 0.7278997302055359 0.6125652194023132 
vt 0.7278997302055359 0.7242481708526611 
vt 0.7171779274940491 0.6125652194023132 
vt 0.7171779274940491 0.7242481708526611 
vt 0.7064560651779175 0.6125652194023132 
vt 0.7064560651779175 0.7242481708526611 
vt 0.6957342624664307 0.6125652194023132 
vt 0.6957342624664307 0.7242481708526611 
vt 0.6850124001502991 0.6125652194023132 
vt 0.6850124001502991 0.7242481708526611 
vt 0.6744124293327332 0.6125652194023132 
vt 0.6744124293327332 0.7242481708526611 
vt 0.5306423902511597 0.6775571703910828 
vt 0.5174837708473206 0.6775571703910828 
vt 0.5306423902511597 0.6845960021018982 
vt 0.5174837708473206 0.6845960021018982 
vt 0.5306423902511597 0.7993291020393372 
vt 0.5174837708473206 0.7993291020393372 
vt 0.5044470429420471 0.6775571703910828 
vt 0.5044470429420471 0.6845960021018982 
vt 0.5044470429420471 0.7993291020393372 
vt 0.4914102554321289 0.6775571703910828 
vt 0.4914102554321289 0.6845960021018982 
vt 0.4914102554321289 0.7993291020393372 
vt 0.4782516360282898 0.6775571703910828 
vt 0.4782516360282898 0.6845960021018982 
vt 0.4782516360282898 0.7993291020393372 
vt 0.4652148485183716 0.6775571703910828 
vt 0.4652148485183716 0.6845960021018982 
vt 0.4652148485183716 0.7993291020393372 
vt 0.45205625891685486 0.6775571703910828 
vt 0.45205625891685486 0.6845960021018982 
vt 0.45205625891685486 0.7993291020393372 
vt 0.43901947140693665 0.6775571703910828 
vt 0.43901947140693665 0.6845960021018982 
vt 0.43901947140693665 0.7993291020393372 
vt 0.42586085200309753 0.6775571703910828 
vt 0.42586085200309753 0.6845960021018982 
vt 0.42586085200309753 0.7993291020393372 
vt 0.4128240942955017 0.6775571703910828 
vt 0.4128240942955017 0.6845960021018982 
vt 0.4128240942955017 0.7993291020393372 
vt 0.3997873067855835 0.6775571703910828 
vt 0.3997873067855835 0.6845960021018982 
vt 0.3997873067855835 0.7993291020393372 
vt 0.001008269959129393 0.9619263410568237 
vt 0.001008269959129393 0.9459716081619263 
vt 0.46606773138046265 0.9619263410568237 
vt 0.46606773138046265 0.9459716081619263 
vt 0.001008269959129393 0.9300169348716736 
vt 0.46606773138046265 0.9300169348716736 
vt 0.001008269959129393 0.9140622019767761 
vt 0.46606773138046265 0.9140622019767761 
vt 0.001008269959129393 0.8981075286865234 
vt 0.46606773138046265 0.8981075286865234 
vt 0.001008269959129393 0.882152795791626 
vt 0.46606773138046265 0.882152795791626 
vt 0.001008269959129393 0.8661981225013733 
vt 0.46606773138046265 0.8661981225013733 
vt 0.001008269959129393 0.8502433896064758 
vt 0.46606773138046265 0.8502433896064758 
vt 0.001008269959129393 0.8341713547706604 
vt 0.46606773138046265 0.8341713547706604 
vt 0.001008269959129393 0.8182166814804077 
vt 0.46606773138046265 0.8182166814804077 
vt 0.001008269959129393 0.8022619485855103 
vt 0.46606773138046265 0.8022619485855103 
vt 0.6942721605300903 0.0010073500452563167 
vt 0.6942721605300903 0.4660400450229645 
vt 0.7102330923080444 0.0010073500452563167 
vt 0.7102330923080444 0.4660400450229645 
vt 0.7261940240859985 0.0010073500452563167 
vt 0.7261940240859985 0.4660400450229645 
vt 0.7421548962593079 0.0010073500452563167 
vt 0.7421548962593079 0.4660400450229645 
vt 0.758115828037262 0.0010073500452563167 
vt 0.758115828037262 0.4660400450229645 
vt 0.7740767002105713 0.0010073500452563167 
vt 0.7740767002105713 0.4660400450229645 
vt 0.7900376319885254 0.0010073500452563167 
vt 0.7900376319885254 0.4660400450229645 
vt 0.8059985637664795 0.0010073500452563167 
vt 0.8059985637664795 0.4660400450229645 
vt 0.8219594359397888 0.0010073500452563167 
vt 0.8219594359397888 0.4660400450229645 
vt 0.8379203677177429 0.0010073500452563167 
vt 0.8379203677177429 0.4660400450229645 
vt 0.853881299495697 0.0010073500452563167 
vt 0.853881299495697 0.4660400450229645 
vt 0.9364880919456482 0.33851972222328186 
vt 0.8559525609016418 0.33851972222328186 
vt 0.9364880919456482 0.345089316368103 
vt 0.8559525609016418 0.345089316368103 
vt 0.8559525609016418 0.048167578876018524 
vt 0.8559525609016418 0.041597992181777954 
vt 0.9364880919456482 0.048167578876018524 
vt 0.9364880919456482 0.041597992181777954 
vt 0.9364880919456482 0.14483430981636047 
vt 0.9364880919456482 0.15128658711910248 
vt 0.8559525609016418 0.14483430981636047 
vt 0.8559525609016418 0.15128658711910248 
vt 0.9364880919456482 0.2354007214307785 
vt 0.8559525609016418 0.2354007214307785 
vt 0.9364880919456482 0.2418529987335205 
vt 0.8559525609016418 0.2418529987335205 
vt 0.8559525609016418 0.19187723100185394 
vt 0.8559525609016418 0.17181652784347534 
vt 0.9364880919456482 0.19187723100185394 
vt 0.9364880919456482 0.17181652784347534 
vt 0.8559525609016418 0.15128658711910248 
vt 0.9364880919456482 0.15128658711910248 
vt 0.48824241757392883 0.9619263410568237 
vt 0.46606773138046265 0.9619263410568237 
vt 0.48824241757392883 0.9459716081619263 
vt 0.46606773138046265 0.9459716081619263 
vt 0.48824241757392883 0.9300169348716736 
vt 0.46606773138046265 0.9300169348716736 
vt 0.48824241757392883 0.9140622019767761 
vt 0.46606773138046265 0.9140622019767761 
vt 0.48824241757392883 0.8981075286865234 
vt 0.46606773138046265 0.8981075286865234 
vt 0.48824241757392883 0.882152795791626 
vt 0.46606773138046265 0.882152795791626 
vt 0.48824241757392883 0.8661981225013733 
vt 0.46606773138046265 0.8661981225013733 
vt 0.48824241757392883 0.8502433896064758 
vt 0.46606773138046265 0.8502433896064758 
vt 0.48824241757392883 0.8341713547706604 
vt 0.46606773138046265 0.8341713547706604 
vt 0.48824241757392883 0.8182166814804077 
vt 0.46606773138046265 0.8182166814804077 
vt 0.48824241757392883 0.8022619485855103 
vt 0.46606773138046265 0.8022619485855103 
vt 0.8559525609016418 0.3856799602508545 
vt 0.9364880919456482 0.3856799602508545 
vt 0.8559525609016418 0.36550194025039673 
vt 0.9364880919456482 0.36550194025039673 
vt 0.8559525609016418 0.345089316368103 
vt 0.9364880919456482 0.345089316368103 
vt 0.2668609619140625 0.0010073500452563167 
vt 0.2798977494239807 0.0010073500452563167 
vt 0.2668609619140625 0.21674779057502747 
vt 0.2798977494239807 0.21674779057502747 
vt 0.29305633902549744 0.0010073500452563167 
vt 0.29305633902549744 0.21674779057502747 
vt 0.30609312653541565 0.0010073500452563167 
vt 0.30609312653541565 0.21674779057502747 
vt 0.31925174593925476 0.0010073500452563167 
vt 0.31925174593925476 0.21674779057502747 
vt 0.3322885036468506 0.0010073500452563167 
vt 0.3322885036468506 0.21674779057502747 
vt 0.3453252911567688 0.0010073500452563167 
vt 0.3453252911567688 0.21674779057502747 
vt 0.3584839105606079 0.0010073500452563167 
vt 0.3584839105606079 0.21674779057502747 
vt 0.37152066826820374 0.0010073500452563167 
vt 0.37152066826820374 0.21674779057502747 
vt 0.38467928767204285 0.0010073500452563167 
vt 0.38467928767204285 0.21674779057502747 
vt 0.39771604537963867 0.0010073500452563167 
vt 0.39771604537963867 0.21674779057502747 
vt 0.8559525609016418 0.041597992181777954 
vt 0.8559525609016418 0.021068044006824493 
vt 0.9364880919456482 0.041597992181777954 
vt 0.9364880919456482 0.021068044006824493 
vt 0.8559525609016418 0.0010073500452563167 
vt 0.9364880919456482 0.0010073500452563167 
vt 0.8559525609016418 0.2354007214307785 
vt 0.9364880919456482 0.2354007214307785 
vt 0.8559525609016418 0.21487076580524445 
vt 0.9364880919456482 0.21487076580524445 
vt 0.8559525609016418 0.19481007754802704 
vt 0.9364880919456482 0.19481007754802704 
vt 0.001008269959129393 0.9619263410568237 
vt 0.001008269959129393 0.9459716081619263 
vt 0.46606773138046265 0.9619263410568237 
vt 0.46606773138046265 0.9459716081619263 
vt 0.001008269959129393 0.9300169348716736 
vt 0.46606773138046265 0.9300169348716736 
vt 0.001008269959129393 0.9140622019767761 
vt 0.46606773138046265 0.9140622019767761 
vt 0.001008269959129393 0.8981075286865234 
vt 0.46606773138046265 0.8981075286865234 
vt 0.001008269959129393 0.882152795791626 
vt 0.46606773138046265 0.882152795791626 
vt 0.001008269959129393 0.8661981225013733 
vt 0.46606773138046265 0.8661981225013733 
vt 0.001008269959129393 0.8502433896064758 
vt 0.46606773138046265 0.8502433896064758 
vt 0.001008269959129393 0.8341713547706604 
vt 0.46606773138046265 0.8341713547706604 
vt 0.001008269959129393 0.8182166814804077 
vt 0.46606773138046265 0.8182166814804077 
vt 0.001008269959129393 0.8022619485855103 
vt 0.46606773138046265 0.8022619485855103 
vt 0.2668609619140625 0.23469683527946472 
vt 0.2668609619140625 0.21674779057502747 
vt 0.2798977494239807 0.23469683527946472 
vt 0.2798977494239807 0.21674779057502747 
vt 0.29305633902549744 0.23469683527946472 
vt 0.29305633902549744 0.21674779057502747 
vt 0.30609312653541565 0.23469683527946472 
vt 0.30609312653541565 0.21674779057502747 
vt 0.31925174593925476 0.23469683527946472 
vt 0.31925174593925476 0.21674779057502747 
vt 0.3322885036468506 0.23469683527946472 
vt 0.3322885036468506 0.21674779057502747 
vt 0.3453252911567688 0.23469683527946472 
vt 0.3453252911567688 0.21674779057502747 
vt 0.3584839105606079 0.23469683527946472 
vt 0.3584839105606079 0.21674779057502747 
vt 0.37152066826820374 0.23469683527946472 
vt 0.37152066826820374 0.21674779057502747 
vt 0.38467928767204285 0.23469683527946472 
vt 0.38467928767204285 0.21674779057502747 
vt 0.39771604537963867 0.23469683527946472 
vt 0.39771604537963867 0.21674779057502747 
vt 0.39771604537963867 0.23469683527946472 
vt 0.39771604537963867 0.6646526455879211 
vt 0.38467928767204285 0.23469683527946472 
vt 0.38467928767204285 0.6646526455879211 
vt 0.37152066826820374 0.23469683527946472 
vt 0.37152066826820374 0.6646526455879211 
vt 0.3584839105606079 0.23469683527946472 
vt 0.3584839105606079 0.6646526455879211 
vt 0.3453252911567688 0.23469683527946472 
vt 0.3453252911567688 0.6646526455879211 
vt 0.3322885036468506 0.23469683527946472 
vt 0.3322885036468506 0.6646526455879211 
vt 0.31925174593925476 0.23469683527946472 
vt 0.31925174593925476 0.6646526455879211 
vt 0.30609312653541565 0.23469683527946472 
vt 0.30609312653541565 0.6646526455879211 
vt 0.29305633902549744 0.23469683527946472 
vt 0.29305633902549744 0.6646526455879211 
vt 0.2798977494239807 0.23469683527946472 
vt 0.2798977494239807 0.6646526455879211 
vt 0.2668609619140625 0.23469683527946472 
vt 0.2668609619140625 0.6646526455879211 
vt 0.853881299495697 0.4660400450229645 
vt 0.8379203677177429 0.4660400450229645 
vt 0.853881299495697 0.4882124066352844 
vt 0.8379203677177429 0.4882124066352844 
vt 0.8219594359397888 0.4660400450229645 
vt 0.8219594359397888 0.4882124066352844 
vt 0.8059985637664795 0.4660400450229645 
vt 0.8059985637664795 0.4882124066352844 
vt 0.7900376319885254 0.4660400450229645 
vt 0.7900376319885254 0.4882124066352844 
vt 0.7740767002105713 0.4660400450229645 
vt 0.7740767002105713 0.4882124066352844 
vt 0.758115828037262 0.4660400450229645 
vt 0.758115828037262 0.4882124066352844 
vt 0.7421548962593079 0.4660400450229645 
vt 0.7421548962593079 0.4882124066352844 
vt 0.7261940240859985 0.4660400450229645 
vt 0.7261940240859985 0.4882124066352844 
vt 0.7102330923080444 0.4660400450229645 
vt 0.7102330923080444 0.4882124066352844 
vt 0.6942721605300903 0.4660400450229645 
vt 0.6942721605300903 0.4882124066352844 
vt 0.39771604537963867 0.6646526455879211 
vt 0.39771604537963867 0.6775571703910828 
vt 0.38467928767204285 0.6646526455879211 
vt 0.38467928767204285 0.6775571703910828 
vt 0.37152066826820374 0.6646526455879211 
vt 0.37152066826820374 0.6775571703910828 
vt 0.3584839105606079 0.6646526455879211 
vt 0.3584839105606079 0.6775571703910828 
vt 0.3453252911567688 0.6646526455879211 
vt 0.3453252911567688 0.6775571703910828 
vt 0.3322885036468506 0.6646526455879211 
vt 0.3322885036468506 0.6775571703910828 
vt 0.31925174593925476 0.6646526455879211 
vt 0.31925174593925476 0.6775571703910828 
vt 0.30609312653541565 0.6646526455879211 
vt 0.30609312653541565 0.6775571703910828 
vt 0.29305633902549744 0.6646526455879211 
vt 0.29305633902549744 0.6775571703910828 
vt 0.2798977494239807 0.6646526455879211 
vt 0.2798977494239807 0.6775571703910828 
vt 0.2668609619140625 0.6646526455879211 
vt 0.2668609619140625 0.6775571703910828 
vt 0.5505021810531616 0.5672820210456848 
vt 0.5329573154449463 0.5411210060119629 
vt 0.5505021810531616 0.5499195456504822 
vt 0.5505021810531616 0.5324397683143616 
vt 0.5679251551628113 0.5499195456504822 
vt 0.5679251551628113 0.5324397683143616 
vt 0.5853481292724609 0.5499195456504822 
vt 0.5853481292724609 0.5324397683143616 
vt 0.6027711033821106 0.5499195456504822 
vt 0.6027711033821106 0.5324397683143616 
vt 0.6201940774917603 0.5499195456504822 
vt 0.6201940774917603 0.5324397683143616 
vt 0.6377388834953308 0.5499195456504822 
vt 0.6377388834953308 0.5324397683143616 
vt 0.6551618576049805 0.5499195456504822 
vt 0.6551618576049805 0.5324397683143616 
vt 0.6725848317146301 0.5586007833480835 
vt 0.5679251551628113 0.5672820210456848 
vt 0.5853481292724609 0.5672820210456848 
vt 0.6027711033821106 0.5672820210456848 
vt 0.6201940774917603 0.5672820210456848 
vt 0.6377388834953308 0.5672820210456848 
vt 0.6551618576049805 0.5672820210456848 
vt 0.6551618576049805 0.5847617983818054 
vt 0.6377388834953308 0.5847617983818054 
vt 0.6201940774917603 0.5847617983818054 
vt 0.6027711033821106 0.5847617983818054 
vt 0.5853481292724609 0.5847617983818054 
vt 0.5679251551628113 0.5847617983818054 
vt 0.5505021810531616 0.5847617983818054 
vt 0.5329573154449463 0.5760805606842041 
vt 0.5505021810531616 0.602241575717926 
vt 0.6725848317146301 0.5935603380203247 
vt 0.6551618576049805 0.602241575717926 
vt 0.6377388834953308 0.602241575717926 
vt 0.6201940774917603 0.602241575717926 
vt 0.6027711033821106 0.602241575717926 
vt 0.5853481292724609 0.602241575717926 
vt 0.5679251551628113 0.602241575717926 
vt 0.6551618576049805 0.6197214126586914 
vt 0.6377388834953308 0.6197214126586914 
vt 0.6201940774917603 0.6197214126586914 
vt 0.6027711033821106 0.6197214126586914 
vt 0.5853481292724609 0.6197214126586914 
vt 0.5679251551628113 0.6197214126586914 
vt 0.5505021810531616 0.6197214126586914 
vt 0.5329573154449463 0.6109228134155273 
vt 0.5505021810531616 0.6370838284492493 
vt 0.5679251551628113 0.6370838284492493 
vt 0.5853481292724609 0.6370838284492493 
vt 0.6027711033821106 0.6370838284492493 
vt 0.6201940774917603 0.6370838284492493 
vt 0.6377388834953308 0.6370838284492493 
vt 0.6551618576049805 0.6370838284492493 
vt 0.6725848317146301 0.6284026503562927 
vt 0.9687754511833191 0.07374203205108643 
vt 0.9687754511833191 0.0858253687620163 
vt 0.9500122666358948 0.07984235882759094 
vt 0.9572007656097412 0.08957941830158234 
vt 0.9384375214576721 0.09567974507808685 
vt 0.9500122666358948 0.0994337946176529 
vt 0.9384375214576721 0.11538849771022797 
vt 0.9500122666358948 0.11163445562124252 
vt 0.9500122666358948 0.13122588396072388 
vt 0.9572007656097412 0.12148882448673248 
vt 0.9687754511833191 0.1373262107372284 
vt 0.9687754511833191 0.12524287402629852 
vt 0.9874168038368225 0.13122588396072388 
vt 0.9802283048629761 0.12148882448673248 
vt 0.9989914894104004 0.11538849771022797 
vt 0.9874168038368225 0.11163445562124252 
vt 0.9989914894104004 0.09567974507808685 
vt 0.9874168038368225 0.0994337946176529 
vt 0.9874168038368225 0.07984235882759094 
vt 0.9802283048629761 0.08957941830158234 
vt 0.9687754511833191 0.06470885127782822 
vt 0.9572007656097412 0.04875414818525314 
vt 0.9500122666358948 0.0586085245013237 
vt 0.9500122666358948 0.03889977186918259 
vt 0.9384375214576721 0.04265382140874863 
vt 0.9500122666358948 0.02681642957031727 
vt 0.9384375214576721 0.023062381893396378 
vt 0.9572007656097412 0.01696205325424671 
vt 0.9500122666358948 0.00710767786949873 
vt 0.9687754511833191 0.013208005577325821 
vt 0.9687754511833191 0.0010073500452563167 
vt 0.9802283048629761 0.01696205325424671 
vt 0.9874168038368225 0.00710767786949873 
vt 0.9874168038368225 0.02681642957031727 
vt 0.9989914894104004 0.023062381893396378 
vt 0.9874168038368225 0.03889977186918259 
vt 0.9989914894104004 0.04265382140874863 
vt 0.9802283048629761 0.04875414818525314 
vt 0.9874168038368225 0.0586085245013237 
vt 0.9687754511833191 0.05250819772481918 
vt 0.9500122666358948 0.17216847836971283 
vt 0.9384375214576721 0.18800586462020874 
vt 0.9500122666358948 0.1842518150806427 
vt 0.9500122666358948 0.2039605677127838 
vt 0.9572007656097412 0.19410619139671326 
vt 0.9687754511833191 0.21006089448928833 
vt 0.9687754511833191 0.1978602409362793 
vt 0.9874168038368225 0.2039605677127838 
vt 0.9802283048629761 0.19410619139671326 
vt 0.9989914894104004 0.18800586462020874 
vt 0.9874168038368225 0.1842518150806427 
vt 0.9989914894104004 0.1684144288301468 
vt 0.9874168038368225 0.17216847836971283 
vt 0.9874168038368225 0.15245972573757172 
vt 0.9802283048629761 0.16231410205364227 
vt 0.9687754511833191 0.1463593989610672 
vt 0.9687754511833191 0.15856005251407623 
vt 0.9500122666358948 0.15245972573757172 
vt 0.9572007656097412 0.16231410205364227 
vt 0.9384375214576721 0.1684144288301468 
vt 0.9500122666358948 0.0994337946176529 
vt 0.9384375214576721 0.09567974507808685 
vt 0.9572007656097412 0.08957941830158234 
vt 0.9500122666358948 0.07984235882759094 
vt 0.9687754511833191 0.0858253687620163 
vt 0.9687754511833191 0.07374203205108643 
vt 0.9802283048629761 0.08957941830158234 
vt 0.9874168038368225 0.07984235882759094 
vt 0.9874168038368225 0.0994337946176529 
vt 0.9989914894104004 0.09567974507808685 
vt 0.9874168038368225 0.11163445562124252 
vt 0.9989914894104004 0.11538849771022797 
vt 0.9802283048629761 0.12148882448673248 
vt 0.9874168038368225 0.13122588396072388 
vt 0.9687754511833191 0.12524287402629852 
vt 0.9687754511833191 0.1373262107372284 
vt 0.9572007656097412 0.12148882448673248 
vt 0.9500122666358948 0.13122588396072388 
vt 0.9500122666358948 0.11163445562124252 
vt 0.9384375214576721 0.11538849771022797 
vt 0.9989914894104004 0.1684144288301468 
vt 0.9874168038368225 0.1842518150806427 
vt 0.9989914894104004 0.18800586462020874 
vt 0.9802283048629761 0.19410619139671326 
vt 0.9874168038368225 0.2039605677127838 
vt 0.9687754511833191 0.1978602409362793 
vt 0.9687754511833191 0.21006089448928833 
vt 0.9572007656097412 0.19410619139671326 
vt 0.9500122666358948 0.2039605677127838 
vt 0.9500122666358948 0.1842518150806427 
vt 0.9384375214576721 0.18800586462020874 
vt 0.9500122666358948 0.17216847836971283 
vt 0.9384375214576721 0.1684144288301468 
vt 0.9572007656097412 0.16231410205364227 
vt 0.9500122666358948 0.15245972573757172 
vt 0.9687754511833191 0.15856005251407623 
vt 0.9687754511833191 0.1463593989610672 
vt 0.9802283048629761 0.16231410205364227 
vt 0.9874168038368225 0.15245972573757172 
vt 0.9874168038368225 0.17216847836971283 
vt 0.8631410598754883 0.6533905267715454 
vt 0.8744720816612244 0.6705183386802673 
vt 0.8631410598754883 0.6647699475288391 
vt 0.8631410598754883 0.6761494278907776 
vt 0.8518099784851074 0.6647699475288391 
vt 0.8518099784851074 0.6761494278907776 
vt 0.8403571248054504 0.6647699475288391 
vt 0.8403571248054504 0.6761494278907776 
vt 0.8290261030197144 0.6647699475288391 
vt 0.8290261030197144 0.6761494278907776 
vt 0.8176950812339783 0.6647699475288391 
vt 0.8176950812339783 0.6761494278907776 
vt 0.8063640594482422 0.6647699475288391 
vt 0.8063640594482422 0.6761494278907776 
vt 0.7950330376625061 0.6647699475288391 
vt 0.7950330376625061 0.6761494278907776 
vt 0.78370201587677 0.6591389179229736 
vt 0.8518099784851074 0.6533905267715454 
vt 0.8403571248054504 0.6533905267715454 
vt 0.8290261030197144 0.6533905267715454 
vt 0.8176950812339783 0.6533905267715454 
vt 0.8063640594482422 0.6533905267715454 
vt 0.7950330376625061 0.6533905267715454 
vt 0.7950330376625061 0.6421283483505249 
vt 0.8063640594482422 0.6421283483505249 
vt 0.8176950812339783 0.6421283483505249 
vt 0.8290261030197144 0.6421283483505249 
vt 0.8403571248054504 0.6421283483505249 
vt 0.8518099784851074 0.6421283483505249 
vt 0.8631410598754883 0.6421283483505249 
vt 0.8744720816612244 0.6477594375610352 
vt 0.8631410598754883 0.6307489275932312 
vt 0.8518099784851074 0.6307489275932312 
vt 0.8403571248054504 0.6307489275932312 
vt 0.8290261030197144 0.6307489275932312 
vt 0.8176950812339783 0.6307489275932312 
vt 0.8063640594482422 0.6307489275932312 
vt 0.7950330376625061 0.6307489275932312 
vt 0.78370201587677 0.6363799571990967 
vt 0.8290261030197144 0.6875288486480713 
vt 0.8176950812339783 0.6875288486480713 
vt 0.8063640594482422 0.6875288486480713 
vt 0.7950330376625061 0.6875288486480713 
vt 0.78370201587677 0.6817805171012878 
vt 0.7950330376625061 0.6989083290100098 
vt 0.8063640594482422 0.6989083290100098 
vt 0.8176950812339783 0.6989083290100098 
vt 0.8290261030197144 0.6989083290100098 
vt 0.8403571248054504 0.6989083290100098 
vt 0.8403571248054504 0.6875288486480713 
vt 0.8518099784851074 0.6989083290100098 
vt 0.8518099784851074 0.6875288486480713 
vt 0.8631410598754883 0.6989083290100098 
vt 0.8631410598754883 0.6875288486480713 
vt 0.8744720816612244 0.6931599378585815 
vt 0.5328354835510254 0.7339852452278137 
vt 0.5468469858169556 0.7269463539123535 
vt 0.5468469858169556 0.7410240769386292 
vt 0.5608584880828857 0.7410240769386292 
vt 0.5608584880828857 0.754984438419342 
vt 0.5748699307441711 0.754984438419342 
vt 0.5468469858169556 0.754984438419342 
vt 0.9384375214576721 0.18800586462020874 
vt 0.9500122666358948 0.17216847836971283 
vt 0.9384375214576721 0.1684144288301468 
vt 0.9572007656097412 0.16231410205364227 
vt 0.9500122666358948 0.15245972573757172 
vt 0.9687754511833191 0.15856005251407623 
vt 0.9687754511833191 0.1463593989610672 
vt 0.9802283048629761 0.16231410205364227 
vt 0.9874168038368225 0.15245972573757172 
vt 0.9874168038368225 0.17216847836971283 
vt 0.9989914894104004 0.1684144288301468 
vt 0.9874168038368225 0.1842518150806427 
vt 0.9989914894104004 0.18800586462020874 
vt 0.9802283048629761 0.19410619139671326 
vt 0.9874168038368225 0.2039605677127838 
vt 0.9687754511833191 0.1978602409362793 
vt 0.9687754511833191 0.21006089448928833 
vt 0.9572007656097412 0.19410619139671326 
vt 0.9500122666358948 0.2039605677127838 
vt 0.9500122666358948 0.1842518150806427 
vt 0.8631410598754883 0.7101705074310303 
vt 0.8518099784851074 0.7101705074310303 
vt 0.8403571248054504 0.7101705074310303 
vt 0.8290261030197144 0.7101705074310303 
vt 0.8176950812339783 0.7101705074310303 
vt 0.8063640594482422 0.7101705074310303 
vt 0.7950330376625061 0.7101705074310303 
vt 0.78370201587677 0.70453941822052 
vt 0.7950330376625061 0.721549928188324 
vt 0.8063640594482422 0.721549928188324 
vt 0.8176950812339783 0.721549928188324 
vt 0.8290261030197144 0.721549928188324 
vt 0.8403571248054504 0.721549928188324 
vt 0.8518099784851074 0.721549928188324 
vt 0.8631410598754883 0.721549928188324 
vt 0.8744720816612244 0.7159188389778137 
vt 0.9500122666358948 0.07984235882759094 
vt 0.9572007656097412 0.08957941830158234 
vt 0.9384375214576721 0.09567974507808685 
vt 0.9500122666358948 0.0994337946176529 
vt 0.9384375214576721 0.11538849771022797 
vt 0.9500122666358948 0.11163445562124252 
vt 0.9500122666358948 0.13122588396072388 
vt 0.9572007656097412 0.12148882448673248 
vt 0.9687754511833191 0.1373262107372284 
vt 0.9687754511833191 0.12524287402629852 
vt 0.9874168038368225 0.13122588396072388 
vt 0.9802283048629761 0.12148882448673248 
vt 0.9989914894104004 0.11538849771022797 
vt 0.9874168038368225 0.11163445562124252 
vt 0.9989914894104004 0.09567974507808685 
vt 0.9874168038368225 0.0994337946176529 
vt 0.9874168038368225 0.07984235882759094 
vt 0.9802283048629761 0.08957941830158234 
vt 0.9687754511833191 0.07374203205108643 
vt 0.9687754511833191 0.0858253687620163 
vt 0.8178169131278992 0.776570200920105 
vt 0.8276858925819397 0.7694140672683716 
vt 0.8337778449058533 0.7881842851638794 
vt 0.8375548720359802 0.776570200920105 
vt 0.8533939123153687 0.7881842851638794 
vt 0.8496168851852417 0.776570200920105 
vt 0.8693548440933228 0.776570200920105 
vt 0.8594858646392822 0.7694140672683716 
vt 0.8754467964172363 0.7579172849655151 
vt 0.8632628917694092 0.7579172849655151 
vt 0.8693548440933228 0.7391470670700073 
vt 0.8594858646392822 0.7463032007217407 
vt 0.8533939123153687 0.7276502847671509 
vt 0.8496168851852417 0.7391470670700073 
vt 0.8337778449058533 0.7276502847671509 
vt 0.8375548720359802 0.7391470670700073 
vt 0.8178169131278992 0.7391470670700073 
vt 0.8276858925819397 0.7463032007217407 
vt 0.8117249608039856 0.7579172849655151 
vt 0.8239088654518127 0.7579172849655151 
vt 0.6028929352760315 0.754984438419342 
vt 0.5888814330101013 0.754984438419342 
vt 0.5888814330101013 0.7410240769386292 
vt 0.5748699307441711 0.7410240769386292 
vt 0.5748699307441711 0.7269463539123535 
vt 0.5608584880828857 0.7269463539123535 
vt 0.5608584880828857 0.7129859924316406 
vt 0.5468469858169556 0.7129859924316406 
vt 0.5468469858169556 0.6989083290100098 
vt 0.5328354835510254 0.7059471607208252 
vt 0.6027711033821106 0.514959990978241 
vt 0.6201940774917603 0.514959990978241 
vt 0.6377388834953308 0.514959990978241 
vt 0.6551618576049805 0.514959990978241 
vt 0.6725848317146301 0.5237585306167603 
vt 0.6551618576049805 0.497480183839798 
vt 0.6377388834953308 0.497480183839798 
vt 0.6201940774917603 0.497480183839798 
vt 0.6027711033821106 0.497480183839798 
vt 0.5853481292724609 0.497480183839798 
vt 0.5853481292724609 0.514959990978241 
vt 0.5679251551628113 0.497480183839798 
vt 0.5679251551628113 0.514959990978241 
vt 0.5505021810531616 0.497480183839798 
vt 0.5505021810531616 0.514959990978241 
vt 0.5329573154449463 0.5062787532806396 
vt 0.6449273824691772 0.7479456067085266 
vt 0.6309158802032471 0.754984438419342 
vt 0.6309158802032471 0.7410240769386292 
vt 0.6169044375419617 0.7410240769386292 
vt 0.6169044375419617 0.7269463539123535 
vt 0.6028929352760315 0.7269463539123535 
vt 0.6028929352760315 0.7129859924316406 
vt 0.5888814330101013 0.7129859924316406 
vt 0.5888814330101013 0.6989083290100098 
vt 0.5748699307441711 0.6989083290100098 
vt 0.5748699307441711 0.6849479675292969 
vt 0.5608584880828857 0.6849479675292969 
vt 0.5608584880828857 0.670870304107666 
vt 0.5468469858169556 0.670870304107666 
vt 0.5468469858169556 0.6569099426269531 
vt 0.5328354835510254 0.6498711109161377 
vt 0.5468469858169556 0.6428322196006775 
vt 0.6309158802032471 0.7269463539123535 
vt 0.6169044375419617 0.7129859924316406 
vt 0.6028929352760315 0.6989083290100098 
vt 0.5888814330101013 0.6849479675292969 
vt 0.5748699307441711 0.670870304107666 
vt 0.5608584880828857 0.6569099426269531 
vt 0.5608584880828857 0.6428322196006775 
vt 0.5748699307441711 0.6569099426269531 
vt 0.5888814330101013 0.670870304107666 
vt 0.6028929352760315 0.6849479675292969 
vt 0.6169044375419617 0.6989083290100098 
vt 0.6309158802032471 0.7129859924316406 
vt 0.6449273824691772 0.7199075222015381 
vt 0.6309158802032471 0.6989083290100098 
vt 0.6169044375419617 0.6849479675292969 
vt 0.6028929352760315 0.670870304107666 
vt 0.5888814330101013 0.6569099426269531 
vt 0.5748699307441711 0.6428322196006775 
vt 0.5888814330101013 0.6428322196006775 
vt 0.6028929352760315 0.6569099426269531 
vt 0.6169044375419617 0.670870304107666 
vt 0.6309158802032471 0.6849479675292969 
vt 0.6449273824691772 0.6918694972991943 
vt 0.6309158802032471 0.670870304107666 
vt 0.6169044375419617 0.6569099426269531 
vt 0.6028929352760315 0.6428322196006775 
vt 0.6169044375419617 0.6428322196006775 
vt 0.6309158802032471 0.6569099426269531 
vt 0.6449273824691772 0.6638314723968506 
vt 0.6309158802032471 0.6428322196006775 
vt 0.6169044375419617 0.754984438419342 
vt 0.6028929352760315 0.7410240769386292 
vt 0.5888814330101013 0.7269463539123535 
vt 0.5748699307441711 0.7129859924316406 
vt 0.5608584880828857 0.6989083290100098 
vt 0.5468469858169556 0.6849479675292969 
vt 0.5328354835510254 0.6779091358184814 
f 1/1/1 2/2/2 3/3/3 
f 2/2/2 4/4/4 3/3/3 
f 3/3/3 4/4/4 5/5/5 
f 4/4/4 6/6/6 5/5/5 
f 5/5/5 6/6/6 6/6/6 
f 6/6/6 7/7/7 6/6/6 
f 6/6/6 7/7/7 7/7/7 
f 7/7/7 8/8/8 7/7/7 
f 7/7/7 8/8/8 9/9/9 
f 8/8/8 10/10/10 9/9/9 
f 9/9/9 10/10/10 10/10/10 
f 10/10/10 8/8/8 10/10/10 
f 10/10/10 8/8/8 8/8/8 
f 8/8/8 11/11/11 8/8/8 
f 8/8/8 11/11/11 10/10/10 
f 11/11/11 12/12/12 10/10/10 
f 10/10/10 12/12/12 12/12/12 
f 12/12/12 11/11/11 12/12/12 
f 12/12/12 11/11/11 11/11/11 
f 11/11/11 13/13/13 11/11/11 
f 11/11/11 13/13/13 12/12/12 
f 13/13/13 14/14/14 12/12/12 
f 12/12/12 14/14/14 14/14/14 
f 14/14/14 13/13/13 14/14/14 
f 14/14/14 13/13/13 13/13/13 
f 13/13/13 15/15/15 13/13/13 
f 13/13/13 15/15/15 14/14/14 
f 15/15/15 16/16/16 14/14/14 
f 14/14/14 16/16/16 16/16/16 
f 16/16/16 15/15/15 16/16/16 
f 16/16/16 15/15/15 15/15/15 
f 15/15/15 17/17/17 15/15/15 
f 15/15/15 17/17/17 16/16/16 
f 17/17/17 18/18/18 16/16/16 
f 16/16/16 18/18/18 18/18/18 
f 18/18/18 17/17/17 18/18/18 
f 18/18/18 17/17/17 17/17/17 
f 17/17/17 19/19/19 17/17/17 
f 17/17/17 19/19/19 18/18/18 
f 19/19/19 20/20/20 18/18/18 
f 18/18/18 20/20/20 20/20/20 
f 20/20/20 19/19/19 20/20/20 
f 20/20/20 19/19/19 19/19/19 
f 19/19/19 21/21/21 19/19/19 
f 19/19/19 21/21/21 20/20/20 
f 21/21/21 22/22/22 20/20/20 
f 20/20/20 22/22/22 22/22/22 
f 22/22/22 21/21/21 22/22/22 
f 22/22/22 21/21/21 21/21/21 
f 21/21/21 23/23/23 21/21/21 
f 21/21/21 23/23/23 22/22/22 
f 23/23/23 24/24/24 22/22/22 
f 22/22/22 24/24/24 24/24/24 
f 24/24/24 23/23/23 24/24/24 
f 24/24/24 23/23/23 23/23/23 
f 23/23/23 25/25/25 23/23/23 
f 23/23/23 25/25/25 24/24/24 
f 25/25/25 26/26/26 24/24/24 
f 24/24/24 26/26/26 26/26/26 
f 26/26/26 25/25/25 26/26/26 
f 26/26/26 25/25/25 25/25/25 
f 25/25/25 27/27/27 25/25/25 
f 25/25/25 27/27/27 26/26/26 
f 27/27/27 28/28/28 26/26/26 
f 26/26/26 28/28/28 28/28/28 
f 28/28/28 29/29/29 28/28/28 
f 28/28/28 29/29/29 29/29/29 
f 29/29/29 30/30/30 29/29/29 
f 29/29/29 30/30/30 31/31/31 
f 30/30/30 32/32/32 31/31/31 
f 31/31/31 32/32/32 33/33/33 
f 32/32/32 34/34/34 33/33/33 
f 33/33/33 34/34/34 35/35/35 
f 34/34/34 36/36/36 35/35/35 
f 35/35/35 36/36/36 37/37/37 
f 36/36/36 38/38/38 37/37/37 
f 37/37/37 38/38/38 39/39/39 
f 38/38/38 40/40/40 39/39/39 
f 39/39/39 40/40/40 41/41/41 
f 40/40/40 42/42/42 41/41/41 
f 41/41/41 42/42/42 43/43/43 
f 42/42/42 44/44/44 43/43/43 
f 43/43/43 44/44/44 45/45/45 
f 44/44/44 46/46/46 45/45/45 
f 45/45/45 46/46/46 47/47/47 
f 46/46/46 48/48/48 47/47/47 
f 47/47/47 48/48/48 49/49/49 
f 48/48/48 50/50/50 49/49/49 
f 49/49/49 50/50/50 50/50/50 
f 50/50/50 51/51/51 50/50/50 
f 50/50/50 51/51/51 51/51/51 
f 51/51/51 52/52/52 51/51/51 
f 51/51/51 52/52/52 53/53/53 
f 52/52/52 54/54/54 53/53/53 
f 53/53/53 54/54/54 55/55/55 
f 54/54/54 56/56/56 55/55/55 
f 55/55/55 56/56/56 57/57/57 
f 56/56/56 58/58/58 57/57/57 
f 57/57/57 58/58/58 59/59/59 
f 58/58/58 60/60/60 59/59/59 
f 59/59/59 60/60/60 61/61/61 
f 60/60/60 62/62/62 61/61/61 
f 61/61/61 62/62/62 63/63/63 
f 62/62/62 64/64/64 63/63/63 
f 63/63/63 64/64/64 65/65/65 
f 64/64/64 66/66/66 65/65/65 
f 65/65/65 66/66/66 67/67/67 
f 66/66/66 68/68/68 67/67/67 
f 67/67/67 68/68/68 69/69/69 
f 68/68/68 70/70/70 69/69/69 
f 69/69/69 70/70/70 71/71/71 
f 70/70/70 72/72/72 71/71/71 
f 71/71/71 72/72/72 72/72/72 
f 72/72/72 52/52/52 72/72/72 
f 72/72/72 52/52/52 52/52/52 
f 52/52/52 73/73/73 52/52/52 
f 52/52/52 73/73/73 54/54/54 
f 73/73/73 74/74/74 54/54/54 
f 54/54/54 74/74/74 56/56/56 
f 74/74/74 75/75/75 56/56/56 
f 56/56/56 75/75/75 58/58/58 
f 75/75/75 76/76/76 58/58/58 
f 58/58/58 76/76/76 60/60/60 
f 76/76/76 77/77/77 60/60/60 
f 60/60/60 77/77/77 62/62/62 
f 77/77/77 78/78/78 62/62/62 
f 62/62/62 78/78/78 64/64/64 
f 78/78/78 79/79/79 64/64/64 
f 64/64/64 79/79/79 66/66/66 
f 79/79/79 80/80/80 66/66/66 
f 66/66/66 80/80/80 68/68/68 
f 80/80/80 81/81/81 68/68/68 
f 68/68/68 81/81/81 70/70/70 
f 81/81/81 82/82/82 70/70/70 
f 70/70/70 82/82/82 72/72/72 
f 82/82/82 83/83/83 72/72/72 
f 72/72/72 83/83/83 83/83/83 
f 83/83/83 84/84/84 83/83/83 
f 83/83/83 84/84/84 84/84/84 
f 84/84/84 85/85/85 84/84/84 
f 84/84/84 85/85/85 86/86/86 
f 85/85/85 87/87/87 86/86/86 
f 86/86/86 87/87/87 87/87/87 
f 87/87/87 85/85/85 87/87/87 
f 87/87/87 85/85/85 85/85/85 
f 85/85/85 88/88/88 85/85/85 
f 85/85/85 88/88/88 87/87/87 
f 88/88/88 89/89/89 87/87/87 
f 87/87/87 89/89/89 89/89/89 
f 89/89/89 88/88/88 89/89/89 
f 89/89/89 88/88/88 88/88/88 
f 88/88/88 90/90/90 88/88/88 
f 88/88/88 90/90/90 89/89/89 
f 90/90/90 91/91/91 89/89/89 
f 89/89/89 91/91/91 91/91/91 
f 91/91/91 90/90/90 91/91/91 
f 91/91/91 90/90/90 90/90/90 
f 90/90/90 92/92/92 90/90/90 
f 90/90/90 92/92/92 91/91/91 
f 92/92/92 93/93/93 91/91/91 
f 91/91/91 93/93/93 93/93/93 
f 93/93/93 92/92/92 93/93/93 
f 93/93/93 92/92/92 92/92/92 
f 92/92/92 94/94/94 92/92/92 
f 92/92/92 94/94/94 93/93/93 
f 94/94/94 95/95/95 93/93/93 
f 93/93/93 95/95/95 95/95/95 
f 95/95/95 94/94/94 95/95/95 
f 95/95/95 94/94/94 94/94/94 
f 94/94/94 96/96/96 94/94/94 
f 94/94/94 96/96/96 95/95/95 
f 96/96/96 97/97/97 95/95/95 
f 95/95/95 97/97/97 97/97/97 
f 97/97/97 96/96/96 97/97/97 
f 97/97/97 96/96/96 96/96/96 
f 96/96/96 98/98/98 96/96/96 
f 96/96/96 98/98/98 97/97/97 
f 98/98/98 99/99/99 97/97/97 
f 97/97/97 99/99/99 99/99/99 
f 99/99/99 98/98/98 99/99/99 
f 99/99/99 98/98/98 98/98/98 
f 98/98/98 100/100/100 98/98/98 
f 98/98/98 100/100/100 99/99/99 
f 100/100/100 101/101/101 99/99/99 
f 99/99/99 101/101/101 101/101/101 
f 101/101/101 100/100/100 101/101/101 
f 101/101/101 100/100/100 100/100/100 
f 100/100/100 102/102/102 100/100/100 
f 100/100/100 102/102/102 101/101/101 
f 102/102/102 103/103/103 101/101/101 
f 101/101/101 103/103/103 103/103/103 
f 103/103/103 102/102/102 103/103/103 
f 103/103/103 102/102/102 102/102/102 
f 102/102/102 104/104/104 102/102/102 
f 102/102/102 104/104/104 103/103/103 
f 104/104/104 105/105/105 103/103/103 
f 103/103/103 105/105/105 105/105/105 
f 105/105/105 106/106/106 105/105/105 
f 105/105/105 106/106/106 106/106/106 
f 106/106/106 107/107/107 106/106/106 
f 106/106/106 107/107/107 108/108/108 
f 107/107/107 109/109/109 108/108/108 
f 108/108/108 109/109/109 110/110/110 
f 109/109/109 111/111/111 110/110/110 
f 110/110/110 111/111/111 112/112/112 
f 111/111/111 113/113/113 112/112/112 
f 112/112/112 113/113/113 114/114/114 
f 113/113/113 115/115/115 114/114/114 
f 114/114/114 115/115/115 116/116/116 
f 115/115/115 117/117/117 116/116/116 
f 116/116/116 117/117/117 118/118/118 
f 117/117/117 119/119/119 118/118/118 
f 118/118/118 119/119/119 120/120/120 
f 119/119/119 121/121/121 120/120/120 
f 120/120/120 121/121/121 122/122/122 
f 121/121/121 123/123/123 122/122/122 
f 122/122/122 123/123/123 124/124/124 
f 123/123/123 125/125/125 124/124/124 
f 124/124/124 125/125/125 126/126/126 
f 125/125/125 127/127/127 126/126/126 
f 126/126/126 127/127/127 127/127/127 
f 127/127/127 128/128/128 127/127/127 
f 127/127/127 128/128/128 128/128/128 
f 128/128/128 129/129/129 128/128/128 
f 128/128/128 129/129/129 130/130/130 
f 129/129/129 131/131/131 130/130/130 
f 130/130/130 131/131/131 132/132/132 
f 131/131/131 133/133/133 132/132/132 
f 132/132/132 133/133/133 134/134/134 
f 133/133/133 135/135/135 134/134/134 
f 134/134/134 135/135/135 136/136/136 
f 135/135/135 137/137/137 136/136/136 
f 136/136/136 137/137/137 138/138/138 
f 137/137/137 139/139/139 138/138/138 
f 138/138/138 139/139/139 140/140/140 
f 139/139/139 141/141/141 140/140/140 
f 140/140/140 141/141/141 142/142/142 
f 141/141/141 143/143/143 142/142/142 
f 142/142/142 143/143/143 144/144/144 
f 143/143/143 145/145/145 144/144/144 
f 144/144/144 145/145/145 146/146/146 
f 145/145/145 147/147/147 146/146/146 
f 146/146/146 147/147/147 148/148/148 
f 147/147/147 149/149/149 148/148/148 
f 148/148/148 149/149/149 149/149/149 
f 149/149/149 150/150/150 149/149/149 
f 149/149/149 150/150/150 150/150/150 
f 150/150/150 151/151/151 150/150/150 
f 150/150/150 151/151/151 152/152/152 
f 151/151/151 153/153/153 152/152/152 
f 152/152/152 153/153/153 154/154/154 
f 153/153/153 155/155/155 154/154/154 
f 154/154/154 155/155/155 156/156/156 
f 155/155/155 157/157/157 156/156/156 
f 156/156/156 157/157/157 158/158/158 
f 157/157/157 159/159/159 158/158/158 
f 158/158/158 159/159/159 160/160/160 
f 159/159/159 161/161/161 160/160/160 
f 160/160/160 161/161/161 162/162/162 
f 161/161/161 163/163/163 162/162/162 
f 162/162/162 163/163/163 164/164/164 
f 163/163/163 165/165/165 164/164/164 
f 164/164/164 165/165/165 166/166/166 
f 165/165/165 167/167/167 166/166/166 
f 166/166/166 167/167/167 168/168/168 
f 167/167/167 169/169/169 168/168/168 
f 168/168/168 169/169/169 170/170/170 
f 169/169/169 171/171/171 170/170/170 
f 170/170/170 171/171/171 171/171/171 
f 171/171/171 151/151/151 171/171/171 
f 171/171/171 151/151/151 151/151/151 
f 151/151/151 172/172/172 151/151/151 
f 151/151/151 172/172/172 153/153/153 
f 172/172/172 173/173/173 153/153/153 
f 153/153/153 173/173/173 155/155/155 
f 173/173/173 174/174/174 155/155/155 
f 155/155/155 174/174/174 157/157/157 
f 174/174/174 175/175/175 157/157/157 
f 157/157/157 175/175/175 159/159/159 
f 175/175/175 176/176/176 159/159/159 
f 159/159/159 176/176/176 161/161/161 
f 176/176/176 177/177/177 161/161/161 
f 161/161/161 177/177/177 163/163/163 
f 177/177/177 178/178/178 163/163/163 
f 163/163/163 178/178/178 165/165/165 
f 178/178/178 179/179/179 165/165/165 
f 165/165/165 179/179/179 167/167/167 
f 179/179/179 180/180/180 167/167/167 
f 167/167/167 180/180/180 169/169/169 
f 180/180/180 181/181/181 169/169/169 
f 169/169/169 181/181/181 171/171/171 
f 181/181/181 182/182/182 171/171/171 
f 171/171/171 182/182/182 182/182/182 
f 182/182/182 183/183/183 182/182/182 
f 182/182/182 183/183/183 183/183/183 
f 183/183/183 184/184/184 183/183/183 
f 183/183/183 184/184/184 185/185/185 
f 184/184/184 186/186/186 185/185/185 
f 185/185/185 186/186/186 187/187/187 
f 186/186/186 188/188/188 187/187/187 
f 187/187/187 188/188/188 189/189/189 
f 188/188/188 190/190/190 189/189/189 
f 189/189/189 190/190/190 191/191/191 
f 190/190/190 192/192/192 191/191/191 
f 191/191/191 192/192/192 193/193/193 
f 192/192/192 194/194/194 193/193/193 
f 193/193/193 194/194/194 195/195/195 
f 194/194/194 196/196/196 195/195/195 
f 195/195/195 196/196/196 197/197/197 
f 196/196/196 198/198/198 197/197/197 
f 197/197/197 198/198/198 199/199/199 
f 198/198/198 200/200/200 199/199/199 
f 199/199/199 200/200/200 201/201/201 
f 200/200/200 202/202/202 201/201/201 
f 201/201/201 202/202/202 203/203/203 
f 202/202/202 204/204/204 203/203/203 
f 203/203/203 204/204/204 204/204/204 
f 204/204/204 205/205/205 204/204/204 
f 204/204/204 205/205/205 205/205/205 
f 205/205/205 206/206/206 205/205/205 
f 205/205/205 206/206/206 207/207/207 
f 206/206/206 208/208/208 207/207/207 
f 207/207/207 208/208/208 209/209/209 
f 208/208/208 210/210/210 209/209/209 
f 209/209/209 210/210/210 211/211/211 
f 210/210/210 212/212/212 211/211/211 
f 211/211/211 212/212/212 213/213/213 
f 212/212/212 214/214/214 213/213/213 
f 213/213/213 214/214/214 215/215/215 
f 214/214/214 216/216/216 215/215/215 
f 215/215/215 216/216/216 217/217/217 
f 216/216/216 218/218/218 217/217/217 
f 217/217/217 218/218/218 219/219/219 
f 218/218/218 220/220/220 219/219/219 
f 219/219/219 220/220/220 221/221/221 
f 220/220/220 222/222/222 221/221/221 
f 221/221/221 222/222/222 223/223/223 
f 222/222/222 224/224/224 223/223/223 
f 223/223/223 224/224/224 225/225/225 
f 224/224/224 226/226/226 225/225/225 
f 225/225/225 226/226/226 226/226/226 
f 226/226/226 227/227/227 226/226/226 
f 226/226/226 227/227/227 227/227/227 
f 227/227/227 228/228/228 227/227/227 
f 227/227/227 228/228/228 229/229/229 
f 228/228/228 230/230/230 229/229/229 
f 229/229/229 230/230/230 231/231/231 
f 230/230/230 232/232/232 231/231/231 
f 231/231/231 232/232/232 233/233/233 
f 232/232/232 234/234/234 233/233/233 
f 233/233/233 234/234/234 235/235/235 
f 234/234/234 236/236/236 235/235/235 
f 235/235/235 236/236/236 237/237/237 
f 236/236/236 238/238/238 237/237/237 
f 237/237/237 238/238/238 239/239/239 
f 238/238/238 240/240/240 239/239/239 
f 239/239/239 240/240/240 241/241/241 
f 240/240/240 242/242/242 241/241/241 
f 241/241/241 242/242/242 243/243/243 
f 242/242/242 244/244/244 243/243/243 
f 243/243/243 244/244/244 245/245/245 
f 244/244/244 246/246/246 245/245/245 
f 245/245/245 246/246/246 247/247/247 
f 246/246/246 248/248/248 247/247/247 
f 247/247/247 248/248/248 248/248/248 
f 248/248/248 249/249/249 248/248/248 
f 248/248/248 249/249/249 249/249/249 
f 249/249/249 250/250/250 249/249/249 
f 249/249/249 250/250/250 251/251/251 
f 250/250/250 252/252/252 251/251/251 
f 251/251/251 252/252/252 252/252/252 
f 252/252/252 250/250/250 252/252/252 
f 252/252/252 250/250/250 250/250/250 
f 250/250/250 253/253/253 250/250/250 
f 250/250/250 253/253/253 252/252/252 
f 253/253/253 254/254/254 252/252/252 
f 252/252/252 254/254/254 254/254/254 
f 254/254/254 253/253/253 254/254/254 
f 254/254/254 253/253/253 253/253/253 
f 253/253/253 255/255/255 253/253/253 
f 253/253/253 255/255/255 254/254/254 
f 255/255/255 256/256/256 254/254/254 
f 254/254/254 256/256/256 256/256/256 
f 256/256/256 255/255/255 256/256/256 
f 256/256/256 255/255/255 255/255/255 
f 255/255/255 257/257/257 255/255/255 
f 255/255/255 257/257/257 256/256/256 
f 257/257/257 258/258/258 256/256/256 
f 256/256/256 258/258/258 258/258/258 
f 258/258/258 257/257/257 258/258/258 
f 258/258/258 257/257/257 257/257/257 
f 257/257/257 259/259/259 257/257/257 
f 257/257/257 259/259/259 258/258/258 
f 259/259/259 260/260/260 258/258/258 
f 258/258/258 260/260/260 260/260/260 
f 260/260/260 259/259/259 260/260/260 
f 260/260/260 259/259/259 259/259/259 
f 259/259/259 261/261/261 259/259/259 
f 259/259/259 261/261/261 260/260/260 
f 261/261/261 262/262/262 260/260/260 
f 260/260/260 262/262/262 262/262/262 
f 262/262/262 261/261/261 262/262/262 
f 262/262/262 261/261/261 261/261/261 
f 261/261/261 263/263/263 261/261/261 
f 261/261/261 263/263/263 262/262/262 
f 263/263/263 264/264/264 262/262/262 
f 262/262/262 264/264/264 264/264/264 
f 264/264/264 263/263/263 264/264/264 
f 264/264/264 263/263/263 263/263/263 
f 263/263/263 265/265/265 263/263/263 
f 263/263/263 265/265/265 264/264/264 
f 265/265/265 266/266/266 264/264/264 
f 264/264/264 266/266/266 266/266/266 
f 266/266/266 265/265/265 266/266/266 
f 266/266/266 265/265/265 265/265/265 
f 265/265/265 267/267/267 265/265/265 
f 265/265/265 267/267/267 266/266/266 
f 267/267/267 268/268/268 266/266/266 
f 266/266/266 268/268/268 268/268/268 
f 268/268/268 267/267/267 268/268/268 
f 268/268/268 267/267/267 267/267/267 
f 267/267/267 269/269/269 267/267/267 
f 267/267/267 269/269/269 268/268/268 
f 269/269/269 270/270/270 268/268/268 
f 268/268/268 270/270/270 270/270/270 
f 270/270/270 271/271/271 270/270/270 
f 270/270/270 271/271/271 271/271/271 
f 271/271/271 272/272/272 271/271/271 
f 271/271/271 272/272/272 273/273/273 
f 272/272/272 274/274/274 273/273/273 
f 273/273/273 274/274/274 275/275/275 
f 274/274/274 276/276/276 275/275/275 
f 275/275/275 276/276/276 277/277/277 
f 276/276/276 278/278/278 277/277/277 
f 277/277/277 278/278/278 279/279/279 
f 278/278/278 280/280/280 279/279/279 
f 279/279/279 280/280/280 281/281/281 
f 280/280/280 282/282/282 281/281/281 
f 281/281/281 282/282/282 283/283/283 
f 282/282/282 284/284/284 283/283/283 
f 283/283/283 284/284/284 285/285/285 
f 284/284/284 286/286/286 285/285/285 
f 285/285/285 286/286/286 287/287/287 
f 286/286/286 288/288/288 287/287/287 
f 287/287/287 288/288/288 289/289/289 
f 288/288/288 290/290/290 289/289/289 
f 289/289/289 290/290/290 291/291/291 
f 290/290/290 292/292/292 291/291/291 
f 291/291/291 292/292/292 292/292/292 
f 292/292/292 293/293/293 292/292/292 
f 292/292/292 293/293/293 293/293/293 
f 293/293/293 294/294/294 293/293/293 
f 293/293/293 294/294/294 295/295/295 
f 294/294/294 296/296/296 295/295/295 
f 295/295/295 296/296/296 297/297/297 
f 296/296/296 298/298/298 297/297/297 
f 297/297/297 298/298/298 299/299/299 
f 298/298/298 300/300/300 299/299/299 
f 299/299/299 300/300/300 301/301/301 
f 300/300/300 302/302/302 301/301/301 
f 301/301/301 302/302/302 303/303/303 
f 302/302/302 304/304/304 303/303/303 
f 303/303/303 304/304/304 305/305/305 
f 304/304/304 306/306/306 305/305/305 
f 305/305/305 306/306/306 307/307/307 
f 306/306/306 308/308/308 307/307/307 
f 307/307/307 308/308/308 309/309/309 
f 308/308/308 310/310/310 309/309/309 
f 309/309/309 310/310/310 311/311/311 
f 310/310/310 312/312/312 311/311/311 
f 311/311/311 312/312/312 313/313/313 
f 312/312/312 314/314/314 313/313/313 
f 313/313/313 314/314/314 314/314/314 
f 314/314/314 315/315/315 314/314/314 
f 314/314/314 315/315/315 315/315/315 
f 315/315/315 316/316/316 315/315/315 
f 315/315/315 316/316/316 317/317/317 
f 316/316/316 318/318/318 317/317/317 
f 317/317/317 318/318/318 319/319/319 
f 318/318/318 320/320/320 319/319/319 
f 319/319/319 320/320/320 321/321/321 
f 320/320/320 322/322/322 321/321/321 
f 321/321/321 322/322/322 323/323/323 
f 322/322/322 324/324/324 323/323/323 
f 323/323/323 324/324/324 325/325/325 
f 324/324/324 326/326/326 325/325/325 
f 325/325/325 326/326/326 327/327/327 
f 326/326/326 328/328/328 327/327/327 
f 327/327/327 328/328/328 329/329/329 
f 328/328/328 330/330/330 329/329/329 
f 329/329/329 330/330/330 331/331/331 
f 330/330/330 332/332/332 331/331/331 
f 331/331/331 332/332/332 333/333/333 
f 332/332/332 334/334/334 333/333/333 
f 333/333/333 334/334/334 335/335/335 
f 334/334/334 336/336/336 335/335/335 
f 335/335/335 336/336/336 336/336/336 
f 336/336/336 337/337/337 336/336/336 
f 336/336/336 337/337/337 337/337/337 
f 337/337/337 338/338/338 337/337/337 
f 337/337/337 338/338/338 339/339/339 
f 338/338/338 340/340/340 339/339/339 
f 339/339/339 340/340/340 340/340/340 
f 340/340/340 338/338/338 340/340/340 
f 340/340/340 338/338/338 338/338/338 
f 338/338/338 341/341/341 338/338/338 
f 338/338/338 341/341/341 340/340/340 
f 341/341/341 342/342/342 340/340/340 
f 340/340/340 342/342/342 342/342/342 
f 342/342/342 341/341/341 342/342/342 
f 342/342/342 341/341/341 341/341/341 
f 341/341/341 343/343/343 341/341/341 
f 341/341/341 343/343/343 342/342/342 
f 343/343/343 344/344/344 342/342/342 
f 342/342/342 344/344/344 344/344/344 
f 344/344/344 343/343/343 344/344/344 
f 344/344/344 343/343/343 343/343/343 
f 343/343/343 345/345/345 343/343/343 
f 343/343/343 345/345/345 344/344/344 
f 345/345/345 346/346/346 344/344/344 
f 344/344/344 346/346/346 346/346/346 
f 346/346/346 345/345/345 346/346/346 
f 346/346/346 345/345/345 345/345/345 
f 345/345/345 347/347/347 345/345/345 
f 345/345/345 347/347/347 346/346/346 
f 347/347/347 348/348/348 346/346/346 
f 346/346/346 348/348/348 348/348/348 
f 348/348/348 347/347/347 348/348/348 
f 348/348/348 347/347/347 347/347/347 
f 347/347/347 349/349/349 347/347/347 
f 347/347/347 349/349/349 348/348/348 
f 349/349/349 350/350/350 348/348/348 
f 348/348/348 350/350/350 350/350/350 
f 350/350/350 349/349/349 350/350/350 
f 350/350/350 349/349/349 349/349/349 
f 349/349/349 351/351/351 349/349/349 
f 349/349/349 351/351/351 350/350/350 
f 351/351/351 352/352/352 350/350/350 
f 350/350/350 352/352/352 352/352/352 
f 352/352/352 351/351/351 352/352/352 
f 352/352/352 351/351/351 351/351/351 
f 351/351/351 353/353/353 351/351/351 
f 351/351/351 353/353/353 352/352/352 
f 353/353/353 354/354/354 352/352/352 
f 352/352/352 354/354/354 354/354/354 
f 354/354/354 353/353/353 354/354/354 
f 354/354/354 353/353/353 353/353/353 
f 353/353/353 355/355/355 353/353/353 
f 353/353/353 355/355/355 354/354/354 
f 355/355/355 356/356/356 354/354/354 
f 354/354/354 356/356/356 356/356/356 
f 356/356/356 355/355/355 356/356/356 
f 356/356/356 355/355/355 355/355/355 
f 355/355/355 357/357/357 355/355/355 
f 355/355/355 357/357/357 356/356/356 
f 357/357/357 358/358/358 356/356/356 
f 356/356/356 358/358/358 358/358/358 
f 358/358/358 359/359/359 358/358/358 
f 358/358/358 359/359/359 359/359/359 
f 359/359/359 360/360/360 359/359/359 
f 359/359/359 360/360/360 361/361/361 
f 360/360/360 362/362/362 361/361/361 
f 361/361/361 362/362/362 362/362/362 
f 362/362/362 360/360/360 362/362/362 
f 362/362/362 360/360/360 360/360/360 
f 360/360/360 363/363/363 360/360/360 
f 360/360/360 363/363/363 362/362/362 
f 363/363/363 364/364/364 362/362/362 
f 362/362/362 364/364/364 364/364/364 
f 364/364/364 363/363/363 364/364/364 
f 364/364/364 363/363/363 363/363/363 
f 363/363/363 365/365/365 363/363/363 
f 363/363/363 365/365/365 364/364/364 
f 365/365/365 366/366/366 364/364/364 
f 364/364/364 366/366/366 366/366/366 
f 366/366/366 365/365/365 366/366/366 
f 366/366/366 365/365/365 365/365/365 
f 365/365/365 367/367/367 365/365/365 
f 365/365/365 367/367/367 366/366/366 
f 367/367/367 368/368/368 366/366/366 
f 366/366/366 368/368/368 368/368/368 
f 368/368/368 367/367/367 368/368/368 
f 368/368/368 367/367/367 367/367/367 
f 367/367/367 369/369/369 367/367/367 
f 367/367/367 369/369/369 368/368/368 
f 369/369/369 370/370/370 368/368/368 
f 368/368/368 370/370/370 370/370/370 
f 370/370/370 369/369/369 370/370/370 
f 370/370/370 369/369/369 369/369/369 
f 369/369/369 371/371/371 369/369/369 
f 369/369/369 371/371/371 370/370/370 
f 371/371/371 372/372/372 370/370/370 
f 370/370/370 372/372/372 372/372/372 
f 372/372/372 371/371/371 372/372/372 
f 372/372/372 371/371/371 371/371/371 
f 371/371/371 373/373/373 371/371/371 
f 371/371/371 373/373/373 372/372/372 
f 373/373/373 374/374/374 372/372/372 
f 372/372/372 374/374/374 374/374/374 
f 374/374/374 373/373/373 374/374/374 
f 374/374/374 373/373/373 373/373/373 
f 373/373/373 375/375/375 373/373/373 
f 373/373/373 375/375/375 374/374/374 
f 375/375/375 376/376/376 374/374/374 
f 374/374/374 376/376/376 376/376/376 
f 376/376/376 375/375/375 376/376/376 
f 376/376/376 375/375/375 375/375/375 
f 375/375/375 377/377/377 375/375/375 
f 375/375/375 377/377/377 376/376/376 
f 377/377/377 378/378/378 376/376/376 
f 376/376/376 378/378/378 378/378/378 
f 378/378/378 377/377/377 378/378/378 
f 378/378/378 377/377/377 377/377/377 
f 377/377/377 379/379/379 377/377/377 
f 377/377/377 379/379/379 378/378/378 
f 379/379/379 380/380/380 378/378/378 
f 378/378/378 380/380/380 380/380/380 
f 380/380/380 381/381/381 380/380/380 
f 380/380/380 381/381/381 381/381/381 
f 381/381/381 382/382/382 381/381/381 
f 381/381/381 382/382/382 383/383/383 
f 382/382/382 384/384/384 383/383/383 
f 383/383/383 384/384/384 384/384/384 
f 384/384/384 382/382/382 384/384/384 
f 384/384/384 382/382/382 382/382/382 
f 382/382/382 385/385/385 382/382/382 
f 382/382/382 385/385/385 384/384/384 
f 385/385/385 386/386/386 384/384/384 
f 384/384/384 386/386/386 386/386/386 
f 386/386/386 385/385/385 386/386/386 
f 386/386/386 385/385/385 385/385/385 
f 385/385/385 387/387/387 385/385/385 
f 385/385/385 387/387/387 386/386/386 
f 387/387/387 388/388/388 386/386/386 
f 386/386/386 388/388/388 388/388/388 
f 388/388/388 387/387/387 388/388/388 
f 388/388/388 387/387/387 387/387/387 
f 387/387/387 389/389/389 387/387/387 
f 387/387/387 389/389/389 388/388/388 
f 389/389/389 390/390/390 388/388/388 
f 388/388/388 390/390/390 390/390/390 
f 390/390/390 389/389/389 390/390/390 
f 390/390/390 389/389/389 389/389/389 
f 389/389/389 391/391/391 389/389/389 
f 389/389/389 391/391/391 390/390/390 
f 391/391/391 392/392/392 390/390/390 
f 390/390/390 392/392/392 392/392/392 
f 392/392/392 391/391/391 392/392/392 
f 392/392/392 391/391/391 391/391/391 
f 391/391/391 393/393/393 391/391/391 
f 391/391/391 393/393/393 392/392/392 
f 393/393/393 394/394/394 392/392/392 
f 392/392/392 394/394/394 394/394/394 
f 394/394/394 393/393/393 394/394/394 
f 394/394/394 393/393/393 393/393/393 
f 393/393/393 395/395/395 393/393/393 
f 393/393/393 395/395/395 394/394/394 
f 395/395/395 396/396/396 394/394/394 
f 394/394/394 396/396/396 396/396/396 
f 396/396/396 395/395/395 396/396/396 
f 396/396/396 395/395/395 395/395/395 
f 395/395/395 397/397/397 395/395/395 
f 395/395/395 397/397/397 396/396/396 
f 397/397/397 398/398/398 396/396/396 
f 396/396/396 398/398/398 398/398/398 
f 398/398/398 397/397/397 398/398/398 
f 398/398/398 397/397/397 397/397/397 
f 397/397/397 399/399/399 397/397/397 
f 397/397/397 399/399/399 398/398/398 
f 399/399/399 400/400/400 398/398/398 
f 398/398/398 400/400/400 400/400/400 
f 400/400/400 399/399/399 400/400/400 
f 400/400/400 399/399/399 399/399/399 
f 399/399/399 401/401/401 399/399/399 
f 399/399/399 401/401/401 400/400/400 
f 401/401/401 402/402/402 400/400/400 
f 400/400/400 402/402/402 402/402/402 
f 402/402/402 403/403/403 402/402/402 
f 402/402/402 403/403/403 403/403/403 
f 403/403/403 404/404/404 403/403/403 
f 403/403/403 404/404/404 405/405/405 
f 404/404/404 406/406/406 405/405/405 
f 405/405/405 406/406/406 406/406/406 
f 406/406/406 404/404/404 406/406/406 
f 406/406/406 404/404/404 404/404/404 
f 404/404/404 407/407/407 404/404/404 
f 404/404/404 407/407/407 406/406/406 
f 407/407/407 408/408/408 406/406/406 
f 406/406/406 408/408/408 408/408/408 
f 408/408/408 407/407/407 408/408/408 
f 408/408/408 407/407/407 407/407/407 
f 407/407/407 409/409/409 407/407/407 
f 407/407/407 409/409/409 408/408/408 
f 409/409/409 410/410/410 408/408/408 
f 408/408/408 410/410/410 410/410/410 
f 410/410/410 409/409/409 410/410/410 
f 410/410/410 409/409/409 409/409/409 
f 409/409/409 411/411/411 409/409/409 
f 409/409/409 411/411/411 410/410/410 
f 411/411/411 412/412/412 410/410/410 
f 410/410/410 412/412/412 412/412/412 
f 412/412/412 411/411/411 412/412/412 
f 412/412/412 411/411/411 411/411/411 
f 411/411/411 413/413/413 411/411/411 
f 411/411/411 413/413/413 412/412/412 
f 413/413/413 414/414/414 412/412/412 
f 412/412/412 414/414/414 414/414/414 
f 414/414/414 413/413/413 414/414/414 
f 414/414/414 413/413/413 413/413/413 
f 413/413/413 415/415/415 413/413/413 
f 413/413/413 415/415/415 414/414/414 
f 415/415/415 416/416/416 414/414/414 
f 414/414/414 416/416/416 416/416/416 
f 416/416/416 415/415/415 416/416/416 
f 416/416/416 415/415/415 415/415/415 
f 415/415/415 417/417/417 415/415/415 
f 415/415/415 417/417/417 416/416/416 
f 417/417/417 418/418/418 416/416/416 
f 416/416/416 418/418/418 418/418/418 
f 418/418/418 417/417/417 418/418/418 
f 418/418/418 417/417/417 417/417/417 
f 417/417/417 419/419/419 417/417/417 
f 417/417/417 419/419/419 418/418/418 
f 419/419/419 420/420/420 418/418/418 
f 418/418/418 420/420/420 420/420/420 
f 420/420/420 419/419/419 420/420/420 
f 420/420/420 419/419/419 419/419/419 
f 419/419/419 421/421/421 419/419/419 
f 419/419/419 421/421/421 420/420/420 
f 421/421/421 422/422/422 420/420/420 
f 420/420/420 422/422/422 422/422/422 
f 422/422/422 421/421/421 422/422/422 
f 422/422/422 421/421/421 421/421/421 
f 421/421/421 423/423/423 421/421/421 
f 421/421/421 423/423/423 422/422/422 
f 423/423/423 424/424/424 422/422/422 
f 422/422/422 424/424/424 424/424/424 
f 424/424/424 425/425/425 424/424/424 
f 424/424/424 425/425/425 425/425/425 
f 425/425/425 426/426/426 425/425/425 
f 425/425/425 426/426/426 427/427/427 
f 426/426/426 428/428/428 427/427/427 
f 427/427/427 428/428/428 428/428/428 
f 428/428/428 426/426/426 428/428/428 
f 428/428/428 426/426/426 426/426/426 
f 426/426/426 429/429/429 426/426/426 
f 426/426/426 429/429/429 428/428/428 
f 429/429/429 430/430/430 428/428/428 
f 428/428/428 430/430/430 430/430/430 
f 430/430/430 429/429/429 430/430/430 
f 430/430/430 429/429/429 429/429/429 
f 429/429/429 431/431/431 429/429/429 
f 429/429/429 431/431/431 430/430/430 
f 431/431/431 432/432/432 430/430/430 
f 430/430/430 432/432/432 432/432/432 
f 432/432/432 431/431/431 432/432/432 
f 432/432/432 431/431/431 431/431/431 
f 431/431/431 433/433/433 431/431/431 
f 431/431/431 433/433/433 432/432/432 
f 433/433/433 434/434/434 432/432/432 
f 432/432/432 434/434/434 434/434/434 
f 434/434/434 433/433/433 434/434/434 
f 434/434/434 433/433/433 433/433/433 
f 433/433/433 435/435/435 433/433/433 
f 433/433/433 435/435/435 434/434/434 
f 435/435/435 436/436/436 434/434/434 
f 434/434/434 436/436/436 436/436/436 
f 436/436/436 435/435/435 436/436/436 
f 436/436/436 435/435/435 435/435/435 
f 435/435/435 437/437/437 435/435/435 
f 435/435/435 437/437/437 436/436/436 
f 437/437/437 438/438/438 436/436/436 
f 436/436/436 438/438/438 438/438/438 
f 438/438/438 437/437/437 438/438/438 
f 438/438/438 437/437/437 437/437/437 
f 437/437/437 439/439/439 437/437/437 
f 437/437/437 439/439/439 438/438/438 
f 439/439/439 440/440/440 438/438/438 
f 438/438/438 440/440/440 440/440/440 
f 440/440/440 439/439/439 440/440/440 
f 440/440/440 439/439/439 439/439/439 
f 439/439/439 441/441/441 439/439/439 
f 439/439/439 441/441/441 440/440/440 
f 441/441/441 442/442/442 440/440/440 
f 440/440/440 442/442/442 442/442/442 
f 442/442/442 441/441/441 442/442/442 
f 442/442/442 441/441/441 441/441/441 
f 441/441/441 443/443/443 441/441/441 
f 441/441/441 443/443/443 442/442/442 
f 443/443/443 444/444/444 442/442/442 
f 442/442/442 444/444/444 444/444/444 
f 444/444/444 443/443/443 444/444/444 
f 444/444/444 443/443/443 443/443/443 
f 443/443/443 445/445/445 443/443/443 
f 443/443/443 445/445/445 444/444/444 
f 445/445/445 446/446/446 444/444/444 
f 444/444/444 446/446/446 446/446/446 
f 446/446/446 447/447/447 446/446/446 
f 446/446/446 447/447/447 447/447/447 
f 447/447/447 448/448/448 447/447/447 
f 447/447/447 448/448/448 449/449/449 
f 448/448/448 450/450/450 449/449/449 
f 449/449/449 450/450/450 450/450/450 
f 450/450/450 448/448/448 450/450/450 
f 450/450/450 448/448/448 448/448/448 
f 448/448/448 451/451/451 448/448/448 
f 448/448/448 451/451/451 450/450/450 
f 451/451/451 452/452/452 450/450/450 
f 450/450/450 452/452/452 452/452/452 
f 452/452/452 451/451/451 452/452/452 
f 452/452/452 451/451/451 451/451/451 
f 451/451/451 453/453/453 451/451/451 
f 451/451/451 453/453/453 452/452/452 
f 453/453/453 454/454/454 452/452/452 
f 452/452/452 454/454/454 454/454/454 
f 454/454/454 453/453/453 454/454/454 
f 454/454/454 453/453/453 453/453/453 
f 453/453/453 455/455/455 453/453/453 
f 453/453/453 455/455/455 454/454/454 
f 455/455/455 456/456/456 454/454/454 
f 454/454/454 456/456/456 456/456/456 
f 456/456/456 455/455/455 456/456/456 
f 456/456/456 455/455/455 455/455/455 
f 455/455/455 457/457/457 455/455/455 
f 455/455/455 457/457/457 456/456/456 
f 457/457/457 458/458/458 456/456/456 
f 456/456/456 458/458/458 458/458/458 
f 458/458/458 457/457/457 458/458/458 
f 458/458/458 457/457/457 457/457/457 
f 457/457/457 459/459/459 457/457/457 
f 457/457/457 459/459/459 458/458/458 
f 459/459/459 460/460/460 458/458/458 
f 458/458/458 460/460/460 460/460/460 
f 460/460/460 459/459/459 460/460/460 
f 460/460/460 459/459/459 459/459/459 
f 459/459/459 461/461/461 459/459/459 
f 459/459/459 461/461/461 460/460/460 
f 461/461/461 462/462/462 460/460/460 
f 460/460/460 462/462/462 462/462/462 
f 462/462/462 461/461/461 462/462/462 
f 462/462/462 461/461/461 461/461/461 
f 461/461/461 463/463/463 461/461/461 
f 461/461/461 463/463/463 462/462/462 
f 463/463/463 464/464/464 462/462/462 
f 462/462/462 464/464/464 464/464/464 
f 464/464/464 463/463/463 464/464/464 
f 464/464/464 463/463/463 463/463/463 
f 463/463/463 465/465/465 463/463/463 
f 463/463/463 465/465/465 464/464/464 
f 465/465/465 466/466/466 464/464/464 
f 464/464/464 466/466/466 466/466/466 
f 466/466/466 465/465/465 466/466/466 
f 466/466/466 465/465/465 465/465/465 
f 465/465/465 467/467/467 465/465/465 
f 465/465/465 467/467/467 466/466/466 
f 467/467/467 468/468/468 466/466/466 
f 466/466/466 468/468/468 468/468/468 
f 468/468/468 469/469/469 468/468/468 
f 468/468/468 469/469/469 469/469/469 
f 469/469/469 470/470/470 469/469/469 
f 469/469/469 470/470/470 471/471/471 
f 470/470/470 472/472/472 471/471/471 
f 471/471/471 472/472/472 473/473/473 
f 472/472/472 474/474/474 473/473/473 
f 473/473/473 474/474/474 475/475/475 
f 474/474/474 476/476/476 475/475/475 
f 475/475/475 476/476/476 477/477/477 
f 476/476/476 478/478/478 477/477/477 
f 477/477/477 478/478/478 479/479/479 
f 478/478/478 480/480/480 479/479/479 
f 479/479/479 480/480/480 481/481/481 
f 480/480/480 482/482/482 481/481/481 
f 481/481/481 482/482/482 483/483/483 
f 482/482/482 484/484/484 483/483/483 
f 483/483/483 484/484/484 485/485/485 
f 484/484/484 486/486/486 485/485/485 
f 485/485/485 486/486/486 487/487/487 
f 486/486/486 488/488/488 487/487/487 
f 487/487/487 488/488/488 489/489/489 
f 488/488/488 490/490/490 489/489/489 
f 489/489/489 490/490/490 490/490/490 
f 490/490/490 470/470/470 490/490/490 
f 490/490/490 470/470/470 470/470/470 
f 470/470/470 491/491/491 470/470/470 
f 470/470/470 491/491/491 472/472/472 
f 491/491/491 492/492/492 472/472/472 
f 472/472/472 492/492/492 474/474/474 
f 492/492/492 493/493/493 474/474/474 
f 474/474/474 493/493/493 476/476/476 
f 493/493/493 494/494/494 476/476/476 
f 476/476/476 494/494/494 478/478/478 
f 494/494/494 495/495/495 478/478/478 
f 478/478/478 495/495/495 480/480/480 
f 495/495/495 496/496/496 480/480/480 
f 480/480/480 496/496/496 482/482/482 
f 496/496/496 497/497/497 482/482/482 
f 482/482/482 497/497/497 484/484/484 
f 497/497/497 498/498/498 484/484/484 
f 484/484/484 498/498/498 486/486/486 
f 498/498/498 499/499/499 486/486/486 
f 486/486/486 499/499/499 488/488/488 
f 499/499/499 500/500/500 488/488/488 
f 488/488/488 500/500/500 490/490/490 
f 500/500/500 501/501/501 490/490/490 
f 490/490/490 501/501/501 501/501/501 
f 501/501/501 502/502/502 501/501/501 
f 501/501/501 502/502/502 502/502/502 
f 502/502/502 503/503/503 502/502/502 
f 502/502/502 503/503/503 504/504/504 
f 503/503/503 505/505/505 504/504/504 
f 504/504/504 505/505/505 506/506/506 
f 505/505/505 507/507/507 506/506/506 
f 506/506/506 507/507/507 507/507/507 
f 507/507/507 503/503/503 507/507/507 
f 507/507/507 503/503/503 503/503/503 
f 503/503/503 508/508/508 503/503/503 
f 503/503/503 508/508/508 505/505/505 
f 508/508/508 509/509/509 505/505/505 
f 505/505/505 509/509/509 510/510/510 
f 509/509/509 510/510/510 510/510/510 
f 510/510/510 510/510/510 510/510/510 
f 510/510/510 511/511/511 510/510/510 
f 510/510/510 511/511/511 505/505/505 
f 511/511/511 512/512/512 505/505/505 
f 505/505/505 512/512/512 507/507/507 
f 512/512/512 507/507/507 507/507/507 
f 507/507/507 507/507/507 513/513/513 
f 507/507/507 513/513/513 513/513/513 
f 513/513/513 513/513/513 513/513/513 
f 513/513/513 514/514/514 513/513/513 
f 513/513/513 514/514/514 515/515/515 
f 514/514/514 516/516/516 515/515/515 
f 515/515/515 516/516/516 517/517/517 
f 516/516/516 518/518/518 517/517/517 
f 517/517/517 518/518/518 519/519/519 
f 518/518/518 520/520/520 519/519/519 
f 519/519/519 520/520/520 521/521/521 
f 520/520/520 522/522/522 521/521/521 
f 521/521/521 522/522/522 523/523/523 
f 522/522/522 524/524/524 523/523/523 
f 523/523/523 524/524/524 525/525/525 
f 524/524/524 526/526/526 525/525/525 
f 525/525/525 526/526/526 527/527/527 
f 526/526/526 528/528/528 527/527/527 
f 527/527/527 528/528/528 529/529/529 
f 528/528/528 530/530/530 529/529/529 
f 529/529/529 530/530/530 531/531/531 
f 530/530/530 532/532/532 531/531/531 
f 531/531/531 532/532/532 533/533/533 
f 532/532/532 534/534/534 533/533/533 
f 533/533/533 534/534/534 534/534/534 
f 534/534/534 535/535/535 534/534/534 
f 534/534/534 535/535/535 535/535/535 
f 535/535/535 536/536/536 535/535/535 
f 535/535/535 536/536/536 537/537/537 
f 536/536/536 538/538/538 537/537/537 
f 537/537/537 538/538/538 538/538/538 
f 538/538/538 536/536/536 538/538/538 
f 538/538/538 536/536/536 536/536/536 
f 536/536/536 539/539/539 536/536/536 
f 536/536/536 539/539/539 538/538/538 
f 539/539/539 540/540/540 538/538/538 
f 538/538/538 540/540/540 540/540/540 
f 540/540/540 539/539/539 540/540/540 
f 540/540/540 539/539/539 539/539/539 
f 539/539/539 541/541/541 539/539/539 
f 539/539/539 541/541/541 540/540/540 
f 541/541/541 542/542/542 540/540/540 
f 540/540/540 542/542/542 542/542/542 
f 542/542/542 541/541/541 542/542/542 
f 542/542/542 541/541/541 541/541/541 
f 541/541/541 543/543/543 541/541/541 
f 541/541/541 543/543/543 542/542/542 
f 543/543/543 544/544/544 542/542/542 
f 542/542/542 544/544/544 544/544/544 
f 544/544/544 543/543/543 544/544/544 
f 544/544/544 543/543/543 543/543/543 
f 543/543/543 545/545/545 543/543/543 
f 543/543/543 545/545/545 544/544/544 
f 545/545/545 546/546/546 544/544/544 
f 544/544/544 546/546/546 546/546/546 
f 546/546/546 545/545/545 546/546/546 
f 546/546/546 545/545/545 545/545/545 
f 545/545/545 547/547/547 545/545/545 
f 545/545/545 547/547/547 546/546/546 
f 547/547/547 548/548/548 546/546/546 
f 546/546/546 548/548/548 548/548/548 
f 548/548/548 547/547/547 548/548/548 
f 548/548/548 547/547/547 547/547/547 
f 547/547/547 549/549/549 547/547/547 
f 547/547/547 549/549/549 548/548/548 
f 549/549/549 550/550/550 548/548/548 
f 548/548/548 550/550/550 550/550/550 
f 550/550/550 549/549/549 550/550/550 
f 550/550/550 549/549/549 549/549/549 
f 549/549/549 551/551/551 549/549/549 
f 549/549/549 551/551/551 550/550/550 
f 551/551/551 552/552/552 550/550/550 
f 550/550/550 552/552/552 552/552/552 
f 552/552/552 551/551/551 552/552/552 
f 552/552/552 551/551/551 551/551/551 
f 551/551/551 553/553/553 551/551/551 
f 551/551/551 553/553/553 552/552/552 
f 553/553/553 554/554/554 552/552/552 
f 552/552/552 554/554/554 554/554/554 
f 554/554/554 553/553/553 554/554/554 
f 554/554/554 553/553/553 553/553/553 
f 553/553/553 555/555/555 553/553/553 
f 553/553/553 555/555/555 554/554/554 
f 555/555/555 556/556/556 554/554/554 
f 554/554/554 556/556/556 556/556/556 
f 556/556/556 557/557/557 556/556/556 
f 556/556/556 557/557/557 557/557/557 
f 557/557/557 558/558/558 557/557/557 
f 557/557/557 558/558/558 559/559/559 
f 558/558/558 560/560/560 559/559/559 
f 559/559/559 560/560/560 560/560/560 
f 560/560/560 558/558/558 560/560/560 
f 560/560/560 558/558/558 558/558/558 
f 558/558/558 561/561/561 558/558/558 
f 558/558/558 561/561/561 560/560/560 
f 561/561/561 562/562/562 560/560/560 
f 560/560/560 562/562/562 562/562/562 
f 562/562/562 561/561/561 562/562/562 
f 562/562/562 561/561/561 561/561/561 
f 561/561/561 563/563/563 561/561/561 
f 561/561/561 563/563/563 562/562/562 
f 563/563/563 564/564/564 562/562/562 
f 562/562/562 564/564/564 564/564/564 
f 564/564/564 563/563/563 564/564/564 
f 564/564/564 563/563/563 563/563/563 
f 563/563/563 565/565/565 563/563/563 
f 563/563/563 565/565/565 564/564/564 
f 565/565/565 566/566/566 564/564/564 
f 564/564/564 566/566/566 566/566/566 
f 566/566/566 565/565/565 566/566/566 
f 566/566/566 565/565/565 565/565/565 
f 565/565/565 567/567/567 565/565/565 
f 565/565/565 567/567/567 566/566/566 
f 567/567/567 568/568/568 566/566/566 
f 566/566/566 568/568/568 568/568/568 
f 568/568/568 567/567/567 568/568/568 
f 568/568/568 567/567/567 567/567/567 
f 567/567/567 569/569/569 567/567/567 
f 567/567/567 569/569/569 568/568/568 
f 569/569/569 570/570/570 568/568/568 
f 568/568/568 570/570/570 570/570/570 
f 570/570/570 569/569/569 570/570/570 
f 570/570/570 569/569/569 569/569/569 
f 569/569/569 571/571/571 569/569/569 
f 569/569/569 571/571/571 570/570/570 
f 571/571/571 572/572/572 570/570/570 
f 570/570/570 572/572/572 572/572/572 
f 572/572/572 571/571/571 572/572/572 
f 572/572/572 571/571/571 571/571/571 
f 571/571/571 573/573/573 571/571/571 
f 571/571/571 573/573/573 572/572/572 
f 573/573/573 574/574/574 572/572/572 
f 572/572/572 574/574/574 574/574/574 
f 574/574/574 573/573/573 574/574/574 
f 574/574/574 573/573/573 573/573/573 
f 573/573/573 575/575/575 573/573/573 
f 573/573/573 575/575/575 574/574/574 
f 575/575/575 576/576/576 574/574/574 
f 574/574/574 576/576/576 576/576/576 
f 576/576/576 575/575/575 576/576/576 
f 576/576/576 575/575/575 575/575/575 
f 575/575/575 577/577/577 575/575/575 
f 575/575/575 577/577/577 576/576/576 
f 577/577/577 578/578/578 576/576/576 
f 576/576/576 578/578/578 578/578/578 
f 578/578/578 579/579/579 578/578/578 
f 578/578/578 579/579/579 579/579/579 
f 579/579/579 580/580/580 579/579/579 
f 579/579/579 580/580/580 581/581/581 
f 580/580/580 582/582/582 581/581/581 
f 581/581/581 582/582/582 583/583/583 
f 582/582/582 584/584/584 583/583/583 
f 583/583/583 584/584/584 585/585/585 
f 584/584/584 586/586/586 585/585/585 
f 585/585/585 586/586/586 587/587/587 
f 586/586/586 588/588/588 587/587/587 
f 587/587/587 588/588/588 589/589/589 
f 588/588/588 590/590/590 589/589/589 
f 589/589/589 590/590/590 591/591/591 
f 590/590/590 592/592/592 591/591/591 
f 591/591/591 592/592/592 593/593/593 
f 592/592/592 594/594/594 593/593/593 
f 593/593/593 594/594/594 595/595/595 
f 594/594/594 596/596/596 595/595/595 
f 595/595/595 596/596/596 597/597/597 
f 596/596/596 598/598/598 597/597/597 
f 597/597/597 598/598/598 599/599/599 
f 598/598/598 600/600/600 599/599/599 
f 599/599/599 600/600/600 600/600/600 
f 600/600/600 601/601/601 600/600/600 
f 600/600/600 601/601/601 601/601/601 
f 601/601/601 602/602/602 601/601/601 
f 601/601/601 602/602/602 603/603/603 
f 602/602/602 604/604/604 603/603/603 
f 603/603/603 604/604/604 605/605/605 
f 604/604/604 606/606/606 605/605/605 
f 605/605/605 606/606/606 606/606/606 
f 606/606/606 602/602/602 606/606/606 
f 606/606/606 602/602/602 602/602/602 
f 602/602/602 607/607/607 602/602/602 
f 602/602/602 607/607/607 604/604/604 
f 607/607/607 608/608/608 604/604/604 
f 604/604/604 608/608/608 609/609/609 
f 608/608/608 609/609/609 609/609/609 
f 609/609/609 609/609/609 609/609/609 
f 609/609/609 610/610/610 609/609/609 
f 609/609/609 610/610/610 604/604/604 
f 610/610/610 611/611/611 604/604/604 
f 604/604/604 611/611/611 606/606/606 
f 611/611/611 606/606/606 606/606/606 
f 606/606/606 606/606/606 612/612/612 
f 606/606/606 612/612/612 612/612/612 
f 612/612/612 612/612/612 612/612/612 
f 612/612/612 613/613/613 612/612/612 
f 612/612/612 613/613/613 614/614/614 
f 613/613/613 615/615/615 614/614/614 
f 614/614/614 615/615/615 615/615/615 
f 615/615/615 613/613/613 615/615/615 
f 615/615/615 613/613/613 613/613/613 
f 613/613/613 616/616/616 613/613/613 
f 613/613/613 616/616/616 615/615/615 
f 616/616/616 617/617/617 615/615/615 
f 615/615/615 617/617/617 617/617/617 
f 617/617/617 616/616/616 617/617/617 
f 617/617/617 616/616/616 616/616/616 
f 616/616/616 618/618/618 616/616/616 
f 616/616/616 618/618/618 617/617/617 
f 618/618/618 619/619/619 617/617/617 
f 617/617/617 619/619/619 619/619/619 
f 619/619/619 618/618/618 619/619/619 
f 619/619/619 618/618/618 618/618/618 
f 618/618/618 620/620/620 618/618/618 
f 618/618/618 620/620/620 619/619/619 
f 620/620/620 621/621/621 619/619/619 
f 619/619/619 621/621/621 621/621/621 
f 621/621/621 620/620/620 621/621/621 
f 621/621/621 620/620/620 620/620/620 
f 620/620/620 622/622/622 620/620/620 
f 620/620/620 622/622/622 621/621/621 
f 622/622/622 623/623/623 621/621/621 
f 621/621/621 623/623/623 623/623/623 
f 623/623/623 622/622/622 623/623/623 
f 623/623/623 622/622/622 622/622/622 
f 622/622/622 624/624/624 622/622/622 
f 622/622/622 624/624/624 623/623/623 
f 624/624/624 625/625/625 623/623/623 
f 623/623/623 625/625/625 625/625/625 
f 625/625/625 624/624/624 625/625/625 
f 625/625/625 624/624/624 624/624/624 
f 624/624/624 626/626/626 624/624/624 
f 624/624/624 626/626/626 625/625/625 
f 626/626/626 627/627/627 625/625/625 
f 625/625/625 627/627/627 627/627/627 
f 627/627/627 626/626/626 627/627/627 
f 627/627/627 626/626/626 626/626/626 
f 626/626/626 628/628/628 626/626/626 
f 626/626/626 628/628/628 627/627/627 
f 628/628/628 629/629/629 627/627/627 
f 627/627/627 629/629/629 629/629/629 
f 629/629/629 628/628/628 629/629/629 
f 629/629/629 628/628/628 628/628/628 
f 628/628/628 630/630/630 628/628/628 
f 628/628/628 630/630/630 629/629/629 
f 630/630/630 631/631/631 629/629/629 
f 629/629/629 631/631/631 631/631/631 
f 631/631/631 630/630/630 631/631/631 
f 631/631/631 630/630/630 630/630/630 
f 630/630/630 632/632/632 630/630/630 
f 630/630/630 632/632/632 631/631/631 
f 632/632/632 633/633/633 631/631/631 
f 631/631/631 633/633/633 633/633/633 
f 633/633/633 634/634/634 633/633/633 
f 633/633/633 634/634/634 634/634/634 
f 634/634/634 635/635/635 634/634/634 
f 634/634/634 635/635/635 636/636/636 
f 635/635/635 637/637/637 636/636/636 
f 636/636/636 637/637/637 638/638/638 
f 637/637/637 639/639/639 638/638/638 
f 638/638/638 639/639/639 640/640/640 
f 639/639/639 641/641/641 640/640/640 
f 640/640/640 641/641/641 642/642/642 
f 641/641/641 643/643/643 642/642/642 
f 642/642/642 643/643/643 644/644/644 
f 643/643/643 645/645/645 644/644/644 
f 644/644/644 645/645/645 646/646/646 
f 645/645/645 647/647/647 646/646/646 
f 646/646/646 647/647/647 648/648/648 
f 647/647/647 649/649/649 648/648/648 
f 648/648/648 649/649/649 650/650/650 
f 649/649/649 651/651/651 650/650/650 
f 650/650/650 651/651/651 652/652/652 
f 651/651/651 653/653/653 652/652/652 
f 652/652/652 653/653/653 654/654/654 
f 653/653/653 655/655/655 654/654/654 
f 654/654/654 655/655/655 655/655/655 
f 655/655/655 656/656/656 655/655/655 
f 655/655/655 656/656/656 656/656/656 
f 656/656/656 657/657/657 656/656/656 
f 656/656/656 657/657/657 658/658/658 
f 657/657/657 659/659/659 658/658/658 
f 658/658/658 659/659/659 660/660/660 
f 659/659/659 661/661/661 660/660/660 
f 660/660/660 661/661/661 661/661/661 
f 661/661/661 657/657/657 661/661/661 
f 661/661/661 657/657/657 657/657/657 
f 657/657/657 662/662/662 657/657/657 
f 657/657/657 662/662/662 659/659/659 
f 662/662/662 663/663/663 659/659/659 
f 659/659/659 663/663/663 664/664/664 
f 663/663/663 664/664/664 664/664/664 
f 664/664/664 664/664/664 664/664/664 
f 664/664/664 665/665/665 664/664/664 
f 664/664/664 665/665/665 659/659/659 
f 665/665/665 666/666/666 659/659/659 
f 659/659/659 666/666/666 661/661/661 
f 666/666/666 661/661/661 661/661/661 
f 661/661/661 661/661/661 667/667/667 
f 661/661/661 667/667/667 667/667/667 
f 667/667/667 667/667/667 667/667/667 
f 667/667/667 668/668/668 667/667/667 
f 667/667/667 668/668/668 669/669/669 
f 668/668/668 670/670/670 669/669/669 
f 669/669/669 670/670/670 670/670/670 
f 670/670/670 668/668/668 670/670/670 
f 670/670/670 668/668/668 668/668/668 
f 668/668/668 671/671/671 668/668/668 
f 668/668/668 671/671/671 670/670/670 
f 671/671/671 672/672/672 670/670/670 
f 670/670/670 672/672/672 672/672/672 
f 672/672/672 671/671/671 672/672/672 
f 672/672/672 671/671/671 671/671/671 
f 671/671/671 673/673/673 671/671/671 
f 671/671/671 673/673/673 672/672/672 
f 673/673/673 674/674/674 672/672/672 
f 672/672/672 674/674/674 674/674/674 
f 674/674/674 673/673/673 674/674/674 
f 674/674/674 673/673/673 673/673/673 
f 673/673/673 675/675/675 673/673/673 
f 673/673/673 675/675/675 674/674/674 
f 675/675/675 676/676/676 674/674/674 
f 674/674/674 676/676/676 676/676/676 
f 676/676/676 675/675/675 676/676/676 
f 676/676/676 675/675/675 675/675/675 
f 675/675/675 677/677/677 675/675/675 
f 675/675/675 677/677/677 676/676/676 
f 677/677/677 678/678/678 676/676/676 
f 676/676/676 678/678/678 678/678/678 
f 678/678/678 677/677/677 678/678/678 
f 678/678/678 677/677/677 677/677/677 
f 677/677/677 679/679/679 677/677/677 
f 677/677/677 679/679/679 678/678/678 
f 679/679/679 680/680/680 678/678/678 
f 678/678/678 680/680/680 680/680/680 
f 680/680/680 679/679/679 680/680/680 
f 680/680/680 679/679/679 679/679/679 
f 679/679/679 681/681/681 679/679/679 
f 679/679/679 681/681/681 680/680/680 
f 681/681/681 682/682/682 680/680/680 
f 680/680/680 682/682/682 682/682/682 
f 682/682/682 681/681/681 682/682/682 
f 682/682/682 681/681/681 681/681/681 
f 681/681/681 683/683/683 681/681/681 
f 681/681/681 683/683/683 682/682/682 
f 683/683/683 684/684/684 682/682/682 
f 682/682/682 684/684/684 684/684/684 
f 684/684/684 683/683/683 684/684/684 
f 684/684/684 683/683/683 683/683/683 
f 683/683/683 685/685/685 683/683/683 
f 683/683/683 685/685/685 684/684/684 
f 685/685/685 686/686/686 684/684/684 
f 684/684/684 686/686/686 686/686/686 
f 686/686/686 685/685/685 686/686/686 
f 686/686/686 685/685/685 685/685/685 
f 685/685/685 687/687/687 685/685/685 
f 685/685/685 687/687/687 686/686/686 
f 687/687/687 688/688/688 686/686/686 
f 686/686/686 688/688/688 688/688/688 
f 688/688/688 689/689/689 688/688/688 
f 688/688/688 689/689/689 689/689/689 
f 689/689/689 690/690/690 689/689/689 
f 689/689/689 690/690/690 691/691/691 
f 690/690/690 692/692/692 691/691/691 
f 691/691/691 692/692/692 693/693/693 
f 692/692/692 694/694/694 693/693/693 
f 693/693/693 694/694/694 695/695/695 
f 694/694/694 696/696/696 695/695/695 
f 695/695/695 696/696/696 697/697/697 
f 696/696/696 698/698/698 697/697/697 
f 697/697/697 698/698/698 699/699/699 
f 698/698/698 700/700/700 699/699/699 
f 699/699/699 700/700/700 701/701/701 
f 700/700/700 702/702/702 701/701/701 
f 701/701/701 702/702/702 703/703/703 
f 702/702/702 704/704/704 703/703/703 
f 703/703/703 704/704/704 705/705/705 
f 704/704/704 706/706/706 705/705/705 
f 705/705/705 706/706/706 707/707/707 
f 706/706/706 708/708/708 707/707/707 
f 707/707/707 708/708/708 709/709/709 
f 708/708/708 710/710/710 709/709/709 
f 709/709/709 710/710/710 710/710/710 
f 710/710/710 711/711/711 710/710/710 
f 710/710/710 711/711/711 711/711/711 
f 711/711/711 712/712/712 711/711/711 
f 711/711/711 712/712/712 713/713/713 
f 712/712/712 714/714/714 713/713/713 
f 713/713/713 714/714/714 715/715/715 
f 714/714/714 716/716/716 715/715/715 
f 715/715/715 716/716/716 717/717/717 
f 716/716/716 718/718/718 717/717/717 
f 717/717/717 718/718/718 719/719/719 
f 718/718/718 720/720/720 719/719/719 
f 719/719/719 720/720/720 721/721/721 
f 720/720/720 722/722/722 721/721/721 
f 721/721/721 722/722/722 723/723/723 
f 722/722/722 724/724/724 723/723/723 
f 723/723/723 724/724/724 725/725/725 
f 724/724/724 726/726/726 725/725/725 
f 725/725/725 726/726/726 727/727/727 
f 726/726/726 728/728/728 727/727/727 
f 727/727/727 728/728/728 729/729/729 
f 728/728/728 730/730/730 729/729/729 
f 729/729/729 730/730/730 731/731/731 
f 730/730/730 732/732/732 731/731/731 
f 731/731/731 732/732/732 732/732/732 
f 732/732/732 733/733/733 732/732/732 
f 732/732/732 733/733/733 733/733/733 
f 733/733/733 734/734/734 733/733/733 
f 733/733/733 734/734/734 735/735/735 
f 734/734/734 736/736/736 735/735/735 
f 735/735/735 736/736/736 737/737/737 
f 736/736/736 738/738/738 737/737/737 
f 737/737/737 738/738/738 739/739/739 
f 738/738/738 740/740/740 739/739/739 
f 739/739/739 740/740/740 741/741/741 
f 740/740/740 742/742/742 741/741/741 
f 741/741/741 742/742/742 743/743/743 
f 742/742/742 744/744/744 743/743/743 
f 743/743/743 744/744/744 745/745/745 
f 744/744/744 746/746/746 745/745/745 
f 745/745/745 746/746/746 747/747/747 
f 746/746/746 748/748/748 747/747/747 
f 747/747/747 748/748/748 749/749/749 
f 748/748/748 750/750/750 749/749/749 
f 749/749/749 750/750/750 751/751/751 
f 750/750/750 752/752/752 751/751/751 
f 751/751/751 752/752/752 753/753/753 
f 752/752/752 754/754/754 753/753/753 
f 753/753/753 754/754/754 754/754/754 
f 754/754/754 755/755/755 754/754/754 
f 754/754/754 755/755/755 755/755/755 
f 755/755/755 756/756/756 755/755/755 
f 755/755/755 756/756/756 757/757/757 
f 756/756/756 758/758/758 757/757/757 
f 757/757/757 758/758/758 759/759/759 
f 758/758/758 760/760/760 759/759/759 
f 759/759/759 760/760/760 761/761/761 
f 760/760/760 762/762/762 761/761/761 
f 761/761/761 762/762/762 763/763/763 
f 762/762/762 764/764/764 763/763/763 
f 763/763/763 764/764/764 765/765/765 
f 764/764/764 766/766/766 765/765/765 
f 765/765/765 766/766/766 767/767/767 
f 766/766/766 768/768/768 767/767/767 
f 767/767/767 768/768/768 769/769/769 
f 768/768/768 770/770/770 769/769/769 
f 769/769/769 770/770/770 771/771/771 
f 770/770/770 772/772/772 771/771/771 
f 771/771/771 772/772/772 773/773/773 
f 772/772/772 774/774/774 773/773/773 
f 773/773/773 774/774/774 775/775/775 
f 774/774/774 776/776/776 775/775/775 
f 775/775/775 776/776/776 776/776/776 
f 776/776/776 777/777/777 776/776/776 
f 776/776/776 777/777/777 777/777/777 
f 777/777/777 778/778/778 777/777/777 
f 777/777/777 778/778/778 779/779/779 
f 778/778/778 780/780/780 779/779/779 
f 779/779/779 780/780/780 780/780/780 
f 780/780/780 778/778/778 780/780/780 
f 780/780/780 778/778/778 778/778/778 
f 778/778/778 781/781/781 778/778/778 
f 778/778/778 781/781/781 780/780/780 
f 781/781/781 782/782/782 780/780/780 
f 780/780/780 782/782/782 782/782/782 
f 782/782/782 781/781/781 782/782/782 
f 782/782/782 781/781/781 781/781/781 
f 781/781/781 783/783/783 781/781/781 
f 781/781/781 783/783/783 782/782/782 
f 783/783/783 784/784/784 782/782/782 
f 782/782/782 784/784/784 784/784/784 
f 784/784/784 783/783/783 784/784/784 
f 784/784/784 783/783/783 783/783/783 
f 783/783/783 785/785/785 783/783/783 
f 783/783/783 785/785/785 784/784/784 
f 785/785/785 786/786/786 784/784/784 
f 784/784/784 786/786/786 786/786/786 
f 786/786/786 785/785/785 786/786/786 
f 786/786/786 785/785/785 785/785/785 
f 785/785/785 787/787/787 785/785/785 
f 785/785/785 787/787/787 786/786/786 
f 787/787/787 788/788/788 786/786/786 
f 786/786/786 788/788/788 788/788/788 
f 788/788/788 787/787/787 788/788/788 
f 788/788/788 787/787/787 787/787/787 
f 787/787/787 789/789/789 787/787/787 
f 787/787/787 789/789/789 788/788/788 
f 789/789/789 790/790/790 788/788/788 
f 788/788/788 790/790/790 790/790/790 
f 790/790/790 789/789/789 790/790/790 
f 790/790/790 789/789/789 789/789/789 
f 789/789/789 791/791/791 789/789/789 
f 789/789/789 791/791/791 790/790/790 
f 791/791/791 792/792/792 790/790/790 
f 790/790/790 792/792/792 792/792/792 
f 792/792/792 791/791/791 792/792/792 
f 792/792/792 791/791/791 791/791/791 
f 791/791/791 793/793/793 791/791/791 
f 791/791/791 793/793/793 792/792/792 
f 793/793/793 794/794/794 792/792/792 
f 792/792/792 794/794/794 794/794/794 
f 794/794/794 793/793/793 794/794/794 
f 794/794/794 793/793/793 793/793/793 
f 793/793/793 795/795/795 793/793/793 
f 793/793/793 795/795/795 794/794/794 
f 795/795/795 796/796/796 794/794/794 
f 794/794/794 796/796/796 796/796/796 
f 796/796/796 795/795/795 796/796/796 
f 796/796/796 795/795/795 795/795/795 
f 795/795/795 797/797/797 795/795/795 
f 795/795/795 797/797/797 796/796/796 
f 797/797/797 798/798/798 796/796/796 
f 796/796/796 798/798/798 798/798/798 
f 798/798/798 799/799/799 798/798/798 
f 798/798/798 799/799/799 799/799/799 
f 799/799/799 800/800/800 799/799/799 
f 799/799/799 800/800/800 801/801/801 
f 800/800/800 802/802/802 801/801/801 
f 801/801/801 802/802/802 803/803/803 
f 802/802/802 804/804/804 803/803/803 
f 803/803/803 804/804/804 805/805/805 
f 804/804/804 806/806/806 805/805/805 
f 805/805/805 806/806/806 807/807/807 
f 806/806/806 808/808/808 807/807/807 
f 807/807/807 808/808/808 809/809/809 
f 808/808/808 810/810/810 809/809/809 
f 809/809/809 810/810/810 811/811/811 
f 810/810/810 812/812/812 811/811/811 
f 811/811/811 812/812/812 813/813/813 
f 812/812/812 814/814/814 813/813/813 
f 813/813/813 814/814/814 815/815/815 
f 814/814/814 816/816/816 815/815/815 
f 815/815/815 816/816/816 817/817/817 
f 816/816/816 818/818/818 817/817/817 
f 817/817/817 818/818/818 819/819/819 
f 818/818/818 820/820/820 819/819/819 
f 819/819/819 820/820/820 820/820/820 
f 820/820/820 821/821/821 820/820/820 
f 820/820/820 821/821/821 821/821/821 
f 821/821/821 822/822/822 821/821/821 
f 821/821/821 822/822/822 823/823/823 
f 822/822/822 824/824/824 823/823/823 
f 823/823/823 824/824/824 825/825/825 
f 824/824/824 826/826/826 825/825/825 
f 825/825/825 826/826/826 827/827/827 
f 826/826/826 828/828/828 827/827/827 
f 827/827/827 828/828/828 829/829/829 
f 828/828/828 830/830/830 829/829/829 
f 829/829/829 830/830/830 831/831/831 
f 830/830/830 832/832/832 831/831/831 
f 831/831/831 832/832/832 833/833/833 
f 832/832/832 834/834/834 833/833/833 
f 833/833/833 834/834/834 835/835/835 
f 834/834/834 836/836/836 835/835/835 
f 835/835/835 836/836/836 837/837/837 
f 836/836/836 838/838/838 837/837/837 
f 837/837/837 838/838/838 839/839/839 
f 838/838/838 840/840/840 839/839/839 
f 839/839/839 840/840/840 841/841/841 
f 840/840/840 842/842/842 841/841/841 
f 841/841/841 842/842/842 842/842/842 
f 842/842/842 822/822/822 842/842/842 
f 842/842/842 822/822/822 822/822/822 
f 822/822/822 843/843/843 822/822/822 
f 822/822/822 843/843/843 824/824/824 
f 843/843/843 844/844/844 824/824/824 
f 824/824/824 844/844/844 826/826/826 
f 844/844/844 845/845/845 826/826/826 
f 826/826/826 845/845/845 828/828/828 
f 845/845/845 846/846/846 828/828/828 
f 828/828/828 846/846/846 830/830/830 
f 846/846/846 847/847/847 830/830/830 
f 830/830/830 847/847/847 832/832/832 
f 847/847/847 848/848/848 832/832/832 
f 832/832/832 848/848/848 834/834/834 
f 848/848/848 849/849/849 834/834/834 
f 834/834/834 849/849/849 836/836/836 
f 849/849/849 850/850/850 836/836/836 
f 836/836/836 850/850/850 838/838/838 
f 850/850/850 851/851/851 838/838/838 
f 838/838/838 851/851/851 840/840/840 
f 851/851/851 852/852/852 840/840/840 
f 840/840/840 852/852/852 842/842/842 
f 852/852/852 853/853/853 842/842/842 
f 842/842/842 853/853/853 853/853/853 
f 853/853/853 854/854/854 853/853/853 
f 853/853/853 854/854/854 854/854/854 
f 854/854/854 855/855/855 854/854/854 
f 854/854/854 855/855/855 856/856/856 
f 855/855/855 857/857/857 856/856/856 
f 856/856/856 857/857/857 858/858/858 
f 857/857/857 859/859/859 858/858/858 
f 858/858/858 859/859/859 860/860/860 
f 859/859/859 861/861/861 860/860/860 
f 860/860/860 861/861/861 862/862/862 
f 861/861/861 863/863/863 862/862/862 
f 862/862/862 863/863/863 864/864/864 
f 863/863/863 865/865/865 864/864/864 
f 864/864/864 865/865/865 866/866/866 
f 865/865/865 867/867/867 866/866/866 
f 866/866/866 867/867/867 868/868/868 
f 867/867/867 869/869/869 868/868/868 
f 868/868/868 869/869/869 870/870/870 
f 869/869/869 871/871/871 870/870/870 
f 870/870/870 871/871/871 872/872/872 
f 871/871/871 873/873/873 872/872/872 
f 872/872/872 873/873/873 874/874/874 
f 873/873/873 875/875/875 874/874/874 
f 874/874/874 875/875/875 875/875/875 
f 875/875/875 876/876/876 875/875/875 
f 875/875/875 876/876/876 876/876/876 
f 876/876/876 877/877/877 876/876/876 
f 876/876/876 877/877/877 878/878/878 
f 877/877/877 879/879/879 878/878/878 
f 878/878/878 879/879/879 880/880/880 
f 879/879/879 881/881/881 880/880/880 
f 880/880/880 881/881/881 881/881/881 
f 881/881/881 877/877/877 881/881/881 
f 881/881/881 877/877/877 877/877/877 
f 877/877/877 882/882/882 877/877/877 
f 877/877/877 882/882/882 879/879/879 
f 882/882/882 883/883/883 879/879/879 
f 879/879/879 883/883/883 881/881/881 
f 883/883/883 884/884/884 881/881/881 
f 881/881/881 884/884/884 884/884/884 
f 884/884/884 882/882/882 884/884/884 
f 884/884/884 882/882/882 882/882/882 
f 882/882/882 885/885/885 882/882/882 
f 882/882/882 885/885/885 883/883/883 
f 885/885/885 886/886/886 883/883/883 
f 883/883/883 886/886/886 884/884/884 
f 886/886/886 887/887/887 884/884/884 
f 884/884/884 887/887/887 887/887/887 
f 887/887/887 885/885/885 887/887/887 
f 887/887/887 885/885/885 885/885/885 
f 885/885/885 888/888/888 885/885/885 
f 885/885/885 888/888/888 886/886/886 
f 888/888/888 889/889/889 886/886/886 
f 886/886/886 889/889/889 887/887/887 
f 889/889/889 890/890/890 887/887/887 
f 887/887/887 890/890/890 890/890/890 
f 890/890/890 888/888/888 890/890/890 
f 890/890/890 888/888/888 888/888/888 
f 888/888/888 891/891/891 888/888/888 
f 888/888/888 891/891/891 889/889/889 
f 891/891/891 892/892/892 889/889/889 
f 889/889/889 892/892/892 890/890/890 
f 892/892/892 893/893/893 890/890/890 
f 890/890/890 893/893/893 893/893/893 
f 893/893/893 891/891/891 893/893/893 
f 893/893/893 891/891/891 891/891/891 
f 891/891/891 894/894/894 891/891/891 
f 891/891/891 894/894/894 892/892/892 
f 894/894/894 895/895/895 892/892/892 
f 892/892/892 895/895/895 893/893/893 
f 895/895/895 896/896/896 893/893/893 
f 893/893/893 896/896/896 896/896/896 
f 896/896/896 894/894/894 896/896/896 
f 896/896/896 894/894/894 894/894/894 
f 894/894/894 897/897/897 894/894/894 
f 894/894/894 897/897/897 895/895/895 
f 897/897/897 898/898/898 895/895/895 
f 895/895/895 898/898/898 896/896/896 
f 898/898/898 899/899/899 896/896/896 
f 896/896/896 899/899/899 899/899/899 
f 899/899/899 897/897/897 899/899/899 
f 899/899/899 897/897/897 897/897/897 
f 897/897/897 900/900/900 897/897/897 
f 897/897/897 900/900/900 898/898/898 
f 900/900/900 901/901/901 898/898/898 
f 898/898/898 901/901/901 899/899/899 
f 901/901/901 902/902/902 899/899/899 
f 899/899/899 902/902/902 902/902/902 
f 902/902/902 900/900/900 902/902/902 
f 902/902/902 900/900/900 900/900/900 
f 900/900/900 903/903/903 900/900/900 
f 900/900/900 903/903/903 901/901/901 
f 903/903/903 904/904/904 901/901/901 
f 901/901/901 904/904/904 902/902/902 
f 904/904/904 905/905/905 902/902/902 
f 902/902/902 905/905/905 905/905/905 
f 905/905/905 903/903/903 905/905/905 
f 905/905/905 903/903/903 903/903/903 
f 903/903/903 906/906/906 903/903/903 
f 903/903/903 906/906/906 904/904/904 
f 906/906/906 907/907/907 904/904/904 
f 904/904/904 907/907/907 905/905/905 
f 907/907/907 908/908/908 905/905/905 
f 905/905/905 908/908/908 908/908/908 
f 908/908/908 909/909/909 908/908/908 
f 908/908/908 909/909/909 909/909/909 
f 909/909/909 910/910/910 909/909/909 
f 909/909/909 910/910/910 911/911/911 
f 910/910/910 912/912/912 911/911/911 
f 911/911/911 912/912/912 912/912/912 
f 912/912/912 910/910/910 912/912/912 
f 912/912/912 910/910/910 910/910/910 
f 910/910/910 913/913/913 910/910/910 
f 910/910/910 913/913/913 912/912/912 
f 913/913/913 914/914/914 912/912/912 
f 912/912/912 914/914/914 914/914/914 
f 914/914/914 913/913/913 914/914/914 
f 914/914/914 913/913/913 913/913/913 
f 913/913/913 915/915/915 913/913/913 
f 913/913/913 915/915/915 914/914/914 
f 915/915/915 916/916/916 914/914/914 
f 914/914/914 916/916/916 916/916/916 
f 916/916/916 915/915/915 916/916/916 
f 916/916/916 915/915/915 915/915/915 
f 915/915/915 917/917/917 915/915/915 
f 915/915/915 917/917/917 916/916/916 
f 917/917/917 918/918/918 916/916/916 
f 916/916/916 918/918/918 918/918/918 
f 918/918/918 917/917/917 918/918/918 
f 918/918/918 917/917/917 917/917/917 
f 917/917/917 919/919/919 917/917/917 
f 917/917/917 919/919/919 918/918/918 
f 919/919/919 920/920/920 918/918/918 
f 918/918/918 920/920/920 920/920/920 
f 920/920/920 919/919/919 920/920/920 
f 920/920/920 919/919/919 919/919/919 
f 919/919/919 921/921/921 919/919/919 
f 919/919/919 921/921/921 920/920/920 
f 921/921/921 922/922/922 920/920/920 
f 920/920/920 922/922/922 922/922/922 
f 922/922/922 921/921/921 922/922/922 
f 922/922/922 921/921/921 921/921/921 
f 921/921/921 923/923/923 921/921/921 
f 921/921/921 923/923/923 922/922/922 
f 923/923/923 924/924/924 922/922/922 
f 922/922/922 924/924/924 924/924/924 
f 924/924/924 923/923/923 924/924/924 
f 924/924/924 923/923/923 923/923/923 
f 923/923/923 925/925/925 923/923/923 
f 923/923/923 925/925/925 924/924/924 
f 925/925/925 926/926/926 924/924/924 
f 924/924/924 926/926/926 926/926/926 
f 926/926/926 925/925/925 926/926/926 
f 926/926/926 925/925/925 925/925/925 
f 925/925/925 927/927/927 925/925/925 
f 925/925/925 927/927/927 926/926/926 
f 927/927/927 928/928/928 926/926/926 
f 926/926/926 928/928/928 928/928/928 
f 928/928/928 927/927/927 928/928/928 
f 928/928/928 927/927/927 927/927/927 
f 927/927/927 929/929/929 927/927/927 
f 927/927/927 929/929/929 928/928/928 
f 929/929/929 930/930/930 928/928/928 
f 928/928/928 930/930/930 930/930/930 
f 930/930/930 931/931/931 930/930/930 
f 930/930/930 931/931/931 931/931/931 
f 931/931/931 932/932/932 931/931/931 
f 931/931/931 932/932/932 933/933/933 
f 932/932/932 934/934/934 933/933/933 
f 933/933/933 934/934/934 935/935/935 
f 934/934/934 936/936/936 935/935/935 
f 935/935/935 936/936/936 937/937/937 
f 936/936/936 938/938/938 937/937/937 
f 937/937/937 938/938/938 939/939/939 
f 938/938/938 940/940/940 939/939/939 
f 939/939/939 940/940/940 941/941/941 
f 940/940/940 942/942/942 941/941/941 
f 941/941/941 942/942/942 943/943/943 
f 942/942/942 944/944/944 943/943/943 
f 943/943/943 944/944/944 945/945/945 
f 944/944/944 946/946/946 945/945/945 
f 945/945/945 946/946/946 947/947/947 
f 946/946/946 948/948/948 947/947/947 
f 947/947/947 948/948/948 949/949/949 
f 948/948/948 950/950/950 949/949/949 
f 949/949/949 950/950/950 951/951/951 
f 950/950/950 952/952/952 951/951/951 
f 951/951/951 952/952/952 952/952/952 
f 952/952/952 953/953/953 952/952/952 
f 952/952/952 953/953/953 953/953/953 
f 953/953/953 954/954/954 953/953/953 
f 953/953/953 954/954/954 955/955/955 
f 954/954/954 956/956/956 955/955/955 
f 955/955/955 956/956/956 957/957/957 
f 956/956/956 958/958/958 957/957/957 
f 957/957/957 958/958/958 959/959/959 
f 958/958/958 960/960/960 959/959/959 
f 959/959/959 960/960/960 961/961/961 
f 960/960/960 962/962/962 961/961/961 
f 961/961/961 962/962/962 963/963/963 
f 962/962/962 964/964/964 963/963/963 
f 963/963/963 964/964/964 965/965/965 
f 964/964/964 966/966/966 965/965/965 
f 965/965/965 966/966/966 967/967/967 
f 966/966/966 968/968/968 967/967/967 
f 967/967/967 968/968/968 969/969/969 
f 968/968/968 970/970/970 969/969/969 
f 969/969/969 970/970/970 971/971/971 
f 970/970/970 972/972/972 971/971/971 
f 971/971/971 972/972/972 973/973/973 
f 972/972/972 974/974/974 973/973/973 
f 973/973/973 974/974/974 974/974/974 
f 974/974/974 975/975/975 974/974/974 
f 974/974/974 975/975/975 975/975/975 
f 975/975/975 976/976/976 975/975/975 
f 975/975/975 976/976/976 977/977/977 
f 976/976/976 978/978/978 977/977/977 
f 977/977/977 978/978/978 979/979/979 
f 978/978/978 980/980/980 979/979/979 
f 979/979/979 980/980/980 980/980/980 
f 980/980/980 976/976/976 980/980/980 
f 980/980/980 976/976/976 976/976/976 
f 976/976/976 981/981/981 976/976/976 
f 976/976/976 981/981/981 978/978/978 
f 981/981/981 982/982/982 978/978/978 
f 978/978/978 982/982/982 983/983/983 
f 982/982/982 983/983/983 983/983/983 
f 983/983/983 983/983/983 983/983/983 
f 983/983/983 984/984/984 983/983/983 
f 983/983/983 984/984/984 978/978/978 
f 984/984/984 985/985/985 978/978/978 
f 978/978/978 985/985/985 980/980/980 
f 985/985/985 980/980/980 980/980/980 
f 980/980/980 980/980/980 986/986/986 
f 980/980/980 986/986/986 986/986/986 
f 986/986/986 986/986/986 986/986/986 
f 986/986/986 987/987/987 986/986/986 
f 986/986/986 987/987/987 988/988/988 
f 987/987/987 989/989/989 988/988/988 
f 988/988/988 989/989/989 990/990/990 
f 989/989/989 991/991/991 990/990/990 
f 990/990/990 991/991/991 991/991/991 
f 991/991/991 987/987/987 991/991/991 
f 991/991/991 987/987/987 987/987/987 
f 987/987/987 992/992/992 987/987/987 
f 987/987/987 992/992/992 989/989/989 
f 992/992/992 993/993/993 989/989/989 
f 989/989/989 993/993/993 991/991/991 
f 993/993/993 994/994/994 991/991/991 
f 991/991/991 994/994/994 994/994/994 
f 994/994/994 992/992/992 994/994/994 
f 994/994/994 992/992/992 992/992/992 
f 992/992/992 995/995/995 992/992/992 
f 992/992/992 995/995/995 993/993/993 
f 995/995/995 996/996/996 993/993/993 
f 993/993/993 996/996/996 994/994/994 
f 996/996/996 997/997/997 994/994/994 
f 994/994/994 997/997/997 997/997/997 
f 997/997/997 995/995/995 997/997/997 
f 997/997/997 995/995/995 995/995/995 
f 995/995/995 998/998/998 995/995/995 
f 995/995/995 998/998/998 996/996/996 
f 998/998/998 999/999/999 996/996/996 
f 996/996/996 999/999/999 997/997/997 
f 999/999/999 1000/1000/1000 997/997/997 
f 997/997/997 1000/1000/1000 1000/1000/1000 
f 1000/1000/1000 998/998/998 1000/1000/1000 
f 1000/1000/1000 998/998/998 998/998/998 
f 998/998/998 1001/1001/1001 998/998/998 
f 998/998/998 1001/1001/1001 999/999/999 
f 1001/1001/1001 1002/1002/1002 999/999/999 
f 999/999/999 1002/1002/1002 1000/1000/1000 
f 1002/1002/1002 1003/1003/1003 1000/1000/1000 
f 1000/1000/1000 1003/1003/1003 1003/1003/1003 
f 1003/1003/1003 1001/1001/1001 1003/1003/1003 
f 1003/1003/1003 1001/1001/1001 1001/1001/1001 
f 1001/1001/1001 1004/1004/1004 1001/1001/1001 
f 1001/1001/1001 1004/1004/1004 1002/1002/1002 
f 1004/1004/1004 1005/1005/1005 1002/1002/1002 
f 1002/1002/1002 1005/1005/1005 1003/1003/1003 
f 1005/1005/1005 1006/1006/1006 1003/1003/1003 
f 1003/1003/1003 1006/1006/1006 1006/1006/1006 
f 1006/1006/1006 1004/1004/1004 1006/1006/1006 
f 1006/1006/1006 1004/1004/1004 1004/1004/1004 
f 1004/1004/1004 1007/1007/1007 1004/1004/1004 
f 1004/1004/1004 1007/1007/1007 1005/1005/1005 
f 1007/1007/1007 1008/1008/1008 1005/1005/1005 
f 1005/1005/1005 1008/1008/1008 1006/1006/1006 
f 1008/1008/1008 1009/1009/1009 1006/1006/1006 
f 1006/1006/1006 1009/1009/1009 1009/1009/1009 
f 1009/1009/1009 1007/1007/1007 1009/1009/1009 
f 1009/1009/1009 1007/1007/1007 1007/1007/1007 
f 1007/1007/1007 1010/1010/1010 1007/1007/1007 
f 1007/1007/1007 1010/1010/1010 1008/1008/1008 
f 1010/1010/1010 1011/1011/1011 1008/1008/1008 
f 1008/1008/1008 1011/1011/1011 1009/1009/1009 
f 1011/1011/1011 1012/1012/1012 1009/1009/1009 
f 1009/1009/1009 1012/1012/1012 1012/1012/1012 
f 1012/1012/1012 1010/1010/1010 1012/1012/1012 
f 1012/1012/1012 1010/1010/1010 1010/1010/1010 
f 1010/1010/1010 1013/1013/1013 1010/1010/1010 
f 1010/1010/1010 1013/1013/1013 1011/1011/1011 
f 1013/1013/1013 1014/1014/1014 1011/1011/1011 
f 1011/1011/1011 1014/1014/1014 1012/1012/1012 
f 1014/1014/1014 1015/1015/1015 1012/1012/1012 
f 1012/1012/1012 1015/1015/1015 1015/1015/1015 
f 1015/1015/1015 1013/1013/1013 1015/1015/1015 
f 1015/1015/1015 1013/1013/1013 1013/1013/1013 
f 1013/1013/1013 1016/1016/1016 1013/1013/1013 
f 1013/1013/1013 1016/1016/1016 1014/1014/1014 
f 1016/1016/1016 1017/1017/1017 1014/1014/1014 
f 1014/1014/1014 1017/1017/1017 1015/1015/1015 
f 1017/1017/1017 1018/1018/1018 1015/1015/1015 
f 1015/1015/1015 1018/1018/1018 1018/1018/1018 
f 1018/1018/1018 1019/1019/1019 1018/1018/1018 
f 1018/1018/1018 1019/1019/1019 1019/1019/1019 
f 1019/1019/1019 1020/1020/1020 1019/1019/1019 
f 1019/1019/1019 1020/1020/1020 1021/1021/1021 
f 1020/1020/1020 1022/1022/1022 1021/1021/1021 
f 1021/1021/1021 1022/1022/1022 1022/1022/1022 
f 1022/1022/1022 1020/1020/1020 1022/1022/1022 
f 1022/1022/1022 1020/1020/1020 1020/1020/1020 
f 1020/1020/1020 1023/1023/1023 1020/1020/1020 
f 1020/1020/1020 1023/1023/1023 1022/1022/1022 
f 1023/1023/1023 1024/1024/1024 1022/1022/1022 
f 1022/1022/1022 1024/1024/1024 1024/1024/1024 
f 1024/1024/1024 1023/1023/1023 1024/1024/1024 
f 1024/1024/1024 1023/1023/1023 1023/1023/1023 
f 1023/1023/1023 1025/1025/1025 1023/1023/1023 
f 1023/1023/1023 1025/1025/1025 1024/1024/1024 
f 1025/1025/1025 1026/1026/1026 1024/1024/1024 
f 1024/1024/1024 1026/1026/1026 1026/1026/1026 
f 1026/1026/1026 1025/1025/1025 1026/1026/1026 
f 1026/1026/1026 1025/1025/1025 1025/1025/1025 
f 1025/1025/1025 1027/1027/1027 1025/1025/1025 
f 1025/1025/1025 1027/1027/1027 1026/1026/1026 
f 1027/1027/1027 1028/1028/1028 1026/1026/1026 
f 1026/1026/1026 1028/1028/1028 1028/1028/1028 
f 1028/1028/1028 1027/1027/1027 1028/1028/1028 
f 1028/1028/1028 1027/1027/1027 1027/1027/1027 
f 1027/1027/1027 1029/1029/1029 1027/1027/1027 
f 1027/1027/1027 1029/1029/1029 1028/1028/1028 
f 1029/1029/1029 1030/1030/1030 1028/1028/1028 
f 1028/1028/1028 1030/1030/1030 1030/1030/1030 
f 1030/1030/1030 1029/1029/1029 1030/1030/1030 
f 1030/1030/1030 1029/1029/1029 1029/1029/1029 
f 1029/1029/1029 1031/1031/1031 1029/1029/1029 
f 1029/1029/1029 1031/1031/1031 1030/1030/1030 
f 1031/1031/1031 1032/1032/1032 1030/1030/1030 
f 1030/1030/1030 1032/1032/1032 1032/1032/1032 
f 1032/1032/1032 1033/1033/1033 1032/1032/1032 
f 1032/1032/1032 1033/1033/1033 1033/1033/1033 
f 1033/1033/1033 1034/1034/1034 1033/1033/1033 
f 1033/1033/1033 1034/1034/1034 1035/1035/1035 
f 1034/1034/1034 1036/1036/1036 1035/1035/1035 
f 1035/1035/1035 1036/1036/1036 1036/1036/1036 
f 1036/1036/1036 1034/1034/1034 1036/1036/1036 
f 1036/1036/1036 1034/1034/1034 1034/1034/1034 
f 1034/1034/1034 1037/1037/1037 1034/1034/1034 
f 1034/1034/1034 1037/1037/1037 1036/1036/1036 
f 1037/1037/1037 1038/1038/1038 1036/1036/1036 
f 1036/1036/1036 1038/1038/1038 1038/1038/1038 
f 1038/1038/1038 1037/1037/1037 1038/1038/1038 
f 1038/1038/1038 1037/1037/1037 1037/1037/1037 
f 1037/1037/1037 1039/1039/1039 1037/1037/1037 
f 1037/1037/1037 1039/1039/1039 1038/1038/1038 
f 1039/1039/1039 1040/1040/1040 1038/1038/1038 
f 1038/1038/1038 1040/1040/1040 1040/1040/1040 
f 1040/1040/1040 1039/1039/1039 1040/1040/1040 
f 1040/1040/1040 1039/1039/1039 1039/1039/1039 
f 1039/1039/1039 1041/1041/1041 1039/1039/1039 
f 1039/1039/1039 1041/1041/1041 1040/1040/1040 
f 1041/1041/1041 1042/1042/1042 1040/1040/1040 
f 1040/1040/1040 1042/1042/1042 1042/1042/1042 
f 1042/1042/1042 1041/1041/1041 1042/1042/1042 
f 1042/1042/1042 1041/1041/1041 1041/1041/1041 
f 1041/1041/1041 1043/1043/1043 1041/1041/1041 
f 1041/1041/1041 1043/1043/1043 1042/1042/1042 
f 1043/1043/1043 1044/1044/1044 1042/1042/1042 
f 1042/1042/1042 1044/1044/1044 1044/1044/1044 
f 1044/1044/1044 1043/1043/1043 1044/1044/1044 
f 1044/1044/1044 1043/1043/1043 1043/1043/1043 
f 1043/1043/1043 1045/1045/1045 1043/1043/1043 
f 1043/1043/1043 1045/1045/1045 1044/1044/1044 
f 1045/1045/1045 1046/1046/1046 1044/1044/1044 
f 1044/1044/1044 1046/1046/1046 1046/1046/1046 
f 1046/1046/1046 1045/1045/1045 1046/1046/1046 
f 1046/1046/1046 1045/1045/1045 1045/1045/1045 
f 1045/1045/1045 1047/1047/1047 1045/1045/1045 
f 1045/1045/1045 1047/1047/1047 1046/1046/1046 
f 1047/1047/1047 1048/1048/1048 1046/1046/1046 
f 1046/1046/1046 1048/1048/1048 1048/1048/1048 
f 1048/1048/1048 1047/1047/1047 1048/1048/1048 
f 1048/1048/1048 1047/1047/1047 1047/1047/1047 
f 1047/1047/1047 1049/1049/1049 1047/1047/1047 
f 1047/1047/1047 1049/1049/1049 1048/1048/1048 
f 1049/1049/1049 1050/1050/1050 1048/1048/1048 
f 1048/1048/1048 1050/1050/1050 1050/1050/1050 
f 1050/1050/1050 1049/1049/1049 1050/1050/1050 
f 1050/1050/1050 1049/1049/1049 1049/1049/1049 
f 1049/1049/1049 1051/1051/1051 1049/1049/1049 
f 1049/1049/1049 1051/1051/1051 1050/1050/1050 
f 1051/1051/1051 1052/1052/1052 1050/1050/1050 
f 1050/1050/1050 1052/1052/1052 1052/1052/1052 
f 1052/1052/1052 1051/1051/1051 1052/1052/1052 
f 1052/1052/1052 1051/1051/1051 1051/1051/1051 
f 1051/1051/1051 1053/1053/1053 1051/1051/1051 
f 1051/1051/1051 1053/1053/1053 1052/1052/1052 
f 1053/1053/1053 1054/1054/1054 1052/1052/1052 
f 1052/1052/1052 1054/1054/1054 1054/1054/1054 
f 1054/1054/1054 1055/1055/1055 1054/1054/1054 
f 1054/1054/1054 1055/1055/1055 1055/1055/1055 
f 1055/1055/1055 1056/1056/1056 1055/1055/1055 
f 1055/1055/1055 1056/1056/1056 1057/1057/1057 
f 1056/1056/1056 1058/1058/1058 1057/1057/1057 
f 1057/1057/1057 1058/1058/1058 1058/1058/1058 
f 1058/1058/1058 1056/1056/1056 1058/1058/1058 
f 1058/1058/1058 1056/1056/1056 1056/1056/1056 
f 1056/1056/1056 1059/1059/1059 1056/1056/1056 
f 1056/1056/1056 1059/1059/1059 1058/1058/1058 
f 1059/1059/1059 1060/1060/1060 1058/1058/1058 
f 1058/1058/1058 1060/1060/1060 1060/1060/1060 
f 1060/1060/1060 1059/1059/1059 1060/1060/1060 
f 1060/1060/1060 1059/1059/1059 1059/1059/1059 
f 1059/1059/1059 1061/1061/1061 1059/1059/1059 
f 1059/1059/1059 1061/1061/1061 1060/1060/1060 
f 1061/1061/1061 1062/1062/1062 1060/1060/1060 
f 1060/1060/1060 1062/1062/1062 1062/1062/1062 
f 1062/1062/1062 1061/1061/1061 1062/1062/1062 
f 1062/1062/1062 1061/1061/1061 1061/1061/1061 
f 1061/1061/1061 1063/1063/1063 1061/1061/1061 
f 1061/1061/1061 1063/1063/1063 1062/1062/1062 
f 1063/1063/1063 1064/1064/1064 1062/1062/1062 
f 1062/1062/1062 1064/1064/1064 1064/1064/1064 
f 1064/1064/1064 1063/1063/1063 1064/1064/1064 
f 1064/1064/1064 1063/1063/1063 1063/1063/1063 
f 1063/1063/1063 1065/1065/1065 1063/1063/1063 
f 1063/1063/1063 1065/1065/1065 1064/1064/1064 
f 1065/1065/1065 1066/1066/1066 1064/1064/1064 
f 1064/1064/1064 1066/1066/1066 1066/1066/1066 
f 1066/1066/1066 1065/1065/1065 1066/1066/1066 
f 1066/1066/1066 1065/1065/1065 1065/1065/1065 
f 1065/1065/1065 1067/1067/1067 1065/1065/1065 
f 1065/1065/1065 1067/1067/1067 1066/1066/1066 
f 1067/1067/1067 1068/1068/1068 1066/1066/1066 
f 1066/1066/1066 1068/1068/1068 1068/1068/1068 
f 1068/1068/1068 1067/1067/1067 1068/1068/1068 
f 1068/1068/1068 1067/1067/1067 1067/1067/1067 
f 1067/1067/1067 1069/1069/1069 1067/1067/1067 
f 1067/1067/1067 1069/1069/1069 1068/1068/1068 
f 1069/1069/1069 1070/1070/1070 1068/1068/1068 
f 1068/1068/1068 1070/1070/1070 1070/1070/1070 
f 1070/1070/1070 1069/1069/1069 1070/1070/1070 
f 1070/1070/1070 1069/1069/1069 1069/1069/1069 
f 1069/1069/1069 1071/1071/1071 1069/1069/1069 
f 1069/1069/1069 1071/1071/1071 1070/1070/1070 
f 1071/1071/1071 1072/1072/1072 1070/1070/1070 
f 1070/1070/1070 1072/1072/1072 1072/1072/1072 
f 1072/1072/1072 1071/1071/1071 1072/1072/1072 
f 1072/1072/1072 1071/1071/1071 1071/1071/1071 
f 1071/1071/1071 1073/1073/1073 1071/1071/1071 
f 1071/1071/1071 1073/1073/1073 1072/1072/1072 
f 1073/1073/1073 1074/1074/1074 1072/1072/1072 
f 1072/1072/1072 1074/1074/1074 1074/1074/1074 
f 1074/1074/1074 1073/1073/1073 1074/1074/1074 
f 1074/1074/1074 1073/1073/1073 1073/1073/1073 
f 1073/1073/1073 1075/1075/1075 1073/1073/1073 
f 1073/1073/1073 1075/1075/1075 1074/1074/1074 
f 1075/1075/1075 1076/1076/1076 1074/1074/1074 
f 1074/1074/1074 1076/1076/1076 1076/1076/1076 
f 1076/1076/1076 1077/1077/1077 1076/1076/1076 
f 1076/1076/1076 1077/1077/1077 1077/1077/1077 
f 1077/1077/1077 1078/1078/1078 1077/1077/1077 
f 1077/1077/1077 1078/1078/1078 1079/1079/1079 
f 1078/1078/1078 1080/1080/1080 1079/1079/1079 
f 1079/1079/1079 1080/1080/1080 1081/1081/1081 
f 1080/1080/1080 1082/1082/1082 1081/1081/1081 
f 1081/1081/1081 1082/1082/1082 1083/1083/1083 
f 1082/1082/1082 1084/1084/1084 1083/1083/1083 
f 1083/1083/1083 1084/1084/1084 1085/1085/1085 
f 1084/1084/1084 1086/1086/1086 1085/1085/1085 
f 1085/1085/1085 1086/1086/1086 1087/1087/1087 
f 1086/1086/1086 1088/1088/1088 1087/1087/1087 
f 1087/1087/1087 1088/1088/1088 1089/1089/1089 
f 1088/1088/1088 1090/1090/1090 1089/1089/1089 
f 1089/1089/1089 1090/1090/1090 1091/1091/1091 
f 1090/1090/1090 1092/1092/1092 1091/1091/1091 
f 1091/1091/1091 1092/1092/1092 1093/1093/1093 
f 1092/1092/1092 1094/1094/1094 1093/1093/1093 
f 1093/1093/1093 1094/1094/1094 1095/1095/1095 
f 1094/1094/1094 1096/1096/1096 1095/1095/1095 
f 1095/1095/1095 1096/1096/1096 1097/1097/1097 
f 1096/1096/1096 1098/1098/1098 1097/1097/1097 
f 1097/1097/1097 1098/1098/1098 1098/1098/1098 
f 1098/1098/1098 1099/1099/1099 1098/1098/1098 
f 1098/1098/1098 1099/1099/1099 1099/1099/1099 
f 1099/1099/1099 1100/1100/1100 1099/1099/1099 
f 1099/1099/1099 1100/1100/1100 1101/1101/1101 
f 1100/1100/1100 1102/1102/1102 1101/1101/1101 
f 1101/1101/1101 1102/1102/1102 1102/1102/1102 
f 1102/1102/1102 1100/1100/1100 1102/1102/1102 
f 1102/1102/1102 1100/1100/1100 1100/1100/1100 
f 1100/1100/1100 1103/1103/1103 1100/1100/1100 
f 1100/1100/1100 1103/1103/1103 1102/1102/1102 
f 1103/1103/1103 1104/1104/1104 1102/1102/1102 
f 1102/1102/1102 1104/1104/1104 1104/1104/1104 
f 1104/1104/1104 1103/1103/1103 1104/1104/1104 
f 1104/1104/1104 1103/1103/1103 1103/1103/1103 
f 1103/1103/1103 1105/1105/1105 1103/1103/1103 
f 1103/1103/1103 1105/1105/1105 1104/1104/1104 
f 1105/1105/1105 1106/1106/1106 1104/1104/1104 
f 1104/1104/1104 1106/1106/1106 1106/1106/1106 
f 1106/1106/1106 1105/1105/1105 1106/1106/1106 
f 1106/1106/1106 1105/1105/1105 1105/1105/1105 
f 1105/1105/1105 1107/1107/1107 1105/1105/1105 
f 1105/1105/1105 1107/1107/1107 1106/1106/1106 
f 1107/1107/1107 1108/1108/1108 1106/1106/1106 
f 1106/1106/1106 1108/1108/1108 1108/1108/1108 
f 1108/1108/1108 1107/1107/1107 1108/1108/1108 
f 1108/1108/1108 1107/1107/1107 1107/1107/1107 
f 1107/1107/1107 1109/1109/1109 1107/1107/1107 
f 1107/1107/1107 1109/1109/1109 1108/1108/1108 
f 1109/1109/1109 1110/1110/1110 1108/1108/1108 
f 1108/1108/1108 1110/1110/1110 1110/1110/1110 
f 1110/1110/1110 1109/1109/1109 1110/1110/1110 
f 1110/1110/1110 1109/1109/1109 1109/1109/1109 
f 1109/1109/1109 1111/1111/1111 1109/1109/1109 
f 1109/1109/1109 1111/1111/1111 1110/1110/1110 
f 1111/1111/1111 1112/1112/1112 1110/1110/1110 
f 1110/1110/1110 1112/1112/1112 1112/1112/1112 
f 1112/1112/1112 1111/1111/1111 1112/1112/1112 
f 1112/1112/1112 1111/1111/1111 1111/1111/1111 
f 1111/1111/1111 1113/1113/1113 1111/1111/1111 
f 1111/1111/1111 1113/1113/1113 1112/1112/1112 
f 1113/1113/1113 1114/1114/1114 1112/1112/1112 
f 1112/1112/1112 1114/1114/1114 1114/1114/1114 
f 1114/1114/1114 1113/1113/1113 1114/1114/1114 
f 1114/1114/1114 1113/1113/1113 1113/1113/1113 
f 1113/1113/1113 1115/1115/1115 1113/1113/1113 
f 1113/1113/1113 1115/1115/1115 1114/1114/1114 
f 1115/1115/1115 1116/1116/1116 1114/1114/1114 
f 1114/1114/1114 1116/1116/1116 1116/1116/1116 
f 1116/1116/1116 1115/1115/1115 1116/1116/1116 
f 1116/1116/1116 1115/1115/1115 1115/1115/1115 
f 1115/1115/1115 1117/1117/1117 1115/1115/1115 
f 1115/1115/1115 1117/1117/1117 1116/1116/1116 
f 1117/1117/1117 1118/1118/1118 1116/1116/1116 
f 1116/1116/1116 1118/1118/1118 1118/1118/1118 
f 1118/1118/1118 1117/1117/1117 1118/1118/1118 
f 1118/1118/1118 1117/1117/1117 1117/1117/1117 
f 1117/1117/1117 1119/1119/1119 1117/1117/1117 
f 1117/1117/1117 1119/1119/1119 1118/1118/1118 
f 1119/1119/1119 1120/1120/1120 1118/1118/1118 
f 1118/1118/1118 1120/1120/1120 1120/1120/1120 
f 1120/1120/1120 1121/1121/1121 1120/1120/1120 
f 1120/1120/1120 1121/1121/1121 1121/1121/1121 
f 1121/1121/1121 1122/1122/1122 1121/1121/1121 
f 1121/1121/1121 1122/1122/1122 1123/1123/1123 
f 1122/1122/1122 1124/1124/1124 1123/1123/1123 
f 1123/1123/1123 1124/1124/1124 1124/1124/1124 
f 1124/1124/1124 1122/1122/1122 1124/1124/1124 
f 1124/1124/1124 1122/1122/1122 1122/1122/1122 
f 1122/1122/1122 1125/1125/1125 1122/1122/1122 
f 1122/1122/1122 1125/1125/1125 1124/1124/1124 
f 1125/1125/1125 1126/1126/1126 1124/1124/1124 
f 1124/1124/1124 1126/1126/1126 1126/1126/1126 
f 1126/1126/1126 1125/1125/1125 1126/1126/1126 
f 1126/1126/1126 1125/1125/1125 1125/1125/1125 
f 1125/1125/1125 1127/1127/1127 1125/1125/1125 
f 1125/1125/1125 1127/1127/1127 1126/1126/1126 
f 1127/1127/1127 1128/1128/1128 1126/1126/1126 
f 1126/1126/1126 1128/1128/1128 1128/1128/1128 
f 1128/1128/1128 1127/1127/1127 1128/1128/1128 
f 1128/1128/1128 1127/1127/1127 1127/1127/1127 
f 1127/1127/1127 1129/1129/1129 1127/1127/1127 
f 1127/1127/1127 1129/1129/1129 1128/1128/1128 
f 1129/1129/1129 1130/1130/1130 1128/1128/1128 
f 1128/1128/1128 1130/1130/1130 1130/1130/1130 
f 1130/1130/1130 1129/1129/1129 1130/1130/1130 
f 1130/1130/1130 1129/1129/1129 1129/1129/1129 
f 1129/1129/1129 1131/1131/1131 1129/1129/1129 
f 1129/1129/1129 1131/1131/1131 1130/1130/1130 
f 1131/1131/1131 1132/1132/1132 1130/1130/1130 
f 1130/1130/1130 1132/1132/1132 1132/1132/1132 
f 1132/1132/1132 1131/1131/1131 1132/1132/1132 
f 1132/1132/1132 1131/1131/1131 1131/1131/1131 
f 1131/1131/1131 1133/1133/1133 1131/1131/1131 
f 1131/1131/1131 1133/1133/1133 1132/1132/1132 
f 1133/1133/1133 1134/1134/1134 1132/1132/1132 
f 1132/1132/1132 1134/1134/1134 1134/1134/1134 
f 1134/1134/1134 1133/1133/1133 1134/1134/1134 
f 1134/1134/1134 1133/1133/1133 1133/1133/1133 
f 1133/1133/1133 1135/1135/1135 1133/1133/1133 
f 1133/1133/1133 1135/1135/1135 1134/1134/1134 
f 1135/1135/1135 1136/1136/1136 1134/1134/1134 
f 1134/1134/1134 1136/1136/1136 1136/1136/1136 
f 1136/1136/1136 1135/1135/1135 1136/1136/1136 
f 1136/1136/1136 1135/1135/1135 1135/1135/1135 
f 1135/1135/1135 1137/1137/1137 1135/1135/1135 
f 1135/1135/1135 1137/1137/1137 1136/1136/1136 
f 1137/1137/1137 1138/1138/1138 1136/1136/1136 
f 1136/1136/1136 1138/1138/1138 1138/1138/1138 
f 1138/1138/1138 1137/1137/1137 1138/1138/1138 
f 1138/1138/1138 1137/1137/1137 1137/1137/1137 
f 1137/1137/1137 1139/1139/1139 1137/1137/1137 
f 1137/1137/1137 1139/1139/1139 1138/1138/1138 
f 1139/1139/1139 1140/1140/1140 1138/1138/1138 
f 1138/1138/1138 1140/1140/1140 1140/1140/1140 
f 1140/1140/1140 1139/1139/1139 1140/1140/1140 
f 1140/1140/1140 1139/1139/1139 1139/1139/1139 
f 1139/1139/1139 1141/1141/1141 1139/1139/1139 
f 1139/1139/1139 1141/1141/1141 1140/1140/1140 
f 1141/1141/1141 1142/1142/1142 1140/1140/1140 
f 1140/1140/1140 1142/1142/1142 1142/1142/1142 
f 1142/1142/1142 1143/1143/1143 1142/1142/1142 
f 1142/1142/1142 1143/1143/1143 1143/1143/1143 
f 1143/1143/1143 1144/1144/1144 1143/1143/1143 
f 1143/1143/1143 1144/1144/1144 1145/1145/1145 
f 1144/1144/1144 1146/1146/1146 1145/1145/1145 
f 1145/1145/1145 1146/1146/1146 1146/1146/1146 
f 1146/1146/1146 1144/1144/1144 1146/1146/1146 
f 1146/1146/1146 1144/1144/1144 1144/1144/1144 
f 1144/1144/1144 1147/1147/1147 1144/1144/1144 
f 1144/1144/1144 1147/1147/1147 1146/1146/1146 
f 1147/1147/1147 1148/1148/1148 1146/1146/1146 
f 1146/1146/1146 1148/1148/1148 1148/1148/1148 
f 1148/1148/1148 1147/1147/1147 1148/1148/1148 
f 1148/1148/1148 1147/1147/1147 1147/1147/1147 
f 1147/1147/1147 1149/1149/1149 1147/1147/1147 
f 1147/1147/1147 1149/1149/1149 1148/1148/1148 
f 1149/1149/1149 1150/1150/1150 1148/1148/1148 
f 1148/1148/1148 1150/1150/1150 1150/1150/1150 
f 1150/1150/1150 1149/1149/1149 1150/1150/1150 
f 1150/1150/1150 1149/1149/1149 1149/1149/1149 
f 1149/1149/1149 1151/1151/1151 1149/1149/1149 
f 1149/1149/1149 1151/1151/1151 1150/1150/1150 
f 1151/1151/1151 1152/1152/1152 1150/1150/1150 
f 1150/1150/1150 1152/1152/1152 1152/1152/1152 
f 1152/1152/1152 1151/1151/1151 1152/1152/1152 
f 1152/1152/1152 1151/1151/1151 1151/1151/1151 
f 1151/1151/1151 1153/1153/1153 1151/1151/1151 
f 1151/1151/1151 1153/1153/1153 1152/1152/1152 
f 1153/1153/1153 1154/1154/1154 1152/1152/1152 
f 1152/1152/1152 1154/1154/1154 1154/1154/1154 
f 1154/1154/1154 1153/1153/1153 1154/1154/1154 
f 1154/1154/1154 1153/1153/1153 1153/1153/1153 
f 1153/1153/1153 1155/1155/1155 1153/1153/1153 
f 1153/1153/1153 1155/1155/1155 1154/1154/1154 
f 1155/1155/1155 1156/1156/1156 1154/1154/1154 
f 1154/1154/1154 1156/1156/1156 1156/1156/1156 
f 1156/1156/1156 1155/1155/1155 1156/1156/1156 
f 1156/1156/1156 1155/1155/1155 1155/1155/1155 
f 1155/1155/1155 1157/1157/1157 1155/1155/1155 
f 1155/1155/1155 1157/1157/1157 1156/1156/1156 
f 1157/1157/1157 1158/1158/1158 1156/1156/1156 
f 1156/1156/1156 1158/1158/1158 1158/1158/1158 
f 1158/1158/1158 1157/1157/1157 1158/1158/1158 
f 1158/1158/1158 1157/1157/1157 1157/1157/1157 
f 1157/1157/1157 1159/1159/1159 1157/1157/1157 
f 1157/1157/1157 1159/1159/1159 1158/1158/1158 
f 1159/1159/1159 1160/1160/1160 1158/1158/1158 
f 1158/1158/1158 1160/1160/1160 1160/1160/1160 
f 1160/1160/1160 1159/1159/1159 1160/1160/1160 
f 1160/1160/1160 1159/1159/1159 1159/1159/1159 
f 1159/1159/1159 1161/1161/1161 1159/1159/1159 
f 1159/1159/1159 1161/1161/1161 1160/1160/1160 
f 1161/1161/1161 1162/1162/1162 1160/1160/1160 
f 1160/1160/1160 1162/1162/1162 1162/1162/1162 
f 1162/1162/1162 1161/1161/1161 1162/1162/1162 
f 1162/1162/1162 1161/1161/1161 1161/1161/1161 
f 1161/1161/1161 1163/1163/1163 1161/1161/1161 
f 1161/1161/1161 1163/1163/1163 1162/1162/1162 
f 1163/1163/1163 1164/1164/1164 1162/1162/1162 
f 1162/1162/1162 1164/1164/1164 1164/1164/1164 
f 1164/1164/1164 1165/1165/1165 1164/1164/1164 
f 1164/1164/1164 1165/1165/1165 1165/1165/1165 
f 1165/1165/1165 1166/1166/1166 1165/1165/1165 
f 1165/1165/1165 1166/1166/1166 1167/1167/1167 
f 1166/1166/1166 1168/1168/1168 1167/1167/1167 
f 1167/1167/1167 1168/1168/1168 1168/1168/1168 
f 1168/1168/1168 1166/1166/1166 1168/1168/1168 
f 1168/1168/1168 1166/1166/1166 1166/1166/1166 
f 1166/1166/1166 1169/1169/1169 1166/1166/1166 
f 1166/1166/1166 1169/1169/1169 1168/1168/1168 
f 1169/1169/1169 1170/1170/1170 1168/1168/1168 
f 1168/1168/1168 1170/1170/1170 1170/1170/1170 
f 1170/1170/1170 1169/1169/1169 1170/1170/1170 
f 1170/1170/1170 1169/1169/1169 1169/1169/1169 
f 1169/1169/1169 1171/1171/1171 1169/1169/1169 
f 1169/1169/1169 1171/1171/1171 1170/1170/1170 
f 1171/1171/1171 1172/1172/1172 1170/1170/1170 
f 1170/1170/1170 1172/1172/1172 1172/1172/1172 
f 1172/1172/1172 1171/1171/1171 1172/1172/1172 
f 1172/1172/1172 1171/1171/1171 1171/1171/1171 
f 1171/1171/1171 1173/1173/1173 1171/1171/1171 
f 1171/1171/1171 1173/1173/1173 1172/1172/1172 
f 1173/1173/1173 1174/1174/1174 1172/1172/1172 
f 1172/1172/1172 1174/1174/1174 1174/1174/1174 
f 1174/1174/1174 1173/1173/1173 1174/1174/1174 
f 1174/1174/1174 1173/1173/1173 1173/1173/1173 
f 1173/1173/1173 1175/1175/1175 1173/1173/1173 
f 1173/1173/1173 1175/1175/1175 1174/1174/1174 
f 1175/1175/1175 1176/1176/1176 1174/1174/1174 
f 1174/1174/1174 1176/1176/1176 1176/1176/1176 
f 1176/1176/1176 1175/1175/1175 1176/1176/1176 
f 1176/1176/1176 1175/1175/1175 1175/1175/1175 
f 1175/1175/1175 1177/1177/1177 1175/1175/1175 
f 1175/1175/1175 1177/1177/1177 1176/1176/1176 
f 1177/1177/1177 1178/1178/1178 1176/1176/1176 
f 1176/1176/1176 1178/1178/1178 1178/1178/1178 
f 1178/1178/1178 1177/1177/1177 1178/1178/1178 
f 1178/1178/1178 1177/1177/1177 1177/1177/1177 
f 1177/1177/1177 1179/1179/1179 1177/1177/1177 
f 1177/1177/1177 1179/1179/1179 1178/1178/1178 
f 1179/1179/1179 1180/1180/1180 1178/1178/1178 
f 1178/1178/1178 1180/1180/1180 1180/1180/1180 
f 1180/1180/1180 1179/1179/1179 1180/1180/1180 
f 1180/1180/1180 1179/1179/1179 1179/1179/1179 
f 1179/1179/1179 1181/1181/1181 1179/1179/1179 
f 1179/1179/1179 1181/1181/1181 1180/1180/1180 
f 1181/1181/1181 1182/1182/1182 1180/1180/1180 
f 1180/1180/1180 1182/1182/1182 1182/1182/1182 
f 1182/1182/1182 1181/1181/1181 1182/1182/1182 
f 1182/1182/1182 1181/1181/1181 1181/1181/1181 
f 1181/1181/1181 1183/1183/1183 1181/1181/1181 
f 1181/1181/1181 1183/1183/1183 1182/1182/1182 
f 1183/1183/1183 1184/1184/1184 1182/1182/1182 
f 1182/1182/1182 1184/1184/1184 1184/1184/1184 
f 1184/1184/1184 1183/1183/1183 1184/1184/1184 
f 1184/1184/1184 1183/1183/1183 1183/1183/1183 
f 1183/1183/1183 1185/1185/1185 1183/1183/1183 
f 1183/1183/1183 1185/1185/1185 1184/1184/1184 
f 1185/1185/1185 1186/1186/1186 1184/1184/1184 
f 1184/1184/1184 1186/1186/1186 1186/1186/1186 
f 1186/1186/1186 1187/1187/1187 1186/1186/1186 
f 1186/1186/1186 1187/1187/1187 1187/1187/1187 
f 1187/1187/1187 1188/1188/1188 1187/1187/1187 
f 1187/1187/1187 1188/1188/1188 1189/1189/1189 
f 1188/1188/1188 1190/1190/1190 1189/1189/1189 
f 1189/1189/1189 1190/1190/1190 1190/1190/1190 
f 1190/1190/1190 1188/1188/1188 1190/1190/1190 
f 1190/1190/1190 1188/1188/1188 1188/1188/1188 
f 1188/1188/1188 1191/1191/1191 1188/1188/1188 
f 1188/1188/1188 1191/1191/1191 1190/1190/1190 
f 1191/1191/1191 1192/1192/1192 1190/1190/1190 
f 1190/1190/1190 1192/1192/1192 1192/1192/1192 
f 1192/1192/1192 1191/1191/1191 1192/1192/1192 
f 1192/1192/1192 1191/1191/1191 1191/1191/1191 
f 1191/1191/1191 1193/1193/1193 1191/1191/1191 
f 1191/1191/1191 1193/1193/1193 1192/1192/1192 
f 1193/1193/1193 1194/1194/1194 1192/1192/1192 
f 1192/1192/1192 1194/1194/1194 1194/1194/1194 
f 1194/1194/1194 1193/1193/1193 1194/1194/1194 
f 1194/1194/1194 1193/1193/1193 1193/1193/1193 
f 1193/1193/1193 1195/1195/1195 1193/1193/1193 
f 1193/1193/1193 1195/1195/1195 1194/1194/1194 
f 1195/1195/1195 1196/1196/1196 1194/1194/1194 
f 1194/1194/1194 1196/1196/1196 1196/1196/1196 
f 1196/1196/1196 1195/1195/1195 1196/1196/1196 
f 1196/1196/1196 1195/1195/1195 1195/1195/1195 
f 1195/1195/1195 1197/1197/1197 1195/1195/1195 
f 1195/1195/1195 1197/1197/1197 1196/1196/1196 
f 1197/1197/1197 1198/1198/1198 1196/1196/1196 
f 1196/1196/1196 1198/1198/1198 1198/1198/1198 
f 1198/1198/1198 1197/1197/1197 1198/1198/1198 
f 1198/1198/1198 1197/1197/1197 1197/1197/1197 
f 1197/1197/1197 1199/1199/1199 1197/1197/1197 
f 1197/1197/1197 1199/1199/1199 1198/1198/1198 
f 1199/1199/1199 1200/1200/1200 1198/1198/1198 
f 1198/1198/1198 1200/1200/1200 1200/1200/1200 
f 1200/1200/1200 1199/1199/1199 1200/1200/1200 
f 1200/1200/1200 1199/1199/1199 1199/1199/1199 
f 1199/1199/1199 1201/1201/1201 1199/1199/1199 
f 1199/1199/1199 1201/1201/1201 1200/1200/1200 
f 1201/1201/1201 1202/1202/1202 1200/1200/1200 
f 1200/1200/1200 1202/1202/1202 1202/1202/1202 
f 1202/1202/1202 1201/1201/1201 1202/1202/1202 
f 1202/1202/1202 1201/1201/1201 1201/1201/1201 
f 1201/1201/1201 1203/1203/1203 1201/1201/1201 
f 1201/1201/1201 1203/1203/1203 1202/1202/1202 
f 1203/1203/1203 1204/1204/1204 1202/1202/1202 
f 1202/1202/1202 1204/1204/1204 1204/1204/1204 
f 1204/1204/1204 1203/1203/1203 1204/1204/1204 
f 1204/1204/1204 1203/1203/1203 1203/1203/1203 
f 1203/1203/1203 1205/1205/1205 1203/1203/1203 
f 1203/1203/1203 1205/1205/1205 1204/1204/1204 
f 1205/1205/1205 1206/1206/1206 1204/1204/1204 
f 1204/1204/1204 1206/1206/1206 1206/1206/1206 
f 1206/1206/1206 1205/1205/1205 1206/1206/1206 
f 1206/1206/1206 1205/1205/1205 1205/1205/1205 
f 1205/1205/1205 1207/1207/1207 1205/1205/1205 
f 1205/1205/1205 1207/1207/1207 1206/1206/1206 
f 1207/1207/1207 1208/1208/1208 1206/1206/1206 
f 1206/1206/1206 1208/1208/1208 1208/1208/1208 
f 1208/1208/1208 1209/1209/1209 1208/1208/1208 
f 1208/1208/1208 1209/1209/1209 1209/1209/1209 
f 1209/1209/1209 1210/1210/1210 1209/1209/1209 
f 1209/1209/1209 1210/1210/1210 1211/1211/1211 
f 1210/1210/1210 1212/1212/1212 1211/1211/1211 
f 1211/1211/1211 1212/1212/1212 1213/1213/1213 
f 1212/1212/1212 1214/1214/1214 1213/1213/1213 
f 1213/1213/1213 1214/1214/1214 1214/1214/1214 
f 1214/1214/1214 1210/1210/1210 1214/1214/1214 
f 1214/1214/1214 1210/1210/1210 1210/1210/1210 
f 1210/1210/1210 1215/1215/1215 1210/1210/1210 
f 1210/1210/1210 1215/1215/1215 1212/1212/1212 
f 1215/1215/1215 1216/1216/1216 1212/1212/1212 
f 1212/1212/1212 1216/1216/1216 1214/1214/1214 
f 1216/1216/1216 1217/1217/1217 1214/1214/1214 
f 1214/1214/1214 1217/1217/1217 1217/1217/1217 
f 1217/1217/1217 1215/1215/1215 1217/1217/1217 
f 1217/1217/1217 1215/1215/1215 1215/1215/1215 
f 1215/1215/1215 1218/1218/1218 1215/1215/1215 
f 1215/1215/1215 1218/1218/1218 1216/1216/1216 
f 1218/1218/1218 1219/1219/1219 1216/1216/1216 
f 1216/1216/1216 1219/1219/1219 1217/1217/1217 
f 1219/1219/1219 1220/1220/1220 1217/1217/1217 
f 1217/1217/1217 1220/1220/1220 1220/1220/1220 
f 1220/1220/1220 1218/1218/1218 1220/1220/1220 
f 1220/1220/1220 1218/1218/1218 1218/1218/1218 
f 1218/1218/1218 1221/1221/1221 1218/1218/1218 
f 1218/1218/1218 1221/1221/1221 1219/1219/1219 
f 1221/1221/1221 1222/1222/1222 1219/1219/1219 
f 1219/1219/1219 1222/1222/1222 1220/1220/1220 
f 1222/1222/1222 1223/1223/1223 1220/1220/1220 
f 1220/1220/1220 1223/1223/1223 1223/1223/1223 
f 1223/1223/1223 1221/1221/1221 1223/1223/1223 
f 1223/1223/1223 1221/1221/1221 1221/1221/1221 
f 1221/1221/1221 1224/1224/1224 1221/1221/1221 
f 1221/1221/1221 1224/1224/1224 1222/1222/1222 
f 1224/1224/1224 1225/1225/1225 1222/1222/1222 
f 1222/1222/1222 1225/1225/1225 1223/1223/1223 
f 1225/1225/1225 1226/1226/1226 1223/1223/1223 
f 1223/1223/1223 1226/1226/1226 1226/1226/1226 
f 1226/1226/1226 1224/1224/1224 1226/1226/1226 
f 1226/1226/1226 1224/1224/1224 1224/1224/1224 
f 1224/1224/1224 1227/1227/1227 1224/1224/1224 
f 1224/1224/1224 1227/1227/1227 1225/1225/1225 
f 1227/1227/1227 1228/1228/1228 1225/1225/1225 
f 1225/1225/1225 1228/1228/1228 1226/1226/1226 
f 1228/1228/1228 1229/1229/1229 1226/1226/1226 
f 1226/1226/1226 1229/1229/1229 1229/1229/1229 
f 1229/1229/1229 1227/1227/1227 1229/1229/1229 
f 1229/1229/1229 1227/1227/1227 1227/1227/1227 
f 1227/1227/1227 1230/1230/1230 1227/1227/1227 
f 1227/1227/1227 1230/1230/1230 1228/1228/1228 
f 1230/1230/1230 1231/1231/1231 1228/1228/1228 
f 1228/1228/1228 1231/1231/1231 1229/1229/1229 
f 1231/1231/1231 1232/1232/1232 1229/1229/1229 
f 1229/1229/1229 1232/1232/1232 1232/1232/1232 
f 1232/1232/1232 1230/1230/1230 1232/1232/1232 
f 1232/1232/1232 1230/1230/1230 1230/1230/1230 
f 1230/1230/1230 1233/1233/1233 1230/1230/1230 
f 1230/1230/1230 1233/1233/1233 1231/1231/1231 
f 1233/1233/1233 1234/1234/1234 1231/1231/1231 
f 1231/1231/1231 1234/1234/1234 1232/1232/1232 
f 1234/1234/1234 1235/1235/1235 1232/1232/1232 
f 1232/1232/1232 1235/1235/1235 1235/1235/1235 
f 1235/1235/1235 1233/1233/1233 1235/1235/1235 
f 1235/1235/1235 1233/1233/1233 1233/1233/1233 
f 1233/1233/1233 1236/1236/1236 1233/1233/1233 
f 1233/1233/1233 1236/1236/1236 1234/1234/1234 
f 1236/1236/1236 1237/1237/1237 1234/1234/1234 
f 1234/1234/1234 1237/1237/1237 1235/1235/1235 
f 1237/1237/1237 1238/1238/1238 1235/1235/1235 
f 1235/1235/1235 1238/1238/1238 1238/1238/1238 
f 1238/1238/1238 1236/1236/1236 1238/1238/1238 
f 1238/1238/1238 1236/1236/1236 1236/1236/1236 
f 1236/1236/1236 1239/1239/1239 1236/1236/1236 
f 1236/1236/1236 1239/1239/1239 1237/1237/1237 
f 1239/1239/1239 1240/1240/1240 1237/1237/1237 
f 1237/1237/1237 1240/1240/1240 1238/1238/1238 
f 1240/1240/1240 1241/1241/1241 1238/1238/1238 
f 1238/1238/1238 1241/1241/1241 1241/1241/1241 
f 1241/1241/1241 1242/1242/1242 1241/1241/1241 
f 1241/1241/1241 1242/1242/1242 1242/1242/1242 
f 1242/1242/1242 1243/1243/1243 1242/1242/1242 
f 1242/1242/1242 1243/1243/1243 1244/1244/1244 
f 1243/1243/1243 1245/1245/1245 1244/1244/1244 
f 1244/1244/1244 1245/1245/1245 1246/1246/1246 
f 1245/1245/1245 1247/1247/1247 1246/1246/1246 
f 1246/1246/1246 1247/1247/1247 1248/1248/1248 
f 1247/1247/1247 1249/1249/1249 1248/1248/1248 
f 1248/1248/1248 1249/1249/1249 1250/1250/1250 
f 1249/1249/1249 1251/1251/1251 1250/1250/1250 
f 1250/1250/1250 1251/1251/1251 1252/1252/1252 
f 1251/1251/1251 1253/1253/1253 1252/1252/1252 
f 1252/1252/1252 1253/1253/1253 1254/1254/1254 
f 1253/1253/1253 1255/1255/1255 1254/1254/1254 
f 1254/1254/1254 1255/1255/1255 1256/1256/1256 
f 1255/1255/1255 1257/1257/1257 1256/1256/1256 
f 1256/1256/1256 1257/1257/1257 1258/1258/1258 
f 1257/1257/1257 1259/1259/1259 1258/1258/1258 
f 1258/1258/1258 1259/1259/1259 1260/1260/1260 
f 1259/1259/1259 1261/1261/1261 1260/1260/1260 
f 1260/1260/1260 1261/1261/1261 1262/1262/1262 
f 1261/1261/1261 1263/1263/1263 1262/1262/1262 
f 1262/1262/1262 1263/1263/1263 1263/1263/1263 
f 1263/1263/1263 1264/1264/1264 1263/1263/1263 
f 1263/1263/1263 1264/1264/1264 1264/1264/1264 
f 1264/1264/1264 1265/1265/1265 1264/1264/1264 
f 1264/1264/1264 1265/1265/1265 1266/1266/1266 
f 1265/1265/1265 1267/1267/1267 1266/1266/1266 
f 1266/1266/1266 1267/1267/1267 1268/1268/1268 
f 1267/1267/1267 1269/1269/1269 1268/1268/1268 
f 1268/1268/1268 1269/1269/1269 1270/1270/1270 
f 1269/1269/1269 1271/1271/1271 1270/1270/1270 
f 1270/1270/1270 1271/1271/1271 1272/1272/1272 
f 1271/1271/1271 1273/1273/1273 1272/1272/1272 
f 1272/1272/1272 1273/1273/1273 1274/1274/1274 
f 1273/1273/1273 1275/1275/1275 1274/1274/1274 
f 1274/1274/1274 1275/1275/1275 1276/1276/1276 
f 1275/1275/1275 1277/1277/1277 1276/1276/1276 
f 1276/1276/1276 1277/1277/1277 1278/1278/1278 
f 1277/1277/1277 1279/1279/1279 1278/1278/1278 
f 1278/1278/1278 1279/1279/1279 1280/1280/1280 
f 1279/1279/1279 1281/1281/1281 1280/1280/1280 
f 1280/1280/1280 1281/1281/1281 1282/1282/1282 
f 1281/1281/1281 1283/1283/1283 1282/1282/1282 
f 1282/1282/1282 1283/1283/1283 1284/1284/1284 
f 1283/1283/1283 1285/1285/1285 1284/1284/1284 
f 1284/1284/1284 1285/1285/1285 1285/1285/1285 
f 1285/1285/1285 1286/1286/1286 1285/1285/1285 
f 1285/1285/1285 1286/1286/1286 1286/1286/1286 
f 1286/1286/1286 1287/1287/1287 1286/1286/1286 
f 1286/1286/1286 1287/1287/1287 1288/1288/1288 
f 1287/1287/1287 1289/1289/1289 1288/1288/1288 
f 1288/1288/1288 1289/1289/1289 1290/1290/1290 
f 1289/1289/1289 1291/1291/1291 1290/1290/1290 
f 1290/1290/1290 1291/1291/1291 1291/1291/1291 
f 1291/1291/1291 1287/1287/1287 1291/1291/1291 
f 1291/1291/1291 1287/1287/1287 1287/1287/1287 
f 1287/1287/1287 1292/1292/1292 1287/1287/1287 
f 1287/1287/1287 1292/1292/1292 1289/1289/1289 
f 1292/1292/1292 1293/1293/1293 1289/1289/1289 
f 1289/1289/1289 1293/1293/1293 1294/1294/1294 
f 1293/1293/1293 1294/1294/1294 1294/1294/1294 
f 1294/1294/1294 1294/1294/1294 1294/1294/1294 
f 1294/1294/1294 1295/1295/1295 1294/1294/1294 
f 1294/1294/1294 1295/1295/1295 1289/1289/1289 
f 1295/1295/1295 1296/1296/1296 1289/1289/1289 
f 1289/1289/1289 1296/1296/1296 1291/1291/1291 
f 1296/1296/1296 1291/1291/1291 1291/1291/1291 
f 1291/1291/1291 1291/1291/1291 1297/1297/1297 
f 1291/1291/1291 1297/1297/1297 1297/1297/1297 
f 1297/1297/1297 1297/1297/1297 1297/1297/1297 
f 1297/1297/1297 1298/1298/1298 1297/1297/1297 
f 1297/1297/1297 1298/1298/1298 1299/1299/1299 
f 1298/1298/1298 1300/1300/1300 1299/1299/1299 
f 1299/1299/1299 1300/1300/1300 1300/1300/1300 
f 1300/1300/1300 1298/1298/1298 1300/1300/1300 
f 1300/1300/1300 1298/1298/1298 1298/1298/1298 
f 1298/1298/1298 1301/1301/1301 1298/1298/1298 
f 1298/1298/1298 1301/1301/1301 1300/1300/1300 
f 1301/1301/1301 1302/1302/1302 1300/1300/1300 
f 1300/1300/1300 1302/1302/1302 1302/1302/1302 
f 1302/1302/1302 1301/1301/1301 1302/1302/1302 
f 1302/1302/1302 1301/1301/1301 1301/1301/1301 
f 1301/1301/1301 1303/1303/1303 1301/1301/1301 
f 1301/1301/1301 1303/1303/1303 1302/1302/1302 
f 1303/1303/1303 1304/1304/1304 1302/1302/1302 
f 1302/1302/1302 1304/1304/1304 1304/1304/1304 
f 1304/1304/1304 1303/1303/1303 1304/1304/1304 
f 1304/1304/1304 1303/1303/1303 1303/1303/1303 
f 1303/1303/1303 1305/1305/1305 1303/1303/1303 
f 1303/1303/1303 1305/1305/1305 1304/1304/1304 
f 1305/1305/1305 1306/1306/1306 1304/1304/1304 
f 1304/1304/1304 1306/1306/1306 1306/1306/1306 
f 1306/1306/1306 1305/1305/1305 1306/1306/1306 
f 1306/1306/1306 1305/1305/1305 1305/1305/1305 
f 1305/1305/1305 1307/1307/1307 1305/1305/1305 
f 1305/1305/1305 1307/1307/1307 1306/1306/1306 
f 1307/1307/1307 1308/1308/1308 1306/1306/1306 
f 1306/1306/1306 1308/1308/1308 1308/1308/1308 
f 1308/1308/1308 1307/1307/1307 1308/1308/1308 
f 1308/1308/1308 1307/1307/1307 1307/1307/1307 
f 1307/1307/1307 1309/1309/1309 1307/1307/1307 
f 1307/1307/1307 1309/1309/1309 1308/1308/1308 
f 1309/1309/1309 1310/1310/1310 1308/1308/1308 
f 1308/1308/1308 1310/1310/1310 1310/1310/1310 
f 1310/1310/1310 1309/1309/1309 1310/1310/1310 
f 1310/1310/1310 1309/1309/1309 1309/1309/1309 
f 1309/1309/1309 1311/1311/1311 1309/1309/1309 
f 1309/1309/1309 1311/1311/1311 1310/1310/1310 
f 1311/1311/1311 1312/1312/1312 1310/1310/1310 
f 1310/1310/1310 1312/1312/1312 1312/1312/1312 
f 1312/1312/1312 1311/1311/1311 1312/1312/1312 
f 1312/1312/1312 1311/1311/1311 1311/1311/1311 
f 1311/1311/1311 1313/1313/1313 1311/1311/1311 
f 1311/1311/1311 1313/1313/1313 1312/1312/1312 
f 1313/1313/1313 1314/1314/1314 1312/1312/1312 
f 1312/1312/1312 1314/1314/1314 1314/1314/1314 
f 1314/1314/1314 1313/1313/1313 1314/1314/1314 
f 1314/1314/1314 1313/1313/1313 1313/1313/1313 
f 1313/1313/1313 1315/1315/1315 1313/1313/1313 
f 1313/1313/1313 1315/1315/1315 1314/1314/1314 
f 1315/1315/1315 1316/1316/1316 1314/1314/1314 
f 1314/1314/1314 1316/1316/1316 1316/1316/1316 
f 1316/1316/1316 1315/1315/1315 1316/1316/1316 
f 1316/1316/1316 1315/1315/1315 1315/1315/1315 
f 1315/1315/1315 1317/1317/1317 1315/1315/1315 
f 1315/1315/1315 1317/1317/1317 1316/1316/1316 
f 1317/1317/1317 1318/1318/1318 1316/1316/1316 
f 1316/1316/1316 1318/1318/1318 1318/1318/1318 
f 1318/1318/1318 1319/1319/1319 1318/1318/1318 
f 1318/1318/1318 1319/1319/1319 1319/1319/1319 
f 1319/1319/1319 1320/1320/1320 1319/1319/1319 
f 1319/1319/1319 1320/1320/1320 1321/1321/1321 
f 1320/1320/1320 1322/1322/1322 1321/1321/1321 
f 1321/1321/1321 1322/1322/1322 1323/1323/1323 
f 1322/1322/1322 1324/1324/1324 1323/1323/1323 
f 1323/1323/1323 1324/1324/1324 1324/1324/1324 
f 1324/1324/1324 1320/1320/1320 1324/1324/1324 
f 1324/1324/1324 1320/1320/1320 1320/1320/1320 
f 1320/1320/1320 1325/1325/1325 1320/1320/1320 
f 1320/1320/1320 1325/1325/1325 1322/1322/1322 
f 1325/1325/1325 1326/1326/1326 1322/1322/1322 
f 1322/1322/1322 1326/1326/1326 1327/1327/1327 
f 1326/1326/1326 1327/1327/1327 1327/1327/1327 
f 1327/1327/1327 1327/1327/1327 1327/1327/1327 
f 1327/1327/1327 1328/1328/1328 1327/1327/1327 
f 1327/1327/1327 1328/1328/1328 1322/1322/1322 
f 1328/1328/1328 1329/1329/1329 1322/1322/1322 
f 1322/1322/1322 1329/1329/1329 1324/1324/1324 
f 1329/1329/1329 1324/1324/1324 1324/1324/1324 
f 1324/1324/1324 1324/1324/1324 1330/1330/1330 
f 1324/1324/1324 1330/1330/1330 1330/1330/1330 
f 1330/1330/1330 1330/1330/1330 1330/1330/1330 
f 1330/1330/1330 1331/1331/1331 1330/1330/1330 
f 1330/1330/1330 1331/1331/1331 1332/1332/1332 
f 1331/1331/1331 1333/1333/1333 1332/1332/1332 
f 1332/1332/1332 1333/1333/1333 1334/1334/1334 
f 1333/1333/1333 1335/1335/1335 1334/1334/1334 
f 1334/1334/1334 1335/1335/1335 1335/1335/1335 
f 1335/1335/1335 1331/1331/1331 1335/1335/1335 
f 1335/1335/1335 1331/1331/1331 1331/1331/1331 
f 1331/1331/1331 1336/1336/1336 1331/1331/1331 
f 1331/1331/1331 1336/1336/1336 1333/1333/1333 
f 1336/1336/1336 1337/1337/1337 1333/1333/1333 
f 1333/1333/1333 1337/1337/1337 1338/1338/1338 
f 1337/1337/1337 1338/1338/1338 1338/1338/1338 
f 1338/1338/1338 1338/1338/1338 1338/1338/1338 
f 1338/1338/1338 1339/1339/1339 1338/1338/1338 
f 1338/1338/1338 1339/1339/1339 1333/1333/1333 
f 1339/1339/1339 1340/1340/1340 1333/1333/1333 
f 1333/1333/1333 1340/1340/1340 1335/1335/1335 
f 1340/1340/1340 1335/1335/1335 1335/1335/1335 
f 1335/1335/1335 1335/1335/1335 1341/1341/1341 
f 1335/1335/1335 1341/1341/1341 1341/1341/1341 
f 1341/1341/1341 1341/1341/1341 1341/1341/1341 
f 1341/1341/1341 1342/1342/1342 1341/1341/1341 
f 1341/1341/1341 1342/1342/1342 1343/1343/1343 
f 1342/1342/1342 1344/1344/1344 1343/1343/1343 
f 1343/1343/1343 1344/1344/1344 1344/1344/1344 
f 1344/1344/1344 1342/1342/1342 1344/1344/1344 
f 1344/1344/1344 1342/1342/1342 1342/1342/1342 
f 1342/1342/1342 1345/1345/1345 1342/1342/1342 
f 1342/1342/1342 1345/1345/1345 1344/1344/1344 
f 1345/1345/1345 1346/1346/1346 1344/1344/1344 
f 1344/1344/1344 1346/1346/1346 1346/1346/1346 
f 1346/1346/1346 1345/1345/1345 1346/1346/1346 
f 1346/1346/1346 1345/1345/1345 1345/1345/1345 
f 1345/1345/1345 1347/1347/1347 1345/1345/1345 
f 1345/1345/1345 1347/1347/1347 1346/1346/1346 
f 1347/1347/1347 1348/1348/1348 1346/1346/1346 
f 1346/1346/1346 1348/1348/1348 1348/1348/1348 
f 1348/1348/1348 1347/1347/1347 1348/1348/1348 
f 1348/1348/1348 1347/1347/1347 1347/1347/1347 
f 1347/1347/1347 1349/1349/1349 1347/1347/1347 
f 1347/1347/1347 1349/1349/1349 1348/1348/1348 
f 1349/1349/1349 1350/1350/1350 1348/1348/1348 
f 1348/1348/1348 1350/1350/1350 1350/1350/1350 
f 1350/1350/1350 1349/1349/1349 1350/1350/1350 
f 1350/1350/1350 1349/1349/1349 1349/1349/1349 
f 1349/1349/1349 1351/1351/1351 1349/1349/1349 
f 1349/1349/1349 1351/1351/1351 1350/1350/1350 
f 1351/1351/1351 1352/1352/1352 1350/1350/1350 
f 1350/1350/1350 1352/1352/1352 1352/1352/1352 
f 1352/1352/1352 1351/1351/1351 1352/1352/1352 
f 1352/1352/1352 1351/1351/1351 1351/1351/1351 
f 1351/1351/1351 1353/1353/1353 1351/1351/1351 
f 1351/1351/1351 1353/1353/1353 1352/1352/1352 
f 1353/1353/1353 1354/1354/1354 1352/1352/1352 
f 1352/1352/1352 1354/1354/1354 1354/1354/1354 
f 1354/1354/1354 1355/1355/1355 1354/1354/1354 
f 1354/1354/1354 1355/1355/1355 1355/1355/1355 
f 1355/1355/1355 1356/1356/1356 1355/1355/1355 
f 1355/1355/1355 1356/1356/1356 1357/1357/1357 
f 1356/1356/1356 1358/1358/1358 1357/1357/1357 
f 1357/1357/1357 1358/1358/1358 1358/1358/1358 
f 1358/1358/1358 1356/1356/1356 1358/1358/1358 
f 1358/1358/1358 1356/1356/1356 1356/1356/1356 
f 1356/1356/1356 1359/1359/1359 1356/1356/1356 
f 1356/1356/1356 1359/1359/1359 1358/1358/1358 
f 1359/1359/1359 1360/1360/1360 1358/1358/1358 
f 1358/1358/1358 1360/1360/1360 1360/1360/1360 
f 1360/1360/1360 1359/1359/1359 1360/1360/1360 
f 1360/1360/1360 1359/1359/1359 1359/1359/1359 
f 1359/1359/1359 1361/1361/1361 1359/1359/1359 
f 1359/1359/1359 1361/1361/1361 1360/1360/1360 
f 1361/1361/1361 1362/1362/1362 1360/1360/1360 
f 1360/1360/1360 1362/1362/1362 1362/1362/1362 
f 1362/1362/1362 1361/1361/1361 1362/1362/1362 
f 1362/1362/1362 1361/1361/1361 1361/1361/1361 
f 1361/1361/1361 1363/1363/1363 1361/1361/1361 
f 1361/1361/1361 1363/1363/1363 1362/1362/1362 
f 1363/1363/1363 1364/1364/1364 1362/1362/1362 
f 1362/1362/1362 1364/1364/1364 1364/1364/1364 
f 1364/1364/1364 1363/1363/1363 1364/1364/1364 
f 1364/1364/1364 1363/1363/1363 1363/1363/1363 
f 1363/1363/1363 1365/1365/1365 1363/1363/1363 
f 1363/1363/1363 1365/1365/1365 1364/1364/1364 
f 1365/1365/1365 1366/1366/1366 1364/1364/1364 
f 1364/1364/1364 1366/1366/1366 1366/1366/1366 
f 1366/1366/1366 1365/1365/1365 1366/1366/1366 
f 1366/1366/1366 1365/1365/1365 1365/1365/1365 
f 1365/1365/1365 1367/1367/1367 1365/1365/1365 
f 1365/1365/1365 1367/1367/1367 1366/1366/1366 
f 1367/1367/1367 1368/1368/1368 1366/1366/1366 
f 1366/1366/1366 1368/1368/1368 1368/1368/1368 
f 1368/1368/1368 1369/1369/1369 1368/1368/1368 
f 1368/1368/1368 1369/1369/1369 1369/1369/1369 
f 1369/1369/1369 1370/1370/1370 1369/1369/1369 
f 1369/1369/1369 1370/1370/1370 1371/1371/1371 
f 1370/1370/1370 1372/1372/1372 1371/1371/1371 
f 1371/1371/1371 1372/1372/1372 1373/1373/1373 
f 1372/1372/1372 1374/1374/1374 1373/1373/1373 
f 1373/1373/1373 1374/1374/1374 1374/1374/1374 
f 1374/1374/1374 1375/1375/1375 1374/1374/1374 
f 1374/1374/1374 1375/1375/1375 1375/1375/1375 
f 1375/1375/1375 1376/1376/1376 1375/1375/1375 
f 1375/1375/1375 1376/1376/1376 1377/1377/1377 
f 1376/1376/1376 1378/1378/1378 1377/1377/1377 
f 1377/1377/1377 1378/1378/1378 1378/1378/1378 
f 1378/1378/1378 1376/1376/1376 1378/1378/1378 
f 1378/1378/1378 1376/1376/1376 1376/1376/1376 
f 1376/1376/1376 1379/1379/1379 1376/1376/1376 
f 1376/1376/1376 1379/1379/1379 1378/1378/1378 
f 1379/1379/1379 1380/1380/1380 1378/1378/1378 
f 1378/1378/1378 1380/1380/1380 1380/1380/1380 
f 1380/1380/1380 1379/1379/1379 1380/1380/1380 
f 1380/1380/1380 1379/1379/1379 1379/1379/1379 
f 1379/1379/1379 1381/1381/1381 1379/1379/1379 
f 1379/1379/1379 1381/1381/1381 1380/1380/1380 
f 1381/1381/1381 1382/1382/1382 1380/1380/1380 
f 1380/1380/1380 1382/1382/1382 1382/1382/1382 
f 1382/1382/1382 1381/1381/1381 1382/1382/1382 
f 1382/1382/1382 1381/1381/1381 1381/1381/1381 
f 1381/1381/1381 1383/1383/1383 1381/1381/1381 
f 1381/1381/1381 1383/1383/1383 1382/1382/1382 
f 1383/1383/1383 1384/1384/1384 1382/1382/1382 
f 1382/1382/1382 1384/1384/1384 1384/1384/1384 
f 1384/1384/1384 1383/1383/1383 1384/1384/1384 
f 1384/1384/1384 1383/1383/1383 1383/1383/1383 
f 1383/1383/1383 1385/1385/1385 1383/1383/1383 
f 1383/1383/1383 1385/1385/1385 1384/1384/1384 
f 1385/1385/1385 1386/1386/1386 1384/1384/1384 
f 1384/1384/1384 1386/1386/1386 1386/1386/1386 
f 1386/1386/1386 1387/1387/1387 1386/1386/1386 
f 1386/1386/1386 1387/1387/1387 1387/1387/1387 
f 1387/1387/1387 1388/1388/1388 1387/1387/1387 
f 1387/1387/1387 1388/1388/1388 1389/1389/1389 
f 1388/1388/1388 1390/1390/1390 1389/1389/1389 
f 1389/1389/1389 1390/1390/1390 1391/1391/1391 
f 1390/1390/1390 1392/1392/1392 1391/1391/1391 
f 1391/1391/1391 1392/1392/1392 1392/1392/1392 
f 1392/1392/1392 1393/1393/1393 1392/1392/1392 
f 1392/1392/1392 1393/1393/1393 1393/1393/1393 
f 1393/1393/1393 1394/1394/1394 1393/1393/1393 
f 1393/1393/1393 1394/1394/1394 1395/1395/1395 
f 1394/1394/1394 1396/1396/1396 1395/1395/1395 
f 1395/1395/1395 1396/1396/1396 1396/1396/1396 
f 1396/1396/1396 1394/1394/1394 1396/1396/1396 
f 1396/1396/1396 1394/1394/1394 1397/1397/1397 
f 1394/1394/1394 1398/1398/1398 1397/1397/1397 
f 1397/1397/1397 1398/1398/1398 1399/1399/1399 
f 1398/1398/1398 1399/1399/1399 1399/1399/1399 
f 1399/1399/1399 1399/1399/1399 1397/1397/1397 
f 1399/1399/1399 1397/1397/1397 1397/1397/1397 
f 1397/1397/1397 1397/1397/1397 1397/1397/1397 
f 1397/1397/1397 1399/1399/1399 1397/1397/1397 
f 1397/1397/1397 1399/1399/1399 1400/1400/1400 
f 1399/1399/1399 1401/1401/1401 1400/1400/1400 
f 1400/1400/1400 1401/1401/1401 1401/1401/1401 
f 1401/1401/1401 1399/1399/1399 1401/1401/1401 
f 1401/1401/1401 1399/1399/1399 1399/1399/1399 
f 1399/1399/1399 1402/1402/1402 1399/1399/1399 
f 1399/1399/1399 1402/1402/1402 1401/1401/1401 
f 1402/1402/1402 1403/1403/1403 1401/1401/1401 
f 1401/1401/1401 1403/1403/1403 1404/1404/1404 
f 1403/1403/1403 1404/1404/1404 1404/1404/1404 
f 1404/1404/1404 1404/1404/1404 1405/1405/1405 
f 1404/1404/1404 1405/1405/1405 1405/1405/1405 
f 1405/1405/1405 1405/1405/1405 1405/1405/1405 
f 1405/1405/1405 1406/1406/1406 1405/1405/1405 
f 1405/1405/1405 1406/1406/1406 1407/1407/1407 
f 1406/1406/1406 1408/1408/1408 1407/1407/1407 
f 1407/1407/1407 1408/1408/1408 1409/1409/1409 
f 1408/1408/1408 1410/1410/1410 1409/1409/1409 
f 1409/1409/1409 1410/1410/1410 1410/1410/1410 
f 1410/1410/1410 1406/1406/1406 1410/1410/1410 
f 1410/1410/1410 1406/1406/1406 1406/1406/1406 
f 1406/1406/1406 1411/1411/1411 1406/1406/1406 
f 1406/1406/1406 1411/1411/1411 1408/1408/1408 
f 1411/1411/1411 1412/1412/1412 1408/1408/1408 
f 1408/1408/1408 1412/1412/1412 1413/1413/1413 
f 1412/1412/1412 1413/1413/1413 1413/1413/1413 
f 1413/1413/1413 1413/1413/1413 1413/1413/1413 
f 1413/1413/1413 1414/1414/1414 1413/1413/1413 
f 1413/1413/1413 1414/1414/1414 1408/1408/1408 
f 1414/1414/1414 1415/1415/1415 1408/1408/1408 
f 1408/1408/1408 1415/1415/1415 1410/1410/1410 
f 1415/1415/1415 1410/1410/1410 1410/1410/1410 
f 1410/1410/1410 1410/1410/1410 1416/1416/1416 
f 1410/1410/1410 1416/1416/1416 1416/1416/1416 
f 1416/1416/1416 1416/1416/1416 1416/1416/1416 
f 1416/1416/1416 1417/1417/1417 1416/1416/1416 
f 1416/1416/1416 1417/1417/1417 1418/1418/1418 
f 1417/1417/1417 1419/1419/1419 1418/1418/1418 
f 1418/1418/1418 1419/1419/1419 1419/1419/1419 
f 1419/1419/1419 1417/1417/1417 1419/1419/1419 
f 1419/1419/1419 1417/1417/1417 1417/1417/1417 
f 1417/1417/1417 1420/1420/1420 1417/1417/1417 
f 1417/1417/1417 1420/1420/1420 1419/1419/1419 
f 1420/1420/1420 1421/1421/1421 1419/1419/1419 
f 1419/1419/1419 1421/1421/1421 1421/1421/1421 
f 1421/1421/1421 1420/1420/1420 1421/1421/1421 
f 1421/1421/1421 1420/1420/1420 1420/1420/1420 
f 1420/1420/1420 1422/1422/1422 1420/1420/1420 
f 1420/1420/1420 1422/1422/1422 1421/1421/1421 
f 1422/1422/1422 1423/1423/1423 1421/1421/1421 
f 1421/1421/1421 1423/1423/1423 1423/1423/1423 
f 1423/1423/1423 1422/1422/1422 1423/1423/1423 
f 1423/1423/1423 1422/1422/1422 1422/1422/1422 
f 1422/1422/1422 1424/1424/1424 1422/1422/1422 
f 1422/1422/1422 1424/1424/1424 1423/1423/1423 
f 1424/1424/1424 1425/1425/1425 1423/1423/1423 
f 1423/1423/1423 1425/1425/1425 1425/1425/1425 
f 1425/1425/1425 1424/1424/1424 1425/1425/1425 
f 1425/1425/1425 1424/1424/1424 1424/1424/1424 
f 1424/1424/1424 1426/1426/1426 1424/1424/1424 
f 1424/1424/1424 1426/1426/1426 1425/1425/1425 
f 1426/1426/1426 1427/1427/1427 1425/1425/1425 
f 1425/1425/1425 1427/1427/1427 1427/1427/1427 
f 1427/1427/1427 1426/1426/1426 1427/1427/1427 
f 1427/1427/1427 1426/1426/1426 1426/1426/1426 
f 1426/1426/1426 1428/1428/1428 1426/1426/1426 
f 1426/1426/1426 1428/1428/1428 1427/1427/1427 
f 1428/1428/1428 1429/1429/1429 1427/1427/1427 
f 1427/1427/1427 1429/1429/1429 1429/1429/1429 
f 1429/1429/1429 1428/1428/1428 1429/1429/1429 
f 1429/1429/1429 1428/1428/1428 1428/1428/1428 
f 1428/1428/1428 1430/1430/1430 1428/1428/1428 
f 1428/1428/1428 1430/1430/1430 1429/1429/1429 
f 1430/1430/1430 1431/1431/1431 1429/1429/1429 
f 1429/1429/1429 1431/1431/1431 1431/1431/1431 
f 1431/1431/1431 1430/1430/1430 1431/1431/1431 
f 1431/1431/1431 1430/1430/1430 1430/1430/1430 
f 1430/1430/1430 1432/1432/1432 1430/1430/1430 
f 1430/1430/1430 1432/1432/1432 1431/1431/1431 
f 1432/1432/1432 1433/1433/1433 1431/1431/1431 
f 1431/1431/1431 1433/1433/1433 1433/1433/1433 
f 1433/1433/1433 1432/1432/1432 1433/1433/1433 
f 1433/1433/1433 1432/1432/1432 1432/1432/1432 
f 1432/1432/1432 1434/1434/1434 1432/1432/1432 
f 1432/1432/1432 1434/1434/1434 1433/1433/1433 
f 1434/1434/1434 1435/1435/1435 1433/1433/1433 
f 1433/1433/1433 1435/1435/1435 1435/1435/1435 
f 1435/1435/1435 1434/1434/1434 1435/1435/1435 
f 1435/1435/1435 1434/1434/1434 1434/1434/1434 
f 1434/1434/1434 1436/1436/1436 1434/1434/1434 
f 1434/1434/1434 1436/1436/1436 1435/1435/1435 
f 1436/1436/1436 1437/1437/1437 1435/1435/1435 
f 1435/1435/1435 1437/1437/1437 1437/1437/1437 
f 1437/1437/1437 1438/1438/1438 1437/1437/1437 
f 1437/1437/1437 1438/1438/1438 1438/1438/1438 
f 1438/1438/1438 1439/1439/1439 1438/1438/1438 
f 1438/1438/1438 1439/1439/1439 1440/1440/1440 
f 1439/1439/1439 1441/1441/1441 1440/1440/1440 
f 1440/1440/1440 1441/1441/1441 1442/1442/1442 
f 1441/1441/1441 1443/1443/1443 1442/1442/1442 
f 1442/1442/1442 1443/1443/1443 1443/1443/1443 
f 1443/1443/1443 1439/1439/1439 1443/1443/1443 
f 1443/1443/1443 1439/1439/1439 1439/1439/1439 
f 1439/1439/1439 1444/1444/1444 1439/1439/1439 
f 1439/1439/1439 1444/1444/1444 1441/1441/1441 
f 1444/1444/1444 1445/1445/1445 1441/1441/1441 
f 1441/1441/1441 1445/1445/1445 1443/1443/1443 
f 1445/1445/1445 1446/1446/1446 1443/1443/1443 
f 1443/1443/1443 1446/1446/1446 1446/1446/1446 
f 1446/1446/1446 1444/1444/1444 1446/1446/1446 
f 1446/1446/1446 1444/1444/1444 1444/1444/1444 
f 1444/1444/1444 1447/1447/1447 1444/1444/1444 
f 1444/1444/1444 1447/1447/1447 1445/1445/1445 
f 1447/1447/1447 1448/1448/1448 1445/1445/1445 
f 1445/1445/1445 1448/1448/1448 1446/1446/1446 
f 1448/1448/1448 1449/1449/1449 1446/1446/1446 
f 1446/1446/1446 1449/1449/1449 1449/1449/1449 
f 1449/1449/1449 1447/1447/1447 1449/1449/1449 
f 1449/1449/1449 1447/1447/1447 1447/1447/1447 
f 1447/1447/1447 1450/1450/1450 1447/1447/1447 
f 1447/1447/1447 1450/1450/1450 1448/1448/1448 
f 1450/1450/1450 1451/1451/1451 1448/1448/1448 
f 1448/1448/1448 1451/1451/1451 1449/1449/1449 
f 1451/1451/1451 1452/1452/1452 1449/1449/1449 
f 1449/1449/1449 1452/1452/1452 1452/1452/1452 
f 1452/1452/1452 1450/1450/1450 1452/1452/1452 
f 1452/1452/1452 1450/1450/1450 1450/1450/1450 
f 1450/1450/1450 1453/1453/1453 1450/1450/1450 
f 1450/1450/1450 1453/1453/1453 1451/1451/1451 
f 1453/1453/1453 1454/1454/1454 1451/1451/1451 
f 1451/1451/1451 1454/1454/1454 1452/1452/1452 
f 1454/1454/1454 1455/1455/1455 1452/1452/1452 
f 1452/1452/1452 1455/1455/1455 1455/1455/1455 
f 1455/1455/1455 1453/1453/1453 1455/1455/1455 
f 1455/1455/1455 1453/1453/1453 1453/1453/1453 
f 1453/1453/1453 1456/1456/1456 1453/1453/1453 
f 1453/1453/1453 1456/1456/1456 1454/1454/1454 
f 1456/1456/1456 1457/1457/1457 1454/1454/1454 
f 1454/1454/1454 1457/1457/1457 1455/1455/1455 
f 1457/1457/1457 1458/1458/1458 1455/1455/1455 
f 1455/1455/1455 1458/1458/1458 1458/1458/1458 
f 1458/1458/1458 1456/1456/1456 1458/1458/1458 
f 1458/1458/1458 1456/1456/1456 1456/1456/1456 
f 1456/1456/1456 1459/1459/1459 1456/1456/1456 
f 1456/1456/1456 1459/1459/1459 1457/1457/1457 
f 1459/1459/1459 1460/1460/1460 1457/1457/1457 
f 1457/1457/1457 1460/1460/1460 1458/1458/1458 
f 1460/1460/1460 1461/1461/1461 1458/1458/1458 
f 1458/1458/1458 1461/1461/1461 1461/1461/1461 
f 1461/1461/1461 1459/1459/1459 1461/1461/1461 
f 1461/1461/1461 1459/1459/1459 1459/1459/1459 
f 1459/1459/1459 1462/1462/1462 1459/1459/1459 
f 1459/1459/1459 1462/1462/1462 1460/1460/1460 
f 1462/1462/1462 1463/1463/1463 1460/1460/1460 
f 1460/1460/1460 1463/1463/1463 1461/1461/1461 
f 1463/1463/1463 1464/1464/1464 1461/1461/1461 
f 1461/1461/1461 1464/1464/1464 1464/1464/1464 
f 1464/1464/1464 1462/1462/1462 1464/1464/1464 
f 1464/1464/1464 1462/1462/1462 1462/1462/1462 
f 1462/1462/1462 1465/1465/1465 1462/1462/1462 
f 1462/1462/1462 1465/1465/1465 1463/1463/1463 
f 1465/1465/1465 1466/1466/1466 1463/1463/1463 
f 1463/1463/1463 1466/1466/1466 1464/1464/1464 
f 1466/1466/1466 1467/1467/1467 1464/1464/1464 
f 1464/1464/1464 1467/1467/1467 1467/1467/1467 
f 1467/1467/1467 1465/1465/1465 1467/1467/1467 
f 1467/1467/1467 1465/1465/1465 1465/1465/1465 
f 1465/1465/1465 1468/1468/1468 1465/1465/1465 
f 1465/1465/1465 1468/1468/1468 1466/1466/1466 
f 1468/1468/1468 1469/1469/1469 1466/1466/1466 
f 1466/1466/1466 1469/1469/1469 1467/1467/1467 
f 1469/1469/1469 1470/1470/1470 1467/1467/1467 
f 1467/1467/1467 1470/1470/1470 1470/1470/1470 
f 1470/1470/1470 1471/1471/1471 1470/1470/1470 
f 1470/1470/1470 1471/1471/1471 1471/1471/1471 
f 1471/1471/1471 1472/1472/1472 1471/1471/1471 
f 1471/1471/1471 1472/1472/1472 1473/1473/1473 
f 1472/1472/1472 1474/1474/1474 1473/1473/1473 
f 1473/1473/1473 1474/1474/1474 1474/1474/1474 
f 1474/1474/1474 1472/1472/1472 1474/1474/1474 
f 1474/1474/1474 1472/1472/1472 1472/1472/1472 
f 1472/1472/1472 1475/1475/1475 1472/1472/1472 
f 1472/1472/1472 1475/1475/1475 1474/1474/1474 
f 1475/1475/1475 1476/1476/1476 1474/1474/1474 
f 1474/1474/1474 1476/1476/1476 1476/1476/1476 
f 1476/1476/1476 1475/1475/1475 1476/1476/1476 
f 1476/1476/1476 1475/1475/1475 1475/1475/1475 
f 1475/1475/1475 1477/1477/1477 1475/1475/1475 
f 1475/1475/1475 1477/1477/1477 1476/1476/1476 
f 1477/1477/1477 1478/1478/1478 1476/1476/1476 
f 1476/1476/1476 1478/1478/1478 1478/1478/1478 
f 1478/1478/1478 1477/1477/1477 1478/1478/1478 
f 1478/1478/1478 1477/1477/1477 1477/1477/1477 
f 1477/1477/1477 1479/1479/1479 1477/1477/1477 
f 1477/1477/1477 1479/1479/1479 1478/1478/1478 
f 1479/1479/1479 1480/1480/1480 1478/1478/1478 
f 1478/1478/1478 1480/1480/1480 1480/1480/1480 
f 1480/1480/1480 1479/1479/1479 1480/1480/1480 
f 1480/1480/1480 1479/1479/1479 1479/1479/1479 
f 1479/1479/1479 1481/1481/1481 1479/1479/1479 
f 1479/1479/1479 1481/1481/1481 1480/1480/1480 
f 1481/1481/1481 1482/1482/1482 1480/1480/1480 
f 1480/1480/1480 1482/1482/1482 1482/1482/1482 
f 1482/1482/1482 1481/1481/1481 1482/1482/1482 
f 1482/1482/1482 1481/1481/1481 1481/1481/1481 
f 1481/1481/1481 1483/1483/1483 1481/1481/1481 
f 1481/1481/1481 1483/1483/1483 1482/1482/1482 
f 1483/1483/1483 1484/1484/1484 1482/1482/1482 
f 1482/1482/1482 1484/1484/1484 1484/1484/1484 
f 1484/1484/1484 1483/1483/1483 1484/1484/1484 
f 1484/1484/1484 1483/1483/1483 1483/1483/1483 
f 1483/1483/1483 1485/1485/1485 1483/1483/1483 
f 1483/1483/1483 1485/1485/1485 1484/1484/1484 
f 1485/1485/1485 1486/1486/1486 1484/1484/1484 
f 1484/1484/1484 1486/1486/1486 1486/1486/1486 
f 1486/1486/1486 1485/1485/1485 1486/1486/1486 
f 1486/1486/1486 1485/1485/1485 1485/1485/1485 
f 1485/1485/1485 1487/1487/1487 1485/1485/1485 
f 1485/1485/1485 1487/1487/1487 1486/1486/1486 
f 1487/1487/1487 1488/1488/1488 1486/1486/1486 
f 1486/1486/1486 1488/1488/1488 1488/1488/1488 
f 1488/1488/1488 1487/1487/1487 1488/1488/1488 
f 1488/1488/1488 1487/1487/1487 1487/1487/1487 
f 1487/1487/1487 1489/1489/1489 1487/1487/1487 
f 1487/1487/1487 1489/1489/1489 1488/1488/1488 
f 1489/1489/1489 1490/1490/1490 1488/1488/1488 
f 1488/1488/1488 1490/1490/1490 1490/1490/1490 
f 1490/1490/1490 1489/1489/1489 1490/1490/1490 
f 1490/1490/1490 1489/1489/1489 1489/1489/1489 
f 1489/1489/1489 1491/1491/1491 1489/1489/1489 
f 1489/1489/1489 1491/1491/1491 1490/1490/1490 
f 1491/1491/1491 1492/1492/1492 1490/1490/1490 
f 1490/1490/1490 1492/1492/1492 1492/1492/1492 
f 1492/1492/1492 1493/1493/1493 1492/1492/1492 
f 1492/1492/1492 1493/1493/1493 1493/1493/1493 
f 1493/1493/1493 1494/1494/1494 1493/1493/1493 
f 1493/1493/1493 1494/1494/1494 1495/1495/1495 
f 1494/1494/1494 1496/1496/1496 1495/1495/1495 
f 1495/1495/1495 1496/1496/1496 1497/1497/1497 
f 1496/1496/1496 1498/1498/1498 1497/1497/1497 
f 1497/1497/1497 1498/1498/1498 1499/1499/1499 
f 1498/1498/1498 1500/1500/1500 1499/1499/1499 
f 1499/1499/1499 1500/1500/1500 1501/1501/1501 
f 1500/1500/1500 1502/1502/1502 1501/1501/1501 
f 1501/1501/1501 1502/1502/1502 1503/1503/1503 
f 1502/1502/1502 1504/1504/1504 1503/1503/1503 
f 1503/1503/1503 1504/1504/1504 1505/1505/1505 
f 1504/1504/1504 1506/1506/1506 1505/1505/1505 
f 1505/1505/1505 1506/1506/1506 1507/1507/1507 
f 1506/1506/1506 1508/1508/1508 1507/1507/1507 
f 1507/1507/1507 1508/1508/1508 1509/1509/1509 
f 1508/1508/1508 1510/1510/1510 1509/1509/1509 
f 1509/1509/1509 1510/1510/1510 1511/1511/1511 
f 1510/1510/1510 1512/1512/1512 1511/1511/1511 
f 1511/1511/1511 1512/1512/1512 1513/1513/1513 
f 1512/1512/1512 1514/1514/1514 1513/1513/1513 
f 1513/1513/1513 1514/1514/1514 1514/1514/1514 
f 1514/1514/1514 1515/1515/1515 1514/1514/1514 
f 1514/1514/1514 1515/1515/1515 1515/1515/1515 
f 1515/1515/1515 1516/1516/1516 1515/1515/1515 
f 1515/1515/1515 1516/1516/1516 1517/1517/1517 
f 1516/1516/1516 1518/1518/1518 1517/1517/1517 
f 1517/1517/1517 1518/1518/1518 1518/1518/1518 
f 1518/1518/1518 1519/1519/1519 1518/1518/1518 
f 1518/1518/1518 1519/1519/1519 1519/1519/1519 
f 1519/1519/1519 1520/1520/1520 1519/1519/1519 
f 1519/1519/1519 1520/1520/1520 1521/1521/1521 
f 1520/1520/1520 1522/1522/1522 1521/1521/1521 
f 1521/1521/1521 1522/1522/1522 1522/1522/1522 
f 1522/1522/1522 1523/1523/1523 1522/1522/1522 
f 1522/1522/1522 1523/1523/1523 1523/1523/1523 
f 1523/1523/1523 1524/1524/1524 1523/1523/1523 
f 1523/1523/1523 1524/1524/1524 1525/1525/1525 
f 1524/1524/1524 1526/1526/1526 1525/1525/1525 
f 1525/1525/1525 1526/1526/1526 1526/1526/1526 
f 1526/1526/1526 1527/1527/1527 1526/1526/1526 
f 1526/1526/1526 1527/1527/1527 1527/1527/1527 
f 1527/1527/1527 1528/1528/1528 1527/1527/1527 
f 1527/1527/1527 1528/1528/1528 1529/1529/1529 
f 1528/1528/1528 1530/1530/1530 1529/1529/1529 
f 1529/1529/1529 1530/1530/1530 1530/1530/1530 
f 1530/1530/1530 1531/1531/1531 1530/1530/1530 
f 1530/1530/1530 1531/1531/1531 1531/1531/1531 
f 1531/1531/1531 1532/1532/1532 1531/1531/1531 
f 1531/1531/1531 1532/1532/1532 1533/1533/1533 
f 1532/1532/1532 1534/1534/1534 1533/1533/1533 
f 1533/1533/1533 1534/1534/1534 1534/1534/1534 
f 1534/1534/1534 1532/1532/1532 1534/1534/1534 
f 1534/1534/1534 1532/1532/1532 1532/1532/1532 
f 1532/1532/1532 1535/1535/1535 1532/1532/1532 
f 1532/1532/1532 1535/1535/1535 1534/1534/1534 
f 1535/1535/1535 1536/1536/1536 1534/1534/1534 
f 1534/1534/1534 1536/1536/1536 1536/1536/1536 
f 1536/1536/1536 1537/1537/1537 1536/1536/1536 
f 1536/1536/1536 1537/1537/1537 1537/1537/1537 
f 1537/1537/1537 1538/1538/1538 1537/1537/1537 
f 1537/1537/1537 1538/1538/1538 1539/1539/1539 
f 1538/1538/1538 1540/1540/1540 1539/1539/1539 
f 1539/1539/1539 1540/1540/1540 1541/1541/1541 
f 1540/1540/1540 1542/1542/1542 1541/1541/1541 
f 1541/1541/1541 1542/1542/1542 1543/1543/1543 
f 1542/1542/1542 1544/1544/1544 1543/1543/1543 
f 1543/1543/1543 1544/1544/1544 1545/1545/1545 
f 1544/1544/1544 1546/1546/1546 1545/1545/1545 
f 1545/1545/1545 1546/1546/1546 1547/1547/1547 
f 1546/1546/1546 1548/1548/1548 1547/1547/1547 
f 1547/1547/1547 1548/1548/1548 1549/1549/1549 
f 1548/1548/1548 1550/1550/1550 1549/1549/1549 
f 1549/1549/1549 1550/1550/1550 1551/1551/1551 
f 1550/1550/1550 1552/1552/1552 1551/1551/1551 
f 1551/1551/1551 1552/1552/1552 1553/1553/1553 
f 1552/1552/1552 1554/1554/1554 1553/1553/1553 
f 1553/1553/1553 1554/1554/1554 1555/1555/1555 
f 1554/1554/1554 1556/1556/1556 1555/1555/1555 
f 1555/1555/1555 1556/1556/1556 1557/1557/1557 
f 1556/1556/1556 1558/1558/1558 1557/1557/1557 
f 1557/1557/1557 1558/1558/1558 1558/1558/1558 
f 1558/1558/1558 1559/1559/1559 1558/1558/1558 
f 1558/1558/1558 1559/1559/1559 1559/1559/1559 
f 1559/1559/1559 1560/1560/1560 1559/1559/1559 
f 1559/1559/1559 1560/1560/1560 1561/1561/1561 
f 1560/1560/1560 1562/1562/1562 1561/1561/1561 
f 1561/1561/1561 1562/1562/1562 1563/1563/1563 
f 1562/1562/1562 1564/1564/1564 1563/1563/1563 
f 1563/1563/1563 1564/1564/1564 1564/1564/1564 
f 1564/1564/1564 1565/1565/1565 1564/1564/1564 
f 1564/1564/1564 1565/1565/1565 1565/1565/1565 
f 1565/1565/1565 1566/1566/1566 1565/1565/1565 
f 1565/1565/1565 1566/1566/1566 1567/1567/1567 
f 1566/1566/1566 1568/1568/1568 1567/1567/1567 
f 1567/1567/1567 1568/1568/1568 1568/1568/1568 
f 1568/1568/1568 1566/1566/1566 1568/1568/1568 
f 1568/1568/1568 1566/1566/1566 1566/1566/1566 
f 1566/1566/1566 1569/1569/1569 1566/1566/1566 
f 1566/1566/1566 1569/1569/1569 1568/1568/1568 
f 1569/1569/1569 1570/1570/1570 1568/1568/1568 
f 1568/1568/1568 1570/1570/1570 1570/1570/1570 
f 1570/1570/1570 1569/1569/1569 1570/1570/1570 
f 1570/1570/1570 1569/1569/1569 1569/1569/1569 
f 1569/1569/1569 1571/1571/1571 1569/1569/1569 
f 1569/1569/1569 1571/1571/1571 1570/1570/1570 
f 1571/1571/1571 1572/1572/1572 1570/1570/1570 
f 1570/1570/1570 1572/1572/1572 1572/1572/1572 
f 1572/1572/1572 1571/1571/1571 1572/1572/1572 
f 1572/1572/1572 1571/1571/1571 1571/1571/1571 
f 1571/1571/1571 1573/1573/1573 1571/1571/1571 
f 1571/1571/1571 1573/1573/1573 1572/1572/1572 
f 1573/1573/1573 1574/1574/1574 1572/1572/1572 
f 1572/1572/1572 1574/1574/1574 1574/1574/1574 
f 1574/1574/1574 1573/1573/1573 1574/1574/1574 
f 1574/1574/1574 1573/1573/1573 1573/1573/1573 
f 1573/1573/1573 1575/1575/1575 1573/1573/1573 
f 1573/1573/1573 1575/1575/1575 1574/1574/1574 
f 1575/1575/1575 1576/1576/1576 1574/1574/1574 
f 1574/1574/1574 1576/1576/1576 1576/1576/1576 
f 1576/1576/1576 1575/1575/1575 1576/1576/1576 
f 1576/1576/1576 1575/1575/1575 1575/1575/1575 
f 1575/1575/1575 1577/1577/1577 1575/1575/1575 
f 1575/1575/1575 1577/1577/1577 1576/1576/1576 
f 1577/1577/1577 1578/1578/1578 1576/1576/1576 
f 1576/1576/1576 1578/1578/1578 1578/1578/1578 
f 1578/1578/1578 1577/1577/1577 1578/1578/1578 
f 1578/1578/1578 1577/1577/1577 1577/1577/1577 
f 1577/1577/1577 1579/1579/1579 1577/1577/1577 
f 1577/1577/1577 1579/1579/1579 1578/1578/1578 
f 1579/1579/1579 1580/1580/1580 1578/1578/1578 
f 1578/1578/1578 1580/1580/1580 1580/1580/1580 
f 1580/1580/1580 1579/1579/1579 1580/1580/1580 
f 1580/1580/1580 1579/1579/1579 1579/1579/1579 
f 1579/1579/1579 1581/1581/1581 1579/1579/1579 
f 1579/1579/1579 1581/1581/1581 1580/1580/1580 
f 1581/1581/1581 1582/1582/1582 1580/1580/1580 
f 1580/1580/1580 1582/1582/1582 1582/1582/1582 
f 1582/1582/1582 1581/1581/1581 1582/1582/1582 
f 1582/1582/1582 1581/1581/1581 1581/1581/1581 
f 1581/1581/1581 1583/1583/1583 1581/1581/1581 
f 1581/1581/1581 1583/1583/1583 1582/1582/1582 
f 1583/1583/1583 1584/1584/1584 1582/1582/1582 
f 1582/1582/1582 1584/1584/1584 1584/1584/1584 
f 1584/1584/1584 1583/1583/1583 1584/1584/1584 
f 1584/1584/1584 1583/1583/1583 1583/1583/1583 
f 1583/1583/1583 1585/1585/1585 1583/1583/1583 
f 1583/1583/1583 1585/1585/1585 1584/1584/1584 
f 1585/1585/1585 1586/1586/1586 1584/1584/1584 
f 1584/1584/1584 1586/1586/1586 1586/1586/1586 
f 1586/1586/1586 1587/1587/1587 1586/1586/1586 
f 1586/1586/1586 1587/1587/1587 1587/1587/1587 
f 1587/1587/1587 1588/1588/1588 1587/1587/1587 
f 1587/1587/1587 1588/1588/1588 1589/1589/1589 
f 1588/1588/1588 1590/1590/1590 1589/1589/1589 
f 1589/1589/1589 1590/1590/1590 1590/1590/1590 
f 1590/1590/1590 1588/1588/1588 1590/1590/1590 
f 1590/1590/1590 1588/1588/1588 1588/1588/1588 
f 1588/1588/1588 1591/1591/1591 1588/1588/1588 
f 1588/1588/1588 1591/1591/1591 1590/1590/1590 
f 1591/1591/1591 1592/1592/1592 1590/1590/1590 
f 1590/1590/1590 1592/1592/1592 1592/1592/1592 
f 1592/1592/1592 1593/1593/1593 1592/1592/1592 
f 1592/1592/1592 1593/1593/1593 1593/1593/1593 
f 1593/1593/1593 1594/1594/1594 1593/1593/1593 
f 1593/1593/1593 1594/1594/1594 1595/1595/1595 
f 1594/1594/1594 1596/1596/1596 1595/1595/1595 
f 1595/1595/1595 1596/1596/1596 1597/1597/1597 
f 1596/1596/1596 1598/1598/1598 1597/1597/1597 
f 1597/1597/1597 1598/1598/1598 1598/1598/1598 
f 1598/1598/1598 1599/1599/1599 1598/1598/1598 
f 1598/1598/1598 1599/1599/1599 1599/1599/1599 
f 1599/1599/1599 1600/1600/1600 1599/1599/1599 
f 1599/1599/1599 1600/1600/1600 1601/1601/1601 
f 1600/1600/1600 1602/1602/1602 1601/1601/1601 
f 1601/1601/1601 1602/1602/1602 1602/1602/1602 
f 1602/1602/1602 1600/1600/1600 1602/1602/1602 
f 1602/1602/1602 1600/1600/1600 1600/1600/1600 
f 1600/1600/1600 1603/1603/1603 1600/1600/1600 
f 1600/1600/1600 1603/1603/1603 1602/1602/1602 
f 1603/1603/1603 1604/1604/1604 1602/1602/1602 
f 1602/1602/1602 1604/1604/1604 1604/1604/1604 
f 1604/1604/1604 1603/1603/1603 1604/1604/1604 
f 1604/1604/1604 1603/1603/1603 1603/1603/1603 
f 1603/1603/1603 1605/1605/1605 1603/1603/1603 
f 1603/1603/1603 1605/1605/1605 1604/1604/1604 
f 1605/1605/1605 1606/1606/1606 1604/1604/1604 
f 1604/1604/1604 1606/1606/1606 1606/1606/1606 
f 1606/1606/1606 1605/1605/1605 1606/1606/1606 
f 1606/1606/1606 1605/1605/1605 1605/1605/1605 
f 1605/1605/1605 1607/1607/1607 1605/1605/1605 
f 1605/1605/1605 1607/1607/1607 1606/1606/1606 
f 1607/1607/1607 1608/1608/1608 1606/1606/1606 
f 1606/1606/1606 1608/1608/1608 1608/1608/1608 
f 1608/1608/1608 1607/1607/1607 1608/1608/1608 
f 1608/1608/1608 1607/1607/1607 1607/1607/1607 
f 1607/1607/1607 1609/1609/1609 1607/1607/1607 
f 1607/1607/1607 1609/1609/1609 1608/1608/1608 
f 1609/1609/1609 1610/1610/1610 1608/1608/1608 
f 1608/1608/1608 1610/1610/1610 1610/1610/1610 
f 1610/1610/1610 1609/1609/1609 1610/1610/1610 
f 1610/1610/1610 1609/1609/1609 1609/1609/1609 
f 1609/1609/1609 1611/1611/1611 1609/1609/1609 
f 1609/1609/1609 1611/1611/1611 1610/1610/1610 
f 1611/1611/1611 1612/1612/1612 1610/1610/1610 
f 1610/1610/1610 1612/1612/1612 1612/1612/1612 
f 1612/1612/1612 1611/1611/1611 1612/1612/1612 
f 1612/1612/1612 1611/1611/1611 1611/1611/1611 
f 1611/1611/1611 1613/1613/1613 1611/1611/1611 
f 1611/1611/1611 1613/1613/1613 1612/1612/1612 
f 1613/1613/1613 1614/1614/1614 1612/1612/1612 
f 1612/1612/1612 1614/1614/1614 1614/1614/1614 
f 1614/1614/1614 1613/1613/1613 1614/1614/1614 
f 1614/1614/1614 1613/1613/1613 1613/1613/1613 
f 1613/1613/1613 1615/1615/1615 1613/1613/1613 
f 1613/1613/1613 1615/1615/1615 1614/1614/1614 
f 1615/1615/1615 1616/1616/1616 1614/1614/1614 
f 1614/1614/1614 1616/1616/1616 1616/1616/1616 
f 1616/1616/1616 1615/1615/1615 1616/1616/1616 
f 1616/1616/1616 1615/1615/1615 1615/1615/1615 
f 1615/1615/1615 1617/1617/1617 1615/1615/1615 
f 1615/1615/1615 1617/1617/1617 1616/1616/1616 
f 1617/1617/1617 1618/1618/1618 1616/1616/1616 
f 1616/1616/1616 1618/1618/1618 1618/1618/1618 
f 1618/1618/1618 1617/1617/1617 1618/1618/1618 
f 1618/1618/1618 1617/1617/1617 1617/1617/1617 
f 1617/1617/1617 1619/1619/1619 1617/1617/1617 
f 1617/1617/1617 1619/1619/1619 1618/1618/1618 
f 1619/1619/1619 1620/1620/1620 1618/1618/1618 
f 1618/1618/1618 1620/1620/1620 1620/1620/1620 
f 1620/1620/1620 1621/1621/1621 1620/1620/1620 
f 1620/1620/1620 1621/1621/1621 1621/1621/1621 
f 1621/1621/1621 1622/1622/1622 1621/1621/1621 
f 1621/1621/1621 1622/1622/1622 1623/1623/1623 
f 1622/1622/1622 1624/1624/1624 1623/1623/1623 
f 1623/1623/1623 1624/1624/1624 1625/1625/1625 
f 1624/1624/1624 1626/1626/1626 1625/1625/1625 
f 1625/1625/1625 1626/1626/1626 1627/1627/1627 
f 1626/1626/1626 1628/1628/1628 1627/1627/1627 
f 1627/1627/1627 1628/1628/1628 1629/1629/1629 
f 1628/1628/1628 1630/1630/1630 1629/1629/1629 
f 1629/1629/1629 1630/1630/1630 1631/1631/1631 
f 1630/1630/1630 1632/1632/1632 1631/1631/1631 
f 1631/1631/1631 1632/1632/1632 1633/1633/1633 
f 1632/1632/1632 1634/1634/1634 1633/1633/1633 
f 1633/1633/1633 1634/1634/1634 1635/1635/1635 
f 1634/1634/1634 1636/1636/1636 1635/1635/1635 
f 1635/1635/1635 1636/1636/1636 1637/1637/1637 
f 1636/1636/1636 1638/1638/1638 1637/1637/1637 
f 1637/1637/1637 1638/1638/1638 1639/1639/1639 
f 1638/1638/1638 1640/1640/1640 1639/1639/1639 
f 1639/1639/1639 1640/1640/1640 1641/1641/1641 
f 1640/1640/1640 1642/1642/1642 1641/1641/1641 
f 1641/1641/1641 1642/1642/1642 1642/1642/1642 
f 1642/1642/1642 1643/1643/1643 1642/1642/1642 
f 1642/1642/1642 1643/1643/1643 1643/1643/1643 
f 1643/1643/1643 1644/1644/1644 1643/1643/1643 
f 1643/1643/1643 1644/1644/1644 1645/1645/1645 
f 1644/1644/1644 1646/1646/1646 1645/1645/1645 
f 1645/1645/1645 1646/1646/1646 1647/1647/1647 
f 1646/1646/1646 1648/1648/1648 1647/1647/1647 
f 1647/1647/1647 1648/1648/1648 1649/1649/1649 
f 1648/1648/1648 1650/1650/1650 1649/1649/1649 
f 1649/1649/1649 1650/1650/1650 1651/1651/1651 
f 1650/1650/1650 1652/1652/1652 1651/1651/1651 
f 1651/1651/1651 1652/1652/1652 1653/1653/1653 
f 1652/1652/1652 1654/1654/1654 1653/1653/1653 
f 1653/1653/1653 1654/1654/1654 1655/1655/1655 
f 1654/1654/1654 1656/1656/1656 1655/1655/1655 
f 1655/1655/1655 1656/1656/1656 1657/1657/1657 
f 1656/1656/1656 1658/1658/1658 1657/1657/1657 
f 1657/1657/1657 1658/1658/1658 1659/1659/1659 
f 1658/1658/1658 1660/1660/1660 1659/1659/1659 
f 1659/1659/1659 1660/1660/1660 1661/1661/1661 
f 1660/1660/1660 1662/1662/1662 1661/1661/1661 
f 1661/1661/1661 1662/1662/1662 1663/1663/1663 
f 1662/1662/1662 1664/1664/1664 1663/1663/1663 
f 1663/1663/1663 1664/1664/1664 1664/1664/1664 
f 1664/1664/1664 1665/1665/1665 1664/1664/1664 
f 1664/1664/1664 1665/1665/1665 1665/1665/1665 
f 1665/1665/1665 1666/1666/1666 1665/1665/1665 
f 1665/1665/1665 1666/1666/1666 1667/1667/1667 
f 1666/1666/1666 1668/1668/1668 1667/1667/1667 
f 1667/1667/1667 1668/1668/1668 1668/1668/1668 
f 1668/1668/1668 1666/1666/1666 1668/1668/1668 
f 1668/1668/1668 1666/1666/1666 1666/1666/1666 
f 1666/1666/1666 1669/1669/1669 1666/1666/1666 
f 1666/1666/1666 1669/1669/1669 1668/1668/1668 
f 1669/1669/1669 1670/1670/1670 1668/1668/1668 
f 1668/1668/1668 1670/1670/1670 1670/1670/1670 
f 1670/1670/1670 1669/1669/1669 1670/1670/1670 
f 1670/1670/1670 1669/1669/1669 1669/1669/1669 
f 1669/1669/1669 1671/1671/1671 1669/1669/1669 
f 1669/1669/1669 1671/1671/1671 1670/1670/1670 
f 1671/1671/1671 1672/1672/1672 1670/1670/1670 
f 1670/1670/1670 1672/1672/1672 1672/1672/1672 
f 1672/1672/1672 1671/1671/1671 1672/1672/1672 
f 1672/1672/1672 1671/1671/1671 1671/1671/1671 
f 1671/1671/1671 1673/1673/1673 1671/1671/1671 
f 1671/1671/1671 1673/1673/1673 1672/1672/1672 
f 1673/1673/1673 1674/1674/1674 1672/1672/1672 
f 1672/1672/1672 1674/1674/1674 1674/1674/1674 
f 1674/1674/1674 1673/1673/1673 1674/1674/1674 
f 1674/1674/1674 1673/1673/1673 1673/1673/1673 
f 1673/1673/1673 1675/1675/1675 1673/1673/1673 
f 1673/1673/1673 1675/1675/1675 1674/1674/1674 
f 1675/1675/1675 1676/1676/1676 1674/1674/1674 
f 1674/1674/1674 1676/1676/1676 1676/1676/1676 
f 1676/1676/1676 1675/1675/1675 1676/1676/1676 
f 1676/1676/1676 1675/1675/1675 1675/1675/1675 
f 1675/1675/1675 1677/1677/1677 1675/1675/1675 
f 1675/1675/1675 1677/1677/1677 1676/1676/1676 
f 1677/1677/1677 1678/1678/1678 1676/1676/1676 
f 1676/1676/1676 1678/1678/1678 1678/1678/1678 
f 1678/1678/1678 1677/1677/1677 1678/1678/1678 
f 1678/1678/1678 1677/1677/1677 1677/1677/1677 
f 1677/1677/1677 1679/1679/1679 1677/1677/1677 
f 1677/1677/1677 1679/1679/1679 1678/1678/1678 
f 1679/1679/1679 1680/1680/1680 1678/1678/1678 
f 1678/1678/1678 1680/1680/1680 1680/1680/1680 
f 1680/1680/1680 1679/1679/1679 1680/1680/1680 
f 1680/1680/1680 1679/1679/1679 1679/1679/1679 
f 1679/1679/1679 1681/1681/1681 1679/1679/1679 
f 1679/1679/1679 1681/1681/1681 1680/1680/1680 
f 1681/1681/1681 1682/1682/1682 1680/1680/1680 
f 1680/1680/1680 1682/1682/1682 1682/1682/1682 
f 1682/1682/1682 1681/1681/1681 1682/1682/1682 
f 1682/1682/1682 1681/1681/1681 1681/1681/1681 
f 1681/1681/1681 1683/1683/1683 1681/1681/1681 
f 1681/1681/1681 1683/1683/1683 1682/1682/1682 
f 1683/1683/1683 1684/1684/1684 1682/1682/1682 
f 1682/1682/1682 1684/1684/1684 1684/1684/1684 
f 1684/1684/1684 1683/1683/1683 1684/1684/1684 
f 1684/1684/1684 1683/1683/1683 1683/1683/1683 
f 1683/1683/1683 1685/1685/1685 1683/1683/1683 
f 1683/1683/1683 1685/1685/1685 1684/1684/1684 
f 1685/1685/1685 1686/1686/1686 1684/1684/1684 
f 1684/1684/1684 1686/1686/1686 1686/1686/1686 
f 1686/1686/1686 1687/1687/1687 1686/1686/1686 
f 1686/1686/1686 1687/1687/1687 1687/1687/1687 
f 1687/1687/1687 1688/1688/1688 1687/1687/1687 
f 1687/1687/1687 1688/1688/1688 1689/1689/1689 
f 1688/1688/1688 1690/1690/1690 1689/1689/1689 
f 1689/1689/1689 1690/1690/1690 1691/1691/1691 
f 1690/1690/1690 1692/1692/1692 1691/1691/1691 
f 1691/1691/1691 1692/1692/1692 1693/1693/1693 
f 1692/1692/1692 1694/1694/1694 1693/1693/1693 
f 1693/1693/1693 1694/1694/1694 1695/1695/1695 
f 1694/1694/1694 1696/1696/1696 1695/1695/1695 
f 1695/1695/1695 1696/1696/1696 1697/1697/1697 
f 1696/1696/1696 1698/1698/1698 1697/1697/1697 
f 1697/1697/1697 1698/1698/1698 1699/1699/1699 
f 1698/1698/1698 1700/1700/1700 1699/1699/1699 
f 1699/1699/1699 1700/1700/1700 1701/1701/1701 
f 1700/1700/1700 1702/1702/1702 1701/1701/1701 
f 1701/1701/1701 1702/1702/1702 1703/1703/1703 
f 1702/1702/1702 1704/1704/1704 1703/1703/1703 
f 1703/1703/1703 1704/1704/1704 1705/1705/1705 
f 1704/1704/1704 1706/1706/1706 1705/1705/1705 
f 1705/1705/1705 1706/1706/1706 1707/1707/1707 
f 1706/1706/1706 1708/1708/1708 1707/1707/1707 
f 1707/1707/1707 1708/1708/1708 1708/1708/1708 
f 1708/1708/1708 1709/1709/1709 1708/1708/1708 
f 1708/1708/1708 1709/1709/1709 1709/1709/1709 
f 1709/1709/1709 1710/1710/1710 1709/1709/1709 
f 1709/1709/1709 1710/1710/1710 1711/1711/1711 
f 1710/1710/1710 1712/1712/1712 1711/1711/1711 
f 1711/1711/1711 1712/1712/1712 1713/1713/1713 
f 1712/1712/1712 1714/1714/1714 1713/1713/1713 
f 1713/1713/1713 1714/1714/1714 1715/1715/1715 
f 1714/1714/1714 1716/1716/1716 1715/1715/1715 
f 1715/1715/1715 1716/1716/1716 1717/1717/1717 
f 1716/1716/1716 1718/1718/1718 1717/1717/1717 
f 1717/1717/1717 1718/1718/1718 1719/1719/1719 
f 1718/1718/1718 1720/1720/1720 1719/1719/1719 
f 1719/1719/1719 1720/1720/1720 1721/1721/1721 
f 1720/1720/1720 1722/1722/1722 1721/1721/1721 
f 1721/1721/1721 1722/1722/1722 1723/1723/1723 
f 1722/1722/1722 1724/1724/1724 1723/1723/1723 
f 1723/1723/1723 1724/1724/1724 1725/1725/1725 
f 1724/1724/1724 1725/1725/1725 1725/1725/1725 
f 1725/1725/1725 1725/1725/1725 1709/1709/1709 
f 1725/1725/1725 1709/1709/1709 1709/1709/1709 
f 1709/1709/1709 1709/1709/1709 1709/1709/1709 
f 1709/1709/1709 1711/1711/1711 1709/1709/1709 
f 1709/1709/1709 1711/1711/1711 1726/1726/1726 
f 1711/1711/1711 1713/1713/1713 1726/1726/1726 
f 1726/1726/1726 1713/1713/1713 1727/1727/1727 
f 1713/1713/1713 1715/1715/1715 1727/1727/1727 
f 1727/1727/1727 1715/1715/1715 1728/1728/1728 
f 1715/1715/1715 1717/1717/1717 1728/1728/1728 
f 1728/1728/1728 1717/1717/1717 1729/1729/1729 
f 1717/1717/1717 1719/1719/1719 1729/1729/1729 
f 1729/1729/1729 1719/1719/1719 1730/1730/1730 
f 1719/1719/1719 1721/1721/1721 1730/1730/1730 
f 1730/1730/1730 1721/1721/1721 1731/1731/1731 
f 1721/1721/1721 1723/1723/1723 1731/1731/1731 
f 1731/1731/1731 1723/1723/1723 1725/1725/1725 
f 1723/1723/1723 1725/1725/1725 1725/1725/1725 
f 1725/1725/1725 1725/1725/1725 1731/1731/1731 
f 1725/1725/1725 1731/1731/1731 1731/1731/1731 
f 1731/1731/1731 1731/1731/1731 1731/1731/1731 
f 1731/1731/1731 1732/1732/1732 1731/1731/1731 
f 1731/1731/1731 1732/1732/1732 1730/1730/1730 
f 1732/1732/1732 1733/1733/1733 1730/1730/1730 
f 1730/1730/1730 1733/1733/1733 1729/1729/1729 
f 1733/1733/1733 1734/1734/1734 1729/1729/1729 
f 1729/1729/1729 1734/1734/1734 1728/1728/1728 
f 1734/1734/1734 1735/1735/1735 1728/1728/1728 
f 1728/1728/1728 1735/1735/1735 1727/1727/1727 
f 1735/1735/1735 1736/1736/1736 1727/1727/1727 
f 1727/1727/1727 1736/1736/1736 1726/1726/1726 
f 1736/1736/1736 1737/1737/1737 1726/1726/1726 
f 1726/1726/1726 1737/1737/1737 1709/1709/1709 
f 1737/1737/1737 1738/1738/1738 1709/1709/1709 
f 1709/1709/1709 1738/1738/1738 1739/1739/1739 
f 1738/1738/1738 1740/1740/1740 1739/1739/1739 
f 1739/1739/1739 1740/1740/1740 1740/1740/1740 
f 1740/1740/1740 1731/1731/1731 1740/1740/1740 
f 1740/1740/1740 1731/1731/1731 1731/1731/1731 
f 1731/1731/1731 1741/1741/1741 1731/1731/1731 
f 1731/1731/1731 1741/1741/1741 1732/1732/1732 
f 1741/1741/1741 1742/1742/1742 1732/1732/1732 
f 1732/1732/1732 1742/1742/1742 1733/1733/1733 
f 1742/1742/1742 1743/1743/1743 1733/1733/1733 
f 1733/1733/1733 1743/1743/1743 1734/1734/1734 
f 1743/1743/1743 1744/1744/1744 1734/1734/1734 
f 1734/1734/1734 1744/1744/1744 1735/1735/1735 
f 1744/1744/1744 1745/1745/1745 1735/1735/1735 
f 1735/1735/1735 1745/1745/1745 1736/1736/1736 
f 1745/1745/1745 1746/1746/1746 1736/1736/1736 
f 1736/1736/1736 1746/1746/1746 1737/1737/1737 
f 1746/1746/1746 1747/1747/1747 1737/1737/1737 
f 1737/1737/1737 1747/1747/1747 1738/1738/1738 
f 1747/1747/1747 1740/1740/1740 1738/1738/1738 
f 1738/1738/1738 1740/1740/1740 1740/1740/1740 
f 1740/1740/1740 1742/1742/1742 1740/1740/1740 
f 1740/1740/1740 1742/1742/1742 1742/1742/1742 
f 1742/1742/1742 1748/1748/1748 1742/1742/1742 
f 1742/1742/1742 1748/1748/1748 1743/1743/1743 
f 1748/1748/1748 1749/1749/1749 1743/1743/1743 
f 1743/1743/1743 1749/1749/1749 1744/1744/1744 
f 1749/1749/1749 1750/1750/1750 1744/1744/1744 
f 1744/1744/1744 1750/1750/1750 1745/1745/1745 
f 1750/1750/1750 1751/1751/1751 1745/1745/1745 
f 1745/1745/1745 1751/1751/1751 1746/1746/1746 
f 1751/1751/1751 1752/1752/1752 1746/1746/1746 
f 1746/1746/1746 1752/1752/1752 1747/1747/1747 
f 1752/1752/1752 1753/1753/1753 1747/1747/1747 
f 1747/1747/1747 1753/1753/1753 1740/1740/1740 
f 1753/1753/1753 1754/1754/1754 1740/1740/1740 
f 1740/1740/1740 1754/1754/1754 1755/1755/1755 
f 1754/1754/1754 1756/1756/1756 1755/1755/1755 
f 1755/1755/1755 1756/1756/1756 1756/1756/1756 
f 1756/1756/1756 1754/1754/1754 1756/1756/1756 
f 1756/1756/1756 1754/1754/1754 1757/1757/1757 
f 1754/1754/1754 1753/1753/1753 1757/1757/1757 
f 1757/1757/1757 1753/1753/1753 1758/1758/1758 
f 1753/1753/1753 1752/1752/1752 1758/1758/1758 
f 1758/1758/1758 1752/1752/1752 1759/1759/1759 
f 1752/1752/1752 1751/1751/1751 1759/1759/1759 
f 1759/1759/1759 1751/1751/1751 1760/1760/1760 
f 1751/1751/1751 1750/1750/1750 1760/1760/1760 
f 1760/1760/1760 1750/1750/1750 1761/1761/1761 
f 1750/1750/1750 1749/1749/1749 1761/1761/1761 
f 1761/1761/1761 1749/1749/1749 1762/1762/1762 
f 1749/1749/1749 1748/1748/1748 1762/1762/1762 
f 1762/1762/1762 1748/1748/1748 1763/1763/1763 
f 1748/1748/1748 1742/1742/1742 1763/1763/1763 
f 1763/1763/1763 1742/1742/1742 1742/1742/1742 
f 1742/1742/1742 1764/1764/1764 1742/1742/1742 
f 1742/1742/1742 1764/1764/1764 1764/1764/1764 
f 1764/1764/1764 1765/1765/1765 1764/1764/1764 
f 1764/1764/1764 1765/1765/1765 1766/1766/1766 
f 1765/1765/1765 1767/1767/1767 1766/1766/1766 
f 1766/1766/1766 1767/1767/1767 1768/1768/1768 
f 1767/1767/1767 1769/1769/1769 1768/1768/1768 
f 1768/1768/1768 1769/1769/1769 1770/1770/1770 
f 1769/1769/1769 1771/1771/1771 1770/1770/1770 
f 1770/1770/1770 1771/1771/1771 1772/1772/1772 
f 1771/1771/1771 1773/1773/1773 1772/1772/1772 
f 1772/1772/1772 1773/1773/1773 1774/1774/1774 
f 1773/1773/1773 1775/1775/1775 1774/1774/1774 
f 1774/1774/1774 1775/1775/1775 1776/1776/1776 
f 1775/1775/1775 1777/1777/1777 1776/1776/1776 
f 1776/1776/1776 1777/1777/1777 1778/1778/1778 
f 1777/1777/1777 1779/1779/1779 1778/1778/1778 
f 1778/1778/1778 1779/1779/1779 1780/1780/1780 
f 1779/1779/1779 1781/1781/1781 1780/1780/1780 
f 1780/1780/1780 1781/1781/1781 1782/1782/1782 
f 1781/1781/1781 1783/1783/1783 1782/1782/1782 
f 1782/1782/1782 1783/1783/1783 1764/1764/1764 
f 1783/1783/1783 1765/1765/1765 1764/1764/1764 
f 1764/1764/1764 1765/1765/1765 1765/1765/1765 
f 1765/1765/1765 1784/1784/1784 1765/1765/1765 
f 1765/1765/1765 1784/1784/1784 1784/1784/1784 
f 1784/1784/1784 1785/1785/1785 1784/1784/1784 
f 1784/1784/1784 1785/1785/1785 1786/1786/1786 
f 1785/1785/1785 1787/1787/1787 1786/1786/1786 
f 1786/1786/1786 1787/1787/1787 1788/1788/1788 
f 1787/1787/1787 1789/1789/1789 1788/1788/1788 
f 1788/1788/1788 1789/1789/1789 1790/1790/1790 
f 1789/1789/1789 1791/1791/1791 1790/1790/1790 
f 1790/1790/1790 1791/1791/1791 1792/1792/1792 
f 1791/1791/1791 1793/1793/1793 1792/1792/1792 
f 1792/1792/1792 1793/1793/1793 1794/1794/1794 
f 1793/1793/1793 1795/1795/1795 1794/1794/1794 
f 1794/1794/1794 1795/1795/1795 1796/1796/1796 
f 1795/1795/1795 1797/1797/1797 1796/1796/1796 
f 1796/1796/1796 1797/1797/1797 1798/1798/1798 
f 1797/1797/1797 1799/1799/1799 1798/1798/1798 
f 1798/1798/1798 1799/1799/1799 1800/1800/1800 
f 1799/1799/1799 1801/1801/1801 1800/1800/1800 
f 1800/1800/1800 1801/1801/1801 1802/1802/1802 
f 1801/1801/1801 1803/1803/1803 1802/1802/1802 
f 1802/1802/1802 1803/1803/1803 1784/1784/1784 
f 1803/1803/1803 1785/1785/1785 1784/1784/1784 
f 1784/1784/1784 1785/1785/1785 1785/1785/1785 
f 1785/1785/1785 1804/1804/1804 1785/1785/1785 
f 1785/1785/1785 1804/1804/1804 1804/1804/1804 
f 1804/1804/1804 1805/1805/1805 1804/1804/1804 
f 1804/1804/1804 1805/1805/1805 1806/1806/1806 
f 1805/1805/1805 1807/1807/1807 1806/1806/1806 
f 1806/1806/1806 1807/1807/1807 1808/1808/1808 
f 1807/1807/1807 1809/1809/1809 1808/1808/1808 
f 1808/1808/1808 1809/1809/1809 1810/1810/1810 
f 1809/1809/1809 1811/1811/1811 1810/1810/1810 
f 1810/1810/1810 1811/1811/1811 1812/1812/1812 
f 1811/1811/1811 1813/1813/1813 1812/1812/1812 
f 1812/1812/1812 1813/1813/1813 1814/1814/1814 
f 1813/1813/1813 1815/1815/1815 1814/1814/1814 
f 1814/1814/1814 1815/1815/1815 1816/1816/1816 
f 1815/1815/1815 1817/1817/1817 1816/1816/1816 
f 1816/1816/1816 1817/1817/1817 1818/1818/1818 
f 1817/1817/1817 1819/1819/1819 1818/1818/1818 
f 1818/1818/1818 1819/1819/1819 1820/1820/1820 
f 1819/1819/1819 1821/1821/1821 1820/1820/1820 
f 1820/1820/1820 1821/1821/1821 1822/1822/1822 
f 1821/1821/1821 1823/1823/1823 1822/1822/1822 
f 1822/1822/1822 1823/1823/1823 1804/1804/1804 
f 1823/1823/1823 1805/1805/1805 1804/1804/1804 
f 1804/1804/1804 1805/1805/1805 1805/1805/1805 
f 1805/1805/1805 1824/1824/1824 1805/1805/1805 
f 1805/1805/1805 1824/1824/1824 1824/1824/1824 
f 1824/1824/1824 1825/1825/1825 1824/1824/1824 
f 1824/1824/1824 1825/1825/1825 1826/1826/1826 
f 1825/1825/1825 1827/1827/1827 1826/1826/1826 
f 1826/1826/1826 1827/1827/1827 1828/1828/1828 
f 1827/1827/1827 1829/1829/1829 1828/1828/1828 
f 1828/1828/1828 1829/1829/1829 1830/1830/1830 
f 1829/1829/1829 1831/1831/1831 1830/1830/1830 
f 1830/1830/1830 1831/1831/1831 1832/1832/1832 
f 1831/1831/1831 1833/1833/1833 1832/1832/1832 
f 1832/1832/1832 1833/1833/1833 1834/1834/1834 
f 1833/1833/1833 1835/1835/1835 1834/1834/1834 
f 1834/1834/1834 1835/1835/1835 1836/1836/1836 
f 1835/1835/1835 1837/1837/1837 1836/1836/1836 
f 1836/1836/1836 1837/1837/1837 1838/1838/1838 
f 1837/1837/1837 1839/1839/1839 1838/1838/1838 
f 1838/1838/1838 1839/1839/1839 1840/1840/1840 
f 1839/1839/1839 1841/1841/1841 1840/1840/1840 
f 1840/1840/1840 1841/1841/1841 1842/1842/1842 
f 1841/1841/1841 1843/1843/1843 1842/1842/1842 
f 1842/1842/1842 1843/1843/1843 1824/1824/1824 
f 1843/1843/1843 1825/1825/1825 1824/1824/1824 
f 1824/1824/1824 1825/1825/1825 1825/1825/1825 
f 1825/1825/1825 1844/1844/1844 1825/1825/1825 
f 1825/1825/1825 1844/1844/1844 1844/1844/1844 
f 1844/1844/1844 1845/1845/1845 1844/1844/1844 
f 1844/1844/1844 1845/1845/1845 1846/1846/1846 
f 1845/1845/1845 1847/1847/1847 1846/1846/1846 
f 1846/1846/1846 1847/1847/1847 1848/1848/1848 
f 1847/1847/1847 1849/1849/1849 1848/1848/1848 
f 1848/1848/1848 1849/1849/1849 1850/1850/1850 
f 1849/1849/1849 1851/1851/1851 1850/1850/1850 
f 1850/1850/1850 1851/1851/1851 1852/1852/1852 
f 1851/1851/1851 1853/1853/1853 1852/1852/1852 
f 1852/1852/1852 1853/1853/1853 1854/1854/1854 
f 1853/1853/1853 1855/1855/1855 1854/1854/1854 
f 1854/1854/1854 1855/1855/1855 1856/1856/1856 
f 1855/1855/1855 1857/1857/1857 1856/1856/1856 
f 1856/1856/1856 1857/1857/1857 1858/1858/1858 
f 1857/1857/1857 1859/1859/1859 1858/1858/1858 
f 1858/1858/1858 1859/1859/1859 1860/1860/1860 
f 1859/1859/1859 1861/1861/1861 1860/1860/1860 
f 1860/1860/1860 1861/1861/1861 1862/1862/1862 
f 1861/1861/1861 1863/1863/1863 1862/1862/1862 
f 1862/1862/1862 1863/1863/1863 1844/1844/1844 
f 1863/1863/1863 1845/1845/1845 1844/1844/1844 
f 1844/1844/1844 1845/1845/1845 1845/1845/1845 
f 1845/1845/1845 1864/1864/1864 1845/1845/1845 
f 1845/1845/1845 1864/1864/1864 1864/1864/1864 
f 1864/1864/1864 1865/1865/1865 1864/1864/1864 
f 1864/1864/1864 1865/1865/1865 1866/1866/1866 
f 1865/1865/1865 1867/1867/1867 1866/1866/1866 
f 1866/1866/1866 1867/1867/1867 1868/1868/1868 
f 1867/1867/1867 1869/1869/1869 1868/1868/1868 
f 1868/1868/1868 1869/1869/1869 1870/1870/1870 
f 1869/1869/1869 1871/1871/1871 1870/1870/1870 
f 1870/1870/1870 1871/1871/1871 1872/1872/1872 
f 1871/1871/1871 1873/1873/1873 1872/1872/1872 
f 1872/1872/1872 1873/1873/1873 1874/1874/1874 
f 1873/1873/1873 1875/1875/1875 1874/1874/1874 
f 1874/1874/1874 1875/1875/1875 1876/1876/1876 
f 1875/1875/1875 1877/1877/1877 1876/1876/1876 
f 1876/1876/1876 1877/1877/1877 1878/1878/1878 
f 1877/1877/1877 1879/1879/1879 1878/1878/1878 
f 1878/1878/1878 1879/1879/1879 1880/1880/1880 
f 1879/1879/1879 1880/1880/1880 1880/1880/1880 
f 1880/1880/1880 1880/1880/1880 1864/1864/1864 
f 1880/1880/1880 1864/1864/1864 1864/1864/1864 
f 1864/1864/1864 1864/1864/1864 1864/1864/1864 
f 1864/1864/1864 1866/1866/1866 1864/1864/1864 
f 1864/1864/1864 1866/1866/1866 1881/1881/1881 
f 1866/1866/1866 1868/1868/1868 1881/1881/1881 
f 1881/1881/1881 1868/1868/1868 1882/1882/1882 
f 1868/1868/1868 1870/1870/1870 1882/1882/1882 
f 1882/1882/1882 1870/1870/1870 1883/1883/1883 
f 1870/1870/1870 1872/1872/1872 1883/1883/1883 
f 1883/1883/1883 1872/1872/1872 1884/1884/1884 
f 1872/1872/1872 1874/1874/1874 1884/1884/1884 
f 1884/1884/1884 1874/1874/1874 1885/1885/1885 
f 1874/1874/1874 1876/1876/1876 1885/1885/1885 
f 1885/1885/1885 1876/1876/1876 1886/1886/1886 
f 1876/1876/1876 1878/1878/1878 1886/1886/1886 
f 1886/1886/1886 1878/1878/1878 1880/1880/1880 
f 1878/1878/1878 1880/1880/1880 1880/1880/1880 
f 1880/1880/1880 1880/1880/1880 1886/1886/1886 
f 1880/1880/1880 1886/1886/1886 1886/1886/1886 
f 1886/1886/1886 1886/1886/1886 1886/1886/1886 
f 1886/1886/1886 1887/1887/1887 1886/1886/1886 
f 1886/1886/1886 1887/1887/1887 1885/1885/1885 
f 1887/1887/1887 1888/1888/1888 1885/1885/1885 
f 1885/1885/1885 1888/1888/1888 1884/1884/1884 
f 1888/1888/1888 1889/1889/1889 1884/1884/1884 
f 1884/1884/1884 1889/1889/1889 1883/1883/1883 
f 1889/1889/1889 1890/1890/1890 1883/1883/1883 
f 1883/1883/1883 1890/1890/1890 1882/1882/1882 
f 1890/1890/1890 1891/1891/1891 1882/1882/1882 
f 1882/1882/1882 1891/1891/1891 1881/1881/1881 
f 1891/1891/1891 1892/1892/1892 1881/1881/1881 
f 1881/1881/1881 1892/1892/1892 1864/1864/1864 
f 1892/1892/1892 1893/1893/1893 1864/1864/1864 
f 1864/1864/1864 1893/1893/1893 1894/1894/1894 
f 1893/1893/1893 1895/1895/1895 1894/1894/1894 
f 1894/1894/1894 1895/1895/1895 1895/1895/1895 
f 1895/1895/1895 1893/1893/1893 1895/1895/1895 
f 1895/1895/1895 1893/1893/1893 1896/1896/1896 
f 1893/1893/1893 1892/1892/1892 1896/1896/1896 
f 1896/1896/1896 1892/1892/1892 1897/1897/1897 
f 1892/1892/1892 1891/1891/1891 1897/1897/1897 
f 1897/1897/1897 1891/1891/1891 1898/1898/1898 
f 1891/1891/1891 1890/1890/1890 1898/1898/1898 
f 1898/1898/1898 1890/1890/1890 1899/1899/1899 
f 1890/1890/1890 1889/1889/1889 1899/1899/1899 
f 1899/1899/1899 1889/1889/1889 1900/1900/1900 
f 1889/1889/1889 1888/1888/1888 1900/1900/1900 
f 1900/1900/1900 1888/1888/1888 1901/1901/1901 
f 1888/1888/1888 1887/1887/1887 1901/1901/1901 
f 1901/1901/1901 1887/1887/1887 1902/1902/1902 
f 1887/1887/1887 1886/1886/1886 1902/1902/1902 
f 1902/1902/1902 1886/1886/1886 1886/1886/1886 
f 1886/1886/1886 1873/1873/1873 1886/1886/1886 
f 1886/1886/1886 1873/1873/1873 1873/1873/1873 
f 1873/1873/1873 1903/1903/1903 1873/1873/1873 
f 1873/1873/1873 1903/1903/1903 1875/1875/1875 
f 1903/1903/1903 1904/1904/1904 1875/1875/1875 
f 1875/1875/1875 1904/1904/1904 1877/1877/1877 
f 1904/1904/1904 1905/1905/1905 1877/1877/1877 
f 1877/1877/1877 1905/1905/1905 1879/1879/1879 
f 1905/1905/1905 1906/1906/1906 1879/1879/1879 
f 1879/1879/1879 1906/1906/1906 1907/1907/1907 
f 1906/1906/1906 1908/1908/1908 1907/1907/1907 
f 1907/1907/1907 1908/1908/1908 1908/1908/1908 
f 1908/1908/1908 1906/1906/1906 1908/1908/1908 
f 1908/1908/1908 1906/1906/1906 1909/1909/1909 
f 1906/1906/1906 1905/1905/1905 1909/1909/1909 
f 1909/1909/1909 1905/1905/1905 1910/1910/1910 
f 1905/1905/1905 1904/1904/1904 1910/1910/1910 
f 1910/1910/1910 1904/1904/1904 1911/1911/1911 
f 1904/1904/1904 1903/1903/1903 1911/1911/1911 
f 1911/1911/1911 1903/1903/1903 1912/1912/1912 
f 1903/1903/1903 1913/1913/1913 1912/1912/1912 
f 1912/1912/1912 1913/1913/1913 1914/1914/1914 
f 1913/1913/1913 1915/1915/1915 1914/1914/1914 
f 1914/1914/1914 1915/1915/1915 1916/1916/1916 
f 1915/1915/1915 1917/1917/1917 1916/1916/1916 
f 1916/1916/1916 1917/1917/1917 1918/1918/1918 
f 1917/1917/1917 1867/1867/1867 1918/1918/1918 
f 1918/1918/1918 1867/1867/1867 1867/1867/1867 
f 1867/1867/1867 1917/1917/1917 1867/1867/1867 
f 1867/1867/1867 1917/1917/1917 1869/1869/1869 
f 1917/1917/1917 1915/1915/1915 1869/1869/1869 
f 1869/1869/1869 1915/1915/1915 1871/1871/1871 
f 1915/1915/1915 1913/1913/1913 1871/1871/1871 
f 1871/1871/1871 1913/1913/1913 1873/1873/1873 
f 1913/1913/1913 1903/1903/1903 1873/1873/1873 
f 1873/1873/1873 1903/1903/1903 1903/1903/1903 
f 1903/1903/1903 1919/1919/1919 1903/1903/1903 
f 1903/1903/1903 1919/1919/1919 1919/1919/1919 
f 1919/1919/1919 1920/1920/1920 1919/1919/1919 
f 1919/1919/1919 1920/1920/1920 1921/1921/1921 
f 1920/1920/1920 1922/1922/1922 1921/1921/1921 
f 1921/1921/1921 1922/1922/1922 1923/1923/1923 
f 1922/1922/1922 1924/1924/1924 1923/1923/1923 
f 1923/1923/1923 1924/1924/1924 1924/1924/1924 
f 1924/1924/1924 1919/1919/1919 1924/1924/1924 
f 1924/1924/1924 1919/1919/1919 1919/1919/1919 
f 1919/1919/1919 1921/1921/1921 1919/1919/1919 
f 1919/1919/1919 1921/1921/1921 1925/1925/1925 
f 1921/1921/1921 1923/1923/1923 1925/1925/1925 
f 1925/1925/1925 1923/1923/1923 1923/1923/1923 
f 1923/1923/1923 1926/1926/1926 1923/1923/1923 
f 1923/1923/1923 1926/1926/1926 1926/1926/1926 
f 1926/1926/1926 1927/1927/1927 1926/1926/1926 
f 1926/1926/1926 1927/1927/1927 1928/1928/1928 
f 1927/1927/1927 1929/1929/1929 1928/1928/1928 
f 1928/1928/1928 1929/1929/1929 1930/1930/1930 
f 1929/1929/1929 1931/1931/1931 1930/1930/1930 
f 1930/1930/1930 1931/1931/1931 1932/1932/1932 
f 1931/1931/1931 1933/1933/1933 1932/1932/1932 
f 1932/1932/1932 1933/1933/1933 1934/1934/1934 
f 1933/1933/1933 1935/1935/1935 1934/1934/1934 
f 1934/1934/1934 1935/1935/1935 1936/1936/1936 
f 1935/1935/1935 1937/1937/1937 1936/1936/1936 
f 1936/1936/1936 1937/1937/1937 1938/1938/1938 
f 1937/1937/1937 1939/1939/1939 1938/1938/1938 
f 1938/1938/1938 1939/1939/1939 1940/1940/1940 
f 1939/1939/1939 1941/1941/1941 1940/1940/1940 
f 1940/1940/1940 1941/1941/1941 1942/1942/1942 
f 1941/1941/1941 1943/1943/1943 1942/1942/1942 
f 1942/1942/1942 1943/1943/1943 1944/1944/1944 
f 1943/1943/1943 1945/1945/1945 1944/1944/1944 
f 1944/1944/1944 1945/1945/1945 1926/1926/1926 
f 1945/1945/1945 1927/1927/1927 1926/1926/1926 
f 1926/1926/1926 1927/1927/1927 1927/1927/1927 
f 1927/1927/1927 1916/1916/1916 1927/1927/1927 
f 1927/1927/1927 1916/1916/1916 1916/1916/1916 
f 1916/1916/1916 1946/1946/1946 1916/1916/1916 
f 1916/1916/1916 1946/1946/1946 1914/1914/1914 
f 1946/1946/1946 1947/1947/1947 1914/1914/1914 
f 1914/1914/1914 1947/1947/1947 1912/1912/1912 
f 1947/1947/1947 1948/1948/1948 1912/1912/1912 
f 1912/1912/1912 1948/1948/1948 1911/1911/1911 
f 1948/1948/1948 1949/1949/1949 1911/1911/1911 
f 1911/1911/1911 1949/1949/1949 1910/1910/1910 
f 1949/1949/1949 1950/1950/1950 1910/1910/1910 
f 1910/1910/1910 1950/1950/1950 1909/1909/1909 
f 1950/1950/1950 1951/1951/1951 1909/1909/1909 
f 1909/1909/1909 1951/1951/1951 1908/1908/1908 
f 1951/1951/1951 1952/1952/1952 1908/1908/1908 
f 1908/1908/1908 1952/1952/1952 1953/1953/1953 
f 1952/1952/1952 1954/1954/1954 1953/1953/1953 
f 1953/1953/1953 1954/1954/1954 1954/1954/1954 
f 1954/1954/1954 1952/1952/1952 1954/1954/1954 
f 1954/1954/1954 1952/1952/1952 1955/1955/1955 
f 1952/1952/1952 1951/1951/1951 1955/1955/1955 
f 1955/1955/1955 1951/1951/1951 1956/1956/1956 
f 1951/1951/1951 1950/1950/1950 1956/1956/1956 
f 1956/1956/1956 1950/1950/1950 1957/1957/1957 
f 1950/1950/1950 1949/1949/1949 1957/1957/1957 
f 1957/1957/1957 1949/1949/1949 1958/1958/1958 
f 1949/1949/1949 1948/1948/1948 1958/1958/1958 
f 1958/1958/1958 1948/1948/1948 1959/1959/1959 
f 1948/1948/1948 1947/1947/1947 1959/1959/1959 
f 1959/1959/1959 1947/1947/1947 1960/1960/1960 
f 1947/1947/1947 1946/1946/1946 1960/1960/1960 
f 1960/1960/1960 1946/1946/1946 1961/1961/1961 
f 1946/1946/1946 1916/1916/1916 1961/1961/1961 
f 1961/1961/1961 1916/1916/1916 1916/1916/1916 
f 1916/1916/1916 1962/1962/1962 1916/1916/1916 
f 1916/1916/1916 1962/1962/1962 1962/1962/1962 
f 1962/1962/1962 1963/1963/1963 1962/1962/1962 
f 1962/1962/1962 1963/1963/1963 1964/1964/1964 
f 1963/1963/1963 1965/1965/1965 1964/1964/1964 
f 1964/1964/1964 1965/1965/1965 1966/1966/1966 
f 1965/1965/1965 1967/1967/1967 1966/1966/1966 
f 1966/1966/1966 1967/1967/1967 1968/1968/1968 
f 1967/1967/1967 1969/1969/1969 1968/1968/1968 
f 1968/1968/1968 1969/1969/1969 1970/1970/1970 
f 1969/1969/1969 1971/1971/1971 1970/1970/1970 
f 1970/1970/1970 1971/1971/1971 1972/1972/1972 
f 1971/1971/1971 1973/1973/1973 1972/1972/1972 
f 1972/1972/1972 1973/1973/1973 1974/1974/1974 
f 1973/1973/1973 1975/1975/1975 1974/1974/1974 
f 1974/1974/1974 1975/1975/1975 1976/1976/1976 
f 1975/1975/1975 1977/1977/1977 1976/1976/1976 
f 1976/1976/1976 1977/1977/1977 1978/1978/1978 
f 1977/1977/1977 1979/1979/1979 1978/1978/1978 
f 1978/1978/1978 1979/1979/1979 1980/1980/1980 
f 1979/1979/1979 1981/1981/1981 1980/1980/1980 
f 1980/1980/1980 1981/1981/1981 1962/1962/1962 
f 1981/1981/1981 1963/1963/1963 1962/1962/1962 
f 1962/1962/1962 1963/1963/1963 1963/1963/1963 
f 1963/1963/1963 1982/1982/1982 1963/1963/1963 
f 1963/1963/1963 1982/1982/1982 1982/1982/1982 
f 1982/1982/1982 1983/1983/1983 1982/1982/1982 
f 1982/1982/1982 1983/1983/1983 1984/1984/1984 
f 1983/1983/1983 1985/1985/1985 1984/1984/1984 
f 1984/1984/1984 1985/1985/1985 1986/1986/1986 
f 1985/1985/1985 1987/1987/1987 1986/1986/1986 
f 1986/1986/1986 1987/1987/1987 1988/1988/1988 
f 1987/1987/1987 1989/1989/1989 1988/1988/1988 
f 1988/1988/1988 1989/1989/1989 1990/1990/1990 
f 1989/1989/1989 1991/1991/1991 1990/1990/1990 
f 1990/1990/1990 1991/1991/1991 1992/1992/1992 
f 1991/1991/1991 1993/1993/1993 1992/1992/1992 
f 1992/1992/1992 1993/1993/1993 1994/1994/1994 
f 1993/1993/1993 1995/1995/1995 1994/1994/1994 
f 1994/1994/1994 1995/1995/1995 1996/1996/1996 
f 1995/1995/1995 1997/1997/1997 1996/1996/1996 
f 1996/1996/1996 1997/1997/1997 1998/1998/1998 
f 1997/1997/1997 1999/1999/1999 1998/1998/1998 
f 1998/1998/1998 1999/1999/1999 2000/2000/2000 
f 1999/1999/1999 2001/2001/2001 2000/2000/2000 
f 2000/2000/2000 2001/2001/2001 1982/1982/1982 
f 2001/2001/2001 1983/1983/1983 1982/1982/1982 
f 1982/1982/1982 1983/1983/1983 1983/1983/1983 
f 1983/1983/1983 2002/2002/2002 1983/1983/1983 
f 1983/1983/1983 2002/2002/2002 2002/2002/2002 
f 2002/2002/2002 2003/2003/2003 2002/2002/2002 
f 2002/2002/2002 2003/2003/2003 2004/2004/2004 
f 2003/2003/2003 2005/2005/2005 2004/2004/2004 
f 2004/2004/2004 2005/2005/2005 2006/2006/2006 
f 2005/2005/2005 2007/2007/2007 2006/2006/2006 
f 2006/2006/2006 2007/2007/2007 2008/2008/2008 
f 2007/2007/2007 2009/2009/2009 2008/2008/2008 
f 2008/2008/2008 2009/2009/2009 2010/2010/2010 
f 2009/2009/2009 2011/2011/2011 2010/2010/2010 
f 2010/2010/2010 2011/2011/2011 2011/2011/2011 
f 2011/2011/2011 2009/2009/2009 2011/2011/2011 
f 2011/2011/2011 2009/2009/2009 1920/1920/1920 
f 2009/2009/2009 2007/2007/2007 1920/1920/1920 
f 1920/1920/1920 2007/2007/2007 1922/1922/1922 
f 2007/2007/2007 2005/2005/2005 1922/1922/1922 
f 1922/1922/1922 2005/2005/2005 1924/1924/1924 
f 2005/2005/2005 2003/2003/2003 1924/1924/1924 
f 1924/1924/1924 2003/2003/2003 2003/2003/2003 
f 2003/2003/2003 1718/1718/1718 2003/2003/2003 
f 2003/2003/2003 1718/1718/1718 1718/1718/1718 
f 1718/1718/1718 2012/2012/2012 1718/1718/1718 
f 1718/1718/1718 2012/2012/2012 1720/1720/1720 
f 2012/2012/2012 2013/2013/2013 1720/1720/1720 
f 1720/1720/1720 2013/2013/2013 1722/1722/1722 
f 2013/2013/2013 2014/2014/2014 1722/1722/1722 
f 1722/1722/1722 2014/2014/2014 1724/1724/1724 
f 2014/2014/2014 2015/2015/2015 1724/1724/1724 
f 1724/1724/1724 2015/2015/2015 2016/2016/2016 
f 2015/2015/2015 2017/2017/2017 2016/2016/2016 
f 2016/2016/2016 2017/2017/2017 2017/2017/2017 
f 2017/2017/2017 2015/2015/2015 2017/2017/2017 
f 2017/2017/2017 2015/2015/2015 2018/2018/2018 
f 2015/2015/2015 2014/2014/2014 2018/2018/2018 
f 2018/2018/2018 2014/2014/2014 2019/2019/2019 
f 2014/2014/2014 2013/2013/2013 2019/2019/2019 
f 2019/2019/2019 2013/2013/2013 2020/2020/2020 
f 2013/2013/2013 2012/2012/2012 2020/2020/2020 
f 2020/2020/2020 2012/2012/2012 2021/2021/2021 
f 2012/2012/2012 2022/2022/2022 2021/2021/2021 
f 2021/2021/2021 2022/2022/2022 2023/2023/2023 
f 2022/2022/2022 2024/2024/2024 2023/2023/2023 
f 2023/2023/2023 2024/2024/2024 2025/2025/2025 
f 2024/2024/2024 2026/2026/2026 2025/2025/2025 
f 2025/2025/2025 2026/2026/2026 2027/2027/2027 
f 2026/2026/2026 1712/1712/1712 2027/2027/2027 
f 2027/2027/2027 1712/1712/1712 1712/1712/1712 
f 1712/1712/1712 2026/2026/2026 1712/1712/1712 
f 1712/1712/1712 2026/2026/2026 1714/1714/1714 
f 2026/2026/2026 2024/2024/2024 1714/1714/1714 
f 1714/1714/1714 2024/2024/2024 1716/1716/1716 
f 2024/2024/2024 2022/2022/2022 1716/1716/1716 
f 1716/1716/1716 2022/2022/2022 1718/1718/1718 
f 2022/2022/2022 2012/2012/2012 1718/1718/1718 
f 1718/1718/1718 2012/2012/2012 2012/2012/2012 
f 2012/2012/2012 2028/2028/2028 2012/2012/2012 
f 2012/2012/2012 2028/2028/2028 2028/2028/2028 
f 2028/2028/2028 2029/2029/2029 2028/2028/2028 
f 2028/2028/2028 2029/2029/2029 2030/2030/2030 
f 2029/2029/2029 2031/2031/2031 2030/2030/2030 
f 2030/2030/2030 2031/2031/2031 2032/2032/2032 
f 2031/2031/2031 2033/2033/2033 2032/2032/2032 
f 2032/2032/2032 2033/2033/2033 2034/2034/2034 
f 2033/2033/2033 2035/2035/2035 2034/2034/2034 
f 2034/2034/2034 2035/2035/2035 2036/2036/2036 
f 2035/2035/2035 2037/2037/2037 2036/2036/2036 
f 2036/2036/2036 2037/2037/2037 2038/2038/2038 
f 2037/2037/2037 2039/2039/2039 2038/2038/2038 
f 2038/2038/2038 2039/2039/2039 2040/2040/2040 
f 2039/2039/2039 2041/2041/2041 2040/2040/2040 
f 2040/2040/2040 2041/2041/2041 2042/2042/2042 
f 2041/2041/2041 2043/2043/2043 2042/2042/2042 
f 2042/2042/2042 2043/2043/2043 2044/2044/2044 
f 2043/2043/2043 2044/2044/2044 2044/2044/2044 
f 2044/2044/2044 2044/2044/2044 2028/2028/2028 
f 2044/2044/2044 2028/2028/2028 2028/2028/2028 
f 2028/2028/2028 2028/2028/2028 2028/2028/2028 
f 2028/2028/2028 2030/2030/2030 2028/2028/2028 
f 2028/2028/2028 2030/2030/2030 2045/2045/2045 
f 2030/2030/2030 2032/2032/2032 2045/2045/2045 
f 2045/2045/2045 2032/2032/2032 2046/2046/2046 
f 2032/2032/2032 2034/2034/2034 2046/2046/2046 
f 2046/2046/2046 2034/2034/2034 2047/2047/2047 
f 2034/2034/2034 2036/2036/2036 2047/2047/2047 
f 2047/2047/2047 2036/2036/2036 2048/2048/2048 
f 2036/2036/2036 2038/2038/2038 2048/2048/2048 
f 2048/2048/2048 2038/2038/2038 2049/2049/2049 
f 2038/2038/2038 2040/2040/2040 2049/2049/2049 
f 2049/2049/2049 2040/2040/2040 2050/2050/2050 
f 2040/2040/2040 2042/2042/2042 2050/2050/2050 
f 2050/2050/2050 2042/2042/2042 2044/2044/2044 
f 2042/2042/2042 2044/2044/2044 2044/2044/2044 
f 2044/2044/2044 2044/2044/2044 2044/2044/2044 
f 2044/2044/2044 2051/2051/2051 2044/2044/2044 
f 2044/2044/2044 2051/2051/2051 2050/2050/2050 
f 2051/2051/2051 2052/2052/2052 2050/2050/2050 
f 2050/2050/2050 2052/2052/2052 2049/2049/2049 
f 2052/2052/2052 2053/2053/2053 2049/2049/2049 
f 2049/2049/2049 2053/2053/2053 2048/2048/2048 
f 2053/2053/2053 2054/2054/2054 2048/2048/2048 
f 2048/2048/2048 2054/2054/2054 2047/2047/2047 
f 2054/2054/2054 2055/2055/2055 2047/2047/2047 
f 2047/2047/2047 2055/2055/2055 2046/2046/2046 
f 2055/2055/2055 2056/2056/2056 2046/2046/2046 
f 2046/2046/2046 2056/2056/2056 2045/2045/2045 
f 2056/2056/2056 2057/2057/2057 2045/2045/2045 
f 2045/2045/2045 2057/2057/2057 2057/2057/2057 
f 2057/2057/2057 2056/2056/2056 2057/2057/2057 
f 2057/2057/2057 2056/2056/2056 2058/2058/2058 
f 2056/2056/2056 2055/2055/2055 2058/2058/2058 
f 2058/2058/2058 2055/2055/2055 2059/2059/2059 
f 2055/2055/2055 2054/2054/2054 2059/2059/2059 
f 2059/2059/2059 2054/2054/2054 2060/2060/2060 
f 2054/2054/2054 2053/2053/2053 2060/2060/2060 
f 2060/2060/2060 2053/2053/2053 2061/2061/2061 
f 2053/2053/2053 2052/2052/2052 2061/2061/2061 
f 2061/2061/2061 2052/2052/2052 2062/2062/2062 
f 2052/2052/2052 2051/2051/2051 2062/2062/2062 
f 2062/2062/2062 2051/2051/2051 2051/2051/2051 
f 2051/2051/2051 2062/2062/2062 2051/2051/2051 
f 2051/2051/2051 2062/2062/2062 2062/2062/2062 
f 2062/2062/2062 2063/2063/2063 2062/2062/2062 
f 2062/2062/2062 2063/2063/2063 2061/2061/2061 
f 2063/2063/2063 2064/2064/2064 2061/2061/2061 
f 2061/2061/2061 2064/2064/2064 2060/2060/2060 
f 2064/2064/2064 2065/2065/2065 2060/2060/2060 
f 2060/2060/2060 2065/2065/2065 2059/2059/2059 
f 2065/2065/2065 2066/2066/2066 2059/2059/2059 
f 2059/2059/2059 2066/2066/2066 2058/2058/2058 
f 2066/2066/2066 2067/2067/2067 2058/2058/2058 
f 2058/2058/2058 2067/2067/2067 2067/2067/2067 
f 2067/2067/2067 2066/2066/2066 2067/2067/2067 
f 2067/2067/2067 2066/2066/2066 2068/2068/2068 
f 2066/2066/2066 2065/2065/2065 2068/2068/2068 
f 2068/2068/2068 2065/2065/2065 2069/2069/2069 
f 2065/2065/2065 2064/2064/2064 2069/2069/2069 
f 2069/2069/2069 2064/2064/2064 2070/2070/2070 
f 2064/2064/2064 2063/2063/2063 2070/2070/2070 
f 2070/2070/2070 2063/2063/2063 2063/2063/2063 
f 2063/2063/2063 2070/2070/2070 2063/2063/2063 
f 2063/2063/2063 2070/2070/2070 2070/2070/2070 
f 2070/2070/2070 2071/2071/2071 2070/2070/2070 
f 2070/2070/2070 2071/2071/2071 2069/2069/2069 
f 2071/2071/2071 2072/2072/2072 2069/2069/2069 
f 2069/2069/2069 2072/2072/2072 2068/2068/2068 
f 2072/2072/2072 2073/2073/2073 2068/2068/2068 
f 2068/2068/2068 2073/2073/2073 2073/2073/2073 
f 2073/2073/2073 2072/2072/2072 2073/2073/2073 
f 2073/2073/2073 2072/2072/2072 2074/2074/2074 
f 2072/2072/2072 2071/2071/2071 2074/2074/2074 
f 2074/2074/2074 2071/2071/2071 2071/2071/2071 
f 2071/2071/2071 2029/2029/2029 2071/2071/2071 
f 2071/2071/2071 2029/2029/2029 2029/2029/2029 
f 2029/2029/2029 2075/2075/2075 2029/2029/2029 
f 2029/2029/2029 2075/2075/2075 2031/2031/2031 
f 2075/2075/2075 2076/2076/2076 2031/2031/2031 
f 2031/2031/2031 2076/2076/2076 2033/2033/2033 
f 2076/2076/2076 2077/2077/2077 2033/2033/2033 
f 2033/2033/2033 2077/2077/2077 2035/2035/2035 
f 2077/2077/2077 2078/2078/2078 2035/2035/2035 
f 2035/2035/2035 2078/2078/2078 2037/2037/2037 
f 2078/2078/2078 2079/2079/2079 2037/2037/2037 
f 2037/2037/2037 2079/2079/2079 2039/2039/2039 
f 2079/2079/2079 2080/2080/2080 2039/2039/2039 
f 2039/2039/2039 2080/2080/2080 2041/2041/2041 
f 2080/2080/2080 2081/2081/2081 2041/2041/2041 
f 2041/2041/2041 2081/2081/2081 2081/2081/2081 
f 2081/2081/2081 2080/2080/2080 2081/2081/2081 
f 2081/2081/2081 2080/2080/2080 2010/2010/2010 
f 2080/2080/2080 2079/2079/2079 2010/2010/2010 
f 2010/2010/2010 2079/2079/2079 2008/2008/2008 
f 2079/2079/2079 2078/2078/2078 2008/2008/2008 
f 2008/2008/2008 2078/2078/2078 2006/2006/2006 
f 2078/2078/2078 2077/2077/2077 2006/2006/2006 
f 2006/2006/2006 2077/2077/2077 2004/2004/2004 
f 2077/2077/2077 2076/2076/2076 2004/2004/2004 
f 2004/2004/2004 2076/2076/2076 2002/2002/2002 
f 2076/2076/2076 2075/2075/2075 2002/2002/2002 
