o walkway
v 1.2325 -2.6307 4.0058
v -0.5941 -2.6307 4.0058
v 1.2325 -2.5951 4.0058
v -0.5941 -2.5951 4.0058
v -0.5941 -2.6307 4.0058
v -0.5941 -2.6307 9.4991
v -0.5941 -2.5951 4.0058
v -0.5941 -2.5951 9.4991
v 1.2159 -1.7931 4.0058
v 1.1392 -1.7931 4.0058
v 1.2159 -1.7569 4.0058
v 1.1392 -1.7569 4.0058
v 1.1965 -2.5951 9.4419
v 1.1585 -2.5951 9.4419
v 1.1965 -1.7683 9.4419
v 1.1585 -1.7683 9.4419
v 1.0841 -2.5595 7.6383
v 1.0461 -2.5595 7.6383
v 1.0841 -1.7327 7.6383
v 1.0461 -1.7327 7.6383
v -0.4744 -2.5951 4.0058
v 1.1129 -2.5951 4.0058
v -0.4744 -2.5951 9.4991
v 1.1129 -2.5951 9.4991
v 1.1129 -2.5595 4.0058
v 1.1129 -2.5595 9.4991
v 1.1129 -2.5951 4.0058
v 1.1129 -2.5951 9.4991
v -0.4744 -2.5595 9.4991
v -0.4744 -2.5595 4.0058
v -0.4744 -2.5951 9.4991
v -0.4744 -2.5951 4.0058
v -0.4744 -2.5595 4.0058
v 1.1129 -2.5595 4.0058
v -0.4744 -2.5951 4.0058
v 1.1129 -2.5951 4.0058
v 1.1129 -2.5595 9.4991
v -0.4744 -2.5595 9.4991
v 1.1129 -2.5951 9.4991
v -0.4744 -2.5951 9.4991
v -0.4744 -2.5595 4.0058
v -0.4744 -2.5595 9.4991
v 1.1129 -2.5595 4.0058
v 1.1129 -2.5595 9.4991
v -0.4456 -2.5595 4.0693
v -0.4456 -1.7327 4.0693
v -0.4456 -2.5595 4.0313
v -0.4456 -1.7327 4.0313
v -0.4456 -2.5595 4.0313
v -0.4456 -1.7327 4.0313
v -0.4076 -2.5595 4.0313
v -0.4076 -1.7327 4.0313
v -0.4076 -2.5595 4.0313
v -0.4076 -1.7327 4.0313
v -0.4076 -2.5595 4.0693
v -0.4076 -1.7327 4.0693
v -0.4076 -2.5595 4.0693
v -0.4076 -1.7327 4.0693
v -0.4456 -2.5595 4.0693
v -0.4456 -1.7327 4.0693
v 1.0841 -1.7327 4.0313
v 1.0841 -1.7327 4.0693
v 1.0841 -2.5595 4.0313
v 1.0841 -2.5595 4.0693
v 1.0461 -1.7327 4.0313
v 1.0841 -1.7327 4.0313
v 1.0461 -2.5595 4.0313
v 1.0841 -2.5595 4.0313
v 1.0461 -1.7327 4.0693
v 1.0461 -1.7327 4.0313
v 1.0461 -2.5595 4.0693
v 1.0461 -2.5595 4.0313
v 1.0841 -1.7327 4.0693
v 1.0461 -1.7327 4.0693
v 1.0841 -2.5595 4.0693
v 1.0461 -2.5595 4.0693
v -0.4456 -2.5595 4.9710
v -0.4456 -1.7327 4.9710
v -0.4456 -2.5595 4.9330
v -0.4456 -1.7327 4.9330
v -0.4456 -2.5595 4.9330
v -0.4456 -1.7327 4.9330
v -0.4076 -2.5595 4.9330
v -0.4076 -1.7327 4.9330
v -0.4076 -2.5595 4.9330
v -0.4076 -1.7327 4.9330
v -0.4076 -2.5595 4.9710
v -0.4076 -1.7327 4.9710
v -0.4076 -2.5595 4.9710
v -0.4076 -1.7327 4.9710
v -0.4456 -2.5595 4.9710
v -0.4456 -1.7327 4.9710
v 1.0841 -1.7327 4.9330
v 1.0841 -1.7327 4.9710
v 1.0841 -2.5595 4.9330
v 1.0841 -2.5595 4.9710
v 1.0461 -1.7327 4.9330
v 1.0841 -1.7327 4.9330
v 1.0461 -2.5595 4.9330
v 1.0841 -2.5595 4.9330
v 1.0461 -1.7327 4.9710
v 1.0461 -1.7327 4.9330
v 1.0461 -2.5595 4.9710
v 1.0461 -2.5595 4.9330
v 1.0841 -1.7327 4.9710
v 1.0461 -1.7327 4.9710
v 1.0841 -2.5595 4.9710
v 1.0461 -2.5595 4.9710
v -0.4456 -2.5595 5.8728
v -0.4456 -1.7327 5.8728
v -0.4456 -2.5595 5.8348
v -0.4456 -1.7327 5.8348
v -0.4456 -2.5595 5.8348
v -0.4456 -1.7327 5.8348
v -0.4076 -2.5595 5.8348
v -0.4076 -1.7327 5.8348
v -0.4076 -2.5595 5.8348
v -0.4076 -1.7327 5.8348
v -0.4076 -2.5595 5.8728
v -0.4076 -1.7327 5.8728
v -0.4076 -2.5595 5.8728
v -0.4076 -1.7327 5.8728
v -0.4456 -2.5595 5.8728
v -0.4456 -1.7327 5.8728
v 1.0841 -1.7327 5.8348
v 1.0841 -1.7327 5.8728
v 1.0841 -2.5595 5.8348
v 1.0841 -2.5595 5.8728
v 1.0461 -1.7327 5.8348
v 1.0841 -1.7327 5.8348
v 1.0461 -2.5595 5.8348
v 1.0841 -2.5595 5.8348
v 1.0461 -1.7327 5.8728
v 1.0461 -1.7327 5.8348
v 1.0461 -2.5595 5.8728
v 1.0461 -2.5595 5.8348
v 1.0841 -1.7327 5.8728
v 1.0461 -1.7327 5.8728
v 1.0841 -2.5595 5.8728
v 1.0461 -2.5595 5.8728
v -0.4456 -2.5595 6.7746
v -0.4456 -1.7327 6.7746
v -0.4456 -2.5595 6.7366
v -0.4456 -1.7327 6.7366
v -0.4456 -2.5595 6.7366
v -0.4456 -1.7327 6.7366
v -0.4076 -2.5595 6.7366
v -0.4076 -1.7327 6.7366
v -0.4076 -2.5595 6.7366
v -0.4076 -1.7327 6.7366
v -0.4076 -2.5595 6.7746
v -0.4076 -1.7327 6.7746
v -0.4076 -2.5595 6.7746
v -0.4076 -1.7327 6.7746
v -0.4456 -2.5595 6.7746
v -0.4456 -1.7327 6.7746
v 1.0841 -1.7327 6.7366
v 1.0841 -1.7327 6.7746
v 1.0841 -2.5595 6.7366
v 1.0841 -2.5595 6.7746
v 1.0461 -1.7327 6.7366
v 1.0841 -1.7327 6.7366
v 1.0461 -2.5595 6.7366
v 1.0841 -2.5595 6.7366
v 1.0461 -1.7327 6.7746
v 1.0461 -1.7327 6.7366
v 1.0461 -2.5595 6.7746
v 1.0461 -2.5595 6.7366
v 1.0841 -1.7327 6.7746
v 1.0461 -1.7327 6.7746
v 1.0841 -2.5595 6.7746
v 1.0461 -2.5595 6.7746
v -0.4456 -2.5595 7.6764
v -0.4456 -1.7327 7.6764
v -0.4456 -2.5595 7.6383
v -0.4456 -1.7327 7.6383
v -0.4456 -2.5595 7.6383
v -0.4456 -1.7327 7.6383
v -0.4076 -2.5595 7.6383
v -0.4076 -1.7327 7.6383
v -0.4076 -2.5595 7.6383
v -0.4076 -1.7327 7.6383
v -0.4076 -2.5595 7.6764
v -0.4076 -1.7327 7.6764
v -0.4076 -2.5595 7.6764
v -0.4076 -1.7327 7.6764
v -0.4456 -2.5595 7.6764
v -0.4456 -1.7327 7.6764
v 1.0841 -1.7327 7.6383
v 1.0841 -1.7327 7.6764
v 1.0841 -2.5595 7.6383
v 1.0841 -2.5595 7.6764
v 1.0461 -2.5595 7.6383
v 1.0461 -2.5595 7.6764
v 1.0461 -1.7327 7.6383
v 1.0461 -1.7327 7.6764
v 1.0461 -2.5595 7.6764
v 1.0841 -2.5595 7.6764
v 1.0461 -1.7327 7.6764
v 1.0841 -1.7327 7.6764
v -0.4456 -1.7327 8.5401
v -0.4456 -2.5595 8.5401
v -0.4456 -1.7327 8.5781
v -0.4456 -2.5595 8.5781
v -0.4076 -1.7327 8.5401
v -0.4076 -2.5595 8.5401
v -0.4456 -1.7327 8.5401
v -0.4456 -2.5595 8.5401
v -0.4076 -1.7327 8.5781
v -0.4076 -2.5595 8.5781
v -0.4076 -1.7327 8.5401
v -0.4076 -2.5595 8.5401
v -0.4456 -1.7327 8.5781
v -0.4456 -2.5595 8.5781
v -0.4076 -1.7327 8.5781
v -0.4076 -2.5595 8.5781
v 1.0841 -2.5595 8.5781
v 1.0841 -2.5595 8.5401
v 1.0841 -1.7327 8.5781
v 1.0841 -1.7327 8.5401
v 1.0841 -2.5595 8.5401
v 1.0461 -2.5595 8.5401
v 1.0841 -1.7327 8.5401
v 1.0461 -1.7327 8.5401
v 1.0461 -2.5595 8.5401
v 1.0461 -2.5595 8.5781
v 1.0461 -1.7327 8.5401
v 1.0461 -1.7327 8.5781
v 1.0461 -2.5595 8.5781
v 1.0841 -2.5595 8.5781
v 1.0461 -1.7327 8.5781
v 1.0841 -1.7327 8.5781
v -0.4456 -1.7327 9.4419
v -0.4456 -2.5595 9.4419
v -0.4456 -1.7327 9.4799
v -0.4456 -2.5595 9.4799
v -0.4076 -1.7327 9.4419
v -0.4076 -2.5595 9.4419
v -0.4456 -1.7327 9.4419
v -0.4456 -2.5595 9.4419
v -0.4076 -1.7327 9.4799
v -0.4076 -2.5595 9.4799
v -0.4076 -1.7327 9.4419
v -0.4076 -2.5595 9.4419
v -0.4456 -1.7327 9.4799
v -0.4456 -2.5595 9.4799
v -0.4076 -1.7327 9.4799
v -0.4076 -2.5595 9.4799
v 1.0841 -2.5595 9.4799
v 1.0841 -2.5595 9.4419
v 1.0841 -1.7327 9.4799
v 1.0841 -1.7327 9.4419
v 1.0841 -2.5595 9.4419
v 1.0461 -2.5595 9.4419
v 1.0841 -1.7327 9.4419
v 1.0461 -1.7327 9.4419
v 1.0461 -2.5595 9.4419
v 1.0461 -2.5595 9.4799
v 1.0461 -1.7327 9.4419
v 1.0461 -1.7327 9.4799
v 1.0461 -2.5595 9.4799
v 1.0841 -2.5595 9.4799
v 1.0461 -1.7327 9.4799
v 1.0841 -1.7327 9.4799
v -0.4020 -2.1590 9.4991
v -0.4020 -2.1590 4.0058
v -0.4501 -2.1590 9.4991
v -0.4501 -2.1590 4.0058
v -0.4020 -2.1786 4.0058
v -0.4020 -2.1786 9.4991
v -0.4501 -2.1786 4.0058
v -0.4501 -2.1786 9.4991
v -0.4501 -2.1590 4.0058
v -0.4501 -2.1786 4.0058
v -0.4501 -2.1590 9.4991
v -0.4501 -2.1786 9.4991
v -0.4020 -2.1590 4.0058
v -0.4020 -2.1786 4.0058
v -0.4501 -2.1590 4.0058
v -0.4501 -2.1786 4.0058
v -0.4020 -2.1590 9.4991
v -0.4020 -2.1786 9.4991
v -0.4020 -2.1590 4.0058
v -0.4020 -2.1786 4.0058
v -0.4501 -2.1590 9.4991
v -0.4501 -2.1786 9.4991
v -0.4020 -2.1590 9.4991
v -0.4020 -2.1786 9.4991
v -0.3877 -1.7204 9.4991
v -0.3877 -1.7204 4.0058
v -0.4644 -1.7204 9.4991
v -0.4644 -1.7204 4.0058
v -0.3877 -1.7566 4.0058
v -0.3877 -1.7566 9.4991
v -0.4644 -1.7566 4.0058
v -0.4644 -1.7566 9.4991
v -0.4644 -1.7204 4.0058
v -0.4644 -1.7566 4.0058
v -0.4644 -1.7204 9.4991
v -0.4644 -1.7566 9.4991
v -0.3877 -1.7204 4.0058
v -0.3877 -1.7566 4.0058
v -0.4644 -1.7204 4.0058
v -0.4644 -1.7566 4.0058
v -0.3877 -1.7204 9.4991
v -0.3877 -1.7566 9.4991
v -0.3877 -1.7204 4.0058
v -0.3877 -1.7566 4.0058
v -0.4644 -1.7204 9.4991
v -0.4644 -1.7566 9.4991
v -0.3877 -1.7204 9.4991
v -0.3877 -1.7566 9.4991
v 1.0886 -2.1590 4.0058
v 1.0405 -2.1590 4.0058
v 1.0886 -2.1590 9.4991
v 1.0405 -2.1590 9.4991
v 1.0886 -2.1786 9.4991
v 1.0405 -2.1786 9.4991
v 1.0886 -2.1786 4.0058
v 1.0405 -2.1786 4.0058
v 1.0886 -2.1786 9.4991
v 1.0886 -2.1786 4.0058
v 1.0886 -2.1590 9.4991
v 1.0886 -2.1590 4.0058
v 1.0886 -2.1786 4.0058
v 1.0405 -2.1786 4.0058
v 1.0886 -2.1590 4.0058
v 1.0405 -2.1590 4.0058
v 1.0405 -2.1786 4.0058
v 1.0405 -2.1786 9.4991
v 1.0405 -2.1590 4.0058
v 1.0405 -2.1590 9.4991
v 1.0405 -2.1786 9.4991
v 1.0886 -2.1786 9.4991
v 1.0405 -2.1590 9.4991
v 1.0886 -2.1590 9.4991
v 1.1029 -1.7204 4.0058
v 1.0262 -1.7204 4.0058
v 1.1029 -1.7204 9.4991
v 1.0262 -1.7204 9.4991
v 1.1029 -1.7566 9.4991
v 1.0262 -1.7566 9.4991
v 1.1029 -1.7566 4.0058
v 1.0262 -1.7566 4.0058
v 1.1029 -1.7566 9.4991
v 1.1029 -1.7566 4.0058
v 1.1029 -1.7204 9.4991
v 1.1029 -1.7204 4.0058
v 1.1029 -1.7566 4.0058
v 1.0262 -1.7566 4.0058
v 1.1029 -1.7204 4.0058
v 1.0262 -1.7204 4.0058
v 1.0262 -1.7566 4.0058
v 1.0262 -1.7566 9.4991
v 1.0262 -1.7204 4.0058
v 1.0262 -1.7204 9.4991
v 1.0262 -1.7566 9.4991
v 1.1029 -1.7566 9.4991
v 1.0262 -1.7204 9.4991
v 1.1029 -1.7204 9.4991
v -0.5580 -1.7683 4.0244
v -0.5580 -2.5951 4.0244
v -0.5580 -1.7683 4.0624
v -0.5580 -2.5951 4.0624
v -0.5200 -1.7683 4.0244
v -0.5200 -2.5951 4.0244
v -0.5580 -1.7683 4.0244
v -0.5580 -2.5951 4.0244
v -0.5200 -1.7683 4.0624
v -0.5200 -2.5951 4.0624
v -0.5200 -1.7683 4.0244
v -0.5200 -2.5951 4.0244
v -0.5580 -1.7683 4.0624
v -0.5580 -2.5951 4.0624
v -0.5200 -1.7683 4.0624
v -0.5200 -2.5951 4.0624
v 1.1965 -2.5951 4.0624
v 1.1965 -2.5951 4.0244
v 1.1965 -1.7683 4.0624
v 1.1965 -1.7683 4.0244
v 1.1965 -2.5951 4.0244
v 1.1585 -2.5951 4.0244
v 1.1965 -1.7683 4.0244
v 1.1585 -1.7683 4.0244
v 1.1585 -2.5951 4.0244
v 1.1585 -2.5951 4.0624
v 1.1585 -1.7683 4.0244
v 1.1585 -1.7683 4.0624
v 1.1585 -2.5951 4.0624
v 1.1965 -2.5951 4.0624
v 1.1585 -1.7683 4.0624
v 1.1965 -1.7683 4.0624
v -0.5580 -1.7683 4.9273
v -0.5580 -2.5951 4.9273
v -0.5580 -1.7683 4.9653
v -0.5580 -2.5951 4.9653
v -0.5200 -1.7683 4.9273
v -0.5200 -2.5951 4.9273
v -0.5580 -1.7683 4.9273
v -0.5580 -2.5951 4.9273
v -0.5200 -1.7683 4.9653
v -0.5200 -2.5951 4.9653
v -0.5200 -1.7683 4.9273
v -0.5200 -2.5951 4.9273
v -0.5580 -1.7683 4.9653
v -0.5580 -2.5951 4.9653
v -0.5200 -1.7683 4.9653
v -0.5200 -2.5951 4.9653
v 1.1965 -2.5951 4.9653
v 1.1965 -2.5951 4.9273
v 1.1965 -1.7683 4.9653
v 1.1965 -1.7683 4.9273
v 1.1965 -2.5951 4.9273
v 1.1585 -2.5951 4.9273
v 1.1965 -1.7683 4.9273
v 1.1585 -1.7683 4.9273
v 1.1585 -2.5951 4.9273
v 1.1585 -2.5951 4.9653
v 1.1585 -1.7683 4.9273
v 1.1585 -1.7683 4.9653
v 1.1585 -2.5951 4.9653
v 1.1965 -2.5951 4.9653
v 1.1585 -1.7683 4.9653
v 1.1965 -1.7683 4.9653
v -0.5580 -1.7683 5.8302
v -0.5580 -2.5951 5.8302
v -0.5580 -1.7683 5.8683
v -0.5580 -2.5951 5.8683
v -0.5200 -1.7683 5.8302
v -0.5200 -2.5951 5.8302
v -0.5580 -1.7683 5.8302
v -0.5580 -2.5951 5.8302
v -0.5200 -1.7683 5.8683
v -0.5200 -2.5951 5.8683
v -0.5200 -1.7683 5.8302
v -0.5200 -2.5951 5.8302
v -0.5580 -1.7683 5.8683
v -0.5580 -2.5951 5.8683
v -0.5200 -1.7683 5.8683
v -0.5200 -2.5951 5.8683
v 1.1965 -2.5951 5.8683
v 1.1965 -2.5951 5.8302
v 1.1965 -1.7683 5.8683
v 1.1965 -1.7683 5.8302
v 1.1535 -2.2151 4.0058
v 1.2017 -2.2151 4.0058
v 1.1535 -2.2151 9.4991
v 1.2017 -2.2151 9.4991
v 1.1585 -1.7683 5.8683
v 1.1585 -1.7683 5.8302
v 1.1585 -2.5951 5.8683
v 1.1585 -2.5951 5.8302
v 1.1965 -1.7683 5.8683
v 1.1585 -1.7683 5.8683
v 1.1965 -2.5951 5.8683
v 1.1585 -2.5951 5.8683
v -0.5580 -2.5951 6.7712
v -0.5580 -1.7683 6.7712
v -0.5580 -2.5951 6.7331
v -0.5580 -1.7683 6.7331
v -0.5580 -2.5951 6.7331
v -0.5580 -1.7683 6.7331
v -0.5200 -2.5951 6.7331
v -0.5200 -1.7683 6.7331
v -0.5200 -2.5951 6.7331
v -0.5200 -1.7683 6.7331
v -0.5200 -2.5951 6.7712
v -0.5200 -1.7683 6.7712
v -0.5200 -2.5951 6.7712
v -0.5200 -1.7683 6.7712
v -0.5580 -2.5951 6.7712
v -0.5580 -1.7683 6.7712
v 1.1965 -1.7683 6.7331
v 1.1965 -1.7683 6.7712
v 1.1965 -2.5951 6.7331
v 1.1965 -2.5951 6.7712
v 1.1585 -1.7683 6.7331
v 1.1965 -1.7683 6.7331
v 1.1585 -2.5951 6.7331
v 1.1965 -2.5951 6.7331
v 1.1585 -1.7683 6.7712
v 1.1585 -1.7683 6.7331
v 1.1585 -2.5951 6.7712
v 1.1585 -2.5951 6.7331
v 1.1965 -1.7683 6.7712
v 1.1585 -1.7683 6.7712
v 1.1965 -2.5951 6.7712
v 1.1585 -2.5951 6.7712
v -0.5580 -2.5951 7.6741
v -0.5580 -1.7683 7.6741
v -0.5580 -2.5951 7.6361
v -0.5580 -1.7683 7.6361
v -0.5580 -2.5951 7.6361
v -0.5580 -1.7683 7.6361
v -0.5200 -2.5951 7.6361
v -0.5200 -1.7683 7.6361
v -0.5200 -2.5951 7.6361
v -0.5200 -1.7683 7.6361
v -0.5200 -2.5951 7.6741
v -0.5200 -1.7683 7.6741
v -0.5200 -2.5951 7.6741
v -0.5200 -1.7683 7.6741
v -0.5580 -2.5951 7.6741
v -0.5580 -1.7683 7.6741
v 1.1965 -1.7683 7.6361
v 1.1965 -1.7683 7.6741
v 1.1965 -2.5951 7.6361
v 1.1965 -2.5951 7.6741
v 1.1585 -1.7683 7.6361
v 1.1965 -1.7683 7.6361
v 1.1585 -2.5951 7.6361
v 1.1965 -2.5951 7.6361
v 1.1585 -1.7683 7.6741
v 1.1585 -1.7683 7.6361
v 1.1585 -2.5951 7.6741
v 1.1585 -2.5951 7.6361
v 1.1965 -1.7683 7.6741
v 1.1585 -1.7683 7.6741
v 1.1965 -2.5951 7.6741
v 1.1585 -2.5951 7.6741
v -0.5580 -2.5951 8.5770
v -0.5580 -1.7683 8.5770
v -0.5580 -2.5951 8.5390
v -0.5580 -1.7683 8.5390
v -0.5580 -2.5951 8.5390
v -0.5580 -1.7683 8.5390
v -0.5200 -2.5951 8.5390
v -0.5200 -1.7683 8.5390
v -0.5200 -2.5951 8.5390
v -0.5200 -1.7683 8.5390
v -0.5200 -2.5951 8.5770
v -0.5200 -1.7683 8.5770
v -0.5200 -2.5951 8.5770
v -0.5200 -1.7683 8.5770
v -0.5580 -2.5951 8.5770
v -0.5580 -1.7683 8.5770
v 1.1965 -1.7683 8.5390
v 1.1965 -1.7683 8.5770
v 1.1965 -2.5951 8.5390
v 1.1965 -2.5951 8.5770
v 1.1585 -1.7683 8.5390
v 1.1965 -1.7683 8.5390
v 1.1585 -2.5951 8.5390
v 1.1965 -2.5951 8.5390
v 1.1585 -1.7683 8.5770
v 1.1585 -1.7683 8.5390
v 1.1585 -2.5951 8.5770
v 1.1585 -2.5951 8.5390
v 1.1965 -1.7683 8.5770
v 1.1585 -1.7683 8.5770
v 1.1965 -2.5951 8.5770
v 1.1585 -2.5951 8.5770
v -0.5580 -2.5951 9.4799
v -0.5580 -1.7683 9.4799
v -0.5580 -2.5951 9.4419
v -0.5580 -1.7683 9.4419
v -0.5580 -2.5951 9.4419
v -0.5580 -1.7683 9.4419
v -0.5200 -2.5951 9.4419
v -0.5200 -1.7683 9.4419
v -0.5200 -2.5951 9.4419
v -0.5200 -1.7683 9.4419
v -0.5200 -2.5951 9.4799
v -0.5200 -1.7683 9.4799
v -0.5200 -2.5951 9.4799
v -0.5200 -1.7683 9.4799
v -0.5580 -2.5951 9.4799
v -0.5580 -1.7683 9.4799
v 1.1965 -1.7683 9.4419
v 1.1965 -1.7683 9.4799
v 1.1965 -2.5951 9.4419
v 1.1965 -2.5951 9.4799
v 1.1585 -2.5951 9.4419
v 1.1585 -2.5951 9.4799
v 1.1585 -1.7683 9.4419
v 1.1585 -1.7683 9.4799
v 1.1585 -2.5951 9.4799
v 1.1965 -2.5951 9.4799
v 1.1585 -1.7683 9.4799
v 1.1965 -1.7683 9.4799
v -0.5150 -2.1955 9.4991
v -0.5150 -2.1955 4.0058
v -0.5632 -2.1955 9.4991
v -0.5632 -2.1955 4.0058
v -0.5150 -2.2151 4.0058
v -0.5150 -2.2151 9.4991
v -0.5632 -2.2151 4.0058
v -0.5632 -2.2151 9.4991
v -0.5632 -2.1955 4.0058
v -0.5632 -2.2151 4.0058
v -0.5632 -2.1955 9.4991
v -0.5632 -2.2151 9.4991
v -0.5150 -2.1955 4.0058
v -0.5150 -2.2151 4.0058
v -0.5632 -2.1955 4.0058
v -0.5632 -2.2151 4.0058
v -0.5150 -2.1955 9.4991
v -0.5150 -2.2151 9.4991
v -0.5150 -2.1955 4.0058
v -0.5150 -2.2151 4.0058
v -0.5632 -2.1955 9.4991
v -0.5632 -2.2151 9.4991
v -0.5150 -2.1955 9.4991
v -0.5150 -2.2151 9.4991
v -0.5007 -1.7569 9.4991
v -0.5007 -1.7569 4.0058
v -0.5774 -1.7569 9.4991
v -0.5774 -1.7569 4.0058
v -0.5007 -1.7931 4.0058
v -0.5007 -1.7931 9.4991
v -0.5774 -1.7931 4.0058
v -0.5774 -1.7931 9.4991
v -0.5774 -1.7569 4.0058
v -0.5774 -1.7931 4.0058
v -0.5774 -1.7569 9.4991
v -0.5774 -1.7931 9.4991
v -0.5007 -1.7569 4.0058
v -0.5007 -1.7931 4.0058
v -0.5774 -1.7569 4.0058
v -0.5774 -1.7931 4.0058
v -0.5007 -1.7569 9.4991
v -0.5007 -1.7931 9.4991
v -0.5007 -1.7569 4.0058
v -0.5007 -1.7931 4.0058
v -0.5774 -1.7569 9.4991
v -0.5774 -1.7931 9.4991
v -0.5007 -1.7569 9.4991
v -0.5007 -1.7931 9.4991
v 1.2017 -2.1955 4.0058
v 1.1535 -2.1955 4.0058
v 1.2017 -2.1955 9.4991
v 1.1535 -2.1955 9.4991
v -0.5941 -2.6307 9.4991
v 1.2325 -2.6307 9.4991
v -0.5941 -2.5951 9.4991
v 1.2325 -2.5951 9.4991
v 1.2017 -2.1955 4.0058
v 1.2017 -2.1955 9.4991
v 1.2017 -2.2151 4.0058
v 1.2017 -2.2151 9.4991
v 1.1535 -2.1955 4.0058
v 1.2017 -2.1955 4.0058
v 1.1535 -2.2151 4.0058
v 1.2017 -2.2151 4.0058
v 1.1535 -2.1955 9.4991
v 1.1535 -2.1955 4.0058
v 1.1535 -2.2151 9.4991
v 1.1535 -2.2151 4.0058
v 1.2017 -2.1955 9.4991
v 1.1535 -2.1955 9.4991
v 1.2017 -2.2151 9.4991
v 1.1535 -2.2151 9.4991
v 1.1392 -1.7569 9.4991
v 1.2159 -1.7569 9.4991
v 1.1392 -1.7569 4.0058
v 1.2159 -1.7569 4.0058
v 1.1392 -1.7931 4.0058
v 1.2159 -1.7931 4.0058
v 1.1392 -1.7931 9.4991
v 1.2159 -1.7931 9.4991
v 1.2159 -1.7569 4.0058
v 1.2159 -1.7569 9.4991
v 1.2159 -1.7931 4.0058
v 1.2159 -1.7931 9.4991
v 1.1392 -1.7931 4.0058
v 1.1392 -1.7931 9.4991
v 1.1392 -1.7569 4.0058
v 1.1392 -1.7569 9.4991
v 1.1392 -1.7931 9.4991
v 1.2159 -1.7931 9.4991
v 1.1392 -1.7569 9.4991
v 1.2159 -1.7569 9.4991
v 1.2325 -2.5951 9.4991
v 1.2325 -2.6307 9.4991
v 1.2325 -2.5951 4.0058
v 1.2325 -2.6307 4.0058
v 1.1585 -1.7683 5.8302
v 1.1965 -1.7683 5.8302
v 1.1585 -2.5951 5.8302
v 1.1965 -2.5951 5.8302
v -0.5941 -2.5951 4.0058
v -0.5941 -2.5951 9.4991
v 1.2325 -2.5951 4.0058
v 1.2325 -2.5951 9.4991
vn -0.0000 0.0022 -1.0000
vn -0.0000 0.0022 -1.0000
vn -0.0000 0.0022 -1.0000
vn -0.0000 0.0022 -1.0000
vn -1.0000 0.0022 0.0000
vn -1.0000 0.0022 0.0000
vn -1.0000 0.0022 0.0000
vn -1.0000 0.0022 0.0000
vn -0.0000 0.0022 -1.0000
vn -0.0000 0.0022 -1.0000
vn -0.0000 0.0022 -1.0000
vn -0.0000 0.0022 -1.0000
vn -0.0000 0.0022 -1.0000
vn -0.0000 0.0022 -1.0000
vn -0.0000 0.0022 -1.0000
vn -0.0000 0.0022 -1.0000
vn -0.0000 0.0022 -1.0000
vn -0.0000 0.0022 -1.0000
vn -0.0000 0.0022 -1.0000
vn -0.0000 0.0022 -1.0000
vn -0.0000 -1.0000 0.0000
vn -0.0000 -1.0000 0.0000
vn -0.0000 -1.0000 0.0000
vn -0.0000 -1.0000 0.0000
vn 1.0000 0.0022 -0.0000
vn 1.0000 0.0022 -0.0000
vn 1.0000 0.0022 -0.0000
vn 1.0000 0.0022 -0.0000
vn -1.0000 0.0022 0.0000
vn -1.0000 0.0022 0.0000
vn -1.0000 0.0022 0.0000
vn -1.0000 0.0022 0.0000
vn -0.0000 0.0022 -1.0000
vn -0.0000 0.0022 -1.0000
vn -0.0000 0.0022 -1.0000
vn -0.0000 0.0022 -1.0000
vn 0.0000 0.0022 1.0000
vn 0.0000 0.0022 1.0000
vn 0.0000 0.0022 1.0000
vn 0.0000 0.0022 1.0000
vn -0.0000 1.0000 -0.0000
vn -0.0000 1.0000 -0.0000
vn -0.0000 1.0000 -0.0000
vn -0.0000 1.0000 -0.0000
vn -1.0000 0.0022 0.0000
vn -1.0000 0.0022 0.0000
vn -1.0000 0.0022 0.0000
vn -1.0000 0.0022 0.0000
vn -0.0000 0.0022 -1.0000
vn -0.0000 0.0022 -1.0000
vn -0.0000 0.0022 -1.0000
vn -0.0000 0.0022 -1.0000
vn 1.0000 0.0022 -0.0000
vn 1.0000 0.0022 -0.0000
vn 1.0000 0.0022 -0.0000
vn 1.0000 0.0022 -0.0000
vn 0.0000 0.0022 1.0000
vn 0.0000 0.0022 1.0000
vn 0.0000 0.0022 1.0000
vn 0.0000 0.0022 1.0000
vn 1.0000 0.0022 -0.0000
vn 1.0000 0.0022 -0.0000
vn 1.0000 0.0022 -0.0000
vn 1.0000 0.0022 -0.0000
vn -0.0000 0.0022 -1.0000
vn -0.0000 0.0022 -1.0000
vn -0.0000 0.0022 -1.0000
vn -0.0000 0.0022 -1.0000
vn -1.0000 0.0022 0.0000
vn -1.0000 0.0022 0.0000
vn -1.0000 0.0022 0.0000
vn -1.0000 0.0022 0.0000
vn 0.0000 0.0022 1.0000
vn 0.0000 0.0022 1.0000
vn 0.0000 0.0022 1.0000
vn 0.0000 0.0022 1.0000
vn -1.0000 0.0022 0.0000
vn -1.0000 0.0022 0.0000
vn -1.0000 0.0022 0.0000
vn -1.0000 0.0022 0.0000
vn -0.0000 0.0022 -1.0000
vn -0.0000 0.0022 -1.0000
vn -0.0000 0.0022 -1.0000
vn -0.0000 0.0022 -1.0000
vn 1.0000 0.0022 -0.0000
vn 1.0000 0.0022 -0.0000
vn 1.0000 0.0022 -0.0000
vn 1.0000 0.0022 -0.0000
vn 0.0000 0.0022 1.0000
vn 0.0000 0.0022 1.0000
vn 0.0000 0.0022 1.0000
vn 0.0000 0.0022 1.0000
vn 1.0000 0.0022 -0.0000
vn 1.0000 0.0022 -0.0000
vn 1.0000 0.0022 -0.0000
vn 1.0000 0.0022 -0.0000
vn -0.0000 0.0022 -1.0000
vn -0.0000 0.0022 -1.0000
vn -0.0000 0.0022 -1.0000
vn -0.0000 0.0022 -1.0000
vn -1.0000 0.0022 0.0000
vn -1.0000 0.0022 0.0000
vn -1.0000 0.0022 0.0000
vn -1.0000 0.0022 0.0000
vn 0.0000 0.0022 1.0000
vn 0.0000 0.0022 1.0000
vn 0.0000 0.0022 1.0000
vn 0.0000 0.0022 1.0000
vn -1.0000 0.0022 0.0000
vn -1.0000 0.0022 0.0000
vn -1.0000 0.0022 0.0000
vn -1.0000 0.0022 0.0000
vn -0.0000 0.0022 -1.0000
vn -0.0000 0.0022 -1.0000
vn -0.0000 0.0022 -1.0000
vn -0.0000 0.0022 -1.0000
vn 1.0000 0.0022 -0.0000
vn 1.0000 0.0022 -0.0000
vn 1.0000 0.0022 -0.0000
vn 1.0000 0.0022 -0.0000
vn 0.0000 0.0022 1.0000
vn 0.0000 0.0022 1.0000
vn 0.0000 0.0022 1.0000
vn 0.0000 0.0022 1.0000
vn 1.0000 0.0022 -0.0000
vn 1.0000 0.0022 -0.0000
vn 1.0000 0.0022 -0.0000
vn 1.0000 0.0022 -0.0000
vn -0.0000 0.0022 -1.0000
vn -0.0000 0.0022 -1.0000
vn -0.0000 0.0022 -1.0000
vn -0.0000 0.0022 -1.0000
vn -1.0000 0.0022 0.0000
vn -1.0000 0.0022 0.0000
vn -1.0000 0.0022 0.0000
vn -1.0000 0.0022 0.0000
vn 0.0000 0.0022 1.0000
vn 0.0000 0.0022 1.0000
vn 0.0000 0.0022 1.0000
vn 0.0000 0.0022 1.0000
vn -1.0000 0.0022 0.0000
vn -1.0000 0.0022 0.0000
vn -1.0000 0.0022 0.0000
vn -1.0000 0.0022 0.0000
vn -0.0000 0.0022 -1.0000
vn -0.0000 0.0022 -1.0000
vn -0.0000 0.0022 -1.0000
vn -0.0000 0.0022 -1.0000
vn 1.0000 0.0022 -0.0000
vn 1.0000 0.0022 -0.0000
vn 1.0000 0.0022 -0.0000
vn 1.0000 0.0022 -0.0000
vn 0.0000 0.0022 1.0000
vn 0.0000 0.0022 1.0000
vn 0.0000 0.0022 1.0000
vn 0.0000 0.0022 1.0000
vn 1.0000 0.0022 -0.0000
vn 1.0000 0.0022 -0.0000
vn 1.0000 0.0022 -0.0000
vn 1.0000 0.0022 -0.0000
vn -0.0000 0.0022 -1.0000
vn -0.0000 0.0022 -1.0000
vn -0.0000 0.0022 -1.0000
vn -0.0000 0.0022 -1.0000
vn -1.0000 0.0022 0.0000
vn -1.0000 0.0022 0.0000
vn -1.0000 0.0022 0.0000
vn -1.0000 0.0022 0.0000
vn 0.0000 0.0022 1.0000
vn 0.0000 0.0022 1.0000
vn 0.0000 0.0022 1.0000
vn 0.0000 0.0022 1.0000
vn -1.0000 0.0022 0.0000
vn -1.0000 0.0022 0.0000
vn -1.0000 0.0022 0.0000
vn -1.0000 0.0022 0.0000
vn -0.0000 0.0022 -1.0000
vn -0.0000 0.0022 -1.0000
vn -0.0000 0.0022 -1.0000
vn -0.0000 0.0022 -1.0000
vn 1.0000 0.0022 -0.0000
vn 1.0000 0.0022 -0.0000
vn 1.0000 0.0022 -0.0000
vn 1.0000 0.0022 -0.0000
vn 0.0000 0.0022 1.0000
vn 0.0000 0.0022 1.0000
vn 0.0000 0.0022 1.0000
vn 0.0000 0.0022 1.0000
vn 1.0000 0.0022 -0.0000
vn 1.0000 0.0022 -0.0000
vn 1.0000 0.0022 -0.0000
vn 1.0000 0.0022 -0.0000
vn -1.0000 0.0022 0.0000
vn -1.0000 0.0022 0.0000
vn -1.0000 0.0022 0.0000
vn -1.0000 0.0022 0.0000
vn 0.0000 0.0022 1.0000
vn 0.0000 0.0022 1.0000
vn 0.0000 0.0022 1.0000
vn 0.0000 0.0022 1.0000
vn -1.0000 0.0022 0.0000
vn -1.0000 0.0022 0.0000
vn -1.0000 0.0022 0.0000
vn -1.0000 0.0022 0.0000
vn -0.0000 0.0022 -1.0000
vn -0.0000 0.0022 -1.0000
vn -0.0000 0.0022 -1.0000
vn -0.0000 0.0022 -1.0000
vn 1.0000 0.0022 -0.0000
vn 1.0000 0.0022 -0.0000
vn 1.0000 0.0022 -0.0000
vn 1.0000 0.0022 -0.0000
vn 0.0000 0.0022 1.0000
vn 0.0000 0.0022 1.0000
vn 0.0000 0.0022 1.0000
vn 0.0000 0.0022 1.0000
vn 1.0000 0.0022 -0.0000
vn 1.0000 0.0022 -0.0000
vn 1.0000 0.0022 -0.0000
vn 1.0000 0.0022 -0.0000
vn -0.0000 0.0022 -1.0000
vn -0.0000 0.0022 -1.0000
vn -0.0000 0.0022 -1.0000
vn -0.0000 0.0022 -1.0000
vn -1.0000 0.0022 0.0000
vn -1.0000 0.0022 0.0000
vn -1.0000 0.0022 0.0000
vn -1.0000 0.0022 0.0000
vn 0.0000 0.0022 1.0000
vn 0.0000 0.0022 1.0000
vn 0.0000 0.0022 1.0000
vn 0.0000 0.0022 1.0000
vn -1.0000 0.0022 0.0000
vn -1.0000 0.0022 0.0000
vn -1.0000 0.0022 0.0000
vn -1.0000 0.0022 0.0000
vn -0.0000 0.0022 -1.0000
vn -0.0000 0.0022 -1.0000
vn -0.0000 0.0022 -1.0000
vn -0.0000 0.0022 -1.0000
vn 1.0000 0.0022 -0.0000
vn 1.0000 0.0022 -0.0000
vn 1.0000 0.0022 -0.0000
vn 1.0000 0.0022 -0.0000
vn 0.0000 0.0022 1.0000
vn 0.0000 0.0022 1.0000
vn 0.0000 0.0022 1.0000
vn 0.0000 0.0022 1.0000
vn 1.0000 0.0022 -0.0000
vn 1.0000 0.0022 -0.0000
vn 1.0000 0.0022 -0.0000
vn 1.0000 0.0022 -0.0000
vn -0.0000 0.0022 -1.0000
vn -0.0000 0.0022 -1.0000
vn -0.0000 0.0022 -1.0000
vn -0.0000 0.0022 -1.0000
vn -1.0000 0.0022 0.0000
vn -1.0000 0.0022 0.0000
vn -1.0000 0.0022 0.0000
vn -1.0000 0.0022 0.0000
vn 0.0000 0.0022 1.0000
vn 0.0000 0.0022 1.0000
vn 0.0000 0.0022 1.0000
vn 0.0000 0.0022 1.0000
vn -0.0000 1.0000 -0.0000
vn -0.0000 1.0000 -0.0000
vn -0.0000 1.0000 -0.0000
vn -0.0000 1.0000 -0.0000
vn -0.0000 -1.0000 0.0000
vn -0.0000 -1.0000 0.0000
vn -0.0000 -1.0000 0.0000
vn -0.0000 -1.0000 0.0000
vn -1.0000 0.0022 0.0000
vn -1.0000 0.0022 0.0000
vn -1.0000 0.0022 0.0000
vn -1.0000 0.0022 0.0000
vn -0.0000 0.0022 -1.0000
vn -0.0000 0.0022 -1.0000
vn -0.0000 0.0022 -1.0000
vn -0.0000 0.0022 -1.0000
vn 1.0000 0.0022 -0.0000
vn 1.0000 0.0022 -0.0000
vn 1.0000 0.0022 -0.0000
vn 1.0000 0.0022 -0.0000
vn 0.0000 0.0022 1.0000
vn 0.0000 0.0022 1.0000
vn 0.0000 0.0022 1.0000
vn 0.0000 0.0022 1.0000
vn -0.0000 1.0000 -0.0000
vn -0.0000 1.0000 -0.0000
vn -0.0000 1.0000 -0.0000
vn -0.0000 1.0000 -0.0000
vn -0.0000 -1.0000 0.0000
vn -0.0000 -1.0000 0.0000
vn -0.0000 -1.0000 0.0000
vn -0.0000 -1.0000 0.0000
vn -1.0000 0.0022 0.0000
vn -1.0000 0.0022 0.0000
vn -1.0000 0.0022 0.0000
vn -1.0000 0.0022 0.0000
vn -0.0000 0.0022 -1.0000
vn -0.0000 0.0022 -1.0000
vn -0.0000 0.0022 -1.0000
vn -0.0000 0.0022 -1.0000
vn 1.0000 0.0022 -0.0000
vn 1.0000 0.0022 -0.0000
vn 1.0000 0.0022 -0.0000
vn 1.0000 0.0022 -0.0000
vn 0.0000 0.0022 1.0000
vn 0.0000 0.0022 1.0000
vn 0.0000 0.0022 1.0000
vn 0.0000 0.0022 1.0000
vn -0.0000 1.0000 -0.0000
vn -0.0000 1.0000 -0.0000
vn -0.0000 1.0000 -0.0000
vn -0.0000 1.0000 -0.0000
vn -0.0000 -1.0000 0.0000
vn -0.0000 -1.0000 0.0000
vn -0.0000 -1.0000 0.0000
vn -0.0000 -1.0000 0.0000
vn 1.0000 0.0022 -0.0000
vn 1.0000 0.0022 -0.0000
vn 1.0000 0.0022 -0.0000
vn 1.0000 0.0022 -0.0000
vn -0.0000 0.0022 -1.0000
vn -0.0000 0.0022 -1.0000
vn -0.0000 0.0022 -1.0000
vn -0.0000 0.0022 -1.0000
vn -1.0000 0.0022 0.0000
vn -1.0000 0.0022 0.0000
vn -1.0000 0.0022 0.0000
vn -1.0000 0.0022 0.0000
vn 0.0000 0.0022 1.0000
vn 0.0000 0.0022 1.0000
vn 0.0000 0.0022 1.0000
vn 0.0000 0.0022 1.0000
vn -0.0000 1.0000 -0.0000
vn -0.0000 1.0000 -0.0000
vn -0.0000 1.0000 -0.0000
vn -0.0000 1.0000 -0.0000
vn -0.0000 -1.0000 0.0000
vn -0.0000 -1.0000 0.0000
vn -0.0000 -1.0000 0.0000
vn -0.0000 -1.0000 0.0000
vn 1.0000 0.0022 -0.0000
vn 1.0000 0.0022 -0.0000
vn 1.0000 0.0022 -0.0000
vn 1.0000 0.0022 -0.0000
vn -0.0000 0.0022 -1.0000
vn -0.0000 0.0022 -1.0000
vn -0.0000 0.0022 -1.0000
vn -0.0000 0.0022 -1.0000
vn -1.0000 0.0022 0.0000
vn -1.0000 0.0022 0.0000
vn -1.0000 0.0022 0.0000
vn -1.0000 0.0022 0.0000
vn 0.0000 0.0022 1.0000
vn 0.0000 0.0022 1.0000
vn 0.0000 0.0022 1.0000
vn 0.0000 0.0022 1.0000
vn -1.0000 0.0022 0.0000
vn -1.0000 0.0022 0.0000
vn -1.0000 0.0022 0.0000
vn -1.0000 0.0022 0.0000
vn -0.0000 0.0022 -1.0000
vn -0.0000 0.0022 -1.0000
vn -0.0000 0.0022 -1.0000
vn -0.0000 0.0022 -1.0000
vn 1.0000 0.0022 -0.0000
vn 1.0000 0.0022 -0.0000
vn 1.0000 0.0022 -0.0000
vn 1.0000 0.0022 -0.0000
vn 0.0000 0.0022 1.0000
vn 0.0000 0.0022 1.0000
vn 0.0000 0.0022 1.0000
vn 0.0000 0.0022 1.0000
vn 1.0000 0.0022 -0.0000
vn 1.0000 0.0022 -0.0000
vn 1.0000 0.0022 -0.0000
vn 1.0000 0.0022 -0.0000
vn -0.0000 0.0022 -1.0000
vn -0.0000 0.0022 -1.0000
vn -0.0000 0.0022 -1.0000
vn -0.0000 0.0022 -1.0000
vn -1.0000 0.0022 0.0000
vn -1.0000 0.0022 0.0000
vn -1.0000 0.0022 0.0000
vn -1.0000 0.0022 0.0000
vn 0.0000 0.0022 1.0000
vn 0.0000 0.0022 1.0000
vn 0.0000 0.0022 1.0000
vn 0.0000 0.0022 1.0000
vn -1.0000 0.0022 0.0000
vn -1.0000 0.0022 0.0000
vn -1.0000 0.0022 0.0000
vn -1.0000 0.0022 0.0000
vn -0.0000 0.0022 -1.0000
vn -0.0000 0.0022 -1.0000
vn -0.0000 0.0022 -1.0000
vn -0.0000 0.0022 -1.0000
vn 1.0000 0.0022 -0.0000
vn 1.0000 0.0022 -0.0000
vn 1.0000 0.0022 -0.0000
vn 1.0000 0.0022 -0.0000
vn 0.0000 0.0022 1.0000
vn 0.0000 0.0022 1.0000
vn 0.0000 0.0022 1.0000
vn 0.0000 0.0022 1.0000
vn 1.0000 0.0022 -0.0000
vn 1.0000 0.0022 -0.0000
vn 1.0000 0.0022 -0.0000
vn 1.0000 0.0022 -0.0000
vn -0.0000 0.0022 -1.0000
vn -0.0000 0.0022 -1.0000
vn -0.0000 0.0022 -1.0000
vn -0.0000 0.0022 -1.0000
vn -1.0000 0.0022 0.0000
vn -1.0000 0.0022 0.0000
vn -1.0000 0.0022 0.0000
vn -1.0000 0.0022 0.0000
vn 0.0000 0.0022 1.0000
vn 0.0000 0.0022 1.0000
vn 0.0000 0.0022 1.0000
vn 0.0000 0.0022 1.0000
vn -1.0000 0.0022 0.0000
vn -1.0000 0.0022 0.0000
vn -1.0000 0.0022 0.0000
vn -1.0000 0.0022 0.0000
vn -0.0000 0.0022 -1.0000
vn -0.0000 0.0022 -1.0000
vn -0.0000 0.0022 -1.0000
vn -0.0000 0.0022 -1.0000
vn 1.0000 0.0022 -0.0000
vn 1.0000 0.0022 -0.0000
vn 1.0000 0.0022 -0.0000
vn 1.0000 0.0022 -0.0000
vn 0.0000 0.0022 1.0000
vn 0.0000 0.0022 1.0000
vn 0.0000 0.0022 1.0000
vn 0.0000 0.0022 1.0000
vn 1.0000 0.0022 -0.0000
vn 1.0000 0.0022 -0.0000
vn 1.0000 0.0022 -0.0000
vn 1.0000 0.0022 -0.0000
vn -0.0000 -1.0000 0.0000
vn -0.0000 -1.0000 0.0000
vn -0.0000 -1.0000 0.0000
vn -0.0000 -1.0000 0.0000
vn -1.0000 0.0022 0.0000
vn -1.0000 0.0022 0.0000
vn -1.0000 0.0022 0.0000
vn -1.0000 0.0022 0.0000
vn 0.0000 0.0022 1.0000
vn 0.0000 0.0022 1.0000
vn 0.0000 0.0022 1.0000
vn 0.0000 0.0022 1.0000
vn -1.0000 0.0022 0.0000
vn -1.0000 0.0022 0.0000
vn -1.0000 0.0022 0.0000
vn -1.0000 0.0022 0.0000
vn -0.0000 0.0022 -1.0000
vn -0.0000 0.0022 -1.0000
vn -0.0000 0.0022 -1.0000
vn -0.0000 0.0022 -1.0000
vn 1.0000 0.0022 -0.0000
vn 1.0000 0.0022 -0.0000
vn 1.0000 0.0022 -0.0000
vn 1.0000 0.0022 -0.0000
vn 0.0000 0.0022 1.0000
vn 0.0000 0.0022 1.0000
vn 0.0000 0.0022 1.0000
vn 0.0000 0.0022 1.0000
vn 1.0000 0.0022 -0.0000
vn 1.0000 0.0022 -0.0000
vn 1.0000 0.0022 -0.0000
vn 1.0000 0.0022 -0.0000
vn -0.0000 0.0022 -1.0000
vn -0.0000 0.0022 -1.0000
vn -0.0000 0.0022 -1.0000
vn -0.0000 0.0022 -1.0000
vn -1.0000 0.0022 0.0000
vn -1.0000 0.0022 0.0000
vn -1.0000 0.0022 0.0000
vn -1.0000 0.0022 0.0000
vn 0.0000 0.0022 1.0000
vn 0.0000 0.0022 1.0000
vn 0.0000 0.0022 1.0000
vn 0.0000 0.0022 1.0000
vn -1.0000 0.0022 0.0000
vn -1.0000 0.0022 0.0000
vn -1.0000 0.0022 0.0000
vn -1.0000 0.0022 0.0000
vn -0.0000 0.0022 -1.0000
vn -0.0000 0.0022 -1.0000
vn -0.0000 0.0022 -1.0000
vn -0.0000 0.0022 -1.0000
vn 1.0000 0.0022 -0.0000
vn 1.0000 0.0022 -0.0000
vn 1.0000 0.0022 -0.0000
vn 1.0000 0.0022 -0.0000
vn 0.0000 0.0022 1.0000
vn 0.0000 0.0022 1.0000
vn 0.0000 0.0022 1.0000
vn 0.0000 0.0022 1.0000
vn 1.0000 0.0022 -0.0000
vn 1.0000 0.0022 -0.0000
vn 1.0000 0.0022 -0.0000
vn 1.0000 0.0022 -0.0000
vn -0.0000 0.0022 -1.0000
vn -0.0000 0.0022 -1.0000
vn -0.0000 0.0022 -1.0000
vn -0.0000 0.0022 -1.0000
vn -1.0000 0.0022 0.0000
vn -1.0000 0.0022 0.0000
vn -1.0000 0.0022 0.0000
vn -1.0000 0.0022 0.0000
vn 0.0000 0.0022 1.0000
vn 0.0000 0.0022 1.0000
vn 0.0000 0.0022 1.0000
vn 0.0000 0.0022 1.0000
vn -1.0000 0.0022 0.0000
vn -1.0000 0.0022 0.0000
vn -1.0000 0.0022 0.0000
vn -1.0000 0.0022 0.0000
vn -0.0000 0.0022 -1.0000
vn -0.0000 0.0022 -1.0000
vn -0.0000 0.0022 -1.0000
vn -0.0000 0.0022 -1.0000
vn 1.0000 0.0022 -0.0000
vn 1.0000 0.0022 -0.0000
vn 1.0000 0.0022 -0.0000
vn 1.0000 0.0022 -0.0000
vn 0.0000 0.0022 1.0000
vn 0.0000 0.0022 1.0000
vn 0.0000 0.0022 1.0000
vn 0.0000 0.0022 1.0000
vn 1.0000 0.0022 -0.0000
vn 1.0000 0.0022 -0.0000
vn 1.0000 0.0022 -0.0000
vn 1.0000 0.0022 -0.0000
vn -0.0000 0.0022 -1.0000
vn -0.0000 0.0022 -1.0000
vn -0.0000 0.0022 -1.0000
vn -0.0000 0.0022 -1.0000
vn -1.0000 0.0022 0.0000
vn -1.0000 0.0022 0.0000
vn -1.0000 0.0022 0.0000
vn -1.0000 0.0022 0.0000
vn 0.0000 0.0022 1.0000
vn 0.0000 0.0022 1.0000
vn 0.0000 0.0022 1.0000
vn 0.0000 0.0022 1.0000
vn -1.0000 0.0022 0.0000
vn -1.0000 0.0022 0.0000
vn -1.0000 0.0022 0.0000
vn -1.0000 0.0022 0.0000
vn -0.0000 0.0022 -1.0000
vn -0.0000 0.0022 -1.0000
vn -0.0000 0.0022 -1.0000
vn -0.0000 0.0022 -1.0000
vn 1.0000 0.0022 -0.0000
vn 1.0000 0.0022 -0.0000
vn 1.0000 0.0022 -0.0000
vn 1.0000 0.0022 -0.0000
vn 0.0000 0.0022 1.0000
vn 0.0000 0.0022 1.0000
vn 0.0000 0.0022 1.0000
vn 0.0000 0.0022 1.0000
vn 1.0000 0.0022 -0.0000
vn 1.0000 0.0022 -0.0000
vn 1.0000 0.0022 -0.0000
vn 1.0000 0.0022 -0.0000
vn -1.0000 0.0022 0.0000
vn -1.0000 0.0022 0.0000
vn -1.0000 0.0022 0.0000
vn -1.0000 0.0022 0.0000
vn 0.0000 0.0022 1.0000
vn 0.0000 0.0022 1.0000
vn 0.0000 0.0022 1.0000
vn 0.0000 0.0022 1.0000
vn -0.0000 1.0000 -0.0000
vn -0.0000 1.0000 -0.0000
vn -0.0000 1.0000 -0.0000
vn -0.0000 1.0000 -0.0000
vn -0.0000 -1.0000 0.0000
vn -0.0000 -1.0000 0.0000
vn -0.0000 -1.0000 0.0000
vn -0.0000 -1.0000 0.0000
vn -1.0000 0.0022 0.0000
vn -1.0000 0.0022 0.0000
vn -1.0000 0.0022 0.0000
vn -1.0000 0.0022 0.0000
vn -0.0000 0.0022 -1.0000
vn -0.0000 0.0022 -1.0000
vn -0.0000 0.0022 -1.0000
vn -0.0000 0.0022 -1.0000
vn 1.0000 0.0022 -0.0000
vn 1.0000 0.0022 -0.0000
vn 1.0000 0.0022 -0.0000
vn 1.0000 0.0022 -0.0000
vn 0.0000 0.0022 1.0000
vn 0.0000 0.0022 1.0000
vn 0.0000 0.0022 1.0000
vn 0.0000 0.0022 1.0000
vn -0.0000 1.0000 -0.0000
vn -0.0000 1.0000 -0.0000
vn -0.0000 1.0000 -0.0000
vn -0.0000 1.0000 -0.0000
vn -0.0000 -1.0000 0.0000
vn -0.0000 -1.0000 0.0000
vn -0.0000 -1.0000 0.0000
vn -0.0000 -1.0000 0.0000
vn -1.0000 0.0022 0.0000
vn -1.0000 0.0022 0.0000
vn -1.0000 0.0022 0.0000
vn -1.0000 0.0022 0.0000
vn -0.0000 0.0022 -1.0000
vn -0.0000 0.0022 -1.0000
vn -0.0000 0.0022 -1.0000
vn -0.0000 0.0022 -1.0000
vn 1.0000 0.0022 -0.0000
vn 1.0000 0.0022 -0.0000
vn 1.0000 0.0022 -0.0000
vn 1.0000 0.0022 -0.0000
vn 0.0000 0.0022 1.0000
vn 0.0000 0.0022 1.0000
vn 0.0000 0.0022 1.0000
vn 0.0000 0.0022 1.0000
vn -0.0000 1.0000 -0.0000
vn -0.0000 1.0000 -0.0000
vn -0.0000 1.0000 -0.0000
vn -0.0000 1.0000 -0.0000
vn 0.0000 0.0022 1.0000
vn 0.0000 0.0022 1.0000
vn 0.0000 0.0022 1.0000
vn 0.0000 0.0022 1.0000
vn 1.0000 0.0022 -0.0000
vn 1.0000 0.0022 -0.0000
vn 1.0000 0.0022 -0.0000
vn 1.0000 0.0022 -0.0000
vn -0.0000 0.0022 -1.0000
vn -0.0000 0.0022 -1.0000
vn -0.0000 0.0022 -1.0000
vn -0.0000 0.0022 -1.0000
vn -1.0000 0.0022 0.0000
vn -1.0000 0.0022 0.0000
vn -1.0000 0.0022 0.0000
vn -1.0000 0.0022 0.0000
vn 0.0000 0.0022 1.0000
vn 0.0000 0.0022 1.0000
vn 0.0000 0.0022 1.0000
vn 0.0000 0.0022 1.0000
vn -0.0000 1.0000 -0.0000
vn -0.0000 1.0000 -0.0000
vn -0.0000 1.0000 -0.0000
vn -0.0000 1.0000 -0.0000
vn -0.0000 -1.0000 0.0000
vn -0.0000 -1.0000 0.0000
vn -0.0000 -1.0000 0.0000
vn -0.0000 -1.0000 0.0000
vn 1.0000 0.0022 -0.0000
vn 1.0000 0.0022 -0.0000
vn 1.0000 0.0022 -0.0000
vn 1.0000 0.0022 -0.0000
vn -1.0000 0.0022 0.0000
vn -1.0000 0.0022 0.0000
vn -1.0000 0.0022 0.0000
vn -1.0000 0.0022 0.0000
vn 0.0000 0.0022 1.0000
vn 0.0000 0.0022 1.0000
vn 0.0000 0.0022 1.0000
vn 0.0000 0.0022 1.0000
vn 1.0000 0.0022 -0.0000
vn 1.0000 0.0022 -0.0000
vn 1.0000 0.0022 -0.0000
vn 1.0000 0.0022 -0.0000
vn -0.0000 0.0022 -1.0000
vn -0.0000 0.0022 -1.0000
vn -0.0000 0.0022 -1.0000
vn -0.0000 0.0022 -1.0000
vn -0.0000 1.0000 -0.0000
vn -0.0000 1.0000 -0.0000
vn -0.0000 1.0000 -0.0000
vn -0.0000 1.0000 -0.0000
vt 0.9122990369796753 0.3945770263671875 
vt 0.8826696276664734 0.3945770263671875 
vt 0.9122990369796753 0.3939693868160248 
vt 0.8826696276664734 0.3939693868160248 
vt 0.019166678190231323 0.12442249804735184 
vt 0.019166678190231323 0.07009992748498917 
vt 0.020138133317232132 0.12442249804735184 
vt 0.020138133317232132 0.07009992748498917 
vt 0.9444785118103027 0.479038268327713 
vt 0.9444785118103027 0.48961111903190613 
vt 0.9394997954368591 0.479038268327713 
vt 0.9394997954368591 0.48961111903190613 
vt 0.6588704586029053 0.7724044322967529 
vt 0.6588704586029053 0.777630090713501 
vt 0.5446029305458069 0.7724044322967529 
vt 0.5446029305458069 0.777630090713501 
vt 0.5446029305458069 0.8464143872261047 
vt 0.5446029305458069 0.8411887288093567 
vt 0.6587490439414978 0.8464143872261047 
vt 0.6587490439414978 0.8411887288093567 
vt 0.0022876299917697906 0.48280560970306396 
vt 0.0022876299917697906 0.2635709047317505 
vt 0.7608733177185059 0.48280560970306396 
vt 0.7608733177185059 0.2635709047317505 
vt 0.4733223617076874 0.87788987159729 
vt 0.935856819152832 0.87788987159729 
vt 0.4733223617076874 0.88591068983078 
vt 0.9357354044914246 0.88591068983078 
vt 0.9357354044914246 0.931726336479187 
vt 0.4732009172439575 0.931726336479187 
vt 0.9357354044914246 0.9237055778503418 
vt 0.4733223617076874 0.9237055778503418 
vt 0.5446029305458069 0.749557375907898 
vt 0.7637876868247986 0.749557375907898 
vt 0.5446029305458069 0.7544184923171997 
vt 0.7637876868247986 0.7544184923171997 
vt 0.8640905618667603 0.7715537548065186 
vt 0.8640905618667603 0.5524405837059021 
vt 0.8689478039741516 0.7715537548065186 
vt 0.8689478039741516 0.5524405837059021 
vt 0.7608733177185059 0.7073875069618225 
vt 0.0022876299917697906 0.7073875069618225 
vt 0.7608733177185059 0.48815280199050903 
vt 0.0022876299917697906 0.48815280199050903 
vt 0.9643933773040771 0.11652324348688126 
vt 0.9643933773040771 0.0022878600284457207 
vt 0.9591717720031738 0.11652324348688126 
vt 0.9591717720031738 0.0022878600284457207 
vt 0.0022876299917697906 0.9381672739982605 
vt 0.11643370985984802 0.9381672739982605 
vt 0.0022876299917697906 0.9328200817108154 
vt 0.11643370985984802 0.9328200817108154 
vt 0.9575932025909424 0.9599206447601318 
vt 0.9575932025909424 0.8458067774772644 
vt 0.9523715972900391 0.9599206447601318 
vt 0.9523715972900391 0.8458067774772644 
vt 0.7109647989273071 0.9151986837387085 
vt 0.8251108527183533 0.9151986837387085 
vt 0.7109647989273071 0.9099730253219604 
vt 0.8251108527183533 0.9099730253219604 
vt 0.9742293357849121 0.48317021131515503 
vt 0.9690077900886536 0.48317021131515503 
vt 0.9742293357849121 0.3690563440322876 
vt 0.9690077900886536 0.3690563440322876 
vt 0.9477571845054626 0.9511706829071045 
vt 0.9477571845054626 0.9563963413238525 
vt 0.8336111307144165 0.9511706829071045 
vt 0.8336111307144165 0.9563963413238525 
vt 0.9742293357849121 0.3640737533569336 
vt 0.9690077900886536 0.3640737533569336 
vt 0.9742293357849121 0.24983835220336914 
vt 0.9690077900886536 0.24983835220336914 
vt 0.9690077900886536 0.12150584906339645 
vt 0.9742293357849121 0.12150584906339645 
vt 0.9690077900886536 0.2356196939945221 
vt 0.9742293357849121 0.2356196939945221 
vt 0.9690077900886536 0.0022878600284457207 
vt 0.9690077900886536 0.11652324348688126 
vt 0.9742293357849121 0.0022878600284457207 
vt 0.9742293357849121 0.11652324348688126 
vt 0.9969371557235718 0.9508060812950134 
vt 0.9969371557235718 0.8365707397460938 
vt 0.9917155504226685 0.9508060812950134 
vt 0.9917155504226685 0.8365707397460938 
vt 0.9477571845054626 0.9649032354354858 
vt 0.8336111307144165 0.9649032354354858 
vt 0.9477571845054626 0.9702504277229309 
vt 0.8336111307144165 0.9702504277229309 
vt 0.7148506045341492 0.9702504277229309 
vt 0.8289966583251953 0.9702504277229309 
vt 0.7148506045341492 0.9649032354354858 
vt 0.8289966583251953 0.9649032354354858 
vt 0.813939094543457 0.6898876428604126 
vt 0.8192821145057678 0.6898876428604126 
vt 0.813939094543457 0.8041229844093323 
vt 0.8192821145057678 0.8041229844093323 
vt 0.9890440702438354 0.7174742817878723 
vt 0.9943870902061462 0.7174742817878723 
vt 0.9890440702438354 0.831588089466095 
vt 0.9943870902061462 0.831588089466095 
vt 0.5922042727470398 0.9105806350708008 
vt 0.5922042727470398 0.9053549766540527 
vt 0.7063503861427307 0.9105806350708008 
vt 0.7063503861427307 0.9053549766540527 
vt 0.8289966583251953 0.9511706829071045 
vt 0.8289966583251953 0.9563963413238525 
vt 0.7148506045341492 0.9511706829071045 
vt 0.7148506045341492 0.9563963413238525 
vt 0.7102361917495728 0.9511706829071045 
vt 0.5960901379585266 0.9511706829071045 
vt 0.7102361917495728 0.9563963413238525 
vt 0.5960901379585266 0.9563963413238525 
vt 0.9943870902061462 0.7123700976371765 
vt 0.9943870902061462 0.5982562899589539 
vt 0.9890440702438354 0.7123700976371765 
vt 0.9890440702438354 0.5982562899589539 
vt 0.5914756655693054 0.9511706829071045 
vt 0.4773296117782593 0.9511706829071045 
vt 0.5914756655693054 0.9565178751945496 
vt 0.4773296117782593 0.9565178751945496 
vt 0.47344377636909485 0.9151986837387085 
vt 0.5875898599624634 0.9151986837387085 
vt 0.47344377636909485 0.9099730253219604 
vt 0.5875898599624634 0.9099730253219604 
vt 0.9939013123512268 0.5932736396789551 
vt 0.9886797666549683 0.5932736396789551 
vt 0.9939013123512268 0.479038268327713 
vt 0.9886797666549683 0.479038268327713 
vt 0.9886797666549683 0.35982030630111694 
vt 0.9939013123512268 0.35982030630111694 
vt 0.9886797666549683 0.474055677652359 
vt 0.9939013123512268 0.474055677652359 
vt 0.9939013123512268 0.35483768582344055 
vt 0.9886797666549683 0.35483768582344055 
vt 0.9939013123512268 0.24072383344173431 
vt 0.9886797666549683 0.24072383344173431 
vt 0.9886797666549683 0.12150584906339645 
vt 0.9939013123512268 0.12150584906339645 
vt 0.9886797666549683 0.2356196939945221 
vt 0.9939013123512268 0.2356196939945221 
vt 0.9886797666549683 0.0022878600284457207 
vt 0.9886797666549683 0.11652324348688126 
vt 0.9939013123512268 0.0022878600284457207 
vt 0.9939013123512268 0.11652324348688126 
vt 0.0022876299917697906 0.9930974841117859 
vt 0.11643370985984802 0.9930974841117859 
vt 0.0022876299917697906 0.9878718256950378 
vt 0.11643370985984802 0.9878718256950378 
vt 0.9818795919418335 0.8365707397460938 
vt 0.9818795919418335 0.9508060812950134 
vt 0.987101137638092 0.8365707397460938 
vt 0.987101137638092 0.9508060812950134 
vt 0.9845510721206665 0.831588089466095 
vt 0.9845510721206665 0.7174742817878723 
vt 0.979329526424408 0.831588089466095 
vt 0.979329526424408 0.7174742817878723 
vt 0.8041031360626221 0.6898876428604126 
vt 0.8094461560249329 0.6898876428604126 
vt 0.8041031360626221 0.8041229844093323 
vt 0.8094461560249329 0.8041229844093323 
vt 0.47271519899368286 0.9511706829071045 
vt 0.47271519899368286 0.9565178751945496 
vt 0.35856911540031433 0.9511706829071045 
vt 0.35856911540031433 0.9565178751945496 
vt 0.8207393288612366 0.8968480825424194 
vt 0.8207393288612366 0.8916224241256714 
vt 0.9350067973136902 0.8968480825424194 
vt 0.9350067973136902 0.8916224241256714 
vt 0.9550430774688721 0.8407026529312134 
vt 0.9498215317726135 0.8407026529312134 
vt 0.9550430774688721 0.726588785648346 
vt 0.9498215317726135 0.726588785648346 
vt 0.9550430774688721 0.7216061949729919 
vt 0.9550430774688721 0.6073707938194275 
vt 0.9498215317726135 0.7216061949729919 
vt 0.9498215317726135 0.6073707938194275 
vt 0.9493358135223389 0.48815280199050903 
vt 0.9493358135223389 0.6023882031440735 
vt 0.9545573592185974 0.48815280199050903 
vt 0.9545573592185974 0.6023882031440735 
vt 0.9545573592185974 0.48317021131515503 
vt 0.9545573592185974 0.3690563440322876 
vt 0.9493358135223389 0.48317021131515503 
vt 0.9493358135223389 0.3690563440322876 
vt 0.6633634567260742 0.8464143872261047 
vt 0.7775095105171204 0.8464143872261047 
vt 0.6633634567260742 0.8411887288093567 
vt 0.7775095105171204 0.8411887288093567 
vt 0.5960901379585266 0.9977155327796936 
vt 0.5960901379585266 0.9924898743629456 
vt 0.7102361917495728 0.9977155327796936 
vt 0.7102361917495728 0.9924898743629456 
vt 0.5914756655693054 0.9924898743629456 
vt 0.5914756655693054 0.9977155327796936 
vt 0.4773296117782593 0.9924898743629456 
vt 0.4773296117782593 0.9977155327796936 
vt 0.9840653538703918 0.474055677652359 
vt 0.9788437485694885 0.474055677652359 
vt 0.9840653538703918 0.35982030630111694 
vt 0.9788437485694885 0.35982030630111694 
vt 0.9840653538703918 0.35483768582344055 
vt 0.9840653538703918 0.24072383344173431 
vt 0.9788437485694885 0.35483768582344055 
vt 0.9788437485694885 0.24072383344173431 
vt 0.5960901379585266 0.9702504277229309 
vt 0.7102361917495728 0.9702504277229309 
vt 0.5960901379585266 0.9650247693061829 
vt 0.7102361917495728 0.9650247693061829 
vt 0.9845510721206665 0.7123700976371765 
vt 0.9845510721206665 0.5982562899589539 
vt 0.979329526424408 0.7123700976371765 
vt 0.979329526424408 0.5982562899589539 
vt 0.9477571845054626 0.9787573218345642 
vt 0.8336111307144165 0.9787573218345642 
vt 0.9477571845054626 0.9839829802513123 
vt 0.8336111307144165 0.9839829802513123 
vt 0.5914756655693054 0.9649032354354858 
vt 0.5914756655693054 0.9702504277229309 
vt 0.4773296117782593 0.9649032354354858 
vt 0.4773296117782593 0.9702504277229309 
vt 0.6853426098823547 0.7364324927330017 
vt 0.6853426098823547 0.7312068343162537 
vt 0.7994887232780457 0.7364324927330017 
vt 0.7994887232780457 0.7312068343162537 
vt 0.47271519899368286 0.9649032354354858 
vt 0.47271519899368286 0.9702504277229309 
vt 0.35856911540031433 0.9649032354354858 
vt 0.35856911540031433 0.9702504277229309 
vt 0.7148506045341492 0.9839829802513123 
vt 0.7148506045341492 0.9787573218345642 
vt 0.8289966583251953 0.9839829802513123 
vt 0.8289966583251953 0.9787573218345642 
vt 0.9674291610717773 0.9599206447601318 
vt 0.9674291610717773 0.8458067774772644 
vt 0.9622076153755188 0.9599206447601318 
vt 0.9622076153755188 0.8458067774772644 
vt 0.7776309251785278 0.8274561762809753 
vt 0.6633634567260742 0.8274561762809753 
vt 0.7776309251785278 0.8326818346977234 
vt 0.6633634567260742 0.8326818346977234 
vt 0.9840653538703918 0.2356196939945221 
vt 0.9840653538703918 0.12150584906339645 
vt 0.9788437485694885 0.2356196939945221 
vt 0.9788437485694885 0.12150584906339645 
vt 0.3539547026157379 0.9604067206382751 
vt 0.23980861902236938 0.9604067206382751 
vt 0.3539547026157379 0.9656323790550232 
vt 0.23980861902236938 0.9656323790550232 
vt 0.9788437485694885 0.0022878600284457207 
vt 0.9840653538703918 0.0022878600284457207 
vt 0.9788437485694885 0.11652324348688126 
vt 0.9840653538703918 0.11652324348688126 
vt 0.9493358135223389 0.24983835220336914 
vt 0.9545573592185974 0.24983835220336914 
vt 0.9493358135223389 0.3639522194862366 
vt 0.9545573592185974 0.3639522194862366 
vt 0.23519420623779297 0.9604067206382751 
vt 0.23519420623779297 0.9656323790550232 
vt 0.12104812264442444 0.9604067206382751 
vt 0.12104812264442444 0.9656323790550232 
vt 0.0022876299917697906 0.9656323790550232 
vt 0.0022876299917697906 0.9604067206382751 
vt 0.11643370985984802 0.9656323790550232 
vt 0.11643370985984802 0.9604067206382751 
vt 0.8734408020973206 0.5399233102798462 
vt 0.8734408020973206 0.0022878600284457207 
vt 0.8640905618667603 0.5400448441505432 
vt 0.8640905618667603 0.0024093869142234325 
vt 0.0024090621154755354 0.813845157623291 
vt 0.5399885177612305 0.813845157623291 
vt 0.0022876299917697906 0.8044875860214233 
vt 0.5399885177612305 0.8044875860214233 
vt 0.9156991243362427 0.4745417833328247 
vt 0.9097489714622498 0.4745417833328247 
vt 0.9156991243362427 0.8173694610595703 
vt 0.9097489714622498 0.8172479271888733 
vt 0.9203135371208191 0.4811042547225952 
vt 0.9229850769042969 0.4811042547225952 
vt 0.9203135371208191 0.4744202494621277 
vt 0.9229850769042969 0.4744202494621277 
vt 0.8991844058036804 0.8172479271888733 
vt 0.9051345586776733 0.8173694610595703 
vt 0.8991844058036804 0.4745417833328247 
vt 0.9051345586776733 0.4745417833328247 
vt 0.9229850769042969 0.5385864973068237 
vt 0.9203135371208191 0.5385864973068237 
vt 0.9229850769042969 0.5452705025672913 
vt 0.9203135371208191 0.5452705025672913 
vt 0.6807281970977783 0.7312068343162537 
vt 0.0022876299917697906 0.7312068343162537 
vt 0.6808496713638306 0.7429949045181274 
vt 0.0022876299917697906 0.7429949045181274 
vt 0.0022876299917697906 0.7246443629264832 
vt 0.6808496713638306 0.7246443629264832 
vt 0.0022876299917697906 0.7128562331199646 
vt 0.6807281970977783 0.7128562331199646 
vt 0.9115704298019409 0.0024093869142234325 
vt 0.9034345149993896 0.0022878600284457207 
vt 0.9115704298019409 0.46883001923561096 
vt 0.9034345149993896 0.46870848536491394 
vt 0.777995228767395 0.7555121779441833 
vt 0.7829739451408386 0.7555121779441833 
vt 0.777995228767395 0.7449393272399902 
vt 0.7829739451408386 0.7449393272399902 
vt 0.46870794892311096 0.9272298812866211 
vt 0.46882936358451843 0.9190875291824341 
vt 0.0022876299917697906 0.9272298812866211 
vt 0.0024090621154755354 0.9190875291824341 
vt 0.7992458343505859 0.6898876428604126 
vt 0.7942671179771423 0.6898876428604126 
vt 0.7992458343505859 0.7004604935646057 
vt 0.7942671179771423 0.7004604935646057 
vt 0.0024090621154755354 0.8688969016075134 
vt 0.0022876299917697906 0.8595393300056458 
vt 0.5399885177612305 0.8688969016075134 
vt 0.5399885177612305 0.8595393300056458 
vt 0.5399885177612305 0.8411887288093567 
vt 0.5399885177612305 0.8505463004112244 
vt 0.0022876299917697906 0.8411887288093567 
vt 0.0024090621154755354 0.8505463004112244 
vt 0.8161249160766602 0.8975772857666016 
vt 0.4733223617076874 0.8975772857666016 
vt 0.8161249160766602 0.8916224241256714 
vt 0.47344377636909485 0.8916224241256714 
vt 0.931728184223175 0.3507057726383209 
vt 0.931728184223175 0.35738974809646606 
vt 0.9289352297782898 0.3507057726383209 
vt 0.9289352297782898 0.35738974809646606 
vt 0.5447243452072144 0.854921281337738 
vt 0.8874054551124573 0.854921281337738 
vt 0.5446029305458069 0.8608761429786682 
vt 0.8874054551124573 0.8608761429786682 
vt 0.9203135371208191 0.5178053975105286 
vt 0.9203135371208191 0.511121392250061 
vt 0.9229850769042969 0.5178053975105286 
vt 0.9229850769042969 0.511121392250061 
vt 0.8475757837295532 0.0022878600284457207 
vt 0.8594760894775391 0.0022878600284457207 
vt 0.8475757837295532 0.6807730793952942 
vt 0.8594760894775391 0.6807730793952942 
vt 0.8430827856063843 0.6807730793952942 
vt 0.8311824798583984 0.6807730793952942 
vt 0.8430827856063843 0.0022878600284457207 
vt 0.8311824798583984 0.0022878600284457207 
vt 0.46870794892311096 0.8997647762298584 
vt 0.0022876299917697906 0.8997647762298584 
vt 0.46882936358451843 0.8916224241256714 
vt 0.0024090621154755354 0.8916224241256714 
vt 0.7733808159828186 0.7449393272399902 
vt 0.7733808159828186 0.7555121779441833 
vt 0.768402099609375 0.7449393272399902 
vt 0.768402099609375 0.7555121779441833 
vt 0.9243208169937134 0.0024093869142234325 
vt 0.9243208169937134 0.46883001923561096 
vt 0.9161848425865173 0.0022878600284457207 
vt 0.9161848425865173 0.46870848536491394 
vt 0.7846739888191223 0.7004604935646057 
vt 0.7846739888191223 0.6898876428604126 
vt 0.7896527051925659 0.7004604935646057 
vt 0.7896527051925659 0.6898876428604126 
vt 0.9648790955543518 0.8407026529312134 
vt 0.9648790955543518 0.726588785648346 
vt 0.9596574902534485 0.8407026529312134 
vt 0.9596574902534485 0.726588785648346 
vt 0.23519420623779297 0.9741392731666565 
vt 0.12104812264442444 0.9741392731666565 
vt 0.23519420623779297 0.9793649315834045 
vt 0.12104812264442444 0.9793649315834045 
vt 0.5960901379585266 0.9839829802513123 
vt 0.7102361917495728 0.9839829802513123 
vt 0.5960901379585266 0.9787573218345642 
vt 0.7102361917495728 0.9787573218345642 
vt 0.0022876299917697906 0.9793649315834045 
vt 0.11643370985984802 0.9793649315834045 
vt 0.0022876299917697906 0.9741392731666565 
vt 0.11643370985984802 0.9741392731666565 
vt 0.5914756655693054 0.9787573218345642 
vt 0.5914756655693054 0.9839829802513123 
vt 0.4773296117782593 0.9787573218345642 
vt 0.4773296117782593 0.9839829802513123 
vt 0.9772651791572571 0.9599206447601318 
vt 0.9720435738563538 0.9599206447601318 
vt 0.9772651791572571 0.8458067774772644 
vt 0.9720435738563538 0.8458067774772644 
vt 0.9694935083389282 0.726588785648346 
vt 0.9747151136398315 0.726588785648346 
vt 0.9694935083389282 0.8407026529312134 
vt 0.9747151136398315 0.8407026529312134 
vt 0.47271519899368286 0.9924898743629456 
vt 0.47271519899368286 0.9977155327796936 
vt 0.35856911540031433 0.9924898743629456 
vt 0.35856911540031433 0.9977155327796936 
vt 0.23980861902236938 0.9977155327796936 
vt 0.3539547026157379 0.9977155327796936 
vt 0.23980861902236938 0.9924898743629456 
vt 0.3539547026157379 0.9924898743629456 
vt 0.9493358135223389 0.12150584906339645 
vt 0.9493358135223389 0.2356196939945221 
vt 0.9545573592185974 0.12150584906339645 
vt 0.9545573592185974 0.2356196939945221 
vt 0.6633634567260742 0.818949282169342 
vt 0.7776309251785278 0.818949282169342 
vt 0.6633634567260742 0.813723623752594 
vt 0.7776309251785278 0.813723623752594 
vt 0.5446029305458069 0.818949282169342 
vt 0.6588704586029053 0.818949282169342 
vt 0.5446029305458069 0.813723623752594 
vt 0.6588704586029053 0.813723623752594 
vt 0.6588704586029053 0.8274561762809753 
vt 0.6588704586029053 0.8326818346977234 
vt 0.5446029305458069 0.8274561762809753 
vt 0.5446029305458069 0.8326818346977234 
vt 0.7776309251785278 0.7724044322967529 
vt 0.7776309251785278 0.777630090713501 
vt 0.6633634567260742 0.7724044322967529 
vt 0.6633634567260742 0.777630090713501 
vt 0.9545573592185974 0.11652324348688126 
vt 0.9493358135223389 0.11652324348688126 
vt 0.9545573592185974 0.0022878600284457207 
vt 0.9493358135223389 0.0022878600284457207 
vt 0.7776309251785278 0.7999910712242126 
vt 0.7776309251785278 0.8052167296409607 
vt 0.6633634567260742 0.7999910712242126 
vt 0.6633634567260742 0.8052167296409607 
vt 0.5446029305458069 0.8052167296409607 
vt 0.6588704586029053 0.8052167296409607 
vt 0.5446029305458069 0.7998695373535156 
vt 0.6588704586029053 0.7998695373535156 
vt 0.6633634567260742 0.7914841771125793 
vt 0.7775095105171204 0.7914841771125793 
vt 0.6633634567260742 0.7861369848251343 
vt 0.7775095105171204 0.7861369848251343 
vt 0.5446029305458069 0.7914841771125793 
vt 0.6587490439414978 0.7914841771125793 
vt 0.5446029305458069 0.7861369848251343 
vt 0.6587490439414978 0.7861369848251343 
vt 0.9301495552062988 0.7174742817878723 
vt 0.9301495552062988 0.831588089466095 
vt 0.9353711009025574 0.7174742817878723 
vt 0.9353711009025574 0.831588089466095 
vt 0.9255351424217224 0.831588089466095 
vt 0.9203135371208191 0.831588089466095 
vt 0.9255351424217224 0.7174742817878723 
vt 0.9203135371208191 0.7174742817878723 
vt 0.0024090621154755354 0.7589149475097656 
vt 0.0022876299917697906 0.749557375907898 
vt 0.5399885177612305 0.7589149475097656 
vt 0.5399885177612305 0.749557375907898 
vt 0.8532831072807312 0.6898876428604126 
vt 0.8585046529769897 0.6898876428604126 
vt 0.8532831072807312 0.8041229844093323 
vt 0.8585046529769897 0.8041229844093323 
vt 0.8434470891952515 0.6898876428604126 
vt 0.8486686944961548 0.6898876428604126 
vt 0.8434470891952515 0.8041229844093323 
vt 0.8486686944961548 0.8041229844093323 
vt 0.838832676410675 0.8041229844093323 
vt 0.838832676410675 0.6898876428604126 
vt 0.8336111307144165 0.8041229844093323 
vt 0.8336111307144165 0.6898876428604126 
vt 0.23519420623779297 0.9466741681098938 
vt 0.12104812264442444 0.9466741681098938 
vt 0.23519420623779297 0.9518998265266418 
vt 0.12104812264442444 0.9518998265266418 
vt 0.8291181325912476 0.8041229844093323 
vt 0.8291181325912476 0.6898876428604126 
vt 0.8237751126289368 0.8041229844093323 
vt 0.8237751126289368 0.6898876428604126 
vt 0.7996101379394531 0.7174742817878723 
vt 0.6853426098823547 0.7174742817878723 
vt 0.7996101379394531 0.7226999402046204 
vt 0.6853426098823547 0.7226999402046204 
vt 0.9747151136398315 0.7216061949729919 
vt 0.9694935083389282 0.7216061949729919 
vt 0.9747151136398315 0.6073707938194275 
vt 0.9694935083389282 0.6073707938194275 
vt 0.0022876299917697906 0.9518998265266418 
vt 0.0022876299917697906 0.9466741681098938 
vt 0.11643370985984802 0.9518998265266418 
vt 0.11643370985984802 0.9466741681098938 
vt 0.12104812264442444 0.9930974841117859 
vt 0.12104812264442444 0.9878718256950378 
vt 0.23519420623779297 0.9930974841117859 
vt 0.23519420623779297 0.9878718256950378 
vt 0.9742293357849121 0.6023882031440735 
vt 0.9690077900886536 0.6023882031440735 
vt 0.9742293357849121 0.48815280199050903 
vt 0.9690077900886536 0.48815280199050903 
vt 0.47271519899368286 0.9787573218345642 
vt 0.35856911540031433 0.9787573218345642 
vt 0.47271519899368286 0.9839829802513123 
vt 0.35856911540031433 0.9839829802513123 
vt 0.9477571845054626 0.9374381303787231 
vt 0.8336111307144165 0.9374381303787231 
vt 0.9477571845054626 0.9426637887954712 
vt 0.8336111307144165 0.9426637887954712 
vt 0.9596574902534485 0.6073707938194275 
vt 0.9596574902534485 0.7216061949729919 
vt 0.9648790955543518 0.6073707938194275 
vt 0.9648790955543518 0.7216061949729919 
vt 0.3539547026157379 0.9787573218345642 
vt 0.23980861902236938 0.9787573218345642 
vt 0.3539547026157379 0.9839829802513123 
vt 0.23980861902236938 0.9839829802513123 
vt 0.9643933773040771 0.6023882031440735 
vt 0.9591717720031738 0.6023882031440735 
vt 0.9643933773040771 0.48815280199050903 
vt 0.9591717720031738 0.48815280199050903 
vt 0.9399855136871338 0.7449393272399902 
vt 0.9452071189880371 0.7449393272399902 
vt 0.9399855136871338 0.8590531945228577 
vt 0.9452071189880371 0.8590531945228577 
vt 0.9643933773040771 0.48317021131515503 
vt 0.9591717720031738 0.48317021131515503 
vt 0.9643933773040771 0.3690563440322876 
vt 0.9591717720031738 0.3690563440322876 
vt 0.9643933773040771 0.3639522194862366 
vt 0.9591717720031738 0.3639522194862366 
vt 0.9643933773040771 0.24983835220336914 
vt 0.9591717720031738 0.24983835220336914 
vt 0.9591717720031738 0.12150584906339645 
vt 0.9591717720031738 0.2356196939945221 
vt 0.9643933773040771 0.12150584906339645 
vt 0.9643933773040771 0.2356196939945221 
vt 0.9452071189880371 0.7307206988334656 
vt 0.9452071189880371 0.6166068315505981 
vt 0.9399855136871338 0.7307206988334656 
vt 0.9399855136871338 0.6166068315505981 
vt 0.9447214007377625 0.6115027070045471 
vt 0.9447214007377625 0.4973888695240021 
vt 0.9394997954368591 0.6115027070045471 
vt 0.9394997954368591 0.4973888695240021 
vt 0.9447214007377625 0.474055677652359 
vt 0.9447214007377625 0.35982030630111694 
vt 0.9394997954368591 0.474055677652359 
vt 0.9394997954368591 0.35982030630111694 
vt 0.9394997954368591 0.24072383344173431 
vt 0.9447214007377625 0.24072383344173431 
vt 0.9394997954368591 0.35483768582344055 
vt 0.9447214007377625 0.35483768582344055 
vt 0.9394997954368591 0.12150584906339645 
vt 0.9447214007377625 0.12150584906339645 
vt 0.9394997954368591 0.2356196939945221 
vt 0.9447214007377625 0.2356196939945221 
vt 0.9394997954368591 0.0022878600284457207 
vt 0.9447214007377625 0.0022878600284457207 
vt 0.9394997954368591 0.11652324348688126 
vt 0.9447214007377625 0.11652324348688126 
vt 0.8297252655029297 0.9151986837387085 
vt 0.8297252655029297 0.9099730253219604 
vt 0.9438713788986206 0.9151986837387085 
vt 0.9438713788986206 0.9099730253219604 
vt 0.8289966583251953 0.9374381303787231 
vt 0.7148506045341492 0.9374381303787231 
vt 0.8289966583251953 0.9426637887954712 
vt 0.7148506045341492 0.9426637887954712 
vt 0.9840653538703918 0.5932736396789551 
vt 0.9840653538703918 0.479038268327713 
vt 0.9788437485694885 0.5932736396789551 
vt 0.9788437485694885 0.479038268327713 
vt 0.7102361917495728 0.9374381303787231 
vt 0.5960901379585266 0.9374381303787231 
vt 0.7102361917495728 0.9426637887954712 
vt 0.5960901379585266 0.9426637887954712 
vt 0.5914756655693054 0.9374381303787231 
vt 0.4773296117782593 0.9374381303787231 
vt 0.5914756655693054 0.9426637887954712 
vt 0.4773296117782593 0.9426637887954712 
vt 0.35856911540031433 0.9426637887954712 
vt 0.35856911540031433 0.9374381303787231 
vt 0.47271519899368286 0.9426637887954712 
vt 0.47271519899368286 0.9374381303787231 
vt 0.3539547026157379 0.9328200817108154 
vt 0.3539547026157379 0.9381672739982605 
vt 0.23980861902236938 0.9328200817108154 
vt 0.23980861902236938 0.9381672739982605 
vt 0.23519420623779297 0.9328200817108154 
vt 0.23519420623779297 0.9381672739982605 
vt 0.12104812264442444 0.9328200817108154 
vt 0.12104812264442444 0.9381672739982605 
vt 0.5399885177612305 0.7861369848251343 
vt 0.0022876299917697906 0.7861369848251343 
vt 0.5399885177612305 0.795616090297699 
vt 0.0024090621154755354 0.795616090297699 
vt 0.0024090621154755354 0.7772655487060547 
vt 0.5399885177612305 0.7772655487060547 
vt 0.0022876299917697906 0.767907977104187 
vt 0.5399885177612305 0.767907977104187 
vt 0.894569993019104 0.4745417833328247 
vt 0.8886197805404663 0.4745417833328247 
vt 0.894569993019104 0.8173694610595703 
vt 0.8886197805404663 0.8172479271888733 
vt 0.9203135371208191 0.5040728449821472 
vt 0.9229850769042969 0.5040728449821472 
vt 0.9203135371208191 0.4973888695240021 
vt 0.9229850769042969 0.4973888695240021 
vt 0.878055214881897 0.8402165174484253 
vt 0.8840053677558899 0.8403380513191223 
vt 0.878055214881897 0.4973888695240021 
vt 0.8840053677558899 0.4975103735923767 
vt 0.9229850769042969 0.5315379500389099 
vt 0.9203135371208191 0.5315379500389099 
vt 0.9229850769042969 0.5248539447784424 
vt 0.9203135371208191 0.5248539447784424 
vt 0.8147891163825989 0.0022878600284457207 
vt 0.8147891163825989 0.6807730793952942 
vt 0.826568067073822 0.0022878600284457207 
vt 0.826568067073822 0.6807730793952942 
vt 0.7982743978500366 0.0022878600284457207 
vt 0.7982743978500366 0.6807730793952942 
vt 0.8101747035980225 0.0022878600284457207 
vt 0.8101747035980225 0.6807730793952942 
vt 0.0024090621154755354 0.9053549766540527 
vt 0.0022876299917697906 0.9134973287582397 
vt 0.46882936358451843 0.9053549766540527 
vt 0.46870794892311096 0.9134973287582397 
vt 0.7750808596611023 0.7004604935646057 
vt 0.7800595760345459 0.7004604935646057 
vt 0.7750808596611023 0.6898876428604126 
vt 0.7800595760345459 0.6898876428604126 
vt 0.8906841278076172 0.46870848536491394 
vt 0.8988201022148132 0.46883001923561096 
vt 0.8906841278076172 0.0022878600284457207 
vt 0.8988201022148132 0.0024093869142234325 
vt 0.7704664468765259 0.7004604935646057 
vt 0.7654877305030823 0.7004604935646057 
vt 0.7704664468765259 0.6898876428604126 
vt 0.7654877305030823 0.6898876428604126 
vt 0.0024090621154755354 0.8321957588195801 
vt 0.0022876299917697906 0.8228381872177124 
vt 0.5399885177612305 0.8321957588195801 
vt 0.5399885177612305 0.8228381872177124 
vt 0.018559517338871956 0.35593143105506897 
vt 0.018559517338871956 0.32627883553504944 
vt 0.01904524676501751 0.35593143105506897 
vt 0.01904524676501751 0.32627883553504944 
vt 0.9348853826522827 0.0024093869142234325 
vt 0.9348853826522827 0.34523704648017883 
vt 0.9289352297782898 0.0022878600284457207 
vt 0.9289352297782898 0.3451155126094818 
vt 0.9671863317489624 0.24339742958545685 
vt 0.9605075716972351 0.24339742958545685 
vt 0.9671863317489624 0.24072383344173431 
vt 0.9605075716972351 0.24072383344173431 
vt 0.9289352297782898 0.7026479840278625 
vt 0.9289352297782898 0.3599418103694916 
vt 0.9348853826522827 0.7027694582939148 
vt 0.9348853826522827 0.3599418103694916 
vt 0.9558930993080139 0.24072383344173431 
vt 0.9493358135223389 0.24072383344173431 
vt 0.9558930993080139 0.24339742958545685 
vt 0.9493358135223389 0.24339742958545685 
vt 0.7818810939788818 0.0022878600284457207 
vt 0.7937813997268677 0.0022878600284457207 
vt 0.7818810939788818 0.6807730793952942 
vt 0.7937813997268677 0.6807730793952942 
vt 0.7654877305030823 0.0022878600284457207 
vt 0.7772666811943054 0.0022878600284457207 
vt 0.7654877305030823 0.6807730793952942 
vt 0.7772666811943054 0.6807730793952942 
vt 0.8861911296844482 0.0024093869142234325 
vt 0.8861911296844482 0.46883001923561096 
vt 0.878055214881897 0.0022878600284457207 
vt 0.878055214881897 0.46870848536491394 
vt 0.0024090621154755354 0.87788987159729 
vt 0.46882936358451843 0.87788987159729 
vt 0.0022876299917697906 0.886032223701477 
vt 0.46870794892311096 0.886032223701477 
vt 0.878055214881897 0.4744202494621277 
vt 0.878055214881897 0.4849931001663208 
vt 0.8830339312553406 0.4744202494621277 
vt 0.8830339312553406 0.4849931001663208 
vt 0.9368283152580261 0.4665209949016571 
vt 0.9377997517585754 0.4665209949016571 
vt 0.9368283152580261 0.5207220315933228 
vt 0.9377997517585754 0.5207220315933228 
vt 0.23980861902236938 0.9518998265266418 
vt 0.23980861902236938 0.9466741681098938 
vt 0.3539547026157379 0.9518998265266418 
vt 0.3539547026157379 0.9466741681098938 
vt 0.7608733177185059 0.2545779049396515 
vt 0.0022876299917697906 0.2545779049396515 
vt 0.7608733177185059 0.0022878600284457207 
vt 0.0022876299917697906 0.0022878600284457207 
f 1/1/1 2/2/2 3/3/3 
f 2/2/2 4/4/4 3/3/3 
f 3/3/3 4/4/4 4/4/4 
f 4/4/4 5/5/5 4/4/4 
f 4/4/4 5/5/5 5/5/5 
f 5/5/5 6/6/6 5/5/5 
f 5/5/5 6/6/6 7/7/7 
f 6/6/6 8/8/8 7/7/7 
f 7/7/7 8/8/8 8/8/8 
f 8/8/8 9/9/9 8/8/8 
f 8/8/8 9/9/9 9/9/9 
f 9/9/9 10/10/10 9/9/9 
f 9/9/9 10/10/10 11/11/11 
f 10/10/10 12/12/12 11/11/11 
f 11/11/11 12/12/12 12/12/12 
f 12/12/12 13/13/13 12/12/12 
f 12/12/12 13/13/13 13/13/13 
f 13/13/13 14/14/14 13/13/13 
f 13/13/13 14/14/14 15/15/15 
f 14/14/14 16/16/16 15/15/15 
f 15/15/15 16/16/16 16/16/16 
f 16/16/16 17/17/17 16/16/16 
f 16/16/16 17/17/17 17/17/17 
f 17/17/17 18/18/18 17/17/17 
f 17/17/17 18/18/18 19/19/19 
f 18/18/18 20/20/20 19/19/19 
f 19/19/19 20/20/20 20/20/20 
f 20/20/20 21/21/21 20/20/20 
f 20/20/20 21/21/21 21/21/21 
f 21/21/21 22/22/22 21/21/21 
f 21/21/21 22/22/22 23/23/23 
f 22/22/22 24/24/24 23/23/23 
f 23/23/23 24/24/24 24/24/24 
f 24/24/24 25/25/25 24/24/24 
f 24/24/24 25/25/25 25/25/25 
f 25/25/25 26/26/26 25/25/25 
f 25/25/25 26/26/26 27/27/27 
f 26/26/26 28/28/28 27/27/27 
f 27/27/27 28/28/28 28/28/28 
f 28/28/28 29/29/29 28/28/28 
f 28/28/28 29/29/29 29/29/29 
f 29/29/29 30/30/30 29/29/29 
f 29/29/29 30/30/30 31/31/31 
f 30/30/30 32/32/32 31/31/31 
f 31/31/31 32/32/32 32/32/32 
f 32/32/32 33/33/33 32/32/32 
f 32/32/32 33/33/33 33/33/33 
f 33/33/33 34/34/34 33/33/33 
f 33/33/33 34/34/34 35/35/35 
f 34/34/34 36/36/36 35/35/35 
f 35/35/35 36/36/36 36/36/36 
f 36/36/36 37/37/37 36/36/36 
f 36/36/36 37/37/37 37/37/37 
f 37/37/37 38/38/38 37/37/37 
f 37/37/37 38/38/38 39/39/39 
f 38/38/38 40/40/40 39/39/39 
f 39/39/39 40/40/40 40/40/40 
f 40/40/40 41/41/41 40/40/40 
f 40/40/40 41/41/41 41/41/41 
f 41/41/41 42/42/42 41/41/41 
f 41/41/41 42/42/42 43/43/43 
f 42/42/42 44/44/44 43/43/43 
f 43/43/43 44/44/44 44/44/44 
f 44/44/44 45/45/45 44/44/44 
f 44/44/44 45/45/45 45/45/45 
f 45/45/45 46/46/46 45/45/45 
f 45/45/45 46/46/46 47/47/47 
f 46/46/46 48/48/48 47/47/47 
f 47/47/47 48/48/48 48/48/48 
f 48/48/48 49/49/49 48/48/48 
f 48/48/48 49/49/49 49/49/49 
f 49/49/49 50/50/50 49/49/49 
f 49/49/49 50/50/50 51/51/51 
f 50/50/50 52/52/52 51/51/51 
f 51/51/51 52/52/52 52/52/52 
f 52/52/52 53/53/53 52/52/52 
f 52/52/52 53/53/53 53/53/53 
f 53/53/53 54/54/54 53/53/53 
f 53/53/53 54/54/54 55/55/55 
f 54/54/54 56/56/56 55/55/55 
f 55/55/55 56/56/56 56/56/56 
f 56/56/56 57/57/57 56/56/56 
f 56/56/56 57/57/57 57/57/57 
f 57/57/57 58/58/58 57/57/57 
f 57/57/57 58/58/58 59/59/59 
f 58/58/58 60/60/60 59/59/59 
f 59/59/59 60/60/60 60/60/60 
f 60/60/60 61/61/61 60/60/60 
f 60/60/60 61/61/61 61/61/61 
f 61/61/61 62/62/62 61/61/61 
f 61/61/61 62/62/62 63/63/63 
f 62/62/62 64/64/64 63/63/63 
f 63/63/63 64/64/64 64/64/64 
f 64/64/64 65/65/65 64/64/64 
f 64/64/64 65/65/65 65/65/65 
f 65/65/65 66/66/66 65/65/65 
f 65/65/65 66/66/66 67/67/67 
f 66/66/66 68/68/68 67/67/67 
f 67/67/67 68/68/68 68/68/68 
f 68/68/68 69/69/69 68/68/68 
f 68/68/68 69/69/69 69/69/69 
f 69/69/69 70/70/70 69/69/69 
f 69/69/69 70/70/70 71/71/71 
f 70/70/70 72/72/72 71/71/71 
f 71/71/71 72/72/72 72/72/72 
f 72/72/72 73/73/73 72/72/72 
f 72/72/72 73/73/73 73/73/73 
f 73/73/73 74/74/74 73/73/73 
f 73/73/73 74/74/74 75/75/75 
f 74/74/74 76/76/76 75/75/75 
f 75/75/75 76/76/76 76/76/76 
f 76/76/76 77/77/77 76/76/76 
f 76/76/76 77/77/77 77/77/77 
f 77/77/77 78/78/78 77/77/77 
f 77/77/77 78/78/78 79/79/79 
f 78/78/78 80/80/80 79/79/79 
f 79/79/79 80/80/80 80/80/80 
f 80/80/80 81/81/81 80/80/80 
f 80/80/80 81/81/81 81/81/81 
f 81/81/81 82/82/82 81/81/81 
f 81/81/81 82/82/82 83/83/83 
f 82/82/82 84/84/84 83/83/83 
f 83/83/83 84/84/84 84/84/84 
f 84/84/84 85/85/85 84/84/84 
f 84/84/84 85/85/85 85/85/85 
f 85/85/85 86/86/86 85/85/85 
f 85/85/85 86/86/86 87/87/87 
f 86/86/86 88/88/88 87/87/87 
f 87/87/87 88/88/88 88/88/88 
f 88/88/88 89/89/89 88/88/88 
f 88/88/88 89/89/89 89/89/89 
f 89/89/89 90/90/90 89/89/89 
f 89/89/89 90/90/90 91/91/91 
f 90/90/90 92/92/92 91/91/91 
f 91/91/91 92/92/92 92/92/92 
f 92/92/92 93/93/93 92/92/92 
f 92/92/92 93/93/93 93/93/93 
f 93/93/93 94/94/94 93/93/93 
f 93/93/93 94/94/94 95/95/95 
f 94/94/94 96/96/96 95/95/95 
f 95/95/95 96/96/96 96/96/96 
f 96/96/96 97/97/97 96/96/96 
f 96/96/96 97/97/97 97/97/97 
f 97/97/97 98/98/98 97/97/97 
f 97/97/97 98/98/98 99/99/99 
f 98/98/98 100/100/100 99/99/99 
f 99/99/99 100/100/100 100/100/100 
f 100/100/100 101/101/101 100/100/100 
f 100/100/100 101/101/101 101/101/101 
f 101/101/101 102/102/102 101/101/101 
f 101/101/101 102/102/102 103/103/103 
f 102/102/102 104/104/104 103/103/103 
f 103/103/103 104/104/104 104/104/104 
f 104/104/104 105/105/105 104/104/104 
f 104/104/104 105/105/105 105/105/105 
f 105/105/105 106/106/106 105/105/105 
f 105/105/105 106/106/106 107/107/107 
f 106/106/106 108/108/108 107/107/107 
f 107/107/107 108/108/108 108/108/108 
f 108/108/108 109/109/109 108/108/108 
f 108/108/108 109/109/109 109/109/109 
f 109/109/109 110/110/110 109/109/109 
f 109/109/109 110/110/110 111/111/111 
f 110/110/110 112/112/112 111/111/111 
f 111/111/111 112/112/112 112/112/112 
f 112/112/112 113/113/113 112/112/112 
f 112/112/112 113/113/113 113/113/113 
f 113/113/113 114/114/114 113/113/113 
f 113/113/113 114/114/114 115/115/115 
f 114/114/114 116/116/116 115/115/115 
f 115/115/115 116/116/116 116/116/116 
f 116/116/116 117/117/117 116/116/116 
f 116/116/116 117/117/117 117/117/117 
f 117/117/117 118/118/118 117/117/117 
f 117/117/117 118/118/118 119/119/119 
f 118/118/118 120/120/120 119/119/119 
f 119/119/119 120/120/120 120/120/120 
f 120/120/120 121/121/121 120/120/120 
f 120/120/120 121/121/121 121/121/121 
f 121/121/121 122/122/122 121/121/121 
f 121/121/121 122/122/122 123/123/123 
f 122/122/122 124/124/124 123/123/123 
f 123/123/123 124/124/124 124/124/124 
f 124/124/124 125/125/125 124/124/124 
f 124/124/124 125/125/125 125/125/125 
f 125/125/125 126/126/126 125/125/125 
f 125/125/125 126/126/126 127/127/127 
f 126/126/126 128/128/128 127/127/127 
f 127/127/127 128/128/128 128/128/128 
f 128/128/128 129/129/129 128/128/128 
f 128/128/128 129/129/129 129/129/129 
f 129/129/129 130/130/130 129/129/129 
f 129/129/129 130/130/130 131/131/131 
f 130/130/130 132/132/132 131/131/131 
f 131/131/131 132/132/132 132/132/132 
f 132/132/132 133/133/133 132/132/132 
f 132/132/132 133/133/133 133/133/133 
f 133/133/133 134/134/134 133/133/133 
f 133/133/133 134/134/134 135/135/135 
f 134/134/134 136/136/136 135/135/135 
f 135/135/135 136/136/136 136/136/136 
f 136/136/136 137/137/137 136/136/136 
f 136/136/136 137/137/137 137/137/137 
f 137/137/137 138/138/138 137/137/137 
f 137/137/137 138/138/138 139/139/139 
f 138/138/138 140/140/140 139/139/139 
f 139/139/139 140/140/140 140/140/140 
f 140/140/140 141/141/141 140/140/140 
f 140/140/140 141/141/141 141/141/141 
f 141/141/141 142/142/142 141/141/141 
f 141/141/141 142/142/142 143/143/143 
f 142/142/142 144/144/144 143/143/143 
f 143/143/143 144/144/144 144/144/144 
f 144/144/144 145/145/145 144/144/144 
f 144/144/144 145/145/145 145/145/145 
f 145/145/145 146/146/146 145/145/145 
f 145/145/145 146/146/146 147/147/147 
f 146/146/146 148/148/148 147/147/147 
f 147/147/147 148/148/148 148/148/148 
f 148/148/148 149/149/149 148/148/148 
f 148/148/148 149/149/149 149/149/149 
f 149/149/149 150/150/150 149/149/149 
f 149/149/149 150/150/150 151/151/151 
f 150/150/150 152/152/152 151/151/151 
f 151/151/151 152/152/152 152/152/152 
f 152/152/152 153/153/153 152/152/152 
f 152/152/152 153/153/153 153/153/153 
f 153/153/153 154/154/154 153/153/153 
f 153/153/153 154/154/154 155/155/155 
f 154/154/154 156/156/156 155/155/155 
f 155/155/155 156/156/156 156/156/156 
f 156/156/156 157/157/157 156/156/156 
f 156/156/156 157/157/157 157/157/157 
f 157/157/157 158/158/158 157/157/157 
f 157/157/157 158/158/158 159/159/159 
f 158/158/158 160/160/160 159/159/159 
f 159/159/159 160/160/160 160/160/160 
f 160/160/160 161/161/161 160/160/160 
f 160/160/160 161/161/161 161/161/161 
f 161/161/161 162/162/162 161/161/161 
f 161/161/161 162/162/162 163/163/163 
f 162/162/162 164/164/164 163/163/163 
f 163/163/163 164/164/164 164/164/164 
f 164/164/164 165/165/165 164/164/164 
f 164/164/164 165/165/165 165/165/165 
f 165/165/165 166/166/166 165/165/165 
f 165/165/165 166/166/166 167/167/167 
f 166/166/166 168/168/168 167/167/167 
f 167/167/167 168/168/168 168/168/168 
f 168/168/168 169/169/169 168/168/168 
f 168/168/168 169/169/169 169/169/169 
f 169/169/169 170/170/170 169/169/169 
f 169/169/169 170/170/170 171/171/171 
f 170/170/170 172/172/172 171/171/171 
f 171/171/171 172/172/172 172/172/172 
f 172/172/172 173/173/173 172/172/172 
f 172/172/172 173/173/173 173/173/173 
f 173/173/173 174/174/174 173/173/173 
f 173/173/173 174/174/174 175/175/175 
f 174/174/174 176/176/176 175/175/175 
f 175/175/175 176/176/176 176/176/176 
f 176/176/176 177/177/177 176/176/176 
f 176/176/176 177/177/177 177/177/177 
f 177/177/177 178/178/178 177/177/177 
f 177/177/177 178/178/178 179/179/179 
f 178/178/178 180/180/180 179/179/179 
f 179/179/179 180/180/180 180/180/180 
f 180/180/180 181/181/181 180/180/180 
f 180/180/180 181/181/181 181/181/181 
f 181/181/181 182/182/182 181/181/181 
f 181/181/181 182/182/182 183/183/183 
f 182/182/182 184/184/184 183/183/183 
f 183/183/183 184/184/184 184/184/184 
f 184/184/184 185/185/185 184/184/184 
f 184/184/184 185/185/185 185/185/185 
f 185/185/185 186/186/186 185/185/185 
f 185/185/185 186/186/186 187/187/187 
f 186/186/186 188/188/188 187/187/187 
f 187/187/187 188/188/188 188/188/188 
f 188/188/188 189/189/189 188/188/188 
f 188/188/188 189/189/189 189/189/189 
f 189/189/189 190/190/190 189/189/189 
f 189/189/189 190/190/190 191/191/191 
f 190/190/190 192/192/192 191/191/191 
f 191/191/191 192/192/192 192/192/192 
f 192/192/192 193/193/193 192/192/192 
f 192/192/192 193/193/193 193/193/193 
f 193/193/193 194/194/194 193/193/193 
f 193/193/193 194/194/194 195/195/195 
f 194/194/194 196/196/196 195/195/195 
f 195/195/195 196/196/196 196/196/196 
f 196/196/196 197/197/197 196/196/196 
f 196/196/196 197/197/197 197/197/197 
f 197/197/197 198/198/198 197/197/197 
f 197/197/197 198/198/198 199/199/199 
f 198/198/198 200/200/200 199/199/199 
f 199/199/199 200/200/200 200/200/200 
f 200/200/200 201/201/201 200/200/200 
f 200/200/200 201/201/201 201/201/201 
f 201/201/201 202/202/202 201/201/201 
f 201/201/201 202/202/202 203/203/203 
f 202/202/202 204/204/204 203/203/203 
f 203/203/203 204/204/204 204/204/204 
f 204/204/204 205/205/205 204/204/204 
f 204/204/204 205/205/205 205/205/205 
f 205/205/205 206/206/206 205/205/205 
f 205/205/205 206/206/206 207/207/207 
f 206/206/206 208/208/208 207/207/207 
f 207/207/207 208/208/208 208/208/208 
f 208/208/208 209/209/209 208/208/208 
f 208/208/208 209/209/209 209/209/209 
f 209/209/209 210/210/210 209/209/209 
f 209/209/209 210/210/210 211/211/211 
f 210/210/210 212/212/212 211/211/211 
f 211/211/211 212/212/212 212/212/212 
f 212/212/212 213/213/213 212/212/212 
f 212/212/212 213/213/213 213/213/213 
f 213/213/213 214/214/214 213/213/213 
f 213/213/213 214/214/214 215/215/215 
f 214/214/214 216/216/216 215/215/215 
f 215/215/215 216/216/216 216/216/216 
f 216/216/216 217/217/217 216/216/216 
f 216/216/216 217/217/217 217/217/217 
f 217/217/217 218/218/218 217/217/217 
f 217/217/217 218/218/218 219/219/219 
f 218/218/218 220/220/220 219/219/219 
f 219/219/219 220/220/220 220/220/220 
f 220/220/220 221/221/221 220/220/220 
f 220/220/220 221/221/221 221/221/221 
f 221/221/221 222/222/222 221/221/221 
f 221/221/221 222/222/222 223/223/223 
f 222/222/222 224/224/224 223/223/223 
f 223/223/223 224/224/224 224/224/224 
f 224/224/224 225/225/225 224/224/224 
f 224/224/224 225/225/225 225/225/225 
f 225/225/225 226/226/226 225/225/225 
f 225/225/225 226/226/226 227/227/227 
f 226/226/226 228/228/228 227/227/227 
f 227/227/227 228/228/228 228/228/228 
f 228/228/228 229/229/229 228/228/228 
f 228/228/228 229/229/229 229/229/229 
f 229/229/229 230/230/230 229/229/229 
f 229/229/229 230/230/230 231/231/231 
f 230/230/230 232/232/232 231/231/231 
f 231/231/231 232/232/232 232/232/232 
f 232/232/232 233/233/233 232/232/232 
f 232/232/232 233/233/233 233/233/233 
f 233/233/233 234/234/234 233/233/233 
f 233/233/233 234/234/234 235/235/235 
f 234/234/234 236/236/236 235/235/235 
f 235/235/235 236/236/236 236/236/236 
f 236/236/236 237/237/237 236/236/236 
f 236/236/236 237/237/237 237/237/237 
f 237/237/237 238/238/238 237/237/237 
f 237/237/237 238/238/238 239/239/239 
f 238/238/238 240/240/240 239/239/239 
f 239/239/239 240/240/240 240/240/240 
f 240/240/240 241/241/241 240/240/240 
f 240/240/240 241/241/241 241/241/241 
f 241/241/241 242/242/242 241/241/241 
f 241/241/241 242/242/242 243/243/243 
f 242/242/242 244/244/244 243/243/243 
f 243/243/243 244/244/244 244/244/244 
f 244/244/244 245/245/245 244/244/244 
f 244/244/244 245/245/245 245/245/245 
f 245/245/245 246/246/246 245/245/245 
f 245/245/245 246/246/246 247/247/247 
f 246/246/246 248/248/248 247/247/247 
f 247/247/247 248/248/248 248/248/248 
f 248/248/248 249/249/249 248/248/248 
f 248/248/248 249/249/249 249/249/249 
f 249/249/249 250/250/250 249/249/249 
f 249/249/249 250/250/250 251/251/251 
f 250/250/250 252/252/252 251/251/251 
f 251/251/251 252/252/252 252/252/252 
f 252/252/252 253/253/253 252/252/252 
f 252/252/252 253/253/253 253/253/253 
f 253/253/253 254/254/254 253/253/253 
f 253/253/253 254/254/254 255/255/255 
f 254/254/254 256/256/256 255/255/255 
f 255/255/255 256/256/256 256/256/256 
f 256/256/256 257/257/257 256/256/256 
f 256/256/256 257/257/257 257/257/257 
f 257/257/257 258/258/258 257/257/257 
f 257/257/257 258/258/258 259/259/259 
f 258/258/258 260/260/260 259/259/259 
f 259/259/259 260/260/260 260/260/260 
f 260/260/260 261/261/261 260/260/260 
f 260/260/260 261/261/261 261/261/261 
f 261/261/261 262/262/262 261/261/261 
f 261/261/261 262/262/262 263/263/263 
f 262/262/262 264/264/264 263/263/263 
f 263/263/263 264/264/264 264/264/264 
f 264/264/264 265/265/265 264/264/264 
f 264/264/264 265/265/265 265/265/265 
f 265/265/265 266/266/266 265/265/265 
f 265/265/265 266/266/266 267/267/267 
f 266/266/266 268/268/268 267/267/267 
f 267/267/267 268/268/268 268/268/268 
f 268/268/268 269/269/269 268/268/268 
f 268/268/268 269/269/269 269/269/269 
f 269/269/269 270/270/270 269/269/269 
f 269/269/269 270/270/270 271/271/271 
f 270/270/270 272/272/272 271/271/271 
f 271/271/271 272/272/272 272/272/272 
f 272/272/272 273/273/273 272/272/272 
f 272/272/272 273/273/273 273/273/273 
f 273/273/273 274/274/274 273/273/273 
f 273/273/273 274/274/274 275/275/275 
f 274/274/274 276/276/276 275/275/275 
f 275/275/275 276/276/276 276/276/276 
f 276/276/276 277/277/277 276/276/276 
f 276/276/276 277/277/277 277/277/277 
f 277/277/277 278/278/278 277/277/277 
f 277/277/277 278/278/278 279/279/279 
f 278/278/278 280/280/280 279/279/279 
f 279/279/279 280/280/280 280/280/280 
f 280/280/280 281/281/281 280/280/280 
f 280/280/280 281/281/281 281/281/281 
f 281/281/281 282/282/282 281/281/281 
f 281/281/281 282/282/282 283/283/283 
f 282/282/282 284/284/284 283/283/283 
f 283/283/283 284/284/284 284/284/284 
f 284/284/284 285/285/285 284/284/284 
f 284/284/284 285/285/285 285/285/285 
f 285/285/285 286/286/286 285/285/285 
f 285/285/285 286/286/286 287/287/287 
f 286/286/286 288/288/288 287/287/287 
f 287/287/287 288/288/288 288/288/288 
f 288/288/288 289/289/289 288/288/288 
f 288/288/288 289/289/289 289/289/289 
f 289/289/289 290/290/290 289/289/289 
f 289/289/289 290/290/290 291/291/291 
f 290/290/290 292/292/292 291/291/291 
f 291/291/291 292/292/292 292/292/292 
f 292/292/292 293/293/293 292/292/292 
f 292/292/292 293/293/293 293/293/293 
f 293/293/293 294/294/294 293/293/293 
f 293/293/293 294/294/294 295/295/295 
f 294/294/294 296/296/296 295/295/295 
f 295/295/295 296/296/296 296/296/296 
f 296/296/296 297/297/297 296/296/296 
f 296/296/296 297/297/297 297/297/297 
f 297/297/297 298/298/298 297/297/297 
f 297/297/297 298/298/298 299/299/299 
f 298/298/298 300/300/300 299/299/299 
f 299/299/299 300/300/300 300/300/300 
f 300/300/300 301/301/301 300/300/300 
f 300/300/300 301/301/301 301/301/301 
f 301/301/301 302/302/302 301/301/301 
f 301/301/301 302/302/302 303/303/303 
f 302/302/302 304/304/304 303/303/303 
f 303/303/303 304/304/304 304/304/304 
f 304/304/304 305/305/305 304/304/304 
f 304/304/304 305/305/305 305/305/305 
f 305/305/305 306/306/306 305/305/305 
f 305/305/305 306/306/306 307/307/307 
f 306/306/306 308/308/308 307/307/307 
f 307/307/307 308/308/308 308/308/308 
f 308/308/308 309/309/309 308/308/308 
f 308/308/308 309/309/309 309/309/309 
f 309/309/309 310/310/310 309/309/309 
f 309/309/309 310/310/310 311/311/311 
f 310/310/310 312/312/312 311/311/311 
f 311/311/311 312/312/312 312/312/312 
f 312/312/312 313/313/313 312/312/312 
f 312/312/312 313/313/313 313/313/313 
f 313/313/313 314/314/314 313/313/313 
f 313/313/313 314/314/314 315/315/315 
f 314/314/314 316/316/316 315/315/315 
f 315/315/315 316/316/316 316/316/316 
f 316/316/316 317/317/317 316/316/316 
f 316/316/316 317/317/317 317/317/317 
f 317/317/317 318/318/318 317/317/317 
f 317/317/317 318/318/318 319/319/319 
f 318/318/318 320/320/320 319/319/319 
f 319/319/319 320/320/320 320/320/320 
f 320/320/320 321/321/321 320/320/320 
f 320/320/320 321/321/321 321/321/321 
f 321/321/321 322/322/322 321/321/321 
f 321/321/321 322/322/322 323/323/323 
f 322/322/322 324/324/324 323/323/323 
f 323/323/323 324/324/324 324/324/324 
f 324/324/324 325/325/325 324/324/324 
f 324/324/324 325/325/325 325/325/325 
f 325/325/325 326/326/326 325/325/325 
f 325/325/325 326/326/326 327/327/327 
f 326/326/326 328/328/328 327/327/327 
f 327/327/327 328/328/328 328/328/328 
f 328/328/328 329/329/329 328/328/328 
f 328/328/328 329/329/329 329/329/329 
f 329/329/329 330/330/330 329/329/329 
f 329/329/329 330/330/330 331/331/331 
f 330/330/330 332/332/332 331/331/331 
f 331/331/331 332/332/332 332/332/332 
f 332/332/332 333/333/333 332/332/332 
f 332/332/332 333/333/333 333/333/333 
f 333/333/333 334/334/334 333/333/333 
f 333/333/333 334/334/334 335/335/335 
f 334/334/334 336/336/336 335/335/335 
f 335/335/335 336/336/336 336/336/336 
f 336/336/336 337/337/337 336/336/336 
f 336/336/336 337/337/337 337/337/337 
f 337/337/337 338/338/338 337/337/337 
f 337/337/337 338/338/338 339/339/339 
f 338/338/338 340/340/340 339/339/339 
f 339/339/339 340/340/340 340/340/340 
f 340/340/340 341/341/341 340/340/340 
f 340/340/340 341/341/341 341/341/341 
f 341/341/341 342/342/342 341/341/341 
f 341/341/341 342/342/342 343/343/343 
f 342/342/342 344/344/344 343/343/343 
f 343/343/343 344/344/344 344/344/344 
f 344/344/344 345/345/345 344/344/344 
f 344/344/344 345/345/345 345/345/345 
f 345/345/345 346/346/346 345/345/345 
f 345/345/345 346/346/346 347/347/347 
f 346/346/346 348/348/348 347/347/347 
f 347/347/347 348/348/348 348/348/348 
f 348/348/348 349/349/349 348/348/348 
f 348/348/348 349/349/349 349/349/349 
f 349/349/349 350/350/350 349/349/349 
f 349/349/349 350/350/350 351/351/351 
f 350/350/350 352/352/352 351/351/351 
f 351/351/351 352/352/352 352/352/352 
f 352/352/352 353/353/353 352/352/352 
f 352/352/352 353/353/353 353/353/353 
f 353/353/353 354/354/354 353/353/353 
f 353/353/353 354/354/354 355/355/355 
f 354/354/354 356/356/356 355/355/355 
f 355/355/355 356/356/356 356/356/356 
f 356/356/356 357/357/357 356/356/356 
f 356/356/356 357/357/357 357/357/357 
f 357/357/357 358/358/358 357/357/357 
f 357/357/357 358/358/358 359/359/359 
f 358/358/358 360/360/360 359/359/359 
f 359/359/359 360/360/360 360/360/360 
f 360/360/360 361/361/361 360/360/360 
f 360/360/360 361/361/361 361/361/361 
f 361/361/361 362/362/362 361/361/361 
f 361/361/361 362/362/362 363/363/363 
f 362/362/362 364/364/364 363/363/363 
f 363/363/363 364/364/364 364/364/364 
f 364/364/364 365/365/365 364/364/364 
f 364/364/364 365/365/365 365/365/365 
f 365/365/365 366/366/366 365/365/365 
f 365/365/365 366/366/366 367/367/367 
f 366/366/366 368/368/368 367/367/367 
f 367/367/367 368/368/368 368/368/368 
f 368/368/368 369/369/369 368/368/368 
f 368/368/368 369/369/369 369/369/369 
f 369/369/369 370/370/370 369/369/369 
f 369/369/369 370/370/370 371/371/371 
f 370/370/370 372/372/372 371/371/371 
f 371/371/371 372/372/372 372/372/372 
f 372/372/372 373/373/373 372/372/372 
f 372/372/372 373/373/373 373/373/373 
f 373/373/373 374/374/374 373/373/373 
f 373/373/373 374/374/374 375/375/375 
f 374/374/374 376/376/376 375/375/375 
f 375/375/375 376/376/376 376/376/376 
f 376/376/376 377/377/377 376/376/376 
f 376/376/376 377/377/377 377/377/377 
f 377/377/377 378/378/378 377/377/377 
f 377/377/377 378/378/378 379/379/379 
f 378/378/378 380/380/380 379/379/379 
f 379/379/379 380/380/380 380/380/380 
f 380/380/380 381/381/381 380/380/380 
f 380/380/380 381/381/381 381/381/381 
f 381/381/381 382/382/382 381/381/381 
f 381/381/381 382/382/382 383/383/383 
f 382/382/382 384/384/384 383/383/383 
f 383/383/383 384/384/384 384/384/384 
f 384/384/384 385/385/385 384/384/384 
f 384/384/384 385/385/385 385/385/385 
f 385/385/385 386/386/386 385/385/385 
f 385/385/385 386/386/386 387/387/387 
f 386/386/386 388/388/388 387/387/387 
f 387/387/387 388/388/388 388/388/388 
f 388/388/388 389/389/389 388/388/388 
f 388/388/388 389/389/389 389/389/389 
f 389/389/389 390/390/390 389/389/389 
f 389/389/389 390/390/390 391/391/391 
f 390/390/390 392/392/392 391/391/391 
f 391/391/391 392/392/392 392/392/392 
f 392/392/392 393/393/393 392/392/392 
f 392/392/392 393/393/393 393/393/393 
f 393/393/393 394/394/394 393/393/393 
f 393/393/393 394/394/394 395/395/395 
f 394/394/394 396/396/396 395/395/395 
f 395/395/395 396/396/396 396/396/396 
f 396/396/396 397/397/397 396/396/396 
f 396/396/396 397/397/397 397/397/397 
f 397/397/397 398/398/398 397/397/397 
f 397/397/397 398/398/398 399/399/399 
f 398/398/398 400/400/400 399/399/399 
f 399/399/399 400/400/400 400/400/400 
f 400/400/400 401/401/401 400/400/400 
f 400/400/400 401/401/401 401/401/401 
f 401/401/401 402/402/402 401/401/401 
f 401/401/401 402/402/402 403/403/403 
f 402/402/402 404/404/404 403/403/403 
f 403/403/403 404/404/404 404/404/404 
f 404/404/404 405/405/405 404/404/404 
f 404/404/404 405/405/405 405/405/405 
f 405/405/405 406/406/406 405/405/405 
f 405/405/405 406/406/406 407/407/407 
f 406/406/406 408/408/408 407/407/407 
f 407/407/407 408/408/408 408/408/408 
f 408/408/408 409/409/409 408/408/408 
f 408/408/408 409/409/409 409/409/409 
f 409/409/409 410/410/410 409/409/409 
f 409/409/409 410/410/410 411/411/411 
f 410/410/410 412/412/412 411/411/411 
f 411/411/411 412/412/412 412/412/412 
f 412/412/412 413/413/413 412/412/412 
f 412/412/412 413/413/413 413/413/413 
f 413/413/413 414/414/414 413/413/413 
f 413/413/413 414/414/414 415/415/415 
f 414/414/414 416/416/416 415/415/415 
f 415/415/415 416/416/416 416/416/416 
f 416/416/416 417/417/417 416/416/416 
f 416/416/416 417/417/417 417/417/417 
f 417/417/417 418/418/418 417/417/417 
f 417/417/417 418/418/418 419/419/419 
f 418/418/418 420/420/420 419/419/419 
f 419/419/419 420/420/420 420/420/420 
f 420/420/420 421/421/421 420/420/420 
f 420/420/420 421/421/421 421/421/421 
f 421/421/421 422/422/422 421/421/421 
f 421/421/421 422/422/422 423/423/423 
f 422/422/422 424/424/424 423/423/423 
f 423/423/423 424/424/424 424/424/424 
f 424/424/424 425/425/425 424/424/424 
f 424/424/424 425/425/425 425/425/425 
f 425/425/425 426/426/426 425/425/425 
f 425/425/425 426/426/426 427/427/427 
f 426/426/426 428/428/428 427/427/427 
f 427/427/427 428/428/428 428/428/428 
f 428/428/428 429/429/429 428/428/428 
f 428/428/428 429/429/429 429/429/429 
f 429/429/429 430/430/430 429/429/429 
f 429/429/429 430/430/430 431/431/431 
f 430/430/430 432/432/432 431/431/431 
f 431/431/431 432/432/432 432/432/432 
f 432/432/432 433/433/433 432/432/432 
f 432/432/432 433/433/433 433/433/433 
f 433/433/433 434/434/434 433/433/433 
f 433/433/433 434/434/434 435/435/435 
f 434/434/434 436/436/436 435/435/435 
f 435/435/435 436/436/436 436/436/436 
f 436/436/436 437/437/437 436/436/436 
f 436/436/436 437/437/437 437/437/437 
f 437/437/437 438/438/438 437/437/437 
f 437/437/437 438/438/438 439/439/439 
f 438/438/438 440/440/440 439/439/439 
f 439/439/439 440/440/440 440/440/440 
f 440/440/440 441/441/441 440/440/440 
f 440/440/440 441/441/441 441/441/441 
f 441/441/441 442/442/442 441/441/441 
f 441/441/441 442/442/442 443/443/443 
f 442/442/442 444/444/444 443/443/443 
f 443/443/443 444/444/444 444/444/444 
f 444/444/444 445/445/445 444/444/444 
f 444/444/444 445/445/445 445/445/445 
f 445/445/445 446/446/446 445/445/445 
f 445/445/445 446/446/446 447/447/447 
f 446/446/446 448/448/448 447/447/447 
f 447/447/447 448/448/448 448/448/448 
f 448/448/448 449/449/449 448/448/448 
f 448/448/448 449/449/449 449/449/449 
f 449/449/449 450/450/450 449/449/449 
f 449/449/449 450/450/450 451/451/451 
f 450/450/450 452/452/452 451/451/451 
f 451/451/451 452/452/452 452/452/452 
f 452/452/452 453/453/453 452/452/452 
f 452/452/452 453/453/453 453/453/453 
f 453/453/453 454/454/454 453/453/453 
f 453/453/453 454/454/454 455/455/455 
f 454/454/454 456/456/456 455/455/455 
f 455/455/455 456/456/456 456/456/456 
f 456/456/456 457/457/457 456/456/456 
f 456/456/456 457/457/457 457/457/457 
f 457/457/457 458/458/458 457/457/457 
f 457/457/457 458/458/458 459/459/459 
f 458/458/458 460/460/460 459/459/459 
f 459/459/459 460/460/460 460/460/460 
f 460/460/460 461/461/461 460/460/460 
f 460/460/460 461/461/461 461/461/461 
f 461/461/461 462/462/462 461/461/461 
f 461/461/461 462/462/462 463/463/463 
f 462/462/462 464/464/464 463/463/463 
f 463/463/463 464/464/464 464/464/464 
f 464/464/464 465/465/465 464/464/464 
f 464/464/464 465/465/465 465/465/465 
f 465/465/465 466/466/466 465/465/465 
f 465/465/465 466/466/466 467/467/467 
f 466/466/466 468/468/468 467/467/467 
f 467/467/467 468/468/468 468/468/468 
f 468/468/468 469/469/469 468/468/468 
f 468/468/468 469/469/469 469/469/469 
f 469/469/469 470/470/470 469/469/469 
f 469/469/469 470/470/470 471/471/471 
f 470/470/470 472/472/472 471/471/471 
f 471/471/471 472/472/472 472/472/472 
f 472/472/472 473/473/473 472/472/472 
f 472/472/472 473/473/473 473/473/473 
f 473/473/473 474/474/474 473/473/473 
f 473/473/473 474/474/474 475/475/475 
f 474/474/474 476/476/476 475/475/475 
f 475/475/475 476/476/476 476/476/476 
f 476/476/476 477/477/477 476/476/476 
f 476/476/476 477/477/477 477/477/477 
f 477/477/477 478/478/478 477/477/477 
f 477/477/477 478/478/478 479/479/479 
f 478/478/478 480/480/480 479/479/479 
f 479/479/479 480/480/480 480/480/480 
f 480/480/480 481/481/481 480/480/480 
f 480/480/480 481/481/481 481/481/481 
f 481/481/481 482/482/482 481/481/481 
f 481/481/481 482/482/482 483/483/483 
f 482/482/482 484/484/484 483/483/483 
f 483/483/483 484/484/484 484/484/484 
f 484/484/484 485/485/485 484/484/484 
f 484/484/484 485/485/485 485/485/485 
f 485/485/485 486/486/486 485/485/485 
f 485/485/485 486/486/486 487/487/487 
f 486/486/486 488/488/488 487/487/487 
f 487/487/487 488/488/488 488/488/488 
f 488/488/488 489/489/489 488/488/488 
f 488/488/488 489/489/489 489/489/489 
f 489/489/489 490/490/490 489/489/489 
f 489/489/489 490/490/490 491/491/491 
f 490/490/490 492/492/492 491/491/491 
f 491/491/491 492/492/492 492/492/492 
f 492/492/492 493/493/493 492/492/492 
f 492/492/492 493/493/493 493/493/493 
f 493/493/493 494/494/494 493/493/493 
f 493/493/493 494/494/494 495/495/495 
f 494/494/494 496/496/496 495/495/495 
f 495/495/495 496/496/496 496/496/496 
f 496/496/496 497/497/497 496/496/496 
f 496/496/496 497/497/497 497/497/497 
f 497/497/497 498/498/498 497/497/497 
f 497/497/497 498/498/498 499/499/499 
f 498/498/498 500/500/500 499/499/499 
f 499/499/499 500/500/500 500/500/500 
f 500/500/500 501/501/501 500/500/500 
f 500/500/500 501/501/501 501/501/501 
f 501/501/501 502/502/502 501/501/501 
f 501/501/501 502/502/502 503/503/503 
f 502/502/502 504/504/504 503/503/503 
f 503/503/503 504/504/504 504/504/504 
f 504/504/504 505/505/505 504/504/504 
f 504/504/504 505/505/505 505/505/505 
f 505/505/505 506/506/506 505/505/505 
f 505/505/505 506/506/506 507/507/507 
f 506/506/506 508/508/508 507/507/507 
f 507/507/507 508/508/508 508/508/508 
f 508/508/508 509/509/509 508/508/508 
f 508/508/508 509/509/509 509/509/509 
f 509/509/509 510/510/510 509/509/509 
f 509/509/509 510/510/510 511/511/511 
f 510/510/510 512/512/512 511/511/511 
f 511/511/511 512/512/512 512/512/512 
f 512/512/512 513/513/513 512/512/512 
f 512/512/512 513/513/513 513/513/513 
f 513/513/513 514/514/514 513/513/513 
f 513/513/513 514/514/514 515/515/515 
f 514/514/514 516/516/516 515/515/515 
f 515/515/515 516/516/516 516/516/516 
f 516/516/516 517/517/517 516/516/516 
f 516/516/516 517/517/517 517/517/517 
f 517/517/517 518/518/518 517/517/517 
f 517/517/517 518/518/518 519/519/519 
f 518/518/518 520/520/520 519/519/519 
f 519/519/519 520/520/520 520/520/520 
f 520/520/520 521/521/521 520/520/520 
f 520/520/520 521/521/521 521/521/521 
f 521/521/521 522/522/522 521/521/521 
f 521/521/521 522/522/522 523/523/523 
f 522/522/522 524/524/524 523/523/523 
f 523/523/523 524/524/524 524/524/524 
f 524/524/524 525/525/525 524/524/524 
f 524/524/524 525/525/525 525/525/525 
f 525/525/525 526/526/526 525/525/525 
f 525/525/525 526/526/526 527/527/527 
f 526/526/526 528/528/528 527/527/527 
f 527/527/527 528/528/528 528/528/528 
f 528/528/528 529/529/529 528/528/528 
f 528/528/528 529/529/529 529/529/529 
f 529/529/529 530/530/530 529/529/529 
f 529/529/529 530/530/530 531/531/531 
f 530/530/530 532/532/532 531/531/531 
f 531/531/531 532/532/532 532/532/532 
f 532/532/532 533/533/533 532/532/532 
f 532/532/532 533/533/533 533/533/533 
f 533/533/533 534/534/534 533/533/533 
f 533/533/533 534/534/534 535/535/535 
f 534/534/534 536/536/536 535/535/535 
f 535/535/535 536/536/536 536/536/536 
f 536/536/536 537/537/537 536/536/536 
f 536/536/536 537/537/537 537/537/537 
f 537/537/537 538/538/538 537/537/537 
f 537/537/537 538/538/538 539/539/539 
f 538/538/538 540/540/540 539/539/539 
f 539/539/539 540/540/540 540/540/540 
f 540/540/540 541/541/541 540/540/540 
f 540/540/540 541/541/541 541/541/541 
f 541/541/541 542/542/542 541/541/541 
f 541/541/541 542/542/542 543/543/543 
f 542/542/542 544/544/544 543/543/543 
f 543/543/543 544/544/544 544/544/544 
f 544/544/544 545/545/545 544/544/544 
f 544/544/544 545/545/545 545/545/545 
f 545/545/545 546/546/546 545/545/545 
f 545/545/545 546/546/546 547/547/547 
f 546/546/546 548/548/548 547/547/547 
f 547/547/547 548/548/548 548/548/548 
f 548/548/548 549/549/549 548/548/548 
f 548/548/548 549/549/549 549/549/549 
f 549/549/549 550/550/550 549/549/549 
f 549/549/549 550/550/550 551/551/551 
f 550/550/550 552/552/552 551/551/551 
f 551/551/551 552/552/552 552/552/552 
f 552/552/552 553/553/553 552/552/552 
f 552/552/552 553/553/553 553/553/553 
f 553/553/553 554/554/554 553/553/553 
f 553/553/553 554/554/554 555/555/555 
f 554/554/554 556/556/556 555/555/555 
f 555/555/555 556/556/556 556/556/556 
f 556/556/556 557/557/557 556/556/556 
f 556/556/556 557/557/557 557/557/557 
f 557/557/557 558/558/558 557/557/557 
f 557/557/557 558/558/558 559/559/559 
f 558/558/558 560/560/560 559/559/559 
f 559/559/559 560/560/560 560/560/560 
f 560/560/560 561/561/561 560/560/560 
f 560/560/560 561/561/561 561/561/561 
f 561/561/561 562/562/562 561/561/561 
f 561/561/561 562/562/562 563/563/563 
f 562/562/562 564/564/564 563/563/563 
f 563/563/563 564/564/564 564/564/564 
f 564/564/564 565/565/565 564/564/564 
f 564/564/564 565/565/565 565/565/565 
f 565/565/565 566/566/566 565/565/565 
f 565/565/565 566/566/566 567/567/567 
f 566/566/566 568/568/568 567/567/567 
f 567/567/567 568/568/568 568/568/568 
f 568/568/568 569/569/569 568/568/568 
f 568/568/568 569/569/569 569/569/569 
f 569/569/569 570/570/570 569/569/569 
f 569/569/569 570/570/570 571/571/571 
f 570/570/570 572/572/572 571/571/571 
f 571/571/571 572/572/572 572/572/572 
f 572/572/572 573/573/573 572/572/572 
f 572/572/572 573/573/573 573/573/573 
f 573/573/573 574/574/574 573/573/573 
f 573/573/573 574/574/574 575/575/575 
f 574/574/574 576/576/576 575/575/575 
f 575/575/575 576/576/576 576/576/576 
f 576/576/576 577/577/577 576/576/576 
f 576/576/576 577/577/577 577/577/577 
f 577/577/577 578/578/578 577/577/577 
f 577/577/577 578/578/578 579/579/579 
f 578/578/578 580/580/580 579/579/579 
f 579/579/579 580/580/580 580/580/580 
f 580/580/580 581/581/581 580/580/580 
f 580/580/580 581/581/581 581/581/581 
f 581/581/581 582/582/582 581/581/581 
f 581/581/581 582/582/582 583/583/583 
f 582/582/582 584/584/584 583/583/583 
f 583/583/583 584/584/584 584/584/584 
f 584/584/584 585/585/585 584/584/584 
f 584/584/584 585/585/585 585/585/585 
f 585/585/585 586/586/586 585/585/585 
f 585/585/585 586/586/586 587/587/587 
f 586/586/586 588/588/588 587/587/587 
f 587/587/587 588/588/588 588/588/588 
f 588/588/588 589/589/589 588/588/588 
f 588/588/588 589/589/589 589/589/589 
f 589/589/589 590/590/590 589/589/589 
f 589/589/589 590/590/590 591/591/591 
f 590/590/590 592/592/592 591/591/591 
f 591/591/591 592/592/592 592/592/592 
f 592/592/592 593/593/593 592/592/592 
f 592/592/592 593/593/593 593/593/593 
f 593/593/593 594/594/594 593/593/593 
f 593/593/593 594/594/594 595/595/595 
f 594/594/594 596/596/596 595/595/595 
f 595/595/595 596/596/596 596/596/596 
f 596/596/596 597/597/597 596/596/596 
f 596/596/596 597/597/597 597/597/597 
f 597/597/597 598/598/598 597/597/597 
f 597/597/597 598/598/598 599/599/599 
f 598/598/598 600/600/600 599/599/599 
f 599/599/599 600/600/600 600/600/600 
f 600/600/600 601/601/601 600/600/600 
f 600/600/600 601/601/601 601/601/601 
f 601/601/601 602/602/602 601/601/601 
f 601/601/601 602/602/602 603/603/603 
f 602/602/602 604/604/604 603/603/603 
f 603/603/603 604/604/604 604/604/604 
f 604/604/604 605/605/605 604/604/604 
f 604/604/604 605/605/605 605/605/605 
f 605/605/605 606/606/606 605/605/605 
f 605/605/605 606/606/606 607/607/607 
f 606/606/606 608/608/608 607/607/607 
f 607/607/607 608/608/608 608/608/608 
f 608/608/608 609/609/609 608/608/608 
f 608/608/608 609/609/609 609/609/609 
f 609/609/609 610/610/610 609/609/609 
f 609/609/609 610/610/610 611/611/611 
f 610/610/610 612/612/612 611/611/611 
f 611/611/611 612/612/612 612/612/612 
f 612/612/612 613/613/613 612/612/612 
f 612/612/612 613/613/613 613/613/613 
f 613/613/613 614/614/614 613/613/613 
f 613/613/613 614/614/614 615/615/615 
f 614/614/614 616/616/616 615/615/615 
f 615/615/615 616/616/616 616/616/616 
f 616/616/616 617/617/617 616/616/616 
f 616/616/616 617/617/617 617/617/617 
f 617/617/617 618/618/618 617/617/617 
f 617/617/617 618/618/618 619/619/619 
f 618/618/618 620/620/620 619/619/619 
f 619/619/619 620/620/620 620/620/620 
f 620/620/620 621/621/621 620/620/620 
f 620/620/620 621/621/621 621/621/621 
f 621/621/621 622/622/622 621/621/621 
f 621/621/621 622/622/622 623/623/623 
f 622/622/622 624/624/624 623/623/623 
f 623/623/623 624/624/624 624/624/624 
f 624/624/624 625/625/625 624/624/624 
f 624/624/624 625/625/625 625/625/625 
f 625/625/625 626/626/626 625/625/625 
f 625/625/625 626/626/626 627/627/627 
f 626/626/626 628/628/628 627/627/627 
f 627/627/627 628/628/628 628/628/628 
f 628/628/628 629/629/629 628/628/628 
f 628/628/628 629/629/629 629/629/629 
f 629/629/629 630/630/630 629/629/629 
f 629/629/629 630/630/630 631/631/631 
f 630/630/630 632/632/632 631/631/631 
f 631/631/631 632/632/632 632/632/632 
f 632/632/632 633/633/633 632/632/632 
f 632/632/632 633/633/633 633/633/633 
f 633/633/633 634/634/634 633/633/633 
f 633/633/633 634/634/634 635/635/635 
f 634/634/634 636/636/636 635/635/635 
f 635/635/635 636/636/636 636/636/636 
f 636/636/636 637/637/637 636/636/636 
f 636/636/636 637/637/637 637/637/637 
f 637/637/637 638/638/638 637/637/637 
f 637/637/637 638/638/638 639/639/639 
f 638/638/638 640/640/640 639/639/639 
f 639/639/639 640/640/640 640/640/640 
f 640/640/640 641/641/641 640/640/640 
f 640/640/640 641/641/641 641/641/641 
f 641/641/641 642/642/642 641/641/641 
f 641/641/641 642/642/642 643/643/643 
f 642/642/642 644/644/644 643/643/643 
f 643/643/643 644/644/644 644/644/644 
f 644/644/644 645/645/645 644/644/644 
f 644/644/644 645/645/645 645/645/645 
f 645/645/645 646/646/646 645/645/645 
f 645/645/645 646/646/646 647/647/647 
f 646/646/646 648/648/648 647/647/647 
f 647/647/647 648/648/648 648/648/648 
f 648/648/648 649/649/649 648/648/648 
f 648/648/648 649/649/649 649/649/649 
f 649/649/649 650/650/650 649/649/649 
f 649/649/649 650/650/650 651/651/651 
f 650/650/650 652/652/652 651/651/651 
f 651/651/651 652/652/652 652/652/652 
f 652/652/652 653/653/653 652/652/652 
f 652/652/652 653/653/653 653/653/653 
f 653/653/653 654/654/654 653/653/653 
f 653/653/653 654/654/654 655/655/655 
f 654/654/654 656/656/656 655/655/655 
f 655/655/655 656/656/656 656/656/656 
f 656/656/656 657/657/657 656/656/656 
f 656/656/656 657/657/657 657/657/657 
f 657/657/657 658/658/658 657/657/657 
f 657/657/657 658/658/658 659/659/659 
f 658/658/658 660/660/660 659/659/659 
f 659/659/659 660/660/660 660/660/660 
f 660/660/660 661/661/661 660/660/660 
f 660/660/660 661/661/661 661/661/661 
f 661/661/661 662/662/662 661/661/661 
f 661/661/661 662/662/662 663/663/663 
f 662/662/662 664/664/664 663/663/663 
f 663/663/663 664/664/664 664/664/664 
f 664/664/664 665/665/665 664/664/664 
f 664/664/664 665/665/665 665/665/665 
f 665/665/665 666/666/666 665/665/665 
f 665/665/665 666/666/666 667/667/667 
f 666/666/666 668/668/668 667/667/667 
f 667/667/667 668/668/668 668/668/668 
f 668/668/668 669/669/669 668/668/668 
f 668/668/668 669/669/669 669/669/669 
f 669/669/669 670/670/670 669/669/669 
f 669/669/669 670/670/670 671/671/671 
f 670/670/670 672/672/672 671/671/671 
f 671/671/671 672/672/672 672/672/672 
f 672/672/672 673/673/673 672/672/672 
f 672/672/672 673/673/673 673/673/673 
f 673/673/673 674/674/674 673/673/673 
f 673/673/673 674/674/674 675/675/675 
f 674/674/674 676/676/676 675/675/675 
f 675/675/675 676/676/676 676/676/676 
f 676/676/676 677/677/677 676/676/676 
f 676/676/676 677/677/677 677/677/677 
f 677/677/677 678/678/678 677/677/677 
f 677/677/677 678/678/678 679/679/679 
f 678/678/678 680/680/680 679/679/679 
f 679/679/679 680/680/680 680/680/680 
f 680/680/680 681/681/681 680/680/680 
f 680/680/680 681/681/681 681/681/681 
f 681/681/681 682/682/682 681/681/681 
f 681/681/681 682/682/682 683/683/683 
f 682/682/682 684/684/684 683/683/683 
