o weapons
v -4.1601 -1.9019 6.6845
v -4.1601 -1.7841 6.6845
v -3.4209 -1.9019 5.5903
v -3.4209 -1.7841 5.5903
v -4.0979 -1.6882 6.7220
v -3.3657 -1.6882 5.6278
v -4.0081 -1.6518 6.7895
v -3.2689 -1.6518 5.6877
v -3.9114 -1.6882 6.8494
v -3.1791 -1.6882 5.7477
v -3.8561 -1.7841 6.8869
v -3.1169 -1.7841 5.7927
v -3.8561 -1.9019 6.8869
v -3.1169 -1.9019 5.7927
v -3.9114 -1.9977 6.8494
v -3.1791 -1.9977 5.7477
v -4.0081 -2.0341 6.7895
v -3.2689 -2.0341 5.6877
v -4.0979 -1.9977 6.7220
v -3.3657 -1.9977 5.6278
v -4.1601 -1.9019 6.6845
v -3.4209 -1.9019 5.5903
v -3.4209 -1.9019 5.5903
v -3.3449 -1.8724 5.6353
v -3.3657 -1.9977 5.6278
v -3.3173 -1.9194 5.6577
v -3.2689 -2.0341 5.6877
v -3.2689 -1.9376 5.6877
v -3.1791 -1.9977 5.7477
v -3.2206 -1.9194 5.7177
v -3.1169 -1.9019 5.7927
v -3.1929 -1.8724 5.7402
v -3.1169 -1.7841 5.7927
v -3.1929 -1.8135 5.7402
v -3.1791 -1.6882 5.7477
v -3.2206 -1.7659 5.7177
v -3.2689 -1.6518 5.6877
v -3.2689 -1.7477 5.6877
v -3.3657 -1.6882 5.6278
v -3.3173 -1.7659 5.6577
v -3.4209 -1.7841 5.5903
v -3.3449 -1.8135 5.6353
v -3.4209 -1.9019 5.5903
v -3.3449 -1.8724 5.6353
v -3.4900 -1.8373 3.7091
v -1.9632 -1.8373 4.7284
v -3.4693 -1.7383 3.6791
v -1.9494 -1.7383 4.6984
v -3.4209 -1.6769 3.6116
v -1.9011 -1.6769 4.6309
v -3.3657 -1.6769 3.5217
v -1.8458 -1.6769 4.5485
v -3.3173 -1.7383 3.4542
v -1.7974 -1.7383 4.4736
v -3.2966 -1.8373 3.4243
v -1.7767 -1.8373 4.4511
v -3.3173 -1.9357 3.4542
v -1.7974 -1.9357 4.4736
v -3.3657 -1.9971 3.5217
v -1.8458 -1.9971 4.5485
v -3.4209 -1.9971 3.6116
v -1.9011 -1.9971 4.6309
v -3.4693 -1.9357 3.6791
v -1.9494 -1.9357 4.6984
v -3.4900 -1.8373 3.7091
v -1.9632 -1.8373 4.7284
v -4.9131 -1.6349 -6.4315
v -3.3242 -1.6349 -7.4958
v -4.9477 -1.4570 -6.4765
v -3.3518 -1.4570 -7.5408
v -5.0306 -1.3467 -6.6039
v -3.4416 -1.3467 -7.6682
v -5.1342 -1.3467 -6.7613
v -3.5453 -1.3467 -7.8256
v -5.2171 -1.4570 -6.8812
v -3.6282 -1.4570 -7.9530
v -5.2516 -1.6349 -6.9337
v -3.6627 -1.6349 -7.9980
v -5.2171 -1.8129 -6.8812
v -3.6282 -1.8129 -7.9530
v -5.1342 -1.9232 -6.7613
v -3.5453 -1.9232 -7.8256
v -5.0306 -1.9232 -6.6039
v -3.4416 -1.9232 -7.6682
v -4.9477 -1.8129 -6.4765
v -3.3518 -1.8129 -7.5408
v -4.9131 -1.6349 -6.4315
v -3.3242 -1.6349 -7.4958
v -3.0064 -1.2903 3.6116
v -3.0479 -1.2696 3.5742
v -3.1100 -1.2621 3.7615
v -3.1515 -1.2402 3.7316
v -3.2068 -1.2903 3.9039
v -3.2551 -1.2696 3.8815
v -3.2966 -1.3717 4.0388
v -3.3449 -1.3542 4.0239
v -3.3657 -1.4989 4.1438
v -3.4209 -1.4864 4.1288
v -3.4140 -1.6594 4.2112
v -3.4693 -1.6525 4.2037
v -3.4278 -1.8373 4.2337
v -3.4831 -1.8373 4.2262
v -3.4140 -2.0147 4.2112
v -3.4693 -2.0216 4.2037
v -3.3657 -2.1751 4.1438
v -3.4209 -2.1876 4.1288
v -3.2966 -2.3023 4.0388
v -3.3449 -2.3198 4.0239
v -3.2068 -2.3837 3.9039
v -3.2551 -2.4044 3.8815
v -3.1100 -2.4119 3.7615
v -3.1515 -2.4339 3.7316
v -3.0064 -2.3837 3.6116
v -3.0479 -2.4044 3.5742
v -2.9166 -2.3023 3.4767
v -2.9581 -2.3198 3.4393
v -2.8475 -2.1751 3.3718
v -2.8821 -2.1876 3.3268
v -2.8061 -2.0147 3.3043
v -2.8337 -2.0216 3.2594
v -2.7853 -1.8373 3.2819
v -2.8199 -1.8373 3.2369
v -2.8061 -1.6594 3.3043
v -2.8337 -1.6525 3.2594
v -2.8475 -1.4989 3.3718
v -2.8821 -1.4864 3.3268
v -2.9166 -1.3717 3.4767
v -2.9581 -1.3542 3.4393
v -3.0064 -1.2903 3.6116
v -3.0479 -1.2696 3.5742
v -3.3311 -1.2402 3.6116
v -3.4347 -1.2696 3.7615
v -3.5245 -1.3542 3.9039
v -3.6005 -1.4864 4.0089
v -3.6489 -1.6525 4.0838
v -3.6627 -1.8373 4.1063
v -3.6489 -2.0216 4.0838
v -3.6005 -2.1876 4.0089
v -3.5245 -2.3198 3.9039
v -3.4347 -2.4044 3.7615
v -3.3311 -2.4339 3.6116
v -3.2275 -2.4044 3.4542
v -3.1377 -2.3198 3.3193
v -3.0617 -2.1876 3.2069
v -3.0133 -2.0216 3.1395
v -2.9995 -1.8373 3.1170
v -3.0133 -1.6525 3.1395
v -3.0617 -1.4864 3.2069
v -3.1377 -1.3542 3.3193
v -3.2275 -1.2696 3.4542
v -3.3726 -1.2621 3.5817
v -3.4693 -1.2903 3.7316
v -3.5591 -1.3717 3.8590
v -3.6351 -1.4989 3.9639
v -3.6765 -1.6594 4.0314
v -3.6903 -1.8373 4.0613
v -3.6765 -2.0147 4.0314
v -3.6351 -2.1751 3.9639
v -3.5591 -2.3023 3.8590
v -3.4693 -2.3837 3.7316
v -3.3726 -2.4119 3.5817
v -3.2758 -2.3837 3.4318
v -3.1860 -2.3023 3.2969
v -3.1100 -2.1751 3.1919
v -3.0686 -2.0147 3.1245
v -3.0548 -1.8373 3.1020
v -3.0686 -1.6594 3.1245
v -3.1100 -1.4989 3.1919
v -3.1860 -1.3717 3.2969
v -3.2758 -1.2903 3.4318
v -3.2758 -1.2903 3.4318
v -3.2275 -1.2696 3.4542
v 8.1990 -1.8906 -0.5630
v 8.1990 -1.7953 -0.5630
v 5.6291 -1.8906 -0.5405
v 5.6291 -1.7953 -0.5405
v 8.1990 -1.7183 -0.6230
v 5.6291 -1.7183 -0.6005
v 8.1990 -1.6888 -0.7129
v 5.6291 -1.6888 -0.6904
v 8.1990 -1.7183 -0.8029
v 5.6291 -1.7183 -0.7804
v 8.1990 -1.7953 -0.8553
v 5.6291 -1.7953 -0.8328
v 8.1990 -1.8906 -0.8553
v 5.6291 -1.8906 -0.8328
v 8.1990 -1.9677 -0.8029
v 5.6291 -1.9677 -0.7804
v 8.1990 -1.9971 -0.7129
v 5.6291 -1.9971 -0.6904
v 8.1990 -1.9677 -0.6230
v 5.6291 -1.9677 -0.6005
v 8.1990 -1.8906 -0.5630
v 5.6291 -1.8906 -0.5405
v -2.4883 -1.5629 -4.8126
v -2.5021 -1.5629 -4.8051
v -2.5366 -1.5767 -4.8801
v -2.5436 -1.5767 -4.8726
v -2.5781 -1.6155 -4.9475
v -2.5919 -1.6155 -4.9400
v -2.6126 -1.6757 -4.9925
v -2.6195 -1.6757 -4.9925
v -2.6334 -1.7521 -5.0300
v -2.6472 -1.7521 -5.0225
v -2.6403 -1.8373 -5.0375
v -2.6541 -1.8373 -5.0300
v -2.6334 -1.9219 -5.0300
v -2.6472 -1.9219 -5.0225
v -2.6126 -1.9984 -4.9925
v -2.6195 -1.9984 -4.9925
v -2.5781 -2.0585 -4.9475
v -2.5919 -2.0585 -4.9400
v -2.5366 -2.0974 -4.8801
v -2.5436 -2.0974 -4.8726
v -2.4883 -2.1112 -4.8126
v -2.5021 -2.1112 -4.8051
v -2.4399 -2.0974 -4.7377
v -2.4537 -2.0974 -4.7377
v -2.3985 -2.0585 -4.6777
v -2.4123 -2.0585 -4.6702
v -2.3639 -1.9984 -4.6253
v -2.3778 -1.9984 -4.6178
v -2.3432 -1.9219 -4.5953
v -2.3570 -1.9219 -4.5878
v -2.3363 -1.8373 -4.5803
v -2.3501 -1.8373 -4.5803
v -2.3432 -1.7521 -4.5953
v -2.3570 -1.7521 -4.5878
v -2.3639 -1.6757 -4.6253
v -2.3778 -1.6757 -4.6178
v -2.3985 -1.6155 -4.6777
v -2.4123 -1.6155 -4.6702
v -2.4399 -1.5767 -4.7377
v -2.4537 -1.5767 -4.7377
v -2.4883 -1.5629 -4.8126
v -2.5021 -1.5629 -4.8051
v 5.6153 -1.5629 0.5612
v 5.6153 -1.5629 0.5762
v 5.5324 -1.5767 0.5612
v 5.5324 -1.5767 0.5762
v 5.4564 -1.6155 0.5612
v 5.4564 -1.6155 0.5762
v 5.3942 -1.6757 0.5612
v 5.3942 -1.6757 0.5762
v 5.3527 -1.7521 0.5612
v 5.3527 -1.7521 0.5762
v 5.3389 -1.8373 0.5612
v 5.3389 -1.8373 0.5762
v 5.3527 -1.9219 0.5612
v 5.3527 -1.9219 0.5762
v 5.3942 -1.9984 0.5612
v 5.3942 -1.9984 0.5762
v 5.4564 -2.0585 0.5612
v 5.4564 -2.0585 0.5762
v 5.5324 -2.0974 0.5612
v 5.5324 -2.0974 0.5762
v 5.6153 -2.1112 0.5612
v 5.6153 -2.1112 0.5762
v 5.6982 -2.0974 0.5612
v 5.6982 -2.0974 0.5762
v 5.7742 -2.0585 0.5612
v 5.7742 -2.0585 0.5762
v 5.8363 -1.9984 0.5612
v 5.8363 -1.9984 0.5762
v 5.8778 -1.9219 0.5612
v 5.8778 -1.9219 0.5762
v 5.8916 -1.8373 0.5612
v 5.8916 -1.8373 0.5762
v 5.8778 -1.7521 0.5612
v 5.8778 -1.7521 0.5762
v 5.8363 -1.6757 0.5612
v 5.8363 -1.6757 0.5762
v 5.7742 -1.6155 0.5612
v 5.7742 -1.6155 0.5762
v 5.6982 -1.5767 0.5612
v 5.6982 -1.5767 0.5762
v 5.6153 -1.5629 0.5612
v 5.6153 -1.5629 0.5762
v -4.4710 -1.9019 6.4747
v -3.7318 -1.9019 5.3804
v -4.4710 -1.7841 6.4747
v -3.7318 -1.7841 5.3804
v -4.5263 -1.6882 6.4372
v -3.7871 -1.6882 5.3430
v -4.6161 -1.6518 6.3773
v -3.8838 -1.6518 5.2755
v -4.7128 -1.6882 6.3098
v -3.9736 -1.6882 5.2155
v -4.7681 -1.7841 6.2723
v -4.0358 -1.7841 5.1781
v -4.7681 -1.9019 6.2723
v -4.0358 -1.9019 5.1781
v -4.7128 -1.9977 6.3098
v -3.9736 -1.9977 5.2155
v -4.6161 -2.0341 6.3773
v -3.8838 -2.0341 5.2755
v -4.5263 -1.9977 6.4372
v -3.7871 -1.9977 5.3430
v -4.4710 -1.9019 6.4747
v -3.7318 -1.9019 5.3804
v 5.6153 -1.5629 0.2539
v 5.6153 -1.5629 0.2614
v 5.5324 -1.5767 0.2539
v 5.5324 -1.5767 0.2614
v 5.4564 -1.6155 0.2539
v 5.4564 -1.6155 0.2614
v 5.3942 -1.6757 0.2539
v 5.3942 -1.6757 0.2614
v 5.3527 -1.7521 0.2539
v 5.3527 -1.7521 0.2614
v 5.3389 -1.8373 0.2539
v 5.3389 -1.8373 0.2614
v 5.3527 -1.9219 0.2539
v 5.3527 -1.9219 0.2614
v 5.3942 -1.9984 0.2539
v 5.3942 -1.9984 0.2614
v 5.4564 -2.0585 0.2539
v 5.4564 -2.0585 0.2614
v 5.5324 -2.0974 0.2539
v 5.5324 -2.0974 0.2614
v 5.6153 -2.1112 0.2539
v 5.6153 -2.1112 0.2614
v 5.6982 -2.0974 0.2539
v 5.6982 -2.0974 0.2614
v 5.7742 -2.0585 0.2539
v 5.7742 -2.0585 0.2614
v 5.8363 -1.9984 0.2539
v 5.8363 -1.9984 0.2614
v 5.8778 -1.9219 0.2539
v 5.8778 -1.9219 0.2614
v 5.8916 -1.8373 0.2539
v 5.8916 -1.8373 0.2614
v 5.8778 -1.7521 0.2539
v 5.8778 -1.7521 0.2614
v 5.8363 -1.6757 0.2539
v 5.8363 -1.6757 0.2614
v 5.7742 -1.6155 0.2539
v 5.7742 -1.6155 0.2614
v 5.6982 -1.5767 0.2539
v 5.6982 -1.5767 0.2614
v 5.6153 -1.5629 0.2539
v 5.6153 -1.5629 0.2614
v 5.7811 -1.8373 0.5987
v 5.7811 -1.8373 -1.2376
v 5.7534 -1.7383 0.5987
v 5.7534 -1.7383 -1.2376
v 5.6636 -1.6769 0.5987
v 5.6636 -1.6769 -1.2376
v 5.5600 -1.6769 0.5987
v 5.5600 -1.6769 -1.2376
v 5.4771 -1.7383 0.5987
v 5.4771 -1.7383 -1.2376
v 5.4495 -1.8373 0.5987
v 5.4495 -1.8373 -1.2376
v 5.4771 -1.9357 0.5987
v 5.4771 -1.9357 -1.2376
v 5.5600 -1.9971 0.5987
v 5.5600 -1.9971 -1.2376
v 5.6636 -1.9971 0.5987
v 5.6636 -1.9971 -1.2376
v 5.7534 -1.9357 0.5987
v 5.7534 -1.9357 -1.2376
v 5.7811 -1.8373 0.5987
v 5.7811 -1.8373 -1.2376
v -3.8078 -1.8724 5.3280
v -3.8078 -1.8135 5.3280
v -3.7318 -1.9019 5.3804
v -3.7318 -1.7841 5.3804
v -3.8354 -1.7659 5.3055
v -3.7871 -1.6882 5.3430
v -3.8838 -1.7477 5.2755
v -3.8838 -1.6518 5.2755
v -3.9252 -1.7659 5.2455
v -3.9736 -1.6882 5.2155
v -3.9598 -1.8135 5.2230
v -4.0358 -1.7841 5.1781
v -3.9598 -1.8724 5.2230
v -4.0358 -1.9019 5.1781
v -3.9252 -1.9194 5.2455
v -3.9736 -1.9977 5.2155
v -3.8838 -1.9376 5.2755
v -3.8838 -2.0341 5.2755
v -3.8354 -1.9194 5.3055
v -3.7871 -1.9977 5.3430
v -3.8078 -1.8724 5.3280
v -3.7318 -1.9019 5.3804
v -4.1463 -1.9019 -7.3309
v -3.4071 -1.9019 -6.2292
v -4.1463 -1.7841 -7.3309
v -3.4071 -1.7841 -6.2292
v -4.0910 -1.6882 -7.3684
v -3.3518 -1.6882 -6.2666
v -3.9943 -1.6518 -7.4358
v -3.2620 -1.6518 -6.3341
v -3.8976 -1.6882 -7.4958
v -3.1653 -1.6882 -6.3941
v -3.8423 -1.7841 -7.5333
v -3.1100 -1.7841 -6.4315
v -3.8423 -1.9019 -7.5333
v -3.1100 -1.9019 -6.4315
v -3.8976 -1.9977 -7.4958
v -3.1653 -1.9977 -6.3941
v -3.9943 -2.0341 -7.4358
v -3.2620 -2.0341 -6.3341
v -4.0910 -1.9977 -7.3684
v -3.3518 -1.9977 -6.2666
v -4.1463 -1.9019 -7.3309
v -3.4071 -1.9019 -6.2292
v -2.3916 -1.2903 -4.6627
v -2.4330 -1.2696 -4.6253
v -2.3018 -1.3717 -4.5278
v -2.3432 -1.3542 -4.4903
v -2.2327 -1.4989 -4.4229
v -2.2672 -1.4864 -4.3779
v -2.1912 -1.6594 -4.3554
v -2.2189 -1.6525 -4.3105
v -2.1705 -1.8373 -4.3330
v -2.2050 -1.8373 -4.2880
v -2.1912 -2.0147 -4.3554
v -2.2189 -2.0216 -4.3105
v -2.2327 -2.1751 -4.4229
v -2.2672 -2.1876 -4.3779
v -2.3018 -2.3023 -4.5278
v -2.3432 -2.3198 -4.4903
v -2.3916 -2.3837 -4.6627
v -2.4330 -2.4044 -4.6253
v -2.4952 -2.4119 -4.8126
v -2.5366 -2.4339 -4.7826
v -2.5919 -2.3837 -4.9550
v -2.6403 -2.4044 -4.9325
v -2.6817 -2.3023 -5.0899
v -2.7301 -2.3198 -5.0749
v -2.7508 -2.1751 -5.1949
v -2.8061 -2.1876 -5.1799
v -2.7992 -2.0147 -5.2623
v -2.8475 -2.0216 -5.2548
v -2.8130 -1.8373 -5.2848
v -2.8682 -1.8373 -5.2773
v -2.7992 -1.6594 -5.2623
v -2.8475 -1.6525 -5.2548
v -2.7508 -1.4989 -5.1949
v -2.8061 -1.4864 -5.1799
v -2.6817 -1.3717 -5.0899
v -2.7301 -1.3542 -5.0749
v -2.5919 -1.2903 -4.9550
v -2.6403 -1.2696 -4.9325
v -2.4952 -1.2621 -4.8126
v -2.5366 -1.2402 -4.7826
v -2.3916 -1.2903 -4.6627
v -2.4330 -1.2696 -4.6253
v -2.5159 -1.3542 -4.3704
v -2.4468 -1.4864 -4.2580
v -2.3985 -1.6525 -4.1906
v -2.3847 -1.8373 -4.1681
v -2.3985 -2.0216 -4.1906
v -2.4468 -2.1876 -4.2580
v -2.5159 -2.3198 -4.3704
v -2.6126 -2.4044 -4.5053
v -2.7163 -2.4339 -4.6627
v -2.8199 -2.4044 -4.8126
v -2.9097 -2.3198 -4.9550
v -2.9857 -2.1876 -5.0600
v -3.0271 -2.0216 -5.1349
v -3.0479 -1.8373 -5.1574
v -3.0271 -1.6525 -5.1349
v -2.9857 -1.4864 -5.0600
v -2.9097 -1.3542 -4.9550
v -2.8199 -1.2696 -4.8126
v -2.7163 -1.2402 -4.6627
v -2.6126 -1.2696 -4.5053
v -2.5712 -1.3717 -4.3479
v -2.4952 -1.4989 -4.2430
v -2.4537 -1.6594 -4.1756
v -2.4399 -1.8373 -4.1531
v -2.4537 -2.0147 -4.1756
v -2.4952 -2.1751 -4.2430
v -2.5712 -2.3023 -4.3479
v -2.6610 -2.3837 -4.4829
v -2.7577 -2.4119 -4.6327
v -2.8544 -2.3837 -4.7826
v -2.9442 -2.3023 -4.9101
v -3.0133 -2.1751 -5.0225
v -3.0617 -2.0147 -5.0899
v -3.0755 -1.8373 -5.1124
v -3.0617 -1.6594 -5.0899
v -3.0133 -1.4989 -5.0225
v -2.9442 -1.3717 -4.9101
v -2.8544 -1.2903 -4.7826
v -2.7577 -1.2621 -4.6327
v -2.6610 -1.2903 -4.4829
v -2.6610 -1.2903 -4.4829
v -2.6126 -1.2696 -4.5053
v -3.3311 -1.8724 -6.2816
v -3.3311 -1.8135 -6.2816
v -3.4071 -1.9019 -6.2292
v -3.4071 -1.7841 -6.2292
v -3.3035 -1.7659 -6.3041
v -3.3518 -1.6882 -6.2666
v -3.2620 -1.7477 -6.3341
v -3.2620 -1.6518 -6.3341
v -3.2137 -1.7659 -6.3641
v -3.1653 -1.6882 -6.3941
v -3.1860 -1.8135 -6.3866
v -3.1100 -1.7841 -6.4315
v -3.1860 -1.8724 -6.3866
v -3.1100 -1.9019 -6.4315
v -3.2137 -1.9194 -6.3641
v -3.1653 -1.9977 -6.3941
v -3.2620 -1.9376 -6.3341
v -3.2620 -2.0341 -6.3341
v -3.3035 -1.9194 -6.3041
v -3.3518 -1.9977 -6.2666
v -3.3311 -1.8724 -6.2816
v -3.4071 -1.9019 -6.2292
v -1.8942 -1.5629 -5.2099
v -1.8803 -1.5629 -5.2174
v -1.8458 -1.5767 -5.1424
v -1.8320 -1.5767 -5.1499
v -1.8044 -1.6155 -5.0749
v -1.7905 -1.6155 -5.0824
v -1.7698 -1.6757 -5.0300
v -1.7560 -1.6757 -5.0375
v -1.7491 -1.7521 -4.9925
v -1.7353 -1.7521 -5.0000
v -1.7353 -1.8373 -4.9850
v -1.7284 -1.8373 -4.9925
v -1.7491 -1.9219 -4.9925
v -1.7353 -1.9219 -5.0000
v -1.7698 -1.9984 -5.0300
v -1.7560 -1.9984 -5.0375
v -1.8044 -2.0585 -5.0749
v -1.7905 -2.0585 -5.0824
v -1.8458 -2.0974 -5.1424
v -1.8320 -2.0974 -5.1499
v -1.8942 -2.1112 -5.2099
v -1.8803 -2.1112 -5.2174
v -1.9356 -2.0974 -5.2848
v -1.9287 -2.0974 -5.2923
v -1.9771 -2.0585 -5.3448
v -1.9702 -2.0585 -5.3523
v -2.0116 -1.9984 -5.3972
v -2.0047 -1.9984 -5.4047
v -2.0323 -1.9219 -5.4272
v -2.0254 -1.9219 -5.4347
v -2.0461 -1.8373 -5.4422
v -2.0323 -1.8373 -5.4497
v -2.0323 -1.7521 -5.4272
v -2.0254 -1.7521 -5.4347
v -2.0116 -1.6757 -5.3972
v -2.0047 -1.6757 -5.4047
v -1.9771 -1.6155 -5.3448
v -1.9702 -1.6155 -5.3523
v -1.9356 -1.5767 -5.2848
v -1.9287 -1.5767 -5.2923
v -1.8942 -1.5629 -5.2099
v -1.8803 -1.5629 -5.2174
v -2.1498 -1.5629 -5.0375
v -2.1429 -1.5629 -5.0450
v -2.1014 -1.5767 -4.9700
v -2.0945 -1.5767 -4.9775
v -2.0600 -1.6155 -4.9026
v -2.0531 -1.6155 -4.9101
v -2.0254 -1.6757 -4.8576
v -2.0185 -1.6757 -4.8576
v -2.0047 -1.7521 -4.8201
v -1.9978 -1.7521 -4.8276
v -1.9978 -1.8373 -4.8126
v -1.9909 -1.8373 -4.8201
v -2.0047 -1.9219 -4.8201
v -1.9978 -1.9219 -4.8276
v -2.0254 -1.9984 -4.8576
v -2.0185 -1.9984 -4.8576
v -2.0600 -2.0585 -4.9026
v -2.0531 -2.0585 -4.9101
v -2.1014 -2.0974 -4.9700
v -2.0945 -2.0974 -4.9775
v -2.1498 -2.1112 -5.0375
v -2.1429 -2.1112 -5.0450
v -2.1981 -2.0974 -5.1049
v -2.1912 -2.0974 -5.1124
v -2.2396 -2.0585 -5.1724
v -2.2327 -2.0585 -5.1799
v -2.2741 -1.9984 -5.2248
v -2.2672 -1.9984 -5.2323
v -2.2949 -1.9219 -5.2548
v -2.2879 -1.9219 -5.2623
v -2.3018 -1.8373 -5.2623
v -2.2949 -1.8373 -5.2698
v -2.2949 -1.7521 -5.2548
v -2.2879 -1.7521 -5.2623
v -2.2741 -1.6757 -5.2248
v -2.2672 -1.6757 -5.2323
v -2.2396 -1.6155 -5.1724
v -2.2327 -1.6155 -5.1799
v -2.1981 -1.5767 -5.1049
v -2.1912 -1.5767 -5.1124
v -2.1498 -1.5629 -5.0375
v -2.1429 -1.5629 -5.0450
v 8.8898 -1.7452 0.6362
v 8.8898 -1.7452 -1.2750
v 8.8346 -1.5673 0.6362
v 8.8346 -1.5673 -1.2750
v 8.6826 -1.4576 0.6362
v 8.6826 -1.4576 -1.2750
v 8.4961 -1.4576 0.6362
v 8.4961 -1.4576 -1.2750
v 8.3441 -1.5673 0.6362
v 8.3441 -1.5673 -1.2750
v 8.2819 -1.7452 0.6362
v 8.2819 -1.7452 -1.2750
v 8.3441 -1.9238 0.6362
v 8.3441 -1.9238 -1.2750
v 8.4961 -2.0335 0.6362
v 8.4961 -2.0335 -1.2750
v 8.6826 -2.0335 0.6362
v 8.6826 -2.0335 -1.2750
v 8.8346 -1.9238 0.6362
v 8.8346 -1.9238 -1.2750
v 8.8898 -1.7452 0.6362
v 8.8898 -1.7452 -1.2750
v 5.6153 -1.5629 -0.4806
v 5.6153 -1.5629 -0.4731
v 5.5324 -1.5767 -0.4806
v 5.5324 -1.5767 -0.4731
v 5.4564 -1.6155 -0.4806
v 5.4564 -1.6155 -0.4731
v 5.3942 -1.6757 -0.4806
v 5.3942 -1.6757 -0.4731
v 5.3527 -1.7521 -0.4806
v 5.3527 -1.7521 -0.4731
v 5.3389 -1.8373 -0.4806
v 5.3389 -1.8373 -0.4731
v 5.3527 -1.9219 -0.4806
v 5.3527 -1.9219 -0.4731
v 5.3942 -1.9984 -0.4806
v 5.3942 -1.9984 -0.4731
v 5.4564 -2.0585 -0.4806
v 5.4564 -2.0585 -0.4731
v 5.5324 -2.0974 -0.4806
v 5.5324 -2.0974 -0.4731
v 5.6153 -2.1112 -0.4806
v 5.6153 -2.1112 -0.4731
v 5.6982 -2.0974 -0.4806
v 5.6982 -2.0974 -0.4731
v 5.7742 -2.0585 -0.4806
v 5.7742 -2.0585 -0.4731
v 5.8363 -1.9984 -0.4806
v 5.8363 -1.9984 -0.4731
v 5.8778 -1.9219 -0.4806
v 5.8778 -1.9219 -0.4731
v 5.8916 -1.8373 -0.4806
v 5.8916 -1.8373 -0.4731
v 5.8778 -1.7521 -0.4806
v 5.8778 -1.7521 -0.4731
v 5.8363 -1.6757 -0.4806
v 5.8363 -1.6757 -0.4731
v 5.7742 -1.6155 -0.4806
v 5.7742 -1.6155 -0.4731
v 5.6982 -1.5767 -0.4806
v 5.6982 -1.5767 -0.4731
v 5.6153 -1.5629 -0.4806
v 5.6153 -1.5629 -0.4731
v -3.8769 -1.8906 -6.9936
v -2.4468 -1.8906 -4.8576
v -3.8769 -1.7953 -6.9936
v -2.4468 -1.7953 -4.8576
v -3.8285 -1.7183 -7.0236
v -2.3985 -1.7183 -4.8876
v -3.7594 -1.6888 -7.0761
v -2.3225 -1.6888 -4.9325
v -3.6834 -1.7183 -7.1286
v -2.2465 -1.7183 -4.9850
v -3.6351 -1.7953 -7.1585
v -2.2050 -1.7953 -5.0150
v -3.6351 -1.8906 -7.1585
v -2.2050 -1.8906 -5.0150
v -3.6834 -1.9677 -7.1286
v -2.2465 -1.9677 -4.9850
v -3.7594 -1.9971 -7.0761
v -2.3225 -1.9971 -4.9325
v -3.8285 -1.9677 -7.0236
v -2.3985 -1.9677 -4.8876
v -3.8769 -1.8906 -6.9936
v -2.4468 -1.8906 -4.8576
v 5.6153 -1.5629 -0.1583
v 5.6153 -1.5629 -0.1658
v 5.6982 -1.5767 -0.1583
v 5.6982 -1.5767 -0.1658
v 5.7742 -1.6155 -0.1583
v 5.7742 -1.6155 -0.1658
v 5.8363 -1.6757 -0.1583
v 5.8363 -1.6757 -0.1658
v 5.8778 -1.7521 -0.1583
v 5.8778 -1.7521 -0.1658
v 5.8916 -1.8373 -0.1583
v 5.8916 -1.8373 -0.1658
v 5.8778 -1.9219 -0.1583
v 5.8778 -1.9219 -0.1658
v 5.8363 -1.9984 -0.1583
v 5.8363 -1.9984 -0.1658
v 5.7742 -2.0585 -0.1583
v 5.7742 -2.0585 -0.1658
v 5.6982 -2.0974 -0.1583
v 5.6982 -2.0974 -0.1658
v 5.6153 -2.1112 -0.1583
v 5.6153 -2.1112 -0.1658
v 5.5324 -2.0974 -0.1583
v 5.5324 -2.0974 -0.1658
v 5.4564 -2.0585 -0.1583
v 5.4564 -2.0585 -0.1658
v 5.3942 -1.9984 -0.1583
v 5.3942 -1.9984 -0.1658
v 5.3527 -1.9219 -0.1583
v 5.3527 -1.9219 -0.1658
v 5.3389 -1.8373 -0.1583
v 5.3389 -1.8373 -0.1658
v 5.3527 -1.7521 -0.1583
v 5.3527 -1.7521 -0.1658
v 5.3942 -1.6757 -0.1583
v 5.3942 -1.6757 -0.1658
v 5.4564 -1.6155 -0.1583
v 5.4564 -1.6155 -0.1658
v 5.5324 -1.5767 -0.1583
v 5.5324 -1.5767 -0.1658
v 5.6153 -1.5629 -0.1583
v 5.6153 -1.5629 -0.1658
v 5.4356 -1.2903 0.2539
v 5.4287 -1.2696 0.3064
v 5.6153 -1.2621 0.2539
v 5.6153 -1.2402 0.3064
v 5.7949 -1.2903 0.2539
v 5.8018 -1.2696 0.3064
v 5.9538 -1.3717 0.2539
v 5.9676 -1.3542 0.3064
v 6.0781 -1.4989 0.2539
v 6.0989 -1.4864 0.3064
v 6.1610 -1.6594 0.2539
v 6.1818 -1.6525 0.3064
v 6.1887 -1.8373 0.2539
v 6.2094 -1.8373 0.3064
v 6.1610 -2.0147 0.2539
v 6.1818 -2.0216 0.3064
v 6.0781 -2.1751 0.2539
v 6.0989 -2.1876 0.3064
v 5.9538 -2.3023 0.2539
v 5.9676 -2.3198 0.3064
v 5.7949 -2.3837 0.2539
v 5.8018 -2.4044 0.3064
v 5.6153 -2.4119 0.2539
v 5.6153 -2.4339 0.3064
v 5.4356 -2.3837 0.2539
v 5.4287 -2.4044 0.3064
v 5.2768 -2.3023 0.2539
v 5.2629 -2.3198 0.3064
v 5.1524 -2.1751 0.2539
v 5.1317 -2.1876 0.3064
v 5.0695 -2.0147 0.2539
v 5.0488 -2.0216 0.3064
v 5.0419 -1.8373 0.2539
v 5.0211 -1.8373 0.3064
v 5.0695 -1.6594 0.2539
v 5.0488 -1.6525 0.3064
v 5.1524 -1.4989 0.2539
v 5.1317 -1.4864 0.3064
v 5.2768 -1.3717 0.2539
v 5.2629 -1.3542 0.3064
v 5.4356 -1.2903 0.2539
v 5.4287 -1.2696 0.3064
v 5.6153 -1.2402 0.5237
v 5.8018 -1.2696 0.5237
v 5.9676 -1.3542 0.5237
v 6.0989 -1.4864 0.5237
v 6.1818 -1.6525 0.5237
v 6.2094 -1.8373 0.5237
v 6.1818 -2.0216 0.5237
v 6.0989 -2.1876 0.5237
v 5.9676 -2.3198 0.5237
v 5.8018 -2.4044 0.5237
v 5.6153 -2.4339 0.5237
v 5.4287 -2.4044 0.5237
v 5.2629 -2.3198 0.5237
v 5.1317 -2.1876 0.5237
v 5.0488 -2.0216 0.5237
v 5.0211 -1.8373 0.5237
v 5.0488 -1.6525 0.5237
v 5.1317 -1.4864 0.5237
v 5.2629 -1.3542 0.5237
v 5.4287 -1.2696 0.5237
v 5.6153 -1.2621 0.5762
v 5.7949 -1.2903 0.5762
v 5.9538 -1.3717 0.5762
v 6.0781 -1.4989 0.5762
v 6.1610 -1.6594 0.5762
v 6.1887 -1.8373 0.5762
v 6.1610 -2.0147 0.5762
v 6.0781 -2.1751 0.5762
v 5.9538 -2.3023 0.5762
v 5.7949 -2.3837 0.5762
v 5.6153 -2.4119 0.5762
v 5.4356 -2.3837 0.5762
v 5.2768 -2.3023 0.5762
v 5.1524 -2.1751 0.5762
v 5.0695 -2.0147 0.5762
v 5.0419 -1.8373 0.5762
v 5.0695 -1.6594 0.5762
v 5.1524 -1.4989 0.5762
v 5.2768 -1.3717 0.5762
v 5.4356 -1.2903 0.5762
v 5.4356 -1.2903 0.5762
v 5.4287 -1.2696 0.5237
v 7.3078 -1.9019 -0.5031
v 7.3078 -1.8724 -0.6005
v 7.3078 -1.9977 -0.5780
v 7.3078 -1.9194 -0.6305
v 7.3078 -2.0341 -0.6904
v 7.3078 -1.9376 -0.6904
v 7.3078 -1.9977 -0.8029
v 7.3078 -1.9194 -0.7429
v 7.3078 -1.9019 -0.8703
v 7.3078 -1.8724 -0.7804
v 7.3078 -1.7841 -0.8703
v 7.3078 -1.8135 -0.7804
v 7.3078 -1.6882 -0.8029
v 7.3078 -1.7659 -0.7429
v 7.3078 -1.6518 -0.6904
v 7.3078 -1.7477 -0.6904
v 7.3078 -1.6882 -0.5780
v 7.3078 -1.7659 -0.6305
v 7.3078 -1.7841 -0.5031
v 7.3078 -1.8135 -0.6005
v 7.3078 -1.9019 -0.5031
v 7.3078 -1.8724 -0.6005
v -1.7836 -1.2903 -5.0675
v -1.8251 -1.2696 -5.0375
v -1.6938 -1.3717 -4.9325
v -1.7284 -1.3542 -4.8951
v -1.6247 -1.4989 -4.8276
v -1.6593 -1.4864 -4.7901
v -1.5764 -1.6594 -4.7602
v -1.6109 -1.6525 -4.7152
v -1.5626 -1.8373 -4.7377
v -1.5971 -1.8373 -4.6927
v -1.5764 -2.0147 -4.7602
v -1.6109 -2.0216 -4.7152
v -1.6247 -2.1751 -4.8276
v -1.6593 -2.1876 -4.7901
v -1.6938 -2.3023 -4.9325
v -1.7284 -2.3198 -4.8951
v -1.7836 -2.3837 -5.0675
v -1.8251 -2.4044 -5.0375
v -1.8803 -2.4119 -5.2174
v -1.9287 -2.4339 -5.1874
v -1.9840 -2.3837 -5.3672
v -2.0254 -2.4044 -5.3448
v -2.0738 -2.3023 -5.4947
v -2.1221 -2.3198 -5.4797
v -2.1429 -2.1751 -5.6071
v -2.1912 -2.1876 -5.5921
v -2.1843 -2.0147 -5.6745
v -2.2396 -2.0216 -5.6596
v -2.2050 -1.8373 -5.6970
v -2.2603 -1.8373 -5.6820
v -2.1843 -1.6594 -5.6745
v -2.2396 -1.6525 -5.6596
v -2.1429 -1.4989 -5.6071
v -2.1912 -1.4864 -5.5921
v -2.0738 -1.3717 -5.4947
v -2.1221 -1.3542 -5.4797
v -1.9840 -1.2903 -5.3672
v -2.0254 -1.2696 -5.3448
v -1.8803 -1.2621 -5.2174
v -1.9287 -1.2402 -5.1874
v -1.7836 -1.2903 -5.0675
v -1.8251 -1.2696 -5.0375
v -1.9080 -1.3542 -4.7752
v -1.8389 -1.4864 -4.6702
v -1.7905 -1.6525 -4.5953
v -1.7767 -1.8373 -4.5728
v -1.7905 -2.0216 -4.5953
v -1.8389 -2.1876 -4.6702
v -1.9080 -2.3198 -4.7752
v -2.0047 -2.4044 -4.9176
v -2.1083 -2.4339 -5.0675
v -2.2050 -2.4044 -5.2248
v -2.3018 -2.3198 -5.3598
v -2.3708 -2.1876 -5.4722
v -2.4192 -2.0216 -5.5396
v -2.4399 -1.8373 -5.5621
v -2.4192 -1.6525 -5.5396
v -2.3708 -1.4864 -5.4722
v -2.3018 -1.3542 -5.3598
v -2.2050 -1.2696 -5.2248
v -2.1083 -1.2402 -5.0675
v -2.0047 -1.2696 -4.9176
v -1.9632 -1.3717 -4.7602
v -1.8873 -1.4989 -4.6552
v -1.8458 -1.6594 -4.5878
v -1.8320 -1.8373 -4.5653
v -1.8458 -2.0147 -4.5878
v -1.8873 -2.1751 -4.6552
v -1.9632 -2.3023 -4.7602
v -2.0461 -2.3837 -4.8951
v -2.1498 -2.4119 -5.0375
v -2.2465 -2.3837 -5.1874
v -2.3363 -2.3023 -5.3223
v -2.4054 -2.1751 -5.4272
v -2.4537 -2.0147 -5.4947
v -2.4676 -1.8373 -5.5171
v -2.4537 -1.6594 -5.4947
v -2.4054 -1.4989 -5.4272
v -2.3363 -1.3717 -5.3223
v -2.2465 -1.2903 -5.1874
v -2.1498 -1.2621 -5.0375
v -2.0461 -1.2903 -4.8951
v -2.0461 -1.2903 -4.8951
v -2.0047 -1.2696 -4.9176
v -3.3104 -1.7233 6.8419
v -4.8993 -1.7233 5.7702
v -3.3449 -1.5453 6.8869
v -4.9339 -1.5453 5.8226
v -3.4278 -1.4357 7.0143
v -5.0168 -1.4357 5.9500
v -3.5315 -1.4357 7.1717
v -5.1204 -1.4357 6.0999
v -3.6144 -1.5453 7.2991
v -5.2033 -1.5453 6.2274
v -3.6489 -1.7233 7.3441
v -5.2378 -1.7233 6.2798
v -3.6144 -1.9012 7.2991
v -5.2033 -1.9012 6.2274
v -3.5315 -2.0115 7.1717
v -5.1204 -2.0115 6.0999
v -3.4278 -2.0115 7.0143
v -5.0168 -2.0115 5.9500
v -3.3449 -1.9012 6.8869
v -4.9339 -1.9012 5.8226
v -3.3104 -1.7233 6.8419
v -4.8993 -1.7233 5.7702
v 8.6273 -2.4784 -0.3157
v 8.6273 -2.4395 -0.0983
v 8.1990 -2.4784 -0.3157
v 8.1990 -2.4395 -0.0983
v 8.6273 -2.3286 0.0965
v 8.1990 -2.3286 0.0965
v 8.6273 -2.1575 0.2389
v 8.1990 -2.1575 0.2389
v 8.6273 -1.9482 0.3139
v 8.1990 -1.9482 0.3139
v 8.6273 -1.7258 0.3139
v 8.1990 -1.7258 0.3139
v 8.6273 -1.5165 0.2389
v 8.1990 -1.5165 0.2389
v 8.6273 -1.3454 0.0965
v 8.1990 -1.3454 0.0965
v 8.6273 -1.2345 -0.0983
v 8.1990 -1.2345 -0.0983
v 8.6273 -1.1957 -0.3157
v 8.1990 -1.1957 -0.3157
v 8.6273 -1.2345 -0.5405
v 8.1990 -1.2345 -0.5405
v 8.6273 -1.3454 -0.7279
v 8.1990 -1.3454 -0.7279
v 8.6273 -1.5165 -0.8778
v 8.1990 -1.5165 -0.8778
v 8.6273 -1.7258 -0.9528
v 8.1990 -1.7258 -0.9528
v 8.6273 -1.9482 -0.9528
v 8.1990 -1.9482 -0.9528
v 8.6273 -2.1575 -0.8778
v 8.1990 -2.1575 -0.8778
v 8.6273 -2.3286 -0.7279
v 8.1990 -2.3286 -0.7279
v 8.6273 -2.4395 -0.5405
v 8.1990 -2.4395 -0.5405
v 8.6273 -2.4784 -0.3157
v 8.1990 -2.4784 -0.3157
v -2.7577 -1.5629 3.9939
v -2.7646 -1.5629 3.9864
v -2.7094 -1.5767 3.9264
v -2.7163 -1.5767 3.9189
v -2.6679 -1.6155 3.8590
v -2.6748 -1.6155 3.8515
v -2.6334 -1.6757 3.8065
v -2.6403 -1.6757 3.8065
v -2.6126 -1.7521 3.7765
v -2.6195 -1.7521 3.7690
v -2.6057 -1.8373 3.7690
v -2.6126 -1.8373 3.7615
v -2.6126 -1.9219 3.7765
v -2.6195 -1.9219 3.7690
v -2.6334 -1.9984 3.8065
v -2.6403 -1.9984 3.8065
v -2.6679 -2.0585 3.8590
v -2.6748 -2.0585 3.8515
v -2.7094 -2.0974 3.9264
v -2.7163 -2.0974 3.9189
v -2.7577 -2.1112 3.9939
v -2.7646 -2.1112 3.9864
v -2.8061 -2.0974 4.0613
v -2.8130 -2.0974 4.0538
v -2.8475 -2.0585 4.1288
v -2.8544 -2.0585 4.1213
v -2.8821 -1.9984 4.1813
v -2.8890 -1.9984 4.1738
v -2.9028 -1.9219 4.2112
v -2.9097 -1.9219 4.2037
v -2.9097 -1.8373 4.2187
v -2.9166 -1.8373 4.2112
v -2.9028 -1.7521 4.2112
v -2.9097 -1.7521 4.2037
v -2.8821 -1.6757 4.1813
v -2.8890 -1.6757 4.1738
v -2.8475 -1.6155 4.1288
v -2.8544 -1.6155 4.1213
v -2.8061 -1.5767 4.0613
v -2.8130 -1.5767 4.0538
v -2.7577 -1.5629 3.9939
v -2.7646 -1.5629 3.9864
v -2.4952 -1.5629 4.1663
v -2.5090 -1.5629 4.1588
v -2.4537 -1.5767 4.0988
v -2.4607 -1.5767 4.0913
v -2.4054 -1.6155 4.0314
v -2.4192 -1.6155 4.0314
v -2.3708 -1.6757 3.9864
v -2.3847 -1.6757 3.9789
v -2.3501 -1.7521 3.9489
v -2.3639 -1.7521 3.9414
v -2.3432 -1.8373 3.9414
v -2.3570 -1.8373 3.9339
v -2.3501 -1.9219 3.9489
v -2.3639 -1.9219 3.9414
v -2.3708 -1.9984 3.9864
v -2.3847 -1.9984 3.9789
v -2.4054 -2.0585 4.0314
v -2.4192 -2.0585 4.0314
v -2.4537 -2.0974 4.0988
v -2.4607 -2.0974 4.0913
v -2.4952 -2.1112 4.1663
v -2.5090 -2.1112 4.1588
v -2.5436 -2.0974 4.2412
v -2.5574 -2.0974 4.2337
v -2.5850 -2.0585 4.3012
v -2.5988 -2.0585 4.2937
v -2.6195 -1.9984 4.3536
v -2.6334 -1.9984 4.3461
v -2.6403 -1.9219 4.3836
v -2.6541 -1.9219 4.3761
v -2.6472 -1.8373 4.3986
v -2.6610 -1.8373 4.3911
v -2.6403 -1.7521 4.3836
v -2.6541 -1.7521 4.3761
v -2.6195 -1.6757 4.3536
v -2.6334 -1.6757 4.3461
v -2.5850 -1.6155 4.3012
v -2.5988 -1.6155 4.2937
v -2.5436 -1.5767 4.2412
v -2.5574 -1.5767 4.2337
v -2.4952 -1.5629 4.1663
v -2.5090 -1.5629 4.1588
v -4.0703 -2.4784 6.2274
v -3.8907 -2.4395 6.3473
v -4.3121 -2.4784 6.5796
v -4.1256 -2.4395 6.7070
v -3.7318 -2.3286 6.4597
v -3.9667 -2.3286 6.8120
v -3.6074 -2.1575 6.5347
v -3.8492 -2.1575 6.8944
v -3.5453 -1.9482 6.5796
v -3.7871 -1.9482 6.9319
v -3.5453 -1.7258 6.5796
v -3.7871 -1.7258 6.9319
v -3.6074 -1.5165 6.5347
v -3.8492 -1.5165 6.8944
v -3.7318 -1.3454 6.4597
v -3.9667 -1.3454 6.8120
v -3.8907 -1.2345 6.3473
v -4.1256 -1.2345 6.7070
v -4.0703 -1.1957 6.2274
v -4.3121 -1.1957 6.5796
v -4.2568 -1.2345 6.1074
v -4.4917 -1.2345 6.4597
v -4.4157 -1.3454 5.9950
v -4.6506 -1.3454 6.3548
v -4.5332 -1.5165 5.9201
v -4.7681 -1.5165 6.2723
v -4.5953 -1.7258 5.8751
v -4.8371 -1.7258 6.2349
v -4.5953 -1.9482 5.8751
v -4.8371 -1.9482 6.2349
v -4.5332 -2.1575 5.9201
v -4.7681 -2.1575 6.2723
v -4.4157 -2.3286 5.9950
v -4.6506 -2.3286 6.3548
v -4.2568 -2.4395 6.1074
v -4.4917 -2.4395 6.4597
v -4.0703 -2.4784 6.2274
v -4.3121 -2.4784 6.5796
v -4.2568 -1.8906 6.0999
v -2.8199 -1.8906 3.9639
v -4.2568 -1.7953 6.0999
v -2.8199 -1.7953 3.9639
v -4.3052 -1.7183 6.0700
v -2.8682 -1.7183 3.9339
v -4.3812 -1.6888 6.0175
v -2.9442 -1.6888 3.8815
v -4.4572 -1.7183 5.9725
v -3.0202 -1.7183 3.8290
v -4.4986 -1.7953 5.9351
v -3.0686 -1.7953 3.7990
v -4.4986 -1.8906 5.9351
v -3.0686 -1.8906 3.7990
v -4.4572 -1.9677 5.9725
v -3.0202 -1.9677 3.8290
v -4.3812 -1.9971 6.0175
v -2.9442 -1.9971 3.8815
v -4.3052 -1.9677 6.0700
v -2.8682 -1.9677 3.9339
v -4.2568 -1.8906 6.0999
v -2.8199 -1.8906 3.9639
v 8.6273 -1.9019 -0.1358
v 7.3078 -1.9019 -0.1358
v 8.6273 -1.7841 -0.1358
v 7.3078 -1.7841 -0.1358
v 8.6273 -1.6882 -0.0609
v 7.3078 -1.6882 -0.0609
v 8.6273 -1.6518 0.0516
v 7.3078 -1.6518 0.0516
v 8.6273 -1.6882 0.1640
v 7.3078 -1.6882 0.1640
v 8.6273 -1.7841 0.2314
v 7.3078 -1.7841 0.2314
v 8.6273 -1.9019 0.2314
v 7.3078 -1.9019 0.2314
v 8.6273 -1.9977 0.1640
v 7.3078 -1.9977 0.1640
v 8.6273 -2.0341 0.0516
v 7.3078 -2.0341 0.0516
v 8.6273 -1.9977 -0.0609
v 7.3078 -1.9977 -0.0609
v 8.6273 -1.9019 -0.1358
v 7.3078 -1.9019 -0.1358
v -4.0634 -2.4784 -6.8737
v -4.2430 -2.4395 -6.7538
v -4.2983 -2.4784 -7.2260
v -4.4779 -2.4395 -7.1061
v -4.4019 -2.3286 -6.6414
v -4.6437 -2.3286 -7.0011
v -4.5194 -2.1575 -6.5664
v -4.7611 -2.1575 -6.9187
v -4.5884 -1.9482 -6.5215
v -4.8233 -1.9482 -6.8812
v -4.5884 -1.7258 -6.5215
v -4.8233 -1.7258 -6.8812
v -4.5194 -1.5165 -6.5664
v -4.7611 -1.5165 -6.9187
v -4.4019 -1.3454 -6.6414
v -4.6437 -1.3454 -7.0011
v -4.2430 -1.2345 -6.7538
v -4.4779 -1.2345 -7.1061
v -4.0634 -1.1957 -6.8737
v -4.2983 -1.1957 -7.2260
v -3.8769 -1.2345 -6.9936
v -4.1187 -1.2345 -7.3534
v -3.7180 -1.3454 -7.0986
v -3.9529 -1.3454 -7.4583
v -3.6005 -1.5165 -7.1810
v -3.8354 -1.5165 -7.5408
v -3.5384 -1.7258 -7.2260
v -3.7732 -1.7258 -7.5782
v -3.5384 -1.9482 -7.2260
v -3.7732 -1.9482 -7.5782
v -3.6005 -2.1575 -7.1810
v -3.8354 -2.1575 -7.5408
v -3.7180 -2.3286 -7.0986
v -3.9529 -2.3286 -7.4583
v -3.8769 -2.4395 -6.9936
v -4.1187 -2.4395 -7.3534
v -4.0634 -2.4784 -6.8737
v -4.2983 -2.4784 -7.2260
v -3.3587 -1.5629 -4.2280
v -3.3657 -1.5629 -4.2205
v -3.4071 -1.5767 -4.3030
v -3.4140 -1.5767 -4.2955
v -3.4486 -1.6155 -4.3629
v -3.4555 -1.6155 -4.3554
v -3.4831 -1.6757 -4.4154
v -3.4900 -1.6757 -4.4079
v -3.5038 -1.7521 -4.4454
v -3.5107 -1.7521 -4.4379
v -3.5107 -1.8373 -4.4604
v -3.5176 -1.8373 -4.4529
v -3.5038 -1.9219 -4.4454
v -3.5107 -1.9219 -4.4379
v -3.4831 -1.9984 -4.4154
v -3.4900 -1.9984 -4.4079
v -3.4486 -2.0585 -4.3629
v -3.4555 -2.0585 -4.3554
v -3.4071 -2.0974 -4.3030
v -3.4140 -2.0974 -4.2955
v -3.3587 -2.1112 -4.2280
v -3.3657 -2.1112 -4.2205
v -3.3104 -2.0974 -4.1606
v -3.3242 -2.0974 -4.1531
v -3.2689 -2.0585 -4.0931
v -3.2758 -2.0585 -4.0931
v -3.2344 -1.9984 -4.0481
v -3.2482 -1.9984 -4.0407
v -3.2137 -1.9219 -4.0107
v -3.2206 -1.9219 -4.0107
v -3.2068 -1.8373 -4.0032
v -3.2137 -1.8373 -3.9957
v -3.2137 -1.7521 -4.0107
v -3.2206 -1.7521 -4.0107
v -3.2344 -1.6757 -4.0481
v -3.2482 -1.6757 -4.0407
v -3.2689 -1.6155 -4.0931
v -3.2758 -1.6155 -4.0931
v -3.3104 -1.5767 -4.1606
v -3.3242 -1.5767 -4.1531
v -3.3587 -1.5629 -4.2280
v -3.3657 -1.5629 -4.2205
v 7.3078 -1.8724 -0.0384
v 7.3078 -1.8135 -0.0384
v 7.3078 -1.9019 -0.1358
v 7.3078 -1.7841 -0.1358
v 7.3078 -1.7659 -0.0084
v 7.3078 -1.6882 -0.0609
v 7.3078 -1.7477 0.0516
v 7.3078 -1.6518 0.0516
v 7.3078 -1.7659 0.1040
v 7.3078 -1.6882 0.1640
v 7.3078 -1.8135 0.1415
v 7.3078 -1.7841 0.2314
v 7.3078 -1.8724 0.1415
v 7.3078 -1.9019 0.2314
v 7.3078 -1.9194 0.1040
v 7.3078 -1.9977 0.1640
v 7.3078 -1.9376 0.0516
v 7.3078 -2.0341 0.0516
v 7.3078 -1.9194 -0.0084
v 7.3078 -1.9977 -0.0609
v 7.3078 -1.8724 -0.0384
v 7.3078 -1.9019 -0.1358
v -4.3121 -2.4784 6.5796
v -4.3121 -1.9915 6.5796
v -4.4917 -2.4395 6.4597
v -4.3536 -1.9821 6.5571
v -4.6506 -2.3286 6.3548
v -4.3950 -1.9551 6.5272
v -4.7681 -2.1575 6.2723
v -4.4226 -1.9144 6.5122
v -4.8371 -1.9482 6.2349
v -4.4365 -1.8636 6.4972
v -4.8371 -1.7258 6.2349
v -4.4365 -1.8104 6.4972
v -4.7681 -1.5165 6.2723
v -4.4226 -1.7596 6.5122
v -4.6506 -1.3454 6.3548
v -4.3950 -1.7189 6.5272
v -4.4917 -1.2345 6.4597
v -4.3536 -1.6919 6.5571
v -4.3121 -1.1957 6.5796
v -4.3121 -1.6825 6.5796
v -4.1256 -1.2345 6.7070
v -4.2637 -1.6919 6.6096
v -3.9667 -1.3454 6.8120
v -4.2292 -1.7189 6.6396
v -3.8492 -1.5165 6.8944
v -4.2016 -1.7596 6.6546
v -3.7871 -1.7258 6.9319
v -4.1808 -1.8104 6.6696
v -3.7871 -1.9482 6.9319
v -4.1808 -1.8636 6.6696
v -3.8492 -2.1575 6.8944
v -4.2016 -1.9144 6.6546
v -3.9667 -2.3286 6.8120
v -4.2292 -1.9551 6.6396
v -4.1256 -2.4395 6.7070
v -4.2637 -1.9821 6.6096
v -4.3121 -2.4784 6.5796
v -4.3121 -1.9915 6.5796
v 8.6273 -2.4784 -0.3157
v 8.6273 -1.9821 -0.3157
v 8.6273 -2.4395 -0.0983
v 8.6273 -1.9733 -0.2707
v 8.6273 -2.3286 0.0965
v 8.6273 -1.9482 -0.2257
v 8.6273 -2.1575 0.2389
v 8.6273 -1.9094 -0.1958
v 8.6273 -1.9482 0.3139
v 8.6273 -1.8624 -0.1733
v 8.6273 -1.7258 0.3139
v 8.6273 -1.8116 -0.1733
v 8.6273 -1.5165 0.2389
v 8.6273 -1.7646 -0.1958
v 8.6273 -1.3454 0.0965
v 8.6273 -1.7258 -0.2257
v 8.6273 -1.2345 -0.0983
v 8.6273 -1.7007 -0.2707
v 8.6273 -1.1957 -0.3157
v 8.6273 -1.6919 -0.3157
v 8.6273 -1.2345 -0.5405
v 8.6273 -1.7007 -0.3682
v 8.6273 -1.3454 -0.7279
v 8.6273 -1.7258 -0.4131
v 8.6273 -1.5165 -0.8778
v 8.6273 -1.7646 -0.4431
v 8.6273 -1.7258 -0.9528
v 8.6273 -1.8116 -0.4656
v 8.6273 -1.9482 -0.9528
v 8.6273 -1.8624 -0.4656
v 8.6273 -2.1575 -0.8778
v 8.6273 -1.9094 -0.4431
v 8.6273 -2.3286 -0.7279
v 8.6273 -1.9482 -0.4131
v 8.6273 -2.4395 -0.5405
v 8.6273 -1.9733 -0.3682
v 8.6273 -2.4784 -0.3157
v 8.6273 -1.9821 -0.3157
v 5.4356 -1.2903 -0.4806
v 5.4287 -1.2696 -0.4281
v 5.6153 -1.2621 -0.4806
v 5.6153 -1.2402 -0.4281
v 5.7949 -1.2903 -0.4806
v 5.8018 -1.2696 -0.4281
v 5.9538 -1.3717 -0.4806
v 5.9676 -1.3542 -0.4281
v 6.0781 -1.4989 -0.4806
v 6.0989 -1.4864 -0.4281
v 6.1610 -1.6594 -0.4806
v 6.1818 -1.6525 -0.4281
v 6.1887 -1.8373 -0.4806
v 6.2094 -1.8373 -0.4281
v 6.1610 -2.0147 -0.4806
v 6.1818 -2.0216 -0.4281
v 6.0781 -2.1751 -0.4806
v 6.0989 -2.1876 -0.4281
v 5.9538 -2.3023 -0.4806
v 5.9676 -2.3198 -0.4281
v 5.7949 -2.3837 -0.4806
v 5.8018 -2.4044 -0.4281
v 5.6153 -2.4119 -0.4806
v 5.6153 -2.4339 -0.4281
v 5.4356 -2.3837 -0.4806
v 5.4287 -2.4044 -0.4281
v 5.2768 -2.3023 -0.4806
v 5.2629 -2.3198 -0.4281
v 5.1524 -2.1751 -0.4806
v 5.1317 -2.1876 -0.4281
v 5.0695 -2.0147 -0.4806
v 5.0488 -2.0216 -0.4281
v 5.0419 -1.8373 -0.4806
v 5.0211 -1.8373 -0.4281
v 5.0695 -1.6594 -0.4806
v 5.0488 -1.6525 -0.4281
v 5.1524 -1.4989 -0.4806
v 5.1317 -1.4864 -0.4281
v 5.2768 -1.3717 -0.4806
v 5.2629 -1.3542 -0.4281
v 5.4356 -1.2903 -0.4806
v 5.4287 -1.2696 -0.4281
v 5.6153 -1.2402 -0.2108
v 5.8018 -1.2696 -0.2108
v 5.9676 -1.3542 -0.2108
v 6.0989 -1.4864 -0.2108
v 6.1818 -1.6525 -0.2108
v 6.2094 -1.8373 -0.2108
v 6.1818 -2.0216 -0.2108
v 6.0989 -2.1876 -0.2108
v 5.9676 -2.3198 -0.2108
v 5.8018 -2.4044 -0.2108
v 5.6153 -2.4339 -0.2108
v 5.4287 -2.4044 -0.2108
v 5.2629 -2.3198 -0.2108
v 5.1317 -2.1876 -0.2108
v 5.0488 -2.0216 -0.2108
v 5.0211 -1.8373 -0.2108
v 5.0488 -1.6525 -0.2108
v 5.1317 -1.4864 -0.2108
v 5.2629 -1.3542 -0.2108
v 5.4287 -1.2696 -0.2108
v 5.6153 -1.2621 -0.1583
v 5.7949 -1.2903 -0.1583
v 5.9538 -1.3717 -0.1583
v 6.0781 -1.4989 -0.1583
v 6.1610 -1.6594 -0.1583
v 6.1887 -1.8373 -0.1583
v 6.1610 -2.0147 -0.1583
v 6.0781 -2.1751 -0.1583
v 5.9538 -2.3023 -0.1583
v 5.7949 -2.3837 -0.1583
v 5.6153 -2.4119 -0.1583
v 5.4356 -2.3837 -0.1583
v 5.2768 -2.3023 -0.1583
v 5.1524 -2.1751 -0.1583
v 5.0695 -2.0147 -0.1583
v 5.0419 -1.8373 -0.1583
v 5.0695 -1.6594 -0.1583
v 5.1524 -1.4989 -0.1583
v 5.2768 -1.3717 -0.1583
v 5.4356 -1.2903 -0.1583
v 5.4356 -1.2903 -0.1583
v 5.4287 -1.2696 -0.2108
v -4.2983 -2.4784 -7.2260
v -4.2983 -1.9006 -7.2260
v -4.1187 -2.4395 -7.3534
v -4.2776 -1.8969 -7.2410
v -3.9529 -2.3286 -7.4583
v -4.2637 -1.8856 -7.2485
v -3.8354 -2.1575 -7.5408
v -4.2499 -1.8687 -7.2560
v -3.7732 -1.9482 -7.5782
v -4.2499 -1.8480 -7.2635
v -3.7732 -1.7258 -7.5782
v -4.2499 -1.8260 -7.2635
v -3.8354 -1.5165 -7.5408
v -4.2499 -1.8054 -7.2560
v -3.9529 -1.3454 -7.4583
v -4.2637 -1.7884 -7.2485
v -4.1187 -1.2345 -7.3534
v -4.2776 -1.7772 -7.2410
v -4.2983 -1.1957 -7.2260
v -4.2983 -1.7734 -7.2260
v -4.4779 -1.2345 -7.1061
v -4.3190 -1.7772 -7.2185
v -4.6437 -1.3454 -7.0011
v -4.3328 -1.7884 -7.2035
v -4.7611 -1.5165 -6.9187
v -4.3466 -1.8054 -7.1960
v -4.8233 -1.7258 -6.8812
v -4.3536 -1.8260 -7.1960
v -4.8233 -1.9482 -6.8812
v -4.3536 -1.8480 -7.1960
v -4.7611 -2.1575 -6.9187
v -4.3466 -1.8687 -7.1960
v -4.6437 -2.3286 -7.0011
v -4.3328 -1.8856 -7.2035
v -4.4779 -2.4395 -7.1061
v -4.3190 -1.8969 -7.2185
v -4.2983 -2.4784 -7.2260
v -4.2983 -1.9006 -7.2260
v -3.0962 -1.5629 -4.4004
v -3.1100 -1.5629 -4.4004
v -3.1446 -1.5767 -4.4754
v -3.1584 -1.5767 -4.4679
v -3.1860 -1.6155 -4.5353
v -3.1999 -1.6155 -4.5278
v -3.2206 -1.6757 -4.5878
v -3.2344 -1.6757 -4.5803
v -3.2413 -1.7521 -4.6178
v -3.2551 -1.7521 -4.6178
v -3.2482 -1.8373 -4.6327
v -3.2620 -1.8373 -4.6253
v -3.2413 -1.9219 -4.6178
v -3.2551 -1.9219 -4.6178
v -3.2206 -1.9984 -4.5878
v -3.2344 -1.9984 -4.5803
v -3.1860 -2.0585 -4.5353
v -3.1999 -2.0585 -4.5278
v -3.1446 -2.0974 -4.4754
v -3.1584 -2.0974 -4.4679
v -3.0962 -2.1112 -4.4004
v -3.1100 -2.1112 -4.4004
v -3.0548 -2.0974 -4.3330
v -3.0617 -2.0974 -4.3255
v -3.0064 -2.0585 -4.2730
v -3.0202 -2.0585 -4.2655
v -2.9788 -1.9984 -4.2205
v -2.9857 -1.9984 -4.2130
v -2.9511 -1.9219 -4.1906
v -2.9650 -1.9219 -4.1831
v -2.9442 -1.8373 -4.1756
v -2.9581 -1.8373 -4.1681
v -2.9511 -1.7521 -4.1906
v -2.9650 -1.7521 -4.1831
v -2.9788 -1.6757 -4.2205
v -2.9857 -1.6757 -4.2130
v -3.0064 -1.6155 -4.2730
v -3.0202 -1.6155 -4.2655
v -3.0548 -1.5767 -4.3330
v -3.0617 -1.5767 -4.3255
v -3.0962 -1.5629 -4.4004
v -3.1100 -1.5629 -4.4004
v -2.3985 -1.2903 4.0164
v -2.4399 -1.2696 3.9864
v -2.5021 -1.2621 4.1663
v -2.5436 -1.2402 4.1363
v -2.5988 -1.2903 4.3162
v -2.6472 -1.2696 4.2937
v -2.6886 -1.3717 4.4436
v -2.7370 -1.3542 4.4286
v -2.7577 -1.4989 4.5560
v -2.8130 -1.4864 4.5410
v -2.8061 -1.6594 4.6235
v -2.8613 -1.6525 4.6085
v -2.8199 -1.8373 4.6459
v -2.8752 -1.8373 4.6309
v -2.8061 -2.0147 4.6235
v -2.8613 -2.0216 4.6085
v -2.7577 -2.1751 4.5560
v -2.8130 -2.1876 4.5410
v -2.6886 -2.3023 4.4436
v -2.7370 -2.3198 4.4286
v -2.5988 -2.3837 4.3162
v -2.6472 -2.4044 4.2937
v -2.5021 -2.4119 4.1663
v -2.5436 -2.4339 4.1363
v -2.3985 -2.3837 4.0164
v -2.4399 -2.4044 3.9864
v -2.3087 -2.3023 3.8890
v -2.3501 -2.3198 3.8440
v -2.2396 -2.1751 3.7765
v -2.2741 -2.1876 3.7391
v -2.1981 -2.0147 3.7091
v -2.2258 -2.0216 3.6641
v -2.1774 -1.8373 3.6866
v -2.2119 -1.8373 3.6416
v -2.1981 -1.6594 3.7091
v -2.2258 -1.6525 3.6641
v -2.2396 -1.4989 3.7765
v -2.2741 -1.4864 3.7391
v -2.3087 -1.3717 3.8890
v -2.3501 -1.3542 3.8440
v -2.3985 -1.2903 4.0164
v -2.4399 -1.2696 3.9864
v -2.7232 -1.2402 4.0164
v -2.8268 -1.2696 4.1738
v -2.9166 -1.3542 4.3087
v -2.9926 -1.4864 4.4211
v -3.0410 -1.6525 4.4885
v -3.0548 -1.8373 4.5110
v -3.0410 -2.0216 4.4885
v -2.9926 -2.1876 4.4211
v -2.9166 -2.3198 4.3087
v -2.8268 -2.4044 4.1738
v -2.7232 -2.4339 4.0164
v -2.6195 -2.4044 3.8665
v -2.5228 -2.3198 3.7241
v -2.4537 -2.1876 3.6191
v -2.4054 -2.0216 3.5442
v -2.3916 -1.8373 3.5217
v -2.4054 -1.6525 3.5442
v -2.4537 -1.4864 3.6191
v -2.5228 -1.3542 3.7241
v -2.6195 -1.2696 3.8665
v -2.7646 -1.2621 3.9864
v -2.8613 -1.2903 4.1363
v -2.9511 -1.3717 4.2712
v -3.0271 -1.4989 4.3761
v -3.0686 -1.6594 4.4436
v -3.0824 -1.8373 4.4661
v -3.0686 -2.0147 4.4436
v -3.0271 -2.1751 4.3761
v -2.9511 -2.3023 4.2712
v -2.8613 -2.3837 4.1363
v -2.7646 -2.4119 3.9864
v -2.6679 -2.3837 3.8440
v -2.5781 -2.3023 3.7091
v -2.5021 -2.1751 3.6041
v -2.4607 -2.0147 3.5367
v -2.4468 -1.8373 3.5142
v -2.4607 -1.6594 3.5367
v -2.5021 -1.4989 3.6041
v -2.5781 -1.3717 3.7091
v -2.6679 -1.2903 3.8440
v -2.6679 -1.2903 3.8440
v -2.6195 -1.2696 3.8665
v 8.1990 -1.8906 -0.1208
v 5.6291 -1.8906 -0.0983
v 8.1990 -1.7953 -0.1208
v 5.6291 -1.7953 -0.0983
v 8.1990 -1.7183 -0.0609
v 5.6291 -1.7183 -0.0384
v 8.1990 -1.6888 0.0291
v 5.6291 -1.6888 0.0516
v 8.1990 -1.7183 0.1190
v 5.6291 -1.7183 0.1415
v 8.1990 -1.7953 0.1715
v 5.6291 -1.7953 0.1940
v 8.1990 -1.8906 0.1715
v 5.6291 -1.8906 0.1940
v 8.1990 -1.9677 0.1190
v 5.6291 -1.9677 0.1415
v 8.1990 -1.9971 0.0291
v 5.6291 -1.9971 0.0516
v 8.1990 -1.9677 -0.0609
v 5.6291 -1.9677 -0.0384
v 8.1990 -1.8906 -0.1208
v 5.6291 -1.8906 -0.0983
v -2.1498 -1.5629 4.3986
v -2.1567 -1.5629 4.3986
v -2.1014 -1.5767 4.3312
v -2.1083 -1.5767 4.3237
v -2.0600 -1.6155 4.2712
v -2.0669 -1.6155 4.2637
v -2.0254 -1.6757 4.2187
v -2.0323 -1.6757 4.2112
v -2.0047 -1.7521 4.1887
v -2.0116 -1.7521 4.1813
v -1.9978 -1.8373 4.1738
v -2.0047 -1.8373 4.1663
v -2.0047 -1.9219 4.1887
v -2.0116 -1.9219 4.1813
v -2.0254 -1.9984 4.2187
v -2.0323 -1.9984 4.2112
v -2.0600 -2.0585 4.2712
v -2.0669 -2.0585 4.2637
v -2.1014 -2.0974 4.3312
v -2.1083 -2.0974 4.3237
v -2.1498 -2.1112 4.3986
v -2.1567 -2.1112 4.3986
v -2.1981 -2.0974 4.4736
v -2.2050 -2.0974 4.4661
v -2.2396 -2.0585 4.5335
v -2.2465 -2.0585 4.5260
v -2.2741 -1.9984 4.5860
v -2.2810 -1.9984 4.5785
v -2.2949 -1.9219 4.6160
v -2.3018 -1.9219 4.6085
v -2.3018 -1.8373 4.6309
v -2.3087 -1.8373 4.6235
v -2.2949 -1.7521 4.6160
v -2.3018 -1.7521 4.6085
v -2.2741 -1.6757 4.5860
v -2.2810 -1.6757 4.5785
v -2.2396 -1.6155 4.5335
v -2.2465 -1.6155 4.5260
v -2.1981 -1.5767 4.4736
v -2.2050 -1.5767 4.4661
v -2.1498 -1.5629 4.3986
v -2.1567 -1.5629 4.3986
v -1.8873 -1.5629 4.5785
v -1.9011 -1.5629 4.5710
v -1.8389 -1.5767 4.5035
v -1.8527 -1.5767 4.4960
v -1.7974 -1.6155 4.4436
v -1.8113 -1.6155 4.4361
v -1.7629 -1.6757 4.3911
v -1.7767 -1.6757 4.3836
v -1.7422 -1.7521 4.3611
v -1.7560 -1.7521 4.3536
v -1.7353 -1.8373 4.3461
v -1.7491 -1.8373 4.3386
v -1.7422 -1.9219 4.3611
v -1.7560 -1.9219 4.3536
v -1.7629 -1.9984 4.3911
v -1.7767 -1.9984 4.3836
v -1.7974 -2.0585 4.4436
v -1.8113 -2.0585 4.4361
v -1.8389 -2.0974 4.5035
v -1.8527 -2.0974 4.4960
v -1.8873 -2.1112 4.5785
v -1.9011 -2.1112 4.5710
v -1.9356 -2.0974 4.6459
v -1.9494 -2.0974 4.6384
v -1.9771 -2.0585 4.7134
v -1.9909 -2.0585 4.7059
v -2.0116 -1.9984 4.7584
v -2.0254 -1.9984 4.7509
v -2.0323 -1.9219 4.7958
v -2.0461 -1.9219 4.7883
v -2.0392 -1.8373 4.8033
v -2.0531 -1.8373 4.7958
v -2.0323 -1.7521 4.7958
v -2.0461 -1.7521 4.7883
v -2.0116 -1.6757 4.7584
v -2.0254 -1.6757 4.7509
v -1.9771 -1.6155 4.7134
v -1.9909 -1.6155 4.7059
v -1.9356 -1.5767 4.6459
v -1.9494 -1.5767 4.6384
v -1.8873 -1.5629 4.5785
v -1.9011 -1.5629 4.5710
v 5.6153 -1.5629 -0.9003
v 5.6153 -1.5629 -0.8928
v 5.5324 -1.5767 -0.9003
v 5.5324 -1.5767 -0.8928
v 5.4564 -1.6155 -0.9003
v 5.4564 -1.6155 -0.8928
v 5.3942 -1.6757 -0.9003
v 5.3942 -1.6757 -0.8928
v 5.3527 -1.7521 -0.9003
v 5.3527 -1.7521 -0.8928
v 5.3389 -1.8373 -0.9003
v 5.3389 -1.8373 -0.8928
v 5.3527 -1.9219 -0.9003
v 5.3527 -1.9219 -0.8928
v 5.3942 -1.9984 -0.9003
v 5.3942 -1.9984 -0.8928
v 5.4564 -2.0585 -0.9003
v 5.4564 -2.0585 -0.8928
v 5.5324 -2.0974 -0.9003
v 5.5324 -2.0974 -0.8928
v 5.6153 -2.1112 -0.9003
v 5.6153 -2.1112 -0.8928
v 5.6982 -2.0974 -0.9003
v 5.6982 -2.0974 -0.8928
v 5.7742 -2.0585 -0.9003
v 5.7742 -2.0585 -0.8928
v 5.8363 -1.9984 -0.9003
v 5.8363 -1.9984 -0.8928
v 5.8778 -1.9219 -0.9003
v 5.8778 -1.9219 -0.8928
v 5.8916 -1.8373 -0.9003
v 5.8916 -1.8373 -0.8928
v 5.8778 -1.7521 -0.9003
v 5.8778 -1.7521 -0.8928
v 5.8363 -1.6757 -0.9003
v 5.8363 -1.6757 -0.8928
v 5.7742 -1.6155 -0.9003
v 5.7742 -1.6155 -0.8928
v 5.6982 -1.5767 -0.9003
v 5.6982 -1.5767 -0.8928
v 5.6153 -1.5629 -0.9003
v 5.6153 -1.5629 -0.8928
v 5.6153 -1.5629 -1.2151
v 5.6153 -1.5629 -1.2001
v 5.5324 -1.5767 -1.2151
v 5.5324 -1.5767 -1.2001
v 5.4564 -1.6155 -1.2151
v 5.4564 -1.6155 -1.2001
v 5.3942 -1.6757 -1.2151
v 5.3942 -1.6757 -1.2001
v 5.3527 -1.7521 -1.2151
v 5.3527 -1.7521 -1.2001
v 5.3389 -1.8373 -1.2151
v 5.3389 -1.8373 -1.2001
v 5.3527 -1.9219 -1.2151
v 5.3527 -1.9219 -1.2001
v 5.3942 -1.9984 -1.2151
v 5.3942 -1.9984 -1.2001
v 5.4564 -2.0585 -1.2151
v 5.4564 -2.0585 -1.2001
v 5.5324 -2.0974 -1.2151
v 5.5324 -2.0974 -1.2001
v 5.6153 -2.1112 -1.2151
v 5.6153 -2.1112 -1.2001
v 5.6982 -2.0974 -1.2151
v 5.6982 -2.0974 -1.2001
v 5.7742 -2.0585 -1.2151
v 5.7742 -2.0585 -1.2001
v 5.8363 -1.9984 -1.2151
v 5.8363 -1.9984 -1.2001
v 5.8778 -1.9219 -1.2151
v 5.8778 -1.9219 -1.2001
v 5.8916 -1.8373 -1.2151
v 5.8916 -1.8373 -1.2001
v 5.8778 -1.7521 -1.2151
v 5.8778 -1.7521 -1.2001
v 5.8363 -1.6757 -1.2151
v 5.8363 -1.6757 -1.2001
v 5.7742 -1.6155 -1.2151
v 5.7742 -1.6155 -1.2001
v 5.6982 -1.5767 -1.2151
v 5.6982 -1.5767 -1.2001
v 5.6153 -1.5629 -1.2151
v 5.6153 -1.5629 -1.2001
v -2.7508 -1.5629 -4.6402
v -2.7577 -1.5629 -4.6327
v -2.7992 -1.5767 -4.7077
v -2.8061 -1.5767 -4.7002
v -2.8406 -1.6155 -4.7677
v -2.8475 -1.6155 -4.7677
v -2.8752 -1.6757 -4.8201
v -2.8821 -1.6757 -4.8126
v -2.8959 -1.7521 -4.8576
v -2.9028 -1.7521 -4.8501
v -2.9028 -1.8373 -4.8651
v -2.9097 -1.8373 -4.8576
v -2.8959 -1.9219 -4.8576
v -2.9028 -1.9219 -4.8501
v -2.8752 -1.9984 -4.8201
v -2.8821 -1.9984 -4.8126
v -2.8406 -2.0585 -4.7677
v -2.8475 -2.0585 -4.7677
v -2.7992 -2.0974 -4.7077
v -2.8061 -2.0974 -4.7002
v -2.7508 -2.1112 -4.6402
v -2.7577 -2.1112 -4.6327
v -2.7024 -2.0974 -4.5653
v -2.7094 -2.0974 -4.5578
v -2.6610 -2.0585 -4.5053
v -2.6679 -2.0585 -4.4978
v -2.6265 -1.9984 -4.4529
v -2.6334 -1.9984 -4.4454
v -2.6057 -1.9219 -4.4229
v -2.6126 -1.9219 -4.4154
v -2.5988 -1.8373 -4.4079
v -2.6057 -1.8373 -4.4004
v -2.6057 -1.7521 -4.4229
v -2.6126 -1.7521 -4.4154
v -2.6265 -1.6757 -4.4529
v -2.6334 -1.6757 -4.4454
v -2.6610 -1.6155 -4.5053
v -2.6679 -1.6155 -4.4978
v -2.7024 -1.5767 -4.5653
v -2.7094 -1.5767 -4.5578
v -2.7508 -1.5629 -4.6402
v -2.7577 -1.5629 -4.6327
v -2.4537 -1.8906 4.2112
v -2.4054 -1.9677 4.2412
v -3.8907 -1.8906 6.3473
v -3.8423 -1.9677 6.3773
v -2.3363 -1.9971 4.2937
v -3.7663 -1.9971 6.4297
v -2.2603 -1.9677 4.3461
v -3.6903 -1.9677 6.4822
v -2.2119 -1.8906 4.3761
v -3.6489 -1.8906 6.5122
v -2.2119 -1.7953 4.3761
v -3.6489 -1.7953 6.5122
v -2.2603 -1.7183 4.3461
v -3.6903 -1.7183 6.4822
v -2.3363 -1.6888 4.2937
v -3.7663 -1.6888 6.4297
v -2.4054 -1.7183 4.2412
v -3.8423 -1.7183 6.3773
v -2.4537 -1.7953 4.2112
v -3.8907 -1.7953 6.3473
v -2.4537 -1.8906 4.2112
v -3.8907 -1.8906 6.3473
v -4.4572 -1.9019 -7.1211
v -4.4572 -1.7841 -7.1211
v -3.7180 -1.9019 -6.0268
v -3.7180 -1.7841 -6.0268
v -4.5124 -1.6882 -7.0836
v -3.7802 -1.6882 -5.9818
v -4.6092 -1.6518 -7.0236
v -3.8700 -1.6518 -5.9219
v -4.6990 -1.6882 -6.9637
v -3.9667 -1.6882 -5.8619
v -4.7611 -1.7841 -6.9187
v -4.0220 -1.7841 -5.8244
v -4.7611 -1.9019 -6.9187
v -4.0220 -1.9019 -5.8244
v -4.6990 -1.9977 -6.9637
v -3.9667 -1.9977 -5.8619
v -4.6092 -2.0341 -7.0236
v -3.8700 -2.0341 -5.9219
v -4.5124 -1.9977 -7.0836
v -3.7802 -1.9977 -5.9818
v -4.4572 -1.9019 -7.1211
v -3.7180 -1.9019 -6.0268
v -2.0600 -1.2903 4.2487
v -2.0116 -1.2696 4.2712
v -1.9702 -1.3717 4.1138
v -1.9149 -1.3542 4.1363
v -1.8942 -1.4989 4.0089
v -1.8458 -1.4864 4.0239
v -1.8527 -1.6594 3.9414
v -1.7974 -1.6525 3.9564
v -1.8389 -1.8373 3.9189
v -1.7836 -1.8373 3.9339
v -1.8527 -2.0147 3.9414
v -1.7974 -2.0216 3.9564
v -1.8942 -2.1751 4.0089
v -1.8458 -2.1876 4.0239
v -1.9702 -2.3023 4.1138
v -1.9149 -2.3198 4.1363
v -2.0600 -2.3837 4.2487
v -2.0116 -2.4044 4.2712
v -2.1567 -2.4119 4.3986
v -2.1152 -2.4339 4.4286
v -2.2534 -2.3837 4.5410
v -2.2189 -2.4044 4.5785
v -2.3432 -2.3023 4.6759
v -2.3087 -2.3198 4.7134
v -2.4123 -2.1751 4.7808
v -2.3847 -2.1876 4.8258
v -2.4607 -2.0147 4.8483
v -2.4330 -2.0216 4.8933
v -2.4745 -1.8373 4.8708
v -2.4468 -1.8373 4.9232
v -2.4607 -1.6594 4.8483
v -2.4330 -1.6525 4.8933
v -2.4123 -1.4989 4.7808
v -2.3847 -1.4864 4.8258
v -2.3432 -1.3717 4.6759
v -2.3087 -1.3542 4.7134
v -2.2534 -1.2903 4.5410
v -2.2189 -1.2696 4.5785
v -2.1567 -1.2621 4.3986
v -2.1152 -1.2402 4.4286
v -2.0600 -1.2903 4.2487
v -2.0116 -1.2696 4.2712
v -1.7422 -1.3542 4.2562
v -1.6662 -1.4864 4.1438
v -1.6178 -1.6525 4.0763
v -1.6040 -1.8373 4.0538
v -1.6178 -2.0216 4.0763
v -1.6662 -2.1876 4.1438
v -1.7422 -2.3198 4.2562
v -1.8320 -2.4044 4.3911
v -1.9356 -2.4339 4.5485
v -2.0392 -2.4044 4.6984
v -2.1290 -2.3198 4.8408
v -2.2050 -2.1876 4.9457
v -2.2534 -2.0216 5.0207
v -2.2672 -1.8373 5.0432
v -2.2534 -1.6525 5.0207
v -2.2050 -1.4864 4.9457
v -2.1290 -1.3542 4.8408
v -2.0392 -1.2696 4.6984
v -1.9356 -1.2402 4.5485
v -1.8320 -1.2696 4.3911
v -1.7007 -1.3717 4.2937
v -1.6316 -1.4989 4.1887
v -1.5902 -1.6594 4.1213
v -1.5695 -1.8373 4.0988
v -1.5902 -2.0147 4.1213
v -1.6316 -2.1751 4.1887
v -1.7007 -2.3023 4.2937
v -1.7905 -2.3837 4.4286
v -1.8942 -2.4119 4.5710
v -1.9909 -2.3837 4.7209
v -2.0807 -2.3023 4.8558
v -2.1498 -2.1751 4.9607
v -2.1981 -2.0147 5.0282
v -2.2119 -1.8373 5.0507
v -2.1981 -1.6594 5.0282
v -2.1498 -1.4989 4.9607
v -2.0807 -1.3717 4.8558
v -1.9909 -1.2903 4.7209
v -1.8942 -1.2621 4.5710
v -1.7905 -1.2903 4.4286
v -1.7905 -1.2903 4.4286
v -1.8320 -1.2696 4.3911
v -3.7940 -1.8724 -5.9743
v -3.7180 -1.9019 -6.0268
v -3.7940 -1.8135 -5.9743
v -3.7180 -1.7841 -6.0268
v -3.8285 -1.7659 -5.9519
v -3.7802 -1.6882 -5.9818
v -3.8700 -1.7477 -5.9219
v -3.8700 -1.6518 -5.9219
v -3.9183 -1.7659 -5.8919
v -3.9667 -1.6882 -5.8619
v -3.9460 -1.8135 -5.8694
v -4.0220 -1.7841 -5.8244
v -3.9460 -1.8724 -5.8694
v -4.0220 -1.9019 -5.8244
v -3.9183 -1.9194 -5.8919
v -3.9667 -1.9977 -5.8619
v -3.8700 -1.9376 -5.9219
v -3.8700 -2.0341 -5.9219
v -3.8285 -1.9194 -5.9519
v -3.7802 -1.9977 -5.9818
v -3.7940 -1.8724 -5.9743
v -3.7180 -1.9019 -6.0268
v 7.3078 -1.9019 -0.5031
v 7.3078 -1.9977 -0.5780
v 8.6273 -1.9019 -0.5031
v 8.6273 -1.9977 -0.5780
v 7.3078 -2.0341 -0.6904
v 8.6273 -2.0341 -0.6904
v 7.3078 -1.9977 -0.8029
v 8.6273 -1.9977 -0.8029
v 7.3078 -1.9019 -0.8703
v 8.6273 -1.9019 -0.8703
v 7.3078 -1.7841 -0.8703
v 8.6273 -1.7841 -0.8703
v 7.3078 -1.6882 -0.8029
v 8.6273 -1.6882 -0.8029
v 7.3078 -1.6518 -0.6904
v 8.6273 -1.6518 -0.6904
v 7.3078 -1.6882 -0.5780
v 8.6273 -1.6882 -0.5780
v 7.3078 -1.7841 -0.5031
v 8.6273 -1.7841 -0.5031
v 7.3078 -1.9019 -0.5031
v 8.6273 -1.9019 -0.5031
v -3.1031 -1.5629 3.7615
v -3.1169 -1.5629 3.7540
v -3.0617 -1.5767 3.6866
v -3.0686 -1.5767 3.6791
v -3.0133 -1.6155 3.6266
v -3.0271 -1.6155 3.6191
v -2.9788 -1.6757 3.5742
v -2.9926 -1.6757 3.5667
v -2.9581 -1.7521 3.5442
v -2.9719 -1.7521 3.5367
v -2.9511 -1.8373 3.5292
v -2.9650 -1.8373 3.5292
v -2.9581 -1.9219 3.5442
v -2.9719 -1.9219 3.5367
v -2.9788 -1.9984 3.5742
v -2.9926 -1.9984 3.5667
v -3.0133 -2.0585 3.6266
v -3.0271 -2.0585 3.6191
v -3.0617 -2.0974 3.6866
v -3.0686 -2.0974 3.6791
v -3.1031 -2.1112 3.7615
v -3.1169 -2.1112 3.7540
v -3.1515 -2.0974 3.8290
v -3.1653 -2.0974 3.8215
v -3.1929 -2.0585 3.8964
v -3.2068 -2.0585 3.8890
v -3.2275 -1.9984 3.9414
v -3.2413 -1.9984 3.9339
v -3.2482 -1.9219 3.9789
v -3.2620 -1.9219 3.9714
v -3.2551 -1.8373 3.9864
v -3.2689 -1.8373 3.9789
v -3.2482 -1.7521 3.9789
v -3.2620 -1.7521 3.9714
v -3.2275 -1.6757 3.9414
v -3.2413 -1.6757 3.9339
v -3.1929 -1.6155 3.8964
v -3.2068 -1.6155 3.8890
v -3.1515 -1.5767 3.8290
v -3.1653 -1.5767 3.8215
v -3.1031 -1.5629 3.7615
v -3.1169 -1.5629 3.7540
v -3.3657 -1.5629 3.5892
v -3.3726 -1.5629 3.5817
v -3.3173 -1.5767 3.5142
v -3.3311 -1.5767 3.5067
v -3.2758 -1.6155 3.4542
v -3.2828 -1.6155 3.4468
v -3.2413 -1.6757 3.4018
v -3.2482 -1.6757 3.3943
v -3.2206 -1.7521 3.3718
v -3.2275 -1.7521 3.3643
v -3.2137 -1.8373 3.3568
v -3.2206 -1.8373 3.3493
v -3.2206 -1.9219 3.3718
v -3.2275 -1.9219 3.3643
v -3.2413 -1.9984 3.4018
v -3.2482 -1.9984 3.3943
v -3.2758 -2.0585 3.4542
v -3.2828 -2.0585 3.4468
v -3.3173 -2.0974 3.5142
v -3.3311 -2.0974 3.5067
v -3.3657 -2.1112 3.5892
v -3.3726 -2.1112 3.5817
v -3.4140 -2.0974 3.6566
v -3.4209 -2.0974 3.6491
v -3.4555 -2.0585 3.7166
v -3.4624 -2.0585 3.7091
v -3.4900 -1.9984 3.7690
v -3.4969 -1.9984 3.7615
v -3.5107 -1.9219 3.7990
v -3.5176 -1.9219 3.7990
v -3.5176 -1.8373 3.8140
v -3.5245 -1.8373 3.8065
v -3.5107 -1.7521 3.7990
v -3.5176 -1.7521 3.7990
v -3.4900 -1.6757 3.7690
v -3.4969 -1.6757 3.7615
v -3.4555 -1.6155 3.7166
v -3.4624 -1.6155 3.7091
v -3.4140 -1.5767 3.6566
v -3.4209 -1.5767 3.6491
v -3.3657 -1.5629 3.5892
v -3.3726 -1.5629 3.5817
v -4.2499 -1.8906 -6.7463
v -4.2499 -1.7953 -6.7463
v -2.8130 -1.8906 -4.6103
v -2.8130 -1.7953 -4.6103
v -4.2914 -1.7183 -6.7163
v -2.8613 -1.7183 -4.5803
v -4.3674 -1.6888 -6.6639
v -2.9373 -1.6888 -4.5278
v -4.4434 -1.7183 -6.6189
v -3.0133 -1.7183 -4.4754
v -4.4917 -1.7953 -6.5814
v -3.0617 -1.7953 -4.4454
v -4.4917 -1.8906 -6.5814
v -3.0617 -1.8906 -4.4454
v -4.4434 -1.9677 -6.6189
v -3.0133 -1.9677 -4.4754
v -4.3674 -1.9971 -6.6639
v -2.9373 -1.9971 -4.5278
v -4.2914 -1.9677 -6.7163
v -2.8613 -1.9677 -4.5803
v -4.2499 -1.8906 -6.7463
v -2.8130 -1.8906 -4.6103
v -3.2689 -1.2903 -4.0781
v -3.2206 -1.2696 -4.1006
v -3.3657 -1.2621 -4.2280
v -3.3242 -1.2402 -4.2505
v -3.4624 -1.2903 -4.3704
v -3.4278 -1.2696 -4.4079
v -3.5522 -1.3717 -4.5053
v -3.5176 -1.3542 -4.5428
v -3.6282 -1.4989 -4.6103
v -3.5936 -1.4864 -4.6552
v -3.6696 -1.6594 -4.6777
v -3.6420 -1.6525 -4.7227
v -3.6834 -1.8373 -4.7002
v -3.6558 -1.8373 -4.7527
v -3.6696 -2.0147 -4.6777
v -3.6420 -2.0216 -4.7227
v -3.6282 -2.1751 -4.6103
v -3.5936 -2.1876 -4.6552
v -3.5522 -2.3023 -4.5053
v -3.5176 -2.3198 -4.5428
v -3.4624 -2.3837 -4.3704
v -3.4278 -2.4044 -4.4079
v -3.3657 -2.4119 -4.2280
v -3.3242 -2.4339 -4.2505
v -3.2689 -2.3837 -4.0781
v -3.2206 -2.4044 -4.1006
v -3.1791 -2.3023 -3.9432
v -3.1308 -2.3198 -3.9657
v -3.1100 -2.1751 -3.8383
v -3.0548 -2.1876 -3.8533
v -3.0617 -2.0147 -3.7708
v -3.0064 -2.0216 -3.7858
v -3.0479 -1.8373 -3.7484
v -2.9926 -1.8373 -3.7558
v -3.0617 -1.6594 -3.7708
v -3.0064 -1.6525 -3.7858
v -3.1100 -1.4989 -3.8383
v -3.0548 -1.4864 -3.8533
v -3.1791 -1.3717 -3.9432
v -3.1308 -1.3542 -3.9657
v -3.2689 -1.2903 -4.0781
v -3.2206 -1.2696 -4.1006
v -3.1446 -1.2402 -4.3704
v -3.2482 -1.2696 -4.5278
v -3.3380 -1.3542 -4.6627
v -3.4140 -1.4864 -4.7752
v -3.4624 -1.6525 -4.8426
v -3.4762 -1.8373 -4.8726
v -3.4624 -2.0216 -4.8426
v -3.4140 -2.1876 -4.7752
v -3.3380 -2.3198 -4.6627
v -3.2482 -2.4044 -4.5278
v -3.1446 -2.4339 -4.3704
v -3.0410 -2.4044 -4.2205
v -2.9511 -2.3198 -4.0856
v -2.8752 -2.1876 -3.9732
v -2.8268 -2.0216 -3.8982
v -2.8130 -1.8373 -3.8758
v -2.8268 -1.6525 -3.8982
v -2.8752 -1.4864 -3.9732
v -2.9511 -1.3542 -4.0856
v -3.0410 -1.2696 -4.2205
v -3.1031 -1.2621 -4.4004
v -3.1999 -1.2903 -4.5503
v -3.2897 -1.3717 -4.6852
v -3.3587 -1.4989 -4.7901
v -3.4071 -1.6594 -4.8576
v -3.4209 -1.8373 -4.8801
v -3.4071 -2.0147 -4.8576
v -3.3587 -2.1751 -4.7901
v -3.2897 -2.3023 -4.6852
v -3.1999 -2.3837 -4.5503
v -3.1031 -2.4119 -4.4004
v -2.9995 -2.3837 -4.2580
v -2.9097 -2.3023 -4.1231
v -2.8406 -2.1751 -4.0182
v -2.7992 -2.0147 -3.9507
v -2.7784 -1.8373 -3.9207
v -2.7992 -1.6594 -3.9507
v -2.8406 -1.4989 -4.0182
v -2.9097 -1.3717 -4.1231
v -2.9995 -1.2903 -4.2580
v -2.9995 -1.2903 -4.2580
v -3.0410 -1.2696 -4.2205
v -1.9563 -1.8373 -5.3672
v -3.4831 -1.8373 -4.3479
v -1.9356 -1.7383 -5.3448
v -3.4624 -1.7383 -4.3255
v -1.8942 -1.6769 -5.2773
v -3.4140 -1.6769 -4.2580
v -1.8320 -1.6769 -5.1874
v -3.3587 -1.6769 -4.1681
v -1.7905 -1.7383 -5.1199
v -3.3104 -1.7383 -4.1006
v -1.7698 -1.8373 -5.0899
v -3.2897 -1.8373 -4.0706
v -1.7905 -1.9357 -5.1199
v -3.3104 -1.9357 -4.1006
v -1.8320 -1.9971 -5.1874
v -3.3587 -1.9971 -4.1681
v -1.8942 -1.9971 -5.2773
v -3.4140 -1.9971 -4.2580
v -1.9356 -1.9357 -5.3448
v -3.4624 -1.9357 -4.3255
v -1.9563 -1.8373 -5.3672
v -3.4831 -1.8373 -4.3479
v 5.4356 -1.2903 -1.2076
v 5.4287 -1.2696 -1.1626
v 5.6153 -1.2621 -1.2076
v 5.6153 -1.2402 -1.1626
v 5.7949 -1.2903 -1.2076
v 5.8018 -1.2696 -1.1626
v 5.9538 -1.3717 -1.2076
v 5.9676 -1.3542 -1.1626
v 6.0781 -1.4989 -1.2076
v 6.0989 -1.4864 -1.1626
v 6.1610 -1.6594 -1.2076
v 6.1818 -1.6525 -1.1626
v 6.1887 -1.8373 -1.2076
v 6.2094 -1.8373 -1.1626
v 6.1610 -2.0147 -1.2076
v 6.1818 -2.0216 -1.1626
v 6.0781 -2.1751 -1.2076
v 6.0989 -2.1876 -1.1626
v 5.9538 -2.3023 -1.2076
v 5.9676 -2.3198 -1.1626
v 5.7949 -2.3837 -1.2076
v 5.8018 -2.4044 -1.1626
v 5.6153 -2.4119 -1.2076
v 5.6153 -2.4339 -1.1626
v 5.4356 -2.3837 -1.2076
v 5.4287 -2.4044 -1.1626
v 5.2768 -2.3023 -1.2076
v 5.2629 -2.3198 -1.1626
v 5.1524 -2.1751 -1.2076
v 5.1317 -2.1876 -1.1626
v 5.0695 -2.0147 -1.2076
v 5.0488 -2.0216 -1.1626
v 5.0419 -1.8373 -1.2076
v 5.0211 -1.8373 -1.1626
v 5.0695 -1.6594 -1.2076
v 5.0488 -1.6525 -1.1626
v 5.1524 -1.4989 -1.2076
v 5.1317 -1.4864 -1.1626
v 5.2768 -1.3717 -1.2076
v 5.2629 -1.3542 -1.1626
v 5.4356 -1.2903 -1.2076
v 5.4287 -1.2696 -1.1626
v 5.6153 -1.2402 -0.9453
v 5.8018 -1.2696 -0.9453
v 5.9676 -1.3542 -0.9453
v 6.0989 -1.4864 -0.9453
v 6.1818 -1.6525 -0.9453
v 6.2094 -1.8373 -0.9453
v 6.1818 -2.0216 -0.9453
v 6.0989 -2.1876 -0.9453
v 5.9676 -2.3198 -0.9453
v 5.8018 -2.4044 -0.9453
v 5.6153 -2.4339 -0.9453
v 5.4287 -2.4044 -0.9453
v 5.2629 -2.3198 -0.9453
v 5.1317 -2.1876 -0.9453
v 5.0488 -2.0216 -0.9453
v 5.0211 -1.8373 -0.9453
v 5.0488 -1.6525 -0.9453
v 5.1317 -1.4864 -0.9453
v 5.2629 -1.3542 -0.9453
v 5.4287 -1.2696 -0.9453
v 5.6153 -1.2621 -0.8928
v 5.7949 -1.2903 -0.8928
v 5.9538 -1.3717 -0.8928
v 6.0781 -1.4989 -0.8928
v 6.1610 -1.6594 -0.8928
v 6.1887 -1.8373 -0.8928
v 6.1610 -2.0147 -0.8928
v 6.0781 -2.1751 -0.8928
v 5.9538 -2.3023 -0.8928
v 5.7949 -2.3837 -0.8928
v 5.6153 -2.4119 -0.8928
v 5.4356 -2.3837 -0.8928
v 5.2768 -2.3023 -0.8928
v 5.1524 -2.1751 -0.8928
v 5.0695 -2.0147 -0.8928
v 5.0419 -1.8373 -0.8928
v 5.0695 -1.6594 -0.8928
v 5.1524 -1.4989 -0.8928
v 5.2768 -1.3717 -0.8928
v 5.4356 -1.2903 -0.8928
v 5.4356 -1.2903 -0.8928
v 5.4287 -1.2696 -0.9453
v -3.7525 -2.2741 -7.0761
v -3.7180 -2.3286 -7.0986
v -3.6489 -2.1224 -7.1435
v -3.6005 -2.1575 -7.1810
v -3.5936 -1.9363 -7.1810
v -3.5384 -1.9482 -7.2260
v -3.5936 -1.7377 -7.1810
v -3.5384 -1.7258 -7.2260
v -3.6489 -1.5516 -7.1435
v -3.6005 -1.5165 -7.1810
v -3.7525 -1.3999 -7.0761
v -3.7180 -1.3454 -7.0986
v -3.8976 -1.3009 -6.9787
v -3.8769 -1.2345 -6.9936
v -4.0634 -1.2665 -6.8737
v -4.0634 -1.1957 -6.8737
v -4.2223 -1.3009 -6.7613
v -4.2430 -1.2345 -6.7538
v -4.3674 -1.3999 -6.6714
v -4.4019 -1.3454 -6.6414
v -4.4710 -1.5516 -6.5964
v -4.5194 -1.5165 -6.5664
v -4.5263 -1.7377 -6.5589
v -4.5884 -1.7258 -6.5215
v -4.5263 -1.9363 -6.5589
v -4.5884 -1.9482 -6.5215
v -4.4710 -2.1224 -6.5964
v -4.5194 -2.1575 -6.5664
v -4.3674 -2.2741 -6.6714
v -4.4019 -2.3286 -6.6414
v -4.2223 -2.3731 -6.7613
v -4.2430 -2.4395 -6.7538
v -4.0634 -2.4076 -6.8737
v -4.0634 -2.4784 -6.8737
v -3.8976 -2.3731 -6.9787
v -3.8769 -2.4395 -6.9936
v 5.7742 -1.6155 -0.8928
v 5.7880 -1.5998 -0.8703
v 5.6982 -1.5767 -0.8928
v 5.7051 -1.5585 -0.8703
v 5.6153 -1.5629 -0.8928
v 5.6153 -1.5441 -0.8703
v 5.5324 -1.5767 -0.8928
v 5.5255 -1.5585 -0.8703
v 5.4564 -1.6155 -0.8928
v 5.4426 -1.5998 -0.8703
v 5.3942 -1.6757 -0.8928
v 5.3804 -1.6650 -0.8703
v 5.3527 -1.7521 -0.8928
v 5.3389 -1.7465 -0.8703
v 5.3389 -1.8373 -0.8928
v 5.3251 -1.8373 -0.8703
v 5.3527 -1.9219 -0.8928
v 5.3389 -1.9276 -0.8703
v 5.3942 -1.9984 -0.8928
v 5.3804 -2.0090 -0.8703
v 5.4564 -2.0585 -0.8928
v 5.4426 -2.0742 -0.8703
v 5.5324 -2.0974 -0.8928
v 5.5255 -2.1155 -0.8703
v 5.6153 -2.1112 -0.8928
v 5.6153 -2.1300 -0.8703
v 5.6982 -2.0974 -0.8928
v 5.7051 -2.1155 -0.8703
v 5.7742 -2.0585 -0.8928
v 5.7880 -2.0742 -0.8703
v 5.8363 -1.9984 -0.8928
v 5.8502 -2.0090 -0.8703
v 5.8778 -1.9219 -0.8928
v 5.8916 -1.9276 -0.8703
v 5.8916 -1.8373 -0.8928
v 5.9054 -1.8373 -0.8703
v 5.8778 -1.7521 -0.8928
v 5.8916 -1.7465 -0.8703
v 5.8363 -1.6757 -0.8928
v 5.8502 -1.6650 -0.8703
v 6.0367 -1.5297 -0.8703
v 5.9192 -1.4137 -0.8703
v 5.7742 -1.3398 -0.8703
v 5.6153 -1.3141 -0.8703
v 5.4564 -1.3398 -0.8703
v 5.3044 -1.4137 -0.8703
v 5.1939 -1.5297 -0.8703
v 5.1179 -1.6757 -0.8703
v 5.0902 -1.8373 -0.8703
v 5.1179 -1.9984 -0.8703
v 5.1939 -2.1444 -0.8703
v 5.3044 -2.2603 -0.8703
v 5.4564 -2.3342 -0.8703
v 5.6153 -2.3599 -0.8703
v 5.7742 -2.3342 -0.8703
v 5.9192 -2.2603 -0.8703
v 6.0367 -2.1444 -0.8703
v 6.1127 -1.9984 -0.8703
v 6.1403 -1.8373 -0.8703
v 6.1127 -1.6757 -0.8703
v 6.1610 -1.6594 -0.8928
v 6.0781 -1.4989 -0.8928
v 5.9538 -1.3717 -0.8928
v 5.7949 -1.2903 -0.8928
v 5.6153 -1.2621 -0.8928
v 5.4356 -1.2903 -0.8928
v 5.2768 -1.3717 -0.8928
v 5.1524 -1.4989 -0.8928
v 5.0695 -1.6594 -0.8928
v 5.0419 -1.8373 -0.8928
v 5.0695 -2.0147 -0.8928
v 5.1524 -2.1751 -0.8928
v 5.2768 -2.3023 -0.8928
v 5.4356 -2.3837 -0.8928
v 5.6153 -2.4119 -0.8928
v 5.7949 -2.3837 -0.8928
v 5.9538 -2.3023 -0.8928
v 6.0781 -2.1751 -0.8928
v 6.1610 -2.0147 -0.8928
v 6.1887 -1.8373 -0.8928
v -3.2482 -1.9984 -4.0407
v -3.2551 -2.0090 -4.0182
v -3.2206 -1.9219 -4.0107
v -3.2275 -1.9276 -3.9807
v -3.2137 -1.8373 -3.9957
v -3.2206 -1.8373 -3.9732
v -3.2206 -1.7521 -4.0107
v -3.2275 -1.7465 -3.9807
v -3.2482 -1.6757 -4.0407
v -3.2551 -1.6650 -4.0182
v -3.2758 -1.6155 -4.0931
v -3.2897 -1.5998 -4.0706
v -3.3242 -1.5767 -4.1531
v -3.3311 -1.5585 -4.1381
v -3.3657 -1.5629 -4.2205
v -3.3864 -1.5441 -4.2130
v -3.4140 -1.5767 -4.2955
v -3.4347 -1.5585 -4.2880
v -3.4555 -1.6155 -4.3554
v -3.4762 -1.5998 -4.3554
v -3.4900 -1.6757 -4.4079
v -3.5176 -1.6650 -4.4079
v -3.5107 -1.7521 -4.4379
v -3.5384 -1.7465 -4.4454
v -3.5176 -1.8373 -4.4529
v -3.5453 -1.8373 -4.4604
v -3.5107 -1.9219 -4.4379
v -3.5384 -1.9276 -4.4454
v -3.4900 -1.9984 -4.4079
v -3.5176 -2.0090 -4.4079
v -3.4555 -2.0585 -4.3554
v -3.4762 -2.0742 -4.3554
v -3.4140 -2.0974 -4.2955
v -3.4347 -2.1155 -4.2880
v -3.3657 -2.1112 -4.2205
v -3.3864 -2.1300 -4.2130
v -3.3242 -2.0974 -4.1531
v -3.3311 -2.1155 -4.1381
v -3.2758 -2.0585 -4.0931
v -3.2897 -2.0742 -4.0706
v -3.2137 -2.2603 -3.9582
v -3.1515 -2.1444 -3.8608
v -3.1100 -1.9984 -3.8008
v -3.0962 -1.8373 -3.7783
v -3.1100 -1.6757 -3.8008
v -3.1515 -1.5297 -3.8608
v -3.2137 -1.4137 -3.9582
v -3.2966 -1.3398 -4.0781
v -3.3864 -1.3141 -4.2130
v -3.4762 -1.3398 -4.3479
v -3.5522 -1.4137 -4.4679
v -3.6213 -1.5297 -4.5653
v -3.6627 -1.6757 -4.6253
v -3.6765 -1.8373 -4.6477
v -3.6627 -1.9984 -4.6253
v -3.6213 -2.1444 -4.5653
v -3.5522 -2.2603 -4.4679
v -3.4762 -2.3342 -4.3479
v -3.3864 -2.3599 -4.2130
v -3.2966 -2.3342 -4.0781
v -3.2689 -2.3837 -4.0781
v -3.1791 -2.3023 -3.9432
v -3.1100 -2.1751 -3.8383
v -3.0617 -2.0147 -3.7708
v -3.0479 -1.8373 -3.7484
v -3.0617 -1.6594 -3.7708
v -3.1100 -1.4989 -3.8383
v -3.1791 -1.3717 -3.9432
v -3.2689 -1.2903 -4.0781
v -3.3657 -1.2621 -4.2280
v -3.4624 -1.2903 -4.3704
v -3.5522 -1.3717 -4.5053
v -3.6282 -1.4989 -4.6103
v -3.6696 -1.6594 -4.6777
v -3.6834 -1.8373 -4.7002
v -3.6696 -2.0147 -4.6777
v -3.6282 -2.1751 -4.6103
v -3.5522 -2.3023 -4.5053
v -3.4624 -2.3837 -4.3704
v -3.3657 -2.4119 -4.2280
v -4.5263 -1.9363 -6.5589
v -4.5539 -1.9363 -6.6039
v -4.5263 -1.7377 -6.5589
v -4.5539 -1.7377 -6.6039
v -4.4710 -1.5516 -6.5964
v -4.4986 -1.5516 -6.6414
v -4.3674 -1.3999 -6.6714
v -4.3950 -1.3999 -6.7088
v -4.2223 -1.3009 -6.7613
v -4.2499 -1.3009 -6.8063
v -4.0634 -1.2665 -6.8737
v -4.0910 -1.2665 -6.9112
v -3.8976 -1.3009 -6.9787
v -3.9252 -1.3009 -7.0236
v -3.7525 -1.3999 -7.0761
v -3.7802 -1.3999 -7.1211
v -3.6489 -1.5516 -7.1435
v -3.6765 -1.5516 -7.1885
v -3.5936 -1.7377 -7.1810
v -3.6213 -1.7377 -7.2260
v -3.5936 -1.9363 -7.1810
v -3.6213 -1.9363 -7.2260
v -3.6489 -2.1224 -7.1435
v -3.6765 -2.1224 -7.1885
v -3.7525 -2.2741 -7.0761
v -3.7802 -2.2741 -7.1211
v -3.8976 -2.3731 -6.9787
v -3.9252 -2.3731 -7.0236
v -4.0634 -2.4076 -6.8737
v -4.0910 -2.4076 -6.9112
v -4.2223 -2.3731 -6.7613
v -4.2499 -2.3731 -6.8063
v -4.3674 -2.2741 -6.6714
v -4.3950 -2.2741 -6.7088
v -4.4710 -2.1224 -6.5964
v -4.4986 -2.1224 -6.6414
v -2.5021 -1.6970 -4.8051
v -2.5021 -1.5629 -4.8051
v -2.4745 -1.7039 -4.7677
v -2.4537 -1.5767 -4.7377
v -2.4537 -1.7239 -4.7377
v -2.4123 -1.6155 -4.6702
v -2.4399 -1.7546 -4.7077
v -2.3778 -1.6757 -4.6178
v -2.4261 -1.7941 -4.6927
v -2.3570 -1.7521 -4.5878
v -2.4192 -1.8373 -4.6852
v -2.3501 -1.8373 -4.5803
v -2.4261 -1.8799 -4.6927
v -2.3570 -1.9219 -4.5878
v -2.4399 -1.9194 -4.7077
v -2.3778 -1.9984 -4.6178
v -2.4537 -1.9501 -4.7377
v -2.4123 -2.0585 -4.6702
v -2.4745 -1.9702 -4.7677
v -2.4537 -2.0974 -4.7377
v -2.5021 -1.9771 -4.8051
v -2.5021 -2.1112 -4.8051
v -2.5228 -1.9702 -4.8426
v -2.5436 -2.0974 -4.8726
v -2.5436 -1.9501 -4.8726
v -2.5919 -2.0585 -4.9400
v -2.5643 -1.9194 -4.8951
v -2.6195 -1.9984 -4.9925
v -2.5712 -1.8799 -4.9176
v -2.6472 -1.9219 -5.0225
v -2.5781 -1.8373 -4.9176
v -2.6541 -1.8373 -5.0300
v -2.5712 -1.7941 -4.9176
v -2.6472 -1.7521 -5.0225
v -2.5643 -1.7546 -4.8951
v -2.6195 -1.6757 -4.9925
v -2.5436 -1.7239 -4.8726
v -2.5919 -1.6155 -4.9400
v -2.5228 -1.7039 -4.8426
v -2.5436 -1.5767 -4.8726
v -2.8406 -1.6155 -4.7677
v -2.7923 -1.7239 -4.7077
v -2.7992 -1.5767 -4.7077
v -2.7715 -1.7039 -4.6702
v -2.7508 -1.5629 -4.6402
v -2.7508 -1.6970 -4.6402
v -2.7024 -1.5767 -4.5653
v -2.7232 -1.7039 -4.6028
v -2.6610 -1.6155 -4.5053
v -2.7024 -1.7239 -4.5728
v -2.6265 -1.6757 -4.4529
v -2.6886 -1.7546 -4.5428
v -2.6057 -1.7521 -4.4229
v -2.6748 -1.7941 -4.5278
v -2.5988 -1.8373 -4.4079
v -2.6748 -1.8373 -4.5203
v -2.6057 -1.9219 -4.4229
v -2.6748 -1.8799 -4.5278
v -2.6265 -1.9984 -4.4529
v -2.6886 -1.9194 -4.5428
v -2.6610 -2.0585 -4.5053
v -2.7024 -1.9501 -4.5728
v -2.7024 -2.0974 -4.5653
v -2.7232 -1.9702 -4.6028
v -2.7508 -2.1112 -4.6402
v -2.7508 -1.9771 -4.6402
v -2.7992 -2.0974 -4.7077
v -2.7715 -1.9702 -4.6702
v -2.8406 -2.0585 -4.7677
v -2.7923 -1.9501 -4.7077
v -2.8752 -1.9984 -4.8201
v -2.8130 -1.9194 -4.7302
v -2.8959 -1.9219 -4.8576
v -2.8268 -1.8799 -4.7452
v -2.9028 -1.8373 -4.8651
v -2.8268 -1.8373 -4.7527
v -2.8959 -1.7521 -4.8576
v -2.8268 -1.7941 -4.7452
v -2.8752 -1.6757 -4.8201
v -2.8130 -1.7546 -4.7302
v -4.2154 -1.7577 6.1899
v -4.5124 -1.5516 5.9950
v -4.1808 -1.7158 6.2124
v -4.4019 -1.3999 6.0625
v -4.1463 -1.6882 6.2349
v -4.2637 -1.3009 6.1599
v -4.0979 -1.6788 6.2648
v -4.0979 -1.2665 6.2648
v -4.0565 -1.6882 6.3023
v -3.9390 -1.3009 6.3773
v -4.0150 -1.7158 6.3248
v -3.7940 -1.3999 6.4747
v -3.9874 -1.7577 6.3473
v -3.6903 -1.5516 6.5421
v -3.9667 -1.8098 6.3548
v -3.6351 -1.7377 6.5796
v -3.9667 -1.8643 6.3548
v -3.6351 -1.9363 6.5796
v -3.9874 -1.9163 6.3473
v -3.6903 -2.1224 6.5421
v -4.0150 -1.9583 6.3248
v -3.7940 -2.2741 6.4747
v -4.0565 -1.9858 6.3023
v -3.9390 -2.3731 6.3773
v -4.0979 -1.9952 6.2648
v -4.0979 -2.4076 6.2648
v -4.1463 -1.9858 6.2349
v -4.2637 -2.3731 6.1599
v -4.1808 -1.9583 6.2124
v -4.4019 -2.2741 6.0625
v -4.2154 -1.9163 6.1899
v -4.5124 -2.1224 5.9950
v -4.2292 -1.8643 6.1824
v -4.5677 -1.9363 5.9575
v -4.2292 -1.8098 6.1824
v -4.5677 -1.7377 5.9575
v -2.9788 -1.9984 3.5742
v -2.9581 -2.0090 3.5742
v -2.9581 -1.9219 3.5442
v -2.9373 -1.9276 3.5367
v -2.9511 -1.8373 3.5292
v -2.9304 -1.8373 3.5292
v -2.9581 -1.7521 3.5442
v -2.9373 -1.7465 3.5367
v -2.9788 -1.6757 3.5742
v -2.9581 -1.6650 3.5742
v -3.0133 -1.6155 3.6266
v -2.9926 -1.5998 3.6266
v -3.0617 -1.5767 3.6866
v -3.0410 -1.5585 3.6941
v -3.1031 -1.5629 3.7615
v -3.0893 -1.5441 3.7690
v -3.1515 -1.5767 3.8290
v -3.1377 -1.5585 3.8440
v -3.1929 -1.6155 3.8964
v -3.1860 -1.5998 3.9114
v -3.2275 -1.6757 3.9414
v -3.2206 -1.6650 3.9639
v -3.2482 -1.7521 3.9789
v -3.2482 -1.7465 4.0014
v -3.2551 -1.8373 3.9864
v -3.2551 -1.8373 4.0164
v -3.2482 -1.9219 3.9789
v -3.2482 -1.9276 4.0014
v -3.2275 -1.9984 3.9414
v -3.2206 -2.0090 3.9639
v -3.1929 -2.0585 3.8964
v -3.1860 -2.0742 3.9114
v -3.1515 -2.0974 3.8290
v -3.1377 -2.1155 3.8440
v -3.1031 -2.1112 3.7615
v -3.0893 -2.1300 3.7690
v -3.0617 -2.0974 3.6866
v -3.0410 -2.1155 3.6941
v -3.0133 -2.0585 3.6266
v -2.9926 -2.0742 3.6266
v -2.9166 -2.2603 3.5142
v -2.8544 -2.1444 3.4168
v -2.8130 -1.9984 3.3568
v -2.7992 -1.8373 3.3343
v -2.8130 -1.6757 3.3568
v -2.8544 -1.5297 3.4168
v -2.9166 -1.4137 3.5142
v -2.9995 -1.3398 3.6341
v -3.0893 -1.3141 3.7690
v -3.1791 -1.3398 3.9039
v -3.2620 -1.4137 4.0239
v -3.3242 -1.5297 4.1213
v -3.3657 -1.6757 4.1813
v -3.3795 -1.8373 4.2037
v -3.3657 -1.9984 4.1813
v -3.3242 -2.1444 4.1213
v -3.2620 -2.2603 4.0239
v -3.1791 -2.3342 3.9039
v -3.0893 -2.3599 3.7690
v -2.9995 -2.3342 3.6341
v -3.0064 -2.3837 3.6116
v -2.9166 -2.3023 3.4767
v -2.8475 -2.1751 3.3718
v -2.8061 -2.0147 3.3043
v -2.7853 -1.8373 3.2819
v -2.8061 -1.6594 3.3043
v -2.8475 -1.4989 3.3718
v -2.9166 -1.3717 3.4767
v -3.0064 -1.2903 3.6116
v -3.1100 -1.2621 3.7615
v -3.2068 -1.2903 3.9039
v -3.2966 -1.3717 4.0388
v -3.3657 -1.4989 4.1438
v -3.4140 -1.6594 4.2112
v -3.4278 -1.8373 4.2337
v -3.4140 -2.0147 4.2112
v -3.3657 -2.1751 4.1438
v -3.2966 -2.3023 4.0388
v -3.2068 -2.3837 3.9039
v -3.1100 -2.4119 3.7615
v -3.0617 -1.6594 -5.0899
v -3.0548 -1.6757 -5.0375
v -3.0133 -1.4989 -5.0225
v -3.0133 -1.5297 -4.9700
v -2.9442 -1.3717 -4.9101
v -2.9442 -1.4137 -4.8726
v -2.8544 -1.2903 -4.7826
v -2.8682 -1.3398 -4.7527
v -2.7577 -1.2621 -4.6327
v -2.7715 -1.3141 -4.6178
v -2.6610 -1.2903 -4.4829
v -2.6817 -1.3398 -4.4829
v -2.5712 -1.3717 -4.3479
v -2.6057 -1.4137 -4.3629
v -2.4952 -1.4989 -4.2430
v -2.5366 -1.5297 -4.2655
v -2.4537 -1.6594 -4.1756
v -2.4952 -1.6757 -4.2055
v -2.4399 -1.8373 -4.1531
v -2.4814 -1.8373 -4.1831
v -2.4537 -2.0147 -4.1756
v -2.4952 -1.9984 -4.2055
v -2.4952 -2.1751 -4.2430
v -2.5366 -2.1444 -4.2655
v -2.5712 -2.3023 -4.3479
v -2.6057 -2.2603 -4.3629
v -2.6610 -2.3837 -4.4829
v -2.6817 -2.3342 -4.4829
v -2.7577 -2.4119 -4.6327
v -2.7715 -2.3599 -4.6178
v -2.8544 -2.3837 -4.7826
v -2.8682 -2.3342 -4.7527
v -2.9442 -2.3023 -4.9101
v -2.9442 -2.2603 -4.8726
v -3.0133 -2.1751 -5.0225
v -3.0133 -2.1444 -4.9700
v -3.0617 -2.0147 -5.0899
v -3.0548 -1.9984 -5.0375
v -3.0755 -1.8373 -5.1124
v -3.0686 -1.8373 -5.0525
v -2.9373 -1.8373 -4.8651
v -2.9304 -1.7465 -4.8501
v -2.9097 -1.6650 -4.8201
v -2.8682 -1.5998 -4.7602
v -2.8268 -1.5585 -4.6927
v -2.7715 -1.5441 -4.6178
v -2.7232 -1.5585 -4.5428
v -2.6817 -1.5998 -4.4754
v -2.6403 -1.6650 -4.4229
v -2.6195 -1.7465 -4.3854
v -2.6126 -1.8373 -4.3779
v -2.6195 -1.9276 -4.3854
v -2.6403 -2.0090 -4.4229
v -2.6817 -2.0742 -4.4754
v -2.7232 -2.1155 -4.5428
v -2.7715 -2.1300 -4.6178
v -2.8268 -2.1155 -4.6927
v -2.8682 -2.0742 -4.7602
v -2.9097 -2.0090 -4.8201
v -2.9304 -1.9276 -4.8501
v -2.9028 -1.9219 -4.8501
v -2.9097 -1.8373 -4.8576
v -2.9028 -1.7521 -4.8501
v -2.8821 -1.6757 -4.8126
v -2.8475 -1.6155 -4.7677
v -2.8061 -1.5767 -4.7002
v -2.7577 -1.5629 -4.6327
v -2.7094 -1.5767 -4.5578
v -2.6679 -1.6155 -4.4978
v -2.6334 -1.6757 -4.4454
v -2.6126 -1.7521 -4.4154
v -2.6057 -1.8373 -4.4004
v -2.6126 -1.9219 -4.4154
v -2.6334 -1.9984 -4.4454
v -2.6679 -2.0585 -4.4978
v -2.7094 -2.0974 -4.5578
v -2.7577 -2.1112 -4.6327
v -2.8061 -2.0974 -4.7002
v -2.8475 -2.0585 -4.7677
v -2.8821 -1.9984 -4.8126
v -3.1999 -2.3837 -4.5503
v -3.1722 -2.3342 -4.5503
v -3.1031 -2.4119 -4.4004
v -3.0824 -2.3599 -4.4154
v -2.9995 -2.3837 -4.2580
v -2.9926 -2.3342 -4.2805
v -2.9097 -2.3023 -4.1231
v -2.9097 -2.2603 -4.1606
v -2.8406 -2.1751 -4.0182
v -2.8475 -2.1444 -4.0631
v -2.7992 -2.0147 -3.9507
v -2.8061 -1.9984 -4.0032
v -2.7784 -1.8373 -3.9207
v -2.7923 -1.8373 -3.9807
v -2.7992 -1.6594 -3.9507
v -2.8061 -1.6757 -4.0032
v -2.8406 -1.4989 -4.0182
v -2.8475 -1.5297 -4.0631
v -2.9097 -1.3717 -4.1231
v -2.9097 -1.4137 -4.1606
v -2.9995 -1.2903 -4.2580
v -2.9926 -1.3398 -4.2805
v -3.1031 -1.2621 -4.4004
v -3.0824 -1.3141 -4.4154
v -3.1999 -1.2903 -4.5503
v -3.1722 -1.3398 -4.5503
v -3.2897 -1.3717 -4.6852
v -3.2551 -1.4137 -4.6702
v -3.3587 -1.4989 -4.7901
v -3.3173 -1.5297 -4.7677
v -3.4071 -1.6594 -4.8576
v -3.3587 -1.6757 -4.8276
v -3.4209 -1.8373 -4.8801
v -3.3726 -1.8373 -4.8501
v -3.4071 -2.0147 -4.8576
v -3.3587 -1.9984 -4.8276
v -3.3587 -2.1751 -4.7901
v -3.3173 -2.1444 -4.7677
v -3.2897 -2.3023 -4.6852
v -3.2551 -2.2603 -4.6702
v -3.1791 -2.0742 -4.5578
v -3.1308 -2.1155 -4.4903
v -3.0824 -2.1300 -4.4154
v -3.0340 -2.1155 -4.3404
v -2.9857 -2.0742 -4.2730
v -2.9511 -2.0090 -4.2205
v -2.9304 -1.9276 -4.1831
v -2.9235 -1.8373 -4.1681
v -2.9304 -1.7465 -4.1831
v -2.9511 -1.6650 -4.2205
v -2.9857 -1.5998 -4.2730
v -3.0340 -1.5585 -4.3404
v -3.0824 -1.5441 -4.4154
v -3.1308 -1.5585 -4.4903
v -3.1791 -1.5998 -4.5578
v -3.2137 -1.6650 -4.6103
v -3.2413 -1.7465 -4.6477
v -3.2482 -1.8373 -4.6552
v -3.2413 -1.9276 -4.6477
v -3.2137 -2.0090 -4.6103
v -3.2206 -1.9984 -4.5878
v -3.1860 -2.0585 -4.5353
v -3.1446 -2.0974 -4.4754
v -3.0962 -2.1112 -4.4004
v -3.0548 -2.0974 -4.3330
v -3.0064 -2.0585 -4.2730
v -2.9788 -1.9984 -4.2205
v -2.9511 -1.9219 -4.1906
v -2.9442 -1.8373 -4.1756
v -2.9511 -1.7521 -4.1906
v -2.9788 -1.6757 -4.2205
v -3.0064 -1.6155 -4.2730
v -3.0548 -1.5767 -4.3330
v -3.0962 -1.5629 -4.4004
v -3.1446 -1.5767 -4.4754
v -3.1860 -1.6155 -4.5353
v -3.2206 -1.6757 -4.5878
v -3.2413 -1.7521 -4.6178
v -3.2482 -1.8373 -4.6327
v -3.2413 -1.9219 -4.6178
v -1.8458 -1.5767 -5.1424
v -1.8665 -1.7039 -5.1724
v -1.8942 -1.5629 -5.2099
v -1.8942 -1.6970 -5.2099
v -1.9356 -1.5767 -5.2848
v -1.9149 -1.7039 -5.2473
v -1.9771 -1.6155 -5.3448
v -1.9356 -1.7239 -5.2773
v -2.0116 -1.6757 -5.3972
v -1.9563 -1.7546 -5.3073
v -2.0323 -1.7521 -5.4272
v -1.9632 -1.7941 -5.3223
v -2.0461 -1.8373 -5.4422
v -1.9702 -1.8373 -5.3298
v -2.0323 -1.9219 -5.4272
v -1.9632 -1.8799 -5.3223
v -2.0116 -1.9984 -5.3972
v -1.9563 -1.9194 -5.3073
v -1.9771 -2.0585 -5.3448
v -1.9356 -1.9501 -5.2773
v -1.9356 -2.0974 -5.2848
v -1.9149 -1.9702 -5.2473
v -1.8942 -2.1112 -5.2099
v -1.8942 -1.9771 -5.2099
v -1.8458 -2.0974 -5.1424
v -1.8665 -1.9702 -5.1724
v -1.8044 -2.0585 -5.0749
v -1.8458 -1.9501 -5.1424
v -1.7698 -1.9984 -5.0300
v -1.8251 -1.9194 -5.1199
v -1.7491 -1.9219 -4.9925
v -1.8182 -1.8799 -5.1049
v -1.7353 -1.8373 -4.9850
v -1.8113 -1.8373 -5.0974
v -1.7491 -1.7521 -4.9925
v -1.8182 -1.7941 -5.1049
v -1.7698 -1.6757 -5.0300
v -1.8251 -1.7546 -5.1199
v -1.8044 -1.6155 -5.0749
v -1.8458 -1.7239 -5.1424
v 8.2543 -1.8643 -0.4731
v 8.2197 -1.8643 -0.4731
v 8.2543 -1.8098 -0.4731
v 8.2197 -1.8098 -0.4731
v 8.2543 -1.7577 -0.4581
v 8.2197 -1.7577 -0.4581
v 8.2543 -1.7158 -0.4206
v 8.2197 -1.7158 -0.4206
v 8.2543 -1.6882 -0.3756
v 8.2197 -1.6882 -0.3756
v 8.2543 -1.6788 -0.3157
v 8.2197 -1.6788 -0.3157
v 8.2543 -1.6882 -0.2632
v 8.2197 -1.6882 -0.2632
v 8.2543 -1.7158 -0.2183
v 8.2197 -1.7158 -0.2183
v 8.2543 -1.7577 -0.1808
v 8.2197 -1.7577 -0.1808
v 8.2543 -1.8098 -0.1658
v 8.2197 -1.8098 -0.1658
v 8.2543 -1.8643 -0.1658
v 8.2197 -1.8643 -0.1658
v 8.2543 -1.9163 -0.1808
v 8.2197 -1.9163 -0.1808
v 8.2543 -1.9583 -0.2183
v 8.2197 -1.9583 -0.2183
v 8.2543 -1.9858 -0.2632
v 8.2197 -1.9858 -0.2632
v 8.2543 -1.9952 -0.3157
v 8.2197 -1.9952 -0.3157
v 8.2543 -1.9858 -0.3756
v 8.2197 -1.9858 -0.3756
v 8.2543 -1.9583 -0.4206
v 8.2197 -1.9583 -0.4206
v 8.2543 -1.9163 -0.4581
v 8.2197 -1.9163 -0.4581
v -4.0427 -1.9858 -6.9412
v -4.0220 -1.9858 -6.9187
v -4.0910 -1.9952 -6.9112
v -4.0703 -1.9952 -6.8887
v -4.1325 -1.9858 -6.8812
v -4.1118 -1.9858 -6.8587
v -4.1739 -1.9583 -6.8587
v -4.1532 -1.9583 -6.8288
v -4.2016 -1.9163 -6.8363
v -4.1808 -1.9163 -6.8138
v -4.2154 -1.8643 -6.8288
v -4.2016 -1.8643 -6.7988
v -4.2154 -1.8098 -6.8288
v -4.2016 -1.8098 -6.7988
v -4.2016 -1.7577 -6.8363
v -4.1808 -1.7577 -6.8138
v -4.1739 -1.7158 -6.8587
v -4.1532 -1.7158 -6.8288
v -4.1325 -1.6882 -6.8812
v -4.1118 -1.6882 -6.8587
v -4.0910 -1.6788 -6.9112
v -4.0703 -1.6788 -6.8887
v -4.0427 -1.6882 -6.9412
v -4.0220 -1.6882 -6.9187
v -4.0012 -1.7158 -6.9712
v -3.9874 -1.7158 -6.9412
v -3.9736 -1.7577 -6.9936
v -3.9529 -1.7577 -6.9637
v -3.9598 -1.8098 -7.0011
v -3.9390 -1.8098 -6.9712
v -3.9598 -1.8643 -7.0011
v -3.9390 -1.8643 -6.9712
v -3.9736 -1.9163 -6.9936
v -3.9529 -1.9163 -6.9637
v -4.0012 -1.9583 -6.9712
v -3.9874 -1.9583 -6.9412
v -2.3847 -1.9984 3.9789
v -2.4468 -1.9194 4.0688
v -2.4192 -2.0585 4.0314
v -2.4607 -1.9501 4.0913
v -2.4607 -2.0974 4.0913
v -2.4814 -1.9702 4.1288
v -2.5090 -2.1112 4.1588
v -2.5090 -1.9771 4.1588
v -2.5574 -2.0974 4.2337
v -2.5297 -1.9702 4.1962
v -2.5988 -2.0585 4.2937
v -2.5505 -1.9501 4.2262
v -2.6334 -1.9984 4.3461
v -2.5712 -1.9194 4.2562
v -2.6541 -1.9219 4.3761
v -2.5781 -1.8799 4.2712
v -2.6610 -1.8373 4.3911
v -2.5850 -1.8373 4.2787
v -2.6541 -1.7521 4.3761
v -2.5781 -1.7941 4.2712
v -2.6334 -1.6757 4.3461
v -2.5712 -1.7546 4.2562
v -2.5988 -1.6155 4.2937
v -2.5505 -1.7239 4.2262
v -2.5574 -1.5767 4.2337
v -2.5297 -1.7039 4.1962
v -2.5090 -1.5629 4.1588
v -2.5090 -1.6970 4.1588
v -2.4607 -1.5767 4.0913
v -2.4814 -1.7039 4.1288
v -2.4192 -1.6155 4.0314
v -2.4607 -1.7239 4.0913
v -2.3847 -1.6757 3.9789
v -2.4468 -1.7546 4.0688
v -2.3639 -1.7521 3.9414
v -2.4330 -1.7941 4.0538
v -2.3570 -1.8373 3.9339
v -2.4261 -1.8373 4.0463
v -2.3639 -1.9219 3.9414
v -2.4330 -1.8799 4.0538
v 5.6636 -1.6769 -1.2376
v 5.6429 -1.7477 -1.2376
v 5.5600 -1.6769 -1.2376
v 5.5876 -1.7477 -1.2376
v 5.4771 -1.7383 -1.2376
v 5.5393 -1.7822 -1.2376
v 5.4495 -1.8373 -1.2376
v 5.5186 -1.8373 -1.2376
v 5.4771 -1.9357 -1.2376
v 5.5393 -1.8918 -1.2376
v 5.5600 -1.9971 -1.2376
v 5.5876 -1.9263 -1.2376
v 5.6636 -1.9971 -1.2376
v 5.6429 -1.9263 -1.2376
v 5.7534 -1.9357 -1.2376
v 5.6913 -1.8918 -1.2376
v 5.7811 -1.8373 -1.2376
v 5.7051 -1.8373 -1.2376
v 5.7534 -1.7383 -1.2376
v 5.6913 -1.7822 -1.2376
v 5.6153 -1.8373 -1.2376
v 8.2543 -1.9163 -0.4581
v 8.2543 -2.1224 -0.8104
v 8.2543 -1.9583 -0.4206
v 8.2543 -2.2741 -0.6829
v 8.2543 -1.9858 -0.3756
v 8.2543 -2.3731 -0.5106
v 8.2543 -1.9952 -0.3157
v 8.2543 -2.4076 -0.3157
v 8.2543 -1.9858 -0.2632
v 8.2543 -2.3731 -0.1208
v 8.2543 -1.9583 -0.2183
v 8.2543 -2.2741 0.0441
v 8.2543 -1.9163 -0.1808
v 8.2543 -2.1224 0.1715
v 8.2543 -1.8643 -0.1658
v 8.2543 -1.9363 0.2389
v 8.2543 -1.8098 -0.1658
v 8.2543 -1.7377 0.2389
v 8.2543 -1.7577 -0.1808
v 8.2543 -1.5516 0.1715
v 8.2543 -1.7158 -0.2183
v 8.2543 -1.3999 0.0441
v 8.2543 -1.6882 -0.2632
v 8.2543 -1.3009 -0.1208
v 8.2543 -1.6788 -0.3157
v 8.2543 -1.2665 -0.3157
v 8.2543 -1.6882 -0.3756
v 8.2543 -1.3009 -0.5106
v 8.2543 -1.7158 -0.4206
v 8.2543 -1.3999 -0.6829
v 8.2543 -1.7577 -0.4581
v 8.2543 -1.5516 -0.8104
v 8.2543 -1.8098 -0.4731
v 8.2543 -1.7377 -0.8778
v 8.2543 -1.8643 -0.4731
v 8.2543 -1.9363 -0.8778
v -1.8320 -1.6769 -5.1874
v -1.8803 -1.7477 -5.2548
v -1.8942 -1.6769 -5.2773
v -1.9080 -1.7822 -5.2923
v -1.9356 -1.7383 -5.3448
v -1.9149 -1.8373 -5.3073
v -1.9563 -1.8373 -5.3672
v -1.9080 -1.8918 -5.2923
v -1.9356 -1.9357 -5.3448
v -1.8803 -1.9263 -5.2548
v -1.8942 -1.9971 -5.2773
v -1.8458 -1.9263 -5.2099
v -1.8320 -1.9971 -5.1874
v -1.8182 -1.8918 -5.1649
v -1.7905 -1.9357 -5.1199
v -1.8113 -1.8373 -5.1499
v -1.7698 -1.8373 -5.0899
v -1.8182 -1.7822 -5.1649
v -1.7905 -1.7383 -5.1199
v -1.8458 -1.7477 -5.2099
v -1.8665 -1.8373 -5.2323
v -2.0807 -1.9194 -4.9475
v -2.0185 -1.9984 -4.8576
v -2.0669 -1.8799 -4.9325
v -1.9978 -1.9219 -4.8276
v -2.0600 -1.8373 -4.9251
v -1.9909 -1.8373 -4.8201
v -2.0669 -1.7941 -4.9325
v -1.9978 -1.7521 -4.8276
v -2.0807 -1.7546 -4.9475
v -2.0185 -1.6757 -4.8576
v -2.0945 -1.7239 -4.9775
v -2.0531 -1.6155 -4.9101
v -2.1152 -1.7039 -5.0075
v -2.0945 -1.5767 -4.9775
v -2.1429 -1.6970 -5.0450
v -2.1429 -1.5629 -5.0450
v -2.1636 -1.7039 -5.0824
v -2.1912 -1.5767 -5.1124
v -2.1843 -1.7239 -5.1124
v -2.2327 -1.6155 -5.1799
v -2.2050 -1.7546 -5.1424
v -2.2672 -1.6757 -5.2323
v -2.2119 -1.7941 -5.1574
v -2.2879 -1.7521 -5.2623
v -2.2189 -1.8373 -5.1574
v -2.2949 -1.8373 -5.2698
v -2.2119 -1.8799 -5.1574
v -2.2879 -1.9219 -5.2623
v -2.2050 -1.9194 -5.1424
v -2.2672 -1.9984 -5.2323
v -2.1843 -1.9501 -5.1124
v -2.2327 -2.0585 -5.1799
v -2.1636 -1.9702 -5.0824
v -2.1912 -2.0974 -5.1124
v -2.1429 -1.9771 -5.0450
v -2.1429 -2.1112 -5.0450
v -2.1152 -1.9702 -5.0075
v -2.0945 -2.0974 -4.9775
v -2.0945 -1.9501 -4.9775
v -2.0531 -2.0585 -4.9101
v -3.9529 -1.8098 6.3248
v -3.9667 -1.8098 6.3548
v -3.9529 -1.8643 6.3248
v -3.9667 -1.8643 6.3548
v -3.9667 -1.9163 6.3173
v -3.9874 -1.9163 6.3473
v -3.9943 -1.9583 6.2948
v -4.0150 -1.9583 6.3248
v -4.0358 -1.9858 6.2723
v -4.0565 -1.9858 6.3023
v -4.0772 -1.9952 6.2424
v -4.0979 -1.9952 6.2648
v -4.1256 -1.9858 6.2124
v -4.1463 -1.9858 6.2349
v -4.1670 -1.9583 6.1824
v -4.1808 -1.9583 6.2124
v -4.1947 -1.9163 6.1674
v -4.2154 -1.9163 6.1899
v -4.2085 -1.8643 6.1524
v -4.2292 -1.8643 6.1824
v -4.2085 -1.8098 6.1524
v -4.2292 -1.8098 6.1824
v -4.1947 -1.7577 6.1674
v -4.2154 -1.7577 6.1899
v -4.1670 -1.7158 6.1824
v -4.1808 -1.7158 6.2124
v -4.1256 -1.6882 6.2124
v -4.1463 -1.6882 6.2349
v -4.0772 -1.6788 6.2424
v -4.0979 -1.6788 6.2648
v -4.0358 -1.6882 6.2723
v -4.0565 -1.6882 6.3023
v -3.9943 -1.7158 6.2948
v -4.0150 -1.7158 6.3248
v -3.9667 -1.7577 6.3173
v -3.9874 -1.7577 6.3473
v -2.6334 -1.6757 3.8065
v -2.6955 -1.7546 3.8964
v -2.6679 -1.6155 3.8590
v -2.7094 -1.7239 3.9264
v -2.7094 -1.5767 3.9264
v -2.7301 -1.7039 3.9564
v -2.7577 -1.5629 3.9939
v -2.7577 -1.6970 3.9939
v -2.8061 -1.5767 4.0613
v -2.7784 -1.7039 4.0314
v -2.8475 -1.6155 4.1288
v -2.8061 -1.7239 4.0613
v -2.8821 -1.6757 4.1813
v -2.8199 -1.7546 4.0913
v -2.9028 -1.7521 4.2112
v -2.8337 -1.7941 4.1063
v -2.9097 -1.8373 4.2187
v -2.8337 -1.8373 4.1063
v -2.9028 -1.9219 4.2112
v -2.8337 -1.8799 4.1063
v -2.8821 -1.9984 4.1813
v -2.8199 -1.9194 4.0913
v -2.8475 -2.0585 4.1288
v -2.8061 -1.9501 4.0613
v -2.8061 -2.0974 4.0613
v -2.7784 -1.9702 4.0314
v -2.7577 -2.1112 3.9939
v -2.7577 -1.9771 3.9939
v -2.7094 -2.0974 3.9264
v -2.7301 -1.9702 3.9564
v -2.6679 -2.0585 3.8590
v -2.7094 -1.9501 3.9264
v -2.6334 -1.9984 3.8065
v -2.6955 -1.9194 3.8964
v -2.6126 -1.9219 3.7765
v -2.6817 -1.8799 3.8815
v -2.6057 -1.8373 3.7690
v -2.6817 -1.8373 3.8740
v -2.6126 -1.7521 3.7765
v -2.6817 -1.7941 3.8815
v -4.5677 -1.9363 5.9575
v -4.5401 -1.9363 5.9126
v -4.5677 -1.7377 5.9575
v -4.5401 -1.7377 5.9126
v -4.5124 -1.5516 5.9950
v -4.4848 -1.5516 5.9500
v -4.4019 -1.3999 6.0625
v -4.3743 -1.3999 6.0250
v -4.2637 -1.3009 6.1599
v -4.2361 -1.3009 6.1149
v -4.0979 -1.2665 6.2648
v -4.0703 -1.2665 6.2274
v -3.9390 -1.3009 6.3773
v -3.9114 -1.3009 6.3323
v -3.7940 -1.3999 6.4747
v -3.7663 -1.3999 6.4297
v -3.6903 -1.5516 6.5421
v -3.6627 -1.5516 6.5047
v -3.6351 -1.7377 6.5796
v -3.6074 -1.7377 6.5421
v -3.6351 -1.9363 6.5796
v -3.6074 -1.9363 6.5421
v -3.6903 -2.1224 6.5421
v -3.6627 -2.1224 6.5047
v -3.7940 -2.2741 6.4747
v -3.7663 -2.2741 6.4297
v -3.9390 -2.3731 6.3773
v -3.9114 -2.3731 6.3323
v -4.0979 -2.4076 6.2648
v -4.0703 -2.4076 6.2274
v -4.2637 -2.3731 6.1599
v -4.2361 -2.3731 6.1149
v -4.4019 -2.2741 6.0625
v -4.3743 -2.2741 6.0250
v -4.5124 -2.1224 5.9950
v -4.4848 -2.1224 5.9500
v 8.1990 -2.2741 0.0441
v 8.2543 -2.2741 0.0441
v 8.1990 -2.3731 -0.1208
v 8.2543 -2.3731 -0.1208
v 8.1990 -2.4076 -0.3157
v 8.2543 -2.4076 -0.3157
v 8.1990 -2.3731 -0.5106
v 8.2543 -2.3731 -0.5106
v 8.1990 -2.2741 -0.6829
v 8.2543 -2.2741 -0.6829
v 8.1990 -2.1224 -0.8104
v 8.2543 -2.1224 -0.8104
v 8.1990 -1.9363 -0.8778
v 8.2543 -1.9363 -0.8778
v 8.1990 -1.7377 -0.8778
v 8.2543 -1.7377 -0.8778
v 8.1990 -1.5516 -0.8104
v 8.2543 -1.5516 -0.8104
v 8.1990 -1.3999 -0.6829
v 8.2543 -1.3999 -0.6829
v 8.1990 -1.3009 -0.5106
v 8.2543 -1.3009 -0.5106
v 8.1990 -1.2665 -0.3157
v 8.2543 -1.2665 -0.3157
v 8.1990 -1.3009 -0.1208
v 8.2543 -1.3009 -0.1208
v 8.1990 -1.3999 0.0441
v 8.2543 -1.3999 0.0441
v 8.1990 -1.5516 0.1715
v 8.2543 -1.5516 0.1715
v 8.1990 -1.7377 0.2389
v 8.2543 -1.7377 0.2389
v 8.1990 -1.9363 0.2389
v 8.2543 -1.9363 0.2389
v 8.1990 -2.1224 0.1715
v 8.2543 -2.1224 0.1715
v -2.6403 -1.8373 -5.0375
v -2.6403 -1.8373 -5.0675
v -2.6334 -1.7521 -5.0300
v -2.6265 -1.7465 -5.0525
v -2.6126 -1.6757 -4.9925
v -2.6057 -1.6650 -5.0150
v -2.5781 -1.6155 -4.9475
v -2.5712 -1.5998 -4.9625
v -2.5366 -1.5767 -4.8801
v -2.5228 -1.5585 -4.8951
v -2.4883 -1.5629 -4.8126
v -2.4745 -1.5441 -4.8201
v -2.4399 -1.5767 -4.7377
v -2.4261 -1.5585 -4.7452
v -2.3985 -1.6155 -4.6777
v -2.3778 -1.5998 -4.6777
v -2.3639 -1.6757 -4.6253
v -2.3432 -1.6650 -4.6253
v -2.3432 -1.7521 -4.5953
v -2.3225 -1.7465 -4.5878
v -2.3363 -1.8373 -4.5803
v -2.3087 -1.8373 -4.5803
v -2.3432 -1.9219 -4.5953
v -2.3225 -1.9276 -4.5878
v -2.3639 -1.9984 -4.6253
v -2.3432 -2.0090 -4.6253
v -2.3985 -2.0585 -4.6777
v -2.3778 -2.0742 -4.6777
v -2.4399 -2.0974 -4.7377
v -2.4261 -2.1155 -4.7452
v -2.4883 -2.1112 -4.8126
v -2.4745 -2.1300 -4.8201
v -2.5366 -2.0974 -4.8801
v -2.5228 -2.1155 -4.8951
v -2.5781 -2.0585 -4.9475
v -2.5712 -2.0742 -4.9625
v -2.6126 -1.9984 -4.9925
v -2.6057 -2.0090 -5.0150
v -2.6334 -1.9219 -5.0300
v -2.6265 -1.9276 -5.0525
v -2.7508 -1.9984 -5.2323
v -2.7646 -1.8373 -5.2548
v -2.7508 -1.6757 -5.2323
v -2.7094 -1.5297 -5.1724
v -2.6472 -1.4137 -5.0749
v -2.5643 -1.3398 -4.9550
v -2.4745 -1.3141 -4.8201
v -2.3847 -1.3398 -4.6852
v -2.3018 -1.4137 -4.5653
v -2.2396 -1.5297 -4.4679
v -2.1981 -1.6757 -4.4079
v -2.1843 -1.8373 -4.3854
v -2.1981 -1.9984 -4.4079
v -2.2396 -2.1444 -4.4679
v -2.3018 -2.2603 -4.5653
v -2.3847 -2.3342 -4.6852
v -2.4745 -2.3599 -4.8201
v -2.5643 -2.3342 -4.9550
v -2.6472 -2.2603 -5.0749
v -2.7094 -2.1444 -5.1724
v -2.7508 -2.1751 -5.1949
v -2.7992 -2.0147 -5.2623
v -2.8130 -1.8373 -5.2848
v -2.7992 -1.6594 -5.2623
v -2.7508 -1.4989 -5.1949
v -2.6817 -1.3717 -5.0899
v -2.5919 -1.2903 -4.9550
v -2.4952 -1.2621 -4.8126
v -2.3916 -1.2903 -4.6627
v -2.3018 -1.3717 -4.5278
v -2.2327 -1.4989 -4.4229
v -2.1912 -1.6594 -4.3554
v -2.1705 -1.8373 -4.3330
v -2.1912 -2.0147 -4.3554
v -2.2327 -2.1751 -4.4229
v -2.3018 -2.3023 -4.5278
v -2.3916 -2.3837 -4.6627
v -2.4952 -2.4119 -4.8126
v -2.5919 -2.3837 -4.9550
v -2.6817 -2.3023 -5.0899
v 5.5324 -1.5767 -0.1658
v 5.5738 -1.7039 -0.1658
v 5.6153 -1.5629 -0.1658
v 5.6153 -1.6970 -0.1658
v 5.6982 -1.5767 -0.1658
v 5.6567 -1.7039 -0.1658
v 5.7742 -1.6155 -0.1658
v 5.6982 -1.7239 -0.1658
v 5.8363 -1.6757 -0.1658
v 5.7258 -1.7546 -0.1658
v 5.8778 -1.7521 -0.1658
v 5.7465 -1.7941 -0.1658
v 5.8916 -1.8373 -0.1658
v 5.7534 -1.8373 -0.1658
v 5.8778 -1.9219 -0.1658
v 5.7465 -1.8799 -0.1658
v 5.8363 -1.9984 -0.1658
v 5.7258 -1.9194 -0.1658
v 5.7742 -2.0585 -0.1658
v 5.6982 -1.9501 -0.1658
v 5.6982 -2.0974 -0.1658
v 5.6567 -1.9702 -0.1658
v 5.6153 -2.1112 -0.1658
v 5.6153 -1.9771 -0.1658
v 5.5324 -2.0974 -0.1658
v 5.5738 -1.9702 -0.1658
v 5.4564 -2.0585 -0.1658
v 5.5324 -1.9501 -0.1658
v 5.3942 -1.9984 -0.1658
v 5.5047 -1.9194 -0.1658
v 5.3527 -1.9219 -0.1658
v 5.4840 -1.8799 -0.1658
v 5.3389 -1.8373 -0.1658
v 5.4771 -1.8373 -0.1658
v 5.3527 -1.7521 -0.1658
v 5.4840 -1.7941 -0.1658
v 5.3942 -1.6757 -0.1658
v 5.5047 -1.7546 -0.1658
v 5.4564 -1.6155 -0.1658
v 5.5324 -1.7239 -0.1658
v -1.9632 -1.3717 -4.7602
v -1.9978 -1.4137 -4.7752
v -1.8873 -1.4989 -4.6552
v -1.9287 -1.5297 -4.6777
v -1.8458 -1.6594 -4.5878
v -1.8873 -1.6757 -4.6178
v -1.8320 -1.8373 -4.5653
v -1.8734 -1.8373 -4.5953
v -1.8458 -2.0147 -4.5878
v -1.8873 -1.9984 -4.6178
v -1.8873 -2.1751 -4.6552
v -1.9287 -2.1444 -4.6777
v -1.9632 -2.3023 -4.7602
v -1.9978 -2.2603 -4.7752
v -2.0461 -2.3837 -4.8951
v -2.0738 -2.3342 -4.8951
v -2.1498 -2.4119 -5.0375
v -2.1636 -2.3599 -5.0300
v -2.2465 -2.3837 -5.1874
v -2.2534 -2.3342 -5.1649
v -2.3363 -2.3023 -5.3223
v -2.3363 -2.2603 -5.2848
v -2.4054 -2.1751 -5.4272
v -2.3985 -2.1444 -5.3822
v -2.4537 -2.0147 -5.4947
v -2.4399 -1.9984 -5.4422
v -2.4676 -1.8373 -5.5171
v -2.4537 -1.8373 -5.4647
v -2.4537 -1.6594 -5.4947
v -2.4399 -1.6757 -5.4422
v -2.4054 -1.4989 -5.4272
v -2.3985 -1.5297 -5.3822
v -2.3363 -1.3717 -5.3223
v -2.3363 -1.4137 -5.2848
v -2.2465 -1.2903 -5.1874
v -2.2534 -1.3398 -5.1649
v -2.1498 -1.2621 -5.0375
v -2.1636 -1.3141 -5.0300
v -2.0461 -1.2903 -4.8951
v -2.0738 -1.3398 -4.8951
v -2.1152 -1.5585 -4.9550
v -2.0738 -1.5998 -4.8876
v -2.0323 -1.6650 -4.8276
v -2.0116 -1.7465 -4.7976
v -2.0047 -1.8373 -4.7826
v -2.0116 -1.9276 -4.7976
v -2.0323 -2.0090 -4.8276
v -2.0738 -2.0742 -4.8876
v -2.1152 -2.1155 -4.9550
v -2.1636 -2.1300 -5.0300
v -2.2189 -2.1155 -5.1049
v -2.2603 -2.0742 -5.1724
v -2.2949 -2.0090 -5.2248
v -2.3225 -1.9276 -5.2623
v -2.3294 -1.8373 -5.2698
v -2.3225 -1.7465 -5.2623
v -2.2949 -1.6650 -5.2248
v -2.2603 -1.5998 -5.1724
v -2.2189 -1.5585 -5.1049
v -2.1636 -1.5441 -5.0300
v -2.1498 -1.5629 -5.0375
v -2.1014 -1.5767 -4.9700
v -2.0600 -1.6155 -4.9026
v -2.0254 -1.6757 -4.8576
v -2.0047 -1.7521 -4.8201
v -1.9978 -1.8373 -4.8126
v -2.0047 -1.9219 -4.8201
v -2.0254 -1.9984 -4.8576
v -2.0600 -2.0585 -4.9026
v -2.1014 -2.0974 -4.9700
v -2.1498 -2.1112 -5.0375
v -2.1981 -2.0974 -5.1049
v -2.2396 -2.0585 -5.1724
v -2.2741 -1.9984 -5.2248
v -2.2949 -1.9219 -5.2548
v -2.3018 -1.8373 -5.2623
v -2.2949 -1.7521 -5.2548
v -2.2741 -1.6757 -5.2248
v -2.2396 -1.6155 -5.1724
v -2.1981 -1.5767 -5.1049
v -1.7353 -1.9219 -5.0000
v -1.7076 -1.9276 -5.0000
v -1.7560 -1.9984 -5.0375
v -1.7353 -2.0090 -5.0300
v -1.7905 -2.0585 -5.0824
v -1.7698 -2.0742 -5.0824
v -1.8320 -2.0974 -5.1499
v -1.8182 -2.1155 -5.1499
v -1.8803 -2.1112 -5.2174
v -1.8665 -2.1300 -5.2323
v -1.9287 -2.0974 -5.2923
v -1.9149 -2.1155 -5.3073
v -1.9702 -2.0585 -5.3523
v -1.9632 -2.0742 -5.3747
v -2.0047 -1.9984 -5.4047
v -1.9978 -2.0090 -5.4272
v -2.0254 -1.9219 -5.4347
v -2.0185 -1.9276 -5.4572
v -2.0323 -1.8373 -5.4497
v -2.0254 -1.8373 -5.4722
v -2.0254 -1.7521 -5.4347
v -2.0185 -1.7465 -5.4572
v -2.0047 -1.6757 -5.4047
v -1.9978 -1.6650 -5.4272
v -1.9702 -1.6155 -5.3523
v -1.9632 -1.5998 -5.3747
v -1.9287 -1.5767 -5.2923
v -1.9149 -1.5585 -5.3073
v -1.8803 -1.5629 -5.2174
v -1.8665 -1.5441 -5.2323
v -1.8320 -1.5767 -5.1499
v -1.8182 -1.5585 -5.1499
v -1.7905 -1.6155 -5.0824
v -1.7698 -1.5998 -5.0824
v -1.7560 -1.6757 -5.0375
v -1.7353 -1.6650 -5.0300
v -1.7353 -1.7521 -5.0000
v -1.7076 -1.7465 -5.0000
v -1.7284 -1.8373 -4.9925
v -1.7007 -1.8373 -4.9850
v -1.5764 -1.8373 -4.7976
v -1.5902 -1.9984 -4.8126
v -1.6316 -2.1444 -4.8801
v -1.6938 -2.2603 -4.9700
v -1.7767 -2.3342 -5.0974
v -1.8665 -2.3599 -5.2323
v -1.9563 -2.3342 -5.3598
v -2.0392 -2.2603 -5.4872
v -2.1014 -2.1444 -5.5771
v -2.1429 -1.9984 -5.6446
v -2.1567 -1.8373 -5.6670
v -2.1429 -1.6757 -5.6446
v -2.1014 -1.5297 -5.5771
v -2.0392 -1.4137 -5.4872
v -1.9563 -1.3398 -5.3598
v -1.8665 -1.3141 -5.2323
v -1.7767 -1.3398 -5.0974
v -1.6938 -1.4137 -4.9700
v -1.6316 -1.5297 -4.8801
v -1.5902 -1.6757 -4.8126
v -1.5764 -1.6594 -4.7602
v -1.5626 -1.8373 -4.7377
v -1.5764 -2.0147 -4.7602
v -1.6247 -2.1751 -4.8276
v -1.6938 -2.3023 -4.9325
v -1.7836 -2.3837 -5.0675
v -1.8803 -2.4119 -5.2174
v -1.9840 -2.3837 -5.3672
v -2.0738 -2.3023 -5.4947
v -2.1429 -2.1751 -5.6071
v -2.1843 -2.0147 -5.6745
v -2.2050 -1.8373 -5.6970
v -2.1843 -1.6594 -5.6745
v -2.1429 -1.4989 -5.6071
v -2.0738 -1.3717 -5.4947
v -1.9840 -1.2903 -5.3672
v -1.8803 -1.2621 -5.2174
v -1.7836 -1.2903 -5.0675
v -1.6938 -1.3717 -4.9325
v -1.6247 -1.4989 -4.8276
v 5.3389 -1.8373 -1.2001
v 5.4771 -1.8373 -1.2001
v 5.3527 -1.9219 -1.2001
v 5.4840 -1.8799 -1.2001
v 5.3942 -1.9984 -1.2001
v 5.5047 -1.9194 -1.2001
v 5.4564 -2.0585 -1.2001
v 5.5324 -1.9501 -1.2001
v 5.5324 -2.0974 -1.2001
v 5.5738 -1.9702 -1.2001
v 5.6153 -2.1112 -1.2001
v 5.6153 -1.9771 -1.2001
v 5.6982 -2.0974 -1.2001
v 5.6567 -1.9702 -1.2001
v 5.7742 -2.0585 -1.2001
v 5.6982 -1.9501 -1.2001
v 5.8363 -1.9984 -1.2001
v 5.7258 -1.9194 -1.2001
v 5.8778 -1.9219 -1.2001
v 5.7465 -1.8799 -1.2001
v 5.8916 -1.8373 -1.2001
v 5.7534 -1.8373 -1.2001
v 5.8778 -1.7521 -1.2001
v 5.7465 -1.7941 -1.2001
v 5.8363 -1.6757 -1.2001
v 5.7258 -1.7546 -1.2001
v 5.7742 -1.6155 -1.2001
v 5.6982 -1.7239 -1.2001
v 5.6982 -1.5767 -1.2001
v 5.6567 -1.7039 -1.2001
v 5.6153 -1.5629 -1.2001
v 5.6153 -1.6970 -1.2001
v 5.5324 -1.5767 -1.2001
v 5.5738 -1.7039 -1.2001
v 5.4564 -1.6155 -1.2001
v 5.5324 -1.7239 -1.2001
v 5.3942 -1.6757 -1.2001
v 5.5047 -1.7546 -1.2001
v 5.3527 -1.7521 -1.2001
v 5.4840 -1.7941 -1.2001
v -3.4900 -1.6757 3.7690
v -3.4278 -1.7546 3.6791
v -3.5107 -1.7521 3.7990
v -3.4416 -1.7941 3.6941
v -3.5176 -1.8373 3.8140
v -3.4416 -1.8373 3.7016
v -3.5107 -1.9219 3.7990
v -3.4416 -1.8799 3.6941
v -3.4900 -1.9984 3.7690
v -3.4278 -1.9194 3.6791
v -3.4555 -2.0585 3.7166
v -3.4140 -1.9501 3.6566
v -3.4140 -2.0974 3.6566
v -3.3864 -1.9702 3.6191
v -3.3657 -2.1112 3.5892
v -3.3657 -1.9771 3.5892
v -3.3173 -2.0974 3.5142
v -3.3380 -1.9702 3.5517
v -3.2758 -2.0585 3.4542
v -3.3173 -1.9501 3.5142
v -3.2413 -1.9984 3.4018
v -3.3035 -1.9194 3.4917
v -3.2206 -1.9219 3.3718
v -3.2897 -1.8799 3.4767
v -3.2137 -1.8373 3.3568
v -3.2897 -1.8373 3.4692
v -3.2206 -1.7521 3.3718
v -3.2897 -1.7941 3.4767
v -3.2413 -1.6757 3.4018
v -3.3035 -1.7546 3.4917
v -3.2758 -1.6155 3.4542
v -3.3173 -1.7239 3.5142
v -3.3173 -1.5767 3.5142
v -3.3380 -1.7039 3.5517
v -3.3657 -1.5629 3.5892
v -3.3657 -1.6970 3.5892
v -3.4140 -1.5767 3.6566
v -3.3864 -1.7039 3.6191
v -3.4555 -1.6155 3.7166
v -3.4140 -1.7239 3.6566
v -2.1083 -1.5767 4.3237
v -2.1221 -1.5585 4.3087
v -2.0669 -1.6155 4.2637
v -2.0807 -1.5998 4.2412
v -2.0323 -1.6757 4.2112
v -2.0392 -1.6650 4.1887
v -2.0116 -1.7521 4.1813
v -2.0185 -1.7465 4.1513
v -2.0047 -1.8373 4.1663
v -2.0116 -1.8373 4.1438
v -2.0116 -1.9219 4.1813
v -2.0185 -1.9276 4.1513
v -2.0323 -1.9984 4.2112
v -2.0392 -2.0090 4.1887
v -2.0669 -2.0585 4.2637
v -2.0807 -2.0742 4.2412
v -2.1083 -2.0974 4.3237
v -2.1221 -2.1155 4.3087
v -2.1567 -2.1112 4.3986
v -2.1774 -2.1300 4.3836
v -2.2050 -2.0974 4.4661
v -2.2258 -2.1155 4.4586
v -2.2465 -2.0585 4.5260
v -2.2672 -2.0742 4.5260
v -2.2810 -1.9984 4.5785
v -2.3087 -2.0090 4.5785
v -2.3018 -1.9219 4.6085
v -2.3294 -1.9276 4.6160
v -2.3087 -1.8373 4.6235
v -2.3363 -1.8373 4.6309
v -2.3018 -1.7521 4.6085
v -2.3294 -1.7465 4.6160
v -2.2810 -1.6757 4.5785
v -2.3087 -1.6650 4.5785
v -2.2465 -1.6155 4.5260
v -2.2672 -1.5998 4.5260
v -2.2050 -1.5767 4.4661
v -2.2258 -1.5585 4.4586
v -2.1567 -1.5629 4.3986
v -2.1774 -1.5441 4.3836
v -2.1774 -1.3141 4.3836
v -2.0807 -1.3398 4.2487
v -2.0047 -1.4137 4.1288
v -1.9356 -1.5297 4.0314
v -1.8942 -1.6757 3.9714
v -1.8803 -1.8373 3.9489
v -1.8942 -1.9984 3.9714
v -1.9356 -2.1444 4.0314
v -2.0047 -2.2603 4.1288
v -2.0807 -2.3342 4.2487
v -2.1774 -2.3599 4.3836
v -2.2672 -2.3342 4.5185
v -2.3432 -2.2603 4.6384
v -2.4123 -2.1444 4.7359
v -2.4537 -1.9984 4.7958
v -2.4676 -1.8373 4.8183
v -2.4537 -1.6757 4.7958
v -2.4123 -1.5297 4.7359
v -2.3432 -1.4137 4.6384
v -2.2672 -1.3398 4.5185
v -2.2534 -1.2903 4.5410
v -2.1567 -1.2621 4.3986
v -2.0600 -1.2903 4.2487
v -1.9702 -1.3717 4.1138
v -1.8942 -1.4989 4.0089
v -1.8527 -1.6594 3.9414
v -1.8389 -1.8373 3.9189
v -1.8527 -2.0147 3.9414
v -1.8942 -2.1751 4.0089
v -1.9702 -2.3023 4.1138
v -2.0600 -2.3837 4.2487
v -2.1567 -2.4119 4.3986
v -2.2534 -2.3837 4.5410
v -2.3432 -2.3023 4.6759
v -2.4123 -2.1751 4.7808
v -2.4607 -2.0147 4.8483
v -2.4745 -1.8373 4.8708
v -2.4607 -1.6594 4.8483
v -2.4123 -1.4989 4.7808
v -2.3432 -1.3717 4.6759
v -2.1014 -1.9501 4.3312
v -2.0600 -2.0585 4.2712
v -2.1221 -1.9702 4.3686
v -2.1014 -2.0974 4.3312
v -2.1498 -1.9771 4.3986
v -2.1498 -2.1112 4.3986
v -2.1705 -1.9702 4.4361
v -2.1981 -2.0974 4.4736
v -2.1981 -1.9501 4.4736
v -2.2396 -2.0585 4.5335
v -2.2119 -1.9194 4.4960
v -2.2741 -1.9984 4.5860
v -2.2258 -1.8799 4.5110
v -2.2949 -1.9219 4.6160
v -2.2258 -1.8373 4.5185
v -2.3018 -1.8373 4.6309
v -2.2258 -1.7941 4.5110
v -2.2949 -1.7521 4.6160
v -2.2119 -1.7546 4.4960
v -2.2741 -1.6757 4.5860
v -2.1981 -1.7239 4.4736
v -2.2396 -1.6155 4.5335
v -2.1705 -1.7039 4.4361
v -2.1981 -1.5767 4.4736
v -2.1498 -1.6970 4.3986
v -2.1498 -1.5629 4.3986
v -2.1221 -1.7039 4.3686
v -2.1014 -1.5767 4.3312
v -2.1014 -1.7239 4.3312
v -2.0600 -1.6155 4.2712
v -2.0876 -1.7546 4.3087
v -2.0254 -1.6757 4.2187
v -2.0738 -1.7941 4.2937
v -2.0047 -1.7521 4.1887
v -2.0738 -1.8373 4.2862
v -1.9978 -1.8373 4.1738
v -2.0738 -1.8799 4.2937
v -2.0047 -1.9219 4.1887
v -2.0876 -1.9194 4.3087
v -2.0254 -1.9984 4.2187
v -2.7163 -1.5767 3.9189
v -2.7301 -1.5585 3.9039
v -2.6748 -1.6155 3.8515
v -2.6886 -1.5998 3.8365
v -2.6403 -1.6757 3.8065
v -2.6472 -1.6650 3.7765
v -2.6195 -1.7521 3.7690
v -2.6265 -1.7465 3.7465
v -2.6126 -1.8373 3.7615
v -2.6195 -1.8373 3.7316
v -2.6195 -1.9219 3.7690
v -2.6265 -1.9276 3.7465
v -2.6403 -1.9984 3.8065
v -2.6472 -2.0090 3.7765
v -2.6748 -2.0585 3.8515
v -2.6886 -2.0742 3.8365
v -2.7163 -2.0974 3.9189
v -2.7301 -2.1155 3.9039
v -2.7646 -2.1112 3.9864
v -2.7853 -2.1300 3.9789
v -2.8130 -2.0974 4.0538
v -2.8337 -2.1155 4.0538
v -2.8544 -2.0585 4.1213
v -2.8752 -2.0742 4.1213
v -2.8890 -1.9984 4.1738
v -2.9166 -2.0090 4.1738
v -2.9097 -1.9219 4.2037
v -2.9373 -1.9276 4.2112
v -2.9166 -1.8373 4.2112
v -2.9442 -1.8373 4.2187
v -2.9097 -1.7521 4.2037
v -2.9373 -1.7465 4.2112
v -2.8890 -1.6757 4.1738
v -2.9166 -1.6650 4.1738
v -2.8544 -1.6155 4.1213
v -2.8752 -1.5998 4.1213
v -2.8130 -1.5767 4.0538
v -2.8337 -1.5585 4.0538
v -2.7646 -1.5629 3.9864
v -2.7853 -1.5441 3.9789
v -2.7853 -1.3141 3.9789
v -2.6955 -1.3398 3.8440
v -2.6126 -1.4137 3.7241
v -2.5436 -1.5297 3.6266
v -2.5021 -1.6757 3.5667
v -2.4883 -1.8373 3.5442
v -2.5021 -1.9984 3.5667
v -2.5436 -2.1444 3.6266
v -2.6126 -2.2603 3.7241
v -2.6955 -2.3342 3.8440
v -2.7853 -2.3599 3.9789
v -2.8752 -2.3342 4.1138
v -2.9511 -2.2603 4.2337
v -3.0202 -2.1444 4.3312
v -3.0617 -1.9984 4.3911
v -3.0755 -1.8373 4.4136
v -3.0617 -1.6757 4.3911
v -3.0202 -1.5297 4.3312
v -2.9511 -1.4137 4.2337
v -2.8752 -1.3398 4.1138
v -2.8613 -1.2903 4.1363
v -2.7646 -1.2621 3.9864
v -2.6679 -1.2903 3.8440
v -2.5781 -1.3717 3.7091
v -2.5021 -1.4989 3.6041
v -2.4607 -1.6594 3.5367
v -2.4468 -1.8373 3.5142
v -2.4607 -2.0147 3.5367
v -2.5021 -2.1751 3.6041
v -2.5781 -2.3023 3.7091
v -2.6679 -2.3837 3.8440
v -2.7646 -2.4119 3.9864
v -2.8613 -2.3837 4.1363
v -2.9511 -2.3023 4.2712
v -3.0271 -2.1751 4.3761
v -3.0686 -2.0147 4.4436
v -3.0824 -1.8373 4.4661
v -3.0686 -1.6594 4.4436
v -3.0271 -1.4989 4.3761
v -2.9511 -1.3717 4.2712
v -1.9425 -1.9501 4.6384
v -1.9909 -2.0585 4.7059
v -1.9218 -1.9702 4.6085
v -1.9494 -2.0974 4.6384
v -1.9011 -1.9771 4.5710
v -1.9011 -2.1112 4.5710
v -1.8734 -1.9702 4.5335
v -1.8527 -2.0974 4.4960
v -1.8527 -1.9501 4.5035
v -1.8113 -2.0585 4.4361
v -1.8389 -1.9194 4.4736
v -1.7767 -1.9984 4.3836
v -1.8251 -1.8799 4.4586
v -1.7560 -1.9219 4.3536
v -1.8182 -1.8373 4.4511
v -1.7491 -1.8373 4.3386
v -1.8251 -1.7941 4.4586
v -1.7560 -1.7521 4.3536
v -1.8389 -1.7546 4.4736
v -1.7767 -1.6757 4.3836
v -1.8527 -1.7239 4.5035
v -1.8113 -1.6155 4.4361
v -1.8734 -1.7039 4.5335
v -1.8527 -1.5767 4.4960
v -1.9011 -1.6970 4.5710
v -1.9011 -1.5629 4.5710
v -1.9218 -1.7039 4.6085
v -1.9494 -1.5767 4.6384
v -1.9425 -1.7239 4.6384
v -1.9909 -1.6155 4.7059
v -1.9632 -1.7546 4.6609
v -2.0254 -1.6757 4.7509
v -1.9702 -1.7941 4.6834
v -2.0461 -1.7521 4.7883
v -1.9771 -1.8373 4.6834
v -2.0531 -1.8373 4.7958
v -1.9702 -1.8799 4.6834
v -2.0461 -1.9219 4.7883
v -1.9632 -1.9194 4.6609
v -2.0254 -1.9984 4.7509
v -3.4831 -1.8373 -4.3479
v -3.4416 -1.8373 -4.2880
v -3.4624 -1.7383 -4.3255
v -3.4278 -1.7822 -4.2730
v -3.4140 -1.6769 -4.2580
v -3.4002 -1.7477 -4.2355
v -3.3587 -1.6769 -4.1681
v -3.3726 -1.7477 -4.1906
v -3.3104 -1.7383 -4.1006
v -3.3449 -1.7822 -4.1456
v -3.2897 -1.8373 -4.0706
v -3.3311 -1.8373 -4.1306
v -3.3104 -1.9357 -4.1006
v -3.3449 -1.8918 -4.1456
v -3.3587 -1.9971 -4.1681
v -3.3726 -1.9263 -4.1906
v -3.4140 -1.9971 -4.2580
v -3.4002 -1.9263 -4.2355
v -3.4624 -1.9357 -4.3255
v -3.4278 -1.8918 -4.2730
v -3.3864 -1.8373 -4.2130
v -4.5539 -1.7377 -6.6039
v -4.2154 -1.8098 -6.8288
v -4.4986 -1.5516 -6.6414
v -4.2016 -1.7577 -6.8363
v -4.3950 -1.3999 -6.7088
v -4.1739 -1.7158 -6.8587
v -4.2499 -1.3009 -6.8063
v -4.1325 -1.6882 -6.8812
v -4.0910 -1.2665 -6.9112
v -4.0910 -1.6788 -6.9112
v -3.9252 -1.3009 -7.0236
v -4.0427 -1.6882 -6.9412
v -3.7802 -1.3999 -7.1211
v -4.0012 -1.7158 -6.9712
v -3.6765 -1.5516 -7.1885
v -3.9736 -1.7577 -6.9936
v -3.6213 -1.7377 -7.2260
v -3.9598 -1.8098 -7.0011
v -3.6213 -1.9363 -7.2260
v -3.9598 -1.8643 -7.0011
v -3.6765 -2.1224 -7.1885
v -3.9736 -1.9163 -6.9936
v -3.7802 -2.2741 -7.1211
v -4.0012 -1.9583 -6.9712
v -3.9252 -2.3731 -7.0236
v -4.0427 -1.9858 -6.9412
v -4.0910 -2.4076 -6.9112
v -4.0910 -1.9952 -6.9112
v -4.2499 -2.3731 -6.8063
v -4.1325 -1.9858 -6.8812
v -4.3950 -2.2741 -6.7088
v -4.1739 -1.9583 -6.8587
v -4.4986 -2.1224 -6.6414
v -4.2016 -1.9163 -6.8363
v -4.5539 -1.9363 -6.6039
v -4.2154 -1.8643 -6.8288
v 5.5324 -2.0974 -0.4731
v 5.5738 -1.9702 -0.4731
v 5.6153 -2.1112 -0.4731
v 5.6153 -1.9771 -0.4731
v 5.6982 -2.0974 -0.4731
v 5.6567 -1.9702 -0.4731
v 5.7742 -2.0585 -0.4731
v 5.6982 -1.9501 -0.4731
v 5.8363 -1.9984 -0.4731
v 5.7258 -1.9194 -0.4731
v 5.8778 -1.9219 -0.4731
v 5.7465 -1.8799 -0.4731
v 5.8916 -1.8373 -0.4731
v 5.7534 -1.8373 -0.4731
v 5.8778 -1.7521 -0.4731
v 5.7465 -1.7941 -0.4731
v 5.8363 -1.6757 -0.4731
v 5.7258 -1.7546 -0.4731
v 5.7742 -1.6155 -0.4731
v 5.6982 -1.7239 -0.4731
v 5.6982 -1.5767 -0.4731
v 5.6567 -1.7039 -0.4731
v 5.6153 -1.5629 -0.4731
v 5.6153 -1.6970 -0.4731
v 5.5324 -1.5767 -0.4731
v 5.5738 -1.7039 -0.4731
v 5.4564 -1.6155 -0.4731
v 5.5324 -1.7239 -0.4731
v 5.3942 -1.6757 -0.4731
v 5.5047 -1.7546 -0.4731
v 5.3527 -1.7521 -0.4731
v 5.4840 -1.7941 -0.4731
v 5.3389 -1.8373 -0.4731
v 5.4771 -1.8373 -0.4731
v 5.3527 -1.9219 -0.4731
v 5.4840 -1.8799 -0.4731
v 5.3942 -1.9984 -0.4731
v 5.5047 -1.9194 -0.4731
v 5.4564 -2.0585 -0.4731
v 5.5324 -1.9501 -0.4731
v 8.1990 -2.4784 -0.3157
v 8.1990 -2.4076 -0.3157
v 8.1990 -2.4395 -0.5405
v 8.1990 -2.3731 -0.5106
v 8.1990 -2.3286 -0.7279
v 8.1990 -2.2741 -0.6829
v 8.1990 -2.1575 -0.8778
v 8.1990 -2.1224 -0.8104
v 8.1990 -1.9482 -0.9528
v 8.1990 -1.9363 -0.8778
v 8.1990 -1.7258 -0.9528
v 8.1990 -1.7377 -0.8778
v 8.1990 -1.5165 -0.8778
v 8.1990 -1.5516 -0.8104
v 8.1990 -1.3454 -0.7279
v 8.1990 -1.3999 -0.6829
v 8.1990 -1.2345 -0.5405
v 8.1990 -1.3009 -0.5106
v 8.1990 -1.1957 -0.3157
v 8.1990 -1.2665 -0.3157
v 8.1990 -1.2345 -0.0983
v 8.1990 -1.3009 -0.1208
v 8.1990 -1.3454 0.0965
v 8.1990 -1.3999 0.0441
v 8.1990 -1.5165 0.2389
v 8.1990 -1.5516 0.1715
v 8.1990 -1.7258 0.3139
v 8.1990 -1.7377 0.2389
v 8.1990 -1.9482 0.3139
v 8.1990 -1.9363 0.2389
v 8.1990 -2.1575 0.2389
v 8.1990 -2.1224 0.1715
v 8.1990 -2.3286 0.0965
v 8.1990 -2.2741 0.0441
v 8.1990 -2.4395 -0.0983
v 8.1990 -2.3731 -0.1208
v -3.9943 -1.7158 6.2948
v -3.9667 -1.7577 6.3173
v -4.0772 -1.8373 6.2424
v -3.9529 -1.8098 6.3248
v -3.9529 -1.8643 6.3248
v -3.9667 -1.9163 6.3173
v -3.9943 -1.9583 6.2948
v -4.0358 -1.9858 6.2723
v -4.0772 -1.9952 6.2424
v -4.1256 -1.9858 6.2124
v -4.1670 -1.9583 6.1824
v -4.1947 -1.9163 6.1674
v -4.2085 -1.8643 6.1524
v -4.2085 -1.8098 6.1524
v -4.1947 -1.7577 6.1674
v -4.1670 -1.7158 6.1824
v -4.1256 -1.6882 6.2124
v -4.0772 -1.6788 6.2424
v -4.0358 -1.6882 6.2723
v 5.8778 -1.7521 -0.9003
v 5.7465 -1.7941 -0.9003
v 5.8916 -1.8373 -0.9003
v 5.7534 -1.8373 -0.9003
v 5.8778 -1.9219 -0.9003
v 5.7465 -1.8799 -0.9003
v 5.8363 -1.9984 -0.9003
v 5.7258 -1.9194 -0.9003
v 5.7742 -2.0585 -0.9003
v 5.6982 -1.9501 -0.9003
v 5.6982 -2.0974 -0.9003
v 5.6567 -1.9702 -0.9003
v 5.6153 -2.1112 -0.9003
v 5.6153 -1.9771 -0.9003
v 5.5324 -2.0974 -0.9003
v 5.5738 -1.9702 -0.9003
v 5.4564 -2.0585 -0.9003
v 5.5324 -1.9501 -0.9003
v 5.3942 -1.9984 -0.9003
v 5.5047 -1.9194 -0.9003
v 5.3527 -1.9219 -0.9003
v 5.4840 -1.8799 -0.9003
v 5.3389 -1.8373 -0.9003
v 5.4771 -1.8373 -0.9003
v 5.3527 -1.7521 -0.9003
v 5.4840 -1.7941 -0.9003
v 5.3942 -1.6757 -0.9003
v 5.5047 -1.7546 -0.9003
v 5.4564 -1.6155 -0.9003
v 5.5324 -1.7239 -0.9003
v 5.5324 -1.5767 -0.9003
v 5.5738 -1.7039 -0.9003
v 5.6153 -1.5629 -0.9003
v 5.6153 -1.6970 -0.9003
v 5.6982 -1.5767 -0.9003
v 5.6567 -1.7039 -0.9003
v 5.7742 -1.6155 -0.9003
v 5.6982 -1.7239 -0.9003
v 5.8363 -1.6757 -0.9003
v 5.7258 -1.7546 -0.9003
v 6.0781 -1.4989 0.2539
v 6.0367 -1.5297 0.2314
v 5.9538 -1.3717 0.2539
v 5.9192 -1.4137 0.2314
v 5.7949 -1.2903 0.2539
v 5.7742 -1.3398 0.2314
v 5.6153 -1.2621 0.2539
v 5.6153 -1.3141 0.2314
v 5.4356 -1.2903 0.2539
v 5.4564 -1.3398 0.2314
v 5.2768 -1.3717 0.2539
v 5.3044 -1.4137 0.2314
v 5.1524 -1.4989 0.2539
v 5.1939 -1.5297 0.2314
v 5.0695 -1.6594 0.2539
v 5.1179 -1.6757 0.2314
v 5.0419 -1.8373 0.2539
v 5.0902 -1.8373 0.2314
v 5.0695 -2.0147 0.2539
v 5.1179 -1.9984 0.2314
v 5.1524 -2.1751 0.2539
v 5.1939 -2.1444 0.2314
v 5.2768 -2.3023 0.2539
v 5.3044 -2.2603 0.2314
v 5.4356 -2.3837 0.2539
v 5.4564 -2.3342 0.2314
v 5.6153 -2.4119 0.2539
v 5.6153 -2.3599 0.2314
v 5.7949 -2.3837 0.2539
v 5.7742 -2.3342 0.2314
v 5.9538 -2.3023 0.2539
v 5.9192 -2.2603 0.2314
v 6.0781 -2.1751 0.2539
v 6.0367 -2.1444 0.2314
v 6.1610 -2.0147 0.2539
v 6.1127 -1.9984 0.2314
v 6.1887 -1.8373 0.2539
v 6.1403 -1.8373 0.2314
v 6.1610 -1.6594 0.2539
v 6.1127 -1.6757 0.2314
v 5.8916 -1.7465 0.2314
v 5.8502 -1.6650 0.2314
v 5.7880 -1.5998 0.2314
v 5.7051 -1.5585 0.2314
v 5.6153 -1.5441 0.2314
v 5.5255 -1.5585 0.2314
v 5.4426 -1.5998 0.2314
v 5.3804 -1.6650 0.2314
v 5.3389 -1.7465 0.2314
v 5.3251 -1.8373 0.2314
v 5.3389 -1.9276 0.2314
v 5.3804 -2.0090 0.2314
v 5.4426 -2.0742 0.2314
v 5.5255 -2.1155 0.2314
v 5.6153 -2.1300 0.2314
v 5.7051 -2.1155 0.2314
v 5.7880 -2.0742 0.2314
v 5.8502 -2.0090 0.2314
v 5.8916 -1.9276 0.2314
v 5.9054 -1.8373 0.2314
v 5.8916 -1.8373 0.2539
v 5.8778 -1.7521 0.2539
v 5.8363 -1.6757 0.2539
v 5.7742 -1.6155 0.2539
v 5.6982 -1.5767 0.2539
v 5.6153 -1.5629 0.2539
v 5.5324 -1.5767 0.2539
v 5.4564 -1.6155 0.2539
v 5.3942 -1.6757 0.2539
v 5.3527 -1.7521 0.2539
v 5.3389 -1.8373 0.2539
v 5.3527 -1.9219 0.2539
v 5.3942 -1.9984 0.2539
v 5.4564 -2.0585 0.2539
v 5.5324 -2.0974 0.2539
v 5.6153 -2.1112 0.2539
v 5.6982 -2.0974 0.2539
v 5.7742 -2.0585 0.2539
v 5.8363 -1.9984 0.2539
v 5.8778 -1.9219 0.2539
v 6.0781 -2.1751 0.5762
v 6.0367 -2.1444 0.5912
v 5.9538 -2.3023 0.5762
v 5.9192 -2.2603 0.5912
v 5.7949 -2.3837 0.5762
v 5.7742 -2.3342 0.5912
v 5.6153 -2.4119 0.5762
v 5.6153 -2.3599 0.5912
v 5.4356 -2.3837 0.5762
v 5.4564 -2.3342 0.5912
v 5.2768 -2.3023 0.5762
v 5.3044 -2.2603 0.5912
v 5.1524 -2.1751 0.5762
v 5.1939 -2.1444 0.5912
v 5.0695 -2.0147 0.5762
v 5.1179 -1.9984 0.5912
v 5.0419 -1.8373 0.5762
v 5.0902 -1.8373 0.5912
v 5.0695 -1.6594 0.5762
v 5.1179 -1.6757 0.5912
v 5.1524 -1.4989 0.5762
v 5.1939 -1.5297 0.5912
v 5.2768 -1.3717 0.5762
v 5.3044 -1.4137 0.5912
v 5.4356 -1.2903 0.5762
v 5.4564 -1.3398 0.5912
v 5.6153 -1.2621 0.5762
v 5.6153 -1.3141 0.5912
v 5.7949 -1.2903 0.5762
v 5.7742 -1.3398 0.5912
v 5.9538 -1.3717 0.5762
v 5.9192 -1.4137 0.5912
v 6.0781 -1.4989 0.5762
v 6.0367 -1.5297 0.5912
v 6.1610 -1.6594 0.5762
v 6.1127 -1.6757 0.5912
v 6.1887 -1.8373 0.5762
v 6.1403 -1.8373 0.5912
v 6.1610 -2.0147 0.5762
v 6.1127 -1.9984 0.5912
v 5.8916 -1.9276 0.5912
v 5.8502 -2.0090 0.5912
v 5.7880 -2.0742 0.5912
v 5.7051 -2.1155 0.5912
v 5.6153 -2.1300 0.5912
v 5.5255 -2.1155 0.5912
v 5.4426 -2.0742 0.5912
v 5.3804 -2.0090 0.5912
v 5.3389 -1.9276 0.5912
v 5.3251 -1.8373 0.5912
v 5.3389 -1.7465 0.5912
v 5.3804 -1.6650 0.5912
v 5.4426 -1.5998 0.5912
v 5.5255 -1.5585 0.5912
v 5.6153 -1.5441 0.5912
v 5.7051 -1.5585 0.5912
v 5.7880 -1.5998 0.5912
v 5.8502 -1.6650 0.5912
v 5.8916 -1.7465 0.5912
v 5.9054 -1.8373 0.5912
v 5.8916 -1.8373 0.5762
v 5.8778 -1.9219 0.5762
v 5.8363 -1.9984 0.5762
v 5.7742 -2.0585 0.5762
v 5.6982 -2.0974 0.5762
v 5.6153 -2.1112 0.5762
v 5.5324 -2.0974 0.5762
v 5.4564 -2.0585 0.5762
v 5.3942 -1.9984 0.5762
v 5.3527 -1.9219 0.5762
v 5.3389 -1.8373 0.5762
v 5.3527 -1.7521 0.5762
v 5.3942 -1.6757 0.5762
v 5.4564 -1.6155 0.5762
v 5.5324 -1.5767 0.5762
v 5.6153 -1.5629 0.5762
v 5.6982 -1.5767 0.5762
v 5.7742 -1.6155 0.5762
v 5.8363 -1.6757 0.5762
v 5.8778 -1.7521 0.5762
v -3.3726 -2.4119 3.5817
v -3.3933 -2.3599 3.5667
v -3.2758 -2.3837 3.4318
v -3.3035 -2.3342 3.4318
v -3.1860 -2.3023 3.2969
v -3.2206 -2.2603 3.3118
v -3.1100 -2.1751 3.1919
v -3.1515 -2.1444 3.2144
v -3.0686 -2.0147 3.1245
v -3.1100 -1.9984 3.1545
v -3.0548 -1.8373 3.1020
v -3.0962 -1.8373 3.1320
v -3.0686 -1.6594 3.1245
v -3.1100 -1.6757 3.1545
v -3.1100 -1.4989 3.1919
v -3.1515 -1.5297 3.2144
v -3.1860 -1.3717 3.2969
v -3.2206 -1.4137 3.3118
v -3.2758 -1.2903 3.4318
v -3.3035 -1.3398 3.4318
v -3.3726 -1.2621 3.5817
v -3.3933 -1.3141 3.5667
v -3.4693 -1.2903 3.7316
v -3.4831 -1.3398 3.7016
v -3.5591 -1.3717 3.8590
v -3.5591 -1.4137 3.8215
v -3.6351 -1.4989 3.9639
v -3.6282 -1.5297 3.9189
v -3.6765 -1.6594 4.0314
v -3.6696 -1.6757 3.9789
v -3.6903 -1.8373 4.0613
v -3.6834 -1.8373 4.0014
v -3.6765 -2.0147 4.0314
v -3.6696 -1.9984 3.9789
v -3.6351 -2.1751 3.9639
v -3.6282 -2.1444 3.9189
v -3.5591 -2.3023 3.8590
v -3.5591 -2.2603 3.8215
v -3.4693 -2.3837 3.7316
v -3.4831 -2.3342 3.7016
v -3.4416 -2.1155 3.6416
v -3.3933 -2.1300 3.5667
v -3.3380 -2.1155 3.4917
v -3.2966 -2.0742 3.4243
v -3.2551 -2.0090 3.3718
v -3.2344 -1.9276 3.3343
v -3.2275 -1.8373 3.3268
v -3.2344 -1.7465 3.3343
v -3.2551 -1.6650 3.3718
v -3.2966 -1.5998 3.4243
v -3.3380 -1.5585 3.4917
v -3.3933 -1.5441 3.5667
v -3.4416 -1.5585 3.6416
v -3.4831 -1.5998 3.7091
v -3.5245 -1.6650 3.7615
v -3.5453 -1.7465 3.7990
v -3.5522 -1.8373 3.8140
v -3.5453 -1.9276 3.7990
v -3.5245 -2.0090 3.7615
v -3.4831 -2.0742 3.7091
v -3.4624 -2.0585 3.7091
v -3.4209 -2.0974 3.6491
v -3.3726 -2.1112 3.5817
v -3.3311 -2.0974 3.5067
v -3.2828 -2.0585 3.4468
v -3.2482 -1.9984 3.3943
v -3.2275 -1.9219 3.3643
v -3.2206 -1.8373 3.3493
v -3.2275 -1.7521 3.3643
v -3.2482 -1.6757 3.3943
v -3.2828 -1.6155 3.4468
v -3.3311 -1.5767 3.5067
v -3.3726 -1.5629 3.5817
v -3.4209 -1.5767 3.6491
v -3.4624 -1.6155 3.7091
v -3.4969 -1.6757 3.7615
v -3.5176 -1.7521 3.7990
v -3.5245 -1.8373 3.8065
v -3.5176 -1.9219 3.7990
v -3.4969 -1.9984 3.7615
v -2.1981 -1.6594 3.7091
v -2.2050 -1.6757 3.7690
v -2.1774 -1.8373 3.6866
v -2.1912 -1.8373 3.7465
v -2.1981 -2.0147 3.7091
v -2.2050 -1.9984 3.7690
v -2.2396 -2.1751 3.7765
v -2.2465 -2.1444 3.8290
v -2.3087 -2.3023 3.8890
v -2.3087 -2.2603 3.9264
v -2.3985 -2.3837 4.0164
v -2.3916 -2.3342 4.0463
v -2.5021 -2.4119 4.1663
v -2.4814 -2.3599 4.1813
v -2.5988 -2.3837 4.3162
v -2.5712 -2.3342 4.3162
v -2.6886 -2.3023 4.4436
v -2.6541 -2.2603 4.4361
v -2.7577 -2.1751 4.5560
v -2.7163 -2.1444 4.5260
v -2.8061 -2.0147 4.6235
v -2.7577 -1.9984 4.5935
v -2.8199 -1.8373 4.6459
v -2.7715 -1.8373 4.6160
v -2.8061 -1.6594 4.6235
v -2.7577 -1.6757 4.5935
v -2.7577 -1.4989 4.5560
v -2.7163 -1.5297 4.5260
v -2.6886 -1.3717 4.4436
v -2.6541 -1.4137 4.4361
v -2.5988 -1.2903 4.3162
v -2.5712 -1.3398 4.3162
v -2.5021 -1.2621 4.1663
v -2.4814 -1.3141 4.1813
v -2.3985 -1.2903 4.0164
v -2.3916 -1.3398 4.0463
v -2.3087 -1.3717 3.8890
v -2.3087 -1.4137 3.9264
v -2.2396 -1.4989 3.7765
v -2.2465 -1.5297 3.8290
v -2.3501 -1.6650 3.9789
v -2.3294 -1.7465 3.9489
v -2.3156 -1.8373 3.9339
v -2.3294 -1.9276 3.9489
v -2.3501 -2.0090 3.9789
v -2.3847 -2.0742 4.0388
v -2.4330 -2.1155 4.1063
v -2.4814 -2.1300 4.1813
v -2.5297 -2.1155 4.2562
v -2.5781 -2.0742 4.3237
v -2.6126 -2.0090 4.3761
v -2.6403 -1.9276 4.4061
v -2.6472 -1.8373 4.4211
v -2.6403 -1.7465 4.4061
v -2.6126 -1.6650 4.3761
v -2.5781 -1.5998 4.3237
v -2.5297 -1.5585 4.2562
v -2.4814 -1.5441 4.1813
v -2.4330 -1.5585 4.1063
v -2.3847 -1.5998 4.0388
v -2.4054 -1.6155 4.0314
v -2.3708 -1.6757 3.9864
v -2.3501 -1.7521 3.9489
v -2.3432 -1.8373 3.9414
v -2.3501 -1.9219 3.9489
v -2.3708 -1.9984 3.9864
v -2.4054 -2.0585 4.0314
v -2.4537 -2.0974 4.0988
v -2.4952 -2.1112 4.1663
v -2.5436 -2.0974 4.2412
v -2.5850 -2.0585 4.3012
v -2.6195 -1.9984 4.3536
v -2.6403 -1.9219 4.3836
v -2.6472 -1.8373 4.3986
v -2.6403 -1.7521 4.3836
v -2.6195 -1.6757 4.3536
v -2.5850 -1.6155 4.3012
v -2.5436 -1.5767 4.2412
v -2.4952 -1.5629 4.1663
v -2.4537 -1.5767 4.0988
v 5.3527 -1.9219 -1.2151
v 5.3389 -1.9276 -1.2301
v 5.3389 -1.8373 -1.2151
v 5.3251 -1.8373 -1.2301
v 5.3527 -1.7521 -1.2151
v 5.3389 -1.7465 -1.2301
v 5.3942 -1.6757 -1.2151
v 5.3804 -1.6650 -1.2301
v 5.4564 -1.6155 -1.2151
v 5.4426 -1.5998 -1.2301
v 5.5324 -1.5767 -1.2151
v 5.5255 -1.5585 -1.2301
v 5.6153 -1.5629 -1.2151
v 5.6153 -1.5441 -1.2301
v 5.6982 -1.5767 -1.2151
v 5.7051 -1.5585 -1.2301
v 5.7742 -1.6155 -1.2151
v 5.7880 -1.5998 -1.2301
v 5.8363 -1.6757 -1.2151
v 5.8502 -1.6650 -1.2301
v 5.8778 -1.7521 -1.2151
v 5.8916 -1.7465 -1.2301
v 5.8916 -1.8373 -1.2151
v 5.9054 -1.8373 -1.2301
v 5.8778 -1.9219 -1.2151
v 5.8916 -1.9276 -1.2301
v 5.8363 -1.9984 -1.2151
v 5.8502 -2.0090 -1.2301
v 5.7742 -2.0585 -1.2151
v 5.7880 -2.0742 -1.2301
v 5.6982 -2.0974 -1.2151
v 5.7051 -2.1155 -1.2301
v 5.6153 -2.1112 -1.2151
v 5.6153 -2.1300 -1.2301
v 5.5324 -2.0974 -1.2151
v 5.5255 -2.1155 -1.2301
v 5.4564 -2.0585 -1.2151
v 5.4426 -2.0742 -1.2301
v 5.3942 -1.9984 -1.2151
v 5.3804 -2.0090 -1.2301
v 5.1939 -2.1444 -1.2301
v 5.1179 -1.9984 -1.2301
v 5.0902 -1.8373 -1.2301
v 5.1179 -1.6757 -1.2301
v 5.1939 -1.5297 -1.2301
v 5.3044 -1.4137 -1.2301
v 5.4564 -1.3398 -1.2301
v 5.6153 -1.3141 -1.2301
v 5.7742 -1.3398 -1.2301
v 5.9192 -1.4137 -1.2301
v 6.0367 -1.5297 -1.2301
v 6.1127 -1.6757 -1.2301
v 6.1403 -1.8373 -1.2301
v 6.1127 -1.9984 -1.2301
v 6.0367 -2.1444 -1.2301
v 5.9192 -2.2603 -1.2301
v 5.7742 -2.3342 -1.2301
v 5.6153 -2.3599 -1.2301
v 5.4564 -2.3342 -1.2301
v 5.3044 -2.2603 -1.2301
v 5.2768 -2.3023 -1.2076
v 5.1524 -2.1751 -1.2076
v 5.0695 -2.0147 -1.2076
v 5.0419 -1.8373 -1.2076
v 5.0695 -1.6594 -1.2076
v 5.1524 -1.4989 -1.2076
v 5.2768 -1.3717 -1.2076
v 5.4356 -1.2903 -1.2076
v 5.6153 -1.2621 -1.2076
v 5.7949 -1.2903 -1.2076
v 5.9538 -1.3717 -1.2076
v 6.0781 -1.4989 -1.2076
v 6.1610 -1.6594 -1.2076
v 6.1887 -1.8373 -1.2076
v 6.1610 -2.0147 -1.2076
v 6.0781 -2.1751 -1.2076
v 5.9538 -2.3023 -1.2076
v 5.7949 -2.3837 -1.2076
v 5.6153 -2.4119 -1.2076
v 5.4356 -2.3837 -1.2076
v 5.4840 -1.8799 0.2614
v 5.3527 -1.9219 0.2614
v 5.4771 -1.8373 0.2614
v 5.3389 -1.8373 0.2614
v 5.4840 -1.7941 0.2614
v 5.3527 -1.7521 0.2614
v 5.5047 -1.7546 0.2614
v 5.3942 -1.6757 0.2614
v 5.5324 -1.7239 0.2614
v 5.4564 -1.6155 0.2614
v 5.5738 -1.7039 0.2614
v 5.5324 -1.5767 0.2614
v 5.6153 -1.6970 0.2614
v 5.6153 -1.5629 0.2614
v 5.6567 -1.7039 0.2614
v 5.6982 -1.5767 0.2614
v 5.6982 -1.7239 0.2614
v 5.7742 -1.6155 0.2614
v 5.7258 -1.7546 0.2614
v 5.8363 -1.6757 0.2614
v 5.7465 -1.7941 0.2614
v 5.8778 -1.7521 0.2614
v 5.7534 -1.8373 0.2614
v 5.8916 -1.8373 0.2614
v 5.7465 -1.8799 0.2614
v 5.8778 -1.9219 0.2614
v 5.7258 -1.9194 0.2614
v 5.8363 -1.9984 0.2614
v 5.6982 -1.9501 0.2614
v 5.7742 -2.0585 0.2614
v 5.6567 -1.9702 0.2614
v 5.6982 -2.0974 0.2614
v 5.6153 -1.9771 0.2614
v 5.6153 -2.1112 0.2614
v 5.5738 -1.9702 0.2614
v 5.5324 -2.0974 0.2614
v 5.5324 -1.9501 0.2614
v 5.4564 -2.0585 0.2614
v 5.5047 -1.9194 0.2614
v 5.3942 -1.9984 0.2614
v -3.6074 -1.9363 6.5421
v -3.5453 -1.9482 6.5796
v -3.6627 -2.1224 6.5047
v -3.6074 -2.1575 6.5347
v -3.7663 -2.2741 6.4297
v -3.7318 -2.3286 6.4597
v -3.9114 -2.3731 6.3323
v -3.8907 -2.4395 6.3473
v -4.0703 -2.4076 6.2274
v -4.0703 -2.4784 6.2274
v -4.2361 -2.3731 6.1149
v -4.2568 -2.4395 6.1074
v -4.3743 -2.2741 6.0250
v -4.4157 -2.3286 5.9950
v -4.4848 -2.1224 5.9500
v -4.5332 -2.1575 5.9201
v -4.5401 -1.9363 5.9126
v -4.5953 -1.9482 5.8751
v -4.5401 -1.7377 5.9126
v -4.5953 -1.7258 5.8751
v -4.4848 -1.5516 5.9500
v -4.5332 -1.5165 5.9201
v -4.3743 -1.3999 6.0250
v -4.4157 -1.3454 5.9950
v -4.2361 -1.3009 6.1149
v -4.2568 -1.2345 6.1074
v -4.0703 -1.2665 6.2274
v -4.0703 -1.1957 6.2274
v -3.9114 -1.3009 6.3323
v -3.8907 -1.2345 6.3473
v -3.7663 -1.3999 6.4297
v -3.7318 -1.3454 6.4597
v -3.6627 -1.5516 6.5047
v -3.6074 -1.5165 6.5347
v -3.6074 -1.7377 6.5421
v -3.5453 -1.7258 6.5796
v 5.5324 -2.0974 0.5612
v 5.5738 -1.9702 0.5612
v 5.4564 -2.0585 0.5612
v 5.5324 -1.9501 0.5612
v 5.3942 -1.9984 0.5612
v 5.5047 -1.9194 0.5612
v 5.3527 -1.9219 0.5612
v 5.4840 -1.8799 0.5612
v 5.3389 -1.8373 0.5612
v 5.4771 -1.8373 0.5612
v 5.3527 -1.7521 0.5612
v 5.4840 -1.7941 0.5612
v 5.3942 -1.6757 0.5612
v 5.5047 -1.7546 0.5612
v 5.4564 -1.6155 0.5612
v 5.5324 -1.7239 0.5612
v 5.5324 -1.5767 0.5612
v 5.5738 -1.7039 0.5612
v 5.6153 -1.5629 0.5612
v 5.6153 -1.6970 0.5612
v 5.6982 -1.5767 0.5612
v 5.6567 -1.7039 0.5612
v 5.7742 -1.6155 0.5612
v 5.6982 -1.7239 0.5612
v 5.8363 -1.6757 0.5612
v 5.7258 -1.7546 0.5612
v 5.8778 -1.7521 0.5612
v 5.7465 -1.7941 0.5612
v 5.8916 -1.8373 0.5612
v 5.7534 -1.8373 0.5612
v 5.8778 -1.9219 0.5612
v 5.7465 -1.8799 0.5612
v 5.8363 -1.9984 0.5612
v 5.7258 -1.9194 0.5612
v 5.7742 -2.0585 0.5612
v 5.6982 -1.9501 0.5612
v 5.6982 -2.0974 0.5612
v 5.6567 -1.9702 0.5612
v 5.6153 -2.1112 0.5612
v 5.6153 -1.9771 0.5612
v 5.3527 -1.9219 -0.4806
v 5.3389 -1.9276 -0.5031
v 5.3389 -1.8373 -0.4806
v 5.3251 -1.8373 -0.5031
v 5.3527 -1.7521 -0.4806
v 5.3389 -1.7465 -0.5031
v 5.3942 -1.6757 -0.4806
v 5.3804 -1.6650 -0.5031
v 5.4564 -1.6155 -0.4806
v 5.4426 -1.5998 -0.5031
v 5.5324 -1.5767 -0.4806
v 5.5255 -1.5585 -0.5031
v 5.6153 -1.5629 -0.4806
v 5.6153 -1.5441 -0.5031
v 5.6982 -1.5767 -0.4806
v 5.7051 -1.5585 -0.5031
v 5.7742 -1.6155 -0.4806
v 5.7880 -1.5998 -0.5031
v 5.8363 -1.6757 -0.4806
v 5.8502 -1.6650 -0.5031
v 5.8778 -1.7521 -0.4806
v 5.8916 -1.7465 -0.5031
v 5.8916 -1.8373 -0.4806
v 5.9054 -1.8373 -0.5031
v 5.8778 -1.9219 -0.4806
v 5.8916 -1.9276 -0.5031
v 5.8363 -1.9984 -0.4806
v 5.8502 -2.0090 -0.5031
v 5.7742 -2.0585 -0.4806
v 5.7880 -2.0742 -0.5031
v 5.6982 -2.0974 -0.4806
v 5.7051 -2.1155 -0.5031
v 5.6153 -2.1112 -0.4806
v 5.6153 -2.1300 -0.5031
v 5.5324 -2.0974 -0.4806
v 5.5255 -2.1155 -0.5031
v 5.4564 -2.0585 -0.4806
v 5.4426 -2.0742 -0.5031
v 5.3942 -1.9984 -0.4806
v 5.3804 -2.0090 -0.5031
v 5.1939 -2.1444 -0.5031
v 5.1179 -1.9984 -0.5031
v 5.0902 -1.8373 -0.5031
v 5.1179 -1.6757 -0.5031
v 5.1939 -1.5297 -0.5031
v 5.3044 -1.4137 -0.5031
v 5.4564 -1.3398 -0.5031
v 5.6153 -1.3141 -0.5031
v 5.7742 -1.3398 -0.5031
v 5.9192 -1.4137 -0.5031
v 6.0367 -1.5297 -0.5031
v 6.1127 -1.6757 -0.5031
v 6.1403 -1.8373 -0.5031
v 6.1127 -1.9984 -0.5031
v 6.0367 -2.1444 -0.5031
v 5.9192 -2.2603 -0.5031
v 5.7742 -2.3342 -0.5031
v 5.6153 -2.3599 -0.5031
v 5.4564 -2.3342 -0.5031
v 5.3044 -2.2603 -0.5031
v 5.2768 -2.3023 -0.4806
v 5.1524 -2.1751 -0.4806
v 5.0695 -2.0147 -0.4806
v 5.0419 -1.8373 -0.4806
v 5.0695 -1.6594 -0.4806
v 5.1524 -1.4989 -0.4806
v 5.2768 -1.3717 -0.4806
v 5.4356 -1.2903 -0.4806
v 5.6153 -1.2621 -0.4806
v 5.7949 -1.2903 -0.4806
v 5.9538 -1.3717 -0.4806
v 6.0781 -1.4989 -0.4806
v 6.1610 -1.6594 -0.4806
v 6.1887 -1.8373 -0.4806
v 6.1610 -2.0147 -0.4806
v 6.0781 -2.1751 -0.4806
v 5.9538 -2.3023 -0.4806
v 5.7949 -2.3837 -0.4806
v 5.6153 -2.4119 -0.4806
v 5.4356 -2.3837 -0.4806
v -3.3587 -1.6970 -4.2280
v -3.3587 -1.5629 -4.2280
v -3.3795 -1.7039 -4.2655
v -3.4071 -1.5767 -4.3030
v -3.4071 -1.7239 -4.2955
v -3.4486 -1.6155 -4.3629
v -3.4209 -1.7546 -4.3255
v -3.4831 -1.6757 -4.4154
v -3.4347 -1.7941 -4.3404
v -3.5038 -1.7521 -4.4454
v -3.4347 -1.8373 -4.3479
v -3.5107 -1.8373 -4.4604
v -3.4347 -1.8799 -4.3404
v -3.5038 -1.9219 -4.4454
v -3.4209 -1.9194 -4.3255
v -3.4831 -1.9984 -4.4154
v -3.4071 -1.9501 -4.2955
v -3.4486 -2.0585 -4.3629
v -3.3795 -1.9702 -4.2655
v -3.4071 -2.0974 -4.3030
v -3.3587 -1.9771 -4.2280
v -3.3587 -2.1112 -4.2280
v -3.3380 -1.9702 -4.1906
v -3.3104 -2.0974 -4.1606
v -3.3104 -1.9501 -4.1606
v -3.2689 -2.0585 -4.0931
v -3.2966 -1.9194 -4.1381
v -3.2344 -1.9984 -4.0481
v -3.2828 -1.8799 -4.1231
v -3.2137 -1.9219 -4.0107
v -3.2828 -1.8373 -4.1156
v -3.2068 -1.8373 -4.0032
v -3.2828 -1.7941 -4.1231
v -3.2137 -1.7521 -4.0107
v -3.2966 -1.7546 -4.1381
v -3.2344 -1.6757 -4.0481
v -3.3104 -1.7239 -4.1606
v -3.2689 -1.6155 -4.0931
v -3.3380 -1.7039 -4.1906
v -3.3104 -1.5767 -4.1606
v 6.1610 -1.6594 -0.1583
v 6.1127 -1.6757 -0.1358
v 6.1887 -1.8373 -0.1583
v 6.1403 -1.8373 -0.1358
v 6.1610 -2.0147 -0.1583
v 6.1127 -1.9984 -0.1358
v 6.0781 -2.1751 -0.1583
v 6.0367 -2.1444 -0.1358
v 5.9538 -2.3023 -0.1583
v 5.9192 -2.2603 -0.1358
v 5.7949 -2.3837 -0.1583
v 5.7742 -2.3342 -0.1358
v 5.6153 -2.4119 -0.1583
v 5.6153 -2.3599 -0.1358
v 5.4356 -2.3837 -0.1583
v 5.4564 -2.3342 -0.1358
v 5.2768 -2.3023 -0.1583
v 5.3044 -2.2603 -0.1358
v 5.1524 -2.1751 -0.1583
v 5.1939 -2.1444 -0.1358
v 5.0695 -2.0147 -0.1583
v 5.1179 -1.9984 -0.1358
v 5.0419 -1.8373 -0.1583
v 5.0902 -1.8373 -0.1358
v 5.0695 -1.6594 -0.1583
v 5.1179 -1.6757 -0.1358
v 5.1524 -1.4989 -0.1583
v 5.1939 -1.5297 -0.1358
v 5.2768 -1.3717 -0.1583
v 5.3044 -1.4137 -0.1358
v 5.4356 -1.2903 -0.1583
v 5.4564 -1.3398 -0.1358
v 5.6153 -1.2621 -0.1583
v 5.6153 -1.3141 -0.1358
v 5.7949 -1.2903 -0.1583
v 5.7742 -1.3398 -0.1358
v 5.9538 -1.3717 -0.1583
v 5.9192 -1.4137 -0.1358
v 6.0781 -1.4989 -0.1583
v 6.0367 -1.5297 -0.1358
v 5.8502 -1.6650 -0.1358
v 5.8916 -1.7465 -0.1358
v 5.9054 -1.8373 -0.1358
v 5.8916 -1.9276 -0.1358
v 5.8502 -2.0090 -0.1358
v 5.7880 -2.0742 -0.1358
v 5.7051 -2.1155 -0.1358
v 5.6153 -2.1300 -0.1358
v 5.5255 -2.1155 -0.1358
v 5.4426 -2.0742 -0.1358
v 5.3804 -2.0090 -0.1358
v 5.3389 -1.9276 -0.1358
v 5.3251 -1.8373 -0.1358
v 5.3389 -1.7465 -0.1358
v 5.3804 -1.6650 -0.1358
v 5.4426 -1.5998 -0.1358
v 5.5255 -1.5585 -0.1358
v 5.6153 -1.5441 -0.1358
v 5.7051 -1.5585 -0.1358
v 5.7880 -1.5998 -0.1358
v 5.7742 -1.6155 -0.1583
v 5.8363 -1.6757 -0.1583
v 5.8778 -1.7521 -0.1583
v 5.8916 -1.8373 -0.1583
v 5.8778 -1.9219 -0.1583
v 5.8363 -1.9984 -0.1583
v 5.7742 -2.0585 -0.1583
v 5.6982 -2.0974 -0.1583
v 5.6153 -2.1112 -0.1583
v 5.5324 -2.0974 -0.1583
v 5.4564 -2.0585 -0.1583
v 5.3942 -1.9984 -0.1583
v 5.3527 -1.9219 -0.1583
v 5.3389 -1.8373 -0.1583
v 5.3527 -1.7521 -0.1583
v 5.3942 -1.6757 -0.1583
v 5.4564 -1.6155 -0.1583
v 5.5324 -1.5767 -0.1583
v 5.6153 -1.5629 -0.1583
v 5.6982 -1.5767 -0.1583
v 8.2197 -1.7158 -0.2183
v 8.2197 -1.6882 -0.2632
v 8.2197 -1.8373 -0.3157
v 8.2197 -1.6788 -0.3157
v 8.2197 -1.6882 -0.3756
v 8.2197 -1.7158 -0.4206
v 8.2197 -1.7577 -0.4581
v 8.2197 -1.8098 -0.4731
v 8.2197 -1.8643 -0.4731
v 8.2197 -1.9163 -0.4581
v 8.2197 -1.9583 -0.4206
v 8.2197 -1.9858 -0.3756
v 8.2197 -1.9952 -0.3157
v 8.2197 -1.9858 -0.2632
v 8.2197 -1.9583 -0.2183
v 8.2197 -1.9163 -0.1808
v 8.2197 -1.8643 -0.1658
v 8.2197 -1.8098 -0.1658
v 8.2197 -1.7577 -0.1808
v -3.1929 -1.8799 3.8665
v -3.2620 -1.9219 3.9714
v -3.1791 -1.9194 3.8440
v -3.2413 -1.9984 3.9339
v -3.1584 -1.9501 3.8215
v -3.2068 -2.0585 3.8890
v -3.1377 -1.9702 3.7915
v -3.1653 -2.0974 3.8215
v -3.1169 -1.9771 3.7540
v -3.1169 -2.1112 3.7540
v -3.0893 -1.9702 3.7166
v -3.0686 -2.0974 3.6791
v -3.0686 -1.9501 3.6866
v -3.0271 -2.0585 3.6191
v -3.0548 -1.9194 3.6566
v -2.9926 -1.9984 3.5667
v -3.0410 -1.8799 3.6416
v -2.9719 -1.9219 3.5367
v -3.0410 -1.8373 3.6341
v -2.9650 -1.8373 3.5292
v -3.0410 -1.7941 3.6416
v -2.9719 -1.7521 3.5367
v -3.0548 -1.7546 3.6566
v -2.9926 -1.6757 3.5667
v -3.0686 -1.7239 3.6866
v -3.0271 -1.6155 3.6191
v -3.0893 -1.7039 3.7166
v -3.0686 -1.5767 3.6791
v -3.1169 -1.6970 3.7540
v -3.1169 -1.5629 3.7540
v -3.1377 -1.7039 3.7915
v -3.1653 -1.5767 3.8215
v -3.1584 -1.7239 3.8215
v -3.2068 -1.6155 3.8890
v -3.1791 -1.7546 3.8440
v -3.2413 -1.6757 3.9339
v -3.1929 -1.7941 3.8665
v -3.2620 -1.7521 3.9714
v -3.1929 -1.8373 3.8665
v -3.2689 -1.8373 3.9789
v -3.1100 -1.6970 -4.4004
v -3.1100 -1.5629 -4.4004
v -3.0824 -1.7039 -4.3629
v -3.0617 -1.5767 -4.3255
v -3.0617 -1.7239 -4.3255
v -3.0202 -1.6155 -4.2655
v -3.0479 -1.7546 -4.3030
v -2.9857 -1.6757 -4.2130
v -3.0340 -1.7941 -4.2880
v -2.9650 -1.7521 -4.1831
v -3.0340 -1.8373 -4.2805
v -2.9581 -1.8373 -4.1681
v -3.0340 -1.8799 -4.2880
v -2.9650 -1.9219 -4.1831
v -3.0479 -1.9194 -4.3030
v -2.9857 -1.9984 -4.2130
v -3.0617 -1.9501 -4.3255
v -3.0202 -2.0585 -4.2655
v -3.0824 -1.9702 -4.3629
v -3.0617 -2.0974 -4.3255
v -3.1100 -1.9771 -4.4004
v -3.1100 -2.1112 -4.4004
v -3.1308 -1.9702 -4.4304
v -3.1584 -2.0974 -4.4679
v -3.1515 -1.9501 -4.4679
v -3.1999 -2.0585 -4.5278
v -3.1722 -1.9194 -4.4903
v -3.2344 -1.9984 -4.5803
v -3.1791 -1.8799 -4.5053
v -3.2551 -1.9219 -4.6178
v -3.1860 -1.8373 -4.5128
v -3.2620 -1.8373 -4.6253
v -3.1791 -1.7941 -4.5053
v -3.2551 -1.7521 -4.6178
v -3.1722 -1.7546 -4.4903
v -3.2344 -1.6757 -4.5803
v -3.1515 -1.7239 -4.4679
v -3.1999 -1.6155 -4.5278
v -3.1308 -1.7039 -4.4304
v -3.1584 -1.5767 -4.4679
v -3.9529 -1.7577 -6.9637
v -3.9874 -1.7158 -6.9412
v -4.0703 -1.8367 -6.8887
v -4.0220 -1.6882 -6.9187
v -4.0703 -1.6788 -6.8887
v -4.1118 -1.6882 -6.8587
v -4.1532 -1.7158 -6.8288
v -4.1808 -1.7577 -6.8138
v -4.2016 -1.8098 -6.7988
v -4.2016 -1.8643 -6.7988
v -4.1808 -1.9163 -6.8138
v -4.1532 -1.9583 -6.8288
v -4.1118 -1.9858 -6.8587
v -4.0703 -1.9952 -6.8887
v -4.0220 -1.9858 -6.9187
v -3.9874 -1.9583 -6.9412
v -3.9529 -1.9163 -6.9637
v -3.9390 -1.8643 -6.9712
v -3.9390 -1.8098 -6.9712
v -1.7905 -1.2903 4.4286
v -1.7836 -1.3398 4.4511
v -1.7007 -1.3717 4.2937
v -1.7007 -1.4137 4.3312
v -1.6316 -1.4989 4.1887
v -1.6386 -1.5297 4.2337
v -1.5902 -1.6594 4.1213
v -1.5971 -1.6757 4.1738
v -1.5695 -1.8373 4.0988
v -1.5833 -1.8373 4.1513
v -1.5902 -2.0147 4.1213
v -1.5971 -1.9984 4.1738
v -1.6316 -2.1751 4.1887
v -1.6386 -2.1444 4.2337
v -1.7007 -2.3023 4.2937
v -1.7007 -2.2603 4.3312
v -1.7905 -2.3837 4.4286
v -1.7836 -2.3342 4.4511
v -1.8942 -2.4119 4.5710
v -1.8734 -2.3599 4.5860
v -1.9909 -2.3837 4.7209
v -1.9632 -2.3342 4.7209
v -2.0807 -2.3023 4.8558
v -2.0461 -2.2603 4.8408
v -2.1498 -2.1751 4.9607
v -2.1083 -2.1444 4.9382
v -2.1981 -2.0147 5.0282
v -2.1498 -1.9984 4.9982
v -2.2119 -1.8373 5.0507
v -2.1636 -1.8373 5.0207
v -2.1981 -1.6594 5.0282
v -2.1498 -1.6757 4.9982
v -2.1498 -1.4989 4.9607
v -2.1083 -1.5297 4.9382
v -2.0807 -1.3717 4.8558
v -2.0461 -1.4137 4.8408
v -1.9909 -1.2903 4.7209
v -1.9632 -1.3398 4.7209
v -1.8942 -1.2621 4.5710
v -1.8734 -1.3141 4.5860
v -1.8734 -1.5441 4.5860
v -1.8251 -1.5585 4.5110
v -1.7767 -1.5998 4.4436
v -1.7422 -1.6650 4.3911
v -1.7215 -1.7465 4.3536
v -1.7076 -1.8373 4.3461
v -1.7215 -1.9276 4.3536
v -1.7422 -2.0090 4.3911
v -1.7767 -2.0742 4.4436
v -1.8251 -2.1155 4.5110
v -1.8734 -2.1300 4.5860
v -1.9218 -2.1155 4.6609
v -1.9702 -2.0742 4.7284
v -2.0047 -2.0090 4.7808
v -2.0323 -1.9276 4.8183
v -2.0392 -1.8373 4.8333
v -2.0323 -1.7465 4.8183
v -2.0047 -1.6650 4.7808
v -1.9702 -1.5998 4.7284
v -1.9218 -1.5585 4.6609
v -1.9356 -1.5767 4.6459
v -1.8873 -1.5629 4.5785
v -1.8389 -1.5767 4.5035
v -1.7974 -1.6155 4.4436
v -1.7629 -1.6757 4.3911
v -1.7422 -1.7521 4.3611
v -1.7353 -1.8373 4.3461
v -1.7422 -1.9219 4.3611
v -1.7629 -1.9984 4.3911
v -1.7974 -2.0585 4.4436
v -1.8389 -2.0974 4.5035
v -1.8873 -2.1112 4.5785
v -1.9356 -2.0974 4.6459
v -1.9771 -2.0585 4.7134
v -2.0116 -1.9984 4.7584
v -2.0323 -1.9219 4.7958
v -2.0392 -1.8373 4.8033
v -2.0323 -1.7521 4.7958
v -2.0116 -1.6757 4.7584
v -1.9771 -1.6155 4.7134
v 5.5600 -1.6769 0.5987
v 5.6429 -1.7477 0.5987
v 5.6636 -1.6769 0.5987
v 5.6913 -1.7822 0.5987
v 5.7534 -1.7383 0.5987
v 5.7051 -1.8373 0.5987
v 5.7811 -1.8373 0.5987
v 5.6913 -1.8918 0.5987
v 5.7534 -1.9357 0.5987
v 5.6429 -1.9263 0.5987
v 5.6636 -1.9971 0.5987
v 5.5876 -1.9263 0.5987
v 5.5600 -1.9971 0.5987
v 5.5393 -1.8918 0.5987
v 5.4771 -1.9357 0.5987
v 5.5186 -1.8373 0.5987
v 5.4495 -1.8373 0.5987
v 5.5393 -1.7822 0.5987
v 5.4771 -1.7383 0.5987
v 5.5876 -1.7477 0.5987
v 5.6153 -1.8373 0.5987
v -3.3173 -1.7383 3.4542
v -3.3795 -1.7477 3.5442
v -3.3657 -1.6769 3.5217
v -3.4071 -1.7477 3.5892
v -3.4209 -1.6769 3.6116
v -3.4347 -1.7822 3.6266
v -3.4693 -1.7383 3.6791
v -3.4486 -1.8373 3.6416
v -3.4900 -1.8373 3.7091
v -3.4347 -1.8918 3.6266
v -3.4693 -1.9357 3.6791
v -3.4071 -1.9263 3.5892
v -3.4209 -1.9971 3.6116
v -3.3795 -1.9263 3.5442
v -3.3657 -1.9971 3.5217
v -3.3518 -1.8918 3.5067
v -3.3173 -1.9357 3.4542
v -3.3380 -1.8373 3.4917
v -3.2966 -1.8373 3.4243
v -3.3518 -1.7822 3.5067
v -3.3933 -1.8373 3.5667
v -1.9494 -1.9357 4.6984
v -1.9149 -1.8918 4.6534
v -1.9632 -1.8373 4.7284
v -1.9218 -1.8373 4.6684
v -1.9494 -1.7383 4.6984
v -1.9149 -1.7822 4.6534
v -1.9011 -1.6769 4.6309
v -1.8873 -1.7477 4.6085
v -1.8458 -1.6769 4.5485
v -1.8527 -1.7477 4.5635
v -1.7974 -1.7383 4.4736
v -1.8320 -1.7822 4.5260
v -1.7767 -1.8373 4.4511
v -1.8182 -1.8373 4.5110
v -1.7974 -1.9357 4.4736
v -1.8320 -1.8918 4.5260
v -1.8458 -1.9971 4.5485
v -1.8527 -1.9263 4.5635
v -1.9011 -1.9971 4.6309
v -1.8873 -1.9263 4.6085
v -1.8734 -1.8373 4.5860
vn -0.7881 -0.3074 -0.5334
vn -0.7881 0.3074 -0.5334
vn -0.7881 -0.3074 -0.5334
vn -0.7881 0.3074 -0.5334
vn -0.4905 0.8085 -0.3252
vn -0.4905 0.8085 -0.3252
vn -0.0000 1.0000 -0.0000
vn -0.0000 1.0000 -0.0000
vn 0.4884 0.8085 0.3283
vn 0.4884 0.8085 0.3283
vn 0.7881 0.3074 0.5334
vn 0.7881 0.3074 0.5334
vn 0.7881 -0.3074 0.5334
vn 0.7881 -0.3074 0.5334
vn 0.4897 -0.8085 0.3264
vn 0.4897 -0.8085 0.3264
vn -0.0000 -1.0000 0.0000
vn -0.0000 -1.0000 0.0000
vn -0.4876 -0.8085 -0.3295
vn -0.4876 -0.8085 -0.3295
vn -0.7881 -0.3074 -0.5334
vn -0.7881 -0.3074 -0.5334
vn 0.5556 0.0022 -0.8315
vn 0.5556 0.0022 -0.8315
vn 0.5556 0.0022 -0.8315
vn 0.5556 0.0022 -0.8315
vn 0.5556 0.0022 -0.8315
vn 0.5556 0.0022 -0.8315
vn 0.5556 0.0022 -0.8315
vn 0.5556 0.0022 -0.8315
vn 0.5556 0.0022 -0.8315
vn 0.5556 0.0022 -0.8315
vn 0.5556 -0.0022 -0.8315
vn 0.5556 -0.0022 -0.8315
vn 0.5556 -0.0022 -0.8315
vn 0.5556 -0.0022 -0.8315
vn 0.5556 -0.0022 -0.8315
vn 0.5556 -0.0022 -0.8315
vn 0.5556 -0.0022 -0.8315
vn 0.5556 -0.0022 -0.8315
vn 0.5556 -0.0022 -0.8315
vn 0.5556 -0.0022 -0.8315
vn 0.5556 0.0022 -0.8315
vn 0.5556 0.0022 -0.8315
vn -0.5556 -0.0022 0.8315
vn -0.5556 -0.0022 0.8315
vn -0.4513 0.5867 0.6724
vn -0.4513 0.5867 0.6724
vn -0.1733 0.9509 0.2564
vn -0.1733 0.9509 0.2564
vn 0.1702 0.9509 -0.2585
vn 0.1702 0.9509 -0.2585
vn 0.4544 0.5867 -0.6703
vn 0.4544 0.5867 -0.6703
vn 0.5556 0.0022 -0.8315
vn 0.5556 0.0022 -0.8315
vn 0.4487 -0.5867 -0.6741
vn 0.4487 -0.5867 -0.6741
vn 0.1713 -0.9509 -0.2577
vn 0.1713 -0.9509 -0.2577
vn -0.1745 -0.9509 0.2556
vn -0.1745 -0.9509 0.2556
vn -0.4487 -0.5867 0.6741
vn -0.4487 -0.5867 0.6741
vn -0.5556 -0.0022 0.8315
vn -0.5556 -0.0022 0.8315
vn 0.5556 0.0022 0.8315
vn 0.5556 0.0022 0.8315
vn 0.4513 0.5867 0.6724
vn 0.4513 0.5867 0.6724
vn 0.1733 0.9509 0.2564
vn 0.1733 0.9509 0.2564
vn -0.1702 0.9509 -0.2585
vn -0.1702 0.9509 -0.2585
vn -0.4481 0.5867 -0.6745
vn -0.4481 0.5867 -0.6745
vn -0.5556 -0.0022 -0.8315
vn -0.5556 -0.0022 -0.8315
vn -0.4487 -0.5867 -0.6741
vn -0.4487 -0.5867 -0.6741
vn -0.1713 -0.9509 -0.2577
vn -0.1713 -0.9509 -0.2577
vn 0.1745 -0.9509 0.2556
vn 0.1745 -0.9509 0.2556
vn 0.4487 -0.5867 0.6741
vn 0.4487 -0.5867 0.6741
vn 0.5556 0.0022 0.8315
vn 0.5556 0.0022 0.8315
vn 0.7056 0.6780 0.2063
vn 0.2388 0.9482 -0.2096
vn 0.5838 0.7125 0.3892
vn 0.0655 0.9969 0.0435
vn 0.4573 0.6780 0.5756
vn -0.1032 0.9482 0.3005
vn 0.3469 0.5761 0.7402
vn -0.2617 0.8059 0.5310
vn 0.2639 0.4172 0.8696
vn -0.3802 0.5867 0.7150
vn 0.2024 0.2189 0.9545
vn -0.4627 0.3074 0.8316
vn 0.1877 0.0022 0.9822
vn -0.4913 -0.0022 0.8710
vn 0.2024 -0.2189 0.9545
vn -0.4627 -0.3074 0.8316
vn 0.2606 -0.4172 0.8706
vn -0.3840 -0.5867 0.7129
vn 0.3508 -0.5761 0.7383
vn -0.2627 -0.8059 0.5305
vn 0.4585 -0.6780 0.5746
vn -0.1039 -0.9482 0.3003
vn 0.5809 -0.7125 0.3936
vn 0.0667 -0.9969 0.0415
vn 0.7043 -0.6780 0.2106
vn 0.2351 -0.9482 -0.2137
vn 0.8162 -0.5761 0.0453
vn 0.3939 -0.8059 -0.4420
vn 0.9043 -0.4172 -0.0905
vn 0.5154 -0.5867 -0.6246
vn 0.9603 -0.2189 -0.1727
vn 0.5942 -0.3074 -0.7433
vn 0.9793 -0.0022 -0.2025
vn 0.6226 0.0022 -0.7825
vn 0.9603 0.2189 -0.1727
vn 0.5942 0.3074 -0.7433
vn 0.9048 0.4172 -0.0847
vn 0.5147 0.5867 -0.6252
vn 0.8163 0.5761 0.0433
vn 0.3926 0.8059 -0.4431
vn 0.7056 0.6780 0.2063
vn 0.2388 0.9482 -0.2096
vn -0.0633 0.9969 -0.0465
vn -0.2388 0.9482 0.2096
vn -0.3926 0.8059 0.4431
vn -0.5176 0.5867 0.6227
vn -0.5942 0.3074 0.7433
vn -0.6226 0.0022 0.7825
vn -0.5942 -0.3074 0.7433
vn -0.5154 -0.5867 0.6246
vn -0.3939 -0.8059 0.4420
vn -0.2351 -0.9482 0.2137
vn -0.0647 -0.9969 -0.0446
vn 0.1039 -0.9482 -0.3003
vn 0.2627 -0.8059 -0.5305
vn 0.3840 -0.5867 -0.7129
vn 0.4627 -0.3074 -0.8316
vn 0.4913 -0.0022 -0.8710
vn 0.4627 0.3074 -0.8316
vn 0.3835 0.5867 -0.7132
vn 0.2617 0.8059 -0.5310
vn 0.1032 0.9482 -0.3005
vn -0.5817 0.7125 -0.3924
vn -0.7045 0.6780 -0.2099
vn -0.8160 0.5761 -0.0471
vn -0.9045 0.4172 0.0885
vn -0.9603 0.2189 0.1727
vn -0.9793 -0.0022 0.2025
vn -0.9603 -0.2189 0.1727
vn -0.9043 -0.4172 0.0905
vn -0.8162 -0.5761 -0.0453
vn -0.7054 -0.6780 -0.2069
vn -0.5830 -0.7125 -0.3904
vn -0.4615 -0.6780 -0.5722
vn -0.3508 -0.5761 -0.7383
vn -0.2606 -0.4172 -0.8706
vn -0.2024 -0.2189 -0.9545
vn -0.1877 0.0022 -0.9822
vn -0.2024 0.2189 -0.9545
vn -0.2603 0.4172 -0.8707
vn -0.3503 0.5761 -0.7385
vn -0.4602 0.6780 -0.5732
vn -0.4602 0.6780 -0.5732
vn 0.1032 0.9482 -0.3005
vn 0.0075 -0.3074 0.9516
vn 0.0075 0.3074 0.9516
vn 0.0075 -0.3074 0.9516
vn 0.0075 0.3074 0.9516
vn 0.0038 0.8085 0.5885
vn 0.0038 0.8085 0.5885
vn -0.0000 1.0000 -0.0000
vn -0.0000 1.0000 -0.0000
vn -0.0075 0.8085 -0.5884
vn -0.0075 0.8085 -0.5884
vn -0.0075 0.3074 -0.9516
vn -0.0075 0.3074 -0.9516
vn -0.0075 -0.3074 -0.9516
vn -0.0075 -0.3074 -0.9516
vn -0.0076 -0.8085 -0.5884
vn -0.0076 -0.8085 -0.5884
vn -0.0000 -1.0000 0.0000
vn -0.0000 -1.0000 0.0000
vn 0.0038 -0.8085 0.5885
vn 0.0038 -0.8085 0.5885
vn 0.0075 -0.3074 0.9516
vn 0.0075 -0.3074 0.9516
vn 0.4427 -0.8453 -0.2992
vn -0.0000 -1.0000 0.0000
vn 0.5900 -0.8033 -0.0810
vn 0.1745 -0.9509 0.2556
vn 0.7198 -0.6844 0.1167
vn 0.3248 -0.8085 0.4908
vn 0.8227 -0.4987 0.2729
vn 0.4487 -0.5867 0.6741
vn 0.8916 -0.2613 0.3698
vn 0.5271 -0.3074 0.7923
vn 0.9150 0.0022 0.4035
vn 0.5556 0.0022 0.8315
vn 0.8896 0.2613 0.3746
vn 0.5271 0.3074 0.7923
vn 0.8234 0.4987 0.2707
vn 0.4513 0.5867 0.6724
vn 0.7192 0.6844 0.1200
vn 0.3299 0.8085 0.4873
vn 0.5905 0.8033 -0.0770
vn 0.1733 0.9509 0.2564
vn 0.4455 0.8453 -0.2949
vn -0.0000 1.0000 -0.0000
vn 0.3016 0.8033 -0.5135
vn -0.1702 0.9509 -0.2585
vn 0.1643 0.6844 -0.7104
vn -0.3268 0.8085 -0.4894
vn 0.0603 0.4987 -0.8647
vn -0.4481 0.5867 -0.6745
vn -0.0000 0.2613 -0.9653
vn -0.5271 0.3074 -0.7923
vn -0.0302 -0.0022 -0.9995
vn -0.5556 0.0022 -0.8315
vn -0.0000 -0.2613 -0.9653
vn -0.5271 -0.3074 -0.7923
vn 0.0604 -0.4987 -0.8646
vn -0.4487 -0.5867 -0.6741
vn 0.1649 -0.6844 -0.7103
vn -0.3279 -0.8085 -0.4887
vn 0.2961 -0.8033 -0.5167
vn -0.1713 -0.9509 -0.2577
vn 0.4427 -0.8453 -0.2992
vn -0.0000 -1.0000 0.0000
vn -0.0000 -1.0000 0.0000
vn 0.0000 -0.8453 0.5343
vn 0.3094 -0.9509 -0.0019
vn 0.2594 -0.8033 0.5361
vn 0.5885 -0.8085 -0.0019
vn 0.4952 -0.6844 0.5352
vn 0.8098 -0.5867 -0.0038
vn 0.6847 -0.4987 0.5315
vn 0.9516 -0.3074 -0.0000
vn 0.8027 -0.2613 0.5361
vn 1.0000 0.0022 -0.0000
vn 0.8438 -0.0022 0.5366
vn 0.9516 0.3074 -0.0000
vn 0.8042 0.2613 0.5339
vn 0.8098 0.5867 0.0019
vn 0.6817 0.4987 0.5353
vn 0.5885 0.8085 0.0019
vn 0.4994 0.6844 0.5313
vn 0.3094 0.9509 0.0019
vn 0.2652 0.8033 0.5332
vn -0.0000 1.0000 -0.0000
vn 0.0000 0.8453 0.5343
vn -0.3094 0.9509 0.0019
vn -0.2652 0.8033 0.5332
vn -0.5885 0.8085 0.0019
vn -0.4994 0.6844 0.5313
vn -0.8098 0.5867 0.0019
vn -0.6817 0.4987 0.5353
vn -0.9516 0.3074 0.0000
vn -0.8042 0.2613 0.5339
vn -1.0000 0.0022 0.0000
vn -0.8438 0.0022 0.5366
vn -0.9516 -0.3074 0.0000
vn -0.8027 -0.2613 0.5361
vn -0.8098 -0.5867 0.0038
vn -0.6847 -0.4987 0.5315
vn -0.5885 -0.8085 -0.0019
vn -0.4952 -0.6844 0.5352
vn -0.3094 -0.9509 -0.0019
vn -0.2594 -0.8033 0.5361
vn -0.0000 -1.0000 0.0000
vn 0.0000 -0.8453 0.5343
vn 0.7881 -0.3074 0.5334
vn 0.7881 -0.3074 0.5334
vn 0.7881 0.3074 0.5334
vn 0.7881 0.3074 0.5334
vn 0.4884 0.8085 0.3283
vn 0.4884 0.8085 0.3283
vn -0.0000 1.0000 -0.0000
vn -0.0000 1.0000 -0.0000
vn -0.4905 0.8085 -0.3252
vn -0.4905 0.8085 -0.3252
vn -0.7881 0.3074 -0.5334
vn -0.7881 0.3074 -0.5334
vn -0.7881 -0.3074 -0.5334
vn -0.7881 -0.3074 -0.5334
vn -0.4876 -0.8085 -0.3295
vn -0.4876 -0.8085 -0.3295
vn -0.0000 -1.0000 -0.0000
vn -0.0000 -1.0000 0.0000
vn 0.4897 -0.8085 0.3264
vn 0.4897 -0.8085 0.3264
vn 0.7881 -0.3074 0.5334
vn 0.7881 -0.3074 0.5334
vn -0.0000 -0.8453 -0.5343
vn -0.0000 -1.0000 0.0000
vn 0.2628 -0.8033 -0.5344
vn 0.3094 -0.9509 -0.0019
vn 0.4952 -0.6844 -0.5352
vn 0.5885 -0.8085 -0.0019
vn 0.6823 -0.4987 -0.5345
vn 0.8098 -0.5867 -0.0038
vn 0.8048 -0.2613 -0.5329
vn 0.9516 -0.3074 -0.0000
vn 0.8438 0.0022 -0.5366
vn 1.0000 -0.0022 -0.0000
vn 0.8042 0.2613 -0.5339
vn 0.9516 0.3074 -0.0000
vn 0.6817 0.4987 -0.5353
vn 0.8098 0.5867 0.0019
vn 0.4994 0.6844 -0.5313
vn 0.5885 0.8085 0.0019
vn 0.2618 0.8033 -0.5349
vn 0.3094 0.9509 0.0019
vn -0.0000 0.8453 -0.5343
vn -0.0000 1.0000 -0.0000
vn -0.2618 0.8033 -0.5349
vn -0.3094 0.9509 0.0019
vn -0.4994 0.6844 -0.5313
vn -0.5885 0.8085 0.0019
vn -0.6817 0.4987 -0.5353
vn -0.8098 0.5867 0.0019
vn -0.8042 0.2613 -0.5339
vn -0.9516 0.3074 0.0000
vn -0.8438 0.0022 -0.5366
vn -1.0000 -0.0022 0.0000
vn -0.8048 -0.2613 -0.5329
vn -0.9516 -0.3074 0.0000
vn -0.6823 -0.4987 -0.5345
vn -0.8098 -0.5867 -0.0038
vn -0.4952 -0.6844 -0.5352
vn -0.5885 -0.8085 -0.0019
vn -0.2628 -0.8033 -0.5344
vn -0.3094 -0.9509 -0.0019
vn -0.0000 -0.8453 -0.5343
vn -0.0000 -1.0000 0.0000
vn 1.0000 -0.0022 -0.0000
vn 1.0000 -0.0022 -0.0000
vn 0.8098 0.5867 0.0019
vn 0.8098 0.5867 0.0019
vn 0.3094 0.9509 0.0019
vn 0.3094 0.9509 0.0019
vn -0.3094 0.9509 0.0019
vn -0.3094 0.9509 0.0019
vn -0.8098 0.5867 0.0019
vn -0.8098 0.5867 0.0019
vn -1.0000 0.0022 0.0000
vn -1.0000 0.0022 0.0000
vn -0.8098 -0.5867 -0.0038
vn -0.8098 -0.5867 -0.0038
vn -0.3094 -0.9509 -0.0019
vn -0.3094 -0.9509 -0.0019
vn 0.3094 -0.9509 -0.0019
vn 0.3094 -0.9509 -0.0019
vn 0.8098 -0.5867 -0.0038
vn 0.8098 -0.5867 -0.0038
vn 1.0000 -0.0022 -0.0000
vn 1.0000 -0.0022 -0.0000
vn 0.5556 0.0022 -0.8315
vn 0.5556 -0.0022 -0.8315
vn 0.5556 0.0022 -0.8315
vn 0.5556 -0.0022 -0.8315
vn 0.5556 -0.0022 -0.8315
vn 0.5556 -0.0022 -0.8315
vn 0.5556 -0.0022 -0.8315
vn 0.5556 -0.0022 -0.8315
vn 0.5556 -0.0022 -0.8315
vn 0.5556 -0.0022 -0.8315
vn 0.5556 -0.0022 -0.8315
vn 0.5556 -0.0022 -0.8315
vn 0.5556 0.0022 -0.8315
vn 0.5556 0.0022 -0.8315
vn 0.5556 0.0022 -0.8315
vn 0.5556 0.0022 -0.8315
vn 0.5556 0.0022 -0.8315
vn 0.5556 0.0022 -0.8315
vn 0.5556 0.0022 -0.8315
vn 0.5556 0.0022 -0.8315
vn 0.5556 0.0022 -0.8315
vn 0.5556 0.0022 -0.8315
vn -0.7923 -0.3074 0.5271
vn -0.7923 -0.3074 0.5271
vn -0.7923 0.3074 0.5271
vn -0.7923 0.3074 0.5271
vn -0.4884 0.8085 0.3283
vn -0.4884 0.8085 0.3283
vn -0.0000 1.0000 -0.0000
vn -0.0000 1.0000 -0.0000
vn 0.4905 0.8085 -0.3252
vn 0.4905 0.8085 -0.3252
vn 0.7923 0.3074 -0.5271
vn 0.7923 0.3074 -0.5271
vn 0.7923 -0.3074 -0.5271
vn 0.7923 -0.3074 -0.5271
vn 0.4876 -0.8085 -0.3295
vn 0.4876 -0.8085 -0.3295
vn -0.0000 -1.0000 -0.0000
vn -0.0000 -1.0000 -0.0000
vn -0.4897 -0.8085 0.3264
vn -0.4897 -0.8085 0.3264
vn -0.7923 -0.3074 0.5271
vn -0.7923 -0.3074 0.5271
vn 0.7045 0.6780 -0.2099
vn 0.2388 0.9482 0.2096
vn 0.8164 0.5761 -0.0396
vn 0.3926 0.8059 0.4431
vn 0.9045 0.4172 0.0885
vn 0.5118 0.5867 0.6275
vn 0.9603 0.2189 0.1727
vn 0.5942 0.3074 0.7433
vn 0.9793 0.0022 0.2025
vn 0.6226 -0.0022 0.7825
vn 0.9603 -0.2189 0.1727
vn 0.5942 -0.3074 0.7433
vn 0.9043 -0.4172 0.0905
vn 0.5154 -0.5867 0.6246
vn 0.8162 -0.5761 -0.0453
vn 0.3939 -0.8059 0.4420
vn 0.7054 -0.6780 -0.2069
vn 0.2351 -0.9482 0.2137
vn 0.5830 -0.7125 -0.3904
vn 0.0647 -0.9969 -0.0446
vn 0.4615 -0.6780 -0.5722
vn -0.1039 -0.9482 -0.3003
vn 0.3508 -0.5761 -0.7383
vn -0.2627 -0.8059 -0.5305
vn 0.2606 -0.4172 -0.8706
vn -0.3840 -0.5867 -0.7129
vn 0.2098 -0.2189 -0.9529
vn -0.4627 -0.3074 -0.8316
vn 0.1877 -0.0022 -0.9822
vn -0.4913 0.0022 -0.8710
vn 0.2098 0.2189 -0.9529
vn -0.4627 0.3074 -0.8316
vn 0.2603 0.4172 -0.8707
vn -0.3835 0.5867 -0.7132
vn 0.3503 0.5761 -0.7385
vn -0.2617 0.8059 -0.5310
vn 0.4602 0.6780 -0.5732
vn -0.1032 0.9482 -0.3005
vn 0.5817 0.7125 -0.3924
vn 0.0633 0.9969 -0.0465
vn 0.7045 0.6780 -0.2099
vn 0.2388 0.9482 0.2096
vn 0.2617 0.8059 0.5310
vn 0.3802 0.5867 0.7150
vn 0.4627 0.3074 0.8316
vn 0.4913 0.0022 0.8710
vn 0.4627 -0.3074 0.8316
vn 0.3840 -0.5867 0.7129
vn 0.2627 -0.8059 0.5305
vn 0.1039 -0.9482 0.3003
vn -0.0667 -0.9969 0.0415
vn -0.2351 -0.9482 -0.2137
vn -0.3939 -0.8059 -0.4420
vn -0.5154 -0.5867 -0.6246
vn -0.5942 -0.3074 -0.7433
vn -0.6226 -0.0022 -0.7825
vn -0.5942 0.3074 -0.7433
vn -0.5147 0.5867 -0.6252
vn -0.3926 0.8059 -0.4431
vn -0.2388 0.9482 -0.2096
vn -0.0655 0.9969 0.0435
vn 0.1032 0.9482 0.3005
vn -0.3537 0.5761 0.7369
vn -0.2639 0.4172 0.8696
vn -0.2098 0.2189 0.9529
vn -0.1877 -0.0022 0.9822
vn -0.2098 -0.2189 0.9529
vn -0.2606 -0.4172 0.8706
vn -0.3508 -0.5761 0.7383
vn -0.4585 -0.6780 0.5746
vn -0.5851 -0.7125 0.3873
vn -0.7043 -0.6780 0.2106
vn -0.8162 -0.5761 0.0453
vn -0.9043 -0.4172 -0.0905
vn -0.9603 -0.2189 -0.1727
vn -0.9793 0.0022 -0.2025
vn -0.9603 0.2189 -0.1727
vn -0.9041 0.4172 -0.0922
vn -0.8163 0.5761 0.0433
vn -0.7056 0.6780 0.2063
vn -0.5838 0.7125 0.3892
vn -0.4632 0.6780 0.5708
vn -0.4632 0.6780 0.5708
vn 0.1032 0.9482 0.3005
vn 0.5556 0.0022 0.8315
vn 0.5556 -0.0022 0.8315
vn 0.5556 0.0022 0.8315
vn 0.5556 -0.0022 0.8315
vn 0.5556 -0.0022 0.8315
vn 0.5556 -0.0022 0.8315
vn 0.5556 -0.0022 0.8315
vn 0.5556 -0.0022 0.8315
vn 0.5556 -0.0022 0.8315
vn 0.5556 -0.0022 0.8315
vn 0.5556 -0.0022 0.8315
vn 0.5556 -0.0022 0.8315
vn 0.5556 0.0022 0.8315
vn 0.5556 0.0022 0.8315
vn 0.5556 0.0022 0.8315
vn 0.5556 0.0022 0.8315
vn 0.5556 0.0022 0.8315
vn 0.5556 0.0022 0.8315
vn 0.5556 0.0022 0.8315
vn 0.5556 0.0022 0.8315
vn 0.5556 0.0022 0.8315
vn 0.5556 0.0022 0.8315
vn -0.0000 -1.0000 0.0000
vn 0.4427 -0.8453 -0.2992
vn -0.1713 -0.9509 -0.2577
vn 0.2961 -0.8033 -0.5167
vn -0.3279 -0.8085 -0.4887
vn 0.1649 -0.6844 -0.7103
vn -0.4487 -0.5867 -0.6741
vn 0.0604 -0.4987 -0.8646
vn -0.5271 -0.3074 -0.7923
vn -0.0000 -0.2613 -0.9653
vn -0.5556 -0.0022 -0.8315
vn -0.0302 -0.0022 -0.9995
vn -0.5271 0.3074 -0.7923
vn -0.0000 0.2613 -0.9653
vn -0.4481 0.5867 -0.6745
vn 0.0603 0.4987 -0.8647
vn -0.3268 0.8085 -0.4894
vn 0.1643 0.6844 -0.7104
vn -0.1702 0.9509 -0.2585
vn 0.3016 0.8033 -0.5135
vn -0.0000 1.0000 -0.0000
vn 0.4455 0.8453 -0.2949
vn 0.1733 0.9509 0.2564
vn 0.5905 0.8033 -0.0770
vn 0.3299 0.8085 0.4873
vn 0.7192 0.6844 0.1200
vn 0.4513 0.5867 0.6724
vn 0.8234 0.4987 0.2707
vn 0.5271 0.3074 0.7923
vn 0.8896 0.2613 0.3746
vn 0.5556 0.0022 0.8315
vn 0.9150 0.0022 0.4035
vn 0.5271 -0.3074 0.7923
vn 0.8916 -0.2613 0.3698
vn 0.4487 -0.5867 0.6741
vn 0.8227 -0.4987 0.2729
vn 0.3248 -0.8085 0.4908
vn 0.7198 -0.6844 0.1167
vn 0.1745 -0.9509 0.2556
vn 0.5900 -0.8033 -0.0810
vn -0.0000 -1.0000 0.0000
vn 0.4427 -0.8453 -0.2992
vn -0.4427 -0.8453 0.2992
vn -0.0000 -1.0000 -0.0000
vn -0.5905 -0.8033 0.0773
vn -0.1713 -0.9509 -0.2577
vn -0.7198 -0.6844 -0.1167
vn -0.3279 -0.8085 -0.4887
vn -0.8239 -0.4987 -0.2693
vn -0.4487 -0.5867 -0.6741
vn -0.8902 -0.2613 -0.3733
vn -0.5271 -0.3074 -0.7923
vn -0.9150 0.0022 -0.4035
vn -0.5556 -0.0022 -0.8315
vn -0.8896 0.2613 -0.3746
vn -0.5271 0.3074 -0.7923
vn -0.8234 0.4987 -0.2707
vn -0.4481 0.5867 -0.6745
vn -0.7192 0.6844 -0.1200
vn -0.3268 0.8085 -0.4894
vn -0.5900 0.8033 0.0807
vn -0.1702 0.9509 -0.2585
vn -0.4455 0.8453 0.2949
vn -0.0000 1.0000 -0.0000
vn -0.2983 0.8033 0.5154
vn 0.1733 0.9509 0.2564
vn -0.1643 0.6844 0.7104
vn 0.3299 0.8085 0.4873
vn -0.0603 0.4987 0.8647
vn 0.4513 0.5867 0.6724
vn 0.0000 0.2613 0.9653
vn 0.5271 0.3074 0.7923
vn 0.0302 0.0022 0.9995
vn 0.5556 0.0022 0.8315
vn 0.0038 -0.2613 0.9653
vn 0.5271 -0.3074 0.7923
vn -0.0641 -0.4987 0.8644
vn 0.4487 -0.5867 0.6741
vn -0.1649 -0.6844 0.7103
vn 0.3248 -0.8085 0.4908
vn -0.2994 -0.8033 0.5148
vn 0.1745 -0.9509 0.2556
vn -0.4427 -0.8453 0.2992
vn -0.0000 -1.0000 -0.0000
vn 1.0000 0.0022 -0.0000
vn 1.0000 0.0022 -0.0000
vn 0.8098 0.5867 0.0019
vn 0.8098 0.5867 0.0019
vn 0.3094 0.9509 0.0019
vn 0.3094 0.9509 0.0019
vn -0.3094 0.9509 0.0019
vn -0.3094 0.9509 0.0019
vn -0.8098 0.5867 0.0019
vn -0.8098 0.5867 0.0019
vn -1.0000 0.0022 0.0000
vn -1.0000 0.0022 0.0000
vn -0.8098 -0.5867 -0.0038
vn -0.8098 -0.5867 -0.0038
vn -0.3094 -0.9509 -0.0019
vn -0.3094 -0.9509 -0.0019
vn 0.3094 -0.9509 -0.0019
vn 0.3094 -0.9509 -0.0019
vn 0.8098 -0.5867 -0.0038
vn 0.8098 -0.5867 -0.0038
vn 1.0000 0.0022 -0.0000
vn 1.0000 0.0022 -0.0000
vn -0.0000 -0.8453 -0.5343
vn -0.0000 -1.0000 0.0000
vn 0.2628 -0.8033 -0.5344
vn 0.3094 -0.9509 -0.0019
vn 0.4952 -0.6844 -0.5352
vn 0.5885 -0.8085 -0.0019
vn 0.6823 -0.4987 -0.5345
vn 0.8098 -0.5867 -0.0038
vn 0.8048 -0.2613 -0.5329
vn 0.9516 -0.3074 -0.0000
vn 0.8438 0.0022 -0.5366
vn 1.0000 0.0022 -0.0000
vn 0.8042 0.2613 -0.5339
vn 0.9516 0.3074 -0.0000
vn 0.6817 0.4987 -0.5353
vn 0.8098 0.5867 0.0019
vn 0.4994 0.6844 -0.5313
vn 0.5885 0.8085 0.0019
vn 0.2618 0.8033 -0.5349
vn 0.3094 0.9509 0.0019
vn -0.0000 0.8453 -0.5343
vn -0.0000 1.0000 -0.0000
vn -0.2618 0.8033 -0.5349
vn -0.3094 0.9509 0.0019
vn -0.4994 0.6844 -0.5313
vn -0.5885 0.8085 0.0019
vn -0.6817 0.4987 -0.5353
vn -0.8098 0.5867 0.0019
vn -0.8042 0.2613 -0.5339
vn -0.9516 0.3074 0.0000
vn -0.8438 0.0022 -0.5366
vn -1.0000 -0.0022 0.0000
vn -0.8048 -0.2613 -0.5329
vn -0.9516 -0.3074 0.0000
vn -0.6823 -0.4987 -0.5345
vn -0.8098 -0.5867 0.0038
vn -0.4952 -0.6844 -0.5352
vn -0.5885 -0.8085 -0.0019
vn -0.2628 -0.8033 -0.5344
vn -0.3094 -0.9509 -0.0019
vn -0.0000 -0.8453 -0.5343
vn -0.0000 -1.0000 0.0000
vn -0.7923 -0.3074 0.5271
vn -0.7923 -0.3074 0.5271
vn -0.7923 0.3074 0.5271
vn -0.7923 0.3074 0.5271
vn -0.4884 0.8085 0.3283
vn -0.4884 0.8085 0.3283
vn -0.0000 1.0000 -0.0000
vn -0.0000 1.0000 -0.0000
vn 0.4905 0.8085 -0.3252
vn 0.4905 0.8085 -0.3252
vn 0.7923 0.3074 -0.5271
vn 0.7923 0.3074 -0.5271
vn 0.7923 -0.3074 -0.5271
vn 0.7923 -0.3074 -0.5271
vn 0.4876 -0.8085 -0.3295
vn 0.4876 -0.8085 -0.3295
vn -0.0000 -1.0000 0.0000
vn -0.0000 -1.0000 0.0000
vn -0.4897 -0.8085 0.3264
vn -0.4897 -0.8085 0.3264
vn -0.7923 -0.3074 0.5271
vn -0.7923 -0.3074 0.5271
vn 0.0000 -0.8453 0.5343
vn -0.0000 -1.0000 0.0000
vn -0.2594 -0.8033 0.5361
vn -0.3094 -0.9509 -0.0019
vn -0.4952 -0.6844 0.5352
vn -0.5885 -0.8085 -0.0019
vn -0.6847 -0.4987 0.5315
vn -0.8098 -0.5867 -0.0038
vn -0.8027 -0.2613 0.5361
vn -0.9516 -0.3074 0.0000
vn -0.8438 0.0022 0.5366
vn -1.0000 0.0022 0.0000
vn -0.8042 0.2613 0.5339
vn -0.9516 0.3074 0.0000
vn -0.6817 0.4987 0.5353
vn -0.8098 0.5867 0.0019
vn -0.4994 0.6844 0.5313
vn -0.5885 0.8085 0.0019
vn -0.2652 0.8033 0.5332
vn -0.3094 0.9509 0.0019
vn 0.0000 0.8453 0.5343
vn -0.0000 1.0000 -0.0000
vn 0.2652 0.8033 0.5332
vn 0.3094 0.9509 0.0019
vn 0.4994 0.6844 0.5313
vn 0.5885 0.8085 0.0019
vn 0.6817 0.4987 0.5353
vn 0.8098 0.5867 0.0019
vn 0.8042 0.2613 0.5339
vn 0.9516 0.3074 -0.0000
vn 0.8438 -0.0022 0.5366
vn 1.0000 -0.0022 -0.0000
vn 0.8027 -0.2613 0.5361
vn 0.9516 -0.3074 -0.0000
vn 0.6847 -0.4987 0.5315
vn 0.8098 -0.5867 -0.0038
vn 0.4952 -0.6844 0.5352
vn 0.5885 -0.8085 -0.0019
vn 0.2594 -0.8033 0.5361
vn 0.3094 -0.9509 -0.0019
vn 0.0000 -0.8453 0.5343
vn -0.0000 -1.0000 0.0000
vn -0.2225 0.6780 -0.7006
vn -0.3080 0.9482 -0.0780
vn -0.0000 0.7125 -0.7017
vn -0.0000 0.9969 -0.0786
vn 0.2225 0.6780 -0.7006
vn 0.3080 0.9482 -0.0780
vn 0.4168 0.5761 -0.7031
vn 0.5867 0.8059 -0.0788
vn 0.5777 0.4172 -0.7015
vn 0.8057 0.5867 -0.0809
vn 0.6765 0.2189 -0.7032
vn 0.9480 0.3074 -0.0829
vn 0.7124 0.0022 -0.7017
vn 0.9965 -0.0022 -0.0830
vn 0.6765 -0.2189 -0.7032
vn 0.9480 -0.3074 -0.0829
vn 0.5784 -0.4172 -0.7010
vn 0.8059 -0.5867 -0.0791
vn 0.4174 -0.5761 -0.7028
vn 0.5862 -0.8059 -0.0829
vn 0.2232 -0.6780 -0.7004
vn 0.3069 -0.9482 -0.0822
vn -0.0000 -0.7125 -0.7017
vn -0.0000 -0.9969 -0.0786
vn -0.2232 -0.6780 -0.7004
vn -0.3069 -0.9482 -0.0822
vn -0.4174 -0.5761 -0.7028
vn -0.5862 -0.8059 -0.0829
vn -0.5784 -0.4172 -0.7010
vn -0.8059 -0.5867 -0.0791
vn -0.6765 -0.2189 -0.7032
vn -0.9480 -0.3074 -0.0829
vn -0.7124 0.0022 -0.7017
vn -0.9965 0.0022 -0.0830
vn -0.6765 0.2189 -0.7032
vn -0.9480 0.3074 -0.0829
vn -0.5777 0.4172 -0.7015
vn -0.8057 0.5867 -0.0809
vn -0.4168 0.5761 -0.7031
vn -0.5867 0.8059 -0.0788
vn -0.2225 0.6780 -0.7006
vn -0.3080 0.9482 -0.0780
vn -0.0037 0.9969 0.0785
vn 0.3080 0.9482 0.0780
vn 0.5867 0.8059 0.0788
vn 0.8061 0.5867 0.0771
vn 0.9480 0.3074 0.0829
vn 0.9965 0.0022 0.0830
vn 0.9480 -0.3074 0.0829
vn 0.8059 -0.5867 0.0791
vn 0.5862 -0.8059 0.0829
vn 0.3069 -0.9482 0.0822
vn 0.0038 -0.9969 0.0785
vn -0.3069 -0.9482 0.0822
vn -0.5862 -0.8059 0.0829
vn -0.8059 -0.5867 0.0791
vn -0.9480 -0.3074 0.0829
vn -0.9965 -0.0022 0.0830
vn -0.9480 0.3074 0.0829
vn -0.8061 0.5867 0.0771
vn -0.5867 0.8059 0.0788
vn -0.3080 0.9482 0.0780
vn -0.0038 0.7125 0.7017
vn 0.2189 0.6780 0.7018
vn 0.4201 0.5761 0.7012
vn 0.5748 0.4172 0.7039
vn 0.6765 0.2189 0.7032
vn 0.7124 0.0022 0.7017
vn 0.6765 -0.2189 0.7032
vn 0.5784 -0.4172 0.7010
vn 0.4174 -0.5761 0.7028
vn 0.2196 -0.6780 0.7015
vn -0.0038 -0.7125 0.7017
vn -0.2196 -0.6780 0.7015
vn -0.4174 -0.5761 0.7028
vn -0.5784 -0.4172 0.7010
vn -0.6765 -0.2189 0.7032
vn -0.7124 0.0022 0.7017
vn -0.6765 0.2189 0.7032
vn -0.5748 0.4172 0.7039
vn -0.4201 0.5761 0.7012
vn -0.2189 0.6780 0.7018
vn -0.2189 0.6780 0.7018
vn -0.3080 0.9482 0.0780
vn -1.0000 0.0022 0.0000
vn -1.0000 0.0022 0.0000
vn -1.0000 0.0022 0.0000
vn -1.0000 0.0022 0.0000
vn -1.0000 0.0022 0.0000
vn -1.0000 0.0022 0.0000
vn -1.0000 0.0022 0.0000
vn -1.0000 0.0022 0.0000
vn -1.0000 0.0022 0.0000
vn -1.0000 0.0022 0.0000
vn -1.0000 -0.0022 0.0000
vn -1.0000 -0.0022 0.0000
vn -1.0000 -0.0022 0.0000
vn -1.0000 -0.0022 0.0000
vn -1.0000 -0.0022 0.0000
vn -1.0000 -0.0022 0.0000
vn -1.0000 -0.0022 0.0000
vn -1.0000 -0.0022 0.0000
vn -1.0000 -0.0022 0.0000
vn -1.0000 -0.0022 0.0000
vn -1.0000 0.0022 0.0000
vn -1.0000 0.0022 0.0000
vn 0.7045 0.6780 -0.2099
vn 0.2388 0.9482 0.2096
vn 0.8164 0.5761 -0.0396
vn 0.3926 0.8059 0.4431
vn 0.9045 0.4172 0.0885
vn 0.5118 0.5867 0.6275
vn 0.9603 0.2189 0.1727
vn 0.5942 0.3074 0.7433
vn 0.9793 0.0022 0.2025
vn 0.6226 -0.0022 0.7825
vn 0.9603 -0.2189 0.1727
vn 0.5942 -0.3074 0.7433
vn 0.9043 -0.4172 0.0905
vn 0.5154 -0.5867 0.6246
vn 0.8162 -0.5761 -0.0453
vn 0.3939 -0.8059 0.4420
vn 0.7054 -0.6780 -0.2069
vn 0.2351 -0.9482 0.2137
vn 0.5830 -0.7125 -0.3904
vn 0.0647 -0.9969 -0.0446
vn 0.4615 -0.6780 -0.5722
vn -0.1039 -0.9482 -0.3003
vn 0.3508 -0.5761 -0.7383
vn -0.2627 -0.8059 -0.5305
vn 0.2606 -0.4172 -0.8706
vn -0.3840 -0.5867 -0.7129
vn 0.2098 -0.2189 -0.9529
vn -0.4627 -0.3074 -0.8316
vn 0.1877 -0.0022 -0.9822
vn -0.4913 0.0022 -0.8710
vn 0.2098 0.2189 -0.9529
vn -0.4627 0.3074 -0.8316
vn 0.2603 0.4172 -0.8707
vn -0.3835 0.5867 -0.7132
vn 0.3503 0.5761 -0.7385
vn -0.2617 0.8059 -0.5310
vn 0.4602 0.6780 -0.5732
vn -0.1032 0.9482 -0.3005
vn 0.5817 0.7125 -0.3924
vn 0.0633 0.9969 -0.0465
vn 0.7045 0.6780 -0.2099
vn 0.2388 0.9482 0.2096
vn 0.2617 0.8059 0.5310
vn 0.3802 0.5867 0.7150
vn 0.4627 0.3074 0.8316
vn 0.4913 0.0022 0.8710
vn 0.4627 -0.3074 0.8316
vn 0.3840 -0.5867 0.7129
vn 0.2627 -0.8059 0.5305
vn 0.1039 -0.9482 0.3003
vn -0.0667 -0.9969 0.0415
vn -0.2351 -0.9482 -0.2137
vn -0.3939 -0.8059 -0.4420
vn -0.5154 -0.5867 -0.6246
vn -0.5942 -0.3074 -0.7433
vn -0.6226 -0.0022 -0.7825
vn -0.5942 0.3074 -0.7433
vn -0.5147 0.5867 -0.6252
vn -0.3926 0.8059 -0.4431
vn -0.2388 0.9482 -0.2096
vn -0.0655 0.9969 0.0435
vn 0.1032 0.9482 0.3005
vn -0.3537 0.5761 0.7369
vn -0.2639 0.4172 0.8696
vn -0.2098 0.2189 0.9529
vn -0.1877 -0.0022 0.9822
vn -0.2098 -0.2189 0.9529
vn -0.2606 -0.4172 0.8706
vn -0.3508 -0.5761 0.7383
vn -0.4585 -0.6780 0.5746
vn -0.5851 -0.7125 0.3873
vn -0.7043 -0.6780 0.2106
vn -0.8162 -0.5761 0.0453
vn -0.9043 -0.4172 -0.0905
vn -0.9603 -0.2189 -0.1727
vn -0.9793 0.0022 -0.2025
vn -0.9603 0.2189 -0.1727
vn -0.9041 0.4172 -0.0922
vn -0.8163 0.5761 0.0433
vn -0.7056 0.6780 0.2063
vn -0.5838 0.7125 0.3892
vn -0.4632 0.6780 0.5708
vn -0.4632 0.6780 0.5708
vn 0.1032 0.9482 0.3005
vn 0.5556 0.0022 -0.8315
vn 0.5556 0.0022 -0.8315
vn 0.4544 0.5867 -0.6703
vn 0.4544 0.5867 -0.6703
vn 0.1702 0.9509 -0.2585
vn 0.1702 0.9509 -0.2585
vn -0.1733 0.9509 0.2564
vn -0.1733 0.9509 0.2564
vn -0.4513 0.5867 0.6724
vn -0.4513 0.5867 0.6724
vn -0.5556 -0.0022 0.8315
vn -0.5556 -0.0022 0.8315
vn -0.4487 -0.5867 0.6741
vn -0.4487 -0.5867 0.6741
vn -0.1745 -0.9509 0.2556
vn -0.1745 -0.9509 0.2556
vn 0.1713 -0.9509 -0.2577
vn 0.1713 -0.9509 -0.2577
vn 0.4487 -0.5867 -0.6741
vn 0.4487 -0.5867 -0.6741
vn 0.5556 0.0022 -0.8315
vn 0.5556 0.0022 -0.8315
vn -0.0000 -1.0000 -0.0000
vn -0.0038 -0.9395 0.3425
vn -0.0000 -1.0000 -0.0000
vn -0.0038 -0.9395 0.3425
vn -0.0038 -0.7654 0.6435
vn -0.0038 -0.7654 0.6435
vn -0.0038 -0.4987 0.8667
vn -0.0038 -0.4987 0.8667
vn 0.0000 -0.1717 0.9851
vn 0.0000 -0.1717 0.9851
vn 0.0000 0.1717 0.9851
vn 0.0000 0.1717 0.9851
vn 0.0000 0.4987 0.8668
vn 0.0000 0.4987 0.8668
vn 0.0000 0.7654 0.6435
vn 0.0000 0.7654 0.6435
vn 0.0000 0.9395 0.3425
vn 0.0000 0.9395 0.3425
vn -0.0000 1.0000 -0.0000
vn -0.0000 1.0000 -0.0000
vn -0.0000 0.9395 -0.3425
vn -0.0000 0.9395 -0.3425
vn -0.0000 0.7654 -0.6435
vn -0.0000 0.7654 -0.6435
vn -0.0000 0.4987 -0.8668
vn -0.0000 0.4987 -0.8668
vn -0.0000 0.1717 -0.9851
vn -0.0000 0.1717 -0.9851
vn -0.0000 -0.1717 -0.9851
vn -0.0000 -0.1717 -0.9851
vn -0.0000 -0.4987 -0.8668
vn -0.0000 -0.4987 -0.8668
vn -0.0000 -0.7654 -0.6435
vn -0.0000 -0.7654 -0.6435
vn -0.0000 -0.9395 -0.3425
vn -0.0000 -0.9395 -0.3425
vn -0.0000 -1.0000 -0.0000
vn -0.0000 -1.0000 -0.0000
vn -0.0000 -1.0000 0.0000
vn -0.4427 -0.8453 -0.2992
vn -0.1745 -0.9509 0.2556
vn -0.5900 -0.8033 -0.0810
vn -0.3311 -0.8085 0.4865
vn -0.7198 -0.6844 0.1167
vn -0.4487 -0.5867 0.6741
vn -0.8227 -0.4987 0.2729
vn -0.5334 -0.3074 0.7881
vn -0.8916 -0.2613 0.3698
vn -0.5556 0.0022 0.8315
vn -0.9150 -0.0022 0.4035
vn -0.5334 0.3074 0.7881
vn -0.8925 0.2613 0.3676
vn -0.4513 0.5867 0.6724
vn -0.8234 0.4987 0.2707
vn -0.3299 0.8085 0.4873
vn -0.7204 0.6844 0.1126
vn -0.1733 0.9509 0.2564
vn -0.5905 0.8033 -0.0770
vn -0.0000 1.0000 -0.0000
vn -0.4455 0.8453 -0.2949
vn 0.1702 0.9509 -0.2585
vn -0.2950 0.8033 -0.5173
vn 0.3268 0.8085 -0.4894
vn -0.1643 0.6844 -0.7104
vn 0.4544 0.5867 -0.6703
vn -0.0603 0.4987 -0.8647
vn 0.5334 0.3074 -0.7881
vn 0.0075 0.2613 -0.9652
vn 0.5556 0.0022 -0.8315
vn 0.0302 0.0022 -0.9995
vn 0.5334 -0.3074 -0.7881
vn 0.0076 -0.2613 -0.9652
vn 0.4487 -0.5867 -0.6741
vn -0.0604 -0.4987 -0.8646
vn 0.3279 -0.8085 -0.4887
vn -0.1649 -0.6844 -0.7103
vn 0.1713 -0.9509 -0.2577
vn -0.2961 -0.8033 -0.5167
vn -0.0000 -1.0000 0.0000
vn -0.4427 -0.8453 -0.2992
vn 0.4427 -0.8453 0.2992
vn -0.0000 -1.0000 0.0000
vn 0.2994 -0.8033 0.5148
vn -0.1745 -0.9509 0.2556
vn 0.1649 -0.6844 0.7103
vn -0.3311 -0.8085 0.4865
vn 0.0641 -0.4987 0.8644
vn -0.4487 -0.5867 0.6741
vn -0.0038 -0.2613 0.9653
vn -0.5334 -0.3074 0.7881
vn -0.0302 0.0022 0.9995
vn -0.5556 -0.0022 0.8315
vn -0.0075 0.2613 0.9652
vn -0.5334 0.3074 0.7881
vn 0.0603 0.4987 0.8647
vn -0.4513 0.5867 0.6724
vn 0.1643 0.6844 0.7104
vn -0.3299 0.8085 0.4873
vn 0.2983 0.8033 0.5154
vn -0.1733 0.9509 0.2564
vn 0.4455 0.8453 0.2949
vn -0.0000 1.0000 -0.0000
vn 0.5900 0.8033 0.0807
vn 0.1702 0.9509 -0.2585
vn 0.7204 0.6844 -0.1126
vn 0.3268 0.8085 -0.4894
vn 0.8234 0.4987 -0.2707
vn 0.4544 0.5867 -0.6703
vn 0.8925 0.2613 -0.3676
vn 0.5334 0.3074 -0.7881
vn 0.9150 0.0022 -0.4035
vn 0.5556 -0.0022 -0.8315
vn 0.8902 -0.2613 -0.3733
vn 0.5334 -0.3074 -0.7881
vn 0.8239 -0.4987 -0.2693
vn 0.4487 -0.5867 -0.6741
vn 0.7198 -0.6844 -0.1167
vn 0.3279 -0.8085 -0.4887
vn 0.5905 -0.8033 0.0773
vn 0.1713 -0.9509 -0.2577
vn 0.4427 -0.8453 0.2992
vn -0.0000 -1.0000 0.0000
vn -0.0000 -1.0000 0.0000
vn 0.2846 -0.9395 0.1905
vn -0.0000 -1.0000 0.0000
vn 0.2846 -0.9395 0.1905
vn 0.5347 -0.7654 0.3581
vn 0.5347 -0.7654 0.3581
vn 0.7200 -0.4987 0.4825
vn 0.7200 -0.4987 0.4825
vn 0.8186 -0.1717 0.5481
vn 0.8186 -0.1717 0.5481
vn 0.8186 0.1717 0.5481
vn 0.8186 0.1717 0.5481
vn 0.7215 0.4987 0.4804
vn 0.7215 0.4987 0.4804
vn 0.5361 0.7654 0.3560
vn 0.5361 0.7654 0.3560
vn 0.2861 0.9395 0.1883
vn 0.2861 0.9395 0.1883
vn -0.0000 1.0000 -0.0000
vn -0.0000 1.0000 -0.0000
vn -0.2861 0.9395 -0.1883
vn -0.2861 0.9395 -0.1883
vn -0.5361 0.7654 -0.3560
vn -0.5361 0.7654 -0.3560
vn -0.7215 0.4987 -0.4804
vn -0.7215 0.4987 -0.4804
vn -0.8186 0.1717 -0.5481
vn -0.8186 0.1717 -0.5481
vn -0.8186 -0.1717 -0.5481
vn -0.8186 -0.1717 -0.5481
vn -0.7179 -0.4987 -0.4857
vn -0.7179 -0.4987 -0.4857
vn -0.5326 -0.7654 -0.3612
vn -0.5326 -0.7654 -0.3612
vn -0.2825 -0.9395 -0.1936
vn -0.2825 -0.9395 -0.1936
vn -0.0000 -1.0000 0.0000
vn -0.0000 -1.0000 0.0000
vn 0.7881 -0.3074 0.5334
vn 0.7881 -0.3074 0.5334
vn 0.7881 0.3074 0.5334
vn 0.7881 0.3074 0.5334
vn 0.4884 0.8085 0.3283
vn 0.4884 0.8085 0.3283
vn -0.0000 1.0000 -0.0000
vn -0.0000 1.0000 -0.0000
vn -0.4905 0.8085 -0.3252
vn -0.4905 0.8085 -0.3252
vn -0.7881 0.3074 -0.5334
vn -0.7881 0.3074 -0.5334
vn -0.7881 -0.3074 -0.5334
vn -0.7881 -0.3074 -0.5334
vn -0.4876 -0.8085 -0.3295
vn -0.4876 -0.8085 -0.3295
vn -0.0000 -1.0000 0.0000
vn -0.0000 -1.0000 0.0000
vn 0.4897 -0.8085 0.3264
vn 0.4897 -0.8085 0.3264
vn 0.7881 -0.3074 0.5334
vn 0.7881 -0.3074 0.5334
vn -0.0000 -0.3074 -0.9516
vn -0.0000 -0.3074 -0.9516
vn -0.0000 0.3074 -0.9516
vn -0.0000 0.3074 -0.9516
vn -0.0000 0.8085 -0.5885
vn -0.0000 0.8085 -0.5885
vn -0.0000 1.0000 -0.0000
vn -0.0000 1.0000 -0.0000
vn -0.0038 0.8085 0.5885
vn -0.0038 0.8085 0.5885
vn 0.0000 0.3074 0.9516
vn 0.0000 0.3074 0.9516
vn 0.0000 -0.3074 0.9516
vn 0.0000 -0.3074 0.9516
vn 0.0038 -0.8085 0.5885
vn 0.0038 -0.8085 0.5885
vn -0.0000 -1.0000 0.0000
vn -0.0000 -1.0000 0.0000
vn -0.0000 -0.8085 -0.5885
vn -0.0000 -0.8085 -0.5885
vn -0.0000 -0.3074 -0.9516
vn -0.0000 -0.3074 -0.9516
vn -0.0000 -1.0000 0.0000
vn -0.2846 -0.9395 0.1905
vn -0.0000 -1.0000 0.0000
vn -0.2846 -0.9395 0.1905
vn -0.5347 -0.7654 0.3581
vn -0.5347 -0.7654 0.3581
vn -0.7200 -0.4987 0.4825
vn -0.7200 -0.4987 0.4825
vn -0.8186 -0.1717 0.5481
vn -0.8186 -0.1717 0.5481
vn -0.8186 0.1717 0.5481
vn -0.8186 0.1717 0.5481
vn -0.7215 0.4987 0.4804
vn -0.7215 0.4987 0.4804
vn -0.5361 0.7654 0.3560
vn -0.5361 0.7654 0.3560
vn -0.2861 0.9395 0.1883
vn -0.2861 0.9395 0.1883
vn -0.0000 1.0000 -0.0000
vn -0.0000 1.0000 -0.0000
vn 0.2861 0.9395 -0.1883
vn 0.2861 0.9395 -0.1883
vn 0.5361 0.7654 -0.3560
vn 0.5361 0.7654 -0.3560
vn 0.7215 0.4987 -0.4804
vn 0.7215 0.4987 -0.4804
vn 0.8186 0.1717 -0.5481
vn 0.8186 0.1717 -0.5481
vn 0.8186 -0.1717 -0.5481
vn 0.8186 -0.1717 -0.5481
vn 0.7221 -0.4987 -0.4794
vn 0.7221 -0.4987 -0.4794
vn 0.5368 -0.7654 -0.3550
vn 0.5368 -0.7654 -0.3550
vn 0.2867 -0.9395 -0.1873
vn 0.2867 -0.9395 -0.1873
vn -0.0000 -1.0000 0.0000
vn -0.0000 -1.0000 0.0000
vn -0.0000 -1.0000 0.0000
vn -0.4427 -0.8453 0.2992
vn 0.1745 -0.9509 0.2556
vn -0.2994 -0.8033 0.5148
vn 0.3248 -0.8085 0.4908
vn -0.1649 -0.6844 0.7103
vn 0.4487 -0.5867 0.6741
vn -0.0641 -0.4987 0.8644
vn 0.5271 -0.3074 0.7923
vn 0.0038 -0.2613 0.9653
vn 0.5556 -0.0022 0.8315
vn 0.0302 0.0022 0.9995
vn 0.5271 0.3074 0.7923
vn 0.0000 0.2613 0.9653
vn 0.4513 0.5867 0.6724
vn -0.0603 0.4987 0.8647
vn 0.3299 0.8085 0.4873
vn -0.1643 0.6844 0.7104
vn 0.1733 0.9509 0.2564
vn -0.2983 0.8033 0.5154
vn -0.0000 1.0000 -0.0000
vn -0.4455 0.8453 0.2949
vn -0.1702 0.9509 -0.2585
vn -0.5900 0.8033 0.0807
vn -0.3268 0.8085 -0.4894
vn -0.7192 0.6844 -0.1200
vn -0.4481 0.5867 -0.6745
vn -0.8234 0.4987 -0.2707
vn -0.5271 0.3074 -0.7923
vn -0.8896 0.2613 -0.3746
vn -0.5556 -0.0022 -0.8315
vn -0.9150 0.0022 -0.4035
vn -0.5271 -0.3074 -0.7923
vn -0.8902 -0.2613 -0.3733
vn -0.4487 -0.5867 -0.6741
vn -0.8239 -0.4987 -0.2693
vn -0.3279 -0.8085 -0.4887
vn -0.7198 -0.6844 -0.1167
vn -0.1713 -0.9509 -0.2577
vn -0.5905 -0.8033 0.0773
vn -0.0000 -1.0000 0.0000
vn -0.4427 -0.8453 0.2992
vn -1.0000 0.0022 0.0000
vn -1.0000 -0.0022 0.0000
vn -1.0000 0.0022 0.0000
vn -1.0000 -0.0022 0.0000
vn -1.0000 -0.0022 0.0000
vn -1.0000 -0.0022 0.0000
vn -1.0000 -0.0022 0.0000
vn -1.0000 -0.0022 0.0000
vn -1.0000 -0.0022 0.0000
vn -1.0000 -0.0022 0.0000
vn -1.0000 -0.0022 0.0000
vn -1.0000 -0.0022 0.0000
vn -1.0000 0.0022 0.0000
vn -1.0000 0.0022 0.0000
vn -1.0000 0.0022 0.0000
vn -1.0000 0.0022 0.0000
vn -1.0000 0.0022 0.0000
vn -1.0000 0.0022 0.0000
vn -1.0000 0.0022 0.0000
vn -1.0000 0.0022 0.0000
vn -1.0000 0.0022 0.0000
vn -1.0000 0.0022 0.0000
vn -0.5556 0.0022 0.8315
vn -0.5556 0.0022 0.8315
vn -0.5556 0.0022 0.8315
vn -0.5556 0.0022 0.8315
vn -0.5556 0.0022 0.8315
vn -0.5556 0.0022 0.8315
vn -0.5556 0.0022 0.8315
vn -0.5556 0.0022 0.8315
vn -0.5556 -0.0022 0.8315
vn -0.5556 -0.0022 0.8315
vn -0.5556 0.0022 0.8315
vn -0.5556 0.0022 0.8315
vn -0.5556 -0.0022 0.8315
vn -0.5556 -0.0022 0.8315
vn -0.5556 -0.0022 0.8315
vn -0.5556 -0.0022 0.8315
vn -0.5556 0.0022 0.8315
vn -0.5556 0.0022 0.8315
vn -0.5556 -0.0022 0.8315
vn -0.5556 -0.0022 0.8315
vn -0.5556 -0.0022 0.8315
vn -0.5556 -0.0022 0.8315
vn -0.5556 0.0022 0.8315
vn -0.5556 0.0022 0.8315
vn -0.5556 0.0022 0.8315
vn -0.5556 0.0022 0.8315
vn -0.5556 0.0022 0.8315
vn -0.5556 0.0022 0.8315
vn -0.5556 -0.0022 0.8315
vn -0.5556 -0.0022 0.8315
vn -0.5556 -0.0022 0.8315
vn -0.5556 -0.0022 0.8315
vn -0.5556 -0.0022 0.8315
vn -0.5556 -0.0022 0.8315
vn -0.5556 0.0022 0.8315
vn -0.5556 0.0022 0.8315
vn -0.5556 0.0022 0.8315
vn -0.5556 0.0022 0.8315
vn 1.0000 0.0022 -0.0000
vn 1.0000 0.0022 -0.0000
vn 1.0000 -0.0022 -0.0000
vn 1.0000 -0.0022 -0.0000
vn 1.0000 -0.0022 -0.0000
vn 1.0000 -0.0022 -0.0000
vn 1.0000 0.0022 -0.0000
vn 1.0000 0.0022 -0.0000
vn 1.0000 0.0022 -0.0000
vn 1.0000 0.0022 -0.0000
vn 1.0000 0.0022 -0.0000
vn 1.0000 0.0022 -0.0000
vn 1.0000 0.0022 -0.0000
vn 1.0000 0.0022 -0.0000
vn 1.0000 0.0022 -0.0000
vn 1.0000 0.0022 -0.0000
vn 1.0000 0.0022 -0.0000
vn 1.0000 0.0022 -0.0000
vn 1.0000 -0.0022 -0.0000
vn 1.0000 -0.0022 -0.0000
vn 1.0000 0.0022 -0.0000
vn 1.0000 0.0022 -0.0000
vn 1.0000 -0.0022 -0.0000
vn 1.0000 -0.0022 -0.0000
vn 1.0000 -0.0022 -0.0000
vn 1.0000 -0.0022 -0.0000
vn 1.0000 -0.0022 -0.0000
vn 1.0000 -0.0022 -0.0000
vn 1.0000 -0.0022 -0.0000
vn 1.0000 -0.0022 -0.0000
vn 1.0000 -0.0022 -0.0000
vn 1.0000 -0.0022 -0.0000
vn 1.0000 -0.0022 -0.0000
vn 1.0000 -0.0022 -0.0000
vn 1.0000 -0.0022 -0.0000
vn 1.0000 -0.0022 -0.0000
vn 1.0000 0.0022 -0.0000
vn 1.0000 0.0022 -0.0000
vn -0.2225 0.6780 -0.7006
vn -0.3080 0.9482 -0.0780
vn -0.0000 0.7125 -0.7017
vn -0.0000 0.9969 -0.0786
vn 0.2225 0.6780 -0.7006
vn 0.3080 0.9482 -0.0780
vn 0.4168 0.5761 -0.7031
vn 0.5867 0.8059 -0.0788
vn 0.5777 0.4172 -0.7015
vn 0.8057 0.5867 -0.0809
vn 0.6765 0.2189 -0.7032
vn 0.9480 0.3074 -0.0829
vn 0.7124 -0.0022 -0.7017
vn 0.9965 -0.0022 -0.0830
vn 0.6765 -0.2189 -0.7032
vn 0.9480 -0.3074 -0.0829
vn 0.5784 -0.4172 -0.7010
vn 0.8059 -0.5867 -0.0791
vn 0.4174 -0.5761 -0.7028
vn 0.5862 -0.8059 -0.0829
vn 0.2232 -0.6780 -0.7004
vn 0.3069 -0.9482 -0.0822
vn -0.0000 -0.7125 -0.7017
vn -0.0000 -0.9969 -0.0786
vn -0.2232 -0.6780 -0.7004
vn -0.3069 -0.9482 -0.0822
vn -0.4174 -0.5761 -0.7028
vn -0.5862 -0.8059 -0.0829
vn -0.5784 -0.4172 -0.7010
vn -0.8059 -0.5867 -0.0791
vn -0.6765 -0.2189 -0.7032
vn -0.9480 -0.3074 -0.0829
vn -0.7124 -0.0022 -0.7017
vn -0.9965 0.0022 -0.0830
vn -0.6765 0.2189 -0.7032
vn -0.9480 0.3074 -0.0829
vn -0.5777 0.4172 -0.7015
vn -0.8057 0.5867 -0.0809
vn -0.4168 0.5761 -0.7031
vn -0.5867 0.8059 -0.0788
vn -0.2225 0.6780 -0.7006
vn -0.3080 0.9482 -0.0780
vn -0.0037 0.9969 0.0785
vn 0.3080 0.9482 0.0780
vn 0.5867 0.8059 0.0788
vn 0.8061 0.5867 0.0771
vn 0.9480 0.3074 0.0829
vn 0.9965 0.0022 0.0830
vn 0.9480 -0.3074 0.0829
vn 0.8059 -0.5867 0.0791
vn 0.5862 -0.8059 0.0829
vn 0.3069 -0.9482 0.0822
vn 0.0038 -0.9969 0.0785
vn -0.3069 -0.9482 0.0822
vn -0.5862 -0.8059 0.0829
vn -0.8059 -0.5867 0.0791
vn -0.9480 -0.3074 0.0829
vn -0.9965 -0.0022 0.0830
vn -0.9480 0.3074 0.0829
vn -0.8061 0.5867 0.0771
vn -0.5867 0.8059 0.0788
vn -0.3080 0.9482 0.0780
vn -0.0038 0.7125 0.7017
vn 0.2189 0.6780 0.7018
vn 0.4201 0.5761 0.7012
vn 0.5748 0.4172 0.7039
vn 0.6765 0.2189 0.7032
vn 0.7124 -0.0022 0.7017
vn 0.6765 -0.2189 0.7032
vn 0.5784 -0.4172 0.7010
vn 0.4174 -0.5761 0.7028
vn 0.2196 -0.6780 0.7015
vn -0.0038 -0.7125 0.7017
vn -0.2196 -0.6780 0.7015
vn -0.4174 -0.5761 0.7028
vn -0.5784 -0.4172 0.7010
vn -0.6765 -0.2189 0.7032
vn -0.7124 0.0022 0.7017
vn -0.6765 0.2189 0.7032
vn -0.5748 0.4172 0.7039
vn -0.4201 0.5761 0.7012
vn -0.2189 0.6780 0.7018
vn -0.2189 0.6780 0.7018
vn -0.3080 0.9482 0.0780
vn -0.5556 -0.0022 -0.8315
vn -0.5556 -0.0022 -0.8315
vn -0.5556 0.0022 -0.8315
vn -0.5556 0.0022 -0.8315
vn -0.5556 0.0022 -0.8315
vn -0.5556 0.0022 -0.8315
vn -0.5556 -0.0022 -0.8315
vn -0.5556 -0.0022 -0.8315
vn -0.5556 -0.0022 -0.8315
vn -0.5556 -0.0022 -0.8315
vn -0.5556 0.0022 -0.8315
vn -0.5556 0.0022 -0.8315
vn -0.5556 0.0022 -0.8315
vn -0.5556 0.0022 -0.8315
vn -0.5556 -0.0022 -0.8315
vn -0.5556 -0.0022 -0.8315
vn -0.5556 -0.0022 -0.8315
vn -0.5556 -0.0022 -0.8315
vn -0.5556 -0.0022 -0.8315
vn -0.5556 -0.0022 -0.8315
vn -0.5556 -0.0022 -0.8315
vn -0.5556 -0.0022 -0.8315
vn -0.5556 -0.0022 -0.8315
vn -0.5556 -0.0022 -0.8315
vn -0.5556 0.0022 -0.8315
vn -0.5556 0.0022 -0.8315
vn -0.5556 -0.0022 -0.8315
vn -0.5556 -0.0022 -0.8315
vn -0.5556 0.0022 -0.8315
vn -0.5556 0.0022 -0.8315
vn -0.5556 -0.0022 -0.8315
vn -0.5556 -0.0022 -0.8315
vn -0.5556 0.0022 -0.8315
vn -0.5556 0.0022 -0.8315
vn -0.5556 0.0022 -0.8315
vn -0.5556 0.0022 -0.8315
vn -0.5556 -0.0022 -0.8315
vn -0.5556 -0.0022 -0.8315
vn 0.4427 -0.8453 -0.2992
vn -0.0000 -1.0000 0.0000
vn 0.5900 -0.8033 -0.0810
vn 0.1745 -0.9509 0.2556
vn 0.7198 -0.6844 0.1167
vn 0.3248 -0.8085 0.4908
vn 0.8227 -0.4987 0.2729
vn 0.4487 -0.5867 0.6741
vn 0.8916 -0.2613 0.3698
vn 0.5271 -0.3074 0.7923
vn 0.9150 0.0022 0.4035
vn 0.5556 0.0022 0.8315
vn 0.8896 0.2613 0.3746
vn 0.5271 0.3074 0.7923
vn 0.8234 0.4987 0.2707
vn 0.4513 0.5867 0.6724
vn 0.7192 0.6844 0.1200
vn 0.3299 0.8085 0.4873
vn 0.5905 0.8033 -0.0770
vn 0.1733 0.9509 0.2564
vn 0.4455 0.8453 -0.2949
vn -0.0000 1.0000 -0.0000
vn 0.3016 0.8033 -0.5135
vn -0.1702 0.9509 -0.2585
vn 0.1643 0.6844 -0.7104
vn -0.3268 0.8085 -0.4894
vn 0.0603 0.4987 -0.8647
vn -0.4481 0.5867 -0.6745
vn -0.0000 0.2613 -0.9653
vn -0.5271 0.3074 -0.7923
vn -0.0302 -0.0022 -0.9995
vn -0.5556 -0.0022 -0.8315
vn -0.0000 -0.2613 -0.9653
vn -0.5271 -0.3074 -0.7923
vn 0.0604 -0.4987 -0.8646
vn -0.4487 -0.5867 -0.6741
vn 0.1649 -0.6844 -0.7103
vn -0.3279 -0.8085 -0.4887
vn 0.2961 -0.8033 -0.5167
vn -0.1713 -0.9509 -0.2577
vn 0.4427 -0.8453 -0.2992
vn -0.0000 -1.0000 0.0000
vn 0.7056 0.6780 0.2063
vn 0.2388 0.9482 -0.2096
vn 0.5838 0.7125 0.3892
vn 0.0655 0.9969 0.0435
vn 0.4573 0.6780 0.5756
vn -0.1032 0.9482 0.3005
vn 0.3469 0.5761 0.7402
vn -0.2617 0.8059 0.5310
vn 0.2639 0.4172 0.8696
vn -0.3802 0.5867 0.7150
vn 0.2024 0.2189 0.9545
vn -0.4627 0.3074 0.8316
vn 0.1877 0.0022 0.9822
vn -0.4913 -0.0022 0.8710
vn 0.2024 -0.2189 0.9545
vn -0.4627 -0.3074 0.8316
vn 0.2606 -0.4172 0.8706
vn -0.3840 -0.5867 0.7129
vn 0.3508 -0.5761 0.7383
vn -0.2627 -0.8059 0.5305
vn 0.4585 -0.6780 0.5746
vn -0.1039 -0.9482 0.3003
vn 0.5809 -0.7125 0.3936
vn 0.0667 -0.9969 0.0415
vn 0.7043 -0.6780 0.2106
vn 0.2351 -0.9482 -0.2137
vn 0.8162 -0.5761 0.0453
vn 0.3939 -0.8059 -0.4420
vn 0.9043 -0.4172 -0.0905
vn 0.5154 -0.5867 -0.6246
vn 0.9603 -0.2189 -0.1727
vn 0.5942 -0.3074 -0.7433
vn 0.9793 -0.0022 -0.2025
vn 0.6226 0.0022 -0.7825
vn 0.9603 0.2189 -0.1727
vn 0.5942 0.3074 -0.7433
vn 0.9048 0.4172 -0.0847
vn 0.5147 0.5867 -0.6252
vn 0.8163 0.5761 0.0433
vn 0.3926 0.8059 -0.4431
vn 0.7056 0.6780 0.2063
vn 0.2388 0.9482 -0.2096
vn -0.0633 0.9969 -0.0465
vn -0.2388 0.9482 0.2096
vn -0.3926 0.8059 0.4431
vn -0.5176 0.5867 0.6227
vn -0.5942 0.3074 0.7433
vn -0.6226 0.0022 0.7825
vn -0.5942 -0.3074 0.7433
vn -0.5154 -0.5867 0.6246
vn -0.3939 -0.8059 0.4420
vn -0.2351 -0.9482 0.2137
vn -0.0647 -0.9969 -0.0446
vn 0.1039 -0.9482 -0.3003
vn 0.2627 -0.8059 -0.5305
vn 0.3840 -0.5867 -0.7129
vn 0.4627 -0.3074 -0.8316
vn 0.4913 -0.0022 -0.8710
vn 0.4627 0.3074 -0.8316
vn 0.3835 0.5867 -0.7132
vn 0.2617 0.8059 -0.5310
vn 0.1032 0.9482 -0.3005
vn -0.5817 0.7125 -0.3924
vn -0.7045 0.6780 -0.2099
vn -0.8160 0.5761 -0.0471
vn -0.9045 0.4172 0.0885
vn -0.9603 0.2189 0.1727
vn -0.9793 -0.0022 0.2025
vn -0.9603 -0.2189 0.1727
vn -0.9043 -0.4172 0.0905
vn -0.8162 -0.5761 -0.0453
vn -0.7054 -0.6780 -0.2069
vn -0.5830 -0.7125 -0.3904
vn -0.4615 -0.6780 -0.5722
vn -0.3508 -0.5761 -0.7383
vn -0.2606 -0.4172 -0.8706
vn -0.2024 -0.2189 -0.9545
vn -0.1877 0.0022 -0.9822
vn -0.2024 0.2189 -0.9545
vn -0.2603 0.4172 -0.8707
vn -0.3503 0.5761 -0.7385
vn -0.4602 0.6780 -0.5732
vn -0.4602 0.6780 -0.5732
vn 0.1032 0.9482 -0.3005
vn -0.0075 -0.3074 -0.9516
vn -0.0075 -0.3074 -0.9516
vn -0.0075 0.3074 -0.9516
vn -0.0075 0.3074 -0.9516
vn -0.0075 0.8085 -0.5884
vn -0.0075 0.8085 -0.5884
vn -0.0000 1.0000 -0.0000
vn -0.0000 1.0000 -0.0000
vn 0.0038 0.8085 0.5885
vn 0.0038 0.8085 0.5885
vn 0.0075 0.3074 0.9516
vn 0.0075 0.3074 0.9516
vn 0.0075 -0.3074 0.9516
vn 0.0075 -0.3074 0.9516
vn 0.0038 -0.8085 0.5885
vn 0.0038 -0.8085 0.5885
vn -0.0000 -1.0000 -0.0000
vn -0.0000 -1.0000 -0.0000
vn -0.0076 -0.8085 -0.5884
vn -0.0076 -0.8085 -0.5884
vn -0.0075 -0.3074 -0.9516
vn -0.0075 -0.3074 -0.9516
vn -0.0000 -1.0000 0.0000
vn -0.4427 -0.8453 -0.2992
vn -0.1745 -0.9509 0.2556
vn -0.5900 -0.8033 -0.0810
vn -0.3311 -0.8085 0.4865
vn -0.7198 -0.6844 0.1167
vn -0.4487 -0.5867 0.6741
vn -0.8227 -0.4987 0.2729
vn -0.5334 -0.3074 0.7881
vn -0.8916 -0.2613 0.3698
vn -0.5556 0.0022 0.8315
vn -0.9150 -0.0022 0.4035
vn -0.5334 0.3074 0.7881
vn -0.8925 0.2613 0.3676
vn -0.4513 0.5867 0.6724
vn -0.8234 0.4987 0.2707
vn -0.3299 0.8085 0.4873
vn -0.7204 0.6844 0.1126
vn -0.1733 0.9509 0.2564
vn -0.5905 0.8033 -0.0770
vn -0.0000 1.0000 -0.0000
vn -0.4455 0.8453 -0.2949
vn 0.1702 0.9509 -0.2585
vn -0.2950 0.8033 -0.5173
vn 0.3268 0.8085 -0.4894
vn -0.1643 0.6844 -0.7104
vn 0.4544 0.5867 -0.6703
vn -0.0603 0.4987 -0.8647
vn 0.5334 0.3074 -0.7881
vn 0.0075 0.2613 -0.9652
vn 0.5556 0.0022 -0.8315
vn 0.0302 0.0022 -0.9995
vn 0.5334 -0.3074 -0.7881
vn 0.0076 -0.2613 -0.9652
vn 0.4487 -0.5867 -0.6741
vn -0.0604 -0.4987 -0.8646
vn 0.3279 -0.8085 -0.4887
vn -0.1649 -0.6844 -0.7103
vn 0.1713 -0.9509 -0.2577
vn -0.2961 -0.8033 -0.5167
vn -0.0000 -1.0000 0.0000
vn -0.4427 -0.8453 -0.2992
vn 0.4427 -0.8453 0.2992
vn -0.0000 -1.0000 -0.0000
vn 0.2994 -0.8033 0.5148
vn -0.1745 -0.9509 0.2556
vn 0.1649 -0.6844 0.7103
vn -0.3311 -0.8085 0.4865
vn 0.0641 -0.4987 0.8644
vn -0.4487 -0.5867 0.6741
vn -0.0038 -0.2613 0.9653
vn -0.5334 -0.3074 0.7881
vn -0.0302 0.0022 0.9995
vn -0.5556 -0.0022 0.8315
vn -0.0075 0.2613 0.9652
vn -0.5334 0.3074 0.7881
vn 0.0603 0.4987 0.8647
vn -0.4513 0.5867 0.6724
vn 0.1643 0.6844 0.7104
vn -0.3299 0.8085 0.4873
vn 0.2983 0.8033 0.5154
vn -0.1733 0.9509 0.2564
vn 0.4455 0.8453 0.2949
vn -0.0000 1.0000 -0.0000
vn 0.5900 0.8033 0.0807
vn 0.1702 0.9509 -0.2585
vn 0.7204 0.6844 -0.1126
vn 0.3268 0.8085 -0.4894
vn 0.8234 0.4987 -0.2707
vn 0.4544 0.5867 -0.6703
vn 0.8925 0.2613 -0.3676
vn 0.5334 0.3074 -0.7881
vn 0.9150 0.0022 -0.4035
vn 0.5556 -0.0022 -0.8315
vn 0.8902 -0.2613 -0.3733
vn 0.5334 -0.3074 -0.7881
vn 0.8239 -0.4987 -0.2693
vn 0.4487 -0.5867 -0.6741
vn 0.7198 -0.6844 -0.1167
vn 0.3279 -0.8085 -0.4887
vn 0.5905 -0.8033 0.0773
vn 0.1713 -0.9509 -0.2577
vn 0.4427 -0.8453 0.2992
vn -0.0000 -1.0000 -0.0000
vn -0.0000 -1.0000 0.0000
vn 0.0000 -0.8453 0.5343
vn 0.3094 -0.9509 -0.0019
vn 0.2594 -0.8033 0.5361
vn 0.5885 -0.8085 -0.0019
vn 0.4952 -0.6844 0.5352
vn 0.8098 -0.5867 -0.0038
vn 0.6847 -0.4987 0.5315
vn 0.9516 -0.3074 -0.0000
vn 0.8027 -0.2613 0.5361
vn 1.0000 0.0022 -0.0000
vn 0.8438 -0.0022 0.5366
vn 0.9516 0.3074 -0.0000
vn 0.8042 0.2613 0.5339
vn 0.8098 0.5867 0.0019
vn 0.6817 0.4987 0.5353
vn 0.5885 0.8085 0.0019
vn 0.4994 0.6844 0.5313
vn 0.3094 0.9509 0.0019
vn 0.2652 0.8033 0.5332
vn -0.0000 1.0000 -0.0000
vn 0.0000 0.8453 0.5343
vn -0.3094 0.9509 0.0019
vn -0.2652 0.8033 0.5332
vn -0.5885 0.8085 0.0019
vn -0.4994 0.6844 0.5313
vn -0.8098 0.5867 0.0019
vn -0.6817 0.4987 0.5353
vn -0.9516 0.3074 0.0000
vn -0.8042 0.2613 0.5339
vn -1.0000 0.0022 0.0000
vn -0.8438 0.0022 0.5366
vn -0.9516 -0.3074 0.0000
vn -0.8027 -0.2613 0.5361
vn -0.8098 -0.5867 0.0038
vn -0.6847 -0.4987 0.5315
vn -0.5885 -0.8085 -0.0019
vn -0.4952 -0.6844 0.5352
vn -0.3094 -0.9509 -0.0019
vn -0.2594 -0.8033 0.5361
vn -0.0000 -1.0000 0.0000
vn 0.0000 -0.8453 0.5343
vn -0.0000 -0.8453 -0.5343
vn -0.0000 -1.0000 0.0000
vn 0.2628 -0.8033 -0.5344
vn 0.3094 -0.9509 -0.0019
vn 0.4952 -0.6844 -0.5352
vn 0.5885 -0.8085 -0.0019
vn 0.6823 -0.4987 -0.5345
vn 0.8098 -0.5867 -0.0038
vn 0.8048 -0.2613 -0.5329
vn 0.9516 -0.3074 -0.0000
vn 0.8438 0.0022 -0.5366
vn 1.0000 0.0022 -0.0000
vn 0.8042 0.2613 -0.5339
vn 0.9516 0.3074 -0.0000
vn 0.6817 0.4987 -0.5353
vn 0.8098 0.5867 0.0019
vn 0.4994 0.6844 -0.5313
vn 0.5885 0.8085 0.0019
vn 0.2618 0.8033 -0.5349
vn 0.3094 0.9509 0.0019
vn -0.0000 0.8453 -0.5343
vn -0.0000 1.0000 -0.0000
vn -0.2618 0.8033 -0.5349
vn -0.3094 0.9509 0.0019
vn -0.4994 0.6844 -0.5313
vn -0.5885 0.8085 0.0019
vn -0.6817 0.4987 -0.5353
vn -0.8098 0.5867 0.0019
vn -0.8042 0.2613 -0.5339
vn -0.9516 0.3074 0.0000
vn -0.8438 0.0022 -0.5366
vn -1.0000 0.0022 0.0000
vn -0.8048 -0.2613 -0.5329
vn -0.9516 -0.3074 0.0000
vn -0.6823 -0.4987 -0.5345
vn -0.8098 -0.5867 0.0038
vn -0.4952 -0.6844 -0.5352
vn -0.5885 -0.8085 -0.0019
vn -0.2628 -0.8033 -0.5344
vn -0.3094 -0.9509 -0.0019
vn -0.0000 -0.8453 -0.5343
vn -0.0000 -1.0000 0.0000
vn -0.0000 -1.0000 -0.0000
vn -0.4427 -0.8453 0.2992
vn 0.1745 -0.9509 0.2556
vn -0.2994 -0.8033 0.5148
vn 0.3248 -0.8085 0.4908
vn -0.1649 -0.6844 0.7103
vn 0.4487 -0.5867 0.6741
vn -0.0641 -0.4987 0.8644
vn 0.5271 -0.3074 0.7923
vn 0.0038 -0.2613 0.9653
vn 0.5556 -0.0022 0.8315
vn 0.0302 0.0022 0.9995
vn 0.5271 0.3074 0.7923
vn 0.0000 0.2613 0.9653
vn 0.4513 0.5867 0.6724
vn -0.0603 0.4987 0.8647
vn 0.3299 0.8085 0.4873
vn -0.1643 0.6844 0.7104
vn 0.1733 0.9509 0.2564
vn -0.2983 0.8033 0.5154
vn -0.0000 1.0000 -0.0000
vn -0.4455 0.8453 0.2949
vn -0.1702 0.9509 -0.2585
vn -0.5900 0.8033 0.0807
vn -0.3268 0.8085 -0.4894
vn -0.7192 0.6844 -0.1200
vn -0.4481 0.5867 -0.6745
vn -0.8234 0.4987 -0.2707
vn -0.5271 0.3074 -0.7923
vn -0.8896 0.2613 -0.3746
vn -0.5556 0.0022 -0.8315
vn -0.9150 0.0022 -0.4035
vn -0.5271 -0.3074 -0.7923
vn -0.8902 -0.2613 -0.3733
vn -0.4487 -0.5867 -0.6741
vn -0.8239 -0.4987 -0.2693
vn -0.3279 -0.8085 -0.4887
vn -0.7198 -0.6844 -0.1167
vn -0.1713 -0.9509 -0.2577
vn -0.5905 -0.8033 0.0773
vn -0.0000 -1.0000 -0.0000
vn -0.4427 -0.8453 0.2992
vn -0.7881 -0.3074 -0.5334
vn -0.4876 -0.8085 -0.3295
vn -0.7881 -0.3074 -0.5334
vn -0.4876 -0.8085 -0.3295
vn -0.0000 -1.0000 -0.0000
vn -0.0000 -1.0000 -0.0000
vn 0.4897 -0.8085 0.3264
vn 0.4897 -0.8085 0.3264
vn 0.7881 -0.3074 0.5334
vn 0.7881 -0.3074 0.5334
vn 0.7881 0.3074 0.5334
vn 0.7881 0.3074 0.5334
vn 0.4884 0.8085 0.3283
vn 0.4884 0.8085 0.3283
vn -0.0000 1.0000 -0.0000
vn -0.0000 1.0000 -0.0000
vn -0.4905 0.8085 -0.3252
vn -0.4905 0.8085 -0.3252
vn -0.7881 0.3074 -0.5334
vn -0.7881 0.3074 -0.5334
vn -0.7881 -0.3074 -0.5334
vn -0.7881 -0.3074 -0.5334
vn 0.7923 -0.3074 -0.5271
vn 0.7923 0.3074 -0.5271
vn 0.7923 -0.3074 -0.5271
vn 0.7923 0.3074 -0.5271
vn 0.4905 0.8085 -0.3252
vn 0.4905 0.8085 -0.3252
vn -0.0000 1.0000 -0.0000
vn -0.0000 1.0000 -0.0000
vn -0.4884 0.8085 0.3283
vn -0.4884 0.8085 0.3283
vn -0.7923 0.3074 0.5271
vn -0.7923 0.3074 0.5271
vn -0.7923 -0.3074 0.5271
vn -0.7923 -0.3074 0.5271
vn -0.4897 -0.8085 0.3264
vn -0.4897 -0.8085 0.3264
vn -0.0000 -1.0000 0.0000
vn -0.0000 -1.0000 0.0000
vn 0.4876 -0.8085 -0.3295
vn 0.4876 -0.8085 -0.3295
vn 0.7923 -0.3074 -0.5271
vn 0.7923 -0.3074 -0.5271
vn -0.4602 0.6780 -0.5732
vn 0.1032 0.9482 -0.3005
vn -0.3503 0.5761 -0.7385
vn 0.2617 0.8059 -0.5310
vn -0.2603 0.4172 -0.8707
vn 0.3835 0.5867 -0.7132
vn -0.2024 0.2189 -0.9545
vn 0.4627 0.3074 -0.8316
vn -0.1877 0.0022 -0.9822
vn 0.4913 -0.0022 -0.8710
vn -0.2024 -0.2189 -0.9545
vn 0.4627 -0.3074 -0.8316
vn -0.2606 -0.4172 -0.8706
vn 0.3840 -0.5867 -0.7129
vn -0.3508 -0.5761 -0.7383
vn 0.2627 -0.8059 -0.5305
vn -0.4615 -0.6780 -0.5722
vn 0.1039 -0.9482 -0.3003
vn -0.5830 -0.7125 -0.3904
vn -0.0647 -0.9969 -0.0446
vn -0.7054 -0.6780 -0.2069
vn -0.2351 -0.9482 0.2137
vn -0.8162 -0.5761 -0.0453
vn -0.3939 -0.8059 0.4420
vn -0.9043 -0.4172 0.0905
vn -0.5154 -0.5867 0.6246
vn -0.9603 -0.2189 0.1727
vn -0.5942 -0.3074 0.7433
vn -0.9793 -0.0022 0.2025
vn -0.6226 -0.0022 0.7825
vn -0.9603 0.2189 0.1727
vn -0.5942 0.3074 0.7433
vn -0.9045 0.4172 0.0885
vn -0.5176 0.5867 0.6227
vn -0.8160 0.5761 -0.0471
vn -0.3926 0.8059 0.4431
vn -0.7045 0.6780 -0.2099
vn -0.2388 0.9482 0.2096
vn -0.5817 0.7125 -0.3924
vn -0.0633 0.9969 -0.0465
vn -0.4602 0.6780 -0.5732
vn 0.1032 0.9482 -0.3005
vn 0.3926 0.8059 -0.4431
vn 0.5147 0.5867 -0.6252
vn 0.5942 0.3074 -0.7433
vn 0.6226 0.0022 -0.7825
vn 0.5942 -0.3074 -0.7433
vn 0.5154 -0.5867 -0.6246
vn 0.3939 -0.8059 -0.4420
vn 0.2351 -0.9482 -0.2137
vn 0.0667 -0.9969 0.0415
vn -0.1039 -0.9482 0.3003
vn -0.2627 -0.8059 0.5305
vn -0.3840 -0.5867 0.7129
vn -0.4627 -0.3074 0.8316
vn -0.4913 -0.0022 0.8710
vn -0.4627 0.3074 0.8316
vn -0.3802 0.5867 0.7150
vn -0.2617 0.8059 0.5310
vn -0.1032 0.9482 0.3005
vn 0.0655 0.9969 0.0435
vn 0.2388 0.9482 -0.2096
vn 0.8163 0.5761 0.0433
vn 0.9048 0.4172 -0.0847
vn 0.9603 0.2189 -0.1727
vn 0.9793 -0.0022 -0.2025
vn 0.9603 -0.2189 -0.1727
vn 0.9043 -0.4172 -0.0905
vn 0.8162 -0.5761 0.0453
vn 0.7043 -0.6780 0.2106
vn 0.5809 -0.7125 0.3936
vn 0.4585 -0.6780 0.5746
vn 0.3508 -0.5761 0.7383
vn 0.2606 -0.4172 0.8706
vn 0.2024 -0.2189 0.9545
vn 0.1877 0.0022 0.9822
vn 0.2024 0.2189 0.9545
vn 0.2639 0.4172 0.8696
vn 0.3469 0.5761 0.7402
vn 0.4573 0.6780 0.5756
vn 0.5838 0.7125 0.3892
vn 0.7056 0.6780 0.2063
vn 0.7056 0.6780 0.2063
vn 0.2388 0.9482 -0.2096
vn 0.5556 0.0022 0.8315
vn 0.5556 0.0022 0.8315
vn 0.5556 -0.0022 0.8315
vn 0.5556 -0.0022 0.8315
vn 0.5556 -0.0022 0.8315
vn 0.5556 -0.0022 0.8315
vn 0.5556 -0.0022 0.8315
vn 0.5556 -0.0022 0.8315
vn 0.5556 -0.0022 0.8315
vn 0.5556 -0.0022 0.8315
vn 0.5556 -0.0022 0.8315
vn 0.5556 -0.0022 0.8315
vn 0.5556 0.0022 0.8315
vn 0.5556 0.0022 0.8315
vn 0.5556 0.0022 0.8315
vn 0.5556 0.0022 0.8315
vn 0.5556 0.0022 0.8315
vn 0.5556 0.0022 0.8315
vn 0.5556 0.0022 0.8315
vn 0.5556 0.0022 0.8315
vn 0.5556 0.0022 0.8315
vn 0.5556 0.0022 0.8315
vn 0.0000 -0.3074 0.9516
vn 0.0038 -0.8085 0.5885
vn 0.0000 -0.3074 0.9516
vn 0.0038 -0.8085 0.5885
vn -0.0000 -1.0000 -0.0000
vn -0.0000 -1.0000 -0.0000
vn -0.0000 -0.8085 -0.5885
vn -0.0000 -0.8085 -0.5885
vn -0.0000 -0.3074 -0.9516
vn -0.0000 -0.3074 -0.9516
vn -0.0000 0.3074 -0.9516
vn -0.0000 0.3074 -0.9516
vn -0.0000 0.8085 -0.5885
vn -0.0000 0.8085 -0.5885
vn -0.0000 1.0000 -0.0000
vn -0.0000 1.0000 -0.0000
vn -0.0038 0.8085 0.5885
vn -0.0038 0.8085 0.5885
vn 0.0000 0.3074 0.9516
vn 0.0000 0.3074 0.9516
vn 0.0000 -0.3074 0.9516
vn 0.0000 -0.3074 0.9516
vn 0.4427 -0.8453 0.2992
vn -0.0000 -1.0000 -0.0000
vn 0.2994 -0.8033 0.5148
vn -0.1745 -0.9509 0.2556
vn 0.1649 -0.6844 0.7103
vn -0.3311 -0.8085 0.4865
vn 0.0641 -0.4987 0.8644
vn -0.4487 -0.5867 0.6741
vn -0.0038 -0.2613 0.9653
vn -0.5334 -0.3074 0.7881
vn -0.0302 0.0022 0.9995
vn -0.5556 -0.0022 0.8315
vn -0.0075 0.2613 0.9652
vn -0.5334 0.3074 0.7881
vn 0.0603 0.4987 0.8647
vn -0.4513 0.5867 0.6724
vn 0.1643 0.6844 0.7104
vn -0.3299 0.8085 0.4873
vn 0.2983 0.8033 0.5154
vn -0.1733 0.9509 0.2564
vn 0.4455 0.8453 0.2949
vn -0.0000 1.0000 -0.0000
vn 0.5900 0.8033 0.0807
vn 0.1702 0.9509 -0.2585
vn 0.7204 0.6844 -0.1126
vn 0.3268 0.8085 -0.4894
vn 0.8234 0.4987 -0.2707
vn 0.4544 0.5867 -0.6703
vn 0.8925 0.2613 -0.3676
vn 0.5334 0.3074 -0.7881
vn 0.9150 0.0022 -0.4035
vn 0.5556 0.0022 -0.8315
vn 0.8902 -0.2613 -0.3733
vn 0.5334 -0.3074 -0.7881
vn 0.8239 -0.4987 -0.2693
vn 0.4487 -0.5867 -0.6741
vn 0.7198 -0.6844 -0.1167
vn 0.3279 -0.8085 -0.4887
vn 0.5905 -0.8033 0.0773
vn 0.1713 -0.9509 -0.2577
vn 0.4427 -0.8453 0.2992
vn -0.0000 -1.0000 -0.0000
vn -0.0000 -1.0000 -0.0000
vn -0.4427 -0.8453 -0.2992
vn -0.1745 -0.9509 0.2556
vn -0.5900 -0.8033 -0.0810
vn -0.3311 -0.8085 0.4865
vn -0.7198 -0.6844 0.1167
vn -0.4487 -0.5867 0.6741
vn -0.8227 -0.4987 0.2729
vn -0.5334 -0.3074 0.7881
vn -0.8916 -0.2613 0.3698
vn -0.5556 -0.0022 0.8315
vn -0.9150 -0.0022 0.4035
vn -0.5334 0.3074 0.7881
vn -0.8925 0.2613 0.3676
vn -0.4513 0.5867 0.6724
vn -0.8234 0.4987 0.2707
vn -0.3299 0.8085 0.4873
vn -0.7204 0.6844 0.1126
vn -0.1733 0.9509 0.2564
vn -0.5905 0.8033 -0.0770
vn -0.0000 1.0000 -0.0000
vn -0.4455 0.8453 -0.2949
vn 0.1702 0.9509 -0.2585
vn -0.2950 0.8033 -0.5173
vn 0.3268 0.8085 -0.4894
vn -0.1643 0.6844 -0.7104
vn 0.4544 0.5867 -0.6703
vn -0.0603 0.4987 -0.8647
vn 0.5334 0.3074 -0.7881
vn 0.0075 0.2613 -0.9652
vn 0.5556 -0.0022 -0.8315
vn 0.0302 0.0022 -0.9995
vn 0.5334 -0.3074 -0.7881
vn 0.0076 -0.2613 -0.9652
vn 0.4487 -0.5867 -0.6741
vn -0.0604 -0.4987 -0.8646
vn 0.3279 -0.8085 -0.4887
vn -0.1649 -0.6844 -0.7103
vn 0.1713 -0.9509 -0.2577
vn -0.2961 -0.8033 -0.5167
vn -0.0000 -1.0000 -0.0000
vn -0.4427 -0.8453 -0.2992
vn 0.7923 -0.3074 -0.5271
vn 0.7923 0.3074 -0.5271
vn 0.7923 -0.3074 -0.5271
vn 0.7923 0.3074 -0.5271
vn 0.4905 0.8085 -0.3252
vn 0.4905 0.8085 -0.3252
vn -0.0000 1.0000 -0.0000
vn -0.0000 1.0000 -0.0000
vn -0.4884 0.8085 0.3283
vn -0.4884 0.8085 0.3283
vn -0.7923 0.3074 0.5271
vn -0.7923 0.3074 0.5271
vn -0.7923 -0.3074 0.5271
vn -0.7923 -0.3074 0.5271
vn -0.4897 -0.8085 0.3264
vn -0.4897 -0.8085 0.3264
vn -0.0000 -1.0000 -0.0000
vn -0.0000 -1.0000 -0.0000
vn 0.4876 -0.8085 -0.3295
vn 0.4876 -0.8085 -0.3295
vn 0.7923 -0.3074 -0.5271
vn 0.7923 -0.3074 -0.5271
vn -0.4632 0.6780 0.5708
vn 0.1032 0.9482 0.3005
vn -0.5838 0.7125 0.3892
vn -0.0655 0.9969 0.0435
vn -0.7056 0.6780 0.2063
vn -0.2388 0.9482 -0.2096
vn -0.8163 0.5761 0.0433
vn -0.3926 0.8059 -0.4431
vn -0.9041 0.4172 -0.0922
vn -0.5147 0.5867 -0.6252
vn -0.9603 0.2189 -0.1727
vn -0.5942 0.3074 -0.7433
vn -0.9793 0.0022 -0.2025
vn -0.6226 -0.0022 -0.7825
vn -0.9603 -0.2189 -0.1727
vn -0.5942 -0.3074 -0.7433
vn -0.9043 -0.4172 -0.0905
vn -0.5154 -0.5867 -0.6246
vn -0.8162 -0.5761 0.0453
vn -0.3939 -0.8059 -0.4420
vn -0.7043 -0.6780 0.2106
vn -0.2351 -0.9482 -0.2137
vn -0.5851 -0.7125 0.3873
vn -0.0667 -0.9969 0.0415
vn -0.4585 -0.6780 0.5746
vn 0.1039 -0.9482 0.3003
vn -0.3508 -0.5761 0.7383
vn 0.2627 -0.8059 0.5305
vn -0.2606 -0.4172 0.8706
vn 0.3840 -0.5867 0.7129
vn -0.2098 -0.2189 0.9529
vn 0.4627 -0.3074 0.8316
vn -0.1877 -0.0022 0.9822
vn 0.4913 -0.0022 0.8710
vn -0.2098 0.2189 0.9529
vn 0.4627 0.3074 0.8316
vn -0.2639 0.4172 0.8696
vn 0.3802 0.5867 0.7150
vn -0.3537 0.5761 0.7369
vn 0.2617 0.8059 0.5310
vn -0.4632 0.6780 0.5708
vn 0.1032 0.9482 0.3005
vn 0.0633 0.9969 -0.0465
vn -0.1032 0.9482 -0.3005
vn -0.2617 0.8059 -0.5310
vn -0.3835 0.5867 -0.7132
vn -0.4627 0.3074 -0.8316
vn -0.4913 -0.0022 -0.8710
vn -0.4627 -0.3074 -0.8316
vn -0.3840 -0.5867 -0.7129
vn -0.2627 -0.8059 -0.5305
vn -0.1039 -0.9482 -0.3003
vn 0.0647 -0.9969 -0.0446
vn 0.2351 -0.9482 0.2137
vn 0.3939 -0.8059 0.4420
vn 0.5154 -0.5867 0.6246
vn 0.5942 -0.3074 0.7433
vn 0.6226 -0.0022 0.7825
vn 0.5942 0.3074 0.7433
vn 0.5118 0.5867 0.6275
vn 0.3926 0.8059 0.4431
vn 0.2388 0.9482 0.2096
vn 0.5817 0.7125 -0.3924
vn 0.4602 0.6780 -0.5732
vn 0.3503 0.5761 -0.7385
vn 0.2603 0.4172 -0.8707
vn 0.2098 0.2189 -0.9529
vn 0.1877 -0.0022 -0.9822
vn 0.2098 -0.2189 -0.9529
vn 0.2606 -0.4172 -0.8706
vn 0.3508 -0.5761 -0.7383
vn 0.4615 -0.6780 -0.5722
vn 0.5830 -0.7125 -0.3904
vn 0.7054 -0.6780 -0.2069
vn 0.8162 -0.5761 -0.0453
vn 0.9043 -0.4172 0.0905
vn 0.9603 -0.2189 0.1727
vn 0.9793 0.0022 0.2025
vn 0.9603 0.2189 0.1727
vn 0.9045 0.4172 0.0885
vn 0.8164 0.5761 -0.0396
vn 0.7045 0.6780 -0.2099
vn 0.7045 0.6780 -0.2099
vn 0.2388 0.9482 0.2096
vn -0.5556 -0.0022 -0.8315
vn -0.5556 -0.0022 -0.8315
vn -0.4481 0.5867 -0.6745
vn -0.4481 0.5867 -0.6745
vn -0.1702 0.9509 -0.2585
vn -0.1702 0.9509 -0.2585
vn 0.1733 0.9509 0.2564
vn 0.1733 0.9509 0.2564
vn 0.4513 0.5867 0.6724
vn 0.4513 0.5867 0.6724
vn 0.5556 -0.0022 0.8315
vn 0.5556 -0.0022 0.8315
vn 0.4487 -0.5867 0.6741
vn 0.4487 -0.5867 0.6741
vn 0.1745 -0.9509 0.2556
vn 0.1745 -0.9509 0.2556
vn -0.1713 -0.9509 -0.2577
vn -0.1713 -0.9509 -0.2577
vn -0.4487 -0.5867 -0.6741
vn -0.4487 -0.5867 -0.6741
vn -0.5556 -0.0022 -0.8315
vn -0.5556 -0.0022 -0.8315
vn -0.2225 0.6780 -0.7006
vn -0.3080 0.9482 -0.0780
vn -0.0000 0.7125 -0.7017
vn -0.0000 0.9969 -0.0786
vn 0.2225 0.6780 -0.7006
vn 0.3080 0.9482 -0.0780
vn 0.4168 0.5761 -0.7031
vn 0.5867 0.8059 -0.0788
vn 0.5777 0.4172 -0.7015
vn 0.8057 0.5867 -0.0809
vn 0.6765 0.2189 -0.7032
vn 0.9480 0.3074 -0.0829
vn 0.7124 0.0022 -0.7017
vn 0.9965 -0.0022 -0.0830
vn 0.6765 -0.2189 -0.7032
vn 0.9480 -0.3074 -0.0829
vn 0.5784 -0.4172 -0.7010
vn 0.8059 -0.5867 -0.0791
vn 0.4174 -0.5761 -0.7028
vn 0.5862 -0.8059 -0.0829
vn 0.2232 -0.6780 -0.7004
vn 0.3069 -0.9482 -0.0822
vn -0.0000 -0.7125 -0.7017
vn -0.0000 -0.9969 -0.0786
vn -0.2232 -0.6780 -0.7004
vn -0.3069 -0.9482 -0.0822
vn -0.4174 -0.5761 -0.7028
vn -0.5862 -0.8059 -0.0829
vn -0.5784 -0.4172 -0.7010
vn -0.8059 -0.5867 -0.0791
vn -0.6765 -0.2189 -0.7032
vn -0.9480 -0.3074 -0.0829
vn -0.7124 -0.0022 -0.7017
vn -0.9965 0.0022 -0.0830
vn -0.6765 0.2189 -0.7032
vn -0.9480 0.3074 -0.0829
vn -0.5777 0.4172 -0.7015
vn -0.8057 0.5867 -0.0809
vn -0.4168 0.5761 -0.7031
vn -0.5867 0.8059 -0.0788
vn -0.2225 0.6780 -0.7006
vn -0.3080 0.9482 -0.0780
vn -0.0037 0.9969 0.0785
vn 0.3080 0.9482 0.0780
vn 0.5867 0.8059 0.0788
vn 0.8061 0.5867 0.0771
vn 0.9480 0.3074 0.0829
vn 0.9965 0.0022 0.0830
vn 0.9480 -0.3074 0.0829
vn 0.8059 -0.5867 0.0791
vn 0.5862 -0.8059 0.0829
vn 0.3069 -0.9482 0.0822
vn 0.0038 -0.9969 0.0785
vn -0.3069 -0.9482 0.0822
vn -0.5862 -0.8059 0.0829
vn -0.8059 -0.5867 0.0791
vn -0.9480 -0.3074 0.0829
vn -0.9965 -0.0022 0.0830
vn -0.9480 0.3074 0.0829
vn -0.8061 0.5867 0.0771
vn -0.5867 0.8059 0.0788
vn -0.3080 0.9482 0.0780
vn -0.0038 0.7125 0.7017
vn 0.2189 0.6780 0.7018
vn 0.4201 0.5761 0.7012
vn 0.5748 0.4172 0.7039
vn 0.6765 0.2189 0.7032
vn 0.7124 -0.0022 0.7017
vn 0.6765 -0.2189 0.7032
vn 0.5784 -0.4172 0.7010
vn 0.4174 -0.5761 0.7028
vn 0.2196 -0.6780 0.7015
vn -0.0038 -0.7125 0.7017
vn -0.2196 -0.6780 0.7015
vn -0.4174 -0.5761 0.7028
vn -0.5784 -0.4172 0.7010
vn -0.6765 -0.2189 0.7032
vn -0.7124 0.0022 0.7017
vn -0.6765 0.2189 0.7032
vn -0.5748 0.4172 0.7039
vn -0.4201 0.5761 0.7012
vn -0.2189 0.6780 0.7018
vn -0.2189 0.6780 0.7018
vn -0.3080 0.9482 0.0780
vn 0.5556 -0.0022 0.8315
vn 0.5556 -0.0022 0.8315
vn 0.5556 -0.0022 0.8315
vn 0.5556 -0.0022 0.8315
vn 0.5556 0.0022 0.8315
vn 0.5556 0.0022 0.8315
vn 0.5556 -0.0022 0.8315
vn 0.5556 -0.0022 0.8315
vn 0.5556 0.0022 0.8315
vn 0.5556 0.0022 0.8315
vn 0.5556 0.0022 0.8315
vn 0.5556 0.0022 0.8315
vn 0.5556 0.0022 0.8315
vn 0.5556 0.0022 0.8315
vn 0.5556 0.0022 0.8315
vn 0.5556 0.0022 0.8315
vn 0.5556 -0.0022 0.8315
vn 0.5556 -0.0022 0.8315
vn 0.5556 -0.0022 0.8315
vn 0.5556 -0.0022 0.8315
vn 0.5556 -0.0022 0.8315
vn 0.5556 -0.0022 0.8315
vn 0.5556 0.0022 0.8315
vn 0.5556 0.0022 0.8315
vn 0.5556 -0.0022 0.8315
vn 0.5556 -0.0022 0.8315
vn 0.5556 0.0022 0.8315
vn 0.5556 0.0022 0.8315
vn 0.5556 0.0022 0.8315
vn 0.5556 0.0022 0.8315
vn 0.5556 0.0022 0.8315
vn 0.5556 0.0022 0.8315
vn 0.5556 0.0022 0.8315
vn 0.5556 0.0022 0.8315
vn 0.5556 0.0022 0.8315
vn 0.5556 0.0022 0.8315
vn -0.4952 -0.6844 0.5352
vn -0.0302 -0.0415 0.9987
vn -0.2594 -0.8033 0.5361
vn -0.0189 -0.0502 0.9986
vn 0.0000 -0.8453 0.5343
vn 0.0038 -0.0546 0.9985
vn 0.2594 -0.8033 0.5361
vn 0.0189 -0.0502 0.9986
vn 0.4952 -0.6844 0.5352
vn 0.0302 -0.0415 0.9987
vn 0.6847 -0.4987 0.5315
vn 0.0453 -0.0328 0.9984
vn 0.8027 -0.2613 0.5361
vn 0.0528 -0.0153 0.9985
vn 0.8438 -0.0022 0.5366
vn 0.0528 -0.0022 0.9986
vn 0.8042 0.2613 0.5339
vn 0.0528 0.0153 0.9985
vn 0.6817 0.4987 0.5353
vn 0.0453 0.0328 0.9984
vn 0.4994 0.6844 0.5313
vn 0.0302 0.0415 0.9987
vn 0.2652 0.8033 0.5332
vn 0.0189 0.0502 0.9986
vn 0.0000 0.8453 0.5343
vn 0.0038 0.0546 0.9985
vn -0.2652 0.8033 0.5332
vn -0.0189 0.0502 0.9986
vn -0.4994 0.6844 0.5313
vn -0.0302 0.0415 0.9987
vn -0.6817 0.4987 0.5353
vn -0.0453 0.0328 0.9984
vn -0.8042 0.2613 0.5339
vn -0.0528 0.0153 0.9985
vn -0.8438 0.0022 0.5366
vn -0.0528 0.0022 0.9986
vn -0.8027 -0.2613 0.5361
vn -0.0528 -0.0153 0.9985
vn -0.6847 -0.4987 0.5315
vn -0.0453 -0.0328 0.9984
vn 0.0792 0.0546 0.9954
vn 0.0528 0.0764 0.9957
vn 0.0264 0.0895 0.9956
vn 0.0038 0.0938 0.9956
vn -0.0264 0.0895 0.9956
vn -0.0528 0.0764 0.9957
vn -0.0792 0.0546 0.9954
vn -0.0905 0.0284 0.9955
vn -0.0980 -0.0022 0.9952
vn -0.0905 -0.0284 0.9955
vn -0.0792 -0.0546 0.9954
vn -0.0528 -0.0764 0.9957
vn -0.0264 -0.0895 0.9956
vn -0.0038 -0.0938 0.9956
vn 0.0264 -0.0895 0.9956
vn 0.0528 -0.0764 0.9957
vn 0.0792 -0.0546 0.9954
vn 0.0905 -0.0284 0.9955
vn 0.0980 0.0022 0.9952
vn 0.0905 0.0284 0.9955
vn 0.6765 0.2189 0.7032
vn 0.5748 0.4172 0.7039
vn 0.4201 0.5761 0.7012
vn 0.2189 0.6780 0.7018
vn -0.0038 0.7125 0.7017
vn -0.2189 0.6780 0.7018
vn -0.4201 0.5761 0.7012
vn -0.5748 0.4172 0.7039
vn -0.6765 0.2189 0.7032
vn -0.7124 0.0022 0.7017
vn -0.6765 -0.2189 0.7032
vn -0.5784 -0.4172 0.7010
vn -0.4174 -0.5761 0.7028
vn -0.2196 -0.6780 0.7015
vn -0.0038 -0.7125 0.7017
vn 0.2196 -0.6780 0.7015
vn 0.4174 -0.5761 0.7028
vn 0.5784 -0.4172 0.7010
vn 0.6765 -0.2189 0.7032
vn 0.7124 -0.0022 0.7017
vn -0.8234 0.4987 -0.2707
vn -0.8553 0.0328 0.5171
vn -0.8896 0.2613 -0.3746
vn -0.8596 0.0153 0.5108
vn -0.9150 0.0022 -0.4035
vn -0.8597 0.0022 0.5109
vn -0.8902 -0.2613 -0.3733
vn -0.8596 -0.0153 0.5108
vn -0.8239 -0.4987 -0.2693
vn -0.8553 -0.0328 0.5171
vn -0.7198 -0.6844 -0.1167
vn -0.8471 -0.0415 0.5297
vn -0.5905 -0.8033 0.0773
vn -0.8373 -0.0502 0.5444
vn -0.4427 -0.8453 0.2992
vn -0.8288 -0.0546 0.5569
vn -0.2994 -0.8033 0.5148
vn -0.8205 -0.0502 0.5695
vn -0.1649 -0.6844 0.7103
vn -0.8136 -0.0415 0.5799
vn -0.0641 -0.4987 0.8644
vn -0.8050 -0.0328 0.5923
vn 0.0038 -0.2613 0.9653
vn -0.8009 -0.0153 0.5987
vn 0.0302 0.0022 0.9995
vn -0.8010 -0.0022 0.5987
vn 0.0000 0.2613 0.9653
vn -0.8009 0.0153 0.5987
vn -0.0603 0.4987 0.8647
vn -0.8050 0.0328 0.5923
vn -0.1643 0.6844 0.7104
vn -0.8136 0.0415 0.5799
vn -0.2983 0.8033 0.5154
vn -0.8205 0.0502 0.5695
vn -0.4455 0.8453 0.2949
vn -0.8288 0.0546 0.5569
vn -0.5900 0.8033 0.0807
vn -0.8373 0.0502 0.5444
vn -0.7192 0.6844 -0.1200
vn -0.8471 0.0415 0.5297
vn -0.7954 -0.0764 0.6012
vn -0.7844 -0.0546 0.6179
vn -0.7775 -0.0284 0.6283
vn -0.7730 0.0022 0.6344
vn -0.7775 0.0284 0.6283
vn -0.7844 0.0546 0.6179
vn -0.7954 0.0764 0.6012
vn -0.8108 0.0895 0.5784
vn -0.8277 0.0938 0.5533
vn -0.8444 0.0895 0.5282
vn -0.8584 0.0764 0.5072
vn -0.8722 0.0546 0.4861
vn -0.8780 0.0284 0.4779
vn -0.8819 -0.0022 0.4714
vn -0.8780 -0.0284 0.4779
vn -0.8722 -0.0546 0.4861
vn -0.8584 -0.0764 0.5072
vn -0.8444 -0.0895 0.5282
vn -0.8277 -0.0938 0.5533
vn -0.8108 -0.0895 0.5784
vn -0.4585 -0.6780 0.5746
vn -0.3508 -0.5761 0.7383
vn -0.2606 -0.4172 0.8706
vn -0.2098 -0.2189 0.9529
vn -0.1877 -0.0022 0.9822
vn -0.2098 0.2189 0.9529
vn -0.2639 0.4172 0.8696
vn -0.3537 0.5761 0.7369
vn -0.4632 0.6780 0.5708
vn -0.5838 0.7125 0.3892
vn -0.7056 0.6780 0.2063
vn -0.8163 0.5761 0.0433
vn -0.9041 0.4172 -0.0922
vn -0.9603 0.2189 -0.1727
vn -0.9793 0.0022 -0.2025
vn -0.9603 -0.2189 -0.1727
vn -0.9043 -0.4172 -0.0905
vn -0.8162 -0.5761 0.0453
vn -0.7043 -0.6780 0.2106
vn -0.5851 -0.7125 0.3873
vn 0.8186 0.1717 -0.5481
vn 0.8186 0.1717 -0.5481
vn 0.8186 -0.1717 -0.5481
vn 0.8186 -0.1717 -0.5481
vn 0.7221 -0.4987 -0.4794
vn 0.7221 -0.4987 -0.4794
vn 0.5368 -0.7654 -0.3550
vn 0.5368 -0.7654 -0.3550
vn 0.2867 -0.9395 -0.1873
vn 0.2867 -0.9395 -0.1873
vn -0.0000 -1.0000 -0.0000
vn -0.0000 -1.0000 -0.0000
vn -0.2846 -0.9395 0.1905
vn -0.2846 -0.9395 0.1905
vn -0.5347 -0.7654 0.3581
vn -0.5347 -0.7654 0.3581
vn -0.7200 -0.4987 0.4825
vn -0.7200 -0.4987 0.4825
vn -0.8186 -0.1717 0.5481
vn -0.8186 -0.1717 0.5481
vn -0.8186 0.1717 0.5481
vn -0.8186 0.1717 0.5481
vn -0.7215 0.4987 0.4804
vn -0.7215 0.4987 0.4804
vn -0.5361 0.7654 0.3560
vn -0.5361 0.7654 0.3560
vn -0.2861 0.9395 0.1883
vn -0.2861 0.9395 0.1883
vn -0.0000 1.0000 -0.0000
vn -0.0000 1.0000 -0.0000
vn 0.2861 0.9395 -0.1883
vn 0.2861 0.9395 -0.1883
vn 0.5361 0.7654 -0.3560
vn 0.5361 0.7654 -0.3560
vn 0.7215 0.4987 -0.4804
vn 0.7215 0.4987 -0.4804
vn 0.8315 -0.0022 -0.5556
vn 0.8315 -0.0022 -0.5556
vn 0.8315 -0.0022 -0.5556
vn 0.8315 -0.0022 -0.5556
vn 0.8315 0.0022 -0.5556
vn 0.8315 0.0022 -0.5556
vn 0.8315 0.0022 -0.5556
vn 0.8315 0.0022 -0.5556
vn 0.8315 0.0022 -0.5556
vn 0.8315 0.0022 -0.5556
vn 0.8315 0.0022 -0.5556
vn 0.8315 0.0022 -0.5556
vn 0.8315 -0.0022 -0.5556
vn 0.8315 -0.0022 -0.5556
vn 0.8315 -0.0022 -0.5556
vn 0.8315 -0.0022 -0.5556
vn 0.8315 -0.0022 -0.5556
vn 0.8315 -0.0022 -0.5556
vn 0.8315 -0.0022 -0.5556
vn 0.8315 -0.0022 -0.5556
vn 0.8315 -0.0022 -0.5556
vn 0.8315 -0.0022 -0.5556
vn 0.8315 -0.0022 -0.5556
vn 0.8315 -0.0022 -0.5556
vn 0.8315 0.0022 -0.5556
vn 0.8315 0.0022 -0.5556
vn 0.8315 -0.0022 -0.5556
vn 0.8315 -0.0022 -0.5556
vn 0.8315 -0.0022 -0.5556
vn 0.8315 -0.0022 -0.5556
vn 0.8315 0.0022 -0.5556
vn 0.8315 0.0022 -0.5556
vn 0.8315 -0.0022 -0.5556
vn 0.8315 -0.0022 -0.5556
vn 0.8315 0.0022 -0.5556
vn 0.8315 0.0022 -0.5556
vn 0.8315 0.0022 -0.5556
vn 0.8315 0.0022 -0.5556
vn 0.8315 -0.0022 -0.5556
vn 0.8315 -0.0022 -0.5556
vn -0.8315 -0.0022 0.5556
vn -0.8315 -0.0022 0.5556
vn -0.8315 0.0022 0.5556
vn -0.8315 0.0022 0.5556
vn -0.8315 0.0022 0.5556
vn -0.8315 0.0022 0.5556
vn -0.8315 0.0022 0.5556
vn -0.8315 0.0022 0.5556
vn -0.8315 0.0022 0.5556
vn -0.8315 0.0022 0.5556
vn -0.8315 0.0022 0.5556
vn -0.8315 0.0022 0.5556
vn -0.8315 0.0022 0.5556
vn -0.8315 0.0022 0.5556
vn -0.8315 -0.0022 0.5556
vn -0.8315 -0.0022 0.5556
vn -0.8315 -0.0022 0.5556
vn -0.8315 -0.0022 0.5556
vn -0.8315 -0.0022 0.5556
vn -0.8315 -0.0022 0.5556
vn -0.8315 0.0022 0.5556
vn -0.8315 0.0022 0.5556
vn -0.8315 -0.0022 0.5556
vn -0.8315 -0.0022 0.5556
vn -0.8315 -0.0022 0.5556
vn -0.8315 -0.0022 0.5556
vn -0.8315 -0.0022 0.5556
vn -0.8315 -0.0022 0.5556
vn -0.8315 0.0022 0.5556
vn -0.8315 -0.0022 0.5556
vn -0.8315 0.0022 0.5556
vn -0.8315 0.0022 0.5556
vn -0.8315 -0.0022 0.5556
vn -0.8315 0.0022 0.5556
vn -0.8315 -0.0022 0.5556
vn -0.8315 -0.0022 0.5556
vn -0.8315 -0.0022 0.5556
vn -0.8315 -0.0022 0.5556
vn -0.8315 -0.0022 0.5556
vn -0.8315 -0.0022 0.5556
vn 0.5556 -0.0022 -0.8315
vn 0.5556 -0.0022 -0.8315
vn 0.5556 0.0022 -0.8315
vn 0.5556 0.0022 -0.8315
vn 0.5556 0.0022 -0.8315
vn 0.5556 0.0022 -0.8315
vn 0.5556 -0.0022 -0.8315
vn 0.5556 -0.0022 -0.8315
vn 0.5556 0.0022 -0.8315
vn 0.5556 0.0022 -0.8315
vn 0.5556 -0.0022 -0.8315
vn 0.5556 -0.0022 -0.8315
vn 0.5556 0.0022 -0.8315
vn 0.5556 0.0022 -0.8315
vn 0.5556 0.0022 -0.8315
vn 0.5556 0.0022 -0.8315
vn 0.5556 -0.0022 -0.8315
vn 0.5556 -0.0022 -0.8315
vn 0.5556 -0.0022 -0.8315
vn 0.5556 -0.0022 -0.8315
vn 0.5556 0.0022 -0.8315
vn 0.5556 0.0022 -0.8315
vn 0.5556 -0.0022 -0.8315
vn 0.5556 -0.0022 -0.8315
vn 0.5556 0.0022 -0.8315
vn 0.5556 0.0022 -0.8315
vn 0.5556 0.0022 -0.8315
vn 0.5556 0.0022 -0.8315
vn 0.5556 -0.0022 -0.8315
vn 0.5556 -0.0022 -0.8315
vn 0.5556 -0.0022 -0.8315
vn 0.5556 -0.0022 -0.8315
vn 0.5556 0.0022 -0.8315
vn 0.5556 0.0022 -0.8315
vn 0.5556 -0.0022 -0.8315
vn 0.5556 -0.0022 -0.8315
vn 0.0603 0.4987 0.8647
vn 0.8050 0.0328 0.5923
vn -0.0075 0.2613 0.9652
vn 0.8009 0.0153 0.5987
vn -0.0302 0.0022 0.9995
vn 0.8010 0.0022 0.5987
vn -0.0038 -0.2613 0.9653
vn 0.8009 -0.0153 0.5987
vn 0.0641 -0.4987 0.8644
vn 0.8050 -0.0328 0.5923
vn 0.1649 -0.6844 0.7103
vn 0.8136 -0.0415 0.5799
vn 0.2994 -0.8033 0.5148
vn 0.8205 -0.0502 0.5695
vn 0.4427 -0.8453 0.2992
vn 0.8288 -0.0546 0.5569
vn 0.5905 -0.8033 0.0773
vn 0.8373 -0.0502 0.5444
vn 0.7198 -0.6844 -0.1167
vn 0.8471 -0.0415 0.5297
vn 0.8239 -0.4987 -0.2693
vn 0.8514 -0.0328 0.5235
vn 0.8902 -0.2613 -0.3733
vn 0.8557 -0.0153 0.5173
vn 0.9150 0.0022 -0.4035
vn 0.8597 -0.0022 0.5109
vn 0.8925 0.2613 -0.3676
vn 0.8557 0.0153 0.5173
vn 0.8234 0.4987 -0.2707
vn 0.8514 0.0328 0.5235
vn 0.7204 0.6844 -0.1126
vn 0.8471 0.0415 0.5297
vn 0.5900 0.8033 0.0807
vn 0.8373 0.0502 0.5444
vn 0.4455 0.8453 0.2949
vn 0.8288 0.0546 0.5569
vn 0.2983 0.8033 0.5154
vn 0.8205 0.0502 0.5695
vn 0.1643 0.6844 0.7104
vn 0.8136 0.0415 0.5799
vn 0.8584 -0.0764 0.5072
vn 0.8685 -0.0546 0.4927
vn 0.8780 -0.0284 0.4779
vn 0.8783 -0.0022 0.4780
vn 0.8780 0.0284 0.4779
vn 0.8685 0.0546 0.4927
vn 0.8584 0.0764 0.5072
vn 0.8444 0.0895 0.5282
vn 0.8277 0.0938 0.5533
vn 0.8108 0.0895 0.5784
vn 0.7954 0.0764 0.6012
vn 0.7844 0.0546 0.6179
vn 0.7775 0.0284 0.6283
vn 0.7730 0.0022 0.6344
vn 0.7775 -0.0284 0.6283
vn 0.7844 -0.0546 0.6179
vn 0.7954 -0.0764 0.6012
vn 0.8108 -0.0895 0.5784
vn 0.8277 -0.0938 0.5533
vn 0.8444 -0.0895 0.5282
vn 0.7043 -0.6780 0.2106
vn 0.8162 -0.5761 0.0453
vn 0.9043 -0.4172 -0.0905
vn 0.9603 -0.2189 -0.1727
vn 0.9793 -0.0022 -0.2025
vn 0.9603 0.2189 -0.1727
vn 0.9048 0.4172 -0.0847
vn 0.8163 0.5761 0.0433
vn 0.7056 0.6780 0.2063
vn 0.5838 0.7125 0.3892
vn 0.4573 0.6780 0.5756
vn 0.3469 0.5761 0.7402
vn 0.2639 0.4172 0.8696
vn 0.2024 0.2189 0.9545
vn 0.1877 0.0022 0.9822
vn 0.2024 -0.2189 0.9545
vn 0.2606 -0.4172 0.8706
vn 0.3508 -0.5761 0.7383
vn 0.4585 -0.6780 0.5746
vn 0.5809 -0.7125 0.3936
vn -0.9603 0.2189 -0.1727
vn -0.8780 0.0284 0.4779
vn -0.9041 0.4172 -0.0922
vn -0.8722 0.0546 0.4861
vn -0.8163 0.5761 0.0433
vn -0.8584 0.0764 0.5072
vn -0.7056 0.6780 0.2063
vn -0.8444 0.0895 0.5282
vn -0.5838 0.7125 0.3892
vn -0.8277 0.0938 0.5533
vn -0.4632 0.6780 0.5708
vn -0.8108 0.0895 0.5784
vn -0.3537 0.5761 0.7369
vn -0.7954 0.0764 0.6012
vn -0.2639 0.4172 0.8696
vn -0.7844 0.0546 0.6179
vn -0.2098 0.2189 0.9529
vn -0.7775 0.0284 0.6283
vn -0.1877 -0.0022 0.9822
vn -0.7730 -0.0022 0.6344
vn -0.2098 -0.2189 0.9529
vn -0.7775 -0.0284 0.6283
vn -0.2606 -0.4172 0.8706
vn -0.7844 -0.0546 0.6179
vn -0.3508 -0.5761 0.7383
vn -0.7954 -0.0764 0.6012
vn -0.4585 -0.6780 0.5746
vn -0.8108 -0.0895 0.5784
vn -0.5851 -0.7125 0.3873
vn -0.8277 -0.0938 0.5533
vn -0.7043 -0.6780 0.2106
vn -0.8444 -0.0895 0.5282
vn -0.8162 -0.5761 0.0453
vn -0.8584 -0.0764 0.5072
vn -0.9043 -0.4172 -0.0905
vn -0.8722 -0.0546 0.4861
vn -0.9603 -0.2189 -0.1727
vn -0.8780 -0.0284 0.4779
vn -0.9793 0.0022 -0.2025
vn -0.8819 0.0022 0.4714
vn -0.8010 -0.0022 0.5987
vn -0.8009 -0.0153 0.5987
vn -0.8050 -0.0328 0.5923
vn -0.8136 -0.0415 0.5799
vn -0.8205 -0.0502 0.5695
vn -0.8288 -0.0546 0.5569
vn -0.8373 -0.0502 0.5444
vn -0.8471 -0.0415 0.5297
vn -0.8553 -0.0328 0.5171
vn -0.8596 -0.0153 0.5108
vn -0.8597 0.0022 0.5109
vn -0.8596 0.0153 0.5108
vn -0.8553 0.0328 0.5171
vn -0.8471 0.0415 0.5297
vn -0.8373 0.0502 0.5444
vn -0.8288 0.0546 0.5569
vn -0.8205 0.0502 0.5695
vn -0.8136 0.0415 0.5799
vn -0.8050 0.0328 0.5923
vn -0.8009 0.0153 0.5987
vn 0.0000 0.2613 0.9653
vn 0.0302 0.0022 0.9995
vn 0.0038 -0.2613 0.9653
vn -0.0641 -0.4987 0.8644
vn -0.1649 -0.6844 0.7103
vn -0.2994 -0.8033 0.5148
vn -0.4427 -0.8453 0.2992
vn -0.5905 -0.8033 0.0773
vn -0.7198 -0.6844 -0.1167
vn -0.8239 -0.4987 -0.2693
vn -0.8902 -0.2613 -0.3733
vn -0.9150 0.0022 -0.4035
vn -0.8896 0.2613 -0.3746
vn -0.8234 0.4987 -0.2707
vn -0.7192 0.6844 -0.1200
vn -0.5900 0.8033 0.0807
vn -0.4455 0.8453 0.2949
vn -0.2983 0.8033 0.5154
vn -0.1643 0.6844 0.7104
vn -0.0603 0.4987 0.8647
vn 0.4615 -0.6780 -0.5722
vn 0.8130 -0.0895 -0.5753
vn 0.5830 -0.7125 -0.3904
vn 0.8256 -0.0938 -0.5564
vn 0.7054 -0.6780 -0.2069
vn 0.8424 -0.0895 -0.5314
vn 0.8162 -0.5761 -0.0453
vn 0.8584 -0.0764 -0.5072
vn 0.9043 -0.4172 0.0905
vn 0.8703 -0.0546 -0.4894
vn 0.9603 -0.2189 0.1727
vn 0.8780 -0.0284 -0.4779
vn 0.9793 0.0022 0.2025
vn 0.8819 0.0022 -0.4714
vn 0.9603 0.2189 0.1727
vn 0.8780 0.0284 -0.4779
vn 0.9045 0.4172 0.0885
vn 0.8703 0.0546 -0.4894
vn 0.8164 0.5761 -0.0396
vn 0.8584 0.0764 -0.5072
vn 0.7045 0.6780 -0.2099
vn 0.8424 0.0895 -0.5314
vn 0.5817 0.7125 -0.3924
vn 0.8256 0.0938 -0.5564
vn 0.4602 0.6780 -0.5732
vn 0.8130 0.0895 -0.5753
vn 0.3503 0.5761 -0.7385
vn 0.7954 0.0764 -0.6012
vn 0.2603 0.4172 -0.8707
vn 0.7867 0.0546 -0.6149
vn 0.2098 0.2189 -0.9529
vn 0.7775 0.0284 -0.6283
vn 0.1877 -0.0022 -0.9822
vn 0.7730 -0.0022 -0.6344
vn 0.2098 -0.2189 -0.9529
vn 0.7775 -0.0284 -0.6283
vn 0.2606 -0.4172 -0.8706
vn 0.7867 -0.0546 -0.6149
vn 0.3508 -0.5761 -0.7383
vn 0.7954 -0.0764 -0.6012
vn 0.8471 0.0415 -0.5297
vn 0.8394 0.0502 -0.5413
vn 0.8309 0.0546 -0.5538
vn 0.8226 0.0502 -0.5664
vn 0.8136 0.0415 -0.5799
vn 0.8050 0.0328 -0.5923
vn 0.8009 0.0153 -0.5987
vn 0.8010 -0.0022 -0.5987
vn 0.8009 -0.0153 -0.5987
vn 0.8050 -0.0328 -0.5923
vn 0.8136 -0.0415 -0.5799
vn 0.8226 -0.0502 -0.5664
vn 0.8309 -0.0546 -0.5538
vn 0.8394 -0.0502 -0.5413
vn 0.8471 -0.0415 -0.5297
vn 0.8553 -0.0328 -0.5171
vn 0.8596 -0.0153 -0.5108
vn 0.8597 -0.0022 -0.5109
vn 0.8596 0.0153 -0.5108
vn 0.8553 0.0328 -0.5171
vn 0.8234 0.4987 0.2707
vn 0.7192 0.6844 0.1200
vn 0.5905 0.8033 -0.0770
vn 0.4455 0.8453 -0.2949
vn 0.3016 0.8033 -0.5135
vn 0.1643 0.6844 -0.7104
vn 0.0603 0.4987 -0.8647
vn -0.0000 0.2613 -0.9653
vn -0.0302 -0.0022 -0.9995
vn -0.0000 -0.2613 -0.9653
vn 0.0604 -0.4987 -0.8646
vn 0.1649 -0.6844 -0.7103
vn 0.2961 -0.8033 -0.5167
vn 0.4427 -0.8453 -0.2992
vn 0.5900 -0.8033 -0.0810
vn 0.7198 -0.6844 0.1167
vn 0.8227 -0.4987 0.2729
vn 0.8916 -0.2613 0.3698
vn 0.9150 0.0022 0.4035
vn 0.8896 0.2613 0.3746
vn 0.8315 0.0022 -0.5556
vn 0.8315 0.0022 -0.5556
vn 0.8315 0.0022 -0.5556
vn 0.8315 0.0022 -0.5556
vn 0.8315 0.0022 -0.5556
vn 0.8315 0.0022 -0.5556
vn 0.8315 -0.0022 -0.5556
vn 0.8315 -0.0022 -0.5556
vn 0.8315 -0.0022 -0.5556
vn 0.8315 -0.0022 -0.5556
vn 0.8315 0.0022 -0.5556
vn 0.8315 0.0022 -0.5556
vn 0.8315 -0.0022 -0.5556
vn 0.8315 -0.0022 -0.5556
vn 0.8315 -0.0022 -0.5556
vn 0.8315 -0.0022 -0.5556
vn 0.8315 0.0022 -0.5556
vn 0.8315 0.0022 -0.5556
vn 0.8315 0.0022 -0.5556
vn 0.8315 0.0022 -0.5556
vn 0.8315 -0.0022 -0.5556
vn 0.8315 -0.0022 -0.5556
vn 0.8315 -0.0022 -0.5556
vn 0.8315 -0.0022 -0.5556
vn 0.8315 -0.0022 -0.5556
vn 0.8315 -0.0022 -0.5556
vn 0.8315 0.0022 -0.5556
vn 0.8315 0.0022 -0.5556
vn 0.8315 0.0022 -0.5556
vn 0.8315 0.0022 -0.5556
vn 0.8315 -0.0022 -0.5556
vn 0.8315 -0.0022 -0.5556
vn 0.8315 0.0022 -0.5556
vn 0.8315 0.0022 -0.5556
vn 0.8315 0.0022 -0.5556
vn 0.8315 0.0022 -0.5556
vn 0.8315 -0.0022 -0.5556
vn 0.8315 -0.0022 -0.5556
vn 0.8315 -0.0022 -0.5556
vn 0.8315 -0.0022 -0.5556
vn -0.0000 -0.1717 -0.9851
vn -0.0000 -0.1717 -0.9851
vn -0.0000 0.1717 -0.9851
vn -0.0000 0.1717 -0.9851
vn -0.0000 0.4987 -0.8668
vn -0.0000 0.4987 -0.8668
vn -0.0000 0.7654 -0.6435
vn -0.0000 0.7654 -0.6435
vn -0.0000 0.9395 -0.3425
vn -0.0000 0.9395 -0.3425
vn -0.0000 1.0000 -0.0000
vn -0.0000 1.0000 -0.0000
vn 0.0000 0.9395 0.3425
vn 0.0000 0.9395 0.3425
vn 0.0000 0.7654 0.6435
vn 0.0000 0.7654 0.6435
vn 0.0000 0.4987 0.8668
vn 0.0000 0.4987 0.8668
vn 0.0000 0.1717 0.9851
vn 0.0000 0.1717 0.9851
vn 0.0000 -0.1717 0.9851
vn 0.0000 -0.1717 0.9851
vn -0.0038 -0.4987 0.8667
vn -0.0038 -0.4987 0.8667
vn -0.0038 -0.7654 0.6435
vn -0.0038 -0.7654 0.6435
vn -0.0038 -0.9395 0.3425
vn -0.0038 -0.9395 0.3425
vn -0.0000 -1.0000 -0.0000
vn -0.0000 -1.0000 -0.0000
vn -0.0000 -0.9395 -0.3425
vn -0.0000 -0.9395 -0.3425
vn -0.0000 -0.7654 -0.6435
vn -0.0000 -0.7654 -0.6435
vn -0.0000 -0.4987 -0.8668
vn -0.0000 -0.4987 -0.8668
vn 0.2867 -0.9395 -0.1873
vn 0.2867 -0.9395 -0.1873
vn -0.0000 -1.0000 -0.0000
vn -0.0000 -1.0000 -0.0000
vn -0.2846 -0.9395 0.1905
vn -0.2846 -0.9395 0.1905
vn -0.5347 -0.7654 0.3581
vn -0.5347 -0.7654 0.3581
vn -0.7200 -0.4987 0.4825
vn -0.7200 -0.4987 0.4825
vn -0.8186 -0.1717 0.5481
vn -0.8186 -0.1717 0.5481
vn -0.8186 0.1717 0.5481
vn -0.8186 0.1717 0.5481
vn -0.7215 0.4987 0.4804
vn -0.7215 0.4987 0.4804
vn -0.5361 0.7654 0.3560
vn -0.5361 0.7654 0.3560
vn -0.2861 0.9395 0.1883
vn -0.2861 0.9395 0.1883
vn -0.0000 1.0000 -0.0000
vn -0.0000 1.0000 -0.0000
vn 0.2861 0.9395 -0.1883
vn 0.2861 0.9395 -0.1883
vn 0.5361 0.7654 -0.3560
vn 0.5361 0.7654 -0.3560
vn 0.7215 0.4987 -0.4804
vn 0.7215 0.4987 -0.4804
vn 0.8186 0.1717 -0.5481
vn 0.8186 0.1717 -0.5481
vn 0.8186 -0.1717 -0.5481
vn 0.8186 -0.1717 -0.5481
vn 0.7221 -0.4987 -0.4794
vn 0.7221 -0.4987 -0.4794
vn 0.5368 -0.7654 -0.3550
vn 0.5368 -0.7654 -0.3550
vn 0.8315 0.0022 0.5556
vn 0.8315 0.0022 0.5556
vn 0.8315 -0.0022 0.5556
vn 0.8315 -0.0022 0.5556
vn 0.8315 -0.0022 0.5556
vn 0.8315 -0.0022 0.5556
vn 0.8315 0.0022 0.5556
vn 0.8315 0.0022 0.5556
vn 0.8315 0.0022 0.5556
vn 0.8315 0.0022 0.5556
vn 0.8315 0.0022 0.5556
vn 0.8315 0.0022 0.5556
vn 0.8315 0.0022 0.5556
vn 0.8315 0.0022 0.5556
vn 0.8315 0.0022 0.5556
vn 0.8315 0.0022 0.5556
vn 0.8315 0.0022 0.5556
vn 0.8315 0.0022 0.5556
vn 0.8315 -0.0022 0.5556
vn 0.8315 -0.0022 0.5556
vn 0.8315 -0.0022 0.5556
vn 0.8315 -0.0022 0.5556
vn 0.8315 0.0022 0.5556
vn 0.8315 0.0022 0.5556
vn 0.8315 0.0022 0.5556
vn 0.8315 0.0022 0.5556
vn 0.8315 -0.0022 0.5556
vn 0.8315 -0.0022 0.5556
vn 0.8315 -0.0022 0.5556
vn 0.8315 -0.0022 0.5556
vn 0.8315 -0.0022 0.5556
vn 0.8315 -0.0022 0.5556
vn 0.8315 -0.0022 0.5556
vn 0.8315 -0.0022 0.5556
vn 0.8315 0.0022 0.5556
vn 0.8315 0.0022 0.5556
vn 0.8315 0.0022 0.5556
vn 0.8315 0.0022 0.5556
vn 0.8315 0.0022 0.5556
vn 0.8315 0.0022 0.5556
vn -0.0000 0.0022 -1.0000
vn -0.0000 0.0022 -1.0000
vn -0.0000 0.0022 -1.0000
vn -0.0000 0.0022 -1.0000
vn -0.0000 0.0022 -1.0000
vn -0.0000 0.0022 -1.0000
vn -0.0000 0.0022 -1.0000
vn -0.0000 0.0022 -1.0000
vn -0.0000 0.0022 -1.0000
vn -0.0000 -0.0022 -1.0000
vn -0.0000 0.0022 -1.0000
vn -0.0000 -0.0022 -1.0000
vn -0.0000 0.0022 -1.0000
vn -0.0000 -0.0022 -1.0000
vn -0.0000 0.0022 -1.0000
vn -0.0000 -0.0022 -1.0000
vn -0.0000 0.0022 -1.0000
vn -0.0000 -0.0022 -1.0000
vn -0.0000 0.0022 -1.0000
vn -0.0000 0.0022 -1.0000
vn -0.0000 0.0022 -1.0000
vn -1.0000 -0.0022 0.0000
vn -1.0000 -0.0022 0.0000
vn -1.0000 -0.0022 0.0000
vn -1.0000 -0.0022 0.0000
vn -1.0000 -0.0022 0.0000
vn -1.0000 -0.0022 0.0000
vn -1.0000 -0.0022 0.0000
vn -1.0000 -0.0022 0.0000
vn -1.0000 0.0022 0.0000
vn -1.0000 0.0022 0.0000
vn -1.0000 0.0022 0.0000
vn -1.0000 0.0022 0.0000
vn -1.0000 -0.0022 0.0000
vn -1.0000 -0.0022 0.0000
vn -1.0000 -0.0022 0.0000
vn -1.0000 -0.0022 0.0000
vn -1.0000 0.0022 0.0000
vn -1.0000 0.0022 0.0000
vn -1.0000 0.0022 0.0000
vn -1.0000 0.0022 0.0000
vn -1.0000 -0.0022 0.0000
vn -1.0000 -0.0022 0.0000
vn -1.0000 -0.0022 0.0000
vn -1.0000 -0.0022 0.0000
vn -1.0000 -0.0022 0.0000
vn -1.0000 -0.0022 0.0000
vn -1.0000 0.0022 0.0000
vn -1.0000 0.0022 0.0000
vn -1.0000 0.0022 0.0000
vn -1.0000 0.0022 0.0000
vn -1.0000 0.0022 0.0000
vn -1.0000 0.0022 0.0000
vn -1.0000 0.0022 0.0000
vn -1.0000 0.0022 0.0000
vn -1.0000 -0.0022 0.0000
vn -1.0000 -0.0022 0.0000
vn 0.8315 -0.0022 -0.5556
vn 0.8315 -0.0022 -0.5556
vn 0.8315 -0.0022 -0.5556
vn 0.8315 -0.0022 -0.5556
vn 0.8315 -0.0022 -0.5556
vn 0.8315 -0.0022 -0.5556
vn 0.8315 -0.0022 -0.5556
vn 0.8315 0.0022 -0.5556
vn 0.8315 0.0022 -0.5556
vn 0.8315 0.0022 -0.5556
vn 0.8315 0.0022 -0.5556
vn 0.8315 0.0022 -0.5556
vn 0.8315 0.0022 -0.5556
vn 0.8315 0.0022 -0.5556
vn 0.8315 0.0022 -0.5556
vn 0.8315 0.0022 -0.5556
vn 0.8315 0.0022 -0.5556
vn 0.8315 -0.0022 -0.5556
vn 0.8315 -0.0022 -0.5556
vn 0.8315 -0.0022 -0.5556
vn 0.8315 -0.0022 -0.5556
vn -0.8315 -0.0022 0.5556
vn -0.8315 -0.0022 0.5556
vn -0.8315 0.0022 0.5556
vn -0.8315 0.0022 0.5556
vn -0.8315 0.0022 0.5556
vn -0.8315 0.0022 0.5556
vn -0.8315 0.0022 0.5556
vn -0.8315 0.0022 0.5556
vn -0.8315 0.0022 0.5556
vn -0.8315 0.0022 0.5556
vn -0.8315 0.0022 0.5556
vn -0.8315 0.0022 0.5556
vn -0.8315 0.0022 0.5556
vn -0.8315 0.0022 0.5556
vn -0.8315 0.0022 0.5556
vn -0.8315 0.0022 0.5556
vn -0.8315 0.0022 0.5556
vn -0.8315 0.0022 0.5556
vn -0.8315 0.0022 0.5556
vn -0.8315 0.0022 0.5556
vn -0.8315 -0.0022 0.5556
vn -0.8315 -0.0022 0.5556
vn -0.8315 -0.0022 0.5556
vn -0.8315 -0.0022 0.5556
vn -0.8315 0.0022 0.5556
vn -0.8315 0.0022 0.5556
vn -0.8315 0.0022 0.5556
vn -0.8315 0.0022 0.5556
vn -0.8315 0.0022 0.5556
vn -0.8315 0.0022 0.5556
vn -0.8315 -0.0022 0.5556
vn -0.8315 -0.0022 0.5556
vn -0.8315 0.0022 0.5556
vn -0.8315 0.0022 0.5556
vn -0.8315 0.0022 0.5556
vn -0.8315 0.0022 0.5556
vn -0.8315 0.0022 0.5556
vn -0.8315 0.0022 0.5556
vn -0.8315 -0.0022 0.5556
vn -0.8315 0.0022 0.5556
vn 0.8186 0.1717 0.5481
vn 0.8186 0.1717 0.5481
vn 0.8186 -0.1717 0.5481
vn 0.8186 -0.1717 0.5481
vn 0.7200 -0.4987 0.4825
vn 0.7200 -0.4987 0.4825
vn 0.5347 -0.7654 0.3581
vn 0.5347 -0.7654 0.3581
vn 0.2846 -0.9395 0.1905
vn 0.2846 -0.9395 0.1905
vn -0.0000 -1.0000 -0.0000
vn -0.0000 -1.0000 -0.0000
vn -0.2825 -0.9395 -0.1936
vn -0.2825 -0.9395 -0.1936
vn -0.5326 -0.7654 -0.3612
vn -0.5326 -0.7654 -0.3612
vn -0.7179 -0.4987 -0.4857
vn -0.7179 -0.4987 -0.4857
vn -0.8186 -0.1717 -0.5481
vn -0.8186 -0.1717 -0.5481
vn -0.8186 0.1717 -0.5481
vn -0.8186 0.1717 -0.5481
vn -0.7215 0.4987 -0.4804
vn -0.7215 0.4987 -0.4804
vn -0.5361 0.7654 -0.3560
vn -0.5361 0.7654 -0.3560
vn -0.2861 0.9395 -0.1883
vn -0.2861 0.9395 -0.1883
vn -0.0000 1.0000 -0.0000
vn -0.0000 1.0000 -0.0000
vn 0.2861 0.9395 0.1883
vn 0.2861 0.9395 0.1883
vn 0.5361 0.7654 0.3560
vn 0.5361 0.7654 0.3560
vn 0.7215 0.4987 0.4804
vn 0.7215 0.4987 0.4804
vn -0.8315 0.0022 -0.5556
vn -0.8315 0.0022 -0.5556
vn -0.8315 0.0022 -0.5556
vn -0.8315 0.0022 -0.5556
vn -0.8315 0.0022 -0.5556
vn -0.8315 0.0022 -0.5556
vn -0.8315 -0.0022 -0.5556
vn -0.8315 -0.0022 -0.5556
vn -0.8315 -0.0022 -0.5556
vn -0.8315 -0.0022 -0.5556
vn -0.8315 -0.0022 -0.5556
vn -0.8315 -0.0022 -0.5556
vn -0.8315 0.0022 -0.5556
vn -0.8315 0.0022 -0.5556
vn -0.8315 -0.0022 -0.5556
vn -0.8315 -0.0022 -0.5556
vn -0.8315 -0.0022 -0.5556
vn -0.8315 -0.0022 -0.5556
vn -0.8315 -0.0022 -0.5556
vn -0.8315 -0.0022 -0.5556
vn -0.8315 -0.0022 -0.5556
vn -0.8315 -0.0022 -0.5556
vn -0.8315 0.0022 -0.5556
vn -0.8315 0.0022 -0.5556
vn -0.8315 -0.0022 -0.5556
vn -0.8315 -0.0022 -0.5556
vn -0.8315 -0.0022 -0.5556
vn -0.8315 -0.0022 -0.5556
vn -0.8315 -0.0022 -0.5556
vn -0.8315 -0.0022 -0.5556
vn -0.8315 0.0022 -0.5556
vn -0.8315 0.0022 -0.5556
vn -0.8315 -0.0022 -0.5556
vn -0.8315 -0.0022 -0.5556
vn -0.8315 -0.0022 -0.5556
vn -0.8315 -0.0022 -0.5556
vn -0.8315 -0.0022 -0.5556
vn -0.8315 -0.0022 -0.5556
vn -0.8315 0.0022 -0.5556
vn -0.8315 0.0022 -0.5556
vn 0.8186 0.1717 0.5481
vn 0.8186 0.1717 0.5481
vn 0.8186 -0.1717 0.5481
vn 0.8186 -0.1717 0.5481
vn 0.7200 -0.4987 0.4825
vn 0.7200 -0.4987 0.4825
vn 0.5347 -0.7654 0.3581
vn 0.5347 -0.7654 0.3581
vn 0.2846 -0.9395 0.1905
vn 0.2846 -0.9395 0.1905
vn -0.0000 -1.0000 0.0000
vn -0.0000 -1.0000 0.0000
vn -0.2825 -0.9395 -0.1936
vn -0.2825 -0.9395 -0.1936
vn -0.5326 -0.7654 -0.3612
vn -0.5326 -0.7654 -0.3612
vn -0.7179 -0.4987 -0.4857
vn -0.7179 -0.4987 -0.4857
vn -0.8186 -0.1717 -0.5481
vn -0.8186 -0.1717 -0.5481
vn -0.8186 0.1717 -0.5481
vn -0.8186 0.1717 -0.5481
vn -0.7215 0.4987 -0.4804
vn -0.7215 0.4987 -0.4804
vn -0.5361 0.7654 -0.3560
vn -0.5361 0.7654 -0.3560
vn -0.2861 0.9395 -0.1883
vn -0.2861 0.9395 -0.1883
vn -0.0000 1.0000 -0.0000
vn -0.0000 1.0000 -0.0000
vn 0.2861 0.9395 0.1883
vn 0.2861 0.9395 0.1883
vn 0.5361 0.7654 0.3560
vn 0.5361 0.7654 0.3560
vn 0.7215 0.4987 0.4804
vn 0.7215 0.4987 0.4804
vn -0.0000 0.7654 -0.6435
vn -0.0000 0.7654 -0.6435
vn -0.0000 0.9395 -0.3425
vn -0.0000 0.9395 -0.3425
vn -0.0000 1.0000 -0.0000
vn -0.0000 1.0000 -0.0000
vn 0.0000 0.9395 0.3425
vn 0.0000 0.9395 0.3425
vn 0.0000 0.7654 0.6435
vn 0.0000 0.7654 0.6435
vn 0.0000 0.4987 0.8668
vn 0.0000 0.4987 0.8668
vn 0.0000 0.1717 0.9851
vn 0.0000 0.1717 0.9851
vn 0.0000 -0.1717 0.9851
vn 0.0000 -0.1717 0.9851
vn -0.0038 -0.4987 0.8667
vn -0.0038 -0.4987 0.8667
vn -0.0038 -0.7654 0.6435
vn -0.0038 -0.7654 0.6435
vn -0.0038 -0.9395 0.3425
vn -0.0038 -0.9395 0.3425
vn -0.0000 -1.0000 0.0000
vn -0.0000 -1.0000 0.0000
vn -0.0000 -0.9395 -0.3425
vn -0.0000 -0.9395 -0.3425
vn -0.0000 -0.7654 -0.6435
vn -0.0000 -0.7654 -0.6435
vn -0.0000 -0.4987 -0.8668
vn -0.0000 -0.4987 -0.8668
vn -0.0000 -0.1717 -0.9851
vn -0.0000 -0.1717 -0.9851
vn -0.0000 0.1717 -0.9851
vn -0.0000 0.1717 -0.9851
vn -0.0000 0.4987 -0.8668
vn -0.0000 0.4987 -0.8668
vn 0.9150 0.0022 0.4035
vn 0.8597 0.0022 -0.5109
vn 0.8916 -0.2613 0.3698
vn 0.8596 -0.0153 -0.5108
vn 0.8227 -0.4987 0.2729
vn 0.8553 -0.0328 -0.5171
vn 0.7198 -0.6844 0.1167
vn 0.8471 -0.0415 -0.5297
vn 0.5900 -0.8033 -0.0810
vn 0.8394 -0.0502 -0.5413
vn 0.4427 -0.8453 -0.2992
vn 0.8309 -0.0546 -0.5538
vn 0.2961 -0.8033 -0.5167
vn 0.8226 -0.0502 -0.5664
vn 0.1649 -0.6844 -0.7103
vn 0.8136 -0.0415 -0.5799
vn 0.0604 -0.4987 -0.8646
vn 0.8050 -0.0328 -0.5923
vn -0.0000 -0.2613 -0.9653
vn 0.8009 -0.0153 -0.5987
vn -0.0302 -0.0022 -0.9995
vn 0.8010 -0.0022 -0.5987
vn -0.0000 0.2613 -0.9653
vn 0.8009 0.0153 -0.5987
vn 0.0603 0.4987 -0.8647
vn 0.8050 0.0328 -0.5923
vn 0.1643 0.6844 -0.7104
vn 0.8136 0.0415 -0.5799
vn 0.3016 0.8033 -0.5135
vn 0.8226 0.0502 -0.5664
vn 0.4455 0.8453 -0.2949
vn 0.8309 0.0546 -0.5538
vn 0.5905 0.8033 -0.0770
vn 0.8394 0.0502 -0.5413
vn 0.7192 0.6844 0.1200
vn 0.8471 0.0415 -0.5297
vn 0.8234 0.4987 0.2707
vn 0.8553 0.0328 -0.5171
vn 0.8896 0.2613 0.3746
vn 0.8596 0.0153 -0.5108
vn 0.7775 -0.0284 -0.6283
vn 0.7730 -0.0022 -0.6344
vn 0.7775 0.0284 -0.6283
vn 0.7867 0.0546 -0.6149
vn 0.7954 0.0764 -0.6012
vn 0.8130 0.0895 -0.5753
vn 0.8256 0.0938 -0.5564
vn 0.8424 0.0895 -0.5314
vn 0.8584 0.0764 -0.5072
vn 0.8703 0.0546 -0.4894
vn 0.8780 0.0284 -0.4779
vn 0.8819 0.0022 -0.4714
vn 0.8780 -0.0284 -0.4779
vn 0.8703 -0.0546 -0.4894
vn 0.8584 -0.0764 -0.5072
vn 0.8424 -0.0895 -0.5314
vn 0.8256 -0.0938 -0.5564
vn 0.8130 -0.0895 -0.5753
vn 0.7954 -0.0764 -0.6012
vn 0.7867 -0.0546 -0.6149
vn 0.2606 -0.4172 -0.8706
vn 0.2098 -0.2189 -0.9529
vn 0.1877 -0.0022 -0.9822
vn 0.2098 0.2189 -0.9529
vn 0.2603 0.4172 -0.8707
vn 0.3503 0.5761 -0.7385
vn 0.4602 0.6780 -0.5732
vn 0.5817 0.7125 -0.3924
vn 0.7045 0.6780 -0.2099
vn 0.8164 0.5761 -0.0396
vn 0.9045 0.4172 0.0885
vn 0.9603 0.2189 0.1727
vn 0.9793 0.0022 0.2025
vn 0.9603 -0.2189 0.1727
vn 0.9043 -0.4172 0.0905
vn 0.8162 -0.5761 -0.0453
vn 0.7054 -0.6780 -0.2069
vn 0.5830 -0.7125 -0.3904
vn 0.4615 -0.6780 -0.5722
vn 0.3508 -0.5761 -0.7383
vn 0.0000 0.0022 1.0000
vn 0.0000 0.0022 1.0000
vn 0.0000 0.0022 1.0000
vn 0.0000 0.0022 1.0000
vn 0.0000 0.0022 1.0000
vn 0.0000 0.0022 1.0000
vn 0.0000 0.0022 1.0000
vn 0.0000 0.0022 1.0000
vn 0.0000 0.0022 1.0000
vn 0.0000 0.0022 1.0000
vn 0.0000 -0.0022 1.0000
vn 0.0000 -0.0022 1.0000
vn 0.0000 -0.0022 1.0000
vn 0.0000 -0.0022 1.0000
vn 0.0000 0.0022 1.0000
vn 0.0000 0.0022 1.0000
vn 0.0000 0.0022 1.0000
vn 0.0000 0.0022 1.0000
vn 0.0000 -0.0022 1.0000
vn 0.0000 -0.0022 1.0000
vn 0.0000 -0.0022 1.0000
vn 0.0000 -0.0022 1.0000
vn 0.0000 -0.0022 1.0000
vn 0.0000 -0.0022 1.0000
vn 0.0000 -0.0022 1.0000
vn 0.0000 -0.0022 1.0000
vn 0.0000 -0.0022 1.0000
vn 0.0000 -0.0022 1.0000
vn 0.0000 -0.0022 1.0000
vn 0.0000 -0.0022 1.0000
vn 0.0000 -0.0022 1.0000
vn 0.0000 -0.0022 1.0000
vn 0.0000 -0.0022 1.0000
vn 0.0000 -0.0022 1.0000
vn 0.0000 0.0022 1.0000
vn 0.0000 0.0022 1.0000
vn 0.0000 0.0022 1.0000
vn 0.0000 0.0022 1.0000
vn 0.0000 0.0022 1.0000
vn 0.0000 0.0022 1.0000
vn -0.3537 0.5761 0.7369
vn -0.7954 0.0764 0.6012
vn -0.2639 0.4172 0.8696
vn -0.7844 0.0546 0.6179
vn -0.2098 0.2189 0.9529
vn -0.7775 0.0284 0.6283
vn -0.1877 -0.0022 0.9822
vn -0.7730 0.0022 0.6344
vn -0.2098 -0.2189 0.9529
vn -0.7775 -0.0284 0.6283
vn -0.2606 -0.4172 0.8706
vn -0.7844 -0.0546 0.6179
vn -0.3508 -0.5761 0.7383
vn -0.7954 -0.0764 0.6012
vn -0.4585 -0.6780 0.5746
vn -0.8108 -0.0895 0.5784
vn -0.5851 -0.7125 0.3873
vn -0.8277 -0.0938 0.5533
vn -0.7043 -0.6780 0.2106
vn -0.8444 -0.0895 0.5282
vn -0.8162 -0.5761 0.0453
vn -0.8584 -0.0764 0.5072
vn -0.9043 -0.4172 -0.0905
vn -0.8722 -0.0546 0.4861
vn -0.9603 -0.2189 -0.1727
vn -0.8780 -0.0284 0.4779
vn -0.9793 0.0022 -0.2025
vn -0.8819 0.0022 0.4714
vn -0.9603 0.2189 -0.1727
vn -0.8780 0.0284 0.4779
vn -0.9041 0.4172 -0.0922
vn -0.8722 0.0546 0.4861
vn -0.8163 0.5761 0.0433
vn -0.8584 0.0764 0.5072
vn -0.7056 0.6780 0.2063
vn -0.8444 0.0895 0.5282
vn -0.5838 0.7125 0.3892
vn -0.8277 0.0938 0.5533
vn -0.4632 0.6780 0.5708
vn -0.8108 0.0895 0.5784
vn -0.8373 -0.0502 0.5444
vn -0.8471 -0.0415 0.5297
vn -0.8553 -0.0328 0.5171
vn -0.8596 -0.0153 0.5108
vn -0.8597 0.0022 0.5109
vn -0.8596 0.0153 0.5108
vn -0.8553 0.0328 0.5171
vn -0.8471 0.0415 0.5297
vn -0.8373 0.0502 0.5444
vn -0.8288 0.0546 0.5569
vn -0.8205 0.0502 0.5695
vn -0.8136 0.0415 0.5799
vn -0.8050 0.0328 0.5923
vn -0.8009 0.0153 0.5987
vn -0.8010 -0.0022 0.5987
vn -0.8009 -0.0153 0.5987
vn -0.8050 -0.0328 0.5923
vn -0.8136 -0.0415 0.5799
vn -0.8205 -0.0502 0.5695
vn -0.8288 -0.0546 0.5569
vn -0.4427 -0.8453 0.2992
vn -0.5905 -0.8033 0.0773
vn -0.7198 -0.6844 -0.1167
vn -0.8239 -0.4987 -0.2693
vn -0.8902 -0.2613 -0.3733
vn -0.9150 0.0022 -0.4035
vn -0.8896 0.2613 -0.3746
vn -0.8234 0.4987 -0.2707
vn -0.7192 0.6844 -0.1200
vn -0.5900 0.8033 0.0807
vn -0.4455 0.8453 0.2949
vn -0.2983 0.8033 0.5154
vn -0.1643 0.6844 0.7104
vn -0.0603 0.4987 0.8647
vn 0.0000 0.2613 0.9653
vn 0.0302 0.0022 0.9995
vn 0.0038 -0.2613 0.9653
vn -0.0641 -0.4987 0.8644
vn -0.1649 -0.6844 0.7103
vn -0.2994 -0.8033 0.5148
vn -0.0000 0.2613 -0.9653
vn 0.8009 0.0153 -0.5987
vn 0.0603 0.4987 -0.8647
vn 0.8050 0.0328 -0.5923
vn 0.1643 0.6844 -0.7104
vn 0.8136 0.0415 -0.5799
vn 0.3016 0.8033 -0.5135
vn 0.8226 0.0502 -0.5664
vn 0.4455 0.8453 -0.2949
vn 0.8309 0.0546 -0.5538
vn 0.5905 0.8033 -0.0770
vn 0.8394 0.0502 -0.5413
vn 0.7192 0.6844 0.1200
vn 0.8471 0.0415 -0.5297
vn 0.8234 0.4987 0.2707
vn 0.8553 0.0328 -0.5171
vn 0.8896 0.2613 0.3746
vn 0.8596 0.0153 -0.5108
vn 0.9150 0.0022 0.4035
vn 0.8597 0.0022 -0.5109
vn 0.8916 -0.2613 0.3698
vn 0.8596 -0.0153 -0.5108
vn 0.8227 -0.4987 0.2729
vn 0.8553 -0.0328 -0.5171
vn 0.7198 -0.6844 0.1167
vn 0.8471 -0.0415 -0.5297
vn 0.5900 -0.8033 -0.0810
vn 0.8394 -0.0502 -0.5413
vn 0.4427 -0.8453 -0.2992
vn 0.8309 -0.0546 -0.5538
vn 0.2961 -0.8033 -0.5167
vn 0.8226 -0.0502 -0.5664
vn 0.1649 -0.6844 -0.7103
vn 0.8136 -0.0415 -0.5799
vn 0.0604 -0.4987 -0.8646
vn 0.8050 -0.0328 -0.5923
vn -0.0000 -0.2613 -0.9653
vn 0.8009 -0.0153 -0.5987
vn -0.0302 -0.0022 -0.9995
vn 0.8010 -0.0022 -0.5987
vn 0.8819 0.0022 -0.4714
vn 0.8780 -0.0284 -0.4779
vn 0.8703 -0.0546 -0.4894
vn 0.8584 -0.0764 -0.5072
vn 0.8424 -0.0895 -0.5314
vn 0.8256 -0.0938 -0.5564
vn 0.8130 -0.0895 -0.5753
vn 0.7954 -0.0764 -0.6012
vn 0.7867 -0.0546 -0.6149
vn 0.7775 -0.0284 -0.6283
vn 0.7730 0.0022 -0.6344
vn 0.7775 0.0284 -0.6283
vn 0.7867 0.0546 -0.6149
vn 0.7954 0.0764 -0.6012
vn 0.8130 0.0895 -0.5753
vn 0.8256 0.0938 -0.5564
vn 0.8424 0.0895 -0.5314
vn 0.8584 0.0764 -0.5072
vn 0.8703 0.0546 -0.4894
vn 0.8780 0.0284 -0.4779
vn 0.9603 0.2189 0.1727
vn 0.9793 0.0022 0.2025
vn 0.9603 -0.2189 0.1727
vn 0.9043 -0.4172 0.0905
vn 0.8162 -0.5761 -0.0453
vn 0.7054 -0.6780 -0.2069
vn 0.5830 -0.7125 -0.3904
vn 0.4615 -0.6780 -0.5722
vn 0.3508 -0.5761 -0.7383
vn 0.2606 -0.4172 -0.8706
vn 0.2098 -0.2189 -0.9529
vn 0.1877 -0.0022 -0.9822
vn 0.2098 0.2189 -0.9529
vn 0.2603 0.4172 -0.8707
vn 0.3503 0.5761 -0.7385
vn 0.4602 0.6780 -0.5732
vn 0.5817 0.7125 -0.3924
vn 0.7045 0.6780 -0.2099
vn 0.8164 0.5761 -0.0396
vn 0.9045 0.4172 0.0885
vn -0.0000 0.0022 -1.0000
vn -0.0000 0.0022 -1.0000
vn -0.0000 0.0022 -1.0000
vn -0.0000 0.0022 -1.0000
vn -0.0000 0.0022 -1.0000
vn -0.0000 0.0022 -1.0000
vn -0.0000 0.0022 -1.0000
vn -0.0000 0.0022 -1.0000
vn -0.0000 0.0022 -1.0000
vn -0.0000 0.0022 -1.0000
vn -0.0000 0.0022 -1.0000
vn -0.0000 0.0022 -1.0000
vn -0.0000 0.0022 -1.0000
vn -0.0000 0.0022 -1.0000
vn -0.0000 0.0022 -1.0000
vn -0.0000 0.0022 -1.0000
vn -0.0000 0.0022 -1.0000
vn -0.0000 0.0022 -1.0000
vn -0.0000 0.0022 -1.0000
vn -0.0000 0.0022 -1.0000
vn -0.0000 0.0022 -1.0000
vn -0.0000 0.0022 -1.0000
vn -0.0000 0.0022 -1.0000
vn -0.0000 0.0022 -1.0000
vn -0.0000 -0.0022 -1.0000
vn -0.0000 -0.0022 -1.0000
vn -0.0000 -0.0022 -1.0000
vn -0.0000 -0.0022 -1.0000
vn -0.0000 0.0022 -1.0000
vn -0.0000 0.0022 -1.0000
vn -0.0000 0.0022 -1.0000
vn -0.0000 0.0022 -1.0000
vn -0.0000 -0.0022 -1.0000
vn -0.0000 -0.0022 -1.0000
vn -0.0000 0.0022 -1.0000
vn -0.0000 0.0022 -1.0000
vn -0.0000 -0.0022 -1.0000
vn -0.0000 -0.0022 -1.0000
vn -0.0000 -0.0022 -1.0000
vn -0.0000 -0.0022 -1.0000
vn -0.8315 0.0022 -0.5556
vn -0.8315 0.0022 -0.5556
vn -0.8315 0.0022 -0.5556
vn -0.8315 0.0022 -0.5556
vn -0.8315 -0.0022 -0.5556
vn -0.8315 -0.0022 -0.5556
vn -0.8315 -0.0022 -0.5556
vn -0.8315 -0.0022 -0.5556
vn -0.8315 0.0022 -0.5556
vn -0.8315 0.0022 -0.5556
vn -0.8315 0.0022 -0.5556
vn -0.8315 0.0022 -0.5556
vn -0.8315 0.0022 -0.5556
vn -0.8315 0.0022 -0.5556
vn -0.8315 -0.0022 -0.5556
vn -0.8315 -0.0022 -0.5556
vn -0.8315 -0.0022 -0.5556
vn -0.8315 -0.0022 -0.5556
vn -0.8315 -0.0022 -0.5556
vn -0.8315 -0.0022 -0.5556
vn -0.8315 -0.0022 -0.5556
vn -0.8315 -0.0022 -0.5556
vn -0.8315 -0.0022 -0.5556
vn -0.8315 -0.0022 -0.5556
vn -0.8315 -0.0022 -0.5556
vn -0.8315 -0.0022 -0.5556
vn -0.8315 -0.0022 -0.5556
vn -0.8315 -0.0022 -0.5556
vn -0.8315 -0.0022 -0.5556
vn -0.8315 -0.0022 -0.5556
vn -0.8315 -0.0022 -0.5556
vn -0.8315 -0.0022 -0.5556
vn -0.8315 0.0022 -0.5556
vn -0.8315 0.0022 -0.5556
vn -0.8315 0.0022 -0.5556
vn -0.8315 0.0022 -0.5556
vn -0.8315 0.0022 -0.5556
vn -0.8315 0.0022 -0.5556
vn -0.8315 0.0022 -0.5556
vn -0.8315 0.0022 -0.5556
vn -0.5900 -0.8033 -0.0810
vn -0.8394 -0.0502 -0.5413
vn -0.7198 -0.6844 0.1167
vn -0.8471 -0.0415 -0.5297
vn -0.8227 -0.4987 0.2729
vn -0.8514 -0.0328 -0.5235
vn -0.8916 -0.2613 0.3698
vn -0.8557 -0.0153 -0.5173
vn -0.9150 -0.0022 0.4035
vn -0.8597 -0.0022 -0.5109
vn -0.8925 0.2613 0.3676
vn -0.8557 0.0153 -0.5173
vn -0.8234 0.4987 0.2707
vn -0.8514 0.0328 -0.5235
vn -0.7204 0.6844 0.1126
vn -0.8471 0.0415 -0.5297
vn -0.5905 0.8033 -0.0770
vn -0.8394 0.0502 -0.5413
vn -0.4455 0.8453 -0.2949
vn -0.8309 0.0546 -0.5538
vn -0.2950 0.8033 -0.5173
vn -0.8183 0.0502 -0.5726
vn -0.1643 0.6844 -0.7104
vn -0.8136 0.0415 -0.5799
vn -0.0603 0.4987 -0.8647
vn -0.8050 0.0328 -0.5923
vn 0.0075 0.2613 -0.9652
vn -0.8009 0.0153 -0.5987
vn 0.0302 0.0022 -0.9995
vn -0.8010 0.0022 -0.5987
vn 0.0076 -0.2613 -0.9652
vn -0.8009 -0.0153 -0.5987
vn -0.0604 -0.4987 -0.8646
vn -0.8050 -0.0328 -0.5923
vn -0.1649 -0.6844 -0.7103
vn -0.8136 -0.0415 -0.5799
vn -0.2961 -0.8033 -0.5167
vn -0.8183 -0.0502 -0.5726
vn -0.4427 -0.8453 -0.2992
vn -0.8309 -0.0546 -0.5538
vn -0.8256 0.0938 -0.5564
vn -0.8086 0.0895 -0.5815
vn -0.7954 0.0764 -0.6012
vn -0.7820 0.0546 -0.6209
vn -0.7775 0.0284 -0.6283
vn -0.7730 0.0022 -0.6344
vn -0.7775 -0.0284 -0.6283
vn -0.7820 -0.0546 -0.6209
vn -0.7954 -0.0764 -0.6012
vn -0.8086 -0.0895 -0.5815
vn -0.8256 -0.0938 -0.5564
vn -0.8424 -0.0895 -0.5314
vn -0.8584 -0.0764 -0.5072
vn -0.8703 -0.0546 -0.4894
vn -0.8780 -0.0284 -0.4779
vn -0.8783 -0.0022 -0.4780
vn -0.8780 0.0284 -0.4779
vn -0.8703 0.0546 -0.4894
vn -0.8584 0.0764 -0.5072
vn -0.8424 0.0895 -0.5314
vn -0.7045 0.6780 -0.2099
vn -0.5817 0.7125 -0.3924
vn -0.4602 0.6780 -0.5732
vn -0.3503 0.5761 -0.7385
vn -0.2603 0.4172 -0.8707
vn -0.2024 0.2189 -0.9545
vn -0.1877 0.0022 -0.9822
vn -0.2024 -0.2189 -0.9545
vn -0.2606 -0.4172 -0.8706
vn -0.3508 -0.5761 -0.7383
vn -0.4615 -0.6780 -0.5722
vn -0.5830 -0.7125 -0.3904
vn -0.7054 -0.6780 -0.2069
vn -0.8162 -0.5761 -0.0453
vn -0.9043 -0.4172 0.0905
vn -0.9603 -0.2189 0.1727
vn -0.9793 -0.0022 0.2025
vn -0.9603 0.2189 0.1727
vn -0.9045 0.4172 0.0885
vn -0.8160 0.5761 -0.0471
vn -0.8315 0.0022 -0.5556
vn -0.8315 0.0022 -0.5556
vn -0.8315 -0.0022 -0.5556
vn -0.8315 -0.0022 -0.5556
vn -0.8315 -0.0022 -0.5556
vn -0.8315 -0.0022 -0.5556
vn -0.8315 -0.0022 -0.5556
vn -0.8315 -0.0022 -0.5556
vn -0.8315 -0.0022 -0.5556
vn -0.8315 -0.0022 -0.5556
vn -0.8315 -0.0022 -0.5556
vn -0.8315 -0.0022 -0.5556
vn -0.8315 -0.0022 -0.5556
vn -0.8315 -0.0022 -0.5556
vn -0.8315 0.0022 -0.5556
vn -0.8315 0.0022 -0.5556
vn -0.8315 0.0022 -0.5556
vn -0.8315 0.0022 -0.5556
vn -0.8315 -0.0022 -0.5556
vn -0.8315 -0.0022 -0.5556
vn -0.8315 -0.0022 -0.5556
vn -0.8315 -0.0022 -0.5556
vn -0.8315 -0.0022 -0.5556
vn -0.8315 -0.0022 -0.5556
vn -0.8315 -0.0022 -0.5556
vn -0.8315 0.0022 -0.5556
vn -0.8315 -0.0022 -0.5556
vn -0.8315 -0.0022 -0.5556
vn -0.8315 0.0022 -0.5556
vn -0.8315 0.0022 -0.5556
vn -0.8315 0.0022 -0.5556
vn -0.8315 0.0022 -0.5556
vn -0.8315 -0.0022 -0.5556
vn -0.8315 -0.0022 -0.5556
vn -0.8315 -0.0022 -0.5556
vn -0.8315 -0.0022 -0.5556
vn -0.8315 -0.0022 -0.5556
vn -0.8315 -0.0022 -0.5556
vn -0.8315 -0.0022 -0.5556
vn -0.8315 -0.0022 -0.5556
vn -0.5900 -0.8033 -0.0810
vn -0.8394 -0.0502 -0.5413
vn -0.7198 -0.6844 0.1167
vn -0.8471 -0.0415 -0.5297
vn -0.8227 -0.4987 0.2729
vn -0.8514 -0.0328 -0.5235
vn -0.8916 -0.2613 0.3698
vn -0.8557 -0.0153 -0.5173
vn -0.9150 -0.0022 0.4035
vn -0.8597 -0.0022 -0.5109
vn -0.8925 0.2613 0.3676
vn -0.8557 0.0153 -0.5173
vn -0.8234 0.4987 0.2707
vn -0.8514 0.0328 -0.5235
vn -0.7204 0.6844 0.1126
vn -0.8471 0.0415 -0.5297
vn -0.5905 0.8033 -0.0770
vn -0.8394 0.0502 -0.5413
vn -0.4455 0.8453 -0.2949
vn -0.8309 0.0546 -0.5538
vn -0.2950 0.8033 -0.5173
vn -0.8183 0.0502 -0.5726
vn -0.1643 0.6844 -0.7104
vn -0.8136 0.0415 -0.5799
vn -0.0603 0.4987 -0.8647
vn -0.8050 0.0328 -0.5923
vn 0.0075 0.2613 -0.9652
vn -0.8009 0.0153 -0.5987
vn 0.0302 0.0022 -0.9995
vn -0.8010 0.0022 -0.5987
vn 0.0076 -0.2613 -0.9652
vn -0.8009 -0.0153 -0.5987
vn -0.0604 -0.4987 -0.8646
vn -0.8050 -0.0328 -0.5923
vn -0.1649 -0.6844 -0.7103
vn -0.8136 -0.0415 -0.5799
vn -0.2961 -0.8033 -0.5167
vn -0.8183 -0.0502 -0.5726
vn -0.4427 -0.8453 -0.2992
vn -0.8309 -0.0546 -0.5538
vn -0.8256 0.0938 -0.5564
vn -0.8086 0.0895 -0.5815
vn -0.7954 0.0764 -0.6012
vn -0.7820 0.0546 -0.6209
vn -0.7775 0.0284 -0.6283
vn -0.7730 0.0022 -0.6344
vn -0.7775 -0.0284 -0.6283
vn -0.7820 -0.0546 -0.6209
vn -0.7954 -0.0764 -0.6012
vn -0.8086 -0.0895 -0.5815
vn -0.8256 -0.0938 -0.5564
vn -0.8424 -0.0895 -0.5314
vn -0.8584 -0.0764 -0.5072
vn -0.8703 -0.0546 -0.4894
vn -0.8780 -0.0284 -0.4779
vn -0.8783 -0.0022 -0.4780
vn -0.8780 0.0284 -0.4779
vn -0.8703 0.0546 -0.4894
vn -0.8584 0.0764 -0.5072
vn -0.8424 0.0895 -0.5314
vn -0.7045 0.6780 -0.2099
vn -0.5817 0.7125 -0.3924
vn -0.4602 0.6780 -0.5732
vn -0.3503 0.5761 -0.7385
vn -0.2603 0.4172 -0.8707
vn -0.2024 0.2189 -0.9545
vn -0.1877 0.0022 -0.9822
vn -0.2024 -0.2189 -0.9545
vn -0.2606 -0.4172 -0.8706
vn -0.3508 -0.5761 -0.7383
vn -0.4615 -0.6780 -0.5722
vn -0.5830 -0.7125 -0.3904
vn -0.7054 -0.6780 -0.2069
vn -0.8162 -0.5761 -0.0453
vn -0.9043 -0.4172 0.0905
vn -0.9603 -0.2189 0.1727
vn -0.9793 -0.0022 0.2025
vn -0.9603 0.2189 0.1727
vn -0.9045 0.4172 0.0885
vn -0.8160 0.5761 -0.0471
vn 0.8315 -0.0022 0.5556
vn 0.8315 -0.0022 0.5556
vn 0.8315 0.0022 0.5556
vn 0.8315 0.0022 0.5556
vn 0.8315 -0.0022 0.5556
vn 0.8315 0.0022 0.5556
vn 0.8315 0.0022 0.5556
vn 0.8315 0.0022 0.5556
vn 0.8315 -0.0022 0.5556
vn 0.8315 -0.0022 0.5556
vn 0.8315 0.0022 0.5556
vn 0.8315 0.0022 0.5556
vn 0.8315 0.0022 0.5556
vn 0.8315 0.0022 0.5556
vn 0.8315 0.0022 0.5556
vn 0.8315 0.0022 0.5556
vn 0.8315 0.0022 0.5556
vn 0.8315 0.0022 0.5556
vn 0.8315 -0.0022 0.5556
vn 0.8315 -0.0022 0.5556
vn 0.8315 -0.0022 0.5556
vn 0.8315 -0.0022 0.5556
vn 0.8315 -0.0022 0.5556
vn 0.8315 -0.0022 0.5556
vn 0.8315 0.0022 0.5556
vn 0.8315 -0.0022 0.5556
vn 0.8315 0.0022 0.5556
vn 0.8315 0.0022 0.5556
vn 0.8315 0.0022 0.5556
vn 0.8315 0.0022 0.5556
vn 0.8315 -0.0022 0.5556
vn 0.8315 -0.0022 0.5556
vn 0.8315 -0.0022 0.5556
vn 0.8315 -0.0022 0.5556
vn 0.8315 0.0022 0.5556
vn 0.8315 0.0022 0.5556
vn 0.8315 0.0022 0.5556
vn 0.8315 0.0022 0.5556
vn 0.8315 0.0022 0.5556
vn 0.8315 0.0022 0.5556
vn -0.8315 0.0022 0.5556
vn -0.8315 0.0022 0.5556
vn -0.8315 0.0022 0.5556
vn -0.8315 0.0022 0.5556
vn -0.8315 -0.0022 0.5556
vn -0.8315 -0.0022 0.5556
vn -0.8315 -0.0022 0.5556
vn -0.8315 -0.0022 0.5556
vn -0.8315 -0.0022 0.5556
vn -0.8315 -0.0022 0.5556
vn -0.8315 0.0022 0.5556
vn -0.8315 0.0022 0.5556
vn -0.8315 0.0022 0.5556
vn -0.8315 0.0022 0.5556
vn -0.8315 0.0022 0.5556
vn -0.8315 0.0022 0.5556
vn -0.8315 0.0022 0.5556
vn -0.8315 0.0022 0.5556
vn -0.8315 -0.0022 0.5556
vn -0.8315 -0.0022 0.5556
vn -0.8315 -0.0022 0.5556
vn 0.5556 0.0022 0.8315
vn 0.5556 0.0022 0.8315
vn 0.5556 -0.0022 0.8315
vn 0.5556 -0.0022 0.8315
vn 0.5556 -0.0022 0.8315
vn 0.5556 -0.0022 0.8315
vn 0.5556 0.0022 0.8315
vn 0.5556 0.0022 0.8315
vn 0.5556 0.0022 0.8315
vn 0.5556 0.0022 0.8315
vn 0.5556 0.0022 0.8315
vn 0.5556 0.0022 0.8315
vn 0.5556 -0.0022 0.8315
vn 0.5556 -0.0022 0.8315
vn 0.5556 0.0022 0.8315
vn 0.5556 0.0022 0.8315
vn 0.5556 0.0022 0.8315
vn 0.5556 0.0022 0.8315
vn 0.5556 -0.0022 0.8315
vn 0.5556 -0.0022 0.8315
vn 0.5556 -0.0022 0.8315
vn 0.5556 -0.0022 0.8315
vn 0.5556 -0.0022 0.8315
vn 0.5556 -0.0022 0.8315
vn 0.5556 0.0022 0.8315
vn 0.5556 0.0022 0.8315
vn 0.5556 0.0022 0.8315
vn 0.5556 0.0022 0.8315
vn 0.5556 -0.0022 0.8315
vn 0.5556 -0.0022 0.8315
vn 0.5556 0.0022 0.8315
vn 0.5556 0.0022 0.8315
vn 0.5556 0.0022 0.8315
vn 0.5556 0.0022 0.8315
vn 0.5556 -0.0022 0.8315
vn 0.5556 -0.0022 0.8315
vn -0.0000 0.0022 -1.0000
vn -0.0000 0.0022 -1.0000
vn -0.0000 0.0022 -1.0000
vn -0.0000 0.0022 -1.0000
vn -0.0000 0.0022 -1.0000
vn -0.0000 0.0022 -1.0000
vn -0.0000 -0.0022 -1.0000
vn -0.0000 -0.0022 -1.0000
vn -0.0000 -0.0022 -1.0000
vn -0.0000 -0.0022 -1.0000
vn -0.0000 -0.0022 -1.0000
vn -0.0000 -0.0022 -1.0000
vn -0.0000 0.0022 -1.0000
vn -0.0000 0.0022 -1.0000
vn -0.0000 0.0022 -1.0000
vn -0.0000 0.0022 -1.0000
vn -0.0000 0.0022 -1.0000
vn -0.0000 0.0022 -1.0000
vn -0.0000 0.0022 -1.0000
vn -0.0000 0.0022 -1.0000
vn -0.0000 0.0022 -1.0000
vn -0.0000 0.0022 -1.0000
vn -0.0000 0.0022 -1.0000
vn -0.0000 0.0022 -1.0000
vn -0.0000 0.0022 -1.0000
vn -0.0000 0.0022 -1.0000
vn -0.0000 0.0022 -1.0000
vn -0.0000 0.0022 -1.0000
vn -0.0000 0.0022 -1.0000
vn -0.0000 0.0022 -1.0000
vn -0.0000 -0.0022 -1.0000
vn -0.0000 -0.0022 -1.0000
vn -0.0000 -0.0022 -1.0000
vn -0.0000 -0.0022 -1.0000
vn -0.0000 0.0022 -1.0000
vn -0.0000 0.0022 -1.0000
vn -0.0000 -0.0022 -1.0000
vn -0.0000 -0.0022 -1.0000
vn -0.0000 -0.0022 -1.0000
vn -0.0000 -0.0022 -1.0000
vn -1.0000 0.0022 0.0000
vn -1.0000 0.0022 0.0000
vn -1.0000 0.0022 0.0000
vn -1.0000 0.0022 0.0000
vn -1.0000 0.0022 0.0000
vn -1.0000 0.0022 0.0000
vn -1.0000 -0.0022 0.0000
vn -1.0000 -0.0022 0.0000
vn -1.0000 -0.0022 0.0000
vn -1.0000 -0.0022 0.0000
vn -1.0000 0.0022 0.0000
vn -1.0000 0.0022 0.0000
vn -1.0000 0.0022 0.0000
vn -1.0000 0.0022 0.0000
vn -1.0000 0.0022 0.0000
vn -1.0000 0.0022 0.0000
vn -1.0000 0.0022 0.0000
vn -1.0000 0.0022 0.0000
vn -1.0000 0.0022 0.0000
vn -1.0000 0.0022 0.0000
vn -1.0000 0.0022 0.0000
vn -1.0000 0.0022 0.0000
vn -1.0000 0.0022 0.0000
vn -1.0000 0.0022 0.0000
vn -1.0000 0.0022 0.0000
vn -1.0000 0.0022 0.0000
vn -1.0000 0.0022 0.0000
vn -1.0000 0.0022 0.0000
vn -1.0000 0.0022 0.0000
vn -1.0000 0.0022 0.0000
vn -1.0000 0.0022 0.0000
vn -1.0000 0.0022 0.0000
vn -1.0000 0.0022 0.0000
vn -1.0000 0.0022 0.0000
vn -1.0000 0.0022 0.0000
vn -1.0000 0.0022 0.0000
vn 0.5556 0.0022 -0.8315
vn 0.5556 -0.0022 -0.8315
vn 0.5556 -0.0022 -0.8315
vn 0.5556 -0.0022 -0.8315
vn 0.5556 -0.0022 -0.8315
vn 0.5556 -0.0022 -0.8315
vn 0.5556 -0.0022 -0.8315
vn 0.5556 -0.0022 -0.8315
vn 0.5556 -0.0022 -0.8315
vn 0.5556 -0.0022 -0.8315
vn 0.5556 -0.0022 -0.8315
vn 0.5556 -0.0022 -0.8315
vn 0.5556 -0.0022 -0.8315
vn 0.5556 0.0022 -0.8315
vn 0.5556 0.0022 -0.8315
vn 0.5556 0.0022 -0.8315
vn 0.5556 0.0022 -0.8315
vn 0.5556 0.0022 -0.8315
vn 0.5556 0.0022 -0.8315
vn 0.0000 0.0022 1.0000
vn 0.0000 0.0022 1.0000
vn 0.0000 0.0022 1.0000
vn 0.0000 0.0022 1.0000
vn 0.0000 -0.0022 1.0000
vn 0.0000 -0.0022 1.0000
vn 0.0000 0.0022 1.0000
vn 0.0000 0.0022 1.0000
vn 0.0000 0.0022 1.0000
vn 0.0000 0.0022 1.0000
vn 0.0000 -0.0022 1.0000
vn 0.0000 -0.0022 1.0000
vn 0.0000 -0.0022 1.0000
vn 0.0000 -0.0022 1.0000
vn 0.0000 -0.0022 1.0000
vn 0.0000 -0.0022 1.0000
vn 0.0000 -0.0022 1.0000
vn 0.0000 -0.0022 1.0000
vn 0.0000 -0.0022 1.0000
vn 0.0000 -0.0022 1.0000
vn 0.0000 -0.0022 1.0000
vn 0.0000 -0.0022 1.0000
vn 0.0000 0.0022 1.0000
vn 0.0000 0.0022 1.0000
vn 0.0000 0.0022 1.0000
vn 0.0000 0.0022 1.0000
vn 0.0000 0.0022 1.0000
vn 0.0000 0.0022 1.0000
vn 0.0000 -0.0022 1.0000
vn 0.0000 -0.0022 1.0000
vn 0.0000 0.0022 1.0000
vn 0.0000 0.0022 1.0000
vn 0.0000 0.0022 1.0000
vn 0.0000 0.0022 1.0000
vn 0.0000 0.0022 1.0000
vn 0.0000 0.0022 1.0000
vn 0.0000 -0.0022 1.0000
vn 0.0000 -0.0022 1.0000
vn 0.0000 -0.0022 1.0000
vn 0.0000 -0.0022 1.0000
vn 0.5777 0.4172 -0.7015
vn 0.0754 0.0546 -0.9957
vn 0.4168 0.5761 -0.7031
vn 0.0528 0.0764 -0.9957
vn 0.2225 0.6780 -0.7006
vn 0.0302 0.0895 -0.9955
vn -0.0000 0.7125 -0.7017
vn -0.0000 0.0938 -0.9956
vn -0.2225 0.6780 -0.7006
vn -0.0302 0.0895 -0.9955
vn -0.4168 0.5761 -0.7031
vn -0.0528 0.0764 -0.9957
vn -0.5777 0.4172 -0.7015
vn -0.0754 0.0546 -0.9957
vn -0.6765 0.2189 -0.7032
vn -0.0905 0.0284 -0.9955
vn -0.7124 0.0022 -0.7017
vn -0.0980 -0.0022 -0.9952
vn -0.6765 -0.2189 -0.7032
vn -0.0905 -0.0284 -0.9955
vn -0.5784 -0.4172 -0.7010
vn -0.0754 -0.0546 -0.9957
vn -0.4174 -0.5761 -0.7028
vn -0.0528 -0.0764 -0.9957
vn -0.2232 -0.6780 -0.7004
vn -0.0302 -0.0895 -0.9955
vn -0.0000 -0.7125 -0.7017
vn -0.0000 -0.0938 -0.9956
vn 0.2232 -0.6780 -0.7004
vn 0.0302 -0.0895 -0.9955
vn 0.4174 -0.5761 -0.7028
vn 0.0528 -0.0764 -0.9957
vn 0.5784 -0.4172 -0.7010
vn 0.0754 -0.0546 -0.9957
vn 0.6765 -0.2189 -0.7032
vn 0.0905 -0.0284 -0.9955
vn 0.7124 0.0022 -0.7017
vn 0.0980 -0.0022 -0.9952
vn 0.6765 0.2189 -0.7032
vn 0.0905 0.0284 -0.9955
vn -0.0528 -0.0153 -0.9985
vn -0.0453 -0.0328 -0.9984
vn -0.0302 -0.0415 -0.9987
vn -0.0151 -0.0502 -0.9986
vn -0.0000 -0.0546 -0.9985
vn 0.0151 -0.0502 -0.9986
vn 0.0302 -0.0415 -0.9987
vn 0.0453 -0.0328 -0.9984
vn 0.0528 -0.0153 -0.9985
vn 0.0528 0.0022 -0.9986
vn 0.0528 0.0153 -0.9985
vn 0.0453 0.0328 -0.9984
vn 0.0302 0.0415 -0.9987
vn 0.0151 0.0502 -0.9986
vn -0.0000 0.0546 -0.9985
vn -0.0151 0.0502 -0.9986
vn -0.0302 0.0415 -0.9987
vn -0.0453 0.0328 -0.9984
vn -0.0528 0.0153 -0.9985
vn -0.0528 -0.0022 -0.9986
vn -0.8438 0.0022 -0.5366
vn -0.8048 -0.2613 -0.5329
vn -0.6823 -0.4987 -0.5345
vn -0.4952 -0.6844 -0.5352
vn -0.2628 -0.8033 -0.5344
vn -0.0000 -0.8453 -0.5343
vn 0.2628 -0.8033 -0.5344
vn 0.4952 -0.6844 -0.5352
vn 0.6823 -0.4987 -0.5345
vn 0.8048 -0.2613 -0.5329
vn 0.8438 0.0022 -0.5366
vn 0.8042 0.2613 -0.5339
vn 0.6817 0.4987 -0.5353
vn 0.4994 0.6844 -0.5313
vn 0.2618 0.8033 -0.5349
vn -0.0000 0.8453 -0.5343
vn -0.2618 0.8033 -0.5349
vn -0.4994 0.6844 -0.5313
vn -0.6817 0.4987 -0.5353
vn -0.8042 0.2613 -0.5339
vn 0.5784 -0.4172 0.7010
vn 0.0792 -0.0546 0.9954
vn 0.4174 -0.5761 0.7028
vn 0.0528 -0.0764 0.9957
vn 0.2196 -0.6780 0.7015
vn 0.0264 -0.0895 0.9956
vn -0.0038 -0.7125 0.7017
vn -0.0038 -0.0938 0.9956
vn -0.2196 -0.6780 0.7015
vn -0.0264 -0.0895 0.9956
vn -0.4174 -0.5761 0.7028
vn -0.0528 -0.0764 0.9957
vn -0.5784 -0.4172 0.7010
vn -0.0792 -0.0546 0.9954
vn -0.6765 -0.2189 0.7032
vn -0.0905 -0.0284 0.9955
vn -0.7124 0.0022 0.7017
vn -0.0980 0.0022 0.9952
vn -0.6765 0.2189 0.7032
vn -0.0905 0.0284 0.9955
vn -0.5748 0.4172 0.7039
vn -0.0792 0.0546 0.9954
vn -0.4201 0.5761 0.7012
vn -0.0528 0.0764 0.9957
vn -0.2189 0.6780 0.7018
vn -0.0264 0.0895 0.9956
vn -0.0038 0.7125 0.7017
vn 0.0038 0.0938 0.9956
vn 0.2189 0.6780 0.7018
vn 0.0264 0.0895 0.9956
vn 0.4201 0.5761 0.7012
vn 0.0528 0.0764 0.9957
vn 0.5748 0.4172 0.7039
vn 0.0792 0.0546 0.9954
vn 0.6765 0.2189 0.7032
vn 0.0905 0.0284 0.9955
vn 0.7124 0.0022 0.7017
vn 0.0980 0.0022 0.9952
vn 0.6765 -0.2189 0.7032
vn 0.0905 -0.0284 0.9955
vn -0.0528 0.0153 0.9985
vn -0.0453 0.0328 0.9984
vn -0.0302 0.0415 0.9987
vn -0.0189 0.0502 0.9986
vn -0.0038 0.0546 0.9985
vn 0.0189 0.0502 0.9986
vn 0.0302 0.0415 0.9987
vn 0.0453 0.0328 0.9984
vn 0.0528 0.0153 0.9985
vn 0.0528 -0.0022 0.9986
vn 0.0528 -0.0153 0.9985
vn 0.0453 -0.0328 0.9984
vn 0.0302 -0.0415 0.9987
vn 0.0189 -0.0502 0.9986
vn 0.0038 -0.0546 0.9985
vn -0.0189 -0.0502 0.9986
vn -0.0302 -0.0415 0.9987
vn -0.0453 -0.0328 0.9984
vn -0.0528 -0.0153 0.9985
vn -0.0528 0.0022 0.9986
vn -0.8438 0.0022 0.5366
vn -0.8042 0.2613 0.5339
vn -0.6817 0.4987 0.5353
vn -0.4994 0.6844 0.5313
vn -0.2652 0.8033 0.5332
vn 0.0000 0.8453 0.5343
vn 0.2652 0.8033 0.5332
vn 0.4994 0.6844 0.5313
vn 0.6817 0.4987 0.5353
vn 0.8042 0.2613 0.5339
vn 0.8438 -0.0022 0.5366
vn 0.8027 -0.2613 0.5361
vn 0.6847 -0.4987 0.5315
vn 0.4952 -0.6844 0.5352
vn 0.2594 -0.8033 0.5361
vn 0.0000 -0.8453 0.5343
vn -0.2594 -0.8033 0.5361
vn -0.4952 -0.6844 0.5352
vn -0.6847 -0.4987 0.5315
vn -0.8027 -0.2613 0.5361
vn -0.5830 -0.7125 -0.3904
vn -0.8256 -0.0938 -0.5564
vn -0.4615 -0.6780 -0.5722
vn -0.8086 -0.0895 -0.5815
vn -0.3508 -0.5761 -0.7383
vn -0.7954 -0.0764 -0.6012
vn -0.2606 -0.4172 -0.8706
vn -0.7820 -0.0546 -0.6209
vn -0.2024 -0.2189 -0.9545
vn -0.7775 -0.0284 -0.6283
vn -0.1877 0.0022 -0.9822
vn -0.7730 0.0022 -0.6344
vn -0.2024 0.2189 -0.9545
vn -0.7775 0.0284 -0.6283
vn -0.2603 0.4172 -0.8707
vn -0.7820 0.0546 -0.6209
vn -0.3503 0.5761 -0.7385
vn -0.7954 0.0764 -0.6012
vn -0.4602 0.6780 -0.5732
vn -0.8086 0.0895 -0.5815
vn -0.5817 0.7125 -0.3924
vn -0.8256 0.0938 -0.5564
vn -0.7045 0.6780 -0.2099
vn -0.8424 0.0895 -0.5314
vn -0.8160 0.5761 -0.0471
vn -0.8584 0.0764 -0.5072
vn -0.9045 0.4172 0.0885
vn -0.8703 0.0546 -0.4894
vn -0.9603 0.2189 0.1727
vn -0.8780 0.0284 -0.4779
vn -0.9793 -0.0022 0.2025
vn -0.8783 -0.0022 -0.4780
vn -0.9603 -0.2189 0.1727
vn -0.8780 -0.0284 -0.4779
vn -0.9043 -0.4172 0.0905
vn -0.8703 -0.0546 -0.4894
vn -0.8162 -0.5761 -0.0453
vn -0.8584 -0.0764 -0.5072
vn -0.7054 -0.6780 -0.2069
vn -0.8424 -0.0895 -0.5314
vn -0.8183 0.0502 -0.5726
vn -0.8309 0.0546 -0.5538
vn -0.8394 0.0502 -0.5413
vn -0.8471 0.0415 -0.5297
vn -0.8514 0.0328 -0.5235
vn -0.8557 0.0153 -0.5173
vn -0.8597 -0.0022 -0.5109
vn -0.8557 -0.0153 -0.5173
vn -0.8514 -0.0328 -0.5235
vn -0.8471 -0.0415 -0.5297
vn -0.8394 -0.0502 -0.5413
vn -0.8309 -0.0546 -0.5538
vn -0.8183 -0.0502 -0.5726
vn -0.8136 -0.0415 -0.5799
vn -0.8050 -0.0328 -0.5923
vn -0.8009 -0.0153 -0.5987
vn -0.8010 0.0022 -0.5987
vn -0.8009 0.0153 -0.5987
vn -0.8050 0.0328 -0.5923
vn -0.8136 0.0415 -0.5799
vn -0.1643 0.6844 -0.7104
vn -0.2950 0.8033 -0.5173
vn -0.4455 0.8453 -0.2949
vn -0.5905 0.8033 -0.0770
vn -0.7204 0.6844 0.1126
vn -0.8234 0.4987 0.2707
vn -0.8925 0.2613 0.3676
vn -0.9150 -0.0022 0.4035
vn -0.8916 -0.2613 0.3698
vn -0.8227 -0.4987 0.2729
vn -0.7198 -0.6844 0.1167
vn -0.5900 -0.8033 -0.0810
vn -0.4427 -0.8453 -0.2992
vn -0.2961 -0.8033 -0.5167
vn -0.1649 -0.6844 -0.7103
vn -0.0604 -0.4987 -0.8646
vn 0.0076 -0.2613 -0.9652
vn 0.0302 0.0022 -0.9995
vn 0.0075 0.2613 -0.9652
vn -0.0603 0.4987 -0.8647
vn 0.9603 0.2189 -0.1727
vn 0.8780 0.0284 0.4779
vn 0.9793 -0.0022 -0.2025
vn 0.8783 0.0022 0.4780
vn 0.9603 -0.2189 -0.1727
vn 0.8780 -0.0284 0.4779
vn 0.9043 -0.4172 -0.0905
vn 0.8685 -0.0546 0.4927
vn 0.8162 -0.5761 0.0453
vn 0.8584 -0.0764 0.5072
vn 0.7043 -0.6780 0.2106
vn 0.8444 -0.0895 0.5282
vn 0.5809 -0.7125 0.3936
vn 0.8277 -0.0938 0.5533
vn 0.4585 -0.6780 0.5746
vn 0.8108 -0.0895 0.5784
vn 0.3508 -0.5761 0.7383
vn 0.7954 -0.0764 0.6012
vn 0.2606 -0.4172 0.8706
vn 0.7844 -0.0546 0.6179
vn 0.2024 -0.2189 0.9545
vn 0.7775 -0.0284 0.6283
vn 0.1877 0.0022 0.9822
vn 0.7730 -0.0022 0.6344
vn 0.2024 0.2189 0.9545
vn 0.7775 0.0284 0.6283
vn 0.2639 0.4172 0.8696
vn 0.7844 0.0546 0.6179
vn 0.3469 0.5761 0.7402
vn 0.7954 0.0764 0.6012
vn 0.4573 0.6780 0.5756
vn 0.8108 0.0895 0.5784
vn 0.5838 0.7125 0.3892
vn 0.8277 0.0938 0.5533
vn 0.7056 0.6780 0.2063
vn 0.8444 0.0895 0.5282
vn 0.8163 0.5761 0.0433
vn 0.8584 0.0764 0.5072
vn 0.9048 0.4172 -0.0847
vn 0.8685 0.0546 0.4927
vn 0.8050 -0.0328 0.5923
vn 0.8009 -0.0153 0.5987
vn 0.8010 0.0022 0.5987
vn 0.8009 0.0153 0.5987
vn 0.8050 0.0328 0.5923
vn 0.8136 0.0415 0.5799
vn 0.8205 0.0502 0.5695
vn 0.8288 0.0546 0.5569
vn 0.8373 0.0502 0.5444
vn 0.8471 0.0415 0.5297
vn 0.8514 0.0328 0.5235
vn 0.8557 0.0153 0.5173
vn 0.8597 -0.0022 0.5109
vn 0.8557 -0.0153 0.5173
vn 0.8514 -0.0328 0.5235
vn 0.8471 -0.0415 0.5297
vn 0.8373 -0.0502 0.5444
vn 0.8288 -0.0546 0.5569
vn 0.8205 -0.0502 0.5695
vn 0.8136 -0.0415 0.5799
vn 0.1649 -0.6844 0.7103
vn 0.0641 -0.4987 0.8644
vn -0.0038 -0.2613 0.9653
vn -0.0302 0.0022 0.9995
vn -0.0075 0.2613 0.9652
vn 0.0603 0.4987 0.8647
vn 0.1643 0.6844 0.7104
vn 0.2983 0.8033 0.5154
vn 0.4455 0.8453 0.2949
vn 0.5900 0.8033 0.0807
vn 0.7204 0.6844 -0.1126
vn 0.8234 0.4987 -0.2707
vn 0.8925 0.2613 -0.3676
vn 0.9150 0.0022 -0.4035
vn 0.8902 -0.2613 -0.3733
vn 0.8239 -0.4987 -0.2693
vn 0.7198 -0.6844 -0.1167
vn 0.5905 -0.8033 0.0773
vn 0.4427 -0.8453 0.2992
vn 0.2994 -0.8033 0.5148
vn 0.8042 0.2613 -0.5339
vn 0.0528 0.0153 -0.9985
vn 0.8438 0.0022 -0.5366
vn 0.0528 0.0022 -0.9986
vn 0.8048 -0.2613 -0.5329
vn 0.0528 -0.0153 -0.9985
vn 0.6823 -0.4987 -0.5345
vn 0.0453 -0.0328 -0.9984
vn 0.4952 -0.6844 -0.5352
vn 0.0302 -0.0415 -0.9987
vn 0.2628 -0.8033 -0.5344
vn 0.0151 -0.0502 -0.9986
vn -0.0000 -0.8453 -0.5343
vn -0.0000 -0.0546 -0.9985
vn -0.2628 -0.8033 -0.5344
vn -0.0151 -0.0502 -0.9986
vn -0.4952 -0.6844 -0.5352
vn -0.0302 -0.0415 -0.9987
vn -0.6823 -0.4987 -0.5345
vn -0.0453 -0.0328 -0.9984
vn -0.8048 -0.2613 -0.5329
vn -0.0528 -0.0153 -0.9985
vn -0.8438 0.0022 -0.5366
vn -0.0528 -0.0022 -0.9986
vn -0.8042 0.2613 -0.5339
vn -0.0528 0.0153 -0.9985
vn -0.6817 0.4987 -0.5353
vn -0.0453 0.0328 -0.9984
vn -0.4994 0.6844 -0.5313
vn -0.0302 0.0415 -0.9987
vn -0.2618 0.8033 -0.5349
vn -0.0151 0.0502 -0.9986
vn -0.0000 0.8453 -0.5343
vn -0.0000 0.0546 -0.9985
vn 0.2618 0.8033 -0.5349
vn 0.0151 0.0502 -0.9986
vn 0.4994 0.6844 -0.5313
vn 0.0302 0.0415 -0.9987
vn 0.6817 0.4987 -0.5353
vn 0.0453 0.0328 -0.9984
vn -0.0754 -0.0546 -0.9957
vn -0.0905 -0.0284 -0.9955
vn -0.0980 -0.0022 -0.9952
vn -0.0905 0.0284 -0.9955
vn -0.0754 0.0546 -0.9957
vn -0.0528 0.0764 -0.9957
vn -0.0302 0.0895 -0.9955
vn -0.0000 0.0938 -0.9956
vn 0.0302 0.0895 -0.9955
vn 0.0528 0.0764 -0.9957
vn 0.0754 0.0546 -0.9957
vn 0.0905 0.0284 -0.9955
vn 0.0980 -0.0022 -0.9952
vn 0.0905 -0.0284 -0.9955
vn 0.0754 -0.0546 -0.9957
vn 0.0528 -0.0764 -0.9957
vn 0.0302 -0.0895 -0.9955
vn -0.0000 -0.0938 -0.9956
vn -0.0302 -0.0895 -0.9955
vn -0.0528 -0.0764 -0.9957
vn -0.4174 -0.5761 -0.7028
vn -0.5784 -0.4172 -0.7010
vn -0.6765 -0.2189 -0.7032
vn -0.7124 -0.0022 -0.7017
vn -0.6765 0.2189 -0.7032
vn -0.5777 0.4172 -0.7015
vn -0.4168 0.5761 -0.7031
vn -0.2225 0.6780 -0.7006
vn -0.0000 0.7125 -0.7017
vn 0.2225 0.6780 -0.7006
vn 0.4168 0.5761 -0.7031
vn 0.5777 0.4172 -0.7015
vn 0.6765 0.2189 -0.7032
vn 0.7124 0.0022 -0.7017
vn 0.6765 -0.2189 -0.7032
vn 0.5784 -0.4172 -0.7010
vn 0.4174 -0.5761 -0.7028
vn 0.2232 -0.6780 -0.7004
vn -0.0000 -0.7125 -0.7017
vn -0.2232 -0.6780 -0.7004
vn -0.0000 -0.0022 -1.0000
vn -0.0000 -0.0022 -1.0000
vn -0.0000 0.0022 -1.0000
vn -0.0000 0.0022 -1.0000
vn -0.0000 0.0022 -1.0000
vn -0.0000 0.0022 -1.0000
vn -0.0000 -0.0022 -1.0000
vn -0.0000 -0.0022 -1.0000
vn -0.0000 0.0022 -1.0000
vn -0.0000 0.0022 -1.0000
vn -0.0000 0.0022 -1.0000
vn -0.0000 0.0022 -1.0000
vn -0.0000 0.0022 -1.0000
vn -0.0000 0.0022 -1.0000
vn -0.0000 -0.0022 -1.0000
vn -0.0000 -0.0022 -1.0000
vn -0.0000 -0.0022 -1.0000
vn -0.0000 -0.0022 -1.0000
vn -0.0000 0.0022 -1.0000
vn -0.0000 0.0022 -1.0000
vn -0.0000 0.0022 -1.0000
vn -0.0000 0.0022 -1.0000
vn -0.0000 0.0022 -1.0000
vn -0.0000 0.0022 -1.0000
vn -0.0000 -0.0022 -1.0000
vn -0.0000 -0.0022 -1.0000
vn -0.0000 -0.0022 -1.0000
vn -0.0000 -0.0022 -1.0000
vn -0.0000 0.0022 -1.0000
vn -0.0000 0.0022 -1.0000
vn -0.0000 0.0022 -1.0000
vn -0.0000 0.0022 -1.0000
vn -0.0000 0.0022 -1.0000
vn -0.0000 0.0022 -1.0000
vn -0.0000 0.0022 -1.0000
vn -0.0000 0.0022 -1.0000
vn -0.0000 0.0022 -1.0000
vn -0.0000 0.0022 -1.0000
vn -0.0000 0.0022 -1.0000
vn -0.0000 0.0022 -1.0000
vn 0.5556 -0.0022 -0.8315
vn 0.5556 -0.0022 -0.8315
vn 0.5556 0.0022 -0.8315
vn 0.5556 0.0022 -0.8315
vn 0.5556 0.0022 -0.8315
vn 0.5556 0.0022 -0.8315
vn 0.5556 -0.0022 -0.8315
vn 0.5556 -0.0022 -0.8315
vn 0.5556 0.0022 -0.8315
vn 0.5556 0.0022 -0.8315
vn 0.5556 0.0022 -0.8315
vn 0.5556 0.0022 -0.8315
vn 0.5556 0.0022 -0.8315
vn 0.5556 0.0022 -0.8315
vn 0.5556 0.0022 -0.8315
vn 0.5556 0.0022 -0.8315
vn 0.5556 0.0022 -0.8315
vn 0.5556 0.0022 -0.8315
vn 0.5556 -0.0022 -0.8315
vn 0.5556 -0.0022 -0.8315
vn 0.5556 -0.0022 -0.8315
vn 0.5556 -0.0022 -0.8315
vn 0.5556 0.0022 -0.8315
vn 0.5556 0.0022 -0.8315
vn 0.5556 0.0022 -0.8315
vn 0.5556 0.0022 -0.8315
vn 0.5556 0.0022 -0.8315
vn 0.5556 0.0022 -0.8315
vn 0.5556 -0.0022 -0.8315
vn 0.5556 0.0022 -0.8315
vn 0.5556 -0.0022 -0.8315
vn 0.5556 -0.0022 -0.8315
vn 0.5556 -0.0022 -0.8315
vn 0.5556 -0.0022 -0.8315
vn 0.5556 0.0022 -0.8315
vn 0.5556 0.0022 -0.8315
vn 0.0000 -0.0022 1.0000
vn 0.0000 -0.0022 1.0000
vn 0.0000 -0.0022 1.0000
vn 0.0000 -0.0022 1.0000
vn 0.0000 0.0022 1.0000
vn 0.0000 0.0022 1.0000
vn 0.0000 0.0022 1.0000
vn 0.0000 0.0022 1.0000
vn 0.0000 -0.0022 1.0000
vn 0.0000 -0.0022 1.0000
vn 0.0000 -0.0022 1.0000
vn 0.0000 -0.0022 1.0000
vn 0.0000 -0.0022 1.0000
vn 0.0000 -0.0022 1.0000
vn 0.0000 0.0022 1.0000
vn 0.0000 0.0022 1.0000
vn 0.0000 0.0022 1.0000
vn 0.0000 0.0022 1.0000
vn 0.0000 -0.0022 1.0000
vn 0.0000 -0.0022 1.0000
vn 0.0000 -0.0022 1.0000
vn 0.0000 -0.0022 1.0000
vn 0.0000 -0.0022 1.0000
vn 0.0000 -0.0022 1.0000
vn 0.0000 -0.0022 1.0000
vn 0.0000 -0.0022 1.0000
vn 0.0000 0.0022 1.0000
vn 0.0000 0.0022 1.0000
vn 0.0000 0.0022 1.0000
vn 0.0000 0.0022 1.0000
vn 0.0000 -0.0022 1.0000
vn 0.0000 -0.0022 1.0000
vn 0.0000 0.0022 1.0000
vn 0.0000 0.0022 1.0000
vn 0.0000 0.0022 1.0000
vn 0.0000 0.0022 1.0000
vn 0.0000 0.0022 1.0000
vn 0.0000 0.0022 1.0000
vn 0.0000 0.0022 1.0000
vn 0.0000 0.0022 1.0000
vn 0.8042 0.2613 -0.5339
vn 0.0528 0.0153 -0.9985
vn 0.8438 0.0022 -0.5366
vn 0.0528 0.0022 -0.9986
vn 0.8048 -0.2613 -0.5329
vn 0.0528 -0.0153 -0.9985
vn 0.6823 -0.4987 -0.5345
vn 0.0453 -0.0328 -0.9984
vn 0.4952 -0.6844 -0.5352
vn 0.0302 -0.0415 -0.9987
vn 0.2628 -0.8033 -0.5344
vn 0.0151 -0.0502 -0.9986
vn -0.0000 -0.8453 -0.5343
vn -0.0000 -0.0546 -0.9985
vn -0.2628 -0.8033 -0.5344
vn -0.0151 -0.0502 -0.9986
vn -0.4952 -0.6844 -0.5352
vn -0.0302 -0.0415 -0.9987
vn -0.6823 -0.4987 -0.5345
vn -0.0453 -0.0328 -0.9984
vn -0.8048 -0.2613 -0.5329
vn -0.0528 -0.0153 -0.9985
vn -0.8438 0.0022 -0.5366
vn -0.0528 -0.0022 -0.9986
vn -0.8042 0.2613 -0.5339
vn -0.0528 0.0153 -0.9985
vn -0.6817 0.4987 -0.5353
vn -0.0453 0.0328 -0.9984
vn -0.4994 0.6844 -0.5313
vn -0.0302 0.0415 -0.9987
vn -0.2618 0.8033 -0.5349
vn -0.0151 0.0502 -0.9986
vn -0.0000 0.8453 -0.5343
vn -0.0000 0.0546 -0.9985
vn 0.2618 0.8033 -0.5349
vn 0.0151 0.0502 -0.9986
vn 0.4994 0.6844 -0.5313
vn 0.0302 0.0415 -0.9987
vn 0.6817 0.4987 -0.5353
vn 0.0453 0.0328 -0.9984
vn -0.0754 -0.0546 -0.9957
vn -0.0905 -0.0284 -0.9955
vn -0.0980 0.0022 -0.9952
vn -0.0905 0.0284 -0.9955
vn -0.0754 0.0546 -0.9957
vn -0.0528 0.0764 -0.9957
vn -0.0302 0.0895 -0.9955
vn -0.0000 0.0938 -0.9956
vn 0.0302 0.0895 -0.9955
vn 0.0528 0.0764 -0.9957
vn 0.0754 0.0546 -0.9957
vn 0.0905 0.0284 -0.9955
vn 0.0980 -0.0022 -0.9952
vn 0.0905 -0.0284 -0.9955
vn 0.0754 -0.0546 -0.9957
vn 0.0528 -0.0764 -0.9957
vn 0.0302 -0.0895 -0.9955
vn -0.0000 -0.0938 -0.9956
vn -0.0302 -0.0895 -0.9955
vn -0.0528 -0.0764 -0.9957
vn -0.4174 -0.5761 -0.7028
vn -0.5784 -0.4172 -0.7010
vn -0.6765 -0.2189 -0.7032
vn -0.7124 -0.0022 -0.7017
vn -0.6765 0.2189 -0.7032
vn -0.5777 0.4172 -0.7015
vn -0.4168 0.5761 -0.7031
vn -0.2225 0.6780 -0.7006
vn -0.0000 0.7125 -0.7017
vn 0.2225 0.6780 -0.7006
vn 0.4168 0.5761 -0.7031
vn 0.5777 0.4172 -0.7015
vn 0.6765 0.2189 -0.7032
vn 0.7124 -0.0022 -0.7017
vn 0.6765 -0.2189 -0.7032
vn 0.5784 -0.4172 -0.7010
vn 0.4174 -0.5761 -0.7028
vn 0.2232 -0.6780 -0.7004
vn -0.0000 -0.7125 -0.7017
vn -0.2232 -0.6780 -0.7004
vn -0.8315 -0.0022 0.5556
vn -0.8315 -0.0022 0.5556
vn -0.8315 0.0022 0.5556
vn -0.8315 0.0022 0.5556
vn -0.8315 -0.0022 0.5556
vn -0.8315 -0.0022 0.5556
vn -0.8315 0.0022 0.5556
vn -0.8315 0.0022 0.5556
vn -0.8315 0.0022 0.5556
vn -0.8315 0.0022 0.5556
vn -0.8315 0.0022 0.5556
vn -0.8315 0.0022 0.5556
vn -0.8315 -0.0022 0.5556
vn -0.8315 -0.0022 0.5556
vn -0.8315 0.0022 0.5556
vn -0.8315 0.0022 0.5556
vn -0.8315 0.0022 0.5556
vn -0.8315 0.0022 0.5556
vn -0.8315 0.0022 0.5556
vn -0.8315 0.0022 0.5556
vn -0.8315 0.0022 0.5556
vn -0.8315 0.0022 0.5556
vn -0.8315 0.0022 0.5556
vn -0.8315 0.0022 0.5556
vn -0.8315 0.0022 0.5556
vn -0.8315 0.0022 0.5556
vn -0.8315 -0.0022 0.5556
vn -0.8315 -0.0022 0.5556
vn -0.8315 -0.0022 0.5556
vn -0.8315 -0.0022 0.5556
vn -0.8315 -0.0022 0.5556
vn -0.8315 -0.0022 0.5556
vn -0.8315 0.0022 0.5556
vn -0.8315 0.0022 0.5556
vn -0.8315 0.0022 0.5556
vn -0.8315 0.0022 0.5556
vn -0.8315 -0.0022 0.5556
vn -0.8315 -0.0022 0.5556
vn -0.8315 -0.0022 0.5556
vn -0.8315 -0.0022 0.5556
vn 0.6765 0.2189 0.7032
vn 0.0905 0.0284 0.9955
vn 0.7124 -0.0022 0.7017
vn 0.0980 -0.0022 0.9952
vn 0.6765 -0.2189 0.7032
vn 0.0905 -0.0284 0.9955
vn 0.5784 -0.4172 0.7010
vn 0.0792 -0.0546 0.9954
vn 0.4174 -0.5761 0.7028
vn 0.0528 -0.0764 0.9957
vn 0.2196 -0.6780 0.7015
vn 0.0264 -0.0895 0.9956
vn -0.0038 -0.7125 0.7017
vn -0.0038 -0.0938 0.9956
vn -0.2196 -0.6780 0.7015
vn -0.0264 -0.0895 0.9956
vn -0.4174 -0.5761 0.7028
vn -0.0528 -0.0764 0.9957
vn -0.5784 -0.4172 0.7010
vn -0.0792 -0.0546 0.9954
vn -0.6765 -0.2189 0.7032
vn -0.0905 -0.0284 0.9955
vn -0.7124 0.0022 0.7017
vn -0.0980 0.0022 0.9952
vn -0.6765 0.2189 0.7032
vn -0.0905 0.0284 0.9955
vn -0.5748 0.4172 0.7039
vn -0.0792 0.0546 0.9954
vn -0.4201 0.5761 0.7012
vn -0.0528 0.0764 0.9957
vn -0.2189 0.6780 0.7018
vn -0.0264 0.0895 0.9956
vn -0.0038 0.7125 0.7017
vn 0.0038 0.0938 0.9956
vn 0.2189 0.6780 0.7018
vn 0.0264 0.0895 0.9956
vn 0.4201 0.5761 0.7012
vn 0.0528 0.0764 0.9957
vn 0.5748 0.4172 0.7039
vn 0.0792 0.0546 0.9954
vn -0.0453 -0.0328 0.9984
vn -0.0528 -0.0153 0.9985
vn -0.0528 0.0022 0.9986
vn -0.0528 0.0153 0.9985
vn -0.0453 0.0328 0.9984
vn -0.0302 0.0415 0.9987
vn -0.0189 0.0502 0.9986
vn -0.0038 0.0546 0.9985
vn 0.0189 0.0502 0.9986
vn 0.0302 0.0415 0.9987
vn 0.0453 0.0328 0.9984
vn 0.0528 0.0153 0.9985
vn 0.0528 -0.0022 0.9986
vn 0.0528 -0.0153 0.9985
vn 0.0453 -0.0328 0.9984
vn 0.0302 -0.0415 0.9987
vn 0.0189 -0.0502 0.9986
vn 0.0038 -0.0546 0.9985
vn -0.0189 -0.0502 0.9986
vn -0.0302 -0.0415 0.9987
vn -0.4952 -0.6844 0.5352
vn -0.6847 -0.4987 0.5315
vn -0.8027 -0.2613 0.5361
vn -0.8438 0.0022 0.5366
vn -0.8042 0.2613 0.5339
vn -0.6817 0.4987 0.5353
vn -0.4994 0.6844 0.5313
vn -0.2652 0.8033 0.5332
vn 0.0000 0.8453 0.5343
vn 0.2652 0.8033 0.5332
vn 0.4994 0.6844 0.5313
vn 0.6817 0.4987 0.5353
vn 0.8042 0.2613 0.5339
vn 0.8438 -0.0022 0.5366
vn 0.8027 -0.2613 0.5361
vn 0.6847 -0.4987 0.5315
vn 0.4952 -0.6844 0.5352
vn 0.2594 -0.8033 0.5361
vn 0.0000 -0.8453 0.5343
vn -0.2594 -0.8033 0.5361
vn -1.0000 -0.0022 0.0000
vn -1.0000 0.0022 0.0000
vn -1.0000 -0.0022 0.0000
vn -1.0000 -0.0022 0.0000
vn -1.0000 -0.0022 0.0000
vn -1.0000 0.0022 0.0000
vn -1.0000 0.0022 0.0000
vn -1.0000 0.0022 0.0000
vn -1.0000 0.0022 0.0000
vn -1.0000 -0.0022 0.0000
vn -1.0000 -0.0022 0.0000
vn -1.0000 -0.0022 0.0000
vn -1.0000 0.0022 0.0000
vn -1.0000 0.0022 0.0000
vn -1.0000 0.0022 0.0000
vn -1.0000 0.0022 0.0000
vn -1.0000 0.0022 0.0000
vn -1.0000 -0.0022 0.0000
vn -1.0000 -0.0022 0.0000
vn 0.8315 0.0022 0.5556
vn 0.8315 0.0022 0.5556
vn 0.8315 0.0022 0.5556
vn 0.8315 0.0022 0.5556
vn 0.8315 -0.0022 0.5556
vn 0.8315 -0.0022 0.5556
vn 0.8315 -0.0022 0.5556
vn 0.8315 -0.0022 0.5556
vn 0.8315 0.0022 0.5556
vn 0.8315 0.0022 0.5556
vn 0.8315 -0.0022 0.5556
vn 0.8315 -0.0022 0.5556
vn 0.8315 -0.0022 0.5556
vn 0.8315 -0.0022 0.5556
vn 0.8315 -0.0022 0.5556
vn 0.8315 -0.0022 0.5556
vn 0.8315 -0.0022 0.5556
vn 0.8315 -0.0022 0.5556
vn 0.8315 0.0022 0.5556
vn 0.8315 0.0022 0.5556
vn 0.8315 0.0022 0.5556
vn 0.8315 0.0022 0.5556
vn 0.8315 0.0022 0.5556
vn 0.8315 0.0022 0.5556
vn 0.8315 -0.0022 0.5556
vn 0.8315 -0.0022 0.5556
vn 0.8315 -0.0022 0.5556
vn 0.8315 -0.0022 0.5556
vn 0.8315 0.0022 0.5556
vn 0.8315 0.0022 0.5556
vn 0.8315 0.0022 0.5556
vn 0.8315 0.0022 0.5556
vn 0.8315 0.0022 0.5556
vn 0.8315 0.0022 0.5556
vn 0.8315 -0.0022 0.5556
vn 0.8315 -0.0022 0.5556
vn 0.8315 -0.0022 0.5556
vn 0.8315 -0.0022 0.5556
vn 0.8315 0.0022 0.5556
vn 0.8315 0.0022 0.5556
vn 0.8315 0.0022 -0.5556
vn 0.8315 0.0022 -0.5556
vn 0.8315 -0.0022 -0.5556
vn 0.8315 0.0022 -0.5556
vn 0.8315 -0.0022 -0.5556
vn 0.8315 -0.0022 -0.5556
vn 0.8315 -0.0022 -0.5556
vn 0.8315 -0.0022 -0.5556
vn 0.8315 0.0022 -0.5556
vn 0.8315 0.0022 -0.5556
vn 0.8315 0.0022 -0.5556
vn 0.8315 0.0022 -0.5556
vn 0.8315 -0.0022 -0.5556
vn 0.8315 -0.0022 -0.5556
vn 0.8315 0.0022 -0.5556
vn 0.8315 0.0022 -0.5556
vn 0.8315 0.0022 -0.5556
vn 0.8315 0.0022 -0.5556
vn 0.8315 0.0022 -0.5556
vn 0.8315 0.0022 -0.5556
vn 0.8315 -0.0022 -0.5556
vn 0.8315 -0.0022 -0.5556
vn 0.8315 0.0022 -0.5556
vn 0.8315 0.0022 -0.5556
vn 0.8315 0.0022 -0.5556
vn 0.8315 0.0022 -0.5556
vn 0.8315 -0.0022 -0.5556
vn 0.8315 -0.0022 -0.5556
vn 0.8315 -0.0022 -0.5556
vn 0.8315 -0.0022 -0.5556
vn 0.8315 0.0022 -0.5556
vn 0.8315 0.0022 -0.5556
vn 0.8315 0.0022 -0.5556
vn 0.8315 0.0022 -0.5556
vn 0.8315 0.0022 -0.5556
vn 0.8315 0.0022 -0.5556
vn 0.8315 -0.0022 -0.5556
vn 0.8315 -0.0022 -0.5556
vn 0.8315 -0.0022 -0.5556
vn 0.8315 -0.0022 -0.5556
vn 0.5556 0.0022 0.8315
vn 0.5556 0.0022 0.8315
vn 0.5556 -0.0022 0.8315
vn 0.5556 0.0022 0.8315
vn 0.5556 0.0022 0.8315
vn 0.5556 0.0022 0.8315
vn 0.5556 0.0022 0.8315
vn 0.5556 0.0022 0.8315
vn 0.5556 0.0022 0.8315
vn 0.5556 -0.0022 0.8315
vn 0.5556 -0.0022 0.8315
vn 0.5556 -0.0022 0.8315
vn 0.5556 -0.0022 0.8315
vn 0.5556 -0.0022 0.8315
vn 0.5556 -0.0022 0.8315
vn 0.5556 -0.0022 0.8315
vn 0.5556 -0.0022 0.8315
vn 0.5556 -0.0022 0.8315
vn 0.5556 0.0022 0.8315
vn 0.7056 0.6780 0.2063
vn 0.8444 0.0895 0.5282
vn 0.8163 0.5761 0.0433
vn 0.8584 0.0764 0.5072
vn 0.9048 0.4172 -0.0847
vn 0.8685 0.0546 0.4927
vn 0.9603 0.2189 -0.1727
vn 0.8780 0.0284 0.4779
vn 0.9793 -0.0022 -0.2025
vn 0.8783 0.0022 0.4780
vn 0.9603 -0.2189 -0.1727
vn 0.8780 -0.0284 0.4779
vn 0.9043 -0.4172 -0.0905
vn 0.8685 -0.0546 0.4927
vn 0.8162 -0.5761 0.0453
vn 0.8584 -0.0764 0.5072
vn 0.7043 -0.6780 0.2106
vn 0.8444 -0.0895 0.5282
vn 0.5809 -0.7125 0.3936
vn 0.8277 -0.0938 0.5533
vn 0.4585 -0.6780 0.5746
vn 0.8108 -0.0895 0.5784
vn 0.3508 -0.5761 0.7383
vn 0.7954 -0.0764 0.6012
vn 0.2606 -0.4172 0.8706
vn 0.7844 -0.0546 0.6179
vn 0.2024 -0.2189 0.9545
vn 0.7775 -0.0284 0.6283
vn 0.1877 0.0022 0.9822
vn 0.7730 -0.0022 0.6344
vn 0.2024 0.2189 0.9545
vn 0.7775 0.0284 0.6283
vn 0.2639 0.4172 0.8696
vn 0.7844 0.0546 0.6179
vn 0.3469 0.5761 0.7402
vn 0.7954 0.0764 0.6012
vn 0.4573 0.6780 0.5756
vn 0.8108 0.0895 0.5784
vn 0.5838 0.7125 0.3892
vn 0.8277 0.0938 0.5533
vn 0.8288 -0.0546 0.5569
vn 0.8205 -0.0502 0.5695
vn 0.8136 -0.0415 0.5799
vn 0.8050 -0.0328 0.5923
vn 0.8009 -0.0153 0.5987
vn 0.8010 0.0022 0.5987
vn 0.8009 0.0153 0.5987
vn 0.8050 0.0328 0.5923
vn 0.8136 0.0415 0.5799
vn 0.8205 0.0502 0.5695
vn 0.8288 0.0546 0.5569
vn 0.8373 0.0502 0.5444
vn 0.8471 0.0415 0.5297
vn 0.8514 0.0328 0.5235
vn 0.8557 0.0153 0.5173
vn 0.8597 -0.0022 0.5109
vn 0.8557 -0.0153 0.5173
vn 0.8514 -0.0328 0.5235
vn 0.8471 -0.0415 0.5297
vn 0.8373 -0.0502 0.5444
vn 0.5905 -0.8033 0.0773
vn 0.4427 -0.8453 0.2992
vn 0.2994 -0.8033 0.5148
vn 0.1649 -0.6844 0.7103
vn 0.0641 -0.4987 0.8644
vn -0.0038 -0.2613 0.9653
vn -0.0302 0.0022 0.9995
vn -0.0075 0.2613 0.9652
vn 0.0603 0.4987 0.8647
vn 0.1643 0.6844 0.7104
vn 0.2983 0.8033 0.5154
vn 0.4455 0.8453 0.2949
vn 0.5900 0.8033 0.0807
vn 0.7204 0.6844 -0.1126
vn 0.8234 0.4987 -0.2707
vn 0.8925 0.2613 -0.3676
vn 0.9150 0.0022 -0.4035
vn 0.8902 -0.2613 -0.3733
vn 0.8239 -0.4987 -0.2693
vn 0.7198 -0.6844 -0.1167
vn 0.0000 0.0022 1.0000
vn 0.0000 0.0022 1.0000
vn 0.0000 0.0022 1.0000
vn 0.0000 0.0022 1.0000
vn 0.0000 0.0022 1.0000
vn 0.0000 -0.0022 1.0000
vn 0.0000 0.0022 1.0000
vn 0.0000 -0.0022 1.0000
vn 0.0000 0.0022 1.0000
vn 0.0000 -0.0022 1.0000
vn 0.0000 0.0022 1.0000
vn 0.0000 -0.0022 1.0000
vn 0.0000 0.0022 1.0000
vn 0.0000 -0.0022 1.0000
vn 0.0000 0.0022 1.0000
vn 0.0000 0.0022 1.0000
vn 0.0000 0.0022 1.0000
vn 0.0000 0.0022 1.0000
vn 0.0000 0.0022 1.0000
vn 0.0000 0.0022 1.0000
vn 0.0000 0.0022 1.0000
vn -0.8315 -0.0022 -0.5556
vn -0.8315 -0.0022 -0.5556
vn -0.8315 -0.0022 -0.5556
vn -0.8315 0.0022 -0.5556
vn -0.8315 -0.0022 -0.5556
vn -0.8315 0.0022 -0.5556
vn -0.8315 0.0022 -0.5556
vn -0.8315 0.0022 -0.5556
vn -0.8315 0.0022 -0.5556
vn -0.8315 -0.0022 -0.5556
vn -0.8315 -0.0022 -0.5556
vn -0.8315 -0.0022 -0.5556
vn -0.8315 -0.0022 -0.5556
vn -0.8315 0.0022 -0.5556
vn -0.8315 0.0022 -0.5556
vn -0.8315 0.0022 -0.5556
vn -0.8315 0.0022 -0.5556
vn -0.8315 -0.0022 -0.5556
vn -0.8315 -0.0022 -0.5556
vn -0.8315 -0.0022 -0.5556
vn -0.8315 0.0022 -0.5556
vn 0.8315 -0.0022 0.5556
vn 0.8315 -0.0022 0.5556
vn 0.8315 -0.0022 0.5556
vn 0.8315 -0.0022 0.5556
vn 0.8315 -0.0022 0.5556
vn 0.8315 0.0022 0.5556
vn 0.8315 -0.0022 0.5556
vn 0.8315 0.0022 0.5556
vn 0.8315 -0.0022 0.5556
vn 0.8315 -0.0022 0.5556
vn 0.8315 0.0022 0.5556
vn 0.8315 0.0022 0.5556
vn 0.8315 -0.0022 0.5556
vn 0.8315 -0.0022 0.5556
vn 0.8315 -0.0022 0.5556
vn 0.8315 -0.0022 0.5556
vn 0.8315 -0.0022 0.5556
vn 0.8315 -0.0022 0.5556
vn 0.8315 -0.0022 0.5556
vn 0.8315 -0.0022 0.5556
vn 0.8315 -0.0022 0.5556
vt 0.6319801211357117 0.2881926894187927 
vt 0.6319801211357117 0.27906039357185364 
vt 0.77150559425354 0.2881926894187927 
vt 0.77150559425354 0.27906039357185364 
vt 0.6319801211357117 0.2698063254356384 
vt 0.77150559425354 0.2698063254356384 
vt 0.6319801211357117 0.26067402958869934 
vt 0.77150559425354 0.26067402958869934 
vt 0.6319801211357117 0.25141996145248413 
vt 0.77150559425354 0.25141996145248413 
vt 0.6319801211357117 0.24216590821743011 
vt 0.77150559425354 0.24216590821743011 
vt 0.6319801211357117 0.23303359746932983 
vt 0.77150559425354 0.23303359746932983 
vt 0.6319801211357117 0.22377954423427582 
vt 0.77150559425354 0.22377954423427582 
vt 0.6319801211357117 0.21464723348617554 
vt 0.77150559425354 0.21464723348617554 
vt 0.6319801211357117 0.20539318025112152 
vt 0.77150559425354 0.20539318025112152 
vt 0.6319801211357117 0.19626086950302124 
vt 0.77150559425354 0.19626086950302124 
vt 0.77150559425354 0.19626086950302124 
vt 0.7816108465194702 0.19626086950302124 
vt 0.77150559425354 0.20539318025112152 
vt 0.7816108465194702 0.20539318025112152 
vt 0.77150559425354 0.21464723348617554 
vt 0.7816108465194702 0.21464723348617554 
vt 0.77150559425354 0.22377954423427582 
vt 0.7816108465194702 0.22377954423427582 
vt 0.77150559425354 0.23303359746932983 
vt 0.7816108465194702 0.23303359746932983 
vt 0.77150559425354 0.24216590821743011 
vt 0.7816108465194702 0.24216590821743011 
vt 0.77150559425354 0.25141996145248413 
vt 0.7816108465194702 0.25141996145248413 
vt 0.77150559425354 0.26067402958869934 
vt 0.7816108465194702 0.26067402958869934 
vt 0.77150559425354 0.2698063254356384 
vt 0.7816108465194702 0.2698063254356384 
vt 0.77150559425354 0.27906039357185364 
vt 0.7816108465194702 0.27906039357185364 
vt 0.77150559425354 0.2881926894187927 
vt 0.7816108465194702 0.2881926894187927 
vt 0.5532078742980957 0.29099327325820923 
vt 0.7203705906867981 0.29099327325820923 
vt 0.5532078742980957 0.3004908561706543 
vt 0.7203705906867981 0.3004908561706543 
vt 0.5532078742980957 0.30998843908309937 
vt 0.7203705906867981 0.30998843908309937 
vt 0.5532078742980957 0.3194860517978668 
vt 0.7203705906867981 0.3194860517978668 
vt 0.5532078742980957 0.3289836347103119 
vt 0.7203705906867981 0.3289836347103119 
vt 0.5532078742980957 0.33848121762275696 
vt 0.7203705906867981 0.33848121762275696 
vt 0.5532078742980957 0.3479788303375244 
vt 0.7203705906867981 0.3479788303375244 
vt 0.5532078742980957 0.3574764132499695 
vt 0.7203705906867981 0.3574764132499695 
vt 0.5532078742980957 0.36697399616241455 
vt 0.7203705906867981 0.36697399616241455 
vt 0.5532078742980957 0.376471608877182 
vt 0.7203705906867981 0.376471608877182 
vt 0.5532078742980957 0.3859691917896271 
vt 0.7203705906867981 0.3859691917896271 
vt 0.001315120025537908 0.4385712444782257 
vt 0.001315120025537908 0.2638399004936218 
vt 0.018360119313001633 0.4385712444782257 
vt 0.018360119313001633 0.2638399004936218 
vt 0.03552687168121338 0.4385712444782257 
vt 0.03552687168121338 0.2638399004936218 
vt 0.052571870386600494 0.4385712444782257 
vt 0.052571870386600494 0.2638399004936218 
vt 0.06961686909198761 0.4385712444782257 
vt 0.06961686909198761 0.2638399004936218 
vt 0.08666186779737473 0.4385712444782257 
vt 0.08666186779737473 0.2638399004936218 
vt 0.10382861644029617 0.4385712444782257 
vt 0.10382861644029617 0.2638399004936218 
vt 0.12087362259626389 0.4385712444782257 
vt 0.12087362259626389 0.2638399004936218 
vt 0.137918621301651 0.4385712444782257 
vt 0.137918621301651 0.2638399004936218 
vt 0.15496361255645752 0.4385712444782257 
vt 0.15496361255645752 0.2638399004936218 
vt 0.17213037610054016 0.4385712444782257 
vt 0.17213037610054016 0.2638399004936218 
vt 0.001315120025537908 0.8531776666641235 
vt 0.001315120025537908 0.8479418158531189 
vt 0.018116619437932968 0.8531776666641235 
vt 0.018116619437932968 0.8479418158531189 
vt 0.03479636833071709 0.8531776666641235 
vt 0.03479636833071709 0.8479418158531189 
vt 0.051597870886325836 0.8531776666641235 
vt 0.051597870886325836 0.8479418158531189 
vt 0.06839936971664429 0.8531776666641235 
vt 0.06839936971664429 0.8479418158531189 
vt 0.08520086854696274 0.8531776666641235 
vt 0.08520086854696274 0.8479418158531189 
vt 0.10188061743974686 0.8531776666641235 
vt 0.10188061743974686 0.8479418158531189 
vt 0.1186821237206459 0.8531776666641235 
vt 0.1186821237206459 0.8479418158531189 
vt 0.13548362255096436 0.8531776666641235 
vt 0.13548362255096436 0.8479418158531189 
vt 0.15216337144374847 0.8531776666641235 
vt 0.15216337144374847 0.8479418158531189 
vt 0.16896486282348633 0.8531776666641235 
vt 0.16896486282348633 0.8479418158531189 
vt 0.18576636910438538 0.8531776666641235 
vt 0.18576636910438538 0.8479418158531189 
vt 0.2024461179971695 0.8531776666641235 
vt 0.2024461179971695 0.8479418158531189 
vt 0.21924762427806854 0.8531776666641235 
vt 0.21924762427806854 0.8479418158531189 
vt 0.2360491156578064 0.8531776666641235 
vt 0.2360491156578064 0.8479418158531189 
vt 0.25285062193870544 0.8531776666641235 
vt 0.25285062193870544 0.8479418158531189 
vt 0.26953035593032837 0.8531776666641235 
vt 0.26953035593032837 0.8479418158531189 
vt 0.2863318622112274 0.8531776666641235 
vt 0.2863318622112274 0.8479418158531189 
vt 0.30313336849212646 0.8531776666641235 
vt 0.30313336849212646 0.8479418158531189 
vt 0.3198131322860718 0.8531776666641235 
vt 0.3198131322860718 0.8479418158531189 
vt 0.33661460876464844 0.8531776666641235 
vt 0.33661460876464844 0.8479418158531189 
vt 0.018116619437932968 0.8280942440032959 
vt 0.03479636833071709 0.8280942440032959 
vt 0.051597870886325836 0.8280942440032959 
vt 0.06839936971664429 0.8280942440032959 
vt 0.08520086854696274 0.8280942440032959 
vt 0.10188061743974686 0.8280942440032959 
vt 0.1186821237206459 0.8280942440032959 
vt 0.13548362255096436 0.8280942440032959 
vt 0.15216337144374847 0.8280942440032959 
vt 0.16896486282348633 0.8280942440032959 
vt 0.18576636910438538 0.8280942440032959 
vt 0.2024461179971695 0.8280942440032959 
vt 0.21924762427806854 0.8280942440032959 
vt 0.2360491156578064 0.8280942440032959 
vt 0.25285062193870544 0.8280942440032959 
vt 0.26953035593032837 0.8280942440032959 
vt 0.2863318622112274 0.8280942440032959 
vt 0.30313336849212646 0.8280942440032959 
vt 0.3198131322860718 0.8280942440032959 
vt 0.33661460876464844 0.8280942440032959 
vt 0.018116619437932968 0.8229801654815674 
vt 0.03479636833071709 0.8229801654815674 
vt 0.051597870886325836 0.8229801654815674 
vt 0.06839936971664429 0.8229801654815674 
vt 0.08520086854696274 0.8229801654815674 
vt 0.10188061743974686 0.8229801654815674 
vt 0.1186821237206459 0.8229801654815674 
vt 0.13548362255096436 0.8229801654815674 
vt 0.15216337144374847 0.8229801654815674 
vt 0.16896486282348633 0.8229801654815674 
vt 0.18576636910438538 0.8229801654815674 
vt 0.2024461179971695 0.8229801654815674 
vt 0.21924762427806854 0.8229801654815674 
vt 0.2360491156578064 0.8229801654815674 
vt 0.25285062193870544 0.8229801654815674 
vt 0.26953035593032837 0.8229801654815674 
vt 0.2863318622112274 0.8229801654815674 
vt 0.30313336849212646 0.8229801654815674 
vt 0.3198131322860718 0.8229801654815674 
vt 0.33661460876464844 0.8229801654815674 
vt 0.001315120025537908 0.8229801654815674 
vt 0.001315120025537908 0.8280942440032959 
vt 0.001315120025537908 0.6282795667648315 
vt 0.001315120025537908 0.6195125579833984 
vt 0.15885962545871735 0.6282795667648315 
vt 0.15885962545871735 0.6195125579833984 
vt 0.001315120025537908 0.6108673214912415 
vt 0.15885962545871735 0.6108673214912415 
vt 0.001315120025537908 0.6021003127098083 
vt 0.15885962545871735 0.6021003127098083 
vt 0.001315120025537908 0.5934550166130066 
vt 0.15885962545871735 0.5934550166130066 
vt 0.001315120025537908 0.5846880078315735 
vt 0.15885962545871735 0.5846880078315735 
vt 0.001315120025537908 0.5760427713394165 
vt 0.15885962545871735 0.5760427713394165 
vt 0.001315120025537908 0.5672757625579834 
vt 0.15885962545871735 0.5672757625579834 
vt 0.001315120025537908 0.5586305260658264 
vt 0.15885962545871735 0.5586305260658264 
vt 0.001315120025537908 0.5498635172843933 
vt 0.15885962545871735 0.5498635172843933 
vt 0.001315120025537908 0.5412182807922363 
vt 0.15885962545871735 0.5412182807922363 
vt 0.17468711733818054 0.2814956605434418 
vt 0.17468711733818054 0.28052157163619995 
vt 0.18260087072849274 0.2814956605434418 
vt 0.18260087072849274 0.28052157163619995 
vt 0.19039286673069 0.2814956605434418 
vt 0.19039286673069 0.28052157163619995 
vt 0.19818486273288727 0.2814956605434418 
vt 0.19818486273288727 0.28052157163619995 
vt 0.20597687363624573 0.2814956605434418 
vt 0.20597687363624573 0.28052157163619995 
vt 0.21389062702655792 0.2814956605434418 
vt 0.21389062702655792 0.28052157163619995 
vt 0.2216826230287552 0.2814956605434418 
vt 0.2216826230287552 0.28052157163619995 
vt 0.22947461903095245 0.2814956605434418 
vt 0.22947461903095245 0.28052157163619995 
vt 0.23726661503314972 0.2814956605434418 
vt 0.23726661503314972 0.28052157163619995 
vt 0.24518036842346191 0.2814956605434418 
vt 0.24518036842346191 0.28052157163619995 
vt 0.2529723644256592 0.2814956605434418 
vt 0.2529723644256592 0.28052157163619995 
vt 0.26076436042785645 0.2814956605434418 
vt 0.26076436042785645 0.28052157163619995 
vt 0.2685563564300537 0.2814956605434418 
vt 0.2685563564300537 0.28052157163619995 
vt 0.27634838223457336 0.2814956605434418 
vt 0.27634838223457336 0.28052157163619995 
vt 0.28426212072372437 0.2814956605434418 
vt 0.28426212072372437 0.28052157163619995 
vt 0.29205411672592163 0.2814956605434418 
vt 0.29205411672592163 0.28052157163619995 
vt 0.2998461127281189 0.2814956605434418 
vt 0.2998461127281189 0.28052157163619995 
vt 0.30763810873031616 0.2814956605434418 
vt 0.30763810873031616 0.28052157163619995 
vt 0.31555187702178955 0.2814956605434418 
vt 0.31555187702178955 0.28052157163619995 
vt 0.3233438730239868 0.2814956605434418 
vt 0.3233438730239868 0.28052157163619995 
vt 0.3311358690261841 0.2814956605434418 
vt 0.3311358690261841 0.28052157163619995 
vt 0.8220318555831909 0.3806115686893463 
vt 0.8231276273727417 0.3806115686893463 
vt 0.8220318555831909 0.3884044587612152 
vt 0.8231276273727417 0.3884044587612152 
vt 0.8220318555831909 0.3961973488330841 
vt 0.8231276273727417 0.3961973488330841 
vt 0.8220318555831909 0.4039902687072754 
vt 0.8231276273727417 0.4039902687072754 
vt 0.8220318555831909 0.4117831587791443 
vt 0.8231276273727417 0.4117831587791443 
vt 0.8220318555831909 0.4196978211402893 
vt 0.8231276273727417 0.4196978211402893 
vt 0.8220318555831909 0.4274907112121582 
vt 0.8231276273727417 0.4274907112121582 
vt 0.8220318555831909 0.4352836012840271 
vt 0.8231276273727417 0.4352836012840271 
vt 0.8220318555831909 0.443076491355896 
vt 0.8231276273727417 0.443076491355896 
vt 0.8220318555831909 0.450991153717041 
vt 0.8231276273727417 0.450991153717041 
vt 0.8220318555831909 0.4587840437889099 
vt 0.8231276273727417 0.4587840437889099 
vt 0.8220318555831909 0.4665769636631012 
vt 0.8231276273727417 0.4665769636631012 
vt 0.8220318555831909 0.4743698537349701 
vt 0.8231276273727417 0.4743698537349701 
vt 0.8220318555831909 0.482162743806839 
vt 0.8231276273727417 0.482162743806839 
vt 0.8220318555831909 0.490077406167984 
vt 0.8231276273727417 0.490077406167984 
vt 0.8220318555831909 0.4978702962398529 
vt 0.8231276273727417 0.4978702962398529 
vt 0.8220318555831909 0.5056632161140442 
vt 0.8231276273727417 0.5056632161140442 
vt 0.8220318555831909 0.5134561061859131 
vt 0.8231276273727417 0.5134561061859131 
vt 0.8220318555831909 0.5213707685470581 
vt 0.8231276273727417 0.5213707685470581 
vt 0.8220318555831909 0.529163658618927 
vt 0.8231276273727417 0.529163658618927 
vt 0.8220318555831909 0.5369565486907959 
vt 0.8231276273727417 0.5369565486907959 
vt 0.234222874045372 0.17507393658161163 
vt 0.3618168830871582 0.17507393658161163 
vt 0.234222874045372 0.18518035113811493 
vt 0.3618168830871582 0.18518035113811493 
vt 0.234222874045372 0.19528676569461823 
vt 0.3618168830871582 0.19528676569461823 
vt 0.234222874045372 0.20539318025112152 
vt 0.3618168830871582 0.20539318025112152 
vt 0.234222874045372 0.2153778225183487 
vt 0.3618168830871582 0.2153778225183487 
vt 0.234222874045372 0.225484237074852 
vt 0.3618168830871582 0.225484237074852 
vt 0.234222874045372 0.23559065163135529 
vt 0.3618168830871582 0.23559065163135529 
vt 0.234222874045372 0.24557529389858246 
vt 0.3618168830871582 0.24557529389858246 
vt 0.234222874045372 0.25568169355392456 
vt 0.3618168830871582 0.25568169355392456 
vt 0.234222874045372 0.26578810811042786 
vt 0.3618168830871582 0.26578810811042786 
vt 0.234222874045372 0.27589452266693115 
vt 0.3618168830871582 0.27589452266693115 
vt 0.7232926487922668 0.19090326130390167 
vt 0.7232926487922668 0.1919991374015808 
vt 0.7153788805007935 0.19090326130390167 
vt 0.7153788805007935 0.1919991374015808 
vt 0.7075868844985962 0.19090326130390167 
vt 0.7075868844985962 0.1919991374015808 
vt 0.6997948884963989 0.19090326130390167 
vt 0.6997948884963989 0.1919991374015808 
vt 0.6920028924942017 0.19090326130390167 
vt 0.6920028924942017 0.1919991374015808 
vt 0.6842108964920044 0.19090326130390167 
vt 0.6842108964920044 0.1919991374015808 
vt 0.676297128200531 0.19090326130390167 
vt 0.676297128200531 0.1919991374015808 
vt 0.6685051321983337 0.19090326130390167 
vt 0.6685051321983337 0.1919991374015808 
vt 0.6607131361961365 0.19090326130390167 
vt 0.6607131361961365 0.1919991374015808 
vt 0.6529211401939392 0.19090326130390167 
vt 0.6529211401939392 0.1919991374015808 
vt 0.6450073719024658 0.19090326130390167 
vt 0.6450073719024658 0.1919991374015808 
vt 0.6372153759002686 0.19090326130390167 
vt 0.6372153759002686 0.1919991374015808 
vt 0.6294233798980713 0.19090326130390167 
vt 0.6294233798980713 0.1919991374015808 
vt 0.621631383895874 0.19090326130390167 
vt 0.621631383895874 0.1919991374015808 
vt 0.6137176156044006 0.19090326130390167 
vt 0.6137176156044006 0.1919991374015808 
vt 0.6059256196022034 0.19090326130390167 
vt 0.6059256196022034 0.1919991374015808 
vt 0.5981336236000061 0.19090326130390167 
vt 0.5981336236000061 0.1919991374015808 
vt 0.5903416275978088 0.19090326130390167 
vt 0.5903416275978088 0.1919991374015808 
vt 0.5824278593063354 0.19090326130390167 
vt 0.5824278593063354 0.1919991374015808 
vt 0.5746358633041382 0.19090326130390167 
vt 0.5746358633041382 0.1919991374015808 
vt 0.5668438673019409 0.19090326130390167 
vt 0.5668438673019409 0.1919991374015808 
vt 0.3833666145801544 0.39631912112236023 
vt 0.5505293607711792 0.39631912112236023 
vt 0.3833666145801544 0.4058167040348053 
vt 0.5505293607711792 0.4058167040348053 
vt 0.3833666145801544 0.41531431674957275 
vt 0.5505293607711792 0.41531431674957275 
vt 0.3833666145801544 0.4248118996620178 
vt 0.5505293607711792 0.4248118996620178 
vt 0.3833666145801544 0.4343094825744629 
vt 0.5505293607711792 0.4343094825744629 
vt 0.3833666145801544 0.44380709528923035 
vt 0.5505293607711792 0.44380709528923035 
vt 0.3833666145801544 0.4533046782016754 
vt 0.5505293607711792 0.4533046782016754 
vt 0.3833666145801544 0.4628022611141205 
vt 0.5505293607711792 0.4628022611141205 
vt 0.3833666145801544 0.47229987382888794 
vt 0.5505293607711792 0.47229987382888794 
vt 0.3833666145801544 0.481797456741333 
vt 0.5505293607711792 0.481797456741333 
vt 0.3833666145801544 0.4912950396537781 
vt 0.5505293607711792 0.4912950396537781 
vt 0.37106987833976746 0.17507393658161163 
vt 0.37106987833976746 0.18518035113811493 
vt 0.3618168830871582 0.17507393658161163 
vt 0.3618168830871582 0.18518035113811493 
vt 0.37106987833976746 0.19528676569461823 
vt 0.3618168830871582 0.19528676569461823 
vt 0.37106987833976746 0.20539318025112152 
vt 0.3618168830871582 0.20539318025112152 
vt 0.37106987833976746 0.2153778225183487 
vt 0.3618168830871582 0.2153778225183487 
vt 0.37106987833976746 0.225484237074852 
vt 0.3618168830871582 0.225484237074852 
vt 0.37106987833976746 0.23559065163135529 
vt 0.3618168830871582 0.23559065163135529 
vt 0.37106987833976746 0.24557529389858246 
vt 0.3618168830871582 0.24557529389858246 
vt 0.37106987833976746 0.25568169355392456 
vt 0.3618168830871582 0.25568169355392456 
vt 0.37106987833976746 0.26578810811042786 
vt 0.3618168830871582 0.26578810811042786 
vt 0.37106987833976746 0.27589452266693115 
vt 0.3618168830871582 0.27589452266693115 
vt 0.2791486084461212 0.42128074169158936 
vt 0.2791486084461212 0.2948897182941437 
vt 0.2893756330013275 0.42128074169158936 
vt 0.2893756330013275 0.2948897182941437 
vt 0.2994808554649353 0.42128074169158936 
vt 0.2994808554649353 0.2948897182941437 
vt 0.3095861077308655 0.42128074169158936 
vt 0.3095861077308655 0.2948897182941437 
vt 0.3198131322860718 0.42128074169158936 
vt 0.3198131322860718 0.2948897182941437 
vt 0.32991838455200195 0.42128074169158936 
vt 0.32991838455200195 0.2948897182941437 
vt 0.34014537930488586 0.42128074169158936 
vt 0.34014537930488586 0.2948897182941437 
vt 0.35025063157081604 0.42128074169158936 
vt 0.35025063157081604 0.2948897182941437 
vt 0.36047762632369995 0.42128074169158936 
vt 0.36047762632369995 0.2948897182941437 
vt 0.3705828785896301 0.42128074169158936 
vt 0.3705828785896301 0.2948897182941437 
vt 0.3806881308555603 0.42128074169158936 
vt 0.3806881308555603 0.2948897182941437 
vt 0.7818543910980225 0.7439553737640381 
vt 0.7818543910980225 0.7491912245750427 
vt 0.765052855014801 0.7439553737640381 
vt 0.765052855014801 0.7491912245750427 
vt 0.7483730912208557 0.7439553737640381 
vt 0.7483730912208557 0.7491912245750427 
vt 0.731571614742279 0.7439553737640381 
vt 0.731571614742279 0.7491912245750427 
vt 0.7147701382637024 0.7439553737640381 
vt 0.7147701382637024 0.7491912245750427 
vt 0.6980903744697571 0.7439553737640381 
vt 0.6980903744697571 0.7491912245750427 
vt 0.6812888979911804 0.7439553737640381 
vt 0.6812888979911804 0.7491912245750427 
vt 0.664487361907959 0.7439553737640381 
vt 0.664487361907959 0.7491912245750427 
vt 0.6478075981140137 0.7439553737640381 
vt 0.6478075981140137 0.7491912245750427 
vt 0.631006121635437 0.7439553737640381 
vt 0.631006121635437 0.7491912245750427 
vt 0.6142046451568604 0.7439553737640381 
vt 0.6142046451568604 0.7491912245750427 
vt 0.5974031090736389 0.7439553737640381 
vt 0.5974031090736389 0.7491912245750427 
vt 0.5807233452796936 0.7439553737640381 
vt 0.5807233452796936 0.7491912245750427 
vt 0.5639218688011169 0.7439553737640381 
vt 0.5639218688011169 0.7491912245750427 
vt 0.5471203923225403 0.7439553737640381 
vt 0.5471203923225403 0.7491912245750427 
vt 0.530440628528595 0.7439553737640381 
vt 0.530440628528595 0.7491912245750427 
vt 0.5136390924453735 0.7439553737640381 
vt 0.5136390924453735 0.7491912245750427 
vt 0.4968376159667969 0.7439553737640381 
vt 0.4968376159667969 0.7491912245750427 
vt 0.48015788197517395 0.7439553737640381 
vt 0.48015788197517395 0.7491912245750427 
vt 0.4633563756942749 0.7439553737640381 
vt 0.4633563756942749 0.7491912245750427 
vt 0.44655486941337585 0.7439553737640381 
vt 0.44655486941337585 0.7491912245750427 
vt 0.765052855014801 0.769038736820221 
vt 0.7483730912208557 0.769038736820221 
vt 0.731571614742279 0.769038736820221 
vt 0.7147701382637024 0.769038736820221 
vt 0.6980903744697571 0.769038736820221 
vt 0.6812888979911804 0.769038736820221 
vt 0.664487361907959 0.769038736820221 
vt 0.6478075981140137 0.769038736820221 
vt 0.631006121635437 0.769038736820221 
vt 0.6142046451568604 0.769038736820221 
vt 0.5974031090736389 0.769038736820221 
vt 0.5807233452796936 0.769038736820221 
vt 0.5639218688011169 0.769038736820221 
vt 0.5471203923225403 0.769038736820221 
vt 0.530440628528595 0.769038736820221 
vt 0.5136390924453735 0.769038736820221 
vt 0.4968376159667969 0.769038736820221 
vt 0.48015788197517395 0.769038736820221 
vt 0.4633563756942749 0.769038736820221 
vt 0.44655486941337585 0.769038736820221 
vt 0.765052855014801 0.7741528153419495 
vt 0.7483730912208557 0.7741528153419495 
vt 0.731571614742279 0.7741528153419495 
vt 0.7147701382637024 0.7741528153419495 
vt 0.6980903744697571 0.7741528153419495 
vt 0.6812888979911804 0.7741528153419495 
vt 0.664487361907959 0.7741528153419495 
vt 0.6478075981140137 0.7741528153419495 
vt 0.631006121635437 0.7741528153419495 
vt 0.6142046451568604 0.7741528153419495 
vt 0.5974031090736389 0.7741528153419495 
vt 0.5807233452796936 0.7741528153419495 
vt 0.5639218688011169 0.7741528153419495 
vt 0.5471203923225403 0.7741528153419495 
vt 0.530440628528595 0.7741528153419495 
vt 0.5136390924453735 0.7741528153419495 
vt 0.4968376159667969 0.7741528153419495 
vt 0.48015788197517395 0.7741528153419495 
vt 0.4633563756942749 0.7741528153419495 
vt 0.44655486941337585 0.7741528153419495 
vt 0.7818543910980225 0.7741528153419495 
vt 0.7818543910980225 0.769038736820221 
vt 0.2791486084461212 0.2857574224472046 
vt 0.2893756330013275 0.2857574224472046 
vt 0.2791486084461212 0.2948897182941437 
vt 0.2893756330013275 0.2948897182941437 
vt 0.2994808554649353 0.2857574224472046 
vt 0.2994808554649353 0.2948897182941437 
vt 0.3095861077308655 0.2857574224472046 
vt 0.3095861077308655 0.2948897182941437 
vt 0.3198131322860718 0.2857574224472046 
vt 0.3198131322860718 0.2948897182941437 
vt 0.32991838455200195 0.2857574224472046 
vt 0.32991838455200195 0.2948897182941437 
vt 0.34014537930488586 0.2857574224472046 
vt 0.34014537930488586 0.2948897182941437 
vt 0.35025063157081604 0.2857574224472046 
vt 0.35025063157081604 0.2948897182941437 
vt 0.36047762632369995 0.2857574224472046 
vt 0.36047762632369995 0.2948897182941437 
vt 0.3705828785896301 0.2857574224472046 
vt 0.3705828785896301 0.2948897182941437 
vt 0.3806881308555603 0.2857574224472046 
vt 0.3806881308555603 0.2948897182941437 
vt 0.3179868757724762 0.5806698203086853 
vt 0.3179868757724762 0.5817657113075256 
vt 0.31019487977027893 0.5806698203086853 
vt 0.31019487977027893 0.5817657113075256 
vt 0.30228111147880554 0.5806698203086853 
vt 0.30228111147880554 0.5817657113075256 
vt 0.2944891154766083 0.5806698203086853 
vt 0.2944891154766083 0.5817657113075256 
vt 0.286697119474411 0.5806698203086853 
vt 0.286697119474411 0.5817657113075256 
vt 0.27890512347221375 0.5806698203086853 
vt 0.27890512347221375 0.5817657113075256 
vt 0.27099135518074036 0.5806698203086853 
vt 0.27099135518074036 0.5817657113075256 
vt 0.2631993591785431 0.5806698203086853 
vt 0.2631993591785431 0.5817657113075256 
vt 0.2554073631763458 0.5806698203086853 
vt 0.2554073631763458 0.5817657113075256 
vt 0.24761536717414856 0.5806698203086853 
vt 0.24761536717414856 0.5817657113075256 
vt 0.23970161378383636 0.5806698203086853 
vt 0.23970161378383636 0.5817657113075256 
vt 0.2319096177816391 0.5806698203086853 
vt 0.2319096177816391 0.5817657113075256 
vt 0.22411762177944183 0.5806698203086853 
vt 0.22411762177944183 0.5817657113075256 
vt 0.21632562577724457 0.5806698203086853 
vt 0.21632562577724457 0.5817657113075256 
vt 0.2085336148738861 0.5806698203086853 
vt 0.2085336148738861 0.5817657113075256 
vt 0.2006198763847351 0.5806698203086853 
vt 0.2006198763847351 0.5817657113075256 
vt 0.19282786548137665 0.5806698203086853 
vt 0.19282786548137665 0.5817657113075256 
vt 0.18503586947917938 0.5806698203086853 
vt 0.18503586947917938 0.5817657113075256 
vt 0.17724387347698212 0.5806698203086853 
vt 0.17724387347698212 0.5817657113075256 
vt 0.16933012008666992 0.5806698203086853 
vt 0.16933012008666992 0.5817657113075256 
vt 0.16153812408447266 0.5806698203086853 
vt 0.16153812408447266 0.5817657113075256 
vt 0.8193533420562744 0.5369565486907959 
vt 0.8183793425559998 0.5369565486907959 
vt 0.8193533420562744 0.529163658618927 
vt 0.8183793425559998 0.529163658618927 
vt 0.8193533420562744 0.5213707685470581 
vt 0.8183793425559998 0.5213707685470581 
vt 0.8193533420562744 0.5134561061859131 
vt 0.8183793425559998 0.5134561061859131 
vt 0.8193533420562744 0.5056632161140442 
vt 0.8183793425559998 0.5056632161140442 
vt 0.8193533420562744 0.4978702962398529 
vt 0.8183793425559998 0.4978702962398529 
vt 0.8193533420562744 0.490077406167984 
vt 0.8183793425559998 0.490077406167984 
vt 0.8193533420562744 0.482162743806839 
vt 0.8183793425559998 0.482162743806839 
vt 0.8193533420562744 0.4743698537349701 
vt 0.8183793425559998 0.4743698537349701 
vt 0.8193533420562744 0.4665769636631012 
vt 0.8183793425559998 0.4665769636631012 
vt 0.8193533420562744 0.4587840437889099 
vt 0.8183793425559998 0.4587840437889099 
vt 0.8193533420562744 0.450991153717041 
vt 0.8183793425559998 0.450991153717041 
vt 0.8193533420562744 0.443076491355896 
vt 0.8183793425559998 0.443076491355896 
vt 0.8193533420562744 0.4352836012840271 
vt 0.8183793425559998 0.4352836012840271 
vt 0.8193533420562744 0.4274907112121582 
vt 0.8183793425559998 0.4274907112121582 
vt 0.8193533420562744 0.4196978211402893 
vt 0.8183793425559998 0.4196978211402893 
vt 0.8193533420562744 0.4117831587791443 
vt 0.8183793425559998 0.4117831587791443 
vt 0.8193533420562744 0.4039902687072754 
vt 0.8183793425559998 0.4039902687072754 
vt 0.8193533420562744 0.3961973488330841 
vt 0.8183793425559998 0.3961973488330841 
vt 0.8193533420562744 0.3884044587612152 
vt 0.8183793425559998 0.3884044587612152 
vt 0.8193533420562744 0.3806115686893463 
vt 0.8183793425559998 0.3806115686893463 
vt 0.7125785946846008 0.1721515953540802 
vt 0.37849661707878113 0.1721515953540802 
vt 0.7125785946846008 0.15498287975788116 
vt 0.37849661707878113 0.15498287975788116 
vt 0.7125785946846008 0.13793592154979706 
vt 0.37849661707878113 0.13793592154979706 
vt 0.7125785946846008 0.12088895589113235 
vt 0.37849661707878113 0.12088895589113235 
vt 0.7125785946846008 0.10384199768304825 
vt 0.37849661707878113 0.10384199768304825 
vt 0.7125785946846008 0.08667327463626862 
vt 0.37849661707878113 0.08667327463626862 
vt 0.7125785946846008 0.06962631642818451 
vt 0.37849661707878113 0.06962631642818451 
vt 0.7125785946846008 0.052579354494810104 
vt 0.37849661707878113 0.052579354494810104 
vt 0.7125785946846008 0.0355323925614357 
vt 0.37849661707878113 0.0355323925614357 
vt 0.7125785946846008 0.018363669514656067 
vt 0.37849661707878113 0.018363669514656067 
vt 0.7125785946846008 0.0013167100260034204 
vt 0.37849661707878113 0.0013167100260034204 
vt 0.3833666145801544 0.3869433104991913 
vt 0.3833666145801544 0.38584741950035095 
vt 0.3911586105823517 0.3869433104991913 
vt 0.3911586105823517 0.38584741950035095 
vt 0.3990723788738251 0.3869433104991913 
vt 0.3990723788738251 0.38584741950035095 
vt 0.40686437487602234 0.3869433104991913 
vt 0.40686437487602234 0.38584741950035095 
vt 0.4146563708782196 0.3869433104991913 
vt 0.4146563708782196 0.38584741950035095 
vt 0.42244836688041687 0.3869433104991913 
vt 0.42244836688041687 0.38584741950035095 
vt 0.43036210536956787 0.3869433104991913 
vt 0.43036210536956787 0.38584741950035095 
vt 0.4381541311740875 0.3869433104991913 
vt 0.4381541311740875 0.38584741950035095 
vt 0.4459461271762848 0.3869433104991913 
vt 0.4459461271762848 0.38584741950035095 
vt 0.45373812317848206 0.3869433104991913 
vt 0.45373812317848206 0.38584741950035095 
vt 0.4615301191806793 0.3869433104991913 
vt 0.4615301191806793 0.38584741950035095 
vt 0.4694438576698303 0.3869433104991913 
vt 0.4694438576698303 0.38584741950035095 
vt 0.47723588347435 0.3869433104991913 
vt 0.47723588347435 0.38584741950035095 
vt 0.48502787947654724 0.3869433104991913 
vt 0.48502787947654724 0.38584741950035095 
vt 0.4928198754787445 0.3869433104991913 
vt 0.4928198754787445 0.38584741950035095 
vt 0.5007336139678955 0.3869433104991913 
vt 0.5007336139678955 0.38584741950035095 
vt 0.5085256099700928 0.3869433104991913 
vt 0.5085256099700928 0.38584741950035095 
vt 0.51631760597229 0.3869433104991913 
vt 0.51631760597229 0.38584741950035095 
vt 0.5241096019744873 0.3869433104991913 
vt 0.5241096019744873 0.38584741950035095 
vt 0.5320233702659607 0.3869433104991913 
vt 0.5320233702659607 0.38584741950035095 
vt 0.539815366268158 0.3869433104991913 
vt 0.539815366268158 0.38584741950035095 
vt 0.5041426420211792 0.5939421057701111 
vt 0.34647637605667114 0.5939421057701111 
vt 0.5041426420211792 0.5852968692779541 
vt 0.34647637605667114 0.5852968692779541 
vt 0.5041426420211792 0.5766516327857971 
vt 0.34647637605667114 0.5766516327857971 
vt 0.5041426420211792 0.567884624004364 
vt 0.34647637605667114 0.567884624004364 
vt 0.5041426420211792 0.559239387512207 
vt 0.34647637605667114 0.559239387512207 
vt 0.5041426420211792 0.5504723787307739 
vt 0.34647637605667114 0.5504723787307739 
vt 0.5041426420211792 0.5418270826339722 
vt 0.34647637605667114 0.5418270826339722 
vt 0.5041426420211792 0.5330600738525391 
vt 0.34647637605667114 0.5330600738525391 
vt 0.5041426420211792 0.5244148373603821 
vt 0.34647637605667114 0.5244148373603821 
vt 0.5041426420211792 0.515647828578949 
vt 0.34647637605667114 0.515647828578949 
vt 0.5041426420211792 0.507002592086792 
vt 0.34647637605667114 0.507002592086792 
vt 0.34647637605667114 0.4975050091743469 
vt 0.34647637605667114 0.496409147977829 
vt 0.3542683720588684 0.4975050091743469 
vt 0.3542683720588684 0.496409147977829 
vt 0.3621821105480194 0.4975050091743469 
vt 0.3621821105480194 0.496409147977829 
vt 0.3699741065502167 0.4975050091743469 
vt 0.3699741065502167 0.496409147977829 
vt 0.37776613235473633 0.4975050091743469 
vt 0.37776613235473633 0.496409147977829 
vt 0.3855581283569336 0.4975050091743469 
vt 0.3855581283569336 0.496409147977829 
vt 0.3934718668460846 0.4975050091743469 
vt 0.3934718668460846 0.496409147977829 
vt 0.40126386284828186 0.4975050091743469 
vt 0.40126386284828186 0.496409147977829 
vt 0.4090558588504791 0.4975050091743469 
vt 0.4090558588504791 0.496409147977829 
vt 0.4168478846549988 0.4975050091743469 
vt 0.4168478846549988 0.496409147977829 
vt 0.4247616231441498 0.4975050091743469 
vt 0.4247616231441498 0.496409147977829 
vt 0.43255361914634705 0.4975050091743469 
vt 0.43255361914634705 0.496409147977829 
vt 0.4403456151485443 0.4975050091743469 
vt 0.4403456151485443 0.496409147977829 
vt 0.4481376111507416 0.4975050091743469 
vt 0.4481376111507416 0.496409147977829 
vt 0.45605137944221497 0.4975050091743469 
vt 0.45605137944221497 0.496409147977829 
vt 0.46384337544441223 0.4975050091743469 
vt 0.46384337544441223 0.496409147977829 
vt 0.4716353714466095 0.4975050091743469 
vt 0.4716353714466095 0.496409147977829 
vt 0.47942736744880676 0.4975050091743469 
vt 0.47942736744880676 0.496409147977829 
vt 0.48734110593795776 0.4975050091743469 
vt 0.48734110593795776 0.496409147977829 
vt 0.4951331317424774 0.4975050091743469 
vt 0.4951331317424774 0.496409147977829 
vt 0.5029250979423523 0.4975050091743469 
vt 0.5029250979423523 0.496409147977829 
vt 0.33929312229156494 0.8400271534919739 
vt 0.33929312229156494 0.8347913026809692 
vt 0.35597285628318787 0.8400271534919739 
vt 0.35597285628318787 0.8347913026809692 
vt 0.3727743625640869 0.8400271534919739 
vt 0.3727743625640869 0.8347913026809692 
vt 0.38957586884498596 0.8400271534919739 
vt 0.38957586884498596 0.8347913026809692 
vt 0.4062556326389313 0.8400271534919739 
vt 0.4062556326389313 0.8347913026809692 
vt 0.42305710911750793 0.8400271534919739 
vt 0.42305710911750793 0.8347913026809692 
vt 0.439858615398407 0.8400271534919739 
vt 0.439858615398407 0.8347913026809692 
vt 0.45666012167930603 0.8400271534919739 
vt 0.45666012167930603 0.8347913026809692 
vt 0.47333985567092896 0.8400271534919739 
vt 0.47333985567092896 0.8347913026809692 
vt 0.490141361951828 0.8400271534919739 
vt 0.490141361951828 0.8347913026809692 
vt 0.506942868232727 0.8400271534919739 
vt 0.506942868232727 0.8347913026809692 
vt 0.5236226320266724 0.8400271534919739 
vt 0.5236226320266724 0.8347913026809692 
vt 0.540424108505249 0.8400271534919739 
vt 0.540424108505249 0.8347913026809692 
vt 0.5572256445884705 0.8400271534919739 
vt 0.5572256445884705 0.8347913026809692 
vt 0.573905348777771 0.8400271534919739 
vt 0.573905348777771 0.8347913026809692 
vt 0.5907068848609924 0.8400271534919739 
vt 0.5907068848609924 0.8347913026809692 
vt 0.6075083613395691 0.8400271534919739 
vt 0.6075083613395691 0.8347913026809692 
vt 0.6243098974227905 0.8400271534919739 
vt 0.6243098974227905 0.8347913026809692 
vt 0.6409896016120911 0.8400271534919739 
vt 0.6409896016120911 0.8347913026809692 
vt 0.6577911376953125 0.8400271534919739 
vt 0.6577911376953125 0.8347913026809692 
vt 0.6745926141738892 0.8400271534919739 
vt 0.6745926141738892 0.8347913026809692 
vt 0.35597285628318787 0.8149437308311462 
vt 0.3727743625640869 0.8149437308311462 
vt 0.38957586884498596 0.8149437308311462 
vt 0.4062556326389313 0.8149437308311462 
vt 0.42305710911750793 0.8149437308311462 
vt 0.439858615398407 0.8149437308311462 
vt 0.45666012167930603 0.8149437308311462 
vt 0.47333985567092896 0.8149437308311462 
vt 0.490141361951828 0.8149437308311462 
vt 0.506942868232727 0.8149437308311462 
vt 0.5236226320266724 0.8149437308311462 
vt 0.540424108505249 0.8149437308311462 
vt 0.5572256445884705 0.8149437308311462 
vt 0.573905348777771 0.8149437308311462 
vt 0.5907068848609924 0.8149437308311462 
vt 0.6075083613395691 0.8149437308311462 
vt 0.6243098974227905 0.8149437308311462 
vt 0.6409896016120911 0.8149437308311462 
vt 0.6577911376953125 0.8149437308311462 
vt 0.6745926141738892 0.8149437308311462 
vt 0.35597285628318787 0.8098296523094177 
vt 0.3727743625640869 0.8098296523094177 
vt 0.38957586884498596 0.8098296523094177 
vt 0.4062556326389313 0.8098296523094177 
vt 0.42305710911750793 0.8098296523094177 
vt 0.439858615398407 0.8098296523094177 
vt 0.45666012167930603 0.8098296523094177 
vt 0.47333985567092896 0.8098296523094177 
vt 0.490141361951828 0.8098296523094177 
vt 0.506942868232727 0.8098296523094177 
vt 0.5236226320266724 0.8098296523094177 
vt 0.540424108505249 0.8098296523094177 
vt 0.5572256445884705 0.8098296523094177 
vt 0.573905348777771 0.8098296523094177 
vt 0.5907068848609924 0.8098296523094177 
vt 0.6075083613395691 0.8098296523094177 
vt 0.6243098974227905 0.8098296523094177 
vt 0.6409896016120911 0.8098296523094177 
vt 0.6577911376953125 0.8098296523094177 
vt 0.6745926141738892 0.8098296523094177 
vt 0.33929312229156494 0.8098296523094177 
vt 0.33929312229156494 0.8149437308311462 
vt 0.27659186720848083 0.4707169234752655 
vt 0.27659186720848083 0.4799709916114807 
vt 0.2663648724555969 0.4707169234752655 
vt 0.2663648724555969 0.4799709916114807 
vt 0.256137877702713 0.4707169234752655 
vt 0.256137877702713 0.4799709916114807 
vt 0.24603262543678284 0.4707169234752655 
vt 0.24603262543678284 0.4799709916114807 
vt 0.23580561578273773 0.4707169234752655 
vt 0.23580561578273773 0.4799709916114807 
vt 0.22557862102985382 0.4707169234752655 
vt 0.22557862102985382 0.4799709916114807 
vt 0.21547336876392365 0.4707169234752655 
vt 0.21547336876392365 0.4799709916114807 
vt 0.20524637401103973 0.4707169234752655 
vt 0.20524637401103973 0.4799709916114807 
vt 0.19514112174510956 0.4707169234752655 
vt 0.19514112174510956 0.4799709916114807 
vt 0.18491412699222565 0.4707169234752655 
vt 0.18491412699222565 0.4799709916114807 
vt 0.17468711733818054 0.4707169234752655 
vt 0.17468711733818054 0.4799709916114807 
vt 0.6745926141738892 0.8440453410148621 
vt 0.6745926141738892 0.8491594195365906 
vt 0.6577911376953125 0.8440453410148621 
vt 0.6577911376953125 0.8491594195365906 
vt 0.6409896016120911 0.8440453410148621 
vt 0.6409896016120911 0.8491594195365906 
vt 0.6243098974227905 0.8440453410148621 
vt 0.6243098974227905 0.8491594195365906 
vt 0.6075083613395691 0.8440453410148621 
vt 0.6075083613395691 0.8491594195365906 
vt 0.5907068848609924 0.8440453410148621 
vt 0.5907068848609924 0.8491594195365906 
vt 0.573905348777771 0.8440453410148621 
vt 0.573905348777771 0.8491594195365906 
vt 0.5572256445884705 0.8440453410148621 
vt 0.5572256445884705 0.8491594195365906 
vt 0.540424108505249 0.8440453410148621 
vt 0.540424108505249 0.8491594195365906 
vt 0.5236226320266724 0.8440453410148621 
vt 0.5236226320266724 0.8491594195365906 
vt 0.506942868232727 0.8440453410148621 
vt 0.506942868232727 0.8491594195365906 
vt 0.490141361951828 0.8440453410148621 
vt 0.490141361951828 0.8491594195365906 
vt 0.47333985567092896 0.8440453410148621 
vt 0.47333985567092896 0.8491594195365906 
vt 0.45666012167930603 0.8440453410148621 
vt 0.45666012167930603 0.8491594195365906 
vt 0.439858615398407 0.8440453410148621 
vt 0.439858615398407 0.8491594195365906 
vt 0.42305710911750793 0.8440453410148621 
vt 0.42305710911750793 0.8491594195365906 
vt 0.4062556326389313 0.8440453410148621 
vt 0.4062556326389313 0.8491594195365906 
vt 0.38957586884498596 0.8440453410148621 
vt 0.38957586884498596 0.8491594195365906 
vt 0.3727743625640869 0.8440453410148621 
vt 0.3727743625640869 0.8491594195365906 
vt 0.35597285628318787 0.8440453410148621 
vt 0.35597285628318787 0.8491594195365906 
vt 0.33929312229156494 0.8440453410148621 
vt 0.33929312229156494 0.8491594195365906 
vt 0.6577911376953125 0.8690069913864136 
vt 0.6409896016120911 0.8690069913864136 
vt 0.6243098974227905 0.8690069913864136 
vt 0.6075083613395691 0.8690069913864136 
vt 0.5907068848609924 0.8690069913864136 
vt 0.573905348777771 0.8690069913864136 
vt 0.5572256445884705 0.8690069913864136 
vt 0.540424108505249 0.8690069913864136 
vt 0.5236226320266724 0.8690069913864136 
vt 0.506942868232727 0.8690069913864136 
vt 0.490141361951828 0.8690069913864136 
vt 0.47333985567092896 0.8690069913864136 
vt 0.45666012167930603 0.8690069913864136 
vt 0.439858615398407 0.8690069913864136 
vt 0.42305710911750793 0.8690069913864136 
vt 0.4062556326389313 0.8690069913864136 
vt 0.38957586884498596 0.8690069913864136 
vt 0.3727743625640869 0.8690069913864136 
vt 0.35597285628318787 0.8690069913864136 
vt 0.33929312229156494 0.8690069913864136 
vt 0.6577911376953125 0.8742428421974182 
vt 0.6409896016120911 0.8742428421974182 
vt 0.6243098974227905 0.8742428421974182 
vt 0.6075083613395691 0.8742428421974182 
vt 0.5907068848609924 0.8742428421974182 
vt 0.573905348777771 0.8742428421974182 
vt 0.5572256445884705 0.8742428421974182 
vt 0.540424108505249 0.8742428421974182 
vt 0.5236226320266724 0.8742428421974182 
vt 0.506942868232727 0.8742428421974182 
vt 0.490141361951828 0.8742428421974182 
vt 0.47333985567092896 0.8742428421974182 
vt 0.45666012167930603 0.8742428421974182 
vt 0.439858615398407 0.8742428421974182 
vt 0.42305710911750793 0.8742428421974182 
vt 0.4062556326389313 0.8742428421974182 
vt 0.38957586884498596 0.8742428421974182 
vt 0.3727743625640869 0.8742428421974182 
vt 0.35597285628318787 0.8742428421974182 
vt 0.33929312229156494 0.8742428421974182 
vt 0.6745926141738892 0.8742428421974182 
vt 0.6745926141738892 0.8690069913864136 
vt 0.09128837287425995 0.0013167100260034204 
vt 0.26599961519241333 0.0013167100260034204 
vt 0.09128837287425995 0.018363669514656067 
vt 0.26599961519241333 0.018363669514656067 
vt 0.09128837287425995 0.0355323925614357 
vt 0.26599961519241333 0.0355323925614357 
vt 0.09128837287425995 0.052579354494810104 
vt 0.26599961519241333 0.052579354494810104 
vt 0.09128837287425995 0.06962631642818451 
vt 0.26599961519241333 0.06962631642818451 
vt 0.09128837287425995 0.08667327463626862 
vt 0.26599961519241333 0.08667327463626862 
vt 0.09128837287425995 0.10384199768304825 
vt 0.26599961519241333 0.10384199768304825 
vt 0.09128837287425995 0.12088895589113235 
vt 0.26599961519241333 0.12088895589113235 
vt 0.09128837287425995 0.13793592154979706 
vt 0.26599961519241333 0.13793592154979706 
vt 0.09128837287425995 0.15498287975788116 
vt 0.26599961519241333 0.15498287975788116 
vt 0.09128837287425995 0.1721515953540802 
vt 0.26599961519241333 0.1721515953540802 
vt 0.8687838912010193 0.20673257112503052 
vt 0.8687838912010193 0.21610841155052185 
vt 0.7842893600463867 0.20673257112503052 
vt 0.7842893600463867 0.21610841155052185 
vt 0.8687838912010193 0.225484237074852 
vt 0.7842893600463867 0.225484237074852 
vt 0.8687838912010193 0.23498181998729706 
vt 0.7842893600463867 0.23498181998729706 
vt 0.8687838912010193 0.2443576604127884 
vt 0.7842893600463867 0.2443576604127884 
vt 0.8687838912010193 0.25373348593711853 
vt 0.7842893600463867 0.25373348593711853 
vt 0.8687838912010193 0.2631092965602875 
vt 0.7842893600463867 0.2631092965602875 
vt 0.8687838912010193 0.2724851369857788 
vt 0.7842893600463867 0.2724851369857788 
vt 0.8687838912010193 0.28186097741127014 
vt 0.7842893600463867 0.28186097741127014 
vt 0.8687838912010193 0.2913585603237152 
vt 0.7842893600463867 0.2913585603237152 
vt 0.8687838912010193 0.30073440074920654 
vt 0.7842893600463867 0.30073440074920654 
vt 0.8687838912010193 0.3101102113723755 
vt 0.7842893600463867 0.3101102113723755 
vt 0.8687838912010193 0.3194860517978668 
vt 0.7842893600463867 0.3194860517978668 
vt 0.8687838912010193 0.32886186242103577 
vt 0.7842893600463867 0.32886186242103577 
vt 0.8687838912010193 0.3382377028465271 
vt 0.7842893600463867 0.3382377028465271 
vt 0.8687838912010193 0.34773528575897217 
vt 0.7842893600463867 0.34773528575897217 
vt 0.8687838912010193 0.3571111261844635 
vt 0.7842893600463867 0.3571111261844635 
vt 0.8687838912010193 0.36648693680763245 
vt 0.7842893600463867 0.36648693680763245 
vt 0.8687838912010193 0.3758627772331238 
vt 0.7842893600463867 0.3758627772331238 
vt 0.539815366268158 0.3910832703113556 
vt 0.539815366268158 0.3921791613101959 
vt 0.5320233702659607 0.3910832703113556 
vt 0.5320233702659607 0.3921791613101959 
vt 0.5241096019744873 0.3910832703113556 
vt 0.5241096019744873 0.3921791613101959 
vt 0.51631760597229 0.3910832703113556 
vt 0.51631760597229 0.3921791613101959 
vt 0.5085256099700928 0.3910832703113556 
vt 0.5085256099700928 0.3921791613101959 
vt 0.5007336139678955 0.3910832703113556 
vt 0.5007336139678955 0.3921791613101959 
vt 0.4928198754787445 0.3910832703113556 
vt 0.4928198754787445 0.3921791613101959 
vt 0.48502787947654724 0.3910832703113556 
vt 0.48502787947654724 0.3921791613101959 
vt 0.47723588347435 0.3910832703113556 
vt 0.47723588347435 0.3921791613101959 
vt 0.4694438576698303 0.3910832703113556 
vt 0.4694438576698303 0.3921791613101959 
vt 0.4615301191806793 0.3910832703113556 
vt 0.4615301191806793 0.3921791613101959 
vt 0.45373812317848206 0.3910832703113556 
vt 0.45373812317848206 0.3921791613101959 
vt 0.4459461271762848 0.3910832703113556 
vt 0.4459461271762848 0.3921791613101959 
vt 0.4381541311740875 0.3910832703113556 
vt 0.4381541311740875 0.3921791613101959 
vt 0.43024036288261414 0.3910832703113556 
vt 0.43024036288261414 0.3921791613101959 
vt 0.42244836688041687 0.3910832703113556 
vt 0.42244836688041687 0.3921791613101959 
vt 0.4146563708782196 0.3910832703113556 
vt 0.4146563708782196 0.3921791613101959 
vt 0.40686437487602234 0.3910832703113556 
vt 0.40686437487602234 0.3921791613101959 
vt 0.3990723788738251 0.3910832703113556 
vt 0.3990723788738251 0.3921791613101959 
vt 0.3911586105823517 0.3910832703113556 
vt 0.3911586105823517 0.3921791613101959 
vt 0.3833666145801544 0.3910832703113556 
vt 0.3833666145801544 0.3921791613101959 
vt 0.5423721075057983 0.3921791613101959 
vt 0.5423721075057983 0.3910832703113556 
vt 0.5502858757972717 0.3921791613101959 
vt 0.5502858757972717 0.3910832703113556 
vt 0.558077871799469 0.3921791613101959 
vt 0.558077871799469 0.3910832703113556 
vt 0.5658698678016663 0.3921791613101959 
vt 0.5658698678016663 0.3910832703113556 
vt 0.5736618638038635 0.3921791613101959 
vt 0.5736618638038635 0.3910832703113556 
vt 0.5815756320953369 0.3921791613101959 
vt 0.5815756320953369 0.3910832703113556 
vt 0.5893676280975342 0.3921791613101959 
vt 0.5893676280975342 0.3910832703113556 
vt 0.5971596240997314 0.3921791613101959 
vt 0.5971596240997314 0.3910832703113556 
vt 0.6049516201019287 0.3921791613101959 
vt 0.6049516201019287 0.3910832703113556 
vt 0.6128653883934021 0.3921791613101959 
vt 0.6128653883934021 0.3910832703113556 
vt 0.6206573843955994 0.3921791613101959 
vt 0.6206573843955994 0.3910832703113556 
vt 0.6284493803977966 0.3921791613101959 
vt 0.6284493803977966 0.3910832703113556 
vt 0.6362413763999939 0.3921791613101959 
vt 0.6362413763999939 0.3910832703113556 
vt 0.6441551446914673 0.3921791613101959 
vt 0.6441551446914673 0.3910832703113556 
vt 0.6519471406936646 0.3921791613101959 
vt 0.6519471406936646 0.3910832703113556 
vt 0.6597391366958618 0.3921791613101959 
vt 0.6597391366958618 0.3910832703113556 
vt 0.6675311326980591 0.3921791613101959 
vt 0.6675311326980591 0.3910832703113556 
vt 0.6753231287002563 0.3921791613101959 
vt 0.6753231287002563 0.3910832703113556 
vt 0.6832368969917297 0.3921791613101959 
vt 0.6832368969917297 0.3910832703113556 
vt 0.691028892993927 0.3921791613101959 
vt 0.691028892993927 0.3910832703113556 
vt 0.6988208889961243 0.3921791613101959 
vt 0.6988208889961243 0.3910832703113556 
vt 0.5532078742980957 0.39631912112236023 
vt 0.5625826120376587 0.39631912112236023 
vt 0.5532078742980957 0.4809451103210449 
vt 0.5625826120376587 0.4809451103210449 
vt 0.5719573497772217 0.39631912112236023 
vt 0.5719573497772217 0.4809451103210449 
vt 0.5813321471214294 0.39631912112236023 
vt 0.5813321471214294 0.4809451103210449 
vt 0.5907068848609924 0.39631912112236023 
vt 0.5907068848609924 0.4809451103210449 
vt 0.6002033948898315 0.39631912112236023 
vt 0.6002033948898315 0.4809451103210449 
vt 0.6095781326293945 0.39631912112236023 
vt 0.6095781326293945 0.4809451103210449 
vt 0.6189528703689575 0.39631912112236023 
vt 0.6189528703689575 0.4809451103210449 
vt 0.6283276081085205 0.39631912112236023 
vt 0.6283276081085205 0.4809451103210449 
vt 0.6377023458480835 0.39631912112236023 
vt 0.6377023458480835 0.4809451103210449 
vt 0.6471988558769226 0.39631912112236023 
vt 0.6471988558769226 0.4809451103210449 
vt 0.6565735936164856 0.39631912112236023 
vt 0.6565735936164856 0.4809451103210449 
vt 0.6659483909606934 0.39631912112236023 
vt 0.6659483909606934 0.4809451103210449 
vt 0.6753231287002563 0.39631912112236023 
vt 0.6753231287002563 0.4809451103210449 
vt 0.6846978664398193 0.39631912112236023 
vt 0.6846978664398193 0.4809451103210449 
vt 0.6940726041793823 0.39631912112236023 
vt 0.6940726041793823 0.4809451103210449 
vt 0.7035691142082214 0.39631912112236023 
vt 0.7035691142082214 0.4809451103210449 
vt 0.7129438519477844 0.39631912112236023 
vt 0.7129438519477844 0.4809451103210449 
vt 0.7223186492919922 0.39631912112236023 
vt 0.7223186492919922 0.4809451103210449 
vt 0.8119266033172607 0.3806115686893463 
vt 0.8119266033172607 0.5381742119789124 
vt 0.8032823801040649 0.3806115686893463 
vt 0.8032823801040649 0.5381742119789124 
vt 0.7946380972862244 0.3806115686893463 
vt 0.7946380972862244 0.5381742119789124 
vt 0.7858721017837524 0.3806115686893463 
vt 0.7858721017837524 0.5381742119789124 
vt 0.7772278785705566 0.3806115686893463 
vt 0.7772278785705566 0.5381742119789124 
vt 0.7684618830680847 0.3806115686893463 
vt 0.7684618830680847 0.5381742119789124 
vt 0.7598176002502441 0.3806115686893463 
vt 0.7598176002502441 0.5381742119789124 
vt 0.7510516047477722 0.3806115686893463 
vt 0.7510516047477722 0.5381742119789124 
vt 0.7424073815345764 0.3806115686893463 
vt 0.7424073815345764 0.5381742119789124 
vt 0.7336413860321045 0.3806115686893463 
vt 0.7336413860321045 0.5381742119789124 
vt 0.7249971032142639 0.3806115686893463 
vt 0.7249971032142639 0.5381742119789124 
vt 0.43145787715911865 0.17519570887088776 
vt 0.555155873298645 0.17519570887088776 
vt 0.43145787715911865 0.1855456382036209 
vt 0.555155873298645 0.1855456382036209 
vt 0.43145787715911865 0.19589558243751526 
vt 0.555155873298645 0.19589558243751526 
vt 0.43145787715911865 0.2062455266714096 
vt 0.555155873298645 0.2062455266714096 
vt 0.43145787715911865 0.21659545600414276 
vt 0.555155873298645 0.21659545600414276 
vt 0.43145787715911865 0.22706717252731323 
vt 0.555155873298645 0.22706717252731323 
vt 0.43145787715911865 0.2374171018600464 
vt 0.555155873298645 0.2374171018600464 
vt 0.43145787715911865 0.24776704609394073 
vt 0.555155873298645 0.24776704609394073 
vt 0.43145787715911865 0.2581169903278351 
vt 0.555155873298645 0.2581169903278351 
vt 0.43145787715911865 0.26846691966056824 
vt 0.555155873298645 0.26846691966056824 
vt 0.43145787715911865 0.2789386212825775 
vt 0.555155873298645 0.2789386212825775 
vt 0.17468711733818054 0.49117326736450195 
vt 0.18418362736701965 0.49117326736450195 
vt 0.17468711733818054 0.5756775140762329 
vt 0.18418362736701965 0.5756775140762329 
vt 0.19355836510658264 0.49117326736450195 
vt 0.19355836510658264 0.5756775140762329 
vt 0.20293311774730682 0.49117326736450195 
vt 0.20293311774730682 0.5756775140762329 
vt 0.212307870388031 0.49117326736450195 
vt 0.212307870388031 0.5756775140762329 
vt 0.2216826230287552 0.49117326736450195 
vt 0.2216826230287552 0.5756775140762329 
vt 0.23105737566947937 0.49117326736450195 
vt 0.23105737566947937 0.5756775140762329 
vt 0.2405538707971573 0.49117326736450195 
vt 0.2405538707971573 0.5756775140762329 
vt 0.24992862343788147 0.49117326736450195 
vt 0.24992862343788147 0.5756775140762329 
vt 0.25930336117744446 0.49117326736450195 
vt 0.25930336117744446 0.5756775140762329 
vt 0.26867812871932983 0.49117326736450195 
vt 0.26867812871932983 0.5756775140762329 
vt 0.2780528664588928 0.49117326736450195 
vt 0.2780528664588928 0.5756775140762329 
vt 0.28754937648773193 0.49117326736450195 
vt 0.28754937648773193 0.5756775140762329 
vt 0.2969241142272949 0.49117326736450195 
vt 0.2969241142272949 0.5756775140762329 
vt 0.3062988817691803 0.49117326736450195 
vt 0.3062988817691803 0.5756775140762329 
vt 0.3156736195087433 0.49117326736450195 
vt 0.3156736195087433 0.5756775140762329 
vt 0.3250483572483063 0.49117326736450195 
vt 0.3250483572483063 0.5756775140762329 
vt 0.33442312479019165 0.49117326736450195 
vt 0.33442312479019165 0.5756775140762329 
vt 0.34391963481903076 0.49117326736450195 
vt 0.34391963481903076 0.5756775140762329 
vt 0.5668438673019409 0.17616981267929077 
vt 0.5668438673019409 0.17519570887088776 
vt 0.5746358633041382 0.17616981267929077 
vt 0.5746358633041382 0.17519570887088776 
vt 0.5824278593063354 0.17616981267929077 
vt 0.5824278593063354 0.17519570887088776 
vt 0.5903416275978088 0.17616981267929077 
vt 0.5903416275978088 0.17519570887088776 
vt 0.5981336236000061 0.17616981267929077 
vt 0.5981336236000061 0.17519570887088776 
vt 0.6059256196022034 0.17616981267929077 
vt 0.6059256196022034 0.17519570887088776 
vt 0.6137176156044006 0.17616981267929077 
vt 0.6137176156044006 0.17519570887088776 
vt 0.621631383895874 0.17616981267929077 
vt 0.621631383895874 0.17519570887088776 
vt 0.6294233798980713 0.17616981267929077 
vt 0.6294233798980713 0.17519570887088776 
vt 0.6372153759002686 0.17616981267929077 
vt 0.6372153759002686 0.17519570887088776 
vt 0.6450073719024658 0.17616981267929077 
vt 0.6450073719024658 0.17519570887088776 
vt 0.6529211401939392 0.17616981267929077 
vt 0.6529211401939392 0.17519570887088776 
vt 0.6607131361961365 0.17616981267929077 
vt 0.6607131361961365 0.17519570887088776 
vt 0.6685051321983337 0.17616981267929077 
vt 0.6685051321983337 0.17519570887088776 
vt 0.676297128200531 0.17616981267929077 
vt 0.676297128200531 0.17519570887088776 
vt 0.6842108964920044 0.17616981267929077 
vt 0.6842108964920044 0.17519570887088776 
vt 0.6920028924942017 0.17616981267929077 
vt 0.6920028924942017 0.17519570887088776 
vt 0.6997948884963989 0.17616981267929077 
vt 0.6997948884963989 0.17519570887088776 
vt 0.7075868844985962 0.17616981267929077 
vt 0.7075868844985962 0.17519570887088776 
vt 0.7153788805007935 0.17616981267929077 
vt 0.7153788805007935 0.17519570887088776 
vt 0.7232926487922668 0.17616981267929077 
vt 0.7232926487922668 0.17519570887088776 
vt 0.5641653537750244 0.17519570887088776 
vt 0.5641653537750244 0.1855456382036209 
vt 0.555155873298645 0.17519570887088776 
vt 0.555155873298645 0.1855456382036209 
vt 0.5641653537750244 0.19589558243751526 
vt 0.555155873298645 0.19589558243751526 
vt 0.5641653537750244 0.2062455266714096 
vt 0.555155873298645 0.2062455266714096 
vt 0.5641653537750244 0.21659545600414276 
vt 0.555155873298645 0.21659545600414276 
vt 0.5641653537750244 0.22706717252731323 
vt 0.555155873298645 0.22706717252731323 
vt 0.5641653537750244 0.2374171018600464 
vt 0.555155873298645 0.2374171018600464 
vt 0.5641653537750244 0.24776704609394073 
vt 0.555155873298645 0.24776704609394073 
vt 0.5641653537750244 0.2581169903278351 
vt 0.555155873298645 0.2581169903278351 
vt 0.5641653537750244 0.26846691966056824 
vt 0.555155873298645 0.26846691966056824 
vt 0.5641653537750244 0.2789386212825775 
vt 0.555155873298645 0.2789386212825775 
vt 0.7223186492919922 0.4809451103210449 
vt 0.7223186492919922 0.4809451103210449 
vt 0.7129438519477844 0.4809451103210449 
vt 0.7129438519477844 0.4809451103210449 
vt 0.7035691142082214 0.4809451103210449 
vt 0.7035691142082214 0.4809451103210449 
vt 0.6940726041793823 0.4809451103210449 
vt 0.6940726041793823 0.4809451103210449 
vt 0.6846978664398193 0.4809451103210449 
vt 0.6846978664398193 0.4809451103210449 
vt 0.6753231287002563 0.4809451103210449 
vt 0.6753231287002563 0.4809451103210449 
vt 0.6659483909606934 0.4809451103210449 
vt 0.6659483909606934 0.4809451103210449 
vt 0.6565735936164856 0.4809451103210449 
vt 0.6565735936164856 0.4809451103210449 
vt 0.6471988558769226 0.4809451103210449 
vt 0.6471988558769226 0.4809451103210449 
vt 0.6377023458480835 0.4809451103210449 
vt 0.6377023458480835 0.4809451103210449 
vt 0.6283276081085205 0.4809451103210449 
vt 0.6283276081085205 0.4809451103210449 
vt 0.6189528703689575 0.4809451103210449 
vt 0.6189528703689575 0.4809451103210449 
vt 0.6095781326293945 0.4809451103210449 
vt 0.6095781326293945 0.4809451103210449 
vt 0.6002033948898315 0.4809451103210449 
vt 0.6002033948898315 0.4809451103210449 
vt 0.5907068848609924 0.4809451103210449 
vt 0.5907068848609924 0.4809451103210449 
vt 0.5813321471214294 0.4809451103210449 
vt 0.5813321471214294 0.4809451103210449 
vt 0.5719573497772217 0.4809451103210449 
vt 0.5719573497772217 0.4809451103210449 
vt 0.5625826120376587 0.4809451103210449 
vt 0.5625826120376587 0.4809451103210449 
vt 0.5532078742980957 0.4809451103210449 
vt 0.5532078742980957 0.4809451103210449 
vt 0.8687838912010193 0.20673257112503052 
vt 0.8687838912010193 0.20673257112503052 
vt 0.8687838912010193 0.21610841155052185 
vt 0.8687838912010193 0.21610841155052185 
vt 0.8687838912010193 0.225484237074852 
vt 0.8687838912010193 0.225484237074852 
vt 0.8687838912010193 0.23498181998729706 
vt 0.8687838912010193 0.23498181998729706 
vt 0.8687838912010193 0.2443576604127884 
vt 0.8687838912010193 0.2443576604127884 
vt 0.8687838912010193 0.25373348593711853 
vt 0.8687838912010193 0.25373348593711853 
vt 0.8687838912010193 0.2631092965602875 
vt 0.8687838912010193 0.2631092965602875 
vt 0.8687838912010193 0.2724851369857788 
vt 0.8687838912010193 0.2724851369857788 
vt 0.8687838912010193 0.28186097741127014 
vt 0.8687838912010193 0.28186097741127014 
vt 0.8687838912010193 0.2913585603237152 
vt 0.8687838912010193 0.2913585603237152 
vt 0.8687838912010193 0.30073440074920654 
vt 0.8687838912010193 0.30073440074920654 
vt 0.8687838912010193 0.3101102113723755 
vt 0.8687838912010193 0.3101102113723755 
vt 0.8687838912010193 0.3194860517978668 
vt 0.8687838912010193 0.3194860517978668 
vt 0.8687838912010193 0.32886186242103577 
vt 0.8687838912010193 0.32886186242103577 
vt 0.8687838912010193 0.3382377028465271 
vt 0.8687838912010193 0.3382377028465271 
vt 0.8687838912010193 0.34773528575897217 
vt 0.8687838912010193 0.34773528575897217 
vt 0.8687838912010193 0.3571111261844635 
vt 0.8687838912010193 0.3571111261844635 
vt 0.8687838912010193 0.36648693680763245 
vt 0.8687838912010193 0.36648693680763245 
vt 0.8687838912010193 0.3758627772331238 
vt 0.8687838912010193 0.3758627772331238 
vt 0.8598961234092712 0.7158278822898865 
vt 0.8547826409339905 0.7158278822898865 
vt 0.8598961234092712 0.6991462111473083 
vt 0.8547826409339905 0.6991462111473083 
vt 0.8598961234092712 0.6823427677154541 
vt 0.8547826409339905 0.6823427677154541 
vt 0.8598961234092712 0.6655393242835999 
vt 0.8547826409339905 0.6655393242835999 
vt 0.8598961234092712 0.6487358808517456 
vt 0.8547826409339905 0.6487358808517456 
vt 0.8598961234092712 0.6320542097091675 
vt 0.8547826409339905 0.6320542097091675 
vt 0.8598961234092712 0.615250825881958 
vt 0.8547826409339905 0.615250825881958 
vt 0.8598961234092712 0.5984473824501038 
vt 0.8547826409339905 0.5984473824501038 
vt 0.8598961234092712 0.5817657113075256 
vt 0.8547826409339905 0.5817657113075256 
vt 0.8598961234092712 0.5649622678756714 
vt 0.8547826409339905 0.5649622678756714 
vt 0.8598961234092712 0.5481588244438171 
vt 0.8547826409339905 0.5481588244438171 
vt 0.8598961234092712 0.531477153301239 
vt 0.8547826409339905 0.531477153301239 
vt 0.8598961234092712 0.5146737098693848 
vt 0.8547826409339905 0.5146737098693848 
vt 0.8598961234092712 0.4978702962398529 
vt 0.8547826409339905 0.4978702962398529 
vt 0.8598961234092712 0.4811886250972748 
vt 0.8547826409339905 0.4811886250972748 
vt 0.8598961234092712 0.4643852114677429 
vt 0.8547826409339905 0.4643852114677429 
vt 0.8598961234092712 0.44758176803588867 
vt 0.8547826409339905 0.44758176803588867 
vt 0.8598961234092712 0.43090009689331055 
vt 0.8547826409339905 0.43090009689331055 
vt 0.8598961234092712 0.4140966832637787 
vt 0.8547826409339905 0.4140966832637787 
vt 0.8598961234092712 0.39729323983192444 
vt 0.8547826409339905 0.39729323983192444 
vt 0.8598961234092712 0.3806115686893463 
vt 0.8547826409339905 0.3806115686893463 
vt 0.8349373936653137 0.6991462111473083 
vt 0.8349373936653137 0.6823427677154541 
vt 0.8349373936653137 0.6655393242835999 
vt 0.8349373936653137 0.6487358808517456 
vt 0.8349373936653137 0.6320542097091675 
vt 0.8349373936653137 0.615250825881958 
vt 0.8349373936653137 0.5984473824501038 
vt 0.8349373936653137 0.5817657113075256 
vt 0.8349373936653137 0.5649622678756714 
vt 0.8349373936653137 0.5481588244438171 
vt 0.8349373936653137 0.531477153301239 
vt 0.8349373936653137 0.5146737098693848 
vt 0.8349373936653137 0.4978702962398529 
vt 0.8349373936653137 0.4811886250972748 
vt 0.8349373936653137 0.4643852114677429 
vt 0.8349373936653137 0.44758176803588867 
vt 0.8349373936653137 0.43090009689331055 
vt 0.8349373936653137 0.4140966832637787 
vt 0.8349373936653137 0.39729323983192444 
vt 0.8349373936653137 0.3806115686893463 
vt 0.8298238515853882 0.6991462111473083 
vt 0.8298238515853882 0.6823427677154541 
vt 0.8298238515853882 0.6655393242835999 
vt 0.8298238515853882 0.6487358808517456 
vt 0.8298238515853882 0.6320542097091675 
vt 0.8298238515853882 0.615250825881958 
vt 0.8298238515853882 0.5984473824501038 
vt 0.8298238515853882 0.5817657113075256 
vt 0.8298238515853882 0.5649622678756714 
vt 0.8298238515853882 0.5481588244438171 
vt 0.8298238515853882 0.531477153301239 
vt 0.8298238515853882 0.5146737098693848 
vt 0.8298238515853882 0.4978702962398529 
vt 0.8298238515853882 0.4811886250972748 
vt 0.8298238515853882 0.4643852114677429 
vt 0.8298238515853882 0.44758176803588867 
vt 0.8298238515853882 0.43090009689331055 
vt 0.8298238515853882 0.4140966832637787 
vt 0.8298238515853882 0.39729323983192444 
vt 0.8298238515853882 0.3806115686893463 
vt 0.8298238515853882 0.7158278822898865 
vt 0.8349373936653137 0.7158278822898865 
vt 0.34391963481903076 0.5756775140762329 
vt 0.34391963481903076 0.5756775140762329 
vt 0.33442312479019165 0.5756775140762329 
vt 0.33442312479019165 0.5756775140762329 
vt 0.3250483572483063 0.5756775140762329 
vt 0.3250483572483063 0.5756775140762329 
vt 0.3156736195087433 0.5756775140762329 
vt 0.3156736195087433 0.5756775140762329 
vt 0.3062988817691803 0.5756775140762329 
vt 0.3062988817691803 0.5756775140762329 
vt 0.2969241142272949 0.5756775140762329 
vt 0.2969241142272949 0.5756775140762329 
vt 0.28754937648773193 0.5756775140762329 
vt 0.28754937648773193 0.5756775140762329 
vt 0.2780528664588928 0.5756775140762329 
vt 0.2780528664588928 0.5756775140762329 
vt 0.26867812871932983 0.5756775140762329 
vt 0.26867812871932983 0.5756775140762329 
vt 0.25930336117744446 0.5756775140762329 
vt 0.25930336117744446 0.5756775140762329 
vt 0.24992862343788147 0.5756775140762329 
vt 0.24992862343788147 0.5756775140762329 
vt 0.2405538707971573 0.5756775140762329 
vt 0.2405538707971573 0.5756775140762329 
vt 0.23105737566947937 0.5756775140762329 
vt 0.23105737566947937 0.5756775140762329 
vt 0.2216826230287552 0.5756775140762329 
vt 0.2216826230287552 0.5756775140762329 
vt 0.212307870388031 0.5756775140762329 
vt 0.212307870388031 0.5756775140762329 
vt 0.20293311774730682 0.5756775140762329 
vt 0.20293311774730682 0.5756775140762329 
vt 0.19355836510658264 0.5756775140762329 
vt 0.19355836510658264 0.5756775140762329 
vt 0.18418362736701965 0.5756775140762329 
vt 0.18418362736701965 0.5756775140762329 
vt 0.17468711733818054 0.5756775140762329 
vt 0.17468711733818054 0.5756775140762329 
vt 0.8146051168441772 0.3806115686893463 
vt 0.815700888633728 0.3806115686893463 
vt 0.8146051168441772 0.3884044587612152 
vt 0.815700888633728 0.3884044587612152 
vt 0.8146051168441772 0.3961973488330841 
vt 0.815700888633728 0.3961973488330841 
vt 0.8146051168441772 0.4039902687072754 
vt 0.815700888633728 0.4039902687072754 
vt 0.8146051168441772 0.4117831587791443 
vt 0.815700888633728 0.4117831587791443 
vt 0.8146051168441772 0.4196978211402893 
vt 0.815700888633728 0.4196978211402893 
vt 0.8146051168441772 0.4274907112121582 
vt 0.815700888633728 0.4274907112121582 
vt 0.8146051168441772 0.4352836012840271 
vt 0.815700888633728 0.4352836012840271 
vt 0.8146051168441772 0.443076491355896 
vt 0.815700888633728 0.443076491355896 
vt 0.8146051168441772 0.450991153717041 
vt 0.815700888633728 0.450991153717041 
vt 0.8146051168441772 0.4587840437889099 
vt 0.815700888633728 0.4587840437889099 
vt 0.8146051168441772 0.4665769636631012 
vt 0.815700888633728 0.4665769636631012 
vt 0.8146051168441772 0.4743698537349701 
vt 0.815700888633728 0.4743698537349701 
vt 0.8146051168441772 0.482162743806839 
vt 0.815700888633728 0.482162743806839 
vt 0.8146051168441772 0.490077406167984 
vt 0.815700888633728 0.490077406167984 
vt 0.8146051168441772 0.4978702962398529 
vt 0.815700888633728 0.4978702962398529 
vt 0.8146051168441772 0.5056632161140442 
vt 0.815700888633728 0.5056632161140442 
vt 0.8146051168441772 0.5134561061859131 
vt 0.815700888633728 0.5134561061859131 
vt 0.8146051168441772 0.5213707685470581 
vt 0.815700888633728 0.5213707685470581 
vt 0.8146051168441772 0.529163658618927 
vt 0.815700888633728 0.529163658618927 
vt 0.8146051168441772 0.5369565486907959 
vt 0.815700888633728 0.5369565486907959 
vt 0.48015788197517395 0.8056896924972534 
vt 0.48015788197517395 0.8005756139755249 
vt 0.4968376159667969 0.8056896924972534 
vt 0.4968376159667969 0.8005756139755249 
vt 0.5136390924453735 0.8056896924972534 
vt 0.5136390924453735 0.8005756139755249 
vt 0.530440628528595 0.8056896924972534 
vt 0.530440628528595 0.8005756139755249 
vt 0.5472421050071716 0.8056896924972534 
vt 0.5472421050071716 0.8005756139755249 
vt 0.5639218688011169 0.8056896924972534 
vt 0.5639218688011169 0.8005756139755249 
vt 0.5807233452796936 0.8056896924972534 
vt 0.5807233452796936 0.8005756139755249 
vt 0.597524881362915 0.8056896924972534 
vt 0.597524881362915 0.8005756139755249 
vt 0.6142046451568604 0.8056896924972534 
vt 0.6142046451568604 0.8005756139755249 
vt 0.631006121635437 0.8056896924972534 
vt 0.631006121635437 0.8005756139755249 
vt 0.6478075981140137 0.8056896924972534 
vt 0.6478075981140137 0.8005756139755249 
vt 0.664487361907959 0.8056896924972534 
vt 0.664487361907959 0.8005756139755249 
vt 0.6812888979911804 0.8056896924972534 
vt 0.6812888979911804 0.8005756139755249 
vt 0.6980903744697571 0.8056896924972534 
vt 0.6980903744697571 0.8005756139755249 
vt 0.7147701382637024 0.8056896924972534 
vt 0.7147701382637024 0.8005756139755249 
vt 0.731571614742279 0.8056896924972534 
vt 0.731571614742279 0.8005756139755249 
vt 0.7483730912208557 0.8056896924972534 
vt 0.7483730912208557 0.8005756139755249 
vt 0.7651746273040771 0.8056896924972534 
vt 0.7651746273040771 0.8005756139755249 
vt 0.7818543910980225 0.8056896924972534 
vt 0.7818543910980225 0.8005756139755249 
vt 0.7986558675765991 0.8056896924972534 
vt 0.7986558675765991 0.8005756139755249 
vt 0.8154573440551758 0.8056896924972534 
vt 0.8154573440551758 0.8005756139755249 
vt 0.4968376159667969 0.7807281017303467 
vt 0.5136390924453735 0.7807281017303467 
vt 0.530440628528595 0.7807281017303467 
vt 0.5472421050071716 0.7807281017303467 
vt 0.5639218688011169 0.7807281017303467 
vt 0.5807233452796936 0.7807281017303467 
vt 0.597524881362915 0.7807281017303467 
vt 0.6142046451568604 0.7807281017303467 
vt 0.631006121635437 0.7807281017303467 
vt 0.6478075981140137 0.7807281017303467 
vt 0.664487361907959 0.7807281017303467 
vt 0.6812888979911804 0.7807281017303467 
vt 0.6980903744697571 0.7807281017303467 
vt 0.7147701382637024 0.7807281017303467 
vt 0.731571614742279 0.7807281017303467 
vt 0.7483730912208557 0.7807281017303467 
vt 0.7651746273040771 0.7807281017303467 
vt 0.7818543910980225 0.7807281017303467 
vt 0.7986558675765991 0.7807281017303467 
vt 0.8154573440551758 0.7807281017303467 
vt 0.4968376159667969 0.7756139636039734 
vt 0.5136390924453735 0.7756139636039734 
vt 0.530440628528595 0.7756139636039734 
vt 0.5472421050071716 0.7756139636039734 
vt 0.5639218688011169 0.7756139636039734 
vt 0.5807233452796936 0.7756139636039734 
vt 0.597524881362915 0.7756139636039734 
vt 0.6142046451568604 0.7756139636039734 
vt 0.631006121635437 0.7756139636039734 
vt 0.6478075981140137 0.7756139636039734 
vt 0.664487361907959 0.7756139636039734 
vt 0.6812888979911804 0.7756139636039734 
vt 0.6980903744697571 0.7756139636039734 
vt 0.7147701382637024 0.7756139636039734 
vt 0.731571614742279 0.7756139636039734 
vt 0.7483730912208557 0.7756139636039734 
vt 0.7651746273040771 0.7756139636039734 
vt 0.7818543910980225 0.7756139636039734 
vt 0.7986558675765991 0.7756139636039734 
vt 0.8154573440551758 0.7756139636039734 
vt 0.48015788197517395 0.7756139636039734 
vt 0.48015788197517395 0.7807281017303467 
vt 0.3190826177597046 0.6729669570922852 
vt 0.16153812408447266 0.6729669570922852 
vt 0.3190826177597046 0.6643216609954834 
vt 0.16153812408447266 0.6643216609954834 
vt 0.3190826177597046 0.6555546522140503 
vt 0.16153812408447266 0.6555546522140503 
vt 0.3190826177597046 0.6469094157218933 
vt 0.16153812408447266 0.6469094157218933 
vt 0.3190826177597046 0.6381424069404602 
vt 0.16153812408447266 0.6381424069404602 
vt 0.3190826177597046 0.6294971704483032 
vt 0.16153812408447266 0.6294971704483032 
vt 0.3190826177597046 0.6207301616668701 
vt 0.16153812408447266 0.6207301616668701 
vt 0.3190826177597046 0.6120849251747131 
vt 0.16153812408447266 0.6120849251747131 
vt 0.3190826177597046 0.60331791639328 
vt 0.16153812408447266 0.60331791639328 
vt 0.3190826177597046 0.594672679901123 
vt 0.16153812408447266 0.594672679901123 
vt 0.3190826177597046 0.5860274434089661 
vt 0.16153812408447266 0.5860274434089661 
vt 0.7095348834991455 0.4859374165534973 
vt 0.7095348834991455 0.4869115352630615 
vt 0.7017428874969482 0.4859374165534973 
vt 0.7017428874969482 0.4869115352630615 
vt 0.693950891494751 0.4859374165534973 
vt 0.693950891494751 0.4869115352630615 
vt 0.6861588954925537 0.4859374165534973 
vt 0.6861588954925537 0.4869115352630615 
vt 0.6783668994903564 0.4859374165534973 
vt 0.6783668994903564 0.4869115352630615 
vt 0.6704531311988831 0.4859374165534973 
vt 0.6704531311988831 0.4869115352630615 
vt 0.6626611351966858 0.4859374165534973 
vt 0.6626611351966858 0.4869115352630615 
vt 0.6548691391944885 0.4859374165534973 
vt 0.6548691391944885 0.4869115352630615 
vt 0.6470771431922913 0.4859374165534973 
vt 0.6470771431922913 0.4869115352630615 
vt 0.6391633749008179 0.4859374165534973 
vt 0.6391633749008179 0.4869115352630615 
vt 0.6313713788986206 0.4859374165534973 
vt 0.6313713788986206 0.4869115352630615 
vt 0.6235793828964233 0.4859374165534973 
vt 0.6235793828964233 0.4869115352630615 
vt 0.6157873868942261 0.4859374165534973 
vt 0.6157873868942261 0.4869115352630615 
vt 0.6078736186027527 0.4859374165534973 
vt 0.6078736186027527 0.4869115352630615 
vt 0.6000816226005554 0.4859374165534973 
vt 0.6000816226005554 0.4869115352630615 
vt 0.5922896265983582 0.4859374165534973 
vt 0.5922896265983582 0.4869115352630615 
vt 0.5844976305961609 0.4859374165534973 
vt 0.5844976305961609 0.4869115352630615 
vt 0.5765838623046875 0.4859374165534973 
vt 0.5765838623046875 0.4869115352630615 
vt 0.5687918663024902 0.4859374165534973 
vt 0.5687918663024902 0.4869115352630615 
vt 0.560999870300293 0.4859374165534973 
vt 0.560999870300293 0.4869115352630615 
vt 0.5532078742980957 0.4859374165534973 
vt 0.5532078742980957 0.4869115352630615 
vt 0.17468711733818054 0.48435449600219727 
vt 0.17468711733818054 0.4832586348056793 
vt 0.18260087072849274 0.48435449600219727 
vt 0.18260087072849274 0.4832586348056793 
vt 0.19039286673069 0.48435449600219727 
vt 0.19039286673069 0.4832586348056793 
vt 0.19818486273288727 0.48435449600219727 
vt 0.19818486273288727 0.4832586348056793 
vt 0.20597687363624573 0.48435449600219727 
vt 0.20597687363624573 0.4832586348056793 
vt 0.21389062702655792 0.48435449600219727 
vt 0.21389062702655792 0.4832586348056793 
vt 0.2216826230287552 0.48435449600219727 
vt 0.2216826230287552 0.4832586348056793 
vt 0.22947461903095245 0.48435449600219727 
vt 0.22947461903095245 0.4832586348056793 
vt 0.23726661503314972 0.48435449600219727 
vt 0.23726661503314972 0.4832586348056793 
vt 0.24518036842346191 0.48435449600219727 
vt 0.24518036842346191 0.4832586348056793 
vt 0.2529723644256592 0.48435449600219727 
vt 0.2529723644256592 0.4832586348056793 
vt 0.26076436042785645 0.48435449600219727 
vt 0.26076436042785645 0.4832586348056793 
vt 0.2685563564300537 0.48435449600219727 
vt 0.2685563564300537 0.4832586348056793 
vt 0.27634838223457336 0.48435449600219727 
vt 0.27634838223457336 0.4832586348056793 
vt 0.28426212072372437 0.48435449600219727 
vt 0.28426212072372437 0.4832586348056793 
vt 0.29205411672592163 0.48435449600219727 
vt 0.29205411672592163 0.4832586348056793 
vt 0.2998461127281189 0.48435449600219727 
vt 0.2998461127281189 0.4832586348056793 
vt 0.30763810873031616 0.48435449600219727 
vt 0.30763810873031616 0.4832586348056793 
vt 0.31555187702178955 0.48435449600219727 
vt 0.31555187702178955 0.4832586348056793 
vt 0.3233438730239868 0.48435449600219727 
vt 0.3233438730239868 0.4832586348056793 
vt 0.3311358690261841 0.48435449600219727 
vt 0.3311358690261841 0.4832586348056793 
vt 0.5668438673019409 0.1814056634902954 
vt 0.5668438673019409 0.1804315596818924 
vt 0.5746358633041382 0.1814056634902954 
vt 0.5746358633041382 0.1804315596818924 
vt 0.5824278593063354 0.1814056634902954 
vt 0.5824278593063354 0.1804315596818924 
vt 0.5903416275978088 0.1814056634902954 
vt 0.5903416275978088 0.1804315596818924 
vt 0.5981336236000061 0.1814056634902954 
vt 0.5981336236000061 0.1804315596818924 
vt 0.6059256196022034 0.1814056634902954 
vt 0.6059256196022034 0.1804315596818924 
vt 0.6137176156044006 0.1814056634902954 
vt 0.6137176156044006 0.1804315596818924 
vt 0.621631383895874 0.1814056634902954 
vt 0.621631383895874 0.1804315596818924 
vt 0.6294233798980713 0.1814056634902954 
vt 0.6294233798980713 0.1804315596818924 
vt 0.6372153759002686 0.1814056634902954 
vt 0.6372153759002686 0.1804315596818924 
vt 0.6450073719024658 0.1814056634902954 
vt 0.6450073719024658 0.1804315596818924 
vt 0.6529211401939392 0.1814056634902954 
vt 0.6529211401939392 0.1804315596818924 
vt 0.6607131361961365 0.1814056634902954 
vt 0.6607131361961365 0.1804315596818924 
vt 0.6685051321983337 0.1814056634902954 
vt 0.6685051321983337 0.1804315596818924 
vt 0.676297128200531 0.1814056634902954 
vt 0.676297128200531 0.1804315596818924 
vt 0.6842108964920044 0.1814056634902954 
vt 0.6842108964920044 0.1804315596818924 
vt 0.6920028924942017 0.1814056634902954 
vt 0.6920028924942017 0.1804315596818924 
vt 0.6997948884963989 0.1814056634902954 
vt 0.6997948884963989 0.1804315596818924 
vt 0.7075868844985962 0.1814056634902954 
vt 0.7075868844985962 0.1804315596818924 
vt 0.7153788805007935 0.1814056634902954 
vt 0.7153788805007935 0.1804315596818924 
vt 0.7232926487922668 0.1814056634902954 
vt 0.7232926487922668 0.1804315596818924 
vt 0.9975953698158264 0.15778344869613647 
vt 0.9964995980262756 0.15778344869613647 
vt 0.9975953698158264 0.14986878633499146 
vt 0.9964995980262756 0.14986878633499146 
vt 0.9975953698158264 0.14207589626312256 
vt 0.9964995980262756 0.14207589626312256 
vt 0.9975953698158264 0.13428299129009247 
vt 0.9964995980262756 0.13428299129009247 
vt 0.9975953698158264 0.12649010121822357 
vt 0.9964995980262756 0.12649010121822357 
vt 0.9975953698158264 0.11857543885707855 
vt 0.9964995980262756 0.11857543885707855 
vt 0.9975953698158264 0.11078254878520966 
vt 0.9964995980262756 0.11078254878520966 
vt 0.9975953698158264 0.10298965126276016 
vt 0.9964995980262756 0.10298965126276016 
vt 0.9975953698158264 0.09519675374031067 
vt 0.9964995980262756 0.09519675374031067 
vt 0.9975953698158264 0.08740385621786118 
vt 0.9964995980262756 0.08740385621786118 
vt 0.9975953698158264 0.07948920130729675 
vt 0.9964995980262756 0.07948920130729675 
vt 0.9975953698158264 0.07169630378484726 
vt 0.9964995980262756 0.07169630378484726 
vt 0.9975953698158264 0.06390340626239777 
vt 0.9964995980262756 0.06390340626239777 
vt 0.9975953698158264 0.05611050873994827 
vt 0.9964995980262756 0.05611050873994827 
vt 0.9975953698158264 0.04819585010409355 
vt 0.9964995980262756 0.04819585010409355 
vt 0.9975953698158264 0.04040295258164406 
vt 0.9964995980262756 0.04040295258164406 
vt 0.9975953698158264 0.03261005878448486 
vt 0.9964995980262756 0.03261005878448486 
vt 0.9975953698158264 0.02481716126203537 
vt 0.9964995980262756 0.02481716126203537 
vt 0.9975953698158264 0.01690250262618065 
vt 0.9964995980262756 0.01690250262618065 
vt 0.9975953698158264 0.00910960603505373 
vt 0.9964995980262756 0.00910960603505373 
vt 0.9975953698158264 0.0013167100260034204 
vt 0.9964995980262756 0.0013167100260034204 
vt 0.5029250979423523 0.5016449689865112 
vt 0.5029250979423523 0.5027408599853516 
vt 0.4951331317424774 0.5016449689865112 
vt 0.4951331317424774 0.5027408599853516 
vt 0.48721936345100403 0.5016449689865112 
vt 0.48721936345100403 0.5027408599853516 
vt 0.47942736744880676 0.5016449689865112 
vt 0.47942736744880676 0.5027408599853516 
vt 0.4716353714466095 0.5016449689865112 
vt 0.4716353714466095 0.5027408599853516 
vt 0.46384337544441223 0.5016449689865112 
vt 0.46384337544441223 0.5027408599853516 
vt 0.45605137944221497 0.5016449689865112 
vt 0.45605137944221497 0.5027408599853516 
vt 0.4481376111507416 0.5016449689865112 
vt 0.4481376111507416 0.5027408599853516 
vt 0.4403456151485443 0.5016449689865112 
vt 0.4403456151485443 0.5027408599853516 
vt 0.43255361914634705 0.5016449689865112 
vt 0.43255361914634705 0.5027408599853516 
vt 0.4247616231441498 0.5016449689865112 
vt 0.4247616231441498 0.5027408599853516 
vt 0.4168478846549988 0.5016449689865112 
vt 0.4168478846549988 0.5027408599853516 
vt 0.4090558588504791 0.5016449689865112 
vt 0.4090558588504791 0.5027408599853516 
vt 0.40126386284828186 0.5016449689865112 
vt 0.40126386284828186 0.5027408599853516 
vt 0.3934718668460846 0.5016449689865112 
vt 0.3934718668460846 0.5027408599853516 
vt 0.3855581283569336 0.5016449689865112 
vt 0.3855581283569336 0.5027408599853516 
vt 0.37776613235473633 0.5016449689865112 
vt 0.37776613235473633 0.5027408599853516 
vt 0.3699741065502167 0.5016449689865112 
vt 0.3699741065502167 0.5027408599853516 
vt 0.3621821105480194 0.5016449689865112 
vt 0.3621821105480194 0.5027408599853516 
vt 0.3542683720588684 0.5016449689865112 
vt 0.3542683720588684 0.5027408599853516 
vt 0.34647637605667114 0.5016449689865112 
vt 0.34647637605667114 0.5027408599853516 
vt 0.5532078742980957 0.5782345533370972 
vt 0.5532078742980957 0.5694675445556641 
vt 0.7107523679733276 0.5782345533370972 
vt 0.7107523679733276 0.5694675445556641 
vt 0.5532078742980957 0.5608223080635071 
vt 0.7107523679733276 0.5608223080635071 
vt 0.5532078742980957 0.552055299282074 
vt 0.7107523679733276 0.552055299282074 
vt 0.5532078742980957 0.543410062789917 
vt 0.7107523679733276 0.543410062789917 
vt 0.5532078742980957 0.5346430540084839 
vt 0.7107523679733276 0.5346430540084839 
vt 0.5532078742980957 0.5259977579116821 
vt 0.7107523679733276 0.5259977579116821 
vt 0.5532078742980957 0.517230749130249 
vt 0.7107523679733276 0.517230749130249 
vt 0.5532078742980957 0.508585512638092 
vt 0.7107523679733276 0.508585512638092 
vt 0.5532078742980957 0.4998185336589813 
vt 0.7107523679733276 0.4998185336589813 
vt 0.5532078742980957 0.49117326736450195 
vt 0.7107523679733276 0.49117326736450195 
vt 0.8320153951644897 0.13477005064487457 
vt 0.8216665983200073 0.13477005064487457 
vt 0.8320153951644897 0.01032724604010582 
vt 0.8216665983200073 0.01032724604010582 
vt 0.8113178610801697 0.13477005064487457 
vt 0.8113178610801697 0.01032724604010582 
vt 0.800969123840332 0.13477005064487457 
vt 0.800969123840332 0.01032724604010582 
vt 0.7906203866004944 0.13477005064487457 
vt 0.7906203866004944 0.01032724604010582 
vt 0.7803933620452881 0.13477005064487457 
vt 0.7803933620452881 0.01032724604010582 
vt 0.7700446248054504 0.13477005064487457 
vt 0.7700446248054504 0.01032724604010582 
vt 0.7596958875656128 0.13477005064487457 
vt 0.7596958875656128 0.01032724604010582 
vt 0.7493470907211304 0.13477005064487457 
vt 0.7493470907211304 0.01032724604010582 
vt 0.7391201257705688 0.13477005064487457 
vt 0.7391201257705688 0.01032724604010582 
vt 0.7287713885307312 0.13477005064487457 
vt 0.7287713885307312 0.01032724604010582 
vt 0.4439981281757355 0.7439553737640381 
vt 0.4439981281757355 0.7491912245750427 
vt 0.4271966218948364 0.7439553737640381 
vt 0.4271966218948364 0.7491912245750427 
vt 0.4103951156139374 0.7439553737640381 
vt 0.4103951156139374 0.7491912245750427 
vt 0.39359360933303833 0.7439553737640381 
vt 0.39359360933303833 0.7491912245750427 
vt 0.3769138753414154 0.7439553737640381 
vt 0.3769138753414154 0.7491912245750427 
vt 0.36011236906051636 0.7439553737640381 
vt 0.36011236906051636 0.7491912245750427 
vt 0.3433108627796173 0.7439553737640381 
vt 0.3433108627796173 0.7491912245750427 
vt 0.3266311287879944 0.7439553737640381 
vt 0.3266311287879944 0.7491912245750427 
vt 0.30982962250709534 0.7439553737640381 
vt 0.30982962250709534 0.7491912245750427 
vt 0.2930281162261963 0.7439553737640381 
vt 0.2930281162261963 0.7491912245750427 
vt 0.27634838223457336 0.7439553737640381 
vt 0.27634838223457336 0.7491912245750427 
vt 0.2595468759536743 0.7439553737640381 
vt 0.2595468759536743 0.7491912245750427 
vt 0.24274536967277527 0.7439553737640381 
vt 0.24274536967277527 0.7491912245750427 
vt 0.22594386339187622 0.7439553737640381 
vt 0.22594386339187622 0.7491912245750427 
vt 0.2092641144990921 0.7439553737640381 
vt 0.2092641144990921 0.7491912245750427 
vt 0.19246262311935425 0.7439553737640381 
vt 0.19246262311935425 0.7491912245750427 
vt 0.1756611168384552 0.7439553737640381 
vt 0.1756611168384552 0.7491912245750427 
vt 0.15898136794567108 0.7439553737640381 
vt 0.15898136794567108 0.7491912245750427 
vt 0.14217987656593323 0.7439553737640381 
vt 0.14217987656593323 0.7491912245750427 
vt 0.12537837028503418 0.7439553737640381 
vt 0.12537837028503418 0.7491912245750427 
vt 0.10869862139225006 0.7439553737640381 
vt 0.10869862139225006 0.7491912245750427 
vt 0.4271966218948364 0.769038736820221 
vt 0.4103951156139374 0.769038736820221 
vt 0.39359360933303833 0.769038736820221 
vt 0.3769138753414154 0.769038736820221 
vt 0.36011236906051636 0.769038736820221 
vt 0.3433108627796173 0.769038736820221 
vt 0.3266311287879944 0.769038736820221 
vt 0.30982962250709534 0.769038736820221 
vt 0.2930281162261963 0.769038736820221 
vt 0.27634838223457336 0.769038736820221 
vt 0.2595468759536743 0.769038736820221 
vt 0.24274536967277527 0.769038736820221 
vt 0.22594386339187622 0.769038736820221 
vt 0.2092641144990921 0.769038736820221 
vt 0.19246262311935425 0.769038736820221 
vt 0.1756611168384552 0.769038736820221 
vt 0.15898136794567108 0.769038736820221 
vt 0.14217987656593323 0.769038736820221 
vt 0.12537837028503418 0.769038736820221 
vt 0.10869862139225006 0.769038736820221 
vt 0.4271966218948364 0.7741528153419495 
vt 0.4103951156139374 0.7741528153419495 
vt 0.39359360933303833 0.7741528153419495 
vt 0.3769138753414154 0.7741528153419495 
vt 0.36011236906051636 0.7741528153419495 
vt 0.3433108627796173 0.7741528153419495 
vt 0.3266311287879944 0.7741528153419495 
vt 0.30982962250709534 0.7741528153419495 
vt 0.2930281162261963 0.7741528153419495 
vt 0.27634838223457336 0.7741528153419495 
vt 0.2595468759536743 0.7741528153419495 
vt 0.24274536967277527 0.7741528153419495 
vt 0.22594386339187622 0.7741528153419495 
vt 0.2092641144990921 0.7741528153419495 
vt 0.19246262311935425 0.7741528153419495 
vt 0.1756611168384552 0.7741528153419495 
vt 0.15898136794567108 0.7741528153419495 
vt 0.14217987656593323 0.7741528153419495 
vt 0.12537837028503418 0.7741528153419495 
vt 0.10869862139225006 0.7741528153419495 
vt 0.4439981281757355 0.7741528153419495 
vt 0.4439981281757355 0.769038736820221 
vt 0.8320153951644897 0.0013167100260034204 
vt 0.8320153951644897 0.01032724604010582 
vt 0.8216665983200073 0.0013167100260034204 
vt 0.8216665983200073 0.01032724604010582 
vt 0.8113178610801697 0.0013167100260034204 
vt 0.8113178610801697 0.01032724604010582 
vt 0.800969123840332 0.0013167100260034204 
vt 0.800969123840332 0.01032724604010582 
vt 0.7906203866004944 0.0013167100260034204 
vt 0.7906203866004944 0.01032724604010582 
vt 0.7803933620452881 0.0013167100260034204 
vt 0.7803933620452881 0.01032724604010582 
vt 0.7700446248054504 0.0013167100260034204 
vt 0.7700446248054504 0.01032724604010582 
vt 0.7596958875656128 0.0013167100260034204 
vt 0.7596958875656128 0.01032724604010582 
vt 0.7493470907211304 0.0013167100260034204 
vt 0.7493470907211304 0.01032724604010582 
vt 0.7391201257705688 0.0013167100260034204 
vt 0.7391201257705688 0.01032724604010582 
vt 0.7287713885307312 0.0013167100260034204 
vt 0.7287713885307312 0.01032724604010582 
vt 0.27659186720848083 0.4707169234752655 
vt 0.2663648724555969 0.4707169234752655 
vt 0.27659186720848083 0.3446911871433258 
vt 0.2663648724555969 0.3446911871433258 
vt 0.256137877702713 0.4707169234752655 
vt 0.256137877702713 0.3446911871433258 
vt 0.24603262543678284 0.4707169234752655 
vt 0.24603262543678284 0.3446911871433258 
vt 0.23580561578273773 0.4707169234752655 
vt 0.23580561578273773 0.3446911871433258 
vt 0.22557862102985382 0.4707169234752655 
vt 0.22557862102985382 0.3446911871433258 
vt 0.21547336876392365 0.4707169234752655 
vt 0.21547336876392365 0.3446911871433258 
vt 0.20524637401103973 0.4707169234752655 
vt 0.20524637401103973 0.3446911871433258 
vt 0.19514112174510956 0.4707169234752655 
vt 0.19514112174510956 0.3446911871433258 
vt 0.18491412699222565 0.4707169234752655 
vt 0.18491412699222565 0.3446911871433258 
vt 0.17468711733818054 0.4707169234752655 
vt 0.17468711733818054 0.3446911871433258 
vt 0.5668438673019409 0.18676328659057617 
vt 0.5668438673019409 0.18566741049289703 
vt 0.5746358633041382 0.18676328659057617 
vt 0.5746358633041382 0.18566741049289703 
vt 0.5824278593063354 0.18676328659057617 
vt 0.5824278593063354 0.18566741049289703 
vt 0.5903416275978088 0.18676328659057617 
vt 0.5903416275978088 0.18566741049289703 
vt 0.5981336236000061 0.18676328659057617 
vt 0.5981336236000061 0.18566741049289703 
vt 0.6059256196022034 0.18676328659057617 
vt 0.6059256196022034 0.18566741049289703 
vt 0.6137176156044006 0.18676328659057617 
vt 0.6137176156044006 0.18566741049289703 
vt 0.621631383895874 0.18676328659057617 
vt 0.621631383895874 0.18566741049289703 
vt 0.6294233798980713 0.18676328659057617 
vt 0.6294233798980713 0.18566741049289703 
vt 0.6372153759002686 0.18676328659057617 
vt 0.6372153759002686 0.18566741049289703 
vt 0.6450073719024658 0.18676328659057617 
vt 0.6450073719024658 0.18566741049289703 
vt 0.6529211401939392 0.18676328659057617 
vt 0.6529211401939392 0.18566741049289703 
vt 0.6607131361961365 0.18676328659057617 
vt 0.6607131361961365 0.18566741049289703 
vt 0.6685051321983337 0.18676328659057617 
vt 0.6685051321983337 0.18566741049289703 
vt 0.676297128200531 0.18676328659057617 
vt 0.676297128200531 0.18566741049289703 
vt 0.6840891242027283 0.18676328659057617 
vt 0.6840891242027283 0.18566741049289703 
vt 0.6920028924942017 0.18676328659057617 
vt 0.6920028924942017 0.18566741049289703 
vt 0.6997948884963989 0.18676328659057617 
vt 0.6997948884963989 0.18566741049289703 
vt 0.7075868844985962 0.18676328659057617 
vt 0.7075868844985962 0.18566741049289703 
vt 0.7153788805007935 0.18676328659057617 
vt 0.7153788805007935 0.18566741049289703 
vt 0.7232926487922668 0.18676328659057617 
vt 0.7232926487922668 0.18566741049289703 
vt 0.8267801403999329 0.5369565486907959 
vt 0.8256843686103821 0.5369565486907959 
vt 0.8267801403999329 0.529163658618927 
vt 0.8256843686103821 0.529163658618927 
vt 0.8267801403999329 0.5213707685470581 
vt 0.8256843686103821 0.5213707685470581 
vt 0.8267801403999329 0.5134561061859131 
vt 0.8256843686103821 0.5134561061859131 
vt 0.8267801403999329 0.5056632161140442 
vt 0.8256843686103821 0.5056632161140442 
vt 0.8267801403999329 0.4978702962398529 
vt 0.8256843686103821 0.4978702962398529 
vt 0.8267801403999329 0.490077406167984 
vt 0.8256843686103821 0.490077406167984 
vt 0.8267801403999329 0.482162743806839 
vt 0.8256843686103821 0.482162743806839 
vt 0.8267801403999329 0.4743698537349701 
vt 0.8256843686103821 0.4743698537349701 
vt 0.8267801403999329 0.4665769636631012 
vt 0.8256843686103821 0.4665769636631012 
vt 0.8267801403999329 0.4587840437889099 
vt 0.8256843686103821 0.4587840437889099 
vt 0.8267801403999329 0.450991153717041 
vt 0.8256843686103821 0.450991153717041 
vt 0.8267801403999329 0.443076491355896 
vt 0.8256843686103821 0.443076491355896 
vt 0.8267801403999329 0.4352836012840271 
vt 0.8256843686103821 0.4352836012840271 
vt 0.8267801403999329 0.4274907112121582 
vt 0.8256843686103821 0.4274907112121582 
vt 0.8267801403999329 0.4196978211402893 
vt 0.8256843686103821 0.4196978211402893 
vt 0.8267801403999329 0.4117831587791443 
vt 0.8256843686103821 0.4117831587791443 
vt 0.8267801403999329 0.4039902687072754 
vt 0.8256843686103821 0.4039902687072754 
vt 0.8267801403999329 0.3961973488330841 
vt 0.8256843686103821 0.3961973488330841 
vt 0.8267801403999329 0.3884044587612152 
vt 0.8256843686103821 0.3884044587612152 
vt 0.8267801403999329 0.3806115686893463 
vt 0.8256843686103821 0.3806115686893463 
vt 0.479305624961853 0.60173499584198 
vt 0.479305624961853 0.6105020046234131 
vt 0.3217611312866211 0.60173499584198 
vt 0.3217611312866211 0.6105020046234131 
vt 0.479305624961853 0.6191472411155701 
vt 0.3217611312866211 0.6191472411155701 
vt 0.479305624961853 0.6279142498970032 
vt 0.3217611312866211 0.6279142498970032 
vt 0.479305624961853 0.6365594863891602 
vt 0.3217611312866211 0.6365594863891602 
vt 0.479305624961853 0.6453264951705933 
vt 0.3217611312866211 0.6453264951705933 
vt 0.479305624961853 0.6539717316627502 
vt 0.3217611312866211 0.6539717316627502 
vt 0.479305624961853 0.6627387404441833 
vt 0.3217611312866211 0.6627387404441833 
vt 0.479305624961853 0.6713839769363403 
vt 0.3217611312866211 0.6713839769363403 
vt 0.479305624961853 0.6801509857177734 
vt 0.3217611312866211 0.6801509857177734 
vt 0.479305624961853 0.6887962818145752 
vt 0.3217611312866211 0.6887962818145752 
vt 0.001315120025537908 0.8083685040473938 
vt 0.001315120025537908 0.8032544255256653 
vt 0.018116619437932968 0.8083685040473938 
vt 0.018116619437932968 0.8032544255256653 
vt 0.03479636833071709 0.8083685040473938 
vt 0.03479636833071709 0.8032544255256653 
vt 0.051597870886325836 0.8083685040473938 
vt 0.051597870886325836 0.8032544255256653 
vt 0.06839936971664429 0.8083685040473938 
vt 0.06839936971664429 0.8032544255256653 
vt 0.08520086854696274 0.8083685040473938 
vt 0.08520086854696274 0.8032544255256653 
vt 0.10188061743974686 0.8083685040473938 
vt 0.10188061743974686 0.8032544255256653 
vt 0.1186821237206459 0.8083685040473938 
vt 0.1186821237206459 0.8032544255256653 
vt 0.13548362255096436 0.8083685040473938 
vt 0.13548362255096436 0.8032544255256653 
vt 0.15216337144374847 0.8083685040473938 
vt 0.15216337144374847 0.8032544255256653 
vt 0.16896486282348633 0.8083685040473938 
vt 0.16896486282348633 0.8032544255256653 
vt 0.18576636910438538 0.8083685040473938 
vt 0.18576636910438538 0.8032544255256653 
vt 0.2024461179971695 0.8083685040473938 
vt 0.2024461179971695 0.8032544255256653 
vt 0.21924762427806854 0.8083685040473938 
vt 0.21924762427806854 0.8032544255256653 
vt 0.2360491156578064 0.8083685040473938 
vt 0.2360491156578064 0.8032544255256653 
vt 0.25285062193870544 0.8083685040473938 
vt 0.25285062193870544 0.8032544255256653 
vt 0.26953035593032837 0.8083685040473938 
vt 0.26953035593032837 0.8032544255256653 
vt 0.2863318622112274 0.8083685040473938 
vt 0.2863318622112274 0.8032544255256653 
vt 0.30313336849212646 0.8083685040473938 
vt 0.30313336849212646 0.8032544255256653 
vt 0.3198131322860718 0.8083685040473938 
vt 0.3198131322860718 0.8032544255256653 
vt 0.33661460876464844 0.8083685040473938 
vt 0.33661460876464844 0.8032544255256653 
vt 0.018116619437932968 0.7834068536758423 
vt 0.03479636833071709 0.7834068536758423 
vt 0.051597870886325836 0.7834068536758423 
vt 0.06839936971664429 0.7834068536758423 
vt 0.08520086854696274 0.7834068536758423 
vt 0.10188061743974686 0.7834068536758423 
vt 0.1186821237206459 0.7834068536758423 
vt 0.13548362255096436 0.7834068536758423 
vt 0.15216337144374847 0.7834068536758423 
vt 0.16896486282348633 0.7834068536758423 
vt 0.18576636910438538 0.7834068536758423 
vt 0.2024461179971695 0.7834068536758423 
vt 0.21924762427806854 0.7834068536758423 
vt 0.2360491156578064 0.7834068536758423 
vt 0.25285062193870544 0.7834068536758423 
vt 0.26953035593032837 0.7834068536758423 
vt 0.2863318622112274 0.7834068536758423 
vt 0.30313336849212646 0.7834068536758423 
vt 0.3198131322860718 0.7834068536758423 
vt 0.33661460876464844 0.7834068536758423 
vt 0.018116619437932968 0.7781710028648376 
vt 0.03479636833071709 0.7781710028648376 
vt 0.051597870886325836 0.7781710028648376 
vt 0.06839936971664429 0.7781710028648376 
vt 0.08520086854696274 0.7781710028648376 
vt 0.10188061743974686 0.7781710028648376 
vt 0.1186821237206459 0.7781710028648376 
vt 0.13548362255096436 0.7781710028648376 
vt 0.15216337144374847 0.7781710028648376 
vt 0.16896486282348633 0.7781710028648376 
vt 0.18576636910438538 0.7781710028648376 
vt 0.2024461179971695 0.7781710028648376 
vt 0.21924762427806854 0.7781710028648376 
vt 0.2360491156578064 0.7781710028648376 
vt 0.25285062193870544 0.7781710028648376 
vt 0.26953035593032837 0.7781710028648376 
vt 0.2863318622112274 0.7781710028648376 
vt 0.30313336849212646 0.7781710028648376 
vt 0.3198131322860718 0.7781710028648376 
vt 0.33661460876464844 0.7781710028648376 
vt 0.001315120025537908 0.7781710028648376 
vt 0.001315120025537908 0.7834068536758423 
vt 0.5505293607711792 0.3806115686893463 
vt 0.3833666145801544 0.3806115686893463 
vt 0.5505293607711792 0.37111398577690125 
vt 0.3833666145801544 0.37111398577690125 
vt 0.5505293607711792 0.3617381453514099 
vt 0.3833666145801544 0.3617381453514099 
vt 0.5505293607711792 0.35224056243896484 
vt 0.3833666145801544 0.35224056243896484 
vt 0.5505293607711792 0.3427429795265198 
vt 0.3833666145801544 0.3427429795265198 
vt 0.5505293607711792 0.3332453668117523 
vt 0.3833666145801544 0.3332453668117523 
vt 0.5505293607711792 0.32374778389930725 
vt 0.3833666145801544 0.32374778389930725 
vt 0.5505293607711792 0.3142502009868622 
vt 0.3833666145801544 0.3142502009868622 
vt 0.5505293607711792 0.3047525882720947 
vt 0.3833666145801544 0.3047525882720947 
vt 0.5505293607711792 0.29525500535964966 
vt 0.3833666145801544 0.29525500535964966 
vt 0.5505293607711792 0.2857574224472046 
vt 0.3833666145801544 0.2857574224472046 
vt 0.1303701251745224 0.7267866134643555 
vt 0.1303701251745224 0.7215507626533508 
vt 0.14704987406730652 0.7267866134643555 
vt 0.14704987406730652 0.7215507626533508 
vt 0.16385136544704437 0.7267866134643555 
vt 0.16385136544704437 0.7215507626533508 
vt 0.18065287172794342 0.7267866134643555 
vt 0.18065287172794342 0.7215507626533508 
vt 0.19733262062072754 0.7267866134643555 
vt 0.19733262062072754 0.7215507626533508 
vt 0.2141341269016266 0.7267866134643555 
vt 0.2141341269016266 0.7215507626533508 
vt 0.23093561828136444 0.7267866134643555 
vt 0.23093561828136444 0.7215507626533508 
vt 0.24761536717414856 0.7267866134643555 
vt 0.24761536717414856 0.7215507626533508 
vt 0.2644168734550476 0.7267866134643555 
vt 0.2644168734550476 0.7215507626533508 
vt 0.28121837973594666 0.7267866134643555 
vt 0.28121837973594666 0.7215507626533508 
vt 0.2980198562145233 0.7267866134643555 
vt 0.2980198562145233 0.7215507626533508 
vt 0.31469962000846863 0.7267866134643555 
vt 0.31469962000846863 0.7215507626533508 
vt 0.3315011262893677 0.7267866134643555 
vt 0.3315011262893677 0.7215507626533508 
vt 0.3483026325702667 0.7267866134643555 
vt 0.3483026325702667 0.7215507626533508 
vt 0.36498236656188965 0.7267866134643555 
vt 0.36498236656188965 0.7215507626533508 
vt 0.3817838728427887 0.7267866134643555 
vt 0.3817838728427887 0.7215507626533508 
vt 0.39858537912368774 0.7267866134643555 
vt 0.39858537912368774 0.7215507626533508 
vt 0.41526511311531067 0.7267866134643555 
vt 0.41526511311531067 0.7215507626533508 
vt 0.4320666193962097 0.7267866134643555 
vt 0.4320666193962097 0.7215507626533508 
vt 0.44886812567710876 0.7267866134643555 
vt 0.44886812567710876 0.7215507626533508 
vt 0.4656696319580078 0.7267866134643555 
vt 0.4656696319580078 0.7215507626533508 
vt 0.14704987406730652 0.7017032504081726 
vt 0.16385136544704437 0.7017032504081726 
vt 0.18065287172794342 0.7017032504081726 
vt 0.19733262062072754 0.7017032504081726 
vt 0.2141341269016266 0.7017032504081726 
vt 0.23093561828136444 0.7017032504081726 
vt 0.24761536717414856 0.7017032504081726 
vt 0.2644168734550476 0.7017032504081726 
vt 0.28121837973594666 0.7017032504081726 
vt 0.2980198562145233 0.7017032504081726 
vt 0.31469962000846863 0.7017032504081726 
vt 0.3315011262893677 0.7017032504081726 
vt 0.3483026325702667 0.7017032504081726 
vt 0.36498236656188965 0.7017032504081726 
vt 0.3817838728427887 0.7017032504081726 
vt 0.39858537912368774 0.7017032504081726 
vt 0.41526511311531067 0.7017032504081726 
vt 0.4320666193962097 0.7017032504081726 
vt 0.44886812567710876 0.7017032504081726 
vt 0.4656696319580078 0.7017032504081726 
vt 0.14704987406730652 0.6965891718864441 
vt 0.16385136544704437 0.6965891718864441 
vt 0.18065287172794342 0.6965891718864441 
vt 0.19733262062072754 0.6965891718864441 
vt 0.2141341269016266 0.6965891718864441 
vt 0.23093561828136444 0.6965891718864441 
vt 0.24761536717414856 0.6965891718864441 
vt 0.2644168734550476 0.6965891718864441 
vt 0.28121837973594666 0.6965891718864441 
vt 0.2980198562145233 0.6965891718864441 
vt 0.31469962000846863 0.6965891718864441 
vt 0.3315011262893677 0.6965891718864441 
vt 0.3483026325702667 0.6965891718864441 
vt 0.36498236656188965 0.6965891718864441 
vt 0.3817838728427887 0.6965891718864441 
vt 0.39858537912368774 0.6965891718864441 
vt 0.41526511311531067 0.6965891718864441 
vt 0.4320666193962097 0.6965891718864441 
vt 0.44886812567710876 0.6965891718864441 
vt 0.4656696319580078 0.6965891718864441 
vt 0.1303701251745224 0.6965891718864441 
vt 0.1303701251745224 0.7017032504081726 
vt 0.5549123883247375 0.7035297155380249 
vt 0.5561298727989197 0.7104702591896057 
vt 0.5354323983192444 0.7035297155380249 
vt 0.5342148542404175 0.7104702591896057 
vt 0.5170481204986572 0.6968326568603516 
vt 0.5135173797607422 0.7029208540916443 
vt 0.5020728707313538 0.6842910051345825 
vt 0.49671587347984314 0.6887962818145752 
vt 0.4923328757286072 0.6673657894134521 
vt 0.48575836420059204 0.6698010563850403 
vt 0.4889238774776459 0.6482488512992859 
vt 0.48198410868644714 0.6482488512992859 
vt 0.4923328757286072 0.6290101408958435 
vt 0.48575836420059204 0.6265748739242554 
vt 0.5020728707313538 0.6120849251747131 
vt 0.49671587347984314 0.6075796484947205 
vt 0.5170481204986572 0.5995432138442993 
vt 0.5135173797607422 0.5934550166130066 
vt 0.5354323983192444 0.5928462147712708 
vt 0.5342148542404175 0.5860274434089661 
vt 0.5549123883247375 0.5928462147712708 
vt 0.5561298727989197 0.5860274434089661 
vt 0.5732966065406799 0.5995432138442993 
vt 0.5767056345939636 0.5934550166130066 
vt 0.588150143623352 0.6120849251747131 
vt 0.5935071110725403 0.6075796484947205 
vt 0.59801185131073 0.6290101408958435 
vt 0.6045863628387451 0.6265748739242554 
vt 0.6012991070747375 0.6482488512992859 
vt 0.6083606481552124 0.6482488512992859 
vt 0.59801185131073 0.6674875617027283 
vt 0.6045863628387451 0.6698010563850403 
vt 0.588150143623352 0.6842910051345825 
vt 0.5935071110725403 0.6887962818145752 
vt 0.5732966065406799 0.6968326568603516 
vt 0.5767056345939636 0.7029208540916443 
vt 0.890942394733429 0.4026508629322052 
vt 0.8885073661804199 0.4022855758666992 
vt 0.8932555913925171 0.395345002412796 
vt 0.8910641074180603 0.3942491412162781 
vt 0.8977603912353516 0.3892568051815033 
vt 0.8960558772087097 0.387430340051651 
vt 0.9039696455001831 0.384751558303833 
vt 0.9028738737106323 0.38255980610847473 
vt 0.9111528992652893 0.3823162615299225 
vt 0.9107876420021057 0.3800027370452881 
vt 0.9187013506889343 0.3823162615299225 
vt 0.9190666079521179 0.3800027370452881 
vt 0.9258846044540405 0.384751558303833 
vt 0.9269803762435913 0.38255980610847473 
vt 0.9320938587188721 0.3892568051815033 
vt 0.9337983727455139 0.3875521123409271 
vt 0.9364768862724304 0.395345002412796 
vt 0.9385465979576111 0.3942491412162781 
vt 0.9387901425361633 0.4025290906429291 
vt 0.9411033987998962 0.4021638035774231 
vt 0.9386683702468872 0.41020020842552185 
vt 0.9411033987998962 0.4105655252933502 
vt 0.9363551139831543 0.4173842966556549 
vt 0.9384248852729797 0.41848018765449524 
vt 0.9318503737449646 0.4237160384654999 
vt 0.9336766004562378 0.42542073130607605 
vt 0.9257628917694092 0.42822128534317017 
vt 0.9268586039543152 0.4302912950515747 
vt 0.918579638004303 0.43053480982780457 
vt 0.9189448952674866 0.4329700767993927 
vt 0.9110311269760132 0.43053480982780457 
vt 0.9105440974235535 0.4329700767993927 
vt 0.9037261009216309 0.42822128534317017 
vt 0.9026303887367249 0.4302912950515747 
vt 0.8976386189460754 0.4237160384654999 
vt 0.8959341049194336 0.42542073130607605 
vt 0.8932555913925171 0.41750606894493103 
vt 0.8910641074180603 0.418601930141449 
vt 0.8908206224441528 0.410321980714798 
vt 0.8885073661804199 0.41068726778030396 
vt 0.8676881194114685 0.41385313868522644 
vt 0.8676881194114685 0.3988761603832245 
vt 0.8724363446235657 0.3846297860145569 
vt 0.8813241124153137 0.37257513403892517 
vt 0.8934991359710693 0.36380812525749207 
vt 0.9076220989227295 0.3593028783798218 
vt 0.9224756360054016 0.3594246208667755 
vt 0.9365985989570618 0.3640516698360443 
vt 0.9485301375389099 0.3728186786174774 
vt 0.9571743607521057 0.38487330079078674 
vt 0.9618008732795715 0.3989979326725006 
vt 0.9618008732795715 0.41385313868522644 
vt 0.9572961330413818 0.4279777705669403 
vt 0.9485301375389099 0.44015416502952576 
vt 0.9364768862724304 0.449042946100235 
vt 0.9222320914268494 0.4536699652671814 
vt 0.9072568416595459 0.4536699652671814 
vt 0.8931338787078857 0.449042946100235 
vt 0.8810806274414062 0.44015416502952576 
vt 0.8723146319389343 0.42809954285621643 
vt 0.8676881194114685 0.43041303753852844 
vt 0.8625746369361877 0.4145837128162384 
vt 0.8625746369361877 0.3980238139629364 
vt 0.8678098917007446 0.38219448924064636 
vt 0.8776715993881226 0.36880046129226685 
vt 0.8911858797073364 0.35918110609054565 
vt 0.9068916440010071 0.3541887700557709 
vt 0.9233278632164001 0.354310542345047 
vt 0.9389118552207947 0.35954639315605164 
vt 0.9521825909614563 0.36928752064704895 
vt 0.9618008732795715 0.38255980610847473 
vt 0.9669143557548523 0.3981455862522125 
vt 0.9669143557548523 0.4145837128162384 
vt 0.9619226455688477 0.4302912950515747 
vt 0.9523043632507324 0.44380709528923035 
vt 0.9387901425361633 0.4536699652671814 
vt 0.9230843782424927 0.4587840437889099 
vt 0.9065263867378235 0.4587840437889099 
vt 0.8906988501548767 0.4536699652671814 
vt 0.877306342124939 0.44380709528923035 
vt 0.6809236407279968 0.6896486282348633 
vt 0.6833586096763611 0.6900138854980469 
vt 0.6787320971488953 0.6968326568603516 
vt 0.6808018684387207 0.6978067755699158 
vt 0.6743491291999817 0.7029208540916443 
vt 0.6759318709373474 0.7045038342475891 
vt 0.6681398749351501 0.7073043584823608 
vt 0.6692356467247009 0.7093743681907654 
vt 0.660956621170044 0.7096179127693176 
vt 0.6613218784332275 0.7119314074516296 
vt 0.6532863974571228 0.7096179127693176 
vt 0.6529211401939392 0.7119314074516296 
vt 0.6459813714027405 0.7071826457977295 
vt 0.6448855996131897 0.7093743681907654 
vt 0.6397721171379089 0.7026773691177368 
vt 0.6380676031112671 0.704382061958313 
vt 0.6352673768997192 0.696467399597168 
vt 0.6330758929252625 0.6975632905960083 
vt 0.6328323483467102 0.6892833113670349 
vt 0.6305190920829773 0.6896486282348633 
vt 0.6328323483467102 0.6817339658737183 
vt 0.630397379398346 0.6813686490058899 
vt 0.6351456046104431 0.6745498776435852 
vt 0.6329541206359863 0.6734539866447449 
vt 0.6395286321640015 0.6684616804122925 
vt 0.6378241181373596 0.6667569875717163 
vt 0.645737886428833 0.6639564037322998 
vt 0.6446421146392822 0.6618863940238953 
vt 0.6529211401939392 0.6616429090499878 
vt 0.6525558829307556 0.6592075824737549 
vt 0.6605913639068604 0.6616429090499878 
vt 0.660956621170044 0.659329354763031 
vt 0.6678963899612427 0.6640781760215759 
vt 0.6689921021461487 0.6618863940238953 
vt 0.6739838719367981 0.6685834527015686 
vt 0.6758100986480713 0.6668787598609924 
vt 0.6786103844642639 0.6747934222221375 
vt 0.6806800961494446 0.6736975312232971 
vt 0.6809236407279968 0.6819774508476257 
vt 0.6833586096763611 0.6816121935844421 
vt 0.7040561437606812 0.6784462928771973 
vt 0.7040561437606812 0.6933014988899231 
vt 0.6994296312332153 0.7073043584823608 
vt 0.6907853484153748 0.7193590402603149 
vt 0.6787320971488953 0.728126049041748 
vt 0.664487361907959 0.7327530384063721 
vt 0.6495121121406555 0.7327530384063721 
vt 0.6352673768997192 0.7280042767524719 
vt 0.6230923533439636 0.7191154956817627 
vt 0.6144481301307678 0.7070608735084534 
vt 0.609821617603302 0.6929362416267395 
vt 0.609821617603302 0.6780810356140137 
vt 0.6143263578414917 0.6639564037322998 
vt 0.6230923533439636 0.6519017815589905 
vt 0.6351456046104431 0.6431347727775574 
vt 0.6493903994560242 0.6385077238082886 
vt 0.6643656492233276 0.6385077238082886 
vt 0.6786103844642639 0.6431347727775574 
vt 0.6906636357307434 0.6520235538482666 
vt 0.6994296312332153 0.664199948310852 
vt 0.7040561437606812 0.6618863940238953 
vt 0.7091696262359619 0.6775939464569092 
vt 0.7090478539466858 0.6940321326255798 
vt 0.7040561437606812 0.7096179127693176 
vt 0.6944378614425659 0.7230119109153748 
vt 0.6810453534126282 0.7327530384063721 
vt 0.6653396487236023 0.7378671169281006 
vt 0.648659884929657 0.7378671169281006 
vt 0.6328323483467102 0.732631266117096 
vt 0.6194398403167725 0.7228901982307434 
vt 0.609821617603302 0.7093743681907654 
vt 0.6047081351280212 0.6937885880470276 
vt 0.6047081351280212 0.6773504614830017 
vt 0.609821617603302 0.6616429090499878 
vt 0.6194398403167725 0.6482488512992859 
vt 0.6328323483467102 0.6385077238082886 
vt 0.6485381126403809 0.6333936452865601 
vt 0.66509610414505 0.6333936452865601 
vt 0.6809236407279968 0.6385077238082886 
vt 0.6944378614425659 0.648370623588562 
vt 0.588150143623352 0.6120849251747131 
vt 0.588150143623352 0.6120849251747131 
vt 0.5732966065406799 0.5995432138442993 
vt 0.5732966065406799 0.5995432138442993 
vt 0.5549123883247375 0.5928462147712708 
vt 0.5549123883247375 0.5928462147712708 
vt 0.5354323983192444 0.5928462147712708 
vt 0.5354323983192444 0.5928462147712708 
vt 0.5170481204986572 0.5995432138442993 
vt 0.5170481204986572 0.5995432138442993 
vt 0.5020728707313538 0.6120849251747131 
vt 0.5020728707313538 0.6120849251747131 
vt 0.4923328757286072 0.6290101408958435 
vt 0.4923328757286072 0.6290101408958435 
vt 0.4889238774776459 0.6482488512992859 
vt 0.4889238774776459 0.6482488512992859 
vt 0.4923328757286072 0.6673657894134521 
vt 0.4923328757286072 0.6673657894134521 
vt 0.5020728707313538 0.6842910051345825 
vt 0.5020728707313538 0.6842910051345825 
vt 0.5170481204986572 0.6968326568603516 
vt 0.5170481204986572 0.6968326568603516 
vt 0.5354323983192444 0.7035297155380249 
vt 0.5354323983192444 0.7035297155380249 
vt 0.5549123883247375 0.7035297155380249 
vt 0.5549123883247375 0.7035297155380249 
vt 0.5732966065406799 0.6968326568603516 
vt 0.5732966065406799 0.6968326568603516 
vt 0.588150143623352 0.6842910051345825 
vt 0.588150143623352 0.6842910051345825 
vt 0.59801185131073 0.6674875617027283 
vt 0.59801185131073 0.6674875617027283 
vt 0.6012991070747375 0.6482488512992859 
vt 0.6012991070747375 0.6482488512992859 
vt 0.59801185131073 0.6290101408958435 
vt 0.59801185131073 0.6290101408958435 
vt 0.9865161180496216 0.5705634355545044 
vt 0.9985693693161011 0.5723898410797119 
vt 0.9852986335754395 0.5743380784988403 
vt 0.996134340763092 0.5798174738883972 
vt 0.9828636050224304 0.5775039792060852 
vt 0.991507887840271 0.5861492156982422 
vt 0.979698121547699 0.5799392461776733 
vt 0.9851768612861633 0.5907762050628662 
vt 0.9759238958358765 0.581156849861145 
vt 0.9777501225471497 0.5932115316390991 
vt 0.9719061255455017 0.581156849861145 
vt 0.9699581265449524 0.5932115316390991 
vt 0.9681318402290344 0.5799392461776733 
vt 0.9625313878059387 0.5907762050628662 
vt 0.9648446440696716 0.5775039792060852 
vt 0.956200361251831 0.5861492156982422 
vt 0.9625313878059387 0.5743380784988403 
vt 0.9515738487243652 0.5798174738883972 
vt 0.9613138437271118 0.5705634355545044 
vt 0.949138879776001 0.5723898410797119 
vt 0.9613138437271118 0.5665451884269714 
vt 0.949138879776001 0.564596951007843 
vt 0.9625313878059387 0.5627704858779907 
vt 0.9515738487243652 0.5571693778038025 
vt 0.9648446440696716 0.5594828724861145 
vt 0.956200361251831 0.5508376359939575 
vt 0.9681318402290344 0.5571693778038025 
vt 0.9625313878059387 0.5462105870246887 
vt 0.9719061255455017 0.555951714515686 
vt 0.9699581265449524 0.5437753200531006 
vt 0.9759238958358765 0.555951714515686 
vt 0.9777501225471497 0.5438970923423767 
vt 0.979698121547699 0.5571693778038025 
vt 0.9851768612861633 0.5462105870246887 
vt 0.9828636050224304 0.5594828724861145 
vt 0.991507887840271 0.5508376359939575 
vt 0.9852986335754395 0.5627704858779907 
vt 0.996134340763092 0.5571693778038025 
vt 0.9865161180496216 0.5665451884269714 
vt 0.9985693693161011 0.564596951007843 
vt 0.956200361251831 0.47826629877090454 
vt 0.9648446440696716 0.46962106227874756 
vt 0.9625313878059387 0.4827715754508972 
vt 0.9681318402290344 0.47193455696105957 
vt 0.9699581265449524 0.48520684242248535 
vt 0.9719061255455017 0.473152220249176 
vt 0.9777501225471497 0.48520684242248535 
vt 0.9759238958358765 0.473152220249176 
vt 0.9851768612861633 0.4827715754508972 
vt 0.979698121547699 0.47193455696105957 
vt 0.991507887840271 0.47826629877090454 
vt 0.9828636050224304 0.46962106227874756 
vt 0.996134340763092 0.47193455696105957 
vt 0.9852986335754395 0.46633341908454895 
vt 0.9985693693161011 0.46450695395469666 
vt 0.9865161180496216 0.4625587463378906 
vt 0.9985693693161011 0.45659229159355164 
vt 0.9865161180496216 0.45854052901268005 
vt 0.996134340763092 0.4491646885871887 
vt 0.9852986335754395 0.45476585626602173 
vt 0.991507887840271 0.44283297657966614 
vt 0.9828636050224304 0.4514782130718231 
vt 0.9851768612861633 0.43832769989967346 
vt 0.979698121547699 0.4491646885871887 
vt 0.9777501225471497 0.4358924329280853 
vt 0.9759238958358765 0.44794705510139465 
vt 0.9699581265449524 0.4358924329280853 
vt 0.9719061255455017 0.44794705510139465 
vt 0.9625313878059387 0.43832769989967346 
vt 0.9681318402290344 0.4491646885871887 
vt 0.956200361251831 0.44283297657966614 
vt 0.9648446440696716 0.4514782130718231 
vt 0.9515738487243652 0.4491646885871887 
vt 0.9625313878059387 0.45476585626602173 
vt 0.949138879776001 0.45659229159355164 
vt 0.9613138437271118 0.45854052901268005 
vt 0.949138879776001 0.46450695395469666 
vt 0.9613138437271118 0.4625587463378906 
vt 0.9515738487243652 0.47193455696105957 
vt 0.9625313878059387 0.46633341908454895 
vt 0.049893371760845184 0.7009726762771606 
vt 0.011663869954645634 0.7148537635803223 
vt 0.04891936853528023 0.6956150531768799 
vt 0.008376619778573513 0.6956150531768799 
vt 0.049893371760845184 0.6902574300765991 
vt 0.011785619892179966 0.6763763427734375 
vt 0.052571870386600494 0.6856303811073303 
vt 0.02152561955153942 0.6594511270523071 
vt 0.05671136826276779 0.6820992231369019 
vt 0.036379121243953705 0.6469094157218933 
vt 0.061824869364500046 0.6802727580070496 
vt 0.054763369262218475 0.6402124166488647 
vt 0.0673036202788353 0.6802727580070496 
vt 0.07424336671829224 0.6403341889381409 
vt 0.07229536771774292 0.6820992231369019 
vt 0.0926276221871376 0.6469094157218933 
vt 0.07655662298202515 0.6856303811073303 
vt 0.10760287195444107 0.6594511270523071 
vt 0.07923512160778046 0.6902574300765991 
vt 0.11734286695718765 0.6763763427734375 
vt 0.08020912110805511 0.6956150531768799 
vt 0.12075187265872955 0.6956150531768799 
vt 0.07923512160778046 0.7009726762771606 
vt 0.11734286695718765 0.7148537635803223 
vt 0.07643487304449081 0.7055996656417847 
vt 0.10760287195444107 0.7317789196968079 
vt 0.07229536771774292 0.7091308236122131 
vt 0.0926276221871376 0.7443206310272217 
vt 0.06718187034130096 0.7109572887420654 
vt 0.07424336671829224 0.7508959174156189 
vt 0.061824869364500046 0.7109572887420654 
vt 0.054763369262218475 0.7508959174156189 
vt 0.05671136826276779 0.7091308236122131 
vt 0.036379121243953705 0.7443206310272217 
vt 0.052571870386600494 0.7055996656417847 
vt 0.02152561955153942 0.7317789196968079 
vt 0.9247888922691345 0.16557633876800537 
vt 0.9272238612174988 0.16594164073467255 
vt 0.922597348690033 0.17276042699813843 
vt 0.9246671199798584 0.17373453080654144 
vt 0.9182143807411194 0.17884862422943115 
vt 0.9199188947677612 0.1804315596818924 
vt 0.9120051264762878 0.1832321286201477 
vt 0.9131008982658386 0.18530210852622986 
vt 0.9048218727111816 0.1855456382036209 
vt 0.9051871299743652 0.1878591626882553 
vt 0.8971516489982605 0.18542388081550598 
vt 0.8967863917350769 0.1878591626882553 
vt 0.8898466229438782 0.18298859894275665 
vt 0.8887508511543274 0.18530210852622986 
vt 0.8836373686790466 0.1786050945520401 
vt 0.8819328546524048 0.18030978739261627 
vt 0.8791326284408569 0.17239512503147125 
vt 0.8769411444664001 0.1734910011291504 
vt 0.8766975998878479 0.1652110517024994 
vt 0.874384343624115 0.16557633876800537 
vt 0.8766975998878479 0.15766169130802155 
vt 0.8742626309394836 0.15729638934135437 
vt 0.8790108561515808 0.1504776030778885 
vt 0.876819372177124 0.14938172698020935 
vt 0.8833938837051392 0.14426764845848083 
vt 0.8818111419677734 0.1426847130060196 
vt 0.8896031379699707 0.13988414406776428 
vt 0.8885073661804199 0.137692391872406 
vt 0.8967863917350769 0.13757061958312988 
vt 0.8964211344718933 0.13513535261154175 
vt 0.904456615447998 0.13757061958312988 
vt 0.9048218727111816 0.13513535261154175 
vt 0.9117616415023804 0.1400059014558792 
vt 0.9128573536872864 0.13781414926052094 
vt 0.9178491234779358 0.1445111781358719 
vt 0.919675350189209 0.14280648529529572 
vt 0.9224756360054016 0.15072113275527954 
vt 0.9245453476905823 0.1496252566576004 
vt 0.9247888922691345 0.1579052209854126 
vt 0.9272238612174988 0.15753991901874542 
vt 0.9479213953018188 0.15437406301498413 
vt 0.9479213953018188 0.16910749673843384 
vt 0.943294882774353 0.1832321286201477 
vt 0.9346505999565125 0.19528676569461823 
vt 0.922597348690033 0.20405377447605133 
vt 0.9083526134490967 0.20868080854415894 
vt 0.8933773636817932 0.20868080854415894 
vt 0.8791326284408569 0.2039320021867752 
vt 0.8669576048851013 0.19504323601722717 
vt 0.8583133816719055 0.18298859894275665 
vt 0.8536868691444397 0.16886396706104279 
vt 0.8536868691444397 0.15400876104831696 
vt 0.8581916093826294 0.13988414406776428 
vt 0.8669576048851013 0.12782950699329376 
vt 0.8790108561515808 0.11906249821186066 
vt 0.8932555913925171 0.11443546414375305 
vt 0.9082308411598206 0.11443546414375305 
vt 0.9224756360054016 0.11906249821186066 
vt 0.9345288872718811 0.1279512643814087 
vt 0.943294882774353 0.14012767374515533 
vt 0.9479213953018188 0.13781414926052094 
vt 0.9530348777770996 0.15352171659469604 
vt 0.9529131054878235 0.16995984315872192 
vt 0.9479213953018188 0.1855456382036209 
vt 0.9383031129837036 0.19893968105316162 
vt 0.9249106049537659 0.20868080854415894 
vt 0.9092048406600952 0.21379488706588745 
vt 0.8925251364707947 0.21379488706588745 
vt 0.8766975998878479 0.2085590362548828 
vt 0.8633050918579102 0.1988179236650467 
vt 0.8536868691444397 0.18530210852622986 
vt 0.8485733866691589 0.16971632838249207 
vt 0.8485733866691589 0.153278186917305 
vt 0.8536868691444397 0.13757061958312988 
vt 0.8633050918579102 0.12417658418416977 
vt 0.8766975998878479 0.11443546414375305 
vt 0.8924033641815186 0.10932137817144394 
vt 0.9090831279754639 0.10932137817144394 
vt 0.9247888922691345 0.11443546414375305 
vt 0.9383031129837036 0.1242983490228653 
vt 0.8015778660774231 0.8249284029006958 
vt 0.8062043786048889 0.8272418975830078 
vt 0.7964643836021423 0.8406359553337097 
vt 0.8015778660774231 0.8413665294647217 
vt 0.7964643836021423 0.8570740818977356 
vt 0.8015778660774231 0.8562217354774475 
vt 0.8015778660774231 0.8726599216461182 
vt 0.8062043786048889 0.8703463673591614 
vt 0.8111961483955383 0.8861756920814514 
vt 0.8149703741073608 0.8824009895324707 
vt 0.8245885968208313 0.8959168195724487 
vt 0.8270236253738403 0.8912897706031799 
vt 0.8404161334037781 0.9011526703834534 
vt 0.8412683606147766 0.8960385918617249 
vt 0.8570958971977234 0.9011526703834534 
vt 0.8562436103820801 0.8960385918617249 
vt 0.8729233741760254 0.8960385918617249 
vt 0.8704883456230164 0.891411542892456 
vt 0.886194109916687 0.8862974643707275 
vt 0.8825415968894958 0.882644534111023 
vt 0.8958123922348022 0.8729034066200256 
vt 0.8911858797073364 0.8705899119377136 
vt 0.9008041024208069 0.8573176264762878 
vt 0.8958123922348022 0.8564652800559998 
vt 0.900925874710083 0.840879499912262 
vt 0.8958123922348022 0.84173184633255 
vt 0.8959341049194336 0.825171947479248 
vt 0.8913075923919678 0.8274854421615601 
vt 0.886194109916687 0.81165611743927 
vt 0.8825415968894958 0.8153090476989746 
vt 0.8728016018867493 0.8017932176589966 
vt 0.870366632938385 0.8064202666282654 
vt 0.8569741249084473 0.7966791391372681 
vt 0.8561218976974487 0.8017932176589966 
vt 0.840294361114502 0.7966791391372681 
vt 0.8411466479301453 0.8017932176589966 
vt 0.8245885968208313 0.8017932176589966 
vt 0.8269018530845642 0.8064202666282654 
vt 0.8111961483955383 0.8115343451499939 
vt 0.8148486018180847 0.8151872754096985 
vt 0.8297021389007568 0.8300424814224243 
vt 0.8247103691101074 0.8367395401000977 
vt 0.8222753405570984 0.8446542024612427 
vt 0.8222753405570984 0.8529341220855713 
vt 0.8249538540840149 0.8608487844467163 
vt 0.8298238515853882 0.867667555809021 
vt 0.8366418480873108 0.8726599216461182 
vt 0.8446773886680603 0.8752169609069824 
vt 0.8530781269073486 0.8752169609069824 
vt 0.860991895198822 0.8726599216461182 
vt 0.8678098917007446 0.8677893280982971 
vt 0.8725581169128418 0.8610923290252686 
vt 0.8751148581504822 0.8532994389533997 
vt 0.8751148581504822 0.8448976874351501 
vt 0.8725581169128418 0.8369830250740051 
vt 0.8675663471221924 0.8301642537117004 
vt 0.8607483506202698 0.825171947479248 
vt 0.852712869644165 0.8224931359291077 
vt 0.8444338440895081 0.8224931359291077 
vt 0.8363983631134033 0.8250501751899719 
vt 0.8374941349029541 0.8272418975830078 
vt 0.8314065933227539 0.8317471742630005 
vt 0.8269018530845642 0.8378353714942932 
vt 0.8245885968208313 0.8450194597244263 
vt 0.8245885968208313 0.8525688052177429 
vt 0.8270236253738403 0.859752893447876 
vt 0.83152836561203 0.8659628629684448 
vt 0.8378593921661377 0.8704681396484375 
vt 0.8451643586158752 0.8727816343307495 
vt 0.852712869644165 0.8729034066200256 
vt 0.8600178956985474 0.8705899119377136 
vt 0.8661053776741028 0.8662064075469971 
vt 0.8704883456230164 0.8601182103157043 
vt 0.8728016018867493 0.8529341220855713 
vt 0.8728016018867493 0.8452630043029785 
vt 0.870366632938385 0.8380789160728455 
vt 0.8658618927001953 0.8318689465522766 
vt 0.8596526384353638 0.8273636698722839 
vt 0.8523476123809814 0.8249284029006958 
vt 0.8447991013526917 0.8249284029006958 
vt 0.5043861269950867 0.9777422547340393 
vt 0.5019510984420776 0.9731152057647705 
vt 0.5177786350250244 0.9678793549537659 
vt 0.5141261219978333 0.9642264246940613 
vt 0.5273968577384949 0.9543635249137878 
vt 0.522770345211029 0.9520500302314758 
vt 0.5323886275291443 0.9386559724807739 
vt 0.5272751450538635 0.937925398349762 
vt 0.5323886275291443 0.922217845916748 
vt 0.5272751450538635 0.9230701923370361 
vt 0.5272751450538635 0.9066320657730103 
vt 0.522770345211029 0.9089455604553223 
vt 0.5176568627357483 0.8933597803115845 
vt 0.5141261219978333 0.8968909382820129 
vt 0.5045078992843628 0.8836186528205872 
vt 0.5020728707313538 0.8881239295005798 
vt 0.48880210518836975 0.8783828020095825 
vt 0.48807162046432495 0.883496880531311 
vt 0.4723658561706543 0.8782610297203064 
vt 0.4732181131839752 0.8833751082420349 
vt 0.45666012167930603 0.8832533359527588 
vt 0.45897337794303894 0.8878803849220276 
vt 0.44314587116241455 0.89287269115448 
vt 0.4467983841896057 0.8966473937034607 
vt 0.43328413367271423 0.9062667489051819 
vt 0.43791061639785767 0.90870201587677 
vt 0.4281706213951111 0.9220960736274719 
vt 0.43328413367271423 0.92294842004776 
vt 0.42804887890815735 0.9386559724807739 
vt 0.4331623613834381 0.937925398349762 
vt 0.4331623613834381 0.954485297203064 
vt 0.43778887391090393 0.952171802520752 
vt 0.4429023563861847 0.968001127243042 
vt 0.44655486941337585 0.9642264246940613 
vt 0.45629486441612244 0.9777422547340393 
vt 0.45860812067985535 0.9731152057647705 
vt 0.4720006287097931 0.9828563332557678 
vt 0.4728528559207916 0.9777422547340393 
vt 0.4885586202144623 0.9828563332557678 
vt 0.48770636320114136 0.9777422547340393 
vt 0.4844191074371338 0.9570423364639282 
vt 0.4923328757286072 0.954485297203064 
vt 0.4991508722305298 0.9494929909706116 
vt 0.5040208697319031 0.9425524473190308 
vt 0.5065776109695435 0.9346377849578857 
vt 0.5066993832588196 0.9262360334396362 
vt 0.5041426420211792 0.9183213710784912 
vt 0.4992726147174835 0.9116243720054626 
vt 0.49257636070251465 0.9066320657730103 
vt 0.48466262221336365 0.904075026512146 
vt 0.47638362646102905 0.904075026512146 
vt 0.46846985816955566 0.9066320657730103 
vt 0.46165186166763306 0.9116243720054626 
vt 0.45666012167930603 0.9184431433677673 
vt 0.4539816081523895 0.9263578057289124 
vt 0.4539816081523895 0.9347595572471619 
vt 0.4565383791923523 0.9427959322929382 
vt 0.4614083766937256 0.9494929909706116 
vt 0.4682263731956482 0.9543635249137878 
vt 0.4761401116847992 0.9570423364639282 
vt 0.4765053689479828 0.9546070694923401 
vt 0.4840538799762726 0.9546070694923401 
vt 0.4912371337413788 0.9522935748100281 
vt 0.49744635820388794 0.9477882981300354 
vt 0.5018293857574463 0.9415783286094666 
vt 0.5042643547058105 0.9342724680900574 
vt 0.5042643547058105 0.9266013503074646 
vt 0.5019510984420776 0.9194172620773315 
vt 0.49756813049316406 0.9133290648460388 
vt 0.49148061871528625 0.9088237881660461 
vt 0.48429736495018005 0.9065102934837341 
vt 0.47674888372421265 0.906388521194458 
vt 0.4694438576698303 0.9088237881660461 
vt 0.4633563756942749 0.9133290648460388 
vt 0.4588516056537628 0.9195390343666077 
vt 0.45641660690307617 0.9267231225967407 
vt 0.45641660690307617 0.9343942403793335 
vt 0.4587298631668091 0.9417001008987427 
vt 0.46311286091804504 0.9477882981300354 
vt 0.4693221151828766 0.9522935748100281 
vt 0.9691058993339539 0.8249284029006958 
vt 0.9671578407287598 0.8128737807273865 
vt 0.9765326380729675 0.8224931359291077 
vt 0.970932126045227 0.81165611743927 
vt 0.9828636050224304 0.817987859249115 
vt 0.9742193818092346 0.809342622756958 
vt 0.9873683452606201 0.81165611743927 
vt 0.9765326380729675 0.8060550093650818 
vt 0.9898033738136292 0.8042285442352295 
vt 0.9777501225471497 0.8022803068161011 
vt 0.9898033738136292 0.7963138818740845 
vt 0.9777501225471497 0.7982621192932129 
vt 0.9873683452606201 0.7888862490653992 
vt 0.9765326380729675 0.7944874167442322 
vt 0.9828636050224304 0.7825545072555542 
vt 0.9742193818092346 0.791199803352356 
vt 0.9765326380729675 0.7780492901802063 
vt 0.970932126045227 0.7888862490653992 
vt 0.9691058993339539 0.7756139636039734 
vt 0.9671578407287598 0.7876686453819275 
vt 0.9611921310424805 0.7756139636039734 
vt 0.9631401300430298 0.7876686453819275 
vt 0.9537653923034668 0.7780492901802063 
vt 0.9593658447265625 0.7888862490653992 
vt 0.9474343657493591 0.7825545072555542 
vt 0.9560786485671997 0.791199803352356 
vt 0.9429296255111694 0.7888862490653992 
vt 0.9537653923034668 0.7944874167442322 
vt 0.9404945969581604 0.7963138818740845 
vt 0.9525478482246399 0.7982621192932129 
vt 0.9404945969581604 0.8042285442352295 
vt 0.9525478482246399 0.8022803068161011 
vt 0.9429296255111694 0.81165611743927 
vt 0.9537653923034668 0.8060550093650818 
vt 0.9474343657493591 0.817987859249115 
vt 0.9560786485671997 0.809342622756958 
vt 0.9537653923034668 0.8224931359291077 
vt 0.9593658447265625 0.81165611743927 
vt 0.9611921310424805 0.8249284029006958 
vt 0.9631401300430298 0.8128737807273865 
vt 0.7758886218070984 0.6066055297851562 
vt 0.7758886218070984 0.6066055297851562 
vt 0.7717491388320923 0.6030743718147278 
vt 0.7717491388320923 0.6030743718147278 
vt 0.7667573690414429 0.6012479662895203 
vt 0.7667573690414429 0.6012479662895203 
vt 0.7612786293029785 0.6012479662895203 
vt 0.7612786293029785 0.6012479662895203 
vt 0.7561651468276978 0.6030743718147278 
vt 0.7561651468276978 0.6030743718147278 
vt 0.7520256042480469 0.6066055297851562 
vt 0.7520256042480469 0.6066055297851562 
vt 0.7493470907211304 0.611232578754425 
vt 0.7493470907211304 0.611232578754425 
vt 0.7483730912208557 0.6165902018547058 
vt 0.7483730912208557 0.6165902018547058 
vt 0.7493470907211304 0.6219478249549866 
vt 0.7493470907211304 0.6219478249549866 
vt 0.7520256042480469 0.6266965866088867 
vt 0.7520256042480469 0.6266965866088867 
vt 0.7561651468276978 0.6301060318946838 
vt 0.7561651468276978 0.6301060318946838 
vt 0.7612786293029785 0.6319324374198914 
vt 0.7612786293029785 0.6319324374198914 
vt 0.7666355967521667 0.6319324374198914 
vt 0.7666355967521667 0.6319324374198914 
vt 0.7717491388320923 0.6301060318946838 
vt 0.7717491388320923 0.6301060318946838 
vt 0.7758886218070984 0.6266965866088867 
vt 0.7758886218070984 0.6266965866088867 
vt 0.7786888480186462 0.6219478249549866 
vt 0.7786888480186462 0.6219478249549866 
vt 0.7795411348342896 0.6165902018547058 
vt 0.7795411348342896 0.6165902018547058 
vt 0.7786888480186462 0.611232578754425 
vt 0.7786888480186462 0.611232578754425 
vt 0.5529643893241882 0.6617646217346191 
vt 0.5529643893241882 0.6617646217346191 
vt 0.5571038722991943 0.6582334637641907 
vt 0.5571038722991943 0.6582334637641907 
vt 0.5597823858261108 0.6536064743995667 
vt 0.5597823858261108 0.6536064743995667 
vt 0.5607563853263855 0.6482488512992859 
vt 0.5607563853263855 0.6482488512992859 
vt 0.5597823858261108 0.6428912281990051 
vt 0.5597823858261108 0.6428912281990051 
vt 0.5571038722991943 0.6381424069404602 
vt 0.5571038722991943 0.6381424069404602 
vt 0.5529643893241882 0.6347330212593079 
vt 0.5529643893241882 0.6347330212593079 
vt 0.5478508472442627 0.6327848434448242 
vt 0.5478508472442627 0.6327848434448242 
vt 0.5424938797950745 0.6327848434448242 
vt 0.5424938797950745 0.6327848434448242 
vt 0.5373803973197937 0.6347330212593079 
vt 0.5373803973197937 0.6347330212593079 
vt 0.5332408547401428 0.6381424069404602 
vt 0.5332408547401428 0.6381424069404602 
vt 0.530440628528595 0.6428912281990051 
vt 0.530440628528595 0.6428912281990051 
vt 0.5295883417129517 0.6482488512992859 
vt 0.5295883417129517 0.6482488512992859 
vt 0.530440628528595 0.6536064743995667 
vt 0.530440628528595 0.6536064743995667 
vt 0.5332408547401428 0.6582334637641907 
vt 0.5332408547401428 0.6582334637641907 
vt 0.5373803973197937 0.6617646217346191 
vt 0.5373803973197937 0.6617646217346191 
vt 0.5424938797950745 0.6635910868644714 
vt 0.5424938797950745 0.6635910868644714 
vt 0.5478508472442627 0.6635910868644714 
vt 0.5478508472442627 0.6635910868644714 
vt 0.7564086318016052 0.7168020009994507 
vt 0.7454510927200317 0.7113226056098938 
vt 0.7587218880653381 0.7093743681907654 
vt 0.7466686367988586 0.707426130771637 
vt 0.7587218880653381 0.7015814781188965 
vt 0.7466686367988586 0.7035297155380249 
vt 0.7564086318016052 0.6941538453102112 
vt 0.7454510927200317 0.6996332406997681 
vt 0.7517821192741394 0.687822163105011 
vt 0.7431378960609436 0.696467399597168 
vt 0.7454510927200317 0.6831951141357422 
vt 0.739850640296936 0.6941538453102112 
vt 0.7380243539810181 0.680759847164154 
vt 0.7360763549804688 0.6928144693374634 
vt 0.7302323579788208 0.680759847164154 
vt 0.7320586442947388 0.6928144693374634 
vt 0.722683846950531 0.6831951141357422 
vt 0.7282843589782715 0.6941538453102112 
vt 0.7163528800010681 0.687822163105011 
vt 0.72511887550354 0.696467399597168 
vt 0.7118481397628784 0.6941538453102112 
vt 0.722683846950531 0.6996332406997681 
vt 0.7094131112098694 0.7015814781188965 
vt 0.7214663624763489 0.7035297155380249 
vt 0.7094131112098694 0.7093743681907654 
vt 0.7214663624763489 0.707426130771637 
vt 0.7118481397628784 0.7168020009994507 
vt 0.722683846950531 0.7113226056098938 
vt 0.7164745926856995 0.7231336832046509 
vt 0.72511887550354 0.7144884467124939 
vt 0.722683846950531 0.7277607321739197 
vt 0.7282843589782715 0.7168020009994507 
vt 0.7302323579788208 0.7301959991455078 
vt 0.7320586442947388 0.7180196046829224 
vt 0.7380243539810181 0.7301959991455078 
vt 0.7360763549804688 0.7180196046829224 
vt 0.7454510927200317 0.7277607321739197 
vt 0.739850640296936 0.7168020009994507 
vt 0.7517821192741394 0.7231336832046509 
vt 0.7431378960609436 0.7144884467124939 
vt 0.9331896305084229 0.2687104642391205 
vt 0.9263716340065002 0.2687104642391205 
vt 0.9302676320075989 0.25969991087913513 
vt 0.9246671199798584 0.2637181282043457 
vt 0.922597348690033 0.2540987730026245 
vt 0.9204058647155762 0.26067402958869934 
vt 0.9131008982658386 0.2540987730026245 
vt 0.9151706099510193 0.26067402958869934 
vt 0.9054306149482727 0.25969991087913513 
vt 0.9109093546867371 0.2637181282043457 
vt 0.9025086164474487 0.2687104642391205 
vt 0.9093266129493713 0.2687104642391205 
vt 0.9054306149482727 0.27772098779678345 
vt 0.9109093546867371 0.273824542760849 
vt 0.9131008982658386 0.28332212567329407 
vt 0.9151706099510193 0.27686864137649536 
vt 0.922597348690033 0.28332212567329407 
vt 0.9204058647155762 0.27686864137649536 
vt 0.9302676320075989 0.27772098779678345 
vt 0.9246671199798584 0.273824542760849 
vt 0.9178491234779358 0.2687104642391205 
vt 0.7786888480186462 0.611232578754425 
vt 0.816796600818634 0.5973514914512634 
vt 0.7795411348342896 0.6165902018547058 
vt 0.8202056288719177 0.6165902018547058 
vt 0.7786888480186462 0.6219478249549866 
vt 0.816796600818634 0.6358289122581482 
vt 0.7758886218070984 0.6266965866088867 
vt 0.8070566058158875 0.6527541279792786 
vt 0.7717491388320923 0.6301060318946838 
vt 0.792081356048584 0.6652957797050476 
vt 0.7666355967521667 0.6319324374198914 
vt 0.7736971378326416 0.671992838382721 
vt 0.7612786293029785 0.6319324374198914 
vt 0.7542171478271484 0.671992838382721 
vt 0.7561651468276978 0.6301060318946838 
vt 0.7358328700065613 0.6652957797050476 
vt 0.7520256042480469 0.6266965866088867 
vt 0.7209793925285339 0.6527541279792786 
vt 0.7493470907211304 0.6219478249549866 
vt 0.7111176252365112 0.6358289122581482 
vt 0.7483730912208557 0.6165902018547058 
vt 0.7078303694725037 0.6165902018547058 
vt 0.7493470907211304 0.611232578754425 
vt 0.7112393975257874 0.5973514914512634 
vt 0.7520256042480469 0.6066055297851562 
vt 0.7209793925285339 0.5804262757301331 
vt 0.7561651468276978 0.6030743718147278 
vt 0.7358328700065613 0.567884624004364 
vt 0.7612786293029785 0.6012479662895203 
vt 0.7542171478271484 0.5613093376159668 
vt 0.7667573690414429 0.6012479662895203 
vt 0.7736971378326416 0.5613093376159668 
vt 0.7717491388320923 0.6030743718147278 
vt 0.792081356048584 0.567884624004364 
vt 0.7758886218070984 0.6066055297851562 
vt 0.8070566058158875 0.5805480480194092 
vt 0.871462345123291 0.33190596103668213 
vt 0.8799848556518555 0.33702006936073303 
vt 0.874384343624115 0.3410382568836212 
vt 0.8842461109161377 0.3400641679763794 
vt 0.8820546269416809 0.3465176522731781 
vt 0.8894813656806946 0.3400641679763794 
vt 0.89155113697052 0.3465176522731781 
vt 0.8937426209449768 0.33702006936073303 
vt 0.8992213606834412 0.3410382568836212 
vt 0.8954471349716187 0.33190596103668213 
vt 0.9022651314735413 0.33190596103668213 
vt 0.8937426209449768 0.32691365480422974 
vt 0.8992213606834412 0.32289543747901917 
vt 0.8894813656806946 0.3238695561885834 
vt 0.89155113697052 0.31729429960250854 
vt 0.8842461109161377 0.3238695561885834 
vt 0.8820546269416809 0.31729429960250854 
vt 0.8799848556518555 0.32691365480422974 
vt 0.874384343624115 0.32289543747901917 
vt 0.8782803416252136 0.33190596103668213 
vt 0.8868028521537781 0.33190596103668213 
vt 0.6475641131401062 0.9720193147659302 
vt 0.6367283463478088 0.9774987101554871 
vt 0.6463466286659241 0.9682446122169495 
vt 0.6342933773994446 0.9700710773468018 
vt 0.6463466286659241 0.9642264246940613 
vt 0.6342933773994446 0.9622781872749329 
vt 0.6475641131401062 0.9604517221450806 
vt 0.6367283463478088 0.9548506140708923 
vt 0.6499991416931152 0.9571641087532043 
vt 0.6412331461906433 0.9485188722610474 
vt 0.6531646251678467 0.9548506140708923 
vt 0.6475641131401062 0.9438918232917786 
vt 0.6569388508796692 0.9536329507827759 
vt 0.6549908518791199 0.9414565563201904 
vt 0.660956621170044 0.9536329507827759 
vt 0.6629046201705933 0.9414565563201904 
vt 0.6647308468818665 0.9548506140708923 
vt 0.6703313589096069 0.9438918232917786 
vt 0.668018102645874 0.9571641087532043 
vt 0.6766623854637146 0.9485188722610474 
vt 0.6703313589096069 0.9604517221450806 
vt 0.6812888979911804 0.9548506140708923 
vt 0.6715488433837891 0.9642264246940613 
vt 0.6836020946502686 0.9622781872749329 
vt 0.6715488433837891 0.9682446122169495 
vt 0.6836020946502686 0.9700710773468018 
vt 0.6703313589096069 0.9720193147659302 
vt 0.6812888979911804 0.9774987101554871 
vt 0.668018102645874 0.9751851558685303 
vt 0.6766623854637146 0.983830451965332 
vt 0.6647308468818665 0.9776204824447632 
vt 0.6703313589096069 0.988457441329956 
vt 0.660956621170044 0.9788380861282349 
vt 0.6629046201705933 0.9908927083015442 
vt 0.6569388508796692 0.9788380861282349 
vt 0.655112624168396 0.9908927083015442 
vt 0.6531646251678467 0.9776204824447632 
vt 0.6475641131401062 0.988457441329956 
vt 0.6499991416931152 0.9751851558685303 
vt 0.6412331461906433 0.983830451965332 
vt 0.07229536771774292 0.6820992231369019 
vt 0.07229536771774292 0.6820992231369019 
vt 0.07655662298202515 0.6856303811073303 
vt 0.07655662298202515 0.6856303811073303 
vt 0.07923512160778046 0.6902574300765991 
vt 0.07923512160778046 0.6902574300765991 
vt 0.08020912110805511 0.6956150531768799 
vt 0.08020912110805511 0.6956150531768799 
vt 0.07923512160778046 0.7009726762771606 
vt 0.07923512160778046 0.7009726762771606 
vt 0.07643487304449081 0.7055996656417847 
vt 0.07643487304449081 0.7055996656417847 
vt 0.07229536771774292 0.7091308236122131 
vt 0.07229536771774292 0.7091308236122131 
vt 0.06718187034130096 0.7109572887420654 
vt 0.06718187034130096 0.7109572887420654 
vt 0.061824869364500046 0.7109572887420654 
vt 0.061824869364500046 0.7109572887420654 
vt 0.05671136826276779 0.7091308236122131 
vt 0.05671136826276779 0.7091308236122131 
vt 0.052571870386600494 0.7055996656417847 
vt 0.052571870386600494 0.7055996656417847 
vt 0.049893371760845184 0.7009726762771606 
vt 0.049893371760845184 0.7009726762771606 
vt 0.04891936853528023 0.6956150531768799 
vt 0.04891936853528023 0.6956150531768799 
vt 0.049893371760845184 0.6902574300765991 
vt 0.049893371760845184 0.6902574300765991 
vt 0.052571870386600494 0.6856303811073303 
vt 0.052571870386600494 0.6856303811073303 
vt 0.05671136826276779 0.6820992231369019 
vt 0.05671136826276779 0.6820992231369019 
vt 0.061824869364500046 0.6802727580070496 
vt 0.061824869364500046 0.6802727580070496 
vt 0.0673036202788353 0.6802727580070496 
vt 0.0673036202788353 0.6802727580070496 
vt 0.6383111476898193 0.6329065561294556 
vt 0.6328323483467102 0.6220695972442627 
vt 0.6446421146392822 0.6282795667648315 
vt 0.6359978914260864 0.6196343302726746 
vt 0.649268627166748 0.6220695972442627 
vt 0.6383111476898193 0.6164684295654297 
vt 0.6517035961151123 0.6145201921463013 
vt 0.6395286321640015 0.612693727016449 
vt 0.6517035961151123 0.6067273020744324 
vt 0.6395286321640015 0.6086755394935608 
vt 0.649268627166748 0.5992997288703918 
vt 0.6383111476898193 0.6049008369445801 
vt 0.6446421146392822 0.5929679870605469 
vt 0.6359978914260864 0.6016132235527039 
vt 0.6383111476898193 0.5883409380912781 
vt 0.6328323483467102 0.5992997288703918 
vt 0.6308843493461609 0.5860274434089661 
vt 0.6289363503456116 0.5980820655822754 
vt 0.6230923533439636 0.5860274434089661 
vt 0.6250403523445129 0.5980820655822754 
vt 0.61566561460495 0.5883409380912781 
vt 0.6211443543434143 0.5992997288703918 
vt 0.6093346476554871 0.5929679870605469 
vt 0.6179788708686829 0.6016132235527039 
vt 0.6047081351280212 0.5992997288703918 
vt 0.61566561460495 0.6049008369445801 
vt 0.6022731065750122 0.6067273020744324 
vt 0.6143263578414917 0.6086755394935608 
vt 0.6022731065750122 0.6145201921463013 
vt 0.6143263578414917 0.612693727016449 
vt 0.6047081351280212 0.6219478249549866 
vt 0.61566561460495 0.6164684295654297 
vt 0.6093346476554871 0.6282795667648315 
vt 0.6179788708686829 0.6196343302726746 
vt 0.61566561460495 0.6329065561294556 
vt 0.6211443543434143 0.6220695972442627 
vt 0.6230923533439636 0.6353418827056885 
vt 0.6250403523445129 0.6232872009277344 
vt 0.6308843493461609 0.6353418827056885 
vt 0.6289363503456116 0.6232872009277344 
vt 0.036379121243953705 0.7443206310272217 
vt 0.036379121243953705 0.7443206310272217 
vt 0.02152561955153942 0.7317789196968079 
vt 0.02152561955153942 0.7317789196968079 
vt 0.011663869954645634 0.7148537635803223 
vt 0.011663869954645634 0.7148537635803223 
vt 0.008376619778573513 0.6956150531768799 
vt 0.008376619778573513 0.6956150531768799 
vt 0.011785619892179966 0.6763763427734375 
vt 0.011785619892179966 0.6763763427734375 
vt 0.02152561955153942 0.6594511270523071 
vt 0.02152561955153942 0.6594511270523071 
vt 0.036379121243953705 0.6469094157218933 
vt 0.036379121243953705 0.6469094157218933 
vt 0.054763369262218475 0.6402124166488647 
vt 0.054763369262218475 0.6402124166488647 
vt 0.07424336671829224 0.6403341889381409 
vt 0.07424336671829224 0.6403341889381409 
vt 0.0926276221871376 0.6469094157218933 
vt 0.0926276221871376 0.6469094157218933 
vt 0.10760287195444107 0.6594511270523071 
vt 0.10760287195444107 0.6594511270523071 
vt 0.11734286695718765 0.6763763427734375 
vt 0.11734286695718765 0.6763763427734375 
vt 0.12075187265872955 0.6956150531768799 
vt 0.12075187265872955 0.6956150531768799 
vt 0.11734286695718765 0.7148537635803223 
vt 0.11734286695718765 0.7148537635803223 
vt 0.10760287195444107 0.7317789196968079 
vt 0.10760287195444107 0.7317789196968079 
vt 0.0926276221871376 0.7443206310272217 
vt 0.0926276221871376 0.7443206310272217 
vt 0.07424336671829224 0.7508959174156189 
vt 0.07424336671829224 0.7508959174156189 
vt 0.054763369262218475 0.7508959174156189 
vt 0.054763369262218475 0.7508959174156189 
vt 0.7736971378326416 0.671992838382721 
vt 0.7736971378326416 0.671992838382721 
vt 0.792081356048584 0.6652957797050476 
vt 0.792081356048584 0.6652957797050476 
vt 0.8070566058158875 0.6527541279792786 
vt 0.8070566058158875 0.6527541279792786 
vt 0.816796600818634 0.6358289122581482 
vt 0.816796600818634 0.6358289122581482 
vt 0.8202056288719177 0.6165902018547058 
vt 0.8202056288719177 0.6165902018547058 
vt 0.816796600818634 0.5973514914512634 
vt 0.816796600818634 0.5973514914512634 
vt 0.8070566058158875 0.5805480480194092 
vt 0.8070566058158875 0.5805480480194092 
vt 0.792081356048584 0.567884624004364 
vt 0.792081356048584 0.567884624004364 
vt 0.7736971378326416 0.5613093376159668 
vt 0.7736971378326416 0.5613093376159668 
vt 0.7542171478271484 0.5613093376159668 
vt 0.7542171478271484 0.5613093376159668 
vt 0.7358328700065613 0.567884624004364 
vt 0.7358328700065613 0.567884624004364 
vt 0.7209793925285339 0.5804262757301331 
vt 0.7209793925285339 0.5804262757301331 
vt 0.7112393975257874 0.5973514914512634 
vt 0.7112393975257874 0.5973514914512634 
vt 0.7078303694725037 0.6165902018547058 
vt 0.7078303694725037 0.6165902018547058 
vt 0.7111176252365112 0.6358289122581482 
vt 0.7111176252365112 0.6358289122581482 
vt 0.7209793925285339 0.6527541279792786 
vt 0.7209793925285339 0.6527541279792786 
vt 0.7358328700065613 0.6652957797050476 
vt 0.7358328700065613 0.6652957797050476 
vt 0.7542171478271484 0.671992838382721 
vt 0.7542171478271484 0.671992838382721 
vt 0.7785671353340149 0.9636176228523254 
vt 0.776862621307373 0.9653223156929016 
vt 0.7740623950958252 0.9574076533317566 
vt 0.7719926238059998 0.9585034847259521 
vt 0.7717491388320923 0.9502235651016235 
vt 0.7693141102790833 0.9505888819694519 
vt 0.7717491388320923 0.9425524473190308 
vt 0.7694358825683594 0.9421871304512024 
vt 0.7741841077804565 0.9352465867996216 
vt 0.7719926238059998 0.9341506958007812 
vt 0.7786888480186462 0.9291583895683289 
vt 0.7769843935966492 0.9273319244384766 
vt 0.7848981022834778 0.9246531128883362 
vt 0.7838023900985718 0.9224613904953003 
vt 0.792081356048584 0.922217845916748 
vt 0.7917160987854004 0.919904351234436 
vt 0.7996298670768738 0.922217845916748 
vt 0.7999951243400574 0.919904351234436 
vt 0.80681312084198 0.9246531128883362 
vt 0.8079088926315308 0.9224613904953003 
vt 0.8129006028175354 0.9290366172790527 
vt 0.8146051168441772 0.9274536967277527 
vt 0.8174053430557251 0.9352465867996216 
vt 0.8194751143455505 0.9341506958007812 
vt 0.8195968866348267 0.9424306750297546 
vt 0.8220318555831909 0.9420653581619263 
vt 0.8195968866348267 0.9499800205230713 
vt 0.8220318555831909 0.9504671096801758 
vt 0.8171618580818176 0.9572858810424805 
vt 0.8193533420562744 0.9583817720413208 
vt 0.812778890132904 0.9636176228523254 
vt 0.8144833445549011 0.9653223156929016 
vt 0.8066913485527039 0.9681228995323181 
vt 0.8077871203422546 0.9701928496360779 
vt 0.7995080947875977 0.9704363942146301 
vt 0.7998733520507812 0.9727498888969421 
vt 0.7918378710746765 0.9704363942146301 
vt 0.7914726138114929 0.9728716611862183 
vt 0.7846546173095703 0.9681228995323181 
vt 0.7835588455200195 0.9701928496360779 
vt 0.7739406228065491 0.9889445304870605 
vt 0.7618873715400696 0.9800557494163513 
vt 0.7531213760375977 0.968001127243042 
vt 0.748616635799408 0.953754723072052 
vt 0.748616635799408 0.93877774477005 
vt 0.7533648610115051 0.9245313405990601 
vt 0.7622526288032532 0.9123549461364746 
vt 0.7743058800697327 0.9037097096443176 
vt 0.788550615310669 0.899204432964325 
vt 0.8034040927886963 0.8993262052536011 
vt 0.8175271153450012 0.9039532542228699 
vt 0.8294585943222046 0.912720263004303 
vt 0.8381028771400452 0.9247748851776123 
vt 0.842729389667511 0.9388995170593262 
vt 0.842729389667511 0.953754723072052 
vt 0.8382246494293213 0.9678793549537659 
vt 0.8294585943222046 0.9800557494163513 
vt 0.8174053430557251 0.9889445304870605 
vt 0.8031606078147888 0.9935715198516846 
vt 0.7881853580474854 0.9935715198516846 
vt 0.7873331308364868 0.9986856579780579 
vt 0.7716273665428162 0.9935715198516846 
vt 0.7582348585128784 0.9837086796760559 
vt 0.7484948635101318 0.970314621925354 
vt 0.7433813810348511 0.954485297203064 
vt 0.7435030937194824 0.937925398349762 
vt 0.7487383484840393 0.9220960736274719 
vt 0.758600115776062 0.90870201587677 
vt 0.7719926238059998 0.8990826606750488 
vt 0.7878201007843018 0.8940903544425964 
vt 0.8042563796043396 0.8942121267318726 
vt 0.8198403716087341 0.8993262052536011 
vt 0.8331111073493958 0.9090673327445984 
vt 0.842729389667511 0.9224613904953003 
vt 0.8477210998535156 0.9380471706390381 
vt 0.8478428721427917 0.954485297203064 
vt 0.8428511023521423 0.9701928496360779 
vt 0.8331111073493958 0.9837086796760559 
vt 0.819718599319458 0.9935715198516846 
vt 0.803891122341156 0.9986856579780579 
vt 0.7900116443634033 0.7301959991455078 
vt 0.788063645362854 0.7180196046829224 
vt 0.797438383102417 0.7277607321739197 
vt 0.7918378710746765 0.7168020009994507 
vt 0.8037693500518799 0.7231336832046509 
vt 0.7951251268386841 0.7144884467124939 
vt 0.8083958625793457 0.7168020009994507 
vt 0.797438383102417 0.7112008333206177 
vt 0.8108308911323547 0.7093743681907654 
vt 0.7986558675765991 0.707426130771637 
vt 0.8108308911323547 0.7015814781188965 
vt 0.7986558675765991 0.7035297155380249 
vt 0.8083958625793457 0.6941538453102112 
vt 0.797438383102417 0.6996332406997681 
vt 0.8037693500518799 0.687822163105011 
vt 0.7951251268386841 0.696467399597168 
vt 0.797438383102417 0.6831951141357422 
vt 0.7918378710746765 0.6941538453102112 
vt 0.7900116443634033 0.680759847164154 
vt 0.788063645362854 0.6928144693374634 
vt 0.782219648361206 0.680759847164154 
vt 0.7840458750724792 0.6928144693374634 
vt 0.7747928500175476 0.6831951141357422 
vt 0.7802716493606567 0.6941538453102112 
vt 0.7684618830680847 0.687822163105011 
vt 0.7771061062812805 0.696467399597168 
vt 0.7638353705406189 0.6941538453102112 
vt 0.7747928500175476 0.6996332406997681 
vt 0.7614003419876099 0.7015814781188965 
vt 0.7734535932540894 0.7035297155380249 
vt 0.7614003419876099 0.7093743681907654 
vt 0.7734535932540894 0.707426130771637 
vt 0.7638353705406189 0.7168020009994507 
vt 0.7747928500175476 0.7113226056098938 
vt 0.7684618830680847 0.7231336832046509 
vt 0.7771061062812805 0.7144884467124939 
vt 0.7747928500175476 0.7277607321739197 
vt 0.7802716493606567 0.7168020009994507 
vt 0.782219648361206 0.7301959991455078 
vt 0.7840458750724792 0.7180196046829224 
vt 0.8921598792076111 0.8062984943389893 
vt 0.8928903937339783 0.8011844158172607 
vt 0.9087178707122803 0.8062984943389893 
vt 0.9078656435012817 0.8011844158172607 
vt 0.9245453476905823 0.8011844158172607 
vt 0.922110378742218 0.7965573668479919 
vt 0.9378161430358887 0.7914432883262634 
vt 0.9341636300086975 0.7877903580665588 
vt 0.9474343657493591 0.7781710028648376 
vt 0.9428078532218933 0.7757357358932495 
vt 0.9525478482246399 0.7625852227210999 
vt 0.9474343657493591 0.7617328763008118 
vt 0.9525478482246399 0.746147096157074 
vt 0.9474343657493591 0.7468776702880859 
vt 0.9475561380386353 0.7303177714347839 
vt 0.9429296255111694 0.732631266117096 
vt 0.9378161430358887 0.7168020009994507 
vt 0.9341636300086975 0.7204548716545105 
vt 0.9244236350059509 0.7070608735084534 
vt 0.9219886064529419 0.7116878628730774 
vt 0.9085960984230042 0.7018250226974487 
vt 0.9077438712120056 0.7069391012191772 
vt 0.892038106918335 0.7018250226974487 
vt 0.8927686214447021 0.7069391012191772 
vt 0.876210629940033 0.7069391012191772 
vt 0.8786455988883972 0.711566150188446 
vt 0.8628181219100952 0.7166802287101746 
vt 0.8665923476219177 0.7203331589698792 
vt 0.8531998991966248 0.7300742268562317 
vt 0.8578263521194458 0.7323877811431885 
vt 0.8482081294059753 0.7457817792892456 
vt 0.8531998991966248 0.7465124130249023 
vt 0.8482081294059753 0.7622199654579163 
vt 0.8531998991966248 0.7613676190376282 
vt 0.8531998991966248 0.777805745601654 
vt 0.8578263521194458 0.775492250919342 
vt 0.8628181219100952 0.7913215160369873 
vt 0.8665923476219177 0.7876686453819275 
vt 0.8763323426246643 0.8011844158172607 
vt 0.8786455988883972 0.7965573668479919 
vt 0.8883855938911438 0.777805745601654 
vt 0.8964211344718933 0.7803627848625183 
vt 0.9047001004219055 0.7804845571517944 
vt 0.912735641002655 0.7779275178909302 
vt 0.9194318652153015 0.7730569243431091 
vt 0.9241800904273987 0.7663599252700806 
vt 0.9267368912696838 0.7584452629089355 
vt 0.9267368912696838 0.7501652836799622 
vt 0.9241800904273987 0.7421289086341858 
vt 0.919188380241394 0.7353100776672363 
vt 0.9123703837394714 0.7303177714347839 
vt 0.904456615447998 0.7277607321739197 
vt 0.8960558772087097 0.7277607321739197 
vt 0.888020396232605 0.7303177714347839 
vt 0.8813241124153137 0.735188364982605 
vt 0.8764541149139404 0.7418853640556335 
vt 0.8738973736763 0.7498000264167786 
vt 0.8738973736763 0.7580799460411072 
vt 0.8765758872032166 0.7659946084022522 
vt 0.8814458847045898 0.7728134393692017 
vt 0.883272111415863 0.7711087465286255 
vt 0.8894813656806946 0.7756139636039734 
vt 0.8967863917350769 0.7780492901802063 
vt 0.9043348431587219 0.7780492901802063 
vt 0.9116398692131042 0.7757357358932495 
vt 0.9177273511886597 0.771352231502533 
vt 0.922110378742218 0.7652640342712402 
vt 0.9244236350059509 0.7580799460411072 
vt 0.9244236350059509 0.7505306005477905 
vt 0.9219886064529419 0.7432247400283813 
vt 0.9174838662147522 0.7370147705078125 
vt 0.9112746119499207 0.7325095534324646 
vt 0.9039696455001831 0.7300742268562317 
vt 0.8964211344718933 0.7300742268562317 
vt 0.889116108417511 0.7323877811431885 
vt 0.8830286264419556 0.7368930578231812 
vt 0.8785238862037659 0.7429812550544739 
vt 0.876210629940033 0.7501652836799622 
vt 0.876210629940033 0.7577146887779236 
vt 0.8786455988883972 0.7648987770080566 
vt 0.9453645944595337 0.2558034658432007 
vt 0.9475561380386353 0.25470760464668274 
vt 0.9476778507232666 0.26298755407333374 
vt 0.9499911069869995 0.26262226700782776 
vt 0.9476778507232666 0.2705368995666504 
vt 0.9499911069869995 0.27090221643447876 
vt 0.9452428817749023 0.27784276008605957 
vt 0.9474343657493591 0.2789386212825775 
vt 0.940859854221344 0.2840527296066284 
vt 0.9425643682479858 0.2857574224472046 
vt 0.9346505999565125 0.28867974877357483 
vt 0.9357463717460632 0.290749728679657 
vt 0.9274673461914062 0.29099327325820923 
vt 0.9278326034545898 0.29330676794052124 
vt 0.9199188947677612 0.29099327325820923 
vt 0.9195536375045776 0.29342854022979736 
vt 0.9126138687133789 0.28867974877357483 
vt 0.9116398692131042 0.290749728679657 
vt 0.9065263867378235 0.28417447209358215 
vt 0.9048218727111816 0.2858791649341583 
vt 0.9021433591842651 0.2779645323753357 
vt 0.8999518752098083 0.27906039357185364 
vt 0.8998301029205322 0.2706586718559265 
vt 0.897395133972168 0.2711457312107086 
vt 0.8998301029205322 0.2631092965602875 
vt 0.897395133972168 0.2627440094947815 
vt 0.9021433591842651 0.2558034658432007 
vt 0.9000736474990845 0.25470760464668274 
vt 0.906769871711731 0.24959351122379303 
vt 0.9049436450004578 0.24788880348205566 
vt 0.9128573536872864 0.24508823454380035 
vt 0.9117616415023804 0.2430182546377182 
vt 0.9200406074523926 0.24277472496032715 
vt 0.919675350189209 0.24046120047569275 
vt 0.9277108907699585 0.24277472496032715 
vt 0.9280761480331421 0.24046120047569275 
vt 0.9348941445350647 0.24521000683307648 
vt 0.9359898567199707 0.2430182546377182 
vt 0.9409816265106201 0.24959351122379303 
vt 0.942686140537262 0.24788880348205566 
vt 0.9574178457260132 0.2332771271467209 
vt 0.9661838412284851 0.2453317642211914 
vt 0.9706886410713196 0.2594563961029053 
vt 0.9706886410713196 0.2743116021156311 
vt 0.9661838412284851 0.28843623399734497 
vt 0.9574178457260132 0.3006126284599304 
vt 0.9453645944595337 0.30950137972831726 
vt 0.9311198592185974 0.31412842869758606 
vt 0.9162663817405701 0.31412842869758606 
vt 0.9020216464996338 0.30950137972831726 
vt 0.8899683952331543 0.3006126284599304 
vt 0.8812023997306824 0.28843623399734497 
vt 0.8765758872032166 0.274189829826355 
vt 0.8766975998878479 0.259212851524353 
vt 0.8813241124153137 0.24496647715568542 
vt 0.8902118802070618 0.2329118400812149 
vt 0.9023868441581726 0.22426658868789673 
vt 0.9166316390037537 0.21976132690906525 
vt 0.931485116481781 0.21988308429718018 
vt 0.9454863667488098 0.22451011836528778 
vt 0.9479213953018188 0.21988308429718018 
vt 0.9610703587532043 0.2296242117881775 
vt 0.9706886410713196 0.24289648234844208 
vt 0.9758021235466003 0.2586040496826172 
vt 0.9758021235466003 0.27504217624664307 
vt 0.9708103537559509 0.290749728679657 
vt 0.9611921310424805 0.3042655289173126 
vt 0.9477996230125427 0.31412842869758606 
vt 0.9319721460342407 0.3192425072193146 
vt 0.9154140949249268 0.3192425072193146 
vt 0.8995866179466248 0.31400665640830994 
vt 0.886194109916687 0.3042655289173126 
vt 0.8765758872032166 0.2908715009689331 
vt 0.871462345123291 0.27504217624664307 
vt 0.871462345123291 0.25848227739334106 
vt 0.8766975998878479 0.24265295267105103 
vt 0.8865593671798706 0.2292589247226715 
vt 0.9000736474990845 0.21963955461978912 
vt 0.9157793521881104 0.21464723348617554 
vt 0.9322156310081482 0.21476900577545166 
vt 0.9504781365394592 0.8363742232322693 
vt 0.9396423697471619 0.8418536186218262 
vt 0.9458516240119934 0.8300424814224243 
vt 0.9372073411941528 0.8386877179145813 
vt 0.9395205974578857 0.8254154324531555 
vt 0.9340418577194214 0.8363742232322693 
vt 0.9320938587188721 0.8229801654815674 
vt 0.9302676320075989 0.8350348472595215 
vt 0.9243018627166748 0.8229801654815674 
vt 0.9262498617172241 0.8350348472595215 
vt 0.9168751239776611 0.8254154324531555 
vt 0.9224756360054016 0.8363742232322693 
vt 0.9105440974235535 0.8300424814224243 
vt 0.919188380241394 0.8386877179145813 
vt 0.9059176445007324 0.8363742232322693 
vt 0.9168751239776611 0.8418536186218262 
vt 0.9034826159477234 0.8438017964363098 
vt 0.915657639503479 0.8457500338554382 
vt 0.9034826159477234 0.8515947461128235 
vt 0.915657639503479 0.8496465086936951 
vt 0.9059176445007324 0.859022319316864 
vt 0.9168751239776611 0.8534212112426758 
vt 0.9105440974235535 0.865354061126709 
vt 0.919188380241394 0.856708824634552 
vt 0.9168751239776611 0.8699811100959778 
vt 0.9224756360054016 0.859022319316864 
vt 0.9243018627166748 0.8724163770675659 
vt 0.9262498617172241 0.8602399826049805 
vt 0.9320938587188721 0.8724163770675659 
vt 0.9302676320075989 0.8602399826049805 
vt 0.9395205974578857 0.8699811100959778 
vt 0.9340418577194214 0.859022319316864 
vt 0.9458516240119934 0.865354061126709 
vt 0.9372073411941528 0.856708824634552 
vt 0.9504781365394592 0.859022319316864 
vt 0.9396423697471619 0.8534212112426758 
vt 0.9529131054878235 0.8515947461128235 
vt 0.940859854221344 0.8496465086936951 
vt 0.9529131054878235 0.8438017964363098 
vt 0.940859854221344 0.8456282615661621 
vt 0.9699581265449524 0.3041437864303589 
vt 0.9717843532562256 0.31632018089294434 
vt 0.9625313878059387 0.306579053401947 
vt 0.9680101275444031 0.3175378143787384 
vt 0.956200361251831 0.3112061023712158 
vt 0.9648446440696716 0.3198513388633728 
vt 0.9515738487243652 0.3175378143787384 
vt 0.9624096155166626 0.3230172097682953 
vt 0.949138879776001 0.3249654173851013 
vt 0.9611921310424805 0.32691365480422974 
vt 0.949138879776001 0.3327583074569702 
vt 0.9611921310424805 0.3308100998401642 
vt 0.9515738487243652 0.34018591046333313 
vt 0.9624096155166626 0.33470654487609863 
vt 0.956200361251831 0.3465176522731781 
vt 0.9648446440696716 0.3378724157810211 
vt 0.9625313878059387 0.3511446714401245 
vt 0.9680101275444031 0.34018591046333313 
vt 0.9699581265449524 0.35357996821403503 
vt 0.9717843532562256 0.3415253162384033 
vt 0.9777501225471497 0.35357996821403503 
vt 0.9758021235466003 0.3415253162384033 
vt 0.9851768612861633 0.3511446714401245 
vt 0.9795763492584229 0.34018591046333313 
vt 0.991507887840271 0.3465176522731781 
vt 0.9828636050224304 0.3378724157810211 
vt 0.996134340763092 0.34018591046333313 
vt 0.9851768612861633 0.33470654487609863 
vt 0.9985693693161011 0.3327583074569702 
vt 0.9863943457603455 0.3308100998401642 
vt 0.9985693693161011 0.3249654173851013 
vt 0.9863943457603455 0.32691365480422974 
vt 0.996134340763092 0.3175378143787384 
vt 0.9851768612861633 0.3230172097682953 
vt 0.991507887840271 0.3112061023712158 
vt 0.9828636050224304 0.3198513388633728 
vt 0.9851768612861633 0.306579053401947 
vt 0.9795763492584229 0.3175378143787384 
vt 0.9777501225471497 0.3041437864303589 
vt 0.9758021235466003 0.31632018089294434 
vt 0.9039696455001831 0.6006391048431396 
vt 0.9028738737106323 0.5985691547393799 
vt 0.9111528992652893 0.5983256101608276 
vt 0.9107876420021057 0.5960121154785156 
vt 0.9187013506889343 0.5983256101608276 
vt 0.9190666079521179 0.5960121154785156 
vt 0.9258846044540405 0.6006391048431396 
vt 0.9269803762435913 0.5985691547393799 
vt 0.9320938587188721 0.6051443815231323 
vt 0.9337983727455139 0.6034396886825562 
vt 0.9364768862724304 0.6113543510437012 
vt 0.9385465979576111 0.6102584600448608 
vt 0.9387901425361633 0.6185384392738342 
vt 0.9411033987998962 0.6181731224060059 
vt 0.9386683702468872 0.6260877847671509 
vt 0.9411033987998962 0.6264531016349792 
vt 0.9363551139831543 0.6333936452865601 
vt 0.9384248852729797 0.6344895362854004 
vt 0.9318503737449646 0.6396036148071289 
vt 0.9336766004562378 0.6413083076477051 
vt 0.9257628917694092 0.6441088914871216 
vt 0.9268586039543152 0.6463006138801575 
vt 0.918579638004303 0.6465441584587097 
vt 0.9189448952674866 0.6488576531410217 
vt 0.9110311269760132 0.6465441584587097 
vt 0.9105440974235535 0.6489794254302979 
vt 0.9037261009216309 0.6442306041717529 
vt 0.9026303887367249 0.6463006138801575 
vt 0.8976386189460754 0.639725387096405 
vt 0.8959341049194336 0.6414300799369812 
vt 0.8932555913925171 0.6335154175758362 
vt 0.8910641074180603 0.6346112489700317 
vt 0.8908206224441528 0.626209557056427 
vt 0.8885073661804199 0.6265748739242554 
vt 0.890942394733429 0.6186602115631104 
vt 0.8885073661804199 0.618294894695282 
vt 0.8932555913925171 0.6113543510437012 
vt 0.8910641074180603 0.6102584600448608 
vt 0.8977603912353516 0.6051443815231323 
vt 0.8960558772087097 0.6034396886825562 
vt 0.8813241124153137 0.5884627103805542 
vt 0.8934991359710693 0.5798174738883972 
vt 0.9076220989227295 0.5753121972084045 
vt 0.9224756360054016 0.5754339694976807 
vt 0.9365985989570618 0.5800610184669495 
vt 0.9485301375389099 0.5888280272483826 
vt 0.9571743607521057 0.6007608771324158 
vt 0.9618008732795715 0.6148855090141296 
vt 0.9618008732795715 0.6297407150268555 
vt 0.9572961330413818 0.6439871191978455 
vt 0.9485301375389099 0.6561635136604309 
vt 0.9364768862724304 0.664930522441864 
vt 0.9222320914268494 0.6696792840957642 
vt 0.9072568416595459 0.6695575714111328 
vt 0.8931338787078857 0.664930522441864 
vt 0.8810806274414062 0.6561635136604309 
vt 0.8723146319389343 0.6439871191978455 
vt 0.8676881194114685 0.6297407150268555 
vt 0.8676881194114685 0.6147637367248535 
vt 0.8724363446235657 0.6005173325538635 
vt 0.8678098917007446 0.5982038378715515 
vt 0.8776715993881226 0.5848097801208496 
vt 0.8911858797073364 0.5751904249191284 
vt 0.9068916440010071 0.570198118686676 
vt 0.9233278632164001 0.5703198909759521 
vt 0.9389118552207947 0.5754339694976807 
vt 0.9521825909614563 0.585175096988678 
vt 0.9618008732795715 0.5984473824501038 
vt 0.9669143557548523 0.6141549348831177 
vt 0.9669143557548523 0.6305930614471436 
vt 0.9619226455688477 0.6463006138801575 
vt 0.9523043632507324 0.6598164439201355 
vt 0.9387901425361633 0.6696792840957642 
vt 0.9230843782424927 0.6747934222221375 
vt 0.9065263867378235 0.6747934222221375 
vt 0.8906988501548767 0.6695575714111328 
vt 0.877306342124939 0.6598164439201355 
vt 0.8676881194114685 0.6464223861694336 
vt 0.8625746369361877 0.6305930614471436 
vt 0.8625746369361877 0.6139113903045654 
vt 0.1125946193933487 0.962399959564209 
vt 0.12123887240886688 0.953754723072052 
vt 0.11490786820650101 0.9656875729560852 
vt 0.1258653700351715 0.960086464881897 
vt 0.11624711751937866 0.9694622755050659 
vt 0.12830036878585815 0.9675140380859375 
vt 0.11624711751937866 0.9734804630279541 
vt 0.12830036878585815 0.9754287004470825 
vt 0.11490786820650101 0.9772551655769348 
vt 0.1258653700351715 0.9828563332557678 
vt 0.1125946193933487 0.980542778968811 
vt 0.12123887240886688 0.989188015460968 
vt 0.10942912101745605 0.9828563332557678 
vt 0.11490786820650101 0.9936932921409607 
vt 0.10553312301635742 0.9840739369392395 
vt 0.10748112201690674 0.9961286187171936 
vt 0.10163711756467819 0.9840739369392395 
vt 0.09968911856412888 0.9961286187171936 
vt 0.09786286950111389 0.9828563332557678 
vt 0.0922623723745346 0.9936932921409607 
vt 0.09457562118768692 0.980542778968811 
vt 0.08593136817216873 0.989188015460968 
vt 0.0922623723745346 0.9772551655769348 
vt 0.0813048705458641 0.9828563332557678 
vt 0.09104487299919128 0.9734804630279541 
vt 0.07886987179517746 0.9754287004470825 
vt 0.09104487299919128 0.9694622755050659 
vt 0.07886987179517746 0.9675140380859375 
vt 0.0922623723745346 0.9656875729560852 
vt 0.0813048705458641 0.960086464881897 
vt 0.09457562118768692 0.962399959564209 
vt 0.08593136817216873 0.953754723072052 
vt 0.09786286950111389 0.960086464881897 
vt 0.0922623723745346 0.9492494463920593 
vt 0.10163711756467819 0.9588688015937805 
vt 0.09968911856412888 0.9468141794204712 
vt 0.10553312301635742 0.9588688015937805 
vt 0.10748112201690674 0.9468141794204712 
vt 0.10942912101745605 0.960086464881897 
vt 0.11490786820650101 0.9492494463920593 
vt 0.9039696455001831 0.49263444542884827 
vt 0.9028738737106323 0.4905644655227661 
vt 0.9111528992652893 0.49032092094421387 
vt 0.9107876420021057 0.48800742626190186 
vt 0.9187013506889343 0.49032092094421387 
vt 0.9190666079521179 0.48800742626190186 
vt 0.9258846044540405 0.4927562177181244 
vt 0.9269803762435913 0.4905644655227661 
vt 0.9320938587188721 0.49713972210884094 
vt 0.9337983727455139 0.49543502926826477 
vt 0.9364768862724304 0.5033496618270874 
vt 0.9385465979576111 0.5022538304328918 
vt 0.9387901425361633 0.5105337500572205 
vt 0.9411033987998962 0.5101684927940369 
vt 0.9386683702468872 0.5180831551551819 
vt 0.9411033987998962 0.5184484124183655 
vt 0.9363551139831543 0.5253889560699463 
vt 0.9384248852729797 0.5264848470687866 
vt 0.9318503737449646 0.5315989255905151 
vt 0.9336766004562378 0.5334253907203674 
vt 0.9257628917694092 0.5362259745597839 
vt 0.9268586039543152 0.5382959246635437 
vt 0.918579638004303 0.538539469242096 
vt 0.9189448952674866 0.5408530235290527 
vt 0.9110311269760132 0.538539469242096 
vt 0.9105440974235535 0.5409747362136841 
vt 0.9037261009216309 0.5362259745597839 
vt 0.9026303887367249 0.5382959246635437 
vt 0.8976386189460754 0.5317206978797913 
vt 0.8959341049194336 0.5334253907203674 
vt 0.8932555913925171 0.5255107283592224 
vt 0.8910641074180603 0.5266066193580627 
vt 0.8908206224441528 0.5183266401290894 
vt 0.8885073661804199 0.5186919569969177 
vt 0.890942394733429 0.5106555223464966 
vt 0.8885073661804199 0.5102902054786682 
vt 0.8932555913925171 0.5033496618270874 
vt 0.8910641074180603 0.5022538304328918 
vt 0.8977603912353516 0.49726149439811707 
vt 0.8960558772087097 0.49543502926826477 
vt 0.8813241124153137 0.4804580509662628 
vt 0.8934991359710693 0.47181281447410583 
vt 0.9076220989227295 0.46730753779411316 
vt 0.9224756360054016 0.4674293100833893 
vt 0.9365985989570618 0.4720563292503357 
vt 0.9485301375389099 0.4808233380317688 
vt 0.9571743607521057 0.4928779900074005 
vt 0.9618008732795715 0.507002592086792 
vt 0.9618008732795715 0.5218577980995178 
vt 0.9572961330413818 0.5359824299812317 
vt 0.9485301375389099 0.5481588244438171 
vt 0.9364768862724304 0.5570476055145264 
vt 0.9222320914268494 0.5616746544837952 
vt 0.9072568416595459 0.5616746544837952 
vt 0.8931338787078857 0.5570476055145264 
vt 0.8810806274414062 0.5481588244438171 
vt 0.8723146319389343 0.5361042022705078 
vt 0.8676881194114685 0.5218577980995178 
vt 0.8676881194114685 0.5067590475082397 
vt 0.8724363446235657 0.49263444542884827 
vt 0.8678098917007446 0.49019917845726013 
vt 0.8776715993881226 0.4768051207065582 
vt 0.8911858797073364 0.46718576550483704 
vt 0.9068916440010071 0.46219345927238464 
vt 0.9233278632164001 0.4623152017593384 
vt 0.9389118552207947 0.4674293100833893 
vt 0.9521825909614563 0.4771704077720642 
vt 0.9618008732795715 0.49044269323349 
vt 0.9669143557548523 0.5061502456665039 
vt 0.9669143557548523 0.5225883722305298 
vt 0.9619226455688477 0.5382959246635437 
vt 0.9523043632507324 0.5518117547035217 
vt 0.9387901425361633 0.5616746544837952 
vt 0.9230843782424927 0.5667887330055237 
vt 0.9065263867378235 0.5667887330055237 
vt 0.8906988501548767 0.5616746544837952 
vt 0.877306342124939 0.5518117547035217 
vt 0.8676881194114685 0.5384176969528198 
vt 0.8625746369361877 0.5225883722305298 
vt 0.8625746369361877 0.5060284733772278 
vt 0.9719061255455017 0.6639564037322998 
vt 0.9699581265449524 0.6517800092697144 
vt 0.9759238958358765 0.6639564037322998 
vt 0.9777501225471497 0.6517800092697144 
vt 0.979698121547699 0.6651740670204163 
vt 0.9851768612861633 0.6542152762413025 
vt 0.9828636050224304 0.6674875617027283 
vt 0.991507887840271 0.6588423252105713 
vt 0.9852986335754395 0.6706534028053284 
vt 0.996134340763092 0.6651740670204163 
vt 0.9865161180496216 0.6745498776435852 
vt 0.9985693693161011 0.6726016402244568 
vt 0.9865161180496216 0.6784462928771973 
vt 0.9985693693161011 0.6803945302963257 
vt 0.9852986335754395 0.6823427677154541 
vt 0.996134340763092 0.687822163105011 
vt 0.9828636050224304 0.6855086088180542 
vt 0.991507887840271 0.6941538453102112 
vt 0.979698121547699 0.687822163105011 
vt 0.9851768612861633 0.69878089427948 
vt 0.9759238958358765 0.6891615390777588 
vt 0.9777501225471497 0.7012161612510681 
vt 0.9719061255455017 0.6891615390777588 
vt 0.9699581265449524 0.7012161612510681 
vt 0.9681318402290344 0.687822163105011 
vt 0.9625313878059387 0.69878089427948 
vt 0.9648446440696716 0.6855086088180542 
vt 0.956200361251831 0.6941538453102112 
vt 0.9625313878059387 0.6823427677154541 
vt 0.9515738487243652 0.687822163105011 
vt 0.9613138437271118 0.6784462928771973 
vt 0.949138879776001 0.6803945302963257 
vt 0.9613138437271118 0.6745498776435852 
vt 0.949138879776001 0.6726016402244568 
vt 0.9625313878059387 0.6706534028053284 
vt 0.9515738487243652 0.6651740670204163 
vt 0.9648446440696716 0.6674875617027283 
vt 0.956200361251831 0.6588423252105713 
vt 0.9681318402290344 0.6651740670204163 
vt 0.9625313878059387 0.6542152762413025 
vt 0.9032391309738159 0.3372635841369629 
vt 0.9100571274757385 0.3372635841369629 
vt 0.9061611294746399 0.34627410769462585 
vt 0.9117616415023804 0.34225592017173767 
vt 0.913831353187561 0.35187527537345886 
vt 0.9160228967666626 0.34530001878738403 
vt 0.9233278632164001 0.35187527537345886 
vt 0.9212580919265747 0.34530001878738403 
vt 0.9309981465339661 0.34627410769462585 
vt 0.9255193471908569 0.34225592017173767 
vt 0.9340418577194214 0.3372635841369629 
vt 0.9272238612174988 0.3372635841369629 
vt 0.9309981465339661 0.3281312882900238 
vt 0.9255193471908569 0.3321495056152344 
vt 0.9233278632164001 0.3226518929004669 
vt 0.9212580919265747 0.329105406999588 
vt 0.913831353187561 0.3226518929004669 
vt 0.9160228967666626 0.329105406999588 
vt 0.9061611294746399 0.3282530605792999 
vt 0.9117616415023804 0.3321495056152344 
vt 0.918579638004303 0.3372635841369629 
vt 0.5732966065406799 0.5995432138442993 
vt 0.5529643893241882 0.6347330212593079 
vt 0.5549123883247375 0.5928462147712708 
vt 0.5478508472442627 0.6327848434448242 
vt 0.5354323983192444 0.5928462147712708 
vt 0.5424938797950745 0.6327848434448242 
vt 0.5170481204986572 0.5995432138442993 
vt 0.5373803973197937 0.6347330212593079 
vt 0.5020728707313538 0.6120849251747131 
vt 0.5332408547401428 0.6381424069404602 
vt 0.4923328757286072 0.6290101408958435 
vt 0.530440628528595 0.6428912281990051 
vt 0.4889238774776459 0.6482488512992859 
vt 0.5295883417129517 0.6482488512992859 
vt 0.4923328757286072 0.6673657894134521 
vt 0.530440628528595 0.6536064743995667 
vt 0.5020728707313538 0.6842910051345825 
vt 0.5332408547401428 0.6582334637641907 
vt 0.5170481204986572 0.6968326568603516 
vt 0.5373803973197937 0.6617646217346191 
vt 0.5354323983192444 0.7035297155380249 
vt 0.5424938797950745 0.6635910868644714 
vt 0.5549123883247375 0.7035297155380249 
vt 0.5478508472442627 0.6635910868644714 
vt 0.5732966065406799 0.6968326568603516 
vt 0.5529643893241882 0.6617646217346191 
vt 0.588150143623352 0.6842910051345825 
vt 0.5571038722991943 0.6582334637641907 
vt 0.59801185131073 0.6674875617027283 
vt 0.5597823858261108 0.6536064743995667 
vt 0.6012991070747375 0.6482488512992859 
vt 0.5607563853263855 0.6482488512992859 
vt 0.59801185131073 0.6290101408958435 
vt 0.5597823858261108 0.6428912281990051 
vt 0.588150143623352 0.6120849251747131 
vt 0.5571038722991943 0.6381424069404602 
vt 0.936842143535614 0.022138353437185287 
vt 0.9488953948020935 0.023964814841747284 
vt 0.936842143535614 0.02993124909698963 
vt 0.9488953948020935 0.027983026579022408 
vt 0.9391553997993469 0.037358853965997696 
vt 0.9501128792762756 0.03175770863890648 
vt 0.943781852722168 0.04369058087468147 
vt 0.9524261355400085 0.03504533693194389 
vt 0.9501128792762756 0.04831761494278908 
vt 0.9557133913040161 0.037358853965997696 
vt 0.9575396180152893 0.05075289309024811 
vt 0.9594876170158386 0.03857649490237236 
vt 0.9653316140174866 0.05075289309024811 
vt 0.9635053873062134 0.03857649490237236 
vt 0.9727583527565002 0.04831761494278908 
vt 0.9672796130180359 0.037358853965997696 
vt 0.9790893793106079 0.04369058087468147 
vt 0.9704450964927673 0.03504533693194389 
vt 0.9837158918380737 0.037358853965997696 
vt 0.9728801250457764 0.03175770863890648 
vt 0.986150860786438 0.02993124909698963 
vt 0.9740976095199585 0.027983026579022408 
vt 0.986150860786438 0.022138353437185287 
vt 0.9740976095199585 0.023964814841747284 
vt 0.9837158918380737 0.014710750430822372 
vt 0.9728801250457764 0.020190130919218063 
vt 0.9790893793106079 0.008379021659493446 
vt 0.9704450964927673 0.017024265602231026 
vt 0.9728801250457764 0.003751989919692278 
vt 0.9672796130180359 0.014588985592126846 
vt 0.9653316140174866 0.0013167100260034204 
vt 0.9635053873062134 0.013371345587074757 
vt 0.9575396180152893 0.0013167100260034204 
vt 0.9594876170158386 0.013371345587074757 
vt 0.9501128792762756 0.003751989919692278 
vt 0.9557133913040161 0.014588985592126846 
vt 0.943781852722168 0.008379021659493446 
vt 0.9524261355400085 0.017024265602231026 
vt 0.9391553997993469 0.014710750430822372 
vt 0.9501128792762756 0.020190130919218063 
vt 0.8124136328697205 0.6572594046592712 
vt 0.8070566058158875 0.6527541279792786 
vt 0.8233711123466492 0.6382641792297363 
vt 0.816796600818634 0.6358289122581482 
vt 0.8271453976631165 0.6165902018547058 
vt 0.8202056288719177 0.6165902018547058 
vt 0.8233711123466492 0.5950379967689514 
vt 0.816796600818634 0.5973514914512634 
vt 0.8124136328697205 0.5760427713394165 
vt 0.8070566058158875 0.5805480480194092 
vt 0.795612096786499 0.5619181394577026 
vt 0.792081356048584 0.567884624004364 
vt 0.7749146223068237 0.554368793964386 
vt 0.7736971378326416 0.5613093376159668 
vt 0.7529996037483215 0.554368793964386 
vt 0.7542171478271484 0.5613093376159668 
vt 0.7324238419532776 0.5619181394577026 
vt 0.7358328700065613 0.567884624004364 
vt 0.7156223654747009 0.5759209990501404 
vt 0.7209793925285339 0.5804262757301331 
vt 0.7045431137084961 0.5950379967689514 
vt 0.7112393975257874 0.5973514914512634 
vt 0.7007688879966736 0.6165902018547058 
vt 0.7078303694725037 0.6165902018547058 
vt 0.7045431137084961 0.6382641792297363 
vt 0.7111176252365112 0.6358289122581482 
vt 0.7156223654747009 0.6572594046592712 
vt 0.7209793925285339 0.6527541279792786 
vt 0.7324238419532776 0.6713839769363403 
vt 0.7358328700065613 0.6652957797050476 
vt 0.7529996037483215 0.6788116097450256 
vt 0.7542171478271484 0.671992838382721 
vt 0.7749146223068237 0.6788116097450256 
vt 0.7736971378326416 0.671992838382721 
vt 0.795612096786499 0.6713839769363403 
vt 0.792081356048584 0.6652957797050476 
vt 0.061824869364500046 0.6802727580070496 
vt 0.0673036202788353 0.6802727580070496 
vt 0.06450337171554565 0.6956150531768799 
vt 0.07229536771774292 0.6820992231369019 
vt 0.07655662298202515 0.6856303811073303 
vt 0.07923512160778046 0.6902574300765991 
vt 0.08020912110805511 0.6956150531768799 
vt 0.07923512160778046 0.7009726762771606 
vt 0.07643487304449081 0.7055996656417847 
vt 0.07229536771774292 0.7091308236122131 
vt 0.06718187034130096 0.7109572887420654 
vt 0.061824869364500046 0.7109572887420654 
vt 0.05671136826276779 0.7091308236122131 
vt 0.052571870386600494 0.7055996656417847 
vt 0.049893371760845184 0.7009726762771606 
vt 0.04891936853528023 0.6956150531768799 
vt 0.049893371760845184 0.6902574300765991 
vt 0.052571870386600494 0.6856303811073303 
vt 0.05671136826276779 0.6820992231369019 
vt 0.6944378614425659 0.964713454246521 
vt 0.6999166011810303 0.9538764953613281 
vt 0.7018646001815796 0.9671487808227539 
vt 0.7038125991821289 0.9550940990447998 
vt 0.7096565961837769 0.9671487808227539 
vt 0.7077085971832275 0.9550940990447998 
vt 0.7170833945274353 0.964713454246521 
vt 0.7116045951843262 0.9538764953613281 
vt 0.7234143614768982 0.9602082371711731 
vt 0.7147701382637024 0.9515629410743713 
vt 0.728040874004364 0.9538764953613281 
vt 0.7170833945274353 0.9482753276824951 
vt 0.7304758429527283 0.9464488625526428 
vt 0.7183008790016174 0.9445006251335144 
vt 0.7304758429527283 0.9385342001914978 
vt 0.7183008790016174 0.9404824376106262 
vt 0.728040874004364 0.9311066269874573 
vt 0.7170833945274353 0.9367077350616455 
vt 0.7234143614768982 0.9247748851776123 
vt 0.7147701382637024 0.9334201216697693 
vt 0.7170833945274353 0.9202696084976196 
vt 0.7116045951843262 0.9311066269874573 
vt 0.7096565961837769 0.9178343415260315 
vt 0.7077085971832275 0.9298889636993408 
vt 0.7018646001815796 0.9178343415260315 
vt 0.7038125991821289 0.9298889636993408 
vt 0.6944378614425659 0.9202696084976196 
vt 0.6999166011810303 0.9311066269874573 
vt 0.688106894493103 0.9247748851776123 
vt 0.6967511177062988 0.9334201216697693 
vt 0.6834803819656372 0.9311066269874573 
vt 0.6944378614425659 0.9367077350616455 
vt 0.6810453534126282 0.9385342001914978 
vt 0.6930986046791077 0.9404824376106262 
vt 0.6810453534126282 0.9464488625526428 
vt 0.6930986046791077 0.9445006251335144 
vt 0.6834803819656372 0.9538764953613281 
vt 0.6944378614425659 0.9482753276824951 
vt 0.688106894493103 0.9602082371711731 
vt 0.6967511177062988 0.9515629410743713 
vt 0.10833337157964706 0.9011526703834534 
vt 0.11344686895608902 0.9020050168037415 
vt 0.10833337157964706 0.9175907969474792 
vt 0.11344686895608902 0.9167384505271912 
vt 0.11344686895608902 0.9332983493804932 
vt 0.11807336658239365 0.9309848546981812 
vt 0.12306512147188187 0.9466924071311951 
vt 0.12671762704849243 0.9430394768714905 
vt 0.136457622051239 0.9565553069114685 
vt 0.13889262080192566 0.9519282579421997 
vt 0.1522851139307022 0.961669385433197 
vt 0.15313737094402313 0.9565553069114685 
vt 0.16896486282348633 0.9617911577224731 
vt 0.1681126207113266 0.9565553069114685 
vt 0.18467062711715698 0.9565553069114685 
vt 0.18235737085342407 0.9519282579421997 
vt 0.19806312024593353 0.9468141794204712 
vt 0.19441062211990356 0.9431612491607666 
vt 0.20768137276172638 0.9335418939590454 
vt 0.20305487513542175 0.9312283992767334 
vt 0.2126731127500534 0.9179561138153076 
vt 0.20768137276172638 0.9171037673950195 
vt 0.21279487013816833 0.9015179872512817 
vt 0.20768137276172638 0.9022485613822937 
vt 0.20768137276172638 0.8856886625289917 
vt 0.20305487513542175 0.8880021572113037 
vt 0.19806312024593353 0.8721728324890137 
vt 0.19428886473178864 0.8759475350379944 
vt 0.18454886972904205 0.8624317049980164 
vt 0.18223561346530914 0.8670587539672852 
vt 0.16872136294841766 0.8571958541870117 
vt 0.16799086332321167 0.8624317049980164 
vt 0.15216337144374847 0.8571958541870117 
vt 0.1530156135559082 0.8623099327087402 
vt 0.136457622051239 0.8623099327087402 
vt 0.13877086341381073 0.866936981678009 
vt 0.12306512147188187 0.8720510601997375 
vt 0.12671762704849243 0.8757039904594421 
vt 0.11344686895608902 0.8854451179504395 
vt 0.11795161664485931 0.8877586126327515 
vt 0.13657936453819275 0.8973779678344727 
vt 0.13402262330055237 0.9052926301956177 
vt 0.1341443657875061 0.9135726094245911 
vt 0.13670112192630768 0.92136549949646 
vt 0.1416928768157959 0.9281842708587646 
vt 0.1485108733177185 0.933176577091217 
vt 0.15654636919498444 0.9358553886413574 
vt 0.16494712233543396 0.9358553886413574 
vt 0.17286087572574615 0.9332983493804932 
vt 0.17955711483955383 0.9284278154373169 
vt 0.18442712724208832 0.9217307567596436 
vt 0.1869838684797287 0.9138161540031433 
vt 0.1869838684797287 0.9055361747741699 
vt 0.1843053698539734 0.8974997401237488 
vt 0.1794353723526001 0.8906809687614441 
vt 0.1726173758506775 0.8858104348182678 
vt 0.16458186507225037 0.8831316232681274 
vt 0.15618112683296204 0.8831316232681274 
vt 0.14826737344264984 0.8856886625289917 
vt 0.14144937694072723 0.890559196472168 
vt 0.14315387606620789 0.8922638893127441 
vt 0.13877086341381073 0.8983520865440369 
vt 0.136457622051239 0.9055361747741699 
vt 0.136457622051239 0.9130855202674866 
vt 0.13889262080192566 0.9202696084976196 
vt 0.14339737594127655 0.9264795780181885 
vt 0.1496066153049469 0.9309848546981812 
vt 0.15691162645816803 0.9334201216697693 
vt 0.16458186507225037 0.9334201216697693 
vt 0.17176511883735657 0.9311066269874573 
vt 0.1779743731021881 0.9267231225967407 
vt 0.18235737085342407 0.920634925365448 
vt 0.18454886972904205 0.9134508371353149 
vt 0.18454886972904205 0.9059014916419983 
vt 0.18223561346530914 0.8985956311225891 
vt 0.17760911583900452 0.8923856616020203 
vt 0.1715216189622879 0.8878803849220276 
vt 0.16421662271022797 0.8855668902397156 
vt 0.15654636919498444 0.8854451179504395 
vt 0.14936311542987823 0.8877586126327515 
vt 0.9169968962669373 0.9776204824447632 
vt 0.9178491234779358 0.9725063443183899 
vt 0.9335548877716064 0.9776204824447632 
vt 0.9328243732452393 0.9725063443183899 
vt 0.9493823647499084 0.9725063443183899 
vt 0.9470691084861755 0.9678793549537659 
vt 0.9627748727798462 0.9626435041427612 
vt 0.959122359752655 0.9589905738830566 
vt 0.9725148677825928 0.9491276741027832 
vt 0.967888355255127 0.9468141794204712 
vt 0.9775066375732422 0.9334201216697693 
vt 0.9723930954933167 0.9326895475387573 
vt 0.9773848652839661 0.9169819951057434 
vt 0.9723930954933167 0.9178343415260315 
vt 0.9723930954933167 0.9012744426727295 
vt 0.9677666425704956 0.9037097096443176 
vt 0.9627748727798462 0.8880021572113037 
vt 0.959122359752655 0.8916550874710083 
vt 0.9495041370391846 0.8782610297203064 
vt 0.9471908807754517 0.8828880786895752 
vt 0.93392014503479 0.8731469511985779 
vt 0.9330678582191467 0.8782610297203064 
vt 0.9174838662147522 0.8730251789093018 
vt 0.9182143807411194 0.8781392574310303 
vt 0.9016563892364502 0.8780174851417542 
vt 0.9039696455001831 0.882644534111023 
vt 0.8882638812065125 0.8876368403434753 
vt 0.8919163942337036 0.8912897706031799 
vt 0.8784021139144897 0.9010308980941772 
vt 0.8830286264419556 0.9034661650657654 
vt 0.8731668591499329 0.9168602228164673 
vt 0.8782803416252136 0.9177125692367554 
vt 0.8730451464653015 0.9334201216697693 
vt 0.8782803416252136 0.9326895475387573 
vt 0.8781586289405823 0.9492494463920593 
vt 0.8827851414680481 0.9469359517097473 
vt 0.8878986239433289 0.9626435041427612 
vt 0.89155113697052 0.9589905738830566 
vt 0.9012911319732666 0.9725063443183899 
vt 0.9036043882369995 0.9678793549537659 
vt 0.91322261095047 0.9491276741027832 
vt 0.9211363792419434 0.9518064856529236 
vt 0.9295371174812317 0.9516847133636475 
vt 0.9374508857727051 0.9491276741027832 
vt 0.9441471099853516 0.9442571401596069 
vt 0.9490171074867249 0.9373165965080261 
vt 0.9516956210136414 0.9294019341468811 
vt 0.9516956210136414 0.9210001826286316 
vt 0.949138879776001 0.9130855202674866 
vt 0.9442688822746277 0.9062667489051819 
vt 0.9375725984573364 0.9013962149620056 
vt 0.9296588897705078 0.8988391757011414 
vt 0.9213798642158508 0.8988391757011414 
vt 0.9134660959243774 0.9013962149620056 
vt 0.9066480994224548 0.9062667489051819 
vt 0.9016563892364502 0.9130855202674866 
vt 0.8990996479988098 0.9211219549179077 
vt 0.8989778757095337 0.9295237064361572 
vt 0.9016563892364502 0.9374383687973022 
vt 0.9065263867378235 0.9442571401596069 
vt 0.9082308411598206 0.9425524473190308 
vt 0.9143183827400208 0.9470577239990234 
vt 0.921501636505127 0.9493712186813354 
vt 0.9291718602180481 0.9493712186813354 
vt 0.9363551139831543 0.9470577239990234 
vt 0.9424425959587097 0.9425524473190308 
vt 0.9468256235122681 0.9362207055091858 
vt 0.9492605924606323 0.9289148449897766 
vt 0.9492605924606323 0.92136549949646 
vt 0.9470691084861755 0.9141814112663269 
vt 0.9425643682479858 0.9079714417457581 
vt 0.9364768862724304 0.9035879373550415 
vt 0.9292936325073242 0.9011526703834534 
vt 0.9217451214790344 0.9011526703834534 
vt 0.9145618677139282 0.9034661650657654 
vt 0.9083526134490967 0.9080932140350342 
vt 0.903847873210907 0.9141814112663269 
vt 0.901412844657898 0.9214872717857361 
vt 0.901412844657898 0.9291583895683289 
vt 0.9037261009216309 0.9363424777984619 
vt 0.6247968673706055 0.9678793549537659 
vt 0.621022641658783 0.9642264246940613 
vt 0.6344151496887207 0.9543635249137878 
vt 0.6297886371612549 0.9520500302314758 
vt 0.6394068598747253 0.9386559724807739 
vt 0.6342933773994446 0.937925398349762 
vt 0.6394068598747253 0.922217845916748 
vt 0.6342933773994446 0.9230701923370361 
vt 0.6342933773994446 0.9066320657730103 
vt 0.6297886371612549 0.9089455604553223 
vt 0.6246750950813293 0.8933597803115845 
vt 0.621022641658783 0.8968909382820129 
vt 0.6115261316299438 0.8836186528205872 
vt 0.6090911030769348 0.8881239295005798 
vt 0.5958203673362732 0.8783828020095825 
vt 0.5949681401252747 0.883496880531311 
vt 0.5793841481208801 0.8782610297203064 
vt 0.5801146030426025 0.8833751082420349 
vt 0.5636783838272095 0.8832533359527588 
vt 0.5659916400909424 0.8878803849220276 
vt 0.5501641035079956 0.89287269115448 
vt 0.5538166165351868 0.8966473937034607 
vt 0.5403023958206177 0.9062667489051819 
vt 0.5449288487434387 0.90870201587677 
vt 0.5350671410560608 0.9220960736274719 
vt 0.5403023958206177 0.92294842004776 
vt 0.5350671410560608 0.9386559724807739 
vt 0.5401806235313416 0.937925398349762 
vt 0.5401806235313416 0.954485297203064 
vt 0.5448071360588074 0.952171802520752 
vt 0.549798846244812 0.968001127243042 
vt 0.5535731315612793 0.9642264246940613 
vt 0.5631913542747498 0.9777422547340393 
vt 0.5656263828277588 0.9731152057647705 
vt 0.5790188908576965 0.9828563332557678 
vt 0.579749345779419 0.9777422547340393 
vt 0.5955768823623657 0.9828563332557678 
vt 0.5947245955467224 0.9777422547340393 
vt 0.6112826466560364 0.9777422547340393 
vt 0.6089693903923035 0.9731152057647705 
vt 0.5993511080741882 0.954485297203064 
vt 0.6061691045761108 0.9494929909706116 
vt 0.6110391020774841 0.9425524473190308 
vt 0.6135958433151245 0.9346377849578857 
vt 0.6135958433151245 0.9262360334396362 
vt 0.6110391020774841 0.9183213710784912 
vt 0.606290876865387 0.9116243720054626 
vt 0.5994728803634644 0.9066320657730103 
vt 0.591559112071991 0.904075026512146 
vt 0.5832801461219788 0.904075026512146 
vt 0.5753663778305054 0.9066320657730103 
vt 0.5685483813285828 0.9116243720054626 
vt 0.5636783838272095 0.9184431433677673 
vt 0.560999870300293 0.9263578057289124 
vt 0.560999870300293 0.9347595572471619 
vt 0.5635566115379333 0.9426742196083069 
vt 0.5684266090393066 0.9494929909706116 
vt 0.5751228928565979 0.9543635249137878 
vt 0.5831583738327026 0.9570423364639282 
vt 0.5914373993873596 0.9570423364639282 
vt 0.591072142124176 0.9546070694923401 
vt 0.5982553958892822 0.9522935748100281 
vt 0.6043428778648376 0.9477882981300354 
vt 0.6088476181030273 0.9415783286094666 
vt 0.6112826466560364 0.9342724680900574 
vt 0.6112826466560364 0.9266013503074646 
vt 0.6089693903923035 0.9194172620773315 
vt 0.6045863628387451 0.9133290648460388 
vt 0.5984988808631897 0.9088237881660461 
vt 0.5911938548088074 0.9065102934837341 
vt 0.5836453437805176 0.906388521194458 
vt 0.5764621496200562 0.9088237881660461 
vt 0.570374608039856 0.9133290648460388 
vt 0.5657480955123901 0.9195390343666077 
vt 0.563434898853302 0.9267231225967407 
vt 0.5633131265640259 0.9343942403793335 
vt 0.5657480955123901 0.9417001008987427 
vt 0.5701311230659485 0.9477882981300354 
vt 0.5762186050415039 0.9522935748100281 
vt 0.5835236310958862 0.9546070694923401 
vt 0.7534866333007812 0.9091891050338745 
vt 0.7511733770370483 0.9045620560646057 
vt 0.766879141330719 0.8994479775428772 
vt 0.7632266283035278 0.8957950472831726 
vt 0.7764973640441895 0.8860539197921753 
vt 0.7718708515167236 0.8837404251098633 
vt 0.7814891338348389 0.8704681396484375 
vt 0.7764973640441895 0.8697375655174255 
vt 0.7816108465194702 0.8540300130844116 
vt 0.7764973640441895 0.8548823595046997 
vt 0.7764973640441895 0.8383224606513977 
vt 0.7718708515167236 0.8406359553337097 
vt 0.766879141330719 0.8248066306114197 
vt 0.7631048560142517 0.8284595608711243 
vt 0.7533648610115051 0.8149437308311462 
vt 0.7510516047477722 0.819570779800415 
vt 0.7376590967178345 0.8098296523094177 
vt 0.7368068695068359 0.8149437308311462 
vt 0.7209793925285339 0.8098296523094177 
vt 0.7218316197395325 0.8149437308311462 
vt 0.7052736282348633 0.8149437308311462 
vt 0.7075868844985962 0.819570779800415 
vt 0.6918811202049255 0.8246848583221436 
vt 0.6955336332321167 0.8283377885818481 
vt 0.6822628974914551 0.8380789160728455 
vt 0.6868893504142761 0.8403924107551575 
vt 0.6771493554115295 0.8537864685058594 
vt 0.6822628974914551 0.8545170426368713 
vt 0.6771493554115295 0.8702245950698853 
vt 0.6822628974914551 0.8693722486495972 
vt 0.6822628974914551 0.8858104348182678 
vt 0.6868893504142761 0.883496880531311 
vt 0.6918811202049255 0.8993262052536011 
vt 0.6955336332321167 0.8956732749938965 
vt 0.7052736282348633 0.9091891050338745 
vt 0.7077085971832275 0.9044402837753296 
vt 0.7211011052131653 0.914303183555603 
vt 0.7219533920288086 0.9091891050338745 
vt 0.7377808690071106 0.914303183555603 
vt 0.7369286417961121 0.9091891050338745 
vt 0.7337630987167358 0.8884891867637634 
vt 0.7416768670082092 0.8859321475028992 
vt 0.7484948635101318 0.8810616135597229 
vt 0.7532431483268738 0.8742428421974182 
vt 0.7557998895645142 0.8664499521255493 
vt 0.7557998895645142 0.8580482006072998 
vt 0.7532431483268738 0.8501335382461548 
vt 0.7482513785362244 0.8433147668838501 
vt 0.7414333820343018 0.8383224606513977 
vt 0.7333978414535522 0.8357654213905334 
vt 0.7249971032142639 0.8356436491012573 
vt 0.7170833945274353 0.8383224606513977 
vt 0.710387110710144 0.843192994594574 
vt 0.7053953409194946 0.8498900532722473 
vt 0.7028385996818542 0.8578047156333923 
vt 0.7029603719711304 0.866084635257721 
vt 0.7055171132087708 0.873999297618866 
vt 0.7105088829994202 0.8808180689811707 
vt 0.7173268795013428 0.8858104348182678 
vt 0.7253623604774475 0.8883674740791321 
vt 0.7257276177406311 0.8860539197921753 
vt 0.7333978414535522 0.8860539197921753 
vt 0.7405810952186584 0.8837404251098633 
vt 0.74679034948349 0.8793569207191467 
vt 0.7511733770370483 0.873268723487854 
vt 0.7534866333007812 0.866084635257721 
vt 0.7533648610115051 0.8584135174751282 
vt 0.7510516047477722 0.8512294292449951 
vt 0.7465468645095825 0.8450194597244263 
vt 0.740337610244751 0.8405141830444336 
vt 0.7330326437950134 0.8380789160728455 
vt 0.7254841327667236 0.8380789160728455 
vt 0.7181791067123413 0.8403924107551575 
vt 0.7120916247367859 0.8448976874351501 
vt 0.7075868844985962 0.8509858846664429 
vt 0.7052736282348633 0.8581699728965759 
vt 0.7052736282348633 0.8657193183898926 
vt 0.7077085971832275 0.8729034066200256 
vt 0.712213397026062 0.8791133761405945 
vt 0.7184225916862488 0.8836186528205872 
vt 0.2893756330013275 0.920634925365448 
vt 0.29144537448883057 0.9217307567596436 
vt 0.28499260544776917 0.9267231225967407 
vt 0.286697119474411 0.9284278154373169 
vt 0.27878338098526 0.9311066269874573 
vt 0.2798791229724884 0.9332983493804932 
vt 0.2716001272201538 0.9334201216697693 
vt 0.2719653844833374 0.9358553886413574 
vt 0.2639298737049103 0.9334201216697693 
vt 0.2635646164417267 0.9358553886413574 
vt 0.25662487745285034 0.9309848546981812 
vt 0.25552910566329956 0.933176577091217 
vt 0.2504156231880188 0.9264795780181885 
vt 0.24871112406253815 0.9281842708587646 
vt 0.2459108680486679 0.9202696084976196 
vt 0.24371936917304993 0.92136549949646 
vt 0.24347586929798126 0.9130855202674866 
vt 0.24116261303424835 0.9135726094245911 
vt 0.24347586929798126 0.9055361747741699 
vt 0.24104087054729462 0.9052926301956177 
vt 0.24578912556171417 0.8983520865440369 
vt 0.2435976266860962 0.8973779678344727 
vt 0.25029388070106506 0.8922638893127441 
vt 0.24858936667442322 0.890559196472168 
vt 0.2563813626766205 0.8877586126327515 
vt 0.2552856206893921 0.8856886625289917 
vt 0.2636863589286804 0.8854451179504395 
vt 0.2631993591785431 0.8831316232681274 
vt 0.2712348699569702 0.8855668902397156 
vt 0.2716001272201538 0.8831316232681274 
vt 0.27853986620903015 0.8878803849220276 
vt 0.27963560819625854 0.8858104348182678 
vt 0.2847491204738617 0.8923856616020203 
vt 0.28645363450050354 0.8906809687614441 
vt 0.2892538607120514 0.8985956311225891 
vt 0.29144537448883057 0.8974997401237488 
vt 0.2915671169757843 0.9059014916419983 
vt 0.29400211572647095 0.9055361747741699 
vt 0.29168885946273804 0.9134508371353149 
vt 0.29400211572647095 0.9138161540031433 
vt 0.31469962000846863 0.9171037673950195 
vt 0.3100731074810028 0.9312283992767334 
vt 0.301428884267807 0.9431612491607666 
vt 0.2893756330013275 0.9519282579421997 
vt 0.27513086795806885 0.9565553069114685 
vt 0.2601556181907654 0.9565553069114685 
vt 0.2459108680486679 0.9519282579421997 
vt 0.23373587429523468 0.9430394768714905 
vt 0.2250916212797165 0.9309848546981812 
vt 0.22046512365341187 0.9167384505271912 
vt 0.22046512365341187 0.9020050168037415 
vt 0.2250916212797165 0.8877586126327515 
vt 0.23373587429523468 0.8757039904594421 
vt 0.24578912556171417 0.866936981678009 
vt 0.26003387570381165 0.8623099327087402 
vt 0.2750091254711151 0.8624317049980164 
vt 0.2892538607120514 0.8670587539672852 
vt 0.3013071119785309 0.8759475350379944 
vt 0.3100731074810028 0.8880021572113037 
vt 0.31469962000846863 0.9022485613822937 
vt 0.3198131322860718 0.9015179872512817 
vt 0.31969135999679565 0.9179561138153076 
vt 0.31469962000846863 0.9335418939590454 
vt 0.3050813674926758 0.9468141794204712 
vt 0.29168885946273804 0.9565553069114685 
vt 0.27598312497138977 0.961669385433197 
vt 0.25930336117744446 0.961669385433197 
vt 0.24347586929798126 0.9565553069114685 
vt 0.2300833761692047 0.9466924071311951 
vt 0.22046512365341187 0.9332983493804932 
vt 0.2153516262769699 0.9175907969474792 
vt 0.2153516262769699 0.9011526703834534 
vt 0.22046512365341187 0.8854451179504395 
vt 0.2300833761692047 0.8720510601997375 
vt 0.24347586929798126 0.8623099327087402 
vt 0.2591816186904907 0.8571958541870117 
vt 0.27586138248443604 0.8571958541870117 
vt 0.2915671169757843 0.8624317049980164 
vt 0.3050813674926758 0.8721728324890137 
vt 0.31469962000846863 0.8856886625289917 
vt 0.7590871453285217 0.32046014070510864 
vt 0.7699228525161743 0.314859002828598 
vt 0.7603046298027039 0.32423484325408936 
vt 0.7723578810691833 0.32228660583496094 
vt 0.7603046298027039 0.3282530605792999 
vt 0.7723578810691833 0.33020126819610596 
vt 0.7590871453285217 0.33202773332595825 
vt 0.7699228525161743 0.33762887120246887 
vt 0.7566521167755127 0.33531537652015686 
vt 0.7652963995933533 0.34396061301231384 
vt 0.7534866333007812 0.33762887120246887 
vt 0.7589653730392456 0.34846585988998413 
vt 0.749712347984314 0.33884650468826294 
vt 0.7515386343002319 0.35090115666389465 
vt 0.745694637298584 0.33884650468826294 
vt 0.7437466382980347 0.35090115666389465 
vt 0.7419203519821167 0.33762887120246887 
vt 0.736319899559021 0.34846585988998413 
vt 0.7386330962181091 0.33531537652015686 
vt 0.7299888730049133 0.34396061301231384 
vt 0.736319899559021 0.33202773332595825 
vt 0.7253623604774475 0.33762887120246887 
vt 0.7351023554801941 0.3282530605792999 
vt 0.7229273915290833 0.33020126819610596 
vt 0.7351023554801941 0.32423484325408936 
vt 0.7229273915290833 0.32228660583496094 
vt 0.736319899559021 0.32046014070510864 
vt 0.7253623604774475 0.314859002828598 
vt 0.7386330962181091 0.3171725273132324 
vt 0.7299888730049133 0.30852729082107544 
vt 0.7419203519821167 0.314859002828598 
vt 0.736319899559021 0.30390024185180664 
vt 0.745694637298584 0.31364136934280396 
vt 0.7437466382980347 0.30158674716949463 
vt 0.749712347984314 0.31364136934280396 
vt 0.7515386343002319 0.30158674716949463 
vt 0.7534866333007812 0.314859002828598 
vt 0.7589653730392456 0.30402201414108276 
vt 0.7566521167755127 0.3171725273132324 
vt 0.7652963995933533 0.30852729082107544 
vt 0.10760287195444107 0.6594511270523071 
vt 0.11295986920595169 0.6549458503723145 
vt 0.11734286695718765 0.6763763427734375 
vt 0.12391737103462219 0.6740627884864807 
vt 0.12075187265872955 0.6956150531768799 
vt 0.1276916265487671 0.6956150531768799 
vt 0.11734286695718765 0.7148537635803223 
vt 0.12391737103462219 0.7172890305519104 
vt 0.10760287195444107 0.7317789196968079 
vt 0.11295986920595169 0.7362841963768005 
vt 0.0926276221871376 0.7443206310272217 
vt 0.09615837037563324 0.7504088282585144 
vt 0.07424336671829224 0.7508959174156189 
vt 0.07546087354421616 0.7578364610671997 
vt 0.054763369262218475 0.7508959174156189 
vt 0.05354586988687515 0.7578364610671997 
vt 0.036379121243953705 0.7443206310272217 
vt 0.0329701192677021 0.7502870559692383 
vt 0.02152561955153942 0.7317789196968079 
vt 0.01616862043738365 0.7362841963768005 
vt 0.011663869954645634 0.7148537635803223 
vt 0.00508937006816268 0.7171672582626343 
vt 0.008376619778573513 0.6956150531768799 
vt 0.001315120025537908 0.6956150531768799 
vt 0.011785619892179966 0.6763763427734375 
vt 0.00508937006816268 0.6739410758018494 
vt 0.02152561955153942 0.6594511270523071 
vt 0.01616862043738365 0.6549458503723145 
vt 0.036379121243953705 0.6469094157218933 
vt 0.0329701192677021 0.6408212184906006 
vt 0.054763369262218475 0.6402124166488647 
vt 0.05354586988687515 0.6333936452865601 
vt 0.07424336671829224 0.6403341889381409 
vt 0.07546087354421616 0.6333936452865601 
vt 0.0926276221871376 0.6469094157218933 
vt 0.09615837037563324 0.6409429907798767 
vt 0.8241016268730164 0.7696475386619568 
vt 0.822153627872467 0.7575929164886475 
vt 0.83152836561203 0.7672122716903687 
vt 0.8260496258735657 0.756375253200531 
vt 0.8378593921661377 0.762706995010376 
vt 0.8292151093482971 0.7539399862289429 
vt 0.8424858450889587 0.756375253200531 
vt 0.83152836561203 0.7507741451263428 
vt 0.8449208736419678 0.7489476799964905 
vt 0.8328676223754883 0.7469994425773621 
vt 0.8449208736419678 0.7410330176353455 
vt 0.8328676223754883 0.7429812550544739 
vt 0.8424858450889587 0.7336053848266602 
vt 0.83152836561203 0.7392065525054932 
vt 0.8378593921661377 0.72727370262146 
vt 0.8292151093482971 0.7359189391136169 
vt 0.83152836561203 0.7226466536521912 
vt 0.8260496258735657 0.7336053848266602 
vt 0.8241016268730164 0.7203331589698792 
vt 0.8222753405570984 0.7323877811431885 
vt 0.8163096308708191 0.7203331589698792 
vt 0.8182576298713684 0.7323877811431885 
vt 0.8088828921318054 0.7226466536521912 
vt 0.8144833445549011 0.7336053848266602 
vt 0.8025518655776978 0.72727370262146 
vt 0.8111961483955383 0.7359189391136169 
vt 0.7979253530502319 0.7336053848266602 
vt 0.8088828921318054 0.7392065525054932 
vt 0.7954903841018677 0.7410330176353455 
vt 0.8076653480529785 0.7429812550544739 
vt 0.7954903841018677 0.7488259077072144 
vt 0.8076653480529785 0.7469994425773621 
vt 0.7979253530502319 0.756375253200531 
vt 0.8088828921318054 0.7507741451263428 
vt 0.8025518655776978 0.762706995010376 
vt 0.8111961483955383 0.7539399862289429 
vt 0.8088828921318054 0.7672122716903687 
vt 0.8144833445549011 0.756375253200531 
vt 0.8163096308708191 0.7696475386619568 
vt 0.8182576298713684 0.7575929164886475 
vt 0.07533912360668182 0.920634925365448 
vt 0.07740887254476547 0.9217307567596436 
vt 0.07095611840486526 0.9267231225967407 
vt 0.07253886759281158 0.9284278154373169 
vt 0.06474687159061432 0.9311066269874573 
vt 0.06584262102842331 0.9332983493804932 
vt 0.057563621550798416 0.9334201216697693 
vt 0.05792887136340141 0.9358553886413574 
vt 0.049893371760845184 0.9334201216697693 
vt 0.04952811822295189 0.9358553886413574 
vt 0.04258837178349495 0.9309848546981812 
vt 0.04149261862039566 0.933176577091217 
vt 0.036379121243953705 0.9264795780181885 
vt 0.034674618393182755 0.9281842708587646 
vt 0.03187436982989311 0.9202696084976196 
vt 0.029682869091629982 0.92136549949646 
vt 0.029439369216561317 0.9130855202674866 
vt 0.027126120403409004 0.9135726094245911 
vt 0.029439369216561317 0.9055361747741699 
vt 0.027004370465874672 0.9052926301956177 
vt 0.03175261989235878 0.8983520865440369 
vt 0.02956111915409565 0.8973779678344727 
vt 0.03613562136888504 0.8922638893127441 
vt 0.03443111851811409 0.890559196472168 
vt 0.042344868183135986 0.8877586126327515 
vt 0.041249118745326996 0.8856886625289917 
vt 0.04952811822295189 0.8854451179504395 
vt 0.04916286841034889 0.8831316232681274 
vt 0.05719837173819542 0.8855668902397156 
vt 0.057563621550798416 0.8831316232681274 
vt 0.06438162177801132 0.8878803849220276 
vt 0.06559912115335464 0.8858104348182678 
vt 0.07059086859226227 0.8923856616020203 
vt 0.07241711765527725 0.8906809687614441 
vt 0.07521737366914749 0.8985956311225891 
vt 0.07728712260723114 0.8974997401237488 
vt 0.0775306224822998 0.9059014916419983 
vt 0.07996562123298645 0.9055361747741699 
vt 0.0775306224822998 0.9134508371353149 
vt 0.07996562123298645 0.9138161540031433 
vt 0.1005413681268692 0.9171037673950195 
vt 0.09603662043809891 0.9312283992767334 
vt 0.08727061748504639 0.9431612491607666 
vt 0.07533912360668182 0.9519282579421997 
vt 0.06109436973929405 0.9565553069114685 
vt 0.046119119971990585 0.9565553069114685 
vt 0.03187436982989311 0.9519282579421997 
vt 0.019699370488524437 0.9430394768714905 
vt 0.01093337032943964 0.9309848546981812 
vt 0.006428619846701622 0.9167384505271912 
vt 0.006428619846701622 0.9020050168037415 
vt 0.01093337032943964 0.8877586126327515 
vt 0.019699370488524437 0.8757039904594421 
vt 0.03175261989235878 0.866936981678009 
vt 0.04599737003445625 0.8623099327087402 
vt 0.06097261980175972 0.8624317049980164 
vt 0.07521737366914749 0.8670587539672852 
vt 0.08727061748504639 0.8759475350379944 
vt 0.09603662043809891 0.8880021572113037 
vt 0.1005413681268692 0.9022485613822937 
vt 0.10577662289142609 0.9015179872512817 
vt 0.10565487295389175 0.9179561138153076 
vt 0.10066311806440353 0.9335418939590454 
vt 0.09104487299919128 0.9468141794204712 
vt 0.07765237241983414 0.9565553069114685 
vt 0.06194661930203438 0.9617911577224731 
vt 0.04526687040925026 0.961669385433197 
vt 0.029439369216561317 0.9565553069114685 
vt 0.01604687049984932 0.9466924071311951 
vt 0.006428619846701622 0.9332983493804932 
vt 0.001315120025537908 0.9175907969474792 
vt 0.001315120025537908 0.9011526703834534 
vt 0.00630686990916729 0.8854451179504395 
vt 0.01604687049984932 0.8720510601997375 
vt 0.029439369216561317 0.8623099327087402 
vt 0.04514512047171593 0.8571958541870117 
vt 0.061703119426965714 0.8571958541870117 
vt 0.0775306224822998 0.8624317049980164 
vt 0.09104487299919128 0.8721728324890137 
vt 0.10066311806440353 0.8856886625289917 
vt 0.9565656185150146 0.1017720103263855 
vt 0.9546176195144653 0.11394841223955154 
vt 0.952669620513916 0.10055436939001083 
vt 0.9471908807754517 0.11151313036680222 
vt 0.9495041370391846 0.09824085235595703 
vt 0.940859854221344 0.10688609629869461 
vt 0.9471908807754517 0.09495322406291962 
vt 0.9362333416938782 0.10055436939001083 
vt 0.9459733963012695 0.0911785438656807 
vt 0.9337983727455139 0.09312676638364792 
vt 0.9459733963012695 0.08716032654047012 
vt 0.9337983727455139 0.08533386886119843 
vt 0.9471908807754517 0.0833856463432312 
vt 0.9362333416938782 0.07790626585483551 
vt 0.9495041370391846 0.08021978288888931 
vt 0.940859854221344 0.07157453894615173 
vt 0.952669620513916 0.07778450101613998 
vt 0.9471908807754517 0.06694750487804413 
vt 0.9565656185150146 0.07656686007976532 
vt 0.9546176195144653 0.0645122230052948 
vt 0.9604616165161133 0.07656686007976532 
vt 0.9624096155166626 0.0645122230052948 
vt 0.9643576145172119 0.07778450101613998 
vt 0.9698363542556763 0.06694750487804413 
vt 0.9675230979919434 0.08021978288888931 
vt 0.9761673808097839 0.07157453894615173 
vt 0.9698363542556763 0.0833856463432312 
vt 0.9807938933372498 0.07790626585483551 
vt 0.9711756110191345 0.08716032654047012 
vt 0.983228862285614 0.08533386886119843 
vt 0.9711756110191345 0.0911785438656807 
vt 0.983228862285614 0.09312676638364792 
vt 0.9698363542556763 0.09495322406291962 
vt 0.9807938933372498 0.10055436939001083 
vt 0.9675230979919434 0.09824085235595703 
vt 0.9761673808097839 0.10688609629869461 
vt 0.9643576145172119 0.10055436939001083 
vt 0.9698363542556763 0.11151313036680222 
vt 0.9604616165161133 0.1017720103263855 
vt 0.9624096155166626 0.11394841223955154 
vt 0.32614412903785706 0.954485297203064 
vt 0.3307706117630005 0.952171802520752 
vt 0.33588412404060364 0.968001127243042 
vt 0.3395366072654724 0.9642264246940613 
vt 0.3492766320705414 0.9777422547340393 
vt 0.3515898585319519 0.9731152057647705 
vt 0.36498236656188965 0.9828563332557678 
vt 0.36583462357521057 0.9777422547340393 
vt 0.38154035806655884 0.9828563332557678 
vt 0.38080987334251404 0.9777422547340393 
vt 0.3973678648471832 0.9777422547340393 
vt 0.3949328660964966 0.9731152057647705 
vt 0.41076037287712097 0.9678793549537659 
vt 0.4071078598499298 0.9642264246940613 
vt 0.42050036787986755 0.9543635249137878 
vt 0.41587385535240173 0.9520500302314758 
vt 0.4254921078681946 0.9386559724807739 
vt 0.4203786253929138 0.937925398349762 
vt 0.42537036538124084 0.922217845916748 
vt 0.4202568829059601 0.9230701923370361 
vt 0.4203786253929138 0.9066320657730103 
vt 0.415752112865448 0.9089455604553223 
vt 0.41076037287712097 0.8933597803115845 
vt 0.4071078598499298 0.8968909382820129 
vt 0.39748960733413696 0.8836186528205872 
vt 0.39517638087272644 0.8881239295005798 
vt 0.38190561532974243 0.8783828020095825 
vt 0.3810533583164215 0.883496880531311 
vt 0.365469366312027 0.8782610297203064 
vt 0.36619988083839417 0.8833751082420349 
vt 0.3496418595314026 0.8832533359527588 
vt 0.3519551157951355 0.8878803849220276 
vt 0.3361276090145111 0.89287269115448 
vt 0.339901864528656 0.8966473937034607 
vt 0.3263876140117645 0.9062667489051819 
vt 0.33101412653923035 0.90870201587677 
vt 0.32115235924720764 0.9220960736274719 
vt 0.3262658715248108 0.92294842004776 
vt 0.3210306167602539 0.9386559724807739 
vt 0.3262658715248108 0.937925398349762 
vt 0.34696337580680847 0.9347595572471619 
vt 0.34952011704444885 0.9426742196083069 
vt 0.3545118570327759 0.9494929909706116 
vt 0.36120811104774475 0.9543635249137878 
vt 0.36912187933921814 0.9570423364639282 
vt 0.37752261757850647 0.9570423364639282 
vt 0.38543635606765747 0.954485297203064 
vt 0.39213261008262634 0.9494929909706116 
vt 0.39700260758399963 0.9425524473190308 
vt 0.3995593786239624 0.9346377849578857 
vt 0.39968112111091614 0.9262360334396362 
vt 0.39712437987327576 0.9183213710784912 
vt 0.39225438237190247 0.9116243720054626 
vt 0.3855581283569336 0.9066320657730103 
vt 0.3776443600654602 0.904075026512146 
vt 0.3693653643131256 0.904075026512146 
vt 0.3614516258239746 0.9066320657730103 
vt 0.354633629322052 0.9115025997161865 
vt 0.3496418595314026 0.9184431433677673 
vt 0.3470851182937622 0.9263578057289124 
vt 0.3493983745574951 0.9267231225967407 
vt 0.3493983745574951 0.9343942403793335 
vt 0.351711630821228 0.9415783286094666 
vt 0.3562163710594177 0.9477882981300354 
vt 0.36230388283729553 0.9522935748100281 
vt 0.36948710680007935 0.9546070694923401 
vt 0.37703561782836914 0.9546070694923401 
vt 0.3843406140804291 0.9522935748100281 
vt 0.3904281258583069 0.9477882981300354 
vt 0.39481112360954285 0.9414565563201904 
vt 0.3972461223602295 0.9342724680900574 
vt 0.3972461223602295 0.9266013503074646 
vt 0.3950546085834503 0.9194172620773315 
vt 0.3905498683452606 0.9133290648460388 
vt 0.3844623565673828 0.9088237881660461 
vt 0.377279132604599 0.9065102934837341 
vt 0.3697306215763092 0.906388521194458 
vt 0.362547367811203 0.9088237881660461 
vt 0.35633811354637146 0.9133290648460388 
vt 0.35183337330818176 0.9195390343666077 
vt 0.7483730912208557 0.6165902018547058 
vt 0.7493470907211304 0.611232578754425 
vt 0.763957142829895 0.6165902018547058 
vt 0.7520256042480469 0.6066055297851562 
vt 0.7561651468276978 0.6030743718147278 
vt 0.7612786293029785 0.6012479662895203 
vt 0.7667573690414429 0.6012479662895203 
vt 0.7717491388320923 0.6030743718147278 
vt 0.7758886218070984 0.6066055297851562 
vt 0.7786888480186462 0.611232578754425 
vt 0.7795411348342896 0.6165902018547058 
vt 0.7786888480186462 0.6219478249549866 
vt 0.7758886218070984 0.6266965866088867 
vt 0.7717491388320923 0.6301060318946838 
vt 0.7666355967521667 0.6319324374198914 
vt 0.7612786293029785 0.6319324374198914 
vt 0.7561651468276978 0.6301060318946838 
vt 0.7520256042480469 0.6266965866088867 
vt 0.7493470907211304 0.6219478249549866 
vt 0.9599746465682983 0.19406911730766296 
vt 0.9490171074867249 0.18846797943115234 
vt 0.9622878432273865 0.19078148901462555 
vt 0.9536436200141907 0.18213625252246857 
vt 0.9654533863067627 0.18846797943115234 
vt 0.9599746465682983 0.17750921845436096 
vt 0.9693493843078613 0.18725033104419708 
vt 0.967401385307312 0.17507393658161163 
vt 0.97324538230896 0.18725033104419708 
vt 0.9751933813095093 0.17507393658161163 
vt 0.9771413803100586 0.18846797943115234 
vt 0.982620120048523 0.17750921845436096 
vt 0.98030686378479 0.19078148901462555 
vt 0.9889511466026306 0.18213625252246857 
vt 0.982620120048523 0.19406911730766296 
vt 0.9935775995254517 0.18846797943115234 
vt 0.9838376045227051 0.19784380495548248 
vt 0.9960126280784607 0.19589558243751526 
vt 0.9838376045227051 0.20186202228069305 
vt 0.9960126280784607 0.20368847250938416 
vt 0.982620120048523 0.20563669502735138 
vt 0.9935775995254517 0.21111607551574707 
vt 0.98030686378479 0.20880256593227386 
vt 0.9889511466026306 0.21744781732559204 
vt 0.9771413803100586 0.2112378478050232 
vt 0.982620120048523 0.22207483649253845 
vt 0.97324538230896 0.21245548129081726 
vt 0.9751933813095093 0.22451011836528778 
vt 0.9693493843078613 0.21245548129081726 
vt 0.967401385307312 0.22451011836528778 
vt 0.9654533863067627 0.2112378478050232 
vt 0.9599746465682983 0.22207483649253845 
vt 0.9622878432273865 0.20880256593227386 
vt 0.9536436200141907 0.21744781732559204 
vt 0.9599746465682983 0.20563669502735138 
vt 0.9490171074867249 0.21111607551574707 
vt 0.9586353898048401 0.20186202228069305 
vt 0.9465821385383606 0.20368847250938416 
vt 0.9586353898048401 0.19784380495548248 
vt 0.9465821385383606 0.19589558243751526 
vt 0.6624175906181335 0.8982303142547607 
vt 0.6604695916175842 0.8861756920814514 
vt 0.6664353609085083 0.8982303142547607 
vt 0.6683833599090576 0.8861756920814514 
vt 0.6702096462249756 0.8995697498321533 
vt 0.6758100986480713 0.8886109590530396 
vt 0.6734968423843384 0.9018832445144653 
vt 0.682141125202179 0.8932380080223083 
vt 0.6758100986480713 0.9050491452217102 
vt 0.6866458654403687 0.8995697498321533 
vt 0.6770276427268982 0.9089455604553223 
vt 0.6890808939933777 0.9069973230361938 
vt 0.6770276427268982 0.9128420352935791 
vt 0.6890808939933777 0.9147902131080627 
vt 0.6758100986480713 0.9167384505271912 
vt 0.6866458654403687 0.922217845916748 
vt 0.6734968423843384 0.919904351234436 
vt 0.682141125202179 0.928549587726593 
vt 0.6702096462249756 0.922217845916748 
vt 0.6758100986480713 0.933176577091217 
vt 0.6664353609085083 0.9234355092048645 
vt 0.6683833599090576 0.93561190366745 
vt 0.6624175906181335 0.9234355092048645 
vt 0.6604695916175842 0.93561190366745 
vt 0.658643364906311 0.922217845916748 
vt 0.6530428528785706 0.933176577091217 
vt 0.6553561091423035 0.919904351234436 
vt 0.6467118859291077 0.928549587726593 
vt 0.6530428528785706 0.9167384505271912 
vt 0.642207145690918 0.922217845916748 
vt 0.6518253684043884 0.9128420352935791 
vt 0.6397721171379089 0.9147902131080627 
vt 0.6518253684043884 0.9089455604553223 
vt 0.6397721171379089 0.9069973230361938 
vt 0.6530428528785706 0.9050491452217102 
vt 0.642207145690918 0.8995697498321533 
vt 0.6553561091423035 0.9018832445144653 
vt 0.6467118859291077 0.8932380080223083 
vt 0.658643364906311 0.8995697498321533 
vt 0.6530428528785706 0.8886109590530396 
vt 0.530440628528595 0.6536064743995667 
vt 0.5295883417129517 0.6482488512992859 
vt 0.545172393321991 0.6482488512992859 
vt 0.530440628528595 0.6428912281990051 
vt 0.5332408547401428 0.6381424069404602 
vt 0.5373803973197937 0.6347330212593079 
vt 0.5424938797950745 0.6327848434448242 
vt 0.5478508472442627 0.6327848434448242 
vt 0.5529643893241882 0.6347330212593079 
vt 0.5571038722991943 0.6381424069404602 
vt 0.5597823858261108 0.6428912281990051 
vt 0.5607563853263855 0.6482488512992859 
vt 0.5597823858261108 0.6536064743995667 
vt 0.5571038722991943 0.6582334637641907 
vt 0.5529643893241882 0.6617646217346191 
vt 0.5478508472442627 0.6635910868644714 
vt 0.5424938797950745 0.6635910868644714 
vt 0.5373803973197937 0.6617646217346191 
vt 0.5332408547401428 0.6582334637641907 
vt 0.8626963496208191 0.10067613422870636 
vt 0.8651313781738281 0.09592733532190323 
vt 0.8785238862037659 0.10579022020101547 
vt 0.8793761134147644 0.10067613422870636 
vt 0.8952035903930664 0.10579022020101547 
vt 0.8943513631820679 0.10067613422870636 
vt 0.9109093546867371 0.10067613422870636 
vt 0.9085960984230042 0.09604910016059875 
vt 0.9243018627166748 0.09093501418828964 
vt 0.9206493496894836 0.08728209137916565 
vt 0.93392014503479 0.07754097133874893 
vt 0.9292936325073242 0.07522745430469513 
vt 0.9389118552207947 0.06195518374443054 
vt 0.93392014503479 0.061224598437547684 
vt 0.9390336275100708 0.04551704227924347 
vt 0.93392014503479 0.046369388699531555 
vt 0.9340418577194214 0.029809486120939255 
vt 0.9292936325073242 0.03212300315499306 
vt 0.9243018627166748 0.016293682157993317 
vt 0.9206493496894836 0.01994660124182701 
vt 0.9107876420021057 0.006430798210203648 
vt 0.9084743857383728 0.011057830415666103 
vt 0.8950818777084351 0.0013167100260034204 
vt 0.8942295908927917 0.006430798210203648 
vt 0.8784021139144897 0.0013167100260034204 
vt 0.8792543411254883 0.006430798210203648 
vt 0.8626963496208191 0.006430798210203648 
vt 0.865009605884552 0.011057830415666103 
vt 0.8493038415908813 0.01617191731929779 
vt 0.8529563546180725 0.019824838265776634 
vt 0.8396856188774109 0.029565958306193352 
vt 0.8443121314048767 0.031879473477602005 
vt 0.8345721364021301 0.04527351260185242 
vt 0.8396856188774109 0.046004097908735275 
vt 0.8345721364021301 0.06171165406703949 
vt 0.8396856188774109 0.060859307646751404 
vt 0.8396856188774109 0.07729744911193848 
vt 0.8443121314048767 0.07498393207788467 
vt 0.8493038415908813 0.09081324934959412 
vt 0.8529563546180725 0.08716032654047012 
vt 0.867931604385376 0.0723051205277443 
vt 0.8747496008872986 0.07729744911193848 
vt 0.8827851414680481 0.07985448837280273 
vt 0.8911858797073364 0.07997625321149826 
vt 0.8990996479988098 0.0774192065000534 
vt 0.9059176445007324 0.07254865020513535 
vt 0.9106658697128296 0.06572986394166946 
vt 0.91322261095047 0.05793697014451027 
vt 0.91322261095047 0.049535252153873444 
vt 0.9106658697128296 0.04162059351801872 
vt 0.9056740999221802 0.03480181097984314 
vt 0.8988561034202576 0.029809486120939255 
vt 0.8908206224441528 0.02725244127213955 
vt 0.8824198842048645 0.02725244127213955 
vt 0.8745061159133911 0.029809486120939255 
vt 0.8678098917007446 0.034680046141147614 
vt 0.8628181219100952 0.04137706756591797 
vt 0.8602613806724548 0.04929172620177269 
vt 0.8603830933570862 0.05757167935371399 
vt 0.8630616068840027 0.06548634171485901 
vt 0.8651313781738281 0.06439046561717987 
vt 0.8696361184120178 0.07060042768716812 
vt 0.8759671449661255 0.0751056969165802 
vt 0.8831503987312317 0.07754097133874893 
vt 0.8908206224441528 0.07754097133874893 
vt 0.898003876209259 0.07522745430469513 
vt 0.9042131304740906 0.07084395736455917 
vt 0.9085960984230042 0.06475575268268585 
vt 0.9109093546867371 0.05757167935371399 
vt 0.9107876420021057 0.04990054666996002 
vt 0.9084743857383728 0.04271646961569786 
vt 0.9039696455001831 0.03650650754570961 
vt 0.8977603912353516 0.03200123831629753 
vt 0.8904553651809692 0.029565958306193352 
vt 0.8829068541526794 0.029565958306193352 
vt 0.8756018877029419 0.031879473477602005 
vt 0.8695143461227417 0.036384742707014084 
vt 0.865009605884552 0.04247294366359711 
vt 0.8626963496208191 0.04965701699256897 
vt 0.8626963496208191 0.05720638483762741 
vt 0.9908991456031799 0.13550063967704773 
vt 0.9870031476020813 0.12649010121822357 
vt 0.9938211441040039 0.12649010121822357 
vt 0.9854203462600708 0.12149778008460999 
vt 0.9908991456031799 0.11747956275939941 
vt 0.9811590909957886 0.11845368146896362 
vt 0.983228862285614 0.1118784248828888 
vt 0.9758021235466003 0.11845368146896362 
vt 0.9737323522567749 0.1118784248828888 
vt 0.9715408682823181 0.12149778008460999 
vt 0.9660621285438538 0.11747956275939941 
vt 0.9699581265449524 0.12649010121822357 
vt 0.9631401300430298 0.12649010121822357 
vt 0.9715408682823181 0.13160419464111328 
vt 0.9660621285438538 0.13550063967704773 
vt 0.9758021235466003 0.13464829325675964 
vt 0.9737323522567749 0.14110177755355835 
vt 0.9811590909957886 0.13464829325675964 
vt 0.983228862285614 0.14110177755355835 
vt 0.9854203462600708 0.13160419464111328 
vt 0.9784806370735168 0.12649010121822357 
vt 0.8812023997306824 0.06207694485783577 
vt 0.888629138469696 0.05562345311045647 
vt 0.8906988501548767 0.06207694485783577 
vt 0.8928903937339783 0.052579354494810104 
vt 0.8983691334724426 0.05659756436944008 
vt 0.8945948481559753 0.04746526479721069 
vt 0.901412844657898 0.04746526479721069 
vt 0.8928903937339783 0.04247294366359711 
vt 0.8983691334724426 0.038454730063676834 
vt 0.888629138469696 0.039428841322660446 
vt 0.8906988501548767 0.03297534957528114 
vt 0.8833938837051392 0.039428841322660446 
vt 0.8812023997306824 0.03297534957528114 
vt 0.8791326284408569 0.04247294366359711 
vt 0.8735321164131165 0.038454730063676834 
vt 0.8774281144142151 0.04758702963590622 
vt 0.8706101179122925 0.04758702963590622 
vt 0.8791326284408569 0.052579354494810104 
vt 0.8735321164131165 0.05659756436944008 
vt 0.8833938837051392 0.05562345311045647 
vt 0.8859506249427795 0.04746526479721069 
vt 0.8827851414680481 0.1491382122039795 
vt 0.8882638812065125 0.15315641462802887 
vt 0.8798631429672241 0.15814873576164246 
vt 0.8866811394691467 0.15814873576164246 
vt 0.8827851414680481 0.1671592742204666 
vt 0.8882638812065125 0.16314107179641724 
vt 0.8904553651809692 0.17276042699813843 
vt 0.8925251364707947 0.16630692780017853 
vt 0.8999518752098083 0.17276042699813843 
vt 0.8978821039199829 0.16630692780017853 
vt 0.9076220989227295 0.1671592742204666 
vt 0.9021433591842651 0.16314107179641724 
vt 0.9105440974235535 0.15814873576164246 
vt 0.9037261009216309 0.15814873576164246 
vt 0.9076220989227295 0.1491382122039795 
vt 0.9021433591842651 0.15315641462802887 
vt 0.8999518752098083 0.14353705942630768 
vt 0.8978821039199829 0.14999055862426758 
vt 0.8904553651809692 0.14353705942630768 
vt 0.8925251364707947 0.14999055862426758 
vt 0.8952035903930664 0.15814873576164246 
f 1/1/1 2/2/2 3/3/3 
f 2/2/2 4/4/4 3/3/3 
f 3/3/3 4/4/4 4/4/4 
f 4/4/4 2/2/2 4/4/4 
f 4/4/4 2/2/2 2/2/2 
f 2/2/2 5/5/5 2/2/2 
f 2/2/2 5/5/5 4/4/4 
f 5/5/5 6/6/6 4/4/4 
f 4/4/4 6/6/6 6/6/6 
f 6/6/6 5/5/5 6/6/6 
f 6/6/6 5/5/5 5/5/5 
f 5/5/5 7/7/7 5/5/5 
f 5/5/5 7/7/7 6/6/6 
f 7/7/7 8/8/8 6/6/6 
f 6/6/6 8/8/8 8/8/8 
f 8/8/8 7/7/7 8/8/8 
f 8/8/8 7/7/7 7/7/7 
f 7/7/7 9/9/9 7/7/7 
f 7/7/7 9/9/9 8/8/8 
f 9/9/9 10/10/10 8/8/8 
f 8/8/8 10/10/10 10/10/10 
f 10/10/10 9/9/9 10/10/10 
f 10/10/10 9/9/9 9/9/9 
f 9/9/9 11/11/11 9/9/9 
f 9/9/9 11/11/11 10/10/10 
f 11/11/11 12/12/12 10/10/10 
f 10/10/10 12/12/12 12/12/12 
f 12/12/12 11/11/11 12/12/12 
f 12/12/12 11/11/11 11/11/11 
f 11/11/11 13/13/13 11/11/11 
f 11/11/11 13/13/13 12/12/12 
f 13/13/13 14/14/14 12/12/12 
f 12/12/12 14/14/14 14/14/14 
f 14/14/14 13/13/13 14/14/14 
f 14/14/14 13/13/13 13/13/13 
f 13/13/13 15/15/15 13/13/13 
f 13/13/13 15/15/15 14/14/14 
f 15/15/15 16/16/16 14/14/14 
f 14/14/14 16/16/16 16/16/16 
f 16/16/16 15/15/15 16/16/16 
f 16/16/16 15/15/15 15/15/15 
f 15/15/15 17/17/17 15/15/15 
f 15/15/15 17/17/17 16/16/16 
f 17/17/17 18/18/18 16/16/16 
f 16/16/16 18/18/18 18/18/18 
f 18/18/18 17/17/17 18/18/18 
f 18/18/18 17/17/17 17/17/17 
f 17/17/17 19/19/19 17/17/17 
f 17/17/17 19/19/19 18/18/18 
f 19/19/19 20/20/20 18/18/18 
f 18/18/18 20/20/20 20/20/20 
f 20/20/20 19/19/19 20/20/20 
f 20/20/20 19/19/19 19/19/19 
f 19/19/19 21/21/21 19/19/19 
f 19/19/19 21/21/21 20/20/20 
f 21/21/21 22/22/22 20/20/20 
f 20/20/20 22/22/22 22/22/22 
f 22/22/22 23/23/23 22/22/22 
f 22/22/22 23/23/23 23/23/23 
f 23/23/23 24/24/24 23/23/23 
f 23/23/23 24/24/24 25/25/25 
f 24/24/24 26/26/26 25/25/25 
f 25/25/25 26/26/26 27/27/27 
f 26/26/26 28/28/28 27/27/27 
f 27/27/27 28/28/28 29/29/29 
f 28/28/28 30/30/30 29/29/29 
f 29/29/29 30/30/30 31/31/31 
f 30/30/30 32/32/32 31/31/31 
f 31/31/31 32/32/32 33/33/33 
f 32/32/32 34/34/34 33/33/33 
f 33/33/33 34/34/34 35/35/35 
f 34/34/34 36/36/36 35/35/35 
f 35/35/35 36/36/36 37/37/37 
f 36/36/36 38/38/38 37/37/37 
f 37/37/37 38/38/38 39/39/39 
f 38/38/38 40/40/40 39/39/39 
f 39/39/39 40/40/40 41/41/41 
f 40/40/40 42/42/42 41/41/41 
f 41/41/41 42/42/42 43/43/43 
f 42/42/42 44/44/44 43/43/43 
f 43/43/43 44/44/44 44/44/44 
f 44/44/44 45/45/45 44/44/44 
f 44/44/44 45/45/45 45/45/45 
f 45/45/45 46/46/46 45/45/45 
f 45/45/45 46/46/46 47/47/47 
f 46/46/46 48/48/48 47/47/47 
f 47/47/47 48/48/48 49/49/49 
f 48/48/48 50/50/50 49/49/49 
f 49/49/49 50/50/50 51/51/51 
f 50/50/50 52/52/52 51/51/51 
f 51/51/51 52/52/52 53/53/53 
f 52/52/52 54/54/54 53/53/53 
f 53/53/53 54/54/54 55/55/55 
f 54/54/54 56/56/56 55/55/55 
f 55/55/55 56/56/56 57/57/57 
f 56/56/56 58/58/58 57/57/57 
f 57/57/57 58/58/58 59/59/59 
f 58/58/58 60/60/60 59/59/59 
f 59/59/59 60/60/60 61/61/61 
f 60/60/60 62/62/62 61/61/61 
f 61/61/61 62/62/62 63/63/63 
f 62/62/62 64/64/64 63/63/63 
f 63/63/63 64/64/64 65/65/65 
f 64/64/64 66/66/66 65/65/65 
f 65/65/65 66/66/66 66/66/66 
f 66/66/66 67/67/67 66/66/66 
f 66/66/66 67/67/67 67/67/67 
f 67/67/67 68/68/68 67/67/67 
f 67/67/67 68/68/68 69/69/69 
f 68/68/68 70/70/70 69/69/69 
f 69/69/69 70/70/70 71/71/71 
f 70/70/70 72/72/72 71/71/71 
f 71/71/71 72/72/72 73/73/73 
f 72/72/72 74/74/74 73/73/73 
f 73/73/73 74/74/74 75/75/75 
f 74/74/74 76/76/76 75/75/75 
f 75/75/75 76/76/76 77/77/77 
f 76/76/76 78/78/78 77/77/77 
f 77/77/77 78/78/78 79/79/79 
f 78/78/78 80/80/80 79/79/79 
f 79/79/79 80/80/80 81/81/81 
f 80/80/80 82/82/82 81/81/81 
f 81/81/81 82/82/82 83/83/83 
f 82/82/82 84/84/84 83/83/83 
f 83/83/83 84/84/84 85/85/85 
f 84/84/84 86/86/86 85/85/85 
f 85/85/85 86/86/86 87/87/87 
f 86/86/86 88/88/88 87/87/87 
f 87/87/87 88/88/88 88/88/88 
f 88/88/88 89/89/89 88/88/88 
f 88/88/88 89/89/89 89/89/89 
f 89/89/89 90/90/90 89/89/89 
f 89/89/89 90/90/90 91/91/91 
f 90/90/90 92/92/92 91/91/91 
f 91/91/91 92/92/92 93/93/93 
f 92/92/92 94/94/94 93/93/93 
f 93/93/93 94/94/94 95/95/95 
f 94/94/94 96/96/96 95/95/95 
f 95/95/95 96/96/96 97/97/97 
f 96/96/96 98/98/98 97/97/97 
f 97/97/97 98/98/98 99/99/99 
f 98/98/98 100/100/100 99/99/99 
f 99/99/99 100/100/100 101/101/101 
f 100/100/100 102/102/102 101/101/101 
f 101/101/101 102/102/102 103/103/103 
f 102/102/102 104/104/104 103/103/103 
f 103/103/103 104/104/104 105/105/105 
f 104/104/104 106/106/106 105/105/105 
f 105/105/105 106/106/106 107/107/107 
f 106/106/106 108/108/108 107/107/107 
f 107/107/107 108/108/108 109/109/109 
f 108/108/108 110/110/110 109/109/109 
f 109/109/109 110/110/110 111/111/111 
f 110/110/110 112/112/112 111/111/111 
f 111/111/111 112/112/112 113/113/113 
f 112/112/112 114/114/114 113/113/113 
f 113/113/113 114/114/114 115/115/115 
f 114/114/114 116/116/116 115/115/115 
f 115/115/115 116/116/116 117/117/117 
f 116/116/116 118/118/118 117/117/117 
f 117/117/117 118/118/118 119/119/119 
f 118/118/118 120/120/120 119/119/119 
f 119/119/119 120/120/120 121/121/121 
f 120/120/120 122/122/122 121/121/121 
f 121/121/121 122/122/122 123/123/123 
f 122/122/122 124/124/124 123/123/123 
f 123/123/123 124/124/124 125/125/125 
f 124/124/124 126/126/126 125/125/125 
f 125/125/125 126/126/126 127/127/127 
f 126/126/126 128/128/128 127/127/127 
f 127/127/127 128/128/128 129/129/129 
f 128/128/128 130/130/130 129/129/129 
f 129/129/129 130/130/130 130/130/130 
f 130/130/130 90/90/90 130/130/130 
f 130/130/130 90/90/90 90/90/90 
f 90/90/90 131/131/131 90/90/90 
f 90/90/90 131/131/131 92/92/92 
f 131/131/131 132/132/132 92/92/92 
f 92/92/92 132/132/132 94/94/94 
f 132/132/132 133/133/133 94/94/94 
f 94/94/94 133/133/133 96/96/96 
f 133/133/133 134/134/134 96/96/96 
f 96/96/96 134/134/134 98/98/98 
f 134/134/134 135/135/135 98/98/98 
f 98/98/98 135/135/135 100/100/100 
f 135/135/135 136/136/136 100/100/100 
f 100/100/100 136/136/136 102/102/102 
f 136/136/136 137/137/137 102/102/102 
f 102/102/102 137/137/137 104/104/104 
f 137/137/137 138/138/138 104/104/104 
f 104/104/104 138/138/138 106/106/106 
f 138/138/138 139/139/139 106/106/106 
f 106/106/106 139/139/139 108/108/108 
f 139/139/139 140/140/140 108/108/108 
f 108/108/108 140/140/140 110/110/110 
f 140/140/140 141/141/141 110/110/110 
f 110/110/110 141/141/141 112/112/112 
f 141/141/141 142/142/142 112/112/112 
f 112/112/112 142/142/142 114/114/114 
f 142/142/142 143/143/143 114/114/114 
f 114/114/114 143/143/143 116/116/116 
f 143/143/143 144/144/144 116/116/116 
f 116/116/116 144/144/144 118/118/118 
f 144/144/144 145/145/145 118/118/118 
f 118/118/118 145/145/145 120/120/120 
f 145/145/145 146/146/146 120/120/120 
f 120/120/120 146/146/146 122/122/122 
f 146/146/146 147/147/147 122/122/122 
f 122/122/122 147/147/147 124/124/124 
f 147/147/147 148/148/148 124/124/124 
f 124/124/124 148/148/148 126/126/126 
f 148/148/148 149/149/149 126/126/126 
f 126/126/126 149/149/149 128/128/128 
f 149/149/149 150/150/150 128/128/128 
f 128/128/128 150/150/150 130/130/130 
f 150/150/150 130/130/130 130/130/130 
f 130/130/130 130/130/130 131/131/131 
f 130/130/130 131/131/131 131/131/131 
f 131/131/131 131/131/131 131/131/131 
f 131/131/131 151/151/151 131/131/131 
f 131/131/131 151/151/151 132/132/132 
f 151/151/151 152/152/152 132/132/132 
f 132/132/132 152/152/152 133/133/133 
f 152/152/152 153/153/153 133/133/133 
f 133/133/133 153/153/153 134/134/134 
f 153/153/153 154/154/154 134/134/134 
f 134/134/134 154/154/154 135/135/135 
f 154/154/154 155/155/155 135/135/135 
f 135/135/135 155/155/155 136/136/136 
f 155/155/155 156/156/156 136/136/136 
f 136/136/136 156/156/156 137/137/137 
f 156/156/156 157/157/157 137/137/137 
f 137/137/137 157/157/157 138/138/138 
f 157/157/157 158/158/158 138/138/138 
f 138/138/138 158/158/158 139/139/139 
f 158/158/158 159/159/159 139/139/139 
f 139/139/139 159/159/159 140/140/140 
f 159/159/159 160/160/160 140/140/140 
f 140/140/140 160/160/160 141/141/141 
f 160/160/160 161/161/161 141/141/141 
f 141/141/141 161/161/161 142/142/142 
f 161/161/161 162/162/162 142/142/142 
f 142/142/142 162/162/162 143/143/143 
f 162/162/162 163/163/163 143/143/143 
f 143/143/143 163/163/163 144/144/144 
f 163/163/163 164/164/164 144/144/144 
f 144/144/144 164/164/164 145/145/145 
f 164/164/164 165/165/165 145/145/145 
f 145/145/145 165/165/165 146/146/146 
f 165/165/165 166/166/166 146/146/146 
f 146/146/146 166/166/166 147/147/147 
f 166/166/166 167/167/167 147/147/147 
f 147/147/147 167/167/167 148/148/148 
f 167/167/167 168/168/168 148/148/148 
f 148/148/148 168/168/168 149/149/149 
f 168/168/168 169/169/169 149/149/149 
f 149/149/149 169/169/169 150/150/150 
f 169/169/169 170/170/170 150/150/150 
f 150/150/150 170/170/170 170/170/170 
f 170/170/170 151/151/151 170/170/170 
f 170/170/170 151/151/151 151/151/151 
f 151/151/151 131/131/131 151/151/151 
f 151/151/151 131/131/131 171/171/171 
f 131/131/131 172/172/172 171/171/171 
f 171/171/171 172/172/172 172/172/172 
f 172/172/172 173/173/173 172/172/172 
f 172/172/172 173/173/173 173/173/173 
f 173/173/173 174/174/174 173/173/173 
f 173/173/173 174/174/174 175/175/175 
f 174/174/174 176/176/176 175/175/175 
f 175/175/175 176/176/176 176/176/176 
f 176/176/176 174/174/174 176/176/176 
f 176/176/176 174/174/174 174/174/174 
f 174/174/174 177/177/177 174/174/174 
f 174/174/174 177/177/177 176/176/176 
f 177/177/177 178/178/178 176/176/176 
f 176/176/176 178/178/178 178/178/178 
f 178/178/178 177/177/177 178/178/178 
f 178/178/178 177/177/177 177/177/177 
f 177/177/177 179/179/179 177/177/177 
f 177/177/177 179/179/179 178/178/178 
f 179/179/179 180/180/180 178/178/178 
f 178/178/178 180/180/180 180/180/180 
f 180/180/180 179/179/179 180/180/180 
f 180/180/180 179/179/179 179/179/179 
f 179/179/179 181/181/181 179/179/179 
f 179/179/179 181/181/181 180/180/180 
f 181/181/181 182/182/182 180/180/180 
f 180/180/180 182/182/182 182/182/182 
f 182/182/182 181/181/181 182/182/182 
f 182/182/182 181/181/181 181/181/181 
f 181/181/181 183/183/183 181/181/181 
f 181/181/181 183/183/183 182/182/182 
f 183/183/183 184/184/184 182/182/182 
f 182/182/182 184/184/184 184/184/184 
f 184/184/184 183/183/183 184/184/184 
f 184/184/184 183/183/183 183/183/183 
f 183/183/183 185/185/185 183/183/183 
f 183/183/183 185/185/185 184/184/184 
f 185/185/185 186/186/186 184/184/184 
f 184/184/184 186/186/186 186/186/186 
f 186/186/186 185/185/185 186/186/186 
f 186/186/186 185/185/185 185/185/185 
f 185/185/185 187/187/187 185/185/185 
f 185/185/185 187/187/187 186/186/186 
f 187/187/187 188/188/188 186/186/186 
f 186/186/186 188/188/188 188/188/188 
f 188/188/188 187/187/187 188/188/188 
f 188/188/188 187/187/187 187/187/187 
f 187/187/187 189/189/189 187/187/187 
f 187/187/187 189/189/189 188/188/188 
f 189/189/189 190/190/190 188/188/188 
f 188/188/188 190/190/190 190/190/190 
f 190/190/190 189/189/189 190/190/190 
f 190/190/190 189/189/189 189/189/189 
f 189/189/189 191/191/191 189/189/189 
f 189/189/189 191/191/191 190/190/190 
f 191/191/191 192/192/192 190/190/190 
f 190/190/190 192/192/192 192/192/192 
f 192/192/192 191/191/191 192/192/192 
f 192/192/192 191/191/191 191/191/191 
f 191/191/191 193/193/193 191/191/191 
f 191/191/191 193/193/193 192/192/192 
f 193/193/193 194/194/194 192/192/192 
f 192/192/192 194/194/194 194/194/194 
f 194/194/194 195/195/195 194/194/194 
f 194/194/194 195/195/195 195/195/195 
f 195/195/195 196/196/196 195/195/195 
f 195/195/195 196/196/196 197/197/197 
f 196/196/196 198/198/198 197/197/197 
f 197/197/197 198/198/198 199/199/199 
f 198/198/198 200/200/200 199/199/199 
f 199/199/199 200/200/200 201/201/201 
f 200/200/200 202/202/202 201/201/201 
f 201/201/201 202/202/202 203/203/203 
f 202/202/202 204/204/204 203/203/203 
f 203/203/203 204/204/204 205/205/205 
f 204/204/204 206/206/206 205/205/205 
f 205/205/205 206/206/206 207/207/207 
f 206/206/206 208/208/208 207/207/207 
f 207/207/207 208/208/208 209/209/209 
f 208/208/208 210/210/210 209/209/209 
f 209/209/209 210/210/210 211/211/211 
f 210/210/210 212/212/212 211/211/211 
f 211/211/211 212/212/212 213/213/213 
f 212/212/212 214/214/214 213/213/213 
f 213/213/213 214/214/214 215/215/215 
f 214/214/214 216/216/216 215/215/215 
f 215/215/215 216/216/216 217/217/217 
f 216/216/216 218/218/218 217/217/217 
f 217/217/217 218/218/218 219/219/219 
f 218/218/218 220/220/220 219/219/219 
f 219/219/219 220/220/220 221/221/221 
f 220/220/220 222/222/222 221/221/221 
f 221/221/221 222/222/222 223/223/223 
f 222/222/222 224/224/224 223/223/223 
f 223/223/223 224/224/224 225/225/225 
f 224/224/224 226/226/226 225/225/225 
f 225/225/225 226/226/226 227/227/227 
f 226/226/226 228/228/228 227/227/227 
f 227/227/227 228/228/228 229/229/229 
f 228/228/228 230/230/230 229/229/229 
f 229/229/229 230/230/230 231/231/231 
f 230/230/230 232/232/232 231/231/231 
f 231/231/231 232/232/232 233/233/233 
f 232/232/232 234/234/234 233/233/233 
f 233/233/233 234/234/234 235/235/235 
f 234/234/234 236/236/236 235/235/235 
f 235/235/235 236/236/236 236/236/236 
f 236/236/236 237/237/237 236/236/236 
f 236/236/236 237/237/237 237/237/237 
f 237/237/237 238/238/238 237/237/237 
f 237/237/237 238/238/238 239/239/239 
f 238/238/238 240/240/240 239/239/239 
f 239/239/239 240/240/240 241/241/241 
f 240/240/240 242/242/242 241/241/241 
f 241/241/241 242/242/242 243/243/243 
f 242/242/242 244/244/244 243/243/243 
f 243/243/243 244/244/244 245/245/245 
f 244/244/244 246/246/246 245/245/245 
f 245/245/245 246/246/246 247/247/247 
f 246/246/246 248/248/248 247/247/247 
f 247/247/247 248/248/248 249/249/249 
f 248/248/248 250/250/250 249/249/249 
f 249/249/249 250/250/250 251/251/251 
f 250/250/250 252/252/252 251/251/251 
f 251/251/251 252/252/252 253/253/253 
f 252/252/252 254/254/254 253/253/253 
f 253/253/253 254/254/254 255/255/255 
f 254/254/254 256/256/256 255/255/255 
f 255/255/255 256/256/256 257/257/257 
f 256/256/256 258/258/258 257/257/257 
f 257/257/257 258/258/258 259/259/259 
f 258/258/258 260/260/260 259/259/259 
f 259/259/259 260/260/260 261/261/261 
f 260/260/260 262/262/262 261/261/261 
f 261/261/261 262/262/262 263/263/263 
f 262/262/262 264/264/264 263/263/263 
f 263/263/263 264/264/264 265/265/265 
f 264/264/264 266/266/266 265/265/265 
f 265/265/265 266/266/266 267/267/267 
f 266/266/266 268/268/268 267/267/267 
f 267/267/267 268/268/268 269/269/269 
f 268/268/268 270/270/270 269/269/269 
f 269/269/269 270/270/270 271/271/271 
f 270/270/270 272/272/272 271/271/271 
f 271/271/271 272/272/272 273/273/273 
f 272/272/272 274/274/274 273/273/273 
f 273/273/273 274/274/274 275/275/275 
f 274/274/274 276/276/276 275/275/275 
f 275/275/275 276/276/276 277/277/277 
f 276/276/276 278/278/278 277/277/277 
f 277/277/277 278/278/278 278/278/278 
f 278/278/278 279/279/279 278/278/278 
f 278/278/278 279/279/279 279/279/279 
f 279/279/279 280/280/280 279/279/279 
f 279/279/279 280/280/280 281/281/281 
f 280/280/280 282/282/282 281/281/281 
f 281/281/281 282/282/282 283/283/283 
f 282/282/282 284/284/284 283/283/283 
f 283/283/283 284/284/284 285/285/285 
f 284/284/284 286/286/286 285/285/285 
f 285/285/285 286/286/286 287/287/287 
f 286/286/286 288/288/288 287/287/287 
f 287/287/287 288/288/288 289/289/289 
f 288/288/288 290/290/290 289/289/289 
f 289/289/289 290/290/290 291/291/291 
f 290/290/290 292/292/292 291/291/291 
f 291/291/291 292/292/292 293/293/293 
f 292/292/292 294/294/294 293/293/293 
f 293/293/293 294/294/294 295/295/295 
f 294/294/294 296/296/296 295/295/295 
f 295/295/295 296/296/296 297/297/297 
f 296/296/296 298/298/298 297/297/297 
f 297/297/297 298/298/298 299/299/299 
f 298/298/298 300/300/300 299/299/299 
f 299/299/299 300/300/300 300/300/300 
f 300/300/300 301/301/301 300/300/300 
f 300/300/300 301/301/301 301/301/301 
f 301/301/301 302/302/302 301/301/301 
f 301/301/301 302/302/302 303/303/303 
f 302/302/302 304/304/304 303/303/303 
f 303/303/303 304/304/304 305/305/305 
f 304/304/304 306/306/306 305/305/305 
f 305/305/305 306/306/306 307/307/307 
f 306/306/306 308/308/308 307/307/307 
f 307/307/307 308/308/308 309/309/309 
f 308/308/308 310/310/310 309/309/309 
f 309/309/309 310/310/310 311/311/311 
f 310/310/310 312/312/312 311/311/311 
f 311/311/311 312/312/312 313/313/313 
f 312/312/312 314/314/314 313/313/313 
f 313/313/313 314/314/314 315/315/315 
f 314/314/314 316/316/316 315/315/315 
f 315/315/315 316/316/316 317/317/317 
f 316/316/316 318/318/318 317/317/317 
f 317/317/317 318/318/318 319/319/319 
f 318/318/318 320/320/320 319/319/319 
f 319/319/319 320/320/320 321/321/321 
f 320/320/320 322/322/322 321/321/321 
f 321/321/321 322/322/322 323/323/323 
f 322/322/322 324/324/324 323/323/323 
f 323/323/323 324/324/324 325/325/325 
f 324/324/324 326/326/326 325/325/325 
f 325/325/325 326/326/326 327/327/327 
f 326/326/326 328/328/328 327/327/327 
f 327/327/327 328/328/328 329/329/329 
f 328/328/328 330/330/330 329/329/329 
f 329/329/329 330/330/330 331/331/331 
f 330/330/330 332/332/332 331/331/331 
f 331/331/331 332/332/332 333/333/333 
f 332/332/332 334/334/334 333/333/333 
f 333/333/333 334/334/334 335/335/335 
f 334/334/334 336/336/336 335/335/335 
f 335/335/335 336/336/336 337/337/337 
f 336/336/336 338/338/338 337/337/337 
f 337/337/337 338/338/338 339/339/339 
f 338/338/338 340/340/340 339/339/339 
f 339/339/339 340/340/340 341/341/341 
f 340/340/340 342/342/342 341/341/341 
f 341/341/341 342/342/342 342/342/342 
f 342/342/342 343/343/343 342/342/342 
f 342/342/342 343/343/343 343/343/343 
f 343/343/343 344/344/344 343/343/343 
f 343/343/343 344/344/344 345/345/345 
f 344/344/344 346/346/346 345/345/345 
f 345/345/345 346/346/346 347/347/347 
f 346/346/346 348/348/348 347/347/347 
f 347/347/347 348/348/348 349/349/349 
f 348/348/348 350/350/350 349/349/349 
f 349/349/349 350/350/350 351/351/351 
f 350/350/350 352/352/352 351/351/351 
f 351/351/351 352/352/352 353/353/353 
f 352/352/352 354/354/354 353/353/353 
f 353/353/353 354/354/354 355/355/355 
f 354/354/354 356/356/356 355/355/355 
f 355/355/355 356/356/356 357/357/357 
f 356/356/356 358/358/358 357/357/357 
f 357/357/357 358/358/358 359/359/359 
f 358/358/358 360/360/360 359/359/359 
f 359/359/359 360/360/360 361/361/361 
f 360/360/360 362/362/362 361/361/361 
f 361/361/361 362/362/362 363/363/363 
f 362/362/362 364/364/364 363/363/363 
f 363/363/363 364/364/364 364/364/364 
f 364/364/364 365/365/365 364/364/364 
f 364/364/364 365/365/365 365/365/365 
f 365/365/365 366/366/366 365/365/365 
f 365/365/365 366/366/366 367/367/367 
f 366/366/366 368/368/368 367/367/367 
f 367/367/367 368/368/368 368/368/368 
f 368/368/368 366/366/366 368/368/368 
f 368/368/368 366/366/366 366/366/366 
f 366/366/366 369/369/369 366/366/366 
f 366/366/366 369/369/369 368/368/368 
f 369/369/369 370/370/370 368/368/368 
f 368/368/368 370/370/370 370/370/370 
f 370/370/370 369/369/369 370/370/370 
f 370/370/370 369/369/369 369/369/369 
f 369/369/369 371/371/371 369/369/369 
f 369/369/369 371/371/371 370/370/370 
f 371/371/371 372/372/372 370/370/370 
f 370/370/370 372/372/372 372/372/372 
f 372/372/372 371/371/371 372/372/372 
f 372/372/372 371/371/371 371/371/371 
f 371/371/371 373/373/373 371/371/371 
f 371/371/371 373/373/373 372/372/372 
f 373/373/373 374/374/374 372/372/372 
f 372/372/372 374/374/374 374/374/374 
f 374/374/374 373/373/373 374/374/374 
f 374/374/374 373/373/373 373/373/373 
f 373/373/373 375/375/375 373/373/373 
f 373/373/373 375/375/375 374/374/374 
f 375/375/375 376/376/376 374/374/374 
f 374/374/374 376/376/376 376/376/376 
f 376/376/376 375/375/375 376/376/376 
f 376/376/376 375/375/375 375/375/375 
f 375/375/375 377/377/377 375/375/375 
f 375/375/375 377/377/377 376/376/376 
f 377/377/377 378/378/378 376/376/376 
f 376/376/376 378/378/378 378/378/378 
f 378/378/378 377/377/377 378/378/378 
f 378/378/378 377/377/377 377/377/377 
f 377/377/377 379/379/379 377/377/377 
f 377/377/377 379/379/379 378/378/378 
f 379/379/379 380/380/380 378/378/378 
f 378/378/378 380/380/380 380/380/380 
f 380/380/380 379/379/379 380/380/380 
f 380/380/380 379/379/379 379/379/379 
f 379/379/379 381/381/381 379/379/379 
f 379/379/379 381/381/381 380/380/380 
f 381/381/381 382/382/382 380/380/380 
f 380/380/380 382/382/382 382/382/382 
f 382/382/382 381/381/381 382/382/382 
f 382/382/382 381/381/381 381/381/381 
f 381/381/381 383/383/383 381/381/381 
f 381/381/381 383/383/383 382/382/382 
f 383/383/383 384/384/384 382/382/382 
f 382/382/382 384/384/384 384/384/384 
f 384/384/384 383/383/383 384/384/384 
f 384/384/384 383/383/383 383/383/383 
f 383/383/383 385/385/385 383/383/383 
f 383/383/383 385/385/385 384/384/384 
f 385/385/385 386/386/386 384/384/384 
f 384/384/384 386/386/386 386/386/386 
f 386/386/386 387/387/387 386/386/386 
f 386/386/386 387/387/387 387/387/387 
f 387/387/387 388/388/388 387/387/387 
f 387/387/387 388/388/388 389/389/389 
f 388/388/388 390/390/390 389/389/389 
f 389/389/389 390/390/390 391/391/391 
f 390/390/390 392/392/392 391/391/391 
f 391/391/391 392/392/392 393/393/393 
f 392/392/392 394/394/394 393/393/393 
f 393/393/393 394/394/394 395/395/395 
f 394/394/394 396/396/396 395/395/395 
f 395/395/395 396/396/396 397/397/397 
f 396/396/396 398/398/398 397/397/397 
f 397/397/397 398/398/398 399/399/399 
f 398/398/398 400/400/400 399/399/399 
f 399/399/399 400/400/400 401/401/401 
f 400/400/400 402/402/402 401/401/401 
f 401/401/401 402/402/402 403/403/403 
f 402/402/402 404/404/404 403/403/403 
f 403/403/403 404/404/404 405/405/405 
f 404/404/404 406/406/406 405/405/405 
f 405/405/405 406/406/406 407/407/407 
f 406/406/406 408/408/408 407/407/407 
f 407/407/407 408/408/408 408/408/408 
f 408/408/408 409/409/409 408/408/408 
f 408/408/408 409/409/409 409/409/409 
f 409/409/409 410/410/410 409/409/409 
f 409/409/409 410/410/410 411/411/411 
f 410/410/410 412/412/412 411/411/411 
f 411/411/411 412/412/412 413/413/413 
f 412/412/412 414/414/414 413/413/413 
f 413/413/413 414/414/414 415/415/415 
f 414/414/414 416/416/416 415/415/415 
f 415/415/415 416/416/416 417/417/417 
f 416/416/416 418/418/418 417/417/417 
f 417/417/417 418/418/418 419/419/419 
f 418/418/418 420/420/420 419/419/419 
f 419/419/419 420/420/420 421/421/421 
f 420/420/420 422/422/422 421/421/421 
f 421/421/421 422/422/422 423/423/423 
f 422/422/422 424/424/424 423/423/423 
f 423/423/423 424/424/424 425/425/425 
f 424/424/424 426/426/426 425/425/425 
f 425/425/425 426/426/426 427/427/427 
f 426/426/426 428/428/428 427/427/427 
f 427/427/427 428/428/428 429/429/429 
f 428/428/428 430/430/430 429/429/429 
f 429/429/429 430/430/430 431/431/431 
f 430/430/430 432/432/432 431/431/431 
f 431/431/431 432/432/432 433/433/433 
f 432/432/432 434/434/434 433/433/433 
f 433/433/433 434/434/434 435/435/435 
f 434/434/434 436/436/436 435/435/435 
f 435/435/435 436/436/436 437/437/437 
f 436/436/436 438/438/438 437/437/437 
f 437/437/437 438/438/438 439/439/439 
f 438/438/438 440/440/440 439/439/439 
f 439/439/439 440/440/440 441/441/441 
f 440/440/440 442/442/442 441/441/441 
f 441/441/441 442/442/442 443/443/443 
f 442/442/442 444/444/444 443/443/443 
f 443/443/443 444/444/444 445/445/445 
f 444/444/444 446/446/446 445/445/445 
f 445/445/445 446/446/446 447/447/447 
f 446/446/446 448/448/448 447/447/447 
f 447/447/447 448/448/448 449/449/449 
f 448/448/448 450/450/450 449/449/449 
f 449/449/449 450/450/450 450/450/450 
f 450/450/450 410/410/410 450/450/450 
f 450/450/450 410/410/410 410/410/410 
f 410/410/410 451/451/451 410/410/410 
f 410/410/410 451/451/451 412/412/412 
f 451/451/451 452/452/452 412/412/412 
f 412/412/412 452/452/452 414/414/414 
f 452/452/452 453/453/453 414/414/414 
f 414/414/414 453/453/453 416/416/416 
f 453/453/453 454/454/454 416/416/416 
f 416/416/416 454/454/454 418/418/418 
f 454/454/454 455/455/455 418/418/418 
f 418/418/418 455/455/455 420/420/420 
f 455/455/455 456/456/456 420/420/420 
f 420/420/420 456/456/456 422/422/422 
f 456/456/456 457/457/457 422/422/422 
f 422/422/422 457/457/457 424/424/424 
f 457/457/457 458/458/458 424/424/424 
f 424/424/424 458/458/458 426/426/426 
f 458/458/458 459/459/459 426/426/426 
f 426/426/426 459/459/459 428/428/428 
f 459/459/459 460/460/460 428/428/428 
f 428/428/428 460/460/460 430/430/430 
f 460/460/460 461/461/461 430/430/430 
f 430/430/430 461/461/461 432/432/432 
f 461/461/461 462/462/462 432/432/432 
f 432/432/432 462/462/462 434/434/434 
f 462/462/462 463/463/463 434/434/434 
f 434/434/434 463/463/463 436/436/436 
f 463/463/463 464/464/464 436/436/436 
f 436/436/436 464/464/464 438/438/438 
f 464/464/464 465/465/465 438/438/438 
f 438/438/438 465/465/465 440/440/440 
f 465/465/465 466/466/466 440/440/440 
f 440/440/440 466/466/466 442/442/442 
f 466/466/466 467/467/467 442/442/442 
f 442/442/442 467/467/467 444/444/444 
f 467/467/467 468/468/468 444/444/444 
f 444/444/444 468/468/468 446/446/446 
f 468/468/468 469/469/469 446/446/446 
f 446/446/446 469/469/469 448/448/448 
f 469/469/469 470/470/470 448/448/448 
f 448/448/448 470/470/470 450/450/450 
f 470/470/470 450/450/450 450/450/450 
f 450/450/450 450/450/450 451/451/451 
f 450/450/450 451/451/451 451/451/451 
f 451/451/451 451/451/451 451/451/451 
f 451/451/451 471/471/471 451/451/451 
f 451/451/451 471/471/471 452/452/452 
f 471/471/471 472/472/472 452/452/452 
f 452/452/452 472/472/472 453/453/453 
f 472/472/472 473/473/473 453/453/453 
f 453/453/453 473/473/473 454/454/454 
f 473/473/473 474/474/474 454/454/454 
f 454/454/454 474/474/474 455/455/455 
f 474/474/474 475/475/475 455/455/455 
f 455/455/455 475/475/475 456/456/456 
f 475/475/475 476/476/476 456/456/456 
f 456/456/456 476/476/476 457/457/457 
f 476/476/476 477/477/477 457/457/457 
f 457/457/457 477/477/477 458/458/458 
f 477/477/477 478/478/478 458/458/458 
f 458/458/458 478/478/478 459/459/459 
f 478/478/478 479/479/479 459/459/459 
f 459/459/459 479/479/479 460/460/460 
f 479/479/479 480/480/480 460/460/460 
f 460/460/460 480/480/480 461/461/461 
f 480/480/480 481/481/481 461/461/461 
f 461/461/461 481/481/481 462/462/462 
f 481/481/481 482/482/482 462/462/462 
f 462/462/462 482/482/482 463/463/463 
f 482/482/482 483/483/483 463/463/463 
f 463/463/463 483/483/483 464/464/464 
f 483/483/483 484/484/484 464/464/464 
f 464/464/464 484/484/484 465/465/465 
f 484/484/484 485/485/485 465/465/465 
f 465/465/465 485/485/485 466/466/466 
f 485/485/485 486/486/486 466/466/466 
f 466/466/466 486/486/486 467/467/467 
f 486/486/486 487/487/487 467/467/467 
f 467/467/467 487/487/487 468/468/468 
f 487/487/487 488/488/488 468/468/468 
f 468/468/468 488/488/488 469/469/469 
f 488/488/488 489/489/489 469/469/469 
f 469/469/469 489/489/489 470/470/470 
f 489/489/489 490/490/490 470/470/470 
f 470/470/470 490/490/490 490/490/490 
f 490/490/490 471/471/471 490/490/490 
f 490/490/490 471/471/471 471/471/471 
f 471/471/471 451/451/451 471/471/471 
f 471/471/471 451/451/451 491/491/491 
f 451/451/451 492/492/492 491/491/491 
f 491/491/491 492/492/492 492/492/492 
f 492/492/492 493/493/493 492/492/492 
f 492/492/492 493/493/493 493/493/493 
f 493/493/493 494/494/494 493/493/493 
f 493/493/493 494/494/494 495/495/495 
f 494/494/494 496/496/496 495/495/495 
f 495/495/495 496/496/496 496/496/496 
f 496/496/496 494/494/494 496/496/496 
f 496/496/496 494/494/494 494/494/494 
f 494/494/494 497/497/497 494/494/494 
f 494/494/494 497/497/497 496/496/496 
f 497/497/497 498/498/498 496/496/496 
f 496/496/496 498/498/498 498/498/498 
f 498/498/498 497/497/497 498/498/498 
f 498/498/498 497/497/497 497/497/497 
f 497/497/497 499/499/499 497/497/497 
f 497/497/497 499/499/499 498/498/498 
f 499/499/499 500/500/500 498/498/498 
f 498/498/498 500/500/500 500/500/500 
f 500/500/500 499/499/499 500/500/500 
f 500/500/500 499/499/499 499/499/499 
f 499/499/499 501/501/501 499/499/499 
f 499/499/499 501/501/501 500/500/500 
f 501/501/501 502/502/502 500/500/500 
f 500/500/500 502/502/502 502/502/502 
f 502/502/502 501/501/501 502/502/502 
f 502/502/502 501/501/501 501/501/501 
f 501/501/501 503/503/503 501/501/501 
f 501/501/501 503/503/503 502/502/502 
f 503/503/503 504/504/504 502/502/502 
f 502/502/502 504/504/504 504/504/504 
f 504/504/504 503/503/503 504/504/504 
f 504/504/504 503/503/503 503/503/503 
f 503/503/503 505/505/505 503/503/503 
f 503/503/503 505/505/505 504/504/504 
f 505/505/505 506/506/506 504/504/504 
f 504/504/504 506/506/506 506/506/506 
f 506/506/506 505/505/505 506/506/506 
f 506/506/506 505/505/505 505/505/505 
f 505/505/505 507/507/507 505/505/505 
f 505/505/505 507/507/507 506/506/506 
f 507/507/507 508/508/508 506/506/506 
f 506/506/506 508/508/508 508/508/508 
f 508/508/508 507/507/507 508/508/508 
f 508/508/508 507/507/507 507/507/507 
f 507/507/507 509/509/509 507/507/507 
f 507/507/507 509/509/509 508/508/508 
f 509/509/509 510/510/510 508/508/508 
f 508/508/508 510/510/510 510/510/510 
f 510/510/510 509/509/509 510/510/510 
f 510/510/510 509/509/509 509/509/509 
f 509/509/509 511/511/511 509/509/509 
f 509/509/509 511/511/511 510/510/510 
f 511/511/511 512/512/512 510/510/510 
f 510/510/510 512/512/512 512/512/512 
f 512/512/512 511/511/511 512/512/512 
f 512/512/512 511/511/511 511/511/511 
f 511/511/511 513/513/513 511/511/511 
f 511/511/511 513/513/513 512/512/512 
f 513/513/513 514/514/514 512/512/512 
f 512/512/512 514/514/514 514/514/514 
f 514/514/514 515/515/515 514/514/514 
f 514/514/514 515/515/515 515/515/515 
f 515/515/515 516/516/516 515/515/515 
f 515/515/515 516/516/516 517/517/517 
f 516/516/516 518/518/518 517/517/517 
f 517/517/517 518/518/518 519/519/519 
f 518/518/518 520/520/520 519/519/519 
f 519/519/519 520/520/520 521/521/521 
f 520/520/520 522/522/522 521/521/521 
f 521/521/521 522/522/522 523/523/523 
f 522/522/522 524/524/524 523/523/523 
f 523/523/523 524/524/524 525/525/525 
f 524/524/524 526/526/526 525/525/525 
f 525/525/525 526/526/526 527/527/527 
f 526/526/526 528/528/528 527/527/527 
f 527/527/527 528/528/528 529/529/529 
f 528/528/528 530/530/530 529/529/529 
f 529/529/529 530/530/530 531/531/531 
f 530/530/530 532/532/532 531/531/531 
f 531/531/531 532/532/532 533/533/533 
f 532/532/532 534/534/534 533/533/533 
f 533/533/533 534/534/534 535/535/535 
f 534/534/534 536/536/536 535/535/535 
f 535/535/535 536/536/536 537/537/537 
f 536/536/536 538/538/538 537/537/537 
f 537/537/537 538/538/538 539/539/539 
f 538/538/538 540/540/540 539/539/539 
f 539/539/539 540/540/540 541/541/541 
f 540/540/540 542/542/542 541/541/541 
f 541/541/541 542/542/542 543/543/543 
f 542/542/542 544/544/544 543/543/543 
f 543/543/543 544/544/544 545/545/545 
f 544/544/544 546/546/546 545/545/545 
f 545/545/545 546/546/546 547/547/547 
f 546/546/546 548/548/548 547/547/547 
f 547/547/547 548/548/548 549/549/549 
f 548/548/548 550/550/550 549/549/549 
f 549/549/549 550/550/550 551/551/551 
f 550/550/550 552/552/552 551/551/551 
f 551/551/551 552/552/552 553/553/553 
f 552/552/552 554/554/554 553/553/553 
f 553/553/553 554/554/554 555/555/555 
f 554/554/554 556/556/556 555/555/555 
f 555/555/555 556/556/556 556/556/556 
f 556/556/556 557/557/557 556/556/556 
f 556/556/556 557/557/557 557/557/557 
f 557/557/557 558/558/558 557/557/557 
f 557/557/557 558/558/558 559/559/559 
f 558/558/558 560/560/560 559/559/559 
f 559/559/559 560/560/560 561/561/561 
f 560/560/560 562/562/562 561/561/561 
f 561/561/561 562/562/562 563/563/563 
f 562/562/562 564/564/564 563/563/563 
f 563/563/563 564/564/564 565/565/565 
f 564/564/564 566/566/566 565/565/565 
f 565/565/565 566/566/566 567/567/567 
f 566/566/566 568/568/568 567/567/567 
f 567/567/567 568/568/568 569/569/569 
f 568/568/568 570/570/570 569/569/569 
f 569/569/569 570/570/570 571/571/571 
f 570/570/570 572/572/572 571/571/571 
f 571/571/571 572/572/572 573/573/573 
f 572/572/572 574/574/574 573/573/573 
f 573/573/573 574/574/574 575/575/575 
f 574/574/574 576/576/576 575/575/575 
f 575/575/575 576/576/576 577/577/577 
f 576/576/576 578/578/578 577/577/577 
f 577/577/577 578/578/578 579/579/579 
f 578/578/578 580/580/580 579/579/579 
f 579/579/579 580/580/580 581/581/581 
f 580/580/580 582/582/582 581/581/581 
f 581/581/581 582/582/582 583/583/583 
f 582/582/582 584/584/584 583/583/583 
f 583/583/583 584/584/584 585/585/585 
f 584/584/584 586/586/586 585/585/585 
f 585/585/585 586/586/586 587/587/587 
f 586/586/586 588/588/588 587/587/587 
f 587/587/587 588/588/588 589/589/589 
f 588/588/588 590/590/590 589/589/589 
f 589/589/589 590/590/590 591/591/591 
f 590/590/590 592/592/592 591/591/591 
f 591/591/591 592/592/592 593/593/593 
f 592/592/592 594/594/594 593/593/593 
f 593/593/593 594/594/594 595/595/595 
f 594/594/594 596/596/596 595/595/595 
f 595/595/595 596/596/596 597/597/597 
f 596/596/596 598/598/598 597/597/597 
f 597/597/597 598/598/598 598/598/598 
f 598/598/598 599/599/599 598/598/598 
f 598/598/598 599/599/599 599/599/599 
f 599/599/599 600/600/600 599/599/599 
f 599/599/599 600/600/600 601/601/601 
f 600/600/600 602/602/602 601/601/601 
f 601/601/601 602/602/602 603/603/603 
f 602/602/602 604/604/604 603/603/603 
f 603/603/603 604/604/604 605/605/605 
f 604/604/604 606/606/606 605/605/605 
f 605/605/605 606/606/606 607/607/607 
f 606/606/606 608/608/608 607/607/607 
f 607/607/607 608/608/608 609/609/609 
f 608/608/608 610/610/610 609/609/609 
f 609/609/609 610/610/610 611/611/611 
f 610/610/610 612/612/612 611/611/611 
f 611/611/611 612/612/612 613/613/613 
f 612/612/612 614/614/614 613/613/613 
f 613/613/613 614/614/614 615/615/615 
f 614/614/614 616/616/616 615/615/615 
f 615/615/615 616/616/616 617/617/617 
f 616/616/616 618/618/618 617/617/617 
f 617/617/617 618/618/618 619/619/619 
f 618/618/618 620/620/620 619/619/619 
f 619/619/619 620/620/620 620/620/620 
f 620/620/620 621/621/621 620/620/620 
f 620/620/620 621/621/621 621/621/621 
f 621/621/621 622/622/622 621/621/621 
f 621/621/621 622/622/622 623/623/623 
f 622/622/622 624/624/624 623/623/623 
f 623/623/623 624/624/624 625/625/625 
f 624/624/624 626/626/626 625/625/625 
f 625/625/625 626/626/626 627/627/627 
f 626/626/626 628/628/628 627/627/627 
f 627/627/627 628/628/628 629/629/629 
f 628/628/628 630/630/630 629/629/629 
f 629/629/629 630/630/630 631/631/631 
f 630/630/630 632/632/632 631/631/631 
f 631/631/631 632/632/632 633/633/633 
f 632/632/632 634/634/634 633/633/633 
f 633/633/633 634/634/634 635/635/635 
f 634/634/634 636/636/636 635/635/635 
f 635/635/635 636/636/636 637/637/637 
f 636/636/636 638/638/638 637/637/637 
f 637/637/637 638/638/638 639/639/639 
f 638/638/638 640/640/640 639/639/639 
f 639/639/639 640/640/640 641/641/641 
f 640/640/640 642/642/642 641/641/641 
f 641/641/641 642/642/642 643/643/643 
f 642/642/642 644/644/644 643/643/643 
f 643/643/643 644/644/644 645/645/645 
f 644/644/644 646/646/646 645/645/645 
f 645/645/645 646/646/646 647/647/647 
f 646/646/646 648/648/648 647/647/647 
f 647/647/647 648/648/648 649/649/649 
f 648/648/648 650/650/650 649/649/649 
f 649/649/649 650/650/650 651/651/651 
f 650/650/650 652/652/652 651/651/651 
f 651/651/651 652/652/652 653/653/653 
f 652/652/652 654/654/654 653/653/653 
f 653/653/653 654/654/654 655/655/655 
f 654/654/654 656/656/656 655/655/655 
f 655/655/655 656/656/656 657/657/657 
f 656/656/656 658/658/658 657/657/657 
f 657/657/657 658/658/658 659/659/659 
f 658/658/658 660/660/660 659/659/659 
f 659/659/659 660/660/660 661/661/661 
f 660/660/660 662/662/662 661/661/661 
f 661/661/661 662/662/662 662/662/662 
f 662/662/662 663/663/663 662/662/662 
f 662/662/662 663/663/663 663/663/663 
f 663/663/663 664/664/664 663/663/663 
f 663/663/663 664/664/664 665/665/665 
f 664/664/664 666/666/666 665/665/665 
f 665/665/665 666/666/666 667/667/667 
f 666/666/666 668/668/668 667/667/667 
f 667/667/667 668/668/668 669/669/669 
f 668/668/668 670/670/670 669/669/669 
f 669/669/669 670/670/670 671/671/671 
f 670/670/670 672/672/672 671/671/671 
f 671/671/671 672/672/672 673/673/673 
f 672/672/672 674/674/674 673/673/673 
f 673/673/673 674/674/674 675/675/675 
f 674/674/674 676/676/676 675/675/675 
f 675/675/675 676/676/676 677/677/677 
f 676/676/676 678/678/678 677/677/677 
f 677/677/677 678/678/678 679/679/679 
f 678/678/678 680/680/680 679/679/679 
f 679/679/679 680/680/680 681/681/681 
f 680/680/680 682/682/682 681/681/681 
f 681/681/681 682/682/682 683/683/683 
f 682/682/682 684/684/684 683/683/683 
f 683/683/683 684/684/684 684/684/684 
f 684/684/684 685/685/685 684/684/684 
f 684/684/684 685/685/685 685/685/685 
f 685/685/685 686/686/686 685/685/685 
f 685/685/685 686/686/686 687/687/687 
f 686/686/686 688/688/688 687/687/687 
f 687/687/687 688/688/688 689/689/689 
f 688/688/688 690/690/690 689/689/689 
f 689/689/689 690/690/690 691/691/691 
f 690/690/690 692/692/692 691/691/691 
f 691/691/691 692/692/692 693/693/693 
f 692/692/692 694/694/694 693/693/693 
f 693/693/693 694/694/694 695/695/695 
f 694/694/694 696/696/696 695/695/695 
f 695/695/695 696/696/696 697/697/697 
f 696/696/696 698/698/698 697/697/697 
f 697/697/697 698/698/698 699/699/699 
f 698/698/698 700/700/700 699/699/699 
f 699/699/699 700/700/700 701/701/701 
f 700/700/700 702/702/702 701/701/701 
f 701/701/701 702/702/702 703/703/703 
f 702/702/702 704/704/704 703/703/703 
f 703/703/703 704/704/704 705/705/705 
f 704/704/704 706/706/706 705/705/705 
f 705/705/705 706/706/706 707/707/707 
f 706/706/706 708/708/708 707/707/707 
f 707/707/707 708/708/708 709/709/709 
f 708/708/708 710/710/710 709/709/709 
f 709/709/709 710/710/710 711/711/711 
f 710/710/710 712/712/712 711/711/711 
f 711/711/711 712/712/712 713/713/713 
f 712/712/712 714/714/714 713/713/713 
f 713/713/713 714/714/714 715/715/715 
f 714/714/714 716/716/716 715/715/715 
f 715/715/715 716/716/716 717/717/717 
f 716/716/716 718/718/718 717/717/717 
f 717/717/717 718/718/718 719/719/719 
f 718/718/718 720/720/720 719/719/719 
f 719/719/719 720/720/720 721/721/721 
f 720/720/720 722/722/722 721/721/721 
f 721/721/721 722/722/722 723/723/723 
f 722/722/722 724/724/724 723/723/723 
f 723/723/723 724/724/724 725/725/725 
f 724/724/724 726/726/726 725/725/725 
f 725/725/725 726/726/726 726/726/726 
f 726/726/726 727/727/727 726/726/726 
f 726/726/726 727/727/727 727/727/727 
f 727/727/727 728/728/728 727/727/727 
f 727/727/727 728/728/728 729/729/729 
f 728/728/728 730/730/730 729/729/729 
f 729/729/729 730/730/730 731/731/731 
f 730/730/730 732/732/732 731/731/731 
f 731/731/731 732/732/732 733/733/733 
f 732/732/732 734/734/734 733/733/733 
f 733/733/733 734/734/734 735/735/735 
f 734/734/734 736/736/736 735/735/735 
f 735/735/735 736/736/736 737/737/737 
f 736/736/736 738/738/738 737/737/737 
f 737/737/737 738/738/738 739/739/739 
f 738/738/738 740/740/740 739/739/739 
f 739/739/739 740/740/740 741/741/741 
f 740/740/740 742/742/742 741/741/741 
f 741/741/741 742/742/742 743/743/743 
f 742/742/742 744/744/744 743/743/743 
f 743/743/743 744/744/744 745/745/745 
f 744/744/744 746/746/746 745/745/745 
f 745/745/745 746/746/746 747/747/747 
f 746/746/746 748/748/748 747/747/747 
f 747/747/747 748/748/748 749/749/749 
f 748/748/748 750/750/750 749/749/749 
f 749/749/749 750/750/750 751/751/751 
f 750/750/750 752/752/752 751/751/751 
f 751/751/751 752/752/752 753/753/753 
f 752/752/752 754/754/754 753/753/753 
f 753/753/753 754/754/754 755/755/755 
f 754/754/754 756/756/756 755/755/755 
f 755/755/755 756/756/756 757/757/757 
f 756/756/756 758/758/758 757/757/757 
f 757/757/757 758/758/758 759/759/759 
f 758/758/758 760/760/760 759/759/759 
f 759/759/759 760/760/760 761/761/761 
f 760/760/760 762/762/762 761/761/761 
f 761/761/761 762/762/762 763/763/763 
f 762/762/762 764/764/764 763/763/763 
f 763/763/763 764/764/764 765/765/765 
f 764/764/764 766/766/766 765/765/765 
f 765/765/765 766/766/766 767/767/767 
f 766/766/766 768/768/768 767/767/767 
f 767/767/767 768/768/768 768/768/768 
f 768/768/768 728/728/728 768/768/768 
f 768/768/768 728/728/728 728/728/728 
f 728/728/728 769/769/769 728/728/728 
f 728/728/728 769/769/769 730/730/730 
f 769/769/769 770/770/770 730/730/730 
f 730/730/730 770/770/770 732/732/732 
f 770/770/770 771/771/771 732/732/732 
f 732/732/732 771/771/771 734/734/734 
f 771/771/771 772/772/772 734/734/734 
f 734/734/734 772/772/772 736/736/736 
f 772/772/772 773/773/773 736/736/736 
f 736/736/736 773/773/773 738/738/738 
f 773/773/773 774/774/774 738/738/738 
f 738/738/738 774/774/774 740/740/740 
f 774/774/774 775/775/775 740/740/740 
f 740/740/740 775/775/775 742/742/742 
f 775/775/775 776/776/776 742/742/742 
f 742/742/742 776/776/776 744/744/744 
f 776/776/776 777/777/777 744/744/744 
f 744/744/744 777/777/777 746/746/746 
f 777/777/777 778/778/778 746/746/746 
f 746/746/746 778/778/778 748/748/748 
f 778/778/778 779/779/779 748/748/748 
f 748/748/748 779/779/779 750/750/750 
f 779/779/779 780/780/780 750/750/750 
f 750/750/750 780/780/780 752/752/752 
f 780/780/780 781/781/781 752/752/752 
f 752/752/752 781/781/781 754/754/754 
f 781/781/781 782/782/782 754/754/754 
f 754/754/754 782/782/782 756/756/756 
f 782/782/782 783/783/783 756/756/756 
f 756/756/756 783/783/783 758/758/758 
f 783/783/783 784/784/784 758/758/758 
f 758/758/758 784/784/784 760/760/760 
f 784/784/784 785/785/785 760/760/760 
f 760/760/760 785/785/785 762/762/762 
f 785/785/785 786/786/786 762/762/762 
f 762/762/762 786/786/786 764/764/764 
f 786/786/786 787/787/787 764/764/764 
f 764/764/764 787/787/787 766/766/766 
f 787/787/787 788/788/788 766/766/766 
f 766/766/766 788/788/788 768/768/768 
f 788/788/788 768/768/768 768/768/768 
f 768/768/768 768/768/768 769/769/769 
f 768/768/768 769/769/769 769/769/769 
f 769/769/769 769/769/769 769/769/769 
f 769/769/769 789/789/789 769/769/769 
f 769/769/769 789/789/789 770/770/770 
f 789/789/789 790/790/790 770/770/770 
f 770/770/770 790/790/790 771/771/771 
f 790/790/790 791/791/791 771/771/771 
f 771/771/771 791/791/791 772/772/772 
f 791/791/791 792/792/792 772/772/772 
f 772/772/772 792/792/792 773/773/773 
f 792/792/792 793/793/793 773/773/773 
f 773/773/773 793/793/793 774/774/774 
f 793/793/793 794/794/794 774/774/774 
f 774/774/774 794/794/794 775/775/775 
f 794/794/794 795/795/795 775/775/775 
f 775/775/775 795/795/795 776/776/776 
f 795/795/795 796/796/796 776/776/776 
f 776/776/776 796/796/796 777/777/777 
f 796/796/796 797/797/797 777/777/777 
f 777/777/777 797/797/797 778/778/778 
f 797/797/797 798/798/798 778/778/778 
f 778/778/778 798/798/798 779/779/779 
f 798/798/798 799/799/799 779/779/779 
f 779/779/779 799/799/799 780/780/780 
f 799/799/799 800/800/800 780/780/780 
f 780/780/780 800/800/800 781/781/781 
f 800/800/800 801/801/801 781/781/781 
f 781/781/781 801/801/801 782/782/782 
f 801/801/801 802/802/802 782/782/782 
f 782/782/782 802/802/802 783/783/783 
f 802/802/802 803/803/803 783/783/783 
f 783/783/783 803/803/803 784/784/784 
f 803/803/803 804/804/804 784/784/784 
f 784/784/784 804/804/804 785/785/785 
f 804/804/804 805/805/805 785/785/785 
f 785/785/785 805/805/805 786/786/786 
f 805/805/805 806/806/806 786/786/786 
f 786/786/786 806/806/806 787/787/787 
f 806/806/806 807/807/807 787/787/787 
f 787/787/787 807/807/807 788/788/788 
f 807/807/807 808/808/808 788/788/788 
f 788/788/788 808/808/808 808/808/808 
f 808/808/808 789/789/789 808/808/808 
f 808/808/808 789/789/789 789/789/789 
f 789/789/789 769/769/769 789/789/789 
f 789/789/789 769/769/769 809/809/809 
f 769/769/769 810/810/810 809/809/809 
f 809/809/809 810/810/810 810/810/810 
f 810/810/810 811/811/811 810/810/810 
f 810/810/810 811/811/811 811/811/811 
f 811/811/811 812/812/812 811/811/811 
f 811/811/811 812/812/812 813/813/813 
f 812/812/812 814/814/814 813/813/813 
f 813/813/813 814/814/814 815/815/815 
f 814/814/814 816/816/816 815/815/815 
f 815/815/815 816/816/816 817/817/817 
f 816/816/816 818/818/818 817/817/817 
f 817/817/817 818/818/818 819/819/819 
f 818/818/818 820/820/820 819/819/819 
f 819/819/819 820/820/820 821/821/821 
f 820/820/820 822/822/822 821/821/821 
f 821/821/821 822/822/822 823/823/823 
f 822/822/822 824/824/824 823/823/823 
f 823/823/823 824/824/824 825/825/825 
f 824/824/824 826/826/826 825/825/825 
f 825/825/825 826/826/826 827/827/827 
f 826/826/826 828/828/828 827/827/827 
f 827/827/827 828/828/828 829/829/829 
f 828/828/828 830/830/830 829/829/829 
f 829/829/829 830/830/830 831/831/831 
f 830/830/830 832/832/832 831/831/831 
f 831/831/831 832/832/832 832/832/832 
f 832/832/832 833/833/833 832/832/832 
f 832/832/832 833/833/833 833/833/833 
f 833/833/833 834/834/834 833/833/833 
f 833/833/833 834/834/834 835/835/835 
f 834/834/834 836/836/836 835/835/835 
f 835/835/835 836/836/836 837/837/837 
f 836/836/836 838/838/838 837/837/837 
f 837/837/837 838/838/838 839/839/839 
f 838/838/838 840/840/840 839/839/839 
f 839/839/839 840/840/840 841/841/841 
f 840/840/840 842/842/842 841/841/841 
f 841/841/841 842/842/842 843/843/843 
f 842/842/842 844/844/844 843/843/843 
f 843/843/843 844/844/844 845/845/845 
f 844/844/844 846/846/846 845/845/845 
f 845/845/845 846/846/846 847/847/847 
f 846/846/846 848/848/848 847/847/847 
f 847/847/847 848/848/848 849/849/849 
f 848/848/848 850/850/850 849/849/849 
f 849/849/849 850/850/850 851/851/851 
f 850/850/850 852/852/852 851/851/851 
f 851/851/851 852/852/852 853/853/853 
f 852/852/852 854/854/854 853/853/853 
f 853/853/853 854/854/854 855/855/855 
f 854/854/854 856/856/856 855/855/855 
f 855/855/855 856/856/856 857/857/857 
f 856/856/856 858/858/858 857/857/857 
f 857/857/857 858/858/858 859/859/859 
f 858/858/858 860/860/860 859/859/859 
f 859/859/859 860/860/860 861/861/861 
f 860/860/860 862/862/862 861/861/861 
f 861/861/861 862/862/862 863/863/863 
f 862/862/862 864/864/864 863/863/863 
f 863/863/863 864/864/864 865/865/865 
f 864/864/864 866/866/866 865/865/865 
f 865/865/865 866/866/866 867/867/867 
f 866/866/866 868/868/868 867/867/867 
f 867/867/867 868/868/868 869/869/869 
f 868/868/868 870/870/870 869/869/869 
f 869/869/869 870/870/870 871/871/871 
f 870/870/870 872/872/872 871/871/871 
f 871/871/871 872/872/872 873/873/873 
f 872/872/872 874/874/874 873/873/873 
f 873/873/873 874/874/874 874/874/874 
f 874/874/874 834/834/834 874/874/874 
f 874/874/874 834/834/834 834/834/834 
f 834/834/834 875/875/875 834/834/834 
f 834/834/834 875/875/875 836/836/836 
f 875/875/875 876/876/876 836/836/836 
f 836/836/836 876/876/876 838/838/838 
f 876/876/876 877/877/877 838/838/838 
f 838/838/838 877/877/877 840/840/840 
f 877/877/877 878/878/878 840/840/840 
f 840/840/840 878/878/878 842/842/842 
f 878/878/878 879/879/879 842/842/842 
f 842/842/842 879/879/879 844/844/844 
f 879/879/879 880/880/880 844/844/844 
f 844/844/844 880/880/880 846/846/846 
f 880/880/880 881/881/881 846/846/846 
f 846/846/846 881/881/881 848/848/848 
f 881/881/881 882/882/882 848/848/848 
f 848/848/848 882/882/882 850/850/850 
f 882/882/882 883/883/883 850/850/850 
f 850/850/850 883/883/883 852/852/852 
f 883/883/883 884/884/884 852/852/852 
f 852/852/852 884/884/884 854/854/854 
f 884/884/884 885/885/885 854/854/854 
f 854/854/854 885/885/885 856/856/856 
f 885/885/885 886/886/886 856/856/856 
f 856/856/856 886/886/886 858/858/858 
f 886/886/886 887/887/887 858/858/858 
f 858/858/858 887/887/887 860/860/860 
f 887/887/887 888/888/888 860/860/860 
f 860/860/860 888/888/888 862/862/862 
f 888/888/888 889/889/889 862/862/862 
f 862/862/862 889/889/889 864/864/864 
f 889/889/889 890/890/890 864/864/864 
f 864/864/864 890/890/890 866/866/866 
f 890/890/890 891/891/891 866/866/866 
f 866/866/866 891/891/891 868/868/868 
f 891/891/891 892/892/892 868/868/868 
f 868/868/868 892/892/892 870/870/870 
f 892/892/892 893/893/893 870/870/870 
f 870/870/870 893/893/893 872/872/872 
f 893/893/893 894/894/894 872/872/872 
f 872/872/872 894/894/894 874/874/874 
f 894/894/894 874/874/874 874/874/874 
f 874/874/874 874/874/874 875/875/875 
f 874/874/874 875/875/875 875/875/875 
f 875/875/875 875/875/875 875/875/875 
f 875/875/875 895/895/895 875/875/875 
f 875/875/875 895/895/895 876/876/876 
f 895/895/895 896/896/896 876/876/876 
f 876/876/876 896/896/896 877/877/877 
f 896/896/896 897/897/897 877/877/877 
f 877/877/877 897/897/897 878/878/878 
f 897/897/897 898/898/898 878/878/878 
f 878/878/878 898/898/898 879/879/879 
f 898/898/898 899/899/899 879/879/879 
f 879/879/879 899/899/899 880/880/880 
f 899/899/899 900/900/900 880/880/880 
f 880/880/880 900/900/900 881/881/881 
f 900/900/900 901/901/901 881/881/881 
f 881/881/881 901/901/901 882/882/882 
f 901/901/901 902/902/902 882/882/882 
f 882/882/882 902/902/902 883/883/883 
f 902/902/902 903/903/903 883/883/883 
f 883/883/883 903/903/903 884/884/884 
f 903/903/903 904/904/904 884/884/884 
f 884/884/884 904/904/904 885/885/885 
f 904/904/904 905/905/905 885/885/885 
f 885/885/885 905/905/905 886/886/886 
f 905/905/905 906/906/906 886/886/886 
f 886/886/886 906/906/906 887/887/887 
f 906/906/906 907/907/907 887/887/887 
f 887/887/887 907/907/907 888/888/888 
f 907/907/907 908/908/908 888/888/888 
f 888/888/888 908/908/908 889/889/889 
f 908/908/908 909/909/909 889/889/889 
f 889/889/889 909/909/909 890/890/890 
f 909/909/909 910/910/910 890/890/890 
f 890/890/890 910/910/910 891/891/891 
f 910/910/910 911/911/911 891/891/891 
f 891/891/891 911/911/911 892/892/892 
f 911/911/911 912/912/912 892/892/892 
f 892/892/892 912/912/912 893/893/893 
f 912/912/912 913/913/913 893/893/893 
f 893/893/893 913/913/913 894/894/894 
f 913/913/913 914/914/914 894/894/894 
f 894/894/894 914/914/914 914/914/914 
f 914/914/914 895/895/895 914/914/914 
f 914/914/914 895/895/895 895/895/895 
f 895/895/895 875/875/875 895/895/895 
f 895/895/895 875/875/875 915/915/915 
f 875/875/875 916/916/916 915/915/915 
f 915/915/915 916/916/916 916/916/916 
f 916/916/916 917/917/917 916/916/916 
f 916/916/916 917/917/917 917/917/917 
f 917/917/917 918/918/918 917/917/917 
f 917/917/917 918/918/918 919/919/919 
f 918/918/918 920/920/920 919/919/919 
f 919/919/919 920/920/920 921/921/921 
f 920/920/920 922/922/922 921/921/921 
f 921/921/921 922/922/922 923/923/923 
f 922/922/922 924/924/924 923/923/923 
f 923/923/923 924/924/924 925/925/925 
f 924/924/924 926/926/926 925/925/925 
f 925/925/925 926/926/926 927/927/927 
f 926/926/926 928/928/928 927/927/927 
f 927/927/927 928/928/928 929/929/929 
f 928/928/928 930/930/930 929/929/929 
f 929/929/929 930/930/930 931/931/931 
f 930/930/930 932/932/932 931/931/931 
f 931/931/931 932/932/932 933/933/933 
f 932/932/932 934/934/934 933/933/933 
f 933/933/933 934/934/934 935/935/935 
f 934/934/934 936/936/936 935/935/935 
f 935/935/935 936/936/936 937/937/937 
f 936/936/936 938/938/938 937/937/937 
f 937/937/937 938/938/938 938/938/938 
f 938/938/938 939/939/939 938/938/938 
f 938/938/938 939/939/939 939/939/939 
f 939/939/939 940/940/940 939/939/939 
f 939/939/939 940/940/940 941/941/941 
f 940/940/940 942/942/942 941/941/941 
f 941/941/941 942/942/942 942/942/942 
f 942/942/942 940/940/940 942/942/942 
f 942/942/942 940/940/940 940/940/940 
f 940/940/940 943/943/943 940/940/940 
f 940/940/940 943/943/943 942/942/942 
f 943/943/943 944/944/944 942/942/942 
f 942/942/942 944/944/944 944/944/944 
f 944/944/944 943/943/943 944/944/944 
f 944/944/944 943/943/943 943/943/943 
f 943/943/943 945/945/945 943/943/943 
f 943/943/943 945/945/945 944/944/944 
f 945/945/945 946/946/946 944/944/944 
f 944/944/944 946/946/946 946/946/946 
f 946/946/946 945/945/945 946/946/946 
f 946/946/946 945/945/945 945/945/945 
f 945/945/945 947/947/947 945/945/945 
f 945/945/945 947/947/947 946/946/946 
f 947/947/947 948/948/948 946/946/946 
f 946/946/946 948/948/948 948/948/948 
f 948/948/948 947/947/947 948/948/948 
f 948/948/948 947/947/947 947/947/947 
f 947/947/947 949/949/949 947/947/947 
f 947/947/947 949/949/949 948/948/948 
f 949/949/949 950/950/950 948/948/948 
f 948/948/948 950/950/950 950/950/950 
f 950/950/950 949/949/949 950/950/950 
f 950/950/950 949/949/949 949/949/949 
f 949/949/949 951/951/951 949/949/949 
f 949/949/949 951/951/951 950/950/950 
f 951/951/951 952/952/952 950/950/950 
f 950/950/950 952/952/952 952/952/952 
f 952/952/952 951/951/951 952/952/952 
f 952/952/952 951/951/951 951/951/951 
f 951/951/951 953/953/953 951/951/951 
f 951/951/951 953/953/953 952/952/952 
f 953/953/953 954/954/954 952/952/952 
f 952/952/952 954/954/954 954/954/954 
f 954/954/954 953/953/953 954/954/954 
f 954/954/954 953/953/953 953/953/953 
f 953/953/953 955/955/955 953/953/953 
f 953/953/953 955/955/955 954/954/954 
f 955/955/955 956/956/956 954/954/954 
f 954/954/954 956/956/956 956/956/956 
f 956/956/956 955/955/955 956/956/956 
f 956/956/956 955/955/955 955/955/955 
f 955/955/955 957/957/957 955/955/955 
f 955/955/955 957/957/957 956/956/956 
f 957/957/957 958/958/958 956/956/956 
f 956/956/956 958/958/958 958/958/958 
f 958/958/958 957/957/957 958/958/958 
f 958/958/958 957/957/957 957/957/957 
f 957/957/957 959/959/959 957/957/957 
f 957/957/957 959/959/959 958/958/958 
f 959/959/959 960/960/960 958/958/958 
f 958/958/958 960/960/960 960/960/960 
f 960/960/960 959/959/959 960/960/960 
f 960/960/960 959/959/959 959/959/959 
f 959/959/959 961/961/961 959/959/959 
f 959/959/959 961/961/961 960/960/960 
f 961/961/961 962/962/962 960/960/960 
f 960/960/960 962/962/962 962/962/962 
f 962/962/962 961/961/961 962/962/962 
f 962/962/962 961/961/961 961/961/961 
f 961/961/961 963/963/963 961/961/961 
f 961/961/961 963/963/963 962/962/962 
f 963/963/963 964/964/964 962/962/962 
f 962/962/962 964/964/964 964/964/964 
f 964/964/964 963/963/963 964/964/964 
f 964/964/964 963/963/963 963/963/963 
f 963/963/963 965/965/965 963/963/963 
f 963/963/963 965/965/965 964/964/964 
f 965/965/965 966/966/966 964/964/964 
f 964/964/964 966/966/966 966/966/966 
f 966/966/966 965/965/965 966/966/966 
f 966/966/966 965/965/965 965/965/965 
f 965/965/965 967/967/967 965/965/965 
f 965/965/965 967/967/967 966/966/966 
f 967/967/967 968/968/968 966/966/966 
f 966/966/966 968/968/968 968/968/968 
f 968/968/968 967/967/967 968/968/968 
f 968/968/968 967/967/967 967/967/967 
f 967/967/967 969/969/969 967/967/967 
f 967/967/967 969/969/969 968/968/968 
f 969/969/969 970/970/970 968/968/968 
f 968/968/968 970/970/970 970/970/970 
f 970/970/970 969/969/969 970/970/970 
f 970/970/970 969/969/969 969/969/969 
f 969/969/969 971/971/971 969/969/969 
f 969/969/969 971/971/971 970/970/970 
f 971/971/971 972/972/972 970/970/970 
f 970/970/970 972/972/972 972/972/972 
f 972/972/972 971/971/971 972/972/972 
f 972/972/972 971/971/971 971/971/971 
f 971/971/971 973/973/973 971/971/971 
f 971/971/971 973/973/973 972/972/972 
f 973/973/973 974/974/974 972/972/972 
f 972/972/972 974/974/974 974/974/974 
f 974/974/974 973/973/973 974/974/974 
f 974/974/974 973/973/973 973/973/973 
f 973/973/973 975/975/975 973/973/973 
f 973/973/973 975/975/975 974/974/974 
f 975/975/975 976/976/976 974/974/974 
f 974/974/974 976/976/976 976/976/976 
f 976/976/976 977/977/977 976/976/976 
f 976/976/976 977/977/977 977/977/977 
f 977/977/977 978/978/978 977/977/977 
f 977/977/977 978/978/978 979/979/979 
f 978/978/978 980/980/980 979/979/979 
f 979/979/979 980/980/980 981/981/981 
f 980/980/980 982/982/982 981/981/981 
f 981/981/981 982/982/982 983/983/983 
f 982/982/982 984/984/984 983/983/983 
f 983/983/983 984/984/984 985/985/985 
f 984/984/984 986/986/986 985/985/985 
f 985/985/985 986/986/986 987/987/987 
f 986/986/986 988/988/988 987/987/987 
f 987/987/987 988/988/988 989/989/989 
f 988/988/988 990/990/990 989/989/989 
f 989/989/989 990/990/990 991/991/991 
f 990/990/990 992/992/992 991/991/991 
f 991/991/991 992/992/992 993/993/993 
f 992/992/992 994/994/994 993/993/993 
f 993/993/993 994/994/994 995/995/995 
f 994/994/994 996/996/996 995/995/995 
f 995/995/995 996/996/996 997/997/997 
f 996/996/996 998/998/998 997/997/997 
f 997/997/997 998/998/998 999/999/999 
f 998/998/998 1000/1000/1000 999/999/999 
f 999/999/999 1000/1000/1000 1001/1001/1001 
f 1000/1000/1000 1002/1002/1002 1001/1001/1001 
f 1001/1001/1001 1002/1002/1002 1003/1003/1003 
f 1002/1002/1002 1004/1004/1004 1003/1003/1003 
f 1003/1003/1003 1004/1004/1004 1005/1005/1005 
f 1004/1004/1004 1006/1006/1006 1005/1005/1005 
f 1005/1005/1005 1006/1006/1006 1007/1007/1007 
f 1006/1006/1006 1008/1008/1008 1007/1007/1007 
f 1007/1007/1007 1008/1008/1008 1009/1009/1009 
f 1008/1008/1008 1010/1010/1010 1009/1009/1009 
f 1009/1009/1009 1010/1010/1010 1011/1011/1011 
f 1010/1010/1010 1012/1012/1012 1011/1011/1011 
f 1011/1011/1011 1012/1012/1012 1013/1013/1013 
f 1012/1012/1012 1014/1014/1014 1013/1013/1013 
f 1013/1013/1013 1014/1014/1014 1015/1015/1015 
f 1014/1014/1014 1016/1016/1016 1015/1015/1015 
f 1015/1015/1015 1016/1016/1016 1017/1017/1017 
f 1016/1016/1016 1018/1018/1018 1017/1017/1017 
f 1017/1017/1017 1018/1018/1018 1018/1018/1018 
f 1018/1018/1018 1019/1019/1019 1018/1018/1018 
f 1018/1018/1018 1019/1019/1019 1019/1019/1019 
f 1019/1019/1019 1020/1020/1020 1019/1019/1019 
f 1019/1019/1019 1020/1020/1020 1021/1021/1021 
f 1020/1020/1020 1022/1022/1022 1021/1021/1021 
f 1021/1021/1021 1022/1022/1022 1023/1023/1023 
f 1022/1022/1022 1024/1024/1024 1023/1023/1023 
f 1023/1023/1023 1024/1024/1024 1025/1025/1025 
f 1024/1024/1024 1026/1026/1026 1025/1025/1025 
f 1025/1025/1025 1026/1026/1026 1027/1027/1027 
f 1026/1026/1026 1028/1028/1028 1027/1027/1027 
f 1027/1027/1027 1028/1028/1028 1029/1029/1029 
f 1028/1028/1028 1030/1030/1030 1029/1029/1029 
f 1029/1029/1029 1030/1030/1030 1031/1031/1031 
f 1030/1030/1030 1032/1032/1032 1031/1031/1031 
f 1031/1031/1031 1032/1032/1032 1033/1033/1033 
f 1032/1032/1032 1034/1034/1034 1033/1033/1033 
f 1033/1033/1033 1034/1034/1034 1035/1035/1035 
f 1034/1034/1034 1036/1036/1036 1035/1035/1035 
f 1035/1035/1035 1036/1036/1036 1037/1037/1037 
f 1036/1036/1036 1038/1038/1038 1037/1037/1037 
f 1037/1037/1037 1038/1038/1038 1039/1039/1039 
f 1038/1038/1038 1040/1040/1040 1039/1039/1039 
f 1039/1039/1039 1040/1040/1040 1041/1041/1041 
f 1040/1040/1040 1042/1042/1042 1041/1041/1041 
f 1041/1041/1041 1042/1042/1042 1043/1043/1043 
f 1042/1042/1042 1044/1044/1044 1043/1043/1043 
f 1043/1043/1043 1044/1044/1044 1045/1045/1045 
f 1044/1044/1044 1046/1046/1046 1045/1045/1045 
f 1045/1045/1045 1046/1046/1046 1047/1047/1047 
f 1046/1046/1046 1048/1048/1048 1047/1047/1047 
f 1047/1047/1047 1048/1048/1048 1049/1049/1049 
f 1048/1048/1048 1050/1050/1050 1049/1049/1049 
f 1049/1049/1049 1050/1050/1050 1051/1051/1051 
f 1050/1050/1050 1052/1052/1052 1051/1051/1051 
f 1051/1051/1051 1052/1052/1052 1053/1053/1053 
f 1052/1052/1052 1054/1054/1054 1053/1053/1053 
f 1053/1053/1053 1054/1054/1054 1055/1055/1055 
f 1054/1054/1054 1056/1056/1056 1055/1055/1055 
f 1055/1055/1055 1056/1056/1056 1057/1057/1057 
f 1056/1056/1056 1058/1058/1058 1057/1057/1057 
f 1057/1057/1057 1058/1058/1058 1059/1059/1059 
f 1058/1058/1058 1060/1060/1060 1059/1059/1059 
f 1059/1059/1059 1060/1060/1060 1060/1060/1060 
f 1060/1060/1060 1061/1061/1061 1060/1060/1060 
f 1060/1060/1060 1061/1061/1061 1061/1061/1061 
f 1061/1061/1061 1062/1062/1062 1061/1061/1061 
f 1061/1061/1061 1062/1062/1062 1063/1063/1063 
f 1062/1062/1062 1064/1064/1064 1063/1063/1063 
f 1063/1063/1063 1064/1064/1064 1064/1064/1064 
f 1064/1064/1064 1062/1062/1062 1064/1064/1064 
f 1064/1064/1064 1062/1062/1062 1062/1062/1062 
f 1062/1062/1062 1065/1065/1065 1062/1062/1062 
f 1062/1062/1062 1065/1065/1065 1064/1064/1064 
f 1065/1065/1065 1066/1066/1066 1064/1064/1064 
f 1064/1064/1064 1066/1066/1066 1066/1066/1066 
f 1066/1066/1066 1065/1065/1065 1066/1066/1066 
f 1066/1066/1066 1065/1065/1065 1065/1065/1065 
f 1065/1065/1065 1067/1067/1067 1065/1065/1065 
f 1065/1065/1065 1067/1067/1067 1066/1066/1066 
f 1067/1067/1067 1068/1068/1068 1066/1066/1066 
f 1066/1066/1066 1068/1068/1068 1068/1068/1068 
f 1068/1068/1068 1067/1067/1067 1068/1068/1068 
f 1068/1068/1068 1067/1067/1067 1067/1067/1067 
f 1067/1067/1067 1069/1069/1069 1067/1067/1067 
f 1067/1067/1067 1069/1069/1069 1068/1068/1068 
f 1069/1069/1069 1070/1070/1070 1068/1068/1068 
f 1068/1068/1068 1070/1070/1070 1070/1070/1070 
f 1070/1070/1070 1069/1069/1069 1070/1070/1070 
f 1070/1070/1070 1069/1069/1069 1069/1069/1069 
f 1069/1069/1069 1071/1071/1071 1069/1069/1069 
f 1069/1069/1069 1071/1071/1071 1070/1070/1070 
f 1071/1071/1071 1072/1072/1072 1070/1070/1070 
f 1070/1070/1070 1072/1072/1072 1072/1072/1072 
f 1072/1072/1072 1071/1071/1071 1072/1072/1072 
f 1072/1072/1072 1071/1071/1071 1071/1071/1071 
f 1071/1071/1071 1073/1073/1073 1071/1071/1071 
f 1071/1071/1071 1073/1073/1073 1072/1072/1072 
f 1073/1073/1073 1074/1074/1074 1072/1072/1072 
f 1072/1072/1072 1074/1074/1074 1074/1074/1074 
f 1074/1074/1074 1073/1073/1073 1074/1074/1074 
f 1074/1074/1074 1073/1073/1073 1073/1073/1073 
f 1073/1073/1073 1075/1075/1075 1073/1073/1073 
f 1073/1073/1073 1075/1075/1075 1074/1074/1074 
f 1075/1075/1075 1076/1076/1076 1074/1074/1074 
f 1074/1074/1074 1076/1076/1076 1076/1076/1076 
f 1076/1076/1076 1075/1075/1075 1076/1076/1076 
f 1076/1076/1076 1075/1075/1075 1075/1075/1075 
f 1075/1075/1075 1077/1077/1077 1075/1075/1075 
f 1075/1075/1075 1077/1077/1077 1076/1076/1076 
f 1077/1077/1077 1078/1078/1078 1076/1076/1076 
f 1076/1076/1076 1078/1078/1078 1078/1078/1078 
f 1078/1078/1078 1077/1077/1077 1078/1078/1078 
f 1078/1078/1078 1077/1077/1077 1077/1077/1077 
f 1077/1077/1077 1079/1079/1079 1077/1077/1077 
f 1077/1077/1077 1079/1079/1079 1078/1078/1078 
f 1079/1079/1079 1080/1080/1080 1078/1078/1078 
f 1078/1078/1078 1080/1080/1080 1080/1080/1080 
f 1080/1080/1080 1079/1079/1079 1080/1080/1080 
f 1080/1080/1080 1079/1079/1079 1079/1079/1079 
f 1079/1079/1079 1081/1081/1081 1079/1079/1079 
f 1079/1079/1079 1081/1081/1081 1080/1080/1080 
f 1081/1081/1081 1082/1082/1082 1080/1080/1080 
f 1080/1080/1080 1082/1082/1082 1082/1082/1082 
f 1082/1082/1082 1081/1081/1081 1082/1082/1082 
f 1082/1082/1082 1081/1081/1081 1081/1081/1081 
f 1081/1081/1081 1083/1083/1083 1081/1081/1081 
f 1081/1081/1081 1083/1083/1083 1082/1082/1082 
f 1083/1083/1083 1084/1084/1084 1082/1082/1082 
f 1082/1082/1082 1084/1084/1084 1084/1084/1084 
f 1084/1084/1084 1083/1083/1083 1084/1084/1084 
f 1084/1084/1084 1083/1083/1083 1083/1083/1083 
f 1083/1083/1083 1085/1085/1085 1083/1083/1083 
f 1083/1083/1083 1085/1085/1085 1084/1084/1084 
f 1085/1085/1085 1086/1086/1086 1084/1084/1084 
f 1084/1084/1084 1086/1086/1086 1086/1086/1086 
f 1086/1086/1086 1085/1085/1085 1086/1086/1086 
f 1086/1086/1086 1085/1085/1085 1085/1085/1085 
f 1085/1085/1085 1087/1087/1087 1085/1085/1085 
f 1085/1085/1085 1087/1087/1087 1086/1086/1086 
f 1087/1087/1087 1088/1088/1088 1086/1086/1086 
f 1086/1086/1086 1088/1088/1088 1088/1088/1088 
f 1088/1088/1088 1087/1087/1087 1088/1088/1088 
f 1088/1088/1088 1087/1087/1087 1087/1087/1087 
f 1087/1087/1087 1089/1089/1089 1087/1087/1087 
f 1087/1087/1087 1089/1089/1089 1088/1088/1088 
f 1089/1089/1089 1090/1090/1090 1088/1088/1088 
f 1088/1088/1088 1090/1090/1090 1090/1090/1090 
f 1090/1090/1090 1089/1089/1089 1090/1090/1090 
f 1090/1090/1090 1089/1089/1089 1089/1089/1089 
f 1089/1089/1089 1091/1091/1091 1089/1089/1089 
f 1089/1089/1089 1091/1091/1091 1090/1090/1090 
f 1091/1091/1091 1092/1092/1092 1090/1090/1090 
f 1090/1090/1090 1092/1092/1092 1092/1092/1092 
f 1092/1092/1092 1091/1091/1091 1092/1092/1092 
f 1092/1092/1092 1091/1091/1091 1091/1091/1091 
f 1091/1091/1091 1093/1093/1093 1091/1091/1091 
f 1091/1091/1091 1093/1093/1093 1092/1092/1092 
f 1093/1093/1093 1094/1094/1094 1092/1092/1092 
f 1092/1092/1092 1094/1094/1094 1094/1094/1094 
f 1094/1094/1094 1093/1093/1093 1094/1094/1094 
f 1094/1094/1094 1093/1093/1093 1093/1093/1093 
f 1093/1093/1093 1095/1095/1095 1093/1093/1093 
f 1093/1093/1093 1095/1095/1095 1094/1094/1094 
f 1095/1095/1095 1096/1096/1096 1094/1094/1094 
f 1094/1094/1094 1096/1096/1096 1096/1096/1096 
f 1096/1096/1096 1095/1095/1095 1096/1096/1096 
f 1096/1096/1096 1095/1095/1095 1095/1095/1095 
f 1095/1095/1095 1097/1097/1097 1095/1095/1095 
f 1095/1095/1095 1097/1097/1097 1096/1096/1096 
f 1097/1097/1097 1098/1098/1098 1096/1096/1096 
f 1096/1096/1096 1098/1098/1098 1098/1098/1098 
f 1098/1098/1098 1099/1099/1099 1098/1098/1098 
f 1098/1098/1098 1099/1099/1099 1099/1099/1099 
f 1099/1099/1099 1100/1100/1100 1099/1099/1099 
f 1099/1099/1099 1100/1100/1100 1101/1101/1101 
f 1100/1100/1100 1102/1102/1102 1101/1101/1101 
f 1101/1101/1101 1102/1102/1102 1103/1103/1103 
f 1102/1102/1102 1104/1104/1104 1103/1103/1103 
f 1103/1103/1103 1104/1104/1104 1105/1105/1105 
f 1104/1104/1104 1106/1106/1106 1105/1105/1105 
f 1105/1105/1105 1106/1106/1106 1107/1107/1107 
f 1106/1106/1106 1108/1108/1108 1107/1107/1107 
f 1107/1107/1107 1108/1108/1108 1109/1109/1109 
f 1108/1108/1108 1110/1110/1110 1109/1109/1109 
f 1109/1109/1109 1110/1110/1110 1111/1111/1111 
f 1110/1110/1110 1112/1112/1112 1111/1111/1111 
f 1111/1111/1111 1112/1112/1112 1113/1113/1113 
f 1112/1112/1112 1114/1114/1114 1113/1113/1113 
f 1113/1113/1113 1114/1114/1114 1115/1115/1115 
f 1114/1114/1114 1116/1116/1116 1115/1115/1115 
f 1115/1115/1115 1116/1116/1116 1117/1117/1117 
f 1116/1116/1116 1118/1118/1118 1117/1117/1117 
f 1117/1117/1117 1118/1118/1118 1119/1119/1119 
f 1118/1118/1118 1120/1120/1120 1119/1119/1119 
f 1119/1119/1119 1120/1120/1120 1120/1120/1120 
f 1120/1120/1120 1121/1121/1121 1120/1120/1120 
f 1120/1120/1120 1121/1121/1121 1121/1121/1121 
f 1121/1121/1121 1122/1122/1122 1121/1121/1121 
f 1121/1121/1121 1122/1122/1122 1123/1123/1123 
f 1122/1122/1122 1124/1124/1124 1123/1123/1123 
f 1123/1123/1123 1124/1124/1124 1125/1125/1125 
f 1124/1124/1124 1126/1126/1126 1125/1125/1125 
f 1125/1125/1125 1126/1126/1126 1127/1127/1127 
f 1126/1126/1126 1128/1128/1128 1127/1127/1127 
f 1127/1127/1127 1128/1128/1128 1129/1129/1129 
f 1128/1128/1128 1130/1130/1130 1129/1129/1129 
f 1129/1129/1129 1130/1130/1130 1131/1131/1131 
f 1130/1130/1130 1132/1132/1132 1131/1131/1131 
f 1131/1131/1131 1132/1132/1132 1133/1133/1133 
f 1132/1132/1132 1134/1134/1134 1133/1133/1133 
f 1133/1133/1133 1134/1134/1134 1135/1135/1135 
f 1134/1134/1134 1136/1136/1136 1135/1135/1135 
f 1135/1135/1135 1136/1136/1136 1137/1137/1137 
f 1136/1136/1136 1138/1138/1138 1137/1137/1137 
f 1137/1137/1137 1138/1138/1138 1139/1139/1139 
f 1138/1138/1138 1140/1140/1140 1139/1139/1139 
f 1139/1139/1139 1140/1140/1140 1141/1141/1141 
f 1140/1140/1140 1142/1142/1142 1141/1141/1141 
f 1141/1141/1141 1142/1142/1142 1142/1142/1142 
f 1142/1142/1142 1143/1143/1143 1142/1142/1142 
f 1142/1142/1142 1143/1143/1143 1143/1143/1143 
f 1143/1143/1143 1144/1144/1144 1143/1143/1143 
f 1143/1143/1143 1144/1144/1144 1145/1145/1145 
f 1144/1144/1144 1146/1146/1146 1145/1145/1145 
f 1145/1145/1145 1146/1146/1146 1146/1146/1146 
f 1146/1146/1146 1144/1144/1144 1146/1146/1146 
f 1146/1146/1146 1144/1144/1144 1144/1144/1144 
f 1144/1144/1144 1147/1147/1147 1144/1144/1144 
f 1144/1144/1144 1147/1147/1147 1146/1146/1146 
f 1147/1147/1147 1148/1148/1148 1146/1146/1146 
f 1146/1146/1146 1148/1148/1148 1148/1148/1148 
f 1148/1148/1148 1147/1147/1147 1148/1148/1148 
f 1148/1148/1148 1147/1147/1147 1147/1147/1147 
f 1147/1147/1147 1149/1149/1149 1147/1147/1147 
f 1147/1147/1147 1149/1149/1149 1148/1148/1148 
f 1149/1149/1149 1150/1150/1150 1148/1148/1148 
f 1148/1148/1148 1150/1150/1150 1150/1150/1150 
f 1150/1150/1150 1149/1149/1149 1150/1150/1150 
f 1150/1150/1150 1149/1149/1149 1149/1149/1149 
f 1149/1149/1149 1151/1151/1151 1149/1149/1149 
f 1149/1149/1149 1151/1151/1151 1150/1150/1150 
f 1151/1151/1151 1152/1152/1152 1150/1150/1150 
f 1150/1150/1150 1152/1152/1152 1152/1152/1152 
f 1152/1152/1152 1151/1151/1151 1152/1152/1152 
f 1152/1152/1152 1151/1151/1151 1151/1151/1151 
f 1151/1151/1151 1153/1153/1153 1151/1151/1151 
f 1151/1151/1151 1153/1153/1153 1152/1152/1152 
f 1153/1153/1153 1154/1154/1154 1152/1152/1152 
f 1152/1152/1152 1154/1154/1154 1154/1154/1154 
f 1154/1154/1154 1153/1153/1153 1154/1154/1154 
f 1154/1154/1154 1153/1153/1153 1153/1153/1153 
f 1153/1153/1153 1155/1155/1155 1153/1153/1153 
f 1153/1153/1153 1155/1155/1155 1154/1154/1154 
f 1155/1155/1155 1156/1156/1156 1154/1154/1154 
f 1154/1154/1154 1156/1156/1156 1156/1156/1156 
f 1156/1156/1156 1155/1155/1155 1156/1156/1156 
f 1156/1156/1156 1155/1155/1155 1155/1155/1155 
f 1155/1155/1155 1157/1157/1157 1155/1155/1155 
f 1155/1155/1155 1157/1157/1157 1156/1156/1156 
f 1157/1157/1157 1158/1158/1158 1156/1156/1156 
f 1156/1156/1156 1158/1158/1158 1158/1158/1158 
f 1158/1158/1158 1157/1157/1157 1158/1158/1158 
f 1158/1158/1158 1157/1157/1157 1157/1157/1157 
f 1157/1157/1157 1159/1159/1159 1157/1157/1157 
f 1157/1157/1157 1159/1159/1159 1158/1158/1158 
f 1159/1159/1159 1160/1160/1160 1158/1158/1158 
f 1158/1158/1158 1160/1160/1160 1160/1160/1160 
f 1160/1160/1160 1159/1159/1159 1160/1160/1160 
f 1160/1160/1160 1159/1159/1159 1159/1159/1159 
f 1159/1159/1159 1161/1161/1161 1159/1159/1159 
f 1159/1159/1159 1161/1161/1161 1160/1160/1160 
f 1161/1161/1161 1162/1162/1162 1160/1160/1160 
f 1160/1160/1160 1162/1162/1162 1162/1162/1162 
f 1162/1162/1162 1161/1161/1161 1162/1162/1162 
f 1162/1162/1162 1161/1161/1161 1161/1161/1161 
f 1161/1161/1161 1163/1163/1163 1161/1161/1161 
f 1161/1161/1161 1163/1163/1163 1162/1162/1162 
f 1163/1163/1163 1164/1164/1164 1162/1162/1162 
f 1162/1162/1162 1164/1164/1164 1164/1164/1164 
f 1164/1164/1164 1163/1163/1163 1164/1164/1164 
f 1164/1164/1164 1163/1163/1163 1163/1163/1163 
f 1163/1163/1163 1165/1165/1165 1163/1163/1163 
f 1163/1163/1163 1165/1165/1165 1164/1164/1164 
f 1165/1165/1165 1166/1166/1166 1164/1164/1164 
f 1164/1164/1164 1166/1166/1166 1166/1166/1166 
f 1166/1166/1166 1165/1165/1165 1166/1166/1166 
f 1166/1166/1166 1165/1165/1165 1165/1165/1165 
f 1165/1165/1165 1167/1167/1167 1165/1165/1165 
f 1165/1165/1165 1167/1167/1167 1166/1166/1166 
f 1167/1167/1167 1168/1168/1168 1166/1166/1166 
f 1166/1166/1166 1168/1168/1168 1168/1168/1168 
f 1168/1168/1168 1167/1167/1167 1168/1168/1168 
f 1168/1168/1168 1167/1167/1167 1167/1167/1167 
f 1167/1167/1167 1169/1169/1169 1167/1167/1167 
f 1167/1167/1167 1169/1169/1169 1168/1168/1168 
f 1169/1169/1169 1170/1170/1170 1168/1168/1168 
f 1168/1168/1168 1170/1170/1170 1170/1170/1170 
f 1170/1170/1170 1169/1169/1169 1170/1170/1170 
f 1170/1170/1170 1169/1169/1169 1169/1169/1169 
f 1169/1169/1169 1171/1171/1171 1169/1169/1169 
f 1169/1169/1169 1171/1171/1171 1170/1170/1170 
f 1171/1171/1171 1172/1172/1172 1170/1170/1170 
f 1170/1170/1170 1172/1172/1172 1172/1172/1172 
f 1172/1172/1172 1171/1171/1171 1172/1172/1172 
f 1172/1172/1172 1171/1171/1171 1171/1171/1171 
f 1171/1171/1171 1173/1173/1173 1171/1171/1171 
f 1171/1171/1171 1173/1173/1173 1172/1172/1172 
f 1173/1173/1173 1174/1174/1174 1172/1172/1172 
f 1172/1172/1172 1174/1174/1174 1174/1174/1174 
f 1174/1174/1174 1173/1173/1173 1174/1174/1174 
f 1174/1174/1174 1173/1173/1173 1173/1173/1173 
f 1173/1173/1173 1175/1175/1175 1173/1173/1173 
f 1173/1173/1173 1175/1175/1175 1174/1174/1174 
f 1175/1175/1175 1176/1176/1176 1174/1174/1174 
f 1174/1174/1174 1176/1176/1176 1176/1176/1176 
f 1176/1176/1176 1175/1175/1175 1176/1176/1176 
f 1176/1176/1176 1175/1175/1175 1175/1175/1175 
f 1175/1175/1175 1177/1177/1177 1175/1175/1175 
f 1175/1175/1175 1177/1177/1177 1176/1176/1176 
f 1177/1177/1177 1178/1178/1178 1176/1176/1176 
f 1176/1176/1176 1178/1178/1178 1178/1178/1178 
f 1178/1178/1178 1177/1177/1177 1178/1178/1178 
f 1178/1178/1178 1177/1177/1177 1177/1177/1177 
f 1177/1177/1177 1179/1179/1179 1177/1177/1177 
f 1177/1177/1177 1179/1179/1179 1178/1178/1178 
f 1179/1179/1179 1180/1180/1180 1178/1178/1178 
f 1178/1178/1178 1180/1180/1180 1180/1180/1180 
f 1180/1180/1180 1181/1181/1181 1180/1180/1180 
f 1180/1180/1180 1181/1181/1181 1181/1181/1181 
f 1181/1181/1181 1182/1182/1182 1181/1181/1181 
f 1181/1181/1181 1182/1182/1182 1183/1183/1183 
f 1182/1182/1182 1184/1184/1184 1183/1183/1183 
f 1183/1183/1183 1184/1184/1184 1185/1185/1185 
f 1184/1184/1184 1186/1186/1186 1185/1185/1185 
f 1185/1185/1185 1186/1186/1186 1187/1187/1187 
f 1186/1186/1186 1188/1188/1188 1187/1187/1187 
f 1187/1187/1187 1188/1188/1188 1189/1189/1189 
f 1188/1188/1188 1190/1190/1190 1189/1189/1189 
f 1189/1189/1189 1190/1190/1190 1191/1191/1191 
f 1190/1190/1190 1192/1192/1192 1191/1191/1191 
f 1191/1191/1191 1192/1192/1192 1193/1193/1193 
f 1192/1192/1192 1194/1194/1194 1193/1193/1193 
f 1193/1193/1193 1194/1194/1194 1195/1195/1195 
f 1194/1194/1194 1196/1196/1196 1195/1195/1195 
f 1195/1195/1195 1196/1196/1196 1197/1197/1197 
f 1196/1196/1196 1198/1198/1198 1197/1197/1197 
f 1197/1197/1197 1198/1198/1198 1199/1199/1199 
f 1198/1198/1198 1200/1200/1200 1199/1199/1199 
f 1199/1199/1199 1200/1200/1200 1201/1201/1201 
f 1200/1200/1200 1202/1202/1202 1201/1201/1201 
f 1201/1201/1201 1202/1202/1202 1203/1203/1203 
f 1202/1202/1202 1204/1204/1204 1203/1203/1203 
f 1203/1203/1203 1204/1204/1204 1205/1205/1205 
f 1204/1204/1204 1206/1206/1206 1205/1205/1205 
f 1205/1205/1205 1206/1206/1206 1207/1207/1207 
f 1206/1206/1206 1208/1208/1208 1207/1207/1207 
f 1207/1207/1207 1208/1208/1208 1209/1209/1209 
f 1208/1208/1208 1210/1210/1210 1209/1209/1209 
f 1209/1209/1209 1210/1210/1210 1211/1211/1211 
f 1210/1210/1210 1212/1212/1212 1211/1211/1211 
f 1211/1211/1211 1212/1212/1212 1213/1213/1213 
f 1212/1212/1212 1214/1214/1214 1213/1213/1213 
f 1213/1213/1213 1214/1214/1214 1215/1215/1215 
f 1214/1214/1214 1216/1216/1216 1215/1215/1215 
f 1215/1215/1215 1216/1216/1216 1217/1217/1217 
f 1216/1216/1216 1218/1218/1218 1217/1217/1217 
f 1217/1217/1217 1218/1218/1218 1219/1219/1219 
f 1218/1218/1218 1220/1220/1220 1219/1219/1219 
f 1219/1219/1219 1220/1220/1220 1221/1221/1221 
f 1220/1220/1220 1222/1222/1222 1221/1221/1221 
f 1221/1221/1221 1222/1222/1222 1222/1222/1222 
f 1222/1222/1222 1223/1223/1223 1222/1222/1222 
f 1222/1222/1222 1223/1223/1223 1223/1223/1223 
f 1223/1223/1223 1224/1224/1224 1223/1223/1223 
f 1223/1223/1223 1224/1224/1224 1225/1225/1225 
f 1224/1224/1224 1226/1226/1226 1225/1225/1225 
f 1225/1225/1225 1226/1226/1226 1226/1226/1226 
f 1226/1226/1226 1224/1224/1224 1226/1226/1226 
f 1226/1226/1226 1224/1224/1224 1224/1224/1224 
f 1224/1224/1224 1227/1227/1227 1224/1224/1224 
f 1224/1224/1224 1227/1227/1227 1226/1226/1226 
f 1227/1227/1227 1228/1228/1228 1226/1226/1226 
f 1226/1226/1226 1228/1228/1228 1228/1228/1228 
f 1228/1228/1228 1227/1227/1227 1228/1228/1228 
f 1228/1228/1228 1227/1227/1227 1227/1227/1227 
f 1227/1227/1227 1229/1229/1229 1227/1227/1227 
f 1227/1227/1227 1229/1229/1229 1228/1228/1228 
f 1229/1229/1229 1230/1230/1230 1228/1228/1228 
f 1228/1228/1228 1230/1230/1230 1230/1230/1230 
f 1230/1230/1230 1229/1229/1229 1230/1230/1230 
f 1230/1230/1230 1229/1229/1229 1229/1229/1229 
f 1229/1229/1229 1231/1231/1231 1229/1229/1229 
f 1229/1229/1229 1231/1231/1231 1230/1230/1230 
f 1231/1231/1231 1232/1232/1232 1230/1230/1230 
f 1230/1230/1230 1232/1232/1232 1232/1232/1232 
f 1232/1232/1232 1231/1231/1231 1232/1232/1232 
f 1232/1232/1232 1231/1231/1231 1231/1231/1231 
f 1231/1231/1231 1233/1233/1233 1231/1231/1231 
f 1231/1231/1231 1233/1233/1233 1232/1232/1232 
f 1233/1233/1233 1234/1234/1234 1232/1232/1232 
f 1232/1232/1232 1234/1234/1234 1234/1234/1234 
f 1234/1234/1234 1233/1233/1233 1234/1234/1234 
f 1234/1234/1234 1233/1233/1233 1233/1233/1233 
f 1233/1233/1233 1235/1235/1235 1233/1233/1233 
f 1233/1233/1233 1235/1235/1235 1234/1234/1234 
f 1235/1235/1235 1236/1236/1236 1234/1234/1234 
f 1234/1234/1234 1236/1236/1236 1236/1236/1236 
f 1236/1236/1236 1235/1235/1235 1236/1236/1236 
f 1236/1236/1236 1235/1235/1235 1235/1235/1235 
f 1235/1235/1235 1237/1237/1237 1235/1235/1235 
f 1235/1235/1235 1237/1237/1237 1236/1236/1236 
f 1237/1237/1237 1238/1238/1238 1236/1236/1236 
f 1236/1236/1236 1238/1238/1238 1238/1238/1238 
f 1238/1238/1238 1237/1237/1237 1238/1238/1238 
f 1238/1238/1238 1237/1237/1237 1237/1237/1237 
f 1237/1237/1237 1239/1239/1239 1237/1237/1237 
f 1237/1237/1237 1239/1239/1239 1238/1238/1238 
f 1239/1239/1239 1240/1240/1240 1238/1238/1238 
f 1238/1238/1238 1240/1240/1240 1240/1240/1240 
f 1240/1240/1240 1239/1239/1239 1240/1240/1240 
f 1240/1240/1240 1239/1239/1239 1239/1239/1239 
f 1239/1239/1239 1241/1241/1241 1239/1239/1239 
f 1239/1239/1239 1241/1241/1241 1240/1240/1240 
f 1241/1241/1241 1242/1242/1242 1240/1240/1240 
f 1240/1240/1240 1242/1242/1242 1242/1242/1242 
f 1242/1242/1242 1241/1241/1241 1242/1242/1242 
f 1242/1242/1242 1241/1241/1241 1241/1241/1241 
f 1241/1241/1241 1243/1243/1243 1241/1241/1241 
f 1241/1241/1241 1243/1243/1243 1242/1242/1242 
f 1243/1243/1243 1244/1244/1244 1242/1242/1242 
f 1242/1242/1242 1244/1244/1244 1244/1244/1244 
f 1244/1244/1244 1245/1245/1245 1244/1244/1244 
f 1244/1244/1244 1245/1245/1245 1245/1245/1245 
f 1245/1245/1245 1246/1246/1246 1245/1245/1245 
f 1245/1245/1245 1246/1246/1246 1247/1247/1247 
f 1246/1246/1246 1248/1248/1248 1247/1247/1247 
f 1247/1247/1247 1248/1248/1248 1249/1249/1249 
f 1248/1248/1248 1250/1250/1250 1249/1249/1249 
f 1249/1249/1249 1250/1250/1250 1251/1251/1251 
f 1250/1250/1250 1252/1252/1252 1251/1251/1251 
f 1251/1251/1251 1252/1252/1252 1253/1253/1253 
f 1252/1252/1252 1254/1254/1254 1253/1253/1253 
f 1253/1253/1253 1254/1254/1254 1255/1255/1255 
f 1254/1254/1254 1256/1256/1256 1255/1255/1255 
f 1255/1255/1255 1256/1256/1256 1257/1257/1257 
f 1256/1256/1256 1258/1258/1258 1257/1257/1257 
f 1257/1257/1257 1258/1258/1258 1259/1259/1259 
f 1258/1258/1258 1260/1260/1260 1259/1259/1259 
f 1259/1259/1259 1260/1260/1260 1261/1261/1261 
f 1260/1260/1260 1262/1262/1262 1261/1261/1261 
f 1261/1261/1261 1262/1262/1262 1263/1263/1263 
f 1262/1262/1262 1264/1264/1264 1263/1263/1263 
f 1263/1263/1263 1264/1264/1264 1265/1265/1265 
f 1264/1264/1264 1266/1266/1266 1265/1265/1265 
f 1265/1265/1265 1266/1266/1266 1267/1267/1267 
f 1266/1266/1266 1268/1268/1268 1267/1267/1267 
f 1267/1267/1267 1268/1268/1268 1269/1269/1269 
f 1268/1268/1268 1270/1270/1270 1269/1269/1269 
f 1269/1269/1269 1270/1270/1270 1271/1271/1271 
f 1270/1270/1270 1272/1272/1272 1271/1271/1271 
f 1271/1271/1271 1272/1272/1272 1273/1273/1273 
f 1272/1272/1272 1274/1274/1274 1273/1273/1273 
f 1273/1273/1273 1274/1274/1274 1275/1275/1275 
f 1274/1274/1274 1276/1276/1276 1275/1275/1275 
f 1275/1275/1275 1276/1276/1276 1277/1277/1277 
f 1276/1276/1276 1278/1278/1278 1277/1277/1277 
f 1277/1277/1277 1278/1278/1278 1279/1279/1279 
f 1278/1278/1278 1280/1280/1280 1279/1279/1279 
f 1279/1279/1279 1280/1280/1280 1281/1281/1281 
f 1280/1280/1280 1282/1282/1282 1281/1281/1281 
f 1281/1281/1281 1282/1282/1282 1282/1282/1282 
f 1282/1282/1282 1283/1283/1283 1282/1282/1282 
f 1282/1282/1282 1283/1283/1283 1283/1283/1283 
f 1283/1283/1283 1284/1284/1284 1283/1283/1283 
f 1283/1283/1283 1284/1284/1284 1285/1285/1285 
f 1284/1284/1284 1286/1286/1286 1285/1285/1285 
f 1285/1285/1285 1286/1286/1286 1287/1287/1287 
f 1286/1286/1286 1288/1288/1288 1287/1287/1287 
f 1287/1287/1287 1288/1288/1288 1289/1289/1289 
f 1288/1288/1288 1290/1290/1290 1289/1289/1289 
f 1289/1289/1289 1290/1290/1290 1291/1291/1291 
f 1290/1290/1290 1292/1292/1292 1291/1291/1291 
f 1291/1291/1291 1292/1292/1292 1293/1293/1293 
f 1292/1292/1292 1294/1294/1294 1293/1293/1293 
f 1293/1293/1293 1294/1294/1294 1295/1295/1295 
f 1294/1294/1294 1296/1296/1296 1295/1295/1295 
f 1295/1295/1295 1296/1296/1296 1297/1297/1297 
f 1296/1296/1296 1298/1298/1298 1297/1297/1297 
f 1297/1297/1297 1298/1298/1298 1299/1299/1299 
f 1298/1298/1298 1300/1300/1300 1299/1299/1299 
f 1299/1299/1299 1300/1300/1300 1301/1301/1301 
f 1300/1300/1300 1302/1302/1302 1301/1301/1301 
f 1301/1301/1301 1302/1302/1302 1303/1303/1303 
f 1302/1302/1302 1304/1304/1304 1303/1303/1303 
f 1303/1303/1303 1304/1304/1304 1305/1305/1305 
f 1304/1304/1304 1306/1306/1306 1305/1305/1305 
f 1305/1305/1305 1306/1306/1306 1307/1307/1307 
f 1306/1306/1306 1308/1308/1308 1307/1307/1307 
f 1307/1307/1307 1308/1308/1308 1309/1309/1309 
f 1308/1308/1308 1310/1310/1310 1309/1309/1309 
f 1309/1309/1309 1310/1310/1310 1311/1311/1311 
f 1310/1310/1310 1312/1312/1312 1311/1311/1311 
f 1311/1311/1311 1312/1312/1312 1313/1313/1313 
f 1312/1312/1312 1314/1314/1314 1313/1313/1313 
f 1313/1313/1313 1314/1314/1314 1315/1315/1315 
f 1314/1314/1314 1316/1316/1316 1315/1315/1315 
f 1315/1315/1315 1316/1316/1316 1317/1317/1317 
f 1316/1316/1316 1318/1318/1318 1317/1317/1317 
f 1317/1317/1317 1318/1318/1318 1319/1319/1319 
f 1318/1318/1318 1320/1320/1320 1319/1319/1319 
f 1319/1319/1319 1320/1320/1320 1320/1320/1320 
f 1320/1320/1320 1321/1321/1321 1320/1320/1320 
f 1320/1320/1320 1321/1321/1321 1321/1321/1321 
f 1321/1321/1321 1322/1322/1322 1321/1321/1321 
f 1321/1321/1321 1322/1322/1322 1323/1323/1323 
f 1322/1322/1322 1324/1324/1324 1323/1323/1323 
f 1323/1323/1323 1324/1324/1324 1325/1325/1325 
f 1324/1324/1324 1326/1326/1326 1325/1325/1325 
f 1325/1325/1325 1326/1326/1326 1327/1327/1327 
f 1326/1326/1326 1328/1328/1328 1327/1327/1327 
f 1327/1327/1327 1328/1328/1328 1329/1329/1329 
f 1328/1328/1328 1330/1330/1330 1329/1329/1329 
f 1329/1329/1329 1330/1330/1330 1331/1331/1331 
f 1330/1330/1330 1332/1332/1332 1331/1331/1331 
f 1331/1331/1331 1332/1332/1332 1333/1333/1333 
f 1332/1332/1332 1334/1334/1334 1333/1333/1333 
f 1333/1333/1333 1334/1334/1334 1335/1335/1335 
f 1334/1334/1334 1336/1336/1336 1335/1335/1335 
f 1335/1335/1335 1336/1336/1336 1337/1337/1337 
f 1336/1336/1336 1338/1338/1338 1337/1337/1337 
f 1337/1337/1337 1338/1338/1338 1339/1339/1339 
f 1338/1338/1338 1340/1340/1340 1339/1339/1339 
f 1339/1339/1339 1340/1340/1340 1341/1341/1341 
f 1340/1340/1340 1342/1342/1342 1341/1341/1341 
f 1341/1341/1341 1342/1342/1342 1343/1343/1343 
f 1342/1342/1342 1344/1344/1344 1343/1343/1343 
f 1343/1343/1343 1344/1344/1344 1345/1345/1345 
f 1344/1344/1344 1346/1346/1346 1345/1345/1345 
f 1345/1345/1345 1346/1346/1346 1347/1347/1347 
f 1346/1346/1346 1348/1348/1348 1347/1347/1347 
f 1347/1347/1347 1348/1348/1348 1349/1349/1349 
f 1348/1348/1348 1350/1350/1350 1349/1349/1349 
f 1349/1349/1349 1350/1350/1350 1351/1351/1351 
f 1350/1350/1350 1352/1352/1352 1351/1351/1351 
f 1351/1351/1351 1352/1352/1352 1353/1353/1353 
f 1352/1352/1352 1354/1354/1354 1353/1353/1353 
f 1353/1353/1353 1354/1354/1354 1355/1355/1355 
f 1354/1354/1354 1356/1356/1356 1355/1355/1355 
f 1355/1355/1355 1356/1356/1356 1357/1357/1357 
f 1356/1356/1356 1358/1358/1358 1357/1357/1357 
f 1357/1357/1357 1358/1358/1358 1359/1359/1359 
f 1358/1358/1358 1360/1360/1360 1359/1359/1359 
f 1359/1359/1359 1360/1360/1360 1361/1361/1361 
f 1360/1360/1360 1362/1362/1362 1361/1361/1361 
f 1361/1361/1361 1362/1362/1362 1362/1362/1362 
f 1362/1362/1362 1322/1322/1322 1362/1362/1362 
f 1362/1362/1362 1322/1322/1322 1322/1322/1322 
f 1322/1322/1322 1363/1363/1363 1322/1322/1322 
f 1322/1322/1322 1363/1363/1363 1324/1324/1324 
f 1363/1363/1363 1364/1364/1364 1324/1324/1324 
f 1324/1324/1324 1364/1364/1364 1326/1326/1326 
f 1364/1364/1364 1365/1365/1365 1326/1326/1326 
f 1326/1326/1326 1365/1365/1365 1328/1328/1328 
f 1365/1365/1365 1366/1366/1366 1328/1328/1328 
f 1328/1328/1328 1366/1366/1366 1330/1330/1330 
f 1366/1366/1366 1367/1367/1367 1330/1330/1330 
f 1330/1330/1330 1367/1367/1367 1332/1332/1332 
f 1367/1367/1367 1368/1368/1368 1332/1332/1332 
f 1332/1332/1332 1368/1368/1368 1334/1334/1334 
f 1368/1368/1368 1369/1369/1369 1334/1334/1334 
f 1334/1334/1334 1369/1369/1369 1336/1336/1336 
f 1369/1369/1369 1370/1370/1370 1336/1336/1336 
f 1336/1336/1336 1370/1370/1370 1338/1338/1338 
f 1370/1370/1370 1371/1371/1371 1338/1338/1338 
f 1338/1338/1338 1371/1371/1371 1340/1340/1340 
f 1371/1371/1371 1372/1372/1372 1340/1340/1340 
f 1340/1340/1340 1372/1372/1372 1342/1342/1342 
f 1372/1372/1372 1373/1373/1373 1342/1342/1342 
f 1342/1342/1342 1373/1373/1373 1344/1344/1344 
f 1373/1373/1373 1374/1374/1374 1344/1344/1344 
f 1344/1344/1344 1374/1374/1374 1346/1346/1346 
f 1374/1374/1374 1375/1375/1375 1346/1346/1346 
f 1346/1346/1346 1375/1375/1375 1348/1348/1348 
f 1375/1375/1375 1376/1376/1376 1348/1348/1348 
f 1348/1348/1348 1376/1376/1376 1350/1350/1350 
f 1376/1376/1376 1377/1377/1377 1350/1350/1350 
f 1350/1350/1350 1377/1377/1377 1352/1352/1352 
f 1377/1377/1377 1378/1378/1378 1352/1352/1352 
f 1352/1352/1352 1378/1378/1378 1354/1354/1354 
f 1378/1378/1378 1379/1379/1379 1354/1354/1354 
f 1354/1354/1354 1379/1379/1379 1356/1356/1356 
f 1379/1379/1379 1380/1380/1380 1356/1356/1356 
f 1356/1356/1356 1380/1380/1380 1358/1358/1358 
f 1380/1380/1380 1381/1381/1381 1358/1358/1358 
f 1358/1358/1358 1381/1381/1381 1360/1360/1360 
f 1381/1381/1381 1382/1382/1382 1360/1360/1360 
f 1360/1360/1360 1382/1382/1382 1362/1362/1362 
f 1382/1382/1382 1362/1362/1362 1362/1362/1362 
f 1362/1362/1362 1362/1362/1362 1363/1363/1363 
f 1362/1362/1362 1363/1363/1363 1363/1363/1363 
f 1363/1363/1363 1363/1363/1363 1363/1363/1363 
f 1363/1363/1363 1383/1383/1383 1363/1363/1363 
f 1363/1363/1363 1383/1383/1383 1364/1364/1364 
f 1383/1383/1383 1384/1384/1384 1364/1364/1364 
f 1364/1364/1364 1384/1384/1384 1365/1365/1365 
f 1384/1384/1384 1385/1385/1385 1365/1365/1365 
f 1365/1365/1365 1385/1385/1385 1366/1366/1366 
f 1385/1385/1385 1386/1386/1386 1366/1366/1366 
f 1366/1366/1366 1386/1386/1386 1367/1367/1367 
f 1386/1386/1386 1387/1387/1387 1367/1367/1367 
f 1367/1367/1367 1387/1387/1387 1368/1368/1368 
f 1387/1387/1387 1388/1388/1388 1368/1368/1368 
f 1368/1368/1368 1388/1388/1388 1369/1369/1369 
f 1388/1388/1388 1389/1389/1389 1369/1369/1369 
f 1369/1369/1369 1389/1389/1389 1370/1370/1370 
f 1389/1389/1389 1390/1390/1390 1370/1370/1370 
f 1370/1370/1370 1390/1390/1390 1371/1371/1371 
f 1390/1390/1390 1391/1391/1391 1371/1371/1371 
f 1371/1371/1371 1391/1391/1391 1372/1372/1372 
f 1391/1391/1391 1392/1392/1392 1372/1372/1372 
f 1372/1372/1372 1392/1392/1392 1373/1373/1373 
f 1392/1392/1392 1393/1393/1393 1373/1373/1373 
f 1373/1373/1373 1393/1393/1393 1374/1374/1374 
f 1393/1393/1393 1394/1394/1394 1374/1374/1374 
f 1374/1374/1374 1394/1394/1394 1375/1375/1375 
f 1394/1394/1394 1395/1395/1395 1375/1375/1375 
f 1375/1375/1375 1395/1395/1395 1376/1376/1376 
f 1395/1395/1395 1396/1396/1396 1376/1376/1376 
f 1376/1376/1376 1396/1396/1396 1377/1377/1377 
f 1396/1396/1396 1397/1397/1397 1377/1377/1377 
f 1377/1377/1377 1397/1397/1397 1378/1378/1378 
f 1397/1397/1397 1398/1398/1398 1378/1378/1378 
f 1378/1378/1378 1398/1398/1398 1379/1379/1379 
f 1398/1398/1398 1399/1399/1399 1379/1379/1379 
f 1379/1379/1379 1399/1399/1399 1380/1380/1380 
f 1399/1399/1399 1400/1400/1400 1380/1380/1380 
f 1380/1380/1380 1400/1400/1400 1381/1381/1381 
f 1400/1400/1400 1401/1401/1401 1381/1381/1381 
f 1381/1381/1381 1401/1401/1401 1382/1382/1382 
f 1401/1401/1401 1402/1402/1402 1382/1382/1382 
f 1382/1382/1382 1402/1402/1402 1402/1402/1402 
f 1402/1402/1402 1383/1383/1383 1402/1402/1402 
f 1402/1402/1402 1383/1383/1383 1383/1383/1383 
f 1383/1383/1383 1363/1363/1363 1383/1383/1383 
f 1383/1383/1383 1363/1363/1363 1403/1403/1403 
f 1363/1363/1363 1404/1404/1404 1403/1403/1403 
f 1403/1403/1403 1404/1404/1404 1404/1404/1404 
f 1404/1404/1404 1405/1405/1405 1404/1404/1404 
f 1404/1404/1404 1405/1405/1405 1405/1405/1405 
f 1405/1405/1405 1406/1406/1406 1405/1405/1405 
f 1405/1405/1405 1406/1406/1406 1407/1407/1407 
f 1406/1406/1406 1408/1408/1408 1407/1407/1407 
f 1407/1407/1407 1408/1408/1408 1409/1409/1409 
f 1408/1408/1408 1410/1410/1410 1409/1409/1409 
f 1409/1409/1409 1410/1410/1410 1411/1411/1411 
f 1410/1410/1410 1412/1412/1412 1411/1411/1411 
f 1411/1411/1411 1412/1412/1412 1413/1413/1413 
f 1412/1412/1412 1414/1414/1414 1413/1413/1413 
f 1413/1413/1413 1414/1414/1414 1415/1415/1415 
f 1414/1414/1414 1416/1416/1416 1415/1415/1415 
f 1415/1415/1415 1416/1416/1416 1417/1417/1417 
f 1416/1416/1416 1418/1418/1418 1417/1417/1417 
f 1417/1417/1417 1418/1418/1418 1419/1419/1419 
f 1418/1418/1418 1420/1420/1420 1419/1419/1419 
f 1419/1419/1419 1420/1420/1420 1421/1421/1421 
f 1420/1420/1420 1422/1422/1422 1421/1421/1421 
f 1421/1421/1421 1422/1422/1422 1423/1423/1423 
f 1422/1422/1422 1424/1424/1424 1423/1423/1423 
f 1423/1423/1423 1424/1424/1424 1425/1425/1425 
f 1424/1424/1424 1426/1426/1426 1425/1425/1425 
f 1425/1425/1425 1426/1426/1426 1427/1427/1427 
f 1426/1426/1426 1428/1428/1428 1427/1427/1427 
f 1427/1427/1427 1428/1428/1428 1429/1429/1429 
f 1428/1428/1428 1430/1430/1430 1429/1429/1429 
f 1429/1429/1429 1430/1430/1430 1431/1431/1431 
f 1430/1430/1430 1432/1432/1432 1431/1431/1431 
f 1431/1431/1431 1432/1432/1432 1433/1433/1433 
f 1432/1432/1432 1434/1434/1434 1433/1433/1433 
f 1433/1433/1433 1434/1434/1434 1435/1435/1435 
f 1434/1434/1434 1436/1436/1436 1435/1435/1435 
f 1435/1435/1435 1436/1436/1436 1437/1437/1437 
f 1436/1436/1436 1438/1438/1438 1437/1437/1437 
f 1437/1437/1437 1438/1438/1438 1439/1439/1439 
f 1438/1438/1438 1440/1440/1440 1439/1439/1439 
f 1439/1439/1439 1440/1440/1440 1441/1441/1441 
f 1440/1440/1440 1442/1442/1442 1441/1441/1441 
f 1441/1441/1441 1442/1442/1442 1442/1442/1442 
f 1442/1442/1442 1443/1443/1443 1442/1442/1442 
f 1442/1442/1442 1443/1443/1443 1443/1443/1443 
f 1443/1443/1443 1444/1444/1444 1443/1443/1443 
f 1443/1443/1443 1444/1444/1444 1445/1445/1445 
f 1444/1444/1444 1446/1446/1446 1445/1445/1445 
f 1445/1445/1445 1446/1446/1446 1447/1447/1447 
f 1446/1446/1446 1448/1448/1448 1447/1447/1447 
f 1447/1447/1447 1448/1448/1448 1449/1449/1449 
f 1448/1448/1448 1450/1450/1450 1449/1449/1449 
f 1449/1449/1449 1450/1450/1450 1451/1451/1451 
f 1450/1450/1450 1452/1452/1452 1451/1451/1451 
f 1451/1451/1451 1452/1452/1452 1453/1453/1453 
f 1452/1452/1452 1454/1454/1454 1453/1453/1453 
f 1453/1453/1453 1454/1454/1454 1455/1455/1455 
f 1454/1454/1454 1456/1456/1456 1455/1455/1455 
f 1455/1455/1455 1456/1456/1456 1457/1457/1457 
f 1456/1456/1456 1458/1458/1458 1457/1457/1457 
f 1457/1457/1457 1458/1458/1458 1459/1459/1459 
f 1458/1458/1458 1460/1460/1460 1459/1459/1459 
f 1459/1459/1459 1460/1460/1460 1461/1461/1461 
f 1460/1460/1460 1462/1462/1462 1461/1461/1461 
f 1461/1461/1461 1462/1462/1462 1463/1463/1463 
f 1462/1462/1462 1464/1464/1464 1463/1463/1463 
f 1463/1463/1463 1464/1464/1464 1465/1465/1465 
f 1464/1464/1464 1466/1466/1466 1465/1465/1465 
f 1465/1465/1465 1466/1466/1466 1467/1467/1467 
f 1466/1466/1466 1468/1468/1468 1467/1467/1467 
f 1467/1467/1467 1468/1468/1468 1469/1469/1469 
f 1468/1468/1468 1470/1470/1470 1469/1469/1469 
f 1469/1469/1469 1470/1470/1470 1471/1471/1471 
f 1470/1470/1470 1472/1472/1472 1471/1471/1471 
f 1471/1471/1471 1472/1472/1472 1473/1473/1473 
f 1472/1472/1472 1474/1474/1474 1473/1473/1473 
f 1473/1473/1473 1474/1474/1474 1475/1475/1475 
f 1474/1474/1474 1476/1476/1476 1475/1475/1475 
f 1475/1475/1475 1476/1476/1476 1477/1477/1477 
f 1476/1476/1476 1478/1478/1478 1477/1477/1477 
f 1477/1477/1477 1478/1478/1478 1479/1479/1479 
f 1478/1478/1478 1480/1480/1480 1479/1479/1479 
f 1479/1479/1479 1480/1480/1480 1481/1481/1481 
f 1480/1480/1480 1482/1482/1482 1481/1481/1481 
f 1481/1481/1481 1482/1482/1482 1483/1483/1483 
f 1482/1482/1482 1484/1484/1484 1483/1483/1483 
f 1483/1483/1483 1484/1484/1484 1484/1484/1484 
f 1484/1484/1484 1485/1485/1485 1484/1484/1484 
f 1484/1484/1484 1485/1485/1485 1485/1485/1485 
f 1485/1485/1485 1486/1486/1486 1485/1485/1485 
f 1485/1485/1485 1486/1486/1486 1487/1487/1487 
f 1486/1486/1486 1488/1488/1488 1487/1487/1487 
f 1487/1487/1487 1488/1488/1488 1489/1489/1489 
f 1488/1488/1488 1490/1490/1490 1489/1489/1489 
f 1489/1489/1489 1490/1490/1490 1491/1491/1491 
f 1490/1490/1490 1492/1492/1492 1491/1491/1491 
f 1491/1491/1491 1492/1492/1492 1493/1493/1493 
f 1492/1492/1492 1494/1494/1494 1493/1493/1493 
f 1493/1493/1493 1494/1494/1494 1495/1495/1495 
f 1494/1494/1494 1496/1496/1496 1495/1495/1495 
f 1495/1495/1495 1496/1496/1496 1497/1497/1497 
f 1496/1496/1496 1498/1498/1498 1497/1497/1497 
f 1497/1497/1497 1498/1498/1498 1499/1499/1499 
f 1498/1498/1498 1500/1500/1500 1499/1499/1499 
f 1499/1499/1499 1500/1500/1500 1501/1501/1501 
f 1500/1500/1500 1502/1502/1502 1501/1501/1501 
f 1501/1501/1501 1502/1502/1502 1503/1503/1503 
f 1502/1502/1502 1504/1504/1504 1503/1503/1503 
f 1503/1503/1503 1504/1504/1504 1505/1505/1505 
f 1504/1504/1504 1506/1506/1506 1505/1505/1505 
f 1505/1505/1505 1506/1506/1506 1507/1507/1507 
f 1506/1506/1506 1508/1508/1508 1507/1507/1507 
f 1507/1507/1507 1508/1508/1508 1509/1509/1509 
f 1508/1508/1508 1510/1510/1510 1509/1509/1509 
f 1509/1509/1509 1510/1510/1510 1511/1511/1511 
f 1510/1510/1510 1512/1512/1512 1511/1511/1511 
f 1511/1511/1511 1512/1512/1512 1513/1513/1513 
f 1512/1512/1512 1514/1514/1514 1513/1513/1513 
f 1513/1513/1513 1514/1514/1514 1515/1515/1515 
f 1514/1514/1514 1516/1516/1516 1515/1515/1515 
f 1515/1515/1515 1516/1516/1516 1517/1517/1517 
f 1516/1516/1516 1518/1518/1518 1517/1517/1517 
f 1517/1517/1517 1518/1518/1518 1519/1519/1519 
f 1518/1518/1518 1520/1520/1520 1519/1519/1519 
f 1519/1519/1519 1520/1520/1520 1521/1521/1521 
f 1520/1520/1520 1522/1522/1522 1521/1521/1521 
f 1521/1521/1521 1522/1522/1522 1523/1523/1523 
f 1522/1522/1522 1524/1524/1524 1523/1523/1523 
f 1523/1523/1523 1524/1524/1524 1525/1525/1525 
f 1524/1524/1524 1526/1526/1526 1525/1525/1525 
f 1525/1525/1525 1526/1526/1526 1526/1526/1526 
f 1526/1526/1526 1486/1486/1486 1526/1526/1526 
f 1526/1526/1526 1486/1486/1486 1486/1486/1486 
f 1486/1486/1486 1527/1527/1527 1486/1486/1486 
f 1486/1486/1486 1527/1527/1527 1488/1488/1488 
f 1527/1527/1527 1528/1528/1528 1488/1488/1488 
f 1488/1488/1488 1528/1528/1528 1490/1490/1490 
f 1528/1528/1528 1529/1529/1529 1490/1490/1490 
f 1490/1490/1490 1529/1529/1529 1492/1492/1492 
f 1529/1529/1529 1530/1530/1530 1492/1492/1492 
f 1492/1492/1492 1530/1530/1530 1494/1494/1494 
f 1530/1530/1530 1531/1531/1531 1494/1494/1494 
f 1494/1494/1494 1531/1531/1531 1496/1496/1496 
f 1531/1531/1531 1532/1532/1532 1496/1496/1496 
f 1496/1496/1496 1532/1532/1532 1498/1498/1498 
f 1532/1532/1532 1533/1533/1533 1498/1498/1498 
f 1498/1498/1498 1533/1533/1533 1500/1500/1500 
f 1533/1533/1533 1534/1534/1534 1500/1500/1500 
f 1500/1500/1500 1534/1534/1534 1502/1502/1502 
f 1534/1534/1534 1535/1535/1535 1502/1502/1502 
f 1502/1502/1502 1535/1535/1535 1504/1504/1504 
f 1535/1535/1535 1536/1536/1536 1504/1504/1504 
f 1504/1504/1504 1536/1536/1536 1506/1506/1506 
f 1536/1536/1536 1537/1537/1537 1506/1506/1506 
f 1506/1506/1506 1537/1537/1537 1508/1508/1508 
f 1537/1537/1537 1538/1538/1538 1508/1508/1508 
f 1508/1508/1508 1538/1538/1538 1510/1510/1510 
f 1538/1538/1538 1539/1539/1539 1510/1510/1510 
f 1510/1510/1510 1539/1539/1539 1512/1512/1512 
f 1539/1539/1539 1540/1540/1540 1512/1512/1512 
f 1512/1512/1512 1540/1540/1540 1514/1514/1514 
f 1540/1540/1540 1541/1541/1541 1514/1514/1514 
f 1514/1514/1514 1541/1541/1541 1516/1516/1516 
f 1541/1541/1541 1542/1542/1542 1516/1516/1516 
f 1516/1516/1516 1542/1542/1542 1518/1518/1518 
f 1542/1542/1542 1543/1543/1543 1518/1518/1518 
f 1518/1518/1518 1543/1543/1543 1520/1520/1520 
f 1543/1543/1543 1544/1544/1544 1520/1520/1520 
f 1520/1520/1520 1544/1544/1544 1522/1522/1522 
f 1544/1544/1544 1545/1545/1545 1522/1522/1522 
f 1522/1522/1522 1545/1545/1545 1524/1524/1524 
f 1545/1545/1545 1546/1546/1546 1524/1524/1524 
f 1524/1524/1524 1546/1546/1546 1526/1526/1526 
f 1546/1546/1546 1526/1526/1526 1526/1526/1526 
f 1526/1526/1526 1526/1526/1526 1527/1527/1527 
f 1526/1526/1526 1527/1527/1527 1527/1527/1527 
f 1527/1527/1527 1527/1527/1527 1527/1527/1527 
f 1527/1527/1527 1547/1547/1547 1527/1527/1527 
f 1527/1527/1527 1547/1547/1547 1528/1528/1528 
f 1547/1547/1547 1548/1548/1548 1528/1528/1528 
f 1528/1528/1528 1548/1548/1548 1529/1529/1529 
f 1548/1548/1548 1549/1549/1549 1529/1529/1529 
f 1529/1529/1529 1549/1549/1549 1530/1530/1530 
f 1549/1549/1549 1550/1550/1550 1530/1530/1530 
f 1530/1530/1530 1550/1550/1550 1531/1531/1531 
f 1550/1550/1550 1551/1551/1551 1531/1531/1531 
f 1531/1531/1531 1551/1551/1551 1532/1532/1532 
f 1551/1551/1551 1552/1552/1552 1532/1532/1532 
f 1532/1532/1532 1552/1552/1552 1533/1533/1533 
f 1552/1552/1552 1553/1553/1553 1533/1533/1533 
f 1533/1533/1533 1553/1553/1553 1534/1534/1534 
f 1553/1553/1553 1554/1554/1554 1534/1534/1534 
f 1534/1534/1534 1554/1554/1554 1535/1535/1535 
f 1554/1554/1554 1555/1555/1555 1535/1535/1535 
f 1535/1535/1535 1555/1555/1555 1536/1536/1536 
f 1555/1555/1555 1556/1556/1556 1536/1536/1536 
f 1536/1536/1536 1556/1556/1556 1537/1537/1537 
f 1556/1556/1556 1557/1557/1557 1537/1537/1537 
f 1537/1537/1537 1557/1557/1557 1538/1538/1538 
f 1557/1557/1557 1558/1558/1558 1538/1538/1538 
f 1538/1538/1538 1558/1558/1558 1539/1539/1539 
f 1558/1558/1558 1559/1559/1559 1539/1539/1539 
f 1539/1539/1539 1559/1559/1559 1540/1540/1540 
f 1559/1559/1559 1560/1560/1560 1540/1540/1540 
f 1540/1540/1540 1560/1560/1560 1541/1541/1541 
f 1560/1560/1560 1561/1561/1561 1541/1541/1541 
f 1541/1541/1541 1561/1561/1561 1542/1542/1542 
f 1561/1561/1561 1562/1562/1562 1542/1542/1542 
f 1542/1542/1542 1562/1562/1562 1543/1543/1543 
f 1562/1562/1562 1563/1563/1563 1543/1543/1543 
f 1543/1543/1543 1563/1563/1563 1544/1544/1544 
f 1563/1563/1563 1564/1564/1564 1544/1544/1544 
f 1544/1544/1544 1564/1564/1564 1545/1545/1545 
f 1564/1564/1564 1565/1565/1565 1545/1545/1545 
f 1545/1545/1545 1565/1565/1565 1546/1546/1546 
f 1565/1565/1565 1566/1566/1566 1546/1546/1546 
f 1546/1546/1546 1566/1566/1566 1566/1566/1566 
f 1566/1566/1566 1547/1547/1547 1566/1566/1566 
f 1566/1566/1566 1547/1547/1547 1547/1547/1547 
f 1547/1547/1547 1527/1527/1527 1547/1547/1547 
f 1547/1547/1547 1527/1527/1527 1567/1567/1567 
f 1527/1527/1527 1568/1568/1568 1567/1567/1567 
f 1567/1567/1567 1568/1568/1568 1568/1568/1568 
f 1568/1568/1568 1569/1569/1569 1568/1568/1568 
f 1568/1568/1568 1569/1569/1569 1569/1569/1569 
f 1569/1569/1569 1570/1570/1570 1569/1569/1569 
f 1569/1569/1569 1570/1570/1570 1571/1571/1571 
f 1570/1570/1570 1572/1572/1572 1571/1571/1571 
f 1571/1571/1571 1572/1572/1572 1573/1573/1573 
f 1572/1572/1572 1574/1574/1574 1573/1573/1573 
f 1573/1573/1573 1574/1574/1574 1575/1575/1575 
f 1574/1574/1574 1576/1576/1576 1575/1575/1575 
f 1575/1575/1575 1576/1576/1576 1577/1577/1577 
f 1576/1576/1576 1578/1578/1578 1577/1577/1577 
f 1577/1577/1577 1578/1578/1578 1579/1579/1579 
f 1578/1578/1578 1580/1580/1580 1579/1579/1579 
f 1579/1579/1579 1580/1580/1580 1581/1581/1581 
f 1580/1580/1580 1582/1582/1582 1581/1581/1581 
f 1581/1581/1581 1582/1582/1582 1583/1583/1583 
f 1582/1582/1582 1584/1584/1584 1583/1583/1583 
f 1583/1583/1583 1584/1584/1584 1585/1585/1585 
f 1584/1584/1584 1586/1586/1586 1585/1585/1585 
f 1585/1585/1585 1586/1586/1586 1587/1587/1587 
f 1586/1586/1586 1588/1588/1588 1587/1587/1587 
f 1587/1587/1587 1588/1588/1588 1589/1589/1589 
f 1588/1588/1588 1590/1590/1590 1589/1589/1589 
f 1589/1589/1589 1590/1590/1590 1590/1590/1590 
f 1590/1590/1590 1591/1591/1591 1590/1590/1590 
f 1590/1590/1590 1591/1591/1591 1591/1591/1591 
f 1591/1591/1591 1592/1592/1592 1591/1591/1591 
f 1591/1591/1591 1592/1592/1592 1593/1593/1593 
f 1592/1592/1592 1594/1594/1594 1593/1593/1593 
f 1593/1593/1593 1594/1594/1594 1595/1595/1595 
f 1594/1594/1594 1596/1596/1596 1595/1595/1595 
f 1595/1595/1595 1596/1596/1596 1597/1597/1597 
f 1596/1596/1596 1598/1598/1598 1597/1597/1597 
f 1597/1597/1597 1598/1598/1598 1599/1599/1599 
f 1598/1598/1598 1600/1600/1600 1599/1599/1599 
f 1599/1599/1599 1600/1600/1600 1601/1601/1601 
f 1600/1600/1600 1602/1602/1602 1601/1601/1601 
f 1601/1601/1601 1602/1602/1602 1603/1603/1603 
f 1602/1602/1602 1604/1604/1604 1603/1603/1603 
f 1603/1603/1603 1604/1604/1604 1605/1605/1605 
f 1604/1604/1604 1606/1606/1606 1605/1605/1605 
f 1605/1605/1605 1606/1606/1606 1607/1607/1607 
f 1606/1606/1606 1608/1608/1608 1607/1607/1607 
f 1607/1607/1607 1608/1608/1608 1609/1609/1609 
f 1608/1608/1608 1610/1610/1610 1609/1609/1609 
f 1609/1609/1609 1610/1610/1610 1611/1611/1611 
f 1610/1610/1610 1612/1612/1612 1611/1611/1611 
f 1611/1611/1611 1612/1612/1612 1613/1613/1613 
f 1612/1612/1612 1614/1614/1614 1613/1613/1613 
f 1613/1613/1613 1614/1614/1614 1615/1615/1615 
f 1614/1614/1614 1616/1616/1616 1615/1615/1615 
f 1615/1615/1615 1616/1616/1616 1617/1617/1617 
f 1616/1616/1616 1618/1618/1618 1617/1617/1617 
f 1617/1617/1617 1618/1618/1618 1619/1619/1619 
f 1618/1618/1618 1620/1620/1620 1619/1619/1619 
f 1619/1619/1619 1620/1620/1620 1621/1621/1621 
f 1620/1620/1620 1622/1622/1622 1621/1621/1621 
f 1621/1621/1621 1622/1622/1622 1623/1623/1623 
f 1622/1622/1622 1624/1624/1624 1623/1623/1623 
f 1623/1623/1623 1624/1624/1624 1625/1625/1625 
f 1624/1624/1624 1626/1626/1626 1625/1625/1625 
f 1625/1625/1625 1626/1626/1626 1627/1627/1627 
f 1626/1626/1626 1628/1628/1628 1627/1627/1627 
f 1627/1627/1627 1628/1628/1628 1629/1629/1629 
f 1628/1628/1628 1630/1630/1630 1629/1629/1629 
f 1629/1629/1629 1630/1630/1630 1631/1631/1631 
f 1630/1630/1630 1632/1632/1632 1631/1631/1631 
f 1631/1631/1631 1632/1632/1632 1632/1632/1632 
f 1632/1632/1632 1633/1633/1633 1632/1632/1632 
f 1632/1632/1632 1633/1633/1633 1633/1633/1633 
f 1633/1633/1633 1634/1634/1634 1633/1633/1633 
f 1633/1633/1633 1634/1634/1634 1635/1635/1635 
f 1634/1634/1634 1636/1636/1636 1635/1635/1635 
f 1635/1635/1635 1636/1636/1636 1637/1637/1637 
f 1636/1636/1636 1638/1638/1638 1637/1637/1637 
f 1637/1637/1637 1638/1638/1638 1639/1639/1639 
f 1638/1638/1638 1640/1640/1640 1639/1639/1639 
f 1639/1639/1639 1640/1640/1640 1641/1641/1641 
f 1640/1640/1640 1642/1642/1642 1641/1641/1641 
f 1641/1641/1641 1642/1642/1642 1643/1643/1643 
f 1642/1642/1642 1644/1644/1644 1643/1643/1643 
f 1643/1643/1643 1644/1644/1644 1645/1645/1645 
f 1644/1644/1644 1646/1646/1646 1645/1645/1645 
f 1645/1645/1645 1646/1646/1646 1647/1647/1647 
f 1646/1646/1646 1648/1648/1648 1647/1647/1647 
f 1647/1647/1647 1648/1648/1648 1649/1649/1649 
f 1648/1648/1648 1650/1650/1650 1649/1649/1649 
f 1649/1649/1649 1650/1650/1650 1651/1651/1651 
f 1650/1650/1650 1652/1652/1652 1651/1651/1651 
f 1651/1651/1651 1652/1652/1652 1653/1653/1653 
f 1652/1652/1652 1654/1654/1654 1653/1653/1653 
f 1653/1653/1653 1654/1654/1654 1655/1655/1655 
f 1654/1654/1654 1656/1656/1656 1655/1655/1655 
f 1655/1655/1655 1656/1656/1656 1657/1657/1657 
f 1656/1656/1656 1658/1658/1658 1657/1657/1657 
f 1657/1657/1657 1658/1658/1658 1659/1659/1659 
f 1658/1658/1658 1660/1660/1660 1659/1659/1659 
f 1659/1659/1659 1660/1660/1660 1661/1661/1661 
f 1660/1660/1660 1662/1662/1662 1661/1661/1661 
f 1661/1661/1661 1662/1662/1662 1663/1663/1663 
f 1662/1662/1662 1664/1664/1664 1663/1663/1663 
f 1663/1663/1663 1664/1664/1664 1665/1665/1665 
f 1664/1664/1664 1666/1666/1666 1665/1665/1665 
f 1665/1665/1665 1666/1666/1666 1667/1667/1667 
f 1666/1666/1666 1668/1668/1668 1667/1667/1667 
f 1667/1667/1667 1668/1668/1668 1669/1669/1669 
f 1668/1668/1668 1670/1670/1670 1669/1669/1669 
f 1669/1669/1669 1670/1670/1670 1671/1671/1671 
f 1670/1670/1670 1672/1672/1672 1671/1671/1671 
f 1671/1671/1671 1672/1672/1672 1673/1673/1673 
f 1672/1672/1672 1674/1674/1674 1673/1673/1673 
f 1673/1673/1673 1674/1674/1674 1674/1674/1674 
f 1674/1674/1674 1675/1675/1675 1674/1674/1674 
f 1674/1674/1674 1675/1675/1675 1675/1675/1675 
f 1675/1675/1675 1676/1676/1676 1675/1675/1675 
f 1675/1675/1675 1676/1676/1676 1677/1677/1677 
f 1676/1676/1676 1678/1678/1678 1677/1677/1677 
f 1677/1677/1677 1678/1678/1678 1679/1679/1679 
f 1678/1678/1678 1680/1680/1680 1679/1679/1679 
f 1679/1679/1679 1680/1680/1680 1681/1681/1681 
f 1680/1680/1680 1682/1682/1682 1681/1681/1681 
f 1681/1681/1681 1682/1682/1682 1683/1683/1683 
f 1682/1682/1682 1684/1684/1684 1683/1683/1683 
f 1683/1683/1683 1684/1684/1684 1685/1685/1685 
f 1684/1684/1684 1686/1686/1686 1685/1685/1685 
f 1685/1685/1685 1686/1686/1686 1687/1687/1687 
f 1686/1686/1686 1688/1688/1688 1687/1687/1687 
f 1687/1687/1687 1688/1688/1688 1689/1689/1689 
f 1688/1688/1688 1690/1690/1690 1689/1689/1689 
f 1689/1689/1689 1690/1690/1690 1691/1691/1691 
f 1690/1690/1690 1692/1692/1692 1691/1691/1691 
f 1691/1691/1691 1692/1692/1692 1693/1693/1693 
f 1692/1692/1692 1694/1694/1694 1693/1693/1693 
f 1693/1693/1693 1694/1694/1694 1695/1695/1695 
f 1694/1694/1694 1696/1696/1696 1695/1695/1695 
f 1695/1695/1695 1696/1696/1696 1697/1697/1697 
f 1696/1696/1696 1698/1698/1698 1697/1697/1697 
f 1697/1697/1697 1698/1698/1698 1699/1699/1699 
f 1698/1698/1698 1700/1700/1700 1699/1699/1699 
f 1699/1699/1699 1700/1700/1700 1701/1701/1701 
f 1700/1700/1700 1702/1702/1702 1701/1701/1701 
f 1701/1701/1701 1702/1702/1702 1703/1703/1703 
f 1702/1702/1702 1704/1704/1704 1703/1703/1703 
f 1703/1703/1703 1704/1704/1704 1705/1705/1705 
f 1704/1704/1704 1706/1706/1706 1705/1705/1705 
f 1705/1705/1705 1706/1706/1706 1707/1707/1707 
f 1706/1706/1706 1708/1708/1708 1707/1707/1707 
f 1707/1707/1707 1708/1708/1708 1709/1709/1709 
f 1708/1708/1708 1710/1710/1710 1709/1709/1709 
f 1709/1709/1709 1710/1710/1710 1711/1711/1711 
f 1710/1710/1710 1712/1712/1712 1711/1711/1711 
f 1711/1711/1711 1712/1712/1712 1713/1713/1713 
f 1712/1712/1712 1714/1714/1714 1713/1713/1713 
f 1713/1713/1713 1714/1714/1714 1715/1715/1715 
f 1714/1714/1714 1716/1716/1716 1715/1715/1715 
f 1715/1715/1715 1716/1716/1716 1716/1716/1716 
f 1716/1716/1716 1717/1717/1717 1716/1716/1716 
f 1716/1716/1716 1717/1717/1717 1717/1717/1717 
f 1717/1717/1717 1718/1718/1718 1717/1717/1717 
f 1717/1717/1717 1718/1718/1718 1719/1719/1719 
f 1718/1718/1718 1720/1720/1720 1719/1719/1719 
f 1719/1719/1719 1720/1720/1720 1721/1721/1721 
f 1720/1720/1720 1722/1722/1722 1721/1721/1721 
f 1721/1721/1721 1722/1722/1722 1723/1723/1723 
f 1722/1722/1722 1724/1724/1724 1723/1723/1723 
f 1723/1723/1723 1724/1724/1724 1725/1725/1725 
f 1724/1724/1724 1726/1726/1726 1725/1725/1725 
f 1725/1725/1725 1726/1726/1726 1727/1727/1727 
f 1726/1726/1726 1728/1728/1728 1727/1727/1727 
f 1727/1727/1727 1728/1728/1728 1729/1729/1729 
f 1728/1728/1728 1730/1730/1730 1729/1729/1729 
f 1729/1729/1729 1730/1730/1730 1731/1731/1731 
f 1730/1730/1730 1732/1732/1732 1731/1731/1731 
f 1731/1731/1731 1732/1732/1732 1733/1733/1733 
f 1732/1732/1732 1734/1734/1734 1733/1733/1733 
f 1733/1733/1733 1734/1734/1734 1735/1735/1735 
f 1734/1734/1734 1736/1736/1736 1735/1735/1735 
f 1735/1735/1735 1736/1736/1736 1737/1737/1737 
f 1736/1736/1736 1738/1738/1738 1737/1737/1737 
f 1737/1737/1737 1738/1738/1738 1739/1739/1739 
f 1738/1738/1738 1740/1740/1740 1739/1739/1739 
f 1739/1739/1739 1740/1740/1740 1741/1741/1741 
f 1740/1740/1740 1742/1742/1742 1741/1741/1741 
f 1741/1741/1741 1742/1742/1742 1743/1743/1743 
f 1742/1742/1742 1744/1744/1744 1743/1743/1743 
f 1743/1743/1743 1744/1744/1744 1745/1745/1745 
f 1744/1744/1744 1746/1746/1746 1745/1745/1745 
f 1745/1745/1745 1746/1746/1746 1747/1747/1747 
f 1746/1746/1746 1748/1748/1748 1747/1747/1747 
f 1747/1747/1747 1748/1748/1748 1749/1749/1749 
f 1748/1748/1748 1750/1750/1750 1749/1749/1749 
f 1749/1749/1749 1750/1750/1750 1751/1751/1751 
f 1750/1750/1750 1752/1752/1752 1751/1751/1751 
f 1751/1751/1751 1752/1752/1752 1753/1753/1753 
f 1752/1752/1752 1754/1754/1754 1753/1753/1753 
f 1753/1753/1753 1754/1754/1754 1755/1755/1755 
f 1754/1754/1754 1756/1756/1756 1755/1755/1755 
f 1755/1755/1755 1756/1756/1756 1757/1757/1757 
f 1756/1756/1756 1758/1758/1758 1757/1757/1757 
f 1757/1757/1757 1758/1758/1758 1758/1758/1758 
f 1758/1758/1758 1759/1759/1759 1758/1758/1758 
f 1758/1758/1758 1759/1759/1759 1759/1759/1759 
f 1759/1759/1759 1760/1760/1760 1759/1759/1759 
f 1759/1759/1759 1760/1760/1760 1761/1761/1761 
f 1760/1760/1760 1762/1762/1762 1761/1761/1761 
f 1761/1761/1761 1762/1762/1762 1763/1763/1763 
f 1762/1762/1762 1764/1764/1764 1763/1763/1763 
f 1763/1763/1763 1764/1764/1764 1765/1765/1765 
f 1764/1764/1764 1766/1766/1766 1765/1765/1765 
f 1765/1765/1765 1766/1766/1766 1767/1767/1767 
f 1766/1766/1766 1768/1768/1768 1767/1767/1767 
f 1767/1767/1767 1768/1768/1768 1769/1769/1769 
f 1768/1768/1768 1770/1770/1770 1769/1769/1769 
f 1769/1769/1769 1770/1770/1770 1771/1771/1771 
f 1770/1770/1770 1772/1772/1772 1771/1771/1771 
f 1771/1771/1771 1772/1772/1772 1773/1773/1773 
f 1772/1772/1772 1774/1774/1774 1773/1773/1773 
f 1773/1773/1773 1774/1774/1774 1775/1775/1775 
f 1774/1774/1774 1776/1776/1776 1775/1775/1775 
f 1775/1775/1775 1776/1776/1776 1777/1777/1777 
f 1776/1776/1776 1778/1778/1778 1777/1777/1777 
f 1777/1777/1777 1778/1778/1778 1779/1779/1779 
f 1778/1778/1778 1780/1780/1780 1779/1779/1779 
f 1779/1779/1779 1780/1780/1780 1781/1781/1781 
f 1780/1780/1780 1782/1782/1782 1781/1781/1781 
f 1781/1781/1781 1782/1782/1782 1783/1783/1783 
f 1782/1782/1782 1784/1784/1784 1783/1783/1783 
f 1783/1783/1783 1784/1784/1784 1785/1785/1785 
f 1784/1784/1784 1786/1786/1786 1785/1785/1785 
f 1785/1785/1785 1786/1786/1786 1787/1787/1787 
f 1786/1786/1786 1788/1788/1788 1787/1787/1787 
f 1787/1787/1787 1788/1788/1788 1789/1789/1789 
f 1788/1788/1788 1790/1790/1790 1789/1789/1789 
f 1789/1789/1789 1790/1790/1790 1791/1791/1791 
f 1790/1790/1790 1792/1792/1792 1791/1791/1791 
f 1791/1791/1791 1792/1792/1792 1793/1793/1793 
f 1792/1792/1792 1794/1794/1794 1793/1793/1793 
f 1793/1793/1793 1794/1794/1794 1795/1795/1795 
f 1794/1794/1794 1796/1796/1796 1795/1795/1795 
f 1795/1795/1795 1796/1796/1796 1797/1797/1797 
f 1796/1796/1796 1798/1798/1798 1797/1797/1797 
f 1797/1797/1797 1798/1798/1798 1799/1799/1799 
f 1798/1798/1798 1800/1800/1800 1799/1799/1799 
f 1799/1799/1799 1800/1800/1800 1800/1800/1800 
f 1800/1800/1800 1801/1801/1801 1800/1800/1800 
f 1800/1800/1800 1801/1801/1801 1801/1801/1801 
f 1801/1801/1801 1802/1802/1802 1801/1801/1801 
f 1801/1801/1801 1802/1802/1802 1803/1803/1803 
f 1802/1802/1802 1804/1804/1804 1803/1803/1803 
f 1803/1803/1803 1804/1804/1804 1804/1804/1804 
f 1804/1804/1804 1802/1802/1802 1804/1804/1804 
f 1804/1804/1804 1802/1802/1802 1802/1802/1802 
f 1802/1802/1802 1805/1805/1805 1802/1802/1802 
f 1802/1802/1802 1805/1805/1805 1804/1804/1804 
f 1805/1805/1805 1806/1806/1806 1804/1804/1804 
f 1804/1804/1804 1806/1806/1806 1806/1806/1806 
f 1806/1806/1806 1805/1805/1805 1806/1806/1806 
f 1806/1806/1806 1805/1805/1805 1805/1805/1805 
f 1805/1805/1805 1807/1807/1807 1805/1805/1805 
f 1805/1805/1805 1807/1807/1807 1806/1806/1806 
f 1807/1807/1807 1808/1808/1808 1806/1806/1806 
f 1806/1806/1806 1808/1808/1808 1808/1808/1808 
f 1808/1808/1808 1807/1807/1807 1808/1808/1808 
f 1808/1808/1808 1807/1807/1807 1807/1807/1807 
f 1807/1807/1807 1809/1809/1809 1807/1807/1807 
f 1807/1807/1807 1809/1809/1809 1808/1808/1808 
f 1809/1809/1809 1810/1810/1810 1808/1808/1808 
f 1808/1808/1808 1810/1810/1810 1810/1810/1810 
f 1810/1810/1810 1809/1809/1809 1810/1810/1810 
f 1810/1810/1810 1809/1809/1809 1809/1809/1809 
f 1809/1809/1809 1811/1811/1811 1809/1809/1809 
f 1809/1809/1809 1811/1811/1811 1810/1810/1810 
f 1811/1811/1811 1812/1812/1812 1810/1810/1810 
f 1810/1810/1810 1812/1812/1812 1812/1812/1812 
f 1812/1812/1812 1811/1811/1811 1812/1812/1812 
f 1812/1812/1812 1811/1811/1811 1811/1811/1811 
f 1811/1811/1811 1813/1813/1813 1811/1811/1811 
f 1811/1811/1811 1813/1813/1813 1812/1812/1812 
f 1813/1813/1813 1814/1814/1814 1812/1812/1812 
f 1812/1812/1812 1814/1814/1814 1814/1814/1814 
f 1814/1814/1814 1813/1813/1813 1814/1814/1814 
f 1814/1814/1814 1813/1813/1813 1813/1813/1813 
f 1813/1813/1813 1815/1815/1815 1813/1813/1813 
f 1813/1813/1813 1815/1815/1815 1814/1814/1814 
f 1815/1815/1815 1816/1816/1816 1814/1814/1814 
f 1814/1814/1814 1816/1816/1816 1816/1816/1816 
f 1816/1816/1816 1815/1815/1815 1816/1816/1816 
f 1816/1816/1816 1815/1815/1815 1815/1815/1815 
f 1815/1815/1815 1817/1817/1817 1815/1815/1815 
f 1815/1815/1815 1817/1817/1817 1816/1816/1816 
f 1817/1817/1817 1818/1818/1818 1816/1816/1816 
f 1816/1816/1816 1818/1818/1818 1818/1818/1818 
f 1818/1818/1818 1817/1817/1817 1818/1818/1818 
f 1818/1818/1818 1817/1817/1817 1817/1817/1817 
f 1817/1817/1817 1819/1819/1819 1817/1817/1817 
f 1817/1817/1817 1819/1819/1819 1818/1818/1818 
f 1819/1819/1819 1820/1820/1820 1818/1818/1818 
f 1818/1818/1818 1820/1820/1820 1820/1820/1820 
f 1820/1820/1820 1819/1819/1819 1820/1820/1820 
f 1820/1820/1820 1819/1819/1819 1819/1819/1819 
f 1819/1819/1819 1821/1821/1821 1819/1819/1819 
f 1819/1819/1819 1821/1821/1821 1820/1820/1820 
f 1821/1821/1821 1822/1822/1822 1820/1820/1820 
f 1820/1820/1820 1822/1822/1822 1822/1822/1822 
f 1822/1822/1822 1823/1823/1823 1822/1822/1822 
f 1822/1822/1822 1823/1823/1823 1823/1823/1823 
f 1823/1823/1823 1824/1824/1824 1823/1823/1823 
f 1823/1823/1823 1824/1824/1824 1825/1825/1825 
f 1824/1824/1824 1826/1826/1826 1825/1825/1825 
f 1825/1825/1825 1826/1826/1826 1826/1826/1826 
f 1826/1826/1826 1824/1824/1824 1826/1826/1826 
f 1826/1826/1826 1824/1824/1824 1824/1824/1824 
f 1824/1824/1824 1827/1827/1827 1824/1824/1824 
f 1824/1824/1824 1827/1827/1827 1826/1826/1826 
f 1827/1827/1827 1828/1828/1828 1826/1826/1826 
f 1826/1826/1826 1828/1828/1828 1828/1828/1828 
f 1828/1828/1828 1827/1827/1827 1828/1828/1828 
f 1828/1828/1828 1827/1827/1827 1827/1827/1827 
f 1827/1827/1827 1829/1829/1829 1827/1827/1827 
f 1827/1827/1827 1829/1829/1829 1828/1828/1828 
f 1829/1829/1829 1830/1830/1830 1828/1828/1828 
f 1828/1828/1828 1830/1830/1830 1830/1830/1830 
f 1830/1830/1830 1829/1829/1829 1830/1830/1830 
f 1830/1830/1830 1829/1829/1829 1829/1829/1829 
f 1829/1829/1829 1831/1831/1831 1829/1829/1829 
f 1829/1829/1829 1831/1831/1831 1830/1830/1830 
f 1831/1831/1831 1832/1832/1832 1830/1830/1830 
f 1830/1830/1830 1832/1832/1832 1832/1832/1832 
f 1832/1832/1832 1831/1831/1831 1832/1832/1832 
f 1832/1832/1832 1831/1831/1831 1831/1831/1831 
f 1831/1831/1831 1833/1833/1833 1831/1831/1831 
f 1831/1831/1831 1833/1833/1833 1832/1832/1832 
f 1833/1833/1833 1834/1834/1834 1832/1832/1832 
f 1832/1832/1832 1834/1834/1834 1834/1834/1834 
f 1834/1834/1834 1833/1833/1833 1834/1834/1834 
f 1834/1834/1834 1833/1833/1833 1833/1833/1833 
f 1833/1833/1833 1835/1835/1835 1833/1833/1833 
f 1833/1833/1833 1835/1835/1835 1834/1834/1834 
f 1835/1835/1835 1836/1836/1836 1834/1834/1834 
f 1834/1834/1834 1836/1836/1836 1836/1836/1836 
f 1836/1836/1836 1835/1835/1835 1836/1836/1836 
f 1836/1836/1836 1835/1835/1835 1835/1835/1835 
f 1835/1835/1835 1837/1837/1837 1835/1835/1835 
f 1835/1835/1835 1837/1837/1837 1836/1836/1836 
f 1837/1837/1837 1838/1838/1838 1836/1836/1836 
f 1836/1836/1836 1838/1838/1838 1838/1838/1838 
f 1838/1838/1838 1837/1837/1837 1838/1838/1838 
f 1838/1838/1838 1837/1837/1837 1837/1837/1837 
f 1837/1837/1837 1839/1839/1839 1837/1837/1837 
f 1837/1837/1837 1839/1839/1839 1838/1838/1838 
f 1839/1839/1839 1840/1840/1840 1838/1838/1838 
f 1838/1838/1838 1840/1840/1840 1840/1840/1840 
f 1840/1840/1840 1839/1839/1839 1840/1840/1840 
f 1840/1840/1840 1839/1839/1839 1839/1839/1839 
f 1839/1839/1839 1841/1841/1841 1839/1839/1839 
f 1839/1839/1839 1841/1841/1841 1840/1840/1840 
f 1841/1841/1841 1842/1842/1842 1840/1840/1840 
f 1840/1840/1840 1842/1842/1842 1842/1842/1842 
f 1842/1842/1842 1841/1841/1841 1842/1842/1842 
f 1842/1842/1842 1841/1841/1841 1841/1841/1841 
f 1841/1841/1841 1843/1843/1843 1841/1841/1841 
f 1841/1841/1841 1843/1843/1843 1842/1842/1842 
f 1843/1843/1843 1844/1844/1844 1842/1842/1842 
f 1842/1842/1842 1844/1844/1844 1844/1844/1844 
f 1844/1844/1844 1845/1845/1845 1844/1844/1844 
f 1844/1844/1844 1845/1845/1845 1845/1845/1845 
f 1845/1845/1845 1846/1846/1846 1845/1845/1845 
f 1845/1845/1845 1846/1846/1846 1847/1847/1847 
f 1846/1846/1846 1848/1848/1848 1847/1847/1847 
f 1847/1847/1847 1848/1848/1848 1849/1849/1849 
f 1848/1848/1848 1850/1850/1850 1849/1849/1849 
f 1849/1849/1849 1850/1850/1850 1851/1851/1851 
f 1850/1850/1850 1852/1852/1852 1851/1851/1851 
f 1851/1851/1851 1852/1852/1852 1853/1853/1853 
f 1852/1852/1852 1854/1854/1854 1853/1853/1853 
f 1853/1853/1853 1854/1854/1854 1855/1855/1855 
f 1854/1854/1854 1856/1856/1856 1855/1855/1855 
f 1855/1855/1855 1856/1856/1856 1857/1857/1857 
f 1856/1856/1856 1858/1858/1858 1857/1857/1857 
f 1857/1857/1857 1858/1858/1858 1859/1859/1859 
f 1858/1858/1858 1860/1860/1860 1859/1859/1859 
f 1859/1859/1859 1860/1860/1860 1861/1861/1861 
f 1860/1860/1860 1862/1862/1862 1861/1861/1861 
f 1861/1861/1861 1862/1862/1862 1863/1863/1863 
f 1862/1862/1862 1864/1864/1864 1863/1863/1863 
f 1863/1863/1863 1864/1864/1864 1865/1865/1865 
f 1864/1864/1864 1866/1866/1866 1865/1865/1865 
f 1865/1865/1865 1866/1866/1866 1867/1867/1867 
f 1866/1866/1866 1868/1868/1868 1867/1867/1867 
f 1867/1867/1867 1868/1868/1868 1869/1869/1869 
f 1868/1868/1868 1870/1870/1870 1869/1869/1869 
f 1869/1869/1869 1870/1870/1870 1871/1871/1871 
f 1870/1870/1870 1872/1872/1872 1871/1871/1871 
f 1871/1871/1871 1872/1872/1872 1873/1873/1873 
f 1872/1872/1872 1874/1874/1874 1873/1873/1873 
f 1873/1873/1873 1874/1874/1874 1875/1875/1875 
f 1874/1874/1874 1876/1876/1876 1875/1875/1875 
f 1875/1875/1875 1876/1876/1876 1877/1877/1877 
f 1876/1876/1876 1878/1878/1878 1877/1877/1877 
f 1877/1877/1877 1878/1878/1878 1879/1879/1879 
f 1878/1878/1878 1880/1880/1880 1879/1879/1879 
f 1879/1879/1879 1880/1880/1880 1881/1881/1881 
f 1880/1880/1880 1882/1882/1882 1881/1881/1881 
f 1881/1881/1881 1882/1882/1882 1883/1883/1883 
f 1882/1882/1882 1884/1884/1884 1883/1883/1883 
f 1883/1883/1883 1884/1884/1884 1885/1885/1885 
f 1884/1884/1884 1886/1886/1886 1885/1885/1885 
f 1885/1885/1885 1886/1886/1886 1886/1886/1886 
f 1886/1886/1886 1846/1846/1846 1886/1886/1886 
f 1886/1886/1886 1846/1846/1846 1846/1846/1846 
f 1846/1846/1846 1887/1887/1887 1846/1846/1846 
f 1846/1846/1846 1887/1887/1887 1848/1848/1848 
f 1887/1887/1887 1888/1888/1888 1848/1848/1848 
f 1848/1848/1848 1888/1888/1888 1850/1850/1850 
f 1888/1888/1888 1889/1889/1889 1850/1850/1850 
f 1850/1850/1850 1889/1889/1889 1852/1852/1852 
f 1889/1889/1889 1890/1890/1890 1852/1852/1852 
f 1852/1852/1852 1890/1890/1890 1854/1854/1854 
f 1890/1890/1890 1891/1891/1891 1854/1854/1854 
f 1854/1854/1854 1891/1891/1891 1856/1856/1856 
f 1891/1891/1891 1892/1892/1892 1856/1856/1856 
f 1856/1856/1856 1892/1892/1892 1858/1858/1858 
f 1892/1892/1892 1893/1893/1893 1858/1858/1858 
f 1858/1858/1858 1893/1893/1893 1860/1860/1860 
f 1893/1893/1893 1894/1894/1894 1860/1860/1860 
f 1860/1860/1860 1894/1894/1894 1862/1862/1862 
f 1894/1894/1894 1895/1895/1895 1862/1862/1862 
f 1862/1862/1862 1895/1895/1895 1864/1864/1864 
f 1895/1895/1895 1896/1896/1896 1864/1864/1864 
f 1864/1864/1864 1896/1896/1896 1866/1866/1866 
f 1896/1896/1896 1897/1897/1897 1866/1866/1866 
f 1866/1866/1866 1897/1897/1897 1868/1868/1868 
f 1897/1897/1897 1898/1898/1898 1868/1868/1868 
f 1868/1868/1868 1898/1898/1898 1870/1870/1870 
f 1898/1898/1898 1899/1899/1899 1870/1870/1870 
f 1870/1870/1870 1899/1899/1899 1872/1872/1872 
f 1899/1899/1899 1900/1900/1900 1872/1872/1872 
f 1872/1872/1872 1900/1900/1900 1874/1874/1874 
f 1900/1900/1900 1901/1901/1901 1874/1874/1874 
f 1874/1874/1874 1901/1901/1901 1876/1876/1876 
f 1901/1901/1901 1902/1902/1902 1876/1876/1876 
f 1876/1876/1876 1902/1902/1902 1878/1878/1878 
f 1902/1902/1902 1903/1903/1903 1878/1878/1878 
f 1878/1878/1878 1903/1903/1903 1880/1880/1880 
f 1903/1903/1903 1904/1904/1904 1880/1880/1880 
f 1880/1880/1880 1904/1904/1904 1882/1882/1882 
f 1904/1904/1904 1905/1905/1905 1882/1882/1882 
f 1882/1882/1882 1905/1905/1905 1884/1884/1884 
f 1905/1905/1905 1906/1906/1906 1884/1884/1884 
f 1884/1884/1884 1906/1906/1906 1886/1886/1886 
f 1906/1906/1906 1886/1886/1886 1886/1886/1886 
f 1886/1886/1886 1886/1886/1886 1887/1887/1887 
f 1886/1886/1886 1887/1887/1887 1887/1887/1887 
f 1887/1887/1887 1887/1887/1887 1887/1887/1887 
f 1887/1887/1887 1907/1907/1907 1887/1887/1887 
f 1887/1887/1887 1907/1907/1907 1888/1888/1888 
f 1907/1907/1907 1908/1908/1908 1888/1888/1888 
f 1888/1888/1888 1908/1908/1908 1889/1889/1889 
f 1908/1908/1908 1909/1909/1909 1889/1889/1889 
f 1889/1889/1889 1909/1909/1909 1890/1890/1890 
f 1909/1909/1909 1910/1910/1910 1890/1890/1890 
f 1890/1890/1890 1910/1910/1910 1891/1891/1891 
f 1910/1910/1910 1911/1911/1911 1891/1891/1891 
f 1891/1891/1891 1911/1911/1911 1892/1892/1892 
f 1911/1911/1911 1912/1912/1912 1892/1892/1892 
f 1892/1892/1892 1912/1912/1912 1893/1893/1893 
f 1912/1912/1912 1913/1913/1913 1893/1893/1893 
f 1893/1893/1893 1913/1913/1913 1894/1894/1894 
f 1913/1913/1913 1914/1914/1914 1894/1894/1894 
f 1894/1894/1894 1914/1914/1914 1895/1895/1895 
f 1914/1914/1914 1915/1915/1915 1895/1895/1895 
f 1895/1895/1895 1915/1915/1915 1896/1896/1896 
f 1915/1915/1915 1916/1916/1916 1896/1896/1896 
f 1896/1896/1896 1916/1916/1916 1897/1897/1897 
f 1916/1916/1916 1917/1917/1917 1897/1897/1897 
f 1897/1897/1897 1917/1917/1917 1898/1898/1898 
f 1917/1917/1917 1918/1918/1918 1898/1898/1898 
f 1898/1898/1898 1918/1918/1918 1899/1899/1899 
f 1918/1918/1918 1919/1919/1919 1899/1899/1899 
f 1899/1899/1899 1919/1919/1919 1900/1900/1900 
f 1919/1919/1919 1920/1920/1920 1900/1900/1900 
f 1900/1900/1900 1920/1920/1920 1901/1901/1901 
f 1920/1920/1920 1921/1921/1921 1901/1901/1901 
f 1901/1901/1901 1921/1921/1921 1902/1902/1902 
f 1921/1921/1921 1922/1922/1922 1902/1902/1902 
f 1902/1902/1902 1922/1922/1922 1903/1903/1903 
f 1922/1922/1922 1923/1923/1923 1903/1903/1903 
f 1903/1903/1903 1923/1923/1923 1904/1904/1904 
f 1923/1923/1923 1924/1924/1924 1904/1904/1904 
f 1904/1904/1904 1924/1924/1924 1905/1905/1905 
f 1924/1924/1924 1925/1925/1925 1905/1905/1905 
f 1905/1905/1905 1925/1925/1925 1906/1906/1906 
f 1925/1925/1925 1926/1926/1926 1906/1906/1906 
f 1906/1906/1906 1926/1926/1926 1926/1926/1926 
f 1926/1926/1926 1907/1907/1907 1926/1926/1926 
f 1926/1926/1926 1907/1907/1907 1907/1907/1907 
f 1907/1907/1907 1887/1887/1887 1907/1907/1907 
f 1907/1907/1907 1887/1887/1887 1927/1927/1927 
f 1887/1887/1887 1928/1928/1928 1927/1927/1927 
f 1927/1927/1927 1928/1928/1928 1928/1928/1928 
f 1928/1928/1928 1929/1929/1929 1928/1928/1928 
f 1928/1928/1928 1929/1929/1929 1929/1929/1929 
f 1929/1929/1929 1930/1930/1930 1929/1929/1929 
f 1929/1929/1929 1930/1930/1930 1931/1931/1931 
f 1930/1930/1930 1932/1932/1932 1931/1931/1931 
f 1931/1931/1931 1932/1932/1932 1933/1933/1933 
f 1932/1932/1932 1934/1934/1934 1933/1933/1933 
f 1933/1933/1933 1934/1934/1934 1935/1935/1935 
f 1934/1934/1934 1936/1936/1936 1935/1935/1935 
f 1935/1935/1935 1936/1936/1936 1937/1937/1937 
f 1936/1936/1936 1938/1938/1938 1937/1937/1937 
f 1937/1937/1937 1938/1938/1938 1939/1939/1939 
f 1938/1938/1938 1940/1940/1940 1939/1939/1939 
f 1939/1939/1939 1940/1940/1940 1941/1941/1941 
f 1940/1940/1940 1942/1942/1942 1941/1941/1941 
f 1941/1941/1941 1942/1942/1942 1943/1943/1943 
f 1942/1942/1942 1944/1944/1944 1943/1943/1943 
f 1943/1943/1943 1944/1944/1944 1945/1945/1945 
f 1944/1944/1944 1946/1946/1946 1945/1945/1945 
f 1945/1945/1945 1946/1946/1946 1947/1947/1947 
f 1946/1946/1946 1948/1948/1948 1947/1947/1947 
f 1947/1947/1947 1948/1948/1948 1949/1949/1949 
f 1948/1948/1948 1950/1950/1950 1949/1949/1949 
f 1949/1949/1949 1950/1950/1950 1950/1950/1950 
f 1950/1950/1950 1951/1951/1951 1950/1950/1950 
f 1950/1950/1950 1951/1951/1951 1951/1951/1951 
f 1951/1951/1951 1952/1952/1952 1951/1951/1951 
f 1951/1951/1951 1952/1952/1952 1953/1953/1953 
f 1952/1952/1952 1954/1954/1954 1953/1953/1953 
f 1953/1953/1953 1954/1954/1954 1954/1954/1954 
f 1954/1954/1954 1952/1952/1952 1954/1954/1954 
f 1954/1954/1954 1952/1952/1952 1952/1952/1952 
f 1952/1952/1952 1955/1955/1955 1952/1952/1952 
f 1952/1952/1952 1955/1955/1955 1954/1954/1954 
f 1955/1955/1955 1956/1956/1956 1954/1954/1954 
f 1954/1954/1954 1956/1956/1956 1956/1956/1956 
f 1956/1956/1956 1955/1955/1955 1956/1956/1956 
f 1956/1956/1956 1955/1955/1955 1955/1955/1955 
f 1955/1955/1955 1957/1957/1957 1955/1955/1955 
f 1955/1955/1955 1957/1957/1957 1956/1956/1956 
f 1957/1957/1957 1958/1958/1958 1956/1956/1956 
f 1956/1956/1956 1958/1958/1958 1958/1958/1958 
f 1958/1958/1958 1957/1957/1957 1958/1958/1958 
f 1958/1958/1958 1957/1957/1957 1957/1957/1957 
f 1957/1957/1957 1959/1959/1959 1957/1957/1957 
f 1957/1957/1957 1959/1959/1959 1958/1958/1958 
f 1959/1959/1959 1960/1960/1960 1958/1958/1958 
f 1958/1958/1958 1960/1960/1960 1960/1960/1960 
f 1960/1960/1960 1959/1959/1959 1960/1960/1960 
f 1960/1960/1960 1959/1959/1959 1959/1959/1959 
f 1959/1959/1959 1961/1961/1961 1959/1959/1959 
f 1959/1959/1959 1961/1961/1961 1960/1960/1960 
f 1961/1961/1961 1962/1962/1962 1960/1960/1960 
f 1960/1960/1960 1962/1962/1962 1962/1962/1962 
f 1962/1962/1962 1961/1961/1961 1962/1962/1962 
f 1962/1962/1962 1961/1961/1961 1961/1961/1961 
f 1961/1961/1961 1963/1963/1963 1961/1961/1961 
f 1961/1961/1961 1963/1963/1963 1962/1962/1962 
f 1963/1963/1963 1964/1964/1964 1962/1962/1962 
f 1962/1962/1962 1964/1964/1964 1964/1964/1964 
f 1964/1964/1964 1963/1963/1963 1964/1964/1964 
f 1964/1964/1964 1963/1963/1963 1963/1963/1963 
f 1963/1963/1963 1965/1965/1965 1963/1963/1963 
f 1963/1963/1963 1965/1965/1965 1964/1964/1964 
f 1965/1965/1965 1966/1966/1966 1964/1964/1964 
f 1964/1964/1964 1966/1966/1966 1966/1966/1966 
f 1966/1966/1966 1965/1965/1965 1966/1966/1966 
f 1966/1966/1966 1965/1965/1965 1965/1965/1965 
f 1965/1965/1965 1967/1967/1967 1965/1965/1965 
f 1965/1965/1965 1967/1967/1967 1966/1966/1966 
f 1967/1967/1967 1968/1968/1968 1966/1966/1966 
f 1966/1966/1966 1968/1968/1968 1968/1968/1968 
f 1968/1968/1968 1967/1967/1967 1968/1968/1968 
f 1968/1968/1968 1967/1967/1967 1967/1967/1967 
f 1967/1967/1967 1969/1969/1969 1967/1967/1967 
f 1967/1967/1967 1969/1969/1969 1968/1968/1968 
f 1969/1969/1969 1970/1970/1970 1968/1968/1968 
f 1968/1968/1968 1970/1970/1970 1970/1970/1970 
f 1970/1970/1970 1969/1969/1969 1970/1970/1970 
f 1970/1970/1970 1969/1969/1969 1969/1969/1969 
f 1969/1969/1969 1971/1971/1971 1969/1969/1969 
f 1969/1969/1969 1971/1971/1971 1970/1970/1970 
f 1971/1971/1971 1972/1972/1972 1970/1970/1970 
f 1970/1970/1970 1972/1972/1972 1972/1972/1972 
f 1972/1972/1972 1973/1973/1973 1972/1972/1972 
f 1972/1972/1972 1973/1973/1973 1973/1973/1973 
f 1973/1973/1973 1974/1974/1974 1973/1973/1973 
f 1973/1973/1973 1974/1974/1974 1975/1975/1975 
f 1974/1974/1974 1976/1976/1976 1975/1975/1975 
f 1975/1975/1975 1976/1976/1976 1977/1977/1977 
f 1976/1976/1976 1978/1978/1978 1977/1977/1977 
f 1977/1977/1977 1978/1978/1978 1979/1979/1979 
f 1978/1978/1978 1980/1980/1980 1979/1979/1979 
f 1979/1979/1979 1980/1980/1980 1981/1981/1981 
f 1980/1980/1980 1982/1982/1982 1981/1981/1981 
f 1981/1981/1981 1982/1982/1982 1983/1983/1983 
f 1982/1982/1982 1984/1984/1984 1983/1983/1983 
f 1983/1983/1983 1984/1984/1984 1985/1985/1985 
f 1984/1984/1984 1986/1986/1986 1985/1985/1985 
f 1985/1985/1985 1986/1986/1986 1987/1987/1987 
f 1986/1986/1986 1988/1988/1988 1987/1987/1987 
f 1987/1987/1987 1988/1988/1988 1989/1989/1989 
f 1988/1988/1988 1990/1990/1990 1989/1989/1989 
f 1989/1989/1989 1990/1990/1990 1991/1991/1991 
f 1990/1990/1990 1992/1992/1992 1991/1991/1991 
f 1991/1991/1991 1992/1992/1992 1993/1993/1993 
f 1992/1992/1992 1994/1994/1994 1993/1993/1993 
f 1993/1993/1993 1994/1994/1994 1995/1995/1995 
f 1994/1994/1994 1996/1996/1996 1995/1995/1995 
f 1995/1995/1995 1996/1996/1996 1997/1997/1997 
f 1996/1996/1996 1998/1998/1998 1997/1997/1997 
f 1997/1997/1997 1998/1998/1998 1999/1999/1999 
f 1998/1998/1998 2000/2000/2000 1999/1999/1999 
f 1999/1999/1999 2000/2000/2000 2001/2001/2001 
f 2000/2000/2000 2002/2002/2002 2001/2001/2001 
f 2001/2001/2001 2002/2002/2002 2003/2003/2003 
f 2002/2002/2002 2004/2004/2004 2003/2003/2003 
f 2003/2003/2003 2004/2004/2004 2005/2005/2005 
f 2004/2004/2004 2006/2006/2006 2005/2005/2005 
f 2005/2005/2005 2006/2006/2006 2007/2007/2007 
f 2006/2006/2006 2008/2008/2008 2007/2007/2007 
f 2007/2007/2007 2008/2008/2008 2009/2009/2009 
f 2008/2008/2008 2010/2010/2010 2009/2009/2009 
f 2009/2009/2009 2010/2010/2010 2011/2011/2011 
f 2010/2010/2010 2012/2012/2012 2011/2011/2011 
f 2011/2011/2011 2012/2012/2012 2013/2013/2013 
f 2012/2012/2012 2014/2014/2014 2013/2013/2013 
f 2013/2013/2013 2014/2014/2014 2014/2014/2014 
f 2014/2014/2014 2015/2015/2015 2014/2014/2014 
f 2014/2014/2014 2015/2015/2015 2015/2015/2015 
f 2015/2015/2015 2016/2016/2016 2015/2015/2015 
f 2015/2015/2015 2016/2016/2016 2017/2017/2017 
f 2016/2016/2016 2018/2018/2018 2017/2017/2017 
f 2017/2017/2017 2018/2018/2018 2019/2019/2019 
f 2018/2018/2018 2020/2020/2020 2019/2019/2019 
f 2019/2019/2019 2020/2020/2020 2021/2021/2021 
f 2020/2020/2020 2022/2022/2022 2021/2021/2021 
f 2021/2021/2021 2022/2022/2022 2023/2023/2023 
f 2022/2022/2022 2024/2024/2024 2023/2023/2023 
f 2023/2023/2023 2024/2024/2024 2025/2025/2025 
f 2024/2024/2024 2026/2026/2026 2025/2025/2025 
f 2025/2025/2025 2026/2026/2026 2027/2027/2027 
f 2026/2026/2026 2028/2028/2028 2027/2027/2027 
f 2027/2027/2027 2028/2028/2028 2029/2029/2029 
f 2028/2028/2028 2030/2030/2030 2029/2029/2029 
f 2029/2029/2029 2030/2030/2030 2031/2031/2031 
f 2030/2030/2030 2032/2032/2032 2031/2031/2031 
f 2031/2031/2031 2032/2032/2032 2033/2033/2033 
f 2032/2032/2032 2034/2034/2034 2033/2033/2033 
f 2033/2033/2033 2034/2034/2034 2035/2035/2035 
f 2034/2034/2034 2036/2036/2036 2035/2035/2035 
f 2035/2035/2035 2036/2036/2036 2037/2037/2037 
f 2036/2036/2036 2038/2038/2038 2037/2037/2037 
f 2037/2037/2037 2038/2038/2038 2039/2039/2039 
f 2038/2038/2038 2040/2040/2040 2039/2039/2039 
f 2039/2039/2039 2040/2040/2040 2041/2041/2041 
f 2040/2040/2040 2042/2042/2042 2041/2041/2041 
f 2041/2041/2041 2042/2042/2042 2043/2043/2043 
f 2042/2042/2042 2044/2044/2044 2043/2043/2043 
f 2043/2043/2043 2044/2044/2044 2045/2045/2045 
f 2044/2044/2044 2046/2046/2046 2045/2045/2045 
f 2045/2045/2045 2046/2046/2046 2047/2047/2047 
f 2046/2046/2046 2048/2048/2048 2047/2047/2047 
f 2047/2047/2047 2048/2048/2048 2049/2049/2049 
f 2048/2048/2048 2050/2050/2050 2049/2049/2049 
f 2049/2049/2049 2050/2050/2050 2051/2051/2051 
f 2050/2050/2050 2052/2052/2052 2051/2051/2051 
f 2051/2051/2051 2052/2052/2052 2053/2053/2053 
f 2052/2052/2052 2054/2054/2054 2053/2053/2053 
f 2053/2053/2053 2054/2054/2054 2055/2055/2055 
f 2054/2054/2054 2056/2056/2056 2055/2055/2055 
f 2055/2055/2055 2056/2056/2056 2056/2056/2056 
f 2056/2056/2056 2057/2057/2057 2056/2056/2056 
f 2056/2056/2056 2057/2057/2057 2057/2057/2057 
f 2057/2057/2057 2058/2058/2058 2057/2057/2057 
f 2057/2057/2057 2058/2058/2058 2059/2059/2059 
f 2058/2058/2058 2060/2060/2060 2059/2059/2059 
f 2059/2059/2059 2060/2060/2060 2060/2060/2060 
f 2060/2060/2060 2058/2058/2058 2060/2060/2060 
f 2060/2060/2060 2058/2058/2058 2058/2058/2058 
f 2058/2058/2058 2061/2061/2061 2058/2058/2058 
f 2058/2058/2058 2061/2061/2061 2060/2060/2060 
f 2061/2061/2061 2062/2062/2062 2060/2060/2060 
f 2060/2060/2060 2062/2062/2062 2062/2062/2062 
f 2062/2062/2062 2061/2061/2061 2062/2062/2062 
f 2062/2062/2062 2061/2061/2061 2061/2061/2061 
f 2061/2061/2061 2063/2063/2063 2061/2061/2061 
f 2061/2061/2061 2063/2063/2063 2062/2062/2062 
f 2063/2063/2063 2064/2064/2064 2062/2062/2062 
f 2062/2062/2062 2064/2064/2064 2064/2064/2064 
f 2064/2064/2064 2063/2063/2063 2064/2064/2064 
f 2064/2064/2064 2063/2063/2063 2063/2063/2063 
f 2063/2063/2063 2065/2065/2065 2063/2063/2063 
f 2063/2063/2063 2065/2065/2065 2064/2064/2064 
f 2065/2065/2065 2066/2066/2066 2064/2064/2064 
f 2064/2064/2064 2066/2066/2066 2066/2066/2066 
f 2066/2066/2066 2065/2065/2065 2066/2066/2066 
f 2066/2066/2066 2065/2065/2065 2065/2065/2065 
f 2065/2065/2065 2067/2067/2067 2065/2065/2065 
f 2065/2065/2065 2067/2067/2067 2066/2066/2066 
f 2067/2067/2067 2068/2068/2068 2066/2066/2066 
f 2066/2066/2066 2068/2068/2068 2068/2068/2068 
f 2068/2068/2068 2067/2067/2067 2068/2068/2068 
f 2068/2068/2068 2067/2067/2067 2067/2067/2067 
f 2067/2067/2067 2069/2069/2069 2067/2067/2067 
f 2067/2067/2067 2069/2069/2069 2068/2068/2068 
f 2069/2069/2069 2070/2070/2070 2068/2068/2068 
f 2068/2068/2068 2070/2070/2070 2070/2070/2070 
f 2070/2070/2070 2069/2069/2069 2070/2070/2070 
f 2070/2070/2070 2069/2069/2069 2069/2069/2069 
f 2069/2069/2069 2071/2071/2071 2069/2069/2069 
f 2069/2069/2069 2071/2071/2071 2070/2070/2070 
f 2071/2071/2071 2072/2072/2072 2070/2070/2070 
f 2070/2070/2070 2072/2072/2072 2072/2072/2072 
f 2072/2072/2072 2071/2071/2071 2072/2072/2072 
f 2072/2072/2072 2071/2071/2071 2071/2071/2071 
f 2071/2071/2071 2073/2073/2073 2071/2071/2071 
f 2071/2071/2071 2073/2073/2073 2072/2072/2072 
f 2073/2073/2073 2074/2074/2074 2072/2072/2072 
f 2072/2072/2072 2074/2074/2074 2074/2074/2074 
f 2074/2074/2074 2073/2073/2073 2074/2074/2074 
f 2074/2074/2074 2073/2073/2073 2073/2073/2073 
f 2073/2073/2073 2075/2075/2075 2073/2073/2073 
f 2073/2073/2073 2075/2075/2075 2074/2074/2074 
f 2075/2075/2075 2076/2076/2076 2074/2074/2074 
f 2074/2074/2074 2076/2076/2076 2076/2076/2076 
f 2076/2076/2076 2075/2075/2075 2076/2076/2076 
f 2076/2076/2076 2075/2075/2075 2075/2075/2075 
f 2075/2075/2075 2077/2077/2077 2075/2075/2075 
f 2075/2075/2075 2077/2077/2077 2076/2076/2076 
f 2077/2077/2077 2078/2078/2078 2076/2076/2076 
f 2076/2076/2076 2078/2078/2078 2078/2078/2078 
f 2078/2078/2078 2079/2079/2079 2078/2078/2078 
f 2078/2078/2078 2079/2079/2079 2079/2079/2079 
f 2079/2079/2079 2080/2080/2080 2079/2079/2079 
f 2079/2079/2079 2080/2080/2080 2081/2081/2081 
f 2080/2080/2080 2082/2082/2082 2081/2081/2081 
f 2081/2081/2081 2082/2082/2082 2083/2083/2083 
f 2082/2082/2082 2084/2084/2084 2083/2083/2083 
f 2083/2083/2083 2084/2084/2084 2085/2085/2085 
f 2084/2084/2084 2086/2086/2086 2085/2085/2085 
f 2085/2085/2085 2086/2086/2086 2087/2087/2087 
f 2086/2086/2086 2088/2088/2088 2087/2087/2087 
f 2087/2087/2087 2088/2088/2088 2089/2089/2089 
f 2088/2088/2088 2090/2090/2090 2089/2089/2089 
f 2089/2089/2089 2090/2090/2090 2091/2091/2091 
f 2090/2090/2090 2092/2092/2092 2091/2091/2091 
f 2091/2091/2091 2092/2092/2092 2093/2093/2093 
f 2092/2092/2092 2094/2094/2094 2093/2093/2093 
f 2093/2093/2093 2094/2094/2094 2095/2095/2095 
f 2094/2094/2094 2096/2096/2096 2095/2095/2095 
f 2095/2095/2095 2096/2096/2096 2097/2097/2097 
f 2096/2096/2096 2098/2098/2098 2097/2097/2097 
f 2097/2097/2097 2098/2098/2098 2099/2099/2099 
f 2098/2098/2098 2100/2100/2100 2099/2099/2099 
f 2099/2099/2099 2100/2100/2100 2101/2101/2101 
f 2100/2100/2100 2102/2102/2102 2101/2101/2101 
f 2101/2101/2101 2102/2102/2102 2103/2103/2103 
f 2102/2102/2102 2104/2104/2104 2103/2103/2103 
f 2103/2103/2103 2104/2104/2104 2105/2105/2105 
f 2104/2104/2104 2106/2106/2106 2105/2105/2105 
f 2105/2105/2105 2106/2106/2106 2107/2107/2107 
f 2106/2106/2106 2108/2108/2108 2107/2107/2107 
f 2107/2107/2107 2108/2108/2108 2109/2109/2109 
f 2108/2108/2108 2110/2110/2110 2109/2109/2109 
f 2109/2109/2109 2110/2110/2110 2111/2111/2111 
f 2110/2110/2110 2112/2112/2112 2111/2111/2111 
f 2111/2111/2111 2112/2112/2112 2113/2113/2113 
f 2112/2112/2112 2114/2114/2114 2113/2113/2113 
f 2113/2113/2113 2114/2114/2114 2115/2115/2115 
f 2114/2114/2114 2116/2116/2116 2115/2115/2115 
f 2115/2115/2115 2116/2116/2116 2117/2117/2117 
f 2116/2116/2116 2118/2118/2118 2117/2117/2117 
f 2117/2117/2117 2118/2118/2118 2119/2119/2119 
f 2118/2118/2118 2120/2120/2120 2119/2119/2119 
f 2119/2119/2119 2120/2120/2120 2120/2120/2120 
f 2120/2120/2120 2080/2080/2080 2120/2120/2120 
f 2120/2120/2120 2080/2080/2080 2080/2080/2080 
f 2080/2080/2080 2121/2121/2121 2080/2080/2080 
f 2080/2080/2080 2121/2121/2121 2082/2082/2082 
f 2121/2121/2121 2122/2122/2122 2082/2082/2082 
f 2082/2082/2082 2122/2122/2122 2084/2084/2084 
f 2122/2122/2122 2123/2123/2123 2084/2084/2084 
f 2084/2084/2084 2123/2123/2123 2086/2086/2086 
f 2123/2123/2123 2124/2124/2124 2086/2086/2086 
f 2086/2086/2086 2124/2124/2124 2088/2088/2088 
f 2124/2124/2124 2125/2125/2125 2088/2088/2088 
f 2088/2088/2088 2125/2125/2125 2090/2090/2090 
f 2125/2125/2125 2126/2126/2126 2090/2090/2090 
f 2090/2090/2090 2126/2126/2126 2092/2092/2092 
f 2126/2126/2126 2127/2127/2127 2092/2092/2092 
f 2092/2092/2092 2127/2127/2127 2094/2094/2094 
f 2127/2127/2127 2128/2128/2128 2094/2094/2094 
f 2094/2094/2094 2128/2128/2128 2096/2096/2096 
f 2128/2128/2128 2129/2129/2129 2096/2096/2096 
f 2096/2096/2096 2129/2129/2129 2098/2098/2098 
f 2129/2129/2129 2130/2130/2130 2098/2098/2098 
f 2098/2098/2098 2130/2130/2130 2100/2100/2100 
f 2130/2130/2130 2131/2131/2131 2100/2100/2100 
f 2100/2100/2100 2131/2131/2131 2102/2102/2102 
f 2131/2131/2131 2132/2132/2132 2102/2102/2102 
f 2102/2102/2102 2132/2132/2132 2104/2104/2104 
f 2132/2132/2132 2133/2133/2133 2104/2104/2104 
f 2104/2104/2104 2133/2133/2133 2106/2106/2106 
f 2133/2133/2133 2134/2134/2134 2106/2106/2106 
f 2106/2106/2106 2134/2134/2134 2108/2108/2108 
f 2134/2134/2134 2135/2135/2135 2108/2108/2108 
f 2108/2108/2108 2135/2135/2135 2110/2110/2110 
f 2135/2135/2135 2136/2136/2136 2110/2110/2110 
f 2110/2110/2110 2136/2136/2136 2112/2112/2112 
f 2136/2136/2136 2137/2137/2137 2112/2112/2112 
f 2112/2112/2112 2137/2137/2137 2114/2114/2114 
f 2137/2137/2137 2138/2138/2138 2114/2114/2114 
f 2114/2114/2114 2138/2138/2138 2116/2116/2116 
f 2138/2138/2138 2139/2139/2139 2116/2116/2116 
f 2116/2116/2116 2139/2139/2139 2118/2118/2118 
f 2139/2139/2139 2140/2140/2140 2118/2118/2118 
f 2118/2118/2118 2140/2140/2140 2120/2120/2120 
f 2140/2140/2140 2120/2120/2120 2120/2120/2120 
f 2120/2120/2120 2120/2120/2120 2121/2121/2121 
f 2120/2120/2120 2121/2121/2121 2121/2121/2121 
f 2121/2121/2121 2121/2121/2121 2121/2121/2121 
f 2121/2121/2121 2141/2141/2141 2121/2121/2121 
f 2121/2121/2121 2141/2141/2141 2122/2122/2122 
f 2141/2141/2141 2142/2142/2142 2122/2122/2122 
f 2122/2122/2122 2142/2142/2142 2123/2123/2123 
f 2142/2142/2142 2143/2143/2143 2123/2123/2123 
f 2123/2123/2123 2143/2143/2143 2124/2124/2124 
f 2143/2143/2143 2144/2144/2144 2124/2124/2124 
f 2124/2124/2124 2144/2144/2144 2125/2125/2125 
f 2144/2144/2144 2145/2145/2145 2125/2125/2125 
f 2125/2125/2125 2145/2145/2145 2126/2126/2126 
f 2145/2145/2145 2146/2146/2146 2126/2126/2126 
f 2126/2126/2126 2146/2146/2146 2127/2127/2127 
f 2146/2146/2146 2147/2147/2147 2127/2127/2127 
f 2127/2127/2127 2147/2147/2147 2128/2128/2128 
f 2147/2147/2147 2148/2148/2148 2128/2128/2128 
f 2128/2128/2128 2148/2148/2148 2129/2129/2129 
f 2148/2148/2148 2149/2149/2149 2129/2129/2129 
f 2129/2129/2129 2149/2149/2149 2130/2130/2130 
f 2149/2149/2149 2150/2150/2150 2130/2130/2130 
f 2130/2130/2130 2150/2150/2150 2131/2131/2131 
f 2150/2150/2150 2151/2151/2151 2131/2131/2131 
f 2131/2131/2131 2151/2151/2151 2132/2132/2132 
f 2151/2151/2151 2152/2152/2152 2132/2132/2132 
f 2132/2132/2132 2152/2152/2152 2133/2133/2133 
f 2152/2152/2152 2153/2153/2153 2133/2133/2133 
f 2133/2133/2133 2153/2153/2153 2134/2134/2134 
f 2153/2153/2153 2154/2154/2154 2134/2134/2134 
f 2134/2134/2134 2154/2154/2154 2135/2135/2135 
f 2154/2154/2154 2155/2155/2155 2135/2135/2135 
f 2135/2135/2135 2155/2155/2155 2136/2136/2136 
f 2155/2155/2155 2156/2156/2156 2136/2136/2136 
f 2136/2136/2136 2156/2156/2156 2137/2137/2137 
f 2156/2156/2156 2157/2157/2157 2137/2137/2137 
f 2137/2137/2137 2157/2157/2157 2138/2138/2138 
f 2157/2157/2157 2158/2158/2158 2138/2138/2138 
f 2138/2138/2138 2158/2158/2158 2139/2139/2139 
f 2158/2158/2158 2159/2159/2159 2139/2139/2139 
f 2139/2139/2139 2159/2159/2159 2140/2140/2140 
f 2159/2159/2159 2160/2160/2160 2140/2140/2140 
f 2140/2140/2140 2160/2160/2160 2160/2160/2160 
f 2160/2160/2160 2141/2141/2141 2160/2160/2160 
f 2160/2160/2160 2141/2141/2141 2141/2141/2141 
f 2141/2141/2141 2121/2121/2121 2141/2141/2141 
f 2141/2141/2141 2121/2121/2121 2161/2161/2161 
f 2121/2121/2121 2162/2162/2162 2161/2161/2161 
f 2161/2161/2161 2162/2162/2162 2162/2162/2162 
f 2162/2162/2162 2163/2163/2163 2162/2162/2162 
f 2162/2162/2162 2163/2163/2163 2163/2163/2163 
f 2163/2163/2163 2164/2164/2164 2163/2163/2163 
f 2163/2163/2163 2164/2164/2164 2165/2165/2165 
f 2164/2164/2164 2166/2166/2166 2165/2165/2165 
f 2165/2165/2165 2166/2166/2166 2167/2167/2167 
f 2166/2166/2166 2168/2168/2168 2167/2167/2167 
f 2167/2167/2167 2168/2168/2168 2169/2169/2169 
f 2168/2168/2168 2170/2170/2170 2169/2169/2169 
f 2169/2169/2169 2170/2170/2170 2171/2171/2171 
f 2170/2170/2170 2172/2172/2172 2171/2171/2171 
f 2171/2171/2171 2172/2172/2172 2173/2173/2173 
f 2172/2172/2172 2174/2174/2174 2173/2173/2173 
f 2173/2173/2173 2174/2174/2174 2175/2175/2175 
f 2174/2174/2174 2176/2176/2176 2175/2175/2175 
f 2175/2175/2175 2176/2176/2176 2177/2177/2177 
f 2176/2176/2176 2178/2178/2178 2177/2177/2177 
f 2177/2177/2177 2178/2178/2178 2179/2179/2179 
f 2178/2178/2178 2180/2180/2180 2179/2179/2179 
f 2179/2179/2179 2180/2180/2180 2181/2181/2181 
f 2180/2180/2180 2182/2182/2182 2181/2181/2181 
f 2181/2181/2181 2182/2182/2182 2183/2183/2183 
f 2182/2182/2182 2184/2184/2184 2183/2183/2183 
f 2183/2183/2183 2184/2184/2184 2184/2184/2184 
f 2184/2184/2184 2185/2185/2185 2184/2184/2184 
f 2184/2184/2184 2185/2185/2185 2185/2185/2185 
f 2185/2185/2185 2186/2186/2186 2185/2185/2185 
f 2185/2185/2185 2186/2186/2186 2187/2187/2187 
f 2186/2186/2186 2188/2188/2188 2187/2187/2187 
f 2187/2187/2187 2188/2188/2188 2189/2189/2189 
f 2188/2188/2188 2190/2190/2190 2189/2189/2189 
f 2189/2189/2189 2190/2190/2190 2191/2191/2191 
f 2190/2190/2190 2192/2192/2192 2191/2191/2191 
f 2191/2191/2191 2192/2192/2192 2193/2193/2193 
f 2192/2192/2192 2194/2194/2194 2193/2193/2193 
f 2193/2193/2193 2194/2194/2194 2195/2195/2195 
f 2194/2194/2194 2196/2196/2196 2195/2195/2195 
f 2195/2195/2195 2196/2196/2196 2197/2197/2197 
f 2196/2196/2196 2198/2198/2198 2197/2197/2197 
f 2197/2197/2197 2198/2198/2198 2199/2199/2199 
f 2198/2198/2198 2200/2200/2200 2199/2199/2199 
f 2199/2199/2199 2200/2200/2200 2201/2201/2201 
f 2200/2200/2200 2202/2202/2202 2201/2201/2201 
f 2201/2201/2201 2202/2202/2202 2203/2203/2203 
f 2202/2202/2202 2204/2204/2204 2203/2203/2203 
f 2203/2203/2203 2204/2204/2204 2205/2205/2205 
f 2204/2204/2204 2206/2206/2206 2205/2205/2205 
f 2205/2205/2205 2206/2206/2206 2207/2207/2207 
f 2206/2206/2206 2208/2208/2208 2207/2207/2207 
f 2207/2207/2207 2208/2208/2208 2209/2209/2209 
f 2208/2208/2208 2210/2210/2210 2209/2209/2209 
f 2209/2209/2209 2210/2210/2210 2211/2211/2211 
f 2210/2210/2210 2212/2212/2212 2211/2211/2211 
f 2211/2211/2211 2212/2212/2212 2213/2213/2213 
f 2212/2212/2212 2214/2214/2214 2213/2213/2213 
f 2213/2213/2213 2214/2214/2214 2215/2215/2215 
f 2214/2214/2214 2216/2216/2216 2215/2215/2215 
f 2215/2215/2215 2216/2216/2216 2217/2217/2217 
f 2216/2216/2216 2218/2218/2218 2217/2217/2217 
f 2217/2217/2217 2218/2218/2218 2219/2219/2219 
f 2218/2218/2218 2220/2220/2220 2219/2219/2219 
f 2219/2219/2219 2220/2220/2220 2221/2221/2221 
f 2220/2220/2220 2222/2222/2222 2221/2221/2221 
f 2221/2221/2221 2222/2222/2222 2223/2223/2223 
f 2222/2222/2222 2224/2224/2224 2223/2223/2223 
f 2223/2223/2223 2224/2224/2224 2225/2225/2225 
f 2224/2224/2224 2226/2226/2226 2225/2225/2225 
f 2225/2225/2225 2226/2226/2226 2226/2226/2226 
f 2226/2226/2226 2186/2186/2186 2226/2226/2226 
f 2226/2226/2226 2186/2186/2186 2186/2186/2186 
f 2186/2186/2186 2227/2227/2227 2186/2186/2186 
f 2186/2186/2186 2227/2227/2227 2188/2188/2188 
f 2227/2227/2227 2228/2228/2228 2188/2188/2188 
f 2188/2188/2188 2228/2228/2228 2190/2190/2190 
f 2228/2228/2228 2229/2229/2229 2190/2190/2190 
f 2190/2190/2190 2229/2229/2229 2192/2192/2192 
f 2229/2229/2229 2230/2230/2230 2192/2192/2192 
f 2192/2192/2192 2230/2230/2230 2194/2194/2194 
f 2230/2230/2230 2231/2231/2231 2194/2194/2194 
f 2194/2194/2194 2231/2231/2231 2196/2196/2196 
f 2231/2231/2231 2232/2232/2232 2196/2196/2196 
f 2196/2196/2196 2232/2232/2232 2198/2198/2198 
f 2232/2232/2232 2233/2233/2233 2198/2198/2198 
f 2198/2198/2198 2233/2233/2233 2200/2200/2200 
f 2233/2233/2233 2234/2234/2234 2200/2200/2200 
f 2200/2200/2200 2234/2234/2234 2202/2202/2202 
f 2234/2234/2234 2235/2235/2235 2202/2202/2202 
f 2202/2202/2202 2235/2235/2235 2204/2204/2204 
f 2235/2235/2235 2236/2236/2236 2204/2204/2204 
f 2204/2204/2204 2236/2236/2236 2206/2206/2206 
f 2236/2236/2236 2237/2237/2237 2206/2206/2206 
f 2206/2206/2206 2237/2237/2237 2208/2208/2208 
f 2237/2237/2237 2238/2238/2238 2208/2208/2208 
f 2208/2208/2208 2238/2238/2238 2210/2210/2210 
f 2238/2238/2238 2239/2239/2239 2210/2210/2210 
f 2210/2210/2210 2239/2239/2239 2212/2212/2212 
f 2239/2239/2239 2240/2240/2240 2212/2212/2212 
f 2212/2212/2212 2240/2240/2240 2214/2214/2214 
f 2240/2240/2240 2241/2241/2241 2214/2214/2214 
f 2214/2214/2214 2241/2241/2241 2216/2216/2216 
f 2241/2241/2241 2242/2242/2242 2216/2216/2216 
f 2216/2216/2216 2242/2242/2242 2218/2218/2218 
f 2242/2242/2242 2243/2243/2243 2218/2218/2218 
f 2218/2218/2218 2243/2243/2243 2220/2220/2220 
f 2243/2243/2243 2244/2244/2244 2220/2220/2220 
f 2220/2220/2220 2244/2244/2244 2222/2222/2222 
f 2244/2244/2244 2245/2245/2245 2222/2222/2222 
f 2222/2222/2222 2245/2245/2245 2224/2224/2224 
f 2245/2245/2245 2246/2246/2246 2224/2224/2224 
f 2224/2224/2224 2246/2246/2246 2226/2226/2226 
f 2246/2246/2246 2226/2226/2226 2226/2226/2226 
f 2226/2226/2226 2226/2226/2226 2227/2227/2227 
f 2226/2226/2226 2227/2227/2227 2227/2227/2227 
f 2227/2227/2227 2227/2227/2227 2227/2227/2227 
f 2227/2227/2227 2247/2247/2247 2227/2227/2227 
f 2227/2227/2227 2247/2247/2247 2228/2228/2228 
f 2247/2247/2247 2248/2248/2248 2228/2228/2228 
f 2228/2228/2228 2248/2248/2248 2229/2229/2229 
f 2248/2248/2248 2249/2249/2249 2229/2229/2229 
f 2229/2229/2229 2249/2249/2249 2230/2230/2230 
f 2249/2249/2249 2250/2250/2250 2230/2230/2230 
f 2230/2230/2230 2250/2250/2250 2231/2231/2231 
f 2250/2250/2250 2251/2251/2251 2231/2231/2231 
f 2231/2231/2231 2251/2251/2251 2232/2232/2232 
f 2251/2251/2251 2252/2252/2252 2232/2232/2232 
f 2232/2232/2232 2252/2252/2252 2233/2233/2233 
f 2252/2252/2252 2253/2253/2253 2233/2233/2233 
f 2233/2233/2233 2253/2253/2253 2234/2234/2234 
f 2253/2253/2253 2254/2254/2254 2234/2234/2234 
f 2234/2234/2234 2254/2254/2254 2235/2235/2235 
f 2254/2254/2254 2255/2255/2255 2235/2235/2235 
f 2235/2235/2235 2255/2255/2255 2236/2236/2236 
f 2255/2255/2255 2256/2256/2256 2236/2236/2236 
f 2236/2236/2236 2256/2256/2256 2237/2237/2237 
f 2256/2256/2256 2257/2257/2257 2237/2237/2237 
f 2237/2237/2237 2257/2257/2257 2238/2238/2238 
f 2257/2257/2257 2258/2258/2258 2238/2238/2238 
f 2238/2238/2238 2258/2258/2258 2239/2239/2239 
f 2258/2258/2258 2259/2259/2259 2239/2239/2239 
f 2239/2239/2239 2259/2259/2259 2240/2240/2240 
f 2259/2259/2259 2260/2260/2260 2240/2240/2240 
f 2240/2240/2240 2260/2260/2260 2241/2241/2241 
f 2260/2260/2260 2261/2261/2261 2241/2241/2241 
f 2241/2241/2241 2261/2261/2261 2242/2242/2242 
f 2261/2261/2261 2262/2262/2262 2242/2242/2242 
f 2242/2242/2242 2262/2262/2262 2243/2243/2243 
f 2262/2262/2262 2263/2263/2263 2243/2243/2243 
f 2243/2243/2243 2263/2263/2263 2244/2244/2244 
f 2263/2263/2263 2264/2264/2264 2244/2244/2244 
f 2244/2244/2244 2264/2264/2264 2245/2245/2245 
f 2264/2264/2264 2265/2265/2265 2245/2245/2245 
f 2245/2245/2245 2265/2265/2265 2246/2246/2246 
f 2265/2265/2265 2266/2266/2266 2246/2246/2246 
f 2246/2246/2246 2266/2266/2266 2266/2266/2266 
f 2266/2266/2266 2247/2247/2247 2266/2266/2266 
f 2266/2266/2266 2247/2247/2247 2247/2247/2247 
f 2247/2247/2247 2227/2227/2227 2247/2247/2247 
f 2247/2247/2247 2227/2227/2227 2267/2267/2267 
f 2227/2227/2227 2268/2268/2268 2267/2267/2267 
f 2267/2267/2267 2268/2268/2268 2268/2268/2268 
f 2268/2268/2268 2269/2269/2269 2268/2268/2268 
f 2268/2268/2268 2269/2269/2269 2269/2269/2269 
f 2269/2269/2269 2270/2270/2270 2269/2269/2269 
f 2269/2269/2269 2270/2270/2270 2271/2271/2271 
f 2270/2270/2270 2272/2272/2272 2271/2271/2271 
f 2271/2271/2271 2272/2272/2272 2273/2273/2273 
f 2272/2272/2272 2274/2274/2274 2273/2273/2273 
f 2273/2273/2273 2274/2274/2274 2275/2275/2275 
f 2274/2274/2274 2276/2276/2276 2275/2275/2275 
f 2275/2275/2275 2276/2276/2276 2277/2277/2277 
f 2276/2276/2276 2278/2278/2278 2277/2277/2277 
f 2277/2277/2277 2278/2278/2278 2279/2279/2279 
f 2278/2278/2278 2280/2280/2280 2279/2279/2279 
f 2279/2279/2279 2280/2280/2280 2281/2281/2281 
f 2280/2280/2280 2282/2282/2282 2281/2281/2281 
f 2281/2281/2281 2282/2282/2282 2283/2283/2283 
f 2282/2282/2282 2284/2284/2284 2283/2283/2283 
f 2283/2283/2283 2284/2284/2284 2285/2285/2285 
f 2284/2284/2284 2286/2286/2286 2285/2285/2285 
f 2285/2285/2285 2286/2286/2286 2287/2287/2287 
f 2286/2286/2286 2288/2288/2288 2287/2287/2287 
f 2287/2287/2287 2288/2288/2288 2289/2289/2289 
f 2288/2288/2288 2290/2290/2290 2289/2289/2289 
f 2289/2289/2289 2290/2290/2290 2291/2291/2291 
f 2290/2290/2290 2292/2292/2292 2291/2291/2291 
f 2291/2291/2291 2292/2292/2292 2293/2293/2293 
f 2292/2292/2292 2294/2294/2294 2293/2293/2293 
f 2293/2293/2293 2294/2294/2294 2295/2295/2295 
f 2294/2294/2294 2296/2296/2296 2295/2295/2295 
f 2295/2295/2295 2296/2296/2296 2297/2297/2297 
f 2296/2296/2296 2298/2298/2298 2297/2297/2297 
f 2297/2297/2297 2298/2298/2298 2299/2299/2299 
f 2298/2298/2298 2300/2300/2300 2299/2299/2299 
f 2299/2299/2299 2300/2300/2300 2301/2301/2301 
f 2300/2300/2300 2302/2302/2302 2301/2301/2301 
f 2301/2301/2301 2302/2302/2302 2303/2303/2303 
f 2302/2302/2302 2304/2304/2304 2303/2303/2303 
f 2303/2303/2303 2304/2304/2304 2269/2269/2269 
f 2304/2304/2304 2270/2270/2270 2269/2269/2269 
f 2269/2269/2269 2270/2270/2270 2270/2270/2270 
f 2270/2270/2270 2305/2305/2305 2270/2270/2270 
f 2270/2270/2270 2305/2305/2305 2305/2305/2305 
f 2305/2305/2305 2306/2306/2306 2305/2305/2305 
f 2305/2305/2305 2306/2306/2306 2307/2307/2307 
f 2306/2306/2306 2308/2308/2308 2307/2307/2307 
f 2307/2307/2307 2308/2308/2308 2309/2309/2309 
f 2308/2308/2308 2310/2310/2310 2309/2309/2309 
f 2309/2309/2309 2310/2310/2310 2311/2311/2311 
f 2310/2310/2310 2312/2312/2312 2311/2311/2311 
f 2311/2311/2311 2312/2312/2312 2313/2313/2313 
f 2312/2312/2312 2314/2314/2314 2313/2313/2313 
f 2313/2313/2313 2314/2314/2314 2315/2315/2315 
f 2314/2314/2314 2316/2316/2316 2315/2315/2315 
f 2315/2315/2315 2316/2316/2316 2317/2317/2317 
f 2316/2316/2316 2318/2318/2318 2317/2317/2317 
f 2317/2317/2317 2318/2318/2318 2319/2319/2319 
f 2318/2318/2318 2320/2320/2320 2319/2319/2319 
f 2319/2319/2319 2320/2320/2320 2321/2321/2321 
f 2320/2320/2320 2322/2322/2322 2321/2321/2321 
f 2321/2321/2321 2322/2322/2322 2323/2323/2323 
f 2322/2322/2322 2324/2324/2324 2323/2323/2323 
f 2323/2323/2323 2324/2324/2324 2325/2325/2325 
f 2324/2324/2324 2326/2326/2326 2325/2325/2325 
f 2325/2325/2325 2326/2326/2326 2327/2327/2327 
f 2326/2326/2326 2328/2328/2328 2327/2327/2327 
f 2327/2327/2327 2328/2328/2328 2329/2329/2329 
f 2328/2328/2328 2330/2330/2330 2329/2329/2329 
f 2329/2329/2329 2330/2330/2330 2331/2331/2331 
f 2330/2330/2330 2332/2332/2332 2331/2331/2331 
f 2331/2331/2331 2332/2332/2332 2333/2333/2333 
f 2332/2332/2332 2334/2334/2334 2333/2333/2333 
f 2333/2333/2333 2334/2334/2334 2335/2335/2335 
f 2334/2334/2334 2336/2336/2336 2335/2335/2335 
f 2335/2335/2335 2336/2336/2336 2337/2337/2337 
f 2336/2336/2336 2338/2338/2338 2337/2337/2337 
f 2337/2337/2337 2338/2338/2338 2339/2339/2339 
f 2338/2338/2338 2340/2340/2340 2339/2339/2339 
f 2339/2339/2339 2340/2340/2340 2341/2341/2341 
f 2340/2340/2340 2342/2342/2342 2341/2341/2341 
f 2341/2341/2341 2342/2342/2342 2343/2343/2343 
f 2342/2342/2342 2344/2344/2344 2343/2343/2343 
f 2343/2343/2343 2344/2344/2344 2305/2305/2305 
f 2344/2344/2344 2306/2306/2306 2305/2305/2305 
f 2305/2305/2305 2306/2306/2306 2306/2306/2306 
f 2306/2306/2306 2344/2344/2344 2306/2306/2306 
f 2306/2306/2306 2344/2344/2344 2344/2344/2344 
f 2344/2344/2344 2345/2345/2345 2344/2344/2344 
f 2344/2344/2344 2345/2345/2345 2306/2306/2306 
f 2345/2345/2345 2346/2346/2346 2306/2306/2306 
f 2306/2306/2306 2346/2346/2346 2308/2308/2308 
f 2346/2346/2346 2347/2347/2347 2308/2308/2308 
f 2308/2308/2308 2347/2347/2347 2310/2310/2310 
f 2347/2347/2347 2348/2348/2348 2310/2310/2310 
f 2310/2310/2310 2348/2348/2348 2312/2312/2312 
f 2348/2348/2348 2349/2349/2349 2312/2312/2312 
f 2312/2312/2312 2349/2349/2349 2314/2314/2314 
f 2349/2349/2349 2350/2350/2350 2314/2314/2314 
f 2314/2314/2314 2350/2350/2350 2316/2316/2316 
f 2350/2350/2350 2351/2351/2351 2316/2316/2316 
f 2316/2316/2316 2351/2351/2351 2318/2318/2318 
f 2351/2351/2351 2352/2352/2352 2318/2318/2318 
f 2318/2318/2318 2352/2352/2352 2320/2320/2320 
f 2352/2352/2352 2353/2353/2353 2320/2320/2320 
f 2320/2320/2320 2353/2353/2353 2322/2322/2322 
f 2353/2353/2353 2354/2354/2354 2322/2322/2322 
f 2322/2322/2322 2354/2354/2354 2324/2324/2324 
f 2354/2354/2354 2355/2355/2355 2324/2324/2324 
f 2324/2324/2324 2355/2355/2355 2326/2326/2326 
f 2355/2355/2355 2356/2356/2356 2326/2326/2326 
f 2326/2326/2326 2356/2356/2356 2328/2328/2328 
f 2356/2356/2356 2357/2357/2357 2328/2328/2328 
f 2328/2328/2328 2357/2357/2357 2330/2330/2330 
f 2357/2357/2357 2358/2358/2358 2330/2330/2330 
f 2330/2330/2330 2358/2358/2358 2332/2332/2332 
f 2358/2358/2358 2359/2359/2359 2332/2332/2332 
f 2332/2332/2332 2359/2359/2359 2334/2334/2334 
f 2359/2359/2359 2360/2360/2360 2334/2334/2334 
f 2334/2334/2334 2360/2360/2360 2336/2336/2336 
f 2360/2360/2360 2361/2361/2361 2336/2336/2336 
f 2336/2336/2336 2361/2361/2361 2338/2338/2338 
f 2361/2361/2361 2362/2362/2362 2338/2338/2338 
f 2338/2338/2338 2362/2362/2362 2340/2340/2340 
f 2362/2362/2362 2363/2363/2363 2340/2340/2340 
f 2340/2340/2340 2363/2363/2363 2342/2342/2342 
f 2363/2363/2363 2364/2364/2364 2342/2342/2342 
f 2342/2342/2342 2364/2364/2364 2344/2344/2344 
f 2364/2364/2364 2345/2345/2345 2344/2344/2344 
f 2344/2344/2344 2345/2345/2345 2345/2345/2345 
f 2345/2345/2345 2364/2364/2364 2345/2345/2345 
f 2345/2345/2345 2364/2364/2364 2364/2364/2364 
f 2364/2364/2364 2365/2365/2365 2364/2364/2364 
f 2364/2364/2364 2365/2365/2365 2345/2345/2345 
f 2365/2365/2365 2366/2366/2366 2345/2345/2345 
f 2345/2345/2345 2366/2366/2366 2346/2346/2346 
f 2366/2366/2366 2367/2367/2367 2346/2346/2346 
f 2346/2346/2346 2367/2367/2367 2347/2347/2347 
f 2367/2367/2367 2368/2368/2368 2347/2347/2347 
f 2347/2347/2347 2368/2368/2368 2348/2348/2348 
f 2368/2368/2368 2369/2369/2369 2348/2348/2348 
f 2348/2348/2348 2369/2369/2369 2349/2349/2349 
f 2369/2369/2369 2370/2370/2370 2349/2349/2349 
f 2349/2349/2349 2370/2370/2370 2350/2350/2350 
f 2370/2370/2370 2371/2371/2371 2350/2350/2350 
f 2350/2350/2350 2371/2371/2371 2351/2351/2351 
f 2371/2371/2371 2372/2372/2372 2351/2351/2351 
f 2351/2351/2351 2372/2372/2372 2352/2352/2352 
f 2372/2372/2372 2373/2373/2373 2352/2352/2352 
f 2352/2352/2352 2373/2373/2373 2353/2353/2353 
f 2373/2373/2373 2374/2374/2374 2353/2353/2353 
f 2353/2353/2353 2374/2374/2374 2354/2354/2354 
f 2374/2374/2374 2375/2375/2375 2354/2354/2354 
f 2354/2354/2354 2375/2375/2375 2355/2355/2355 
f 2375/2375/2375 2376/2376/2376 2355/2355/2355 
f 2355/2355/2355 2376/2376/2376 2356/2356/2356 
f 2376/2376/2376 2377/2377/2377 2356/2356/2356 
f 2356/2356/2356 2377/2377/2377 2357/2357/2357 
f 2377/2377/2377 2378/2378/2378 2357/2357/2357 
f 2357/2357/2357 2378/2378/2378 2358/2358/2358 
f 2378/2378/2378 2379/2379/2379 2358/2358/2358 
f 2358/2358/2358 2379/2379/2379 2359/2359/2359 
f 2379/2379/2379 2380/2380/2380 2359/2359/2359 
f 2359/2359/2359 2380/2380/2380 2360/2360/2360 
f 2380/2380/2380 2381/2381/2381 2360/2360/2360 
f 2360/2360/2360 2381/2381/2381 2361/2361/2361 
f 2381/2381/2381 2382/2382/2382 2361/2361/2361 
f 2361/2361/2361 2382/2382/2382 2362/2362/2362 
f 2382/2382/2382 2383/2383/2383 2362/2362/2362 
f 2362/2362/2362 2383/2383/2383 2363/2363/2363 
f 2383/2383/2383 2384/2384/2384 2363/2363/2363 
f 2363/2363/2363 2384/2384/2384 2364/2364/2364 
f 2384/2384/2384 2365/2365/2365 2364/2364/2364 
f 2364/2364/2364 2365/2365/2365 2365/2365/2365 
f 2365/2365/2365 2385/2385/2385 2365/2365/2365 
f 2365/2365/2365 2385/2385/2385 2385/2385/2385 
f 2385/2385/2385 2386/2386/2386 2385/2385/2385 
f 2385/2385/2385 2386/2386/2386 2387/2387/2387 
f 2386/2386/2386 2388/2388/2388 2387/2387/2387 
f 2387/2387/2387 2388/2388/2388 2389/2389/2389 
f 2388/2388/2388 2390/2390/2390 2389/2389/2389 
f 2389/2389/2389 2390/2390/2390 2391/2391/2391 
f 2390/2390/2390 2392/2392/2392 2391/2391/2391 
f 2391/2391/2391 2392/2392/2392 2393/2393/2393 
f 2392/2392/2392 2394/2394/2394 2393/2393/2393 
f 2393/2393/2393 2394/2394/2394 2395/2395/2395 
f 2394/2394/2394 2396/2396/2396 2395/2395/2395 
f 2395/2395/2395 2396/2396/2396 2397/2397/2397 
f 2396/2396/2396 2398/2398/2398 2397/2397/2397 
f 2397/2397/2397 2398/2398/2398 2399/2399/2399 
f 2398/2398/2398 2400/2400/2400 2399/2399/2399 
f 2399/2399/2399 2400/2400/2400 2401/2401/2401 
f 2400/2400/2400 2402/2402/2402 2401/2401/2401 
f 2401/2401/2401 2402/2402/2402 2403/2403/2403 
f 2402/2402/2402 2404/2404/2404 2403/2403/2403 
f 2403/2403/2403 2404/2404/2404 2405/2405/2405 
f 2404/2404/2404 2406/2406/2406 2405/2405/2405 
f 2405/2405/2405 2406/2406/2406 2407/2407/2407 
f 2406/2406/2406 2408/2408/2408 2407/2407/2407 
f 2407/2407/2407 2408/2408/2408 2409/2409/2409 
f 2408/2408/2408 2410/2410/2410 2409/2409/2409 
f 2409/2409/2409 2410/2410/2410 2411/2411/2411 
f 2410/2410/2410 2412/2412/2412 2411/2411/2411 
f 2411/2411/2411 2412/2412/2412 2413/2413/2413 
f 2412/2412/2412 2414/2414/2414 2413/2413/2413 
f 2413/2413/2413 2414/2414/2414 2415/2415/2415 
f 2414/2414/2414 2416/2416/2416 2415/2415/2415 
f 2415/2415/2415 2416/2416/2416 2417/2417/2417 
f 2416/2416/2416 2418/2418/2418 2417/2417/2417 
f 2417/2417/2417 2418/2418/2418 2419/2419/2419 
f 2418/2418/2418 2420/2420/2420 2419/2419/2419 
f 2419/2419/2419 2420/2420/2420 2421/2421/2421 
f 2420/2420/2420 2422/2422/2422 2421/2421/2421 
f 2421/2421/2421 2422/2422/2422 2423/2423/2423 
f 2422/2422/2422 2424/2424/2424 2423/2423/2423 
f 2423/2423/2423 2424/2424/2424 2385/2385/2385 
f 2424/2424/2424 2386/2386/2386 2385/2385/2385 
f 2385/2385/2385 2386/2386/2386 2386/2386/2386 
f 2386/2386/2386 2424/2424/2424 2386/2386/2386 
f 2386/2386/2386 2424/2424/2424 2424/2424/2424 
f 2424/2424/2424 2425/2425/2425 2424/2424/2424 
f 2424/2424/2424 2425/2425/2425 2386/2386/2386 
f 2425/2425/2425 2426/2426/2426 2386/2386/2386 
f 2386/2386/2386 2426/2426/2426 2388/2388/2388 
f 2426/2426/2426 2427/2427/2427 2388/2388/2388 
f 2388/2388/2388 2427/2427/2427 2390/2390/2390 
f 2427/2427/2427 2428/2428/2428 2390/2390/2390 
f 2390/2390/2390 2428/2428/2428 2392/2392/2392 
f 2428/2428/2428 2429/2429/2429 2392/2392/2392 
f 2392/2392/2392 2429/2429/2429 2394/2394/2394 
f 2429/2429/2429 2430/2430/2430 2394/2394/2394 
f 2394/2394/2394 2430/2430/2430 2396/2396/2396 
f 2430/2430/2430 2431/2431/2431 2396/2396/2396 
f 2396/2396/2396 2431/2431/2431 2398/2398/2398 
f 2431/2431/2431 2432/2432/2432 2398/2398/2398 
f 2398/2398/2398 2432/2432/2432 2400/2400/2400 
f 2432/2432/2432 2433/2433/2433 2400/2400/2400 
f 2400/2400/2400 2433/2433/2433 2402/2402/2402 
f 2433/2433/2433 2434/2434/2434 2402/2402/2402 
f 2402/2402/2402 2434/2434/2434 2404/2404/2404 
f 2434/2434/2434 2435/2435/2435 2404/2404/2404 
f 2404/2404/2404 2435/2435/2435 2406/2406/2406 
f 2435/2435/2435 2436/2436/2436 2406/2406/2406 
f 2406/2406/2406 2436/2436/2436 2408/2408/2408 
f 2436/2436/2436 2437/2437/2437 2408/2408/2408 
f 2408/2408/2408 2437/2437/2437 2410/2410/2410 
f 2437/2437/2437 2438/2438/2438 2410/2410/2410 
f 2410/2410/2410 2438/2438/2438 2412/2412/2412 
f 2438/2438/2438 2439/2439/2439 2412/2412/2412 
f 2412/2412/2412 2439/2439/2439 2414/2414/2414 
f 2439/2439/2439 2440/2440/2440 2414/2414/2414 
f 2414/2414/2414 2440/2440/2440 2416/2416/2416 
f 2440/2440/2440 2441/2441/2441 2416/2416/2416 
f 2416/2416/2416 2441/2441/2441 2418/2418/2418 
f 2441/2441/2441 2442/2442/2442 2418/2418/2418 
f 2418/2418/2418 2442/2442/2442 2420/2420/2420 
f 2442/2442/2442 2443/2443/2443 2420/2420/2420 
f 2420/2420/2420 2443/2443/2443 2422/2422/2422 
f 2443/2443/2443 2444/2444/2444 2422/2422/2422 
f 2422/2422/2422 2444/2444/2444 2424/2424/2424 
f 2444/2444/2444 2425/2425/2425 2424/2424/2424 
f 2424/2424/2424 2425/2425/2425 2425/2425/2425 
f 2425/2425/2425 2444/2444/2444 2425/2425/2425 
f 2425/2425/2425 2444/2444/2444 2444/2444/2444 
f 2444/2444/2444 2445/2445/2445 2444/2444/2444 
f 2444/2444/2444 2445/2445/2445 2425/2425/2425 
f 2445/2445/2445 2446/2446/2446 2425/2425/2425 
f 2425/2425/2425 2446/2446/2446 2426/2426/2426 
f 2446/2446/2446 2447/2447/2447 2426/2426/2426 
f 2426/2426/2426 2447/2447/2447 2427/2427/2427 
f 2447/2447/2447 2448/2448/2448 2427/2427/2427 
f 2427/2427/2427 2448/2448/2448 2428/2428/2428 
f 2448/2448/2448 2449/2449/2449 2428/2428/2428 
f 2428/2428/2428 2449/2449/2449 2429/2429/2429 
f 2449/2449/2449 2450/2450/2450 2429/2429/2429 
f 2429/2429/2429 2450/2450/2450 2430/2430/2430 
f 2450/2450/2450 2451/2451/2451 2430/2430/2430 
f 2430/2430/2430 2451/2451/2451 2431/2431/2431 
f 2451/2451/2451 2452/2452/2452 2431/2431/2431 
f 2431/2431/2431 2452/2452/2452 2432/2432/2432 
f 2452/2452/2452 2453/2453/2453 2432/2432/2432 
f 2432/2432/2432 2453/2453/2453 2433/2433/2433 
f 2453/2453/2453 2454/2454/2454 2433/2433/2433 
f 2433/2433/2433 2454/2454/2454 2434/2434/2434 
f 2454/2454/2454 2455/2455/2455 2434/2434/2434 
f 2434/2434/2434 2455/2455/2455 2435/2435/2435 
f 2455/2455/2455 2456/2456/2456 2435/2435/2435 
f 2435/2435/2435 2456/2456/2456 2436/2436/2436 
f 2456/2456/2456 2457/2457/2457 2436/2436/2436 
f 2436/2436/2436 2457/2457/2457 2437/2437/2437 
f 2457/2457/2457 2458/2458/2458 2437/2437/2437 
f 2437/2437/2437 2458/2458/2458 2438/2438/2438 
f 2458/2458/2458 2459/2459/2459 2438/2438/2438 
f 2438/2438/2438 2459/2459/2459 2439/2439/2439 
f 2459/2459/2459 2460/2460/2460 2439/2439/2439 
f 2439/2439/2439 2460/2460/2460 2440/2440/2440 
f 2460/2460/2460 2461/2461/2461 2440/2440/2440 
f 2440/2440/2440 2461/2461/2461 2441/2441/2441 
f 2461/2461/2461 2462/2462/2462 2441/2441/2441 
f 2441/2441/2441 2462/2462/2462 2442/2442/2442 
f 2462/2462/2462 2463/2463/2463 2442/2442/2442 
f 2442/2442/2442 2463/2463/2463 2443/2443/2443 
f 2463/2463/2463 2464/2464/2464 2443/2443/2443 
f 2443/2443/2443 2464/2464/2464 2444/2444/2444 
f 2464/2464/2464 2445/2445/2445 2444/2444/2444 
f 2444/2444/2444 2445/2445/2445 2445/2445/2445 
f 2445/2445/2445 2465/2465/2465 2445/2445/2445 
f 2445/2445/2445 2465/2465/2465 2465/2465/2465 
f 2465/2465/2465 2466/2466/2466 2465/2465/2465 
f 2465/2465/2465 2466/2466/2466 2467/2467/2467 
f 2466/2466/2466 2468/2468/2468 2467/2467/2467 
f 2467/2467/2467 2468/2468/2468 2469/2469/2469 
f 2468/2468/2468 2470/2470/2470 2469/2469/2469 
f 2469/2469/2469 2470/2470/2470 2471/2471/2471 
f 2470/2470/2470 2472/2472/2472 2471/2471/2471 
f 2471/2471/2471 2472/2472/2472 2473/2473/2473 
f 2472/2472/2472 2474/2474/2474 2473/2473/2473 
f 2473/2473/2473 2474/2474/2474 2475/2475/2475 
f 2474/2474/2474 2476/2476/2476 2475/2475/2475 
f 2475/2475/2475 2476/2476/2476 2477/2477/2477 
f 2476/2476/2476 2478/2478/2478 2477/2477/2477 
f 2477/2477/2477 2478/2478/2478 2479/2479/2479 
f 2478/2478/2478 2480/2480/2480 2479/2479/2479 
f 2479/2479/2479 2480/2480/2480 2481/2481/2481 
f 2480/2480/2480 2482/2482/2482 2481/2481/2481 
f 2481/2481/2481 2482/2482/2482 2483/2483/2483 
f 2482/2482/2482 2484/2484/2484 2483/2483/2483 
f 2483/2483/2483 2484/2484/2484 2485/2485/2485 
f 2484/2484/2484 2486/2486/2486 2485/2485/2485 
f 2485/2485/2485 2486/2486/2486 2487/2487/2487 
f 2486/2486/2486 2488/2488/2488 2487/2487/2487 
f 2487/2487/2487 2488/2488/2488 2489/2489/2489 
f 2488/2488/2488 2490/2490/2490 2489/2489/2489 
f 2489/2489/2489 2490/2490/2490 2491/2491/2491 
f 2490/2490/2490 2492/2492/2492 2491/2491/2491 
f 2491/2491/2491 2492/2492/2492 2493/2493/2493 
f 2492/2492/2492 2494/2494/2494 2493/2493/2493 
f 2493/2493/2493 2494/2494/2494 2495/2495/2495 
f 2494/2494/2494 2496/2496/2496 2495/2495/2495 
f 2495/2495/2495 2496/2496/2496 2497/2497/2497 
f 2496/2496/2496 2498/2498/2498 2497/2497/2497 
f 2497/2497/2497 2498/2498/2498 2499/2499/2499 
f 2498/2498/2498 2500/2500/2500 2499/2499/2499 
f 2499/2499/2499 2500/2500/2500 2465/2465/2465 
f 2500/2500/2500 2466/2466/2466 2465/2465/2465 
f 2465/2465/2465 2466/2466/2466 2466/2466/2466 
f 2466/2466/2466 2501/2501/2501 2466/2466/2466 
f 2466/2466/2466 2501/2501/2501 2501/2501/2501 
f 2501/2501/2501 2502/2502/2502 2501/2501/2501 
f 2501/2501/2501 2502/2502/2502 2503/2503/2503 
f 2502/2502/2502 2504/2504/2504 2503/2503/2503 
f 2503/2503/2503 2504/2504/2504 2505/2505/2505 
f 2504/2504/2504 2506/2506/2506 2505/2505/2505 
f 2505/2505/2505 2506/2506/2506 2507/2507/2507 
f 2506/2506/2506 2508/2508/2508 2507/2507/2507 
f 2507/2507/2507 2508/2508/2508 2509/2509/2509 
f 2508/2508/2508 2510/2510/2510 2509/2509/2509 
f 2509/2509/2509 2510/2510/2510 2511/2511/2511 
f 2510/2510/2510 2512/2512/2512 2511/2511/2511 
f 2511/2511/2511 2512/2512/2512 2513/2513/2513 
f 2512/2512/2512 2514/2514/2514 2513/2513/2513 
f 2513/2513/2513 2514/2514/2514 2515/2515/2515 
f 2514/2514/2514 2516/2516/2516 2515/2515/2515 
f 2515/2515/2515 2516/2516/2516 2517/2517/2517 
f 2516/2516/2516 2518/2518/2518 2517/2517/2517 
f 2517/2517/2517 2518/2518/2518 2519/2519/2519 
f 2518/2518/2518 2520/2520/2520 2519/2519/2519 
f 2519/2519/2519 2520/2520/2520 2521/2521/2521 
f 2520/2520/2520 2522/2522/2522 2521/2521/2521 
f 2521/2521/2521 2522/2522/2522 2523/2523/2523 
f 2522/2522/2522 2524/2524/2524 2523/2523/2523 
f 2523/2523/2523 2524/2524/2524 2525/2525/2525 
f 2524/2524/2524 2526/2526/2526 2525/2525/2525 
f 2525/2525/2525 2526/2526/2526 2527/2527/2527 
f 2526/2526/2526 2528/2528/2528 2527/2527/2527 
f 2527/2527/2527 2528/2528/2528 2529/2529/2529 
f 2528/2528/2528 2530/2530/2530 2529/2529/2529 
f 2529/2529/2529 2530/2530/2530 2531/2531/2531 
f 2530/2530/2530 2532/2532/2532 2531/2531/2531 
f 2531/2531/2531 2532/2532/2532 2533/2533/2533 
f 2532/2532/2532 2534/2534/2534 2533/2533/2533 
f 2533/2533/2533 2534/2534/2534 2535/2535/2535 
f 2534/2534/2534 2536/2536/2536 2535/2535/2535 
f 2535/2535/2535 2536/2536/2536 2537/2537/2537 
f 2536/2536/2536 2538/2538/2538 2537/2537/2537 
f 2537/2537/2537 2538/2538/2538 2539/2539/2539 
f 2538/2538/2538 2540/2540/2540 2539/2539/2539 
f 2539/2539/2539 2540/2540/2540 2501/2501/2501 
f 2540/2540/2540 2502/2502/2502 2501/2501/2501 
f 2501/2501/2501 2502/2502/2502 2502/2502/2502 
f 2502/2502/2502 2541/2541/2541 2502/2502/2502 
f 2502/2502/2502 2541/2541/2541 2541/2541/2541 
f 2541/2541/2541 2542/2542/2542 2541/2541/2541 
f 2541/2541/2541 2542/2542/2542 2543/2543/2543 
f 2542/2542/2542 2544/2544/2544 2543/2543/2543 
f 2543/2543/2543 2544/2544/2544 2545/2545/2545 
f 2544/2544/2544 2546/2546/2546 2545/2545/2545 
f 2545/2545/2545 2546/2546/2546 2547/2547/2547 
f 2546/2546/2546 2548/2548/2548 2547/2547/2547 
f 2547/2547/2547 2548/2548/2548 2549/2549/2549 
f 2548/2548/2548 2550/2550/2550 2549/2549/2549 
f 2549/2549/2549 2550/2550/2550 2551/2551/2551 
f 2550/2550/2550 2552/2552/2552 2551/2551/2551 
f 2551/2551/2551 2552/2552/2552 2553/2553/2553 
f 2552/2552/2552 2554/2554/2554 2553/2553/2553 
f 2553/2553/2553 2554/2554/2554 2555/2555/2555 
f 2554/2554/2554 2556/2556/2556 2555/2555/2555 
f 2555/2555/2555 2556/2556/2556 2557/2557/2557 
f 2556/2556/2556 2558/2558/2558 2557/2557/2557 
f 2557/2557/2557 2558/2558/2558 2559/2559/2559 
f 2558/2558/2558 2560/2560/2560 2559/2559/2559 
f 2559/2559/2559 2560/2560/2560 2561/2561/2561 
f 2560/2560/2560 2562/2562/2562 2561/2561/2561 
f 2561/2561/2561 2562/2562/2562 2563/2563/2563 
f 2562/2562/2562 2564/2564/2564 2563/2563/2563 
f 2563/2563/2563 2564/2564/2564 2565/2565/2565 
f 2564/2564/2564 2566/2566/2566 2565/2565/2565 
f 2565/2565/2565 2566/2566/2566 2567/2567/2567 
f 2566/2566/2566 2568/2568/2568 2567/2567/2567 
f 2567/2567/2567 2568/2568/2568 2569/2569/2569 
f 2568/2568/2568 2570/2570/2570 2569/2569/2569 
f 2569/2569/2569 2570/2570/2570 2571/2571/2571 
f 2570/2570/2570 2572/2572/2572 2571/2571/2571 
f 2571/2571/2571 2572/2572/2572 2573/2573/2573 
f 2572/2572/2572 2574/2574/2574 2573/2573/2573 
f 2573/2573/2573 2574/2574/2574 2575/2575/2575 
f 2574/2574/2574 2576/2576/2576 2575/2575/2575 
f 2575/2575/2575 2576/2576/2576 2577/2577/2577 
f 2576/2576/2576 2578/2578/2578 2577/2577/2577 
f 2577/2577/2577 2578/2578/2578 2579/2579/2579 
f 2578/2578/2578 2580/2580/2580 2579/2579/2579 
f 2579/2579/2579 2580/2580/2580 2541/2541/2541 
f 2580/2580/2580 2542/2542/2542 2541/2541/2541 
f 2541/2541/2541 2542/2542/2542 2542/2542/2542 
f 2542/2542/2542 2581/2581/2581 2542/2542/2542 
f 2542/2542/2542 2581/2581/2581 2581/2581/2581 
f 2581/2581/2581 2582/2582/2582 2581/2581/2581 
f 2581/2581/2581 2582/2582/2582 2583/2583/2583 
f 2582/2582/2582 2584/2584/2584 2583/2583/2583 
f 2583/2583/2583 2584/2584/2584 2585/2585/2585 
f 2584/2584/2584 2586/2586/2586 2585/2585/2585 
f 2585/2585/2585 2586/2586/2586 2587/2587/2587 
f 2586/2586/2586 2588/2588/2588 2587/2587/2587 
f 2587/2587/2587 2588/2588/2588 2589/2589/2589 
f 2588/2588/2588 2590/2590/2590 2589/2589/2589 
f 2589/2589/2589 2590/2590/2590 2591/2591/2591 
f 2590/2590/2590 2592/2592/2592 2591/2591/2591 
f 2591/2591/2591 2592/2592/2592 2593/2593/2593 
f 2592/2592/2592 2594/2594/2594 2593/2593/2593 
f 2593/2593/2593 2594/2594/2594 2595/2595/2595 
f 2594/2594/2594 2596/2596/2596 2595/2595/2595 
f 2595/2595/2595 2596/2596/2596 2597/2597/2597 
f 2596/2596/2596 2598/2598/2598 2597/2597/2597 
f 2597/2597/2597 2598/2598/2598 2599/2599/2599 
f 2598/2598/2598 2600/2600/2600 2599/2599/2599 
f 2599/2599/2599 2600/2600/2600 2601/2601/2601 
f 2600/2600/2600 2602/2602/2602 2601/2601/2601 
f 2601/2601/2601 2602/2602/2602 2603/2603/2603 
f 2602/2602/2602 2604/2604/2604 2603/2603/2603 
f 2603/2603/2603 2604/2604/2604 2605/2605/2605 
f 2604/2604/2604 2606/2606/2606 2605/2605/2605 
f 2605/2605/2605 2606/2606/2606 2607/2607/2607 
f 2606/2606/2606 2608/2608/2608 2607/2607/2607 
f 2607/2607/2607 2608/2608/2608 2609/2609/2609 
f 2608/2608/2608 2610/2610/2610 2609/2609/2609 
f 2609/2609/2609 2610/2610/2610 2611/2611/2611 
f 2610/2610/2610 2612/2612/2612 2611/2611/2611 
f 2611/2611/2611 2612/2612/2612 2613/2613/2613 
f 2612/2612/2612 2614/2614/2614 2613/2613/2613 
f 2613/2613/2613 2614/2614/2614 2615/2615/2615 
f 2614/2614/2614 2616/2616/2616 2615/2615/2615 
f 2615/2615/2615 2616/2616/2616 2581/2581/2581 
f 2616/2616/2616 2582/2582/2582 2581/2581/2581 
f 2581/2581/2581 2582/2582/2582 2582/2582/2582 
f 2582/2582/2582 2617/2617/2617 2582/2582/2582 
f 2582/2582/2582 2617/2617/2617 2617/2617/2617 
f 2617/2617/2617 2618/2618/2618 2617/2617/2617 
f 2617/2617/2617 2618/2618/2618 2619/2619/2619 
f 2618/2618/2618 2620/2620/2620 2619/2619/2619 
f 2619/2619/2619 2620/2620/2620 2621/2621/2621 
f 2620/2620/2620 2622/2622/2622 2621/2621/2621 
f 2621/2621/2621 2622/2622/2622 2623/2623/2623 
f 2622/2622/2622 2624/2624/2624 2623/2623/2623 
f 2623/2623/2623 2624/2624/2624 2625/2625/2625 
f 2624/2624/2624 2626/2626/2626 2625/2625/2625 
f 2625/2625/2625 2626/2626/2626 2627/2627/2627 
f 2626/2626/2626 2628/2628/2628 2627/2627/2627 
f 2627/2627/2627 2628/2628/2628 2629/2629/2629 
f 2628/2628/2628 2630/2630/2630 2629/2629/2629 
f 2629/2629/2629 2630/2630/2630 2631/2631/2631 
f 2630/2630/2630 2632/2632/2632 2631/2631/2631 
f 2631/2631/2631 2632/2632/2632 2633/2633/2633 
f 2632/2632/2632 2634/2634/2634 2633/2633/2633 
f 2633/2633/2633 2634/2634/2634 2635/2635/2635 
f 2634/2634/2634 2636/2636/2636 2635/2635/2635 
f 2635/2635/2635 2636/2636/2636 2637/2637/2637 
f 2636/2636/2636 2638/2638/2638 2637/2637/2637 
f 2637/2637/2637 2638/2638/2638 2639/2639/2639 
f 2638/2638/2638 2640/2640/2640 2639/2639/2639 
f 2639/2639/2639 2640/2640/2640 2641/2641/2641 
f 2640/2640/2640 2642/2642/2642 2641/2641/2641 
f 2641/2641/2641 2642/2642/2642 2643/2643/2643 
f 2642/2642/2642 2644/2644/2644 2643/2643/2643 
f 2643/2643/2643 2644/2644/2644 2645/2645/2645 
f 2644/2644/2644 2646/2646/2646 2645/2645/2645 
f 2645/2645/2645 2646/2646/2646 2647/2647/2647 
f 2646/2646/2646 2648/2648/2648 2647/2647/2647 
f 2647/2647/2647 2648/2648/2648 2649/2649/2649 
f 2648/2648/2648 2650/2650/2650 2649/2649/2649 
f 2649/2649/2649 2650/2650/2650 2651/2651/2651 
f 2650/2650/2650 2652/2652/2652 2651/2651/2651 
f 2651/2651/2651 2652/2652/2652 2653/2653/2653 
f 2652/2652/2652 2654/2654/2654 2653/2653/2653 
f 2653/2653/2653 2654/2654/2654 2655/2655/2655 
f 2654/2654/2654 2656/2656/2656 2655/2655/2655 
f 2655/2655/2655 2656/2656/2656 2617/2617/2617 
f 2656/2656/2656 2618/2618/2618 2617/2617/2617 
f 2617/2617/2617 2618/2618/2618 2618/2618/2618 
f 2618/2618/2618 2656/2656/2656 2618/2618/2618 
f 2618/2618/2618 2656/2656/2656 2656/2656/2656 
f 2656/2656/2656 2657/2657/2657 2656/2656/2656 
f 2656/2656/2656 2657/2657/2657 2618/2618/2618 
f 2657/2657/2657 2658/2658/2658 2618/2618/2618 
f 2618/2618/2618 2658/2658/2658 2620/2620/2620 
f 2658/2658/2658 2659/2659/2659 2620/2620/2620 
f 2620/2620/2620 2659/2659/2659 2622/2622/2622 
f 2659/2659/2659 2660/2660/2660 2622/2622/2622 
f 2622/2622/2622 2660/2660/2660 2624/2624/2624 
f 2660/2660/2660 2661/2661/2661 2624/2624/2624 
f 2624/2624/2624 2661/2661/2661 2626/2626/2626 
f 2661/2661/2661 2662/2662/2662 2626/2626/2626 
f 2626/2626/2626 2662/2662/2662 2628/2628/2628 
f 2662/2662/2662 2663/2663/2663 2628/2628/2628 
f 2628/2628/2628 2663/2663/2663 2630/2630/2630 
f 2663/2663/2663 2664/2664/2664 2630/2630/2630 
f 2630/2630/2630 2664/2664/2664 2632/2632/2632 
f 2664/2664/2664 2665/2665/2665 2632/2632/2632 
f 2632/2632/2632 2665/2665/2665 2634/2634/2634 
f 2665/2665/2665 2666/2666/2666 2634/2634/2634 
f 2634/2634/2634 2666/2666/2666 2636/2636/2636 
f 2666/2666/2666 2667/2667/2667 2636/2636/2636 
f 2636/2636/2636 2667/2667/2667 2638/2638/2638 
f 2667/2667/2667 2668/2668/2668 2638/2638/2638 
f 2638/2638/2638 2668/2668/2668 2640/2640/2640 
f 2668/2668/2668 2669/2669/2669 2640/2640/2640 
f 2640/2640/2640 2669/2669/2669 2642/2642/2642 
f 2669/2669/2669 2670/2670/2670 2642/2642/2642 
f 2642/2642/2642 2670/2670/2670 2644/2644/2644 
f 2670/2670/2670 2671/2671/2671 2644/2644/2644 
f 2644/2644/2644 2671/2671/2671 2646/2646/2646 
f 2671/2671/2671 2672/2672/2672 2646/2646/2646 
f 2646/2646/2646 2672/2672/2672 2648/2648/2648 
f 2672/2672/2672 2673/2673/2673 2648/2648/2648 
f 2648/2648/2648 2673/2673/2673 2650/2650/2650 
f 2673/2673/2673 2674/2674/2674 2650/2650/2650 
f 2650/2650/2650 2674/2674/2674 2652/2652/2652 
f 2674/2674/2674 2675/2675/2675 2652/2652/2652 
f 2652/2652/2652 2675/2675/2675 2654/2654/2654 
f 2675/2675/2675 2676/2676/2676 2654/2654/2654 
f 2654/2654/2654 2676/2676/2676 2656/2656/2656 
f 2676/2676/2676 2657/2657/2657 2656/2656/2656 
f 2656/2656/2656 2657/2657/2657 2657/2657/2657 
f 2657/2657/2657 2676/2676/2676 2657/2657/2657 
f 2657/2657/2657 2676/2676/2676 2676/2676/2676 
f 2676/2676/2676 2677/2677/2677 2676/2676/2676 
f 2676/2676/2676 2677/2677/2677 2657/2657/2657 
f 2677/2677/2677 2678/2678/2678 2657/2657/2657 
f 2657/2657/2657 2678/2678/2678 2658/2658/2658 
f 2678/2678/2678 2679/2679/2679 2658/2658/2658 
f 2658/2658/2658 2679/2679/2679 2659/2659/2659 
f 2679/2679/2679 2680/2680/2680 2659/2659/2659 
f 2659/2659/2659 2680/2680/2680 2660/2660/2660 
f 2680/2680/2680 2681/2681/2681 2660/2660/2660 
f 2660/2660/2660 2681/2681/2681 2661/2661/2661 
f 2681/2681/2681 2682/2682/2682 2661/2661/2661 
f 2661/2661/2661 2682/2682/2682 2662/2662/2662 
f 2682/2682/2682 2683/2683/2683 2662/2662/2662 
f 2662/2662/2662 2683/2683/2683 2663/2663/2663 
f 2683/2683/2683 2684/2684/2684 2663/2663/2663 
f 2663/2663/2663 2684/2684/2684 2664/2664/2664 
f 2684/2684/2684 2685/2685/2685 2664/2664/2664 
f 2664/2664/2664 2685/2685/2685 2665/2665/2665 
f 2685/2685/2685 2686/2686/2686 2665/2665/2665 
f 2665/2665/2665 2686/2686/2686 2666/2666/2666 
f 2686/2686/2686 2687/2687/2687 2666/2666/2666 
f 2666/2666/2666 2687/2687/2687 2667/2667/2667 
f 2687/2687/2687 2688/2688/2688 2667/2667/2667 
f 2667/2667/2667 2688/2688/2688 2668/2668/2668 
f 2688/2688/2688 2689/2689/2689 2668/2668/2668 
f 2668/2668/2668 2689/2689/2689 2669/2669/2669 
f 2689/2689/2689 2690/2690/2690 2669/2669/2669 
f 2669/2669/2669 2690/2690/2690 2670/2670/2670 
f 2690/2690/2690 2691/2691/2691 2670/2670/2670 
f 2670/2670/2670 2691/2691/2691 2671/2671/2671 
f 2691/2691/2691 2692/2692/2692 2671/2671/2671 
f 2671/2671/2671 2692/2692/2692 2672/2672/2672 
f 2692/2692/2692 2693/2693/2693 2672/2672/2672 
f 2672/2672/2672 2693/2693/2693 2673/2673/2673 
f 2693/2693/2693 2694/2694/2694 2673/2673/2673 
f 2673/2673/2673 2694/2694/2694 2674/2674/2674 
f 2694/2694/2694 2695/2695/2695 2674/2674/2674 
f 2674/2674/2674 2695/2695/2695 2675/2675/2675 
f 2695/2695/2695 2696/2696/2696 2675/2675/2675 
f 2675/2675/2675 2696/2696/2696 2676/2676/2676 
f 2696/2696/2696 2677/2677/2677 2676/2676/2676 
f 2676/2676/2676 2677/2677/2677 2677/2677/2677 
f 2677/2677/2677 2697/2697/2697 2677/2677/2677 
f 2677/2677/2677 2697/2697/2697 2697/2697/2697 
f 2697/2697/2697 2698/2698/2698 2697/2697/2697 
f 2697/2697/2697 2698/2698/2698 2699/2699/2699 
f 2698/2698/2698 2700/2700/2700 2699/2699/2699 
f 2699/2699/2699 2700/2700/2700 2701/2701/2701 
f 2700/2700/2700 2702/2702/2702 2701/2701/2701 
f 2701/2701/2701 2702/2702/2702 2703/2703/2703 
f 2702/2702/2702 2704/2704/2704 2703/2703/2703 
f 2703/2703/2703 2704/2704/2704 2705/2705/2705 
f 2704/2704/2704 2706/2706/2706 2705/2705/2705 
f 2705/2705/2705 2706/2706/2706 2707/2707/2707 
f 2706/2706/2706 2708/2708/2708 2707/2707/2707 
f 2707/2707/2707 2708/2708/2708 2709/2709/2709 
f 2708/2708/2708 2710/2710/2710 2709/2709/2709 
f 2709/2709/2709 2710/2710/2710 2711/2711/2711 
f 2710/2710/2710 2712/2712/2712 2711/2711/2711 
f 2711/2711/2711 2712/2712/2712 2713/2713/2713 
f 2712/2712/2712 2714/2714/2714 2713/2713/2713 
f 2713/2713/2713 2714/2714/2714 2715/2715/2715 
f 2714/2714/2714 2716/2716/2716 2715/2715/2715 
f 2715/2715/2715 2716/2716/2716 2717/2717/2717 
f 2716/2716/2716 2718/2718/2718 2717/2717/2717 
f 2717/2717/2717 2718/2718/2718 2719/2719/2719 
f 2718/2718/2718 2720/2720/2720 2719/2719/2719 
f 2719/2719/2719 2720/2720/2720 2721/2721/2721 
f 2720/2720/2720 2722/2722/2722 2721/2721/2721 
f 2721/2721/2721 2722/2722/2722 2723/2723/2723 
f 2722/2722/2722 2724/2724/2724 2723/2723/2723 
f 2723/2723/2723 2724/2724/2724 2725/2725/2725 
f 2724/2724/2724 2726/2726/2726 2725/2725/2725 
f 2725/2725/2725 2726/2726/2726 2727/2727/2727 
f 2726/2726/2726 2728/2728/2728 2727/2727/2727 
f 2727/2727/2727 2728/2728/2728 2729/2729/2729 
f 2728/2728/2728 2730/2730/2730 2729/2729/2729 
f 2729/2729/2729 2730/2730/2730 2731/2731/2731 
f 2730/2730/2730 2732/2732/2732 2731/2731/2731 
f 2731/2731/2731 2732/2732/2732 2733/2733/2733 
f 2732/2732/2732 2734/2734/2734 2733/2733/2733 
f 2733/2733/2733 2734/2734/2734 2735/2735/2735 
f 2734/2734/2734 2736/2736/2736 2735/2735/2735 
f 2735/2735/2735 2736/2736/2736 2697/2697/2697 
f 2736/2736/2736 2698/2698/2698 2697/2697/2697 
f 2697/2697/2697 2698/2698/2698 2698/2698/2698 
f 2698/2698/2698 2736/2736/2736 2698/2698/2698 
f 2698/2698/2698 2736/2736/2736 2736/2736/2736 
f 2736/2736/2736 2737/2737/2737 2736/2736/2736 
f 2736/2736/2736 2737/2737/2737 2698/2698/2698 
f 2737/2737/2737 2738/2738/2738 2698/2698/2698 
f 2698/2698/2698 2738/2738/2738 2700/2700/2700 
f 2738/2738/2738 2739/2739/2739 2700/2700/2700 
f 2700/2700/2700 2739/2739/2739 2702/2702/2702 
f 2739/2739/2739 2740/2740/2740 2702/2702/2702 
f 2702/2702/2702 2740/2740/2740 2704/2704/2704 
f 2740/2740/2740 2741/2741/2741 2704/2704/2704 
f 2704/2704/2704 2741/2741/2741 2706/2706/2706 
f 2741/2741/2741 2742/2742/2742 2706/2706/2706 
f 2706/2706/2706 2742/2742/2742 2708/2708/2708 
f 2742/2742/2742 2743/2743/2743 2708/2708/2708 
f 2708/2708/2708 2743/2743/2743 2710/2710/2710 
f 2743/2743/2743 2744/2744/2744 2710/2710/2710 
f 2710/2710/2710 2744/2744/2744 2712/2712/2712 
f 2744/2744/2744 2745/2745/2745 2712/2712/2712 
f 2712/2712/2712 2745/2745/2745 2714/2714/2714 
f 2745/2745/2745 2746/2746/2746 2714/2714/2714 
f 2714/2714/2714 2746/2746/2746 2716/2716/2716 
f 2746/2746/2746 2747/2747/2747 2716/2716/2716 
f 2716/2716/2716 2747/2747/2747 2718/2718/2718 
f 2747/2747/2747 2748/2748/2748 2718/2718/2718 
f 2718/2718/2718 2748/2748/2748 2720/2720/2720 
f 2748/2748/2748 2749/2749/2749 2720/2720/2720 
f 2720/2720/2720 2749/2749/2749 2722/2722/2722 
f 2749/2749/2749 2750/2750/2750 2722/2722/2722 
f 2722/2722/2722 2750/2750/2750 2724/2724/2724 
f 2750/2750/2750 2751/2751/2751 2724/2724/2724 
f 2724/2724/2724 2751/2751/2751 2726/2726/2726 
f 2751/2751/2751 2752/2752/2752 2726/2726/2726 
f 2726/2726/2726 2752/2752/2752 2728/2728/2728 
f 2752/2752/2752 2753/2753/2753 2728/2728/2728 
f 2728/2728/2728 2753/2753/2753 2730/2730/2730 
f 2753/2753/2753 2754/2754/2754 2730/2730/2730 
f 2730/2730/2730 2754/2754/2754 2732/2732/2732 
f 2754/2754/2754 2755/2755/2755 2732/2732/2732 
f 2732/2732/2732 2755/2755/2755 2734/2734/2734 
f 2755/2755/2755 2756/2756/2756 2734/2734/2734 
f 2734/2734/2734 2756/2756/2756 2736/2736/2736 
f 2756/2756/2756 2737/2737/2737 2736/2736/2736 
f 2736/2736/2736 2737/2737/2737 2737/2737/2737 
f 2737/2737/2737 2756/2756/2756 2737/2737/2737 
f 2737/2737/2737 2756/2756/2756 2756/2756/2756 
f 2756/2756/2756 2757/2757/2757 2756/2756/2756 
f 2756/2756/2756 2757/2757/2757 2737/2737/2737 
f 2757/2757/2757 2758/2758/2758 2737/2737/2737 
f 2737/2737/2737 2758/2758/2758 2738/2738/2738 
f 2758/2758/2758 2759/2759/2759 2738/2738/2738 
f 2738/2738/2738 2759/2759/2759 2739/2739/2739 
f 2759/2759/2759 2760/2760/2760 2739/2739/2739 
f 2739/2739/2739 2760/2760/2760 2740/2740/2740 
f 2760/2760/2760 2761/2761/2761 2740/2740/2740 
f 2740/2740/2740 2761/2761/2761 2741/2741/2741 
f 2761/2761/2761 2762/2762/2762 2741/2741/2741 
f 2741/2741/2741 2762/2762/2762 2742/2742/2742 
f 2762/2762/2762 2763/2763/2763 2742/2742/2742 
f 2742/2742/2742 2763/2763/2763 2743/2743/2743 
f 2763/2763/2763 2764/2764/2764 2743/2743/2743 
f 2743/2743/2743 2764/2764/2764 2744/2744/2744 
f 2764/2764/2764 2765/2765/2765 2744/2744/2744 
f 2744/2744/2744 2765/2765/2765 2745/2745/2745 
f 2765/2765/2765 2766/2766/2766 2745/2745/2745 
f 2745/2745/2745 2766/2766/2766 2746/2746/2746 
f 2766/2766/2766 2767/2767/2767 2746/2746/2746 
f 2746/2746/2746 2767/2767/2767 2747/2747/2747 
f 2767/2767/2767 2768/2768/2768 2747/2747/2747 
f 2747/2747/2747 2768/2768/2768 2748/2748/2748 
f 2768/2768/2768 2769/2769/2769 2748/2748/2748 
f 2748/2748/2748 2769/2769/2769 2749/2749/2749 
f 2769/2769/2769 2770/2770/2770 2749/2749/2749 
f 2749/2749/2749 2770/2770/2770 2750/2750/2750 
f 2770/2770/2770 2771/2771/2771 2750/2750/2750 
f 2750/2750/2750 2771/2771/2771 2751/2751/2751 
f 2771/2771/2771 2772/2772/2772 2751/2751/2751 
f 2751/2751/2751 2772/2772/2772 2752/2752/2752 
f 2772/2772/2772 2773/2773/2773 2752/2752/2752 
f 2752/2752/2752 2773/2773/2773 2753/2753/2753 
f 2773/2773/2773 2774/2774/2774 2753/2753/2753 
f 2753/2753/2753 2774/2774/2774 2754/2754/2754 
f 2774/2774/2774 2775/2775/2775 2754/2754/2754 
f 2754/2754/2754 2775/2775/2775 2755/2755/2755 
f 2775/2775/2775 2776/2776/2776 2755/2755/2755 
f 2755/2755/2755 2776/2776/2776 2756/2756/2756 
f 2776/2776/2776 2757/2757/2757 2756/2756/2756 
f 2756/2756/2756 2757/2757/2757 2757/2757/2757 
f 2757/2757/2757 2777/2777/2777 2757/2757/2757 
f 2757/2757/2757 2777/2777/2777 2777/2777/2777 
f 2777/2777/2777 2778/2778/2778 2777/2777/2777 
f 2777/2777/2777 2778/2778/2778 2779/2779/2779 
f 2778/2778/2778 2780/2780/2780 2779/2779/2779 
f 2779/2779/2779 2780/2780/2780 2781/2781/2781 
f 2780/2780/2780 2782/2782/2782 2781/2781/2781 
f 2781/2781/2781 2782/2782/2782 2783/2783/2783 
f 2782/2782/2782 2784/2784/2784 2783/2783/2783 
f 2783/2783/2783 2784/2784/2784 2785/2785/2785 
f 2784/2784/2784 2786/2786/2786 2785/2785/2785 
f 2785/2785/2785 2786/2786/2786 2787/2787/2787 
f 2786/2786/2786 2788/2788/2788 2787/2787/2787 
f 2787/2787/2787 2788/2788/2788 2789/2789/2789 
f 2788/2788/2788 2790/2790/2790 2789/2789/2789 
f 2789/2789/2789 2790/2790/2790 2791/2791/2791 
f 2790/2790/2790 2792/2792/2792 2791/2791/2791 
f 2791/2791/2791 2792/2792/2792 2793/2793/2793 
f 2792/2792/2792 2794/2794/2794 2793/2793/2793 
f 2793/2793/2793 2794/2794/2794 2795/2795/2795 
f 2794/2794/2794 2796/2796/2796 2795/2795/2795 
f 2795/2795/2795 2796/2796/2796 2797/2797/2797 
f 2796/2796/2796 2798/2798/2798 2797/2797/2797 
f 2797/2797/2797 2798/2798/2798 2799/2799/2799 
f 2798/2798/2798 2800/2800/2800 2799/2799/2799 
f 2799/2799/2799 2800/2800/2800 2801/2801/2801 
f 2800/2800/2800 2802/2802/2802 2801/2801/2801 
f 2801/2801/2801 2802/2802/2802 2803/2803/2803 
f 2802/2802/2802 2804/2804/2804 2803/2803/2803 
f 2803/2803/2803 2804/2804/2804 2805/2805/2805 
f 2804/2804/2804 2806/2806/2806 2805/2805/2805 
f 2805/2805/2805 2806/2806/2806 2807/2807/2807 
f 2806/2806/2806 2808/2808/2808 2807/2807/2807 
f 2807/2807/2807 2808/2808/2808 2809/2809/2809 
f 2808/2808/2808 2810/2810/2810 2809/2809/2809 
f 2809/2809/2809 2810/2810/2810 2811/2811/2811 
f 2810/2810/2810 2812/2812/2812 2811/2811/2811 
f 2811/2811/2811 2812/2812/2812 2813/2813/2813 
f 2812/2812/2812 2814/2814/2814 2813/2813/2813 
f 2813/2813/2813 2814/2814/2814 2815/2815/2815 
f 2814/2814/2814 2816/2816/2816 2815/2815/2815 
f 2815/2815/2815 2816/2816/2816 2777/2777/2777 
f 2816/2816/2816 2778/2778/2778 2777/2777/2777 
f 2777/2777/2777 2778/2778/2778 2778/2778/2778 
f 2778/2778/2778 2816/2816/2816 2778/2778/2778 
f 2778/2778/2778 2816/2816/2816 2816/2816/2816 
f 2816/2816/2816 2817/2817/2817 2816/2816/2816 
f 2816/2816/2816 2817/2817/2817 2778/2778/2778 
f 2817/2817/2817 2818/2818/2818 2778/2778/2778 
f 2778/2778/2778 2818/2818/2818 2780/2780/2780 
f 2818/2818/2818 2819/2819/2819 2780/2780/2780 
f 2780/2780/2780 2819/2819/2819 2782/2782/2782 
f 2819/2819/2819 2820/2820/2820 2782/2782/2782 
f 2782/2782/2782 2820/2820/2820 2784/2784/2784 
f 2820/2820/2820 2821/2821/2821 2784/2784/2784 
f 2784/2784/2784 2821/2821/2821 2786/2786/2786 
f 2821/2821/2821 2822/2822/2822 2786/2786/2786 
f 2786/2786/2786 2822/2822/2822 2788/2788/2788 
f 2822/2822/2822 2823/2823/2823 2788/2788/2788 
f 2788/2788/2788 2823/2823/2823 2790/2790/2790 
f 2823/2823/2823 2824/2824/2824 2790/2790/2790 
f 2790/2790/2790 2824/2824/2824 2792/2792/2792 
f 2824/2824/2824 2825/2825/2825 2792/2792/2792 
f 2792/2792/2792 2825/2825/2825 2794/2794/2794 
f 2825/2825/2825 2826/2826/2826 2794/2794/2794 
f 2794/2794/2794 2826/2826/2826 2796/2796/2796 
f 2826/2826/2826 2827/2827/2827 2796/2796/2796 
f 2796/2796/2796 2827/2827/2827 2798/2798/2798 
f 2827/2827/2827 2828/2828/2828 2798/2798/2798 
f 2798/2798/2798 2828/2828/2828 2800/2800/2800 
f 2828/2828/2828 2829/2829/2829 2800/2800/2800 
f 2800/2800/2800 2829/2829/2829 2802/2802/2802 
f 2829/2829/2829 2830/2830/2830 2802/2802/2802 
f 2802/2802/2802 2830/2830/2830 2804/2804/2804 
f 2830/2830/2830 2831/2831/2831 2804/2804/2804 
f 2804/2804/2804 2831/2831/2831 2806/2806/2806 
f 2831/2831/2831 2832/2832/2832 2806/2806/2806 
f 2806/2806/2806 2832/2832/2832 2808/2808/2808 
f 2832/2832/2832 2833/2833/2833 2808/2808/2808 
f 2808/2808/2808 2833/2833/2833 2810/2810/2810 
f 2833/2833/2833 2834/2834/2834 2810/2810/2810 
f 2810/2810/2810 2834/2834/2834 2812/2812/2812 
f 2834/2834/2834 2835/2835/2835 2812/2812/2812 
f 2812/2812/2812 2835/2835/2835 2814/2814/2814 
f 2835/2835/2835 2836/2836/2836 2814/2814/2814 
f 2814/2814/2814 2836/2836/2836 2816/2816/2816 
f 2836/2836/2836 2817/2817/2817 2816/2816/2816 
f 2816/2816/2816 2817/2817/2817 2817/2817/2817 
f 2817/2817/2817 2836/2836/2836 2817/2817/2817 
f 2817/2817/2817 2836/2836/2836 2836/2836/2836 
f 2836/2836/2836 2837/2837/2837 2836/2836/2836 
f 2836/2836/2836 2837/2837/2837 2817/2817/2817 
f 2837/2837/2837 2838/2838/2838 2817/2817/2817 
f 2817/2817/2817 2838/2838/2838 2818/2818/2818 
f 2838/2838/2838 2839/2839/2839 2818/2818/2818 
f 2818/2818/2818 2839/2839/2839 2819/2819/2819 
f 2839/2839/2839 2840/2840/2840 2819/2819/2819 
f 2819/2819/2819 2840/2840/2840 2820/2820/2820 
f 2840/2840/2840 2841/2841/2841 2820/2820/2820 
f 2820/2820/2820 2841/2841/2841 2821/2821/2821 
f 2841/2841/2841 2842/2842/2842 2821/2821/2821 
f 2821/2821/2821 2842/2842/2842 2822/2822/2822 
f 2842/2842/2842 2843/2843/2843 2822/2822/2822 
f 2822/2822/2822 2843/2843/2843 2823/2823/2823 
f 2843/2843/2843 2844/2844/2844 2823/2823/2823 
f 2823/2823/2823 2844/2844/2844 2824/2824/2824 
f 2844/2844/2844 2845/2845/2845 2824/2824/2824 
f 2824/2824/2824 2845/2845/2845 2825/2825/2825 
f 2845/2845/2845 2846/2846/2846 2825/2825/2825 
f 2825/2825/2825 2846/2846/2846 2826/2826/2826 
f 2846/2846/2846 2847/2847/2847 2826/2826/2826 
f 2826/2826/2826 2847/2847/2847 2827/2827/2827 
f 2847/2847/2847 2848/2848/2848 2827/2827/2827 
f 2827/2827/2827 2848/2848/2848 2828/2828/2828 
f 2848/2848/2848 2849/2849/2849 2828/2828/2828 
f 2828/2828/2828 2849/2849/2849 2829/2829/2829 
f 2849/2849/2849 2850/2850/2850 2829/2829/2829 
f 2829/2829/2829 2850/2850/2850 2830/2830/2830 
f 2850/2850/2850 2851/2851/2851 2830/2830/2830 
f 2830/2830/2830 2851/2851/2851 2831/2831/2831 
f 2851/2851/2851 2852/2852/2852 2831/2831/2831 
f 2831/2831/2831 2852/2852/2852 2832/2832/2832 
f 2852/2852/2852 2853/2853/2853 2832/2832/2832 
f 2832/2832/2832 2853/2853/2853 2833/2833/2833 
f 2853/2853/2853 2854/2854/2854 2833/2833/2833 
f 2833/2833/2833 2854/2854/2854 2834/2834/2834 
f 2854/2854/2854 2855/2855/2855 2834/2834/2834 
f 2834/2834/2834 2855/2855/2855 2835/2835/2835 
f 2855/2855/2855 2856/2856/2856 2835/2835/2835 
f 2835/2835/2835 2856/2856/2856 2836/2836/2836 
f 2856/2856/2856 2837/2837/2837 2836/2836/2836 
f 2836/2836/2836 2837/2837/2837 2837/2837/2837 
f 2837/2837/2837 2857/2857/2857 2837/2837/2837 
f 2837/2837/2837 2857/2857/2857 2857/2857/2857 
f 2857/2857/2857 2858/2858/2858 2857/2857/2857 
f 2857/2857/2857 2858/2858/2858 2859/2859/2859 
f 2858/2858/2858 2860/2860/2860 2859/2859/2859 
f 2859/2859/2859 2860/2860/2860 2861/2861/2861 
f 2860/2860/2860 2862/2862/2862 2861/2861/2861 
f 2861/2861/2861 2862/2862/2862 2863/2863/2863 
f 2862/2862/2862 2864/2864/2864 2863/2863/2863 
f 2863/2863/2863 2864/2864/2864 2865/2865/2865 
f 2864/2864/2864 2866/2866/2866 2865/2865/2865 
f 2865/2865/2865 2866/2866/2866 2867/2867/2867 
f 2866/2866/2866 2868/2868/2868 2867/2867/2867 
f 2867/2867/2867 2868/2868/2868 2869/2869/2869 
f 2868/2868/2868 2870/2870/2870 2869/2869/2869 
f 2869/2869/2869 2870/2870/2870 2871/2871/2871 
f 2870/2870/2870 2872/2872/2872 2871/2871/2871 
f 2871/2871/2871 2872/2872/2872 2873/2873/2873 
f 2872/2872/2872 2874/2874/2874 2873/2873/2873 
f 2873/2873/2873 2874/2874/2874 2875/2875/2875 
f 2874/2874/2874 2876/2876/2876 2875/2875/2875 
f 2875/2875/2875 2876/2876/2876 2877/2877/2877 
f 2876/2876/2876 2878/2878/2878 2877/2877/2877 
f 2877/2877/2877 2878/2878/2878 2879/2879/2879 
f 2878/2878/2878 2880/2880/2880 2879/2879/2879 
f 2879/2879/2879 2880/2880/2880 2881/2881/2881 
f 2880/2880/2880 2882/2882/2882 2881/2881/2881 
f 2881/2881/2881 2882/2882/2882 2883/2883/2883 
f 2882/2882/2882 2884/2884/2884 2883/2883/2883 
f 2883/2883/2883 2884/2884/2884 2885/2885/2885 
f 2884/2884/2884 2886/2886/2886 2885/2885/2885 
f 2885/2885/2885 2886/2886/2886 2887/2887/2887 
f 2886/2886/2886 2888/2888/2888 2887/2887/2887 
f 2887/2887/2887 2888/2888/2888 2889/2889/2889 
f 2888/2888/2888 2890/2890/2890 2889/2889/2889 
f 2889/2889/2889 2890/2890/2890 2891/2891/2891 
f 2890/2890/2890 2892/2892/2892 2891/2891/2891 
f 2891/2891/2891 2892/2892/2892 2893/2893/2893 
f 2892/2892/2892 2894/2894/2894 2893/2893/2893 
f 2893/2893/2893 2894/2894/2894 2895/2895/2895 
f 2894/2894/2894 2896/2896/2896 2895/2895/2895 
f 2895/2895/2895 2896/2896/2896 2857/2857/2857 
f 2896/2896/2896 2858/2858/2858 2857/2857/2857 
f 2857/2857/2857 2858/2858/2858 2858/2858/2858 
f 2858/2858/2858 2897/2897/2897 2858/2858/2858 
f 2858/2858/2858 2897/2897/2897 2897/2897/2897 
f 2897/2897/2897 2898/2898/2898 2897/2897/2897 
f 2897/2897/2897 2898/2898/2898 2899/2899/2899 
f 2898/2898/2898 2900/2900/2900 2899/2899/2899 
f 2899/2899/2899 2900/2900/2900 2901/2901/2901 
f 2900/2900/2900 2902/2902/2902 2901/2901/2901 
f 2901/2901/2901 2902/2902/2902 2903/2903/2903 
f 2902/2902/2902 2904/2904/2904 2903/2903/2903 
f 2903/2903/2903 2904/2904/2904 2905/2905/2905 
f 2904/2904/2904 2906/2906/2906 2905/2905/2905 
f 2905/2905/2905 2906/2906/2906 2907/2907/2907 
f 2906/2906/2906 2908/2908/2908 2907/2907/2907 
f 2907/2907/2907 2908/2908/2908 2909/2909/2909 
f 2908/2908/2908 2910/2910/2910 2909/2909/2909 
f 2909/2909/2909 2910/2910/2910 2911/2911/2911 
f 2910/2910/2910 2912/2912/2912 2911/2911/2911 
f 2911/2911/2911 2912/2912/2912 2913/2913/2913 
f 2912/2912/2912 2914/2914/2914 2913/2913/2913 
f 2913/2913/2913 2914/2914/2914 2915/2915/2915 
f 2914/2914/2914 2916/2916/2916 2915/2915/2915 
f 2915/2915/2915 2916/2916/2916 2917/2917/2917 
f 2916/2916/2916 2918/2918/2918 2917/2917/2917 
f 2917/2917/2917 2918/2918/2918 2919/2919/2919 
f 2918/2918/2918 2920/2920/2920 2919/2919/2919 
f 2919/2919/2919 2920/2920/2920 2921/2921/2921 
f 2920/2920/2920 2922/2922/2922 2921/2921/2921 
f 2921/2921/2921 2922/2922/2922 2923/2923/2923 
f 2922/2922/2922 2924/2924/2924 2923/2923/2923 
f 2923/2923/2923 2924/2924/2924 2925/2925/2925 
f 2924/2924/2924 2926/2926/2926 2925/2925/2925 
f 2925/2925/2925 2926/2926/2926 2927/2927/2927 
f 2926/2926/2926 2928/2928/2928 2927/2927/2927 
f 2927/2927/2927 2928/2928/2928 2929/2929/2929 
f 2928/2928/2928 2930/2930/2930 2929/2929/2929 
f 2929/2929/2929 2930/2930/2930 2931/2931/2931 
f 2930/2930/2930 2932/2932/2932 2931/2931/2931 
f 2931/2931/2931 2932/2932/2932 2897/2897/2897 
f 2932/2932/2932 2898/2898/2898 2897/2897/2897 
f 2897/2897/2897 2898/2898/2898 2898/2898/2898 
f 2898/2898/2898 2933/2933/2933 2898/2898/2898 
f 2898/2898/2898 2933/2933/2933 2933/2933/2933 
f 2933/2933/2933 2934/2934/2934 2933/2933/2933 
f 2933/2933/2933 2934/2934/2934 2935/2935/2935 
f 2934/2934/2934 2936/2936/2936 2935/2935/2935 
f 2935/2935/2935 2936/2936/2936 2937/2937/2937 
f 2936/2936/2936 2938/2938/2938 2937/2937/2937 
f 2937/2937/2937 2938/2938/2938 2939/2939/2939 
f 2938/2938/2938 2940/2940/2940 2939/2939/2939 
f 2939/2939/2939 2940/2940/2940 2941/2941/2941 
f 2940/2940/2940 2942/2942/2942 2941/2941/2941 
f 2941/2941/2941 2942/2942/2942 2943/2943/2943 
f 2942/2942/2942 2944/2944/2944 2943/2943/2943 
f 2943/2943/2943 2944/2944/2944 2945/2945/2945 
f 2944/2944/2944 2946/2946/2946 2945/2945/2945 
f 2945/2945/2945 2946/2946/2946 2947/2947/2947 
f 2946/2946/2946 2948/2948/2948 2947/2947/2947 
f 2947/2947/2947 2948/2948/2948 2949/2949/2949 
f 2948/2948/2948 2950/2950/2950 2949/2949/2949 
f 2949/2949/2949 2950/2950/2950 2951/2951/2951 
f 2950/2950/2950 2952/2952/2952 2951/2951/2951 
f 2951/2951/2951 2952/2952/2952 2953/2953/2953 
f 2952/2952/2952 2954/2954/2954 2953/2953/2953 
f 2953/2953/2953 2954/2954/2954 2955/2955/2955 
f 2954/2954/2954 2956/2956/2956 2955/2955/2955 
f 2955/2955/2955 2956/2956/2956 2957/2957/2957 
f 2956/2956/2956 2958/2958/2958 2957/2957/2957 
f 2957/2957/2957 2958/2958/2958 2959/2959/2959 
f 2958/2958/2958 2960/2960/2960 2959/2959/2959 
f 2959/2959/2959 2960/2960/2960 2961/2961/2961 
f 2960/2960/2960 2962/2962/2962 2961/2961/2961 
f 2961/2961/2961 2962/2962/2962 2963/2963/2963 
f 2962/2962/2962 2964/2964/2964 2963/2963/2963 
f 2963/2963/2963 2964/2964/2964 2965/2965/2965 
f 2964/2964/2964 2966/2966/2966 2965/2965/2965 
f 2965/2965/2965 2966/2966/2966 2967/2967/2967 
f 2966/2966/2966 2968/2968/2968 2967/2967/2967 
f 2967/2967/2967 2968/2968/2968 2933/2933/2933 
f 2968/2968/2968 2934/2934/2934 2933/2933/2933 
f 2933/2933/2933 2934/2934/2934 2934/2934/2934 
f 2934/2934/2934 2969/2969/2969 2934/2934/2934 
f 2934/2934/2934 2969/2969/2969 2969/2969/2969 
f 2969/2969/2969 2970/2970/2970 2969/2969/2969 
f 2969/2969/2969 2970/2970/2970 2971/2971/2971 
f 2970/2970/2970 2972/2972/2972 2971/2971/2971 
f 2971/2971/2971 2972/2972/2972 2973/2973/2973 
f 2972/2972/2972 2974/2974/2974 2973/2973/2973 
f 2973/2973/2973 2974/2974/2974 2975/2975/2975 
f 2974/2974/2974 2976/2976/2976 2975/2975/2975 
f 2975/2975/2975 2976/2976/2976 2977/2977/2977 
f 2976/2976/2976 2978/2978/2978 2977/2977/2977 
f 2977/2977/2977 2978/2978/2978 2979/2979/2979 
f 2978/2978/2978 2980/2980/2980 2979/2979/2979 
f 2979/2979/2979 2980/2980/2980 2981/2981/2981 
f 2980/2980/2980 2982/2982/2982 2981/2981/2981 
f 2981/2981/2981 2982/2982/2982 2983/2983/2983 
f 2982/2982/2982 2984/2984/2984 2983/2983/2983 
f 2983/2983/2983 2984/2984/2984 2985/2985/2985 
f 2984/2984/2984 2986/2986/2986 2985/2985/2985 
f 2985/2985/2985 2986/2986/2986 2987/2987/2987 
f 2986/2986/2986 2988/2988/2988 2987/2987/2987 
f 2987/2987/2987 2988/2988/2988 2989/2989/2989 
f 2988/2988/2988 2990/2990/2990 2989/2989/2989 
f 2989/2989/2989 2990/2990/2990 2991/2991/2991 
f 2990/2990/2990 2992/2992/2992 2991/2991/2991 
f 2991/2991/2991 2992/2992/2992 2993/2993/2993 
f 2992/2992/2992 2994/2994/2994 2993/2993/2993 
f 2993/2993/2993 2994/2994/2994 2995/2995/2995 
f 2994/2994/2994 2996/2996/2996 2995/2995/2995 
f 2995/2995/2995 2996/2996/2996 2997/2997/2997 
f 2996/2996/2996 2998/2998/2998 2997/2997/2997 
f 2997/2997/2997 2998/2998/2998 2999/2999/2999 
f 2998/2998/2998 3000/3000/3000 2999/2999/2999 
f 2999/2999/2999 3000/3000/3000 3001/3001/3001 
f 3000/3000/3000 3002/3002/3002 3001/3001/3001 
f 3001/3001/3001 3002/3002/3002 3003/3003/3003 
f 3002/3002/3002 3004/3004/3004 3003/3003/3003 
f 3003/3003/3003 3004/3004/3004 3005/3005/3005 
f 3004/3004/3004 3006/3006/3006 3005/3005/3005 
f 3005/3005/3005 3006/3006/3006 3007/3007/3007 
f 3006/3006/3006 3008/3008/3008 3007/3007/3007 
f 3007/3007/3007 3008/3008/3008 2969/2969/2969 
f 3008/3008/3008 2970/2970/2970 2969/2969/2969 
f 2969/2969/2969 2970/2970/2970 2970/2970/2970 
f 2970/2970/2970 3009/3009/3009 2970/2970/2970 
f 2970/2970/2970 3009/3009/3009 3009/3009/3009 
f 3009/3009/3009 3010/3010/3010 3009/3009/3009 
f 3009/3009/3009 3010/3010/3010 3011/3011/3011 
f 3010/3010/3010 3012/3012/3012 3011/3011/3011 
f 3011/3011/3011 3012/3012/3012 3013/3013/3013 
f 3012/3012/3012 3014/3014/3014 3013/3013/3013 
f 3013/3013/3013 3014/3014/3014 3015/3015/3015 
f 3014/3014/3014 3016/3016/3016 3015/3015/3015 
f 3015/3015/3015 3016/3016/3016 3017/3017/3017 
f 3016/3016/3016 3018/3018/3018 3017/3017/3017 
f 3017/3017/3017 3018/3018/3018 3019/3019/3019 
f 3018/3018/3018 3020/3020/3020 3019/3019/3019 
f 3019/3019/3019 3020/3020/3020 3021/3021/3021 
f 3020/3020/3020 3022/3022/3022 3021/3021/3021 
f 3021/3021/3021 3022/3022/3022 3023/3023/3023 
f 3022/3022/3022 3024/3024/3024 3023/3023/3023 
f 3023/3023/3023 3024/3024/3024 3025/3025/3025 
f 3024/3024/3024 3026/3026/3026 3025/3025/3025 
f 3025/3025/3025 3026/3026/3026 3027/3027/3027 
f 3026/3026/3026 3028/3028/3028 3027/3027/3027 
f 3027/3027/3027 3028/3028/3028 3009/3009/3009 
f 3028/3028/3028 3010/3010/3010 3009/3009/3009 
f 3009/3009/3009 3010/3010/3010 3010/3010/3010 
f 3010/3010/3010 3028/3028/3028 3010/3010/3010 
f 3010/3010/3010 3028/3028/3028 3028/3028/3028 
f 3028/3028/3028 3026/3026/3026 3028/3028/3028 
f 3028/3028/3028 3026/3026/3026 3010/3010/3010 
f 3026/3026/3026 3029/3029/3029 3010/3010/3010 
f 3010/3010/3010 3029/3029/3029 3012/3012/3012 
f 3029/3029/3029 3014/3014/3014 3012/3012/3012 
f 3012/3012/3012 3014/3014/3014 3014/3014/3014 
f 3014/3014/3014 3026/3026/3026 3014/3014/3014 
f 3014/3014/3014 3026/3026/3026 3026/3026/3026 
f 3026/3026/3026 3024/3024/3024 3026/3026/3026 
f 3026/3026/3026 3024/3024/3024 3029/3029/3029 
f 3024/3024/3024 3022/3022/3022 3029/3029/3029 
f 3029/3029/3029 3022/3022/3022 3020/3020/3020 
f 3022/3022/3022 3020/3020/3020 3020/3020/3020 
f 3020/3020/3020 3020/3020/3020 3020/3020/3020 
f 3020/3020/3020 3018/3018/3018 3020/3020/3020 
f 3020/3020/3020 3018/3018/3018 3029/3029/3029 
f 3018/3018/3018 3016/3016/3016 3029/3029/3029 
f 3029/3029/3029 3016/3016/3016 3014/3014/3014 
f 3016/3016/3016 3014/3014/3014 3014/3014/3014 
f 3014/3014/3014 3014/3014/3014 3030/3030/3030 
f 3014/3014/3014 3030/3030/3030 3030/3030/3030 
f 3030/3030/3030 3030/3030/3030 3030/3030/3030 
f 3030/3030/3030 3031/3031/3031 3030/3030/3030 
f 3030/3030/3030 3031/3031/3031 3032/3032/3032 
f 3031/3031/3031 3033/3033/3033 3032/3032/3032 
f 3032/3032/3032 3033/3033/3033 3034/3034/3034 
f 3033/3033/3033 3035/3035/3035 3034/3034/3034 
f 3034/3034/3034 3035/3035/3035 3036/3036/3036 
f 3035/3035/3035 3037/3037/3037 3036/3036/3036 
f 3036/3036/3036 3037/3037/3037 3038/3038/3038 
f 3037/3037/3037 3039/3039/3039 3038/3038/3038 
f 3038/3038/3038 3039/3039/3039 3040/3040/3040 
f 3039/3039/3039 3041/3041/3041 3040/3040/3040 
f 3040/3040/3040 3041/3041/3041 3042/3042/3042 
f 3041/3041/3041 3043/3043/3043 3042/3042/3042 
f 3042/3042/3042 3043/3043/3043 3044/3044/3044 
f 3043/3043/3043 3045/3045/3045 3044/3044/3044 
f 3044/3044/3044 3045/3045/3045 3046/3046/3046 
f 3045/3045/3045 3047/3047/3047 3046/3046/3046 
f 3046/3046/3046 3047/3047/3047 3048/3048/3048 
f 3047/3047/3047 3049/3049/3049 3048/3048/3048 
f 3048/3048/3048 3049/3049/3049 3050/3050/3050 
f 3049/3049/3049 3051/3051/3051 3050/3050/3050 
f 3050/3050/3050 3051/3051/3051 3052/3052/3052 
f 3051/3051/3051 3053/3053/3053 3052/3052/3052 
f 3052/3052/3052 3053/3053/3053 3054/3054/3054 
f 3053/3053/3053 3055/3055/3055 3054/3054/3054 
f 3054/3054/3054 3055/3055/3055 3056/3056/3056 
f 3055/3055/3055 3057/3057/3057 3056/3056/3056 
f 3056/3056/3056 3057/3057/3057 3058/3058/3058 
f 3057/3057/3057 3059/3059/3059 3058/3058/3058 
f 3058/3058/3058 3059/3059/3059 3060/3060/3060 
f 3059/3059/3059 3061/3061/3061 3060/3060/3060 
f 3060/3060/3060 3061/3061/3061 3062/3062/3062 
f 3061/3061/3061 3063/3063/3063 3062/3062/3062 
f 3062/3062/3062 3063/3063/3063 3064/3064/3064 
f 3063/3063/3063 3065/3065/3065 3064/3064/3064 
f 3064/3064/3064 3065/3065/3065 3030/3030/3030 
f 3065/3065/3065 3031/3031/3031 3030/3030/3030 
f 3030/3030/3030 3031/3031/3031 3031/3031/3031 
f 3031/3031/3031 3066/3066/3066 3031/3031/3031 
f 3031/3031/3031 3066/3066/3066 3066/3066/3066 
f 3066/3066/3066 3067/3067/3067 3066/3066/3066 
f 3066/3066/3066 3067/3067/3067 3068/3068/3068 
f 3067/3067/3067 3069/3069/3069 3068/3068/3068 
f 3068/3068/3068 3069/3069/3069 3070/3070/3070 
f 3069/3069/3069 3071/3071/3071 3070/3070/3070 
f 3070/3070/3070 3071/3071/3071 3072/3072/3072 
f 3071/3071/3071 3073/3073/3073 3072/3072/3072 
f 3072/3072/3072 3073/3073/3073 3074/3074/3074 
f 3073/3073/3073 3075/3075/3075 3074/3074/3074 
f 3074/3074/3074 3075/3075/3075 3076/3076/3076 
f 3075/3075/3075 3077/3077/3077 3076/3076/3076 
f 3076/3076/3076 3077/3077/3077 3078/3078/3078 
f 3077/3077/3077 3079/3079/3079 3078/3078/3078 
f 3078/3078/3078 3079/3079/3079 3080/3080/3080 
f 3079/3079/3079 3081/3081/3081 3080/3080/3080 
f 3080/3080/3080 3081/3081/3081 3082/3082/3082 
f 3081/3081/3081 3083/3083/3083 3082/3082/3082 
f 3082/3082/3082 3083/3083/3083 3084/3084/3084 
f 3083/3083/3083 3085/3085/3085 3084/3084/3084 
f 3084/3084/3084 3085/3085/3085 3066/3066/3066 
f 3085/3085/3085 3067/3067/3067 3066/3066/3066 
f 3066/3066/3066 3067/3067/3067 3067/3067/3067 
f 3067/3067/3067 3069/3069/3069 3067/3067/3067 
f 3067/3067/3067 3069/3069/3069 3069/3069/3069 
f 3069/3069/3069 3067/3067/3067 3069/3069/3069 
f 3069/3069/3069 3067/3067/3067 3071/3071/3071 
f 3067/3067/3067 3086/3086/3086 3071/3071/3071 
f 3071/3071/3071 3086/3086/3086 3073/3073/3073 
f 3086/3086/3086 3075/3075/3075 3073/3073/3073 
f 3073/3073/3073 3075/3075/3075 3075/3075/3075 
f 3075/3075/3075 3067/3067/3067 3075/3075/3075 
f 3075/3075/3075 3067/3067/3067 3067/3067/3067 
f 3067/3067/3067 3085/3085/3085 3067/3067/3067 
f 3067/3067/3067 3085/3085/3085 3086/3086/3086 
f 3085/3085/3085 3083/3083/3083 3086/3086/3086 
f 3086/3086/3086 3083/3083/3083 3081/3081/3081 
f 3083/3083/3083 3081/3081/3081 3081/3081/3081 
f 3081/3081/3081 3081/3081/3081 3081/3081/3081 
f 3081/3081/3081 3079/3079/3079 3081/3081/3081 
f 3081/3081/3081 3079/3079/3079 3086/3086/3086 
f 3079/3079/3079 3077/3077/3077 3086/3086/3086 
f 3086/3086/3086 3077/3077/3077 3075/3075/3075 
f 3077/3077/3077 3075/3075/3075 3075/3075/3075 
f 3075/3075/3075 3075/3075/3075 3087/3087/3087 
f 3075/3075/3075 3087/3087/3087 3087/3087/3087 
f 3087/3087/3087 3087/3087/3087 3087/3087/3087 
f 3087/3087/3087 3088/3088/3088 3087/3087/3087 
f 3087/3087/3087 3088/3088/3088 3089/3089/3089 
f 3088/3088/3088 3090/3090/3090 3089/3089/3089 
f 3089/3089/3089 3090/3090/3090 3091/3091/3091 
f 3090/3090/3090 3092/3092/3092 3091/3091/3091 
f 3091/3091/3091 3092/3092/3092 3093/3093/3093 
f 3092/3092/3092 3094/3094/3094 3093/3093/3093 
f 3093/3093/3093 3094/3094/3094 3095/3095/3095 
f 3094/3094/3094 3096/3096/3096 3095/3095/3095 
f 3095/3095/3095 3096/3096/3096 3097/3097/3097 
f 3096/3096/3096 3098/3098/3098 3097/3097/3097 
f 3097/3097/3097 3098/3098/3098 3099/3099/3099 
f 3098/3098/3098 3100/3100/3100 3099/3099/3099 
f 3099/3099/3099 3100/3100/3100 3101/3101/3101 
f 3100/3100/3100 3102/3102/3102 3101/3101/3101 
f 3101/3101/3101 3102/3102/3102 3103/3103/3103 
f 3102/3102/3102 3104/3104/3104 3103/3103/3103 
f 3103/3103/3103 3104/3104/3104 3105/3105/3105 
f 3104/3104/3104 3106/3106/3106 3105/3105/3105 
f 3105/3105/3105 3106/3106/3106 3107/3107/3107 
f 3106/3106/3106 3108/3108/3108 3107/3107/3107 
f 3107/3107/3107 3108/3108/3108 3109/3109/3109 
f 3108/3108/3108 3110/3110/3110 3109/3109/3109 
f 3109/3109/3109 3110/3110/3110 3111/3111/3111 
f 3110/3110/3110 3112/3112/3112 3111/3111/3111 
f 3111/3111/3111 3112/3112/3112 3113/3113/3113 
f 3112/3112/3112 3114/3114/3114 3113/3113/3113 
f 3113/3113/3113 3114/3114/3114 3115/3115/3115 
f 3114/3114/3114 3116/3116/3116 3115/3115/3115 
f 3115/3115/3115 3116/3116/3116 3117/3117/3117 
f 3116/3116/3116 3118/3118/3118 3117/3117/3117 
f 3117/3117/3117 3118/3118/3118 3119/3119/3119 
f 3118/3118/3118 3120/3120/3120 3119/3119/3119 
f 3119/3119/3119 3120/3120/3120 3121/3121/3121 
f 3120/3120/3120 3122/3122/3122 3121/3121/3121 
f 3121/3121/3121 3122/3122/3122 3123/3123/3123 
f 3122/3122/3122 3124/3124/3124 3123/3123/3123 
f 3123/3123/3123 3124/3124/3124 3125/3125/3125 
f 3124/3124/3124 3126/3126/3126 3125/3125/3125 
f 3125/3125/3125 3126/3126/3126 3087/3087/3087 
f 3126/3126/3126 3088/3088/3088 3087/3087/3087 
f 3087/3087/3087 3088/3088/3088 3088/3088/3088 
f 3088/3088/3088 3127/3127/3127 3088/3088/3088 
f 3088/3088/3088 3127/3127/3127 3127/3127/3127 
f 3127/3127/3127 3128/3128/3128 3127/3127/3127 
f 3127/3127/3127 3128/3128/3128 3129/3129/3129 
f 3128/3128/3128 3130/3130/3130 3129/3129/3129 
f 3129/3129/3129 3130/3130/3130 3131/3131/3131 
f 3130/3130/3130 3132/3132/3132 3131/3131/3131 
f 3131/3131/3131 3132/3132/3132 3133/3133/3133 
f 3132/3132/3132 3134/3134/3134 3133/3133/3133 
f 3133/3133/3133 3134/3134/3134 3135/3135/3135 
f 3134/3134/3134 3136/3136/3136 3135/3135/3135 
f 3135/3135/3135 3136/3136/3136 3137/3137/3137 
f 3136/3136/3136 3138/3138/3138 3137/3137/3137 
f 3137/3137/3137 3138/3138/3138 3139/3139/3139 
f 3138/3138/3138 3140/3140/3140 3139/3139/3139 
f 3139/3139/3139 3140/3140/3140 3141/3141/3141 
f 3140/3140/3140 3142/3142/3142 3141/3141/3141 
f 3141/3141/3141 3142/3142/3142 3143/3143/3143 
f 3142/3142/3142 3144/3144/3144 3143/3143/3143 
f 3143/3143/3143 3144/3144/3144 3145/3145/3145 
f 3144/3144/3144 3146/3146/3146 3145/3145/3145 
f 3145/3145/3145 3146/3146/3146 3147/3147/3147 
f 3146/3146/3146 3148/3148/3148 3147/3147/3147 
f 3147/3147/3147 3148/3148/3148 3149/3149/3149 
f 3148/3148/3148 3150/3150/3150 3149/3149/3149 
f 3149/3149/3149 3150/3150/3150 3151/3151/3151 
f 3150/3150/3150 3152/3152/3152 3151/3151/3151 
f 3151/3151/3151 3152/3152/3152 3153/3153/3153 
f 3152/3152/3152 3154/3154/3154 3153/3153/3153 
f 3153/3153/3153 3154/3154/3154 3155/3155/3155 
f 3154/3154/3154 3156/3156/3156 3155/3155/3155 
f 3155/3155/3155 3156/3156/3156 3157/3157/3157 
f 3156/3156/3156 3158/3158/3158 3157/3157/3157 
f 3157/3157/3157 3158/3158/3158 3159/3159/3159 
f 3158/3158/3158 3160/3160/3160 3159/3159/3159 
f 3159/3159/3159 3160/3160/3160 3161/3161/3161 
f 3160/3160/3160 3162/3162/3162 3161/3161/3161 
f 3161/3161/3161 3162/3162/3162 3127/3127/3127 
f 3162/3162/3162 3128/3128/3128 3127/3127/3127 
f 3127/3127/3127 3128/3128/3128 3128/3128/3128 
f 3128/3128/3128 3163/3163/3163 3128/3128/3128 
f 3128/3128/3128 3163/3163/3163 3163/3163/3163 
f 3163/3163/3163 3164/3164/3164 3163/3163/3163 
f 3163/3163/3163 3164/3164/3164 3165/3165/3165 
f 3164/3164/3164 3166/3166/3166 3165/3165/3165 
f 3165/3165/3165 3166/3166/3166 3167/3167/3167 
f 3166/3166/3166 3168/3168/3168 3167/3167/3167 
f 3167/3167/3167 3168/3168/3168 3169/3169/3169 
f 3168/3168/3168 3170/3170/3170 3169/3169/3169 
f 3169/3169/3169 3170/3170/3170 3171/3171/3171 
f 3170/3170/3170 3172/3172/3172 3171/3171/3171 
f 3171/3171/3171 3172/3172/3172 3173/3173/3173 
f 3172/3172/3172 3174/3174/3174 3173/3173/3173 
f 3173/3173/3173 3174/3174/3174 3175/3175/3175 
f 3174/3174/3174 3176/3176/3176 3175/3175/3175 
f 3175/3175/3175 3176/3176/3176 3177/3177/3177 
f 3176/3176/3176 3178/3178/3178 3177/3177/3177 
f 3177/3177/3177 3178/3178/3178 3179/3179/3179 
f 3178/3178/3178 3180/3180/3180 3179/3179/3179 
f 3179/3179/3179 3180/3180/3180 3181/3181/3181 
f 3180/3180/3180 3182/3182/3182 3181/3181/3181 
f 3181/3181/3181 3182/3182/3182 3183/3183/3183 
f 3182/3182/3182 3184/3184/3184 3183/3183/3183 
f 3183/3183/3183 3184/3184/3184 3185/3185/3185 
f 3184/3184/3184 3186/3186/3186 3185/3185/3185 
f 3185/3185/3185 3186/3186/3186 3187/3187/3187 
f 3186/3186/3186 3188/3188/3188 3187/3187/3187 
f 3187/3187/3187 3188/3188/3188 3189/3189/3189 
f 3188/3188/3188 3190/3190/3190 3189/3189/3189 
f 3189/3189/3189 3190/3190/3190 3191/3191/3191 
f 3190/3190/3190 3192/3192/3192 3191/3191/3191 
f 3191/3191/3191 3192/3192/3192 3193/3193/3193 
f 3192/3192/3192 3194/3194/3194 3193/3193/3193 
f 3193/3193/3193 3194/3194/3194 3195/3195/3195 
f 3194/3194/3194 3196/3196/3196 3195/3195/3195 
f 3195/3195/3195 3196/3196/3196 3197/3197/3197 
f 3196/3196/3196 3198/3198/3198 3197/3197/3197 
f 3197/3197/3197 3198/3198/3198 3199/3199/3199 
f 3198/3198/3198 3200/3200/3200 3199/3199/3199 
f 3199/3199/3199 3200/3200/3200 3201/3201/3201 
f 3200/3200/3200 3202/3202/3202 3201/3201/3201 
f 3201/3201/3201 3202/3202/3202 3163/3163/3163 
f 3202/3202/3202 3164/3164/3164 3163/3163/3163 
f 3163/3163/3163 3164/3164/3164 3164/3164/3164 
f 3164/3164/3164 3203/3203/3203 3164/3164/3164 
f 3164/3164/3164 3203/3203/3203 3203/3203/3203 
f 3203/3203/3203 3204/3204/3204 3203/3203/3203 
f 3203/3203/3203 3204/3204/3204 3205/3205/3205 
f 3204/3204/3204 3206/3206/3206 3205/3205/3205 
f 3205/3205/3205 3206/3206/3206 3207/3207/3207 
f 3206/3206/3206 3208/3208/3208 3207/3207/3207 
f 3207/3207/3207 3208/3208/3208 3209/3209/3209 
f 3208/3208/3208 3210/3210/3210 3209/3209/3209 
f 3209/3209/3209 3210/3210/3210 3211/3211/3211 
f 3210/3210/3210 3212/3212/3212 3211/3211/3211 
f 3211/3211/3211 3212/3212/3212 3213/3213/3213 
f 3212/3212/3212 3214/3214/3214 3213/3213/3213 
f 3213/3213/3213 3214/3214/3214 3215/3215/3215 
f 3214/3214/3214 3216/3216/3216 3215/3215/3215 
f 3215/3215/3215 3216/3216/3216 3217/3217/3217 
f 3216/3216/3216 3218/3218/3218 3217/3217/3217 
f 3217/3217/3217 3218/3218/3218 3219/3219/3219 
f 3218/3218/3218 3220/3220/3220 3219/3219/3219 
f 3219/3219/3219 3220/3220/3220 3221/3221/3221 
f 3220/3220/3220 3222/3222/3222 3221/3221/3221 
f 3221/3221/3221 3222/3222/3222 3223/3223/3223 
f 3222/3222/3222 3224/3224/3224 3223/3223/3223 
f 3223/3223/3223 3224/3224/3224 3225/3225/3225 
f 3224/3224/3224 3226/3226/3226 3225/3225/3225 
f 3225/3225/3225 3226/3226/3226 3227/3227/3227 
f 3226/3226/3226 3228/3228/3228 3227/3227/3227 
f 3227/3227/3227 3228/3228/3228 3229/3229/3229 
f 3228/3228/3228 3230/3230/3230 3229/3229/3229 
f 3229/3229/3229 3230/3230/3230 3231/3231/3231 
f 3230/3230/3230 3232/3232/3232 3231/3231/3231 
f 3231/3231/3231 3232/3232/3232 3233/3233/3233 
f 3232/3232/3232 3234/3234/3234 3233/3233/3233 
f 3233/3233/3233 3234/3234/3234 3235/3235/3235 
f 3234/3234/3234 3236/3236/3236 3235/3235/3235 
f 3235/3235/3235 3236/3236/3236 3237/3237/3237 
f 3236/3236/3236 3238/3238/3238 3237/3237/3237 
f 3237/3237/3237 3238/3238/3238 3203/3203/3203 
f 3238/3238/3238 3204/3204/3204 3203/3203/3203 
f 3203/3203/3203 3204/3204/3204 3204/3204/3204 
f 3204/3204/3204 3239/3239/3239 3204/3204/3204 
f 3204/3204/3204 3239/3239/3239 3239/3239/3239 
f 3239/3239/3239 3240/3240/3240 3239/3239/3239 
f 3239/3239/3239 3240/3240/3240 3241/3241/3241 
f 3240/3240/3240 3242/3242/3242 3241/3241/3241 
f 3241/3241/3241 3242/3242/3242 3243/3243/3243 
f 3242/3242/3242 3244/3244/3244 3243/3243/3243 
f 3243/3243/3243 3244/3244/3244 3245/3245/3245 
f 3244/3244/3244 3246/3246/3246 3245/3245/3245 
f 3245/3245/3245 3246/3246/3246 3247/3247/3247 
f 3246/3246/3246 3248/3248/3248 3247/3247/3247 
f 3247/3247/3247 3248/3248/3248 3249/3249/3249 
f 3248/3248/3248 3250/3250/3250 3249/3249/3249 
f 3249/3249/3249 3250/3250/3250 3251/3251/3251 
f 3250/3250/3250 3252/3252/3252 3251/3251/3251 
f 3251/3251/3251 3252/3252/3252 3253/3253/3253 
f 3252/3252/3252 3254/3254/3254 3253/3253/3253 
f 3253/3253/3253 3254/3254/3254 3255/3255/3255 
f 3254/3254/3254 3256/3256/3256 3255/3255/3255 
f 3255/3255/3255 3256/3256/3256 3257/3257/3257 
f 3256/3256/3256 3258/3258/3258 3257/3257/3257 
f 3257/3257/3257 3258/3258/3258 3259/3259/3259 
f 3258/3258/3258 3260/3260/3260 3259/3259/3259 
f 3259/3259/3259 3260/3260/3260 3261/3261/3261 
f 3260/3260/3260 3262/3262/3262 3261/3261/3261 
f 3261/3261/3261 3262/3262/3262 3263/3263/3263 
f 3262/3262/3262 3264/3264/3264 3263/3263/3263 
f 3263/3263/3263 3264/3264/3264 3265/3265/3265 
f 3264/3264/3264 3266/3266/3266 3265/3265/3265 
f 3265/3265/3265 3266/3266/3266 3267/3267/3267 
f 3266/3266/3266 3268/3268/3268 3267/3267/3267 
f 3267/3267/3267 3268/3268/3268 3269/3269/3269 
f 3268/3268/3268 3270/3270/3270 3269/3269/3269 
f 3269/3269/3269 3270/3270/3270 3271/3271/3271 
f 3270/3270/3270 3272/3272/3272 3271/3271/3271 
f 3271/3271/3271 3272/3272/3272 3273/3273/3273 
f 3272/3272/3272 3274/3274/3274 3273/3273/3273 
f 3273/3273/3273 3274/3274/3274 3239/3239/3239 
f 3274/3274/3274 3240/3240/3240 3239/3239/3239 
f 3239/3239/3239 3240/3240/3240 3240/3240/3240 
f 3240/3240/3240 3275/3275/3275 3240/3240/3240 
f 3240/3240/3240 3275/3275/3275 3275/3275/3275 
f 3275/3275/3275 3276/3276/3276 3275/3275/3275 
f 3275/3275/3275 3276/3276/3276 3277/3277/3277 
f 3276/3276/3276 3278/3278/3278 3277/3277/3277 
f 3277/3277/3277 3278/3278/3278 3279/3279/3279 
f 3278/3278/3278 3280/3280/3280 3279/3279/3279 
f 3279/3279/3279 3280/3280/3280 3281/3281/3281 
f 3280/3280/3280 3282/3282/3282 3281/3281/3281 
f 3281/3281/3281 3282/3282/3282 3283/3283/3283 
f 3282/3282/3282 3284/3284/3284 3283/3283/3283 
f 3283/3283/3283 3284/3284/3284 3285/3285/3285 
f 3284/3284/3284 3286/3286/3286 3285/3285/3285 
f 3285/3285/3285 3286/3286/3286 3287/3287/3287 
f 3286/3286/3286 3288/3288/3288 3287/3287/3287 
f 3287/3287/3287 3288/3288/3288 3289/3289/3289 
f 3288/3288/3288 3290/3290/3290 3289/3289/3289 
f 3289/3289/3289 3290/3290/3290 3291/3291/3291 
f 3290/3290/3290 3292/3292/3292 3291/3291/3291 
f 3291/3291/3291 3292/3292/3292 3293/3293/3293 
f 3292/3292/3292 3294/3294/3294 3293/3293/3293 
f 3293/3293/3293 3294/3294/3294 3295/3295/3295 
f 3294/3294/3294 3296/3296/3296 3295/3295/3295 
f 3295/3295/3295 3296/3296/3296 3297/3297/3297 
f 3296/3296/3296 3298/3298/3298 3297/3297/3297 
f 3297/3297/3297 3298/3298/3298 3299/3299/3299 
f 3298/3298/3298 3300/3300/3300 3299/3299/3299 
f 3299/3299/3299 3300/3300/3300 3301/3301/3301 
f 3300/3300/3300 3302/3302/3302 3301/3301/3301 
f 3301/3301/3301 3302/3302/3302 3303/3303/3303 
f 3302/3302/3302 3304/3304/3304 3303/3303/3303 
f 3303/3303/3303 3304/3304/3304 3305/3305/3305 
f 3304/3304/3304 3306/3306/3306 3305/3305/3305 
f 3305/3305/3305 3306/3306/3306 3307/3307/3307 
f 3306/3306/3306 3308/3308/3308 3307/3307/3307 
f 3307/3307/3307 3308/3308/3308 3309/3309/3309 
f 3308/3308/3308 3310/3310/3310 3309/3309/3309 
f 3309/3309/3309 3310/3310/3310 3311/3311/3311 
f 3310/3310/3310 3312/3312/3312 3311/3311/3311 
f 3311/3311/3311 3312/3312/3312 3313/3313/3313 
f 3312/3312/3312 3314/3314/3314 3313/3313/3313 
f 3313/3313/3313 3314/3314/3314 3275/3275/3275 
f 3314/3314/3314 3276/3276/3276 3275/3275/3275 
f 3275/3275/3275 3276/3276/3276 3276/3276/3276 
f 3276/3276/3276 3314/3314/3314 3276/3276/3276 
f 3276/3276/3276 3314/3314/3314 3314/3314/3314 
f 3314/3314/3314 3315/3315/3315 3314/3314/3314 
f 3314/3314/3314 3315/3315/3315 3276/3276/3276 
f 3315/3315/3315 3316/3316/3316 3276/3276/3276 
f 3276/3276/3276 3316/3316/3316 3278/3278/3278 
f 3316/3316/3316 3317/3317/3317 3278/3278/3278 
f 3278/3278/3278 3317/3317/3317 3280/3280/3280 
f 3317/3317/3317 3318/3318/3318 3280/3280/3280 
f 3280/3280/3280 3318/3318/3318 3282/3282/3282 
f 3318/3318/3318 3319/3319/3319 3282/3282/3282 
f 3282/3282/3282 3319/3319/3319 3284/3284/3284 
f 3319/3319/3319 3320/3320/3320 3284/3284/3284 
f 3284/3284/3284 3320/3320/3320 3286/3286/3286 
f 3320/3320/3320 3321/3321/3321 3286/3286/3286 
f 3286/3286/3286 3321/3321/3321 3288/3288/3288 
f 3321/3321/3321 3322/3322/3322 3288/3288/3288 
f 3288/3288/3288 3322/3322/3322 3290/3290/3290 
f 3322/3322/3322 3323/3323/3323 3290/3290/3290 
f 3290/3290/3290 3323/3323/3323 3292/3292/3292 
f 3323/3323/3323 3324/3324/3324 3292/3292/3292 
f 3292/3292/3292 3324/3324/3324 3294/3294/3294 
f 3324/3324/3324 3325/3325/3325 3294/3294/3294 
f 3294/3294/3294 3325/3325/3325 3296/3296/3296 
f 3325/3325/3325 3326/3326/3326 3296/3296/3296 
f 3296/3296/3296 3326/3326/3326 3298/3298/3298 
f 3326/3326/3326 3327/3327/3327 3298/3298/3298 
f 3298/3298/3298 3327/3327/3327 3300/3300/3300 
f 3327/3327/3327 3328/3328/3328 3300/3300/3300 
f 3300/3300/3300 3328/3328/3328 3302/3302/3302 
f 3328/3328/3328 3329/3329/3329 3302/3302/3302 
f 3302/3302/3302 3329/3329/3329 3304/3304/3304 
f 3329/3329/3329 3330/3330/3330 3304/3304/3304 
f 3304/3304/3304 3330/3330/3330 3306/3306/3306 
f 3330/3330/3330 3331/3331/3331 3306/3306/3306 
f 3306/3306/3306 3331/3331/3331 3308/3308/3308 
f 3331/3331/3331 3332/3332/3332 3308/3308/3308 
f 3308/3308/3308 3332/3332/3332 3310/3310/3310 
f 3332/3332/3332 3333/3333/3333 3310/3310/3310 
f 3310/3310/3310 3333/3333/3333 3312/3312/3312 
f 3333/3333/3333 3334/3334/3334 3312/3312/3312 
f 3312/3312/3312 3334/3334/3334 3314/3314/3314 
f 3334/3334/3334 3315/3315/3315 3314/3314/3314 
f 3314/3314/3314 3315/3315/3315 3315/3315/3315 
f 3315/3315/3315 3334/3334/3334 3315/3315/3315 
f 3315/3315/3315 3334/3334/3334 3334/3334/3334 
f 3334/3334/3334 3335/3335/3335 3334/3334/3334 
f 3334/3334/3334 3335/3335/3335 3315/3315/3315 
f 3335/3335/3335 3336/3336/3336 3315/3315/3315 
f 3315/3315/3315 3336/3336/3336 3316/3316/3316 
f 3336/3336/3336 3337/3337/3337 3316/3316/3316 
f 3316/3316/3316 3337/3337/3337 3317/3317/3317 
f 3337/3337/3337 3338/3338/3338 3317/3317/3317 
f 3317/3317/3317 3338/3338/3338 3318/3318/3318 
f 3338/3338/3338 3339/3339/3339 3318/3318/3318 
f 3318/3318/3318 3339/3339/3339 3319/3319/3319 
f 3339/3339/3339 3340/3340/3340 3319/3319/3319 
f 3319/3319/3319 3340/3340/3340 3320/3320/3320 
f 3340/3340/3340 3341/3341/3341 3320/3320/3320 
f 3320/3320/3320 3341/3341/3341 3321/3321/3321 
f 3341/3341/3341 3342/3342/3342 3321/3321/3321 
f 3321/3321/3321 3342/3342/3342 3322/3322/3322 
f 3342/3342/3342 3343/3343/3343 3322/3322/3322 
f 3322/3322/3322 3343/3343/3343 3323/3323/3323 
f 3343/3343/3343 3344/3344/3344 3323/3323/3323 
f 3323/3323/3323 3344/3344/3344 3324/3324/3324 
f 3344/3344/3344 3345/3345/3345 3324/3324/3324 
f 3324/3324/3324 3345/3345/3345 3325/3325/3325 
f 3345/3345/3345 3346/3346/3346 3325/3325/3325 
f 3325/3325/3325 3346/3346/3346 3326/3326/3326 
f 3346/3346/3346 3347/3347/3347 3326/3326/3326 
f 3326/3326/3326 3347/3347/3347 3327/3327/3327 
f 3347/3347/3347 3348/3348/3348 3327/3327/3327 
f 3327/3327/3327 3348/3348/3348 3328/3328/3328 
f 3348/3348/3348 3349/3349/3349 3328/3328/3328 
f 3328/3328/3328 3349/3349/3349 3329/3329/3329 
f 3349/3349/3349 3350/3350/3350 3329/3329/3329 
f 3329/3329/3329 3350/3350/3350 3330/3330/3330 
f 3350/3350/3350 3351/3351/3351 3330/3330/3330 
f 3330/3330/3330 3351/3351/3351 3331/3331/3331 
f 3351/3351/3351 3352/3352/3352 3331/3331/3331 
f 3331/3331/3331 3352/3352/3352 3332/3332/3332 
f 3352/3352/3352 3353/3353/3353 3332/3332/3332 
f 3332/3332/3332 3353/3353/3353 3333/3333/3333 
f 3353/3353/3353 3354/3354/3354 3333/3333/3333 
f 3333/3333/3333 3354/3354/3354 3334/3334/3334 
f 3354/3354/3354 3335/3335/3335 3334/3334/3334 
f 3334/3334/3334 3335/3335/3335 3335/3335/3335 
f 3335/3335/3335 3355/3355/3355 3335/3335/3335 
f 3335/3335/3335 3355/3355/3355 3355/3355/3355 
f 3355/3355/3355 3356/3356/3356 3355/3355/3355 
f 3355/3355/3355 3356/3356/3356 3357/3357/3357 
f 3356/3356/3356 3358/3358/3358 3357/3357/3357 
f 3357/3357/3357 3358/3358/3358 3359/3359/3359 
f 3358/3358/3358 3360/3360/3360 3359/3359/3359 
f 3359/3359/3359 3360/3360/3360 3361/3361/3361 
f 3360/3360/3360 3362/3362/3362 3361/3361/3361 
f 3361/3361/3361 3362/3362/3362 3363/3363/3363 
f 3362/3362/3362 3364/3364/3364 3363/3363/3363 
f 3363/3363/3363 3364/3364/3364 3365/3365/3365 
f 3364/3364/3364 3366/3366/3366 3365/3365/3365 
f 3365/3365/3365 3366/3366/3366 3367/3367/3367 
f 3366/3366/3366 3368/3368/3368 3367/3367/3367 
f 3367/3367/3367 3368/3368/3368 3369/3369/3369 
f 3368/3368/3368 3370/3370/3370 3369/3369/3369 
f 3369/3369/3369 3370/3370/3370 3371/3371/3371 
f 3370/3370/3370 3372/3372/3372 3371/3371/3371 
f 3371/3371/3371 3372/3372/3372 3373/3373/3373 
f 3372/3372/3372 3374/3374/3374 3373/3373/3373 
f 3373/3373/3373 3374/3374/3374 3375/3375/3375 
f 3374/3374/3374 3376/3376/3376 3375/3375/3375 
f 3375/3375/3375 3376/3376/3376 3377/3377/3377 
f 3376/3376/3376 3378/3378/3378 3377/3377/3377 
f 3377/3377/3377 3378/3378/3378 3379/3379/3379 
f 3378/3378/3378 3380/3380/3380 3379/3379/3379 
f 3379/3379/3379 3380/3380/3380 3381/3381/3381 
f 3380/3380/3380 3382/3382/3382 3381/3381/3381 
f 3381/3381/3381 3382/3382/3382 3383/3383/3383 
f 3382/3382/3382 3384/3384/3384 3383/3383/3383 
f 3383/3383/3383 3384/3384/3384 3385/3385/3385 
f 3384/3384/3384 3386/3386/3386 3385/3385/3385 
f 3385/3385/3385 3386/3386/3386 3387/3387/3387 
f 3386/3386/3386 3388/3388/3388 3387/3387/3387 
f 3387/3387/3387 3388/3388/3388 3389/3389/3389 
f 3388/3388/3388 3390/3390/3390 3389/3389/3389 
f 3389/3389/3389 3390/3390/3390 3391/3391/3391 
f 3390/3390/3390 3392/3392/3392 3391/3391/3391 
f 3391/3391/3391 3392/3392/3392 3393/3393/3393 
f 3392/3392/3392 3394/3394/3394 3393/3393/3393 
f 3393/3393/3393 3394/3394/3394 3355/3355/3355 
f 3394/3394/3394 3356/3356/3356 3355/3355/3355 
f 3355/3355/3355 3356/3356/3356 3356/3356/3356 
f 3356/3356/3356 3395/3395/3395 3356/3356/3356 
f 3356/3356/3356 3395/3395/3395 3395/3395/3395 
f 3395/3395/3395 3396/3396/3396 3395/3395/3395 
f 3395/3395/3395 3396/3396/3396 3397/3397/3397 
f 3396/3396/3396 3398/3398/3398 3397/3397/3397 
f 3397/3397/3397 3398/3398/3398 3399/3399/3399 
f 3398/3398/3398 3400/3400/3400 3399/3399/3399 
f 3399/3399/3399 3400/3400/3400 3401/3401/3401 
f 3400/3400/3400 3402/3402/3402 3401/3401/3401 
f 3401/3401/3401 3402/3402/3402 3403/3403/3403 
f 3402/3402/3402 3404/3404/3404 3403/3403/3403 
f 3403/3403/3403 3404/3404/3404 3405/3405/3405 
f 3404/3404/3404 3406/3406/3406 3405/3405/3405 
f 3405/3405/3405 3406/3406/3406 3407/3407/3407 
f 3406/3406/3406 3408/3408/3408 3407/3407/3407 
f 3407/3407/3407 3408/3408/3408 3409/3409/3409 
f 3408/3408/3408 3410/3410/3410 3409/3409/3409 
f 3409/3409/3409 3410/3410/3410 3411/3411/3411 
f 3410/3410/3410 3412/3412/3412 3411/3411/3411 
f 3411/3411/3411 3412/3412/3412 3413/3413/3413 
f 3412/3412/3412 3414/3414/3414 3413/3413/3413 
f 3413/3413/3413 3414/3414/3414 3415/3415/3415 
f 3414/3414/3414 3416/3416/3416 3415/3415/3415 
f 3415/3415/3415 3416/3416/3416 3417/3417/3417 
f 3416/3416/3416 3418/3418/3418 3417/3417/3417 
f 3417/3417/3417 3418/3418/3418 3419/3419/3419 
f 3418/3418/3418 3420/3420/3420 3419/3419/3419 
f 3419/3419/3419 3420/3420/3420 3421/3421/3421 
f 3420/3420/3420 3422/3422/3422 3421/3421/3421 
f 3421/3421/3421 3422/3422/3422 3423/3423/3423 
f 3422/3422/3422 3424/3424/3424 3423/3423/3423 
f 3423/3423/3423 3424/3424/3424 3425/3425/3425 
f 3424/3424/3424 3426/3426/3426 3425/3425/3425 
f 3425/3425/3425 3426/3426/3426 3427/3427/3427 
f 3426/3426/3426 3428/3428/3428 3427/3427/3427 
f 3427/3427/3427 3428/3428/3428 3429/3429/3429 
f 3428/3428/3428 3430/3430/3430 3429/3429/3429 
f 3429/3429/3429 3430/3430/3430 3431/3431/3431 
f 3430/3430/3430 3432/3432/3432 3431/3431/3431 
f 3431/3431/3431 3432/3432/3432 3433/3433/3433 
f 3432/3432/3432 3434/3434/3434 3433/3433/3433 
f 3433/3433/3433 3434/3434/3434 3395/3395/3395 
f 3434/3434/3434 3396/3396/3396 3395/3395/3395 
f 3395/3395/3395 3396/3396/3396 3396/3396/3396 
f 3396/3396/3396 3434/3434/3434 3396/3396/3396 
f 3396/3396/3396 3434/3434/3434 3434/3434/3434 
f 3434/3434/3434 3435/3435/3435 3434/3434/3434 
f 3434/3434/3434 3435/3435/3435 3396/3396/3396 
f 3435/3435/3435 3436/3436/3436 3396/3396/3396 
f 3396/3396/3396 3436/3436/3436 3398/3398/3398 
f 3436/3436/3436 3437/3437/3437 3398/3398/3398 
f 3398/3398/3398 3437/3437/3437 3400/3400/3400 
f 3437/3437/3437 3438/3438/3438 3400/3400/3400 
f 3400/3400/3400 3438/3438/3438 3402/3402/3402 
f 3438/3438/3438 3439/3439/3439 3402/3402/3402 
f 3402/3402/3402 3439/3439/3439 3404/3404/3404 
f 3439/3439/3439 3440/3440/3440 3404/3404/3404 
f 3404/3404/3404 3440/3440/3440 3406/3406/3406 
f 3440/3440/3440 3441/3441/3441 3406/3406/3406 
f 3406/3406/3406 3441/3441/3441 3408/3408/3408 
f 3441/3441/3441 3442/3442/3442 3408/3408/3408 
f 3408/3408/3408 3442/3442/3442 3410/3410/3410 
f 3442/3442/3442 3443/3443/3443 3410/3410/3410 
f 3410/3410/3410 3443/3443/3443 3412/3412/3412 
f 3443/3443/3443 3444/3444/3444 3412/3412/3412 
f 3412/3412/3412 3444/3444/3444 3414/3414/3414 
f 3444/3444/3444 3445/3445/3445 3414/3414/3414 
f 3414/3414/3414 3445/3445/3445 3416/3416/3416 
f 3445/3445/3445 3446/3446/3446 3416/3416/3416 
f 3416/3416/3416 3446/3446/3446 3418/3418/3418 
f 3446/3446/3446 3447/3447/3447 3418/3418/3418 
f 3418/3418/3418 3447/3447/3447 3420/3420/3420 
f 3447/3447/3447 3448/3448/3448 3420/3420/3420 
f 3420/3420/3420 3448/3448/3448 3422/3422/3422 
f 3448/3448/3448 3449/3449/3449 3422/3422/3422 
f 3422/3422/3422 3449/3449/3449 3424/3424/3424 
f 3449/3449/3449 3450/3450/3450 3424/3424/3424 
f 3424/3424/3424 3450/3450/3450 3426/3426/3426 
f 3450/3450/3450 3451/3451/3451 3426/3426/3426 
f 3426/3426/3426 3451/3451/3451 3428/3428/3428 
f 3451/3451/3451 3452/3452/3452 3428/3428/3428 
f 3428/3428/3428 3452/3452/3452 3430/3430/3430 
f 3452/3452/3452 3453/3453/3453 3430/3430/3430 
f 3430/3430/3430 3453/3453/3453 3432/3432/3432 
f 3453/3453/3453 3454/3454/3454 3432/3432/3432 
f 3432/3432/3432 3454/3454/3454 3434/3434/3434 
f 3454/3454/3454 3435/3435/3435 3434/3434/3434 
f 3434/3434/3434 3435/3435/3435 3435/3435/3435 
f 3435/3435/3435 3454/3454/3454 3435/3435/3435 
f 3435/3435/3435 3454/3454/3454 3454/3454/3454 
f 3454/3454/3454 3455/3455/3455 3454/3454/3454 
f 3454/3454/3454 3455/3455/3455 3435/3435/3435 
f 3455/3455/3455 3456/3456/3456 3435/3435/3435 
f 3435/3435/3435 3456/3456/3456 3436/3436/3436 
f 3456/3456/3456 3457/3457/3457 3436/3436/3436 
f 3436/3436/3436 3457/3457/3457 3437/3437/3437 
f 3457/3457/3457 3458/3458/3458 3437/3437/3437 
f 3437/3437/3437 3458/3458/3458 3438/3438/3438 
f 3458/3458/3458 3459/3459/3459 3438/3438/3438 
f 3438/3438/3438 3459/3459/3459 3439/3439/3439 
f 3459/3459/3459 3460/3460/3460 3439/3439/3439 
f 3439/3439/3439 3460/3460/3460 3440/3440/3440 
f 3460/3460/3460 3461/3461/3461 3440/3440/3440 
f 3440/3440/3440 3461/3461/3461 3441/3441/3441 
f 3461/3461/3461 3462/3462/3462 3441/3441/3441 
f 3441/3441/3441 3462/3462/3462 3442/3442/3442 
f 3462/3462/3462 3463/3463/3463 3442/3442/3442 
f 3442/3442/3442 3463/3463/3463 3443/3443/3443 
f 3463/3463/3463 3464/3464/3464 3443/3443/3443 
f 3443/3443/3443 3464/3464/3464 3444/3444/3444 
f 3464/3464/3464 3465/3465/3465 3444/3444/3444 
f 3444/3444/3444 3465/3465/3465 3445/3445/3445 
f 3465/3465/3465 3466/3466/3466 3445/3445/3445 
f 3445/3445/3445 3466/3466/3466 3446/3446/3446 
f 3466/3466/3466 3467/3467/3467 3446/3446/3446 
f 3446/3446/3446 3467/3467/3467 3447/3447/3447 
f 3467/3467/3467 3468/3468/3468 3447/3447/3447 
f 3447/3447/3447 3468/3468/3468 3448/3448/3448 
f 3468/3468/3468 3469/3469/3469 3448/3448/3448 
f 3448/3448/3448 3469/3469/3469 3449/3449/3449 
f 3469/3469/3469 3470/3470/3470 3449/3449/3449 
f 3449/3449/3449 3470/3470/3470 3450/3450/3450 
f 3470/3470/3470 3471/3471/3471 3450/3450/3450 
f 3450/3450/3450 3471/3471/3471 3451/3451/3451 
f 3471/3471/3471 3472/3472/3472 3451/3451/3451 
f 3451/3451/3451 3472/3472/3472 3452/3452/3452 
f 3472/3472/3472 3473/3473/3473 3452/3452/3452 
f 3452/3452/3452 3473/3473/3473 3453/3453/3453 
f 3473/3473/3473 3474/3474/3474 3453/3453/3453 
f 3453/3453/3453 3474/3474/3474 3454/3454/3454 
f 3474/3474/3474 3455/3455/3455 3454/3454/3454 
f 3454/3454/3454 3455/3455/3455 3455/3455/3455 
f 3455/3455/3455 3475/3475/3475 3455/3455/3455 
f 3455/3455/3455 3475/3475/3475 3475/3475/3475 
f 3475/3475/3475 3476/3476/3476 3475/3475/3475 
f 3475/3475/3475 3476/3476/3476 3477/3477/3477 
f 3476/3476/3476 3478/3478/3478 3477/3477/3477 
f 3477/3477/3477 3478/3478/3478 3479/3479/3479 
f 3478/3478/3478 3480/3480/3480 3479/3479/3479 
f 3479/3479/3479 3480/3480/3480 3481/3481/3481 
f 3480/3480/3480 3482/3482/3482 3481/3481/3481 
f 3481/3481/3481 3482/3482/3482 3483/3483/3483 
f 3482/3482/3482 3484/3484/3484 3483/3483/3483 
f 3483/3483/3483 3484/3484/3484 3485/3485/3485 
f 3484/3484/3484 3486/3486/3486 3485/3485/3485 
f 3485/3485/3485 3486/3486/3486 3487/3487/3487 
f 3486/3486/3486 3488/3488/3488 3487/3487/3487 
f 3487/3487/3487 3488/3488/3488 3489/3489/3489 
f 3488/3488/3488 3490/3490/3490 3489/3489/3489 
f 3489/3489/3489 3490/3490/3490 3491/3491/3491 
f 3490/3490/3490 3492/3492/3492 3491/3491/3491 
f 3491/3491/3491 3492/3492/3492 3493/3493/3493 
f 3492/3492/3492 3494/3494/3494 3493/3493/3493 
f 3493/3493/3493 3494/3494/3494 3495/3495/3495 
f 3494/3494/3494 3496/3496/3496 3495/3495/3495 
f 3495/3495/3495 3496/3496/3496 3497/3497/3497 
f 3496/3496/3496 3498/3498/3498 3497/3497/3497 
f 3497/3497/3497 3498/3498/3498 3499/3499/3499 
f 3498/3498/3498 3500/3500/3500 3499/3499/3499 
f 3499/3499/3499 3500/3500/3500 3501/3501/3501 
f 3500/3500/3500 3502/3502/3502 3501/3501/3501 
f 3501/3501/3501 3502/3502/3502 3503/3503/3503 
f 3502/3502/3502 3504/3504/3504 3503/3503/3503 
f 3503/3503/3503 3504/3504/3504 3505/3505/3505 
f 3504/3504/3504 3506/3506/3506 3505/3505/3505 
f 3505/3505/3505 3506/3506/3506 3507/3507/3507 
f 3506/3506/3506 3508/3508/3508 3507/3507/3507 
f 3507/3507/3507 3508/3508/3508 3509/3509/3509 
f 3508/3508/3508 3510/3510/3510 3509/3509/3509 
f 3509/3509/3509 3510/3510/3510 3511/3511/3511 
f 3510/3510/3510 3512/3512/3512 3511/3511/3511 
f 3511/3511/3511 3512/3512/3512 3513/3513/3513 
f 3512/3512/3512 3514/3514/3514 3513/3513/3513 
f 3513/3513/3513 3514/3514/3514 3475/3475/3475 
f 3514/3514/3514 3476/3476/3476 3475/3475/3475 
f 3475/3475/3475 3476/3476/3476 3476/3476/3476 
f 3476/3476/3476 3514/3514/3514 3476/3476/3476 
f 3476/3476/3476 3514/3514/3514 3514/3514/3514 
f 3514/3514/3514 3515/3515/3515 3514/3514/3514 
f 3514/3514/3514 3515/3515/3515 3476/3476/3476 
f 3515/3515/3515 3516/3516/3516 3476/3476/3476 
f 3476/3476/3476 3516/3516/3516 3478/3478/3478 
f 3516/3516/3516 3517/3517/3517 3478/3478/3478 
f 3478/3478/3478 3517/3517/3517 3480/3480/3480 
f 3517/3517/3517 3518/3518/3518 3480/3480/3480 
f 3480/3480/3480 3518/3518/3518 3482/3482/3482 
f 3518/3518/3518 3519/3519/3519 3482/3482/3482 
f 3482/3482/3482 3519/3519/3519 3484/3484/3484 
f 3519/3519/3519 3520/3520/3520 3484/3484/3484 
f 3484/3484/3484 3520/3520/3520 3486/3486/3486 
f 3520/3520/3520 3521/3521/3521 3486/3486/3486 
f 3486/3486/3486 3521/3521/3521 3488/3488/3488 
f 3521/3521/3521 3522/3522/3522 3488/3488/3488 
f 3488/3488/3488 3522/3522/3522 3490/3490/3490 
f 3522/3522/3522 3523/3523/3523 3490/3490/3490 
f 3490/3490/3490 3523/3523/3523 3492/3492/3492 
f 3523/3523/3523 3524/3524/3524 3492/3492/3492 
f 3492/3492/3492 3524/3524/3524 3494/3494/3494 
f 3524/3524/3524 3525/3525/3525 3494/3494/3494 
f 3494/3494/3494 3525/3525/3525 3496/3496/3496 
f 3525/3525/3525 3526/3526/3526 3496/3496/3496 
f 3496/3496/3496 3526/3526/3526 3498/3498/3498 
f 3526/3526/3526 3527/3527/3527 3498/3498/3498 
f 3498/3498/3498 3527/3527/3527 3500/3500/3500 
f 3527/3527/3527 3528/3528/3528 3500/3500/3500 
f 3500/3500/3500 3528/3528/3528 3502/3502/3502 
f 3528/3528/3528 3529/3529/3529 3502/3502/3502 
f 3502/3502/3502 3529/3529/3529 3504/3504/3504 
f 3529/3529/3529 3530/3530/3530 3504/3504/3504 
f 3504/3504/3504 3530/3530/3530 3506/3506/3506 
f 3530/3530/3530 3531/3531/3531 3506/3506/3506 
f 3506/3506/3506 3531/3531/3531 3508/3508/3508 
f 3531/3531/3531 3532/3532/3532 3508/3508/3508 
f 3508/3508/3508 3532/3532/3532 3510/3510/3510 
f 3532/3532/3532 3533/3533/3533 3510/3510/3510 
f 3510/3510/3510 3533/3533/3533 3512/3512/3512 
f 3533/3533/3533 3534/3534/3534 3512/3512/3512 
f 3512/3512/3512 3534/3534/3534 3514/3514/3514 
f 3534/3534/3534 3515/3515/3515 3514/3514/3514 
f 3514/3514/3514 3515/3515/3515 3515/3515/3515 
f 3515/3515/3515 3534/3534/3534 3515/3515/3515 
f 3515/3515/3515 3534/3534/3534 3534/3534/3534 
f 3534/3534/3534 3535/3535/3535 3534/3534/3534 
f 3534/3534/3534 3535/3535/3535 3515/3515/3515 
f 3535/3535/3535 3536/3536/3536 3515/3515/3515 
f 3515/3515/3515 3536/3536/3536 3516/3516/3516 
f 3536/3536/3536 3537/3537/3537 3516/3516/3516 
f 3516/3516/3516 3537/3537/3537 3517/3517/3517 
f 3537/3537/3537 3538/3538/3538 3517/3517/3517 
f 3517/3517/3517 3538/3538/3538 3518/3518/3518 
f 3538/3538/3538 3539/3539/3539 3518/3518/3518 
f 3518/3518/3518 3539/3539/3539 3519/3519/3519 
f 3539/3539/3539 3540/3540/3540 3519/3519/3519 
f 3519/3519/3519 3540/3540/3540 3520/3520/3520 
f 3540/3540/3540 3541/3541/3541 3520/3520/3520 
f 3520/3520/3520 3541/3541/3541 3521/3521/3521 
f 3541/3541/3541 3542/3542/3542 3521/3521/3521 
f 3521/3521/3521 3542/3542/3542 3522/3522/3522 
f 3542/3542/3542 3543/3543/3543 3522/3522/3522 
f 3522/3522/3522 3543/3543/3543 3523/3523/3523 
f 3543/3543/3543 3544/3544/3544 3523/3523/3523 
f 3523/3523/3523 3544/3544/3544 3524/3524/3524 
f 3544/3544/3544 3545/3545/3545 3524/3524/3524 
f 3524/3524/3524 3545/3545/3545 3525/3525/3525 
f 3545/3545/3545 3546/3546/3546 3525/3525/3525 
f 3525/3525/3525 3546/3546/3546 3526/3526/3526 
f 3546/3546/3546 3547/3547/3547 3526/3526/3526 
f 3526/3526/3526 3547/3547/3547 3527/3527/3527 
f 3547/3547/3547 3548/3548/3548 3527/3527/3527 
f 3527/3527/3527 3548/3548/3548 3528/3528/3528 
f 3548/3548/3548 3549/3549/3549 3528/3528/3528 
f 3528/3528/3528 3549/3549/3549 3529/3529/3529 
f 3549/3549/3549 3550/3550/3550 3529/3529/3529 
f 3529/3529/3529 3550/3550/3550 3530/3530/3530 
f 3550/3550/3550 3551/3551/3551 3530/3530/3530 
f 3530/3530/3530 3551/3551/3551 3531/3531/3531 
f 3551/3551/3551 3552/3552/3552 3531/3531/3531 
f 3531/3531/3531 3552/3552/3552 3532/3532/3532 
f 3552/3552/3552 3553/3553/3553 3532/3532/3532 
f 3532/3532/3532 3553/3553/3553 3533/3533/3533 
f 3553/3553/3553 3554/3554/3554 3533/3533/3533 
f 3533/3533/3533 3554/3554/3554 3534/3534/3534 
f 3554/3554/3554 3535/3535/3535 3534/3534/3534 
f 3534/3534/3534 3535/3535/3535 3535/3535/3535 
f 3535/3535/3535 3555/3555/3555 3535/3535/3535 
f 3535/3535/3535 3555/3555/3555 3555/3555/3555 
f 3555/3555/3555 3556/3556/3556 3555/3555/3555 
f 3555/3555/3555 3556/3556/3556 3557/3557/3557 
f 3556/3556/3556 3558/3558/3558 3557/3557/3557 
f 3557/3557/3557 3558/3558/3558 3559/3559/3559 
f 3558/3558/3558 3560/3560/3560 3559/3559/3559 
f 3559/3559/3559 3560/3560/3560 3561/3561/3561 
f 3560/3560/3560 3562/3562/3562 3561/3561/3561 
f 3561/3561/3561 3562/3562/3562 3563/3563/3563 
f 3562/3562/3562 3564/3564/3564 3563/3563/3563 
f 3563/3563/3563 3564/3564/3564 3565/3565/3565 
f 3564/3564/3564 3566/3566/3566 3565/3565/3565 
f 3565/3565/3565 3566/3566/3566 3567/3567/3567 
f 3566/3566/3566 3568/3568/3568 3567/3567/3567 
f 3567/3567/3567 3568/3568/3568 3569/3569/3569 
f 3568/3568/3568 3570/3570/3570 3569/3569/3569 
f 3569/3569/3569 3570/3570/3570 3571/3571/3571 
f 3570/3570/3570 3572/3572/3572 3571/3571/3571 
f 3571/3571/3571 3572/3572/3572 3573/3573/3573 
f 3572/3572/3572 3574/3574/3574 3573/3573/3573 
f 3573/3573/3573 3574/3574/3574 3575/3575/3575 
f 3574/3574/3574 3576/3576/3576 3575/3575/3575 
f 3575/3575/3575 3576/3576/3576 3577/3577/3577 
f 3576/3576/3576 3578/3578/3578 3577/3577/3577 
f 3577/3577/3577 3578/3578/3578 3579/3579/3579 
f 3578/3578/3578 3580/3580/3580 3579/3579/3579 
f 3579/3579/3579 3580/3580/3580 3581/3581/3581 
f 3580/3580/3580 3582/3582/3582 3581/3581/3581 
f 3581/3581/3581 3582/3582/3582 3583/3583/3583 
f 3582/3582/3582 3584/3584/3584 3583/3583/3583 
f 3583/3583/3583 3584/3584/3584 3585/3585/3585 
f 3584/3584/3584 3586/3586/3586 3585/3585/3585 
f 3585/3585/3585 3586/3586/3586 3587/3587/3587 
f 3586/3586/3586 3588/3588/3588 3587/3587/3587 
f 3587/3587/3587 3588/3588/3588 3589/3589/3589 
f 3588/3588/3588 3590/3590/3590 3589/3589/3589 
f 3589/3589/3589 3590/3590/3590 3591/3591/3591 
f 3590/3590/3590 3592/3592/3592 3591/3591/3591 
f 3591/3591/3591 3592/3592/3592 3593/3593/3593 
f 3592/3592/3592 3594/3594/3594 3593/3593/3593 
f 3593/3593/3593 3594/3594/3594 3555/3555/3555 
f 3594/3594/3594 3556/3556/3556 3555/3555/3555 
f 3555/3555/3555 3556/3556/3556 3556/3556/3556 
f 3556/3556/3556 3595/3595/3595 3556/3556/3556 
f 3556/3556/3556 3595/3595/3595 3595/3595/3595 
f 3595/3595/3595 3596/3596/3596 3595/3595/3595 
f 3595/3595/3595 3596/3596/3596 3597/3597/3597 
f 3596/3596/3596 3598/3598/3598 3597/3597/3597 
f 3597/3597/3597 3598/3598/3598 3599/3599/3599 
f 3598/3598/3598 3600/3600/3600 3599/3599/3599 
f 3599/3599/3599 3600/3600/3600 3601/3601/3601 
f 3600/3600/3600 3602/3602/3602 3601/3601/3601 
f 3601/3601/3601 3602/3602/3602 3603/3603/3603 
f 3602/3602/3602 3604/3604/3604 3603/3603/3603 
f 3603/3603/3603 3604/3604/3604 3605/3605/3605 
f 3604/3604/3604 3606/3606/3606 3605/3605/3605 
f 3605/3605/3605 3606/3606/3606 3607/3607/3607 
f 3606/3606/3606 3608/3608/3608 3607/3607/3607 
f 3607/3607/3607 3608/3608/3608 3609/3609/3609 
f 3608/3608/3608 3610/3610/3610 3609/3609/3609 
f 3609/3609/3609 3610/3610/3610 3611/3611/3611 
f 3610/3610/3610 3612/3612/3612 3611/3611/3611 
f 3611/3611/3611 3612/3612/3612 3613/3613/3613 
f 3612/3612/3612 3614/3614/3614 3613/3613/3613 
f 3613/3613/3613 3614/3614/3614 3615/3615/3615 
f 3614/3614/3614 3616/3616/3616 3615/3615/3615 
f 3615/3615/3615 3616/3616/3616 3617/3617/3617 
f 3616/3616/3616 3618/3618/3618 3617/3617/3617 
f 3617/3617/3617 3618/3618/3618 3619/3619/3619 
f 3618/3618/3618 3620/3620/3620 3619/3619/3619 
f 3619/3619/3619 3620/3620/3620 3621/3621/3621 
f 3620/3620/3620 3622/3622/3622 3621/3621/3621 
f 3621/3621/3621 3622/3622/3622 3623/3623/3623 
f 3622/3622/3622 3624/3624/3624 3623/3623/3623 
f 3623/3623/3623 3624/3624/3624 3625/3625/3625 
f 3624/3624/3624 3626/3626/3626 3625/3625/3625 
f 3625/3625/3625 3626/3626/3626 3627/3627/3627 
f 3626/3626/3626 3628/3628/3628 3627/3627/3627 
f 3627/3627/3627 3628/3628/3628 3629/3629/3629 
f 3628/3628/3628 3630/3630/3630 3629/3629/3629 
f 3629/3629/3629 3630/3630/3630 3631/3631/3631 
f 3630/3630/3630 3632/3632/3632 3631/3631/3631 
f 3631/3631/3631 3632/3632/3632 3633/3633/3633 
f 3632/3632/3632 3634/3634/3634 3633/3633/3633 
f 3633/3633/3633 3634/3634/3634 3595/3595/3595 
f 3634/3634/3634 3596/3596/3596 3595/3595/3595 
f 3595/3595/3595 3596/3596/3596 3596/3596/3596 
f 3596/3596/3596 3635/3635/3635 3596/3596/3596 
f 3596/3596/3596 3635/3635/3635 3635/3635/3635 
f 3635/3635/3635 3636/3636/3636 3635/3635/3635 
f 3635/3635/3635 3636/3636/3636 3637/3637/3637 
f 3636/3636/3636 3638/3638/3638 3637/3637/3637 
f 3637/3637/3637 3638/3638/3638 3639/3639/3639 
f 3638/3638/3638 3640/3640/3640 3639/3639/3639 
f 3639/3639/3639 3640/3640/3640 3641/3641/3641 
f 3640/3640/3640 3642/3642/3642 3641/3641/3641 
f 3641/3641/3641 3642/3642/3642 3643/3643/3643 
f 3642/3642/3642 3644/3644/3644 3643/3643/3643 
f 3643/3643/3643 3644/3644/3644 3645/3645/3645 
f 3644/3644/3644 3646/3646/3646 3645/3645/3645 
f 3645/3645/3645 3646/3646/3646 3647/3647/3647 
f 3646/3646/3646 3648/3648/3648 3647/3647/3647 
f 3647/3647/3647 3648/3648/3648 3649/3649/3649 
f 3648/3648/3648 3650/3650/3650 3649/3649/3649 
f 3649/3649/3649 3650/3650/3650 3651/3651/3651 
f 3650/3650/3650 3652/3652/3652 3651/3651/3651 
f 3651/3651/3651 3652/3652/3652 3653/3653/3653 
f 3652/3652/3652 3654/3654/3654 3653/3653/3653 
f 3653/3653/3653 3654/3654/3654 3655/3655/3655 
f 3654/3654/3654 3656/3656/3656 3655/3655/3655 
f 3655/3655/3655 3656/3656/3656 3657/3657/3657 
f 3656/3656/3656 3658/3658/3658 3657/3657/3657 
f 3657/3657/3657 3658/3658/3658 3659/3659/3659 
f 3658/3658/3658 3660/3660/3660 3659/3659/3659 
f 3659/3659/3659 3660/3660/3660 3661/3661/3661 
f 3660/3660/3660 3662/3662/3662 3661/3661/3661 
f 3661/3661/3661 3662/3662/3662 3663/3663/3663 
f 3662/3662/3662 3664/3664/3664 3663/3663/3663 
f 3663/3663/3663 3664/3664/3664 3665/3665/3665 
f 3664/3664/3664 3666/3666/3666 3665/3665/3665 
f 3665/3665/3665 3666/3666/3666 3667/3667/3667 
f 3666/3666/3666 3668/3668/3668 3667/3667/3667 
f 3667/3667/3667 3668/3668/3668 3669/3669/3669 
f 3668/3668/3668 3670/3670/3670 3669/3669/3669 
f 3669/3669/3669 3670/3670/3670 3671/3671/3671 
f 3670/3670/3670 3672/3672/3672 3671/3671/3671 
f 3671/3671/3671 3672/3672/3672 3673/3673/3673 
f 3672/3672/3672 3674/3674/3674 3673/3673/3673 
f 3673/3673/3673 3674/3674/3674 3635/3635/3635 
f 3674/3674/3674 3636/3636/3636 3635/3635/3635 
f 3635/3635/3635 3636/3636/3636 3636/3636/3636 
f 3636/3636/3636 3674/3674/3674 3636/3636/3636 
f 3636/3636/3636 3674/3674/3674 3674/3674/3674 
f 3674/3674/3674 3675/3675/3675 3674/3674/3674 
f 3674/3674/3674 3675/3675/3675 3636/3636/3636 
f 3675/3675/3675 3676/3676/3676 3636/3636/3636 
f 3636/3636/3636 3676/3676/3676 3638/3638/3638 
f 3676/3676/3676 3677/3677/3677 3638/3638/3638 
f 3638/3638/3638 3677/3677/3677 3640/3640/3640 
f 3677/3677/3677 3678/3678/3678 3640/3640/3640 
f 3640/3640/3640 3678/3678/3678 3642/3642/3642 
f 3678/3678/3678 3679/3679/3679 3642/3642/3642 
f 3642/3642/3642 3679/3679/3679 3644/3644/3644 
f 3679/3679/3679 3680/3680/3680 3644/3644/3644 
f 3644/3644/3644 3680/3680/3680 3646/3646/3646 
f 3680/3680/3680 3681/3681/3681 3646/3646/3646 
f 3646/3646/3646 3681/3681/3681 3648/3648/3648 
f 3681/3681/3681 3682/3682/3682 3648/3648/3648 
f 3648/3648/3648 3682/3682/3682 3650/3650/3650 
f 3682/3682/3682 3683/3683/3683 3650/3650/3650 
f 3650/3650/3650 3683/3683/3683 3652/3652/3652 
f 3683/3683/3683 3684/3684/3684 3652/3652/3652 
f 3652/3652/3652 3684/3684/3684 3654/3654/3654 
f 3684/3684/3684 3685/3685/3685 3654/3654/3654 
f 3654/3654/3654 3685/3685/3685 3656/3656/3656 
f 3685/3685/3685 3686/3686/3686 3656/3656/3656 
f 3656/3656/3656 3686/3686/3686 3658/3658/3658 
f 3686/3686/3686 3687/3687/3687 3658/3658/3658 
f 3658/3658/3658 3687/3687/3687 3660/3660/3660 
f 3687/3687/3687 3688/3688/3688 3660/3660/3660 
f 3660/3660/3660 3688/3688/3688 3662/3662/3662 
f 3688/3688/3688 3689/3689/3689 3662/3662/3662 
f 3662/3662/3662 3689/3689/3689 3664/3664/3664 
f 3689/3689/3689 3690/3690/3690 3664/3664/3664 
f 3664/3664/3664 3690/3690/3690 3666/3666/3666 
f 3690/3690/3690 3691/3691/3691 3666/3666/3666 
f 3666/3666/3666 3691/3691/3691 3668/3668/3668 
f 3691/3691/3691 3692/3692/3692 3668/3668/3668 
f 3668/3668/3668 3692/3692/3692 3670/3670/3670 
f 3692/3692/3692 3693/3693/3693 3670/3670/3670 
f 3670/3670/3670 3693/3693/3693 3672/3672/3672 
f 3693/3693/3693 3694/3694/3694 3672/3672/3672 
f 3672/3672/3672 3694/3694/3694 3674/3674/3674 
f 3694/3694/3694 3675/3675/3675 3674/3674/3674 
f 3674/3674/3674 3675/3675/3675 3675/3675/3675 
f 3675/3675/3675 3694/3694/3694 3675/3675/3675 
f 3675/3675/3675 3694/3694/3694 3694/3694/3694 
f 3694/3694/3694 3695/3695/3695 3694/3694/3694 
f 3694/3694/3694 3695/3695/3695 3675/3675/3675 
f 3695/3695/3695 3696/3696/3696 3675/3675/3675 
f 3675/3675/3675 3696/3696/3696 3676/3676/3676 
f 3696/3696/3696 3697/3697/3697 3676/3676/3676 
f 3676/3676/3676 3697/3697/3697 3677/3677/3677 
f 3697/3697/3697 3698/3698/3698 3677/3677/3677 
f 3677/3677/3677 3698/3698/3698 3678/3678/3678 
f 3698/3698/3698 3699/3699/3699 3678/3678/3678 
f 3678/3678/3678 3699/3699/3699 3679/3679/3679 
f 3699/3699/3699 3700/3700/3700 3679/3679/3679 
f 3679/3679/3679 3700/3700/3700 3680/3680/3680 
f 3700/3700/3700 3701/3701/3701 3680/3680/3680 
f 3680/3680/3680 3701/3701/3701 3681/3681/3681 
f 3701/3701/3701 3702/3702/3702 3681/3681/3681 
f 3681/3681/3681 3702/3702/3702 3682/3682/3682 
f 3702/3702/3702 3703/3703/3703 3682/3682/3682 
f 3682/3682/3682 3703/3703/3703 3683/3683/3683 
f 3703/3703/3703 3704/3704/3704 3683/3683/3683 
f 3683/3683/3683 3704/3704/3704 3684/3684/3684 
f 3704/3704/3704 3705/3705/3705 3684/3684/3684 
f 3684/3684/3684 3705/3705/3705 3685/3685/3685 
f 3705/3705/3705 3706/3706/3706 3685/3685/3685 
f 3685/3685/3685 3706/3706/3706 3686/3686/3686 
f 3706/3706/3706 3707/3707/3707 3686/3686/3686 
f 3686/3686/3686 3707/3707/3707 3687/3687/3687 
f 3707/3707/3707 3708/3708/3708 3687/3687/3687 
f 3687/3687/3687 3708/3708/3708 3688/3688/3688 
f 3708/3708/3708 3709/3709/3709 3688/3688/3688 
f 3688/3688/3688 3709/3709/3709 3689/3689/3689 
f 3709/3709/3709 3710/3710/3710 3689/3689/3689 
f 3689/3689/3689 3710/3710/3710 3690/3690/3690 
f 3710/3710/3710 3711/3711/3711 3690/3690/3690 
f 3690/3690/3690 3711/3711/3711 3691/3691/3691 
f 3711/3711/3711 3712/3712/3712 3691/3691/3691 
f 3691/3691/3691 3712/3712/3712 3692/3692/3692 
f 3712/3712/3712 3713/3713/3713 3692/3692/3692 
f 3692/3692/3692 3713/3713/3713 3693/3693/3693 
f 3713/3713/3713 3714/3714/3714 3693/3693/3693 
f 3693/3693/3693 3714/3714/3714 3694/3694/3694 
f 3714/3714/3714 3695/3695/3695 3694/3694/3694 
f 3694/3694/3694 3695/3695/3695 3695/3695/3695 
f 3695/3695/3695 3715/3715/3715 3695/3695/3695 
f 3695/3695/3695 3715/3715/3715 3715/3715/3715 
f 3715/3715/3715 3716/3716/3716 3715/3715/3715 
f 3715/3715/3715 3716/3716/3716 3717/3717/3717 
f 3716/3716/3716 3718/3718/3718 3717/3717/3717 
f 3717/3717/3717 3718/3718/3718 3719/3719/3719 
f 3718/3718/3718 3720/3720/3720 3719/3719/3719 
f 3719/3719/3719 3720/3720/3720 3721/3721/3721 
f 3720/3720/3720 3722/3722/3722 3721/3721/3721 
f 3721/3721/3721 3722/3722/3722 3723/3723/3723 
f 3722/3722/3722 3724/3724/3724 3723/3723/3723 
f 3723/3723/3723 3724/3724/3724 3725/3725/3725 
f 3724/3724/3724 3726/3726/3726 3725/3725/3725 
f 3725/3725/3725 3726/3726/3726 3727/3727/3727 
f 3726/3726/3726 3728/3728/3728 3727/3727/3727 
f 3727/3727/3727 3728/3728/3728 3729/3729/3729 
f 3728/3728/3728 3730/3730/3730 3729/3729/3729 
f 3729/3729/3729 3730/3730/3730 3731/3731/3731 
f 3730/3730/3730 3732/3732/3732 3731/3731/3731 
f 3731/3731/3731 3732/3732/3732 3733/3733/3733 
f 3732/3732/3732 3734/3734/3734 3733/3733/3733 
f 3733/3733/3733 3734/3734/3734 3735/3735/3735 
f 3734/3734/3734 3736/3736/3736 3735/3735/3735 
f 3735/3735/3735 3736/3736/3736 3737/3737/3737 
f 3736/3736/3736 3738/3738/3738 3737/3737/3737 
f 3737/3737/3737 3738/3738/3738 3739/3739/3739 
f 3738/3738/3738 3740/3740/3740 3739/3739/3739 
f 3739/3739/3739 3740/3740/3740 3741/3741/3741 
f 3740/3740/3740 3742/3742/3742 3741/3741/3741 
f 3741/3741/3741 3742/3742/3742 3743/3743/3743 
f 3742/3742/3742 3744/3744/3744 3743/3743/3743 
f 3743/3743/3743 3744/3744/3744 3745/3745/3745 
f 3744/3744/3744 3746/3746/3746 3745/3745/3745 
f 3745/3745/3745 3746/3746/3746 3747/3747/3747 
f 3746/3746/3746 3748/3748/3748 3747/3747/3747 
f 3747/3747/3747 3748/3748/3748 3749/3749/3749 
f 3748/3748/3748 3750/3750/3750 3749/3749/3749 
f 3749/3749/3749 3750/3750/3750 3751/3751/3751 
f 3750/3750/3750 3752/3752/3752 3751/3751/3751 
f 3751/3751/3751 3752/3752/3752 3753/3753/3753 
f 3752/3752/3752 3754/3754/3754 3753/3753/3753 
f 3753/3753/3753 3754/3754/3754 3715/3715/3715 
f 3754/3754/3754 3716/3716/3716 3715/3715/3715 
f 3715/3715/3715 3716/3716/3716 3716/3716/3716 
f 3716/3716/3716 3755/3755/3755 3716/3716/3716 
f 3716/3716/3716 3755/3755/3755 3755/3755/3755 
f 3755/3755/3755 3756/3756/3756 3755/3755/3755 
f 3755/3755/3755 3756/3756/3756 3757/3757/3757 
f 3756/3756/3756 3758/3758/3758 3757/3757/3757 
f 3757/3757/3757 3758/3758/3758 3759/3759/3759 
f 3758/3758/3758 3760/3760/3760 3759/3759/3759 
f 3759/3759/3759 3760/3760/3760 3761/3761/3761 
f 3760/3760/3760 3762/3762/3762 3761/3761/3761 
f 3761/3761/3761 3762/3762/3762 3763/3763/3763 
f 3762/3762/3762 3764/3764/3764 3763/3763/3763 
f 3763/3763/3763 3764/3764/3764 3765/3765/3765 
f 3764/3764/3764 3766/3766/3766 3765/3765/3765 
f 3765/3765/3765 3766/3766/3766 3767/3767/3767 
f 3766/3766/3766 3768/3768/3768 3767/3767/3767 
f 3767/3767/3767 3768/3768/3768 3769/3769/3769 
f 3768/3768/3768 3770/3770/3770 3769/3769/3769 
f 3769/3769/3769 3770/3770/3770 3771/3771/3771 
f 3770/3770/3770 3772/3772/3772 3771/3771/3771 
f 3771/3771/3771 3772/3772/3772 3773/3773/3773 
f 3772/3772/3772 3774/3774/3774 3773/3773/3773 
f 3773/3773/3773 3774/3774/3774 3775/3775/3775 
f 3774/3774/3774 3776/3776/3776 3775/3775/3775 
f 3775/3775/3775 3776/3776/3776 3777/3777/3777 
f 3776/3776/3776 3778/3778/3778 3777/3777/3777 
f 3777/3777/3777 3778/3778/3778 3779/3779/3779 
f 3778/3778/3778 3780/3780/3780 3779/3779/3779 
f 3779/3779/3779 3780/3780/3780 3781/3781/3781 
f 3780/3780/3780 3782/3782/3782 3781/3781/3781 
f 3781/3781/3781 3782/3782/3782 3783/3783/3783 
f 3782/3782/3782 3784/3784/3784 3783/3783/3783 
f 3783/3783/3783 3784/3784/3784 3785/3785/3785 
f 3784/3784/3784 3786/3786/3786 3785/3785/3785 
f 3785/3785/3785 3786/3786/3786 3787/3787/3787 
f 3786/3786/3786 3788/3788/3788 3787/3787/3787 
f 3787/3787/3787 3788/3788/3788 3789/3789/3789 
f 3788/3788/3788 3790/3790/3790 3789/3789/3789 
f 3789/3789/3789 3790/3790/3790 3791/3791/3791 
f 3790/3790/3790 3792/3792/3792 3791/3791/3791 
f 3791/3791/3791 3792/3792/3792 3793/3793/3793 
f 3792/3792/3792 3794/3794/3794 3793/3793/3793 
f 3793/3793/3793 3794/3794/3794 3755/3755/3755 
f 3794/3794/3794 3756/3756/3756 3755/3755/3755 
f 3755/3755/3755 3756/3756/3756 3756/3756/3756 
f 3756/3756/3756 3794/3794/3794 3756/3756/3756 
f 3756/3756/3756 3794/3794/3794 3794/3794/3794 
f 3794/3794/3794 3795/3795/3795 3794/3794/3794 
f 3794/3794/3794 3795/3795/3795 3756/3756/3756 
f 3795/3795/3795 3796/3796/3796 3756/3756/3756 
f 3756/3756/3756 3796/3796/3796 3758/3758/3758 
f 3796/3796/3796 3797/3797/3797 3758/3758/3758 
f 3758/3758/3758 3797/3797/3797 3760/3760/3760 
f 3797/3797/3797 3798/3798/3798 3760/3760/3760 
f 3760/3760/3760 3798/3798/3798 3762/3762/3762 
f 3798/3798/3798 3799/3799/3799 3762/3762/3762 
f 3762/3762/3762 3799/3799/3799 3764/3764/3764 
f 3799/3799/3799 3800/3800/3800 3764/3764/3764 
f 3764/3764/3764 3800/3800/3800 3766/3766/3766 
f 3800/3800/3800 3801/3801/3801 3766/3766/3766 
f 3766/3766/3766 3801/3801/3801 3768/3768/3768 
f 3801/3801/3801 3802/3802/3802 3768/3768/3768 
f 3768/3768/3768 3802/3802/3802 3770/3770/3770 
f 3802/3802/3802 3803/3803/3803 3770/3770/3770 
f 3770/3770/3770 3803/3803/3803 3772/3772/3772 
f 3803/3803/3803 3804/3804/3804 3772/3772/3772 
f 3772/3772/3772 3804/3804/3804 3774/3774/3774 
f 3804/3804/3804 3805/3805/3805 3774/3774/3774 
f 3774/3774/3774 3805/3805/3805 3776/3776/3776 
f 3805/3805/3805 3806/3806/3806 3776/3776/3776 
f 3776/3776/3776 3806/3806/3806 3778/3778/3778 
f 3806/3806/3806 3807/3807/3807 3778/3778/3778 
f 3778/3778/3778 3807/3807/3807 3780/3780/3780 
f 3807/3807/3807 3808/3808/3808 3780/3780/3780 
f 3780/3780/3780 3808/3808/3808 3782/3782/3782 
f 3808/3808/3808 3809/3809/3809 3782/3782/3782 
f 3782/3782/3782 3809/3809/3809 3784/3784/3784 
f 3809/3809/3809 3810/3810/3810 3784/3784/3784 
f 3784/3784/3784 3810/3810/3810 3786/3786/3786 
f 3810/3810/3810 3811/3811/3811 3786/3786/3786 
f 3786/3786/3786 3811/3811/3811 3788/3788/3788 
f 3811/3811/3811 3812/3812/3812 3788/3788/3788 
f 3788/3788/3788 3812/3812/3812 3790/3790/3790 
f 3812/3812/3812 3813/3813/3813 3790/3790/3790 
f 3790/3790/3790 3813/3813/3813 3792/3792/3792 
f 3813/3813/3813 3814/3814/3814 3792/3792/3792 
f 3792/3792/3792 3814/3814/3814 3794/3794/3794 
f 3814/3814/3814 3795/3795/3795 3794/3794/3794 
f 3794/3794/3794 3795/3795/3795 3795/3795/3795 
f 3795/3795/3795 3814/3814/3814 3795/3795/3795 
f 3795/3795/3795 3814/3814/3814 3814/3814/3814 
f 3814/3814/3814 3815/3815/3815 3814/3814/3814 
f 3814/3814/3814 3815/3815/3815 3795/3795/3795 
f 3815/3815/3815 3816/3816/3816 3795/3795/3795 
f 3795/3795/3795 3816/3816/3816 3796/3796/3796 
f 3816/3816/3816 3817/3817/3817 3796/3796/3796 
f 3796/3796/3796 3817/3817/3817 3797/3797/3797 
f 3817/3817/3817 3818/3818/3818 3797/3797/3797 
f 3797/3797/3797 3818/3818/3818 3798/3798/3798 
f 3818/3818/3818 3819/3819/3819 3798/3798/3798 
f 3798/3798/3798 3819/3819/3819 3799/3799/3799 
f 3819/3819/3819 3820/3820/3820 3799/3799/3799 
f 3799/3799/3799 3820/3820/3820 3800/3800/3800 
f 3820/3820/3820 3821/3821/3821 3800/3800/3800 
f 3800/3800/3800 3821/3821/3821 3801/3801/3801 
f 3821/3821/3821 3822/3822/3822 3801/3801/3801 
f 3801/3801/3801 3822/3822/3822 3802/3802/3802 
f 3822/3822/3822 3823/3823/3823 3802/3802/3802 
f 3802/3802/3802 3823/3823/3823 3803/3803/3803 
f 3823/3823/3823 3824/3824/3824 3803/3803/3803 
f 3803/3803/3803 3824/3824/3824 3804/3804/3804 
f 3824/3824/3824 3825/3825/3825 3804/3804/3804 
f 3804/3804/3804 3825/3825/3825 3805/3805/3805 
f 3825/3825/3825 3826/3826/3826 3805/3805/3805 
f 3805/3805/3805 3826/3826/3826 3806/3806/3806 
f 3826/3826/3826 3827/3827/3827 3806/3806/3806 
f 3806/3806/3806 3827/3827/3827 3807/3807/3807 
f 3827/3827/3827 3828/3828/3828 3807/3807/3807 
f 3807/3807/3807 3828/3828/3828 3808/3808/3808 
f 3828/3828/3828 3829/3829/3829 3808/3808/3808 
f 3808/3808/3808 3829/3829/3829 3809/3809/3809 
f 3829/3829/3829 3830/3830/3830 3809/3809/3809 
f 3809/3809/3809 3830/3830/3830 3810/3810/3810 
f 3830/3830/3830 3831/3831/3831 3810/3810/3810 
f 3810/3810/3810 3831/3831/3831 3811/3811/3811 
f 3831/3831/3831 3832/3832/3832 3811/3811/3811 
f 3811/3811/3811 3832/3832/3832 3812/3812/3812 
f 3832/3832/3832 3833/3833/3833 3812/3812/3812 
f 3812/3812/3812 3833/3833/3833 3813/3813/3813 
f 3833/3833/3833 3834/3834/3834 3813/3813/3813 
f 3813/3813/3813 3834/3834/3834 3814/3814/3814 
f 3834/3834/3834 3815/3815/3815 3814/3814/3814 
f 3814/3814/3814 3815/3815/3815 3815/3815/3815 
f 3815/3815/3815 3835/3835/3835 3815/3815/3815 
f 3815/3815/3815 3835/3835/3835 3835/3835/3835 
f 3835/3835/3835 3836/3836/3836 3835/3835/3835 
f 3835/3835/3835 3836/3836/3836 3837/3837/3837 
f 3836/3836/3836 3838/3838/3838 3837/3837/3837 
f 3837/3837/3837 3838/3838/3838 3839/3839/3839 
f 3838/3838/3838 3840/3840/3840 3839/3839/3839 
f 3839/3839/3839 3840/3840/3840 3841/3841/3841 
f 3840/3840/3840 3842/3842/3842 3841/3841/3841 
f 3841/3841/3841 3842/3842/3842 3843/3843/3843 
f 3842/3842/3842 3844/3844/3844 3843/3843/3843 
f 3843/3843/3843 3844/3844/3844 3845/3845/3845 
f 3844/3844/3844 3846/3846/3846 3845/3845/3845 
f 3845/3845/3845 3846/3846/3846 3847/3847/3847 
f 3846/3846/3846 3848/3848/3848 3847/3847/3847 
f 3847/3847/3847 3848/3848/3848 3849/3849/3849 
f 3848/3848/3848 3850/3850/3850 3849/3849/3849 
f 3849/3849/3849 3850/3850/3850 3851/3851/3851 
f 3850/3850/3850 3852/3852/3852 3851/3851/3851 
f 3851/3851/3851 3852/3852/3852 3853/3853/3853 
f 3852/3852/3852 3854/3854/3854 3853/3853/3853 
f 3853/3853/3853 3854/3854/3854 3855/3855/3855 
f 3854/3854/3854 3856/3856/3856 3855/3855/3855 
f 3855/3855/3855 3856/3856/3856 3857/3857/3857 
f 3856/3856/3856 3858/3858/3858 3857/3857/3857 
f 3857/3857/3857 3858/3858/3858 3859/3859/3859 
f 3858/3858/3858 3860/3860/3860 3859/3859/3859 
f 3859/3859/3859 3860/3860/3860 3861/3861/3861 
f 3860/3860/3860 3862/3862/3862 3861/3861/3861 
f 3861/3861/3861 3862/3862/3862 3863/3863/3863 
f 3862/3862/3862 3864/3864/3864 3863/3863/3863 
f 3863/3863/3863 3864/3864/3864 3865/3865/3865 
f 3864/3864/3864 3866/3866/3866 3865/3865/3865 
f 3865/3865/3865 3866/3866/3866 3867/3867/3867 
f 3866/3866/3866 3868/3868/3868 3867/3867/3867 
f 3867/3867/3867 3868/3868/3868 3869/3869/3869 
f 3868/3868/3868 3870/3870/3870 3869/3869/3869 
f 3869/3869/3869 3870/3870/3870 3871/3871/3871 
f 3870/3870/3870 3872/3872/3872 3871/3871/3871 
f 3871/3871/3871 3872/3872/3872 3873/3873/3873 
f 3872/3872/3872 3874/3874/3874 3873/3873/3873 
f 3873/3873/3873 3874/3874/3874 3835/3835/3835 
f 3874/3874/3874 3836/3836/3836 3835/3835/3835 
f 3835/3835/3835 3836/3836/3836 3836/3836/3836 
f 3836/3836/3836 3875/3875/3875 3836/3836/3836 
f 3836/3836/3836 3875/3875/3875 3875/3875/3875 
f 3875/3875/3875 3876/3876/3876 3875/3875/3875 
f 3875/3875/3875 3876/3876/3876 3877/3877/3877 
f 3876/3876/3876 3878/3878/3878 3877/3877/3877 
f 3877/3877/3877 3878/3878/3878 3879/3879/3879 
f 3878/3878/3878 3880/3880/3880 3879/3879/3879 
f 3879/3879/3879 3880/3880/3880 3881/3881/3881 
f 3880/3880/3880 3882/3882/3882 3881/3881/3881 
f 3881/3881/3881 3882/3882/3882 3883/3883/3883 
f 3882/3882/3882 3884/3884/3884 3883/3883/3883 
f 3883/3883/3883 3884/3884/3884 3885/3885/3885 
f 3884/3884/3884 3886/3886/3886 3885/3885/3885 
f 3885/3885/3885 3886/3886/3886 3887/3887/3887 
f 3886/3886/3886 3888/3888/3888 3887/3887/3887 
f 3887/3887/3887 3888/3888/3888 3889/3889/3889 
f 3888/3888/3888 3890/3890/3890 3889/3889/3889 
f 3889/3889/3889 3890/3890/3890 3891/3891/3891 
f 3890/3890/3890 3892/3892/3892 3891/3891/3891 
f 3891/3891/3891 3892/3892/3892 3893/3893/3893 
f 3892/3892/3892 3894/3894/3894 3893/3893/3893 
f 3893/3893/3893 3894/3894/3894 3875/3875/3875 
f 3894/3894/3894 3876/3876/3876 3875/3875/3875 
f 3875/3875/3875 3876/3876/3876 3876/3876/3876 
f 3876/3876/3876 3878/3878/3878 3876/3876/3876 
f 3876/3876/3876 3878/3878/3878 3878/3878/3878 
f 3878/3878/3878 3876/3876/3876 3878/3878/3878 
f 3878/3878/3878 3876/3876/3876 3880/3880/3880 
f 3876/3876/3876 3895/3895/3895 3880/3880/3880 
f 3880/3880/3880 3895/3895/3895 3882/3882/3882 
f 3895/3895/3895 3884/3884/3884 3882/3882/3882 
f 3882/3882/3882 3884/3884/3884 3884/3884/3884 
f 3884/3884/3884 3876/3876/3876 3884/3884/3884 
f 3884/3884/3884 3876/3876/3876 3876/3876/3876 
f 3876/3876/3876 3894/3894/3894 3876/3876/3876 
f 3876/3876/3876 3894/3894/3894 3895/3895/3895 
f 3894/3894/3894 3892/3892/3892 3895/3895/3895 
f 3895/3895/3895 3892/3892/3892 3890/3890/3890 
f 3892/3892/3892 3890/3890/3890 3890/3890/3890 
f 3890/3890/3890 3890/3890/3890 3890/3890/3890 
f 3890/3890/3890 3888/3888/3888 3890/3890/3890 
f 3890/3890/3890 3888/3888/3888 3895/3895/3895 
f 3888/3888/3888 3886/3886/3886 3895/3895/3895 
f 3895/3895/3895 3886/3886/3886 3884/3884/3884 
f 3886/3886/3886 3884/3884/3884 3884/3884/3884 
f 3884/3884/3884 3884/3884/3884 3896/3896/3896 
f 3884/3884/3884 3896/3896/3896 3896/3896/3896 
f 3896/3896/3896 3896/3896/3896 3896/3896/3896 
f 3896/3896/3896 3897/3897/3897 3896/3896/3896 
f 3896/3896/3896 3897/3897/3897 3898/3898/3898 
f 3897/3897/3897 3899/3899/3899 3898/3898/3898 
f 3898/3898/3898 3899/3899/3899 3900/3900/3900 
f 3899/3899/3899 3901/3901/3901 3900/3900/3900 
f 3900/3900/3900 3901/3901/3901 3902/3902/3902 
f 3901/3901/3901 3903/3903/3903 3902/3902/3902 
f 3902/3902/3902 3903/3903/3903 3904/3904/3904 
f 3903/3903/3903 3905/3905/3905 3904/3904/3904 
f 3904/3904/3904 3905/3905/3905 3906/3906/3906 
f 3905/3905/3905 3907/3907/3907 3906/3906/3906 
f 3906/3906/3906 3907/3907/3907 3908/3908/3908 
f 3907/3907/3907 3909/3909/3909 3908/3908/3908 
f 3908/3908/3908 3909/3909/3909 3910/3910/3910 
f 3909/3909/3909 3911/3911/3911 3910/3910/3910 
f 3910/3910/3910 3911/3911/3911 3912/3912/3912 
f 3911/3911/3911 3913/3913/3913 3912/3912/3912 
f 3912/3912/3912 3913/3913/3913 3914/3914/3914 
f 3913/3913/3913 3915/3915/3915 3914/3914/3914 
f 3914/3914/3914 3915/3915/3915 3916/3916/3916 
f 3915/3915/3915 3917/3917/3917 3916/3916/3916 
f 3916/3916/3916 3917/3917/3917 3918/3918/3918 
f 3917/3917/3917 3919/3919/3919 3918/3918/3918 
f 3918/3918/3918 3919/3919/3919 3920/3920/3920 
f 3919/3919/3919 3921/3921/3921 3920/3920/3920 
f 3920/3920/3920 3921/3921/3921 3922/3922/3922 
f 3921/3921/3921 3923/3923/3923 3922/3922/3922 
f 3922/3922/3922 3923/3923/3923 3924/3924/3924 
f 3923/3923/3923 3925/3925/3925 3924/3924/3924 
f 3924/3924/3924 3925/3925/3925 3926/3926/3926 
f 3925/3925/3925 3927/3927/3927 3926/3926/3926 
f 3926/3926/3926 3927/3927/3927 3928/3928/3928 
f 3927/3927/3927 3929/3929/3929 3928/3928/3928 
f 3928/3928/3928 3929/3929/3929 3930/3930/3930 
f 3929/3929/3929 3931/3931/3931 3930/3930/3930 
f 3930/3930/3930 3931/3931/3931 3896/3896/3896 
f 3931/3931/3931 3897/3897/3897 3896/3896/3896 
f 3896/3896/3896 3897/3897/3897 3897/3897/3897 
f 3897/3897/3897 3932/3932/3932 3897/3897/3897 
f 3897/3897/3897 3932/3932/3932 3932/3932/3932 
f 3932/3932/3932 3933/3933/3933 3932/3932/3932 
f 3932/3932/3932 3933/3933/3933 3934/3934/3934 
f 3933/3933/3933 3935/3935/3935 3934/3934/3934 
f 3934/3934/3934 3935/3935/3935 3936/3936/3936 
f 3935/3935/3935 3937/3937/3937 3936/3936/3936 
f 3936/3936/3936 3937/3937/3937 3938/3938/3938 
f 3937/3937/3937 3939/3939/3939 3938/3938/3938 
f 3938/3938/3938 3939/3939/3939 3940/3940/3940 
f 3939/3939/3939 3941/3941/3941 3940/3940/3940 
f 3940/3940/3940 3941/3941/3941 3942/3942/3942 
f 3941/3941/3941 3943/3943/3943 3942/3942/3942 
f 3942/3942/3942 3943/3943/3943 3944/3944/3944 
f 3943/3943/3943 3945/3945/3945 3944/3944/3944 
f 3944/3944/3944 3945/3945/3945 3946/3946/3946 
f 3945/3945/3945 3947/3947/3947 3946/3946/3946 
f 3946/3946/3946 3947/3947/3947 3948/3948/3948 
f 3947/3947/3947 3949/3949/3949 3948/3948/3948 
f 3948/3948/3948 3949/3949/3949 3950/3950/3950 
f 3949/3949/3949 3951/3951/3951 3950/3950/3950 
f 3950/3950/3950 3951/3951/3951 3952/3952/3952 
f 3951/3951/3951 3953/3953/3953 3952/3952/3952 
f 3952/3952/3952 3953/3953/3953 3954/3954/3954 
f 3953/3953/3953 3955/3955/3955 3954/3954/3954 
f 3954/3954/3954 3955/3955/3955 3956/3956/3956 
f 3955/3955/3955 3957/3957/3957 3956/3956/3956 
f 3956/3956/3956 3957/3957/3957 3958/3958/3958 
f 3957/3957/3957 3959/3959/3959 3958/3958/3958 
f 3958/3958/3958 3959/3959/3959 3960/3960/3960 
f 3959/3959/3959 3961/3961/3961 3960/3960/3960 
f 3960/3960/3960 3961/3961/3961 3962/3962/3962 
f 3961/3961/3961 3963/3963/3963 3962/3962/3962 
f 3962/3962/3962 3963/3963/3963 3964/3964/3964 
f 3963/3963/3963 3965/3965/3965 3964/3964/3964 
f 3964/3964/3964 3965/3965/3965 3966/3966/3966 
f 3965/3965/3965 3967/3967/3967 3966/3966/3966 
f 3966/3966/3966 3967/3967/3967 3968/3968/3968 
f 3967/3967/3967 3969/3969/3969 3968/3968/3968 
f 3968/3968/3968 3969/3969/3969 3970/3970/3970 
f 3969/3969/3969 3971/3971/3971 3970/3970/3970 
f 3970/3970/3970 3971/3971/3971 3932/3932/3932 
f 3971/3971/3971 3933/3933/3933 3932/3932/3932 
f 3932/3932/3932 3933/3933/3933 3933/3933/3933 
f 3933/3933/3933 3972/3972/3972 3933/3933/3933 
f 3933/3933/3933 3972/3972/3972 3972/3972/3972 
f 3972/3972/3972 3973/3973/3973 3972/3972/3972 
f 3972/3972/3972 3973/3973/3973 3974/3974/3974 
f 3973/3973/3973 3975/3975/3975 3974/3974/3974 
f 3974/3974/3974 3975/3975/3975 3976/3976/3976 
f 3975/3975/3975 3977/3977/3977 3976/3976/3976 
f 3976/3976/3976 3977/3977/3977 3978/3978/3978 
f 3977/3977/3977 3979/3979/3979 3978/3978/3978 
f 3978/3978/3978 3979/3979/3979 3980/3980/3980 
f 3979/3979/3979 3981/3981/3981 3980/3980/3980 
f 3980/3980/3980 3981/3981/3981 3982/3982/3982 
f 3981/3981/3981 3983/3983/3983 3982/3982/3982 
f 3982/3982/3982 3983/3983/3983 3984/3984/3984 
f 3983/3983/3983 3985/3985/3985 3984/3984/3984 
f 3984/3984/3984 3985/3985/3985 3986/3986/3986 
f 3985/3985/3985 3987/3987/3987 3986/3986/3986 
f 3986/3986/3986 3987/3987/3987 3988/3988/3988 
f 3987/3987/3987 3989/3989/3989 3988/3988/3988 
f 3988/3988/3988 3989/3989/3989 3990/3990/3990 
f 3989/3989/3989 3991/3991/3991 3990/3990/3990 
f 3990/3990/3990 3991/3991/3991 3992/3992/3992 
f 3991/3991/3991 3993/3993/3993 3992/3992/3992 
f 3992/3992/3992 3993/3993/3993 3994/3994/3994 
f 3993/3993/3993 3995/3995/3995 3994/3994/3994 
f 3994/3994/3994 3995/3995/3995 3996/3996/3996 
f 3995/3995/3995 3997/3997/3997 3996/3996/3996 
f 3996/3996/3996 3997/3997/3997 3998/3998/3998 
f 3997/3997/3997 3999/3999/3999 3998/3998/3998 
f 3998/3998/3998 3999/3999/3999 4000/4000/4000 
f 3999/3999/3999 4001/4001/4001 4000/4000/4000 
f 4000/4000/4000 4001/4001/4001 4002/4002/4002 
f 4001/4001/4001 4003/4003/4003 4002/4002/4002 
f 4002/4002/4002 4003/4003/4003 4004/4004/4004 
f 4003/4003/4003 4005/4005/4005 4004/4004/4004 
f 4004/4004/4004 4005/4005/4005 4006/4006/4006 
f 4005/4005/4005 4007/4007/4007 4006/4006/4006 
f 4006/4006/4006 4007/4007/4007 3972/3972/3972 
f 4007/4007/4007 3973/3973/3973 3972/3972/3972 
f 3972/3972/3972 3973/3973/3973 3973/3973/3973 
f 3973/3973/3973 4008/4008/4008 3973/3973/3973 
f 3973/3973/3973 4008/4008/4008 4008/4008/4008 
f 4008/4008/4008 4009/4009/4009 4008/4008/4008 
f 4008/4008/4008 4009/4009/4009 4010/4010/4010 
f 4009/4009/4009 4011/4011/4011 4010/4010/4010 
f 4010/4010/4010 4011/4011/4011 4012/4012/4012 
f 4011/4011/4011 4012/4012/4012 4012/4012/4012 
f 4012/4012/4012 4012/4012/4012 4012/4012/4012 
f 4012/4012/4012 4013/4013/4013 4012/4012/4012 
f 4012/4012/4012 4013/4013/4013 4010/4010/4010 
f 4013/4013/4013 4014/4014/4014 4010/4010/4010 
f 4010/4010/4010 4014/4014/4014 4015/4015/4015 
f 4014/4014/4014 4015/4015/4015 4015/4015/4015 
f 4015/4015/4015 4015/4015/4015 4015/4015/4015 
f 4015/4015/4015 4016/4016/4016 4015/4015/4015 
f 4015/4015/4015 4016/4016/4016 4010/4010/4010 
f 4016/4016/4016 4017/4017/4017 4010/4010/4010 
f 4010/4010/4010 4017/4017/4017 4018/4018/4018 
f 4017/4017/4017 4018/4018/4018 4018/4018/4018 
f 4018/4018/4018 4018/4018/4018 4018/4018/4018 
f 4018/4018/4018 4019/4019/4019 4018/4018/4018 
f 4018/4018/4018 4019/4019/4019 4010/4010/4010 
f 4019/4019/4019 4020/4020/4020 4010/4010/4010 
f 4010/4010/4010 4020/4020/4020 4021/4021/4021 
f 4020/4020/4020 4021/4021/4021 4021/4021/4021 
f 4021/4021/4021 4021/4021/4021 4021/4021/4021 
f 4021/4021/4021 4022/4022/4022 4021/4021/4021 
f 4021/4021/4021 4022/4022/4022 4010/4010/4010 
f 4022/4022/4022 4023/4023/4023 4010/4010/4010 
f 4010/4010/4010 4023/4023/4023 4024/4024/4024 
f 4023/4023/4023 4024/4024/4024 4024/4024/4024 
f 4024/4024/4024 4024/4024/4024 4024/4024/4024 
f 4024/4024/4024 4025/4025/4025 4024/4024/4024 
f 4024/4024/4024 4025/4025/4025 4010/4010/4010 
f 4025/4025/4025 4026/4026/4026 4010/4010/4010 
f 4010/4010/4010 4026/4026/4026 4008/4008/4008 
f 4026/4026/4026 4008/4008/4008 4008/4008/4008 
f 4008/4008/4008 4008/4008/4008 4027/4027/4027 
f 4008/4008/4008 4027/4027/4027 4027/4027/4027 
f 4027/4027/4027 4027/4027/4027 4027/4027/4027 
f 4027/4027/4027 4028/4028/4028 4027/4027/4027 
f 4027/4027/4027 4028/4028/4028 4029/4029/4029 
f 4028/4028/4028 4030/4030/4030 4029/4029/4029 
f 4029/4029/4029 4030/4030/4030 4031/4031/4031 
f 4030/4030/4030 4032/4032/4032 4031/4031/4031 
f 4031/4031/4031 4032/4032/4032 4033/4033/4033 
f 4032/4032/4032 4034/4034/4034 4033/4033/4033 
f 4033/4033/4033 4034/4034/4034 4035/4035/4035 
f 4034/4034/4034 4036/4036/4036 4035/4035/4035 
f 4035/4035/4035 4036/4036/4036 4037/4037/4037 
f 4036/4036/4036 4038/4038/4038 4037/4037/4037 
f 4037/4037/4037 4038/4038/4038 4039/4039/4039 
f 4038/4038/4038 4040/4040/4040 4039/4039/4039 
f 4039/4039/4039 4040/4040/4040 4041/4041/4041 
f 4040/4040/4040 4042/4042/4042 4041/4041/4041 
f 4041/4041/4041 4042/4042/4042 4043/4043/4043 
f 4042/4042/4042 4044/4044/4044 4043/4043/4043 
f 4043/4043/4043 4044/4044/4044 4045/4045/4045 
f 4044/4044/4044 4046/4046/4046 4045/4045/4045 
f 4045/4045/4045 4046/4046/4046 4047/4047/4047 
f 4046/4046/4046 4048/4048/4048 4047/4047/4047 
f 4047/4047/4047 4048/4048/4048 4049/4049/4049 
f 4048/4048/4048 4050/4050/4050 4049/4049/4049 
f 4049/4049/4049 4050/4050/4050 4051/4051/4051 
f 4050/4050/4050 4052/4052/4052 4051/4051/4051 
f 4051/4051/4051 4052/4052/4052 4053/4053/4053 
f 4052/4052/4052 4054/4054/4054 4053/4053/4053 
f 4053/4053/4053 4054/4054/4054 4055/4055/4055 
f 4054/4054/4054 4056/4056/4056 4055/4055/4055 
f 4055/4055/4055 4056/4056/4056 4057/4057/4057 
f 4056/4056/4056 4058/4058/4058 4057/4057/4057 
f 4057/4057/4057 4058/4058/4058 4059/4059/4059 
f 4058/4058/4058 4060/4060/4060 4059/4059/4059 
f 4059/4059/4059 4060/4060/4060 4061/4061/4061 
f 4060/4060/4060 4062/4062/4062 4061/4061/4061 
f 4061/4061/4061 4062/4062/4062 4063/4063/4063 
f 4062/4062/4062 4064/4064/4064 4063/4063/4063 
f 4063/4063/4063 4064/4064/4064 4065/4065/4065 
f 4064/4064/4064 4066/4066/4066 4065/4065/4065 
f 4065/4065/4065 4066/4066/4066 4027/4027/4027 
f 4066/4066/4066 4028/4028/4028 4027/4027/4027 
f 4027/4027/4027 4028/4028/4028 4028/4028/4028 
f 4028/4028/4028 4067/4067/4067 4028/4028/4028 
f 4028/4028/4028 4067/4067/4067 4067/4067/4067 
f 4067/4067/4067 4068/4068/4068 4067/4067/4067 
f 4067/4067/4067 4068/4068/4068 4069/4069/4069 
f 4068/4068/4068 4070/4070/4070 4069/4069/4069 
f 4069/4069/4069 4070/4070/4070 4071/4071/4071 
f 4070/4070/4070 4072/4072/4072 4071/4071/4071 
f 4071/4071/4071 4072/4072/4072 4073/4073/4073 
f 4072/4072/4072 4074/4074/4074 4073/4073/4073 
f 4073/4073/4073 4074/4074/4074 4075/4075/4075 
f 4074/4074/4074 4076/4076/4076 4075/4075/4075 
f 4075/4075/4075 4076/4076/4076 4077/4077/4077 
f 4076/4076/4076 4078/4078/4078 4077/4077/4077 
f 4077/4077/4077 4078/4078/4078 4079/4079/4079 
f 4078/4078/4078 4080/4080/4080 4079/4079/4079 
f 4079/4079/4079 4080/4080/4080 4081/4081/4081 
f 4080/4080/4080 4082/4082/4082 4081/4081/4081 
f 4081/4081/4081 4082/4082/4082 4083/4083/4083 
f 4082/4082/4082 4084/4084/4084 4083/4083/4083 
f 4083/4083/4083 4084/4084/4084 4085/4085/4085 
f 4084/4084/4084 4086/4086/4086 4085/4085/4085 
f 4085/4085/4085 4086/4086/4086 4087/4087/4087 
f 4086/4086/4086 4088/4088/4088 4087/4087/4087 
f 4087/4087/4087 4088/4088/4088 4089/4089/4089 
f 4088/4088/4088 4090/4090/4090 4089/4089/4089 
f 4089/4089/4089 4090/4090/4090 4091/4091/4091 
f 4090/4090/4090 4092/4092/4092 4091/4091/4091 
f 4091/4091/4091 4092/4092/4092 4093/4093/4093 
f 4092/4092/4092 4094/4094/4094 4093/4093/4093 
f 4093/4093/4093 4094/4094/4094 4095/4095/4095 
f 4094/4094/4094 4096/4096/4096 4095/4095/4095 
f 4095/4095/4095 4096/4096/4096 4097/4097/4097 
f 4096/4096/4096 4098/4098/4098 4097/4097/4097 
f 4097/4097/4097 4098/4098/4098 4099/4099/4099 
f 4098/4098/4098 4100/4100/4100 4099/4099/4099 
f 4099/4099/4099 4100/4100/4100 4101/4101/4101 
f 4100/4100/4100 4102/4102/4102 4101/4101/4101 
f 4101/4101/4101 4102/4102/4102 4103/4103/4103 
f 4102/4102/4102 4104/4104/4104 4103/4103/4103 
f 4103/4103/4103 4104/4104/4104 4105/4105/4105 
f 4104/4104/4104 4106/4106/4106 4105/4105/4105 
f 4105/4105/4105 4106/4106/4106 4067/4067/4067 
f 4106/4106/4106 4068/4068/4068 4067/4067/4067 
f 4067/4067/4067 4068/4068/4068 4068/4068/4068 
f 4068/4068/4068 4106/4106/4106 4068/4068/4068 
f 4068/4068/4068 4106/4106/4106 4106/4106/4106 
f 4106/4106/4106 4107/4107/4107 4106/4106/4106 
f 4106/4106/4106 4107/4107/4107 4068/4068/4068 
f 4107/4107/4107 4108/4108/4108 4068/4068/4068 
f 4068/4068/4068 4108/4108/4108 4070/4070/4070 
f 4108/4108/4108 4109/4109/4109 4070/4070/4070 
f 4070/4070/4070 4109/4109/4109 4072/4072/4072 
f 4109/4109/4109 4110/4110/4110 4072/4072/4072 
f 4072/4072/4072 4110/4110/4110 4074/4074/4074 
f 4110/4110/4110 4111/4111/4111 4074/4074/4074 
f 4074/4074/4074 4111/4111/4111 4076/4076/4076 
f 4111/4111/4111 4112/4112/4112 4076/4076/4076 
f 4076/4076/4076 4112/4112/4112 4078/4078/4078 
f 4112/4112/4112 4113/4113/4113 4078/4078/4078 
f 4078/4078/4078 4113/4113/4113 4080/4080/4080 
f 4113/4113/4113 4114/4114/4114 4080/4080/4080 
f 4080/4080/4080 4114/4114/4114 4082/4082/4082 
f 4114/4114/4114 4115/4115/4115 4082/4082/4082 
f 4082/4082/4082 4115/4115/4115 4084/4084/4084 
f 4115/4115/4115 4116/4116/4116 4084/4084/4084 
f 4084/4084/4084 4116/4116/4116 4086/4086/4086 
f 4116/4116/4116 4117/4117/4117 4086/4086/4086 
f 4086/4086/4086 4117/4117/4117 4088/4088/4088 
f 4117/4117/4117 4118/4118/4118 4088/4088/4088 
f 4088/4088/4088 4118/4118/4118 4090/4090/4090 
f 4118/4118/4118 4119/4119/4119 4090/4090/4090 
f 4090/4090/4090 4119/4119/4119 4092/4092/4092 
f 4119/4119/4119 4120/4120/4120 4092/4092/4092 
f 4092/4092/4092 4120/4120/4120 4094/4094/4094 
f 4120/4120/4120 4121/4121/4121 4094/4094/4094 
f 4094/4094/4094 4121/4121/4121 4096/4096/4096 
f 4121/4121/4121 4122/4122/4122 4096/4096/4096 
f 4096/4096/4096 4122/4122/4122 4098/4098/4098 
f 4122/4122/4122 4123/4123/4123 4098/4098/4098 
f 4098/4098/4098 4123/4123/4123 4100/4100/4100 
f 4123/4123/4123 4124/4124/4124 4100/4100/4100 
f 4100/4100/4100 4124/4124/4124 4102/4102/4102 
f 4124/4124/4124 4125/4125/4125 4102/4102/4102 
f 4102/4102/4102 4125/4125/4125 4104/4104/4104 
f 4125/4125/4125 4126/4126/4126 4104/4104/4104 
f 4104/4104/4104 4126/4126/4126 4106/4106/4106 
f 4126/4126/4126 4107/4107/4107 4106/4106/4106 
f 4106/4106/4106 4107/4107/4107 4107/4107/4107 
f 4107/4107/4107 4126/4126/4126 4107/4107/4107 
f 4107/4107/4107 4126/4126/4126 4126/4126/4126 
f 4126/4126/4126 4127/4127/4127 4126/4126/4126 
f 4126/4126/4126 4127/4127/4127 4107/4107/4107 
f 4127/4127/4127 4128/4128/4128 4107/4107/4107 
f 4107/4107/4107 4128/4128/4128 4108/4108/4108 
f 4128/4128/4128 4129/4129/4129 4108/4108/4108 
f 4108/4108/4108 4129/4129/4129 4109/4109/4109 
f 4129/4129/4129 4130/4130/4130 4109/4109/4109 
f 4109/4109/4109 4130/4130/4130 4110/4110/4110 
f 4130/4130/4130 4131/4131/4131 4110/4110/4110 
f 4110/4110/4110 4131/4131/4131 4111/4111/4111 
f 4131/4131/4131 4132/4132/4132 4111/4111/4111 
f 4111/4111/4111 4132/4132/4132 4112/4112/4112 
f 4132/4132/4132 4133/4133/4133 4112/4112/4112 
f 4112/4112/4112 4133/4133/4133 4113/4113/4113 
f 4133/4133/4133 4134/4134/4134 4113/4113/4113 
f 4113/4113/4113 4134/4134/4134 4114/4114/4114 
f 4134/4134/4134 4135/4135/4135 4114/4114/4114 
f 4114/4114/4114 4135/4135/4135 4115/4115/4115 
f 4135/4135/4135 4136/4136/4136 4115/4115/4115 
f 4115/4115/4115 4136/4136/4136 4116/4116/4116 
f 4136/4136/4136 4137/4137/4137 4116/4116/4116 
f 4116/4116/4116 4137/4137/4137 4117/4117/4117 
f 4137/4137/4137 4138/4138/4138 4117/4117/4117 
f 4117/4117/4117 4138/4138/4138 4118/4118/4118 
f 4138/4138/4138 4139/4139/4139 4118/4118/4118 
f 4118/4118/4118 4139/4139/4139 4119/4119/4119 
f 4139/4139/4139 4140/4140/4140 4119/4119/4119 
f 4119/4119/4119 4140/4140/4140 4120/4120/4120 
f 4140/4140/4140 4141/4141/4141 4120/4120/4120 
f 4120/4120/4120 4141/4141/4141 4121/4121/4121 
f 4141/4141/4141 4142/4142/4142 4121/4121/4121 
f 4121/4121/4121 4142/4142/4142 4122/4122/4122 
f 4142/4142/4142 4143/4143/4143 4122/4122/4122 
f 4122/4122/4122 4143/4143/4143 4123/4123/4123 
f 4143/4143/4143 4144/4144/4144 4123/4123/4123 
f 4123/4123/4123 4144/4144/4144 4124/4124/4124 
f 4144/4144/4144 4145/4145/4145 4124/4124/4124 
f 4124/4124/4124 4145/4145/4145 4125/4125/4125 
f 4145/4145/4145 4146/4146/4146 4125/4125/4125 
f 4125/4125/4125 4146/4146/4146 4126/4126/4126 
f 4146/4146/4146 4127/4127/4127 4126/4126/4126 
f 4126/4126/4126 4127/4127/4127 4127/4127/4127 
f 4127/4127/4127 4147/4147/4147 4127/4127/4127 
f 4127/4127/4127 4147/4147/4147 4147/4147/4147 
f 4147/4147/4147 4148/4148/4148 4147/4147/4147 
f 4147/4147/4147 4148/4148/4148 4149/4149/4149 
f 4148/4148/4148 4150/4150/4150 4149/4149/4149 
f 4149/4149/4149 4150/4150/4150 4151/4151/4151 
f 4150/4150/4150 4152/4152/4152 4151/4151/4151 
f 4151/4151/4151 4152/4152/4152 4153/4153/4153 
f 4152/4152/4152 4154/4154/4154 4153/4153/4153 
f 4153/4153/4153 4154/4154/4154 4155/4155/4155 
f 4154/4154/4154 4156/4156/4156 4155/4155/4155 
f 4155/4155/4155 4156/4156/4156 4157/4157/4157 
f 4156/4156/4156 4158/4158/4158 4157/4157/4157 
f 4157/4157/4157 4158/4158/4158 4159/4159/4159 
f 4158/4158/4158 4160/4160/4160 4159/4159/4159 
f 4159/4159/4159 4160/4160/4160 4161/4161/4161 
f 4160/4160/4160 4162/4162/4162 4161/4161/4161 
f 4161/4161/4161 4162/4162/4162 4163/4163/4163 
f 4162/4162/4162 4164/4164/4164 4163/4163/4163 
f 4163/4163/4163 4164/4164/4164 4165/4165/4165 
f 4164/4164/4164 4166/4166/4166 4165/4165/4165 
f 4165/4165/4165 4166/4166/4166 4167/4167/4167 
f 4166/4166/4166 4168/4168/4168 4167/4167/4167 
f 4167/4167/4167 4168/4168/4168 4169/4169/4169 
f 4168/4168/4168 4170/4170/4170 4169/4169/4169 
f 4169/4169/4169 4170/4170/4170 4171/4171/4171 
f 4170/4170/4170 4172/4172/4172 4171/4171/4171 
f 4171/4171/4171 4172/4172/4172 4173/4173/4173 
f 4172/4172/4172 4174/4174/4174 4173/4173/4173 
f 4173/4173/4173 4174/4174/4174 4175/4175/4175 
f 4174/4174/4174 4176/4176/4176 4175/4175/4175 
f 4175/4175/4175 4176/4176/4176 4177/4177/4177 
f 4176/4176/4176 4178/4178/4178 4177/4177/4177 
f 4177/4177/4177 4178/4178/4178 4179/4179/4179 
f 4178/4178/4178 4180/4180/4180 4179/4179/4179 
f 4179/4179/4179 4180/4180/4180 4181/4181/4181 
f 4180/4180/4180 4182/4182/4182 4181/4181/4181 
f 4181/4181/4181 4182/4182/4182 4183/4183/4183 
f 4182/4182/4182 4184/4184/4184 4183/4183/4183 
f 4183/4183/4183 4184/4184/4184 4185/4185/4185 
f 4184/4184/4184 4186/4186/4186 4185/4185/4185 
f 4185/4185/4185 4186/4186/4186 4147/4147/4147 
f 4186/4186/4186 4148/4148/4148 4147/4147/4147 
f 4147/4147/4147 4148/4148/4148 4148/4148/4148 
f 4148/4148/4148 4186/4186/4186 4148/4148/4148 
f 4148/4148/4148 4186/4186/4186 4186/4186/4186 
f 4186/4186/4186 4187/4187/4187 4186/4186/4186 
f 4186/4186/4186 4187/4187/4187 4148/4148/4148 
f 4187/4187/4187 4188/4188/4188 4148/4148/4148 
f 4148/4148/4148 4188/4188/4188 4150/4150/4150 
f 4188/4188/4188 4189/4189/4189 4150/4150/4150 
f 4150/4150/4150 4189/4189/4189 4152/4152/4152 
f 4189/4189/4189 4190/4190/4190 4152/4152/4152 
f 4152/4152/4152 4190/4190/4190 4154/4154/4154 
f 4190/4190/4190 4191/4191/4191 4154/4154/4154 
f 4154/4154/4154 4191/4191/4191 4156/4156/4156 
f 4191/4191/4191 4192/4192/4192 4156/4156/4156 
f 4156/4156/4156 4192/4192/4192 4158/4158/4158 
f 4192/4192/4192 4193/4193/4193 4158/4158/4158 
f 4158/4158/4158 4193/4193/4193 4160/4160/4160 
f 4193/4193/4193 4194/4194/4194 4160/4160/4160 
f 4160/4160/4160 4194/4194/4194 4162/4162/4162 
f 4194/4194/4194 4195/4195/4195 4162/4162/4162 
f 4162/4162/4162 4195/4195/4195 4164/4164/4164 
f 4195/4195/4195 4196/4196/4196 4164/4164/4164 
f 4164/4164/4164 4196/4196/4196 4166/4166/4166 
f 4196/4196/4196 4197/4197/4197 4166/4166/4166 
f 4166/4166/4166 4197/4197/4197 4168/4168/4168 
f 4197/4197/4197 4198/4198/4198 4168/4168/4168 
f 4168/4168/4168 4198/4198/4198 4170/4170/4170 
f 4198/4198/4198 4199/4199/4199 4170/4170/4170 
f 4170/4170/4170 4199/4199/4199 4172/4172/4172 
f 4199/4199/4199 4200/4200/4200 4172/4172/4172 
f 4172/4172/4172 4200/4200/4200 4174/4174/4174 
f 4200/4200/4200 4201/4201/4201 4174/4174/4174 
f 4174/4174/4174 4201/4201/4201 4176/4176/4176 
f 4201/4201/4201 4202/4202/4202 4176/4176/4176 
f 4176/4176/4176 4202/4202/4202 4178/4178/4178 
f 4202/4202/4202 4203/4203/4203 4178/4178/4178 
f 4178/4178/4178 4203/4203/4203 4180/4180/4180 
f 4203/4203/4203 4204/4204/4204 4180/4180/4180 
f 4180/4180/4180 4204/4204/4204 4182/4182/4182 
f 4204/4204/4204 4205/4205/4205 4182/4182/4182 
f 4182/4182/4182 4205/4205/4205 4184/4184/4184 
f 4205/4205/4205 4206/4206/4206 4184/4184/4184 
f 4184/4184/4184 4206/4206/4206 4186/4186/4186 
f 4206/4206/4206 4187/4187/4187 4186/4186/4186 
f 4186/4186/4186 4187/4187/4187 4187/4187/4187 
f 4187/4187/4187 4206/4206/4206 4187/4187/4187 
f 4187/4187/4187 4206/4206/4206 4206/4206/4206 
f 4206/4206/4206 4207/4207/4207 4206/4206/4206 
f 4206/4206/4206 4207/4207/4207 4187/4187/4187 
f 4207/4207/4207 4208/4208/4208 4187/4187/4187 
f 4187/4187/4187 4208/4208/4208 4188/4188/4188 
f 4208/4208/4208 4209/4209/4209 4188/4188/4188 
f 4188/4188/4188 4209/4209/4209 4189/4189/4189 
f 4209/4209/4209 4210/4210/4210 4189/4189/4189 
f 4189/4189/4189 4210/4210/4210 4190/4190/4190 
f 4210/4210/4210 4211/4211/4211 4190/4190/4190 
f 4190/4190/4190 4211/4211/4211 4191/4191/4191 
f 4211/4211/4211 4212/4212/4212 4191/4191/4191 
f 4191/4191/4191 4212/4212/4212 4192/4192/4192 
f 4212/4212/4212 4213/4213/4213 4192/4192/4192 
f 4192/4192/4192 4213/4213/4213 4193/4193/4193 
f 4213/4213/4213 4214/4214/4214 4193/4193/4193 
f 4193/4193/4193 4214/4214/4214 4194/4194/4194 
f 4214/4214/4214 4215/4215/4215 4194/4194/4194 
f 4194/4194/4194 4215/4215/4215 4195/4195/4195 
f 4215/4215/4215 4216/4216/4216 4195/4195/4195 
f 4195/4195/4195 4216/4216/4216 4196/4196/4196 
f 4216/4216/4216 4217/4217/4217 4196/4196/4196 
f 4196/4196/4196 4217/4217/4217 4197/4197/4197 
f 4217/4217/4217 4218/4218/4218 4197/4197/4197 
f 4197/4197/4197 4218/4218/4218 4198/4198/4198 
f 4218/4218/4218 4219/4219/4219 4198/4198/4198 
f 4198/4198/4198 4219/4219/4219 4199/4199/4199 
f 4219/4219/4219 4220/4220/4220 4199/4199/4199 
f 4199/4199/4199 4220/4220/4220 4200/4200/4200 
f 4220/4220/4220 4221/4221/4221 4200/4200/4200 
f 4200/4200/4200 4221/4221/4221 4201/4201/4201 
f 4221/4221/4221 4222/4222/4222 4201/4201/4201 
f 4201/4201/4201 4222/4222/4222 4202/4202/4202 
f 4222/4222/4222 4223/4223/4223 4202/4202/4202 
f 4202/4202/4202 4223/4223/4223 4203/4203/4203 
f 4223/4223/4223 4224/4224/4224 4203/4203/4203 
f 4203/4203/4203 4224/4224/4224 4204/4204/4204 
f 4224/4224/4224 4225/4225/4225 4204/4204/4204 
f 4204/4204/4204 4225/4225/4225 4205/4205/4205 
f 4225/4225/4225 4226/4226/4226 4205/4205/4205 
f 4205/4205/4205 4226/4226/4226 4206/4206/4206 
f 4226/4226/4226 4207/4207/4207 4206/4206/4206 
f 4206/4206/4206 4207/4207/4207 4207/4207/4207 
f 4207/4207/4207 4227/4227/4227 4207/4207/4207 
f 4207/4207/4207 4227/4227/4227 4227/4227/4227 
f 4227/4227/4227 4228/4228/4228 4227/4227/4227 
f 4227/4227/4227 4228/4228/4228 4229/4229/4229 
f 4228/4228/4228 4230/4230/4230 4229/4229/4229 
f 4229/4229/4229 4230/4230/4230 4231/4231/4231 
f 4230/4230/4230 4232/4232/4232 4231/4231/4231 
f 4231/4231/4231 4232/4232/4232 4233/4233/4233 
f 4232/4232/4232 4234/4234/4234 4233/4233/4233 
f 4233/4233/4233 4234/4234/4234 4235/4235/4235 
f 4234/4234/4234 4236/4236/4236 4235/4235/4235 
f 4235/4235/4235 4236/4236/4236 4237/4237/4237 
f 4236/4236/4236 4238/4238/4238 4237/4237/4237 
f 4237/4237/4237 4238/4238/4238 4239/4239/4239 
f 4238/4238/4238 4240/4240/4240 4239/4239/4239 
f 4239/4239/4239 4240/4240/4240 4241/4241/4241 
f 4240/4240/4240 4242/4242/4242 4241/4241/4241 
f 4241/4241/4241 4242/4242/4242 4243/4243/4243 
f 4242/4242/4242 4244/4244/4244 4243/4243/4243 
f 4243/4243/4243 4244/4244/4244 4245/4245/4245 
f 4244/4244/4244 4246/4246/4246 4245/4245/4245 
f 4245/4245/4245 4246/4246/4246 4247/4247/4247 
f 4246/4246/4246 4248/4248/4248 4247/4247/4247 
f 4247/4247/4247 4248/4248/4248 4249/4249/4249 
f 4248/4248/4248 4250/4250/4250 4249/4249/4249 
f 4249/4249/4249 4250/4250/4250 4251/4251/4251 
f 4250/4250/4250 4252/4252/4252 4251/4251/4251 
f 4251/4251/4251 4252/4252/4252 4253/4253/4253 
f 4252/4252/4252 4254/4254/4254 4253/4253/4253 
f 4253/4253/4253 4254/4254/4254 4255/4255/4255 
f 4254/4254/4254 4256/4256/4256 4255/4255/4255 
f 4255/4255/4255 4256/4256/4256 4257/4257/4257 
f 4256/4256/4256 4258/4258/4258 4257/4257/4257 
f 4257/4257/4257 4258/4258/4258 4259/4259/4259 
f 4258/4258/4258 4260/4260/4260 4259/4259/4259 
f 4259/4259/4259 4260/4260/4260 4261/4261/4261 
f 4260/4260/4260 4262/4262/4262 4261/4261/4261 
f 4261/4261/4261 4262/4262/4262 4263/4263/4263 
f 4262/4262/4262 4264/4264/4264 4263/4263/4263 
f 4263/4263/4263 4264/4264/4264 4265/4265/4265 
f 4264/4264/4264 4266/4266/4266 4265/4265/4265 
f 4265/4265/4265 4266/4266/4266 4227/4227/4227 
f 4266/4266/4266 4228/4228/4228 4227/4227/4227 
f 4227/4227/4227 4228/4228/4228 4228/4228/4228 
f 4228/4228/4228 4266/4266/4266 4228/4228/4228 
f 4228/4228/4228 4266/4266/4266 4266/4266/4266 
f 4266/4266/4266 4267/4267/4267 4266/4266/4266 
f 4266/4266/4266 4267/4267/4267 4228/4228/4228 
f 4267/4267/4267 4268/4268/4268 4228/4228/4228 
f 4228/4228/4228 4268/4268/4268 4230/4230/4230 
f 4268/4268/4268 4269/4269/4269 4230/4230/4230 
f 4230/4230/4230 4269/4269/4269 4232/4232/4232 
f 4269/4269/4269 4270/4270/4270 4232/4232/4232 
f 4232/4232/4232 4270/4270/4270 4234/4234/4234 
f 4270/4270/4270 4271/4271/4271 4234/4234/4234 
f 4234/4234/4234 4271/4271/4271 4236/4236/4236 
f 4271/4271/4271 4272/4272/4272 4236/4236/4236 
f 4236/4236/4236 4272/4272/4272 4238/4238/4238 
f 4272/4272/4272 4273/4273/4273 4238/4238/4238 
f 4238/4238/4238 4273/4273/4273 4240/4240/4240 
f 4273/4273/4273 4274/4274/4274 4240/4240/4240 
f 4240/4240/4240 4274/4274/4274 4242/4242/4242 
f 4274/4274/4274 4275/4275/4275 4242/4242/4242 
f 4242/4242/4242 4275/4275/4275 4244/4244/4244 
f 4275/4275/4275 4276/4276/4276 4244/4244/4244 
f 4244/4244/4244 4276/4276/4276 4246/4246/4246 
f 4276/4276/4276 4277/4277/4277 4246/4246/4246 
f 4246/4246/4246 4277/4277/4277 4248/4248/4248 
f 4277/4277/4277 4278/4278/4278 4248/4248/4248 
f 4248/4248/4248 4278/4278/4278 4250/4250/4250 
f 4278/4278/4278 4279/4279/4279 4250/4250/4250 
f 4250/4250/4250 4279/4279/4279 4252/4252/4252 
f 4279/4279/4279 4280/4280/4280 4252/4252/4252 
f 4252/4252/4252 4280/4280/4280 4254/4254/4254 
f 4280/4280/4280 4281/4281/4281 4254/4254/4254 
f 4254/4254/4254 4281/4281/4281 4256/4256/4256 
f 4281/4281/4281 4282/4282/4282 4256/4256/4256 
f 4256/4256/4256 4282/4282/4282 4258/4258/4258 
f 4282/4282/4282 4283/4283/4283 4258/4258/4258 
f 4258/4258/4258 4283/4283/4283 4260/4260/4260 
f 4283/4283/4283 4284/4284/4284 4260/4260/4260 
f 4260/4260/4260 4284/4284/4284 4262/4262/4262 
f 4284/4284/4284 4285/4285/4285 4262/4262/4262 
f 4262/4262/4262 4285/4285/4285 4264/4264/4264 
f 4285/4285/4285 4286/4286/4286 4264/4264/4264 
f 4264/4264/4264 4286/4286/4286 4266/4266/4266 
f 4286/4286/4286 4267/4267/4267 4266/4266/4266 
f 4266/4266/4266 4267/4267/4267 4267/4267/4267 
f 4267/4267/4267 4286/4286/4286 4267/4267/4267 
f 4267/4267/4267 4286/4286/4286 4286/4286/4286 
f 4286/4286/4286 4287/4287/4287 4286/4286/4286 
f 4286/4286/4286 4287/4287/4287 4267/4267/4267 
f 4287/4287/4287 4288/4288/4288 4267/4267/4267 
f 4267/4267/4267 4288/4288/4288 4268/4268/4268 
f 4288/4288/4288 4289/4289/4289 4268/4268/4268 
f 4268/4268/4268 4289/4289/4289 4269/4269/4269 
f 4289/4289/4289 4290/4290/4290 4269/4269/4269 
f 4269/4269/4269 4290/4290/4290 4270/4270/4270 
f 4290/4290/4290 4291/4291/4291 4270/4270/4270 
f 4270/4270/4270 4291/4291/4291 4271/4271/4271 
f 4291/4291/4291 4292/4292/4292 4271/4271/4271 
f 4271/4271/4271 4292/4292/4292 4272/4272/4272 
f 4292/4292/4292 4293/4293/4293 4272/4272/4272 
f 4272/4272/4272 4293/4293/4293 4273/4273/4273 
f 4293/4293/4293 4294/4294/4294 4273/4273/4273 
f 4273/4273/4273 4294/4294/4294 4274/4274/4274 
f 4294/4294/4294 4295/4295/4295 4274/4274/4274 
f 4274/4274/4274 4295/4295/4295 4275/4275/4275 
f 4295/4295/4295 4296/4296/4296 4275/4275/4275 
f 4275/4275/4275 4296/4296/4296 4276/4276/4276 
f 4296/4296/4296 4297/4297/4297 4276/4276/4276 
f 4276/4276/4276 4297/4297/4297 4277/4277/4277 
f 4297/4297/4297 4298/4298/4298 4277/4277/4277 
f 4277/4277/4277 4298/4298/4298 4278/4278/4278 
f 4298/4298/4298 4299/4299/4299 4278/4278/4278 
f 4278/4278/4278 4299/4299/4299 4279/4279/4279 
f 4299/4299/4299 4300/4300/4300 4279/4279/4279 
f 4279/4279/4279 4300/4300/4300 4280/4280/4280 
f 4300/4300/4300 4301/4301/4301 4280/4280/4280 
f 4280/4280/4280 4301/4301/4301 4281/4281/4281 
f 4301/4301/4301 4302/4302/4302 4281/4281/4281 
f 4281/4281/4281 4302/4302/4302 4282/4282/4282 
f 4302/4302/4302 4303/4303/4303 4282/4282/4282 
f 4282/4282/4282 4303/4303/4303 4283/4283/4283 
f 4303/4303/4303 4304/4304/4304 4283/4283/4283 
f 4283/4283/4283 4304/4304/4304 4284/4284/4284 
f 4304/4304/4304 4305/4305/4305 4284/4284/4284 
f 4284/4284/4284 4305/4305/4305 4285/4285/4285 
f 4305/4305/4305 4306/4306/4306 4285/4285/4285 
f 4285/4285/4285 4306/4306/4306 4286/4286/4286 
f 4306/4306/4306 4287/4287/4287 4286/4286/4286 
f 4286/4286/4286 4287/4287/4287 4287/4287/4287 
f 4287/4287/4287 4307/4307/4307 4287/4287/4287 
f 4287/4287/4287 4307/4307/4307 4307/4307/4307 
f 4307/4307/4307 4308/4308/4308 4307/4307/4307 
f 4307/4307/4307 4308/4308/4308 4309/4309/4309 
f 4308/4308/4308 4310/4310/4310 4309/4309/4309 
f 4309/4309/4309 4310/4310/4310 4311/4311/4311 
f 4310/4310/4310 4312/4312/4312 4311/4311/4311 
f 4311/4311/4311 4312/4312/4312 4313/4313/4313 
f 4312/4312/4312 4314/4314/4314 4313/4313/4313 
f 4313/4313/4313 4314/4314/4314 4315/4315/4315 
f 4314/4314/4314 4316/4316/4316 4315/4315/4315 
f 4315/4315/4315 4316/4316/4316 4317/4317/4317 
f 4316/4316/4316 4318/4318/4318 4317/4317/4317 
f 4317/4317/4317 4318/4318/4318 4319/4319/4319 
f 4318/4318/4318 4320/4320/4320 4319/4319/4319 
f 4319/4319/4319 4320/4320/4320 4321/4321/4321 
f 4320/4320/4320 4322/4322/4322 4321/4321/4321 
f 4321/4321/4321 4322/4322/4322 4323/4323/4323 
f 4322/4322/4322 4324/4324/4324 4323/4323/4323 
f 4323/4323/4323 4324/4324/4324 4325/4325/4325 
f 4324/4324/4324 4326/4326/4326 4325/4325/4325 
f 4325/4325/4325 4326/4326/4326 4327/4327/4327 
f 4326/4326/4326 4328/4328/4328 4327/4327/4327 
f 4327/4327/4327 4328/4328/4328 4329/4329/4329 
f 4328/4328/4328 4330/4330/4330 4329/4329/4329 
f 4329/4329/4329 4330/4330/4330 4331/4331/4331 
f 4330/4330/4330 4332/4332/4332 4331/4331/4331 
f 4331/4331/4331 4332/4332/4332 4333/4333/4333 
f 4332/4332/4332 4334/4334/4334 4333/4333/4333 
f 4333/4333/4333 4334/4334/4334 4335/4335/4335 
f 4334/4334/4334 4336/4336/4336 4335/4335/4335 
f 4335/4335/4335 4336/4336/4336 4337/4337/4337 
f 4336/4336/4336 4338/4338/4338 4337/4337/4337 
f 4337/4337/4337 4338/4338/4338 4339/4339/4339 
f 4338/4338/4338 4340/4340/4340 4339/4339/4339 
f 4339/4339/4339 4340/4340/4340 4341/4341/4341 
f 4340/4340/4340 4342/4342/4342 4341/4341/4341 
f 4341/4341/4341 4342/4342/4342 4343/4343/4343 
f 4342/4342/4342 4344/4344/4344 4343/4343/4343 
f 4343/4343/4343 4344/4344/4344 4345/4345/4345 
f 4344/4344/4344 4346/4346/4346 4345/4345/4345 
f 4345/4345/4345 4346/4346/4346 4307/4307/4307 
f 4346/4346/4346 4308/4308/4308 4307/4307/4307 
f 4307/4307/4307 4308/4308/4308 4308/4308/4308 
f 4308/4308/4308 4346/4346/4346 4308/4308/4308 
f 4308/4308/4308 4346/4346/4346 4346/4346/4346 
f 4346/4346/4346 4347/4347/4347 4346/4346/4346 
f 4346/4346/4346 4347/4347/4347 4308/4308/4308 
f 4347/4347/4347 4348/4348/4348 4308/4308/4308 
f 4308/4308/4308 4348/4348/4348 4310/4310/4310 
f 4348/4348/4348 4349/4349/4349 4310/4310/4310 
f 4310/4310/4310 4349/4349/4349 4312/4312/4312 
f 4349/4349/4349 4350/4350/4350 4312/4312/4312 
f 4312/4312/4312 4350/4350/4350 4314/4314/4314 
f 4350/4350/4350 4351/4351/4351 4314/4314/4314 
f 4314/4314/4314 4351/4351/4351 4316/4316/4316 
f 4351/4351/4351 4352/4352/4352 4316/4316/4316 
f 4316/4316/4316 4352/4352/4352 4318/4318/4318 
f 4352/4352/4352 4353/4353/4353 4318/4318/4318 
f 4318/4318/4318 4353/4353/4353 4320/4320/4320 
f 4353/4353/4353 4354/4354/4354 4320/4320/4320 
f 4320/4320/4320 4354/4354/4354 4322/4322/4322 
f 4354/4354/4354 4355/4355/4355 4322/4322/4322 
f 4322/4322/4322 4355/4355/4355 4324/4324/4324 
f 4355/4355/4355 4356/4356/4356 4324/4324/4324 
f 4324/4324/4324 4356/4356/4356 4326/4326/4326 
f 4356/4356/4356 4357/4357/4357 4326/4326/4326 
f 4326/4326/4326 4357/4357/4357 4328/4328/4328 
f 4357/4357/4357 4358/4358/4358 4328/4328/4328 
f 4328/4328/4328 4358/4358/4358 4330/4330/4330 
f 4358/4358/4358 4359/4359/4359 4330/4330/4330 
f 4330/4330/4330 4359/4359/4359 4332/4332/4332 
f 4359/4359/4359 4360/4360/4360 4332/4332/4332 
f 4332/4332/4332 4360/4360/4360 4334/4334/4334 
f 4360/4360/4360 4361/4361/4361 4334/4334/4334 
f 4334/4334/4334 4361/4361/4361 4336/4336/4336 
f 4361/4361/4361 4362/4362/4362 4336/4336/4336 
f 4336/4336/4336 4362/4362/4362 4338/4338/4338 
f 4362/4362/4362 4363/4363/4363 4338/4338/4338 
f 4338/4338/4338 4363/4363/4363 4340/4340/4340 
f 4363/4363/4363 4364/4364/4364 4340/4340/4340 
f 4340/4340/4340 4364/4364/4364 4342/4342/4342 
f 4364/4364/4364 4365/4365/4365 4342/4342/4342 
f 4342/4342/4342 4365/4365/4365 4344/4344/4344 
f 4365/4365/4365 4366/4366/4366 4344/4344/4344 
f 4344/4344/4344 4366/4366/4366 4346/4346/4346 
f 4366/4366/4366 4347/4347/4347 4346/4346/4346 
f 4346/4346/4346 4347/4347/4347 4347/4347/4347 
f 4347/4347/4347 4366/4366/4366 4347/4347/4347 
f 4347/4347/4347 4366/4366/4366 4366/4366/4366 
f 4366/4366/4366 4367/4367/4367 4366/4366/4366 
f 4366/4366/4366 4367/4367/4367 4347/4347/4347 
f 4367/4367/4367 4368/4368/4368 4347/4347/4347 
f 4347/4347/4347 4368/4368/4368 4348/4348/4348 
f 4368/4368/4368 4369/4369/4369 4348/4348/4348 
f 4348/4348/4348 4369/4369/4369 4349/4349/4349 
f 4369/4369/4369 4370/4370/4370 4349/4349/4349 
f 4349/4349/4349 4370/4370/4370 4350/4350/4350 
f 4370/4370/4370 4371/4371/4371 4350/4350/4350 
f 4350/4350/4350 4371/4371/4371 4351/4351/4351 
f 4371/4371/4371 4372/4372/4372 4351/4351/4351 
f 4351/4351/4351 4372/4372/4372 4352/4352/4352 
f 4372/4372/4372 4373/4373/4373 4352/4352/4352 
f 4352/4352/4352 4373/4373/4373 4353/4353/4353 
f 4373/4373/4373 4374/4374/4374 4353/4353/4353 
f 4353/4353/4353 4374/4374/4374 4354/4354/4354 
f 4374/4374/4374 4375/4375/4375 4354/4354/4354 
f 4354/4354/4354 4375/4375/4375 4355/4355/4355 
f 4375/4375/4375 4376/4376/4376 4355/4355/4355 
f 4355/4355/4355 4376/4376/4376 4356/4356/4356 
f 4376/4376/4376 4377/4377/4377 4356/4356/4356 
f 4356/4356/4356 4377/4377/4377 4357/4357/4357 
f 4377/4377/4377 4378/4378/4378 4357/4357/4357 
f 4357/4357/4357 4378/4378/4378 4358/4358/4358 
f 4378/4378/4378 4379/4379/4379 4358/4358/4358 
f 4358/4358/4358 4379/4379/4379 4359/4359/4359 
f 4379/4379/4379 4380/4380/4380 4359/4359/4359 
f 4359/4359/4359 4380/4380/4380 4360/4360/4360 
f 4380/4380/4380 4381/4381/4381 4360/4360/4360 
f 4360/4360/4360 4381/4381/4381 4361/4361/4361 
f 4381/4381/4381 4382/4382/4382 4361/4361/4361 
f 4361/4361/4361 4382/4382/4382 4362/4362/4362 
f 4382/4382/4382 4383/4383/4383 4362/4362/4362 
f 4362/4362/4362 4383/4383/4383 4363/4363/4363 
f 4383/4383/4383 4384/4384/4384 4363/4363/4363 
f 4363/4363/4363 4384/4384/4384 4364/4364/4364 
f 4384/4384/4384 4385/4385/4385 4364/4364/4364 
f 4364/4364/4364 4385/4385/4385 4365/4365/4365 
f 4385/4385/4385 4386/4386/4386 4365/4365/4365 
f 4365/4365/4365 4386/4386/4386 4366/4366/4366 
f 4386/4386/4386 4367/4367/4367 4366/4366/4366 
f 4366/4366/4366 4367/4367/4367 4367/4367/4367 
f 4367/4367/4367 4387/4387/4387 4367/4367/4367 
f 4367/4367/4367 4387/4387/4387 4387/4387/4387 
f 4387/4387/4387 4388/4388/4388 4387/4387/4387 
f 4387/4387/4387 4388/4388/4388 4389/4389/4389 
f 4388/4388/4388 4390/4390/4390 4389/4389/4389 
f 4389/4389/4389 4390/4390/4390 4391/4391/4391 
f 4390/4390/4390 4392/4392/4392 4391/4391/4391 
f 4391/4391/4391 4392/4392/4392 4393/4393/4393 
f 4392/4392/4392 4394/4394/4394 4393/4393/4393 
f 4393/4393/4393 4394/4394/4394 4395/4395/4395 
f 4394/4394/4394 4396/4396/4396 4395/4395/4395 
f 4395/4395/4395 4396/4396/4396 4397/4397/4397 
f 4396/4396/4396 4398/4398/4398 4397/4397/4397 
f 4397/4397/4397 4398/4398/4398 4399/4399/4399 
f 4398/4398/4398 4400/4400/4400 4399/4399/4399 
f 4399/4399/4399 4400/4400/4400 4401/4401/4401 
f 4400/4400/4400 4402/4402/4402 4401/4401/4401 
f 4401/4401/4401 4402/4402/4402 4403/4403/4403 
f 4402/4402/4402 4404/4404/4404 4403/4403/4403 
f 4403/4403/4403 4404/4404/4404 4405/4405/4405 
f 4404/4404/4404 4406/4406/4406 4405/4405/4405 
f 4405/4405/4405 4406/4406/4406 4407/4407/4407 
f 4406/4406/4406 4408/4408/4408 4407/4407/4407 
f 4407/4407/4407 4408/4408/4408 4409/4409/4409 
f 4408/4408/4408 4410/4410/4410 4409/4409/4409 
f 4409/4409/4409 4410/4410/4410 4411/4411/4411 
f 4410/4410/4410 4412/4412/4412 4411/4411/4411 
f 4411/4411/4411 4412/4412/4412 4413/4413/4413 
f 4412/4412/4412 4414/4414/4414 4413/4413/4413 
f 4413/4413/4413 4414/4414/4414 4415/4415/4415 
f 4414/4414/4414 4416/4416/4416 4415/4415/4415 
f 4415/4415/4415 4416/4416/4416 4417/4417/4417 
f 4416/4416/4416 4418/4418/4418 4417/4417/4417 
f 4417/4417/4417 4418/4418/4418 4419/4419/4419 
f 4418/4418/4418 4420/4420/4420 4419/4419/4419 
f 4419/4419/4419 4420/4420/4420 4421/4421/4421 
f 4420/4420/4420 4422/4422/4422 4421/4421/4421 
f 4421/4421/4421 4422/4422/4422 4423/4423/4423 
f 4422/4422/4422 4424/4424/4424 4423/4423/4423 
f 4423/4423/4423 4424/4424/4424 4425/4425/4425 
f 4424/4424/4424 4426/4426/4426 4425/4425/4425 
f 4425/4425/4425 4426/4426/4426 4387/4387/4387 
f 4426/4426/4426 4388/4388/4388 4387/4387/4387 
f 4387/4387/4387 4388/4388/4388 4388/4388/4388 
f 4388/4388/4388 4426/4426/4426 4388/4388/4388 
f 4388/4388/4388 4426/4426/4426 4426/4426/4426 
f 4426/4426/4426 4427/4427/4427 4426/4426/4426 
f 4426/4426/4426 4427/4427/4427 4388/4388/4388 
f 4427/4427/4427 4428/4428/4428 4388/4388/4388 
f 4388/4388/4388 4428/4428/4428 4390/4390/4390 
f 4428/4428/4428 4429/4429/4429 4390/4390/4390 
f 4390/4390/4390 4429/4429/4429 4392/4392/4392 
f 4429/4429/4429 4430/4430/4430 4392/4392/4392 
f 4392/4392/4392 4430/4430/4430 4394/4394/4394 
f 4430/4430/4430 4431/4431/4431 4394/4394/4394 
f 4394/4394/4394 4431/4431/4431 4396/4396/4396 
f 4431/4431/4431 4432/4432/4432 4396/4396/4396 
f 4396/4396/4396 4432/4432/4432 4398/4398/4398 
f 4432/4432/4432 4433/4433/4433 4398/4398/4398 
f 4398/4398/4398 4433/4433/4433 4400/4400/4400 
f 4433/4433/4433 4434/4434/4434 4400/4400/4400 
f 4400/4400/4400 4434/4434/4434 4402/4402/4402 
f 4434/4434/4434 4435/4435/4435 4402/4402/4402 
f 4402/4402/4402 4435/4435/4435 4404/4404/4404 
f 4435/4435/4435 4436/4436/4436 4404/4404/4404 
f 4404/4404/4404 4436/4436/4436 4406/4406/4406 
f 4436/4436/4436 4437/4437/4437 4406/4406/4406 
f 4406/4406/4406 4437/4437/4437 4408/4408/4408 
f 4437/4437/4437 4438/4438/4438 4408/4408/4408 
f 4408/4408/4408 4438/4438/4438 4410/4410/4410 
f 4438/4438/4438 4439/4439/4439 4410/4410/4410 
f 4410/4410/4410 4439/4439/4439 4412/4412/4412 
f 4439/4439/4439 4440/4440/4440 4412/4412/4412 
f 4412/4412/4412 4440/4440/4440 4414/4414/4414 
f 4440/4440/4440 4441/4441/4441 4414/4414/4414 
f 4414/4414/4414 4441/4441/4441 4416/4416/4416 
f 4441/4441/4441 4442/4442/4442 4416/4416/4416 
f 4416/4416/4416 4442/4442/4442 4418/4418/4418 
f 4442/4442/4442 4443/4443/4443 4418/4418/4418 
f 4418/4418/4418 4443/4443/4443 4420/4420/4420 
f 4443/4443/4443 4444/4444/4444 4420/4420/4420 
f 4420/4420/4420 4444/4444/4444 4422/4422/4422 
f 4444/4444/4444 4445/4445/4445 4422/4422/4422 
f 4422/4422/4422 4445/4445/4445 4424/4424/4424 
f 4445/4445/4445 4446/4446/4446 4424/4424/4424 
f 4424/4424/4424 4446/4446/4446 4426/4426/4426 
f 4446/4446/4446 4427/4427/4427 4426/4426/4426 
f 4426/4426/4426 4427/4427/4427 4427/4427/4427 
f 4427/4427/4427 4446/4446/4446 4427/4427/4427 
f 4427/4427/4427 4446/4446/4446 4446/4446/4446 
f 4446/4446/4446 4447/4447/4447 4446/4446/4446 
f 4446/4446/4446 4447/4447/4447 4427/4427/4427 
f 4447/4447/4447 4448/4448/4448 4427/4427/4427 
f 4427/4427/4427 4448/4448/4448 4428/4428/4428 
f 4448/4448/4448 4449/4449/4449 4428/4428/4428 
f 4428/4428/4428 4449/4449/4449 4429/4429/4429 
f 4449/4449/4449 4450/4450/4450 4429/4429/4429 
f 4429/4429/4429 4450/4450/4450 4430/4430/4430 
f 4450/4450/4450 4451/4451/4451 4430/4430/4430 
f 4430/4430/4430 4451/4451/4451 4431/4431/4431 
f 4451/4451/4451 4452/4452/4452 4431/4431/4431 
f 4431/4431/4431 4452/4452/4452 4432/4432/4432 
f 4452/4452/4452 4453/4453/4453 4432/4432/4432 
f 4432/4432/4432 4453/4453/4453 4433/4433/4433 
f 4453/4453/4453 4454/4454/4454 4433/4433/4433 
f 4433/4433/4433 4454/4454/4454 4434/4434/4434 
f 4454/4454/4454 4455/4455/4455 4434/4434/4434 
f 4434/4434/4434 4455/4455/4455 4435/4435/4435 
f 4455/4455/4455 4456/4456/4456 4435/4435/4435 
f 4435/4435/4435 4456/4456/4456 4436/4436/4436 
f 4456/4456/4456 4457/4457/4457 4436/4436/4436 
f 4436/4436/4436 4457/4457/4457 4437/4437/4437 
f 4457/4457/4457 4458/4458/4458 4437/4437/4437 
f 4437/4437/4437 4458/4458/4458 4438/4438/4438 
f 4458/4458/4458 4459/4459/4459 4438/4438/4438 
f 4438/4438/4438 4459/4459/4459 4439/4439/4439 
f 4459/4459/4459 4460/4460/4460 4439/4439/4439 
f 4439/4439/4439 4460/4460/4460 4440/4440/4440 
f 4460/4460/4460 4461/4461/4461 4440/4440/4440 
f 4440/4440/4440 4461/4461/4461 4441/4441/4441 
f 4461/4461/4461 4462/4462/4462 4441/4441/4441 
f 4441/4441/4441 4462/4462/4462 4442/4442/4442 
f 4462/4462/4462 4463/4463/4463 4442/4442/4442 
f 4442/4442/4442 4463/4463/4463 4443/4443/4443 
f 4463/4463/4463 4464/4464/4464 4443/4443/4443 
f 4443/4443/4443 4464/4464/4464 4444/4444/4444 
f 4464/4464/4464 4465/4465/4465 4444/4444/4444 
f 4444/4444/4444 4465/4465/4465 4445/4445/4445 
f 4465/4465/4465 4466/4466/4466 4445/4445/4445 
f 4445/4445/4445 4466/4466/4466 4446/4446/4446 
f 4466/4466/4466 4447/4447/4447 4446/4446/4446 
f 4446/4446/4446 4447/4447/4447 4447/4447/4447 
f 4447/4447/4447 4467/4467/4467 4447/4447/4447 
f 4447/4447/4447 4467/4467/4467 4467/4467/4467 
f 4467/4467/4467 4468/4468/4468 4467/4467/4467 
f 4467/4467/4467 4468/4468/4468 4469/4469/4469 
f 4468/4468/4468 4470/4470/4470 4469/4469/4469 
f 4469/4469/4469 4470/4470/4470 4471/4471/4471 
f 4470/4470/4470 4472/4472/4472 4471/4471/4471 
f 4471/4471/4471 4472/4472/4472 4473/4473/4473 
f 4472/4472/4472 4474/4474/4474 4473/4473/4473 
f 4473/4473/4473 4474/4474/4474 4475/4475/4475 
f 4474/4474/4474 4476/4476/4476 4475/4475/4475 
f 4475/4475/4475 4476/4476/4476 4477/4477/4477 
f 4476/4476/4476 4478/4478/4478 4477/4477/4477 
f 4477/4477/4477 4478/4478/4478 4479/4479/4479 
f 4478/4478/4478 4480/4480/4480 4479/4479/4479 
f 4479/4479/4479 4480/4480/4480 4481/4481/4481 
f 4480/4480/4480 4482/4482/4482 4481/4481/4481 
f 4481/4481/4481 4482/4482/4482 4483/4483/4483 
f 4482/4482/4482 4484/4484/4484 4483/4483/4483 
f 4483/4483/4483 4484/4484/4484 4485/4485/4485 
f 4484/4484/4484 4486/4486/4486 4485/4485/4485 
f 4485/4485/4485 4486/4486/4486 4487/4487/4487 
f 4486/4486/4486 4488/4488/4488 4487/4487/4487 
f 4487/4487/4487 4488/4488/4488 4489/4489/4489 
f 4488/4488/4488 4490/4490/4490 4489/4489/4489 
f 4489/4489/4489 4490/4490/4490 4491/4491/4491 
f 4490/4490/4490 4492/4492/4492 4491/4491/4491 
f 4491/4491/4491 4492/4492/4492 4493/4493/4493 
f 4492/4492/4492 4494/4494/4494 4493/4493/4493 
f 4493/4493/4493 4494/4494/4494 4495/4495/4495 
f 4494/4494/4494 4496/4496/4496 4495/4495/4495 
f 4495/4495/4495 4496/4496/4496 4497/4497/4497 
f 4496/4496/4496 4498/4498/4498 4497/4497/4497 
f 4497/4497/4497 4498/4498/4498 4499/4499/4499 
f 4498/4498/4498 4500/4500/4500 4499/4499/4499 
f 4499/4499/4499 4500/4500/4500 4501/4501/4501 
f 4500/4500/4500 4502/4502/4502 4501/4501/4501 
f 4501/4501/4501 4502/4502/4502 4503/4503/4503 
f 4502/4502/4502 4504/4504/4504 4503/4503/4503 
f 4503/4503/4503 4504/4504/4504 4505/4505/4505 
f 4504/4504/4504 4506/4506/4506 4505/4505/4505 
f 4505/4505/4505 4506/4506/4506 4467/4467/4467 
f 4506/4506/4506 4468/4468/4468 4467/4467/4467 
f 4467/4467/4467 4468/4468/4468 4468/4468/4468 
f 4468/4468/4468 4507/4507/4507 4468/4468/4468 
f 4468/4468/4468 4507/4507/4507 4507/4507/4507 
f 4507/4507/4507 4508/4508/4508 4507/4507/4507 
f 4507/4507/4507 4508/4508/4508 4509/4509/4509 
f 4508/4508/4508 4510/4510/4510 4509/4509/4509 
f 4509/4509/4509 4510/4510/4510 4511/4511/4511 
f 4510/4510/4510 4512/4512/4512 4511/4511/4511 
f 4511/4511/4511 4512/4512/4512 4513/4513/4513 
f 4512/4512/4512 4514/4514/4514 4513/4513/4513 
f 4513/4513/4513 4514/4514/4514 4515/4515/4515 
f 4514/4514/4514 4516/4516/4516 4515/4515/4515 
f 4515/4515/4515 4516/4516/4516 4517/4517/4517 
f 4516/4516/4516 4518/4518/4518 4517/4517/4517 
f 4517/4517/4517 4518/4518/4518 4519/4519/4519 
f 4518/4518/4518 4520/4520/4520 4519/4519/4519 
f 4519/4519/4519 4520/4520/4520 4521/4521/4521 
f 4520/4520/4520 4522/4522/4522 4521/4521/4521 
f 4521/4521/4521 4522/4522/4522 4523/4523/4523 
f 4522/4522/4522 4524/4524/4524 4523/4523/4523 
f 4523/4523/4523 4524/4524/4524 4525/4525/4525 
f 4524/4524/4524 4526/4526/4526 4525/4525/4525 
f 4525/4525/4525 4526/4526/4526 4527/4527/4527 
f 4526/4526/4526 4528/4528/4528 4527/4527/4527 
f 4527/4527/4527 4528/4528/4528 4529/4529/4529 
f 4528/4528/4528 4530/4530/4530 4529/4529/4529 
f 4529/4529/4529 4530/4530/4530 4531/4531/4531 
f 4530/4530/4530 4532/4532/4532 4531/4531/4531 
f 4531/4531/4531 4532/4532/4532 4533/4533/4533 
f 4532/4532/4532 4534/4534/4534 4533/4533/4533 
f 4533/4533/4533 4534/4534/4534 4535/4535/4535 
f 4534/4534/4534 4536/4536/4536 4535/4535/4535 
f 4535/4535/4535 4536/4536/4536 4537/4537/4537 
f 4536/4536/4536 4538/4538/4538 4537/4537/4537 
f 4537/4537/4537 4538/4538/4538 4539/4539/4539 
f 4538/4538/4538 4540/4540/4540 4539/4539/4539 
f 4539/4539/4539 4540/4540/4540 4541/4541/4541 
f 4540/4540/4540 4542/4542/4542 4541/4541/4541 
f 4541/4541/4541 4542/4542/4542 4507/4507/4507 
f 4542/4542/4542 4508/4508/4508 4507/4507/4507 
f 4507/4507/4507 4508/4508/4508 4508/4508/4508 
f 4508/4508/4508 4543/4543/4543 4508/4508/4508 
f 4508/4508/4508 4543/4543/4543 4543/4543/4543 
f 4543/4543/4543 4544/4544/4544 4543/4543/4543 
f 4543/4543/4543 4544/4544/4544 4545/4545/4545 
f 4544/4544/4544 4546/4546/4546 4545/4545/4545 
f 4545/4545/4545 4546/4546/4546 4547/4547/4547 
f 4546/4546/4546 4548/4548/4548 4547/4547/4547 
f 4547/4547/4547 4548/4548/4548 4549/4549/4549 
f 4548/4548/4548 4550/4550/4550 4549/4549/4549 
f 4549/4549/4549 4550/4550/4550 4551/4551/4551 
f 4550/4550/4550 4552/4552/4552 4551/4551/4551 
f 4551/4551/4551 4552/4552/4552 4553/4553/4553 
f 4552/4552/4552 4554/4554/4554 4553/4553/4553 
f 4553/4553/4553 4554/4554/4554 4555/4555/4555 
f 4554/4554/4554 4556/4556/4556 4555/4555/4555 
f 4555/4555/4555 4556/4556/4556 4557/4557/4557 
f 4556/4556/4556 4558/4558/4558 4557/4557/4557 
f 4557/4557/4557 4558/4558/4558 4559/4559/4559 
f 4558/4558/4558 4560/4560/4560 4559/4559/4559 
f 4559/4559/4559 4560/4560/4560 4561/4561/4561 
f 4560/4560/4560 4562/4562/4562 4561/4561/4561 
f 4561/4561/4561 4562/4562/4562 4563/4563/4563 
f 4562/4562/4562 4564/4564/4564 4563/4563/4563 
f 4563/4563/4563 4564/4564/4564 4565/4565/4565 
f 4564/4564/4564 4566/4566/4566 4565/4565/4565 
f 4565/4565/4565 4566/4566/4566 4567/4567/4567 
f 4566/4566/4566 4568/4568/4568 4567/4567/4567 
f 4567/4567/4567 4568/4568/4568 4569/4569/4569 
f 4568/4568/4568 4570/4570/4570 4569/4569/4569 
f 4569/4569/4569 4570/4570/4570 4571/4571/4571 
f 4570/4570/4570 4572/4572/4572 4571/4571/4571 
f 4571/4571/4571 4572/4572/4572 4573/4573/4573 
f 4572/4572/4572 4574/4574/4574 4573/4573/4573 
f 4573/4573/4573 4574/4574/4574 4575/4575/4575 
f 4574/4574/4574 4576/4576/4576 4575/4575/4575 
f 4575/4575/4575 4576/4576/4576 4577/4577/4577 
f 4576/4576/4576 4578/4578/4578 4577/4577/4577 
f 4577/4577/4577 4578/4578/4578 4579/4579/4579 
f 4578/4578/4578 4580/4580/4580 4579/4579/4579 
f 4579/4579/4579 4580/4580/4580 4581/4581/4581 
f 4580/4580/4580 4582/4582/4582 4581/4581/4581 
f 4581/4581/4581 4582/4582/4582 4543/4543/4543 
f 4582/4582/4582 4544/4544/4544 4543/4543/4543 
f 4543/4543/4543 4544/4544/4544 4544/4544/4544 
f 4544/4544/4544 4583/4583/4583 4544/4544/4544 
f 4544/4544/4544 4583/4583/4583 4583/4583/4583 
f 4583/4583/4583 4584/4584/4584 4583/4583/4583 
f 4583/4583/4583 4584/4584/4584 4585/4585/4585 
f 4584/4584/4584 4586/4586/4586 4585/4585/4585 
f 4585/4585/4585 4586/4586/4586 4587/4587/4587 
f 4586/4586/4586 4588/4588/4588 4587/4587/4587 
f 4587/4587/4587 4588/4588/4588 4589/4589/4589 
f 4588/4588/4588 4590/4590/4590 4589/4589/4589 
f 4589/4589/4589 4590/4590/4590 4591/4591/4591 
f 4590/4590/4590 4592/4592/4592 4591/4591/4591 
f 4591/4591/4591 4592/4592/4592 4593/4593/4593 
f 4592/4592/4592 4594/4594/4594 4593/4593/4593 
f 4593/4593/4593 4594/4594/4594 4595/4595/4595 
f 4594/4594/4594 4596/4596/4596 4595/4595/4595 
f 4595/4595/4595 4596/4596/4596 4597/4597/4597 
f 4596/4596/4596 4598/4598/4598 4597/4597/4597 
f 4597/4597/4597 4598/4598/4598 4599/4599/4599 
f 4598/4598/4598 4600/4600/4600 4599/4599/4599 
f 4599/4599/4599 4600/4600/4600 4601/4601/4601 
f 4600/4600/4600 4602/4602/4602 4601/4601/4601 
f 4601/4601/4601 4602/4602/4602 4603/4603/4603 
f 4602/4602/4602 4604/4604/4604 4603/4603/4603 
f 4603/4603/4603 4604/4604/4604 4605/4605/4605 
f 4604/4604/4604 4606/4606/4606 4605/4605/4605 
f 4605/4605/4605 4606/4606/4606 4607/4607/4607 
f 4606/4606/4606 4608/4608/4608 4607/4607/4607 
f 4607/4607/4607 4608/4608/4608 4609/4609/4609 
f 4608/4608/4608 4610/4610/4610 4609/4609/4609 
f 4609/4609/4609 4610/4610/4610 4611/4611/4611 
f 4610/4610/4610 4612/4612/4612 4611/4611/4611 
f 4611/4611/4611 4612/4612/4612 4613/4613/4613 
f 4612/4612/4612 4614/4614/4614 4613/4613/4613 
f 4613/4613/4613 4614/4614/4614 4615/4615/4615 
f 4614/4614/4614 4616/4616/4616 4615/4615/4615 
f 4615/4615/4615 4616/4616/4616 4617/4617/4617 
f 4616/4616/4616 4618/4618/4618 4617/4617/4617 
f 4617/4617/4617 4618/4618/4618 4619/4619/4619 
f 4618/4618/4618 4620/4620/4620 4619/4619/4619 
f 4619/4619/4619 4620/4620/4620 4621/4621/4621 
f 4620/4620/4620 4622/4622/4622 4621/4621/4621 
f 4621/4621/4621 4622/4622/4622 4583/4583/4583 
f 4622/4622/4622 4584/4584/4584 4583/4583/4583 
f 4583/4583/4583 4584/4584/4584 4584/4584/4584 
f 4584/4584/4584 4622/4622/4622 4584/4584/4584 
f 4584/4584/4584 4622/4622/4622 4622/4622/4622 
f 4622/4622/4622 4623/4623/4623 4622/4622/4622 
f 4622/4622/4622 4623/4623/4623 4584/4584/4584 
f 4623/4623/4623 4624/4624/4624 4584/4584/4584 
f 4584/4584/4584 4624/4624/4624 4586/4586/4586 
f 4624/4624/4624 4625/4625/4625 4586/4586/4586 
f 4586/4586/4586 4625/4625/4625 4588/4588/4588 
f 4625/4625/4625 4626/4626/4626 4588/4588/4588 
f 4588/4588/4588 4626/4626/4626 4590/4590/4590 
f 4626/4626/4626 4627/4627/4627 4590/4590/4590 
f 4590/4590/4590 4627/4627/4627 4592/4592/4592 
f 4627/4627/4627 4628/4628/4628 4592/4592/4592 
f 4592/4592/4592 4628/4628/4628 4594/4594/4594 
f 4628/4628/4628 4629/4629/4629 4594/4594/4594 
f 4594/4594/4594 4629/4629/4629 4596/4596/4596 
f 4629/4629/4629 4630/4630/4630 4596/4596/4596 
f 4596/4596/4596 4630/4630/4630 4598/4598/4598 
f 4630/4630/4630 4631/4631/4631 4598/4598/4598 
f 4598/4598/4598 4631/4631/4631 4600/4600/4600 
f 4631/4631/4631 4632/4632/4632 4600/4600/4600 
f 4600/4600/4600 4632/4632/4632 4602/4602/4602 
f 4632/4632/4632 4633/4633/4633 4602/4602/4602 
f 4602/4602/4602 4633/4633/4633 4604/4604/4604 
f 4633/4633/4633 4634/4634/4634 4604/4604/4604 
f 4604/4604/4604 4634/4634/4634 4606/4606/4606 
f 4634/4634/4634 4635/4635/4635 4606/4606/4606 
f 4606/4606/4606 4635/4635/4635 4608/4608/4608 
f 4635/4635/4635 4636/4636/4636 4608/4608/4608 
f 4608/4608/4608 4636/4636/4636 4610/4610/4610 
f 4636/4636/4636 4637/4637/4637 4610/4610/4610 
f 4610/4610/4610 4637/4637/4637 4612/4612/4612 
f 4637/4637/4637 4638/4638/4638 4612/4612/4612 
f 4612/4612/4612 4638/4638/4638 4614/4614/4614 
f 4638/4638/4638 4639/4639/4639 4614/4614/4614 
f 4614/4614/4614 4639/4639/4639 4616/4616/4616 
f 4639/4639/4639 4640/4640/4640 4616/4616/4616 
f 4616/4616/4616 4640/4640/4640 4618/4618/4618 
f 4640/4640/4640 4641/4641/4641 4618/4618/4618 
f 4618/4618/4618 4641/4641/4641 4620/4620/4620 
f 4641/4641/4641 4642/4642/4642 4620/4620/4620 
f 4620/4620/4620 4642/4642/4642 4622/4622/4622 
f 4642/4642/4642 4623/4623/4623 4622/4622/4622 
f 4622/4622/4622 4623/4623/4623 4623/4623/4623 
f 4623/4623/4623 4642/4642/4642 4623/4623/4623 
f 4623/4623/4623 4642/4642/4642 4642/4642/4642 
f 4642/4642/4642 4643/4643/4643 4642/4642/4642 
f 4642/4642/4642 4643/4643/4643 4623/4623/4623 
f 4643/4643/4643 4644/4644/4644 4623/4623/4623 
f 4623/4623/4623 4644/4644/4644 4624/4624/4624 
f 4644/4644/4644 4645/4645/4645 4624/4624/4624 
f 4624/4624/4624 4645/4645/4645 4625/4625/4625 
f 4645/4645/4645 4646/4646/4646 4625/4625/4625 
f 4625/4625/4625 4646/4646/4646 4626/4626/4626 
f 4646/4646/4646 4647/4647/4647 4626/4626/4626 
f 4626/4626/4626 4647/4647/4647 4627/4627/4627 
f 4647/4647/4647 4648/4648/4648 4627/4627/4627 
f 4627/4627/4627 4648/4648/4648 4628/4628/4628 
f 4648/4648/4648 4649/4649/4649 4628/4628/4628 
f 4628/4628/4628 4649/4649/4649 4629/4629/4629 
f 4649/4649/4649 4650/4650/4650 4629/4629/4629 
f 4629/4629/4629 4650/4650/4650 4630/4630/4630 
f 4650/4650/4650 4651/4651/4651 4630/4630/4630 
f 4630/4630/4630 4651/4651/4651 4631/4631/4631 
f 4651/4651/4651 4652/4652/4652 4631/4631/4631 
f 4631/4631/4631 4652/4652/4652 4632/4632/4632 
f 4652/4652/4652 4653/4653/4653 4632/4632/4632 
f 4632/4632/4632 4653/4653/4653 4633/4633/4633 
f 4653/4653/4653 4654/4654/4654 4633/4633/4633 
f 4633/4633/4633 4654/4654/4654 4634/4634/4634 
f 4654/4654/4654 4655/4655/4655 4634/4634/4634 
f 4634/4634/4634 4655/4655/4655 4635/4635/4635 
f 4655/4655/4655 4656/4656/4656 4635/4635/4635 
f 4635/4635/4635 4656/4656/4656 4636/4636/4636 
f 4656/4656/4656 4657/4657/4657 4636/4636/4636 
f 4636/4636/4636 4657/4657/4657 4637/4637/4637 
f 4657/4657/4657 4658/4658/4658 4637/4637/4637 
f 4637/4637/4637 4658/4658/4658 4638/4638/4638 
f 4658/4658/4658 4659/4659/4659 4638/4638/4638 
f 4638/4638/4638 4659/4659/4659 4639/4639/4639 
f 4659/4659/4659 4660/4660/4660 4639/4639/4639 
f 4639/4639/4639 4660/4660/4660 4640/4640/4640 
f 4660/4660/4660 4661/4661/4661 4640/4640/4640 
f 4640/4640/4640 4661/4661/4661 4641/4641/4641 
f 4661/4661/4661 4662/4662/4662 4641/4641/4641 
f 4641/4641/4641 4662/4662/4662 4642/4642/4642 
f 4662/4662/4662 4643/4643/4643 4642/4642/4642 
f 4642/4642/4642 4643/4643/4643 4643/4643/4643 
f 4643/4643/4643 4663/4663/4663 4643/4643/4643 
f 4643/4643/4643 4663/4663/4663 4663/4663/4663 
f 4663/4663/4663 4664/4664/4664 4663/4663/4663 
f 4663/4663/4663 4664/4664/4664 4665/4665/4665 
f 4664/4664/4664 4666/4666/4666 4665/4665/4665 
f 4665/4665/4665 4666/4666/4666 4667/4667/4667 
f 4666/4666/4666 4668/4668/4668 4667/4667/4667 
f 4667/4667/4667 4668/4668/4668 4669/4669/4669 
f 4668/4668/4668 4670/4670/4670 4669/4669/4669 
f 4669/4669/4669 4670/4670/4670 4671/4671/4671 
f 4670/4670/4670 4672/4672/4672 4671/4671/4671 
f 4671/4671/4671 4672/4672/4672 4673/4673/4673 
f 4672/4672/4672 4674/4674/4674 4673/4673/4673 
f 4673/4673/4673 4674/4674/4674 4675/4675/4675 
f 4674/4674/4674 4676/4676/4676 4675/4675/4675 
f 4675/4675/4675 4676/4676/4676 4677/4677/4677 
f 4676/4676/4676 4678/4678/4678 4677/4677/4677 
f 4677/4677/4677 4678/4678/4678 4679/4679/4679 
f 4678/4678/4678 4680/4680/4680 4679/4679/4679 
f 4679/4679/4679 4680/4680/4680 4681/4681/4681 
f 4680/4680/4680 4682/4682/4682 4681/4681/4681 
f 4681/4681/4681 4682/4682/4682 4683/4683/4683 
f 4682/4682/4682 4684/4684/4684 4683/4683/4683 
f 4683/4683/4683 4684/4684/4684 4685/4685/4685 
f 4684/4684/4684 4686/4686/4686 4685/4685/4685 
f 4685/4685/4685 4686/4686/4686 4687/4687/4687 
f 4686/4686/4686 4688/4688/4688 4687/4687/4687 
f 4687/4687/4687 4688/4688/4688 4689/4689/4689 
f 4688/4688/4688 4690/4690/4690 4689/4689/4689 
f 4689/4689/4689 4690/4690/4690 4691/4691/4691 
f 4690/4690/4690 4692/4692/4692 4691/4691/4691 
f 4691/4691/4691 4692/4692/4692 4693/4693/4693 
f 4692/4692/4692 4694/4694/4694 4693/4693/4693 
f 4693/4693/4693 4694/4694/4694 4695/4695/4695 
f 4694/4694/4694 4696/4696/4696 4695/4695/4695 
f 4695/4695/4695 4696/4696/4696 4697/4697/4697 
f 4696/4696/4696 4698/4698/4698 4697/4697/4697 
f 4697/4697/4697 4698/4698/4698 4699/4699/4699 
f 4698/4698/4698 4700/4700/4700 4699/4699/4699 
f 4699/4699/4699 4700/4700/4700 4701/4701/4701 
f 4700/4700/4700 4702/4702/4702 4701/4701/4701 
f 4701/4701/4701 4702/4702/4702 4663/4663/4663 
f 4702/4702/4702 4664/4664/4664 4663/4663/4663 
f 4663/4663/4663 4664/4664/4664 4664/4664/4664 
f 4664/4664/4664 4703/4703/4703 4664/4664/4664 
f 4664/4664/4664 4703/4703/4703 4703/4703/4703 
f 4703/4703/4703 4704/4704/4704 4703/4703/4703 
f 4703/4703/4703 4704/4704/4704 4705/4705/4705 
f 4704/4704/4704 4706/4706/4706 4705/4705/4705 
f 4705/4705/4705 4706/4706/4706 4707/4707/4707 
f 4706/4706/4706 4708/4708/4708 4707/4707/4707 
f 4707/4707/4707 4708/4708/4708 4709/4709/4709 
f 4708/4708/4708 4710/4710/4710 4709/4709/4709 
f 4709/4709/4709 4710/4710/4710 4711/4711/4711 
f 4710/4710/4710 4712/4712/4712 4711/4711/4711 
f 4711/4711/4711 4712/4712/4712 4713/4713/4713 
f 4712/4712/4712 4714/4714/4714 4713/4713/4713 
f 4713/4713/4713 4714/4714/4714 4715/4715/4715 
f 4714/4714/4714 4716/4716/4716 4715/4715/4715 
f 4715/4715/4715 4716/4716/4716 4717/4717/4717 
f 4716/4716/4716 4718/4718/4718 4717/4717/4717 
f 4717/4717/4717 4718/4718/4718 4719/4719/4719 
f 4718/4718/4718 4720/4720/4720 4719/4719/4719 
f 4719/4719/4719 4720/4720/4720 4721/4721/4721 
f 4720/4720/4720 4722/4722/4722 4721/4721/4721 
f 4721/4721/4721 4722/4722/4722 4723/4723/4723 
f 4722/4722/4722 4724/4724/4724 4723/4723/4723 
f 4723/4723/4723 4724/4724/4724 4725/4725/4725 
f 4724/4724/4724 4726/4726/4726 4725/4725/4725 
f 4725/4725/4725 4726/4726/4726 4727/4727/4727 
f 4726/4726/4726 4728/4728/4728 4727/4727/4727 
f 4727/4727/4727 4728/4728/4728 4729/4729/4729 
f 4728/4728/4728 4730/4730/4730 4729/4729/4729 
f 4729/4729/4729 4730/4730/4730 4731/4731/4731 
f 4730/4730/4730 4732/4732/4732 4731/4731/4731 
f 4731/4731/4731 4732/4732/4732 4733/4733/4733 
f 4732/4732/4732 4734/4734/4734 4733/4733/4733 
f 4733/4733/4733 4734/4734/4734 4735/4735/4735 
f 4734/4734/4734 4736/4736/4736 4735/4735/4735 
f 4735/4735/4735 4736/4736/4736 4737/4737/4737 
f 4736/4736/4736 4738/4738/4738 4737/4737/4737 
f 4737/4737/4737 4738/4738/4738 4739/4739/4739 
f 4738/4738/4738 4740/4740/4740 4739/4739/4739 
f 4739/4739/4739 4740/4740/4740 4741/4741/4741 
f 4740/4740/4740 4742/4742/4742 4741/4741/4741 
f 4741/4741/4741 4742/4742/4742 4703/4703/4703 
f 4742/4742/4742 4704/4704/4704 4703/4703/4703 
f 4703/4703/4703 4704/4704/4704 4704/4704/4704 
f 4704/4704/4704 4742/4742/4742 4704/4704/4704 
f 4704/4704/4704 4742/4742/4742 4742/4742/4742 
f 4742/4742/4742 4743/4743/4743 4742/4742/4742 
f 4742/4742/4742 4743/4743/4743 4704/4704/4704 
f 4743/4743/4743 4744/4744/4744 4704/4704/4704 
f 4704/4704/4704 4744/4744/4744 4706/4706/4706 
f 4744/4744/4744 4745/4745/4745 4706/4706/4706 
f 4706/4706/4706 4745/4745/4745 4708/4708/4708 
f 4745/4745/4745 4746/4746/4746 4708/4708/4708 
f 4708/4708/4708 4746/4746/4746 4710/4710/4710 
f 4746/4746/4746 4747/4747/4747 4710/4710/4710 
f 4710/4710/4710 4747/4747/4747 4712/4712/4712 
f 4747/4747/4747 4748/4748/4748 4712/4712/4712 
f 4712/4712/4712 4748/4748/4748 4714/4714/4714 
f 4748/4748/4748 4749/4749/4749 4714/4714/4714 
f 4714/4714/4714 4749/4749/4749 4716/4716/4716 
f 4749/4749/4749 4750/4750/4750 4716/4716/4716 
f 4716/4716/4716 4750/4750/4750 4718/4718/4718 
f 4750/4750/4750 4751/4751/4751 4718/4718/4718 
f 4718/4718/4718 4751/4751/4751 4720/4720/4720 
f 4751/4751/4751 4752/4752/4752 4720/4720/4720 
f 4720/4720/4720 4752/4752/4752 4722/4722/4722 
f 4752/4752/4752 4753/4753/4753 4722/4722/4722 
f 4722/4722/4722 4753/4753/4753 4724/4724/4724 
f 4753/4753/4753 4754/4754/4754 4724/4724/4724 
f 4724/4724/4724 4754/4754/4754 4726/4726/4726 
f 4754/4754/4754 4755/4755/4755 4726/4726/4726 
f 4726/4726/4726 4755/4755/4755 4728/4728/4728 
f 4755/4755/4755 4756/4756/4756 4728/4728/4728 
f 4728/4728/4728 4756/4756/4756 4730/4730/4730 
f 4756/4756/4756 4757/4757/4757 4730/4730/4730 
f 4730/4730/4730 4757/4757/4757 4732/4732/4732 
f 4757/4757/4757 4758/4758/4758 4732/4732/4732 
f 4732/4732/4732 4758/4758/4758 4734/4734/4734 
f 4758/4758/4758 4759/4759/4759 4734/4734/4734 
f 4734/4734/4734 4759/4759/4759 4736/4736/4736 
f 4759/4759/4759 4760/4760/4760 4736/4736/4736 
f 4736/4736/4736 4760/4760/4760 4738/4738/4738 
f 4760/4760/4760 4761/4761/4761 4738/4738/4738 
f 4738/4738/4738 4761/4761/4761 4740/4740/4740 
f 4761/4761/4761 4762/4762/4762 4740/4740/4740 
f 4740/4740/4740 4762/4762/4762 4742/4742/4742 
f 4762/4762/4762 4743/4743/4743 4742/4742/4742 
f 4742/4742/4742 4743/4743/4743 4743/4743/4743 
f 4743/4743/4743 4762/4762/4762 4743/4743/4743 
f 4743/4743/4743 4762/4762/4762 4762/4762/4762 
f 4762/4762/4762 4763/4763/4763 4762/4762/4762 
f 4762/4762/4762 4763/4763/4763 4743/4743/4743 
f 4763/4763/4763 4764/4764/4764 4743/4743/4743 
f 4743/4743/4743 4764/4764/4764 4744/4744/4744 
f 4764/4764/4764 4765/4765/4765 4744/4744/4744 
f 4744/4744/4744 4765/4765/4765 4745/4745/4745 
f 4765/4765/4765 4766/4766/4766 4745/4745/4745 
f 4745/4745/4745 4766/4766/4766 4746/4746/4746 
f 4766/4766/4766 4767/4767/4767 4746/4746/4746 
f 4746/4746/4746 4767/4767/4767 4747/4747/4747 
f 4767/4767/4767 4768/4768/4768 4747/4747/4747 
f 4747/4747/4747 4768/4768/4768 4748/4748/4748 
f 4768/4768/4768 4769/4769/4769 4748/4748/4748 
f 4748/4748/4748 4769/4769/4769 4749/4749/4749 
f 4769/4769/4769 4770/4770/4770 4749/4749/4749 
f 4749/4749/4749 4770/4770/4770 4750/4750/4750 
f 4770/4770/4770 4771/4771/4771 4750/4750/4750 
f 4750/4750/4750 4771/4771/4771 4751/4751/4751 
f 4771/4771/4771 4772/4772/4772 4751/4751/4751 
f 4751/4751/4751 4772/4772/4772 4752/4752/4752 
f 4772/4772/4772 4773/4773/4773 4752/4752/4752 
f 4752/4752/4752 4773/4773/4773 4753/4753/4753 
f 4773/4773/4773 4774/4774/4774 4753/4753/4753 
f 4753/4753/4753 4774/4774/4774 4754/4754/4754 
f 4774/4774/4774 4775/4775/4775 4754/4754/4754 
f 4754/4754/4754 4775/4775/4775 4755/4755/4755 
f 4775/4775/4775 4776/4776/4776 4755/4755/4755 
f 4755/4755/4755 4776/4776/4776 4756/4756/4756 
f 4776/4776/4776 4777/4777/4777 4756/4756/4756 
f 4756/4756/4756 4777/4777/4777 4757/4757/4757 
f 4777/4777/4777 4778/4778/4778 4757/4757/4757 
f 4757/4757/4757 4778/4778/4778 4758/4758/4758 
f 4778/4778/4778 4779/4779/4779 4758/4758/4758 
f 4758/4758/4758 4779/4779/4779 4759/4759/4759 
f 4779/4779/4779 4780/4780/4780 4759/4759/4759 
f 4759/4759/4759 4780/4780/4780 4760/4760/4760 
f 4780/4780/4780 4781/4781/4781 4760/4760/4760 
f 4760/4760/4760 4781/4781/4781 4761/4761/4761 
f 4781/4781/4781 4782/4782/4782 4761/4761/4761 
f 4761/4761/4761 4782/4782/4782 4762/4762/4762 
f 4782/4782/4782 4763/4763/4763 4762/4762/4762 
f 4762/4762/4762 4763/4763/4763 4763/4763/4763 
f 4763/4763/4763 4783/4783/4783 4763/4763/4763 
f 4763/4763/4763 4783/4783/4783 4783/4783/4783 
f 4783/4783/4783 4784/4784/4784 4783/4783/4783 
f 4783/4783/4783 4784/4784/4784 4785/4785/4785 
f 4784/4784/4784 4786/4786/4786 4785/4785/4785 
f 4785/4785/4785 4786/4786/4786 4787/4787/4787 
f 4786/4786/4786 4787/4787/4787 4787/4787/4787 
f 4787/4787/4787 4787/4787/4787 4787/4787/4787 
f 4787/4787/4787 4788/4788/4788 4787/4787/4787 
f 4787/4787/4787 4788/4788/4788 4785/4785/4785 
f 4788/4788/4788 4789/4789/4789 4785/4785/4785 
f 4785/4785/4785 4789/4789/4789 4790/4790/4790 
f 4789/4789/4789 4790/4790/4790 4790/4790/4790 
f 4790/4790/4790 4790/4790/4790 4790/4790/4790 
f 4790/4790/4790 4791/4791/4791 4790/4790/4790 
f 4790/4790/4790 4791/4791/4791 4785/4785/4785 
f 4791/4791/4791 4792/4792/4792 4785/4785/4785 
f 4785/4785/4785 4792/4792/4792 4793/4793/4793 
f 4792/4792/4792 4793/4793/4793 4793/4793/4793 
f 4793/4793/4793 4793/4793/4793 4793/4793/4793 
f 4793/4793/4793 4794/4794/4794 4793/4793/4793 
f 4793/4793/4793 4794/4794/4794 4785/4785/4785 
f 4794/4794/4794 4795/4795/4795 4785/4785/4785 
f 4785/4785/4785 4795/4795/4795 4796/4796/4796 
f 4795/4795/4795 4796/4796/4796 4796/4796/4796 
f 4796/4796/4796 4796/4796/4796 4796/4796/4796 
f 4796/4796/4796 4797/4797/4797 4796/4796/4796 
f 4796/4796/4796 4797/4797/4797 4785/4785/4785 
f 4797/4797/4797 4798/4798/4798 4785/4785/4785 
f 4785/4785/4785 4798/4798/4798 4799/4799/4799 
f 4798/4798/4798 4799/4799/4799 4799/4799/4799 
f 4799/4799/4799 4799/4799/4799 4799/4799/4799 
f 4799/4799/4799 4800/4800/4800 4799/4799/4799 
f 4799/4799/4799 4800/4800/4800 4785/4785/4785 
f 4800/4800/4800 4801/4801/4801 4785/4785/4785 
f 4785/4785/4785 4801/4801/4801 4783/4783/4783 
f 4801/4801/4801 4783/4783/4783 4783/4783/4783 
f 4783/4783/4783 4783/4783/4783 4802/4802/4802 
f 4783/4783/4783 4802/4802/4802 4802/4802/4802 
f 4802/4802/4802 4802/4802/4802 4802/4802/4802 
f 4802/4802/4802 4803/4803/4803 4802/4802/4802 
f 4802/4802/4802 4803/4803/4803 4804/4804/4804 
f 4803/4803/4803 4805/4805/4805 4804/4804/4804 
f 4804/4804/4804 4805/4805/4805 4806/4806/4806 
f 4805/4805/4805 4807/4807/4807 4806/4806/4806 
f 4806/4806/4806 4807/4807/4807 4808/4808/4808 
f 4807/4807/4807 4809/4809/4809 4808/4808/4808 
f 4808/4808/4808 4809/4809/4809 4810/4810/4810 
f 4809/4809/4809 4811/4811/4811 4810/4810/4810 
f 4810/4810/4810 4811/4811/4811 4812/4812/4812 
f 4811/4811/4811 4813/4813/4813 4812/4812/4812 
f 4812/4812/4812 4813/4813/4813 4814/4814/4814 
f 4813/4813/4813 4815/4815/4815 4814/4814/4814 
f 4814/4814/4814 4815/4815/4815 4816/4816/4816 
f 4815/4815/4815 4817/4817/4817 4816/4816/4816 
f 4816/4816/4816 4817/4817/4817 4818/4818/4818 
f 4817/4817/4817 4819/4819/4819 4818/4818/4818 
f 4818/4818/4818 4819/4819/4819 4820/4820/4820 
f 4819/4819/4819 4821/4821/4821 4820/4820/4820 
f 4820/4820/4820 4821/4821/4821 4822/4822/4822 
f 4821/4821/4821 4823/4823/4823 4822/4822/4822 
f 4822/4822/4822 4823/4823/4823 4824/4824/4824 
f 4823/4823/4823 4825/4825/4825 4824/4824/4824 
f 4824/4824/4824 4825/4825/4825 4826/4826/4826 
f 4825/4825/4825 4827/4827/4827 4826/4826/4826 
f 4826/4826/4826 4827/4827/4827 4828/4828/4828 
f 4827/4827/4827 4829/4829/4829 4828/4828/4828 
f 4828/4828/4828 4829/4829/4829 4830/4830/4830 
f 4829/4829/4829 4831/4831/4831 4830/4830/4830 
f 4830/4830/4830 4831/4831/4831 4832/4832/4832 
f 4831/4831/4831 4833/4833/4833 4832/4832/4832 
f 4832/4832/4832 4833/4833/4833 4834/4834/4834 
f 4833/4833/4833 4835/4835/4835 4834/4834/4834 
f 4834/4834/4834 4835/4835/4835 4836/4836/4836 
f 4835/4835/4835 4837/4837/4837 4836/4836/4836 
f 4836/4836/4836 4837/4837/4837 4838/4838/4838 
f 4837/4837/4837 4839/4839/4839 4838/4838/4838 
f 4838/4838/4838 4839/4839/4839 4840/4840/4840 
f 4839/4839/4839 4841/4841/4841 4840/4840/4840 
f 4840/4840/4840 4841/4841/4841 4802/4802/4802 
f 4841/4841/4841 4803/4803/4803 4802/4802/4802 
f 4802/4802/4802 4803/4803/4803 4803/4803/4803 
f 4803/4803/4803 4842/4842/4842 4803/4803/4803 
f 4803/4803/4803 4842/4842/4842 4842/4842/4842 
f 4842/4842/4842 4843/4843/4843 4842/4842/4842 
f 4842/4842/4842 4843/4843/4843 4844/4844/4844 
f 4843/4843/4843 4845/4845/4845 4844/4844/4844 
f 4844/4844/4844 4845/4845/4845 4846/4846/4846 
f 4845/4845/4845 4847/4847/4847 4846/4846/4846 
f 4846/4846/4846 4847/4847/4847 4848/4848/4848 
f 4847/4847/4847 4849/4849/4849 4848/4848/4848 
f 4848/4848/4848 4849/4849/4849 4850/4850/4850 
f 4849/4849/4849 4851/4851/4851 4850/4850/4850 
f 4850/4850/4850 4851/4851/4851 4852/4852/4852 
f 4851/4851/4851 4853/4853/4853 4852/4852/4852 
f 4852/4852/4852 4853/4853/4853 4854/4854/4854 
f 4853/4853/4853 4855/4855/4855 4854/4854/4854 
f 4854/4854/4854 4855/4855/4855 4856/4856/4856 
f 4855/4855/4855 4857/4857/4857 4856/4856/4856 
f 4856/4856/4856 4857/4857/4857 4858/4858/4858 
f 4857/4857/4857 4859/4859/4859 4858/4858/4858 
f 4858/4858/4858 4859/4859/4859 4860/4860/4860 
f 4859/4859/4859 4861/4861/4861 4860/4860/4860 
f 4860/4860/4860 4861/4861/4861 4862/4862/4862 
f 4861/4861/4861 4863/4863/4863 4862/4862/4862 
f 4862/4862/4862 4863/4863/4863 4864/4864/4864 
f 4863/4863/4863 4865/4865/4865 4864/4864/4864 
f 4864/4864/4864 4865/4865/4865 4866/4866/4866 
f 4865/4865/4865 4867/4867/4867 4866/4866/4866 
f 4866/4866/4866 4867/4867/4867 4868/4868/4868 
f 4867/4867/4867 4869/4869/4869 4868/4868/4868 
f 4868/4868/4868 4869/4869/4869 4870/4870/4870 
f 4869/4869/4869 4871/4871/4871 4870/4870/4870 
f 4870/4870/4870 4871/4871/4871 4872/4872/4872 
f 4871/4871/4871 4873/4873/4873 4872/4872/4872 
f 4872/4872/4872 4873/4873/4873 4874/4874/4874 
f 4873/4873/4873 4875/4875/4875 4874/4874/4874 
f 4874/4874/4874 4875/4875/4875 4876/4876/4876 
f 4875/4875/4875 4877/4877/4877 4876/4876/4876 
f 4876/4876/4876 4877/4877/4877 4878/4878/4878 
f 4877/4877/4877 4879/4879/4879 4878/4878/4878 
f 4878/4878/4878 4879/4879/4879 4880/4880/4880 
f 4879/4879/4879 4881/4881/4881 4880/4880/4880 
f 4880/4880/4880 4881/4881/4881 4842/4842/4842 
f 4881/4881/4881 4843/4843/4843 4842/4842/4842 
f 4842/4842/4842 4843/4843/4843 4843/4843/4843 
f 4843/4843/4843 4882/4882/4882 4843/4843/4843 
f 4843/4843/4843 4882/4882/4882 4882/4882/4882 
f 4882/4882/4882 4883/4883/4883 4882/4882/4882 
f 4882/4882/4882 4883/4883/4883 4884/4884/4884 
f 4883/4883/4883 4885/4885/4885 4884/4884/4884 
f 4884/4884/4884 4885/4885/4885 4886/4886/4886 
f 4885/4885/4885 4886/4886/4886 4886/4886/4886 
f 4886/4886/4886 4886/4886/4886 4886/4886/4886 
f 4886/4886/4886 4887/4887/4887 4886/4886/4886 
f 4886/4886/4886 4887/4887/4887 4884/4884/4884 
f 4887/4887/4887 4888/4888/4888 4884/4884/4884 
f 4884/4884/4884 4888/4888/4888 4889/4889/4889 
f 4888/4888/4888 4889/4889/4889 4889/4889/4889 
f 4889/4889/4889 4889/4889/4889 4889/4889/4889 
f 4889/4889/4889 4890/4890/4890 4889/4889/4889 
f 4889/4889/4889 4890/4890/4890 4884/4884/4884 
f 4890/4890/4890 4891/4891/4891 4884/4884/4884 
f 4884/4884/4884 4891/4891/4891 4892/4892/4892 
f 4891/4891/4891 4892/4892/4892 4892/4892/4892 
f 4892/4892/4892 4892/4892/4892 4892/4892/4892 
f 4892/4892/4892 4893/4893/4893 4892/4892/4892 
f 4892/4892/4892 4893/4893/4893 4884/4884/4884 
f 4893/4893/4893 4894/4894/4894 4884/4884/4884 
f 4884/4884/4884 4894/4894/4894 4895/4895/4895 
f 4894/4894/4894 4895/4895/4895 4895/4895/4895 
f 4895/4895/4895 4895/4895/4895 4895/4895/4895 
f 4895/4895/4895 4896/4896/4896 4895/4895/4895 
f 4895/4895/4895 4896/4896/4896 4884/4884/4884 
f 4896/4896/4896 4897/4897/4897 4884/4884/4884 
f 4884/4884/4884 4897/4897/4897 4898/4898/4898 
f 4897/4897/4897 4898/4898/4898 4898/4898/4898 
f 4898/4898/4898 4898/4898/4898 4898/4898/4898 
f 4898/4898/4898 4899/4899/4899 4898/4898/4898 
f 4898/4898/4898 4899/4899/4899 4884/4884/4884 
f 4899/4899/4899 4900/4900/4900 4884/4884/4884 
f 4884/4884/4884 4900/4900/4900 4882/4882/4882 
f 4900/4900/4900 4882/4882/4882 4882/4882/4882 
f 4882/4882/4882 4882/4882/4882 4901/4901/4901 
f 4882/4882/4882 4901/4901/4901 4901/4901/4901 
f 4901/4901/4901 4901/4901/4901 4901/4901/4901 
f 4901/4901/4901 4902/4902/4902 4901/4901/4901 
f 4901/4901/4901 4902/4902/4902 4903/4903/4903 
f 4902/4902/4902 4904/4904/4904 4903/4903/4903 
f 4903/4903/4903 4904/4904/4904 4905/4905/4905 
f 4904/4904/4904 4906/4906/4906 4905/4905/4905 
f 4905/4905/4905 4906/4906/4906 4907/4907/4907 
f 4906/4906/4906 4908/4908/4908 4907/4907/4907 
f 4907/4907/4907 4908/4908/4908 4909/4909/4909 
f 4908/4908/4908 4910/4910/4910 4909/4909/4909 
f 4909/4909/4909 4910/4910/4910 4911/4911/4911 
f 4910/4910/4910 4912/4912/4912 4911/4911/4911 
f 4911/4911/4911 4912/4912/4912 4913/4913/4913 
f 4912/4912/4912 4914/4914/4914 4913/4913/4913 
f 4913/4913/4913 4914/4914/4914 4915/4915/4915 
f 4914/4914/4914 4916/4916/4916 4915/4915/4915 
f 4915/4915/4915 4916/4916/4916 4917/4917/4917 
f 4916/4916/4916 4918/4918/4918 4917/4917/4917 
f 4917/4917/4917 4918/4918/4918 4919/4919/4919 
f 4918/4918/4918 4920/4920/4920 4919/4919/4919 
f 4919/4919/4919 4920/4920/4920 4921/4921/4921 
f 4920/4920/4920 4922/4922/4922 4921/4921/4921 
f 4921/4921/4921 4922/4922/4922 4923/4923/4923 
f 4922/4922/4922 4924/4924/4924 4923/4923/4923 
f 4923/4923/4923 4924/4924/4924 4925/4925/4925 
f 4924/4924/4924 4926/4926/4926 4925/4925/4925 
f 4925/4925/4925 4926/4926/4926 4927/4927/4927 
f 4926/4926/4926 4928/4928/4928 4927/4927/4927 
f 4927/4927/4927 4928/4928/4928 4929/4929/4929 
f 4928/4928/4928 4930/4930/4930 4929/4929/4929 
f 4929/4929/4929 4930/4930/4930 4931/4931/4931 
f 4930/4930/4930 4932/4932/4932 4931/4931/4931 
f 4931/4931/4931 4932/4932/4932 4933/4933/4933 
f 4932/4932/4932 4934/4934/4934 4933/4933/4933 
f 4933/4933/4933 4934/4934/4934 4935/4935/4935 
f 4934/4934/4934 4936/4936/4936 4935/4935/4935 
f 4935/4935/4935 4936/4936/4936 4937/4937/4937 
f 4936/4936/4936 4938/4938/4938 4937/4937/4937 
f 4937/4937/4937 4938/4938/4938 4939/4939/4939 
f 4938/4938/4938 4940/4940/4940 4939/4939/4939 
f 4939/4939/4939 4940/4940/4940 4901/4901/4901 
f 4940/4940/4940 4902/4902/4902 4901/4901/4901 
f 4901/4901/4901 4902/4902/4902 4902/4902/4902 
f 4902/4902/4902 4940/4940/4940 4902/4902/4902 
f 4902/4902/4902 4940/4940/4940 4940/4940/4940 
f 4940/4940/4940 4941/4941/4941 4940/4940/4940 
f 4940/4940/4940 4941/4941/4941 4902/4902/4902 
f 4941/4941/4941 4942/4942/4942 4902/4902/4902 
f 4902/4902/4902 4942/4942/4942 4904/4904/4904 
f 4942/4942/4942 4943/4943/4943 4904/4904/4904 
f 4904/4904/4904 4943/4943/4943 4906/4906/4906 
f 4943/4943/4943 4944/4944/4944 4906/4906/4906 
f 4906/4906/4906 4944/4944/4944 4908/4908/4908 
f 4944/4944/4944 4945/4945/4945 4908/4908/4908 
f 4908/4908/4908 4945/4945/4945 4910/4910/4910 
f 4945/4945/4945 4946/4946/4946 4910/4910/4910 
f 4910/4910/4910 4946/4946/4946 4912/4912/4912 
f 4946/4946/4946 4947/4947/4947 4912/4912/4912 
f 4912/4912/4912 4947/4947/4947 4914/4914/4914 
f 4947/4947/4947 4948/4948/4948 4914/4914/4914 
f 4914/4914/4914 4948/4948/4948 4916/4916/4916 
f 4948/4948/4948 4949/4949/4949 4916/4916/4916 
f 4916/4916/4916 4949/4949/4949 4918/4918/4918 
f 4949/4949/4949 4950/4950/4950 4918/4918/4918 
f 4918/4918/4918 4950/4950/4950 4920/4920/4920 
f 4950/4950/4950 4951/4951/4951 4920/4920/4920 
f 4920/4920/4920 4951/4951/4951 4922/4922/4922 
f 4951/4951/4951 4952/4952/4952 4922/4922/4922 
f 4922/4922/4922 4952/4952/4952 4924/4924/4924 
f 4952/4952/4952 4953/4953/4953 4924/4924/4924 
f 4924/4924/4924 4953/4953/4953 4926/4926/4926 
f 4953/4953/4953 4954/4954/4954 4926/4926/4926 
f 4926/4926/4926 4954/4954/4954 4928/4928/4928 
f 4954/4954/4954 4955/4955/4955 4928/4928/4928 
f 4928/4928/4928 4955/4955/4955 4930/4930/4930 
f 4955/4955/4955 4956/4956/4956 4930/4930/4930 
f 4930/4930/4930 4956/4956/4956 4932/4932/4932 
f 4956/4956/4956 4957/4957/4957 4932/4932/4932 
f 4932/4932/4932 4957/4957/4957 4934/4934/4934 
f 4957/4957/4957 4958/4958/4958 4934/4934/4934 
f 4934/4934/4934 4958/4958/4958 4936/4936/4936 
f 4958/4958/4958 4959/4959/4959 4936/4936/4936 
f 4936/4936/4936 4959/4959/4959 4938/4938/4938 
f 4959/4959/4959 4960/4960/4960 4938/4938/4938 
f 4938/4938/4938 4960/4960/4960 4940/4940/4940 
f 4960/4960/4960 4941/4941/4941 4940/4940/4940 
f 4940/4940/4940 4941/4941/4941 4941/4941/4941 
f 4941/4941/4941 4960/4960/4960 4941/4941/4941 
f 4941/4941/4941 4960/4960/4960 4960/4960/4960 
f 4960/4960/4960 4961/4961/4961 4960/4960/4960 
f 4960/4960/4960 4961/4961/4961 4941/4941/4941 
f 4961/4961/4961 4962/4962/4962 4941/4941/4941 
f 4941/4941/4941 4962/4962/4962 4942/4942/4942 
f 4962/4962/4962 4963/4963/4963 4942/4942/4942 
f 4942/4942/4942 4963/4963/4963 4943/4943/4943 
f 4963/4963/4963 4964/4964/4964 4943/4943/4943 
f 4943/4943/4943 4964/4964/4964 4944/4944/4944 
f 4964/4964/4964 4965/4965/4965 4944/4944/4944 
f 4944/4944/4944 4965/4965/4965 4945/4945/4945 
f 4965/4965/4965 4966/4966/4966 4945/4945/4945 
f 4945/4945/4945 4966/4966/4966 4946/4946/4946 
f 4966/4966/4966 4967/4967/4967 4946/4946/4946 
f 4946/4946/4946 4967/4967/4967 4947/4947/4947 
f 4967/4967/4967 4968/4968/4968 4947/4947/4947 
f 4947/4947/4947 4968/4968/4968 4948/4948/4948 
f 4968/4968/4968 4969/4969/4969 4948/4948/4948 
f 4948/4948/4948 4969/4969/4969 4949/4949/4949 
f 4969/4969/4969 4970/4970/4970 4949/4949/4949 
f 4949/4949/4949 4970/4970/4970 4950/4950/4950 
f 4970/4970/4970 4971/4971/4971 4950/4950/4950 
f 4950/4950/4950 4971/4971/4971 4951/4951/4951 
f 4971/4971/4971 4972/4972/4972 4951/4951/4951 
f 4951/4951/4951 4972/4972/4972 4952/4952/4952 
f 4972/4972/4972 4973/4973/4973 4952/4952/4952 
f 4952/4952/4952 4973/4973/4973 4953/4953/4953 
f 4973/4973/4973 4974/4974/4974 4953/4953/4953 
f 4953/4953/4953 4974/4974/4974 4954/4954/4954 
f 4974/4974/4974 4975/4975/4975 4954/4954/4954 
f 4954/4954/4954 4975/4975/4975 4955/4955/4955 
f 4975/4975/4975 4976/4976/4976 4955/4955/4955 
f 4955/4955/4955 4976/4976/4976 4956/4956/4956 
f 4976/4976/4976 4977/4977/4977 4956/4956/4956 
f 4956/4956/4956 4977/4977/4977 4957/4957/4957 
f 4977/4977/4977 4978/4978/4978 4957/4957/4957 
f 4957/4957/4957 4978/4978/4978 4958/4958/4958 
f 4978/4978/4978 4979/4979/4979 4958/4958/4958 
f 4958/4958/4958 4979/4979/4979 4959/4959/4959 
f 4979/4979/4979 4980/4980/4980 4959/4959/4959 
f 4959/4959/4959 4980/4980/4980 4960/4960/4960 
f 4980/4980/4980 4961/4961/4961 4960/4960/4960 
f 4960/4960/4960 4961/4961/4961 4961/4961/4961 
f 4961/4961/4961 4981/4981/4981 4961/4961/4961 
f 4961/4961/4961 4981/4981/4981 4981/4981/4981 
f 4981/4981/4981 4982/4982/4982 4981/4981/4981 
f 4981/4981/4981 4982/4982/4982 4983/4983/4983 
f 4982/4982/4982 4984/4984/4984 4983/4983/4983 
f 4983/4983/4983 4984/4984/4984 4985/4985/4985 
f 4984/4984/4984 4986/4986/4986 4985/4985/4985 
f 4985/4985/4985 4986/4986/4986 4987/4987/4987 
f 4986/4986/4986 4988/4988/4988 4987/4987/4987 
f 4987/4987/4987 4988/4988/4988 4989/4989/4989 
f 4988/4988/4988 4990/4990/4990 4989/4989/4989 
f 4989/4989/4989 4990/4990/4990 4991/4991/4991 
f 4990/4990/4990 4992/4992/4992 4991/4991/4991 
f 4991/4991/4991 4992/4992/4992 4993/4993/4993 
f 4992/4992/4992 4994/4994/4994 4993/4993/4993 
f 4993/4993/4993 4994/4994/4994 4995/4995/4995 
f 4994/4994/4994 4996/4996/4996 4995/4995/4995 
f 4995/4995/4995 4996/4996/4996 4997/4997/4997 
f 4996/4996/4996 4998/4998/4998 4997/4997/4997 
f 4997/4997/4997 4998/4998/4998 4999/4999/4999 
f 4998/4998/4998 5000/5000/5000 4999/4999/4999 
f 4999/4999/4999 5000/5000/5000 4981/4981/4981 
f 5000/5000/5000 4982/4982/4982 4981/4981/4981 
f 4981/4981/4981 4982/4982/4982 4982/4982/4982 
f 4982/4982/4982 4984/4984/4984 4982/4982/4982 
f 4982/4982/4982 4984/4984/4984 4984/4984/4984 
f 4984/4984/4984 4982/4982/4982 4984/4984/4984 
f 4984/4984/4984 4982/4982/4982 4986/4986/4986 
f 4982/4982/4982 5001/5001/5001 4986/4986/4986 
f 4986/4986/4986 5001/5001/5001 4988/4988/4988 
f 5001/5001/5001 4990/4990/4990 4988/4988/4988 
f 4988/4988/4988 4990/4990/4990 4990/4990/4990 
f 4990/4990/4990 4982/4982/4982 4990/4990/4990 
f 4990/4990/4990 4982/4982/4982 4982/4982/4982 
f 4982/4982/4982 5000/5000/5000 4982/4982/4982 
f 4982/4982/4982 5000/5000/5000 5001/5001/5001 
f 5000/5000/5000 4998/4998/4998 5001/5001/5001 
f 5001/5001/5001 4998/4998/4998 4996/4996/4996 
f 4998/4998/4998 4996/4996/4996 4996/4996/4996 
f 4996/4996/4996 4996/4996/4996 4996/4996/4996 
f 4996/4996/4996 4994/4994/4994 4996/4996/4996 
f 4996/4996/4996 4994/4994/4994 5001/5001/5001 
f 4994/4994/4994 4992/4992/4992 5001/5001/5001 
f 5001/5001/5001 4992/4992/4992 4990/4990/4990 
f 4992/4992/4992 4990/4990/4990 4990/4990/4990 
f 4990/4990/4990 4990/4990/4990 5002/5002/5002 
f 4990/4990/4990 5002/5002/5002 5002/5002/5002 
f 5002/5002/5002 5002/5002/5002 5002/5002/5002 
f 5002/5002/5002 5003/5003/5003 5002/5002/5002 
f 5002/5002/5002 5003/5003/5003 5004/5004/5004 
f 5003/5003/5003 5005/5005/5005 5004/5004/5004 
f 5004/5004/5004 5005/5005/5005 5006/5006/5006 
f 5005/5005/5005 5007/5007/5007 5006/5006/5006 
f 5006/5006/5006 5007/5007/5007 5008/5008/5008 
f 5007/5007/5007 5009/5009/5009 5008/5008/5008 
f 5008/5008/5008 5009/5009/5009 5010/5010/5010 
f 5009/5009/5009 5011/5011/5011 5010/5010/5010 
f 5010/5010/5010 5011/5011/5011 5012/5012/5012 
f 5011/5011/5011 5013/5013/5013 5012/5012/5012 
f 5012/5012/5012 5013/5013/5013 5014/5014/5014 
f 5013/5013/5013 5015/5015/5015 5014/5014/5014 
f 5014/5014/5014 5015/5015/5015 5016/5016/5016 
f 5015/5015/5015 5017/5017/5017 5016/5016/5016 
f 5016/5016/5016 5017/5017/5017 5018/5018/5018 
f 5017/5017/5017 5019/5019/5019 5018/5018/5018 
f 5018/5018/5018 5019/5019/5019 5020/5020/5020 
f 5019/5019/5019 5021/5021/5021 5020/5020/5020 
f 5020/5020/5020 5021/5021/5021 5002/5002/5002 
f 5021/5021/5021 5003/5003/5003 5002/5002/5002 
f 5002/5002/5002 5003/5003/5003 5003/5003/5003 
f 5003/5003/5003 5007/5007/5007 5003/5003/5003 
f 5003/5003/5003 5007/5007/5007 5007/5007/5007 
f 5007/5007/5007 5005/5005/5005 5007/5007/5007 
f 5007/5007/5007 5005/5005/5005 5009/5009/5009 
f 5005/5005/5005 5022/5022/5022 5009/5009/5009 
f 5009/5009/5009 5022/5022/5022 5011/5011/5011 
f 5022/5022/5022 5013/5013/5013 5011/5011/5011 
f 5011/5011/5011 5013/5013/5013 5013/5013/5013 
f 5013/5013/5013 5005/5005/5005 5013/5013/5013 
f 5013/5013/5013 5005/5005/5005 5005/5005/5005 
f 5005/5005/5005 5003/5003/5003 5005/5005/5005 
f 5005/5005/5005 5003/5003/5003 5022/5022/5022 
f 5003/5003/5003 5021/5021/5021 5022/5022/5022 
f 5022/5022/5022 5021/5021/5021 5019/5019/5019 
f 5021/5021/5021 5019/5019/5019 5019/5019/5019 
f 5019/5019/5019 5019/5019/5019 5019/5019/5019 
f 5019/5019/5019 5017/5017/5017 5019/5019/5019 
f 5019/5019/5019 5017/5017/5017 5022/5022/5022 
f 5017/5017/5017 5015/5015/5015 5022/5022/5022 
f 5022/5022/5022 5015/5015/5015 5013/5013/5013 
f 5015/5015/5015 5013/5013/5013 5013/5013/5013 
f 5013/5013/5013 5013/5013/5013 5023/5023/5023 
f 5013/5013/5013 5023/5023/5023 5023/5023/5023 
f 5023/5023/5023 5023/5023/5023 5023/5023/5023 
f 5023/5023/5023 5024/5024/5024 5023/5023/5023 
f 5023/5023/5023 5024/5024/5024 5025/5025/5025 
f 5024/5024/5024 5026/5026/5026 5025/5025/5025 
f 5025/5025/5025 5026/5026/5026 5027/5027/5027 
f 5026/5026/5026 5028/5028/5028 5027/5027/5027 
f 5027/5027/5027 5028/5028/5028 5029/5029/5029 
f 5028/5028/5028 5030/5030/5030 5029/5029/5029 
f 5029/5029/5029 5030/5030/5030 5031/5031/5031 
f 5030/5030/5030 5032/5032/5032 5031/5031/5031 
f 5031/5031/5031 5032/5032/5032 5033/5033/5033 
f 5032/5032/5032 5034/5034/5034 5033/5033/5033 
f 5033/5033/5033 5034/5034/5034 5035/5035/5035 
f 5034/5034/5034 5036/5036/5036 5035/5035/5035 
f 5035/5035/5035 5036/5036/5036 5037/5037/5037 
f 5036/5036/5036 5038/5038/5038 5037/5037/5037 
f 5037/5037/5037 5038/5038/5038 5039/5039/5039 
f 5038/5038/5038 5040/5040/5040 5039/5039/5039 
f 5039/5039/5039 5040/5040/5040 5041/5041/5041 
f 5040/5040/5040 5042/5042/5042 5041/5041/5041 
f 5041/5041/5041 5042/5042/5042 5023/5023/5023 
f 5042/5042/5042 5024/5024/5024 5023/5023/5023 
f 5023/5023/5023 5024/5024/5024 5024/5024/5024 
f 5024/5024/5024 5028/5028/5028 5024/5024/5024 
f 5024/5024/5024 5028/5028/5028 5028/5028/5028 
f 5028/5028/5028 5026/5026/5026 5028/5028/5028 
f 5028/5028/5028 5026/5026/5026 5030/5030/5030 
f 5026/5026/5026 5043/5043/5043 5030/5030/5030 
f 5030/5030/5030 5043/5043/5043 5032/5032/5032 
f 5043/5043/5043 5034/5034/5034 5032/5032/5032 
f 5032/5032/5032 5034/5034/5034 5034/5034/5034 
f 5034/5034/5034 5026/5026/5026 5034/5034/5034 
f 5034/5034/5034 5026/5026/5026 5026/5026/5026 
f 5026/5026/5026 5024/5024/5024 5026/5026/5026 
f 5026/5026/5026 5024/5024/5024 5043/5043/5043 
f 5024/5024/5024 5042/5042/5042 5043/5043/5043 
f 5043/5043/5043 5042/5042/5042 5040/5040/5040 
f 5042/5042/5042 5040/5040/5040 5040/5040/5040 
f 5040/5040/5040 5040/5040/5040 5040/5040/5040 
f 5040/5040/5040 5038/5038/5038 5040/5040/5040 
f 5040/5040/5040 5038/5038/5038 5043/5043/5043 
f 5038/5038/5038 5036/5036/5036 5043/5043/5043 
f 5043/5043/5043 5036/5036/5036 5034/5034/5034 
f 2121/2121/2121 2080/2080/2080 2162/2162/2162 
f 1363/1363/1363 1322/1322/1322 1404/1404/1404 
f 2227/2227/2227 2186/2186/2186 2268/2268/2268 
f 769/769/769 728/728/728 810/810/810 
f 1527/1527/1527 1486/1486/1486 1568/1568/1568 
f 1846/1846/1846 1928/1928/1928 1887/1887/1887 
f 131/131/131 90/90/90 172/172/172 
f 410/410/410 492/492/492 451/451/451 
f 834/834/834 916/916/916 875/875/875 
