o v2
v 0.00009200000204145908 13.848271369934082 -0.043413251638412476
v 0.00009200000204145908 13.999954223632812 0.00009200000204145908
v 0.008466250263154507 13.848271369934082 -0.042596250772476196
v 0.016636250540614128 13.848271369934082 -0.03994100168347359
v 0.023989250883460045 13.848271369934082 -0.03606025129556656
v 0.030525250360369682 13.848271369934082 -0.030545499175786972
v 0.03604000061750412 13.848271369934082 -0.024009499698877335
v 0.03992075100541115 13.848271369934082 -0.016656499356031418
v 0.04257600009441376 13.848271369934082 -0.008486500009894371
v 0.04339300096035004 13.848271369934082 0.00009200000204145908
v 0.04257600009441376 13.848271369934082 0.008466250263154507
v 0.03992075100541115 13.848271369934082 0.016636250540614128
v 0.03604000061750412 13.848271369934082 0.023989250883460045
v 0.030525250360369682 13.848271369934082 0.030525250360369682
v 0.023989250883460045 13.848271369934082 0.03604000061750412
v 0.016636250540614128 13.848271369934082 0.03992075100541115
v 0.008466250263154507 13.848271369934082 0.04257600009441376
v 0.00009200000204145908 13.848271369934082 0.04339300096035004
v -0.008486500009894371 13.848271369934082 0.04257600009441376
v -0.016656499356031418 13.848271369934082 0.03992075100541115
v -0.024009499698877335 13.848271369934082 0.03604000061750412
v -0.030545499175786972 13.848271369934082 0.030525250360369682
v -0.03606025129556656 13.848271369934082 0.023989250883460045
v -0.03994100168347359 13.848271369934082 0.016636250540614128
v -0.042596250772476196 13.848271369934082 0.008466250263154507
v -0.043413251638412476 13.848271369934082 0.00009200000204145908
v -0.042596250772476196 13.848271369934082 -0.008486500009894371
v -0.03994100168347359 13.848271369934082 -0.016656499356031418
v -0.03606025129556656 13.848271369934082 -0.024009499698877335
v -0.030545499175786972 13.848271369934082 -0.030545499175786972
v -0.024009499698877335 13.848271369934082 -0.03606025129556656
v -0.016656499356031418 13.848271369934082 -0.03994100168347359
v -0.008486500009894371 13.848271369934082 -0.042596250772476196
v 0.00009200000204145908 -9.470630645751953 0.00009200000204145908
v 0.00009200000204145908 -9.758986473083496 -0.3881872594356537
v 0.07566449791193008 -9.758986473083496 -0.3806299865245819
v 0.00009200000204145908 -9.950170516967773 -0.49582698941230774
v -0.09672249853610992 -9.950170516967773 -0.48622724413871765
v -0.07568474858999252 -9.758986473083496 -0.3806299865245819
v -0.18965624272823334 -9.950170516967773 -0.4580407440662384
v -0.14860199391841888 -9.758986473083496 -0.35857099294662476
v -0.2754412591457367 -9.950170516967773 -0.41228875517845154
v -0.215596005320549 -9.758986473083496 -0.32262301445007324
v -0.3506052494049072 -9.950170516967773 -0.3506052494049072
v -0.27441999316215515 -9.758986473083496 -0.27441999316215515
v -0.41228875517845154 -9.950170516967773 -0.2754412591457367
v -0.32262301445007324 -9.758986473083496 -0.215596005320549
v -0.4580407440662384 -9.950170516967773 -0.18965624272823334
v -0.35857099294662476 -9.758986473083496 -0.14860199391841888
v -0.48622724413871765 -9.950170516967773 -0.09672249853610992
v -0.3806299865245819 -9.758986473083496 -0.07568474858999252
v -0.49582698941230774 -9.950170516967773 0.00009200000204145908
v -0.3881872594356537 -9.758986473083496 0.00009200000204145908
v -0.3806299865245819 -9.758986473083496 0.07566449791193008
v -0.35857099294662476 -9.758986473083496 0.14858174324035645
v -0.4580407440662384 -9.950170516967773 0.1896360069513321
v -0.41228875517845154 -9.950170516967773 0.27542099356651306
v -0.32262301445007324 -9.758986473083496 0.21557575464248657
v -0.3506052494049072 -9.950170516967773 0.350585013628006
v -0.27441999316215515 -9.758986473083496 0.2743997573852539
v -0.2754412591457367 -9.950170516967773 0.4122684895992279
v -0.215596005320549 -9.758986473083496 0.3226027488708496
v -0.18965624272823334 -9.950170516967773 0.45802050828933716
v -0.14860199391841888 -9.758986473083496 0.3585507571697235
v -0.48622724413871765 -9.950170516967773 0.09670224785804749
v -0.09672249853610992 -9.950170516967773 0.4862070083618164
v -0.07568474858999252 -9.758986473083496 0.38060975074768066
v 0.00009200000204145908 -9.758986473083496 0.38816699385643005
v 0.07566449791193008 -9.758986473083496 0.38060975074768066
v 0.09670224785804749 -9.950170516967773 0.4862070083618164
v 0.1896360069513321 -9.950170516967773 0.45802050828933716
v 0.14858174324035645 -9.758986473083496 0.3585507571697235
v 0.27542099356651306 -9.950170516967773 0.4122684895992279
v 0.21557575464248657 -9.758986473083496 0.3226027488708496
v 0.350585013628006 -9.950170516967773 0.350585013628006
v 0.2743997573852539 -9.758986473083496 0.2743997573852539
v 0.4122684895992279 -9.950170516967773 0.27542099356651306
v 0.3226027488708496 -9.758986473083496 0.21557575464248657
v 0.00009200000204145908 -9.950170516967773 0.4958067536354065
v 0.45802050828933716 -9.950170516967773 0.1896360069513321
v 0.3585507571697235 -9.758986473083496 0.14858174324035645
v 0.38060975074768066 -9.758986473083496 0.07566449791193008
v 0.38816699385643005 -9.758986473083496 0.00009200000204145908
v 0.4958067536354065 -9.950170516967773 0.00009200000204145908
v 0.4862070083618164 -9.950170516967773 -0.09672249853610992
v 0.38060975074768066 -9.758986473083496 -0.07568474858999252
v 0.45802050828933716 -9.950170516967773 -0.18965624272823334
v 0.3585507571697235 -9.758986473083496 -0.14860199391841888
v 0.3226027488708496 -9.758986473083496 -0.215596005320549
v 0.4122684895992279 -9.950170516967773 -0.2754412591457367
v 0.350585013628006 -9.950170516967773 -0.3506052494049072
v 0.2743997573852539 -9.758986473083496 -0.27441999316215515
v 0.21557575464248657 -9.758986473083496 -0.32262301445007324
v 0.14858174324035645 -9.758986473083496 -0.35857099294662476
v 0.09670224785804749 -9.950170516967773 -0.48622724413871765
v 0.4862070083618164 -9.950170516967773 0.09670224785804749
v 0.1896360069513321 -9.950170516967773 -0.4580407440662384
v 0.27542099356651306 -9.950170516967773 -0.41228875517845154
v 0.3503807485103607 -10.221936225891113 -0.5244219899177551
v 0.24131125211715698 -10.221936225891113 -0.5828375220298767
v 0.1230505034327507 -10.221936225891113 -0.6187855005264282
v 0.00009200000204145908 -10.221936225891113 -0.6308362483978271
v -0.12307074666023254 -10.221936225891113 -0.6187855005264282
v -0.24133150279521942 -10.221936225891113 -0.5828375220298767
v -0.35040101408958435 -10.221936225891113 -0.5244219899177551
v -0.4459899961948395 -10.221936225891113 -0.4459899961948395
v -0.5244219899177551 -10.221936225891113 -0.35040101408958435
v -0.5828375220298767 -10.221936225891113 -0.24133150279521942
v -0.6187855005264282 -10.221936225891113 -0.12307074666023254
v -0.6308362483978271 -10.221936225891113 0.00009200000204145908
v -0.6187855005264282 -10.221936225891113 0.1230505034327507
v -0.5828375220298767 -10.221936225891113 0.24131125211715698
v -0.5244219899177551 -10.221936225891113 0.3503807485103607
v -0.4459899961948395 -10.221936225891113 0.44596976041793823
v -0.35040101408958435 -10.221936225891113 0.5244017243385315
v -0.24133150279521942 -10.221936225891113 0.5828172564506531
v -0.12307074666023254 -10.221936225891113 0.6187652349472046
v 0.00009200000204145908 -10.221936225891113 0.6308159828186035
v 0.1230505034327507 -10.221936225891113 0.6187652349472046
v 0.24131125211715698 -10.221936225891113 0.5828172564506531
v 0.3503807485103607 -10.221936225891113 0.5244017243385315
v 0.44596976041793823 -10.221936225891113 0.44596976041793823
v 0.5244017243385315 -10.221936225891113 0.3503807485103607
v 0.5828172564506531 -10.221936225891113 0.24131125211715698
v 0.6187652349472046 -10.221936225891113 0.1230505034327507
v 0.6308159828186035 -10.221936225891113 0.00009200000204145908
v 0.6187652349472046 -10.221936225891113 -0.12307074666023254
v 0.5828172564506531 -10.221936225891113 -0.24133150279521942
v 0.5244017243385315 -10.221936225891113 -0.35040101408958435
v 0.44596976041793823 -10.221936225891113 -0.4459899961948395
v 0.3775460124015808 -10.371249198913574 -0.5648635029792786
v 0.25989800691604614 -10.371249198913574 -0.6277725100517273
v 0.13244600594043732 -10.371249198913574 -0.6663757562637329
v 0.00009200000204145908 -10.371249198913574 -0.6794477701187134
v -0.13246625661849976 -10.371249198913574 -0.6663757562637329
v -0.2599182426929474 -10.371249198913574 -0.6277725100517273
v -0.37756624817848206 -10.371249198913574 -0.5648635029792786
v -0.4805082380771637 -10.371249198913574 -0.4805082380771637
v -0.5648635029792786 -10.371249198913574 -0.37756624817848206
v -0.6277725100517273 -10.371249198913574 -0.2599182426929474
v -0.6663757562637329 -10.371249198913574 -0.13246625661849976
v -0.6794477701187134 -10.371249198913574 0.00009200000204145908
v -0.6663757562637329 -10.371249198913574 0.13244600594043732
v -0.6277725100517273 -10.371249198913574 0.25989800691604614
v -0.5648635029792786 -10.371249198913574 0.3775460124015808
v -0.4805082380771637 -10.371249198913574 0.48048800230026245
v -0.37756624817848206 -10.371249198913574 0.5648432374000549
v -0.2599182426929474 -10.371249198913574 0.6277522444725037
v -0.13246625661849976 -10.371249198913574 0.6663554906845093
v 0.00009200000204145908 -10.371249198913574 0.6794275045394897
v 0.13244600594043732 -10.371249198913574 0.6663554906845093
v 0.25989800691604614 -10.371249198913574 0.6277522444725037
v 0.3775460124015808 -10.371249198913574 0.5648432374000549
v 0.48048800230026245 -10.371249198913574 0.48048800230026245
v 0.5648432374000549 -10.371249198913574 0.3775460124015808
v 0.6277522444725037 -10.371249198913574 0.25989800691604614
v 0.6663554906845093 -10.371249198913574 0.13244600594043732
v 0.6794275045394897 -10.371249198913574 0.00009200000204145908
v 0.6663554906845093 -10.371249198913574 -0.13246625661849976
v 0.6277522444725037 -10.371249198913574 -0.2599182426929474
v 0.5648432374000549 -10.371249198913574 -0.37756624817848206
v 0.48048800230026245 -10.371249198913574 -0.4805082380771637
v 0.3924562633037567 -10.647754669189453 -0.5873309969902039
v 0.2703147530555725 -10.647754669189453 -0.6524867415428162
v 0.13775649666786194 -10.647754669189453 -0.6927239894866943
v 0.00009200000204145908 -10.647754669189453 -0.7064087390899658
v -0.13777674734592438 -10.647754669189453 -0.6927239894866943
v -0.27033498883247375 -10.647754669189453 -0.6524867415428162
v -0.39247649908065796 -10.647754669189453 -0.5873309969902039
v -0.499503493309021 -10.647754669189453 -0.499503493309021
v -0.5873309969902039 -10.647754669189453 -0.39247649908065796
v -0.6524867415428162 -10.647754669189453 -0.27033498883247375
v -0.6927239894866943 -10.647754669189453 -0.13777674734592438
v -0.7064087390899658 -10.647754669189453 0.00009200000204145908
v -0.6927239894866943 -10.647754669189453 0.13775649666786194
v -0.6524867415428162 -10.647754669189453 0.2703147530555725
v -0.5873309969902039 -10.647754669189453 0.3924562633037567
v -0.499503493309021 -10.647754669189453 0.49948325753211975
v -0.39247649908065796 -10.647754669189453 0.5873107314109802
v -0.27033498883247375 -10.647754669189453 0.6524664759635925
v -0.13777674734592438 -10.647754669189453 0.6927037239074707
v 0.00009200000204145908 -10.647754669189453 0.7063884735107422
v 0.13775649666786194 -10.647754669189453 0.6927037239074707
v 0.2703147530555725 -10.647754669189453 0.6524664759635925
v 0.3924562633037567 -10.647754669189453 0.5873107314109802
v 0.49948325753211975 -10.647754669189453 0.49948325753211975
v 0.5873107314109802 -10.647754669189453 0.3924562633037567
v 0.6524664759635925 -10.647754669189453 0.2703147530555725
v 0.6927037239074707 -10.647754669189453 0.13775649666786194
v 0.7063884735107422 -10.647754669189453 0.00009200000204145908
v 0.6927037239074707 -10.647754669189453 -0.13777674734592438
v 0.6524664759635925 -10.647754669189453 -0.27033498883247375
v 0.5873107314109802 -10.647754669189453 -0.39247649908065796
v 0.49948325753211975 -10.647754669189453 -0.499503493309021
v 0.08975774794816971 -11.06014347076416 -2.7527894973754883
v 0.00009200000204145908 -11.06014347076416 -2.7527894973754883
v 0.04135049879550934 -11.050662994384766 -3.229100465774536
v 0.00009200000204145908 -11.050662994384766 -3.229100465774536
v 0.00009200000204145908 -11.050662994384766 -3.2940518856048584
v -0.04137074947357178 -11.050662994384766 -3.229100465774536
v -0.08977799862623215 -11.06014347076416 -2.7527894973754883
v 0.00009200000204145908 -11.041182518005371 -3.285064935684204
v -0.04137074947357178 -11.041182518005371 -3.219909191131592
v 0.04135049879550934 -11.041182518005371 -3.219909191131592
v 0.08975774794816971 -11.050662994384766 -2.743598222732544
v -0.08977799862623215 -11.050662994384766 -2.743598222732544
v 0.08975774794816971 -11.06014347076416 2.7527692317962646
v 0.04135049879550934 -11.050662994384766 3.2290802001953125
v 0.00009200000204145908 -11.06014347076416 2.7527692317962646
v 0.00009200000204145908 -11.050662994384766 3.2290802001953125
v -0.08977799862623215 -11.06014347076416 2.7527692317962646
v -0.04137074947357178 -11.050662994384766 3.2290802001953125
v 0.00009200000204145908 -11.050662994384766 3.294031858444214
v 0.00009200000204145908 -11.041182518005371 3.2850446701049805
v 0.04135049879550934 -11.041182518005371 3.219888925552368
v -0.04137074947357178 -11.041182518005371 3.219888925552368
v -0.08977799862623215 -11.050662994384766 2.7435779571533203
v 0.00009200000204145908 -11.050662994384766 2.7435779571533203
v 0.08975774794816971 -11.050662994384766 2.7435779571533203
v 2.7527692317962646 -11.06014347076416 0.08975774794816971
v 2.7527692317962646 -11.06014347076416 0.00009200000204145908
v 3.2290802001953125 -11.050662994384766 0.04135049879550934
v 3.2290802001953125 -11.050662994384766 0.00009200000204145908
v 3.294031858444214 -11.050662994384766 0.00009200000204145908
v 3.2290802001953125 -11.050662994384766 -0.04137074947357178
v 2.7527692317962646 -11.06014347076416 -0.08977799862623215
v 3.2850446701049805 -11.041182518005371 0.00009200000204145908
v 3.219888925552368 -11.041182518005371 -0.04137074947357178
v 3.219888925552368 -11.041182518005371 0.04135049879550934
v 2.7435779571533203 -11.050662994384766 0.00009200000204145908
v 2.7435779571533203 -11.050662994384766 0.08975774794816971
v 2.7435779571533203 -11.050662994384766 -0.08977799862623215
v -2.7527894973754883 -11.06014347076416 0.08975774794816971
v -3.229100465774536 -11.050662994384766 0.04135049879550934
v -2.7527894973754883 -11.06014347076416 0.00009200000204145908
v -3.229100465774536 -11.050662994384766 0.00009200000204145908
v -2.7527894973754883 -11.06014347076416 -0.08977799862623215
v -3.229100465774536 -11.050662994384766 -0.04137074947357178
v -3.2940518856048584 -11.050662994384766 0.00009200000204145908
v -3.285064935684204 -11.041182518005371 0.00009200000204145908
v -3.219909191131592 -11.041182518005371 0.04135049879550934
v -3.219909191131592 -11.041182518005371 -0.04137074947357178
v -2.743598222732544 -11.050662994384766 0.00009200000204145908
v -2.743598222732544 -11.050662994384766 -0.08977799862623215
v -2.743598222732544 -11.050662994384766 0.08975774794816971
v 0.00009200000204145908 13.848271369934082 -0.043413251638412476
v 0.00009200000204145908 12.64191722869873 -0.38655325770378113
v 0.008466250263154507 13.848271369934082 -0.042596250772476196
v 0.07546024769544601 12.64191722869873 -0.37899601459503174
v 0.016636250540614128 13.848271369934082 -0.03994100168347359
v 0.00009200000204145908 11.454523086547852 -0.6931325197219849
v 0.1353054940700531 11.454523086547852 -0.6798562407493591
v 0.00009200000204145908 10.181806564331055 -0.945381224155426
v 0.18432550132274628 10.181806564331055 -0.9272029995918274
v 0.26520851254463196 11.454523086547852 -0.6404359936714172
v 0.36181876063346863 10.181806564331055 -0.8732810020446777
v 0.14796899259090424 12.64191722869873 -0.35714125633239746
v 0.023989250883460045 13.848271369934082 -0.03606025129556656
v 0.2147587537765503 12.64191722869873 -0.3213975131511688
v 0.030525250360369682 13.848271369934082 -0.030545499175786972
v 0.3851032555103302 11.454523086547852 -0.5763015151023865
v 0.5252187252044678 10.181806564331055 -0.7860662341117859
v 0.49008774757385254 11.454523086547852 -0.49010801315307617
v 0.6683980226516724 10.181806564331055 -0.6684182286262512
v 0.2731742560863495 12.64191722869873 -0.27319449186325073
v 0.03604000061750412 13.848271369934082 -0.024009499698877335
v 0.3213772475719452 12.64191722869873 -0.21477900445461273
v 0.03992075100541115 13.848271369934082 -0.016656499356031418
v 0.5762812495231628 11.454523086547852 -0.38512349128723145
v 0.786046028137207 10.181806564331055 -0.5252389907836914
v 0.6404157280921936 11.454523086547852 -0.2652287483215332
v 0.8732607364654541 10.181806564331055 -0.3618389964103699
v 0.35712099075317383 12.64191722869873 -0.14798924326896667
v 0.04257600009441376 13.848271369934082 -0.008486500009894371
v 0.3789757490158081 12.64191722869873 -0.07548049837350845
v 0.04339300096035004 13.848271369934082 0.00009200000204145908
v 0.6798359751701355 11.454523086547852 -0.13532574474811554
v 0.9271827340126038 10.181806564331055 -0.18434575200080872
v 0.6931122541427612 11.454523086547852 0.00009200000204145908
v 0.9453610181808472 10.181806564331055 0.00009200000204145908
v 0.3865329921245575 12.64191722869873 0.00009200000204145908
v 0.04257600009441376 13.848271369934082 0.008466250263154507
v 0.3789757490158081 12.64191722869873 0.07546024769544601
v 0.03992075100541115 13.848271369934082 0.016636250540614128
v 0.6798359751701355 11.454523086547852 0.1353054940700531
v 0.9271827340126038 10.181806564331055 0.18432550132274628
v 1.197405457496643 8.909090995788574 0.00009200000204145908
v 1.1745295524597168 8.909090995788574 0.23354974389076233
v 1.3540652990341187 7.7927985191345215 0.00009200000204145908
v 1.3281254768371582 7.7927985191345215 0.2641872465610504
v 1.1063100099563599 8.909090995788574 0.45822474360466003
v 1.250918984413147 7.7927985191345215 0.5180699825286865
v 0.8732607364654541 10.181806564331055 0.36181876063346863
v 0.6404157280921936 11.454523086547852 0.26520851254463196
v 0.35712099075317383 12.64191722869873 0.14796899259090424
v 0.03604000061750412 13.848271369934082 0.023989250883460045
v 0.3213772475719452 12.64191722869873 0.2147587537765503
v 0.030525250360369682 13.848271369934082 0.030525250360369682
v 0.5762812495231628 11.454523086547852 0.3851032555103302
v 0.786046028137207 10.181806564331055 0.5252187252044678
v 0.9956064820289612 8.909090995788574 0.6653342247009277
v 1.1259180307388306 7.7927985191345215 0.7523447275161743
v 0.8467082381248474 8.909090995788574 0.8467082381248474
v 0.9574117660522461 7.7927985191345215 0.9574117660522461
v 0.6683980226516724 10.181806564331055 0.6683980226516724
v 0.49008774757385254 11.454523086547852 0.49008774757385254
v 0.2731742560863495 12.64191722869873 0.2731742560863495
v 0.023989250883460045 13.848271369934082 0.03604000061750412
v 0.2147587537765503 12.64191722869873 0.3213772475719452
v 0.016636250540614128 13.848271369934082 0.03992075100541115
v 0.3851032555103302 11.454523086547852 0.5762812495231628
v 0.5252187252044678 10.181806564331055 0.786046028137207
v 0.6653342247009277 8.909090995788574 0.9956064820289612
v 0.7523447275161743 7.7927985191345215 1.1259180307388306
v 0.45822474360466003 8.909090995788574 1.1063100099563599
v 0.5180699825286865 7.7927985191345215 1.250918984413147
v 0.36181876063346863 10.181806564331055 0.8732607364654541
v 0.26520851254463196 11.454523086547852 0.6404157280921936
v 0.14796899259090424 12.64191722869873 0.35712099075317383
v 0.008466250263154507 13.848271369934082 0.04257600009441376
v 0.07546024769544601 12.64191722869873 0.3789757490158081
v 0.00009200000204145908 13.848271369934082 0.04339300096035004
v 0.1353054940700531 11.454523086547852 0.6798359751701355
v 0.18432550132274628 10.181806564331055 0.9271827340126038
v 0.23354974389076233 8.909090995788574 1.1745295524597168
v 0.2641872465610504 7.7927985191345215 1.3281254768371582
v 0.00009200000204145908 8.909090995788574 1.197405457496643
v 0.00009200000204145908 7.7927985191345215 1.3540652990341187
v 0.00009200000204145908 10.181806564331055 0.9453610181808472
v 0.00009200000204145908 11.454523086547852 0.6931122541427612
v 0.00009200000204145908 12.64191722869873 0.3865329921245575
v -0.008486500009894371 13.848271369934082 0.04257600009441376
v -0.07548049837350845 12.64191722869873 0.3789757490158081
v -0.016656499356031418 13.848271369934082 0.03992075100541115
v -0.13532574474811554 11.454523086547852 0.6798359751701355
v -0.18434575200080872 10.181806564331055 0.9271827340126038
v -0.23356999456882477 8.909090995788574 1.1745295524597168
v -0.26420751214027405 7.7927985191345215 1.3281254768371582
v -0.45824500918388367 8.909090995788574 1.1063100099563599
v -0.5180902481079102 7.7927985191345215 1.250918984413147
v -0.3618389964103699 10.181806564331055 0.8732607364654541
v -0.2652287483215332 11.454523086547852 0.6404157280921936
v -0.14798924326896667 12.64191722869873 0.35712099075317383
v -0.024009499698877335 13.848271369934082 0.03604000061750412
v -0.21477900445461273 12.64191722869873 0.3213772475719452
v -0.030545499175786972 13.848271369934082 0.030525250360369682
v -0.38512349128723145 11.454523086547852 0.5762812495231628
v -0.5252389907836914 10.181806564331055 0.786046028137207
v -0.6653544902801514 8.909090995788574 0.9956064820289612
v -0.752364993095398 7.7927985191345215 1.1259180307388306
v -0.846728503704071 8.909090995788574 0.8467082381248474
v -0.957431972026825 7.7927985191345215 0.9574117660522461
v -0.6684182286262512 10.181806564331055 0.6683980226516724
v -0.49010801315307617 11.454523086547852 0.49008774757385254
v -0.27319449186325073 12.64191722869873 0.2731742560863495
v -0.03606025129556656 13.848271369934082 0.023989250883460045
v -0.3213975131511688 12.64191722869873 0.2147587537765503
v -0.03994100168347359 13.848271369934082 0.016636250540614128
v -0.5763015151023865 11.454523086547852 0.3851032555103302
v -0.7860662341117859 10.181806564331055 0.5252187252044678
v -0.9956267476081848 8.909090995788574 0.6653342247009277
v -1.1259382963180542 7.7927985191345215 0.7523447275161743
v -1.1063302755355835 8.909090995788574 0.45822474360466003
v -1.2509392499923706 7.7927985191345215 0.5180699825286865
v -0.8732810020446777 10.181806564331055 0.36181876063346863
v -0.6404359936714172 11.454523086547852 0.26520851254463196
v -0.35714125633239746 12.64191722869873 0.14796899259090424
v -0.042596250772476196 13.848271369934082 0.008466250263154507
v -0.37899601459503174 12.64191722869873 0.07546024769544601
v -0.043413251638412476 13.848271369934082 0.00009200000204145908
v -0.6798562407493591 11.454523086547852 0.1353054940700531
v -0.9272029995918274 10.181806564331055 0.18432550132274628
v -1.1745496988296509 8.909090995788574 0.23354974389076233
v -1.3281457424163818 7.7927985191345215 0.2641872465610504
v -1.1974257230758667 8.909090995788574 0.00009200000204145908
v -1.3540854454040527 7.7927985191345215 0.00009200000204145908
v -0.945381224155426 10.181806564331055 0.00009200000204145908
v -0.6931325197219849 11.454523086547852 0.00009200000204145908
v -0.38655325770378113 12.64191722869873 0.00009200000204145908
v -0.042596250772476196 13.848271369934082 -0.008486500009894371
v -0.37899601459503174 12.64191722869873 -0.07548049837350845
v -0.03994100168347359 13.848271369934082 -0.016656499356031418
v -0.6798562407493591 11.454523086547852 -0.13532574474811554
v -0.9272029995918274 10.181806564331055 -0.18434575200080872
v -0.6404359936714172 11.454523086547852 -0.2652287483215332
v -0.8732810020446777 10.181806564331055 -0.3618389964103699
v -0.35714125633239746 12.64191722869873 -0.14798924326896667
v -0.03606025129556656 13.848271369934082 -0.024009499698877335
v -0.3213975131511688 12.64191722869873 -0.21477900445461273
v -0.030545499175786972 13.848271369934082 -0.030545499175786972
v -0.5763015151023865 11.454523086547852 -0.38512349128723145
v -0.7860662341117859 10.181806564331055 -0.5252389907836914
v -0.49010801315307617 11.454523086547852 -0.49010801315307617
v -0.6684182286262512 10.181806564331055 -0.6684182286262512
v -0.27319449186325073 12.64191722869873 -0.27319449186325073
v -0.024009499698877335 13.848271369934082 -0.03606025129556656
v -0.21477900445461273 12.64191722869873 -0.3213975131511688
v -0.016656499356031418 13.848271369934082 -0.03994100168347359
v -0.38512349128723145 11.454523086547852 -0.5763015151023865
v -0.5252389907836914 10.181806564331055 -0.7860662341117859
v -0.2652287483215332 11.454523086547852 -0.6404359936714172
v -0.3618389964103699 10.181806564331055 -0.8732810020446777
v -0.14798924326896667 12.64191722869873 -0.35714125633239746
v -0.008486500009894371 13.848271369934082 -0.042596250772476196
v -0.07548049837350845 12.64191722869873 -0.37899601459503174
v 0.00009200000204145908 13.848271369934082 -0.043413251638412476
v 0.00009200000204145908 12.64191722869873 -0.38655325770378113
v -0.13532574474811554 11.454523086547852 -0.6798562407493591
v 0.00009200000204145908 11.454523086547852 -0.6931325197219849
v -0.18434575200080872 10.181806564331055 -0.9272029995918274
v 0.00009200000204145908 10.181806564331055 -0.945381224155426
v 0.00009200000204145908 -10.552952766418457 -1.066501498222351
v -0.20803874731063843 -10.552952766418457 -1.0460765361785889
v 0.00009200000204145908 -8.55105209350586 -1.391258955001831
v -0.2713562548160553 -8.55105209350586 -1.364502191543579
v -0.40820375084877014 -10.552952766418457 -0.9854142665863037
v -0.5323877334594727 -8.55105209350586 -1.2852532863616943
v -0.5926414728164673 -10.552952766418457 -0.886761486530304
v -0.7729942202568054 -8.55105209350586 -1.1567800045013428
v -0.7542032599449158 -10.552952766418457 -0.7542032599449158
v -0.9837802648544312 -8.55105209350586 -0.9837802648544312
v -0.886761486530304 -10.552952766418457 -0.5926414728164673
v -1.1567800045013428 -8.55105209350586 -0.7729942202568054
v -0.9854142665863037 -10.552952766418457 -0.40820375084877014
v -1.2852532863616943 -8.55105209350586 -0.5323877334594727
v -1.0460765361785889 -10.552952766418457 -0.20803874731063843
v -1.364502191543579 -8.55105209350586 -0.2713562548160553
v -1.066501498222351 -10.552952766418457 0.00009200000204145908
v -1.391258955001831 -8.55105209350586 0.00009200000204145908
v -1.5638502836227417 -6.3358473777771 0.00009200000204145908
v -1.364502191543579 -8.55105209350586 0.27133598923683167
v -1.5338255167007446 -6.3358473777771 0.305037260055542
v -1.2852532863616943 -8.55105209350586 0.5323675274848938
v -1.444772481918335 -6.3358473777771 0.5985444784164429
v -1.1567800045013428 -8.55105209350586 0.7729740142822266
v -1.3003677129745483 -6.3358473777771 0.868767261505127
v -0.9837802648544312 -8.55105209350586 0.9837599992752075
v -1.105921745300293 -6.3358473777771 1.1059014797210693
v -0.7729942202568054 -8.55105209350586 1.1567597389221191
v -0.8687875270843506 -6.3358473777771 1.3003474473953247
v -0.5323877334594727 -8.55105209350586 1.2852330207824707
v -0.5985647439956665 -6.3358473777771 1.4447522163391113
v -0.2713562548160553 -8.55105209350586 1.364482045173645
v -0.30505749583244324 -6.3358473777771 1.533805251121521
v 0.00009200000204145908 -8.55105209350586 1.391238808631897
v 0.00009200000204145908 -6.3358473777771 1.563830018043518
v 0.27133598923683167 -8.55105209350586 1.364482045173645
v 0.305037260055542 -6.3358473777771 1.533805251121521
v 0.5323675274848938 -8.55105209350586 1.2852330207824707
v 0.5985444784164429 -6.3358473777771 1.4447522163391113
v 0.7729740142822266 -8.55105209350586 1.1567597389221191
v 0.868767261505127 -6.3358473777771 1.3003474473953247
v 0.9837599992752075 -8.55105209350586 0.9837599992752075
v 1.1059014797210693 -6.3358473777771 1.1059014797210693
v 1.1567597389221191 -8.55105209350586 0.7729740142822266
v 1.3003474473953247 -6.3358473777771 0.868767261505127
v 1.2852330207824707 -8.55105209350586 0.5323675274848938
v 1.4447522163391113 -6.3358473777771 0.5985444784164429
v 1.364482045173645 -8.55105209350586 0.27133598923683167
v 1.533805251121521 -6.3358473777771 0.305037260055542
v 1.391238808631897 -8.55105209350586 0.00009200000204145908
v 1.563830018043518 -6.3358473777771 0.00009200000204145908
v 1.0664812326431274 -10.552952766418457 0.00009200000204145908
v 1.0460562705993652 -10.552952766418457 -0.20803874731063843
v 1.364482045173645 -8.55105209350586 -0.2713562548160553
v 0.9853940010070801 -10.552952766418457 -0.40820375084877014
v 1.2852330207824707 -8.55105209350586 -0.5323877334594727
v 0.8867412209510803 -10.552952766418457 -0.5926414728164673
v 1.1567597389221191 -8.55105209350586 -0.7729942202568054
v 0.7541829943656921 -10.552952766418457 -0.7542032599449158
v 0.9837599992752075 -8.55105209350586 -0.9837802648544312
v 0.5926212668418884 -10.552952766418457 -0.886761486530304
v 0.7729740142822266 -8.55105209350586 -1.1567800045013428
v 0.4081834852695465 -10.552952766418457 -0.9854142665863037
v 0.5323675274848938 -8.55105209350586 -1.2852532863616943
v 0.208018496632576 -10.552952766418457 -1.0460765361785889
v 0.27133598923683167 -8.55105209350586 -1.364502191543579
v 0.00009200000204145908 -10.552952766418457 -1.066501498222351
v 0.00009200000204145908 -8.55105209350586 -1.391258955001831
v 0.00009200000204145908 -6.3358473777771 -1.5638502836227417
v 0.00009200000204145908 -5.0710320472717285 -1.6500437259674072
v -0.30505749583244324 -6.3358473777771 -1.5338255167007446
v -0.32180601358413696 -5.0710320472717285 -1.6183849573135376
v -0.5985647439956665 -6.3358473777771 -1.444772481918335
v -0.6314489841461182 -5.0710320472717285 -1.5244300365447998
v -0.8687875270843506 -6.3358473777771 -1.3003677129745483
v -0.916786253452301 -5.0710320472717285 -1.3718552589416504
v -1.105921745300293 -6.3358473777771 -1.105921745300293
v -1.1667882204055786 -5.0710320472717285 -1.1667882204055786
v -0.916786253452301 -3.4665095806121826 -1.3718552589416504
v -0.6314489841461182 -3.4665095806121826 -1.5244300365447998
v -0.32180601358413696 -3.4665095806121826 -1.6183849573135376
v 0.00009200000204145908 -3.4665095806121826 -1.6500437259674072
v -1.3003677129745483 -6.3358473777771 -0.8687875270843506
v -1.3718552589416504 -5.0710320472717285 -0.916786253452301
v -1.444772481918335 -6.3358473777771 -0.5985647439956665
v -1.5244300365447998 -5.0710320472717285 -0.6314489841461182
v -1.5338255167007446 -6.3358473777771 -0.30505749583244324
v -1.6183849573135376 -5.0710320472717285 -0.32180601358413696
v -1.1667882204055786 -3.4665095806121826 -1.1667882204055786
v -1.3718552589416504 -3.4665095806121826 -0.916786253452301
v -1.5244300365447998 -3.4665095806121826 -0.6314489841461182
v -1.6183849573135376 -3.4665095806121826 -0.32180601358413696
v -1.6500437259674072 -5.0710320472717285 0.00009200000204145908
v -1.6500437259674072 -3.4665095806121826 0.00009200000204145908
v 0.00009200000204145908 -3.4356987476348877 -1.6500437259674072
v -0.32180601358413696 -3.4356987476348877 -1.6183849573135376
v 0.00009200000204145908 -1.2647348642349243 -1.6500437259674072
v -0.32180601358413696 -1.2647348642349243 -1.6183849573135376
v 0.00009200000204145908 1.2727965116500854 -1.6500437259674072
v -0.32180601358413696 1.2727965116500854 -1.6183849573135376
v -0.6314489841461182 -1.2647348642349243 -1.5244300365447998
v -0.6314489841461182 1.2727965116500854 -1.5244300365447998
v -0.916786253452301 -1.2647348642349243 -1.3718552589416504
v -0.916786253452301 1.2727965116500854 -1.3718552589416504
v -1.1667882204055786 -1.2647348642349243 -1.1667882204055786
v -1.1667882204055786 -3.4356987476348877 -1.1667882204055786
v -1.3718552589416504 -3.4356987476348877 -0.916786253452301
v -1.3718552589416504 -1.2647348642349243 -0.916786253452301
v -1.1667882204055786 1.2727965116500854 -1.1667882204055786
v -0.6314489841461182 -3.4356987476348877 -1.5244300365447998
v -0.916786253452301 -3.4356987476348877 -1.3718552589416504
v -1.5244300365447998 -3.4356987476348877 -0.6314489841461182
v -1.5244300365447998 -1.2647348642349243 -0.6314489841461182
v -1.3718552589416504 1.2727965116500854 -0.916786253452301
v -1.5244300365447998 1.2727965116500854 -0.6314489841461182
v -1.6183849573135376 -1.2647348642349243 -0.32180601358413696
v -1.6183849573135376 1.2727965116500854 -0.32180601358413696
v -1.6500437259674072 -1.2647348642349243 0.00009200000204145908
v -1.6500437259674072 1.2727965116500854 0.00009200000204145908
v -1.6183849573135376 -3.4356987476348877 -0.32180601358413696
v -1.6500437259674072 -3.4356987476348877 0.00009200000204145908
v -1.6500437259674072 3.818228006362915 0.00009200000204145908
v -1.6183849573135376 1.2727965116500854 0.3219900131225586
v -1.6183849573135376 3.818228006362915 0.3219900131225586
v -1.5244300365447998 1.2727965116500854 0.6314287781715393
v -1.5244300365447998 3.818228006362915 0.6314287781715393
v -1.3718552589416504 1.2727965116500854 0.9167659878730774
v -1.3718552589416504 3.818228006362915 0.9167659878730774
v -1.1667882204055786 1.2727965116500854 1.166767954826355
v -1.1667882204055786 3.818228006362915 1.166767954826355
v -0.916786253452301 1.2727965116500854 1.3718349933624268
v -0.916786253452301 3.818228006362915 1.3718349933624268
v -0.6314489841461182 1.2727965116500854 1.5244097709655762
v -0.6314489841461182 3.818228006362915 1.5244097709655762
v -0.32180601358413696 1.2727965116500854 1.618364691734314
v -0.32180601358413696 3.818228006362915 1.618364691734314
v 0.00009200000204145908 1.2727965116500854 1.6500234603881836
v 0.00009200000204145908 3.818228006362915 1.6500234603881836
v 0.3219900131225586 1.2727965116500854 1.618364691734314
v 0.3219900131225586 3.818228006362915 1.618364691734314
v 0.6314287781715393 1.2727965116500854 1.5244097709655762
v 0.6314287781715393 3.818228006362915 1.5244097709655762
v 0.9167659878730774 1.2727965116500854 1.3718349933624268
v 0.9167659878730774 3.818228006362915 1.3718349933624268
v 1.166767954826355 1.2727965116500854 1.166767954826355
v 1.166767954826355 3.818228006362915 1.166767954826355
v 1.3718349933624268 1.2727965116500854 0.9167659878730774
v 1.3718349933624268 3.818228006362915 0.9167659878730774
v 1.5244097709655762 1.2727965116500854 0.6314287781715393
v 1.5244097709655762 3.818228006362915 0.6314287781715393
v 1.618364691734314 1.2727965116500854 0.3219900131225586
v 1.618364691734314 3.818228006362915 0.3219900131225586
v 1.6500234603881836 1.2727965116500854 0.00009200000204145908
v 1.6500234603881836 3.818228006362915 0.00009200000204145908
v 1.4815171957015991 6.363659381866455 0.2946205139160156
v 1.5107250213623047 6.363659381866455 0.00009200000204145908
v 1.3358869552612305 7.737497329711914 0.265821248292923
v 1.3620309829711914 7.737497329711914 0.00009200000204145908
v -1.5107452869415283 6.363659381866455 0.00009200000204145908
v 1.2584762573242188 7.737497329711914 0.5213379859924316
v 1.3957322835922241 6.363659381866455 0.5781195163726807
v 1.1324540376663208 7.737497329711914 0.756633996963501
v 1.2560251951217651 6.363659381866455 0.8393552303314209
v 0.9631307721138 7.737497329711914 0.9631307721138
v 1.068115234375 6.363659381866455 1.068115234375
v 0.8393552303314209 6.363659381866455 1.2560251951217651
v 0.756633996963501 7.737497329711914 1.1324540376663208
v 0.5213379859924316 7.737497329711914 1.2584762573242188
v 0.5781195163726807 6.363659381866455 1.3957322835922241
v 0.265821248292923 7.737497329711914 1.3358869552612305
v 0.2946205139160156 6.363659381866455 1.4815171957015991
v 0.00009200000204145908 7.737497329711914 1.3620309829711914
v 0.00009200000204145908 6.363659381866455 1.5107250213623047
v -0.29464074969291687 6.363659381866455 1.4815171957015991
v -0.2658415138721466 7.737497329711914 1.3358869552612305
v -0.5213582515716553 7.737497329711914 1.2584762573242188
v -0.5781397223472595 6.363659381866455 1.3957322835922241
v -0.7566542625427246 7.737497329711914 1.1324540376663208
v -0.8393754959106445 6.363659381866455 1.2560251951217651
v -0.9631509780883789 7.737497329711914 0.9631307721138
v -1.0681354999542236 6.363659381866455 1.068115234375
v -1.2560454607009888 6.363659381866455 0.8393552303314209
v -1.1324743032455444 7.737497329711914 0.756633996963501
v -1.2584965229034424 7.737497329711914 0.5213379859924316
v -1.3957525491714478 6.363659381866455 0.5781195163726807
v -1.4815374612808228 6.363659381866455 0.2946205139160156
v -1.362051248550415 7.737497329711914 0.00009200000204145908
v -1.335907220840454 7.737497329711914 0.265821248292923
v 1.6500234603881836 -5.0710320472717285 0.00009200000204145908
v 1.533805251121521 -6.3358473777771 -0.30505749583244324
v 1.618364691734314 -5.0710320472717285 -0.32180601358413696
v 1.4447522163391113 -6.3358473777771 -0.5985647439956665
v 1.5244097709655762 -5.0710320472717285 -0.6314489841461182
v 1.3003474473953247 -6.3358473777771 -0.8687875270843506
v 1.3718349933624268 -5.0710320472717285 -0.916786253452301
v 1.1059014797210693 -6.3358473777771 -1.105921745300293
v 1.166767954826355 -5.0710320472717285 -1.1667882204055786
v 1.3718349933624268 -3.4665095806121826 -0.916786253452301
v 1.5244097709655762 -3.4665095806121826 -0.6314489841461182
v 1.618364691734314 -3.4665095806121826 -0.32180601358413696
v 1.6500234603881836 -3.4665095806121826 0.00009200000204145908
v 0.868767261505127 -6.3358473777771 -1.3003677129745483
v 0.9167659878730774 -5.0710320472717285 -1.3718552589416504
v 0.5985444784164429 -6.3358473777771 -1.444772481918335
v 0.6314287781715393 -5.0710320472717285 -1.5244300365447998
v 0.305037260055542 -6.3358473777771 -1.5338255167007446
v 0.3219900131225586 -5.0710320472717285 -1.6183849573135376
v 0.00009200000204145908 -6.3358473777771 -1.5638502836227417
v 1.166767954826355 -3.4665095806121826 -1.1667882204055786
v 0.9167659878730774 -3.4665095806121826 -1.3718552589416504
v 0.6314287781715393 -3.4665095806121826 -1.5244300365447998
v 0.3219900131225586 -3.4665095806121826 -1.6183849573135376
v 0.00009200000204145908 -5.0710320472717285 -1.6500437259674072
v 0.00009200000204145908 -3.4665095806121826 -1.6500437259674072
v 1.6500234603881836 -3.4356987476348877 0.00009200000204145908
v 1.618364691734314 -3.4356987476348877 -0.32180601358413696
v 1.6500234603881836 -1.2647348642349243 0.00009200000204145908
v 1.618364691734314 -1.2647348642349243 -0.32180601358413696
v 1.618364691734314 1.2727965116500854 -0.32180601358413696
v 1.5244097709655762 -1.2647348642349243 -0.6314489841461182
v 1.5244097709655762 1.2727965116500854 -0.6314489841461182
v 1.3718349933624268 -1.2647348642349243 -0.916786253452301
v 1.3718349933624268 1.2727965116500854 -0.916786253452301
v 1.166767954826355 -1.2647348642349243 -1.1667882204055786
v 1.166767954826355 -3.4356987476348877 -1.1667882204055786
v 0.9167659878730774 -3.4356987476348877 -1.3718552589416504
v 0.9167659878730774 -1.2647348642349243 -1.3718552589416504
v 1.166767954826355 1.2727965116500854 -1.1667882204055786
v 1.5244097709655762 -3.4356987476348877 -0.6314489841461182
v 1.3718349933624268 -3.4356987476348877 -0.916786253452301
v 0.6314287781715393 -3.4356987476348877 -1.5244300365447998
v 0.6314287781715393 -1.2647348642349243 -1.5244300365447998
v 0.9167659878730774 1.2727965116500854 -1.3718552589416504
v 0.6314287781715393 1.2727965116500854 -1.5244300365447998
v 0.3219900131225586 -1.2647348642349243 -1.6183849573135376
v 0.3219900131225586 1.2727965116500854 -1.6183849573135376
v 0.00009200000204145908 -1.2647348642349243 -1.6500437259674072
v 0.00009200000204145908 1.2727965116500854 -1.6500437259674072
v 0.3219900131225586 -3.4356987476348877 -1.6183849573135376
v 0.00009200000204145908 -3.4356987476348877 -1.6500437259674072
v 0.00009200000204145908 -10.647754669189453 -0.7064087390899658
v -0.14267875254154205 -10.647754669189453 -0.7170297503471375
v -0.13777674734592438 -10.647754669189453 -0.6927239894866943
v -0.27973049879074097 -10.647754669189453 -0.675362765789032
v -0.27033498883247375 -10.647754669189453 -0.6524867415428162
v -0.40616124868392944 -10.647754669189453 -0.6077560186386108
v -0.39247649908065796 -10.647754669189453 -0.5873309969902039
v -0.5168647766113281 -10.647754669189453 -0.5168647766113281
v -0.499503493309021 -10.647754669189453 -0.499503493309021
v -0.6077560186386108 -10.647754669189453 -0.40616124868392944
v -0.5873309969902039 -10.647754669189453 -0.39247649908065796
v -0.675362765789032 -10.647754669189453 -0.27973049879074097
v -0.6524867415428162 -10.647754669189453 -0.27033498883247375
v -0.7170297503471375 -10.647754669189453 -0.14267875254154205
v -0.6927239894866943 -10.647754669189453 -0.13777674734592438
v -0.7309187650680542 -10.647754669189453 0.00009200000204145908
v -0.7064087390899658 -10.647754669189453 0.00009200000204145908
v -0.7170297503471375 -10.647754669189453 0.14265850186347961
v -0.6927239894866943 -10.647754669189453 0.13775649666786194
v -0.675362765789032 -10.647754669189453 0.2797102630138397
v -0.6524867415428162 -10.647754669189453 0.2703147530555725
v -0.6077560186386108 -10.647754669189453 0.4061410129070282
v -0.5873309969902039 -10.647754669189453 0.3924562633037567
v -0.5168647766113281 -10.647754669189453 0.5168445110321045
v -0.499503493309021 -10.647754669189453 0.49948325753211975
v -0.40616124868392944 -10.647754669189453 0.6077357530593872
v -0.39247649908065796 -10.647754669189453 0.5873107314109802
v -0.27973049879074097 -10.647754669189453 0.6753425002098083
v -0.27033498883247375 -10.647754669189453 0.6524664759635925
v -0.14267875254154205 -10.647754669189453 0.7170094847679138
v -0.13777674734592438 -10.647754669189453 0.6927037239074707
v 0.00009200000204145908 -10.647754669189453 0.7308984994888306
v 0.00009200000204145908 -10.647754669189453 0.7063884735107422
v 0.14265850186347961 -10.647754669189453 0.7170094847679138
v 0.13775649666786194 -10.647754669189453 0.6927037239074707
v 0.2797102630138397 -10.647754669189453 0.6753425002098083
v 0.2703147530555725 -10.647754669189453 0.6524664759635925
v 0.4061410129070282 -10.647754669189453 0.6077357530593872
v 0.3924562633037567 -10.647754669189453 0.5873107314109802
v 0.5168445110321045 -10.647754669189453 0.5168445110321045
v 0.49948325753211975 -10.647754669189453 0.49948325753211975
v 0.6077357530593872 -10.647754669189453 0.4061410129070282
v 0.5873107314109802 -10.647754669189453 0.3924562633037567
v 0.6753425002098083 -10.647754669189453 0.2797102630138397
v 0.6524664759635925 -10.647754669189453 0.2703147530555725
v 0.7170094847679138 -10.647754669189453 0.14265850186347961
v 0.6927037239074707 -10.647754669189453 0.13775649666786194
v 0.7308984994888306 -10.647754669189453 0.00009200000204145908
v 0.7063884735107422 -10.647754669189453 0.00009200000204145908
v 0.7170094847679138 -10.647754669189453 -0.14267875254154205
v 0.6927037239074707 -10.647754669189453 -0.13777674734592438
v 0.6753425002098083 -10.647754669189453 -0.27973049879074097
v 0.6524664759635925 -10.647754669189453 -0.27033498883247375
v 0.6077357530593872 -10.647754669189453 -0.40616124868392944
v 0.5873107314109802 -10.647754669189453 -0.39247649908065796
v 0.5168445110321045 -10.647754669189453 -0.5168647766113281
v 0.49948325753211975 -10.647754669189453 -0.499503493309021
v 0.4061410129070282 -10.647754669189453 -0.6077560186386108
v 0.3924562633037567 -10.647754669189453 -0.5873309969902039
v 0.2797102630138397 -10.647754669189453 -0.675362765789032
v 0.2703147530555725 -10.647754669189453 -0.6524867415428162
v 0.14265850186347961 -10.647754669189453 -0.7170297503471375
v 0.13775649666786194 -10.647754669189453 -0.6927239894866943
v 0.00009200000204145908 -10.647754669189453 -0.7309187650680542
v -0.675362765789032 -10.647754669189453 -0.27973049879074097
v -0.7170297503471375 -10.404430389404297 -0.14267875254154205
v -0.7170297503471375 -10.647754669189453 -0.14267875254154205
v -0.7309187650680542 -10.404430389404297 0.00009200000204145908
v -0.7309187650680542 -10.647754669189453 0.00009200000204145908
v -0.7170297503471375 -10.404430389404297 0.14265850186347961
v -0.7170297503471375 -10.647754669189453 0.14265850186347961
v -0.675362765789032 -10.404430389404297 0.2797102630138397
v -0.675362765789032 -10.647754669189453 0.2797102630138397
v -0.6077560186386108 -10.404430389404297 0.4061410129070282
v -0.6077560186386108 -10.647754669189453 0.4061410129070282
v -0.5168647766113281 -10.404430389404297 0.5168445110321045
v -0.5168647766113281 -10.647754669189453 0.5168445110321045
v -0.40616124868392944 -10.404430389404297 0.6077357530593872
v -0.40616124868392944 -10.647754669189453 0.6077357530593872
v -0.27973049879074097 -10.404430389404297 0.6753425002098083
v -0.27973049879074097 -10.647754669189453 0.6753425002098083
v -0.14267875254154205 -10.404430389404297 0.7170094847679138
v -0.14267875254154205 -10.647754669189453 0.7170094847679138
v 0.00009200000204145908 -10.404430389404297 0.7308984994888306
v 0.00009200000204145908 -10.647754669189453 0.7308984994888306
v 0.14265850186347961 -10.404430389404297 0.7170094847679138
v 0.14265850186347961 -10.647754669189453 0.7170094847679138
v 0.2797102630138397 -10.404430389404297 0.6753425002098083
v 0.2797102630138397 -10.647754669189453 0.6753425002098083
v 0.4061410129070282 -10.404430389404297 0.6077357530593872
v 0.4061410129070282 -10.647754669189453 0.6077357530593872
v 0.5168445110321045 -10.404430389404297 0.5168445110321045
v 0.5168445110321045 -10.647754669189453 0.5168445110321045
v 0.6077357530593872 -10.404430389404297 0.4061410129070282
v 0.6077357530593872 -10.647754669189453 0.4061410129070282
v 0.6753425002098083 -10.404430389404297 0.2797102630138397
v 0.6753425002098083 -10.647754669189453 0.2797102630138397
v 0.7170094847679138 -10.404430389404297 0.14265850186347961
v 0.7170094847679138 -10.647754669189453 0.14265850186347961
v 0.7308984994888306 -10.404430389404297 0.00009200000204145908
v 0.7308984994888306 -10.647754669189453 0.00009200000204145908
v 0.7170094847679138 -10.404430389404297 -0.14267875254154205
v 0.7170094847679138 -10.647754669189453 -0.14267875254154205
v 0.6753425002098083 -10.404430389404297 -0.27973049879074097
v 0.6753425002098083 -10.647754669189453 -0.27973049879074097
v 0.6077357530593872 -10.404430389404297 -0.40616124868392944
v 0.6077357530593872 -10.647754669189453 -0.40616124868392944
v 0.5168445110321045 -10.404430389404297 -0.5168647766113281
v 0.5168445110321045 -10.647754669189453 -0.5168647766113281
v 0.4061410129070282 -10.404430389404297 -0.6077560186386108
v 0.4061410129070282 -10.647754669189453 -0.6077560186386108
v 0.2797102630138397 -10.404430389404297 -0.675362765789032
v 0.2797102630138397 -10.647754669189453 -0.675362765789032
v 0.14265850186347961 -10.404430389404297 -0.7170297503471375
v 0.14265850186347961 -10.647754669189453 -0.7170297503471375
v 0.00009200000204145908 -10.404430389404297 -0.7309187650680542
v 0.00009200000204145908 -10.647754669189453 -0.7309187650680542
v -0.14267875254154205 -10.404430389404297 -0.7170297503471375
v -0.14267875254154205 -10.647754669189453 -0.7170297503471375
v -0.27973049879074097 -10.404430389404297 -0.675362765789032
v -0.27973049879074097 -10.647754669189453 -0.675362765789032
v -0.40616124868392944 -10.404430389404297 -0.6077560186386108
v -0.40616124868392944 -10.647754669189453 -0.6077560186386108
v -0.5168647766113281 -10.404430389404297 -0.5168647766113281
v -0.5168647766113281 -10.647754669189453 -0.5168647766113281
v -0.6077560186386108 -10.404430389404297 -0.40616124868392944
v -0.6077560186386108 -10.647754669189453 -0.40616124868392944
v -0.675362765789032 -10.404430389404297 -0.27973049879074097
v 0.08975774794816971 -11.886500358581543 -2.7630019187927246
v 0.04135049879550934 -11.886500358581543 -3.281184196472168
v 0.00009200000204145908 -11.886500358581543 -2.7840397357940674
v 0.00009200000204145908 -11.886500358581543 -3.3463399410247803
v -0.08977799862623215 -11.886500358581543 -2.7630019187927246
v -0.04137074947357178 -11.886500358581543 -3.281184196472168
v 0.00009200000204145908 -11.050662994384766 -3.2940518856048584
v 0.00009200000204145908 -11.886500358581543 -3.3463399410247803
v 0.04135049879550934 -11.050662994384766 -3.229100465774536
v 0.04135049879550934 -11.886500358581543 -3.281184196472168
v 0.08975774794816971 -11.06014347076416 -2.7527894973754883
v 0.08975774794816971 -11.886500358581543 -2.7630019187927246
v -0.08977799862623215 -11.06014347076416 -2.7527894973754883
v -0.08977799862623215 -11.886500358581543 -2.7630019187927246
v -0.04137074947357178 -11.050662994384766 -3.229100465774536
v -0.04137074947357178 -11.886500358581543 -3.281184196472168
v 0.00009200000204145908 -11.050662994384766 -3.2940518856048584
v 0.00009200000204145908 -11.886500358581543 -3.3463399410247803
v 0.08975774794816971 -11.06014347076416 -2.7527894973754883
v 0.08975774794816971 -11.886500358581543 -2.7630019187927246
v 0.00009200000204145908 -11.06014347076416 -2.7527894973754883
v 0.00009200000204145908 -11.886500358581543 -2.7840397357940674
v -0.08977799862623215 -11.06014347076416 -2.7527894973754883
v -0.08977799862623215 -11.886500358581543 -2.7630019187927246
v 0.19045299291610718 -4.46666955947876 -1.149222731590271
v 0.19045299291610718 -5.227455139160156 -1.264011263847351
v 0.00009200000204145908 -4.46666955947876 -1.1702605485916138
v 0.00009200000204145908 -5.227455139160156 -1.2850489616394043
v -0.19047324359416962 -4.46666955947876 -1.149222731590271
v -0.19047324359416962 -5.227455139160156 -1.264011263847351
v 0.00009200000204145908 -6.3358473777771 -1.2850489616394043
v -0.19047324359416962 -6.3358473777771 -1.264011263847351
v 0.19045299291610718 -6.3358473777771 -1.264011263847351
v -0.08977799862623215 -4.46666955947876 -1.4376237392425537
v -0.04137074947357178 -4.46666955947876 -1.4758185148239136
v -0.08977799862623215 -5.227455139160156 -1.8473492860794067
v -0.04137074947357178 -5.227455139160156 -1.9490658044815063
v -0.08977799862623215 -6.3358473777771 -2.3904500007629395
v -0.04137074947357178 -6.3358473777771 -2.627992868423462
v 0.00009200000204145908 -5.227455139160156 -2.014221429824829
v 0.00009200000204145908 -6.3358473777771 -2.693148612976074
v 0.00009200000204145908 -4.46666955947876 -1.5093154907226562
v -0.08977799862623215 -6.3358473777771 -2.1087892055511475
v -0.08977799862623215 -5.227455139160156 -1.701514720916748
v -0.08977799862623215 -6.3358473777771 -1.827128529548645
v -0.08977799862623215 -5.227455139160156 -1.555680274963379
v -0.08977799862623215 -6.3358473777771 -1.545672059059143
v -0.08977799862623215 -5.227455139160156 -1.4098457098007202
v -0.08977799862623215 -6.3358473777771 -1.4517170190811157
v -0.08977799862623215 -5.227455139160156 -1.3612343072891235
v -0.08977799862623215 -4.46666955947876 -1.2525732517242432
v -0.08977799862623215 -4.46666955947876 -1.3128269910812378
v -0.08977799862623215 -4.46666955947876 -1.376757264137268
v -0.08977799862623215 -4.46666955947876 -1.4376237392425537
v -0.08977799862623215 -6.3358473777771 -1.3577619791030884
v -0.08977799862623215 -5.227455139160156 -1.3126227855682373
v -0.08977799862623215 -6.3358473777771 -1.3109887838363647
v -0.08977799862623215 -5.227455139160156 -1.2883169651031494
v -0.08977799862623215 -4.46666955947876 -1.2341907024383545
v -0.08977799862623215 -4.46666955947876 -1.217237949371338
v 0.00009200000204145908 -4.46666955947876 -1.5093154907226562
v 0.00009200000204145908 -5.227455139160156 -2.014221429824829
v 0.04135049879550934 -4.46666955947876 -1.4758185148239136
v 0.04135049879550934 -5.227455139160156 -1.9490658044815063
v 0.08975774794816971 -4.46666955947876 -1.4376237392425537
v 0.08975774794816971 -5.227455139160156 -1.8473492860794067
v 0.04135049879550934 -6.3358473777771 -2.627992868423462
v 0.08975774794816971 -6.3358473777771 -2.3904500007629395
v 0.08975774794816971 -5.227455139160156 -1.701514720916748
v 0.08975774794816971 -6.3358473777771 -2.1087892055511475
v 0.08975774794816971 -5.227455139160156 -1.555680274963379
v 0.08975774794816971 -6.3358473777771 -1.827128529548645
v 0.08975774794816971 -5.227455139160156 -1.4098457098007202
v 0.08975774794816971 -6.3358473777771 -1.545672059059143
v 0.00009200000204145908 -6.3358473777771 -2.693148612976074
v 0.08975774794816971 -4.46666955947876 -1.4376237392425537
v 0.08975774794816971 -4.46666955947876 -1.376757264137268
v 0.08975774794816971 -4.46666955947876 -1.3128269910812378
v 0.08975774794816971 -4.46666955947876 -1.2525732517242432
v 0.08975774794816971 -4.46666955947876 -1.2341907024383545
v 0.08975774794816971 -5.227455139160156 -1.3612343072891235
v 0.08975774794816971 -4.46666955947876 -1.217237949371338
v 0.08975774794816971 -5.227455139160156 -1.3126227855682373
v 0.08975774794816971 -6.3358473777771 -1.4517170190811157
v 0.08975774794816971 -6.3358473777771 -1.3577619791030884
v 0.08975774794816971 -5.227455139160156 -1.2883169651031494
v 0.08975774794816971 -6.3358473777771 -1.3109887838363647
v 0.12815675139427185 -4.46666955947876 -1.188642978668213
v 0.08975774794816971 -5.227455139160156 -1.2883169651031494
v 0.19045299291610718 -4.46666955947876 -1.149222731590271
v 0.19045299291610718 -5.227455139160156 -1.264011263847351
v 0.08975774794816971 -6.3358473777771 -1.3109887838363647
v 0.19045299291610718 -6.3358473777771 -1.264011263847351
v -0.19047324359416962 -4.46666955947876 -1.149222731590271
v 0.00009200000204145908 -4.46666955947876 -1.1702605485916138
v -0.1281770020723343 -4.46666955947876 -1.188642978668213
v 0.00009200000204145908 -4.46666955947876 -1.20600426197052
v -0.08977799862623215 -4.46666955947876 -1.217237949371338
v 0.00009200000204145908 -4.46666955947876 -1.2145828008651733
v -0.08977799862623215 -4.46666955947876 -1.2341907024383545
v 0.00009200000204145908 -4.46666955947876 -1.234803557395935
v 0.08975774794816971 -4.46666955947876 -1.217237949371338
v 0.08975774794816971 -4.46666955947876 -1.2341907024383545
v 0.00009200000204145908 -4.46666955947876 -1.2562497854232788
v 0.08975774794816971 -4.46666955947876 -1.2525732517242432
v 0.19045299291610718 -4.46666955947876 -1.149222731590271
v 0.12815675139427185 -4.46666955947876 -1.188642978668213
v -0.08977799862623215 -4.46666955947876 -1.2525732517242432
v -0.08977799862623215 -4.46666955947876 -1.3128269910812378
v 0.00009200000204145908 -4.46666955947876 -1.3250819444656372
v -0.08977799862623215 -4.46666955947876 -1.376757264137268
v 0.00009200000204145908 -4.46666955947876 -1.3949354887008667
v 0.08975774794816971 -4.46666955947876 -1.3128269910812378
v 0.08975774794816971 -4.46666955947876 -1.376757264137268
v 0.00009200000204145908 -4.46666955947876 -1.4586615562438965
v 0.08975774794816971 -4.46666955947876 -1.4376237392425537
v 0.00009200000204145908 -4.46666955947876 -1.5093154907226562
v 0.04135049879550934 -4.46666955947876 -1.4758185148239136
v -0.08977799862623215 -4.46666955947876 -1.4376237392425537
v -0.04137074947357178 -4.46666955947876 -1.4758185148239136
v 0.17901499569416046 -11.146254539489746 -0.9490577578544617
v 0.08975774794816971 -11.141514778137207 -1.1994682550430298
v 0.17901499569416046 -10.768627166748047 -0.9490577578544617
v 0.08975774794816971 -10.768627166748047 -1.2037575244903564
v 0.17901499569416046 -9.661025047302246 -0.9490577578544617
v 0.08975774794816971 -11.137564659118652 -1.3886038064956665
v 0.08975774794816971 -10.768627166748047 -1.3973865509033203
v 0.08975774794816971 -11.201556205749512 -1.5375020503997803
v 0.08975774794816971 -10.768627166748047 -1.5305575132369995
v 0.08975774794816971 -11.337438583374023 -1.6743495464324951
v 0.08975774794816971 -10.768627166748047 -1.6639328002929688
v 0.08975774794816971 -11.859639167785645 -2.206624984741211
v 0.08975774794816971 -10.768627166748047 -2.064058542251587
v 0.08975774794816971 -11.877019882202148 -2.495230197906494
v 0.08975774794816971 -10.768627166748047 -2.463979959487915
v 0.08975774794816971 -11.877019882202148 -2.7538106441497803
v 0.08975774794816971 -11.050662994384766 -2.743598222732544
v 0.08975774794816971 -9.661025047302246 -2.411691904067993
v 0.08975774794816971 -9.661025047302246 -2.7942521572113037
v 0.04135049879550934 -11.041182518005371 -3.219909191131592
v 0.04135049879550934 -9.661025047302246 -3.16762113571167
v 0.00009200000204145908 -11.041182518005371 -3.285064935684204
v 0.00009200000204145908 -9.661025047302246 -3.2327771186828613
v 0.04135049879550934 -8.552632331848145 -3.115537405014038
v 0.00009200000204145908 -8.552632331848145 -3.1804890632629395
v 0.08975774794816971 -8.552632331848145 -2.7803633213043213
v 0.08975774794816971 -8.552632331848145 -2.401275157928467
v 0.08975774794816971 -8.552632331848145 -2.0221872329711914
v 0.08975774794816971 -9.661025047302246 -2.0291316509246826
v 0.08975774794816971 -8.552632331848145 -1.643099308013916
v 0.08975774794816971 -9.661025047302246 -1.6465715169906616
v 0.08975774794816971 -8.552632331848145 -1.5166685581207275
v 0.08975774794816971 -9.661025047302246 -1.5191195011138916
v 0.08975774794816971 -9.661025047302246 -1.391463279724121
v 0.08975774794816971 -8.552632331848145 -1.390237808227539
v 0.08975774794816971 -8.552632331848145 -1.2854574918746948
v 0.08975774794816971 -9.661025047302246 -1.2006937265396118
v 0.19045299291610718 -8.552632331848145 -1.18047297000885
v 0.00009200000204145908 -11.041182518005371 -3.285064935684204
v 0.00009200000204145908 -9.661025047302246 -3.2327771186828613
v -0.04137074947357178 -11.041182518005371 -3.219909191131592
v -0.04137074947357178 -9.661025047302246 -3.16762113571167
v -0.08977799862623215 -11.050662994384766 -2.743598222732544
v -0.08977799862623215 -9.661025047302246 -2.7942521572113037
v -0.04137074947357178 -8.552632331848145 -3.115537405014038
v -0.08977799862623215 -8.552632331848145 -2.7803633213043213
v -0.08977799862623215 -9.661025047302246 -2.411691904067993
v -0.08977799862623215 -8.552632331848145 -2.401275157928467
v 0.00009200000204145908 -8.552632331848145 -3.1804890632629395
v -0.08977799862623215 -11.877019882202148 -2.7538106441497803
v -0.08977799862623215 -11.877019882202148 -2.495230197906494
v -0.08977799862623215 -10.768627166748047 -2.463979959487915
v -0.08977799862623215 -11.859639167785645 -2.206624984741211
v -0.08977799862623215 -10.768627166748047 -2.064058542251587
v -0.08977799862623215 -11.337438583374023 -1.6743495464324951
v -0.08977799862623215 -9.661025047302246 -2.0291316509246826
v -0.08977799862623215 -10.768627166748047 -1.6639328002929688
v -0.08977799862623215 -9.661025047302246 -1.6465715169906616
v -0.08977799862623215 -8.552632331848145 -2.0221872329711914
v -0.08977799862623215 -8.552632331848145 -1.643099308013916
v -0.08977799862623215 -11.201556205749512 -1.5375020503997803
v -0.08977799862623215 -10.768627166748047 -1.5305575132369995
v -0.08977799862623215 -11.137564659118652 -1.3886038064956665
v -0.08977799862623215 -9.661025047302246 -1.5191195011138916
v -0.08977799862623215 -8.552632331848145 -1.5166685581207275
v -0.08977799862623215 -9.661025047302246 -1.391463279724121
v -0.08977799862623215 -8.552632331848145 -1.390237808227539
v -0.08977799862623215 -10.768627166748047 -1.3973865509033203
v -0.08977799862623215 -11.141514778137207 -1.1994682550430298
v -0.08977799862623215 -10.768627166748047 -1.2037575244903564
v -0.1790352463722229 -11.146254539489746 -0.9490577578544617
v -0.1790352463722229 -10.768627166748047 -0.9490577578544617
v -0.08977799862623215 -9.661025047302246 -1.2006937265396118
v -0.1790352463722229 -9.661025047302246 -0.9490577578544617
v -0.08977799862623215 -8.552632331848145 -1.2854574918746948
v -0.19047324359416962 -8.552632331848145 -1.18047297000885
v -0.1790352463722229 -11.146254539489746 -0.9490577578544617
v 0.00009200000204145908 -11.162055015563965 -0.9941970109939575
v -0.1790352463722229 -10.768627166748047 -0.9490577578544617
v 0.00009200000204145908 -10.775737762451172 -0.9941970109939575
v 0.17901499569416046 -11.146254539489746 -0.9490577578544617
v 0.17901499569416046 -10.768627166748047 -0.9490577578544617
v 0.00009200000204145908 -9.638114929199219 -0.9941970109939575
v 0.17901499569416046 -9.661025047302246 -0.9490577578544617
v 0.00009200000204145908 -8.552632331848145 -1.2015107870101929
v 0.19045299291610718 -8.552632331848145 -1.18047297000885
v -0.19047324359416962 -8.552632331848145 -1.18047297000885
v -0.1790352463722229 -9.661025047302246 -0.9490577578544617
v 0.08975774794816971 -11.859639167785645 -2.206624984741211
v 0.08975774794816971 -11.337438583374023 -1.6743495464324951
v 0.00009200000204145908 -11.337438583374023 -1.6953872442245483
v 0.00009200000204145908 -11.201556205749512 -1.5585397481918335
v 0.08975774794816971 -11.201556205749512 -1.5375020503997803
v 0.00009200000204145908 -11.137564659118652 -1.4096415042877197
v 0.08975774794816971 -11.137564659118652 -1.3886038064956665
v 0.00009200000204145908 -11.141514778137207 -1.220505952835083
v 0.08975774794816971 -11.141514778137207 -1.1994682550430298
v 0.00009200000204145908 -11.162055015563965 -0.9941970109939575
v 0.17901499569416046 -11.146254539489746 -0.9490577578544617
v -0.1790352463722229 -11.146254539489746 -0.9490577578544617
v -0.08977799862623215 -11.141514778137207 -1.1994682550430298
v -0.08977799862623215 -11.137564659118652 -1.3886038064956665
v -0.08977799862623215 -11.201556205749512 -1.5375020503997803
v -0.08977799862623215 -11.337438583374023 -1.6743495464324951
v 0.00009200000204145908 -11.859639167785645 -2.2276628017425537
v -0.08977799862623215 -11.859639167785645 -2.206624984741211
v 0.08975774794816971 -11.859639167785645 -2.206624984741211
v 0.08975774794816971 -11.877019882202148 -2.495230197906494
v 0.00009200000204145908 -11.859639167785645 -2.2276628017425537
v 0.00009200000204145908 -11.877019882202148 -2.516268014907837
v -0.08977799862623215 -11.859639167785645 -2.206624984741211
v -0.08977799862623215 -11.877019882202148 -2.495230197906494
v 0.00009200000204145908 -11.877019882202148 -2.774848461151123
v -0.08977799862623215 -11.877019882202148 -2.7538106441497803
v 0.08975774794816971 -11.877019882202148 -2.7538106441497803
v -0.1281770020723343 -4.46666955947876 -1.188642978668213
v -0.08977799862623215 -4.46666955947876 -1.217237949371338
v -0.08977799862623215 -5.227455139160156 -1.2883169651031494
v -0.08977799862623215 -5.227455139160156 -1.3126227855682373
v 0.08975774794816971 -11.050662994384766 -2.743598222732544
v 0.08975774794816971 -11.877019882202148 -2.7538106441497803
v 0.00009200000204145908 -11.050662994384766 -2.743598222732544
v 0.00009200000204145908 -11.877019882202148 -2.774848461151123
v -0.08977799862623215 -11.050662994384766 -2.743598222732544
v -0.08977799862623215 -11.877019882202148 -2.7538106441497803
v -0.08977799862623215 -6.3358473777771 -1.3109887838363647
v -0.19047324359416962 -6.3358473777771 -1.264011263847351
v -0.08977799862623215 -5.227455139160156 -1.2883169651031494
v -0.19047324359416962 -5.227455139160156 -1.264011263847351
v -0.1281770020723343 -4.46666955947876 -1.188642978668213
v -0.19047324359416962 -4.46666955947876 -1.149222731590271
v 0.08975774794816971 -4.46666955947876 -1.217237949371338
v 0.12815675139427185 -4.46666955947876 -1.188642978668213
v 0.08975774794816971 -5.227455139160156 -1.3126227855682373
v 0.08975774794816971 -5.227455139160156 -1.2883169651031494
v 0.08975774794816971 -11.886500358581543 2.762981653213501
v 0.04135049879550934 -11.886500358581543 3.2811639308929443
v 0.00009200000204145908 -11.886500358581543 2.7840194702148438
v 0.00009200000204145908 -11.886500358581543 3.3463196754455566
v -0.08977799862623215 -11.886500358581543 2.762981653213501
v -0.04137074947357178 -11.886500358581543 3.2811639308929443
v 0.00009200000204145908 -11.050662994384766 3.294031858444214
v 0.00009200000204145908 -11.886500358581543 3.3463196754455566
v 0.04135049879550934 -11.050662994384766 3.2290802001953125
v 0.04135049879550934 -11.886500358581543 3.2811639308929443
v 0.08975774794816971 -11.06014347076416 2.7527692317962646
v 0.08975774794816971 -11.886500358581543 2.762981653213501
v -0.08977799862623215 -11.06014347076416 2.7527692317962646
v -0.08977799862623215 -11.886500358581543 2.762981653213501
v -0.04137074947357178 -11.050662994384766 3.2290802001953125
v -0.04137074947357178 -11.886500358581543 3.2811639308929443
v 0.00009200000204145908 -11.050662994384766 3.294031858444214
v 0.00009200000204145908 -11.886500358581543 3.3463196754455566
v 0.08975774794816971 -11.06014347076416 2.7527692317962646
v 0.08975774794816971 -11.886500358581543 2.762981653213501
v 0.00009200000204145908 -11.06014347076416 2.7527692317962646
v 0.00009200000204145908 -11.886500358581543 2.7840194702148438
v -0.08977799862623215 -11.06014347076416 2.7527692317962646
v -0.08977799862623215 -11.886500358581543 2.762981653213501
v -0.19047324359416962 -6.3358473777771 1.2639909982681274
v -0.19047324359416962 -5.227455139160156 1.2639909982681274
v 0.00009200000204145908 -6.3358473777771 1.2850286960601807
v 0.00009200000204145908 -5.227455139160156 1.2850286960601807
v 0.19045299291610718 -6.3358473777771 1.2639909982681274
v 0.19045299291610718 -5.227455139160156 1.2639909982681274
v 0.00009200000204145908 -4.46666955947876 1.1702402830123901
v 0.19045299291610718 -4.46666955947876 1.1492024660110474
v -0.19047324359416962 -4.46666955947876 1.1492024660110474
v -0.08977799862623215 -4.46666955947876 1.43760347366333
v -0.04137074947357178 -4.46666955947876 1.47579824924469
v -0.08977799862623215 -5.227455139160156 1.847329020500183
v -0.04137074947357178 -5.227455139160156 1.9490455389022827
v -0.08977799862623215 -6.3358473777771 2.390429735183716
v -0.04137074947357178 -6.3358473777771 2.6279726028442383
v 0.00009200000204145908 -5.227455139160156 2.0142011642456055
v 0.00009200000204145908 -6.3358473777771 2.6931283473968506
v 0.00009200000204145908 -4.46666955947876 1.5092952251434326
v -0.08977799862623215 -6.3358473777771 2.108768939971924
v -0.08977799862623215 -5.227455139160156 1.7014944553375244
v -0.08977799862623215 -6.3358473777771 1.8271082639694214
v -0.08977799862623215 -5.227455139160156 1.5556600093841553
v -0.08977799862623215 -4.46666955947876 1.3767369985580444
v -0.08977799862623215 -4.46666955947876 1.3130110502243042
v -0.08977799862623215 -5.227455139160156 1.4098254442214966
v -0.08977799862623215 -4.46666955947876 1.2525529861450195
v -0.08977799862623215 -5.227455139160156 1.3612140417099
v -0.08977799862623215 -6.3358473777771 1.451696753501892
v -0.08977799862623215 -6.3358473777771 1.3577417135238647
v -0.08977799862623215 -4.46666955947876 1.43760347366333
v -0.08977799862623215 -6.3358473777771 1.5456517934799194
v -0.08977799862623215 -4.46666955947876 1.2341705560684204
v -0.08977799862623215 -5.227455139160156 1.3126025199890137
v -0.08977799862623215 -4.46666955947876 1.2172178030014038
v -0.08977799862623215 -6.3358473777771 1.3109685182571411
v -0.08977799862623215 -5.227455139160156 1.2882966995239258
v 0.00009200000204145908 -4.46666955947876 1.5092952251434326
v 0.00009200000204145908 -5.227455139160156 2.0142011642456055
v 0.04135049879550934 -4.46666955947876 1.47579824924469
v 0.04135049879550934 -5.227455139160156 1.9490455389022827
v 0.08975774794816971 -4.46666955947876 1.43760347366333
v 0.08975774794816971 -5.227455139160156 1.847329020500183
v 0.04135049879550934 -6.3358473777771 2.6279726028442383
v 0.08975774794816971 -6.3358473777771 2.390429735183716
v 0.08975774794816971 -5.227455139160156 1.7014944553375244
v 0.08975774794816971 -6.3358473777771 2.108768939971924
v 0.08975774794816971 -5.227455139160156 1.5556600093841553
v 0.08975774794816971 -6.3358473777771 1.8271082639694214
v 0.08975774794816971 -5.227455139160156 1.4098254442214966
v 0.08975774794816971 -6.3358473777771 1.5456517934799194
v 0.08975774794816971 -5.227455139160156 1.3612140417099
v 0.08975774794816971 -6.3358473777771 1.451696753501892
v 0.08975774794816971 -5.227455139160156 1.3126025199890137
v 0.08975774794816971 -6.3358473777771 1.3577417135238647
v 0.08975774794816971 -5.227455139160156 1.2882966995239258
v 0.08975774794816971 -6.3358473777771 1.3109685182571411
v 0.00009200000204145908 -6.3358473777771 2.6931283473968506
v 0.08975774794816971 -4.46666955947876 1.2172178030014038
v 0.08975774794816971 -4.46666955947876 1.2341705560684204
v 0.08975774794816971 -4.46666955947876 1.2525529861450195
v 0.08975774794816971 -4.46666955947876 1.3130110502243042
v 0.08975774794816971 -4.46666955947876 1.3767369985580444
v 0.08975774794816971 -4.46666955947876 1.43760347366333
v 0.12815675139427185 -4.46666955947876 1.1886227130889893
v 0.08975774794816971 -5.227455139160156 1.2882966995239258
v 0.19045299291610718 -4.46666955947876 1.1492024660110474
v 0.19045299291610718 -5.227455139160156 1.2639909982681274
v 0.08975774794816971 -6.3358473777771 1.3109685182571411
v 0.19045299291610718 -6.3358473777771 1.2639909982681274
v -0.19047324359416962 -4.46666955947876 1.1492024660110474
v 0.00009200000204145908 -4.46666955947876 1.1702402830123901
v -0.1281770020723343 -4.46666955947876 1.1886227130889893
v 0.00009200000204145908 -4.46666955947876 1.2059839963912964
v -0.08977799862623215 -4.46666955947876 1.2172178030014038
v 0.00009200000204145908 -4.46666955947876 1.2145625352859497
v -0.08977799862623215 -4.46666955947876 1.2341705560684204
v 0.00009200000204145908 -4.46666955947876 1.2347832918167114
v -0.08977799862623215 -4.46666955947876 1.2525529861450195
v 0.00009200000204145908 -4.46666955947876 1.2562295198440552
v 0.08975774794816971 -4.46666955947876 1.2341705560684204
v 0.08975774794816971 -4.46666955947876 1.2172178030014038
v 0.12815675139427185 -4.46666955947876 1.1886227130889893
v 0.19045299291610718 -4.46666955947876 1.1492024660110474
v -0.08977799862623215 -4.46666955947876 1.3130110502243042
v 0.00009200000204145908 -4.46666955947876 1.3250617980957031
v -0.08977799862623215 -4.46666955947876 1.3767369985580444
v 0.00009200000204145908 -4.46666955947876 1.394915223121643
v -0.08977799862623215 -4.46666955947876 1.43760347366333
v 0.00009200000204145908 -4.46666955947876 1.4586412906646729
v -0.04137074947357178 -4.46666955947876 1.47579824924469
v 0.08975774794816971 -4.46666955947876 1.2525529861450195
v 0.08975774794816971 -4.46666955947876 1.3130110502243042
v 0.08975774794816971 -4.46666955947876 1.3767369985580444
v 0.08975774794816971 -4.46666955947876 1.43760347366333
v 0.00009200000204145908 -4.46666955947876 1.5092952251434326
v 0.04135049879550934 -4.46666955947876 1.47579824924469
v 0.17901499569416046 -11.146254539489746 0.949037492275238
v 0.17901499569416046 -10.768627166748047 0.949037492275238
v 0.08975774794816971 -11.141514778137207 1.1994479894638062
v 0.08975774794816971 -10.768627166748047 1.2037372589111328
v 0.08975774794816971 -11.137564659118652 1.3885835409164429
v 0.08975774794816971 -10.768627166748047 1.3973662853240967
v 0.08975774794816971 -11.201556205749512 1.5374817848205566
v 0.08975774794816971 -10.768627166748047 1.5305372476577759
v 0.08975774794816971 -11.337438583374023 1.6743292808532715
v 0.08975774794816971 -10.768627166748047 1.6639125347137451
v 0.08975774794816971 -11.859639167785645 2.2066047191619873
v 0.08975774794816971 -10.768627166748047 2.0640382766723633
v 0.08975774794816971 -11.877019882202148 2.4952099323272705
v 0.08975774794816971 -10.768627166748047 2.4639596939086914
v 0.08975774794816971 -11.877019882202148 2.7537906169891357
v 0.08975774794816971 -11.050662994384766 2.7435779571533203
v 0.08975774794816971 -9.661025047302246 2.4116716384887695
v 0.08975774794816971 -9.661025047302246 2.029111385345459
v 0.08975774794816971 -9.661025047302246 1.646551251411438
v 0.08975774794816971 -9.661025047302246 1.519099235534668
v 0.08975774794816971 -9.661025047302246 1.3914430141448975
v 0.08975774794816971 -9.661025047302246 1.2006734609603882
v 0.17901499569416046 -9.661025047302246 0.949037492275238
v 0.19045299291610718 -8.552632331848145 1.1804527044296265
v 0.08975774794816971 -8.552632331848145 1.2854372262954712
v 0.08975774794816971 -8.552632331848145 1.3902175426483154
v 0.08975774794816971 -8.552632331848145 1.516648292541504
v 0.08975774794816971 -8.552632331848145 1.6430790424346924
v 0.08975774794816971 -8.552632331848145 2.0221669673919678
v 0.08975774794816971 -8.552632331848145 2.401254892349243
v 0.08975774794816971 -9.661025047302246 2.79423189163208
v 0.04135049879550934 -11.041182518005371 3.219888925552368
v 0.04135049879550934 -9.661025047302246 3.1676011085510254
v 0.00009200000204145908 -11.041182518005371 3.2850446701049805
v 0.00009200000204145908 -9.661025047302246 3.2327568531036377
v 0.04135049879550934 -8.552632331848145 3.1155171394348145
v 0.00009200000204145908 -8.552632331848145 3.180468797683716
v 0.08975774794816971 -8.552632331848145 2.7803430557250977
v 0.00009200000204145908 -11.041182518005371 3.2850446701049805
v -0.04137074947357178 -11.041182518005371 3.219888925552368
v 0.00009200000204145908 -9.661025047302246 3.2327568531036377
v -0.04137074947357178 -9.661025047302246 3.1676011085510254
v 0.00009200000204145908 -8.552632331848145 3.180468797683716
v -0.04137074947357178 -8.552632331848145 3.1155171394348145
v -0.08977799862623215 -9.661025047302246 2.79423189163208
v -0.08977799862623215 -8.552632331848145 2.7803430557250977
v -0.08977799862623215 -9.661025047302246 2.4116716384887695
v -0.08977799862623215 -8.552632331848145 2.401254892349243
v -0.08977799862623215 -11.050662994384766 2.7435779571533203
v -0.08977799862623215 -10.768627166748047 2.4639596939086914
v -0.08977799862623215 -10.768627166748047 2.0640382766723633
v -0.08977799862623215 -11.859639167785645 2.2066047191619873
v -0.08977799862623215 -11.337438583374023 1.6743292808532715
v -0.08977799862623215 -10.768627166748047 1.6639125347137451
v -0.08977799862623215 -11.201556205749512 1.5374817848205566
v -0.08977799862623215 -10.768627166748047 1.5305372476577759
v -0.08977799862623215 -11.137564659118652 1.3885835409164429
v -0.08977799862623215 -10.768627166748047 1.3973662853240967
v -0.08977799862623215 -11.141514778137207 1.1994479894638062
v -0.08977799862623215 -10.768627166748047 1.2037372589111328
v -0.1790352463722229 -11.146254539489746 0.949037492275238
v -0.1790352463722229 -10.768627166748047 0.949037492275238
v -0.08977799862623215 -9.661025047302246 1.2006734609603882
v -0.1790352463722229 -9.661025047302246 0.949037492275238
v -0.08977799862623215 -8.552632331848145 1.2854372262954712
v -0.19047324359416962 -8.552632331848145 1.1804527044296265
v -0.08977799862623215 -11.877019882202148 2.7537906169891357
v -0.08977799862623215 -11.877019882202148 2.4952099323272705
v -0.08977799862623215 -8.552632331848145 1.3902175426483154
v -0.08977799862623215 -9.661025047302246 1.3914430141448975
v -0.08977799862623215 -9.661025047302246 1.519099235534668
v -0.08977799862623215 -9.661025047302246 1.646551251411438
v -0.08977799862623215 -9.661025047302246 2.029111385345459
v -0.08977799862623215 -8.552632331848145 2.0221669673919678
v -0.08977799862623215 -8.552632331848145 1.6430790424346924
v -0.08977799862623215 -8.552632331848145 1.516648292541504
v -0.1790352463722229 -11.146254539489746 0.949037492275238
v -0.1790352463722229 -10.768627166748047 0.949037492275238
v 0.00009200000204145908 -11.162055015563965 0.9941767454147339
v 0.00009200000204145908 -10.775737762451172 0.9941767454147339
v 0.17901499569416046 -11.146254539489746 0.949037492275238
v 0.17901499569416046 -10.768627166748047 0.949037492275238
v 0.00009200000204145908 -9.638114929199219 0.9941767454147339
v 0.17901499569416046 -9.661025047302246 0.949037492275238
v 0.00009200000204145908 -8.552632331848145 1.2014905214309692
v 0.19045299291610718 -8.552632331848145 1.1804527044296265
v -0.1790352463722229 -9.661025047302246 0.949037492275238
v -0.19047324359416962 -8.552632331848145 1.1804527044296265
v 0.17901499569416046 -11.146254539489746 0.949037492275238
v 0.00009200000204145908 -11.162055015563965 0.9941767454147339
v 0.08975774794816971 -11.141514778137207 1.1994479894638062
v 0.00009200000204145908 -11.141514778137207 1.220485806465149
v 0.08975774794816971 -11.137564659118652 1.3885835409164429
v 0.00009200000204145908 -11.137564659118652 1.409621238708496
v 0.08975774794816971 -11.201556205749512 1.5374817848205566
v 0.00009200000204145908 -11.201556205749512 1.5585194826126099
v 0.08975774794816971 -11.337438583374023 1.6743292808532715
v -0.1790352463722229 -11.146254539489746 0.949037492275238
v -0.08977799862623215 -11.141514778137207 1.1994479894638062
v -0.08977799862623215 -11.137564659118652 1.3885835409164429
v -0.08977799862623215 -11.201556205749512 1.5374817848205566
v 0.00009200000204145908 -11.337438583374023 1.6953669786453247
v -0.08977799862623215 -11.337438583374023 1.6743292808532715
v 0.00009200000204145908 -11.859639167785645 2.22764253616333
v -0.08977799862623215 -11.859639167785645 2.2066047191619873
v 0.08975774794816971 -11.859639167785645 2.2066047191619873
v 0.08975774794816971 -11.859639167785645 2.2066047191619873
v 0.00009200000204145908 -11.859639167785645 2.22764253616333
v 0.08975774794816971 -11.877019882202148 2.4952099323272705
v 0.00009200000204145908 -11.877019882202148 2.5162477493286133
v 0.08975774794816971 -11.877019882202148 2.7537906169891357
v 0.00009200000204145908 -11.877019882202148 2.7748281955718994
v -0.08977799862623215 -11.877019882202148 2.4952099323272705
v -0.08977799862623215 -11.877019882202148 2.7537906169891357
v -0.08977799862623215 -11.859639167785645 2.2066047191619873
v -0.08977799862623215 -5.227455139160156 1.3126025199890137
v -0.08977799862623215 -4.46666955947876 1.2172178030014038
v -0.08977799862623215 -5.227455139160156 1.2882966995239258
v -0.1281770020723343 -4.46666955947876 1.1886227130889893
v 0.08975774794816971 -11.050662994384766 2.7435779571533203
v 0.00009200000204145908 -11.050662994384766 2.7435779571533203
v 0.08975774794816971 -11.877019882202148 2.7537906169891357
v 0.00009200000204145908 -11.877019882202148 2.7748281955718994
v -0.08977799862623215 -11.050662994384766 2.7435779571533203
v -0.08977799862623215 -11.877019882202148 2.7537906169891357
v -0.08977799862623215 -6.3358473777771 1.3109685182571411
v -0.19047324359416962 -6.3358473777771 1.2639909982681274
v -0.08977799862623215 -5.227455139160156 1.2882966995239258
v -0.19047324359416962 -5.227455139160156 1.2639909982681274
v -0.1281770020723343 -4.46666955947876 1.1886227130889893
v -0.19047324359416962 -4.46666955947876 1.1492024660110474
v 0.08975774794816971 -5.227455139160156 1.2882966995239258
v 0.08975774794816971 -5.227455139160156 1.3126025199890137
v 0.12815675139427185 -4.46666955947876 1.1886227130889893
v 0.08975774794816971 -4.46666955947876 1.2172178030014038
v 2.762981653213501 -11.886500358581543 0.08975774794816971
v 3.2811639308929443 -11.886500358581543 0.04135049879550934
v 2.7840194702148438 -11.886500358581543 0.00009200000204145908
v 3.3463196754455566 -11.886500358581543 0.00009200000204145908
v 2.762981653213501 -11.886500358581543 -0.08977799862623215
v 3.2811639308929443 -11.886500358581543 -0.04137074947357178
v 3.294031858444214 -11.050662994384766 0.00009200000204145908
v 3.3463196754455566 -11.886500358581543 0.00009200000204145908
v 3.2290802001953125 -11.050662994384766 0.04135049879550934
v 3.2811639308929443 -11.886500358581543 0.04135049879550934
v 2.7527692317962646 -11.06014347076416 0.08975774794816971
v 2.762981653213501 -11.886500358581543 0.08975774794816971
v 2.7527692317962646 -11.06014347076416 -0.08977799862623215
v 2.762981653213501 -11.886500358581543 -0.08977799862623215
v 3.2290802001953125 -11.050662994384766 -0.04137074947357178
v 3.2811639308929443 -11.886500358581543 -0.04137074947357178
v 3.294031858444214 -11.050662994384766 0.00009200000204145908
v 3.3463196754455566 -11.886500358581543 0.00009200000204145908
v 2.7527692317962646 -11.06014347076416 0.08975774794816971
v 2.762981653213501 -11.886500358581543 0.08975774794816971
v 2.7527692317962646 -11.06014347076416 0.00009200000204145908
v 2.7840194702148438 -11.886500358581543 0.00009200000204145908
v 2.7527692317962646 -11.06014347076416 -0.08977799862623215
v 2.762981653213501 -11.886500358581543 -0.08977799862623215
v 1.1492024660110474 -4.46666955947876 0.19045299291610718
v 1.2639909982681274 -5.227455139160156 0.19045299291610718
v 1.1702402830123901 -4.46666955947876 0.00009200000204145908
v 1.2850286960601807 -5.227455139160156 0.00009200000204145908
v 1.1492024660110474 -4.46666955947876 -0.19047324359416962
v 1.2639909982681274 -5.227455139160156 -0.19047324359416962
v 1.2850286960601807 -6.3358473777771 0.00009200000204145908
v 1.2639909982681274 -6.3358473777771 -0.19047324359416962
v 1.2639909982681274 -6.3358473777771 0.19045299291610718
v 1.43760347366333 -4.46666955947876 -0.08977799862623215
v 1.47579824924469 -4.46666955947876 -0.04137074947357178
v 1.847329020500183 -5.227455139160156 -0.08977799862623215
v 1.9490455389022827 -5.227455139160156 -0.04137074947357178
v 2.390429735183716 -6.3358473777771 -0.08977799862623215
v 2.6279726028442383 -6.3358473777771 -0.04137074947357178
v 2.0142011642456055 -5.227455139160156 0.00009200000204145908
v 2.6931283473968506 -6.3358473777771 0.00009200000204145908
v 1.5092952251434326 -4.46666955947876 0.00009200000204145908
v 2.108768939971924 -6.3358473777771 -0.08977799862623215
v 1.7014944553375244 -5.227455139160156 -0.08977799862623215
v 1.8271082639694214 -6.3358473777771 -0.08977799862623215
v 1.5556600093841553 -5.227455139160156 -0.08977799862623215
v 1.5456517934799194 -6.3358473777771 -0.08977799862623215
v 1.4098254442214966 -5.227455139160156 -0.08977799862623215
v 1.451696753501892 -6.3358473777771 -0.08977799862623215
v 1.3612140417099 -5.227455139160156 -0.08977799862623215
v 1.2525529861450195 -4.46666955947876 -0.08977799862623215
v 1.3130110502243042 -4.46666955947876 -0.08977799862623215
v 1.3767369985580444 -4.46666955947876 -0.08977799862623215
v 1.43760347366333 -4.46666955947876 -0.08977799862623215
v 1.3577417135238647 -6.3358473777771 -0.08977799862623215
v 1.3126025199890137 -5.227455139160156 -0.08977799862623215
v 1.3109685182571411 -6.3358473777771 -0.08977799862623215
v 1.2882966995239258 -5.227455139160156 -0.08977799862623215
v 1.2341705560684204 -4.46666955947876 -0.08977799862623215
v 1.2172178030014038 -4.46666955947876 -0.08977799862623215
v 1.5092952251434326 -4.46666955947876 0.00009200000204145908
v 2.0142011642456055 -5.227455139160156 0.00009200000204145908
v 1.47579824924469 -4.46666955947876 0.04135049879550934
v 1.9490455389022827 -5.227455139160156 0.04135049879550934
v 1.43760347366333 -4.46666955947876 0.08975774794816971
v 1.847329020500183 -5.227455139160156 0.08975774794816971
v 2.6279726028442383 -6.3358473777771 0.04135049879550934
v 2.390429735183716 -6.3358473777771 0.08975774794816971
v 1.7014944553375244 -5.227455139160156 0.08975774794816971
v 2.108768939971924 -6.3358473777771 0.08975774794816971
v 1.5556600093841553 -5.227455139160156 0.08975774794816971
v 1.8271082639694214 -6.3358473777771 0.08975774794816971
v 1.4098254442214966 -5.227455139160156 0.08975774794816971
v 1.5456517934799194 -6.3358473777771 0.08975774794816971
v 2.6931283473968506 -6.3358473777771 0.00009200000204145908
v 1.43760347366333 -4.46666955947876 0.08975774794816971
v 1.3767369985580444 -4.46666955947876 0.08975774794816971
v 1.3130110502243042 -4.46666955947876 0.08975774794816971
v 1.2525529861450195 -4.46666955947876 0.08975774794816971
v 1.2341705560684204 -4.46666955947876 0.08975774794816971
v 1.3612140417099 -5.227455139160156 0.08975774794816971
v 1.2172178030014038 -4.46666955947876 0.08975774794816971
v 1.3126025199890137 -5.227455139160156 0.08975774794816971
v 1.451696753501892 -6.3358473777771 0.08975774794816971
v 1.3577417135238647 -6.3358473777771 0.08975774794816971
v 1.2882966995239258 -5.227455139160156 0.08975774794816971
v 1.3109685182571411 -6.3358473777771 0.08975774794816971
v 1.1886227130889893 -4.46666955947876 0.12815675139427185
v 1.2882966995239258 -5.227455139160156 0.08975774794816971
v 1.1492024660110474 -4.46666955947876 0.19045299291610718
v 1.2639909982681274 -5.227455139160156 0.19045299291610718
v 1.3109685182571411 -6.3358473777771 0.08975774794816971
v 1.2639909982681274 -6.3358473777771 0.19045299291610718
v 1.1492024660110474 -4.46666955947876 -0.19047324359416962
v 1.1702402830123901 -4.46666955947876 0.00009200000204145908
v 1.1886227130889893 -4.46666955947876 -0.1281770020723343
v 1.2059839963912964 -4.46666955947876 0.00009200000204145908
v 1.2172178030014038 -4.46666955947876 -0.08977799862623215
v 1.2145625352859497 -4.46666955947876 0.00009200000204145908
v 1.2341705560684204 -4.46666955947876 -0.08977799862623215
v 1.2347832918167114 -4.46666955947876 0.00009200000204145908
v 1.2172178030014038 -4.46666955947876 0.08975774794816971
v 1.2341705560684204 -4.46666955947876 0.08975774794816971
v 1.2562295198440552 -4.46666955947876 0.00009200000204145908
v 1.2525529861450195 -4.46666955947876 0.08975774794816971
v 1.1492024660110474 -4.46666955947876 0.19045299291610718
v 1.1886227130889893 -4.46666955947876 0.12815675139427185
v 1.2525529861450195 -4.46666955947876 -0.08977799862623215
v 1.3130110502243042 -4.46666955947876 -0.08977799862623215
v 1.3250617980957031 -4.46666955947876 0.00009200000204145908
v 1.3767369985580444 -4.46666955947876 -0.08977799862623215
v 1.394915223121643 -4.46666955947876 0.00009200000204145908
v 1.3130110502243042 -4.46666955947876 0.08975774794816971
v 1.3767369985580444 -4.46666955947876 0.08975774794816971
v 1.4586412906646729 -4.46666955947876 0.00009200000204145908
v 1.43760347366333 -4.46666955947876 0.08975774794816971
v 1.5092952251434326 -4.46666955947876 0.00009200000204145908
v 1.47579824924469 -4.46666955947876 0.04135049879550934
v 1.43760347366333 -4.46666955947876 -0.08977799862623215
v 1.47579824924469 -4.46666955947876 -0.04137074947357178
v 0.949037492275238 -11.146254539489746 0.17901499569416046
v 1.1994479894638062 -11.141514778137207 0.08975774794816971
v 0.949037492275238 -10.768627166748047 0.17901499569416046
v 1.2037372589111328 -10.768627166748047 0.08975774794816971
v 0.949037492275238 -9.661025047302246 0.17901499569416046
v 1.3885835409164429 -11.137564659118652 0.08975774794816971
v 1.3973662853240967 -10.768627166748047 0.08975774794816971
v 1.5374817848205566 -11.201556205749512 0.08975774794816971
v 1.5305372476577759 -10.768627166748047 0.08975774794816971
v 1.6743292808532715 -11.337438583374023 0.08975774794816971
v 1.6639125347137451 -10.768627166748047 0.08975774794816971
v 2.2066047191619873 -11.859639167785645 0.08975774794816971
v 2.0640382766723633 -10.768627166748047 0.08975774794816971
v 2.4952099323272705 -11.877019882202148 0.08975774794816971
v 2.4639596939086914 -10.768627166748047 0.08975774794816971
v 2.7537906169891357 -11.877019882202148 0.08975774794816971
v 2.7435779571533203 -11.050662994384766 0.08975774794816971
v 2.4116716384887695 -9.661025047302246 0.08975774794816971
v 2.79423189163208 -9.661025047302246 0.08975774794816971
v 3.219888925552368 -11.041182518005371 0.04135049879550934
v 3.1676011085510254 -9.661025047302246 0.04135049879550934
v 3.2850446701049805 -11.041182518005371 0.00009200000204145908
v 3.2327568531036377 -9.661025047302246 0.00009200000204145908
v 3.1155171394348145 -8.552632331848145 0.04135049879550934
v 3.180468797683716 -8.552632331848145 0.00009200000204145908
v 2.7803430557250977 -8.552632331848145 0.08975774794816971
v 2.401254892349243 -8.552632331848145 0.08975774794816971
v 2.0221669673919678 -8.552632331848145 0.08975774794816971
v 2.029111385345459 -9.661025047302246 0.08975774794816971
v 1.6430790424346924 -8.552632331848145 0.08975774794816971
v 1.646551251411438 -9.661025047302246 0.08975774794816971
v 1.516648292541504 -8.552632331848145 0.08975774794816971
v 1.519099235534668 -9.661025047302246 0.08975774794816971
v 1.3914430141448975 -9.661025047302246 0.08975774794816971
v 1.3902175426483154 -8.552632331848145 0.08975774794816971
v 1.2854372262954712 -8.552632331848145 0.08975774794816971
v 1.2006734609603882 -9.661025047302246 0.08975774794816971
v 1.1804527044296265 -8.552632331848145 0.19045299291610718
v 3.2850446701049805 -11.041182518005371 0.00009200000204145908
v 3.2327568531036377 -9.661025047302246 0.00009200000204145908
v 3.219888925552368 -11.041182518005371 -0.04137074947357178
v 3.1676011085510254 -9.661025047302246 -0.04137074947357178
v 2.7435779571533203 -11.050662994384766 -0.08977799862623215
v 2.79423189163208 -9.661025047302246 -0.08977799862623215
v 3.1155171394348145 -8.552632331848145 -0.04137074947357178
v 2.7803430557250977 -8.552632331848145 -0.08977799862623215
v 2.4116716384887695 -9.661025047302246 -0.08977799862623215
v 2.401254892349243 -8.552632331848145 -0.08977799862623215
v 3.180468797683716 -8.552632331848145 0.00009200000204145908
v 2.7537906169891357 -11.877019882202148 -0.08977799862623215
v 2.4952099323272705 -11.877019882202148 -0.08977799862623215
v 2.4639596939086914 -10.768627166748047 -0.08977799862623215
v 2.2066047191619873 -11.859639167785645 -0.08977799862623215
v 2.0640382766723633 -10.768627166748047 -0.08977799862623215
v 1.6743292808532715 -11.337438583374023 -0.08977799862623215
v 2.029111385345459 -9.661025047302246 -0.08977799862623215
v 1.6639125347137451 -10.768627166748047 -0.08977799862623215
v 1.646551251411438 -9.661025047302246 -0.08977799862623215
v 2.0221669673919678 -8.552632331848145 -0.08977799862623215
v 1.6430790424346924 -8.552632331848145 -0.08977799862623215
v 1.5374817848205566 -11.201556205749512 -0.08977799862623215
v 1.5305372476577759 -10.768627166748047 -0.08977799862623215
v 1.3885835409164429 -11.137564659118652 -0.08977799862623215
v 1.519099235534668 -9.661025047302246 -0.08977799862623215
v 1.516648292541504 -8.552632331848145 -0.08977799862623215
v 1.3914430141448975 -9.661025047302246 -0.08977799862623215
v 1.3902175426483154 -8.552632331848145 -0.08977799862623215
v 1.3973662853240967 -10.768627166748047 -0.08977799862623215
v 1.1994479894638062 -11.141514778137207 -0.08977799862623215
v 1.2037372589111328 -10.768627166748047 -0.08977799862623215
v 0.949037492275238 -11.146254539489746 -0.1790352463722229
v 0.949037492275238 -10.768627166748047 -0.1790352463722229
v 1.2006734609603882 -9.661025047302246 -0.08977799862623215
v 0.949037492275238 -9.661025047302246 -0.1790352463722229
v 1.2854372262954712 -8.552632331848145 -0.08977799862623215
v 1.1804527044296265 -8.552632331848145 -0.19047324359416962
v 0.949037492275238 -11.146254539489746 -0.1790352463722229
v 0.9941767454147339 -11.162055015563965 0.00009200000204145908
v 0.949037492275238 -10.768627166748047 -0.1790352463722229
v 0.9941767454147339 -10.775737762451172 0.00009200000204145908
v 0.949037492275238 -11.146254539489746 0.17901499569416046
v 0.949037492275238 -10.768627166748047 0.17901499569416046
v 0.9941767454147339 -9.638114929199219 0.00009200000204145908
v 0.949037492275238 -9.661025047302246 0.17901499569416046
v 1.2014905214309692 -8.552632331848145 0.00009200000204145908
v 1.1804527044296265 -8.552632331848145 0.19045299291610718
v 1.1804527044296265 -8.552632331848145 -0.19047324359416962
v 0.949037492275238 -9.661025047302246 -0.1790352463722229
v 2.2066047191619873 -11.859639167785645 0.08975774794816971
v 1.6743292808532715 -11.337438583374023 0.08975774794816971
v 1.6953669786453247 -11.337438583374023 0.00009200000204145908
v 1.5585194826126099 -11.201556205749512 0.00009200000204145908
v 1.5374817848205566 -11.201556205749512 0.08975774794816971
v 1.409621238708496 -11.137564659118652 0.00009200000204145908
v 1.3885835409164429 -11.137564659118652 0.08975774794816971
v 1.220485806465149 -11.141514778137207 0.00009200000204145908
v 1.1994479894638062 -11.141514778137207 0.08975774794816971
v 0.9941767454147339 -11.162055015563965 0.00009200000204145908
v 0.949037492275238 -11.146254539489746 0.17901499569416046
v 0.949037492275238 -11.146254539489746 -0.1790352463722229
v 1.1994479894638062 -11.141514778137207 -0.08977799862623215
v 1.3885835409164429 -11.137564659118652 -0.08977799862623215
v 1.5374817848205566 -11.201556205749512 -0.08977799862623215
v 1.6743292808532715 -11.337438583374023 -0.08977799862623215
v 2.22764253616333 -11.859639167785645 0.00009200000204145908
v 2.2066047191619873 -11.859639167785645 -0.08977799862623215
v 2.2066047191619873 -11.859639167785645 0.08975774794816971
v 2.4952099323272705 -11.877019882202148 0.08975774794816971
v 2.22764253616333 -11.859639167785645 0.00009200000204145908
v 2.5162477493286133 -11.877019882202148 0.00009200000204145908
v 2.2066047191619873 -11.859639167785645 -0.08977799862623215
v 2.4952099323272705 -11.877019882202148 -0.08977799862623215
v 2.7748281955718994 -11.877019882202148 0.00009200000204145908
v 2.7537906169891357 -11.877019882202148 -0.08977799862623215
v 2.7537906169891357 -11.877019882202148 0.08975774794816971
v 1.1886227130889893 -4.46666955947876 -0.1281770020723343
v 1.2172178030014038 -4.46666955947876 -0.08977799862623215
v 1.2882966995239258 -5.227455139160156 -0.08977799862623215
v 1.3126025199890137 -5.227455139160156 -0.08977799862623215
v 2.7435779571533203 -11.050662994384766 0.08975774794816971
v 2.7537906169891357 -11.877019882202148 0.08975774794816971
v 2.7435779571533203 -11.050662994384766 0.00009200000204145908
v 2.7748281955718994 -11.877019882202148 0.00009200000204145908
v 2.7435779571533203 -11.050662994384766 -0.08977799862623215
v 2.7537906169891357 -11.877019882202148 -0.08977799862623215
v 1.3109685182571411 -6.3358473777771 -0.08977799862623215
v 1.2639909982681274 -6.3358473777771 -0.19047324359416962
v 1.2882966995239258 -5.227455139160156 -0.08977799862623215
v 1.2639909982681274 -5.227455139160156 -0.19047324359416962
v 1.1886227130889893 -4.46666955947876 -0.1281770020723343
v 1.1492024660110474 -4.46666955947876 -0.19047324359416962
v 1.2172178030014038 -4.46666955947876 0.08975774794816971
v 1.1886227130889893 -4.46666955947876 0.12815675139427185
v 1.3126025199890137 -5.227455139160156 0.08975774794816971
v 1.2882966995239258 -5.227455139160156 0.08975774794816971
v -2.7630019187927246 -11.886500358581543 0.08975774794816971
v -3.281184196472168 -11.886500358581543 0.04135049879550934
v -2.7840397357940674 -11.886500358581543 0.00009200000204145908
v -3.3463399410247803 -11.886500358581543 0.00009200000204145908
v -2.7630019187927246 -11.886500358581543 -0.08977799862623215
v -3.281184196472168 -11.886500358581543 -0.04137074947357178
v -3.2940518856048584 -11.050662994384766 0.00009200000204145908
v -3.3463399410247803 -11.886500358581543 0.00009200000204145908
v -3.229100465774536 -11.050662994384766 0.04135049879550934
v -3.281184196472168 -11.886500358581543 0.04135049879550934
v -2.7527894973754883 -11.06014347076416 0.08975774794816971
v -2.7630019187927246 -11.886500358581543 0.08975774794816971
v -2.7527894973754883 -11.06014347076416 -0.08977799862623215
v -2.7630019187927246 -11.886500358581543 -0.08977799862623215
v -3.229100465774536 -11.050662994384766 -0.04137074947357178
v -3.281184196472168 -11.886500358581543 -0.04137074947357178
v -3.2940518856048584 -11.050662994384766 0.00009200000204145908
v -3.3463399410247803 -11.886500358581543 0.00009200000204145908
v -2.7527894973754883 -11.06014347076416 0.08975774794816971
v -2.7630019187927246 -11.886500358581543 0.08975774794816971
v -2.7527894973754883 -11.06014347076416 0.00009200000204145908
v -2.7840397357940674 -11.886500358581543 0.00009200000204145908
v -2.7527894973754883 -11.06014347076416 -0.08977799862623215
v -2.7630019187927246 -11.886500358581543 -0.08977799862623215
v -1.264011263847351 -6.3358473777771 -0.19047324359416962
v -1.264011263847351 -5.227455139160156 -0.19047324359416962
v -1.2850489616394043 -6.3358473777771 0.00009200000204145908
v -1.2850489616394043 -5.227455139160156 0.00009200000204145908
v -1.264011263847351 -6.3358473777771 0.19045299291610718
v -1.264011263847351 -5.227455139160156 0.19045299291610718
v -1.1702605485916138 -4.46666955947876 0.00009200000204145908
v -1.149222731590271 -4.46666955947876 0.19045299291610718
v -1.149222731590271 -4.46666955947876 -0.19047324359416962
v -1.4376237392425537 -4.46666955947876 -0.08977799862623215
v -1.4758185148239136 -4.46666955947876 -0.04137074947357178
v -1.8473492860794067 -5.227455139160156 -0.08977799862623215
v -1.9490658044815063 -5.227455139160156 -0.04137074947357178
v -2.3904500007629395 -6.3358473777771 -0.08977799862623215
v -2.627992868423462 -6.3358473777771 -0.04137074947357178
v -2.014221429824829 -5.227455139160156 0.00009200000204145908
v -2.693148612976074 -6.3358473777771 0.00009200000204145908
v -1.5093154907226562 -4.46666955947876 0.00009200000204145908
v -2.1087892055511475 -6.3358473777771 -0.08977799862623215
v -1.701514720916748 -5.227455139160156 -0.08977799862623215
v -1.827128529548645 -6.3358473777771 -0.08977799862623215
v -1.555680274963379 -5.227455139160156 -0.08977799862623215
v -1.376757264137268 -4.46666955947876 -0.08977799862623215
v -1.3128269910812378 -4.46666955947876 -0.08977799862623215
v -1.4098457098007202 -5.227455139160156 -0.08977799862623215
v -1.2525732517242432 -4.46666955947876 -0.08977799862623215
v -1.3612343072891235 -5.227455139160156 -0.08977799862623215
v -1.4517170190811157 -6.3358473777771 -0.08977799862623215
v -1.3577619791030884 -6.3358473777771 -0.08977799862623215
v -1.4376237392425537 -4.46666955947876 -0.08977799862623215
v -1.545672059059143 -6.3358473777771 -0.08977799862623215
v -1.2341907024383545 -4.46666955947876 -0.08977799862623215
v -1.3126227855682373 -5.227455139160156 -0.08977799862623215
v -1.217237949371338 -4.46666955947876 -0.08977799862623215
v -1.3109887838363647 -6.3358473777771 -0.08977799862623215
v -1.2883169651031494 -5.227455139160156 -0.08977799862623215
v -1.5093154907226562 -4.46666955947876 0.00009200000204145908
v -2.014221429824829 -5.227455139160156 0.00009200000204145908
v -1.4758185148239136 -4.46666955947876 0.04135049879550934
v -1.9490658044815063 -5.227455139160156 0.04135049879550934
v -1.4376237392425537 -4.46666955947876 0.08975774794816971
v -1.8473492860794067 -5.227455139160156 0.08975774794816971
v -2.627992868423462 -6.3358473777771 0.04135049879550934
v -2.3904500007629395 -6.3358473777771 0.08975774794816971
v -1.701514720916748 -5.227455139160156 0.08975774794816971
v -2.1087892055511475 -6.3358473777771 0.08975774794816971
v -1.555680274963379 -5.227455139160156 0.08975774794816971
v -1.827128529548645 -6.3358473777771 0.08975774794816971
v -1.4098457098007202 -5.227455139160156 0.08975774794816971
v -1.545672059059143 -6.3358473777771 0.08975774794816971
v -1.3612343072891235 -5.227455139160156 0.08975774794816971
v -1.4517170190811157 -6.3358473777771 0.08975774794816971
v -1.3126227855682373 -5.227455139160156 0.08975774794816971
v -1.3577619791030884 -6.3358473777771 0.08975774794816971
v -1.2883169651031494 -5.227455139160156 0.08975774794816971
v -1.3109887838363647 -6.3358473777771 0.08975774794816971
v -2.693148612976074 -6.3358473777771 0.00009200000204145908
v -1.217237949371338 -4.46666955947876 0.08975774794816971
v -1.2341907024383545 -4.46666955947876 0.08975774794816971
v -1.2525732517242432 -4.46666955947876 0.08975774794816971
v -1.3128269910812378 -4.46666955947876 0.08975774794816971
v -1.376757264137268 -4.46666955947876 0.08975774794816971
v -1.4376237392425537 -4.46666955947876 0.08975774794816971
v -1.188642978668213 -4.46666955947876 0.12815675139427185
v -1.2883169651031494 -5.227455139160156 0.08975774794816971
v -1.149222731590271 -4.46666955947876 0.19045299291610718
v -1.264011263847351 -5.227455139160156 0.19045299291610718
v -1.3109887838363647 -6.3358473777771 0.08975774794816971
v -1.264011263847351 -6.3358473777771 0.19045299291610718
v -1.149222731590271 -4.46666955947876 -0.19047324359416962
v -1.1702605485916138 -4.46666955947876 0.00009200000204145908
v -1.188642978668213 -4.46666955947876 -0.1281770020723343
v -1.20600426197052 -4.46666955947876 0.00009200000204145908
v -1.217237949371338 -4.46666955947876 -0.08977799862623215
v -1.2145828008651733 -4.46666955947876 0.00009200000204145908
v -1.2341907024383545 -4.46666955947876 -0.08977799862623215
v -1.234803557395935 -4.46666955947876 0.00009200000204145908
v -1.2525732517242432 -4.46666955947876 -0.08977799862623215
v -1.2562497854232788 -4.46666955947876 0.00009200000204145908
v -1.2341907024383545 -4.46666955947876 0.08975774794816971
v -1.217237949371338 -4.46666955947876 0.08975774794816971
v -1.188642978668213 -4.46666955947876 0.12815675139427185
v -1.149222731590271 -4.46666955947876 0.19045299291610718
v -1.3128269910812378 -4.46666955947876 -0.08977799862623215
v -1.3250819444656372 -4.46666955947876 0.00009200000204145908
v -1.376757264137268 -4.46666955947876 -0.08977799862623215
v -1.3949354887008667 -4.46666955947876 0.00009200000204145908
v -1.4376237392425537 -4.46666955947876 -0.08977799862623215
v -1.4586615562438965 -4.46666955947876 0.00009200000204145908
v -1.4758185148239136 -4.46666955947876 -0.04137074947357178
v -1.2525732517242432 -4.46666955947876 0.08975774794816971
v -1.3128269910812378 -4.46666955947876 0.08975774794816971
v -1.376757264137268 -4.46666955947876 0.08975774794816971
v -1.4376237392425537 -4.46666955947876 0.08975774794816971
v -1.5093154907226562 -4.46666955947876 0.00009200000204145908
v -1.4758185148239136 -4.46666955947876 0.04135049879550934
v -0.9490577578544617 -11.146254539489746 0.17901499569416046
v -0.9490577578544617 -10.768627166748047 0.17901499569416046
v -1.1994682550430298 -11.141514778137207 0.08975774794816971
v -1.2037575244903564 -10.768627166748047 0.08975774794816971
v -1.3886038064956665 -11.137564659118652 0.08975774794816971
v -1.3973865509033203 -10.768627166748047 0.08975774794816971
v -1.5375020503997803 -11.201556205749512 0.08975774794816971
v -1.5305575132369995 -10.768627166748047 0.08975774794816971
v -1.6743495464324951 -11.337438583374023 0.08975774794816971
v -1.6639328002929688 -10.768627166748047 0.08975774794816971
v -2.206624984741211 -11.859639167785645 0.08975774794816971
v -2.064058542251587 -10.768627166748047 0.08975774794816971
v -2.495230197906494 -11.877019882202148 0.08975774794816971
v -2.463979959487915 -10.768627166748047 0.08975774794816971
v -2.7538106441497803 -11.877019882202148 0.08975774794816971
v -2.743598222732544 -11.050662994384766 0.08975774794816971
v -2.411691904067993 -9.661025047302246 0.08975774794816971
v -2.0291316509246826 -9.661025047302246 0.08975774794816971
v -1.6465715169906616 -9.661025047302246 0.08975774794816971
v -1.5191195011138916 -9.661025047302246 0.08975774794816971
v -1.391463279724121 -9.661025047302246 0.08975774794816971
v -1.2006937265396118 -9.661025047302246 0.08975774794816971
v -0.9490577578544617 -9.661025047302246 0.17901499569416046
v -1.18047297000885 -8.552632331848145 0.19045299291610718
v -1.2854574918746948 -8.552632331848145 0.08975774794816971
v -1.390237808227539 -8.552632331848145 0.08975774794816971
v -1.5166685581207275 -8.552632331848145 0.08975774794816971
v -1.643099308013916 -8.552632331848145 0.08975774794816971
v -2.0221872329711914 -8.552632331848145 0.08975774794816971
v -2.401275157928467 -8.552632331848145 0.08975774794816971
v -2.7942521572113037 -9.661025047302246 0.08975774794816971
v -3.219909191131592 -11.041182518005371 0.04135049879550934
v -3.16762113571167 -9.661025047302246 0.04135049879550934
v -3.285064935684204 -11.041182518005371 0.00009200000204145908
v -3.2327771186828613 -9.661025047302246 0.00009200000204145908
v -3.115537405014038 -8.552632331848145 0.04135049879550934
v -3.1804890632629395 -8.552632331848145 0.00009200000204145908
v -2.7803633213043213 -8.552632331848145 0.08975774794816971
v -3.285064935684204 -11.041182518005371 0.00009200000204145908
v -3.219909191131592 -11.041182518005371 -0.04137074947357178
v -3.2327771186828613 -9.661025047302246 0.00009200000204145908
v -3.16762113571167 -9.661025047302246 -0.04137074947357178
v -3.1804890632629395 -8.552632331848145 0.00009200000204145908
v -3.115537405014038 -8.552632331848145 -0.04137074947357178
v -2.7942521572113037 -9.661025047302246 -0.08977799862623215
v -2.7803633213043213 -8.552632331848145 -0.08977799862623215
v -2.411691904067993 -9.661025047302246 -0.08977799862623215
v -2.401275157928467 -8.552632331848145 -0.08977799862623215
v -2.743598222732544 -11.050662994384766 -0.08977799862623215
v -2.463979959487915 -10.768627166748047 -0.08977799862623215
v -2.064058542251587 -10.768627166748047 -0.08977799862623215
v -2.206624984741211 -11.859639167785645 -0.08977799862623215
v -1.6743495464324951 -11.337438583374023 -0.08977799862623215
v -1.6639328002929688 -10.768627166748047 -0.08977799862623215
v -1.5375020503997803 -11.201556205749512 -0.08977799862623215
v -1.5305575132369995 -10.768627166748047 -0.08977799862623215
v -1.3886038064956665 -11.137564659118652 -0.08977799862623215
v -1.3973865509033203 -10.768627166748047 -0.08977799862623215
v -1.1994682550430298 -11.141514778137207 -0.08977799862623215
v -1.2037575244903564 -10.768627166748047 -0.08977799862623215
v -0.9490577578544617 -11.146254539489746 -0.1790352463722229
v -0.9490577578544617 -10.768627166748047 -0.1790352463722229
v -1.2006937265396118 -9.661025047302246 -0.08977799862623215
v -0.9490577578544617 -9.661025047302246 -0.1790352463722229
v -1.2854574918746948 -8.552632331848145 -0.08977799862623215
v -1.18047297000885 -8.552632331848145 -0.19047324359416962
v -2.7538106441497803 -11.877019882202148 -0.08977799862623215
v -2.495230197906494 -11.877019882202148 -0.08977799862623215
v -1.390237808227539 -8.552632331848145 -0.08977799862623215
v -1.391463279724121 -9.661025047302246 -0.08977799862623215
v -1.5191195011138916 -9.661025047302246 -0.08977799862623215
v -1.6465715169906616 -9.661025047302246 -0.08977799862623215
v -2.0291316509246826 -9.661025047302246 -0.08977799862623215
v -2.0221872329711914 -8.552632331848145 -0.08977799862623215
v -1.643099308013916 -8.552632331848145 -0.08977799862623215
v -1.5166685581207275 -8.552632331848145 -0.08977799862623215
v -0.9490577578544617 -11.146254539489746 -0.1790352463722229
v -0.9490577578544617 -10.768627166748047 -0.1790352463722229
v -0.9941970109939575 -11.162055015563965 0.00009200000204145908
v -0.9941970109939575 -10.775737762451172 0.00009200000204145908
v -0.9490577578544617 -11.146254539489746 0.17901499569416046
v -0.9490577578544617 -10.768627166748047 0.17901499569416046
v -0.9941970109939575 -9.638114929199219 0.00009200000204145908
v -0.9490577578544617 -9.661025047302246 0.17901499569416046
v -1.2015107870101929 -8.552632331848145 0.00009200000204145908
v -1.18047297000885 -8.552632331848145 0.19045299291610718
v -0.9490577578544617 -9.661025047302246 -0.1790352463722229
v -1.18047297000885 -8.552632331848145 -0.19047324359416962
v -0.9490577578544617 -11.146254539489746 0.17901499569416046
v -0.9941970109939575 -11.162055015563965 0.00009200000204145908
v -1.1994682550430298 -11.141514778137207 0.08975774794816971
v -1.220505952835083 -11.141514778137207 0.00009200000204145908
v -1.3886038064956665 -11.137564659118652 0.08975774794816971
v -1.4096415042877197 -11.137564659118652 0.00009200000204145908
v -1.5375020503997803 -11.201556205749512 0.08975774794816971
v -1.5585397481918335 -11.201556205749512 0.00009200000204145908
v -1.6743495464324951 -11.337438583374023 0.08975774794816971
v -0.9490577578544617 -11.146254539489746 -0.1790352463722229
v -1.1994682550430298 -11.141514778137207 -0.08977799862623215
v -1.3886038064956665 -11.137564659118652 -0.08977799862623215
v -1.5375020503997803 -11.201556205749512 -0.08977799862623215
v -1.6953872442245483 -11.337438583374023 0.00009200000204145908
v -1.6743495464324951 -11.337438583374023 -0.08977799862623215
v -2.2276628017425537 -11.859639167785645 0.00009200000204145908
v -2.206624984741211 -11.859639167785645 -0.08977799862623215
v -2.206624984741211 -11.859639167785645 0.08975774794816971
v -2.206624984741211 -11.859639167785645 0.08975774794816971
v -2.2276628017425537 -11.859639167785645 0.00009200000204145908
v -2.495230197906494 -11.877019882202148 0.08975774794816971
v -2.516268014907837 -11.877019882202148 0.00009200000204145908
v -2.7538106441497803 -11.877019882202148 0.08975774794816971
v -2.774848461151123 -11.877019882202148 0.00009200000204145908
v -2.495230197906494 -11.877019882202148 -0.08977799862623215
v -2.7538106441497803 -11.877019882202148 -0.08977799862623215
v -2.206624984741211 -11.859639167785645 -0.08977799862623215
v -1.3126227855682373 -5.227455139160156 -0.08977799862623215
v -1.217237949371338 -4.46666955947876 -0.08977799862623215
v -1.2883169651031494 -5.227455139160156 -0.08977799862623215
v -1.188642978668213 -4.46666955947876 -0.1281770020723343
v -2.743598222732544 -11.050662994384766 0.08975774794816971
v -2.743598222732544 -11.050662994384766 0.00009200000204145908
v -2.7538106441497803 -11.877019882202148 0.08975774794816971
v -2.774848461151123 -11.877019882202148 0.00009200000204145908
v -2.743598222732544 -11.050662994384766 -0.08977799862623215
v -2.7538106441497803 -11.877019882202148 -0.08977799862623215
v -1.3109887838363647 -6.3358473777771 -0.08977799862623215
v -1.264011263847351 -6.3358473777771 -0.19047324359416962
v -1.2883169651031494 -5.227455139160156 -0.08977799862623215
v -1.264011263847351 -5.227455139160156 -0.19047324359416962
v -1.188642978668213 -4.46666955947876 -0.1281770020723343
v -1.149222731590271 -4.46666955947876 -0.19047324359416962
v -1.2883169651031494 -5.227455139160156 0.08975774794816971
v -1.3126227855682373 -5.227455139160156 0.08975774794816971
v -1.188642978668213 -4.46666955947876 0.12815675139427185
v -1.217237949371338 -4.46666955947876 0.08975774794816971
v 0.00009200000204145908 -11.050662994384766 -2.743598222732544
v 0.00009575000149197876 -3.466480016708374 -1.6500400304794312
v -0.3218022584915161 -3.466480016708374 -1.6183812618255615
v 0.00009575000149197876 -3.435669422149658 -1.6500400304794312
v -0.3218022584915161 -3.435669422149658 -1.6183812618255615
v -0.6314452290534973 -3.466480016708374 -1.5244262218475342
v -0.6314452290534973 -3.435669422149658 -1.5244262218475342
v -0.9167824983596802 -3.466480016708374 -1.3718514442443848
v -0.9167824983596802 -3.435669422149658 -1.3718514442443848
v -1.1667845249176025 -3.466480016708374 -1.1667845249176025
v -1.1667845249176025 -3.435669422149658 -1.1667845249176025
v -1.3718514442443848 -3.466480016708374 -0.9167824983596802
v -1.3718514442443848 -3.435669422149658 -0.9167824983596802
v -1.5244262218475342 -3.466480016708374 -0.6314452290534973
v -1.5244262218475342 -3.435669422149658 -0.6314452290534973
v -1.6183812618255615 -3.466480016708374 -0.3218022584915161
v -1.6183812618255615 -3.435669422149658 -0.3218022584915161
v -1.6500400304794312 -3.466480016708374 0.00009575000149197876
v -1.6500400304794312 -3.435669422149658 0.00009575000149197876
v -1.6183812618255615 -3.466480016708374 0.32199373841285706
v -1.6183812618255615 -3.435669422149658 0.32199373841285706
v -1.5244262218475342 -3.466480016708374 0.6314324736595154
v -1.5244262218475342 -3.435669422149658 0.6314324736595154
v -1.3718514442443848 -3.466480016708374 0.9167697429656982
v -1.3718514442443848 -3.435669422149658 0.9167697429656982
v -1.1667845249176025 -3.466480016708374 1.1667717695236206
v -1.1667845249176025 -3.435669422149658 1.1667717695236206
v -0.9167824983596802 -3.466480016708374 1.3718388080596924
v -0.9167824983596802 -3.435669422149658 1.3718388080596924
v -0.6314452290534973 -3.466480016708374 1.5244134664535522
v -0.6314452290534973 -3.435669422149658 1.5244134664535522
v -0.3218022584915161 -3.466480016708374 1.6183685064315796
v -0.3218022584915161 -3.435669422149658 1.6183685064315796
v 0.00009575000149197876 -3.466480016708374 1.6500272750854492
v 0.00009575000149197876 -3.435669422149658 1.6500272750854492
v 0.32199373841285706 -3.466480016708374 1.6183685064315796
v 0.32199373841285706 -3.435669422149658 1.6183685064315796
v 0.6314324736595154 -3.466480016708374 1.5244134664535522
v 0.6314324736595154 -3.435669422149658 1.5244134664535522
v 0.9167697429656982 -3.466480016708374 1.3718388080596924
v 0.9167697429656982 -3.435669422149658 1.3718388080596924
v 1.1667717695236206 -3.466480016708374 1.1667717695236206
v 1.1667717695236206 -3.435669422149658 1.1667717695236206
v 1.3718388080596924 -3.466480016708374 0.9167697429656982
v 1.3718388080596924 -3.435669422149658 0.9167697429656982
v 1.5244134664535522 -3.466480016708374 0.6314324736595154
v 1.5244134664535522 -3.435669422149658 0.6314324736595154
v 1.6183685064315796 -3.466480016708374 0.32199373841285706
v 1.6183685064315796 -3.435669422149658 0.32199373841285706
v 1.6500272750854492 -3.466480016708374 0.00009575000149197876
v 1.6500272750854492 -3.435669422149658 0.00009575000149197876
v 1.6183685064315796 -3.466480016708374 -0.3218022584915161
v 1.6183685064315796 -3.435669422149658 -0.3218022584915161
v 1.5244134664535522 -3.466480016708374 -0.6314452290534973
v 1.5244134664535522 -3.435669422149658 -0.6314452290534973
v 1.3718388080596924 -3.466480016708374 -0.9167824983596802
v 1.3718388080596924 -3.435669422149658 -0.9167824983596802
v 1.1667717695236206 -3.466480016708374 -1.1667845249176025
v 1.1667717695236206 -3.435669422149658 -1.1667845249176025
v 0.9167697429656982 -3.466480016708374 -1.3718514442443848
v 0.9167697429656982 -3.435669422149658 -1.3718514442443848
v 0.6314324736595154 -3.466480016708374 -1.5244262218475342
v 0.6314324736595154 -3.435669422149658 -1.5244262218475342
v 0.32199373841285706 -3.466480016708374 -1.6183812618255615
v 0.32199373841285706 -3.435669422149658 -1.6183812618255615
v 0.00009575000149197876 -3.466480016708374 -1.6500400304794312
v 0.00009575000149197876 -3.435669422149658 -1.6500400304794312
v 0.00009575000149197876 7.79282808303833 -1.3540817499160767
v 0.00009575000149197876 7.737526893615723 -1.362047553062439
v 0.26419100165367126 7.79282808303833 -1.3281420469284058
v 0.2658250033855438 7.737526893615723 -1.335903525352478
v 0.5180737376213074 7.79282808303833 -1.2509355545043945
v 0.5213417410850525 7.737526893615723 -1.2584927082061768
v 0.7523484826087952 7.79282808303833 -1.1259344816207886
v 0.7566377520561218 7.737526893615723 -1.1324704885482788
v 0.9574155211448669 7.79282808303833 -0.9574282765388489
v 0.9631345272064209 7.737526893615723 -0.9631472229957581
v 1.1259217262268066 7.79282808303833 -0.7523612380027771
v 1.1324577331542969 7.737526893615723 -0.7566505074501038
v 1.2509227991104126 7.79282808303833 -0.5180864930152893
v 1.2584799528121948 7.737526893615723 -0.5213544964790344
v 1.3281292915344238 7.79282808303833 -0.2642037570476532
v 1.335890769958496 7.737526893615723 -0.26583775877952576
v 1.3540689945220947 7.79282808303833 0.00009575000149197876
v 1.362034797668457 7.737526893615723 0.00009575000149197876
v 1.3281292915344238 7.79282808303833 0.26419100165367126
v 1.335890769958496 7.737526893615723 0.2658250033855438
v 1.2509227991104126 7.79282808303833 0.5180737376213074
v 1.2584799528121948 7.737526893615723 0.5213417410850525
v 1.1259217262268066 7.79282808303833 0.7523484826087952
v 1.1324577331542969 7.737526893615723 0.7566377520561218
v 0.9574155211448669 7.79282808303833 0.9574155211448669
v 0.9631345272064209 7.737526893615723 0.9631345272064209
v 0.7523484826087952 7.79282808303833 1.1259217262268066
v 0.7566377520561218 7.737526893615723 1.1324577331542969
v 0.5180737376213074 7.79282808303833 1.2509227991104126
v 0.5213417410850525 7.737526893615723 1.2584799528121948
v 0.26419100165367126 7.79282808303833 1.3281292915344238
v 0.2658250033855438 7.737526893615723 1.335890769958496
v 0.00009575000149197876 7.79282808303833 1.3540689945220947
v 0.00009575000149197876 7.737526893615723 1.362034797668457
v -0.2642037570476532 7.79282808303833 1.3281292915344238
v -0.26583775877952576 7.737526893615723 1.335890769958496
v -0.5180864930152893 7.79282808303833 1.2509227991104126
v -0.5213544964790344 7.737526893615723 1.2584799528121948
v -0.7523612380027771 7.79282808303833 1.1259217262268066
v -0.7566505074501038 7.737526893615723 1.1324577331542969
v -0.9574282765388489 7.79282808303833 0.9574155211448669
v -0.9631472229957581 7.737526893615723 0.9631345272064209
v -1.1259344816207886 7.79282808303833 0.7523484826087952
v -1.1324704885482788 7.737526893615723 0.7566377520561218
v -1.2509355545043945 7.79282808303833 0.5180737376213074
v -1.2584927082061768 7.737526893615723 0.5213417410850525
v -1.3281420469284058 7.79282808303833 0.26419100165367126
v -1.335903525352478 7.737526893615723 0.2658250033855438
v -1.3540817499160767 7.79282808303833 0.00009575000149197876
v -1.362047553062439 7.737526893615723 0.00009575000149197876
v -1.3281420469284058 7.79282808303833 -0.2642037570476532
v -1.335903525352478 7.737526893615723 -0.26583775877952576
v -1.2509355545043945 7.79282808303833 -0.5180864930152893
v -1.2584927082061768 7.737526893615723 -0.5213544964790344
v -1.1259344816207886 7.79282808303833 -0.7523612380027771
v -1.1324704885482788 7.737526893615723 -0.7566505074501038
v -0.9574282765388489 7.79282808303833 -0.9574282765388489
v -0.9631472229957581 7.737526893615723 -0.9631472229957581
v -0.7523612380027771 7.79282808303833 -1.1259344816207886
v -0.7566505074501038 7.737526893615723 -1.1324704885482788
v -0.5180864930152893 7.79282808303833 -1.2509355545043945
v -0.5213544964790344 7.737526893615723 -1.2584927082061768
v -0.2642037570476532 7.79282808303833 -1.3281420469284058
v -0.2656334936618805 7.737526893615723 -1.335903525352478
v 0.00009575000149197876 7.79282808303833 -1.3540817499160767
v 0.00009575000149197876 7.737526893615723 -1.362047553062439
vn 0.0018932452658191323 0.27600419521331787 -0.961154580116272
vn -1.0341130485562108e-13 0.999997615814209 0.002184694167226553
vn 0.18844002485275269 0.2760714292526245 -0.9424833655357361
vn 0.3668631315231323 0.2749522626399994 -0.888714075088501
vn 0.5314995646476746 0.27632611989974976 -0.8007197380065918
vn 0.6794317364692688 0.2727431058883667 -0.681163489818573
vn 0.8007397055625916 0.2744738757610321 -0.5324283838272095
vn 0.887705385684967 0.2753267288208008 -0.3690181374549866
vn 0.9425033330917358 0.2756706476211548 -0.18892620503902435
vn 0.9612131118774414 0.2757980227470398 0.002184694167226553
vn 0.9425033330917358 0.2756706476211548 0.18892620503902435
vn 0.8878122568130493 0.2749817669391632 0.3690181374549866
vn 0.8008681535720825 0.27409878373146057 0.5324283838272095
vn 0.6796022653579712 0.2723178565502167 0.681163489818573
vn 0.531764805316925 0.27581533789634705 0.8007197380065918
vn 0.3677845001220703 0.27371859550476074 0.888714075088501
vn 0.1894005388021469 0.2754133641719818 0.9424833655357361
vn -0.0018768537556752563 0.27600428462028503 0.961154580116272
vn -0.18628738820552826 0.2775285542011261 0.9424833655357361
vn -0.36552694439888 0.2767261266708374 0.888714075088501
vn -0.5334907174110413 0.27246201038360596 0.8007197380065918
vn -0.6796022653579712 0.2723178565502167 0.681163489818573
vn -0.7996388077735901 0.27766484022140503 0.5324283838272095
vn -0.8878122568130493 0.2749817669391632 0.3690181374549866
vn -0.9435564279556274 0.27204445004463196 0.18892620503902435
vn -0.9612131118774414 0.2757980227470398 0.002184694167226553
vn -0.9435564279556274 0.27204445004463196 -0.18892620503902435
vn -0.8888170123100281 0.2717166841030121 -0.3690181374549866
vn -0.8007397055625916 0.2744738757610321 -0.5324283838272095
vn -0.6780157089233398 0.2762443721294403 -0.681163489818573
vn -0.5314995646476746 0.27632611989974976 -0.8007197380065918
vn -0.369117796421051 0.2719179093837738 -0.888714075088501
vn -0.18844002485275269 0.2760714292526245 -0.9424833655357361
vn 3.097898456858039e-13 -0.999997615814209 0.002184694167226553
vn 0.0018835372757166624 -0.6535061001777649 0.7569189071655273
vn -0.14591066539287567 -0.6538041830062866 0.7424622178077698
vn 0.0018825703300535679 -0.46620675921440125 0.8846737742424011
vn 0.17482975125312805 -0.465067595243454 0.8678402304649353
vn 0.14591066539287567 -0.6538041830062866 0.7424622178077698
vn 0.34147363901138306 -0.4661535918712616 0.8161473870277405
vn 0.2891353666782379 -0.6562007069587708 0.6969945430755615
vn 0.4913845956325531 -0.46474844217300415 0.736579954624176
vn 0.4211544096469879 -0.6540607213973999 0.6283578276634216
vn 0.6271042823791504 -0.4649454355239868 0.6249527335166931
vn 0.5378177165985107 -0.6536605358123779 0.5324283838272095
vn 0.736484944820404 -0.4651523232460022 0.4911448359489441
vn 0.6271650791168213 -0.6551830768585205 0.42118772864341736
vn 0.8152413368225098 -0.4685016870498657 0.34042292833328247
vn 0.6956310272216797 -0.6569662094116211 0.29067665338516235
vn 0.8690409660339355 -0.4639771282672882 0.17173540592193604
vn 0.7408910989761353 -0.6555969715118408 0.1458524912595749
vn 0.8854539394378662 -0.46472206711769104 0.002184694167226553
vn 0.7534953951835632 -0.6574495434761047 0.002184694167226553
vn 0.7403137683868408 -0.6562488675117493 -0.1458524912595749
vn 0.7001753449440002 -0.65212082862854 -0.29067665338516235
vn 0.8149286508560181 -0.46904534101486206 -0.34042292833328247
vn 0.736484944820404 -0.4651523232460022 -0.4911448359489441
vn 0.6271650791168213 -0.6551830768585205 -0.42118772864341736
vn 0.6266469359397888 -0.4655616879463196 -0.6249527335166931
vn 0.5369980931282043 -0.6543340682983398 -0.5324283838272095
vn 0.49012991786003113 -0.4660714864730835 -0.736579954624176
vn 0.42014428973197937 -0.654710054397583 -0.6283578276634216
vn 0.33964803814888 -0.4674854278564453 -0.8161473870277405
vn 0.2865881621837616 -0.6573171615600586 -0.6969945430755615
vn 0.8690409660339355 -0.4639771282672882 -0.17173540592193604
vn 0.17209891974925995 -0.4660850465297699 -0.8678402304649353
vn 0.1443241834640503 -0.6541562080383301 -0.7424622178077698
vn -0.001890474813990295 -0.6535060405731201 -0.7569189071655273
vn -0.1480114459991455 -0.6533318161964417 -0.7424622178077698
vn -0.1756393015384674 -0.46476247906684875 -0.8678402304649353
vn -0.33964803814888 -0.4674854278564453 -0.8161473870277405
vn -0.2865881621837616 -0.6573171615600586 -0.6969945430755615
vn -0.49012991786003113 -0.4660714864730835 -0.736579954624176
vn -0.41696032881736755 -0.6567423939704895 -0.6283578276634216
vn -0.6243859529495239 -0.4685896039009094 -0.6249527335166931
vn -0.5369980931282043 -0.6543340682983398 -0.5324283838272095
vn -0.7344624400138855 -0.46833929419517517 -0.4911448359489441
vn -0.6298859119415283 -0.6525677442550659 -0.42118772864341736
vn -0.0018922992749139667 -0.46620672941207886 -0.8846737742424011
vn -0.8149286508560181 -0.46904534101486206 -0.34042292833328247
vn -0.7001753449440002 -0.65212082862854 -0.29067665338516235
vn -0.7428134083747864 -0.6534181237220764 -0.1458524912595749
vn -0.7534953951835632 -0.6574495434761047 0.002184694167226553
vn -0.8854539394378662 -0.46472206711769104 0.002184694167226553
vn -0.8690409660339355 -0.4639771282672882 0.17173540592193604
vn -0.7408910989761353 -0.6555969715118408 0.1458524912595749
vn -0.8171144723892212 -0.4652269780635834 0.34042292833328247
vn -0.6982152462005615 -0.6542190909385681 0.29067665338516235
vn -0.6298859119415283 -0.6525677442550659 0.42118772864341736
vn -0.7344624400138855 -0.46833929419517517 0.4911448359489441
vn -0.6271042823791504 -0.4649454355239868 0.6249527335166931
vn -0.5348995923995972 -0.6560506224632263 0.5324283838272095
vn -0.4211544096469879 -0.6540607213973999 0.6283578276634216
vn -0.2891353666782379 -0.6562007069587708 0.6969945430755615
vn -0.17130416631698608 -0.46637773513793945 0.8678402304649353
vn -0.8690409660339355 -0.4639771282672882 -0.17173540592193604
vn -0.34147363901138306 -0.4661535918712616 0.8161473870277405
vn -0.4913845956325531 -0.46474844217300415 0.736579954624176
vn -0.513418972492218 -0.37674638628959656 0.7710143327713013
vn -0.3524596095085144 -0.3764321208000183 0.8567795157432556
vn -0.17848892509937286 -0.3793082535266876 0.9078915119171143
vn 0.0018824469298124313 -0.37509697675704956 0.926983654499054
vn 0.17848892509937286 -0.3793082535266876 0.9078915119171143
vn 0.3524596095085144 -0.3764321208000183 0.8567795157432556
vn 0.5156389474868774 -0.3737022280693054 0.7710143327713013
vn 0.6558395624160767 -0.37501823902130127 0.6551609039306641
vn 0.7698817253112793 -0.37852537631988525 0.5138099193572998
vn 0.8576722741127014 -0.3741495609283447 0.3527185618877411
vn 0.9092727899551392 -0.3751016855239868 0.18033768236637115
vn 0.9267409443855286 -0.3756946325302124 0.002184694167226553
vn 0.9090933203697205 -0.37553656101226807 -0.18033768236637115
vn 0.8574743270874023 -0.3746030032634735 -0.3527185618877411
vn 0.7696393132209778 -0.37901800870895386 -0.5138099193572998
vn 0.6555291414260864 -0.37556058168411255 -0.6551609039306641
vn 0.5147514343261719 -0.3749237656593323 -0.7710143327713013
vn 0.3517409563064575 -0.377103716135025 -0.8567795157432556
vn 0.18285992741584778 -0.3772205114364624 -0.9078915119171143
vn 1.1653612103090794e-13 -0.3751016855239868 -0.926983654499054
vn -0.18285992741584778 -0.3772205114364624 -0.9078915119171143
vn -0.35449305176734924 -0.3745177984237671 -0.8567795157432556
vn -0.5125158429145813 -0.37797412276268005 -0.7710143327713013
vn -0.6555291414260864 -0.37556058168411255 -0.6551609039306641
vn -0.7696393132209778 -0.37901800870895386 -0.5138099193572998
vn -0.8574743270874023 -0.3746030032634735 -0.3527185618877411
vn -0.9090933203697205 -0.37553656101226807 -0.18033768236637115
vn -0.9267409443855286 -0.3756946325302124 0.002184694167226553
vn -0.9078272581100464 -0.3785867691040039 0.18033768236637115
vn -0.8561564087867737 -0.3776053786277771 0.3527185618877411
vn -0.7715374827384949 -0.3751389980316162 0.5138099193572998
vn -0.6539583206176758 -0.37828919291496277 0.6551609039306641
vn -0.5448960065841675 -0.20277895033359528 0.8136147856712341
vn -0.3745078444480896 -0.20537272095680237 0.9041935205459595
vn -0.19410669803619385 -0.20208647847175598 0.9599394202232361
vn -0.0018731803866103292 -0.2039123922586441 0.9789873361587524
vn 0.19410669803619385 -0.20208647847175598 0.9599394202232361
vn 0.3763006031513214 -0.20206914842128754 0.9041935205459595
vn 0.5435710549354553 -0.20630423724651337 0.8136147856712341
vn 0.6915218830108643 -0.2009056806564331 0.6938546895980835
vn 0.8148224353790283 -0.20173238217830658 0.5434780716896057
vn 0.9055469036102295 -0.20198869705200195 0.37307560443878174
vn 0.9608972668647766 -0.20244349539279938 0.18892620503902435
vn 0.9792816638946533 -0.20249100029468536 0.002184694167226553
vn 0.9608972668647766 -0.20244349539279938 -0.18892620503902435
vn 0.905489444732666 -0.20224611461162567 -0.37307560443878174
vn 0.8147522211074829 -0.202015683054924 -0.5434780716896057
vn 0.6914269924163818 -0.20123207569122314 -0.6938546895980835
vn 0.5432605743408203 -0.20712046325206757 -0.8136147856712341
vn 0.37573814392089844 -0.2031131088733673 -0.9041935205459595
vn 0.193406879901886 -0.20275633037090302 -0.9599394202232361
vn 0.0018953474937006831 -0.2039121836423874 -0.9789873361587524
vn -0.19065555930137634 -0.20534557104110718 -0.9599394202232361
vn -0.37392598390579224 -0.20643022656440735 -0.9041935205459595
vn -0.544596254825592 -0.2035825550556183 -0.8136147856712341
vn -0.6903620958328247 -0.20485565066337585 -0.6938546895980835
vn -0.8147522211074829 -0.202015683054924 -0.5434780716896057
vn -0.905489444732666 -0.20224611461162567 -0.37307560443878174
vn -0.960111677646637 -0.20613691210746765 -0.18892620503902435
vn -0.9792816638946533 -0.20249100029468536 0.002184694167226553
vn -0.960111677646637 -0.20613691210746765 0.18892620503902435
vn -0.9047185182571411 -0.20566730201244354 0.37307560443878174
vn -0.8139075636863708 -0.20539246499538422 0.5434780716896057
vn -0.6915218830108643 -0.2009056806564331 0.6938546895980835
vn -0.5519776940345764 -0.093716561794281 0.8285757899284363
vn -0.3800140917301178 -0.09306947886943817 0.9202865362167358
vn -0.19527225196361542 -0.09403815865516663 0.976230263710022
vn 0.0018611537525430322 -0.0959606021642685 0.9953833818435669
vn 0.19527225196361542 -0.09403815865516663 0.976230263710022
vn 0.3791024386882782 -0.09671604633331299 0.9202865362167358
vn 0.551334798336029 -0.09742766618728638 0.8285757899284363
vn 0.7042016386985779 -0.09778376668691635 0.7032341957092285
vn 0.8264532685279846 -0.09786467999219894 0.5544344186782837
vn 0.9193085432052612 -0.09788747131824493 0.3811691105365753
vn 0.9762569665908813 -0.09792998433113098 0.19321508705615997
vn 0.9951823353767395 -0.0980169028043747 0.002184694167226553
vn 0.9762449264526367 -0.098049595952034 -0.19321508705615997
vn 0.9192950129508972 -0.09801428020000458 -0.3811691105365753
vn 0.8264365792274475 -0.09800544381141663 -0.5544344186782837
vn 0.7041788101196289 -0.09794817119836807 -0.7032341957092285
vn 0.551261305809021 -0.09784240275621414 -0.8285757899284363
vn 0.37895330786705017 -0.09729867428541183 -0.9202865362167358
vn 0.19480088353157043 -0.09501074254512787 -0.976230263710022
vn -0.0019082654034718871 -0.09595967084169388 -0.9953833818435669
vn -0.19480088353157043 -0.09501074254512787 -0.976230263710022
vn -0.37987613677978516 -0.09363105893135071 -0.9202865362167358
vn -0.5519098043441772 -0.09411581605672836 -0.8285757899284363
vn -0.7046895027160645 -0.09420358389616013 -0.7032341957092285
vn -0.8264365792274475 -0.09800544381141663 -0.5544344186782837
vn -0.9196877479553223 -0.0942578837275505 -0.3811691105365753
vn -0.9762449264526367 -0.098049595952034 -0.19321508705615997
vn -0.9951823353767395 -0.0980169028043747 0.002184694167226553
vn -0.9766263365745544 -0.09417528659105301 0.19321508705615997
vn -0.9193085432052612 -0.09788747131824493 0.3811691105365753
vn -0.8268884420394897 -0.09411710500717163 0.5544344186782837
vn -0.7042016386985779 -0.09778376668691635 0.7032341957092285
vn -1.0339156559981827e-13 0.9998067021369934 0.01966099627315998
vn -1.0339156559981827e-13 0.9998067021369934 0.01966099627315998
vn -1.0340538240125388e-13 0.9999403357505798 0.010923261754214764
vn -1.0340538240125388e-13 0.9999403357505798 0.010923261754214764
vn -1.0341130485562108e-13 0.999997615814209 0.002184694167226553
vn -1.0340538240125388e-13 0.9999403357505798 0.010923261754214764
vn -1.0339156559981827e-13 0.9998067021369934 0.01966099627315998
vn 3.097898456858039e-13 -0.999997615814209 0.002184694167226553
vn 3.0977209187522947e-13 -0.9999403357505798 -0.010923261754214764
vn 3.0977209187522947e-13 -0.9999403357505798 -0.010923261754214764
vn 3.0973070245729484e-13 -0.9998067021369934 -0.01966099627315998
vn 3.0973070245729484e-13 -0.9998067021369934 -0.01966099627315998
vn -1.0339156559981827e-13 0.9998067021369934 -0.01966099627315998
vn -1.0340538240125388e-13 0.9999403357505798 -0.010923261754214764
vn -1.0339156559981827e-13 0.9998067021369934 -0.01966099627315998
vn -1.0340538240125388e-13 0.9999403357505798 -0.010923261754214764
vn -1.0339156559981827e-13 0.9998067021369934 -0.01966099627315998
vn -1.0340538240125388e-13 0.9999403357505798 -0.010923261754214764
vn -1.0341130485562108e-13 0.999997615814209 0.002184694167226553
vn 3.097898456858039e-13 -0.999997615814209 0.002184694167226553
vn 3.0977209187522947e-13 -0.9999403357505798 0.010923261754214764
vn 3.0977209187522947e-13 -0.9999403357505798 0.010923261754214764
vn 3.0973070245729484e-13 -0.9998067021369934 0.01966099627315998
vn 3.0973070245729484e-13 -0.9998067021369934 0.01966099627315998
vn 3.0973070245729484e-13 -0.9998067021369934 0.01966099627315998
vn -0.022653724998235703 0.9997409582138062 0.002184694167226553
vn -0.022653724998235703 0.9997409582138062 0.002184694167226553
vn -0.015103200450539589 0.9998835325241089 0.002184694167226553
vn -0.007551815826445818 0.9999691247940063 0.002184694167226553
vn -1.0341130485562108e-13 0.999997615814209 0.002184694167226553
vn -0.015103200450539589 0.9998835325241089 0.002184694167226553
vn -0.022653724998235703 0.9997409582138062 0.002184694167226553
vn 3.097898456858039e-13 -0.999997615814209 0.002184694167226553
vn 0.015103200450539589 -0.9998835325241089 0.002184694167226553
vn 0.015103200450539589 -0.9998835325241089 0.002184694167226553
vn 0.022653724998235703 -0.9997409582138062 0.002184694167226553
vn 0.022653724998235703 -0.9997409582138062 0.002184694167226553
vn 0.022653724998235703 -0.9997409582138062 0.002184694167226553
vn 0.022653724998235703 0.9997409582138062 0.002184694167226553
vn 0.015103200450539589 0.9998835325241089 0.002184694167226553
vn 0.022653724998235703 0.9997409582138062 0.002184694167226553
vn 0.007551815826445818 0.9999691247940063 0.002184694167226553
vn 0.022653724998235703 0.9997409582138062 0.002184694167226553
vn 0.015103200450539589 0.9998835325241089 0.002184694167226553
vn -1.0341130485562108e-13 0.999997615814209 0.002184694167226553
vn 3.097898456858039e-13 -0.999997615814209 0.002184694167226553
vn -0.015103200450539589 -0.9998835325241089 0.002184694167226553
vn -0.015103200450539589 -0.9998835325241089 0.002184694167226553
vn -0.022653724998235703 -0.9997409582138062 0.002184694167226553
vn -0.022653724998235703 -0.9997409582138062 0.002184694167226553
vn -0.022653724998235703 -0.9997409582138062 0.002184694167226553
vn 0.0018932452658191323 0.27600419521331787 -0.961154580116272
vn -0.0018891593208536506 0.26338157057762146 -0.9646899104118347
vn 0.18844002485275269 0.2760714292526245 -0.9424833655357361
vn 0.1894969493150711 0.2601758539676666 -0.946783721446991
vn 0.3668631315231323 0.2749522626399994 -0.888714075088501
vn -0.001896943198516965 0.22099114954471588 -0.9752739667892456
vn 0.19250009953975677 0.22058065235614777 -0.9561840295791626
vn 0.00378825468942523 0.19532142579555511 -0.9807319641113281
vn 0.18814851343631744 0.19616305828094482 -0.962351381778717
vn 0.373542845249176 0.2229301631450653 -0.9004265069961548
vn 0.37496650218963623 0.19614139199256897 -0.9060511589050293
vn 0.36681273579597473 0.26183822751045227 -0.8926864862442017
vn 0.5314995646476746 0.27632611989974976 -0.8007197380065918
vn 0.5344319939613342 0.26276251673698425 -0.8033295273780823
vn 0.6794317364692688 0.2727431058883667 -0.681163489818573
vn 0.5415056943893433 0.2212294191122055 -0.8110666871070862
vn 0.544699490070343 0.19288821518421173 -0.8161473870277405
vn 0.6878635883331299 0.22310297191143036 -0.6907016038894653
vn 0.693499743938446 0.19396844506263733 -0.6938546895980835
vn 0.6849145889282227 0.25866633653640747 -0.681163489818573
vn 0.8007397055625916 0.2744738757610321 -0.5324283838272095
vn 0.8030585646629333 0.26013511419296265 -0.5361219048500061
vn 0.887705385684967 0.2753267288208008 -0.3690181374549866
vn 0.8090003728866577 0.22394180297851562 -0.5434780716896057
vn 0.8165376782417297 0.19467344880104065 -0.5434780716896057
vn 0.9002818465232849 0.22429253160953522 -0.37307560443878174
vn 0.905449628829956 0.19477413594722748 -0.37712597846984863
vn 0.8920637369155884 0.260859876871109 -0.3690181374549866
vn 0.9425033330917358 0.2756706476211548 -0.18892620503902435
vn 0.9466318488121033 0.2611418664455414 -0.18892620503902435
vn 0.9612131118774414 0.2757980227470398 0.002184694167226553
vn 0.9559712409973145 0.22455716133117676 -0.18892620503902435
vn 0.9615597128868103 0.19511756300926208 -0.19321508705615997
vn 0.9744431972503662 0.22462347149848938 0.002184694167226553
vn 0.9807829260826111 0.19508986175060272 0.002184694167226553
vn 0.9652689099311829 0.2612491250038147 0.002184694167226553
vn 0.9425033330917358 0.2756706476211548 0.18892620503902435
vn 0.9466318488121033 0.2611418664455414 0.18892620503902435
vn 0.8878122568130493 0.2749817669391632 0.3690181374549866
vn 0.9559712409973145 0.22455716133117676 0.18892620503902435
vn 0.9616075158119202 0.19488193094730377 0.19321508705615997
vn 0.986227810382843 0.16537824273109436 0.002184694167226553
vn 0.9671465754508972 0.1652131974697113 0.19321508705615997
vn 0.9897211194038391 0.1429940164089203 0.002184694167226553
vn 0.9707006216049194 0.14285752177238464 0.19321508705615997
vn 0.9113166332244873 0.1651604175567627 0.37712597846984863
vn 0.915081799030304 0.14283323287963867 0.37712597846984863
vn 0.905449628829956 0.19477413594722748 0.37712597846984863
vn 0.9003526568412781 0.22400815784931183 0.37307560443878174
vn 0.8921595811843872 0.2605319917201996 0.3690181374549866
vn 0.8008681535720825 0.27409878373146057 0.5324283838272095
vn 0.8031743764877319 0.2597772479057312 0.5361219048500061
vn 0.6796022653579712 0.2723178565502167 0.681163489818573
vn 0.8090868592262268 0.22362925112247467 0.5434780716896057
vn 0.8166028261184692 0.19440002739429474 0.5434780716896057
vn 0.820633590221405 0.16491709649562836 0.5471406579017639
vn 0.8223591446876526 0.14266294240951538 0.5507928133010864
vn 0.6980041265487671 0.1642829030752182 0.6969945430755615
vn 0.6997003555297852 0.14230221509933472 0.7001210451126099
vn 0.6935878396034241 0.1936531960964203 0.6938546895980835
vn 0.6880953311920166 0.22238729894161224 0.6907016038894653
vn 0.6823711395263672 0.26530343294143677 0.681163489818573
vn 0.531764805316925 0.27581533789634705 0.8007197380065918
vn 0.5349142551422119 0.2617793083190918 0.8033295273780823
vn 0.3677845001220703 0.27371859550476074 0.888714075088501
vn 0.5418566465377808 0.2203683853149414 0.8110666871070862
vn 0.5449713468551636 0.1921187937259674 0.8161473870277405
vn 0.5505253672599792 0.16343311965465546 0.8186644315719604
vn 0.5491296648979187 0.14161473512649536 0.8236515522003174
vn 0.3752909004688263 0.16818980872631073 0.9115201234817505
vn 0.37823447585105896 0.1398886889219284 0.9150791168212891
vn 0.375233918428421 0.1956292688846588 0.9060511589050293
vn 0.37387287616729736 0.22237622737884521 0.9004265069961548
vn 0.3672439455986023 0.26123306155204773 0.8926864862442017
vn 0.1894005388021469 0.2754133641719818 0.9424833655357361
vn 0.1852155476808548 0.26324090361595154 0.946783721446991
vn -0.0018768537556752563 0.27600428462028503 0.961154580116272
vn 0.1883462816476822 0.22413788735866547 0.9561840295791626
vn 0.18884404003620148 0.19549356400966644 0.962351381778717
vn 0.19368083775043488 0.16578994691371918 0.9669547080993652
vn 0.192111536860466 0.1405060887336731 0.9712626934051514
vn -0.001867682789452374 0.16526448726654053 0.9862475395202637
vn 0.0018653111765161157 0.1436787098646164 0.9896226525306702
vn -2.0202289751562567e-14 0.19535815715789795 0.9807319641113281
vn 0.0018764362903311849 0.2209913283586502 0.9752739667892456
vn -2.7237398127948412e-14 0.26338833570480347 0.9646899104118347
vn -0.18628738820552826 0.2775285542011261 0.9424833655357361
vn -0.18827718496322632 0.2610599100589752 0.946783721446991
vn -0.36552694439888 0.2767261266708374 0.888714075088501
vn -0.19120480120182037 0.2217043936252594 0.9561840295791626
vn -0.19153141975402832 0.1928613930940628 0.962351381778717
vn -0.19121457636356354 0.16862845420837402 0.9669547080993652
vn -0.18986952304840088 0.1435212939977646 0.9712626934051514
vn -0.3768156170845032 0.16474545001983643 0.9115201234817505
vn -0.37691399455070496 0.14340855181217194 0.9150791168212891
vn -0.3769600987434387 0.19228209555149078 0.9060511589050293
vn -0.37578341364860535 0.21913224458694458 0.9004265069961548
vn -0.3672439455986023 0.26123306155204773 0.8926864862442017
vn -0.5334907174110413 0.27246201038360596 0.8007197380065918
vn -0.5365582704544067 0.258392870426178 0.8033295273780823
vn -0.6796022653579712 0.2723178565502167 0.681163489818573
vn -0.5418566465377808 0.2203683853149414 0.8110666871070862
vn -0.5449713468551636 0.1921187937259674 0.8161473870277405
vn -0.5494416356086731 0.16704028844833374 0.8186644315719604
vn -0.550058126449585 0.1379643976688385 0.8236515522003174
vn -0.6980041265487671 0.1642829030752182 0.6969945430755615
vn -0.7004419565200806 0.13860583305358887 0.7001210451126099
vn -0.6935878396034241 0.1936531960964203 0.6938546895980835
vn -0.6892445683479309 0.21879936754703522 0.6907016038894653
vn -0.6823711395263672 0.26530343294143677 0.681163489818573
vn -0.7996388077735901 0.27766484022140503 0.5324283838272095
vn -0.8020054697990417 0.26336389780044556 0.5361219048500061
vn -0.8878122568130493 0.2749817669391632 0.3690181374549866
vn -0.8100837469100952 0.21999062597751617 0.5434780716896057
vn -0.8157208561897278 0.19806820154190063 0.5434780716896057
vn -0.8198819160461426 0.1686142534017563 0.5471406579017639
vn -0.822995662689209 0.13894419372081757 0.5507928133010864
vn -0.9106361269950867 0.1688723862171173 0.37712597846984863
vn -0.9156562089920044 0.13910338282585144 0.37712597846984863
vn -0.9062357544898987 0.19108310341835022 0.37712597846984863
vn -0.9012556076049805 0.22034713625907898 0.37307560443878174
vn -0.8921595811843872 0.2605319917201996 0.3690181374549866
vn -0.9435564279556274 0.27204445004463196 0.18892620503902435
vn -0.9456206560134888 0.2647799849510193 0.18892620503902435
vn -0.9612131118774414 0.2757980227470398 0.002184694167226553
vn -0.9568276405334473 0.22087953984737396 0.18892620503902435
vn -0.9623497724533081 0.19118285179138184 0.19321508705615997
vn -0.9665041565895081 0.16893091797828674 0.19321508705615997
vn -0.9712427258491516 0.1391238570213318 0.19321508705615997
vn -0.986227810382843 0.16537824273109436 0.002184694167226553
vn -0.9897211194038391 0.1429940164089203 0.002184694167226553
vn -0.9807829260826111 0.19508986175060272 0.002184694167226553
vn -0.9744431972503662 0.22462347149848938 0.002184694167226553
vn -0.9652689099311829 0.2612491250038147 0.002184694167226553
vn -0.9435564279556274 0.27204445004463196 -0.18892620503902435
vn -0.9456206560134888 0.2647799849510193 -0.18892620503902435
vn -0.8888170123100281 0.2717166841030121 -0.3690181374549866
vn -0.9568276405334473 0.22087953984737396 -0.18892620503902435
vn -0.9615597128868103 0.19511756300926208 -0.19321508705615997
vn -0.9002818465232849 0.22429253160953522 -0.37307560443878174
vn -0.9062357544898987 0.19108310341835022 -0.37712597846984863
vn -0.8909962177276611 0.2644832134246826 -0.3690181374549866
vn -0.8007397055625916 0.2744738757610321 -0.5324283838272095
vn -0.8030585646629333 0.26013511419296265 -0.5361219048500061
vn -0.6780157089233398 0.2762443721294403 -0.681163489818573
vn -0.8090003728866577 0.22394180297851562 -0.5434780716896057
vn -0.8165376782417297 0.19467344880104065 -0.5434780716896057
vn -0.6890203952789307 0.21950428187847137 -0.6907016038894653
vn -0.6924728751182556 0.1976029872894287 -0.6938546895980835
vn -0.6835711002349854 0.2621960937976837 -0.681163489818573
vn -0.5314995646476746 0.27632611989974976 -0.8007197380065918
vn -0.5360888838768005 0.25936537981033325 -0.8033295273780823
vn -0.369117796421051 0.2719179093837738 -0.888714075088501
vn -0.5415056943893433 0.2212294191122055 -0.8110666871070862
vn -0.544699490070343 0.19288821518421173 -0.8161473870277405
vn -0.373542845249176 0.2229301631450653 -0.9004265069961548
vn -0.37496650218963623 0.19614139199256897 -0.9060511589050293
vn -0.3689934015274048 0.2587560713291168 -0.8926864862442017
vn -0.18844002485275269 0.2760714292526245 -0.9424833655357361
vn -0.18642260134220123 0.2623874545097351 -0.946783721446991
vn 0.0018932452658191323 0.27600419521331787 -0.961154580116272
vn -0.0018891593208536506 0.26338157057762146 -0.9646899104118347
vn -0.1896323561668396 0.22305086255073547 -0.9561840295791626
vn -0.001896943198516965 0.22099114954471588 -0.9752739667892456
vn -0.18814851343631744 0.19616305828094482 -0.962351381778717
vn 0.00378825468942523 0.19532142579555511 -0.9807319641113281
vn 0.0019010230898857117 -0.16095295548439026 -0.986960232257843
vn -0.19260308146476746 -0.16051465272903442 -0.9680594801902771
vn 0.0019059260375797749 -0.11768467724323273 -0.9930492043495178
vn -0.1915186494588852 -0.1185833290219307 -0.9742990136146545
vn -0.3781184256076813 -0.16173294186592102 -0.9115201234817505
vn -0.3811068832874298 -0.11906211823225021 -0.916832447052002
vn -0.5487208962440491 -0.15681853890419006 -0.8211658596992493
vn -0.5505412220954895 -0.12011482566595078 -0.8261215686798096
vn -0.6995753049850464 -0.15745806694030762 -0.6969945430755615
vn -0.7013270854949951 -0.11662746965885162 -0.7032341957092285
vn -0.8220440149307251 -0.1577364057302475 -0.5471406579017639
vn -0.8259004354476929 -0.12048159539699554 -0.5507928133010864
vn -0.9119820594787598 -0.1614457219839096 -0.37712597846984863
vn -0.917101263999939 -0.11677049100399017 -0.3811691105365753
vn -0.9683573246002197 -0.1579621434211731 -0.19321508705615997
vn -0.9737197756767273 -0.12057263404130936 -0.19321508705615997
vn -0.9874485731124878 -0.15792569518089294 0.002184694167226553
vn -0.9927064776420593 -0.12053639441728592 0.002184694167226553
vn -0.9971474409103394 -0.07544711232185364 0.002184694167226553
vn -0.974193811416626 -0.11668062955141068 0.19321508705615997
vn -0.978538990020752 -0.07161982357501984 0.19321508705615997
vn -0.9166370034217834 -0.12036050856113434 0.3811691105365753
vn -0.9214290976524353 -0.07535576820373535 0.3811691105365753
vn -0.8264608979225159 -0.11657482385635376 0.5507928133010864
vn -0.8291422128677368 -0.0715937539935112 0.5544344186782837
vn -0.7007317543029785 -0.12015252560377121 0.7032341957092285
vn -0.7038685083389282 -0.07524289935827255 0.7063339352607727
vn -0.5506507754325867 -0.11961153149604797 0.8261215686798096
vn -0.5553097724914551 -0.07136676460504532 0.8285757899284363
vn -0.3800780475139618 -0.12230664491653442 0.916832447052002
vn -0.3806270360946655 -0.07115152478218079 0.9219872951507568
vn -0.19221104681491852 -0.11745772510766983 0.9742990136146545
vn -0.19620272517204285 -0.06964423507452011 0.9780870079994202
vn -0.0018674257444217801 -0.11768529564142227 0.9930492043495178
vn -0.0018501408630982041 -0.07418830692768097 0.9972425103187561
vn 0.19023217260837555 -0.12063631415367126 0.9742990136146545
vn 0.19492092728614807 -0.07315504550933838 0.9780870079994202
vn 0.38121497631073 -0.11871551722288132 0.916832447052002
vn 0.3799169957637787 -0.0748501867055893 0.9219872951507568
vn 0.5506507754325867 -0.11961153149604797 0.8261215686798096
vn 0.5548171401023865 -0.07510079443454742 0.8285757899284363
vn 0.7007317543029785 -0.12015252560377121 0.7032341957092285
vn 0.7038685083389282 -0.07524289935827255 0.7063339352607727
vn 0.8259255290031433 -0.12030945718288422 0.5507928133010864
vn 0.8288091421127319 -0.0753517746925354 0.5544344186782837
vn 0.9166370034217834 -0.12036050856113434 0.3811691105365753
vn 0.9214290976524353 -0.07535576820373535 0.3811691105365753
vn 0.9737379550933838 -0.12042580544948578 0.19321508705615997
vn 0.978256344795227 -0.0753820389509201 0.19321508705615997
vn 0.9927064776420593 -0.12053639441728592 0.002184694167226553
vn 0.9971474409103394 -0.07544711232185364 0.002184694167226553
vn 0.9874485731124878 -0.15792569518089294 0.002184694167226553
vn 0.9683573246002197 -0.1579621434211731 -0.19321508705615997
vn 0.9737197756767273 -0.12057263404130936 -0.19321508705615997
vn 0.9126323461532593 -0.15772832930088043 -0.37712597846984863
vn 0.9166165590286255 -0.12051613628864288 -0.3811691105365753
vn 0.8220440149307251 -0.1577364057302475 -0.5471406579017639
vn 0.8259004354476929 -0.12048159539699554 -0.5507928133010864
vn 0.6995753049850464 -0.15745806694030762 -0.6969945430755615
vn 0.7006971836090088 -0.12035387009382248 -0.7032341957092285
vn 0.5487208962440491 -0.15681853890419006 -0.8211658596992493
vn 0.5505412220954895 -0.12011482566595078 -0.8261215686798096
vn 0.3781184256076813 -0.16173294186592102 -0.9115201234817505
vn 0.3811068832874298 -0.11906211823225021 -0.916832447052002
vn 0.19260308146476746 -0.16051465272903442 -0.9680594801902771
vn 0.19348372519016266 -0.11534924060106277 -0.9742990136146545
vn 0.0019010230898857117 -0.16095295548439026 -0.986960232257843
vn 0.0019059260375797749 -0.11768467724323273 -0.9930492043495178
vn 0.001910788007080555 -0.074186772108078 -0.9972425103187561
vn 0.001892047468572855 -0.03489676117897034 -0.999389111995697
vn -0.19592657685279846 -0.0704173594713211 -0.9780870079994202
vn -0.196076899766922 -0.03755752742290497 -0.97986900806427
vn -0.3798716962337494 -0.07507968693971634 -0.9219872951507568
vn -0.38199183344841003 -0.030253274366259575 -0.9236704111099243
vn -0.5552704930305481 -0.07167203724384308 -0.8285757899284363
vn -0.5554283857345581 -0.03024507313966751 -0.8310141563415527
vn -0.7042468786239624 -0.07161490619182587 -0.7063339352607727
vn -0.7070633172988892 -0.03396793454885483 -0.7063339352607727
vn -0.5562512278556824 -1.150456140942835e-13 -0.8310141563415527
vn -0.3831879794597626 -7.925212949008026e-14 -0.9236704111099243
vn -0.19535815715789795 -4.0404579503125135e-14 -0.9807319641113281
vn -2.0682311115474694e-13 0 -1
vn -0.8287992477416992 -0.07546036690473557 -0.5544344186782837
vn -0.8316786289215088 -0.03021901473402977 -0.5544344186782837
vn -0.9217216968536377 -0.07168864458799362 -0.3811691105365753
vn -0.9238805174827576 -0.033984243869781494 -0.3811691105365753
vn -0.9782492518424988 -0.07547423243522644 -0.19321508705615997
vn -0.9806910753250122 -0.030214769765734673 -0.19321508705615997
vn -0.7078686952590942 0.0037756471429020166 -0.7063339352607727
vn -0.8322274088859558 -1.721238575931247e-13 -0.5544344186782837
vn -0.9244976043701172 0.0037768674083054066 -0.3811691105365753
vn -0.9811564087867737 -2.0249009717240862e-13 -0.19321508705615997
vn -0.9995414018630981 -0.0302029550075531 0.002184694167226553
vn -0.999997615814209 -2.0682260971124217e-13 0.002184694167226553
vn -2.0682311115474694e-13 0 -1
vn -0.19535815715789795 -4.0404579503125135e-14 -0.9807319641113281
vn -2.0682311115474694e-13 0 -1
vn -0.19535815715789795 -4.0404579503125135e-14 -0.9807319641113281
vn -2.0682311115474694e-13 0 -1
vn -0.19535815715789795 -4.0404579503125135e-14 -0.9807319641113281
vn -0.3831879794597626 -7.925212949008026e-14 -0.9236704111099243
vn -0.3831879794597626 -7.925212949008026e-14 -0.9236704111099243
vn -0.5562512278556824 -1.150456140942835e-13 -0.8310141563415527
vn -0.5562512278556824 -1.150456140942835e-13 -0.8310141563415527
vn -0.7078686952590942 0.0037756471429020166 -0.7063339352607727
vn -0.7078686952590942 0.0037756471429020166 -0.7063339352607727
vn -0.8322274088859558 -1.721238575931247e-13 -0.5544344186782837
vn -0.8322274088859558 -1.721238575931247e-13 -0.5544344186782837
vn -0.7078686952590942 0.0037756471429020166 -0.7063339352607727
vn -0.3831879794597626 -7.925212949008026e-14 -0.9236704111099243
vn -0.5562512278556824 -1.150456140942835e-13 -0.8310141563415527
vn -0.9244976043701172 0.0037768674083054066 -0.3811691105365753
vn -0.9244976043701172 0.0037768674083054066 -0.3811691105365753
vn -0.8322274088859558 -1.721238575931247e-13 -0.5544344186782837
vn -0.9244976043701172 0.0037768674083054066 -0.3811691105365753
vn -0.9811564087867737 -2.0249009717240862e-13 -0.19321508705615997
vn -0.9811564087867737 -2.0249009717240862e-13 -0.19321508705615997
vn -0.999997615814209 -2.0682260971124217e-13 0.002184694167226553
vn -0.999997615814209 -2.0682260971124217e-13 0.002184694167226553
vn -0.9811564087867737 -2.0249009717240862e-13 -0.19321508705615997
vn -0.999997615814209 -2.0682260971124217e-13 0.002184694167226553
vn -0.9995414018630981 0.0302029550075531 0.002184694167226553
vn -0.9811491966247559 0.0037728105671703815 0.19321508705615997
vn -0.980800986289978 0.026406550779938698 0.19321508705615997
vn -0.924505352973938 -1.9120906843538704e-13 0.3811691105365753
vn -0.9240128993988037 0.03017042577266693 0.3811691105365753
vn -0.8322188854217529 0.0037727425806224346 0.5544344186782837
vn -0.8318084478378296 0.026404855772852898 0.5544344186782837
vn -0.7078787684440613 -1.4640568759497624e-13 0.7063339352607727
vn -0.7072365880012512 0.030145006254315376 0.7063339352607727
vn -0.5562512278556824 -1.150456140942835e-13 0.8310141563415527
vn -0.5554354190826416 0.030114835128188133 0.8310141563415527
vn -0.3831879794597626 -7.925212949008026e-14 0.9236704111099243
vn -0.3820067346096039 0.03006458282470703 0.9236704111099243
vn -0.19535815715789795 -4.0404579503125135e-14 0.9807319641113281
vn -0.19306863844394684 0.029821282252669334 0.9807319641113281
vn 0 0 1
vn -0.0017888620495796204 0.026152238249778748 0.9996563792228699
vn 0.19535815715789795 0 0.9807319641113281
vn 0.19306863844394684 0.029821282252669334 0.9807319641113281
vn 0.3831879794597626 0 0.9236704111099243
vn 0.3820067346096039 0.03006458282470703 0.9236704111099243
vn 0.5562512278556824 0 0.8310141563415527
vn 0.5554354190826416 0.030114835128188133 0.8310141563415527
vn 0.7078787684440613 0 0.7063339352607727
vn 0.7072365880012512 0.030145006254315376 0.7063339352607727
vn 0.8322274088859558 0 0.5544344186782837
vn 0.831680178642273 0.030175428837537766 0.5544344186782837
vn 0.924505352973938 0 0.3811691105365753
vn 0.9240128993988037 0.03017042577266693 0.3811691105365753
vn 0.9811564087867737 0 0.19321508705615997
vn 0.9806922078132629 0.030177798122167587 0.19321508705615997
vn 0.999997615814209 0 0.002184694167226553
vn 0.9995414018630981 0.0302029550075531 0.002184694167226553
vn 0.9776477217674255 0.08290307223796844 0.19321508705615997
vn 0.9965491890907288 0.08297525346279144 0.002184694167226553
vn 0.9727830290794373 0.12791074812412262 0.19321508705615997
vn 0.991767942905426 0.1280297040939331 0.002184694167226553
vn -0.9965491890907288 0.08297525346279144 0.002184694167226553
vn 0.9156243801116943 0.1278361678123474 0.3811691105365753
vn 0.920783519744873 0.08287201821804047 0.3811691105365753
vn 0.8248041272163391 0.127771258354187 0.5507928133010864
vn 0.8280919194221497 0.08286309242248535 0.5544344186782837
vn 0.7025495171546936 0.1274939328432083 0.7001210451126099
vn 0.7030273079872131 0.08273431658744812 0.7063339352607727
vn 0.5537565350532532 0.08255847543478012 0.8285757899284363
vn 0.5526977777481079 0.12697753310203552 0.8236515522003174
vn 0.37890729308128357 0.12588688731193542 0.916832447052002
vn 0.3825383484363556 0.08207958936691284 0.9202865362167358
vn 0.1908334642648697 0.12751084566116333 0.9733054637908936
vn 0.19665192067623138 0.08044116944074631 0.9771679639816284
vn -0.0018551399698480964 0.1263599395751953 0.9919826984405518
vn 0.003720331471413374 0.08283961564302444 0.9965559244155884
vn -0.19665192067623138 0.08044116944074631 0.9771679639816284
vn -0.1908334642648697 0.12751084566116333 0.9733054637908936
vn -0.3800780475139618 0.12230664491653442 0.916832447052002
vn -0.3833092451095581 0.07840069383382797 0.9202865362167358
vn -0.5535289645195007 0.12330383062362671 0.8236515522003174
vn -0.5542993545532227 0.07883141934871674 0.8285757899284363
vn -0.7032128572463989 0.12378272414207458 0.7001210451126099
vn -0.7030273079872131 0.08273431658744812 0.7063339352607727
vn -0.8284590244293213 0.07910824567079544 0.5544344186782837
vn -0.8253732323646545 0.12404162436723709 0.5507928133010864
vn -0.9156243801116943 0.1278361678123474 0.3811691105365753
vn -0.920783519744873 0.08287201821804047 0.3811691105365753
vn -0.9779592752456665 0.07914313673973083 0.19321508705615997
vn -0.991767942905426 0.1280297040939331 0.002184694167226553
vn -0.973267674446106 0.12416919320821762 0.19321508705615997
vn 0.9995414018630981 -0.0302029550075531 0.002184694167226553
vn 0.9782492518424988 -0.07547423243522644 -0.19321508705615997
vn 0.9806910753250122 -0.030214769765734673 -0.19321508705615997
vn 0.9214211106300354 -0.07545354217290878 -0.3811691105365753
vn 0.9240116477012634 -0.030209645628929138 -0.3811691105365753
vn 0.8287992477416992 -0.07546036690473557 -0.5544344186782837
vn 0.8316786289215088 -0.03021901473402977 -0.5544344186782837
vn 0.7038548588752747 -0.07537016272544861 -0.7063339352607727
vn 0.7072344422340393 -0.03019615449011326 -0.7063339352607727
vn 0.8322274088859558 0 -0.5544344186782837
vn 0.924505352973938 0 -0.3811691105365753
vn 0.9811564087867737 0 -0.19321508705615997
vn 0.999997615814209 0 0.002184694167226553
vn 0.5547735691070557 -0.07542183995246887 -0.8285757899284363
vn 0.5554283857345581 -0.03024507313966751 -0.8310141563415527
vn 0.3798716962337494 -0.07507968693971634 -0.9219872951507568
vn 0.38199183344841003 -0.030253274366259575 -0.9236704111099243
vn 0.19461560249328613 -0.0739634782075882 -0.9780870079994202
vn 0.196076899766922 -0.03755752742290497 -0.97986900806427
vn 0.001910788007080555 -0.074186772108078 -0.9972425103187561
vn 0.7078787684440613 0 -0.7063339352607727
vn 0.5562512278556824 0 -0.8310141563415527
vn 0.3831879794597626 0 -0.9236704111099243
vn 0.19535815715789795 0 -0.9807319641113281
vn 0.001892047468572855 -0.03489676117897034 -0.999389111995697
vn -2.0682311115474694e-13 0 -1
vn 0.999997615814209 0 0.002184694167226553
vn 0.9811564087867737 0 -0.19321508705615997
vn 0.999997615814209 0 0.002184694167226553
vn 0.9811564087867737 0 -0.19321508705615997
vn 0.9811564087867737 0 -0.19321508705615997
vn 0.924505352973938 0 -0.3811691105365753
vn 0.924505352973938 0 -0.3811691105365753
vn 0.8322274088859558 0 -0.5544344186782837
vn 0.8322274088859558 0 -0.5544344186782837
vn 0.7078787684440613 0 -0.7063339352607727
vn 0.7078787684440613 0 -0.7063339352607727
vn 0.5562512278556824 0 -0.8310141563415527
vn 0.5562512278556824 0 -0.8310141563415527
vn 0.7078787684440613 0 -0.7063339352607727
vn 0.924505352973938 0 -0.3811691105365753
vn 0.8322274088859558 0 -0.5544344186782837
vn 0.3831879794597626 0 -0.9236704111099243
vn 0.3831879794597626 0 -0.9236704111099243
vn 0.5562512278556824 0 -0.8310141563415527
vn 0.3831879794597626 0 -0.9236704111099243
vn 0.19535815715789795 0 -0.9807319641113281
vn 0.19535815715789795 0 -0.9807319641113281
vn -2.0682311115474694e-13 0 -1
vn -2.0682311115474694e-13 0 -1
vn 0.19535815715789795 0 -0.9807319641113281
vn -2.0682311115474694e-13 0 -1
vn 3.097898456858039e-13 -0.999997615814209 0.002184694167226553
vn 3.097898456858039e-13 -0.999997615814209 0.002184694167226553
vn 3.097898456858039e-13 -0.999997615814209 0.002184694167226553
vn 3.097898456858039e-13 -0.999997615814209 0.002184694167226553
vn 3.097898456858039e-13 -0.999997615814209 0.002184694167226553
vn 3.097898456858039e-13 -0.999997615814209 0.002184694167226553
vn 3.097898456858039e-13 -0.999997615814209 0.002184694167226553
vn 3.097898456858039e-13 -0.999997615814209 0.002184694167226553
vn 3.097898456858039e-13 -0.999997615814209 0.002184694167226553
vn 3.097898456858039e-13 -0.999997615814209 0.002184694167226553
vn 3.097898456858039e-13 -0.999997615814209 0.002184694167226553
vn 3.097898456858039e-13 -0.999997615814209 0.002184694167226553
vn 3.097898456858039e-13 -0.999997615814209 0.002184694167226553
vn 3.097898456858039e-13 -0.999997615814209 0.002184694167226553
vn 3.097898456858039e-13 -0.999997615814209 0.002184694167226553
vn 3.097898456858039e-13 -0.999997615814209 0.002184694167226553
vn 3.097898456858039e-13 -0.999997615814209 0.002184694167226553
vn 3.097898456858039e-13 -0.999997615814209 0.002184694167226553
vn 3.097898456858039e-13 -0.999997615814209 0.002184694167226553
vn 3.097898456858039e-13 -0.999997615814209 0.002184694167226553
vn 3.097898456858039e-13 -0.999997615814209 0.002184694167226553
vn 3.097898456858039e-13 -0.999997615814209 0.002184694167226553
vn 3.097898456858039e-13 -0.999997615814209 0.002184694167226553
vn 3.097898456858039e-13 -0.999997615814209 0.002184694167226553
vn 3.097898456858039e-13 -0.999997615814209 0.002184694167226553
vn 3.097898456858039e-13 -0.999997615814209 0.002184694167226553
vn 3.097898456858039e-13 -0.999997615814209 0.002184694167226553
vn 3.097898456858039e-13 -0.999997615814209 0.002184694167226553
vn 3.097898456858039e-13 -0.999997615814209 0.002184694167226553
vn 3.097898456858039e-13 -0.999997615814209 0.002184694167226553
vn 3.097898456858039e-13 -0.999997615814209 0.002184694167226553
vn 3.097898456858039e-13 -0.999997615814209 0.002184694167226553
vn 3.097898456858039e-13 -0.999997615814209 0.002184694167226553
vn 3.097898456858039e-13 -0.999997615814209 0.002184694167226553
vn 3.097898456858039e-13 -0.999997615814209 0.002184694167226553
vn 3.097898456858039e-13 -0.999997615814209 0.002184694167226553
vn 3.097898456858039e-13 -0.999997615814209 0.002184694167226553
vn 3.097898456858039e-13 -0.999997615814209 0.002184694167226553
vn 3.097898456858039e-13 -0.999997615814209 0.002184694167226553
vn 3.097898456858039e-13 -0.999997615814209 0.002184694167226553
vn 3.097898456858039e-13 -0.999997615814209 0.002184694167226553
vn 3.097898456858039e-13 -0.999997615814209 0.002184694167226553
vn 3.097898456858039e-13 -0.999997615814209 0.002184694167226553
vn 3.097898456858039e-13 -0.999997615814209 0.002184694167226553
vn 3.097898456858039e-13 -0.999997615814209 0.002184694167226553
vn 3.097898456858039e-13 -0.999997615814209 0.002184694167226553
vn 3.097898456858039e-13 -0.999997615814209 0.002184694167226553
vn 3.097898456858039e-13 -0.999997615814209 0.002184694167226553
vn 3.097898456858039e-13 -0.999997615814209 0.002184694167226553
vn 3.097898456858039e-13 -0.999997615814209 0.002184694167226553
vn 3.097898456858039e-13 -0.999997615814209 0.002184694167226553
vn 3.097898456858039e-13 -0.999997615814209 0.002184694167226553
vn 3.097898456858039e-13 -0.999997615814209 0.002184694167226553
vn 3.097898456858039e-13 -0.999997615814209 0.002184694167226553
vn 3.097898456858039e-13 -0.999997615814209 0.002184694167226553
vn 3.097898456858039e-13 -0.999997615814209 0.002184694167226553
vn 3.097898456858039e-13 -0.999997615814209 0.002184694167226553
vn 3.097898456858039e-13 -0.999997615814209 0.002184694167226553
vn 3.097898456858039e-13 -0.999997615814209 0.002184694167226553
vn 3.097898456858039e-13 -0.999997615814209 0.002184694167226553
vn 3.097898456858039e-13 -0.999997615814209 0.002184694167226553
vn 3.097898456858039e-13 -0.999997615814209 0.002184694167226553
vn 3.097898456858039e-13 -0.999997615814209 0.002184694167226553
vn 3.097898456858039e-13 -0.999997615814209 0.002184694167226553
vn -0.9244976043701172 0.0037768674083054066 -0.3811691105365753
vn -0.9811564087867737 -2.0249009717240862e-13 -0.19321508705615997
vn -0.9811564087867737 -2.0249009717240862e-13 -0.19321508705615997
vn -0.999997615814209 -2.0682260971124217e-13 0.002184694167226553
vn -0.999997615814209 -2.0682260971124217e-13 0.002184694167226553
vn -0.9811491966247559 0.0037728105671703815 0.19321508705615997
vn -0.9811491966247559 0.0037728105671703815 0.19321508705615997
vn -0.924505352973938 -1.9120906843538704e-13 0.3811691105365753
vn -0.924505352973938 -1.9120906843538704e-13 0.3811691105365753
vn -0.8322188854217529 0.0037727425806224346 0.5544344186782837
vn -0.8322188854217529 0.0037727425806224346 0.5544344186782837
vn -0.7078787684440613 -1.4640568759497624e-13 0.7063339352607727
vn -0.7078787684440613 -1.4640568759497624e-13 0.7063339352607727
vn -0.5562512278556824 -1.150456140942835e-13 0.8310141563415527
vn -0.5562512278556824 -1.150456140942835e-13 0.8310141563415527
vn -0.3831879794597626 -7.925212949008026e-14 0.9236704111099243
vn -0.3831879794597626 -7.925212949008026e-14 0.9236704111099243
vn -0.19535815715789795 -4.0404579503125135e-14 0.9807319641113281
vn -0.19535815715789795 -4.0404579503125135e-14 0.9807319641113281
vn 0 0 1
vn 0 0 1
vn 0.19535815715789795 0 0.9807319641113281
vn 0.19535815715789795 0 0.9807319641113281
vn 0.3831879794597626 0 0.9236704111099243
vn 0.3831879794597626 0 0.9236704111099243
vn 0.5562512278556824 0 0.8310141563415527
vn 0.5562512278556824 0 0.8310141563415527
vn 0.7078787684440613 0 0.7063339352607727
vn 0.7078787684440613 0 0.7063339352607727
vn 0.8322274088859558 0 0.5544344186782837
vn 0.8322274088859558 0 0.5544344186782837
vn 0.924505352973938 0 0.3811691105365753
vn 0.924505352973938 0 0.3811691105365753
vn 0.9811564087867737 0 0.19321508705615997
vn 0.9811564087867737 0 0.19321508705615997
vn 0.999997615814209 0 0.002184694167226553
vn 0.999997615814209 0 0.002184694167226553
vn 0.9811564087867737 0 -0.19321508705615997
vn 0.9811564087867737 0 -0.19321508705615997
vn 0.924505352973938 0 -0.3811691105365753
vn 0.924505352973938 0 -0.3811691105365753
vn 0.8322274088859558 0 -0.5544344186782837
vn 0.8322274088859558 0 -0.5544344186782837
vn 0.7078787684440613 0 -0.7063339352607727
vn 0.7078787684440613 0 -0.7063339352607727
vn 0.5562512278556824 0 -0.8310141563415527
vn 0.5562512278556824 0 -0.8310141563415527
vn 0.3831879794597626 0 -0.9236704111099243
vn 0.3831879794597626 0 -0.9236704111099243
vn 0.19535815715789795 0 -0.9807319641113281
vn 0.19535815715789795 0 -0.9807319641113281
vn -2.0682311115474694e-13 0 -1
vn -2.0682311115474694e-13 0 -1
vn -0.19535815715789795 -4.0404579503125135e-14 -0.9807319641113281
vn -0.19535815715789795 -4.0404579503125135e-14 -0.9807319641113281
vn -0.3831879794597626 -7.925212949008026e-14 -0.9236704111099243
vn -0.3831879794597626 -7.925212949008026e-14 -0.9236704111099243
vn -0.5562512278556824 -1.150456140942835e-13 -0.8310141563415527
vn -0.5562512278556824 -1.150456140942835e-13 -0.8310141563415527
vn -0.7078686952590942 0.0037756471429020166 -0.7063339352607727
vn -0.7078686952590942 0.0037756471429020166 -0.7063339352607727
vn -0.8322274088859558 -1.721238575931247e-13 -0.5544344186782837
vn -0.8322274088859558 -1.721238575931247e-13 -0.5544344186782837
vn -0.9244976043701172 0.0037768674083054066 -0.3811691105365753
vn 3.097898456858039e-13 -0.999997615814209 0.002184694167226553
vn 3.097898456858039e-13 -0.999997615814209 0.002184694167226553
vn 3.097898456858039e-13 -0.999997615814209 0.002184694167226553
vn 3.097898456858039e-13 -0.999997615814209 0.002184694167226553
vn 3.097898456858039e-13 -0.999997615814209 0.002184694167226553
vn 3.097898456858039e-13 -0.999997615814209 0.002184694167226553
vn 0.8435996174812317 0.030215149745345116 -0.5361219048500061
vn 0.8435996174812317 0.030215149745345116 -0.5361219048500061
vn 0.9473642110824585 0.015109059400856495 -0.3198012113571167
vn 0.9429394602775574 0.022646378725767136 -0.33219319581985474
vn 0.995171308517456 0 -0.0981530249118805
vn 0.995171308517456 0 -0.0981530249118805
vn -0.995171308517456 -2.0582442542861623e-13 -0.0981530249118805
vn -0.995171308517456 -2.0582442542861623e-13 -0.0981530249118805
vn -0.9473642110824585 0.015109059400856495 -0.3198012113571167
vn -0.9430225491523743 0.018872536718845367 -0.33219319581985474
vn -0.8435996174812317 0.030215149745345116 -0.5361219048500061
vn -0.8435996174812317 0.030215149745345116 -0.5361219048500061
vn -0.11480819433927536 -0.025930574163794518 0.9930492043495178
vn -0.11480819433927536 -0.025930574163794518 0.9930492043495178
vn -0.0017888620495796204 -0.026152238249778748 0.9996563792228699
vn -0.0017888620495796204 -0.026152238249778748 0.9996563792228699
vn 0.11557311564683914 -0.022274892777204514 0.9930492043495178
vn 0.11557311564683914 -0.022274892777204514 0.9930492043495178
vn -0.10997246205806732 -0.14562708139419556 0.983208417892456
vn -0.10995746403932571 -0.0706653743982315 0.991421103477478
vn 0.0018599432660266757 -0.1480017900466919 0.9889853596687317
vn -0.0018501408630982041 -0.07418830692768097 0.9972425103187561
vn 0.10695929080247879 -0.14785431325435638 0.983208417892456
vn 0.10995746403932571 -0.0706653743982315 0.991421103477478
vn 0 0 1
vn 0.10901768505573273 0 0.9940398335456848
vn -0.10901768505573273 -2.254737669900135e-14 0.9940398335456848
vn -0.7798635363578796 0.3168962895870209 -0.5398051738739014
vn -0.7522990107536316 0.34431856870651245 -0.5616858005523682
vn -0.9638302326202393 0.13181225955486298 -0.23163928091526031
vn -0.8340252637863159 0.28569045662879944 -0.4719987213611603
vn -0.9904640316963196 0.06791415065526962 -0.11986933648586273
vn -0.9028304815292358 0.220732182264328 -0.3690181374549866
vn -0.7710484862327576 0.3377789556980133 -0.5398051738739014
vn -0.8008468151092529 0.31382590532302856 -0.5100564956665039
vn -0.7087824940681458 0.38086044788360596 -0.5937783122062683
vn -0.999997615814209 -2.0682260971124217e-13 0.002184694167226553
vn -0.999997615814209 -2.0682260971124217e-13 0.002184694167226553
vn -0.999997615814209 -2.0682260971124217e-13 0.002184694167226553
vn -0.999997615814209 -2.0682260971124217e-13 0.002184694167226553
vn -0.999997615814209 -2.0682260971124217e-13 0.002184694167226553
vn -0.999997615814209 -2.0682260971124217e-13 0.002184694167226553
vn -0.999997615814209 -2.0682260971124217e-13 0.002184694167226553
vn -0.999997615814209 -2.0682260971124217e-13 0.002184694167226553
vn -0.999997615814209 -2.0682260971124217e-13 0.002184694167226553
vn -0.999997615814209 -2.0682260971124217e-13 0.002184694167226553
vn -0.999997615814209 -2.0682260971124217e-13 0.002184694167226553
vn -0.999997615814209 -2.0682260971124217e-13 0.002184694167226553
vn -0.999997615814209 -2.0682260971124217e-13 0.002184694167226553
vn -0.999997615814209 -2.0682260971124217e-13 0.002184694167226553
vn -0.999997615814209 -2.0682260971124217e-13 0.002184694167226553
vn -0.999997615814209 -2.0682260971124217e-13 0.002184694167226553
vn -0.999997615814209 -2.0682260971124217e-13 0.002184694167226553
vn -0.999997615814209 -2.0682260971124217e-13 0.002184694167226553
vn 0.7069861888885498 0.3841846287250519 -0.5937783122062683
vn 0.7710484862327576 0.3377789556980133 -0.5398051738739014
vn 0.7522990107536316 0.34431856870651245 -0.5616858005523682
vn 0.8327931761741638 0.28926241397857666 -0.4719987213611603
vn 0.7798635363578796 0.3168962895870209 -0.5398051738739014
vn 0.9633111357688904 0.13555409014225006 -0.23163928091526031
vn 0.9037201404571533 0.2170611172914505 -0.3690181374549866
vn 0.9904640316963196 0.06791415065526962 -0.11986933648586273
vn 0.999997615814209 0 0.002184694167226553
vn 0.999997615814209 0 0.002184694167226553
vn 0.999997615814209 0 0.002184694167226553
vn 0.999997615814209 0 0.002184694167226553
vn 0.999997615814209 0 0.002184694167226553
vn 0.999997615814209 0 0.002184694167226553
vn 0.8022180199623108 0.31030407547950745 -0.5100564956665039
vn 0.999997615814209 0 0.002184694167226553
vn 0.999997615814209 0 0.002184694167226553
vn 0.999997615814209 0 0.002184694167226553
vn 0.999997615814209 0 0.002184694167226553
vn 0.999997615814209 0 0.002184694167226553
vn 0.999997615814209 0 0.002184694167226553
vn 0.999997615814209 0 0.002184694167226553
vn 0.999997615814209 0 0.002184694167226553
vn 0.999997615814209 0 0.002184694167226553
vn 0.999997615814209 0 0.002184694167226553
vn 0.999997615814209 0 0.002184694167226553
vn 0.999997615814209 0 0.002184694167226553
vn 0.3641987442970276 0.1191314309835434 -0.9236704111099243
vn 0.34826403856277466 0.06758876144886017 -0.9349566102027893
vn 0.3641987442970276 0.1191314309835434 -0.9236704111099243
vn 0.34826403856277466 0.06758876144886017 -0.9349566102027893
vn 0.3911718726158142 0.007563420571386814 -0.9202865362167358
vn 0.3911718726158142 0.007563420571386814 -0.9202865362167358
vn -1.0341130485562108e-13 0.999997615814209 0.002184694167226553
vn -1.0341130485562108e-13 0.999997615814209 0.002184694167226553
vn -1.0341130485562108e-13 0.999997615814209 0.002184694167226553
vn -1.0341130485562108e-13 0.999997615814209 0.002184694167226553
vn -1.0341130485562108e-13 0.999997615814209 0.002184694167226553
vn -1.0341130485562108e-13 0.999997615814209 0.002184694167226553
vn -1.0341130485562108e-13 0.999997615814209 0.002184694167226553
vn -1.0341130485562108e-13 0.999997615814209 0.002184694167226553
vn -1.0341130485562108e-13 0.999997615814209 0.002184694167226553
vn -1.0341130485562108e-13 0.999997615814209 0.002184694167226553
vn -1.0341130485562108e-13 0.999997615814209 0.002184694167226553
vn -1.0341130485562108e-13 0.999997615814209 0.002184694167226553
vn -1.0341130485562108e-13 0.999997615814209 0.002184694167226553
vn -1.0341130485562108e-13 0.999997615814209 0.002184694167226553
vn -1.0341130485562108e-13 0.999997615814209 0.002184694167226553
vn -1.0341130485562108e-13 0.999997615814209 0.002184694167226553
vn -1.0341130485562108e-13 0.999997615814209 0.002184694167226553
vn -1.0341130485562108e-13 0.999997615814209 0.002184694167226553
vn -1.0341130485562108e-13 0.999997615814209 0.002184694167226553
vn -1.0341130485562108e-13 0.999997615814209 0.002184694167226553
vn -1.0341130485562108e-13 0.999997615814209 0.002184694167226553
vn -1.0341130485562108e-13 0.999997615814209 0.002184694167226553
vn -1.0341130485562108e-13 0.999997615814209 0.002184694167226553
vn -1.0341130485562108e-13 0.999997615814209 0.002184694167226553
vn -1.0341130485562108e-13 0.999997615814209 0.002184694167226553
vn -1.0341130485562108e-13 0.999997615814209 0.002184694167226553
vn -1.0341130485562108e-13 0.999997615814209 0.002184694167226553
vn 0.9432113766670227 0 -0.33219319581985474
vn 0.9851431250572205 0 -0.17173540592193604
vn 0.9432113766670227 0 -0.33219319581985474
vn 0.9858840703964233 0 -0.16742929816246033
vn 0.917204737663269 -0.03022308088839054 -0.3972681760787964
vn 0.999997615814209 0 0.002184694167226553
vn 0.999997615814209 0 0.002184694167226553
vn 0.999997615814209 0 0.002184694167226553
vn 0.999997615814209 0 0.002184694167226553
vn 0.999997615814209 0 0.002184694167226553
vn 0.999997615814209 0 0.002184694167226553
vn 0.999997615814209 0 0.002184694167226553
vn 0.999997615814209 0 0.002184694167226553
vn 0.999997615814209 0 0.002184694167226553
vn 0.999997615814209 0 0.002184694167226553
vn 0.999997615814209 0 0.002184694167226553
vn 0.9993103742599487 0 -0.03713129088282585
vn 0.999997615814209 0 0.002184694167226553
vn 0.9979936480522156 0 -0.0633138045668602
vn 0.9417206645011902 0.007547362241894007 -0.3363112509250641
vn 0.940151035785675 0.015109083615243435 -0.34042292833328247
vn 0.8438363075256348 0.022663479670882225 -0.5361219048500061
vn 0.8438363075256348 0.022663479670882225 -0.5361219048500061
vn 0.9369879961013794 0.022647753357887268 -0.34862664341926575
vn 0.8432953953742981 0.03776439651846886 -0.5361219048500061
vn 0.9973737001419067 0.007550365757197142 -0.07203252613544464
vn 0.999997615814209 0 0.002184694167226553
vn 0.999997615814209 0 0.002184694167226553
vn 0.999997615814209 0 0.002184694167226553
vn 0.999997615814209 0 0.002184694167226553
vn 0.999997615814209 0 0.002184694167226553
vn 0.999997615814209 0 0.002184694167226553
vn 0.999997615814209 0 0.002184694167226553
vn 0.999997615814209 0 0.002184694167226553
vn 0.999997615814209 0 0.002184694167226553
vn 0.9427279829978943 -0.030192913487553596 -0.33219319581985474
vn 0.9773670434951782 -0.022664498537778854 -0.2103329300880432
vn 0.7788705825805664 -0.052864495664834976 -0.6249527335166931
vn -0.8438363075256348 0.022663479670882225 -0.5361219048500061
vn -0.8438363075256348 0.022663479670882225 -0.5361219048500061
vn -0.9417206645011902 0.007547362241894007 -0.3363112509250641
vn -0.940151035785675 0.015109083615243435 -0.34042292833328247
vn -0.9993103742599487 -2.0668048435895647e-13 -0.03713129088282585
vn -0.9979865550994873 0.0037729027681052685 -0.0633138045668602
vn -0.9369879961013794 0.022647753357887268 -0.34862664341926575
vn -0.9973737001419067 0.007550365757197142 -0.07203252613544464
vn -0.999997615814209 -2.0682260971124217e-13 0.002184694167226553
vn -0.999997615814209 -2.0682260971124217e-13 0.002184694167226553
vn -0.8432953953742981 0.03776439651846886 -0.5361219048500061
vn -0.999997615814209 -2.0682260971124217e-13 0.002184694167226553
vn -0.999997615814209 -2.0682260971124217e-13 0.002184694167226553
vn -0.999997615814209 -2.0682260971124217e-13 0.002184694167226553
vn -0.999997615814209 -2.0682260971124217e-13 0.002184694167226553
vn -0.999997615814209 -2.0682260971124217e-13 0.002184694167226553
vn -0.999997615814209 -2.0682260971124217e-13 0.002184694167226553
vn -0.999997615814209 -2.0682260971124217e-13 0.002184694167226553
vn -0.999997615814209 -2.0682260971124217e-13 0.002184694167226553
vn -0.999997615814209 -2.0682260971124217e-13 0.002184694167226553
vn -0.999997615814209 -2.0682260971124217e-13 0.002184694167226553
vn -0.999997615814209 -2.0682260971124217e-13 0.002184694167226553
vn -0.999997615814209 -2.0682260971124217e-13 0.002184694167226553
vn -0.999997615814209 -2.0682260971124217e-13 0.002184694167226553
vn -0.999997615814209 -2.0682260971124217e-13 0.002184694167226553
vn -0.999997615814209 -2.0682260971124217e-13 0.002184694167226553
vn -0.999997615814209 -2.0682260971124217e-13 0.002184694167226553
vn -0.999997615814209 -2.0682260971124217e-13 0.002184694167226553
vn -0.999997615814209 -2.0682260971124217e-13 0.002184694167226553
vn -0.999997615814209 -2.0682260971124217e-13 0.002184694167226553
vn -0.9851431250572205 -2.0375036022517862e-13 -0.17173540592193604
vn -0.9858840703964233 -2.0390361220225944e-13 -0.16742929816246033
vn -0.9432038068771362 -0.0037747491151094437 -0.33219319581985474
vn -0.9432038068771362 -0.0037747491151094437 -0.33219319581985474
vn -0.9774473309516907 -0.01888759806752205 -0.2103329300880432
vn -0.9170725345611572 -0.033999331295490265 -0.3972681760787964
vn -0.9428412914276123 -0.026419857516884804 -0.33219319581985474
vn -0.778605580329895 -0.05663411319255829 -0.6249527335166931
vn 0.24225163459777832 0 0.9702134728431702
vn 0 0 1
vn 0.24225163459777832 0 0.9702134728431702
vn 0 0 1
vn -0.2422226220369339 0.0037488944362848997 0.9702134728431702
vn -0.2422226220369339 0.0037488944362848997 0.9702134728431702
vn -1.1273688349500675e-14 0.10901768505573273 0.9940398335456848
vn -0.20608735084533691 0.09093627333641052 0.9742990136146545
vn -0.0018551399698480964 0.1263599395751953 0.9919826984405518
vn -0.13788416981697083 0.12599553167819977 0.9824016690254211
vn 0.1353355497121811 0.1287292093038559 0.9824016690254211
vn 0.2075703740119934 0.0874982476234436 0.9742990136146545
vn -0.15881416201591492 -0.7054851651191711 0.6907016038894653
vn -0.1644388884305954 -0.7010887861251831 0.6938546895980835
vn 2.2087961613816848e-13 -0.7109582424163818 0.7032341957092285
vn -0.0018851460190489888 -0.8148808479309082 0.5796254277229309
vn -0.12217006087303162 -0.835253119468689 0.5361219048500061
vn 3.022795230268882e-13 -0.97575443983078 0.21886809170246124
vn -0.03395378962159157 -0.9867255687713623 0.15880759060382843
vn 3.0952372826256735e-13 -0.999138593673706 -0.04149730131030083
vn 0.05095016211271286 -0.9974374175071716 -0.05022686347365379
vn 0.003776365192607045 -0.9977003335952759 -0.06767380982637405
vn 0.07922037690877914 -0.9945573806762695 -0.06767380982637405
vn -0.07922037690877914 -0.9945573806762695 -0.06767380982637405
vn -0.047178998589515686 -0.9976228475570679 -0.05022686347365379
vn 0.03395378962159157 -0.9867255687713623 0.15880759060382843
vn 0.12590143084526062 -0.8346988558769226 0.5361219048500061
vn 0.1644388884305954 -0.7010887861251831 0.6938546895980835
vn -0.0018850171472877264 -0.7140216827392578 0.7001210451126099
vn 0.16248752176761627 -0.7046481966972351 0.6907016038894653
vn -0.016981827095150948 -0.9981163144111633 0.058952588587999344
vn -0.007547779008746147 -0.9994345903396606 0.03276457265019417
vn -0.0018869596533477306 -0.9982590079307556 0.058952588587999344
vn 3.097011308430403e-13 -0.999711275100708 0.024029340595006943
vn 0.013208339922130108 -0.9981734156608582 0.058952588587999344
vn 0.007547779008746147 -0.9994345903396606 0.03276457265019417
vn 3.097898456858039e-13 -0.999997615814209 0.002184694167226553
vn 3.097898456858039e-13 -0.999997615814209 0.002184694167226553
vn 3.097898456858039e-13 -0.999997615814209 0.002184694167226553
vn -0.8080632090568542 0.05280565470457077 -0.5867242813110352
vn -0.8080632090568542 0.05280565470457077 -0.5867242813110352
vn -0.8080632090568542 0.05280565470457077 -0.5867242813110352
vn -0.8080632090568542 0.05280565470457077 -0.5867242813110352
vn 0.11548478156328201 0.022728431969881058 -0.9930492043495178
vn 0.11548478156328201 0.022728431969881058 -0.9930492043495178
vn 0.001958925975486636 0.02614004909992218 -0.9996563792228699
vn 0.001958925975486636 0.02614004909992218 -0.9996563792228699
vn -0.11468822509050369 0.026456128805875778 -0.9930492043495178
vn -0.11468822509050369 0.026456128805875778 -0.9930492043495178
vn -0.39108049869537354 0.011344247497618198 -0.9202865362167358
vn -0.39108049869537354 0.011344247497618198 -0.9202865362167358
vn -0.34896406531333923 0.06387617439031601 -0.9349566102027893
vn -0.34896406531333923 0.06387617439031601 -0.9349566102027893
vn -0.3641987442970276 0.1191314309835434 -0.9236704111099243
vn -0.3641987442970276 0.1191314309835434 -0.9236704111099243
vn 0.8080632090568542 0.05280565470457077 -0.5867242813110352
vn 0.8080632090568542 0.05280565470457077 -0.5867242813110352
vn 0.8080632090568542 0.05280565470457077 -0.5867242813110352
vn 0.8080632090568542 0.05280565470457077 -0.5867242813110352
vn 3.097898456858039e-13 -0.999997615814209 0.002184694167226553
vn 3.097898456858039e-13 -0.999997615814209 0.002184694167226553
vn 3.097898456858039e-13 -0.999997615814209 0.002184694167226553
vn 3.097898456858039e-13 -0.999997615814209 0.002184694167226553
vn 3.097898456858039e-13 -0.999997615814209 0.002184694167226553
vn 3.097898456858039e-13 -0.999997615814209 0.002184694167226553
vn 0.8436011672019958 0.030172187834978104 0.5361219048500061
vn 0.8436011672019958 0.030172187834978104 0.5361219048500061
vn 0.9473645091056824 0.0150899114087224 0.3198012113571167
vn 0.9429394602775574 0.022646378725767136 0.33219319581985474
vn 0.995171308517456 0 0.0981530249118805
vn 0.995171308517456 0 0.0981530249118805
vn -0.995171308517456 -2.0582442542861623e-13 0.0981530249118805
vn -0.995171308517456 -2.0582442542861623e-13 0.0981530249118805
vn -0.9472969174385071 0.018861940130591393 0.3198012113571167
vn -0.9430225491523743 0.018872536718845367 0.33219319581985474
vn -0.8434579372406006 0.03394179046154022 0.5361219048500061
vn -0.8434579372406006 0.03394179046154022 0.5361219048500061
vn -0.11468822509050369 -0.026456128805875778 -0.9930492043495178
vn -0.11468822509050369 -0.026456128805875778 -0.9930492043495178
vn 0.001958925975486636 -0.02614004909992218 -0.9996563792228699
vn 0.001958925975486636 -0.02614004909992218 -0.9996563792228699
vn 0.11548478156328201 -0.022728431969881058 -0.9930492043495178
vn 0.11548478156328201 -0.022728431969881058 -0.9930492043495178
vn 0.10901768505573273 0 -0.9940398335456848
vn 0.10920384526252747 -0.07182449847459793 -0.991421103477478
vn -2.0682311115474694e-13 0 -1
vn 0.001910788007080555 -0.074186772108078 -0.9972425103187561
vn -0.10901768505573273 -2.2595789714134618e-14 -0.9940398335456848
vn -0.10920384526252747 -0.07182449847459793 -0.991421103477478
vn -0.0018901845905929804 -0.14800140261650085 -0.9889853596687317
vn -0.10818203538656235 -0.1469620168209076 -0.983208417892456
vn 0.10510125756263733 -0.1491808146238327 -0.983208417892456
vn -0.7814483642578125 0.31296786665916443 0.5398051738739014
vn -0.7540733814239502 0.3404150903224945 0.5616858005523682
vn -0.9633345007896423 0.1353878378868103 0.23163928091526031
vn -0.8329248428344727 0.2888830900192261 0.4719987213611603
vn -0.9904640316963196 0.06791415065526962 0.11986933648586273
vn -0.9037861824035645 0.21678589284420013 0.3690181374549866
vn -0.7697278261184692 0.34077778458595276 0.5398051738739014
vn -0.8023778796195984 0.3098905086517334 0.5100564956665039
vn -0.7072713971138 0.3836592733860016 0.5937783122062683
vn -0.999997615814209 -2.0682260971124217e-13 0.002184694167226553
vn -0.999997615814209 -2.0682260971124217e-13 0.002184694167226553
vn -0.999997615814209 -2.0682260971124217e-13 0.002184694167226553
vn -0.999997615814209 -2.0682260971124217e-13 0.002184694167226553
vn -0.999997615814209 -2.0682260971124217e-13 0.002184694167226553
vn -0.999997615814209 -2.0682260971124217e-13 0.002184694167226553
vn -0.999997615814209 -2.0682260971124217e-13 0.002184694167226553
vn -0.999997615814209 -2.0682260971124217e-13 0.002184694167226553
vn -0.999997615814209 -2.0682260971124217e-13 0.002184694167226553
vn -0.999997615814209 -2.0682260971124217e-13 0.002184694167226553
vn -0.999997615814209 -2.0682260971124217e-13 0.002184694167226553
vn -0.999997615814209 -2.0682260971124217e-13 0.002184694167226553
vn -0.999997615814209 -2.0682260971124217e-13 0.002184694167226553
vn -0.999997615814209 -2.0682260971124217e-13 0.002184694167226553
vn -0.999997615814209 -2.0682260971124217e-13 0.002184694167226553
vn -0.999997615814209 -2.0682260971124217e-13 0.002184694167226553
vn -0.999997615814209 -2.0682260971124217e-13 0.002184694167226553
vn -0.999997615814209 -2.0682260971124217e-13 0.002184694167226553
vn 0.7072713971138 0.3836592733860016 0.5937783122062683
vn 0.7712473273277283 0.33732476830482483 0.5398051738739014
vn 0.7525133490562439 0.3438498377799988 0.5616858005523682
vn 0.8329248428344727 0.2888830900192261 0.4719987213611603
vn 0.7800378799438477 0.3164668381214142 0.5398051738739014
vn 0.9633345007896423 0.1353878378868103 0.23163928091526031
vn 0.9037861824035645 0.21678589284420013 0.3690181374549866
vn 0.9904640316963196 0.06791415065526962 0.11986933648586273
vn 0.999997615814209 0 0.002184694167226553
vn 0.999997615814209 0 0.002184694167226553
vn 0.999997615814209 0 0.002184694167226553
vn 0.999997615814209 0 0.002184694167226553
vn 0.999997615814209 0 0.002184694167226553
vn 0.999997615814209 0 0.002184694167226553
vn 0.999997615814209 0 0.002184694167226553
vn 0.999997615814209 0 0.002184694167226553
vn 0.999997615814209 0 0.002184694167226553
vn 0.999997615814209 0 0.002184694167226553
vn 0.999997615814209 0 0.002184694167226553
vn 0.999997615814209 0 0.002184694167226553
vn 0.8023778796195984 0.3098905086517334 0.5100564956665039
vn 0.999997615814209 0 0.002184694167226553
vn 0.999997615814209 0 0.002184694167226553
vn 0.999997615814209 0 0.002184694167226553
vn 0.999997615814209 0 0.002184694167226553
vn 0.999997615814209 0 0.002184694167226553
vn 0.999997615814209 0 0.002184694167226553
vn 0.3644334077835083 0.1184115931391716 0.9236704111099243
vn 0.3483077585697174 0.0673632100224495 0.9349566102027893
vn 0.3644334077835083 0.1184115931391716 0.9236704111099243
vn 0.3483077585697174 0.0673632100224495 0.9349566102027893
vn 0.39117276668548584 0.007517166901379824 0.9202865362167358
vn 0.39117276668548584 0.007517166901379824 0.9202865362167358
vn -1.0341130485562108e-13 0.999997615814209 0.002184694167226553
vn -1.0341130485562108e-13 0.999997615814209 0.002184694167226553
vn -1.0341130485562108e-13 0.999997615814209 0.002184694167226553
vn -1.0341130485562108e-13 0.999997615814209 0.002184694167226553
vn -1.0341130485562108e-13 0.999997615814209 0.002184694167226553
vn -1.0341130485562108e-13 0.999997615814209 0.002184694167226553
vn -1.0341130485562108e-13 0.999997615814209 0.002184694167226553
vn -1.0341130485562108e-13 0.999997615814209 0.002184694167226553
vn -1.0341130485562108e-13 0.999997615814209 0.002184694167226553
vn -1.0341130485562108e-13 0.999997615814209 0.002184694167226553
vn -1.0341130485562108e-13 0.999997615814209 0.002184694167226553
vn -1.0341130485562108e-13 0.999997615814209 0.002184694167226553
vn -1.0341130485562108e-13 0.999997615814209 0.002184694167226553
vn -1.0341130485562108e-13 0.999997615814209 0.002184694167226553
vn -1.0341130485562108e-13 0.999997615814209 0.002184694167226553
vn -1.0341130485562108e-13 0.999997615814209 0.002184694167226553
vn -1.0341130485562108e-13 0.999997615814209 0.002184694167226553
vn -1.0341130485562108e-13 0.999997615814209 0.002184694167226553
vn -1.0341130485562108e-13 0.999997615814209 0.002184694167226553
vn -1.0341130485562108e-13 0.999997615814209 0.002184694167226553
vn -1.0341130485562108e-13 0.999997615814209 0.002184694167226553
vn -1.0341130485562108e-13 0.999997615814209 0.002184694167226553
vn -1.0341130485562108e-13 0.999997615814209 0.002184694167226553
vn -1.0341130485562108e-13 0.999997615814209 0.002184694167226553
vn -1.0341130485562108e-13 0.999997615814209 0.002184694167226553
vn -1.0341130485562108e-13 0.999997615814209 0.002184694167226553
vn -1.0341130485562108e-13 0.999997615814209 0.002184694167226553
vn 0.9432113766670227 0 0.33219319581985474
vn 0.9432113766670227 0 0.33219319581985474
vn 0.9851431250572205 0 0.17173540592193604
vn 0.9858840703964233 0 0.16742929816246033
vn 0.999997615814209 0 0.002184694167226553
vn 0.999997615814209 0 0.002184694167226553
vn 0.999997615814209 0 0.002184694167226553
vn 0.999997615814209 0 0.002184694167226553
vn 0.999997615814209 0 0.002184694167226553
vn 0.999997615814209 0 0.002184694167226553
vn 0.999997615814209 0 0.002184694167226553
vn 0.999997615814209 0 0.002184694167226553
vn 0.999997615814209 0 0.002184694167226553
vn 0.999997615814209 0 0.002184694167226553
vn 0.999997615814209 0 0.002184694167226553
vn 0.9993103742599487 0 0.03713129088282585
vn 0.999997615814209 0 0.002184694167226553
vn 0.999997615814209 0 0.002184694167226553
vn 0.999997615814209 0 0.002184694167226553
vn 0.999997615814209 0 0.002184694167226553
vn 0.999997615814209 0 0.002184694167226553
vn 0.9773676991462708 -0.02263665944337845 0.2103329300880432
vn 0.9172060489654541 -0.03018353506922722 0.3972681760787964
vn 0.7788760662078857 -0.052783288061618805 0.6249527335166931
vn 0.9427279829978943 -0.030192913487553596 0.33219319581985474
vn 0.999997615814209 0 0.002184694167226553
vn 0.999997615814209 0 0.002184694167226553
vn 0.999997615814209 0 0.002184694167226553
vn 0.999997615814209 0 0.002184694167226553
vn 0.999997615814209 0 0.002184694167226553
vn 0.9979936480522156 0 0.0633138045668602
vn 0.9417206645011902 0.007547362241894007 0.3363112509250641
vn 0.9401513338088989 0.015089788474142551 0.34042292833328247
vn 0.8438371419906616 0.022631250321865082 0.5361219048500061
vn 0.8438371419906616 0.022631250321865082 0.5361219048500061
vn 0.9369879961013794 0.022647753357887268 0.34862664341926575
vn 0.8432978391647339 0.03771071508526802 0.5361219048500061
vn 0.9973737001419067 0.007550365757197142 0.07203252613544464
vn -0.8439298868179321 0.018860064446926117 0.5361219048500061
vn -0.9417206645011902 0.007547362241894007 0.3363112509250641
vn -0.8437275886535645 0.026401981711387634 0.5361219048500061
vn -0.9402043223381042 0.01131755392998457 0.34042292833328247
vn -0.8434579372406006 0.03394179046154022 0.5361219048500061
vn -0.9369879961013794 0.022647753357887268 0.34862664341926575
vn -0.9979865550994873 0.0037729027681052685 0.0633138045668602
vn -0.9973737001419067 0.007550365757197142 0.07203252613544464
vn -0.999997615814209 -2.0682260971124217e-13 0.002184694167226553
vn -0.999997615814209 -2.0682260971124217e-13 0.002184694167226553
vn -0.9993103742599487 -2.0668048435895647e-13 0.03713129088282585
vn -0.999997615814209 -2.0682260971124217e-13 0.002184694167226553
vn -0.999997615814209 -2.0682260971124217e-13 0.002184694167226553
vn -0.999997615814209 -2.0682260971124217e-13 0.002184694167226553
vn -0.999997615814209 -2.0682260971124217e-13 0.002184694167226553
vn -0.999997615814209 -2.0682260971124217e-13 0.002184694167226553
vn -0.999997615814209 -2.0682260971124217e-13 0.002184694167226553
vn -0.999997615814209 -2.0682260971124217e-13 0.002184694167226553
vn -0.999997615814209 -2.0682260971124217e-13 0.002184694167226553
vn -0.999997615814209 -2.0682260971124217e-13 0.002184694167226553
vn -0.9851431250572205 -2.0375036022517862e-13 0.17173540592193604
vn -0.9858768582344055 -0.003772519761696458 0.16742929816246033
vn -0.9432038068771362 -0.0037747491151094437 0.33219319581985474
vn -0.9432038068771362 -0.0037747491151094437 0.33219319581985474
vn -0.9773676991462708 -0.02263665944337845 0.2103329300880432
vn -0.9172060489654541 -0.03018353506922722 0.3972681760787964
vn -0.9428412914276123 -0.026419857516884804 0.33219319581985474
vn -0.7788760662078857 -0.052783288061618805 0.6249527335166931
vn -0.999997615814209 -2.0682260971124217e-13 0.002184694167226553
vn -0.999997615814209 -2.0682260971124217e-13 0.002184694167226553
vn -0.999997615814209 -2.0682260971124217e-13 0.002184694167226553
vn -0.999997615814209 -2.0682260971124217e-13 0.002184694167226553
vn -0.999997615814209 -2.0682260971124217e-13 0.002184694167226553
vn -0.999997615814209 -2.0682260971124217e-13 0.002184694167226553
vn -0.999997615814209 -2.0682260971124217e-13 0.002184694167226553
vn -0.999997615814209 -2.0682260971124217e-13 0.002184694167226553
vn -0.999997615814209 -2.0682260971124217e-13 0.002184694167226553
vn -0.999997615814209 -2.0682260971124217e-13 0.002184694167226553
vn 0.24225163459777832 0 -0.9702134728431702
vn 0.24225163459777832 0 -0.9702134728431702
vn -2.0682311115474694e-13 0 -1
vn -2.0682311115474694e-13 0 -1
vn -0.24222204089164734 0.003786193672567606 -0.9702134728431702
vn -0.24222204089164734 0.003786193672567606 -0.9702134728431702
vn 0.003804662497714162 0.10895127803087234 -0.9940398335456848
vn -0.20568116009235382 0.09185131639242172 -0.9742990136146545
vn 0.001890473417006433 0.12635940313339233 -0.9919826984405518
vn -0.13667424023151398 0.1273069977760315 -0.9824016690254211
vn 0.20719516277313232 0.08838307857513428 -0.9742990136146545
vn 0.1392262876033783 0.12451087683439255 -0.9824016690254211
vn 0.07922037690877914 -0.9945573806762695 0.06767380982637405
vn 0.003776365192607045 -0.9977003335952759 0.06767380982637405
vn 0.05095016211271286 -0.9974374175071716 0.05022686347365379
vn 3.0952372826256735e-13 -0.999138593673706 0.04149730131030083
vn -0.03395378962159157 -0.9867255687713623 -0.15880759060382843
vn 3.022795230268882e-13 -0.97575443983078 -0.21886809170246124
vn -0.12421146035194397 -0.8349519968032837 -0.5361219048500061
vn 0.003775842720642686 -0.8148742914199829 -0.5796254277229309
vn -0.15918844938278198 -0.7022995948791504 -0.6938546895980835
vn -0.07922037690877914 -0.9945573806762695 0.06767380982637405
vn -0.047178998589515686 -0.9976228475570679 0.05022686347365379
vn 0.03395378962159157 -0.9867255687713623 -0.15880759060382843
vn 0.12421146035194397 -0.8349519968032837 -0.5361219048500061
vn -0.001889626495540142 -0.7109557390213013 -0.7032341957092285
vn 0.1628696173429489 -0.7014549970626831 -0.6938546895980835
vn 0.003776367986574769 -0.7140141725540161 -0.7001210451126099
vn 0.1593339443206787 -0.7053679823875427 -0.6907016038894653
vn -0.16301891207695007 -0.7045254111289978 -0.6907016038894653
vn -0.016981827095150948 -0.9981163144111633 -0.058952588587999344
vn -0.0018869596533477306 -0.9982590079307556 -0.058952588587999344
vn -0.007547779008746147 -0.9994345903396606 -0.03276457265019417
vn 3.097011308430403e-13 -0.999711275100708 -0.024029340595006943
vn 3.097898456858039e-13 -0.999997615814209 0.002184694167226553
vn 3.097898456858039e-13 -0.999997615814209 0.002184694167226553
vn 0.007547779008746147 -0.9994345903396606 -0.03276457265019417
vn 3.097898456858039e-13 -0.999997615814209 0.002184694167226553
vn 0.013208339922130108 -0.9981734156608582 -0.058952588587999344
vn -0.8078141808509827 0.05648786947131157 0.5867242813110352
vn -0.8078141808509827 0.05648786947131157 0.5867242813110352
vn -0.8078141808509827 0.05648786947131157 0.5867242813110352
vn -0.8078141808509827 0.05648786947131157 0.5867242813110352
vn 0.11557311564683914 0.022274892777204514 0.9930492043495178
vn -0.0017888620495796204 0.026152238249778748 0.9996563792228699
vn 0.11557311564683914 0.022274892777204514 0.9930492043495178
vn -0.0017888620495796204 0.026152238249778748 0.9996563792228699
vn -0.11480819433927536 0.025930574163794518 0.9930492043495178
vn -0.11480819433927536 0.025930574163794518 0.9930492043495178
vn -0.3910824954509735 0.011274882592260838 0.9202865362167358
vn -0.3910824954509735 0.011274882592260838 0.9202865362167358
vn -0.3483077585697174 0.0673632100224495 0.9349566102027893
vn -0.3483077585697174 0.0673632100224495 0.9349566102027893
vn -0.3644334077835083 0.1184115931391716 0.9236704111099243
vn -0.3644334077835083 0.1184115931391716 0.9236704111099243
vn 0.8080683350563049 0.052727535367012024 0.5867242813110352
vn 0.8080683350563049 0.052727535367012024 0.5867242813110352
vn 0.8080683350563049 0.052727535367012024 0.5867242813110352
vn 0.8080683350563049 0.052727535367012024 0.5867242813110352
vn 3.097898456858039e-13 -0.999997615814209 0.002184694167226553
vn 3.097898456858039e-13 -0.999997615814209 0.002184694167226553
vn 3.097898456858039e-13 -0.999997615814209 0.002184694167226553
vn 3.097898456858039e-13 -0.999997615814209 0.002184694167226553
vn 3.097898456858039e-13 -0.999997615814209 0.002184694167226553
vn 3.097898456858039e-13 -0.999997615814209 0.002184694167226553
vn 0.5371222496032715 0.030096817761659622 0.8429672718048096
vn 0.5371222496032715 0.030096817761659622 0.8429672718048096
vn 0.3173760175704956 0.015004639513790607 0.9481810927391052
vn 0.3334904611110687 0.022565336897969246 0.9424833655357361
vn 0.09597864747047424 0 0.9953833818435669
vn 0.09597864747047424 0 0.9953833818435669
vn 0.09597864747047424 0 -0.9953833818435669
vn 0.09597864747047424 0 -0.9953833818435669
vn 0.31737062335014343 0.01511822547763586 -0.9481810927391052
vn 0.3334849774837494 0.022646382451057434 -0.9424833655357361
vn 0.537114679813385 0.030231337994337082 -0.8429672718048096
vn 0.537114679813385 0.030231337994337082 -0.8429672718048096
vn -0.9929527640342712 -0.02641030214726925 -0.11553031951189041
vn -0.9929527640342712 -0.02641030214726925 -0.11553031951189041
vn -0.9997409582138062 -0.022653724998235703 0.002184694167226553
vn -0.9997409582138062 -0.022653724998235703 0.002184694167226553
vn -0.9929527640342712 -0.02641030214726925 0.11553031951189041
vn -0.9929527640342712 -0.02641030214726925 0.11553031951189041
vn -0.9833837747573853 -0.14676614105701447 -0.10684575140476227
vn -0.9912117719650269 -0.07166704535484314 -0.1111890971660614
vn -0.9886130690574646 -0.15046414732933044 0.002184694167226553
vn -0.9971474409103394 -0.07544711232185364 0.002184694167226553
vn -0.9828467965126038 -0.150320366024971 0.10684575140476227
vn -0.9912117719650269 -0.07166704535484314 0.1111890971660614
vn -0.999997615814209 -2.0682260971124217e-13 0.002184694167226553
vn -0.9937921166419983 0.0037752175703644753 0.1111890971660614
vn -0.9937921166419983 0.0037752175703644753 -0.1111890971660614
vn 0.5403755307197571 0.3105310797691345 -0.7820260524749756
vn 0.5630607604980469 0.33817407488822937 -0.7540562748908997
vn 0.23361939191818237 0.13050761818885803 -0.9635298252105713
vn 0.4718227982521057 0.2876916825771332 -0.8334367275238037
vn 0.12313101440668106 0.06527993083000183 -0.9902410507202148
vn 0.3683144152164459 0.21628355979919434 -0.9041935205459595
vn 0.5401411652565002 0.3373194634914398 -0.7710143327713013
vn 0.5090791583061218 0.31573137640953064 -0.8007197380065918
vn 0.5936428308486938 0.38559117913246155 -0.7063339352607727
vn -2.0682311115474694e-13 0 -1
vn -2.0682311115474694e-13 0 -1
vn -2.0682311115474694e-13 0 -1
vn -2.0682311115474694e-13 0 -1
vn -2.0682311115474694e-13 0 -1
vn -2.0682311115474694e-13 0 -1
vn -2.0682311115474694e-13 0 -1
vn -2.0682311115474694e-13 0 -1
vn -2.0682311115474694e-13 0 -1
vn -2.0682311115474694e-13 0 -1
vn -2.0682311115474694e-13 0 -1
vn -2.0682311115474694e-13 0 -1
vn -2.0682311115474694e-13 0 -1
vn -2.0682311115474694e-13 0 -1
vn -2.0682311115474694e-13 0 -1
vn -2.0682311115474694e-13 0 -1
vn -2.0682311115474694e-13 0 -1
vn -2.0682311115474694e-13 0 -1
vn 0.5940189957618713 0.3850114047527313 0.7063339352607727
vn 0.5408492088317871 0.33618301153182983 0.7710143327713013
vn 0.5633949041366577 0.3376171886920929 0.7540562748908997
vn 0.4725048840045929 0.2865700423717499 0.8334367275238037
vn 0.5372189283370972 0.3159605860710144 0.7820260524749756
vn 0.23048806190490723 0.13596142828464508 0.9635298252105713
vn 0.36895614862442017 0.21518699824810028 0.9041935205459595
vn 0.123401939868927 0.06476633250713348 0.9902410507202148
vn 0 0 1
vn 0 0 1
vn 0 0 1
vn 0 0 1
vn 0 0 1
vn 0 0 1
vn 0.5094301104545593 0.31516483426094055 0.8007197380065918
vn 0 0 1
vn 0 0 1
vn 0 0 1
vn 0 0 1
vn 0 0 1
vn 0 0 1
vn 0 0 1
vn 0 0 1
vn 0 0 1
vn 0 0 1
vn 0 0 1
vn 0 0 1
vn 0.9248163104057312 0.1203281432390213 0.36088213324546814
vn 0.9353162050247192 0.060358088463544846 0.34862664341926575
vn 0.9248163104057312 0.1203281432390213 0.36088213324546814
vn 0.9347996115684509 0.06789036095142365 0.34862664341926575
vn 0.9211081862449646 0.007545792497694492 0.3892335295677185
vn 0.9211081862449646 0.007545792497694492 0.3892335295677185
vn -1.0341130485562108e-13 0.999997615814209 0.002184694167226553
vn -1.0341130485562108e-13 0.999997615814209 0.002184694167226553
vn -1.0341130485562108e-13 0.999997615814209 0.002184694167226553
vn -1.0341130485562108e-13 0.999997615814209 0.002184694167226553
vn -1.0341130485562108e-13 0.999997615814209 0.002184694167226553
vn -1.0341130485562108e-13 0.999997615814209 0.002184694167226553
vn -1.0341130485562108e-13 0.999997615814209 0.002184694167226553
vn -1.0341130485562108e-13 0.999997615814209 0.002184694167226553
vn -1.0341130485562108e-13 0.999997615814209 0.002184694167226553
vn -1.0341130485562108e-13 0.999997615814209 0.002184694167226553
vn -1.0341130485562108e-13 0.999997615814209 0.002184694167226553
vn -1.0341130485562108e-13 0.999997615814209 0.002184694167226553
vn -1.0341130485562108e-13 0.999997615814209 0.002184694167226553
vn -1.0341130485562108e-13 0.999997615814209 0.002184694167226553
vn -1.0341130485562108e-13 0.999997615814209 0.002184694167226553
vn -1.0341130485562108e-13 0.999997615814209 0.002184694167226553
vn -1.0341130485562108e-13 0.999997615814209 0.002184694167226553
vn -1.0341130485562108e-13 0.999997615814209 0.002184694167226553
vn -1.0341130485562108e-13 0.999997615814209 0.002184694167226553
vn -1.0341130485562108e-13 0.999997615814209 0.002184694167226553
vn -1.0341130485562108e-13 0.999997615814209 0.002184694167226553
vn -1.0341130485562108e-13 0.999997615814209 0.002184694167226553
vn -1.0341130485562108e-13 0.999997615814209 0.002184694167226553
vn -1.0341130485562108e-13 0.999997615814209 0.002184694167226553
vn -1.0341130485562108e-13 0.999997615814209 0.002184694167226553
vn -1.0341130485562108e-13 0.999997615814209 0.002184694167226553
vn -1.0341130485562108e-13 0.999997615814209 0.002184694167226553
vn 0.3342530131340027 0 0.9424833655357361
vn 0.1738872230052948 0 0.9847655892372131
vn 0.3342530131340027 0 0.9424833655357361
vn 0.16958275437355042 0 0.9855159521102905
vn 0.3981354832649231 -0.030105942860245705 0.916832447052002
vn 0 0 1
vn 0 0 1
vn 0 0 1
vn 0 0 1
vn 0 0 1
vn 0 0 1
vn 0 0 1
vn 0 0 1
vn 0 0 1
vn 0 0 1
vn 0 0 1
vn 0.034948017448186874 0 0.999389111995697
vn 0 0 1
vn 0.06113334000110626 0 0.9981296062469482
vn 0.3382844924926758 0.007511849980801344 0.9410139322280884
vn 0.33803436160087585 0.015019997023046017 0.9410139322280884
vn 0.5374908447265625 0.022577771916985512 0.8429672718048096
vn 0.5374908447265625 0.022577771916985512 0.8429672718048096
vn 0.3499480187892914 0.02254430018365383 0.9364978075027466
vn 0.5366485118865967 0.03760996833443642 0.8429672718048096
vn 0.0738425999879837 0.007389066740870476 0.9972425103187561
vn 0 0 1
vn 0 0 1
vn 0 0 1
vn 0 0 1
vn 0 0 1
vn 0 0 1
vn 0 0 1
vn 0 0 1
vn 0 0 1
vn 0.33289775252342224 -0.03006931208074093 0.9424833655357361
vn 0.2112780511379242 -0.022457590326666832 0.9771679639816284
vn 0.624433696269989 -0.05273794010281563 0.7792953848838806
vn 0.5374865531921387 0.022678731009364128 -0.8429672718048096
vn 0.5374865531921387 0.022678731009364128 -0.8429672718048096
vn 0.3382833003997803 0.007565306033939123 -0.9410139322280884
vn 0.3380295932292938 0.015126829966902733 -0.9410139322280884
vn 0.034948017448186874 0 -0.999389111995697
vn 0.06113334000110626 0 -0.9981296062469482
vn 0.3499380350112915 0.022699028253555298 -0.9364978075027466
vn 0.07381804287433624 0.007630487438291311 -0.9972425103187561
vn -2.0682311115474694e-13 0 -1
vn -2.0682311115474694e-13 0 -1
vn 0.5366367101669312 0.03777797147631645 -0.8429672718048096
vn -2.0682311115474694e-13 0 -1
vn -2.0682311115474694e-13 0 -1
vn -2.0682311115474694e-13 0 -1
vn -2.0682311115474694e-13 0 -1
vn -2.0682311115474694e-13 0 -1
vn -2.0682311115474694e-13 0 -1
vn -2.0682311115474694e-13 0 -1
vn -2.0682311115474694e-13 0 -1
vn -2.0682311115474694e-13 0 -1
vn -2.0682311115474694e-13 0 -1
vn -2.0682311115474694e-13 0 -1
vn -2.0682311115474694e-13 0 -1
vn -2.0682311115474694e-13 0 -1
vn -2.0682311115474694e-13 0 -1
vn -2.0682311115474694e-13 0 -1
vn -2.0682311115474694e-13 0 -1
vn -2.0682311115474694e-13 0 -1
vn -2.0682311115474694e-13 0 -1
vn -2.0682311115474694e-13 0 -1
vn 0.1738872230052948 0 -0.9847655892372131
vn 0.16958275437355042 0 -0.9855159521102905
vn 0.3342530131340027 0 -0.9424833655357361
vn 0.3342530131340027 0 -0.9424833655357361
vn 0.21125087141990662 -0.022711819037795067 -0.9771679639816284
vn 0.3981286287307739 -0.030196450650691986 -0.916832447052002
vn 0.33288800716400146 -0.030177179723978043 -0.9424833655357361
vn 0.6244251728057861 -0.052838925272226334 -0.7792953848838806
vn -0.9696745276451111 0.003774892073124647 0.24437066912651062
vn -0.999997615814209 -2.0682260971124217e-13 0.002184694167226553
vn -0.9696745276451111 0.003774892073124647 0.24437066912651062
vn -0.999997615814209 -2.0682260971124217e-13 0.002184694167226553
vn -0.9696745276451111 0.003774892073124647 -0.24437066912651062
vn -0.9696745276451111 0.003774892073124647 -0.24437066912651062
vn -0.9944137930870056 0.10552956163883209 0.002184694167226553
vn -0.9743447303771973 0.09050943702459335 -0.2060592919588089
vn -0.991767942905426 0.1280297040939331 0.002184694167226553
vn -0.982232391834259 0.12804363667964935 -0.1372016966342926
vn -0.9827324151992798 0.12414797395467758 0.1372016966342926
vn -0.9746962189674377 0.08664217591285706 0.2060592919588089
vn -0.6929486393928528 -0.7022919654846191 -0.16312000155448914
vn -0.6929486393928528 -0.7022919654846191 -0.16312000155448914
vn -0.7017449736595154 -0.7124248743057251 0.002184694167226553
vn -0.5804283022880554 -0.8143084645271301 0.002184694167226553
vn -0.5390493273735046 -0.8330658078193665 -0.1242060661315918
vn -0.21725822985172272 -0.9761117100715637 0.002184694167226553
vn -0.15781717002391815 -0.98676997423172 -0.03713129088282585
vn 0.04529581964015961 -0.9989712238311768 0.002184694167226553
vn 0.05095016211271286 -0.9974374175071716 0.05022686347365379
vn 0.06791467219591141 -0.9976887702941895 0.002184694167226553
vn 0.06411359459161758 -0.9950146079063416 0.0763898640871048
vn 0.06411359459161758 -0.9950146079063416 -0.0763898640871048
vn 0.05095016211271286 -0.9974374175071716 -0.05022686347365379
vn -0.15781717002391815 -0.98676997423172 0.03713129088282585
vn -0.5390493273735046 -0.8330658078193665 0.1242060661315918
vn -0.6929486393928528 -0.7022919654846191 0.16312000155448914
vn -0.7017449736595154 -0.7124248743057251 0.002184694167226553
vn -0.6929486393928528 -0.7022919654846191 0.16312000155448914
vn -0.060371436178684235 -0.9980588555335999 -0.0152922747656703
vn -0.037749744951725006 -0.999265730381012 -0.006554040592163801
vn -0.06037835404276848 -0.998173177242279 0.002184694167226553
vn -0.022653724998235703 -0.9997409582138062 0.002184694167226553
vn -0.060371436178684235 -0.9980588555335999 0.0152922747656703
vn -0.037749744951725006 -0.999265730381012 0.006554040592163801
vn 3.097898456858039e-13 -0.999997615814209 0.002184694167226553
vn 3.097898456858039e-13 -0.999997615814209 0.002184694167226553
vn 3.097898456858039e-13 -0.999997615814209 0.002184694167226553
vn 0.5896551012992859 0.05285302922129631 -0.8059239983558655
vn 0.5896551012992859 0.05285302922129631 -0.8059239983558655
vn 0.5896551012992859 0.05285302922129631 -0.8059239983558655
vn 0.5896551012992859 0.05285302922129631 -0.8059239983558655
vn 0.9930459260940552 0.0226381104439497 0.11553031951189041
vn 0.9930459260940552 0.0226381104439497 0.11553031951189041
vn 0.9997409582138062 0.022653724998235703 0.002184694167226553
vn 0.9997409582138062 0.022653724998235703 0.002184694167226553
vn 0.9930459260940552 0.0226381104439497 -0.11553031951189041
vn 0.9930459260940552 0.0226381104439497 -0.11553031951189041
vn 0.9211081266403198 0.0075556435622274876 -0.3892335295677185
vn 0.9211081266403198 0.0075556435622274876 -0.3892335295677185
vn 0.9353162050247192 0.060358088463544846 -0.34862664341926575
vn 0.9347996115684509 0.06789036095142365 -0.34862664341926575
vn 0.9247962236404419 0.12048233300447464 -0.36088213324546814
vn 0.9247962236404419 0.12048233300447464 -0.36088213324546814
vn 0.589674174785614 0.05263961851596832 0.8059239983558655
vn 0.589674174785614 0.05263961851596832 0.8059239983558655
vn 0.589674174785614 0.05263961851596832 0.8059239983558655
vn 0.589674174785614 0.05263961851596832 0.8059239983558655
vn 3.097898456858039e-13 -0.999997615814209 0.002184694167226553
vn 3.097898456858039e-13 -0.999997615814209 0.002184694167226553
vn 3.097898456858039e-13 -0.999997615814209 0.002184694167226553
vn 3.097898456858039e-13 -0.999997615814209 0.002184694167226553
vn 3.097898456858039e-13 -0.999997615814209 0.002184694167226553
vn 3.097898456858039e-13 -0.999997615814209 0.002184694167226553
vn -0.5368985533714294 0.033854223787784576 0.8429672718048096
vn -0.5368985533714294 0.033854223787784576 0.8429672718048096
vn -0.3173760175704956 0.015004639513790607 0.9481810927391052
vn -0.33372339606285095 0.018808819353580475 0.9424833655357361
vn -0.09590646624565125 0.003721607616171241 0.9953833818435669
vn -0.09590646624565125 0.003721607616171241 0.9953833818435669
vn -0.09590276330709457 0.0038157764356583357 -0.9953833818435669
vn -0.09590276330709457 0.0038157764356583357 -0.9953833818435669
vn -0.31737062335014343 0.01511822547763586 -0.9481810927391052
vn -0.3334849774837494 0.022646382451057434 -0.9424833655357361
vn -0.5368889570236206 0.03400549292564392 -0.8429672718048096
vn -0.5368889570236206 0.03400549292564392 -0.8429672718048096
vn 0.9930459260940552 -0.0226381104439497 -0.11553031951189041
vn 0.9930459260940552 -0.0226381104439497 -0.11553031951189041
vn 0.9997409582138062 -0.022653724998235703 0.002184694167226553
vn 0.9997409582138062 -0.022653724998235703 0.002184694167226553
vn 0.9930459260940552 -0.0226381104439497 0.11553031951189041
vn 0.9930459260940552 -0.0226381104439497 0.11553031951189041
vn 0.9937992691993713 0 0.1111890971660614
vn 0.9909324049949646 -0.07543191313743591 0.1111890971660614
vn 0.999997615814209 0 0.002184694167226553
vn 0.9971474409103394 -0.07544711232185364 0.002184694167226553
vn 0.9937992691993713 0 -0.1111890971660614
vn 0.9909324049949646 -0.07543191313743591 -0.1111890971660614
vn 0.9886130690574646 -0.15046414732933044 0.002184694167226553
vn 0.982819139957428 -0.15050072968006134 -0.10684575140476227
vn 0.9828467965126038 -0.150320366024971 0.10684575140476227
vn -0.5403755307197571 0.3105310797691345 -0.7820260524749756
vn -0.5630607604980469 0.33817407488822937 -0.7540562748908997
vn -0.23361939191818237 0.13050761818885803 -0.9635298252105713
vn -0.4737808108329773 0.2844555974006653 -0.8334367275238037
vn -0.12313101440668106 0.06527993083000183 -0.9902410507202148
vn -0.3663859963417053 0.21953445672988892 -0.9041935205459595
vn -0.5421348810195923 0.3341057598590851 -0.7710143327713013
vn -0.5090791583061218 0.31573137640953064 -0.8007197380065918
vn -0.5956910252571106 0.3824193477630615 -0.7063339352607727
vn -2.0682311115474694e-13 0 -1
vn -2.0682311115474694e-13 0 -1
vn -2.0682311115474694e-13 0 -1
vn -2.0682311115474694e-13 0 -1
vn -2.0682311115474694e-13 0 -1
vn -2.0682311115474694e-13 0 -1
vn -2.0682311115474694e-13 0 -1
vn -2.0682311115474694e-13 0 -1
vn -2.0682311115474694e-13 0 -1
vn -2.0682311115474694e-13 0 -1
vn -2.0682311115474694e-13 0 -1
vn -2.0682311115474694e-13 0 -1
vn -2.0682311115474694e-13 0 -1
vn -2.0682311115474694e-13 0 -1
vn -2.0682311115474694e-13 0 -1
vn -2.0682311115474694e-13 0 -1
vn -2.0682311115474694e-13 0 -1
vn -2.0682311115474694e-13 0 -1
vn -0.5940189957618713 0.3850114047527313 0.7063339352607727
vn -0.5388507843017578 0.3393769860267639 0.7710143327713013
vn -0.5614465475082397 0.34084734320640564 0.7540562748908997
vn -0.4705410301685333 0.2897833585739136 0.8334367275238037
vn -0.5372189283370972 0.3159605860710144 0.7820260524749756
vn -0.23048806190490723 0.13596142828464508 0.9635298252105713
vn -0.3670482337474823 0.2184254229068756 0.9041935205459595
vn -0.1216186061501503 0.06805607676506042 0.9902410507202148
vn 0 0 1
vn 0 0 1
vn 0 0 1
vn 0 0 1
vn 0 0 1
vn 0 0 1
vn 0 0 1
vn 0 0 1
vn 0 0 1
vn 0 0 1
vn 0 0 1
vn 0 0 1
vn -0.5114042162895203 0.31195133924484253 0.8007197380065918
vn 0 0 1
vn 0 0 1
vn 0 0 1
vn 0 0 1
vn 0 0 1
vn 0 0 1
vn -0.924322247505188 0.12406639754772186 0.36088213324546814
vn -0.9353162050247192 0.060358088463544846 0.34862664341926575
vn -0.924322247505188 0.12406639754772186 0.36088213324546814
vn -0.9347996115684509 0.06789036095142365 0.34862664341926575
vn -0.9210695624351501 0.011318530887365341 0.3892335295677185
vn -0.9210695624351501 0.011318530887365341 0.3892335295677185
vn -1.0341130485562108e-13 0.999997615814209 0.002184694167226553
vn -1.0341130485562108e-13 0.999997615814209 0.002184694167226553
vn -1.0341130485562108e-13 0.999997615814209 0.002184694167226553
vn -1.0341130485562108e-13 0.999997615814209 0.002184694167226553
vn -1.0341130485562108e-13 0.999997615814209 0.002184694167226553
vn -1.0341130485562108e-13 0.999997615814209 0.002184694167226553
vn -1.0341130485562108e-13 0.999997615814209 0.002184694167226553
vn -1.0341130485562108e-13 0.999997615814209 0.002184694167226553
vn -1.0341130485562108e-13 0.999997615814209 0.002184694167226553
vn -1.0341130485562108e-13 0.999997615814209 0.002184694167226553
vn -1.0341130485562108e-13 0.999997615814209 0.002184694167226553
vn -1.0341130485562108e-13 0.999997615814209 0.002184694167226553
vn -1.0341130485562108e-13 0.999997615814209 0.002184694167226553
vn -1.0341130485562108e-13 0.999997615814209 0.002184694167226553
vn -1.0341130485562108e-13 0.999997615814209 0.002184694167226553
vn -1.0341130485562108e-13 0.999997615814209 0.002184694167226553
vn -1.0341130485562108e-13 0.999997615814209 0.002184694167226553
vn -1.0341130485562108e-13 0.999997615814209 0.002184694167226553
vn -1.0341130485562108e-13 0.999997615814209 0.002184694167226553
vn -1.0341130485562108e-13 0.999997615814209 0.002184694167226553
vn -1.0341130485562108e-13 0.999997615814209 0.002184694167226553
vn -1.0341130485562108e-13 0.999997615814209 0.002184694167226553
vn -1.0341130485562108e-13 0.999997615814209 0.002184694167226553
vn -1.0341130485562108e-13 0.999997615814209 0.002184694167226553
vn -1.0341130485562108e-13 0.999997615814209 0.002184694167226553
vn -1.0341130485562108e-13 0.999997615814209 0.002184694167226553
vn -1.0341130485562108e-13 0.999997615814209 0.002184694167226553
vn -0.33423182368278503 -0.003763672662898898 0.9424833655357361
vn -0.33423182368278503 -0.003763672662898898 0.9424833655357361
vn -0.1738872230052948 -3.596389746879543e-14 0.9847655892372131
vn -0.16958275437355042 -3.507363195991327e-14 0.9855159521102905
vn 0 0 1
vn 0 0 1
vn 0 0 1
vn 0 0 1
vn 0 0 1
vn 0 0 1
vn 0 0 1
vn 0 0 1
vn 0 0 1
vn 0 0 1
vn 0 0 1
vn -0.034948017448186874 -7.22805739957269e-15 0.999389111995697
vn 0 0 1
vn 0 0 1
vn 0 0 1
vn 0 0 1
vn 0 0 1
vn -0.2112780511379242 -0.022457590326666832 0.9771679639816284
vn -0.39783376455307007 -0.033860642462968826 0.916832447052002
vn -0.624433696269989 -0.05273794010281563 0.7792953848838806
vn -0.33321523666381836 -0.026318993419408798 0.9424833655357361
vn 0 0 1
vn 0 0 1
vn 0 0 1
vn 0 0 1
vn 0 0 1
vn -0.06113334000110626 -1.264378785860703e-14 0.9981296062469482
vn -0.338180273771286 0.0112666180357337 0.9410139322280884
vn -0.338180273771286 0.0112666180357337 0.9410139322280884
vn -0.5376356244087219 0.018816499039530754 0.8429672718048096
vn -0.5373196601867676 0.026337938383221626 0.8429672718048096
vn -0.3501696288585663 0.018790878355503082 0.9364978075027466
vn -0.5368985533714294 0.033854223787784576 0.8429672718048096
vn -0.07411912083625793 0.003699131542816758 0.9972425103187561
vn -0.5376327037811279 0.01890065334737301 -0.8429672718048096
vn -0.3381775915622711 0.011346776969730854 -0.9410139322280884
vn -0.5373138785362244 0.02645568735897541 -0.8429672718048096
vn -0.3381775915622711 0.011346776969730854 -0.9410139322280884
vn -0.5368889570236206 0.03400549292564392 -0.8429672718048096
vn -0.35016268491744995 0.018919900059700012 -0.9364978075027466
vn -0.06113334000110626 -1.264378785860703e-14 -0.9981296062469482
vn -0.07411297410726547 0.0038203089497983456 -0.9972425103187561
vn -2.0682311115474694e-13 0 -1
vn -2.0682311115474694e-13 0 -1
vn -0.03474314883351326 0.0037785451859235764 -0.999389111995697
vn -2.0682311115474694e-13 0 -1
vn -2.0682311115474694e-13 0 -1
vn -2.0682311115474694e-13 0 -1
vn -2.0682311115474694e-13 0 -1
vn -2.0682311115474694e-13 0 -1
vn -2.0682311115474694e-13 0 -1
vn -2.0682311115474694e-13 0 -1
vn -2.0682311115474694e-13 0 -1
vn -2.0682311115474694e-13 0 -1
vn -0.1738872230052948 -3.596389746879543e-14 -0.9847655892372131
vn -0.1695406585931778 -0.0037781267892569304 -0.9855159521102905
vn -0.3342530131340027 -6.913125128772679e-14 -0.9424833655357361
vn -0.3342530131340027 -6.913125128772679e-14 -0.9424833655357361
vn -0.21125087141990662 -0.022711819037795067 -0.9771679639816284
vn -0.3981286287307739 -0.030196450650691986 -0.916832447052002
vn -0.33288800716400146 -0.030177179723978043 -0.9424833655357361
vn -0.6240952014923096 -0.05660317838191986 -0.7792953848838806
vn -2.0682311115474694e-13 0 -1
vn -2.0682311115474694e-13 0 -1
vn -2.0682311115474694e-13 0 -1
vn -2.0682311115474694e-13 0 -1
vn -2.0682311115474694e-13 0 -1
vn -2.0682311115474694e-13 0 -1
vn -2.0682311115474694e-13 0 -1
vn -2.0682311115474694e-13 0 -1
vn -2.0682311115474694e-13 0 -1
vn -2.0682311115474694e-13 0 -1
vn 0.9696819186210632 0 0.24437066912651062
vn 0.9696819186210632 0 0.24437066912651062
vn 0.999997615814209 0 0.002184694167226553
vn 0.999997615814209 0 0.002184694167226553
vn 0.9696819186210632 0 -0.24437066912651062
vn 0.9696819186210632 0 -0.24437066912651062
vn 0.9944137930870056 0.10552956163883209 0.002184694167226553
vn 0.9743447303771973 0.09050943702459335 -0.2060592919588089
vn 0.991767942905426 0.1280297040939331 0.002184694167226553
vn 0.982232391834259 0.12804363667964935 -0.1372016966342926
vn 0.9743549823760986 0.09039869904518127 0.2060592919588089
vn 0.9822525382041931 0.12788930535316467 0.1372016966342926
vn -0.06411359459161758 -0.9950146079063416 0.0763898640871048
vn -0.06791467219591141 -0.9976887702941895 0.002184694167226553
vn -0.047178998589515686 -0.9976228475570679 0.05022686347365379
vn -0.04529581964015961 -0.9989712238311768 0.002184694167226553
vn 0.15781717002391815 -0.98676997423172 -0.03713129088282585
vn 0.21725822985172272 -0.9761117100715637 0.002184694167226553
vn 0.5390493273735046 -0.8330658078193665 -0.1242060661315918
vn 0.5804283022880554 -0.8143084645271301 0.002184694167226553
vn 0.6956309676170349 -0.6996352076530457 -0.16312000155448914
vn -0.06411359459161758 -0.9950146079063416 -0.0763898640871048
vn -0.047178998589515686 -0.9976228475570679 -0.05022686347365379
vn 0.15781717002391815 -0.98676997423172 0.03713129088282585
vn 0.5390493273735046 -0.8330658078193665 0.1242060661315918
vn 0.7017449736595154 -0.7124248743057251 0.002184694167226553
vn 0.6956309676170349 -0.6996352076530457 0.16312000155448914
vn 0.7017449736595154 -0.7124248743057251 0.002184694167226553
vn 0.6902562379837036 -0.7049384117126465 0.16312000155448914
vn 0.6902562379837036 -0.7049384117126465 -0.16312000155448914
vn 0.060371436178684235 -0.9980588555335999 -0.0152922747656703
vn 0.06037835404276848 -0.998173177242279 0.002184694167226553
vn 0.037749744951725006 -0.999265730381012 -0.006554040592163801
vn 0.022653724998235703 -0.9997409582138062 0.002184694167226553
vn 3.097898456858039e-13 -0.999997615814209 0.002184694167226553
vn 3.097898456858039e-13 -0.999997615814209 0.002184694167226553
vn 0.037749744951725006 -0.999265730381012 0.006554040592163801
vn 3.097898456858039e-13 -0.999997615814209 0.002184694167226553
vn 0.060371436178684235 -0.9980588555335999 0.0152922747656703
vn -0.5896551012992859 0.05285302922129631 -0.8059239983558655
vn -0.5896551012992859 0.05285302922129631 -0.8059239983558655
vn -0.5896551012992859 0.05285302922129631 -0.8059239983558655
vn -0.5896551012992859 0.05285302922129631 -0.8059239983558655
vn -0.9929527640342712 0.02641030214726925 0.11553031951189041
vn -0.9997409582138062 0.022653724998235703 0.002184694167226553
vn -0.9929527640342712 0.02641030214726925 0.11553031951189041
vn -0.9997409582138062 0.022653724998235703 0.002184694167226553
vn -0.9929527640342712 0.02641030214726925 -0.11553031951189041
vn -0.9929527640342712 0.02641030214726925 -0.11553031951189041
vn -0.9211081266403198 0.0075556435622274876 -0.3892335295677185
vn -0.9211081266403198 0.0075556435622274876 -0.3892335295677185
vn -0.9353162050247192 0.060358088463544846 -0.34862664341926575
vn -0.9347996115684509 0.06789036095142365 -0.34862664341926575
vn -0.9247962236404419 0.12048233300447464 -0.36088213324546814
vn -0.9247962236404419 0.12048233300447464 -0.36088213324546814
vn -0.589674174785614 0.05263961851596832 0.8059239983558655
vn -0.589674174785614 0.05263961851596832 0.8059239983558655
vn -0.589674174785614 0.05263961851596832 0.8059239983558655
vn -0.589674174785614 0.05263961851596832 0.8059239983558655
vn 3.0973070245729484e-13 -0.9998067021369934 -0.01966099627315998
vn -2.0682311115474694e-13 0 -1
vn -0.19535815715789795 -4.0404579503125135e-14 -0.9807319641113281
vn -2.0682311115474694e-13 0 -1
vn -0.19535815715789795 -4.0404579503125135e-14 -0.9807319641113281
vn -0.3831879794597626 -7.925212949008026e-14 -0.9236704111099243
vn -0.3831879794597626 -7.925212949008026e-14 -0.9236704111099243
vn -0.5562512278556824 -1.150456140942835e-13 -0.8310141563415527
vn -0.5562512278556824 -1.150456140942835e-13 -0.8310141563415527
vn -0.7078686952590942 0.0037756471429020166 -0.7063339352607727
vn -0.7078686952590942 0.0037756471429020166 -0.7063339352607727
vn -0.8322274088859558 -1.721238575931247e-13 -0.5544344186782837
vn -0.8322274088859558 -1.721238575931247e-13 -0.5544344186782837
vn -0.9244976043701172 0.0037768674083054066 -0.3811691105365753
vn -0.9244976043701172 0.0037768674083054066 -0.3811691105365753
vn -0.9811564087867737 -2.0249009717240862e-13 -0.19321508705615997
vn -0.9811564087867737 -2.0249009717240862e-13 -0.19321508705615997
vn -0.999997615814209 -2.0682260971124217e-13 0.002184694167226553
vn -0.999997615814209 -2.0682260971124217e-13 0.002184694167226553
vn -0.9811491966247559 0.0037728105671703815 0.19321508705615997
vn -0.9811491966247559 0.0037728105671703815 0.19321508705615997
vn -0.924505352973938 -1.9120906843538704e-13 0.3811691105365753
vn -0.924505352973938 -1.9120906843538704e-13 0.3811691105365753
vn -0.8322188854217529 0.0037727425806224346 0.5544344186782837
vn -0.8322188854217529 0.0037727425806224346 0.5544344186782837
vn -0.7078787684440613 -1.4640568759497624e-13 0.7063339352607727
vn -0.7078787684440613 -1.4640568759497624e-13 0.7063339352607727
vn -0.5562512278556824 -1.150456140942835e-13 0.8310141563415527
vn -0.5562512278556824 -1.150456140942835e-13 0.8310141563415527
vn -0.3831879794597626 -7.925212949008026e-14 0.9236704111099243
vn -0.3831879794597626 -7.925212949008026e-14 0.9236704111099243
vn -0.19535815715789795 -4.0404579503125135e-14 0.9807319641113281
vn -0.19535815715789795 -4.0404579503125135e-14 0.9807319641113281
vn 0 0 1
vn 0 0 1
vn 0.19535815715789795 0 0.9807319641113281
vn 0.19535815715789795 0 0.9807319641113281
vn 0.3831879794597626 0 0.9236704111099243
vn 0.3831879794597626 0 0.9236704111099243
vn 0.5562512278556824 0 0.8310141563415527
vn 0.5562512278556824 0 0.8310141563415527
vn 0.7078787684440613 0 0.7063339352607727
vn 0.7078787684440613 0 0.7063339352607727
vn 0.8322274088859558 0 0.5544344186782837
vn 0.8322274088859558 0 0.5544344186782837
vn 0.924505352973938 0 0.3811691105365753
vn 0.924505352973938 0 0.3811691105365753
vn 0.9811564087867737 0 0.19321508705615997
vn 0.9811564087867737 0 0.19321508705615997
vn 0.999997615814209 0 0.002184694167226553
vn 0.999997615814209 0 0.002184694167226553
vn 0.9811564087867737 0 -0.19321508705615997
vn 0.9811564087867737 0 -0.19321508705615997
vn 0.924505352973938 0 -0.3811691105365753
vn 0.924505352973938 0 -0.3811691105365753
vn 0.8322274088859558 0 -0.5544344186782837
vn 0.8322274088859558 0 -0.5544344186782837
vn 0.7078787684440613 0 -0.7063339352607727
vn 0.7078787684440613 0 -0.7063339352607727
vn 0.5562512278556824 0 -0.8310141563415527
vn 0.5562512278556824 0 -0.8310141563415527
vn 0.3831879794597626 0 -0.9236704111099243
vn 0.3831879794597626 0 -0.9236704111099243
vn 0.19535815715789795 0 -0.9807319641113281
vn 0.19535815715789795 0 -0.9807319641113281
vn -2.0682311115474694e-13 0 -1
vn -2.0682311115474694e-13 0 -1
vn -0.0018966591451317072 0.14367829263210297 -0.9896226525306702
vn 0.001890473417006433 0.12635940313339233 -0.9919826984405518
vn 0.19166244566440582 0.14111806452274323 -0.9712626934051514
vn 0.19043931365013123 0.1280987709760666 -0.9733054637908936
vn 0.37793779373168945 0.14068830013275146 -0.9150791168212891
vn 0.37878549098968506 0.1262529045343399 -0.916832447052002
vn 0.5489775538444519 0.1422031670808792 -0.8236515522003174
vn 0.5525757670402527 0.12750746309757233 -0.8236515522003174
vn 0.6996522545814514 0.14253854751586914 -0.7001210451126099
vn 0.7025109529495239 0.12770625948905945 -0.7001210451126099
vn 0.8223237991333008 0.14286647737026215 -0.5507928133010864
vn 0.8247758150100708 0.1279539167881012 -0.5507928133010864
vn 0.915081799030304 0.14283323287963867 -0.37712597846984863
vn 0.9156013131141663 0.12800133228302002 -0.3811691105365753
vn 0.970674991607666 0.14303134381771088 -0.19321508705615997
vn 0.9727625250816345 0.12806661427021027 -0.19321508705615997
vn 0.9897211194038391 0.1429940164089203 0.002184694167226553
vn 0.991767942905426 0.1280297040939331 0.002184694167226553
vn 0.9707006216049194 0.14285752177238464 0.19321508705615997
vn 0.9727830290794373 0.12791074812412262 0.19321508705615997
vn 0.915081799030304 0.14283323287963867 0.37712597846984863
vn 0.9156243801116943 0.1278361678123474 0.3811691105365753
vn 0.8223591446876526 0.14266294240951538 0.5507928133010864
vn 0.8248041272163391 0.127771258354187 0.5507928133010864
vn 0.6997003555297852 0.14230221509933472 0.7001210451126099
vn 0.7025495171546936 0.1274939328432083 0.7001210451126099
vn 0.5491296648979187 0.14161473512649536 0.8236515522003174
vn 0.5526977777481079 0.12697753310203552 0.8236515522003174
vn 0.37823447585105896 0.1398886889219284 0.9150791168212891
vn 0.37890729308128357 0.12588688731193542 0.916832447052002
vn 0.192111536860466 0.1405060887336731 0.9712626934051514
vn 0.1908334642648697 0.12751084566116333 0.9733054637908936
vn 0.0018653111765161157 0.1436787098646164 0.9896226525306702
vn -0.0018551399698480964 0.1263599395751953 0.9919826984405518
vn -0.18986952304840088 0.1435212939977646 0.9712626934051514
vn -0.1908334642648697 0.12751084566116333 0.9733054637908936
vn -0.37691399455070496 0.14340855181217194 0.9150791168212891
vn -0.3800780475139618 0.12230664491653442 0.916832447052002
vn -0.550058126449585 0.1379643976688385 0.8236515522003174
vn -0.5535289645195007 0.12330383062362671 0.8236515522003174
vn -0.7004419565200806 0.13860583305358887 0.7001210451126099
vn -0.7032128572463989 0.12378272414207458 0.7001210451126099
vn -0.822995662689209 0.13894419372081757 0.5507928133010864
vn -0.8253732323646545 0.12404162436723709 0.5507928133010864
vn -0.9156562089920044 0.13910338282585144 0.37712597846984863
vn -0.9156243801116943 0.1278361678123474 0.3811691105365753
vn -0.9712427258491516 0.1391238570213318 0.19321508705615997
vn -0.973267674446106 0.12416919320821762 0.19321508705615997
vn -0.9897211194038391 0.1429940164089203 0.002184694167226553
vn -0.991767942905426 0.1280297040939331 0.002184694167226553
vn -0.970674991607666 0.14303134381771088 -0.19321508705615997
vn -0.9727625250816345 0.12806661427021027 -0.19321508705615997
vn -0.9156562089920044 0.13910338282585144 -0.37712597846984863
vn -0.9161165952682495 0.12425976991653442 -0.3811691105365753
vn -0.8223237991333008 0.14286647737026215 -0.5507928133010864
vn -0.8247758150100708 0.1279539167881012 -0.5507928133010864
vn -0.6996522545814514 0.14253854751586914 -0.7001210451126099
vn -0.7025109529495239 0.12770625948905945 -0.7001210451126099
vn -0.5499138832092285 0.13853831589221954 -0.8236515522003174
vn -0.5534139275550842 0.12381894886493683 -0.8236515522003174
vn -0.37660184502601624 0.1442263275384903 -0.9150791168212891
vn -0.37878549098968506 0.1262529045343399 -0.916832447052002
vn -0.19166244566440582 0.14111806452274323 -0.9712626934051514
vn -0.19252043962478638 0.12494921684265137 -0.9733054637908936
vn -0.0018966591451317072 0.14367829263210297 -0.9896226525306702
vn 0.001890473417006433 0.12635940313339233 -0.9919826984405518
f 1//1 2//2 3//3
f 2//2 2//2 3//3
f 3//3 2//2 4//4
f 2//2 2//2 4//4
f 4//4 2//2 5//5
f 2//2 2//2 5//5
f 5//5 2//2 6//6
f 2//2 2//2 6//6
f 6//6 2//2 7//7
f 2//2 2//2 7//7
f 7//7 2//2 8//8
f 2//2 2//2 8//8
f 8//8 2//2 9//9
f 2//2 2//2 9//9
f 9//9 2//2 10//10
f 2//2 2//2 10//10
f 10//10 2//2 11//11
f 2//2 2//2 11//11
f 11//11 2//2 12//12
f 2//2 2//2 12//12
f 12//12 2//2 13//13
f 2//2 2//2 13//13
f 13//13 2//2 14//14
f 2//2 2//2 14//14
f 14//14 2//2 15//15
f 2//2 2//2 15//15
f 15//15 2//2 16//16
f 2//2 2//2 16//16
f 16//16 2//2 17//17
f 2//2 2//2 17//17
f 17//17 2//2 18//18
f 2//2 2//2 18//18
f 18//18 2//2 19//19
f 2//2 2//2 19//19
f 19//19 2//2 20//20
f 2//2 2//2 20//20
f 20//20 2//2 21//21
f 2//2 2//2 21//21
f 21//21 2//2 22//22
f 2//2 2//2 22//22
f 22//22 2//2 23//23
f 2//2 2//2 23//23
f 23//23 2//2 24//24
f 2//2 2//2 24//24
f 24//24 2//2 25//25
f 2//2 2//2 25//25
f 25//25 2//2 26//26
f 2//2 2//2 26//26
f 26//26 2//2 27//27
f 2//2 2//2 27//27
f 27//27 2//2 28//28
f 2//2 2//2 28//28
f 28//28 2//2 29//29
f 2//2 2//2 29//29
f 29//29 2//2 30//30
f 2//2 2//2 30//30
f 30//30 2//2 31//31
f 2//2 2//2 31//31
f 31//31 2//2 32//32
f 2//2 2//2 32//32
f 32//32 2//2 33//33
f 2//2 1//1 33//33
f 33//33 1//1 1//1
f 1//1 34//34 1//1
f 1//1 34//34 34//34
f 34//34 35//35 34//34
f 34//34 35//35 36//36
f 35//35 35//35 36//36
f 36//36 35//35 37//37
f 35//35 35//35 37//37
f 37//37 35//35 38//38
f 35//35 39//39 38//38
f 38//38 39//39 40//40
f 39//39 41//41 40//40
f 40//40 41//41 42//42
f 41//41 43//43 42//42
f 42//42 43//43 44//44
f 43//43 45//45 44//44
f 44//44 45//45 46//46
f 45//45 47//47 46//46
f 46//46 47//47 48//48
f 47//47 49//49 48//48
f 48//48 49//49 50//50
f 49//49 49//49 50//50
f 50//50 49//49 51//51
f 49//49 49//49 51//51
f 51//51 49//49 34//34
f 49//49 47//47 34//34
f 34//34 47//47 34//34
f 47//47 45//45 34//34
f 34//34 45//45 34//34
f 45//45 43//43 34//34
f 34//34 43//43 34//34
f 43//43 41//41 34//34
f 34//34 41//41 34//34
f 41//41 39//39 34//34
f 34//34 39//39 35//35
f 39//39 35//35 35//35
f 35//35 35//35 50//50
f 35//35 50//50 50//50
f 50//50 50//50 52//52
f 50//50 51//51 52//52
f 52//52 51//51 53//53
f 51//51 34//34 53//53
f 53//53 34//34 54//54
f 34//34 55//55 54//54
f 54//54 55//55 56//56
f 55//55 55//55 56//56
f 56//56 55//55 57//57
f 55//55 58//58 57//57
f 57//57 58//58 59//59
f 58//58 60//60 59//59
f 59//59 60//60 61//61
f 60//60 62//62 61//61
f 61//61 62//62 63//63
f 62//62 62//62 63//63
f 63//63 62//62 64//64
f 62//62 62//62 64//64
f 64//64 62//62 34//34
f 62//62 60//60 34//34
f 34//34 60//60 34//34
f 60//60 58//58 34//34
f 34//34 58//58 55//55
f 58//58 55//55 55//55
f 55//55 55//55 52//52
f 55//55 52//52 52//52
f 52//52 52//52 65//65
f 52//52 53//53 65//65
f 65//65 53//53 65//65
f 53//53 54//54 65//65
f 65//65 54//54 56//56
f 54//54 56//56 56//56
f 56//56 56//56 63//63
f 56//56 63//63 63//63
f 63//63 63//63 66//66
f 63//63 64//64 66//66
f 66//66 64//64 67//67
f 64//64 34//34 67//67
f 67//67 34//34 68//68
f 34//34 69//69 68//68
f 68//68 69//69 70//70
f 69//69 69//69 70//70
f 70//70 69//69 71//71
f 69//69 72//72 71//71
f 71//71 72//72 73//73
f 72//72 74//74 73//73
f 73//73 74//74 75//75
f 74//74 76//76 75//75
f 75//75 76//76 77//77
f 76//76 76//76 77//77
f 77//77 76//76 78//78
f 76//76 76//76 78//78
f 78//78 76//76 34//34
f 76//76 74//74 34//34
f 34//34 74//74 34//34
f 74//74 72//72 34//34
f 34//34 72//72 69//69
f 72//72 69//69 69//69
f 69//69 69//69 66//66
f 69//69 66//66 66//66
f 66//66 66//66 79//79
f 66//66 67//67 79//79
f 79//79 67//67 79//79
f 67//67 68//68 79//79
f 79//79 68//68 70//70
f 68//68 70//70 70//70
f 70//70 70//70 77//77
f 70//70 77//77 77//77
f 77//77 77//77 80//80
f 77//77 78//78 80//80
f 80//80 78//78 81//81
f 78//78 34//34 81//81
f 81//81 34//34 82//82
f 34//34 83//83 82//82
f 82//82 83//83 84//84
f 83//83 83//83 84//84
f 84//84 83//83 85//85
f 83//83 86//86 85//85
f 85//85 86//86 87//87
f 86//86 86//86 87//87
f 87//87 86//86 88//88
f 86//86 34//34 88//88
f 88//88 34//34 88//88
f 34//34 89//89 88//88
f 88//88 89//89 90//90
f 89//89 89//89 90//90
f 90//90 89//89 91//91
f 89//89 89//89 91//91
f 91//91 89//89 92//92
f 89//89 34//34 92//92
f 92//92 34//34 93//93
f 34//34 34//34 93//93
f 93//93 34//34 94//94
f 34//34 36//36 94//94
f 94//94 36//36 95//95
f 36//36 37//37 95//95
f 95//95 37//37 37//37
f 37//37 86//86 37//37
f 37//37 86//86 86//86
f 86//86 83//83 86//86
f 86//86 83//83 34//34
f 83//83 34//34 34//34
f 34//34 34//34 88//88
f 34//34 88//88 88//88
f 88//88 88//88 87//87
f 88//88 90//90 87//87
f 87//87 90//90 90//90
f 90//90 80//80 90//90
f 90//90 80//80 80//80
f 80//80 81//81 80//80
f 80//80 81//81 96//96
f 81//81 82//82 96//96
f 96//96 82//82 84//84
f 82//82 84//84 84//84
f 84//84 84//84 95//95
f 84//84 95//95 95//95
f 95//95 95//95 94//94
f 95//95 97//97 94//94
f 94//94 97//97 93//93
f 97//97 98//98 93//93
f 93//93 98//98 92//92
f 98//98 98//98 92//92
f 92//92 98//98 91//91
f 98//98 98//98 91//91
f 91//91 98//98 99//99
f 98//98 98//98 99//99
f 99//99 98//98 100//100
f 98//98 97//97 100//100
f 100//100 97//97 101//101
f 97//97 95//95 101//101
f 101//101 95//95 102//102
f 95//95 37//37 102//102
f 102//102 37//37 103//103
f 37//37 38//38 103//103
f 103//103 38//38 104//104
f 38//38 40//40 104//104
f 104//104 40//40 105//105
f 40//40 42//42 105//105
f 105//105 42//42 106//106
f 42//42 44//44 106//106
f 106//106 44//44 107//107
f 44//44 46//46 107//107
f 107//107 46//46 108//108
f 46//46 48//48 108//108
f 108//108 48//48 109//109
f 48//48 50//50 109//109
f 109//109 50//50 110//110
f 50//50 52//52 110//110
f 110//110 52//52 111//111
f 52//52 65//65 111//111
f 111//111 65//65 112//112
f 65//65 56//56 112//112
f 112//112 56//56 113//113
f 56//56 57//57 113//113
f 113//113 57//57 114//114
f 57//57 59//59 114//114
f 114//114 59//59 115//115
f 59//59 61//61 115//115
f 115//115 61//61 116//116
f 61//61 63//63 116//116
f 116//116 63//63 117//117
f 63//63 66//66 117//117
f 117//117 66//66 118//118
f 66//66 79//79 118//118
f 118//118 79//79 119//119
f 79//79 70//70 119//119
f 119//119 70//70 120//120
f 70//70 71//71 120//120
f 120//120 71//71 121//121
f 71//71 73//73 121//121
f 121//121 73//73 122//122
f 73//73 75//75 122//122
f 122//122 75//75 123//123
f 75//75 77//77 123//123
f 123//123 77//77 124//124
f 77//77 80//80 124//124
f 124//124 80//80 125//125
f 80//80 96//96 125//125
f 125//125 96//96 126//126
f 96//96 84//84 126//126
f 126//126 84//84 127//127
f 84//84 85//85 127//127
f 127//127 85//85 128//128
f 85//85 87//87 128//128
f 128//128 87//87 129//129
f 87//87 90//90 129//129
f 129//129 90//90 130//130
f 90//90 91//91 130//130
f 130//130 91//91 130//130
f 91//91 99//99 130//130
f 130//130 99//99 131//131
f 99//99 99//99 131//131
f 131//131 99//99 132//132
f 99//99 100//100 132//132
f 132//132 100//100 133//133
f 100//100 101//101 133//133
f 133//133 101//101 134//134
f 101//101 102//102 134//134
f 134//134 102//102 135//135
f 102//102 103//103 135//135
f 135//135 103//103 136//136
f 103//103 104//104 136//136
f 136//136 104//104 137//137
f 104//104 105//105 137//137
f 137//137 105//105 138//138
f 105//105 106//106 138//138
f 138//138 106//106 139//139
f 106//106 107//107 139//139
f 139//139 107//107 140//140
f 107//107 108//108 140//140
f 140//140 108//108 141//141
f 108//108 109//109 141//141
f 141//141 109//109 142//142
f 109//109 110//110 142//142
f 142//142 110//110 143//143
f 110//110 111//111 143//143
f 143//143 111//111 144//144
f 111//111 112//112 144//144
f 144//144 112//112 145//145
f 112//112 113//113 145//145
f 145//145 113//113 146//146
f 113//113 114//114 146//146
f 146//146 114//114 147//147
f 114//114 115//115 147//147
f 147//147 115//115 148//148
f 115//115 116//116 148//148
f 148//148 116//116 149//149
f 116//116 117//117 149//149
f 149//149 117//117 150//150
f 117//117 118//118 150//150
f 150//150 118//118 151//151
f 118//118 119//119 151//151
f 151//151 119//119 152//152
f 119//119 120//120 152//152
f 152//152 120//120 153//153
f 120//120 121//121 153//153
f 153//153 121//121 154//154
f 121//121 122//122 154//154
f 154//154 122//122 155//155
f 122//122 123//123 155//155
f 155//155 123//123 156//156
f 123//123 124//124 156//156
f 156//156 124//124 157//157
f 124//124 125//125 157//157
f 157//157 125//125 158//158
f 125//125 126//126 158//158
f 158//158 126//126 159//159
f 126//126 127//127 159//159
f 159//159 127//127 160//160
f 127//127 128//128 160//160
f 160//160 128//128 161//161
f 128//128 129//129 161//161
f 161//161 129//129 162//162
f 129//129 130//130 162//162
f 162//162 130//130 162//162
f 130//130 131//131 162//162
f 162//162 131//131 163//163
f 131//131 131//131 163//163
f 163//163 131//131 164//164
f 131//131 132//132 164//164
f 164//164 132//132 165//165
f 132//132 133//133 165//165
f 165//165 133//133 166//166
f 133//133 134//134 166//166
f 166//166 134//134 167//167
f 134//134 135//135 167//167
f 167//167 135//135 168//168
f 135//135 136//136 168//168
f 168//168 136//136 169//169
f 136//136 137//137 169//169
f 169//169 137//137 170//170
f 137//137 138//138 170//170
f 170//170 138//138 171//171
f 138//138 139//139 171//171
f 171//171 139//139 172//172
f 139//139 140//140 172//172
f 172//172 140//140 173//173
f 140//140 141//141 173//173
f 173//173 141//141 174//174
f 141//141 142//142 174//174
f 174//174 142//142 175//175
f 142//142 143//143 175//175
f 175//175 143//143 176//176
f 143//143 144//144 176//176
f 176//176 144//144 177//177
f 144//144 145//145 177//177
f 177//177 145//145 178//178
f 145//145 146//146 178//178
f 178//178 146//146 179//179
f 146//146 147//147 179//179
f 179//179 147//147 180//180
f 147//147 148//148 180//180
f 180//180 148//148 181//181
f 148//148 149//149 181//181
f 181//181 149//149 182//182
f 149//149 150//150 182//182
f 182//182 150//150 183//183
f 150//150 151//151 183//183
f 183//183 151//151 184//184
f 151//151 152//152 184//184
f 184//184 152//152 185//185
f 152//152 153//153 185//185
f 185//185 153//153 186//186
f 153//153 154//154 186//186
f 186//186 154//154 187//187
f 154//154 155//155 187//187
f 187//187 155//155 188//188
f 155//155 156//156 188//188
f 188//188 156//156 189//189
f 156//156 157//157 189//189
f 189//189 157//157 190//190
f 157//157 158//158 190//190
f 190//190 158//158 191//191
f 158//158 159//159 191//191
f 191//191 159//159 192//192
f 159//159 160//160 192//192
f 192//192 160//160 193//193
f 160//160 161//161 193//193
f 193//193 161//161 194//194
f 161//161 162//162 194//194
f 194//194 162//162 163//163
f 162//162 163//163 163//163
f 163//163 163//163 195//195
f 163//163 195//195 195//195
f 195//195 195//195 196//196
f 195//195 197//197 196//196
f 196//196 197//197 198//198
f 197//197 199//199 198//198
f 198//198 199//199 198//198
f 199//199 200//200 198//198
f 198//198 200//200 198//198
f 200//200 201//201 198//198
f 198//198 201//201 196//196
f 201//201 196//196 196//196
f 196//196 196//196 202//202
f 196//196 202//202 202//202
f 202//202 202//202 203//203
f 202//202 204//204 203//203
f 203//203 204//204 203//203
f 204//204 205//205 203//203
f 203//203 205//205 206//206
f 205//205 206//206 206//206
f 206//206 206//206 207//207
f 206//206 207//207 207//207
f 207//207 207//207 208//208
f 207//207 209//209 208//208
f 208//208 209//209 210//210
f 209//209 211//211 210//210
f 210//210 211//211 210//210
f 211//211 212//212 210//210
f 210//210 212//212 210//210
f 212//212 213//213 210//210
f 210//210 213//213 208//208
f 213//213 208//208 208//208
f 208//208 208//208 214//214
f 208//208 214//214 214//214
f 214//214 214//214 215//215
f 214//214 216//216 215//215
f 215//215 216//216 215//215
f 216//216 217//217 215//215
f 215//215 217//217 215//215
f 217//217 218//218 215//215
f 215//215 218//218 219//219
f 218//218 219//219 219//219
f 219//219 219//219 220//220
f 219//219 220//220 220//220
f 220//220 220//220 221//221
f 220//220 222//222 221//221
f 221//221 222//222 223//223
f 222//222 224//224 223//223
f 223//223 224//224 223//223
f 224//224 225//225 223//223
f 223//223 225//225 223//223
f 225//225 226//226 223//223
f 223//223 226//226 221//221
f 226//226 221//221 221//221
f 221//221 221//221 227//227
f 221//221 227//227 227//227
f 227//227 227//227 228//228
f 227//227 229//229 228//228
f 228//228 229//229 230//230
f 229//229 231//231 230//230
f 230//230 231//231 231//231
f 231//231 228//228 231//231
f 231//231 228//228 228//228
f 228//228 230//230 228//228
f 228//228 230//230 232//232
f 230//230 232//232 232//232
f 232//232 232//232 233//233
f 232//232 233//233 233//233
f 233//233 233//233 234//234
f 233//233 235//235 234//234
f 234//234 235//235 236//236
f 235//235 237//237 236//236
f 236//236 237//237 236//236
f 237//237 238//238 236//236
f 236//236 238//238 236//236
f 238//238 239//239 236//236
f 236//236 239//239 234//234
f 239//239 234//234 234//234
f 234//234 234//234 240//240
f 234//234 240//240 240//240
f 240//240 240//240 241//241
f 240//240 242//242 241//241
f 241//241 242//242 243//243
f 242//242 244//244 243//243
f 243//243 244//244 244//244
f 244//244 241//241 244//244
f 244//244 241//241 241//241
f 241//241 243//243 241//241
f 241//241 243//243 245//245
f 243//243 245//245 245//245
f 245//245 245//245 246//246
f 245//245 246//246 246//246
f 246//246 246//246 247//247
f 246//246 248//248 247//247
f 247//247 248//248 249//249
f 248//248 250//250 249//249
f 249//249 250//250 250//250
f 250//250 247//247 250//250
f 250//250 247//247 247//247
f 247//247 249//249 247//247
f 247//247 249//249 251//251
f 249//249 252//252 251//251
f 251//251 252//252 253//253
f 252//252 252//252 253//253
f 253//253 252//252 254//254
f 252//252 255//255 254//254
f 254//254 255//255 256//256
f 255//255 256//256 256//256
f 256//256 256//256 255//255
f 256//256 255//255 255//255
f 255//255 255//255 257//257
f 255//255 252//252 257//257
f 257//257 252//252 257//257
f 252//252 249//249 257//257
f 257//257 249//249 257//257
f 249//249 250//250 257//257
f 257//257 250//250 257//257
f 250//250 258//258 257//257
f 257//257 258//258 259//259
f 258//258 260//260 259//259
f 259//259 260//260 260//260
f 260//260 257//257 260//260
f 260//260 257//257 257//257
f 257//257 259//259 257//257
f 257//257 259//259 255//255
f 259//259 261//261 255//255
f 255//255 261//261 256//256
f 261//261 261//261 256//256
f 256//256 261//261 262//262
f 261//261 263//263 262//262
f 262//262 263//263 264//264
f 263//263 264//264 264//264
f 264//264 264//264 263//263
f 264//264 263//263 263//263
f 263//263 263//263 265//265
f 263//263 261//261 265//265
f 265//265 261//261 265//265
f 261//261 259//259 265//265
f 265//265 259//259 265//265
f 259//259 260//260 265//265
f 265//265 260//260 265//265
f 260//260 266//266 265//265
f 265//265 266//266 267//267
f 266//266 268//268 267//267
f 267//267 268//268 268//268
f 268//268 265//265 268//268
f 268//268 265//265 265//265
f 265//265 267//267 265//265
f 265//265 267//267 263//263
f 267//267 269//269 263//263
f 263//263 269//269 264//264
f 269//269 269//269 264//264
f 264//264 269//269 270//270
f 269//269 271//271 270//270
f 270//270 271//271 272//272
f 271//271 272//272 272//272
f 272//272 272//272 271//271
f 272//272 271//271 271//271
f 271//271 271//271 273//273
f 271//271 269//269 273//273
f 273//273 269//269 273//273
f 269//269 267//267 273//273
f 273//273 267//267 273//273
f 267//267 268//268 273//273
f 273//273 268//268 273//273
f 268//268 274//274 273//273
f 273//273 274//274 275//275
f 274//274 276//276 275//275
f 275//275 276//276 276//276
f 276//276 273//273 276//276
f 276//276 273//273 273//273
f 273//273 275//275 273//273
f 273//273 275//275 271//271
f 275//275 277//277 271//271
f 271//271 277//277 272//272
f 277//277 277//277 272//272
f 272//272 277//277 278//278
f 277//277 279//279 278//278
f 278//278 279//279 280//280
f 279//279 280//280 280//280
f 280//280 280//280 279//279
f 280//280 279//279 279//279
f 279//279 279//279 281//281
f 279//279 277//277 281//281
f 281//281 277//277 281//281
f 277//277 275//275 281//281
f 281//281 275//275 281//281
f 275//275 276//276 281//281
f 281//281 276//276 281//281
f 276//276 282//282 281//281
f 281//281 282//282 283//283
f 282//282 284//284 283//283
f 283//283 284//284 284//284
f 284//284 281//281 284//284
f 284//284 281//281 281//281
f 281//281 283//283 281//281
f 281//281 283//283 279//279
f 283//283 285//285 279//279
f 279//279 285//285 280//280
f 285//285 286//286 280//280
f 280//280 286//286 287//287
f 286//286 288//288 287//287
f 287//287 288//288 289//289
f 288//288 288//288 289//289
f 289//289 288//288 290//290
f 288//288 291//291 290//290
f 290//290 291//291 292//292
f 291//291 292//292 292//292
f 292//292 292//292 291//291
f 292//292 291//291 291//291
f 291//291 291//291 293//293
f 291//291 288//288 293//293
f 293//293 288//288 293//293
f 288//288 286//286 293//293
f 293//293 286//286 294//294
f 286//286 285//285 294//294
f 294//294 285//285 295//295
f 285//285 283//283 295//295
f 295//295 283//283 295//295
f 283//283 284//284 295//295
f 295//295 284//284 295//295
f 284//284 296//296 295//295
f 295//295 296//296 297//297
f 296//296 298//298 297//297
f 297//297 298//298 298//298
f 298//298 295//295 298//298
f 298//298 295//295 295//295
f 295//295 297//297 295//295
f 295//295 297//297 294//294
f 297//297 299//299 294//294
f 294//294 299//299 293//293
f 299//299 300//300 293//293
f 293//293 300//300 291//291
f 300//300 301//301 291//291
f 291//291 301//301 292//292
f 301//301 301//301 292//292
f 292//292 301//301 302//302
f 301//301 303//303 302//302
f 302//302 303//303 304//304
f 303//303 304//304 304//304
f 304//304 304//304 303//303
f 304//304 303//303 303//303
f 303//303 303//303 305//305
f 303//303 301//301 305//305
f 305//305 301//301 305//305
f 301//301 300//300 305//305
f 305//305 300//300 306//306
f 300//300 299//299 306//306
f 306//306 299//299 307//307
f 299//299 297//297 307//307
f 307//307 297//297 307//307
f 297//297 298//298 307//307
f 307//307 298//298 307//307
f 298//298 308//308 307//307
f 307//307 308//308 309//309
f 308//308 310//310 309//309
f 309//309 310//310 310//310
f 310//310 307//307 310//310
f 310//310 307//307 307//307
f 307//307 309//309 307//307
f 307//307 309//309 306//306
f 309//309 311//311 306//306
f 306//306 311//311 305//305
f 311//311 312//312 305//305
f 305//305 312//312 303//303
f 312//312 313//313 303//303
f 303//303 313//313 304//304
f 313//313 313//313 304//304
f 304//304 313//313 314//314
f 313//313 315//315 314//314
f 314//314 315//315 316//316
f 315//315 316//316 316//316
f 316//316 316//316 315//315
f 316//316 315//315 315//315
f 315//315 315//315 317//317
f 315//315 313//313 317//317
f 317//317 313//313 317//317
f 313//313 312//312 317//317
f 317//317 312//312 318//318
f 312//312 311//311 318//318
f 318//318 311//311 319//319
f 311//311 309//309 319//319
f 319//319 309//309 319//319
f 309//309 310//310 319//319
f 319//319 310//310 319//319
f 310//310 320//320 319//319
f 319//319 320//320 321//321
f 320//320 322//322 321//321
f 321//321 322//322 322//322
f 322//322 319//319 322//322
f 322//322 319//319 319//319
f 319//319 321//321 319//319
f 319//319 321//321 318//318
f 321//321 323//323 318//318
f 318//318 323//323 317//317
f 323//323 324//324 317//317
f 317//317 324//324 315//315
f 324//324 325//325 315//315
f 315//315 325//325 316//316
f 325//325 325//325 316//316
f 316//316 325//325 326//326
f 325//325 327//327 326//326
f 326//326 327//327 328//328
f 327//327 328//328 328//328
f 328//328 328//328 327//327
f 328//328 327//327 327//327
f 327//327 327//327 329//329
f 327//327 325//325 329//329
f 329//329 325//325 329//329
f 325//325 324//324 329//329
f 329//329 324//324 330//330
f 324//324 323//323 330//330
f 330//330 323//323 331//331
f 323//323 321//321 331//331
f 331//331 321//321 331//331
f 321//321 322//322 331//331
f 331//331 322//322 331//331
f 322//322 332//332 331//331
f 331//331 332//332 333//333
f 332//332 334//334 333//333
f 333//333 334//334 334//334
f 334//334 331//331 334//334
f 334//334 331//331 331//331
f 331//331 333//333 331//331
f 331//331 333//333 330//330
f 333//333 335//335 330//330
f 330//330 335//335 329//329
f 335//335 336//336 329//329
f 329//329 336//336 327//327
f 336//336 337//337 327//327
f 327//327 337//337 328//328
f 337//337 337//337 328//328
f 328//328 337//337 338//338
f 337//337 339//339 338//338
f 338//338 339//339 340//340
f 339//339 340//340 340//340
f 340//340 340//340 339//339
f 340//340 339//339 339//339
f 339//339 339//339 341//341
f 339//339 337//337 341//341
f 341//341 337//337 341//341
f 337//337 336//336 341//341
f 341//341 336//336 342//342
f 336//336 335//335 342//342
f 342//342 335//335 343//343
f 335//335 333//333 343//343
f 343//343 333//333 343//343
f 333//333 334//334 343//343
f 343//343 334//334 343//343
f 334//334 344//344 343//343
f 343//343 344//344 345//345
f 344//344 346//346 345//345
f 345//345 346//346 346//346
f 346//346 343//343 346//346
f 346//346 343//343 343//343
f 343//343 345//345 343//343
f 343//343 345//345 342//342
f 345//345 347//347 342//342
f 342//342 347//347 341//341
f 347//347 348//348 341//341
f 341//341 348//348 339//339
f 348//348 349//349 339//339
f 339//339 349//349 340//340
f 349//349 349//349 340//340
f 340//340 349//349 350//350
f 349//349 351//351 350//350
f 350//350 351//351 352//352
f 351//351 352//352 352//352
f 352//352 352//352 351//351
f 352//352 351//351 351//351
f 351//351 351//351 353//353
f 351//351 349//349 353//353
f 353//353 349//349 353//353
f 349//349 348//348 353//353
f 353//353 348//348 354//354
f 348//348 347//347 354//354
f 354//354 347//347 355//355
f 347//347 345//345 355//355
f 355//355 345//345 355//355
f 345//345 346//346 355//355
f 355//355 346//346 355//355
f 346//346 356//356 355//355
f 355//355 356//356 357//357
f 356//356 358//358 357//357
f 357//357 358//358 358//358
f 358//358 355//355 358//358
f 358//358 355//355 355//355
f 355//355 357//357 355//355
f 355//355 357//357 354//354
f 357//357 359//359 354//354
f 354//354 359//359 353//353
f 359//359 360//360 353//353
f 353//353 360//360 351//351
f 360//360 361//361 351//351
f 351//351 361//361 352//352
f 361//361 361//361 352//352
f 352//352 361//361 362//362
f 361//361 363//363 362//362
f 362//362 363//363 364//364
f 363//363 364//364 364//364
f 364//364 364//364 363//363
f 364//364 363//363 363//363
f 363//363 363//363 365//365
f 363//363 361//361 365//365
f 365//365 361//361 365//365
f 361//361 360//360 365//365
f 365//365 360//360 366//366
f 360//360 359//359 366//366
f 366//366 359//359 367//367
f 359//359 357//357 367//367
f 367//367 357//357 367//367
f 357//357 358//358 367//367
f 367//367 358//358 367//367
f 358//358 368//368 367//367
f 367//367 368//368 369//369
f 368//368 370//370 369//369
f 369//369 370//370 370//370
f 370//370 367//367 370//370
f 370//370 367//367 367//367
f 367//367 369//369 367//367
f 367//367 369//369 366//366
f 369//369 371//371 366//366
f 366//366 371//371 365//365
f 371//371 372//372 365//365
f 365//365 372//372 363//363
f 372//372 373//373 363//363
f 363//363 373//373 364//364
f 373//373 373//373 364//364
f 364//364 373//373 374//374
f 373//373 375//375 374//374
f 374//374 375//375 376//376
f 375//375 376//376 376//376
f 376//376 376//376 375//375
f 376//376 375//375 375//375
f 375//375 375//375 377//377
f 375//375 373//373 377//377
f 377//377 373//373 377//377
f 373//373 372//372 377//377
f 377//377 372//372 378//378
f 372//372 371//371 378//378
f 378//378 371//371 379//379
f 371//371 369//369 379//379
f 379//379 369//369 379//379
f 369//369 370//370 379//379
f 379//379 370//370 379//379
f 370//370 380//380 379//379
f 379//379 380//380 381//381
f 380//380 382//382 381//381
f 381//381 382//382 382//382
f 382//382 379//379 382//382
f 382//382 379//379 379//379
f 379//379 381//381 379//379
f 379//379 381//381 378//378
f 381//381 383//383 378//378
f 378//378 383//383 377//377
f 383//383 383//383 377//377
f 377//377 383//383 384//384
f 383//383 385//385 384//384
f 384//384 385//385 386//386
f 385//385 386//386 386//386
f 386//386 386//386 385//385
f 386//386 385//385 385//385
f 385//385 385//385 387//387
f 385//385 383//383 387//387
f 387//387 383//383 387//387
f 383//383 381//381 387//387
f 387//387 381//381 387//387
f 381//381 382//382 387//387
f 387//387 382//382 387//387
f 382//382 388//388 387//387
f 387//387 388//388 389//389
f 388//388 390//390 389//389
f 389//389 390//390 390//390
f 390//390 387//387 390//390
f 390//390 387//387 387//387
f 387//387 389//389 387//387
f 387//387 389//389 385//385
f 389//389 391//391 385//385
f 385//385 391//391 386//386
f 391//391 391//391 386//386
f 386//386 391//391 392//392
f 391//391 393//393 392//392
f 392//392 393//393 394//394
f 393//393 394//394 394//394
f 394//394 394//394 393//393
f 394//394 393//393 393//393
f 393//393 393//393 395//395
f 393//393 391//391 395//395
f 395//395 391//391 395//395
f 391//391 389//389 395//395
f 395//395 389//389 395//395
f 389//389 390//390 395//395
f 395//395 390//390 395//395
f 390//390 396//396 395//395
f 395//395 396//396 397//397
f 396//396 398//398 397//397
f 397//397 398//398 398//398
f 398//398 395//395 398//398
f 398//398 395//395 395//395
f 395//395 397//397 395//395
f 395//395 397//397 393//393
f 397//397 399//399 393//393
f 393//393 399//399 394//394
f 399//399 399//399 394//394
f 394//394 399//399 400//400
f 399//399 401//401 400//400
f 400//400 401//401 402//402
f 401//401 402//402 402//402
f 402//402 402//402 401//401
f 402//402 401//401 401//401
f 401//401 401//401 403//403
f 401//401 399//399 403//403
f 403//403 399//399 403//403
f 399//399 397//397 403//403
f 403//403 397//397 403//403
f 397//397 398//398 403//403
f 403//403 398//398 403//403
f 398//398 404//404 403//403
f 403//403 404//404 405//405
f 404//404 406//406 405//405
f 405//405 406//406 405//405
f 406//406 407//407 405//405
f 405//405 407//407 408//408
f 407//407 409//409 408//408
f 408//408 409//409 410//410
f 409//409 411//411 410//410
f 410//410 411//411 411//411
f 411//411 403//403 411//411
f 411//411 403//403 403//403
f 403//403 405//405 403//403
f 403//403 405//405 401//401
f 405//405 408//408 401//401
f 401//401 408//408 402//402
f 408//408 410//410 402//402
f 402//402 410//410 410//410
f 410//410 412//412 410//410
f 410//410 412//412 412//412
f 412//412 413//413 412//412
f 412//412 413//413 414//414
f 413//413 413//413 414//414
f 414//414 413//413 415//415
f 413//413 416//416 415//415
f 415//415 416//416 417//417
f 416//416 418//418 417//417
f 417//417 418//418 419//419
f 418//418 420//420 419//419
f 419//419 420//420 421//421
f 420//420 422//422 421//421
f 421//421 422//422 423//423
f 422//422 424//424 423//423
f 423//423 424//424 425//425
f 424//424 426//426 425//425
f 425//425 426//426 427//427
f 426//426 428//428 427//427
f 427//427 428//428 429//429
f 428//428 429//429 429//429
f 429//429 429//429 429//429
f 429//429 429//429 429//429
f 429//429 429//429 430//430
f 429//429 431//431 430//430
f 430//430 431//431 432//432
f 431//431 433//433 432//432
f 432//432 433//433 434//434
f 433//433 435//435 434//434
f 434//434 435//435 436//436
f 435//435 437//437 436//436
f 436//436 437//437 438//438
f 437//437 439//439 438//438
f 438//438 439//439 440//440
f 439//439 441//441 440//440
f 440//440 441//441 442//442
f 441//441 443//443 442//442
f 442//442 443//443 444//444
f 443//443 445//445 444//444
f 444//444 445//445 446//446
f 445//445 447//447 446//446
f 446//446 447//447 448//448
f 447//447 449//449 448//448
f 448//448 449//449 450//450
f 449//449 451//451 450//450
f 450//450 451//451 452//452
f 451//451 453//453 452//452
f 452//452 453//453 454//454
f 453//453 455//455 454//454
f 454//454 455//455 456//456
f 455//455 457//457 456//456
f 456//456 457//457 458//458
f 457//457 459//459 458//458
f 458//458 459//459 460//460
f 459//459 461//461 460//460
f 460//460 461//461 462//462
f 461//461 462//462 462//462
f 462//462 462//462 463//463
f 462//462 463//463 463//463
f 463//463 463//463 461//461
f 463//463 464//464 461//461
f 461//461 464//464 465//465
f 464//464 466//466 465//465
f 465//465 466//466 467//467
f 466//466 468//468 467//467
f 467//467 468//468 469//469
f 468//468 470//470 469//469
f 469//469 470//470 471//471
f 470//470 472//472 471//471
f 471//471 472//472 473//473
f 472//472 474//474 473//473
f 473//473 474//474 475//475
f 474//474 476//476 475//475
f 475//475 476//476 477//477
f 476//476 478//478 477//477
f 477//477 478//478 479//479
f 478//478 479//479 479//479
f 479//479 479//479 480//480
f 479//479 480//480 480//480
f 480//480 480//480 481//481
f 480//480 482//482 481//481
f 481//481 482//482 483//483
f 482//482 484//484 483//483
f 483//483 484//484 485//485
f 484//484 486//486 485//485
f 485//485 486//486 487//487
f 486//486 488//488 487//487
f 487//487 488//488 487//487
f 488//488 489//489 487//487
f 487//487 489//489 487//487
f 489//489 490//490 487//487
f 487//487 490//490 487//487
f 490//490 491//491 487//487
f 487//487 491//491 485//485
f 491//491 492//492 485//485
f 485//485 492//492 483//483
f 492//492 493//493 483//483
f 483//483 493//493 481//481
f 493//493 481//481 481//481
f 481//481 481//481 488//488
f 481//481 488//488 488//488
f 488//488 488//488 489//489
f 488//488 494//494 489//489
f 489//489 494//494 495//495
f 494//494 496//496 495//495
f 495//495 496//496 497//497
f 496//496 498//498 497//497
f 497//497 498//498 499//499
f 498//498 430//430 499//499
f 499//499 430//430 430//430
f 430//430 490//490 430//430
f 430//430 490//490 490//490
f 490//490 489//489 490//490
f 490//490 489//489 500//500
f 489//489 495//495 500//500
f 500//500 495//495 501//501
f 495//495 497//497 501//501
f 501//501 497//497 502//502
f 497//497 499//499 502//502
f 502//502 499//499 503//503
f 499//499 504//504 503//503
f 503//503 504//504 505//505
f 504//504 505//505 505//505
f 505//505 505//505 430//430
f 505//505 430//430 430//430
f 430//430 430//430 499//499
f 430//430 504//504 499//499
f 499//499 504//504 504//504
f 504//504 506//506 504//504
f 504//504 506//506 506//506
f 506//506 507//507 506//506
f 506//506 507//507 508//508
f 507//507 509//509 508//508
f 508//508 509//509 510//510
f 509//509 509//509 510//510
f 510//510 509//509 511//511
f 509//509 512//512 511//511
f 511//511 512//512 513//513
f 512//512 514//514 513//513
f 513//513 514//514 515//515
f 514//514 514//514 515//515
f 515//515 514//514 516//516
f 514//514 517//517 516//516
f 516//516 517//517 516//516
f 517//517 518//518 516//516
f 516//516 518//518 516//516
f 518//518 519//519 516//516
f 516//516 519//519 516//516
f 519//519 520//520 516//516
f 516//516 520//520 515//515
f 520//520 515//515 515//515
f 515//515 515//515 507//507
f 515//515 507//507 507//507
f 507//507 507//507 509//509
f 507//507 521//521 509//509
f 509//509 521//521 512//512
f 521//521 522//522 512//512
f 512//512 522//522 514//514
f 522//522 517//517 514//514
f 514//514 517//517 517//517
f 517//517 518//518 517//517
f 517//517 518//518 518//518
f 518//518 523//523 518//518
f 518//518 523//523 519//519
f 523//523 524//524 519//519
f 519//519 524//524 525//525
f 524//524 524//524 525//525
f 525//525 524//524 526//526
f 524//524 527//527 526//526
f 526//526 527//527 528//528
f 527//527 529//529 528//528
f 528//528 529//529 530//530
f 529//529 530//530 530//530
f 530//530 530//530 519//519
f 530//530 519//519 519//519
f 519//519 519//519 520//520
f 519//519 525//525 520//520
f 520//520 525//525 525//525
f 525//525 523//523 525//525
f 525//525 523//523 523//523
f 523//523 531//531 523//523
f 523//523 531//531 524//524
f 531//531 531//531 524//524
f 524//524 531//531 527//527
f 531//531 532//532 527//527
f 527//527 532//532 529//529
f 532//532 529//529 529//529
f 529//529 529//529 530//530
f 529//529 530//530 530//530
f 530//530 530//530 533//533
f 530//530 534//534 533//533
f 533//533 534//534 535//535
f 534//534 536//536 535//535
f 535//535 536//536 537//537
f 536//536 538//538 537//537
f 537//537 538//538 539//539
f 538//538 540//540 539//539
f 539//539 540//540 541//541
f 540//540 542//542 541//541
f 541//541 542//542 543//543
f 542//542 544//544 543//543
f 543//543 544//544 545//545
f 544//544 546//546 545//545
f 545//545 546//546 547//547
f 546//546 548//548 547//547
f 547//547 548//548 549//549
f 548//548 550//550 549//549
f 549//549 550//550 551//551
f 550//550 552//552 551//551
f 551//551 552//552 553//553
f 552//552 554//554 553//553
f 553//553 554//554 555//555
f 554//554 556//556 555//555
f 555//555 556//556 557//557
f 556//556 558//558 557//557
f 557//557 558//558 559//559
f 558//558 560//560 559//559
f 559//559 560//560 561//561
f 560//560 562//562 561//561
f 561//561 562//562 563//563
f 562//562 564//564 563//563
f 563//563 564//564 563//563
f 564//564 565//565 563//563
f 563//563 565//565 566//566
f 565//565 567//567 566//566
f 566//566 567//567 568//568
f 567//567 569//569 568//568
f 568//568 569//569 569//569
f 569//569 535//535 569//569
f 569//569 535//535 535//535
f 535//535 570//570 535//535
f 535//535 570//570 533//533
f 570//570 533//533 533//533
f 533//533 533//533 568//568
f 533//533 568//568 568//568
f 568//568 568//568 566//566
f 568//568 571//571 566//566
f 566//566 571//571 572//572
f 571//571 573//573 572//572
f 572//572 573//573 574//574
f 573//573 575//575 574//574
f 574//574 575//575 574//574
f 575//575 576//576 574//574
f 574//574 576//576 559//559
f 576//576 576//576 559//559
f 559//559 576//576 557//557
f 576//576 577//577 557//557
f 557//557 577//577 555//555
f 577//577 555//555 555//555
f 555//555 555//555 566//566
f 555//555 566//566 566//566
f 566//566 566//566 563//563
f 566//566 572//572 563//563
f 563//563 572//572 561//561
f 572//572 574//574 561//561
f 561//561 574//574 559//559
f 574//574 559//559 559//559
f 559//559 559//559 575//575
f 559//559 575//575 575//575
f 575//575 575//575 576//576
f 575//575 578//578 576//576
f 576//576 578//578 577//577
f 578//578 579//579 577//577
f 577//577 579//579 580//580
f 579//579 581//581 580//580
f 580//580 581//581 582//582
f 581//581 583//583 582//582
f 582//582 583//583 582//582
f 583//583 584//584 582//582
f 582//582 584//584 551//551
f 584//584 584//584 551//551
f 551//551 584//584 549//549
f 584//584 585//585 549//549
f 549//549 585//585 547//547
f 585//585 547//547 547//547
f 547//547 547//547 577//577
f 547//547 577//577 577//577
f 577//577 577//577 555//555
f 577//577 580//580 555//555
f 555//555 580//580 553//553
f 580//580 582//582 553//553
f 553//553 582//582 551//551
f 582//582 551//551 551//551
f 551//551 551//551 583//583
f 551//551 583//583 583//583
f 583//583 583//583 584//584
f 583//583 586//586 584//584
f 584//584 586//586 585//585
f 586//586 587//587 585//585
f 585//585 587//587 588//588
f 587//587 589//589 588//588
f 588//588 589//589 590//590
f 589//589 591//591 590//590
f 590//590 591//591 590//590
f 591//591 592//592 590//590
f 590//590 592//592 543//543
f 592//592 592//592 543//543
f 543//543 592//592 541//541
f 592//592 593//593 541//541
f 541//541 593//593 539//539
f 593//593 539//539 539//539
f 539//539 539//539 585//585
f 539//539 585//585 585//585
f 585//585 585//585 547//547
f 585//585 588//588 547//547
f 547//547 588//588 545//545
f 588//588 590//590 545//545
f 545//545 590//590 543//543
f 590//590 543//543 543//543
f 543//543 543//543 591//591
f 543//543 591//591 591//591
f 591//591 591//591 592//592
f 591//591 594//594 592//592
f 592//592 594//594 593//593
f 594//594 595//595 593//593
f 593//593 595//595 593//593
f 595//595 596//596 593//593
f 593//593 596//596 539//539
f 596//596 596//596 539//539
f 539//539 596//596 537//537
f 596//596 597//597 537//537
f 537//537 597//597 535//535
f 597//597 597//597 535//535
f 535//535 597//597 570//570
f 597//597 597//597 570//570
f 570//570 597//597 598//598
f 597//597 597//597 598//598
f 598//598 597//597 599//599
f 597//597 596//596 599//599
f 599//599 596//596 595//595
f 596//596 595//595 595//595
f 595//595 595//595 462//462
f 595//595 462//462 462//462
f 462//462 462//462 600//600
f 462//462 601//601 600//600
f 600//600 601//601 602//602
f 601//601 603//603 602//602
f 602//602 603//603 604//604
f 603//603 605//605 604//604
f 604//604 605//605 606//606
f 605//605 607//607 606//606
f 606//606 607//607 606//606
f 607//607 608//608 606//606
f 606//606 608//608 606//606
f 608//608 609//609 606//606
f 606//606 609//609 606//606
f 609//609 610//610 606//606
f 606//606 610//610 604//604
f 610//610 611//611 604//604
f 604//604 611//611 602//602
f 611//611 612//612 602//602
f 602//602 612//612 600//600
f 612//612 600//600 600//600
f 600//600 600//600 607//607
f 600//600 607//607 607//607
f 607//607 607//607 608//608
f 607//607 613//613 608//608
f 608//608 613//613 614//614
f 613//613 615//615 614//614
f 614//614 615//615 616//616
f 615//615 617//617 616//616
f 616//616 617//617 618//618
f 617//617 619//619 618//618
f 618//618 619//619 619//619
f 619//619 609//609 619//619
f 619//619 609//609 609//609
f 609//609 608//608 609//609
f 609//609 608//608 620//620
f 608//608 614//614 620//620
f 620//620 614//614 621//621
f 614//614 616//616 621//621
f 621//621 616//616 622//622
f 616//616 618//618 622//622
f 622//622 618//618 623//623
f 618//618 624//624 623//623
f 623//623 624//624 625//625
f 624//624 625//625 625//625
f 625//625 625//625 619//619
f 625//625 619//619 619//619
f 619//619 619//619 618//618
f 619//619 624//624 618//618
f 618//618 624//624 624//624
f 624//624 626//626 624//624
f 624//624 626//626 626//626
f 626//626 627//627 626//626
f 626//626 627//627 628//628
f 627//627 629//629 628//628
f 628//628 629//629 564//564
f 629//629 629//629 564//564
f 564//564 629//629 630//630
f 629//629 631//631 630//630
f 630//630 631//631 632//632
f 631//631 633//633 632//632
f 632//632 633//633 634//634
f 633//633 633//633 634//634
f 634//634 633//633 635//635
f 633//633 636//636 635//635
f 635//635 636//636 635//635
f 636//636 637//637 635//635
f 635//635 637//637 635//635
f 637//637 638//638 635//635
f 635//635 638//638 635//635
f 638//638 639//639 635//635
f 635//635 639//639 634//634
f 639//639 634//634 634//634
f 634//634 634//634 627//627
f 634//634 627//627 627//627
f 627//627 627//627 629//629
f 627//627 640//640 629//629
f 629//629 640//640 631//631
f 640//640 641//641 631//631
f 631//631 641//641 633//633
f 641//641 636//636 633//633
f 633//633 636//636 636//636
f 636//636 637//637 636//636
f 636//636 637//637 637//637
f 637//637 642//642 637//637
f 637//637 642//642 638//638
f 642//642 643//643 638//638
f 638//638 643//643 644//644
f 643//643 643//643 644//644
f 644//644 643//643 645//645
f 643//643 646//646 645//645
f 645//645 646//646 647//647
f 646//646 648//648 647//647
f 647//647 648//648 649//649
f 648//648 649//649 649//649
f 649//649 649//649 638//638
f 649//649 638//638 638//638
f 638//638 638//638 639//639
f 638//638 644//644 639//639
f 639//639 644//644 644//644
f 644//644 642//642 644//644
f 644//644 642//642 642//642
f 642//642 650//650 642//642
f 642//642 650//650 643//643
f 650//650 650//650 643//643
f 643//643 650//650 646//646
f 650//650 651//651 646//646
f 646//646 651//651 648//648
f 651//651 648//648 648//648
f 648//648 648//648 652//652
f 648//648 652//652 652//652
f 652//652 652//652 653//653
f 652//652 654//654 653//653
f 653//653 654//654 655//655
f 654//654 656//656 655//655
f 655//655 656//656 657//657
f 656//656 658//658 657//657
f 657//657 658//658 659//659
f 658//658 660//660 659//659
f 659//659 660//660 661//661
f 660//660 662//662 661//661
f 661//661 662//662 663//663
f 662//662 664//664 663//663
f 663//663 664//664 665//665
f 664//664 666//666 665//665
f 665//665 666//666 667//667
f 666//666 668//668 667//667
f 667//667 668//668 669//669
f 668//668 670//670 669//669
f 669//669 670//670 671//671
f 670//670 672//672 671//671
f 671//671 672//672 673//673
f 672//672 674//674 673//673
f 673//673 674//674 675//675
f 674//674 676//676 675//675
f 675//675 676//676 677//677
f 676//676 678//678 677//677
f 677//677 678//678 679//679
f 678//678 680//680 679//679
f 679//679 680//680 681//681
f 680//680 682//682 681//681
f 681//681 682//682 683//683
f 682//682 684//684 683//683
f 683//683 684//684 685//685
f 684//684 686//686 685//685
f 685//685 686//686 687//687
f 686//686 688//688 687//687
f 687//687 688//688 689//689
f 688//688 690//690 689//689
f 689//689 690//690 691//691
f 690//690 692//692 691//691
f 691//691 692//692 693//693
f 692//692 694//694 693//693
f 693//693 694//694 695//695
f 694//694 696//696 695//695
f 695//695 696//696 697//697
f 696//696 698//698 697//697
f 697//697 698//698 699//699
f 698//698 700//700 699//699
f 699//699 700//700 701//701
f 700//700 702//702 701//701
f 701//701 702//702 703//703
f 702//702 704//704 703//703
f 703//703 704//704 705//705
f 704//704 706//706 705//705
f 705//705 706//706 707//707
f 706//706 708//708 707//707
f 707//707 708//708 709//709
f 708//708 710//710 709//709
f 709//709 710//710 711//711
f 710//710 712//712 711//711
f 711//711 712//712 713//713
f 712//712 714//714 713//713
f 713//713 714//714 715//715
f 714//714 652//652 715//715
f 715//715 652//652 653//653
f 652//652 653//653 653//653
f 653//653 653//653 716//716
f 653//653 716//716 716//716
f 716//716 716//716 717//717
f 716//716 718//718 717//717
f 717//717 718//718 719//719
f 718//718 720//720 719//719
f 719//719 720//720 721//721
f 720//720 722//722 721//721
f 721//721 722//722 723//723
f 722//722 724//724 723//723
f 723//723 724//724 725//725
f 724//724 726//726 725//725
f 725//725 726//726 727//727
f 726//726 728//728 727//727
f 727//727 728//728 729//729
f 728//728 730//730 729//729
f 729//729 730//730 731//731
f 730//730 732//732 731//731
f 731//731 732//732 733//733
f 732//732 734//734 733//733
f 733//733 734//734 735//735
f 734//734 736//736 735//735
f 735//735 736//736 737//737
f 736//736 738//738 737//737
f 737//737 738//738 739//739
f 738//738 740//740 739//739
f 739//739 740//740 741//741
f 740//740 742//742 741//741
f 741//741 742//742 743//743
f 742//742 744//744 743//743
f 743//743 744//744 745//745
f 744//744 746//746 745//745
f 745//745 746//746 747//747
f 746//746 748//748 747//747
f 747//747 748//748 749//749
f 748//748 750//750 749//749
f 749//749 750//750 751//751
f 750//750 752//752 751//751
f 751//751 752//752 753//753
f 752//752 754//754 753//753
f 753//753 754//754 755//755
f 754//754 756//756 755//755
f 755//755 756//756 757//757
f 756//756 758//758 757//757
f 757//757 758//758 759//759
f 758//758 760//760 759//759
f 759//759 760//760 761//761
f 760//760 762//762 761//761
f 761//761 762//762 763//763
f 762//762 764//764 763//763
f 763//763 764//764 765//765
f 764//764 766//766 765//765
f 765//765 766//766 767//767
f 766//766 768//768 767//767
f 767//767 768//768 769//769
f 768//768 770//770 769//769
f 769//769 770//770 771//771
f 770//770 772//772 771//771
f 771//771 772//772 773//773
f 772//772 774//774 773//773
f 773//773 774//774 775//775
f 774//774 776//776 775//775
f 775//775 776//776 777//777
f 776//776 778//778 777//777
f 777//777 778//778 779//779
f 778//778 716//716 779//779
f 779//779 716//716 717//717
f 716//716 717//717 717//717
f 717//717 717//717 780//780
f 717//717 780//780 780//780
f 780//780 780//780 781//781
f 780//780 782//782 781//781
f 781//781 782//782 783//783
f 782//782 784//784 783//783
f 783//783 784//784 785//785
f 784//784 785//785 785//785
f 785//785 785//785 786//786
f 785//785 786//786 786//786
f 786//786 786//786 787//787
f 786//786 788//788 787//787
f 787//787 788//788 789//789
f 788//788 790//790 789//789
f 789//789 790//790 791//791
f 790//790 791//791 791//791
f 791//791 791//791 792//792
f 791//791 792//792 792//792
f 792//792 792//792 793//793
f 792//792 794//794 793//793
f 793//793 794//794 795//795
f 794//794 796//796 795//795
f 795//795 796//796 797//797
f 796//796 797//797 797//797
f 797//797 797//797 798//798
f 797//797 798//798 798//798
f 798//798 798//798 799//799
f 798//798 800//800 799//799
f 799//799 800//800 801//801
f 800//800 802//802 801//801
f 801//801 802//802 803//803
f 802//802 803//803 803//803
f 803//803 803//803 804//804
f 803//803 804//804 804//804
f 804//804 804//804 805//805
f 804//804 806//806 805//805
f 805//805 806//806 807//807
f 806//806 808//808 807//807
f 807//807 808//808 807//807
f 808//808 809//809 807//807
f 807//807 809//809 810//810
f 809//809 811//811 810//810
f 810//810 811//811 811//811
f 811//811 805//805 811//811
f 811//811 805//805 805//805
f 805//805 807//807 805//805
f 805//805 807//807 812//812
f 807//807 810//810 812//812
f 812//812 810//810 810//810
f 810//810 813//813 810//810
f 810//810 813//813 813//813
f 813//813 814//814 813//813
f 813//813 814//814 815//815
f 814//814 816//816 815//815
f 815//815 816//816 817//817
f 816//816 816//816 817//817
f 817//817 816//816 818//818
f 816//816 819//819 818//818
f 818//818 819//819 820//820
f 819//819 820//820 820//820
f 820//820 820//820 814//814
f 820//820 814//814 814//814
f 814//814 814//814 816//816
f 814//814 821//821 816//816
f 816//816 821//821 819//819
f 821//821 819//819 819//819
f 819//819 819//819 817//817
f 819//819 817//817 817//817
f 817//817 817//817 815//815
f 817//817 822//822 815//815
f 815//815 822//822 823//823
f 822//822 824//824 823//823
f 823//823 824//824 825//825
f 824//824 826//826 825//825
f 825//825 826//826 827//827
f 826//826 828//828 827//827
f 827//827 828//828 827//827
f 828//828 829//829 827//827
f 827//827 829//829 827//827
f 829//829 830//830 827//827
f 827//827 830//830 827//827
f 830//830 831//831 827//827
f 827//827 831//831 825//825
f 831//831 832//832 825//825
f 825//825 832//832 823//823
f 832//832 833//833 823//823
f 823//823 833//833 815//815
f 833//833 815//815 815//815
f 815//815 815//815 828//828
f 815//815 828//828 828//828
f 828//828 828//828 829//829
f 828//828 834//834 829//829
f 829//829 834//834 835//835
f 834//834 836//836 835//835
f 835//835 836//836 837//837
f 836//836 837//837 837//837
f 837//837 837//837 830//830
f 837//837 830//830 830//830
f 830//830 830//830 838//838
f 830//830 829//829 838//838
f 838//838 829//829 838//838
f 829//829 835//835 838//838
f 838//838 835//835 839//839
f 835//835 839//839 839//839
f 839//839 839//839 840//840
f 839//839 840//840 840//840
f 840//840 840//840 841//841
f 840//840 842//842 841//841
f 841//841 842//842 843//843
f 842//842 844//844 843//843
f 843//843 844//844 843//843
f 844//844 845//845 843//843
f 843//843 845//845 846//846
f 845//845 845//845 846//846
f 846//846 845//845 847//847
f 845//845 848//848 847//847
f 847//847 848//848 849//849
f 848//848 850//850 849//849
f 849//849 850//850 851//851
f 850//850 852//852 851//851
f 851//851 852//852 853//853
f 852//852 853//853 853//853
f 853//853 853//853 841//841
f 853//853 841//841 841//841
f 841//841 841//841 854//854
f 841//841 843//843 854//854
f 854//854 843//843 846//846
f 843//843 846//846 846//846
f 846//846 846//846 855//855
f 846//846 855//855 855//855
f 855//855 855//855 845//845
f 855//855 856//856 845//845
f 845//845 856//856 848//848
f 856//856 857//857 848//848
f 848//848 857//857 850//850
f 857//857 858//858 850//850
f 850//850 858//858 852//852
f 858//858 859//859 852//852
f 852//852 859//859 860//860
f 859//859 861//861 860//860
f 860//860 861//861 860//860
f 861//861 862//862 860//860
f 860//860 862//862 863//863
f 862//862 862//862 863//863
f 863//863 862//862 864//864
f 862//862 865//865 864//864
f 864//864 865//865 866//866
f 865//865 866//866 866//866
f 866//866 866//866 852//852
f 866//866 852//852 852//852
f 852//852 852//852 853//853
f 852//852 860//860 853//853
f 853//853 860//860 863//863
f 860//860 863//863 863//863
f 863//863 863//863 867//867
f 863//863 867//867 867//867
f 867//867 867//867 868//868
f 867//867 869//869 868//868
f 868//868 869//869 868//868
f 869//869 870//870 868//868
f 868//868 870//870 871//871
f 870//870 872//872 871//871
f 871//871 872//872 872//872
f 872//872 873//873 872//872
f 872//872 873//873 873//873
f 873//873 874//874 873//873
f 873//873 874//874 875//875
f 874//874 876//876 875//875
f 875//875 876//876 877//877
f 876//876 878//878 877//877
f 877//877 878//878 879//879
f 878//878 878//878 879//879
f 879//879 878//878 880//880
f 878//878 881//881 880//880
f 880//880 881//881 880//880
f 881//881 882//882 880//880
f 880//880 882//882 883//883
f 882//882 884//884 883//883
f 883//883 884//884 884//884
f 884//884 874//874 884//884
f 884//884 874//874 874//874
f 874//874 885//885 874//874
f 874//874 885//885 876//876
f 885//885 886//886 876//876
f 876//876 886//886 878//878
f 886//886 881//881 878//878
f 878//878 881//881 881//881
f 881//881 879//879 881//881
f 881//881 879//879 879//879
f 879//879 880//880 879//879
f 879//879 880//880 887//887
f 880//880 883//883 887//887
f 887//887 883//883 888//888
f 883//883 889//889 888//888
f 888//888 889//889 890//890
f 889//889 889//889 890//890
f 890//890 889//889 891//891
f 889//889 892//892 891//891
f 891//891 892//892 891//891
f 892//892 893//893 891//891
f 891//891 893//893 894//894
f 893//893 895//895 894//894
f 894//894 895//895 896//896
f 895//895 897//897 896//896
f 896//896 897//897 897//897
f 897//897 883//883 897//897
f 897//897 883//883 883//883
f 883//883 884//884 883//883
f 883//883 884//884 889//889
f 884//884 892//892 889//889
f 889//889 892//892 892//892
f 892//892 890//890 892//892
f 892//892 890//890 890//890
f 890//890 891//891 890//890
f 890//890 891//891 898//898
f 891//891 894//894 898//898
f 898//898 894//894 899//899
f 894//894 896//896 899//899
f 899//899 896//896 896//896
f 896//896 900//900 896//896
f 896//896 900//900 900//900
f 900//900 901//901 900//900
f 900//900 901//901 902//902
f 901//901 903//903 902//902
f 902//902 903//903 904//904
f 903//903 904//904 904//904
f 904//904 904//904 901//901
f 904//904 901//901 901//901
f 901//901 901//901 903//903
f 901//901 905//905 903//903
f 903//903 905//905 906//906
f 905//905 907//907 906//906
f 906//906 907//907 908//908
f 907//907 909//909 908//908
f 908//908 909//909 910//910
f 909//909 911//911 910//910
f 910//910 911//911 912//912
f 911//911 913//913 912//912
f 912//912 913//913 914//914
f 913//913 915//915 914//914
f 914//914 915//915 914//914
f 915//915 916//916 914//914
f 914//914 916//916 917//917
f 916//916 916//916 917//917
f 917//917 916//916 918//918
f 916//916 919//919 918//918
f 918//918 919//919 920//920
f 919//919 921//921 920//920
f 920//920 921//921 920//920
f 921//921 922//922 920//920
f 920//920 922//922 923//923
f 922//922 924//924 923//923
f 923//923 924//924 924//924
f 924//924 923//923 924//924
f 924//924 923//923 923//923
f 923//923 925//925 923//923
f 923//923 925//925 920//920
f 925//925 925//925 920//920
f 920//920 925//925 918//918
f 925//925 926//926 918//918
f 918//918 926//926 917//917
f 926//926 927//927 917//917
f 917//917 927//927 928//928
f 927//927 929//929 928//928
f 928//928 929//929 930//930
f 929//929 931//931 930//930
f 930//930 931//931 930//930
f 931//931 932//932 930//930
f 930//930 932//932 910//910
f 932//932 932//932 910//910
f 910//910 932//932 908//908
f 932//932 933//933 908//908
f 908//908 933//933 906//906
f 933//933 906//906 906//906
f 906//906 906//906 917//917
f 906//906 917//917 917//917
f 917//917 917//917 914//914
f 917//917 928//928 914//914
f 914//914 928//928 912//912
f 928//928 930//930 912//912
f 912//912 930//930 910//910
f 930//930 910//910 910//910
f 910//910 910//910 931//931
f 910//910 931//931 931//931
f 931//931 931//931 932//932
f 931//931 934//934 932//932
f 932//932 934//934 933//933
f 934//934 935//935 933//933
f 933//933 935//935 936//936
f 935//935 937//937 936//936
f 936//936 937//937 936//936
f 937//937 904//904 936//936
f 936//936 904//904 936//936
f 904//904 903//903 936//936
f 936//936 903//903 936//936
f 903//903 906//906 936//936
f 936//936 906//906 933//933
f 906//906 933//933 933//933
f 933//933 933//933 938//938
f 933//933 938//938 938//938
f 938//938 938//938 939//939
f 938//938 940//940 939//939
f 939//939 940//940 941//941
f 940//940 942//942 941//941
f 941//941 942//942 941//941
f 942//942 943//943 941//941
f 941//941 943//943 944//944
f 943//943 943//943 944//944
f 944//944 943//943 945//945
f 943//943 946//946 945//945
f 945//945 946//946 947//947
f 946//946 947//947 947//947
f 947//947 947//947 944//944
f 947//947 944//944 944//944
f 944//944 944//944 941//941
f 944//944 948//948 941//941
f 941//941 948//948 939//939
f 948//948 939//939 939//939
f 939//939 939//939 949//949
f 939//939 949//949 949//949
f 949//949 949//949 942//942
f 949//949 950//950 942//942
f 942//942 950//950 951//951
f 950//950 952//952 951//951
f 951//951 952//952 953//953
f 952//952 954//954 953//953
f 953//953 954//954 954//954
f 954//954 942//942 954//954
f 954//954 942//942 942//942
f 942//942 951//951 942//942
f 942//942 951//951 943//943
f 951//951 951//951 943//943
f 943//943 951//951 946//946
f 951//951 953//953 946//946
f 946//946 953//953 955//955
f 953//953 956//956 955//955
f 955//955 956//956 955//955
f 956//956 957//957 955//955
f 955//955 957//957 958//958
f 957//957 959//959 958//958
f 958//958 959//959 959//959
f 959//959 946//946 959//959
f 959//959 946//946 946//946
f 946//946 955//955 946//946
f 946//946 955//955 947//947
f 955//955 958//958 947//947
f 947//947 958//958 958//958
f 958//958 953//953 958//958
f 958//958 953//953 953//953
f 953//953 954//954 953//953
f 953//953 954//954 956//956
f 954//954 960//960 956//956
f 956//956 960//960 961//961
f 960//960 962//962 961//961
f 961//961 962//962 962//962
f 962//962 956//956 962//962
f 962//962 956//956 956//956
f 956//956 961//961 956//956
f 956//956 961//961 957//957
f 961//961 963//963 957//957
f 957//957 963//963 959//959
f 963//963 963//963 959//959
f 959//959 963//963 964//964
f 963//963 965//965 964//964
f 964//964 965//965 966//966
f 965//965 966//966 966//966
f 966//966 966//966 965//965
f 966//966 965//965 965//965
f 965//965 965//965 967//967
f 965//965 963//963 967//967
f 967//967 963//963 967//967
f 963//963 961//961 967//967
f 967//967 961//961 967//967
f 961//961 962//962 967//967
f 967//967 962//962 967//967
f 962//962 968//968 967//967
f 967//967 968//968 969//969
f 968//968 970//970 969//969
f 969//969 970//970 969//969
f 970//970 971//971 969//969
f 969//969 971//971 972//972
f 971//971 973//973 972//972
f 972//972 973//973 974//974
f 973//973 975//975 974//974
f 974//974 975//975 975//975
f 975//975 967//967 975//975
f 975//975 967//967 967//967
f 967//967 969//969 967//967
f 967//967 969//969 965//965
f 969//969 972//972 965//965
f 965//965 972//972 966//966
f 972//972 974//974 966//966
f 966//966 974//974 974//974
f 974//974 976//976 974//974
f 974//974 976//976 976//976
f 976//976 977//977 976//976
f 976//976 977//977 978//978
f 977//977 977//977 978//978
f 978//978 977//977 979//979
f 977//977 980//980 979//979
f 979//979 980//980 979//979
f 980//980 981//981 979//979
f 979//979 981//981 982//982
f 981//981 983//983 982//982
f 982//982 983//983 984//984
f 983//983 985//985 984//984
f 984//984 985//985 985//985
f 985//985 984//984 985//985
f 985//985 984//984 984//984
f 984//984 986//986 984//984
f 984//984 986//986 982//982
f 986//986 987//987 982//982
f 982//982 987//987 979//979
f 987//987 978//978 979//979
f 979//979 978//978 978//978
f 978//978 988//988 978//978
f 978//978 988//988 988//988
f 988//988 989//989 988//988
f 988//988 989//989 990//990
f 989//989 989//989 990//990
f 990//990 989//989 991//991
f 989//989 992//992 991//991
f 991//991 992//992 993//993
f 992//992 994//994 993//993
f 993//993 994//994 995//995
f 994//994 996//996 995//995
f 995//995 996//996 997//997
f 996//996 998//998 997//997
f 997//997 998//998 998//998
f 998//998 997//997 998//998
f 998//998 997//997 997//997
f 997//997 999//999 997//997
f 997//997 999//999 995//995
f 999//999 1000//1000 995//995
f 995//995 1000//1000 993//993
f 1000//1000 1001//1001 993//993
f 993//993 1001//1001 991//991
f 1001//1001 1002//1002 991//991
f 991//991 1002//1002 990//990
f 1002//1002 1003//1003 990//990
f 990//990 1003//1003 1004//1004
f 1003//1003 1005//1005 1004//1004
f 1004//1004 1005//1005 1005//1005
f 1005//1005 990//990 1005//1005
f 1005//1005 990//990 990//990
f 990//990 1004//1004 990//990
f 990//990 1004//1004 988//988
f 1004//1004 988//988 988//988
f 988//988 988//988 1006//1006
f 988//988 1006//1006 1006//1006
f 1006//1006 1006//1006 1007//1007
f 1006//1006 1008//1008 1007//1007
f 1007//1007 1008//1008 1009//1009
f 1008//1008 1010//1010 1009//1009
f 1009//1009 1010//1010 1009//1009
f 1010//1010 1011//1011 1009//1009
f 1009//1009 1011//1011 1012//1012
f 1011//1011 1013//1013 1012//1012
f 1012//1012 1013//1013 1013//1013
f 1013//1013 1007//1007 1013//1013
f 1013//1013 1007//1007 1007//1007
f 1007//1007 1009//1009 1007//1007
f 1007//1007 1009//1009 1014//1014
f 1009//1009 1012//1012 1014//1014
f 1014//1014 1012//1012 1012//1012
f 1012//1012 1015//1015 1012//1012
f 1012//1012 1015//1015 1015//1015
f 1015//1015 1016//1016 1015//1015
f 1015//1015 1016//1016 1017//1017
f 1016//1016 1018//1018 1017//1017
f 1017//1017 1018//1018 1018//1018
f 1018//1018 1019//1019 1018//1018
f 1018//1018 1019//1019 1019//1019
f 1019//1019 1020//1020 1019//1019
f 1019//1019 1020//1020 1021//1021
f 1020//1020 1022//1022 1021//1021
f 1021//1021 1022//1022 1023//1023
f 1022//1022 1024//1024 1023//1023
f 1023//1023 1024//1024 1024//1024
f 1024//1024 1025//1025 1024//1024
f 1024//1024 1025//1025 1025//1025
f 1025//1025 1026//1026 1025//1025
f 1025//1025 1026//1026 1027//1027
f 1026//1026 1028//1028 1027//1027
f 1027//1027 1028//1028 1029//1029
f 1028//1028 1030//1030 1029//1029
f 1029//1029 1030//1030 1030//1030
f 1030//1030 1031//1031 1030//1030
f 1030//1030 1031//1031 1031//1031
f 1031//1031 1032//1032 1031//1031
f 1031//1031 1032//1032 1033//1033
f 1032//1032 1034//1034 1033//1033
f 1033//1033 1034//1034 1034//1034
f 1034//1034 1035//1035 1034//1034
f 1034//1034 1035//1035 1035//1035
f 1035//1035 1036//1036 1035//1035
f 1035//1035 1036//1036 1037//1037
f 1036//1036 1038//1038 1037//1037
f 1037//1037 1038//1038 1039//1039
f 1038//1038 1040//1040 1039//1039
f 1039//1039 1040//1040 1040//1040
f 1040//1040 1041//1041 1040//1040
f 1040//1040 1041//1041 1041//1041
f 1041//1041 1042//1042 1041//1041
f 1041//1041 1042//1042 1043//1043
f 1042//1042 1044//1044 1043//1043
f 1043//1043 1044//1044 1045//1045
f 1044//1044 1046//1046 1045//1045
f 1045//1045 1046//1046 1046//1046
f 1046//1046 1047//1047 1046//1046
f 1046//1046 1047//1047 1047//1047
f 1047//1047 1048//1048 1047//1047
f 1047//1047 1048//1048 1049//1049
f 1048//1048 1050//1050 1049//1049
f 1049//1049 1050//1050 1051//1051
f 1050//1050 1052//1052 1051//1051
f 1051//1051 1052//1052 1052//1052
f 1052//1052 1053//1053 1052//1052
f 1052//1052 1053//1053 1053//1053
f 1053//1053 1054//1054 1053//1053
f 1053//1053 1054//1054 1055//1055
f 1054//1054 1056//1056 1055//1055
f 1055//1055 1056//1056 1057//1057
f 1056//1056 1058//1058 1057//1057
f 1057//1057 1058//1058 1058//1058
f 1058//1058 1059//1059 1058//1058
f 1058//1058 1059//1059 1059//1059
f 1059//1059 1060//1060 1059//1059
f 1059//1059 1060//1060 1061//1061
f 1060//1060 1062//1062 1061//1061
f 1061//1061 1062//1062 1063//1063
f 1062//1062 1062//1062 1063//1063
f 1063//1063 1062//1062 1064//1064
f 1062//1062 1065//1065 1064//1064
f 1064//1064 1065//1065 1066//1066
f 1065//1065 1066//1066 1066//1066
f 1066//1066 1066//1066 1060//1060
f 1066//1066 1060//1060 1060//1060
f 1060//1060 1060//1060 1062//1062
f 1060//1060 1067//1067 1062//1062
f 1062//1062 1067//1067 1065//1065
f 1067//1067 1065//1065 1065//1065
f 1065//1065 1065//1065 1068//1068
f 1065//1065 1068//1068 1068//1068
f 1068//1068 1068//1068 1069//1069
f 1068//1068 1070//1070 1069//1069
f 1069//1069 1070//1070 1071//1071
f 1070//1070 1072//1072 1071//1071
f 1071//1071 1072//1072 1071//1071
f 1072//1072 1073//1073 1071//1071
f 1071//1071 1073//1073 1074//1074
f 1073//1073 1075//1075 1074//1074
f 1074//1074 1075//1075 1075//1075
f 1075//1075 1069//1069 1075//1075
f 1075//1075 1069//1069 1069//1069
f 1069//1069 1071//1071 1069//1069
f 1069//1069 1071//1071 1076//1076
f 1071//1071 1074//1074 1076//1076
f 1076//1076 1074//1074 1074//1074
f 1074//1074 1072//1072 1074//1074
f 1074//1074 1072//1072 1072//1072
f 1072//1072 1070//1070 1072//1072
f 1072//1072 1070//1070 1077//1077
f 1070//1070 1078//1078 1077//1077
f 1077//1077 1078//1078 1079//1079
f 1078//1078 1078//1078 1079//1079
f 1079//1079 1078//1078 1080//1080
f 1078//1078 1081//1081 1080//1080
f 1080//1080 1081//1081 1080//1080
f 1081//1081 1082//1082 1080//1080
f 1080//1080 1082//1082 1083//1083
f 1082//1082 1084//1084 1083//1083
f 1083//1083 1084//1084 1083//1083
f 1084//1084 1085//1085 1083//1083
f 1083//1083 1085//1085 1086//1086
f 1085//1085 1087//1087 1086//1086
f 1086//1086 1087//1087 1087//1087
f 1087//1087 1070//1070 1087//1087
f 1087//1087 1070//1070 1070//1070
f 1070//1070 1088//1088 1070//1070
f 1070//1070 1088//1088 1078//1078
f 1088//1088 1081//1081 1078//1078
f 1078//1078 1081//1081 1081//1081
f 1081//1081 1079//1079 1081//1081
f 1081//1081 1079//1079 1079//1079
f 1079//1079 1080//1080 1079//1079
f 1079//1079 1080//1080 1089//1089
f 1080//1080 1083//1083 1089//1089
f 1089//1089 1083//1083 1086//1086
f 1083//1083 1086//1086 1086//1086
f 1086//1086 1086//1086 1084//1084
f 1086//1086 1084//1084 1084//1084
f 1084//1084 1084//1084 1085//1085
f 1084//1084 1090//1090 1085//1085
f 1085//1085 1090//1090 1091//1091
f 1090//1090 1092//1092 1091//1091
f 1091//1091 1092//1092 1092//1092
f 1092//1092 1085//1085 1092//1092
f 1092//1092 1085//1085 1085//1085
f 1085//1085 1091//1091 1085//1085
f 1085//1085 1091//1091 1087//1087
f 1091//1091 1091//1091 1087//1087
f 1087//1087 1091//1091 1093//1093
f 1091//1091 1094//1094 1093//1093
f 1093//1093 1094//1094 1094//1094
f 1094//1094 1095//1095 1094//1094
f 1094//1094 1095//1095 1095//1095
f 1095//1095 1096//1096 1095//1095
f 1095//1095 1096//1096 1097//1097
f 1096//1096 1098//1098 1097//1097
f 1097//1097 1098//1098 1099//1099
f 1098//1098 1098//1098 1099//1099
f 1099//1099 1098//1098 1100//1100
f 1098//1098 1101//1101 1100//1100
f 1100//1100 1101//1101 1100//1100
f 1101//1101 1102//1102 1100//1100
f 1100//1100 1102//1102 1103//1103
f 1102//1102 1104//1104 1103//1103
f 1103//1103 1104//1104 1105//1105
f 1104//1104 1106//1106 1105//1105
f 1105//1105 1106//1106 1107//1107
f 1106//1106 1108//1108 1107//1107
f 1107//1107 1108//1108 1109//1109
f 1108//1108 1110//1110 1109//1109
f 1109//1109 1110//1110 1111//1111
f 1110//1110 1112//1112 1111//1111
f 1111//1111 1112//1112 1113//1113
f 1112//1112 1114//1114 1113//1113
f 1113//1113 1114//1114 1114//1114
f 1114//1114 1096//1096 1114//1114
f 1114//1114 1096//1096 1096//1096
f 1096//1096 1115//1115 1096//1096
f 1096//1096 1115//1115 1098//1098
f 1115//1115 1101//1101 1098//1098
f 1098//1098 1101//1101 1101//1101
f 1101//1101 1111//1111 1101//1101
f 1101//1101 1111//1111 1111//1111
f 1111//1111 1116//1116 1111//1111
f 1111//1111 1116//1116 1109//1109
f 1116//1116 1117//1117 1109//1109
f 1109//1109 1117//1117 1107//1107
f 1117//1117 1118//1118 1107//1107
f 1107//1107 1118//1118 1105//1105
f 1118//1118 1119//1119 1105//1105
f 1105//1105 1119//1119 1103//1103
f 1119//1119 1120//1120 1103//1103
f 1103//1103 1120//1120 1100//1100
f 1120//1120 1121//1121 1100//1100
f 1100//1100 1121//1121 1121//1121
f 1121//1121 1122//1122 1121//1121
f 1121//1121 1122//1122 1122//1122
f 1122//1122 1123//1123 1122//1122
f 1122//1122 1123//1123 1124//1124
f 1123//1123 1123//1123 1124//1124
f 1124//1124 1123//1123 1125//1125
f 1123//1123 1126//1126 1125//1125
f 1125//1125 1126//1126 1127//1127
f 1126//1126 1127//1127 1127//1127
f 1127//1127 1127//1127 1128//1128
f 1127//1127 1128//1128 1128//1128
f 1128//1128 1128//1128 1129//1129
f 1128//1128 1130//1130 1129//1129
f 1129//1129 1130//1130 1131//1131
f 1130//1130 1132//1132 1131//1131
f 1131//1131 1132//1132 1133//1133
f 1132//1132 1134//1134 1133//1133
f 1133//1133 1134//1134 1135//1135
f 1134//1134 1136//1136 1135//1135
f 1135//1135 1136//1136 1135//1135
f 1136//1136 1137//1137 1135//1135
f 1135//1135 1137//1137 1135//1135
f 1137//1137 1138//1138 1135//1135
f 1135//1135 1138//1138 1135//1135
f 1138//1138 1139//1139 1135//1135
f 1135//1135 1139//1139 1133//1133
f 1139//1139 1140//1140 1133//1133
f 1133//1133 1140//1140 1131//1131
f 1140//1140 1141//1141 1131//1131
f 1131//1131 1141//1141 1129//1129
f 1141//1141 1129//1129 1129//1129
f 1129//1129 1129//1129 1136//1136
f 1129//1129 1136//1136 1136//1136
f 1136//1136 1136//1136 1137//1137
f 1136//1136 1142//1142 1137//1137
f 1137//1137 1142//1142 1143//1143
f 1142//1142 1144//1144 1143//1143
f 1143//1143 1144//1144 1145//1145
f 1144//1144 1146//1146 1145//1145
f 1145//1145 1146//1146 1147//1147
f 1146//1146 1148//1148 1147//1147
f 1147//1147 1148//1148 1148//1148
f 1148//1148 1138//1138 1148//1148
f 1148//1148 1138//1138 1138//1138
f 1138//1138 1137//1137 1138//1138
f 1138//1138 1137//1137 1149//1149
f 1137//1137 1143//1143 1149//1149
f 1149//1149 1143//1143 1150//1150
f 1143//1143 1145//1145 1150//1150
f 1150//1150 1145//1145 1151//1151
f 1145//1145 1147//1147 1151//1151
f 1151//1151 1147//1147 1152//1152
f 1147//1147 1153//1153 1152//1152
f 1152//1152 1153//1153 1154//1154
f 1153//1153 1154//1154 1154//1154
f 1154//1154 1154//1154 1148//1148
f 1154//1154 1148//1148 1148//1148
f 1148//1148 1148//1148 1147//1147
f 1148//1148 1153//1153 1147//1147
f 1147//1147 1153//1153 1153//1153
f 1153//1153 1155//1155 1153//1153
f 1153//1153 1155//1155 1155//1155
f 1155//1155 1156//1156 1155//1155
f 1155//1155 1156//1156 1157//1157
f 1156//1156 1158//1158 1157//1157
f 1157//1157 1158//1158 1159//1159
f 1158//1158 1160//1160 1159//1159
f 1159//1159 1160//1160 1161//1161
f 1160//1160 1162//1162 1161//1161
f 1161//1161 1162//1162 1163//1163
f 1162//1162 1164//1164 1163//1163
f 1163//1163 1164//1164 1165//1165
f 1164//1164 1166//1166 1165//1165
f 1165//1165 1166//1166 1167//1167
f 1166//1166 1168//1168 1167//1167
f 1167//1167 1168//1168 1169//1169
f 1168//1168 1168//1168 1169//1169
f 1169//1169 1168//1168 1170//1170
f 1168//1168 1168//1168 1170//1170
f 1170//1170 1168//1168 1171//1171
f 1168//1168 1168//1168 1171//1171
f 1171//1171 1168//1168 1172//1172
f 1168//1168 1166//1166 1172//1172
f 1172//1172 1166//1166 1173//1173
f 1166//1166 1164//1164 1173//1173
f 1173//1173 1164//1164 1174//1174
f 1164//1164 1162//1162 1174//1174
f 1174//1174 1162//1162 1175//1175
f 1162//1162 1160//1160 1175//1175
f 1175//1175 1160//1160 1176//1176
f 1160//1160 1158//1158 1176//1176
f 1176//1176 1158//1158 1177//1177
f 1158//1158 1156//1156 1177//1177
f 1177//1177 1156//1156 1156//1156
f 1156//1156 1177//1177 1156//1156
f 1156//1156 1177//1177 1177//1177
f 1177//1177 1178//1178 1177//1177
f 1177//1177 1178//1178 1176//1176
f 1178//1178 1179//1179 1176//1176
f 1176//1176 1179//1179 1175//1175
f 1179//1179 1180//1180 1175//1175
f 1175//1175 1180//1180 1174//1174
f 1180//1180 1181//1181 1174//1174
f 1174//1174 1181//1181 1173//1173
f 1181//1181 1182//1182 1173//1173
f 1173//1173 1182//1182 1172//1172
f 1182//1182 1183//1183 1172//1172
f 1172//1172 1183//1183 1171//1171
f 1183//1183 1184//1184 1171//1171
f 1171//1171 1184//1184 1171//1171
f 1184//1184 1185//1185 1171//1171
f 1171//1171 1185//1185 1170//1170
f 1185//1185 1185//1185 1170//1170
f 1170//1170 1185//1185 1186//1186
f 1185//1185 1187//1187 1186//1186
f 1186//1186 1187//1187 1188//1188
f 1187//1187 1187//1187 1188//1188
f 1188//1188 1187//1187 1189//1189
f 1187//1187 1190//1190 1189//1189
f 1189//1189 1190//1190 1191//1191
f 1190//1190 1191//1191 1191//1191
f 1191//1191 1191//1191 1190//1190
f 1191//1191 1190//1190 1190//1190
f 1190//1190 1190//1190 1192//1192
f 1190//1190 1187//1187 1192//1192
f 1192//1192 1187//1187 1192//1192
f 1187//1187 1185//1185 1192//1192
f 1192//1192 1185//1185 1184//1184
f 1185//1185 1184//1184 1184//1184
f 1184//1184 1184//1184 1193//1193
f 1184//1184 1193//1193 1193//1193
f 1193//1193 1193//1193 1194//1194
f 1193//1193 1195//1195 1194//1194
f 1194//1194 1195//1195 1196//1196
f 1195//1195 1197//1197 1196//1196
f 1196//1196 1197//1197 1196//1196
f 1197//1197 1198//1198 1196//1196
f 1196//1196 1198//1198 1199//1199
f 1198//1198 1200//1200 1199//1199
f 1199//1199 1200//1200 1201//1201
f 1200//1200 1202//1202 1201//1201
f 1201//1201 1202//1202 1202//1202
f 1202//1202 1194//1194 1202//1202
f 1202//1202 1194//1194 1194//1194
f 1194//1194 1196//1196 1194//1194
f 1194//1194 1196//1196 1203//1203
f 1196//1196 1199//1199 1203//1203
f 1203//1203 1199//1199 1204//1204
f 1199//1199 1201//1201 1204//1204
f 1204//1204 1201//1201 1204//1204
f 1201//1201 1205//1205 1204//1204
f 1204//1204 1205//1205 1206//1206
f 1205//1205 1205//1205 1206//1206
f 1206//1206 1205//1205 1207//1207
f 1205//1205 1208//1208 1207//1207
f 1207//1207 1208//1208 1209//1209
f 1208//1208 1210//1210 1209//1209
f 1209//1209 1210//1210 1211//1211
f 1210//1210 1212//1212 1211//1211
f 1211//1211 1212//1212 1213//1213
f 1212//1212 1214//1214 1213//1213
f 1213//1213 1214//1214 1215//1215
f 1214//1214 1214//1214 1215//1215
f 1215//1215 1214//1214 1216//1216
f 1214//1214 1217//1217 1216//1216
f 1216//1216 1217//1217 1218//1218
f 1217//1217 1219//1219 1218//1218
f 1218//1218 1219//1219 1220//1220
f 1219//1219 1220//1220 1220//1220
f 1220//1220 1220//1220 1221//1221
f 1220//1220 1221//1221 1221//1221
f 1221//1221 1221//1221 1222//1222
f 1221//1221 1203//1203 1222//1222
f 1222//1222 1203//1203 1222//1222
f 1203//1203 1204//1204 1222//1222
f 1222//1222 1204//1204 1206//1206
f 1204//1204 1206//1206 1206//1206
f 1206//1206 1206//1206 1219//1219
f 1206//1206 1219//1219 1219//1219
f 1219//1219 1219//1219 1223//1223
f 1219//1219 1217//1217 1223//1223
f 1223//1223 1217//1217 1224//1224
f 1217//1217 1214//1214 1224//1224
f 1224//1224 1214//1214 1224//1224
f 1214//1214 1212//1212 1224//1224
f 1224//1224 1212//1212 1225//1225
f 1212//1212 1210//1210 1225//1225
f 1225//1225 1210//1210 1226//1226
f 1210//1210 1208//1208 1226//1226
f 1226//1226 1208//1208 1227//1227
f 1208//1208 1205//1205 1227//1227
f 1227//1227 1205//1205 1227//1227
f 1205//1205 1201//1201 1227//1227
f 1227//1227 1201//1201 1227//1227
f 1201//1201 1202//1202 1227//1227
f 1227//1227 1202//1202 1227//1227
f 1202//1202 1228//1228 1227//1227
f 1227//1227 1228//1228 1226//1226
f 1228//1228 1229//1229 1226//1226
f 1226//1226 1229//1229 1225//1225
f 1229//1229 1230//1230 1225//1225
f 1225//1225 1230//1230 1224//1224
f 1230//1230 1223//1223 1224//1224
f 1224//1224 1223//1223 1223//1223
f 1223//1223 1231//1231 1223//1223
f 1223//1223 1231//1231 1231//1231
f 1231//1231 1232//1232 1231//1231
f 1231//1231 1232//1232 1233//1233
f 1232//1232 1234//1234 1233//1233
f 1233//1233 1234//1234 1235//1235
f 1234//1234 1234//1234 1235//1235
f 1235//1235 1234//1234 1236//1236
f 1234//1234 1237//1237 1236//1236
f 1236//1236 1237//1237 1238//1238
f 1237//1237 1239//1239 1238//1238
f 1238//1238 1239//1239 1240//1240
f 1239//1239 1240//1240 1240//1240
f 1240//1240 1240//1240 1232//1232
f 1240//1240 1232//1232 1232//1232
f 1232//1232 1232//1232 1234//1234
f 1232//1232 1241//1241 1234//1234
f 1234//1234 1241//1241 1237//1237
f 1241//1241 1242//1242 1237//1237
f 1237//1237 1242//1242 1239//1239
f 1242//1242 1239//1239 1239//1239
f 1239//1239 1239//1239 1243//1243
f 1239//1239 1243//1243 1243//1243
f 1243//1243 1243//1243 1244//1244
f 1243//1243 1245//1245 1244//1244
f 1244//1244 1245//1245 1246//1246
f 1245//1245 1247//1247 1246//1246
f 1246//1246 1247//1247 1248//1248
f 1247//1247 1249//1249 1248//1248
f 1248//1248 1249//1249 1250//1250
f 1249//1249 1251//1251 1250//1250
f 1250//1250 1251//1251 1251//1251
f 1251//1251 1244//1244 1251//1251
f 1251//1251 1244//1244 1244//1244
f 1244//1244 1246//1246 1244//1244
f 1244//1244 1246//1246 1252//1252
f 1246//1246 1246//1246 1252//1252
f 1252//1252 1246//1246 1253//1253
f 1246//1246 1248//1248 1253//1253
f 1253//1253 1248//1248 1254//1254
f 1248//1248 1250//1250 1254//1254
f 1254//1254 1250//1250 1255//1255
f 1250//1250 1256//1256 1255//1255
f 1255//1255 1256//1256 1257//1257
f 1256//1256 1258//1258 1257//1257
f 1257//1257 1258//1258 1259//1259
f 1258//1258 1259//1259 1259//1259
f 1259//1259 1259//1259 1250//1250
f 1259//1259 1250//1250 1250//1250
f 1250//1250 1250//1250 1256//1256
f 1250//1250 1251//1251 1256//1256
f 1256//1256 1251//1251 1256//1256
f 1251//1251 1260//1260 1256//1256
f 1256//1256 1260//1260 1258//1258
f 1260//1260 1258//1258 1258//1258
f 1258//1258 1258//1258 1261//1261
f 1258//1258 1261//1261 1261//1261
f 1261//1261 1261//1261 1262//1262
f 1261//1261 1263//1263 1262//1262
f 1262//1262 1263//1263 1264//1264
f 1263//1263 1265//1265 1264//1264
f 1264//1264 1265//1265 1264//1264
f 1265//1265 1266//1266 1264//1264
f 1264//1264 1266//1266 1267//1267
f 1266//1266 1268//1268 1267//1267
f 1267//1267 1268//1268 1268//1268
f 1268//1268 1262//1262 1268//1268
f 1268//1268 1262//1262 1262//1262
f 1262//1262 1264//1264 1262//1262
f 1262//1262 1264//1264 1269//1269
f 1264//1264 1267//1267 1269//1269
f 1269//1269 1267//1267 1267//1267
f 1267//1267 1270//1270 1267//1267
f 1267//1267 1270//1270 1270//1270
f 1270//1270 1271//1271 1270//1270
f 1270//1270 1271//1271 1272//1272
f 1271//1271 1273//1273 1272//1272
f 1272//1272 1273//1273 1273//1273
f 1273//1273 1274//1274 1273//1273
f 1273//1273 1274//1274 1274//1274
f 1274//1274 1275//1275 1274//1274
f 1274//1274 1275//1275 1276//1276
f 1275//1275 1275//1275 1276//1276
f 1276//1276 1275//1275 1277//1277
f 1275//1275 1278//1278 1277//1277
f 1277//1277 1278//1278 1279//1279
f 1278//1278 1279//1279 1279//1279
f 1279//1279 1279//1279 1280//1280
f 1279//1279 1280//1280 1280//1280
f 1280//1280 1280//1280 1281//1281
f 1280//1280 1282//1282 1281//1281
f 1281//1281 1282//1282 1283//1283
f 1282//1282 1284//1284 1283//1283
f 1283//1283 1284//1284 1285//1285
f 1284//1284 1285//1285 1285//1285
f 1285//1285 1285//1285 1286//1286
f 1285//1285 1286//1286 1286//1286
f 1286//1286 1286//1286 1287//1287
f 1286//1286 1288//1288 1287//1287
f 1287//1287 1288//1288 1289//1289
f 1288//1288 1289//1289 1289//1289
f 1289//1289 1289//1289 1290//1290
f 1289//1289 1290//1290 1290//1290
f 1290//1290 1290//1290 1291//1291
f 1290//1290 1292//1292 1291//1291
f 1291//1291 1292//1292 1293//1293
f 1292//1292 1294//1294 1293//1293
f 1293//1293 1294//1294 1295//1295
f 1294//1294 1295//1295 1295//1295
f 1295//1295 1295//1295 1296//1296
f 1295//1295 1296//1296 1296//1296
f 1296//1296 1296//1296 1297//1297
f 1296//1296 1298//1298 1297//1297
f 1297//1297 1298//1298 1299//1299
f 1298//1298 1300//1300 1299//1299
f 1299//1299 1300//1300 1301//1301
f 1300//1300 1301//1301 1301//1301
f 1301//1301 1301//1301 1302//1302
f 1301//1301 1302//1302 1302//1302
f 1302//1302 1302//1302 1303//1303
f 1302//1302 1304//1304 1303//1303
f 1303//1303 1304//1304 1305//1305
f 1304//1304 1306//1306 1305//1305
f 1305//1305 1306//1306 1307//1307
f 1306//1306 1307//1307 1307//1307
f 1307//1307 1307//1307 1308//1308
f 1307//1307 1308//1308 1308//1308
f 1308//1308 1308//1308 1309//1309
f 1308//1308 1310//1310 1309//1309
f 1309//1309 1310//1310 1311//1311
f 1310//1310 1312//1312 1311//1311
f 1311//1311 1312//1312 1313//1313
f 1312//1312 1313//1313 1313//1313
f 1313//1313 1313//1313 1314//1314
f 1313//1313 1314//1314 1314//1314
f 1314//1314 1314//1314 1315//1315
f 1314//1314 1316//1316 1315//1315
f 1315//1315 1316//1316 1317//1317
f 1316//1316 1318//1318 1317//1317
f 1317//1317 1318//1318 1317//1317
f 1318//1318 1319//1319 1317//1317
f 1317//1317 1319//1319 1320//1320
f 1319//1319 1321//1321 1320//1320
f 1320//1320 1321//1321 1321//1321
f 1321//1321 1315//1315 1321//1321
f 1321//1321 1315//1315 1315//1315
f 1315//1315 1317//1317 1315//1315
f 1315//1315 1317//1317 1322//1322
f 1317//1317 1320//1320 1322//1322
f 1322//1322 1320//1320 1320//1320
f 1320//1320 1323//1323 1320//1320
f 1320//1320 1323//1323 1323//1323
f 1323//1323 1324//1324 1323//1323
f 1323//1323 1324//1324 1325//1325
f 1324//1324 1326//1326 1325//1325
f 1325//1325 1326//1326 1327//1327
f 1326//1326 1326//1326 1327//1327
f 1327//1327 1326//1326 1328//1328
f 1326//1326 1329//1329 1328//1328
f 1328//1328 1329//1329 1330//1330
f 1329//1329 1330//1330 1330//1330
f 1330//1330 1330//1330 1324//1324
f 1330//1330 1324//1324 1324//1324
f 1324//1324 1324//1324 1326//1326
f 1324//1324 1331//1331 1326//1326
f 1326//1326 1331//1331 1329//1329
f 1331//1331 1329//1329 1329//1329
f 1329//1329 1329//1329 1327//1327
f 1329//1329 1327//1327 1327//1327
f 1327//1327 1327//1327 1325//1325
f 1327//1327 1332//1332 1325//1325
f 1325//1325 1332//1332 1333//1333
f 1332//1332 1334//1334 1333//1333
f 1333//1333 1334//1334 1335//1335
f 1334//1334 1336//1336 1335//1335
f 1335//1335 1336//1336 1337//1337
f 1336//1336 1338//1338 1337//1337
f 1337//1337 1338//1338 1337//1337
f 1338//1338 1339//1339 1337//1337
f 1337//1337 1339//1339 1337//1337
f 1339//1339 1340//1340 1337//1337
f 1337//1337 1340//1340 1337//1337
f 1340//1340 1341//1341 1337//1337
f 1337//1337 1341//1341 1335//1335
f 1341//1341 1342//1342 1335//1335
f 1335//1335 1342//1342 1333//1333
f 1342//1342 1343//1343 1333//1333
f 1333//1333 1343//1343 1325//1325
f 1343//1343 1325//1325 1325//1325
f 1325//1325 1325//1325 1338//1338
f 1325//1325 1338//1338 1338//1338
f 1338//1338 1338//1338 1339//1339
f 1338//1338 1344//1344 1339//1339
f 1339//1339 1344//1344 1345//1345
f 1344//1344 1346//1346 1345//1345
f 1345//1345 1346//1346 1347//1347
f 1346//1346 1347//1347 1347//1347
f 1347//1347 1347//1347 1340//1340
f 1347//1347 1340//1340 1340//1340
f 1340//1340 1340//1340 1348//1348
f 1340//1340 1339//1339 1348//1348
f 1348//1348 1339//1339 1348//1348
f 1339//1339 1345//1345 1348//1348
f 1348//1348 1345//1345 1349//1349
f 1345//1345 1349//1349 1349//1349
f 1349//1349 1349//1349 1350//1350
f 1349//1349 1350//1350 1350//1350
f 1350//1350 1350//1350 1351//1351
f 1350//1350 1352//1352 1351//1351
f 1351//1351 1352//1352 1353//1353
f 1352//1352 1354//1354 1353//1353
f 1353//1353 1354//1354 1353//1353
f 1354//1354 1355//1355 1353//1353
f 1353//1353 1355//1355 1356//1356
f 1355//1355 1355//1355 1356//1356
f 1356//1356 1355//1355 1357//1357
f 1355//1355 1358//1358 1357//1357
f 1357//1357 1358//1358 1359//1359
f 1358//1358 1360//1360 1359//1359
f 1359//1359 1360//1360 1361//1361
f 1360//1360 1362//1362 1361//1361
f 1361//1361 1362//1362 1363//1363
f 1362//1362 1363//1363 1363//1363
f 1363//1363 1363//1363 1351//1351
f 1363//1363 1351//1351 1351//1351
f 1351//1351 1351//1351 1364//1364
f 1351//1351 1353//1353 1364//1364
f 1364//1364 1353//1353 1356//1356
f 1353//1353 1356//1356 1356//1356
f 1356//1356 1356//1356 1365//1365
f 1356//1356 1365//1365 1365//1365
f 1365//1365 1365//1365 1355//1355
f 1365//1365 1366//1366 1355//1355
f 1355//1355 1366//1366 1358//1358
f 1366//1366 1367//1367 1358//1358
f 1358//1358 1367//1367 1360//1360
f 1367//1367 1368//1368 1360//1360
f 1360//1360 1368//1368 1362//1362
f 1368//1368 1369//1369 1362//1362
f 1362//1362 1369//1369 1370//1370
f 1369//1369 1371//1371 1370//1370
f 1370//1370 1371//1371 1370//1370
f 1371//1371 1372//1372 1370//1370
f 1370//1370 1372//1372 1373//1373
f 1372//1372 1372//1372 1373//1373
f 1373//1373 1372//1372 1374//1374
f 1372//1372 1375//1375 1374//1374
f 1374//1374 1375//1375 1376//1376
f 1375//1375 1376//1376 1376//1376
f 1376//1376 1376//1376 1362//1362
f 1376//1376 1362//1362 1362//1362
f 1362//1362 1362//1362 1363//1363
f 1362//1362 1370//1370 1363//1363
f 1363//1363 1370//1370 1373//1373
f 1370//1370 1373//1373 1373//1373
f 1373//1373 1373//1373 1377//1377
f 1373//1373 1377//1377 1377//1377
f 1377//1377 1377//1377 1378//1378
f 1377//1377 1379//1379 1378//1378
f 1378//1378 1379//1379 1378//1378
f 1379//1379 1380//1380 1378//1378
f 1378//1378 1380//1380 1381//1381
f 1380//1380 1382//1382 1381//1381
f 1381//1381 1382//1382 1382//1382
f 1382//1382 1383//1383 1382//1382
f 1382//1382 1383//1383 1383//1383
f 1383//1383 1384//1384 1383//1383
f 1383//1383 1384//1384 1385//1385
f 1384//1384 1386//1386 1385//1385
f 1385//1385 1386//1386 1387//1387
f 1386//1386 1388//1388 1387//1387
f 1387//1387 1388//1388 1389//1389
f 1388//1388 1388//1388 1389//1389
f 1389//1389 1388//1388 1390//1390
f 1388//1388 1391//1391 1390//1390
f 1390//1390 1391//1391 1390//1390
f 1391//1391 1392//1392 1390//1390
f 1390//1390 1392//1392 1393//1393
f 1392//1392 1394//1394 1393//1393
f 1393//1393 1394//1394 1394//1394
f 1394//1394 1384//1384 1394//1394
f 1394//1394 1384//1384 1384//1384
f 1384//1384 1395//1395 1384//1384
f 1384//1384 1395//1395 1386//1386
f 1395//1395 1396//1396 1386//1386
f 1386//1386 1396//1396 1388//1388
f 1396//1396 1391//1391 1388//1388
f 1388//1388 1391//1391 1391//1391
f 1391//1391 1389//1389 1391//1391
f 1391//1391 1389//1389 1389//1389
f 1389//1389 1390//1390 1389//1389
f 1389//1389 1390//1390 1397//1397
f 1390//1390 1393//1393 1397//1397
f 1397//1397 1393//1393 1398//1398
f 1393//1393 1399//1399 1398//1398
f 1398//1398 1399//1399 1400//1400
f 1399//1399 1399//1399 1400//1400
f 1400//1400 1399//1399 1401//1401
f 1399//1399 1402//1402 1401//1401
f 1401//1401 1402//1402 1401//1401
f 1402//1402 1403//1403 1401//1401
f 1401//1401 1403//1403 1404//1404
f 1403//1403 1405//1405 1404//1404
f 1404//1404 1405//1405 1406//1406
f 1405//1405 1407//1407 1406//1406
f 1406//1406 1407//1407 1407//1407
f 1407//1407 1393//1393 1407//1407
f 1407//1407 1393//1393 1393//1393
f 1393//1393 1394//1394 1393//1393
f 1393//1393 1394//1394 1399//1399
f 1394//1394 1402//1402 1399//1399
f 1399//1399 1402//1402 1402//1402
f 1402//1402 1400//1400 1402//1402
f 1402//1402 1400//1400 1400//1400
f 1400//1400 1401//1401 1400//1400
f 1400//1400 1401//1401 1408//1408
f 1401//1401 1404//1404 1408//1408
f 1408//1408 1404//1404 1409//1409
f 1404//1404 1406//1406 1409//1409
f 1409//1409 1406//1406 1406//1406
f 1406//1406 1410//1410 1406//1406
f 1406//1406 1410//1410 1410//1410
f 1410//1410 1411//1411 1410//1410
f 1410//1410 1411//1411 1412//1412
f 1411//1411 1413//1413 1412//1412
f 1412//1412 1413//1413 1414//1414
f 1413//1413 1414//1414 1414//1414
f 1414//1414 1414//1414 1411//1411
f 1414//1414 1411//1411 1411//1411
f 1411//1411 1411//1411 1413//1413
f 1411//1411 1415//1415 1413//1413
f 1413//1413 1415//1415 1416//1416
f 1415//1415 1417//1417 1416//1416
f 1416//1416 1417//1417 1418//1418
f 1417//1417 1419//1419 1418//1418
f 1418//1418 1419//1419 1420//1420
f 1419//1419 1421//1421 1420//1420
f 1420//1420 1421//1421 1422//1422
f 1421//1421 1423//1423 1422//1422
f 1422//1422 1423//1423 1424//1424
f 1423//1423 1425//1425 1424//1424
f 1424//1424 1425//1425 1424//1424
f 1425//1425 1426//1426 1424//1424
f 1424//1424 1426//1426 1427//1427
f 1426//1426 1426//1426 1427//1427
f 1427//1427 1426//1426 1428//1428
f 1426//1426 1429//1429 1428//1428
f 1428//1428 1429//1429 1430//1430
f 1429//1429 1431//1431 1430//1430
f 1430//1430 1431//1431 1430//1430
f 1431//1431 1432//1432 1430//1430
f 1430//1430 1432//1432 1433//1433
f 1432//1432 1434//1434 1433//1433
f 1433//1433 1434//1434 1434//1434
f 1434//1434 1433//1433 1434//1434
f 1434//1434 1433//1433 1433//1433
f 1433//1433 1435//1435 1433//1433
f 1433//1433 1435//1435 1430//1430
f 1435//1435 1435//1435 1430//1430
f 1430//1430 1435//1435 1428//1428
f 1435//1435 1436//1436 1428//1428
f 1428//1428 1436//1436 1427//1427
f 1436//1436 1437//1437 1427//1427
f 1427//1427 1437//1437 1438//1438
f 1437//1437 1439//1439 1438//1438
f 1438//1438 1439//1439 1440//1440
f 1439//1439 1441//1441 1440//1440
f 1440//1440 1441//1441 1440//1440
f 1441//1441 1442//1442 1440//1440
f 1440//1440 1442//1442 1420//1420
f 1442//1442 1442//1442 1420//1420
f 1420//1420 1442//1442 1418//1418
f 1442//1442 1443//1443 1418//1418
f 1418//1418 1443//1443 1416//1416
f 1443//1443 1416//1416 1416//1416
f 1416//1416 1416//1416 1427//1427
f 1416//1416 1427//1427 1427//1427
f 1427//1427 1427//1427 1424//1424
f 1427//1427 1438//1438 1424//1424
f 1424//1424 1438//1438 1422//1422
f 1438//1438 1440//1440 1422//1422
f 1422//1422 1440//1440 1420//1420
f 1440//1440 1420//1420 1420//1420
f 1420//1420 1420//1420 1441//1441
f 1420//1420 1441//1441 1441//1441
f 1441//1441 1441//1441 1442//1442
f 1441//1441 1444//1444 1442//1442
f 1442//1442 1444//1444 1443//1443
f 1444//1444 1445//1445 1443//1443
f 1443//1443 1445//1445 1446//1446
f 1445//1445 1447//1447 1446//1446
f 1446//1446 1447//1447 1446//1446
f 1447//1447 1414//1414 1446//1446
f 1446//1446 1414//1414 1446//1446
f 1414//1414 1413//1413 1446//1446
f 1446//1446 1413//1413 1446//1446
f 1413//1413 1416//1416 1446//1446
f 1446//1446 1416//1416 1443//1443
f 1416//1416 1443//1443 1443//1443
f 1443//1443 1443//1443 1448//1448
f 1443//1443 1448//1448 1448//1448
f 1448//1448 1448//1448 1449//1449
f 1448//1448 1450//1450 1449//1449
f 1449//1449 1450//1450 1451//1451
f 1450//1450 1452//1452 1451//1451
f 1451//1451 1452//1452 1451//1451
f 1452//1452 1453//1453 1451//1451
f 1451//1451 1453//1453 1454//1454
f 1453//1453 1453//1453 1454//1454
f 1454//1454 1453//1453 1455//1455
f 1453//1453 1456//1456 1455//1455
f 1455//1455 1456//1456 1457//1457
f 1456//1456 1457//1457 1457//1457
f 1457//1457 1457//1457 1454//1454
f 1457//1457 1454//1454 1454//1454
f 1454//1454 1454//1454 1451//1451
f 1454//1454 1458//1458 1451//1451
f 1451//1451 1458//1458 1449//1449
f 1458//1458 1449//1449 1449//1449
f 1449//1449 1449//1449 1459//1459
f 1449//1449 1459//1459 1459//1459
f 1459//1459 1459//1459 1452//1452
f 1459//1459 1460//1460 1452//1452
f 1452//1452 1460//1460 1461//1461
f 1460//1460 1462//1462 1461//1461
f 1461//1461 1462//1462 1463//1463
f 1462//1462 1464//1464 1463//1463
f 1463//1463 1464//1464 1464//1464
f 1464//1464 1452//1452 1464//1464
f 1464//1464 1452//1452 1452//1452
f 1452//1452 1461//1461 1452//1452
f 1452//1452 1461//1461 1453//1453
f 1461//1461 1461//1461 1453//1453
f 1453//1453 1461//1461 1456//1456
f 1461//1461 1463//1463 1456//1456
f 1456//1456 1463//1463 1465//1465
f 1463//1463 1466//1466 1465//1465
f 1465//1465 1466//1466 1465//1465
f 1466//1466 1467//1467 1465//1465
f 1465//1465 1467//1467 1468//1468
f 1467//1467 1469//1469 1468//1468
f 1468//1468 1469//1469 1469//1469
f 1469//1469 1456//1456 1469//1469
f 1469//1469 1456//1456 1456//1456
f 1456//1456 1465//1465 1456//1456
f 1456//1456 1465//1465 1457//1457
f 1465//1465 1468//1468 1457//1457
f 1457//1457 1468//1468 1468//1468
f 1468//1468 1463//1463 1468//1468
f 1468//1468 1463//1463 1463//1463
f 1463//1463 1464//1464 1463//1463
f 1463//1463 1464//1464 1466//1466
f 1464//1464 1470//1470 1466//1466
f 1466//1466 1470//1470 1471//1471
f 1470//1470 1472//1472 1471//1471
f 1471//1471 1472//1472 1472//1472
f 1472//1472 1466//1466 1472//1472
f 1472//1472 1466//1466 1466//1466
f 1466//1466 1471//1471 1466//1466
f 1466//1466 1471//1471 1467//1467
f 1471//1471 1473//1473 1467//1467
f 1467//1467 1473//1473 1469//1469
f 1473//1473 1473//1473 1469//1469
f 1469//1469 1473//1473 1474//1474
f 1473//1473 1475//1475 1474//1474
f 1474//1474 1475//1475 1476//1476
f 1475//1475 1476//1476 1476//1476
f 1476//1476 1476//1476 1475//1475
f 1476//1476 1475//1475 1475//1475
f 1475//1475 1475//1475 1477//1477
f 1475//1475 1473//1473 1477//1477
f 1477//1477 1473//1473 1477//1477
f 1473//1473 1471//1471 1477//1477
f 1477//1477 1471//1471 1477//1477
f 1471//1471 1472//1472 1477//1477
f 1477//1477 1472//1472 1477//1477
f 1472//1472 1478//1478 1477//1477
f 1477//1477 1478//1478 1479//1479
f 1478//1478 1480//1480 1479//1479
f 1479//1479 1480//1480 1479//1479
f 1480//1480 1481//1481 1479//1479
f 1479//1479 1481//1481 1482//1482
f 1481//1481 1483//1483 1482//1482
f 1482//1482 1483//1483 1484//1484
f 1483//1483 1485//1485 1484//1484
f 1484//1484 1485//1485 1485//1485
f 1485//1485 1477//1477 1485//1485
f 1485//1485 1477//1477 1477//1477
f 1477//1477 1479//1479 1477//1477
f 1477//1477 1479//1479 1475//1475
f 1479//1479 1482//1482 1475//1475
f 1475//1475 1482//1482 1476//1476
f 1482//1482 1484//1484 1476//1476
f 1476//1476 1484//1484 1484//1484
f 1484//1484 1486//1486 1484//1484
f 1484//1484 1486//1486 1486//1486
f 1486//1486 1487//1487 1486//1486
f 1486//1486 1487//1487 1488//1488
f 1487//1487 1487//1487 1488//1488
f 1488//1488 1487//1487 1489//1489
f 1487//1487 1490//1490 1489//1489
f 1489//1489 1490//1490 1489//1489
f 1490//1490 1491//1491 1489//1489
f 1489//1489 1491//1491 1492//1492
f 1491//1491 1493//1493 1492//1492
f 1492//1492 1493//1493 1494//1494
f 1493//1493 1495//1495 1494//1494
f 1494//1494 1495//1495 1495//1495
f 1495//1495 1494//1494 1495//1495
f 1495//1495 1494//1494 1494//1494
f 1494//1494 1496//1496 1494//1494
f 1494//1494 1496//1496 1492//1492
f 1496//1496 1497//1497 1492//1492
f 1492//1492 1497//1497 1489//1489
f 1497//1497 1488//1488 1489//1489
f 1489//1489 1488//1488 1488//1488
f 1488//1488 1498//1498 1488//1488
f 1488//1488 1498//1498 1498//1498
f 1498//1498 1499//1499 1498//1498
f 1498//1498 1499//1499 1500//1500
f 1499//1499 1499//1499 1500//1500
f 1500//1500 1499//1499 1501//1501
f 1499//1499 1502//1502 1501//1501
f 1501//1501 1502//1502 1503//1503
f 1502//1502 1504//1504 1503//1503
f 1503//1503 1504//1504 1505//1505
f 1504//1504 1506//1506 1505//1505
f 1505//1505 1506//1506 1507//1507
f 1506//1506 1508//1508 1507//1507
f 1507//1507 1508//1508 1508//1508
f 1508//1508 1507//1507 1508//1508
f 1508//1508 1507//1507 1507//1507
f 1507//1507 1509//1509 1507//1507
f 1507//1507 1509//1509 1505//1505
f 1509//1509 1510//1510 1505//1505
f 1505//1505 1510//1510 1503//1503
f 1510//1510 1511//1511 1503//1503
f 1503//1503 1511//1511 1501//1501
f 1511//1511 1512//1512 1501//1501
f 1501//1501 1512//1512 1500//1500
f 1512//1512 1513//1513 1500//1500
f 1500//1500 1513//1513 1514//1514
f 1513//1513 1515//1515 1514//1514
f 1514//1514 1515//1515 1515//1515
f 1515//1515 1500//1500 1515//1515
f 1515//1515 1500//1500 1500//1500
f 1500//1500 1514//1514 1500//1500
f 1500//1500 1514//1514 1498//1498
f 1514//1514 1498//1498 1498//1498
f 1498//1498 1498//1498 1516//1516
f 1498//1498 1516//1516 1516//1516
f 1516//1516 1516//1516 1517//1517
f 1516//1516 1518//1518 1517//1517
f 1517//1517 1518//1518 1519//1519
f 1518//1518 1520//1520 1519//1519
f 1519//1519 1520//1520 1519//1519
f 1520//1520 1521//1521 1519//1519
f 1519//1519 1521//1521 1522//1522
f 1521//1521 1523//1523 1522//1522
f 1522//1522 1523//1523 1523//1523
f 1523//1523 1517//1517 1523//1523
f 1523//1523 1517//1517 1517//1517
f 1517//1517 1519//1519 1517//1517
f 1517//1517 1519//1519 1524//1524
f 1519//1519 1522//1522 1524//1524
f 1524//1524 1522//1522 1522//1522
f 1522//1522 1525//1525 1522//1522
f 1522//1522 1525//1525 1525//1525
f 1525//1525 1526//1526 1525//1525
f 1525//1525 1526//1526 1527//1527
f 1526//1526 1528//1528 1527//1527
f 1527//1527 1528//1528 1528//1528
f 1528//1528 1529//1529 1528//1528
f 1528//1528 1529//1529 1529//1529
f 1529//1529 1530//1530 1529//1529
f 1529//1529 1530//1530 1531//1531
f 1530//1530 1532//1532 1531//1531
f 1531//1531 1532//1532 1533//1533
f 1532//1532 1534//1534 1533//1533
f 1533//1533 1534//1534 1534//1534
f 1534//1534 1535//1535 1534//1534
f 1534//1534 1535//1535 1535//1535
f 1535//1535 1536//1536 1535//1535
f 1535//1535 1536//1536 1537//1537
f 1536//1536 1538//1538 1537//1537
f 1537//1537 1538//1538 1539//1539
f 1538//1538 1540//1540 1539//1539
f 1539//1539 1540//1540 1540//1540
f 1540//1540 1541//1541 1540//1540
f 1540//1540 1541//1541 1541//1541
f 1541//1541 1542//1542 1541//1541
f 1541//1541 1542//1542 1543//1543
f 1542//1542 1544//1544 1543//1543
f 1543//1543 1544//1544 1544//1544
f 1544//1544 1545//1545 1544//1544
f 1544//1544 1545//1545 1545//1545
f 1545//1545 1546//1546 1545//1545
f 1545//1545 1546//1546 1547//1547
f 1546//1546 1548//1548 1547//1547
f 1547//1547 1548//1548 1549//1549
f 1548//1548 1550//1550 1549//1549
f 1549//1549 1550//1550 1550//1550
f 1550//1550 1551//1551 1550//1550
f 1550//1550 1551//1551 1551//1551
f 1551//1551 1552//1552 1551//1551
f 1551//1551 1552//1552 1553//1553
f 1552//1552 1554//1554 1553//1553
f 1553//1553 1554//1554 1555//1555
f 1554//1554 1556//1556 1555//1555
f 1555//1555 1556//1556 1556//1556
f 1556//1556 1557//1557 1556//1556
f 1556//1556 1557//1557 1557//1557
f 1557//1557 1558//1558 1557//1557
f 1557//1557 1558//1558 1559//1559
f 1558//1558 1560//1560 1559//1559
f 1559//1559 1560//1560 1561//1561
f 1560//1560 1562//1562 1561//1561
f 1561//1561 1562//1562 1562//1562
f 1562//1562 1563//1563 1562//1562
f 1562//1562 1563//1563 1563//1563
f 1563//1563 1564//1564 1563//1563
f 1563//1563 1564//1564 1565//1565
f 1564//1564 1566//1566 1565//1565
f 1565//1565 1566//1566 1567//1567
f 1566//1566 1568//1568 1567//1567
f 1567//1567 1568//1568 1568//1568
f 1568//1568 1569//1569 1568//1568
f 1568//1568 1569//1569 1569//1569
f 1569//1569 1570//1570 1569//1569
f 1569//1569 1570//1570 1571//1571
f 1570//1570 1572//1572 1571//1571
f 1571//1571 1572//1572 1573//1573
f 1572//1572 1572//1572 1573//1573
f 1573//1573 1572//1572 1574//1574
f 1572//1572 1575//1575 1574//1574
f 1574//1574 1575//1575 1576//1576
f 1575//1575 1576//1576 1576//1576
f 1576//1576 1576//1576 1570//1570
f 1576//1576 1570//1570 1570//1570
f 1570//1570 1570//1570 1572//1572
f 1570//1570 1577//1577 1572//1572
f 1572//1572 1577//1577 1575//1575
f 1577//1577 1575//1575 1575//1575
f 1575//1575 1575//1575 1578//1578
f 1575//1575 1578//1578 1578//1578
f 1578//1578 1578//1578 1579//1579
f 1578//1578 1580//1580 1579//1579
f 1579//1579 1580//1580 1581//1581
f 1580//1580 1582//1582 1581//1581
f 1581//1581 1582//1582 1581//1581
f 1582//1582 1583//1583 1581//1581
f 1581//1581 1583//1583 1584//1584
f 1583//1583 1585//1585 1584//1584
f 1584//1584 1585//1585 1585//1585
f 1585//1585 1579//1579 1585//1585
f 1585//1585 1579//1579 1579//1579
f 1579//1579 1581//1581 1579//1579
f 1579//1579 1581//1581 1586//1586
f 1581//1581 1584//1584 1586//1586
f 1586//1586 1584//1584 1584//1584
f 1584//1584 1582//1582 1584//1584
f 1584//1584 1582//1582 1582//1582
f 1582//1582 1580//1580 1582//1582
f 1582//1582 1580//1580 1587//1587
f 1580//1580 1588//1588 1587//1587
f 1587//1587 1588//1588 1589//1589
f 1588//1588 1588//1588 1589//1589
f 1589//1589 1588//1588 1590//1590
f 1588//1588 1591//1591 1590//1590
f 1590//1590 1591//1591 1590//1590
f 1591//1591 1592//1592 1590//1590
f 1590//1590 1592//1592 1593//1593
f 1592//1592 1594//1594 1593//1593
f 1593//1593 1594//1594 1593//1593
f 1594//1594 1595//1595 1593//1593
f 1593//1593 1595//1595 1596//1596
f 1595//1595 1597//1597 1596//1596
f 1596//1596 1597//1597 1597//1597
f 1597//1597 1580//1580 1597//1597
f 1597//1597 1580//1580 1580//1580
f 1580//1580 1598//1598 1580//1580
f 1580//1580 1598//1598 1588//1588
f 1598//1598 1591//1591 1588//1588
f 1588//1588 1591//1591 1591//1591
f 1591//1591 1589//1589 1591//1591
f 1591//1591 1589//1589 1589//1589
f 1589//1589 1590//1590 1589//1589
f 1589//1589 1590//1590 1599//1599
f 1590//1590 1593//1593 1599//1599
f 1599//1599 1593//1593 1596//1596
f 1593//1593 1596//1596 1596//1596
f 1596//1596 1596//1596 1594//1594
f 1596//1596 1594//1594 1594//1594
f 1594//1594 1594//1594 1595//1595
f 1594//1594 1600//1600 1595//1595
f 1595//1595 1600//1600 1601//1601
f 1600//1600 1602//1602 1601//1601
f 1601//1601 1602//1602 1602//1602
f 1602//1602 1595//1595 1602//1602
f 1602//1602 1595//1595 1595//1595
f 1595//1595 1601//1601 1595//1595
f 1595//1595 1601//1601 1597//1597
f 1601//1601 1601//1601 1597//1597
f 1597//1597 1601//1601 1603//1603
f 1601//1601 1604//1604 1603//1603
f 1603//1603 1604//1604 1604//1604
f 1604//1604 1605//1605 1604//1604
f 1604//1604 1605//1605 1605//1605
f 1605//1605 1606//1606 1605//1605
f 1605//1605 1606//1606 1607//1607
f 1606//1606 1608//1608 1607//1607
f 1607//1607 1608//1608 1609//1609
f 1608//1608 1608//1608 1609//1609
f 1609//1609 1608//1608 1610//1610
f 1608//1608 1611//1611 1610//1610
f 1610//1610 1611//1611 1610//1610
f 1611//1611 1612//1612 1610//1610
f 1610//1610 1612//1612 1613//1613
f 1612//1612 1614//1614 1613//1613
f 1613//1613 1614//1614 1615//1615
f 1614//1614 1616//1616 1615//1615
f 1615//1615 1616//1616 1617//1617
f 1616//1616 1618//1618 1617//1617
f 1617//1617 1618//1618 1619//1619
f 1618//1618 1620//1620 1619//1619
f 1619//1619 1620//1620 1621//1621
f 1620//1620 1622//1622 1621//1621
f 1621//1621 1622//1622 1623//1623
f 1622//1622 1624//1624 1623//1623
f 1623//1623 1624//1624 1624//1624
f 1624//1624 1606//1606 1624//1624
f 1624//1624 1606//1606 1606//1606
f 1606//1606 1625//1625 1606//1606
f 1606//1606 1625//1625 1608//1608
f 1625//1625 1611//1611 1608//1608
f 1608//1608 1611//1611 1611//1611
f 1611//1611 1621//1621 1611//1611
f 1611//1611 1621//1621 1621//1621
f 1621//1621 1626//1626 1621//1621
f 1621//1621 1626//1626 1619//1619
f 1626//1626 1627//1627 1619//1619
f 1619//1619 1627//1627 1617//1617
f 1627//1627 1628//1628 1617//1617
f 1617//1617 1628//1628 1615//1615
f 1628//1628 1629//1629 1615//1615
f 1615//1615 1629//1629 1613//1613
f 1629//1629 1630//1630 1613//1613
f 1613//1613 1630//1630 1610//1610
f 1630//1630 1631//1631 1610//1610
f 1610//1610 1631//1631 1631//1631
f 1631//1631 1632//1632 1631//1631
f 1631//1631 1632//1632 1632//1632
f 1632//1632 1633//1633 1632//1632
f 1632//1632 1633//1633 1634//1634
f 1633//1633 1633//1633 1634//1634
f 1634//1634 1633//1633 1635//1635
f 1633//1633 1636//1636 1635//1635
f 1635//1635 1636//1636 1637//1637
f 1636//1636 1637//1637 1637//1637
f 1637//1637 1637//1637 1638//1638
f 1637//1637 1638//1638 1638//1638
f 1638//1638 1638//1638 1639//1639
f 1638//1638 1640//1640 1639//1639
f 1639//1639 1640//1640 1641//1641
f 1640//1640 1642//1642 1641//1641
f 1641//1641 1642//1642 1643//1643
f 1642//1642 1644//1644 1643//1643
f 1643//1643 1644//1644 1645//1645
f 1644//1644 1646//1646 1645//1645
f 1645//1645 1646//1646 1645//1645
f 1646//1646 1647//1647 1645//1645
f 1645//1645 1647//1647 1645//1645
f 1647//1647 1648//1648 1645//1645
f 1645//1645 1648//1648 1645//1645
f 1648//1648 1649//1649 1645//1645
f 1645//1645 1649//1649 1643//1643
f 1649//1649 1650//1650 1643//1643
f 1643//1643 1650//1650 1641//1641
f 1650//1650 1651//1651 1641//1641
f 1641//1641 1651//1651 1639//1639
f 1651//1651 1639//1639 1639//1639
f 1639//1639 1639//1639 1646//1646
f 1639//1639 1646//1646 1646//1646
f 1646//1646 1646//1646 1647//1647
f 1646//1646 1652//1652 1647//1647
f 1647//1647 1652//1652 1653//1653
f 1652//1652 1654//1654 1653//1653
f 1653//1653 1654//1654 1655//1655
f 1654//1654 1656//1656 1655//1655
f 1655//1655 1656//1656 1657//1657
f 1656//1656 1658//1658 1657//1657
f 1657//1657 1658//1658 1658//1658
f 1658//1658 1648//1648 1658//1658
f 1658//1658 1648//1648 1648//1648
f 1648//1648 1647//1647 1648//1648
f 1648//1648 1647//1647 1659//1659
f 1647//1647 1653//1653 1659//1659
f 1659//1659 1653//1653 1660//1660
f 1653//1653 1655//1655 1660//1660
f 1660//1660 1655//1655 1661//1661
f 1655//1655 1657//1657 1661//1661
f 1661//1661 1657//1657 1662//1662
f 1657//1657 1663//1663 1662//1662
f 1662//1662 1663//1663 1664//1664
f 1663//1663 1664//1664 1664//1664
f 1664//1664 1664//1664 1658//1658
f 1664//1664 1658//1658 1658//1658
f 1658//1658 1658//1658 1657//1657
f 1658//1658 1663//1663 1657//1657
f 1657//1657 1663//1663 1663//1663
f 1663//1663 1665//1665 1663//1663
f 1663//1663 1665//1665 1665//1665
f 1665//1665 1666//1666 1665//1665
f 1665//1665 1666//1666 1667//1667
f 1666//1666 1668//1668 1667//1667
f 1667//1667 1668//1668 1669//1669
f 1668//1668 1670//1670 1669//1669
f 1669//1669 1670//1670 1671//1671
f 1670//1670 1672//1672 1671//1671
f 1671//1671 1672//1672 1673//1673
f 1672//1672 1674//1674 1673//1673
f 1673//1673 1674//1674 1675//1675
f 1674//1674 1676//1676 1675//1675
f 1675//1675 1676//1676 1677//1677
f 1676//1676 1678//1678 1677//1677
f 1677//1677 1678//1678 1679//1679
f 1678//1678 1678//1678 1679//1679
f 1679//1679 1678//1678 1680//1680
f 1678//1678 1678//1678 1680//1680
f 1680//1680 1678//1678 1681//1681
f 1678//1678 1678//1678 1681//1681
f 1681//1681 1678//1678 1682//1682
f 1678//1678 1676//1676 1682//1682
f 1682//1682 1676//1676 1683//1683
f 1676//1676 1674//1674 1683//1683
f 1683//1683 1674//1674 1684//1684
f 1674//1674 1672//1672 1684//1684
f 1684//1684 1672//1672 1685//1685
f 1672//1672 1670//1670 1685//1685
f 1685//1685 1670//1670 1686//1686
f 1670//1670 1668//1668 1686//1686
f 1686//1686 1668//1668 1687//1687
f 1668//1668 1666//1666 1687//1687
f 1687//1687 1666//1666 1666//1666
f 1666//1666 1687//1687 1666//1666
f 1666//1666 1687//1687 1687//1687
f 1687//1687 1688//1688 1687//1687
f 1687//1687 1688//1688 1686//1686
f 1688//1688 1689//1689 1686//1686
f 1686//1686 1689//1689 1685//1685
f 1689//1689 1690//1690 1685//1685
f 1685//1685 1690//1690 1684//1684
f 1690//1690 1691//1691 1684//1684
f 1684//1684 1691//1691 1683//1683
f 1691//1691 1692//1692 1683//1683
f 1683//1683 1692//1692 1682//1682
f 1692//1692 1693//1693 1682//1682
f 1682//1682 1693//1693 1681//1681
f 1693//1693 1694//1694 1681//1681
f 1681//1681 1694//1694 1681//1681
f 1694//1694 1695//1695 1681//1681
f 1681//1681 1695//1695 1680//1680
f 1695//1695 1695//1695 1680//1680
f 1680//1680 1695//1695 1696//1696
f 1695//1695 1697//1697 1696//1696
f 1696//1696 1697//1697 1698//1698
f 1697//1697 1697//1697 1698//1698
f 1698//1698 1697//1697 1699//1699
f 1697//1697 1700//1700 1699//1699
f 1699//1699 1700//1700 1701//1701
f 1700//1700 1701//1701 1701//1701
f 1701//1701 1701//1701 1700//1700
f 1701//1701 1700//1700 1700//1700
f 1700//1700 1700//1700 1702//1702
f 1700//1700 1697//1697 1702//1702
f 1702//1702 1697//1697 1702//1702
f 1697//1697 1695//1695 1702//1702
f 1702//1702 1695//1695 1694//1694
f 1695//1695 1694//1694 1694//1694
f 1694//1694 1694//1694 1703//1703
f 1694//1694 1703//1703 1703//1703
f 1703//1703 1703//1703 1704//1704
f 1703//1703 1705//1705 1704//1704
f 1704//1704 1705//1705 1706//1706
f 1705//1705 1707//1707 1706//1706
f 1706//1706 1707//1707 1706//1706
f 1707//1707 1708//1708 1706//1706
f 1706//1706 1708//1708 1709//1709
f 1708//1708 1710//1710 1709//1709
f 1709//1709 1710//1710 1711//1711
f 1710//1710 1712//1712 1711//1711
f 1711//1711 1712//1712 1712//1712
f 1712//1712 1704//1704 1712//1712
f 1712//1712 1704//1704 1704//1704
f 1704//1704 1706//1706 1704//1704
f 1704//1704 1706//1706 1713//1713
f 1706//1706 1709//1709 1713//1713
f 1713//1713 1709//1709 1714//1714
f 1709//1709 1711//1711 1714//1714
f 1714//1714 1711//1711 1714//1714
f 1711//1711 1715//1715 1714//1714
f 1714//1714 1715//1715 1716//1716
f 1715//1715 1715//1715 1716//1716
f 1716//1716 1715//1715 1717//1717
f 1715//1715 1718//1718 1717//1717
f 1717//1717 1718//1718 1719//1719
f 1718//1718 1720//1720 1719//1719
f 1719//1719 1720//1720 1721//1721
f 1720//1720 1722//1722 1721//1721
f 1721//1721 1722//1722 1723//1723
f 1722//1722 1724//1724 1723//1723
f 1723//1723 1724//1724 1725//1725
f 1724//1724 1724//1724 1725//1725
f 1725//1725 1724//1724 1726//1726
f 1724//1724 1727//1727 1726//1726
f 1726//1726 1727//1727 1728//1728
f 1727//1727 1729//1729 1728//1728
f 1728//1728 1729//1729 1730//1730
f 1729//1729 1730//1730 1730//1730
f 1730//1730 1730//1730 1731//1731
f 1730//1730 1731//1731 1731//1731
f 1731//1731 1731//1731 1732//1732
f 1731//1731 1713//1713 1732//1732
f 1732//1732 1713//1713 1732//1732
f 1713//1713 1714//1714 1732//1732
f 1732//1732 1714//1714 1716//1716
f 1714//1714 1716//1716 1716//1716
f 1716//1716 1716//1716 1729//1729
f 1716//1716 1729//1729 1729//1729
f 1729//1729 1729//1729 1733//1733
f 1729//1729 1727//1727 1733//1733
f 1733//1733 1727//1727 1734//1734
f 1727//1727 1724//1724 1734//1734
f 1734//1734 1724//1724 1734//1734
f 1724//1724 1722//1722 1734//1734
f 1734//1734 1722//1722 1735//1735
f 1722//1722 1720//1720 1735//1735
f 1735//1735 1720//1720 1736//1736
f 1720//1720 1718//1718 1736//1736
f 1736//1736 1718//1718 1737//1737
f 1718//1718 1715//1715 1737//1737
f 1737//1737 1715//1715 1737//1737
f 1715//1715 1711//1711 1737//1737
f 1737//1737 1711//1711 1737//1737
f 1711//1711 1712//1712 1737//1737
f 1737//1737 1712//1712 1737//1737
f 1712//1712 1738//1738 1737//1737
f 1737//1737 1738//1738 1736//1736
f 1738//1738 1739//1739 1736//1736
f 1736//1736 1739//1739 1735//1735
f 1739//1739 1740//1740 1735//1735
f 1735//1735 1740//1740 1734//1734
f 1740//1740 1733//1733 1734//1734
f 1734//1734 1733//1733 1733//1733
f 1733//1733 1741//1741 1733//1733
f 1733//1733 1741//1741 1741//1741
f 1741//1741 1742//1742 1741//1741
f 1741//1741 1742//1742 1743//1743
f 1742//1742 1744//1744 1743//1743
f 1743//1743 1744//1744 1745//1745
f 1744//1744 1744//1744 1745//1745
f 1745//1745 1744//1744 1746//1746
f 1744//1744 1747//1747 1746//1746
f 1746//1746 1747//1747 1748//1748
f 1747//1747 1749//1749 1748//1748
f 1748//1748 1749//1749 1750//1750
f 1749//1749 1750//1750 1750//1750
f 1750//1750 1750//1750 1742//1742
f 1750//1750 1742//1742 1742//1742
f 1742//1742 1742//1742 1744//1744
f 1742//1742 1751//1751 1744//1744
f 1744//1744 1751//1751 1747//1747
f 1751//1751 1752//1752 1747//1747
f 1747//1747 1752//1752 1749//1749
f 1752//1752 1749//1749 1749//1749
f 1749//1749 1749//1749 1753//1753
f 1749//1749 1753//1753 1753//1753
f 1753//1753 1753//1753 1754//1754
f 1753//1753 1755//1755 1754//1754
f 1754//1754 1755//1755 1756//1756
f 1755//1755 1757//1757 1756//1756
f 1756//1756 1757//1757 1758//1758
f 1757//1757 1759//1759 1758//1758
f 1758//1758 1759//1759 1760//1760
f 1759//1759 1761//1761 1760//1760
f 1760//1760 1761//1761 1761//1761
f 1761//1761 1754//1754 1761//1761
f 1761//1761 1754//1754 1754//1754
f 1754//1754 1756//1756 1754//1754
f 1754//1754 1756//1756 1762//1762
f 1756//1756 1756//1756 1762//1762
f 1762//1762 1756//1756 1763//1763
f 1756//1756 1758//1758 1763//1763
f 1763//1763 1758//1758 1764//1764
f 1758//1758 1760//1760 1764//1764
f 1764//1764 1760//1760 1765//1765
f 1760//1760 1766//1766 1765//1765
f 1765//1765 1766//1766 1767//1767
f 1766//1766 1768//1768 1767//1767
f 1767//1767 1768//1768 1769//1769
f 1768//1768 1769//1769 1769//1769
f 1769//1769 1769//1769 1760//1760
f 1769//1769 1760//1760 1760//1760
f 1760//1760 1760//1760 1766//1766
f 1760//1760 1761//1761 1766//1766
f 1766//1766 1761//1761 1766//1766
f 1761//1761 1770//1770 1766//1766
f 1766//1766 1770//1770 1768//1768
f 1770//1770 1768//1768 1768//1768
f 1768//1768 1768//1768 1771//1771
f 1768//1768 1771//1771 1771//1771
f 1771//1771 1771//1771 1772//1772
f 1771//1771 1773//1773 1772//1772
f 1772//1772 1773//1773 1774//1774
f 1773//1773 1775//1775 1774//1774
f 1774//1774 1775//1775 1774//1774
f 1775//1775 1776//1776 1774//1774
f 1774//1774 1776//1776 1777//1777
f 1776//1776 1778//1778 1777//1777
f 1777//1777 1778//1778 1778//1778
f 1778//1778 1772//1772 1778//1778
f 1778//1778 1772//1772 1772//1772
f 1772//1772 1774//1774 1772//1772
f 1772//1772 1774//1774 1779//1779
f 1774//1774 1777//1777 1779//1779
f 1779//1779 1777//1777 1777//1777
f 1777//1777 1780//1780 1777//1777
f 1777//1777 1780//1780 1780//1780
f 1780//1780 1781//1781 1780//1780
f 1780//1780 1781//1781 1782//1782
f 1781//1781 1783//1783 1782//1782
f 1782//1782 1783//1783 1783//1783
f 1783//1783 1784//1784 1783//1783
f 1783//1783 1784//1784 1784//1784
f 1784//1784 1785//1785 1784//1784
f 1784//1784 1785//1785 1786//1786
f 1785//1785 1785//1785 1786//1786
f 1786//1786 1785//1785 1787//1787
f 1785//1785 1788//1788 1787//1787
f 1787//1787 1788//1788 1789//1789
f 1788//1788 1789//1789 1789//1789
f 1789//1789 1789//1789 1790//1790
f 1789//1789 1790//1790 1790//1790
f 1790//1790 1790//1790 1791//1791
f 1790//1790 1792//1792 1791//1791
f 1791//1791 1792//1792 1793//1793
f 1792//1792 1794//1794 1793//1793
f 1793//1793 1794//1794 1795//1795
f 1794//1794 1795//1795 1795//1795
f 1795//1795 1795//1795 1796//1796
f 1795//1795 1796//1796 1796//1796
f 1796//1796 1796//1796 1797//1797
f 1796//1796 1798//1798 1797//1797
f 1797//1797 1798//1798 1799//1799
f 1801//1801 1802//1802 1803//1803
f 1802//1802 1802//1802 1803//1803
f 1803//1803 1802//1802 1804//1804
f 1802//1802 1805//1805 1804//1804
f 1804//1804 1805//1805 1806//1806
f 1805//1805 1807//1807 1806//1806
f 1806//1806 1807//1807 1808//1808
f 1807//1807 1809//1809 1808//1808
f 1808//1808 1809//1809 1810//1810
f 1809//1809 1811//1811 1810//1810
f 1810//1810 1811//1811 1812//1812
f 1811//1811 1813//1813 1812//1812
f 1812//1812 1813//1813 1814//1814
f 1813//1813 1815//1815 1814//1814
f 1814//1814 1815//1815 1816//1816
f 1815//1815 1817//1817 1816//1816
f 1816//1816 1817//1817 1818//1818
f 1817//1817 1819//1819 1818//1818
f 1818//1818 1819//1819 1820//1820
f 1819//1819 1821//1821 1820//1820
f 1820//1820 1821//1821 1822//1822
f 1821//1821 1823//1823 1822//1822
f 1822//1822 1823//1823 1824//1824
f 1823//1823 1825//1825 1824//1824
f 1824//1824 1825//1825 1826//1826
f 1825//1825 1827//1827 1826//1826
f 1826//1826 1827//1827 1828//1828
f 1827//1827 1829//1829 1828//1828
f 1828//1828 1829//1829 1830//1830
f 1829//1829 1831//1831 1830//1830
f 1830//1830 1831//1831 1832//1832
f 1831//1831 1833//1833 1832//1832
f 1832//1832 1833//1833 1834//1834
f 1833//1833 1835//1835 1834//1834
f 1834//1834 1835//1835 1836//1836
f 1835//1835 1837//1837 1836//1836
f 1836//1836 1837//1837 1838//1838
f 1837//1837 1839//1839 1838//1838
f 1838//1838 1839//1839 1840//1840
f 1839//1839 1841//1841 1840//1840
f 1840//1840 1841//1841 1842//1842
f 1841//1841 1843//1843 1842//1842
f 1842//1842 1843//1843 1844//1844
f 1843//1843 1845//1845 1844//1844
f 1844//1844 1845//1845 1846//1846
f 1845//1845 1847//1847 1846//1846
f 1846//1846 1847//1847 1848//1848
f 1847//1847 1849//1849 1848//1848
f 1848//1848 1849//1849 1850//1850
f 1849//1849 1851//1851 1850//1850
f 1850//1850 1851//1851 1852//1852
f 1851//1851 1853//1853 1852//1852
f 1852//1852 1853//1853 1854//1854
f 1853//1853 1855//1855 1854//1854
f 1854//1854 1855//1855 1856//1856
f 1855//1855 1857//1857 1856//1856
f 1856//1856 1857//1857 1858//1858
f 1857//1857 1859//1859 1858//1858
f 1858//1858 1859//1859 1860//1860
f 1859//1859 1861//1861 1860//1860
f 1860//1860 1861//1861 1862//1862
f 1861//1861 1863//1863 1862//1862
f 1862//1862 1863//1863 1864//1864
f 1863//1863 1865//1865 1864//1864
f 1864//1864 1865//1865 1866//1866
f 1865//1865 1866//1866 1866//1866
f 1866//1866 1866//1866 1867//1867
f 1866//1866 1867//1867 1867//1867
f 1867//1867 1867//1867 1868//1868
f 1867//1867 1869//1869 1868//1868
f 1868//1868 1869//1869 1870//1870
f 1869//1869 1871//1871 1870//1870
f 1870//1870 1871//1871 1872//1872
f 1871//1871 1873//1873 1872//1872
f 1872//1872 1873//1873 1874//1874
f 1873//1873 1875//1875 1874//1874
f 1874//1874 1875//1875 1876//1876
f 1875//1875 1877//1877 1876//1876
f 1876//1876 1877//1877 1878//1878
f 1877//1877 1879//1879 1878//1878
f 1878//1878 1879//1879 1880//1880
f 1879//1879 1881//1881 1880//1880
f 1880//1880 1881//1881 1882//1882
f 1881//1881 1883//1883 1882//1882
f 1882//1882 1883//1883 1884//1884
f 1883//1883 1885//1885 1884//1884
f 1884//1884 1885//1885 1886//1886
f 1885//1885 1887//1887 1886//1886
f 1886//1886 1887//1887 1888//1888
f 1887//1887 1889//1889 1888//1888
f 1888//1888 1889//1889 1890//1890
f 1889//1889 1891//1891 1890//1890
f 1890//1890 1891//1891 1892//1892
f 1891//1891 1893//1893 1892//1892
f 1892//1892 1893//1893 1894//1894
f 1893//1893 1895//1895 1894//1894
f 1894//1894 1895//1895 1896//1896
f 1895//1895 1897//1897 1896//1896
f 1896//1896 1897//1897 1898//1898
f 1897//1897 1899//1899 1898//1898
f 1898//1898 1899//1899 1900//1900
f 1899//1899 1901//1901 1900//1900
f 1900//1900 1901//1901 1902//1902
f 1901//1901 1903//1903 1902//1902
f 1902//1902 1903//1903 1904//1904
f 1903//1903 1905//1905 1904//1904
f 1904//1904 1905//1905 1906//1906
f 1905//1905 1907//1907 1906//1906
f 1906//1906 1907//1907 1908//1908
f 1907//1907 1909//1909 1908//1908
f 1908//1908 1909//1909 1910//1910
f 1909//1909 1911//1911 1910//1910
f 1910//1910 1911//1911 1912//1912
f 1911//1911 1913//1913 1912//1912
f 1912//1912 1913//1913 1914//1914
f 1913//1913 1915//1915 1914//1914
f 1914//1914 1915//1915 1916//1916
f 1915//1915 1917//1917 1916//1916
f 1916//1916 1917//1917 1918//1918
f 1917//1917 1919//1919 1918//1918
f 1918//1918 1919//1919 1920//1920
f 1919//1919 1921//1921 1920//1920
f 1920//1920 1921//1921 1922//1922
f 1921//1921 1923//1923 1922//1922
f 1922//1922 1923//1923 1924//1924
f 1923//1923 1925//1925 1924//1924
f 1924//1924 1925//1925 1926//1926
f 1925//1925 1927//1927 1926//1926
f 1926//1926 1927//1927 1928//1928
f 1927//1927 1929//1929 1928//1928
f 1928//1928 1929//1929 1930//1930
f 1929//1929 1931//1931 1930//1930
f 1930//1930 1931//1931 1932//1932
