o v2_dark
v -0.4455782473087311 -10.552909851074219 0.6667672395706177
v -0.5671070218086243 -10.552909851074219 0.5670932531356812
v 0.00009524999768473208 -8.235003471374512 0.00009524999768473208
v -0.3068925142288208 -10.552909851074219 0.740909993648529
v 0.00009524999768473208 -8.235003471374512 0.00009524999768473208
v -0.15636025369167328 -10.552909851074219 0.7864577770233154
v 0.00009524999768473208 -8.235003471374512 0.00009524999768473208
v 0.00009524999768473208 -10.552909851074219 0.80198073387146
v 0.00009524999768473208 -8.235003471374512 0.00009524999768473208
v 0.15634649991989136 -10.552909851074219 0.7864577770233154
v 0.00009524999768473208 -8.235003471374512 0.00009524999768473208
v 0.3068787455558777 -10.552909851074219 0.740909993648529
v 0.00009524999768473208 -8.235003471374512 0.00009524999768473208
v 0.44556450843811035 -10.552909851074219 0.6667672395706177
v 0.00009524999768473208 -8.235003471374512 0.00009524999768473208
v 0.5670932531356812 -10.552909851074219 0.5670932531356812
v 0.00009524999768473208 -8.235003471374512 0.00009524999768473208
v 0.6667672395706177 -10.552909851074219 0.44556450843811035
v 0.00009524999768473208 -8.235003471374512 0.00009524999768473208
v 0.740909993648529 -10.552909851074219 0.3068787455558777
v 0.00009524999768473208 -8.235003471374512 0.00009524999768473208
v 0.7864577770233154 -10.552909851074219 0.15634649991989136
v 0.00009524999768473208 -8.235003471374512 0.00009524999768473208
v 0.80198073387146 -10.552909851074219 0.00009524999768473208
v 0.00009524999768473208 -8.235003471374512 0.00009524999768473208
v 0.7864577770233154 -10.552909851074219 -0.15636025369167328
v 0.00009524999768473208 -8.235003471374512 0.00009524999768473208
v 0.740909993648529 -10.552909851074219 -0.3068925142288208
v 0.00009524999768473208 -8.235003471374512 0.00009524999768473208
v 0.6667672395706177 -10.552909851074219 -0.4455782473087311
v 0.00009524999768473208 -8.235003471374512 0.00009524999768473208
v 0.5670932531356812 -10.552909851074219 -0.5671070218086243
v 0.00009524999768473208 -8.235003471374512 0.00009524999768473208
v 0.44556450843811035 -10.552909851074219 -0.6667810082435608
v 0.00009524999768473208 -8.235003471374512 0.00009524999768473208
v 0.3068787455558777 -10.552909851074219 -0.7409237623214722
v 0.00009524999768473208 -8.235003471374512 0.00009524999768473208
v 0.15634649991989136 -10.552909851074219 -0.7864714860916138
v 0.00009524999768473208 -8.235003471374512 0.00009524999768473208
v 0.00009524999768473208 -10.552909851074219 -0.8019945025444031
v 0.00009524999768473208 -8.235003471374512 0.00009524999768473208
v -0.15636025369167328 -10.552909851074219 -0.7864714860916138
v 0.00009524999768473208 -8.235003471374512 0.00009524999768473208
v -0.3068925142288208 -10.552909851074219 -0.7409237623214722
v 0.00009524999768473208 -8.235003471374512 0.00009524999768473208
v -0.4455782473087311 -10.552909851074219 -0.6667810082435608
v 0.00009524999768473208 -8.235003471374512 0.00009524999768473208
v -0.5671070218086243 -10.552909851074219 -0.5671070218086243
v 0.00009524999768473208 -8.235003471374512 0.00009524999768473208
v -0.6667810082435608 -10.552909851074219 -0.4455782473087311
v 0.00009524999768473208 -8.235003471374512 0.00009524999768473208
v -0.7409237623214722 -10.552909851074219 -0.3068925142288208
v 0.00009524999768473208 -8.235003471374512 0.00009524999768473208
v -0.7864714860916138 -10.552909851074219 -0.15636025369167328
v 0.00009524999768473208 -8.235003471374512 0.00009524999768473208
v -0.8019945025444031 -10.552909851074219 0.00009524999768473208
v 0.00009524999768473208 -8.235003471374512 0.00009524999768473208
v -0.7864714860916138 -10.552909851074219 0.15634649991989136
v 0.00009524999768473208 -8.235003471374512 0.00009524999768473208
v -0.7409237623214722 -10.552909851074219 0.3068787455558777
v 0.00009524999768473208 -8.235003471374512 0.00009524999768473208
v -0.6667810082435608 -10.552909851074219 0.44556450843811035
v 0.00009524999768473208 -8.235003471374512 0.00009524999768473208
v 0.00009524999768473208 -8.235003471374512 0.00009524999768473208
v 0.00009524999768473208 -8.551009178161621 -1.3912557363510132
v -0.27135300636291504 -8.551009178161621 -1.3644989728927612
v 0.00009524999768473208 -6.335804462432861 -1.5638469457626343
v -0.305054247379303 -6.335804462432861 -1.5338222980499268
v -0.5323845148086548 -8.551009178161621 -1.285249948501587
v -0.5985615253448486 -6.335804462432861 -1.444769263267517
v -0.7729910016059875 -8.551009178161621 -1.156776785850525
v -0.8687842488288879 -6.335804462432861 -1.3003644943237305
v -0.9837769865989685 -8.551009178161621 -0.9837769865989685
v -1.105918526649475 -6.335804462432861 -1.105918526649475
v -1.156776785850525 -8.551009178161621 -0.7729910016059875
v -1.3003644943237305 -6.335804462432861 -0.8687842488288879
v -1.285249948501587 -8.551009178161621 -0.5323845148086548
v -1.444769263267517 -6.335804462432861 -0.5985615253448486
v -1.3644989728927612 -8.551009178161621 -0.27135300636291504
v -1.5338222980499268 -6.335804462432861 -0.305054247379303
v -1.3912557363510132 -8.551009178161621 0.00009524999768473208
v -1.5638469457626343 -6.335804462432861 0.00009524999768473208
v -1.0664982795715332 -10.552909851074219 0.00009524999768473208
v -1.0460731983184814 -10.552909851074219 0.20802174508571625
v -1.3644989728927612 -8.551009178161621 0.2713392376899719
v -0.9854109883308411 -10.552909851074219 0.40818676352500916
v -1.285249948501587 -8.551009178161621 0.5323707461357117
v -0.8867582678794861 -10.552909851074219 0.5926244854927063
v -1.156776785850525 -8.551009178161621 0.7729772329330444
v -0.7541999816894531 -10.552909851074219 0.7541862726211548
v -0.9837769865989685 -8.551009178161621 0.9837632775306702
v -0.5926382541656494 -10.552909851074219 0.886744499206543
v -0.7729910016059875 -8.551009178161621 1.156762957572937
v -0.4082005023956299 -10.552909851074219 0.9853972792625427
v -0.5323845148086548 -8.551009178161621 1.2852362394332886
v -0.20803549885749817 -10.552909851074219 1.046059489250183
v -0.27135300636291504 -8.551009178161621 1.364485263824463
v 0.00009524999768473208 -10.552909851074219 1.0664844512939453
v 0.00009524999768473208 -8.551009178161621 1.3912420272827148
v 0.20802174508571625 -10.552909851074219 1.046059489250183
v 0.2713392376899719 -8.551009178161621 1.364485263824463
v 0.40818676352500916 -10.552909851074219 0.9853972792625427
v 0.5323707461357117 -8.551009178161621 1.2852362394332886
v 0.5926244854927063 -10.552909851074219 0.886744499206543
v 0.7729772329330444 -8.551009178161621 1.156762957572937
v 0.7541862726211548 -10.552909851074219 0.7541862726211548
v 0.9837632775306702 -8.551009178161621 0.9837632775306702
v 0.886744499206543 -10.552909851074219 0.5926244854927063
v 1.156762957572937 -8.551009178161621 0.7729772329330444
v 0.9853972792625427 -10.552909851074219 0.40818676352500916
v 1.2852362394332886 -8.551009178161621 0.5323707461357117
v 1.046059489250183 -10.552909851074219 0.20802174508571625
v 1.364485263824463 -8.551009178161621 0.2713392376899719
v 1.0664844512939453 -10.552909851074219 0.00009524999768473208
v 1.3912420272827148 -8.551009178161621 0.00009524999768473208
v 1.563833236694336 -6.335804462432861 0.00009524999768473208
v 1.364485263824463 -8.551009178161621 -0.27135300636291504
v 1.5338084697723389 -6.335804462432861 -0.305054247379303
v 1.2852362394332886 -8.551009178161621 -0.5323845148086548
v 1.4447555541992188 -6.335804462432861 -0.5985615253448486
v 1.156762957572937 -8.551009178161621 -0.7729910016059875
v 1.3003507852554321 -6.335804462432861 -0.8687842488288879
v 0.9837632775306702 -8.551009178161621 -0.9837769865989685
v 1.1059046983718872 -6.335804462432861 -1.105918526649475
v 0.7729772329330444 -8.551009178161621 -1.156776785850525
v 0.8687704801559448 -6.335804462432861 -1.3003644943237305
v 0.5323707461357117 -8.551009178161621 -1.285249948501587
v 0.5985477566719055 -6.335804462432861 -1.444769263267517
v 0.2713392376899719 -8.551009178161621 -1.3644989728927612
v 0.30504050850868225 -6.335804462432861 -1.5338222980499268
v 0.00009524999768473208 -8.551009178161621 -1.3912557363510132
v 0.00009524999768473208 -6.335804462432861 -1.5638469457626343
v 1.650026798248291 -3.4664664268493652 0.00009524999768473208
v 1.650026798248291 -5.07098913192749 0.00009524999768473208
v 1.6183680295944214 -3.4664664268493652 0.32199326157569885
v 1.6183680295944214 -5.07098913192749 0.32199326157569885
v 1.524412989616394 -3.4664664268493652 0.6314319968223572
v 1.524412989616394 -5.07098913192749 0.6314319968223572
v 1.5338084697723389 -6.335804462432861 0.30504050850868225
v 1.4447555541992188 -6.335804462432861 0.5985477566719055
v 1.3718382120132446 -5.07098913192749 0.91676926612854
v 1.3003507852554321 -6.335804462432861 0.8687704801559448
v 1.1667712926864624 -5.07098913192749 1.1667712926864624
v 1.1059046983718872 -6.335804462432861 1.1059046983718872
v 0.91676926612854 -5.07098913192749 1.3718382120132446
v 0.8687704801559448 -6.335804462432861 1.3003507852554321
v 1.3718382120132446 -3.4664664268493652 0.91676926612854
v 1.1667712926864624 -3.4664664268493652 1.1667712926864624
v 0.91676926612854 -3.4664664268493652 1.3718382120132446
v 0.6314319968223572 -3.4664664268493652 1.524412989616394
v 0.6314319968223572 -5.07098913192749 1.524412989616394
v 0.32199326157569885 -3.4664664268493652 1.6183680295944214
v 0.32199326157569885 -5.07098913192749 1.6183680295944214
v 0.00009524999768473208 -3.4664664268493652 1.650026798248291
v 0.00009524999768473208 -5.07098913192749 1.650026798248291
v 0.30504050850868225 -6.335804462432861 1.5338084697723389
v 0.00009524999768473208 -6.335804462432861 1.563833236694336
v -0.3218027353286743 -5.07098913192749 1.6183680295944214
v -0.305054247379303 -6.335804462432861 1.5338084697723389
v 0.5985477566719055 -6.335804462432861 1.4447555541992188
v -0.3218027353286743 -3.4664664268493652 1.6183680295944214
v -0.6314457654953003 -3.4664664268493652 1.524412989616394
v -0.6314457654953003 -5.07098913192749 1.524412989616394
v -0.9167829751968384 -3.4664664268493652 1.3718382120132446
v -0.9167829751968384 -5.07098913192749 1.3718382120132446
v -1.1667850017547607 -3.4664664268493652 1.1667712926864624
v -1.1667850017547607 -5.07098913192749 1.1667712926864624
v -0.8687842488288879 -6.335804462432861 1.3003507852554321
v -1.105918526649475 -6.335804462432861 1.1059046983718872
v -1.3718520402908325 -5.07098913192749 0.91676926612854
v -1.3003644943237305 -6.335804462432861 0.8687704801559448
v -0.5985615253448486 -6.335804462432861 1.4447555541992188
v -1.3718520402908325 -3.4664664268493652 0.91676926612854
v -1.5244266986846924 -3.4664664268493652 0.6314319968223572
v -1.5244266986846924 -5.07098913192749 0.6314319968223572
v -1.6183817386627197 -3.4664664268493652 0.32199326157569885
v -1.6183817386627197 -5.07098913192749 0.32199326157569885
v -1.6500405073165894 -3.4664664268493652 0.00009524999768473208
v -1.6500405073165894 -5.07098913192749 0.00009524999768473208
v -1.5338222980499268 -6.335804462432861 0.30504050850868225
v -1.444769263267517 -6.335804462432861 0.5985477566719055
v 0.00009524999768473208 1.2728395462036133 -1.6500405073165894
v 0.00009524999768473208 3.8182711601257324 -1.6500405073165894
v -0.3218027353286743 1.2728395462036133 -1.6183817386627197
v -0.3218027353286743 3.8182711601257324 -1.6183817386627197
v -0.6314457654953003 1.2728395462036133 -1.5244266986846924
v -0.6314457654953003 3.8182711601257324 -1.5244266986846924
v -0.9167829751968384 1.2728395462036133 -1.3718520402908325
v -0.9167829751968384 3.8182711601257324 -1.3718520402908325
v -1.1667850017547607 1.2728395462036133 -1.1667850017547607
v -1.1667850017547607 3.8182711601257324 -1.1667850017547607
v -1.3718520402908325 1.2728395462036133 -0.9167829751968384
v -1.3718520402908325 3.8182711601257324 -0.9167829751968384
v -1.5244266986846924 1.2728395462036133 -0.6314457654953003
v -1.5244266986846924 3.8182711601257324 -0.6314457654953003
v -1.6183817386627197 1.2728395462036133 -0.3218027353286743
v -1.6183817386627197 3.8182711601257324 -0.3218027353286743
v -1.6500405073165894 1.2728395462036133 0.00009524999768473208
v -1.6500405073165894 3.8182711601257324 0.00009524999768473208
v -1.4815342426300049 6.363702774047852 -0.2946375012397766
v -1.510741949081421 6.363702774047852 0.00009524999768473208
v -1.3359040021896362 7.737540245056152 -0.26583823561668396
v -1.3620480298995972 7.737540245056152 0.00009524999768473208
v 0.00009524999768473208 6.363702774047852 -1.510741949081421
v -1.2584933042526245 7.737540245056152 -0.5213549733161926
v -1.3957492113113403 6.363702774047852 -0.5781365036964417
v -1.132470965385437 7.737540245056152 -0.756650984287262
v -1.256042242050171 6.363702774047852 -0.8393722772598267
v -0.963147759437561 7.737540245056152 -0.963147759437561
v -1.0681322813034058 6.363702774047852 -1.0681322813034058
v -0.8393722772598267 6.363702774047852 -1.256042242050171
v -0.756650984287262 7.737540245056152 -1.132470965385437
v -0.5213549733161926 7.737540245056152 -1.2584933042526245
v -0.5781365036964417 6.363702774047852 -1.3957492113113403
v -0.2946375012397766 6.363702774047852 -1.4815342426300049
v 0.00009524999768473208 7.737540245056152 -1.3620480298995972
v -0.2656340003013611 7.737540245056152 -1.3359040021896362
v 0.00009524999768473208 7.79284143447876 -1.3540822267532349
v 0.00009524999768473208 8.909133911132812 -1.1974225044250488
v -0.2642042636871338 7.79284143447876 -1.328142523765564
v -0.2335667461156845 8.909133911132812 -1.174546480178833
v -0.5180870294570923 7.79284143447876 -1.2509360313415527
v -0.4582417607307434 8.909133911132812 -1.1063270568847656
v -0.7523617744445801 7.79284143447876 -1.1259349584579468
v -0.6653512716293335 8.909133911132812 -0.9956235289573669
v -0.9574287533760071 7.79284143447876 -0.9574287533760071
v -0.8467252254486084 8.909133911132812 -0.8467252254486084
v -0.5252357721328735 10.181849479675293 -0.786063015460968
v -0.3618357479572296 10.181849479675293 -0.8732777237892151
v -0.18434250354766846 10.181849479675293 -0.9271997213363647
v 0.00009524999768473208 10.181849479675293 -0.9453780055046082
v -1.1259349584579468 7.79284143447876 -0.7523617744445801
v -0.9956235289573669 8.909133911132812 -0.6653512716293335
v -1.2509360313415527 7.79284143447876 -0.5180870294570923
v -1.1063270568847656 8.909133911132812 -0.4582417607307434
v -1.328142523765564 7.79284143447876 -0.2642042636871338
v -1.174546480178833 8.909133911132812 -0.2335667461156845
v -1.3540822267532349 7.79284143447876 0.00009524999768473208
v -0.6684150099754333 10.181849479675293 -0.6684150099754333
v -0.786063015460968 10.181849479675293 -0.5252357721328735
v -0.8732777237892151 10.181849479675293 -0.3618357479572296
v -0.9271997213363647 10.181849479675293 -0.18434250354766846
v -1.1974225044250488 8.909133911132812 0.00009524999768473208
v -0.9453780055046082 10.181849479675293 0.00009524999768473208
v -1.6500405073165894 -3.4356558322906494 0.00009524999768473208
v -1.6183817386627197 -3.4356558322906494 0.32199326157569885
v -1.6500405073165894 -1.2646918296813965 0.00009524999768473208
v -1.6183817386627197 -1.2646918296813965 0.32199326157569885
v -1.6183817386627197 1.2728395462036133 0.32199326157569885
v -1.5244266986846924 -1.2646918296813965 0.6314319968223572
v -1.5244266986846924 1.2728395462036133 0.6314319968223572
v -1.3718520402908325 -1.2646918296813965 0.91676926612854
v -1.3718520402908325 1.2728395462036133 0.91676926612854
v -1.1667850017547607 -1.2646918296813965 1.1667712926864624
v -1.1667850017547607 -3.4356558322906494 1.1667712926864624
v -0.9167829751968384 -3.4356558322906494 1.3718382120132446
v -0.9167829751968384 -1.2646918296813965 1.3718382120132446
v -1.1667850017547607 1.2728395462036133 1.1667712926864624
v -1.5244266986846924 -3.4356558322906494 0.6314319968223572
v -1.3718520402908325 -3.4356558322906494 0.91676926612854
v -0.6314457654953003 -3.4356558322906494 1.524412989616394
v -0.6314457654953003 -1.2646918296813965 1.524412989616394
v -0.9167829751968384 1.2728395462036133 1.3718382120132446
v -0.6314457654953003 1.2728395462036133 1.524412989616394
v -0.3218027353286743 -1.2646918296813965 1.6183680295944214
v -0.3218027353286743 1.2728395462036133 1.6183680295944214
v 0.00009524999768473208 -1.2646918296813965 1.650026798248291
v 0.00009524999768473208 1.2728395462036133 1.650026798248291
v -0.3218027353286743 -3.4356558322906494 1.6183680295944214
v 0.00009524999768473208 -3.4356558322906494 1.650026798248291
v 0.32199326157569885 -3.4356558322906494 1.6183680295944214
v 0.32199326157569885 -1.2646918296813965 1.6183680295944214
v 0.6314319968223572 -3.4356558322906494 1.524412989616394
v 0.6314319968223572 -1.2646918296813965 1.524412989616394
v 0.91676926612854 -3.4356558322906494 1.3718382120132446
v 0.91676926612854 -1.2646918296813965 1.3718382120132446
v 1.1667712926864624 -3.4356558322906494 1.1667712926864624
v 1.1667712926864624 -1.2646918296813965 1.1667712926864624
v 0.91676926612854 1.2728395462036133 1.3718382120132446
v 0.6314319968223572 1.2728395462036133 1.524412989616394
v 0.32199326157569885 1.2728395462036133 1.6183680295944214
v 1.3718382120132446 -3.4356558322906494 0.91676926612854
v 1.3718382120132446 -1.2646918296813965 0.91676926612854
v 1.524412989616394 -3.4356558322906494 0.6314319968223572
v 1.524412989616394 -1.2646918296813965 0.6314319968223572
v 1.6183680295944214 -3.4356558322906494 0.32199326157569885
v 1.6183680295944214 -1.2646918296813965 0.32199326157569885
v 1.650026798248291 -3.4356558322906494 0.00009524999768473208
v 1.1667712926864624 1.2728395462036133 1.1667712926864624
v 1.3718382120132446 1.2728395462036133 0.91676926612854
v 1.524412989616394 1.2728395462036133 0.6314319968223572
v 1.6183680295944214 1.2728395462036133 0.32199326157569885
v 1.650026798248291 -1.2646918296813965 0.00009524999768473208
v 1.650026798248291 1.2728395462036133 0.00009524999768473208
v 1.6183680295944214 1.2728395462036133 -0.3218027353286743
v 1.650026798248291 3.8182711601257324 0.00009524999768473208
v 1.6183680295944214 3.8182711601257324 -0.3218027353286743
v 1.5107282400131226 6.363702774047852 0.00009524999768473208
v 1.524412989616394 1.2728395462036133 -0.6314457654953003
v 1.524412989616394 3.8182711601257324 -0.6314457654953003
v 1.3718382120132446 1.2728395462036133 -0.9167829751968384
v 1.3718382120132446 3.8182711601257324 -0.9167829751968384
v 1.1667712926864624 1.2728395462036133 -1.1667850017547607
v 1.1667712926864624 3.8182711601257324 -1.1667850017547607
v 0.91676926612854 1.2728395462036133 -1.3718520402908325
v 0.91676926612854 3.8182711601257324 -1.3718520402908325
v 0.6314319968223572 1.2728395462036133 -1.5244266986846924
v 0.6314319968223572 3.8182711601257324 -1.5244266986846924
v 0.32199326157569885 1.2728395462036133 -1.6183817386627197
v 0.32199326157569885 3.8182711601257324 -1.6183817386627197
v 0.00009524999768473208 1.2728395462036133 -1.6500405073165894
v 0.00009524999768473208 3.8182711601257324 -1.6500405073165894
v 0.2946237623691559 6.363702774047852 -1.4815342426300049
v 0.00009524999768473208 6.363702774047852 -1.510741949081421
v 0.26582449674606323 7.737540245056152 -1.3359040021896362
v 0.00009524999768473208 7.737540245056152 -1.3620480298995972
v 0.5213412642478943 7.737540245056152 -1.2584933042526245
v 0.5781227350234985 6.363702774047852 -1.3957492113113403
v 0.8393585085868835 6.363702774047852 -1.256042242050171
v 1.0681184530258179 6.363702774047852 -1.0681322813034058
v 1.2560285329818726 6.363702774047852 -0.8393722772598267
v 0.7566372752189636 7.737540245056152 -1.132470965385437
v 0.9631339907646179 7.737540245056152 -0.963147759437561
v 1.1324572563171387 7.737540245056152 -0.756650984287262
v 1.2584794759750366 7.737540245056152 -0.5213549733161926
v 1.395735502243042 6.363702774047852 -0.5781365036964417
v 1.4815205335617065 6.363702774047852 -0.2946375012397766
v 1.3620342016220093 7.737540245056152 0.00009524999768473208
v 1.335890293121338 7.737540245056152 -0.2656340003013611
v 1.3540685176849365 7.79284143447876 0.00009524999768473208
v 1.1974087953567505 8.909133911132812 0.00009524999768473208
v 1.328128695487976 7.79284143447876 -0.2642042636871338
v 1.1745327711105347 8.909133911132812 -0.2335667461156845
v 1.2509222030639648 7.79284143447876 -0.5180870294570923
v 1.1063132286071777 8.909133911132812 -0.4582417607307434
v 1.1259212493896484 7.79284143447876 -0.7523617744445801
v 0.9956097602844238 8.909133911132812 -0.6653512716293335
v 0.957414984703064 7.79284143447876 -0.9574287533760071
v 0.8467115163803101 8.909133911132812 -0.8467252254486084
v 0.7860492467880249 10.181849479675293 -0.5252357721328735
v 0.8732640147209167 10.181849479675293 -0.3618357479572296
v 0.9271860122680664 10.181849479675293 -0.18434250354766846
v 0.945364236831665 10.181849479675293 0.00009524999768473208
v 0.752348005771637 7.79284143447876 -1.1259349584579468
v 0.6653375029563904 8.909133911132812 -0.9956235289573669
v 0.5180732607841492 7.79284143447876 -1.2509360313415527
v 0.4582279920578003 8.909133911132812 -1.1063270568847656
v 0.2641904950141907 7.79284143447876 -1.328142523765564
v 0.23355300724506378 8.909133911132812 -1.174546480178833
v 0.00009524999768473208 7.79284143447876 -1.3540822267532349
v 0.6684012413024902 10.181849479675293 -0.6684150099754333
v 0.5252220034599304 10.181849479675293 -0.786063015460968
v 0.3618220090866089 10.181849479675293 -0.8732777237892151
v 0.18432874977588654 10.181849479675293 -0.9271997213363647
v 0.00009524999768473208 8.909133911132812 -1.1974225044250488
v 0.00009524999768473208 10.181849479675293 -0.9453780055046082
v 0.15634649991989136 -10.552909851074219 -0.7864714860916138
v 0.00009524999768473208 -10.552909851074219 -0.8019945025444031
v 0.00009524999768473208 -10.552909851074219 -1.0664982795715332
v -0.20803549885749817 -10.552909851074219 -1.0460731983184814
v -0.15636025369167328 -10.552909851074219 -0.7864714860916138
v -0.4082005023956299 -10.552909851074219 -0.9854109883308411
v -0.3068925142288208 -10.552909851074219 -0.7409237623214722
v -0.5926382541656494 -10.552909851074219 -0.8867582678794861
v -0.4455782473087311 -10.552909851074219 -0.6667810082435608
v -0.7541999816894531 -10.552909851074219 -0.7541999816894531
v -0.5671070218086243 -10.552909851074219 -0.5671070218086243
v -0.8867582678794861 -10.552909851074219 -0.5926382541656494
v -0.6667810082435608 -10.552909851074219 -0.4455782473087311
v -0.9854109883308411 -10.552909851074219 -0.4082005023956299
v -0.7409237623214722 -10.552909851074219 -0.3068925142288208
v -1.0460731983184814 -10.552909851074219 -0.20803549885749817
v -0.7864714860916138 -10.552909851074219 -0.15636025369167328
v -1.0664982795715332 -10.552909851074219 0.00009524999768473208
v -0.8019945025444031 -10.552909851074219 0.00009524999768473208
v -1.0460731983184814 -10.552909851074219 0.20802174508571625
v -0.7864714860916138 -10.552909851074219 0.15634649991989136
v -0.9854109883308411 -10.552909851074219 0.40818676352500916
v -0.7409237623214722 -10.552909851074219 0.3068787455558777
v -0.8867582678794861 -10.552909851074219 0.5926244854927063
v -0.6667810082435608 -10.552909851074219 0.44556450843811035
v -0.7541999816894531 -10.552909851074219 0.7541862726211548
v -0.5671070218086243 -10.552909851074219 0.5670932531356812
v -0.5926382541656494 -10.552909851074219 0.886744499206543
v -0.4455782473087311 -10.552909851074219 0.6667672395706177
v -0.4082005023956299 -10.552909851074219 0.9853972792625427
v -0.3068925142288208 -10.552909851074219 0.740909993648529
v -0.20803549885749817 -10.552909851074219 1.046059489250183
v -0.15636025369167328 -10.552909851074219 0.7864577770233154
v 0.00009524999768473208 -10.552909851074219 1.0664844512939453
v 0.00009524999768473208 -10.552909851074219 0.80198073387146
v 0.20802174508571625 -10.552909851074219 1.046059489250183
v 0.15634649991989136 -10.552909851074219 0.7864577770233154
v 0.40818676352500916 -10.552909851074219 0.9853972792625427
v 0.3068787455558777 -10.552909851074219 0.740909993648529
v 0.5926244854927063 -10.552909851074219 0.886744499206543
v 0.44556450843811035 -10.552909851074219 0.6667672395706177
v 0.7541862726211548 -10.552909851074219 0.7541862726211548
v 0.5670932531356812 -10.552909851074219 0.5670932531356812
v 0.886744499206543 -10.552909851074219 0.5926244854927063
v 0.6667672395706177 -10.552909851074219 0.44556450843811035
v 0.9853972792625427 -10.552909851074219 0.40818676352500916
v 0.740909993648529 -10.552909851074219 0.3068787455558777
v 1.046059489250183 -10.552909851074219 0.20802174508571625
v 0.7864577770233154 -10.552909851074219 0.15634649991989136
v 1.0664844512939453 -10.552909851074219 0.00009524999768473208
v 0.80198073387146 -10.552909851074219 0.00009524999768473208
v 1.046059489250183 -10.552909851074219 -0.20803549885749817
v 0.7864577770233154 -10.552909851074219 -0.15636025369167328
v 0.9853972792625427 -10.552909851074219 -0.4082005023956299
v 0.740909993648529 -10.552909851074219 -0.3068925142288208
v 0.886744499206543 -10.552909851074219 -0.5926382541656494
v 0.6667672395706177 -10.552909851074219 -0.4455782473087311
v 0.7541862726211548 -10.552909851074219 -0.7541999816894531
v 0.5670932531356812 -10.552909851074219 -0.5671070218086243
v 0.5926244854927063 -10.552909851074219 -0.8867582678794861
v 0.44556450843811035 -10.552909851074219 -0.6667810082435608
v 0.40818676352500916 -10.552909851074219 -0.9854109883308411
v 0.3068787455558777 -10.552909851074219 -0.7409237623214722
v 0.20802174508571625 -10.552909851074219 -1.0460731983184814
v 0.19045625627040863 -8.552589416503906 -1.1804697513580322
v 0.19045625627040863 -7.027858734130859 -1.2640080451965332
v 0.08976099640130997 -8.552589416503906 -1.285454273223877
v 0.08976099640130997 -7.027858734130859 -1.3232405185699463
v 0.19045625627040863 -6.636800765991211 -1.2640080451965332
v 0.08976099640130997 -6.636800765991211 -1.3171130418777466
v 0.19045625627040863 -6.335804462432861 -1.2640080451965332
v 0.08976099640130997 -6.335804462432861 -1.3109854459762573
v 0.08976099640130997 -8.552589416503906 -1.3902344703674316
v 0.08976099640130997 -7.027858734130859 -1.3232405185699463
v 0.08976099640130997 -7.027858734130859 -1.3824729919433594
v 0.08976099640130997 -6.636800765991211 -1.3171130418777466
v 0.08976099640130997 -8.552589416503906 -1.5166652202606201
v 0.08976099640130997 -7.027858734130859 -1.500938057899475
v 0.08976099640130997 -8.552589416503906 -1.6430959701538086
v 0.08976099640130997 -7.027858734130859 -1.6196072101593018
v 0.08976099640130997 -8.552589416503906 -2.022183895111084
v 0.08976099640130997 -7.027858734130859 -1.9752064943313599
v 0.08976099640130997 -8.552589416503906 -2.4012720584869385
v 0.08976099640130997 -7.027858734130859 -2.330805778503418
v 0.08976099640130997 -8.552589416503906 -2.780359983444214
v 0.08976099640130997 -7.027858734130859 -2.6864049434661865
v 0.041353750973939896 -8.552589416503906 -3.1155343055725098
v 0.041353750973939896 -7.027858734130859 -2.986856698989868
v 0.00009524999768473208 -8.552589416503906 -3.180485725402832
v 0.00009524999768473208 -7.027858734130859 -3.0520124435424805
v 0.041353750973939896 -6.636800765991211 -2.813040018081665
v 0.00009524999768473208 -6.636800765991211 -2.8779914379119873
v 0.041353750973939896 -6.335804462432861 -2.6279895305633545
v 0.00009524999768473208 -6.335804462432861 -2.693145275115967
v 0.08976099640130997 -6.335804462432861 -2.390446662902832
v 0.08976099640130997 -6.636800765991211 -2.5383236408233643
v 0.08976099640130997 -6.636800765991211 -2.219897985458374
v 0.08976099640130997 -6.636800765991211 -1.9012680053710938
v 0.08976099640130997 -6.636800765991211 -1.5826380252838135
v 0.08976099640130997 -6.335804462432861 -2.108786106109619
v 0.08976099640130997 -6.335804462432861 -1.8271251916885376
v 0.08976099640130997 -6.335804462432861 -1.5456687211990356
v 0.08976099640130997 -6.335804462432861 -1.4517138004302979
v 0.08976099640130997 -6.636800765991211 -1.4764280319213867
v 0.08976099640130997 -6.636800765991211 -1.37021803855896
v 0.08976099640130997 -6.335804462432861 -1.3109854459762573
v 0.08976099640130997 -6.335804462432861 -1.3577587604522705
v 0.00009524999768473208 -8.552589416503906 -3.180485725402832
v 0.00009524999768473208 -7.027858734130859 -3.0520124435424805
v -0.04136750102043152 -8.552589416503906 -3.1155343055725098
v -0.04136750102043152 -7.027858734130859 -2.986856698989868
v -0.08977475017309189 -8.552589416503906 -2.780359983444214
v -0.08977475017309189 -7.027858734130859 -2.6864049434661865
v -0.08977475017309189 -8.552589416503906 -2.4012720584869385
v 0.00009524999768473208 -6.636800765991211 -2.8779914379119873
v -0.04136750102043152 -6.636800765991211 -2.813040018081665
v 0.00009524999768473208 -6.335804462432861 -2.693145275115967
v -0.04136750102043152 -6.335804462432861 -2.6279895305633545
v -0.08977475017309189 -6.636800765991211 -2.5383236408233643
v -0.08977475017309189 -6.335804462432861 -2.390446662902832
v -0.08977475017309189 -7.027858734130859 -2.330805778503418
v -0.08977475017309189 -8.552589416503906 -2.022183895111084
v -0.08977475017309189 -7.027858734130859 -1.9752064943313599
v -0.08977475017309189 -8.552589416503906 -1.6430959701538086
v -0.08977475017309189 -7.027858734130859 -1.6196072101593018
v -0.08977475017309189 -8.552589416503906 -1.5166652202606201
v -0.08977475017309189 -7.027858734130859 -1.500938057899475
v -0.08977475017309189 -8.552589416503906 -1.3902344703674316
v -0.08977475017309189 -7.027858734130859 -1.3824729919433594
v -0.08977475017309189 -8.552589416503906 -1.285454273223877
v -0.08977475017309189 -7.027858734130859 -1.3232405185699463
v -0.08977475017309189 -6.636800765991211 -1.37021803855896
v -0.08977475017309189 -6.636800765991211 -1.3171130418777466
v -0.08977475017309189 -6.335804462432861 -1.3577587604522705
v -0.08977475017309189 -6.335804462432861 -1.3109854459762573
v -0.08977475017309189 -6.335804462432861 -1.4517138004302979
v -0.08977475017309189 -6.636800765991211 -1.4764280319213867
v -0.08977475017309189 -6.636800765991211 -1.5826380252838135
v -0.08977475017309189 -6.636800765991211 -1.9012680053710938
v -0.08977475017309189 -6.636800765991211 -2.219897985458374
v -0.08977475017309189 -6.335804462432861 -2.108786106109619
v -0.08977475017309189 -6.335804462432861 -1.8271251916885376
v -0.08977475017309189 -6.335804462432861 -1.5456687211990356
v -0.19046999514102936 -8.552589416503906 -1.1804697513580322
v -0.19046999514102936 -7.027858734130859 -1.2640080451965332
v 0.00009524999768473208 -8.552589416503906 -1.2015074491500854
v 0.00009524999768473208 -7.027858734130859 -1.2850457429885864
v 0.19045625627040863 -8.552589416503906 -1.1804697513580322
v 0.19045625627040863 -7.027858734130859 -1.2640080451965332
v 0.00009524999768473208 -6.636800765991211 -1.2850457429885864
v 0.19045625627040863 -6.636800765991211 -1.2640080451965332
v 0.00009524999768473208 -6.335804462432861 -1.2850457429885864
v 0.19045625627040863 -6.335804462432861 -1.2640080451965332
v -0.19046999514102936 -6.636800765991211 -1.2640080451965332
v -0.19046999514102936 -6.335804462432861 -1.2640080451965332
v -0.19046999514102936 -6.335804462432861 -1.2640080451965332
v -0.08977475017309189 -6.335804462432861 -1.3109854459762573
v -0.19046999514102936 -6.636800765991211 -1.2640080451965332
v -0.08977475017309189 -6.636800765991211 -1.3171130418777466
v -0.19046999514102936 -7.027858734130859 -1.2640080451965332
v -0.08977475017309189 -7.027858734130859 -1.3232405185699463
v -0.19046999514102936 -8.552589416503906 -1.1804697513580322
v 0.19045625627040863 -8.552589416503906 1.1804560422897339
v 0.19045625627040863 -7.027858734130859 1.2639942169189453
v 0.08976099640130997 -8.552589416503906 1.285440444946289
v 0.08976099640130997 -7.027858734130859 1.323226809501648
v 0.19045625627040863 -6.636800765991211 1.2639942169189453
v 0.08976099640130997 -6.636800765991211 1.3170992136001587
v 0.19045625627040863 -6.335804462432861 1.2639942169189453
v 0.08976099640130997 -6.335804462432861 1.310971736907959
v 0.08976099640130997 -8.552589416503906 1.3902207612991333
v 0.08976099640130997 -7.027858734130859 1.323226809501648
v 0.08976099640130997 -7.027858734130859 1.382459282875061
v 0.08976099640130997 -6.636800765991211 1.3170992136001587
v 0.08976099640130997 -8.552589416503906 1.5166515111923218
v 0.08976099640130997 -7.027858734130859 1.5009242296218872
v 0.08976099640130997 -8.552589416503906 1.6430822610855103
v 0.08976099640130997 -7.027858734130859 1.6195935010910034
v 0.08976099640130997 -8.552589416503906 2.022170305252075
v 0.08976099640130997 -7.027858734130859 1.9751927852630615
v 0.08976099640130997 -8.552589416503906 2.4012582302093506
v 0.08976099640130997 -7.027858734130859 2.33079195022583
v 0.08976099640130997 -8.552589416503906 2.780346155166626
v 0.08976099640130997 -7.027858734130859 2.6863913536071777
v 0.041353750973939896 -8.552589416503906 3.115520477294922
v 0.041353750973939896 -7.027858734130859 2.9868431091308594
v 0.00009524999768473208 -8.552589416503906 3.180471897125244
v 0.00009524999768473208 -7.027858734130859 3.0519988536834717
v 0.041353750973939896 -6.636800765991211 2.813026189804077
v 0.00009524999768473208 -6.636800765991211 2.8779778480529785
v 0.041353750973939896 -6.335804462432861 2.6279757022857666
v 0.00009524999768473208 -6.335804462432861 2.693131446838379
v 0.08976099640130997 -6.335804462432861 2.3904330730438232
v 0.08976099640130997 -6.636800765991211 2.5383100509643555
v 0.08976099640130997 -6.636800765991211 2.219884157180786
v 0.08976099640130997 -6.636800765991211 1.9012542963027954
v 0.08976099640130997 -6.636800765991211 1.5826241970062256
v 0.08976099640130997 -6.636800765991211 1.4764142036437988
v 0.08976099640130997 -6.636800765991211 1.370204210281372
v 0.08976099640130997 -6.335804462432861 1.310971736907959
v 0.08976099640130997 -6.335804462432861 1.3577450513839722
v 0.08976099640130997 -6.335804462432861 1.45169997215271
v 0.08976099640130997 -6.335804462432861 1.5456550121307373
v 0.08976099640130997 -6.335804462432861 1.8271114826202393
v 0.08976099640130997 -6.335804462432861 2.1087722778320312
v 0.00009524999768473208 -8.552589416503906 3.180471897125244
v 0.00009524999768473208 -7.027858734130859 3.0519988536834717
v -0.04136750102043152 -8.552589416503906 3.115520477294922
v -0.04136750102043152 -7.027858734130859 2.9868431091308594
v -0.08977475017309189 -8.552589416503906 2.780346155166626
v 0.00009524999768473208 -6.636800765991211 2.8779778480529785
v -0.04136750102043152 -6.636800765991211 2.813026189804077
v 0.00009524999768473208 -6.335804462432861 2.693131446838379
v -0.04136750102043152 -6.335804462432861 2.6279757022857666
v -0.08977475017309189 -6.636800765991211 2.5383100509643555
v -0.08977475017309189 -6.335804462432861 2.3904330730438232
v -0.08977475017309189 -7.027858734130859 2.6863913536071777
v -0.08977475017309189 -8.552589416503906 2.4012582302093506
v -0.08977475017309189 -7.027858734130859 2.33079195022583
v -0.08977475017309189 -8.552589416503906 2.022170305252075
v -0.08977475017309189 -6.636800765991211 2.219884157180786
v -0.08977475017309189 -6.335804462432861 2.1087722778320312
v -0.08977475017309189 -6.636800765991211 1.9012542963027954
v -0.08977475017309189 -6.335804462432861 1.8271114826202393
v -0.08977475017309189 -7.027858734130859 1.9751927852630615
v -0.08977475017309189 -8.552589416503906 1.6430822610855103
v -0.08977475017309189 -7.027858734130859 1.6195935010910034
v -0.08977475017309189 -8.552589416503906 1.5166515111923218
v -0.08977475017309189 -6.636800765991211 1.5826241970062256
v -0.08977475017309189 -6.335804462432861 1.5456550121307373
v -0.08977475017309189 -6.636800765991211 1.4764142036437988
v -0.08977475017309189 -6.335804462432861 1.45169997215271
v -0.08977475017309189 -7.027858734130859 1.5009242296218872
v -0.08977475017309189 -8.552589416503906 1.3902207612991333
v -0.08977475017309189 -7.027858734130859 1.382459282875061
v -0.08977475017309189 -8.552589416503906 1.285440444946289
v -0.08977475017309189 -7.027858734130859 1.323226809501648
v -0.08977475017309189 -6.636800765991211 1.370204210281372
v -0.08977475017309189 -6.636800765991211 1.3170992136001587
v -0.08977475017309189 -6.335804462432861 1.3577450513839722
v -0.08977475017309189 -6.335804462432861 1.310971736907959
v -0.19046999514102936 -8.552589416503906 1.1804560422897339
v -0.08977475017309189 -7.027858734130859 1.323226809501648
v -0.19046999514102936 -7.027858734130859 1.2639942169189453
v -0.08977475017309189 -6.636800765991211 1.3170992136001587
v -0.19046999514102936 -6.636800765991211 1.2639942169189453
v -0.08977475017309189 -6.335804462432861 1.310971736907959
v -0.19046999514102936 -6.335804462432861 1.2639942169189453
v -0.19046999514102936 -8.552589416503906 1.1804560422897339
v 0.00009524999768473208 -8.552589416503906 1.201493740081787
v -0.19046999514102936 -7.027858734130859 1.2639942169189453
v 0.00009524999768473208 -7.027858734130859 1.285032033920288
v -0.19046999514102936 -6.636800765991211 1.2639942169189453
v 0.00009524999768473208 -6.636800765991211 1.285032033920288
v -0.19046999514102936 -6.335804462432861 1.2639942169189453
v 0.00009524999768473208 -6.335804462432861 1.285032033920288
v 0.19045625627040863 -6.636800765991211 1.2639942169189453
v 0.19045625627040863 -6.335804462432861 1.2639942169189453
v 0.19045625627040863 -8.552589416503906 1.1804560422897339
v 0.19045625627040863 -7.027858734130859 1.2639942169189453
v 1.1804560422897339 -8.552589416503906 0.19045625627040863
v 1.2639942169189453 -7.027858734130859 0.19045625627040863
v 1.285440444946289 -8.552589416503906 0.08976099640130997
v 1.323226809501648 -7.027858734130859 0.08976099640130997
v 1.2639942169189453 -6.636800765991211 0.19045625627040863
v 1.3170992136001587 -6.636800765991211 0.08976099640130997
v 1.2639942169189453 -6.335804462432861 0.19045625627040863
v 1.310971736907959 -6.335804462432861 0.08976099640130997
v 1.3902207612991333 -8.552589416503906 0.08976099640130997
v 1.323226809501648 -7.027858734130859 0.08976099640130997
v 1.382459282875061 -7.027858734130859 0.08976099640130997
v 1.3170992136001587 -6.636800765991211 0.08976099640130997
v 1.5166515111923218 -8.552589416503906 0.08976099640130997
v 1.5009242296218872 -7.027858734130859 0.08976099640130997
v 1.6430822610855103 -8.552589416503906 0.08976099640130997
v 1.6195935010910034 -7.027858734130859 0.08976099640130997
v 2.022170305252075 -8.552589416503906 0.08976099640130997
v 1.9751927852630615 -7.027858734130859 0.08976099640130997
v 2.4012582302093506 -8.552589416503906 0.08976099640130997
v 2.33079195022583 -7.027858734130859 0.08976099640130997
v 2.780346155166626 -8.552589416503906 0.08976099640130997
v 2.6863913536071777 -7.027858734130859 0.08976099640130997
v 3.115520477294922 -8.552589416503906 0.041353750973939896
v 2.9868431091308594 -7.027858734130859 0.041353750973939896
v 3.180471897125244 -8.552589416503906 0.00009524999768473208
v 3.0519988536834717 -7.027858734130859 0.00009524999768473208
v 2.813026189804077 -6.636800765991211 0.041353750973939896
v 2.8779778480529785 -6.636800765991211 0.00009524999768473208
v 2.6279757022857666 -6.335804462432861 0.041353750973939896
v 2.693131446838379 -6.335804462432861 0.00009524999768473208
v 2.3904330730438232 -6.335804462432861 0.08976099640130997
v 2.5383100509643555 -6.636800765991211 0.08976099640130997
v 2.219884157180786 -6.636800765991211 0.08976099640130997
v 1.9012542963027954 -6.636800765991211 0.08976099640130997
v 1.5826241970062256 -6.636800765991211 0.08976099640130997
v 2.1087722778320312 -6.335804462432861 0.08976099640130997
v 1.8271114826202393 -6.335804462432861 0.08976099640130997
v 1.5456550121307373 -6.335804462432861 0.08976099640130997
v 1.45169997215271 -6.335804462432861 0.08976099640130997
v 1.4764142036437988 -6.636800765991211 0.08976099640130997
v 1.370204210281372 -6.636800765991211 0.08976099640130997
v 1.310971736907959 -6.335804462432861 0.08976099640130997
v 1.3577450513839722 -6.335804462432861 0.08976099640130997
v 3.180471897125244 -8.552589416503906 0.00009524999768473208
v 3.0519988536834717 -7.027858734130859 0.00009524999768473208
v 3.115520477294922 -8.552589416503906 -0.04136750102043152
v 2.9868431091308594 -7.027858734130859 -0.04136750102043152
v 2.780346155166626 -8.552589416503906 -0.08977475017309189
v 2.6863913536071777 -7.027858734130859 -0.08977475017309189
v 2.4012582302093506 -8.552589416503906 -0.08977475017309189
v 2.8779778480529785 -6.636800765991211 0.00009524999768473208
v 2.813026189804077 -6.636800765991211 -0.04136750102043152
v 2.693131446838379 -6.335804462432861 0.00009524999768473208
v 2.6279757022857666 -6.335804462432861 -0.04136750102043152
v 2.5383100509643555 -6.636800765991211 -0.08977475017309189
v 2.3904330730438232 -6.335804462432861 -0.08977475017309189
v 2.33079195022583 -7.027858734130859 -0.08977475017309189
v 2.022170305252075 -8.552589416503906 -0.08977475017309189
v 1.9751927852630615 -7.027858734130859 -0.08977475017309189
v 1.6430822610855103 -8.552589416503906 -0.08977475017309189
v 1.6195935010910034 -7.027858734130859 -0.08977475017309189
v 1.5166515111923218 -8.552589416503906 -0.08977475017309189
v 1.5009242296218872 -7.027858734130859 -0.08977475017309189
v 1.3902207612991333 -8.552589416503906 -0.08977475017309189
v 1.382459282875061 -7.027858734130859 -0.08977475017309189
v 1.285440444946289 -8.552589416503906 -0.08977475017309189
v 1.323226809501648 -7.027858734130859 -0.08977475017309189
v 1.370204210281372 -6.636800765991211 -0.08977475017309189
v 1.3170992136001587 -6.636800765991211 -0.08977475017309189
v 1.3577450513839722 -6.335804462432861 -0.08977475017309189
v 1.310971736907959 -6.335804462432861 -0.08977475017309189
v 1.45169997215271 -6.335804462432861 -0.08977475017309189
v 1.4764142036437988 -6.636800765991211 -0.08977475017309189
v 1.5826241970062256 -6.636800765991211 -0.08977475017309189
v 1.9012542963027954 -6.636800765991211 -0.08977475017309189
v 2.219884157180786 -6.636800765991211 -0.08977475017309189
v 2.1087722778320312 -6.335804462432861 -0.08977475017309189
v 1.8271114826202393 -6.335804462432861 -0.08977475017309189
v 1.5456550121307373 -6.335804462432861 -0.08977475017309189
v 1.1804560422897339 -8.552589416503906 -0.19046999514102936
v 1.2639942169189453 -7.027858734130859 -0.19046999514102936
v 1.201493740081787 -8.552589416503906 0.00009524999768473208
v 1.285032033920288 -7.027858734130859 0.00009524999768473208
v 1.1804560422897339 -8.552589416503906 0.19045625627040863
v 1.2639942169189453 -7.027858734130859 0.19045625627040863
v 1.285032033920288 -6.636800765991211 0.00009524999768473208
v 1.2639942169189453 -6.636800765991211 0.19045625627040863
v 1.285032033920288 -6.335804462432861 0.00009524999768473208
v 1.2639942169189453 -6.335804462432861 0.19045625627040863
v 1.2639942169189453 -6.636800765991211 -0.19046999514102936
v 1.2639942169189453 -6.335804462432861 -0.19046999514102936
v 1.2639942169189453 -6.335804462432861 -0.19046999514102936
v 1.310971736907959 -6.335804462432861 -0.08977475017309189
v 1.2639942169189453 -6.636800765991211 -0.19046999514102936
v 1.3170992136001587 -6.636800765991211 -0.08977475017309189
v 1.2639942169189453 -7.027858734130859 -0.19046999514102936
v 1.323226809501648 -7.027858734130859 -0.08977475017309189
v 1.1804560422897339 -8.552589416503906 -0.19046999514102936
v -1.1804697513580322 -8.552589416503906 0.19045625627040863
v -1.2640080451965332 -7.027858734130859 0.19045625627040863
v -1.285454273223877 -8.552589416503906 0.08976099640130997
v -1.3232405185699463 -7.027858734130859 0.08976099640130997
v -1.2640080451965332 -6.636800765991211 0.19045625627040863
v -1.3171130418777466 -6.636800765991211 0.08976099640130997
v -1.2640080451965332 -6.335804462432861 0.19045625627040863
v -1.3109854459762573 -6.335804462432861 0.08976099640130997
v -1.3902344703674316 -8.552589416503906 0.08976099640130997
v -1.3232405185699463 -7.027858734130859 0.08976099640130997
v -1.3824729919433594 -7.027858734130859 0.08976099640130997
v -1.3171130418777466 -6.636800765991211 0.08976099640130997
v -1.5166652202606201 -8.552589416503906 0.08976099640130997
v -1.500938057899475 -7.027858734130859 0.08976099640130997
v -1.6430959701538086 -8.552589416503906 0.08976099640130997
v -1.6196072101593018 -7.027858734130859 0.08976099640130997
v -2.022183895111084 -8.552589416503906 0.08976099640130997
v -1.9752064943313599 -7.027858734130859 0.08976099640130997
v -2.4012720584869385 -8.552589416503906 0.08976099640130997
v -2.330805778503418 -7.027858734130859 0.08976099640130997
v -2.780359983444214 -8.552589416503906 0.08976099640130997
v -2.6864049434661865 -7.027858734130859 0.08976099640130997
v -3.1155343055725098 -8.552589416503906 0.041353750973939896
v -2.986856698989868 -7.027858734130859 0.041353750973939896
v -3.180485725402832 -8.552589416503906 0.00009524999768473208
v -3.0520124435424805 -7.027858734130859 0.00009524999768473208
v -2.813040018081665 -6.636800765991211 0.041353750973939896
v -2.8779914379119873 -6.636800765991211 0.00009524999768473208
v -2.6279895305633545 -6.335804462432861 0.041353750973939896
v -2.693145275115967 -6.335804462432861 0.00009524999768473208
v -2.390446662902832 -6.335804462432861 0.08976099640130997
v -2.5383236408233643 -6.636800765991211 0.08976099640130997
v -2.219897985458374 -6.636800765991211 0.08976099640130997
v -1.9012680053710938 -6.636800765991211 0.08976099640130997
v -1.5826380252838135 -6.636800765991211 0.08976099640130997
v -1.4764280319213867 -6.636800765991211 0.08976099640130997
v -1.37021803855896 -6.636800765991211 0.08976099640130997
v -1.3109854459762573 -6.335804462432861 0.08976099640130997
v -1.3577587604522705 -6.335804462432861 0.08976099640130997
v -1.4517138004302979 -6.335804462432861 0.08976099640130997
v -1.5456687211990356 -6.335804462432861 0.08976099640130997
v -1.8271251916885376 -6.335804462432861 0.08976099640130997
v -2.108786106109619 -6.335804462432861 0.08976099640130997
v -3.180485725402832 -8.552589416503906 0.00009524999768473208
v -3.0520124435424805 -7.027858734130859 0.00009524999768473208
v -3.1155343055725098 -8.552589416503906 -0.04136750102043152
v -2.986856698989868 -7.027858734130859 -0.04136750102043152
v -2.780359983444214 -8.552589416503906 -0.08977475017309189
v -2.8779914379119873 -6.636800765991211 0.00009524999768473208
v -2.813040018081665 -6.636800765991211 -0.04136750102043152
v -2.693145275115967 -6.335804462432861 0.00009524999768473208
v -2.6279895305633545 -6.335804462432861 -0.04136750102043152
v -2.5383236408233643 -6.636800765991211 -0.08977475017309189
v -2.390446662902832 -6.335804462432861 -0.08977475017309189
v -2.6864049434661865 -7.027858734130859 -0.08977475017309189
v -2.4012720584869385 -8.552589416503906 -0.08977475017309189
v -2.330805778503418 -7.027858734130859 -0.08977475017309189
v -2.022183895111084 -8.552589416503906 -0.08977475017309189
v -2.219897985458374 -6.636800765991211 -0.08977475017309189
v -2.108786106109619 -6.335804462432861 -0.08977475017309189
v -1.9012680053710938 -6.636800765991211 -0.08977475017309189
v -1.8271251916885376 -6.335804462432861 -0.08977475017309189
v -1.9752064943313599 -7.027858734130859 -0.08977475017309189
v -1.6430959701538086 -8.552589416503906 -0.08977475017309189
v -1.6196072101593018 -7.027858734130859 -0.08977475017309189
v -1.5166652202606201 -8.552589416503906 -0.08977475017309189
v -1.5826380252838135 -6.636800765991211 -0.08977475017309189
v -1.5456687211990356 -6.335804462432861 -0.08977475017309189
v -1.4764280319213867 -6.636800765991211 -0.08977475017309189
v -1.4517138004302979 -6.335804462432861 -0.08977475017309189
v -1.500938057899475 -7.027858734130859 -0.08977475017309189
v -1.3902344703674316 -8.552589416503906 -0.08977475017309189
v -1.3824729919433594 -7.027858734130859 -0.08977475017309189
v -1.285454273223877 -8.552589416503906 -0.08977475017309189
v -1.3232405185699463 -7.027858734130859 -0.08977475017309189
v -1.37021803855896 -6.636800765991211 -0.08977475017309189
v -1.3171130418777466 -6.636800765991211 -0.08977475017309189
v -1.3577587604522705 -6.335804462432861 -0.08977475017309189
v -1.3109854459762573 -6.335804462432861 -0.08977475017309189
v -1.1804697513580322 -8.552589416503906 -0.19046999514102936
v -1.3232405185699463 -7.027858734130859 -0.08977475017309189
v -1.2640080451965332 -7.027858734130859 -0.19046999514102936
v -1.3171130418777466 -6.636800765991211 -0.08977475017309189
v -1.2640080451965332 -6.636800765991211 -0.19046999514102936
v -1.3109854459762573 -6.335804462432861 -0.08977475017309189
v -1.2640080451965332 -6.335804462432861 -0.19046999514102936
v -1.1804697513580322 -8.552589416503906 -0.19046999514102936
v -1.2015074491500854 -8.552589416503906 0.00009524999768473208
v -1.2640080451965332 -7.027858734130859 -0.19046999514102936
v -1.2850457429885864 -7.027858734130859 0.00009524999768473208
v -1.2640080451965332 -6.636800765991211 -0.19046999514102936
v -1.2850457429885864 -6.636800765991211 0.00009524999768473208
v -1.2640080451965332 -6.335804462432861 -0.19046999514102936
v -1.2850457429885864 -6.335804462432861 0.00009524999768473208
v -1.2640080451965332 -6.636800765991211 0.19045625627040863
v -1.2640080451965332 -6.335804462432861 0.19045625627040863
v -1.1804697513580322 -8.552589416503906 0.19045625627040863
v -1.2640080451965332 -7.027858734130859 0.19045625627040863
v 0.00009575000149197876 -3.466480016708374 -1.6500400304794312
v -0.3218022584915161 -3.466480016708374 -1.6183812618255615
v 0.00009575000149197876 -3.435669422149658 -1.6500400304794312
v -0.3218022584915161 -3.435669422149658 -1.6183812618255615
v -0.6314452290534973 -3.466480016708374 -1.5244262218475342
v -0.6314452290534973 -3.435669422149658 -1.5244262218475342
v -0.9167824983596802 -3.466480016708374 -1.3718514442443848
v -0.9167824983596802 -3.435669422149658 -1.3718514442443848
v -1.1667845249176025 -3.466480016708374 -1.1667845249176025
v -1.1667845249176025 -3.435669422149658 -1.1667845249176025
v -1.3718514442443848 -3.466480016708374 -0.9167824983596802
v -1.3718514442443848 -3.435669422149658 -0.9167824983596802
v -1.5244262218475342 -3.466480016708374 -0.6314452290534973
v -1.5244262218475342 -3.435669422149658 -0.6314452290534973
v -1.6183812618255615 -3.466480016708374 -0.3218022584915161
v -1.6183812618255615 -3.435669422149658 -0.3218022584915161
v -1.6500400304794312 -3.466480016708374 0.00009575000149197876
v -1.6500400304794312 -3.435669422149658 0.00009575000149197876
v -1.6183812618255615 -3.466480016708374 0.32199373841285706
v -1.6183812618255615 -3.435669422149658 0.32199373841285706
v -1.5244262218475342 -3.466480016708374 0.6314324736595154
v -1.5244262218475342 -3.435669422149658 0.6314324736595154
v -1.3718514442443848 -3.466480016708374 0.9167697429656982
v -1.3718514442443848 -3.435669422149658 0.9167697429656982
v -1.1667845249176025 -3.466480016708374 1.1667717695236206
v -1.1667845249176025 -3.435669422149658 1.1667717695236206
v -0.9167824983596802 -3.466480016708374 1.3718388080596924
v -0.9167824983596802 -3.435669422149658 1.3718388080596924
v -0.6314452290534973 -3.466480016708374 1.5244134664535522
v -0.6314452290534973 -3.435669422149658 1.5244134664535522
v -0.3218022584915161 -3.466480016708374 1.6183685064315796
v -0.3218022584915161 -3.435669422149658 1.6183685064315796
v 0.00009575000149197876 -3.466480016708374 1.6500272750854492
v 0.00009575000149197876 -3.435669422149658 1.6500272750854492
v 0.32199373841285706 -3.466480016708374 1.6183685064315796
v 0.32199373841285706 -3.435669422149658 1.6183685064315796
v 0.6314324736595154 -3.466480016708374 1.5244134664535522
v 0.6314324736595154 -3.435669422149658 1.5244134664535522
v 0.9167697429656982 -3.466480016708374 1.3718388080596924
v 0.9167697429656982 -3.435669422149658 1.3718388080596924
v 1.1667717695236206 -3.466480016708374 1.1667717695236206
v 1.1667717695236206 -3.435669422149658 1.1667717695236206
v 1.3718388080596924 -3.466480016708374 0.9167697429656982
v 1.3718388080596924 -3.435669422149658 0.9167697429656982
v 1.5244134664535522 -3.466480016708374 0.6314324736595154
v 1.5244134664535522 -3.435669422149658 0.6314324736595154
v 1.6183685064315796 -3.466480016708374 0.32199373841285706
v 1.6183685064315796 -3.435669422149658 0.32199373841285706
v 1.6500272750854492 -3.466480016708374 0.00009575000149197876
v 1.6500272750854492 -3.435669422149658 0.00009575000149197876
v 1.6183685064315796 -3.466480016708374 -0.3218022584915161
v 1.6183685064315796 -3.435669422149658 -0.3218022584915161
v 1.5244134664535522 -3.466480016708374 -0.6314452290534973
v 1.5244134664535522 -3.435669422149658 -0.6314452290534973
v 1.3718388080596924 -3.466480016708374 -0.9167824983596802
v 1.3718388080596924 -3.435669422149658 -0.9167824983596802
v 1.1667717695236206 -3.466480016708374 -1.1667845249176025
v 1.1667717695236206 -3.435669422149658 -1.1667845249176025
v 0.9167697429656982 -3.466480016708374 -1.3718514442443848
v 0.9167697429656982 -3.435669422149658 -1.3718514442443848
v 0.6314324736595154 -3.466480016708374 -1.5244262218475342
v 0.6314324736595154 -3.435669422149658 -1.5244262218475342
v 0.32199373841285706 -3.466480016708374 -1.6183812618255615
v 0.32199373841285706 -3.435669422149658 -1.6183812618255615
v 0.00009575000149197876 -3.466480016708374 -1.6500400304794312
v 0.00009575000149197876 -3.435669422149658 -1.6500400304794312
v 0.00009575000149197876 7.79282808303833 -1.3540817499160767
v 0.00009575000149197876 7.737526893615723 -1.362047553062439
v 0.26419100165367126 7.79282808303833 -1.3281420469284058
v 0.2658250033855438 7.737526893615723 -1.335903525352478
v 0.5180737376213074 7.79282808303833 -1.2509355545043945
v 0.5213417410850525 7.737526893615723 -1.2584927082061768
v 0.7523484826087952 7.79282808303833 -1.1259344816207886
v 0.7566377520561218 7.737526893615723 -1.1324704885482788
v 0.9574155211448669 7.79282808303833 -0.9574282765388489
v 0.9631345272064209 7.737526893615723 -0.9631472229957581
v 1.1259217262268066 7.79282808303833 -0.7523612380027771
v 1.1324577331542969 7.737526893615723 -0.7566505074501038
v 1.2509227991104126 7.79282808303833 -0.5180864930152893
v 1.2584799528121948 7.737526893615723 -0.5213544964790344
v 1.3281292915344238 7.79282808303833 -0.2642037570476532
v 1.335890769958496 7.737526893615723 -0.26583775877952576
v 1.3540689945220947 7.79282808303833 0.00009575000149197876
v 1.362034797668457 7.737526893615723 0.00009575000149197876
v 1.3281292915344238 7.79282808303833 0.26419100165367126
v 1.335890769958496 7.737526893615723 0.2658250033855438
v 1.2509227991104126 7.79282808303833 0.5180737376213074
v 1.2584799528121948 7.737526893615723 0.5213417410850525
v 1.1259217262268066 7.79282808303833 0.7523484826087952
v 1.1324577331542969 7.737526893615723 0.7566377520561218
v 0.9574155211448669 7.79282808303833 0.9574155211448669
v 0.9631345272064209 7.737526893615723 0.9631345272064209
v 0.7523484826087952 7.79282808303833 1.1259217262268066
v 0.7566377520561218 7.737526893615723 1.1324577331542969
v 0.5180737376213074 7.79282808303833 1.2509227991104126
v 0.5213417410850525 7.737526893615723 1.2584799528121948
v 0.26419100165367126 7.79282808303833 1.3281292915344238
v 0.2658250033855438 7.737526893615723 1.335890769958496
v 0.00009575000149197876 7.79282808303833 1.3540689945220947
v 0.00009575000149197876 7.737526893615723 1.362034797668457
v -0.2642037570476532 7.79282808303833 1.3281292915344238
v -0.26583775877952576 7.737526893615723 1.335890769958496
v -0.5180864930152893 7.79282808303833 1.2509227991104126
v -0.5213544964790344 7.737526893615723 1.2584799528121948
v -0.7523612380027771 7.79282808303833 1.1259217262268066
v -0.7566505074501038 7.737526893615723 1.1324577331542969
v -0.9574282765388489 7.79282808303833 0.9574155211448669
v -0.9631472229957581 7.737526893615723 0.9631345272064209
v -1.1259344816207886 7.79282808303833 0.7523484826087952
v -1.1324704885482788 7.737526893615723 0.7566377520561218
v -1.2509355545043945 7.79282808303833 0.5180737376213074
v -1.2584927082061768 7.737526893615723 0.5213417410850525
v -1.3281420469284058 7.79282808303833 0.26419100165367126
v -1.335903525352478 7.737526893615723 0.2658250033855438
v -1.3540817499160767 7.79282808303833 0.00009575000149197876
v -1.362047553062439 7.737526893615723 0.00009575000149197876
v -1.3281420469284058 7.79282808303833 -0.2642037570476532
v -1.335903525352478 7.737526893615723 -0.26583775877952576
v -1.2509355545043945 7.79282808303833 -0.5180864930152893
v -1.2584927082061768 7.737526893615723 -0.5213544964790344
v -1.1259344816207886 7.79282808303833 -0.7523612380027771
v -1.1324704885482788 7.737526893615723 -0.7566505074501038
v -0.9574282765388489 7.79282808303833 -0.9574282765388489
v -0.9631472229957581 7.737526893615723 -0.9631472229957581
v -0.7523612380027771 7.79282808303833 -1.1259344816207886
v -0.7566505074501038 7.737526893615723 -1.1324704885482788
v -0.5180864930152893 7.79282808303833 -1.2509355545043945
v -0.5213544964790344 7.737526893615723 -1.2584927082061768
v -0.2642037570476532 7.79282808303833 -1.3281420469284058
v -0.2656334936618805 7.737526893615723 -1.335903525352478
v 0.00009575000149197876 7.79282808303833 -1.3540817499160767
v 0.00009575000149197876 7.737526893615723 -1.362047553062439
vn 0.5247471332550049 -0.3298799693584442 -0.7847417593002319
vn 0.6676567792892456 -0.3281117379665375 -0.6682642698287964
vn 3.097898456858039e-13 -0.999997615814209 0.002184694167226553
vn 0.3609539568424225 -0.330255389213562 -0.872148871421814
vn 3.097898456858039e-13 -0.999997615814209 0.002184694167226553
vn 0.18097133934497833 -0.32855844497680664 -0.926983654499054
vn 3.097898456858039e-13 -0.999997615814209 0.002184694167226553
vn -0.0018896064721047878 -0.3259987235069275 -0.9453682899475098
vn 3.097898456858039e-13 -0.999997615814209 0.002184694167226553
vn -0.18097133934497833 -0.32855844497680664 -0.926983654499054
vn 3.097898456858039e-13 -0.999997615814209 0.002184694167226553
vn -0.3634923994541168 -0.3274593949317932 -0.872148871421814
vn 3.097898456858039e-13 -0.999997615814209 0.002184694167226553
vn -0.5267496705055237 -0.3266727924346924 -0.7847417593002319
vn 3.097898456858039e-13 -0.999997615814209 0.002184694167226553
vn -0.6693134307861328 -0.32471898198127747 -0.6682642698287964
vn 3.097898456858039e-13 -0.999997615814209 0.002184694167226553
vn -0.7870303392410278 -0.3239547908306122 -0.5250110030174255
vn 3.097898456858039e-13 -0.999997615814209 0.002184694167226553
vn -0.8740496635437012 -0.32527101039886475 -0.36088213324546814
vn 3.097898456858039e-13 -0.999997615814209 0.002184694167226553
vn -0.9272094368934631 -0.3258728086948395 -0.18463370203971863
vn 3.097898456858039e-13 -0.999997615814209 0.002184694167226553
vn -0.9452975392341614 -0.32620200514793396 0.002184694167226553
vn 3.097898456858039e-13 -0.999997615814209 0.002184694167226553
vn -0.9272094368934631 -0.3258728086948395 0.18463370203971863
vn 3.097898456858039e-13 -0.999997615814209 0.002184694167226553
vn -0.8728780746459961 -0.3284021317958832 0.36088213324546814
vn 3.097898456858039e-13 -0.999997615814209 0.002184694167226553
vn -0.7857673764228821 -0.3270062208175659 0.5250110030174255
vn 3.097898456858039e-13 -0.999997615814209 0.002184694167226553
vn -0.6678982973098755 -0.3276197612285614 0.6682642698287964
vn 3.097898456858039e-13 -0.999997615814209 0.002184694167226553
vn -0.5274500250816345 -0.3255408704280853 0.7847417593002319
vn 3.097898456858039e-13 -0.999997615814209 0.002184694167226553
vn -0.3615531623363495 -0.3295992612838745 0.872148871421814
vn 3.097898456858039e-13 -0.999997615814209 0.002184694167226553
vn -0.185372993350029 -0.3260952830314636 0.926983654499054
vn 3.097898456858039e-13 -0.999997615814209 0.002184694167226553
vn 0.0018757632933557034 -0.32599881291389465 0.9453682899475098
vn 3.097898456858039e-13 -0.999997615814209 0.002184694167226553
vn 0.18209068477153778 -0.3279394209384918 0.926983654499054
vn 3.097898456858039e-13 -0.999997615814209 0.002184694167226553
vn 0.3615531623363495 -0.3295992612838745 0.872148871421814
vn 3.097898456858039e-13 -0.999997615814209 0.002184694167226553
vn 0.5254620909690857 -0.3287399411201477 0.7847417593002319
vn 3.097898456858039e-13 -0.999997615814209 0.002184694167226553
vn 0.6678982973098755 -0.3276197612285614 0.6682642698287964
vn 3.097898456858039e-13 -0.999997615814209 0.002184694167226553
vn 0.787208616733551 -0.32352128624916077 0.5250110030174255
vn 3.097898456858039e-13 -0.999997615814209 0.002184694167226553
vn 0.8741987347602844 -0.32487019896507263 0.36088213324546814
vn 3.097898456858039e-13 -0.999997615814209 0.002184694167226553
vn 0.9272094368934631 -0.3258728086948395 0.18463370203971863
vn 3.097898456858039e-13 -0.999997615814209 0.002184694167226553
vn 0.9452975392341614 -0.32620200514793396 0.002184694167226553
vn 3.097898456858039e-13 -0.999997615814209 0.002184694167226553
vn 0.9272094368934631 -0.3258728086948395 -0.18463370203971863
vn 3.097898456858039e-13 -0.999997615814209 0.002184694167226553
vn 0.8740496635437012 -0.32527101039886475 -0.36088213324546814
vn 3.097898456858039e-13 -0.999997615814209 0.002184694167226553
vn 0.7870303392410278 -0.3239547908306122 -0.5250110030174255
vn 3.097898456858039e-13 -0.999997615814209 0.002184694167226553
vn 3.097898456858039e-13 -0.999997615814209 0.002184694167226553
vn 0.0019059260375797749 -0.11768467724323273 -0.9930492043495178
vn -0.1915186494588852 -0.1185833290219307 -0.9742990136146545
vn 0.001910788007080555 -0.074186772108078 -0.9972425103187561
vn -0.19592657685279846 -0.0704173594713211 -0.9780870079994202
vn -0.3811068832874298 -0.11906211823225021 -0.916832447052002
vn -0.3798716962337494 -0.07507968693971634 -0.9219872951507568
vn -0.5505412220954895 -0.12011482566595078 -0.8261215686798096
vn -0.5552704930305481 -0.07167203724384308 -0.8285757899284363
vn -0.7013270854949951 -0.11662746965885162 -0.7032341957092285
vn -0.7042468786239624 -0.07161490619182587 -0.7063339352607727
vn -0.8259004354476929 -0.12048159539699554 -0.5507928133010864
vn -0.8287992477416992 -0.07546036690473557 -0.5544344186782837
vn -0.917101263999939 -0.11677049100399017 -0.3811691105365753
vn -0.9217216968536377 -0.07168864458799362 -0.3811691105365753
vn -0.9737197756767273 -0.12057263404130936 -0.19321508705615997
vn -0.9782492518424988 -0.07547423243522644 -0.19321508705615997
vn -0.9927064776420593 -0.12053639441728592 0.002184694167226553
vn -0.9971474409103394 -0.07544711232185364 0.002184694167226553
vn -0.9874485731124878 -0.15792569518089294 0.002184694167226553
vn -0.9677747488021851 -0.16149303317070007 0.19321508705615997
vn -0.974193811416626 -0.11668062955141068 0.19321508705615997
vn -0.9119820594787598 -0.1614457219839096 0.37712597846984863
vn -0.9166370034217834 -0.12036050856113434 0.3811691105365753
vn -0.8213685750961304 -0.1612165868282318 0.5471406579017639
vn -0.8264608979225159 -0.11657482385635376 0.5507928133010864
vn -0.699691653251648 -0.1569400429725647 0.6969945430755615
vn -0.7007317543029785 -0.12015252560377121 0.7032341957092285
vn -0.5467946529388428 -0.1634083390235901 0.8211658596992493
vn -0.5506507754325867 -0.11961153149604797 0.8261215686798096
vn -0.37977010011672974 -0.15781556069850922 0.9115201234817505
vn -0.3800780475139618 -0.12230664491653442 0.916832447052002
vn -0.19366095960140228 -0.15923669934272766 0.9680594801902771
vn -0.19221104681491852 -0.11745772510766983 0.9742990136146545
vn -0.0018728610593825579 -0.16095328330993652 0.986960232257843
vn -0.0018674257444217801 -0.11768529564142227 0.9930492043495178
vn 0.19366095960140228 -0.15923669934272766 0.9680594801902771
vn 0.19023217260837555 -0.12063631415367126 0.9742990136146545
vn 0.3783087432384491 -0.16128727793693542 0.9115201234817505
vn 0.38121497631073 -0.11871551722288132 0.916832447052002
vn 0.5467946529388428 -0.1634083390235901 0.8211658596992493
vn 0.5506507754325867 -0.11961153149604797 0.8261215686798096
vn 0.699691653251648 -0.1569400429725647 0.6969945430755615
vn 0.7007317543029785 -0.12015252560377121 0.7032341957092285
vn 0.8220868706703186 -0.15751279890537262 0.5471406579017639
vn 0.8259255290031433 -0.12030945718288422 0.5507928133010864
vn 0.9126323461532593 -0.15772832930088043 0.37712597846984863
vn 0.9166370034217834 -0.12036050856113434 0.3811691105365753
vn 0.968388557434082 -0.15777048468589783 0.19321508705615997
vn 0.9737379550933838 -0.12042580544948578 0.19321508705615997
vn 0.9874485731124878 -0.15792569518089294 0.002184694167226553
vn 0.9927064776420593 -0.12053639441728592 0.002184694167226553
vn 0.9971474409103394 -0.07544711232185364 0.002184694167226553
vn 0.9737197756767273 -0.12057263404130936 -0.19321508705615997
vn 0.9782492518424988 -0.07547423243522644 -0.19321508705615997
vn 0.9166165590286255 -0.12051613628864288 -0.3811691105365753
vn 0.9214211106300354 -0.07545354217290878 -0.3811691105365753
vn 0.8259004354476929 -0.12048159539699554 -0.5507928133010864
vn 0.8287992477416992 -0.07546036690473557 -0.5544344186782837
vn 0.7006971836090088 -0.12035387009382248 -0.7032341957092285
vn 0.7038548588752747 -0.07537016272544861 -0.7063339352607727
vn 0.5505412220954895 -0.12011482566595078 -0.8261215686798096
vn 0.5547735691070557 -0.07542183995246887 -0.8285757899284363
vn 0.3811068832874298 -0.11906211823225021 -0.916832447052002
vn 0.3798716962337494 -0.07507968693971634 -0.9219872951507568
vn 0.19348372519016266 -0.11534924060106277 -0.9742990136146545
vn 0.19461560249328613 -0.0739634782075882 -0.9780870079994202
vn 0.0019059260375797749 -0.11768467724323273 -0.9930492043495178
vn 0.001910788007080555 -0.074186772108078 -0.9972425103187561
vn 0.999997615814209 0 0.002184694167226553
vn 0.9995414018630981 -0.0302029550075531 0.002184694167226553
vn 0.9811564087867737 0 0.19321508705615997
vn 0.9806922078132629 -0.030177798122167587 0.19321508705615997
vn 0.924505352973938 0 0.3811691105365753
vn 0.9240128993988037 -0.03017042577266693 0.3811691105365753
vn 0.978256344795227 -0.0753820389509201 0.19321508705615997
vn 0.9214290976524353 -0.07535576820373535 0.3811691105365753
vn 0.831680178642273 -0.030175428837537766 0.5544344186782837
vn 0.8288091421127319 -0.0753517746925354 0.5544344186782837
vn 0.7068755030632019 -0.03767484799027443 0.7063339352607727
vn 0.7038685083389282 -0.07524289935827255 0.7063339352607727
vn 0.554976761341095 -0.03763318806886673 0.8310141563415527
vn 0.5548171401023865 -0.07510079443454742 0.8285757899284363
vn 0.8322274088859558 0 0.5544344186782837
vn 0.7078787684440613 0 0.7063339352607727
vn 0.5562512278556824 0 0.8310141563415527
vn 0.3831879794597626 0 0.9236704111099243
vn 0.3813428282737732 -0.037558987736701965 0.9236704111099243
vn 0.19535815715789795 0 0.9807319641113281
vn 0.19611933827400208 -0.03733529895544052 0.97986900806427
vn 0 0 1
vn 0.0036530625075101852 -0.03475656732916832 0.999389111995697
vn 0.19492092728614807 -0.07315504550933838 0.9780870079994202
vn -0.0018501408630982041 -0.07418830692768097 0.9972425103187561
vn -0.19678694009780884 -0.03363952413201332 0.97986900806427
vn -0.19620272517204285 -0.06964423507452011 0.9780870079994202
vn 0.3799169957637787 -0.0748501867055893 0.9219872951507568
vn -0.19535815715789795 -4.0404579503125135e-14 0.9807319641113281
vn -0.3831879794597626 -7.925212949008026e-14 0.9236704111099243
vn -0.3813428282737732 -0.037558987736701965 0.9236704111099243
vn -0.5562512278556824 -1.150456140942835e-13 0.8310141563415527
vn -0.554976761341095 -0.03763318806886673 0.8310141563415527
vn -0.7078787684440613 -1.4640568759497624e-13 0.7063339352607727
vn -0.7068755030632019 -0.03767484799027443 0.7063339352607727
vn -0.5553097724914551 -0.07136676460504532 0.8285757899284363
vn -0.7038685083389282 -0.07524289935827255 0.7063339352607727
vn -0.8315348625183105 -0.03394538164138794 0.5544344186782837
vn -0.8291422128677368 -0.0715937539935112 0.5544344186782837
vn -0.3806270360946655 -0.07115152478218079 0.9219872951507568
vn -0.8322188854217529 0.0037727425806224346 0.5544344186782837
vn -0.924505352973938 -1.9120906843538704e-13 0.3811691105365753
vn -0.9240128993988037 -0.03017042577266693 0.3811691105365753
vn -0.9811491966247559 0.0037728105671703815 0.19321508705615997
vn -0.9805689454078674 -0.03394860029220581 0.19321508705615997
vn -0.999997615814209 -2.0682260971124217e-13 0.002184694167226553
vn -0.9995414018630981 -0.0302029550075531 0.002184694167226553
vn -0.978538990020752 -0.07161982357501984 0.19321508705615997
vn -0.9214290976524353 -0.07535576820373535 0.3811691105365753
vn -2.0682311115474694e-13 0 -1
vn 0.001958925975486636 0.02614004909992218 -0.9996563792228699
vn -0.19535815715789795 -4.0404579503125135e-14 -0.9807319641113281
vn -0.19301187992095947 0.030186505988240242 -0.9807319641113281
vn -0.3831879794597626 -7.925212949008026e-14 -0.9236704111099243
vn -0.38199183344841003 0.030253274366259575 -0.9236704111099243
vn -0.5562512278556824 -1.150456140942835e-13 -0.8310141563415527
vn -0.5554283857345581 0.03024507313966751 -0.8310141563415527
vn -0.7078686952590942 0.0037756471429020166 -0.7063339352607727
vn -0.7073854207992554 0.026423515751957893 -0.7063339352607727
vn -0.8322274088859558 -1.721238575931247e-13 -0.5544344186782837
vn -0.8316786289215088 0.03021901473402977 -0.5544344186782837
vn -0.9244976043701172 0.0037768674083054066 -0.3811691105365753
vn -0.9241273403167725 0.02643454261124134 -0.3811691105365753
vn -0.9811564087867737 -2.0249009717240862e-13 -0.19321508705615997
vn -0.9806910753250122 0.030214769765734673 -0.19321508705615997
vn -0.999997615814209 -2.0682260971124217e-13 0.002184694167226553
vn -0.9995414018630981 0.0302029550075531 0.002184694167226553
vn -0.9776390790939331 0.0830044224858284 -0.19321508705615997
vn -0.9965491890907288 0.08297525346279144 0.002184694167226553
vn -0.9727625250816345 0.12806661427021027 -0.19321508705615997
vn -0.991767942905426 0.1280297040939331 0.002184694167226553
vn 0.0018875952810049057 0.08290162682533264 -0.9965559244155884
vn -0.9161165952682495 0.12425976991653442 -0.3811691105365753
vn -0.921105146408081 0.07921718060970306 -0.3811691105365753
vn -0.8247758150100708 0.1279539167881012 -0.5507928133010864
vn -0.8280799388885498 0.08298243582248688 -0.5544344186782837
vn -0.7025109529495239 0.12770625948905945 -0.7001210451126099
vn -0.7034428715705872 0.07912327349185944 -0.7063339352607727
vn -0.5542513728141785 0.07916820794343948 -0.8285757899284363
vn -0.5534139275550842 0.12381894886493683 -0.8236515522003174
vn -0.37878549098968506 0.1262529045343399 -0.916832447052002
vn -0.383211612701416 0.07887653261423111 -0.9202865362167358
vn -0.19629506766796112 0.08130808174610138 -0.9771679639816284
vn 0.001890473417006433 0.12635940313339233 -0.9919826984405518
vn -0.19252043962478638 0.12494921684265137 -0.9733054637908936
vn -0.0018966591451317072 0.14367829263210297 -0.9896226525306702
vn 0.0018949470249935985 0.16526418924331665 -0.9862475395202637
vn -0.19166244566440582 0.14111806452274323 -0.9712626934051514
vn -0.1931261122226715 0.16643580794334412 -0.9669547080993652
vn -0.37660184502601624 0.1442263275384903 -0.9150791168212891
vn -0.37508341670036316 0.1686520129442215 -0.9115201234817505
vn -0.5499138832092285 0.13853831589221954 -0.8236515522003174
vn -0.5492345094680786 0.16772007942199707 -0.8186644315719604
vn -0.6996522545814514 0.14253854751586914 -0.7001210451126099
vn -0.6978764533996582 0.16482427716255188 -0.6969945430755615
vn -0.544699490070343 0.19288821518421173 -0.8161473870277405
vn -0.37496650218963623 0.19614139199256897 -0.9060511589050293
vn -0.18814851343631744 0.19616305828094482 -0.962351381778717
vn 0.00378825468942523 0.19532142579555511 -0.9807319641113281
vn -0.8223237991333008 0.14286647737026215 -0.5507928133010864
vn -0.8205865621566772 0.16515092551708221 -0.5471406579017639
vn -0.9156562089920044 0.13910338282585144 -0.37712597846984863
vn -0.9106361269950867 0.1688723862171173 -0.37712597846984863
vn -0.970674991607666 0.14303134381771088 -0.19321508705615997
vn -0.9671123027801514 0.1654137223958969 -0.19321508705615997
vn -0.9897211194038391 0.1429940164089203 0.002184694167226553
vn -0.6924728751182556 0.1976029872894287 -0.6938546895980835
vn -0.8165376782417297 0.19467344880104065 -0.5434780716896057
vn -0.9062357544898987 0.19108310341835022 -0.37712597846984863
vn -0.9615597128868103 0.19511756300926208 -0.19321508705615997
vn -0.986227810382843 0.16537824273109436 0.002184694167226553
vn -0.9807829260826111 0.19508986175060272 0.002184694167226553
vn -0.999997615814209 -2.0682260971124217e-13 0.002184694167226553
vn -0.9811491966247559 0.0037728105671703815 0.19321508705615997
vn -0.999997615814209 -2.0682260971124217e-13 0.002184694167226553
vn -0.9811491966247559 0.0037728105671703815 0.19321508705615997
vn -0.9811491966247559 0.0037728105671703815 0.19321508705615997
vn -0.924505352973938 -1.9120906843538704e-13 0.3811691105365753
vn -0.924505352973938 -1.9120906843538704e-13 0.3811691105365753
vn -0.8322188854217529 0.0037727425806224346 0.5544344186782837
vn -0.8322188854217529 0.0037727425806224346 0.5544344186782837
vn -0.7078787684440613 -1.4640568759497624e-13 0.7063339352607727
vn -0.7078787684440613 -1.4640568759497624e-13 0.7063339352607727
vn -0.5562512278556824 -1.150456140942835e-13 0.8310141563415527
vn -0.5562512278556824 -1.150456140942835e-13 0.8310141563415527
vn -0.7078787684440613 -1.4640568759497624e-13 0.7063339352607727
vn -0.924505352973938 -1.9120906843538704e-13 0.3811691105365753
vn -0.8322188854217529 0.0037727425806224346 0.5544344186782837
vn -0.3831879794597626 -7.925212949008026e-14 0.9236704111099243
vn -0.3831879794597626 -7.925212949008026e-14 0.9236704111099243
vn -0.5562512278556824 -1.150456140942835e-13 0.8310141563415527
vn -0.3831879794597626 -7.925212949008026e-14 0.9236704111099243
vn -0.19535815715789795 -4.0404579503125135e-14 0.9807319641113281
vn -0.19535815715789795 -4.0404579503125135e-14 0.9807319641113281
vn 0 0 1
vn 0 0 1
vn -0.19535815715789795 -4.0404579503125135e-14 0.9807319641113281
vn 0 0 1
vn 0.19535815715789795 0 0.9807319641113281
vn 0.19535815715789795 0 0.9807319641113281
vn 0.3831879794597626 0 0.9236704111099243
vn 0.3831879794597626 0 0.9236704111099243
vn 0.5562512278556824 0 0.8310141563415527
vn 0.5562512278556824 0 0.8310141563415527
vn 0.7078787684440613 0 0.7063339352607727
vn 0.7078787684440613 0 0.7063339352607727
vn 0.5562512278556824 0 0.8310141563415527
vn 0.3831879794597626 0 0.9236704111099243
vn 0.19535815715789795 0 0.9807319641113281
vn 0.8322274088859558 0 0.5544344186782837
vn 0.8322274088859558 0 0.5544344186782837
vn 0.924505352973938 0 0.3811691105365753
vn 0.924505352973938 0 0.3811691105365753
vn 0.9811564087867737 0 0.19321508705615997
vn 0.9811564087867737 0 0.19321508705615997
vn 0.999997615814209 0 0.002184694167226553
vn 0.7078787684440613 0 0.7063339352607727
vn 0.8322274088859558 0 0.5544344186782837
vn 0.924505352973938 0 0.3811691105365753
vn 0.9811564087867737 0 0.19321508705615997
vn 0.999997615814209 0 0.002184694167226553
vn 0.999997615814209 0 0.002184694167226553
vn 0.9811564087867737 0 -0.19321508705615997
vn 0.9995414018630981 0.0302029550075531 0.002184694167226553
vn 0.9806910753250122 0.030214769765734673 -0.19321508705615997
vn 0.9965491890907288 0.08297525346279144 0.002184694167226553
vn 0.924505352973938 0 -0.3811691105365753
vn 0.9240116477012634 0.030209645628929138 -0.3811691105365753
vn 0.8322274088859558 0 -0.5544344186782837
vn 0.8316786289215088 0.03021901473402977 -0.5544344186782837
vn 0.7078787684440613 0 -0.7063339352607727
vn 0.7072344422340393 0.03019615449011326 -0.7063339352607727
vn 0.5562512278556824 0 -0.8310141563415527
vn 0.5554283857345581 0.03024507313966751 -0.8310141563415527
vn 0.3831879794597626 0 -0.9236704111099243
vn 0.38199183344841003 0.030253274366259575 -0.9236704111099243
vn 0.19535815715789795 0 -0.9807319641113281
vn 0.19301187992095947 0.030186505988240242 -0.9807319641113281
vn -2.0682311115474694e-13 0 -1
vn 0.001958925975486636 0.02614004909992218 -0.9996563792228699
vn 0.19629506766796112 0.08130808174610138 -0.9771679639816284
vn 0.0018875952810049057 0.08290162682533264 -0.9965559244155884
vn 0.19043931365013123 0.1280987709760666 -0.9733054637908936
vn 0.001890473417006433 0.12635940313339233 -0.9919826984405518
vn 0.37878549098968506 0.1262529045343399 -0.916832447052002
vn 0.3824312686920166 0.08257708698511124 -0.9202865362167358
vn 0.5537038445472717 0.08291095495223999 -0.8285757899284363
vn 0.7030108571052551 0.08287414163351059 -0.7063339352607727
vn 0.8280799388885498 0.08298243582248688 -0.5544344186782837
vn 0.5525757670402527 0.12750746309757233 -0.8236515522003174
vn 0.7025109529495239 0.12770625948905945 -0.7001210451126099
vn 0.8247758150100708 0.1279539167881012 -0.5507928133010864
vn 0.9156013131141663 0.12800133228302002 -0.3811691105365753
vn 0.9207738637924194 0.08297949284315109 -0.3811691105365753
vn 0.9776390790939331 0.0830044224858284 -0.19321508705615997
vn 0.991767942905426 0.1280297040939331 0.002184694167226553
vn 0.9727625250816345 0.12806661427021027 -0.19321508705615997
vn 0.9897211194038391 0.1429940164089203 0.002184694167226553
vn 0.986227810382843 0.16537824273109436 0.002184694167226553
vn 0.970674991607666 0.14303134381771088 -0.19321508705615997
vn 0.9671123027801514 0.1654137223958969 -0.19321508705615997
vn 0.915081799030304 0.14283323287963867 -0.37712597846984863
vn 0.9113166332244873 0.1651604175567627 -0.37712597846984863
vn 0.8223237991333008 0.14286647737026215 -0.5507928133010864
vn 0.8205865621566772 0.16515092551708221 -0.5471406579017639
vn 0.6996522545814514 0.14253854751586914 -0.7001210451126099
vn 0.6978764533996582 0.16482427716255188 -0.6969945430755615
vn 0.8165376782417297 0.19467344880104065 -0.5434780716896057
vn 0.905449628829956 0.19477413594722748 -0.37712597846984863
vn 0.9615597128868103 0.19511756300926208 -0.19321508705615997
vn 0.9807829260826111 0.19508986175060272 0.002184694167226553
vn 0.5489775538444519 0.1422031670808792 -0.8236515522003174
vn 0.5503271818161011 0.16409912705421448 -0.8186644315719604
vn 0.37793779373168945 0.14068830013275146 -0.9150791168212891
vn 0.37508341670036316 0.1686520129442215 -0.9115201234817505
vn 0.19166244566440582 0.14111806452274323 -0.9712626934051514
vn 0.1931261122226715 0.16643580794334412 -0.9669547080993652
vn -0.0018966591451317072 0.14367829263210297 -0.9896226525306702
vn 0.693499743938446 0.19396844506263733 -0.6938546895980835
vn 0.544699490070343 0.19288821518421173 -0.8161473870277405
vn 0.37496650218963623 0.19614139199256897 -0.9060511589050293
vn 0.18814851343631744 0.19616305828094482 -0.962351381778717
vn 0.0018949470249935985 0.16526418924331665 -0.9862475395202637
vn 0.00378825468942523 0.19532142579555511 -0.9807319641113281
vn 3.097898456858039e-13 -0.999997615814209 0.002184694167226553
vn 3.097898456858039e-13 -0.999997615814209 0.002184694167226553
vn 3.097898456858039e-13 -0.999997615814209 0.002184694167226553
vn 3.097898456858039e-13 -0.999997615814209 0.002184694167226553
vn 3.097898456858039e-13 -0.999997615814209 0.002184694167226553
vn 3.097898456858039e-13 -0.999997615814209 0.002184694167226553
vn 3.097898456858039e-13 -0.999997615814209 0.002184694167226553
vn 3.097898456858039e-13 -0.999997615814209 0.002184694167226553
vn 3.097898456858039e-13 -0.999997615814209 0.002184694167226553
vn 3.097898456858039e-13 -0.999997615814209 0.002184694167226553
vn 3.097898456858039e-13 -0.999997615814209 0.002184694167226553
vn 3.097898456858039e-13 -0.999997615814209 0.002184694167226553
vn 3.097898456858039e-13 -0.999997615814209 0.002184694167226553
vn 3.097898456858039e-13 -0.999997615814209 0.002184694167226553
vn 3.097898456858039e-13 -0.999997615814209 0.002184694167226553
vn 3.097898456858039e-13 -0.999997615814209 0.002184694167226553
vn 3.097898456858039e-13 -0.999997615814209 0.002184694167226553
vn 3.097898456858039e-13 -0.999997615814209 0.002184694167226553
vn 3.097898456858039e-13 -0.999997615814209 0.002184694167226553
vn 3.097898456858039e-13 -0.999997615814209 0.002184694167226553
vn 3.097898456858039e-13 -0.999997615814209 0.002184694167226553
vn 3.097898456858039e-13 -0.999997615814209 0.002184694167226553
vn 3.097898456858039e-13 -0.999997615814209 0.002184694167226553
vn 3.097898456858039e-13 -0.999997615814209 0.002184694167226553
vn 3.097898456858039e-13 -0.999997615814209 0.002184694167226553
vn 3.097898456858039e-13 -0.999997615814209 0.002184694167226553
vn 3.097898456858039e-13 -0.999997615814209 0.002184694167226553
vn 3.097898456858039e-13 -0.999997615814209 0.002184694167226553
vn 3.097898456858039e-13 -0.999997615814209 0.002184694167226553
vn 3.097898456858039e-13 -0.999997615814209 0.002184694167226553
vn 3.097898456858039e-13 -0.999997615814209 0.002184694167226553
vn 3.097898456858039e-13 -0.999997615814209 0.002184694167226553
vn 3.097898456858039e-13 -0.999997615814209 0.002184694167226553
vn 3.097898456858039e-13 -0.999997615814209 0.002184694167226553
vn 3.097898456858039e-13 -0.999997615814209 0.002184694167226553
vn 3.097898456858039e-13 -0.999997615814209 0.002184694167226553
vn 3.097898456858039e-13 -0.999997615814209 0.002184694167226553
vn 3.097898456858039e-13 -0.999997615814209 0.002184694167226553
vn 3.097898456858039e-13 -0.999997615814209 0.002184694167226553
vn 3.097898456858039e-13 -0.999997615814209 0.002184694167226553
vn 3.097898456858039e-13 -0.999997615814209 0.002184694167226553
vn 3.097898456858039e-13 -0.999997615814209 0.002184694167226553
vn 3.097898456858039e-13 -0.999997615814209 0.002184694167226553
vn 3.097898456858039e-13 -0.999997615814209 0.002184694167226553
vn 3.097898456858039e-13 -0.999997615814209 0.002184694167226553
vn 3.097898456858039e-13 -0.999997615814209 0.002184694167226553
vn 3.097898456858039e-13 -0.999997615814209 0.002184694167226553
vn 3.097898456858039e-13 -0.999997615814209 0.002184694167226553
vn 3.097898456858039e-13 -0.999997615814209 0.002184694167226553
vn 3.097898456858039e-13 -0.999997615814209 0.002184694167226553
vn 3.097898456858039e-13 -0.999997615814209 0.002184694167226553
vn 3.097898456858039e-13 -0.999997615814209 0.002184694167226553
vn 3.097898456858039e-13 -0.999997615814209 0.002184694167226553
vn 3.097898456858039e-13 -0.999997615814209 0.002184694167226553
vn 3.097898456858039e-13 -0.999997615814209 0.002184694167226553
vn 3.097898456858039e-13 -0.999997615814209 0.002184694167226553
vn 3.097898456858039e-13 -0.999997615814209 0.002184694167226553
vn 3.097898456858039e-13 -0.999997615814209 0.002184694167226553
vn 3.097898456858039e-13 -0.999997615814209 0.002184694167226553
vn 3.097898456858039e-13 -0.999997615814209 0.002184694167226553
vn 3.097898456858039e-13 -0.999997615814209 0.002184694167226553
vn 3.097898456858039e-13 -0.999997615814209 0.002184694167226553
vn 3.097898456858039e-13 -0.999997615814209 0.002184694167226553
vn 3.097898456858039e-13 -0.999997615814209 0.002184694167226553
vn 0.7788705825805664 -0.052864495664834976 -0.6249527335166931
vn 0.5632888078689575 -0.015128628350794315 -0.8261215686798096
vn 0.9427279829978943 -0.030192913487553596 -0.33219319581985474
vn 0.5596725344657898 -0.015128526836633682 -0.8285757899284363
vn 0.46614912152290344 0.0075688851065933704 -0.8846737742424011
vn 0.46614912152290344 0.0075688851065933704 -0.8846737742424011
vn 0.3911718726158142 0.007563420571386814 -0.9202865362167358
vn 0.3911718726158142 0.007563420571386814 -0.9202865362167358
vn 0.999997615814209 0 0.002184694167226553
vn 0.999997615814209 0 0.002184694167226553
vn 0.999997615814209 0 0.002184694167226553
vn 0.999997615814209 0 0.002184694167226553
vn 0.999997615814209 0 0.002184694167226553
vn 0.999997615814209 0 0.002184694167226553
vn 0.999997615814209 0 0.002184694167226553
vn 0.999997615814209 0 0.002184694167226553
vn 0.999997615814209 0 0.002184694167226553
vn 0.999997615814209 0 0.002184694167226553
vn 0.999997615814209 0 0.002184694167226553
vn 0.999997615814209 0 0.002184694167226553
vn 0.9973737001419067 0.007550365757197142 -0.07203252613544464
vn 0.9957336187362671 0.02264459803700447 -0.08945280313491821
vn 0.9369879961013794 0.022647753357887268 -0.34862664341926575
vn 0.9242381453514099 0.09802757203578949 -0.3690181374549866
vn 0.8432953953742981 0.03776439651846886 -0.5361219048500061
vn 0.8367506265640259 0.12793894112110138 -0.5324283838272095
vn 0.9151546359062195 0.18757151067256927 -0.3568037748336792
vn 0.815160870552063 0.2600981891155243 -0.5175535082817078
vn 0.9037201404571533 0.2170611172914505 -0.3690181374549866
vn 0.8022180199623108 0.31030407547950745 -0.5100564956665039
vn 0.9904640316963196 0.06791415065526962 -0.11986933648586273
vn 0.9945614337921143 0.04525928944349289 -0.09380380809307098
vn 0.999997615814209 0 0.002184694167226553
vn 0.999997615814209 0 0.002184694167226553
vn 0.999997615814209 0 0.002184694167226553
vn 0.999997615814209 0 0.002184694167226553
vn 0.999997615814209 0 0.002184694167226553
vn 0.999997615814209 0 0.002184694167226553
vn 0.999997615814209 0 0.002184694167226553
vn 0.999997615814209 0 0.002184694167226553
vn 0.999997615814209 0 0.002184694167226553
vn 0.999997615814209 0 0.002184694167226553
vn 0.999997615814209 0 0.002184694167226553
vn -0.8432953953742981 0.03776439651846886 -0.5361219048500061
vn -0.8367506265640259 0.12793894112110138 -0.5324283838272095
vn -0.9369879961013794 0.022647753357887268 -0.34862664341926575
vn -0.9238321185112 0.10178299993276596 -0.3690181374549866
vn -0.9973737001419067 0.007550365757197142 -0.07203252613544464
vn -0.9956406354904175 0.026417875662446022 -0.08945280313491821
vn -0.999997615814209 -2.0682260971124217e-13 0.002184694167226553
vn -0.815160870552063 0.2600981891155243 -0.5175535082817078
vn -0.9143887758255005 0.1912701427936554 -0.3568037748336792
vn -0.8008468151092529 0.31382590532302856 -0.5100564956665039
vn -0.9028304815292358 0.220732182264328 -0.3690181374549866
vn -0.9943827986717224 0.04902796074748039 -0.09380380809307098
vn -0.9904640316963196 0.06791415065526962 -0.11986933648586273
vn -0.999997615814209 -2.0682260971124217e-13 0.002184694167226553
vn -0.999997615814209 -2.0682260971124217e-13 0.002184694167226553
vn -0.999997615814209 -2.0682260971124217e-13 0.002184694167226553
vn -0.999997615814209 -2.0682260971124217e-13 0.002184694167226553
vn -0.999997615814209 -2.0682260971124217e-13 0.002184694167226553
vn -0.999997615814209 -2.0682260971124217e-13 0.002184694167226553
vn -0.999997615814209 -2.0682260971124217e-13 0.002184694167226553
vn -0.999997615814209 -2.0682260971124217e-13 0.002184694167226553
vn -0.999997615814209 -2.0682260971124217e-13 0.002184694167226553
vn -0.9428412914276123 -0.026419857516884804 -0.33219319581985474
vn -0.999997615814209 -2.0682260971124217e-13 0.002184694167226553
vn -0.999997615814209 -2.0682260971124217e-13 0.002184694167226553
vn -0.999997615814209 -2.0682260971124217e-13 0.002184694167226553
vn -0.999997615814209 -2.0682260971124217e-13 0.002184694167226553
vn -0.999997615814209 -2.0682260971124217e-13 0.002184694167226553
vn -0.999997615814209 -2.0682260971124217e-13 0.002184694167226553
vn -0.999997615814209 -2.0682260971124217e-13 0.002184694167226553
vn -0.999997615814209 -2.0682260971124217e-13 0.002184694167226553
vn -0.999997615814209 -2.0682260971124217e-13 0.002184694167226553
vn -0.999997615814209 -2.0682260971124217e-13 0.002184694167226553
vn -0.999997615814209 -2.0682260971124217e-13 0.002184694167226553
vn -0.999997615814209 -2.0682260971124217e-13 0.002184694167226553
vn -0.999997615814209 -2.0682260971124217e-13 0.002184694167226553
vn 0.1353355497121811 0.1287292093038559 0.9824016690254211
vn 0.10949733108282089 0.02933972142636776 0.9935539960861206
vn -0.0018551399698480964 0.1263599395751953 0.9919826984405518
vn -0.0017888620495796204 0.026152238249778748 0.9996563792228699
vn -0.13788416981697083 0.12599553167819977 0.9824016690254211
vn -0.10949733108282089 0.02933972142636776 0.9935539960861206
vn 0 0 1
vn -0.10901768505573273 -2.254737669900135e-14 0.9940398335456848
vn 0 0 1
vn -0.10901768505573273 -2.254737669900135e-14 0.9940398335456848
vn 0.10901768505573273 0 0.9940398335456848
vn 0.10901768505573273 0 0.9940398335456848
vn -0.39108049869537354 0.011344247497618198 -0.9202865362167358
vn -0.39108049869537354 0.011344247497618198 -0.9202865362167358
vn -0.46607232093811035 0.011352704837918282 -0.8846737742424011
vn -0.46607232093811035 0.011352704837918282 -0.8846737742424011
vn -0.5632888078689575 -0.015128628350794315 -0.8261215686798096
vn -0.5597619414329529 -0.011346999555826187 -0.8285757899284363
vn -0.778605580329895 -0.05663411319255829 -0.6249527335166931
vn 0.7788760662078857 -0.052783288061618805 0.6249527335166931
vn 0.563290536403656 -0.015064266510307789 0.8261215686798096
vn 0.9427279829978943 -0.030192913487553596 0.33219319581985474
vn 0.5596742630004883 -0.015063751488924026 0.8285757899284363
vn 0.4661497473716736 0.0075299739837646484 0.8846737742424011
vn 0.4661497473716736 0.0075299739837646484 0.8846737742424011
vn 0.39117276668548584 0.007517166901379824 0.9202865362167358
vn 0.39117276668548584 0.007517166901379824 0.9202865362167358
vn 0.999997615814209 0 0.002184694167226553
vn 0.999997615814209 0 0.002184694167226553
vn 0.999997615814209 0 0.002184694167226553
vn 0.999997615814209 0 0.002184694167226553
vn 0.999997615814209 0 0.002184694167226553
vn 0.999997615814209 0 0.002184694167226553
vn 0.999997615814209 0 0.002184694167226553
vn 0.999997615814209 0 0.002184694167226553
vn 0.999997615814209 0 0.002184694167226553
vn 0.999997615814209 0 0.002184694167226553
vn 0.999997615814209 0 0.002184694167226553
vn 0.999997615814209 0 0.002184694167226553
vn 0.9973737001419067 0.007550365757197142 0.07203252613544464
vn 0.9957336187362671 0.02264459803700447 0.08945280313491821
vn 0.9369879961013794 0.022647753357887268 0.34862664341926575
vn 0.9242515563964844 0.09790139645338058 0.3690181374549866
vn 0.8432978391647339 0.03771071508526802 0.5361219048500061
vn 0.8367781639099121 0.12775886058807373 0.5324283838272095
vn 0.915203332901001 0.18733370304107666 0.3568037748336792
vn 0.8152734637260437 0.2597450315952301 0.5175535082817078
vn 0.9037861824035645 0.21678589284420013 0.3690181374549866
vn 0.8023778796195984 0.3098905086517334 0.5100564956665039
vn 0.9904640316963196 0.06791415065526962 0.11986933648586273
vn 0.9945614337921143 0.04525928944349289 0.09380380809307098
vn 0.999997615814209 0 0.002184694167226553
vn 0.999997615814209 0 0.002184694167226553
vn 0.999997615814209 0 0.002184694167226553
vn 0.999997615814209 0 0.002184694167226553
vn 0.999997615814209 0 0.002184694167226553
vn 0.999997615814209 0 0.002184694167226553
vn 0.999997615814209 0 0.002184694167226553
vn 0.999997615814209 0 0.002184694167226553
vn 0.999997615814209 0 0.002184694167226553
vn 0.999997615814209 0 0.002184694167226553
vn 0.999997615814209 0 0.002184694167226553
vn -0.8434579372406006 0.03394179046154022 0.5361219048500061
vn -0.8373391628265381 0.124028779566288 0.5324283838272095
vn -0.9369879961013794 0.022647753357887268 0.34862664341926575
vn -0.9242515563964844 0.09790139645338058 0.3690181374549866
vn -0.9973737001419067 0.007550365757197142 0.07203252613544464
vn -0.8141211271286011 0.263334721326828 0.5175535082817078
vn -0.915203332901001 0.18733370304107666 0.3568037748336792
vn -0.8023778796195984 0.3098905086517334 0.5100564956665039
vn -0.9037861824035645 0.21678589284420013 0.3690181374549866
vn -0.9943827986717224 0.04902796074748039 0.09380380809307098
vn -0.9904640316963196 0.06791415065526962 0.11986933648586273
vn -0.9956406354904175 0.026417875662446022 0.08945280313491821
vn -0.999997615814209 -2.0682260971124217e-13 0.002184694167226553
vn -0.999997615814209 -2.0682260971124217e-13 0.002184694167226553
vn -0.999997615814209 -2.0682260971124217e-13 0.002184694167226553
vn -0.999997615814209 -2.0682260971124217e-13 0.002184694167226553
vn -0.999997615814209 -2.0682260971124217e-13 0.002184694167226553
vn -0.999997615814209 -2.0682260971124217e-13 0.002184694167226553
vn -0.999997615814209 -2.0682260971124217e-13 0.002184694167226553
vn -0.999997615814209 -2.0682260971124217e-13 0.002184694167226553
vn -0.999997615814209 -2.0682260971124217e-13 0.002184694167226553
vn -0.999997615814209 -2.0682260971124217e-13 0.002184694167226553
vn -0.999997615814209 -2.0682260971124217e-13 0.002184694167226553
vn -0.999997615814209 -2.0682260971124217e-13 0.002184694167226553
vn -0.999997615814209 -2.0682260971124217e-13 0.002184694167226553
vn -0.999997615814209 -2.0682260971124217e-13 0.002184694167226553
vn -0.999997615814209 -2.0682260971124217e-13 0.002184694167226553
vn -0.999997615814209 -2.0682260971124217e-13 0.002184694167226553
vn -0.999997615814209 -2.0682260971124217e-13 0.002184694167226553
vn -0.999997615814209 -2.0682260971124217e-13 0.002184694167226553
vn -0.9428412914276123 -0.026419857516884804 0.33219319581985474
vn -0.999997615814209 -2.0682260971124217e-13 0.002184694167226553
vn -0.999997615814209 -2.0682260971124217e-13 0.002184694167226553
vn -0.999997615814209 -2.0682260971124217e-13 0.002184694167226553
vn -0.999997615814209 -2.0682260971124217e-13 0.002184694167226553
vn -0.999997615814209 -2.0682260971124217e-13 0.002184694167226553
vn -0.7788760662078857 -0.052783288061618805 0.6249527335166931
vn -0.5597629547119141 -0.011298410594463348 0.8285757899284363
vn -0.563290536403656 -0.015064266510307789 0.8261215686798096
vn -0.4660737216472626 0.011294347234070301 0.8846737742424011
vn -0.4660737216472626 0.011294347234070301 0.8846737742424011
vn -0.3910824954509735 0.011274882592260838 0.9202865362167358
vn -0.3910824954509735 0.011274882592260838 0.9202865362167358
vn 0.1392262876033783 0.12451087683439255 -0.9824016690254211
vn 0.001890473417006433 0.12635940313339233 -0.9919826984405518
vn 0.10933221131563187 0.029949186369776726 -0.9935539960861206
vn 0.001958925975486636 0.02614004909992218 -0.9996563792228699
vn 0.10901768505573273 0 -0.9940398335456848
vn -2.0682311115474694e-13 0 -1
vn 0.10901768505573273 0 -0.9940398335456848
vn -2.0682311115474694e-13 0 -1
vn -0.10901768505573273 -2.2595789714134618e-14 -0.9940398335456848
vn -0.10901768505573273 -2.2595789714134618e-14 -0.9940398335456848
vn -0.13667424023151398 0.1273069977760315 -0.9824016690254211
vn -0.10933221131563187 0.029949186369776726 -0.9935539960861206
vn 0.624433696269989 -0.05273794010281563 0.7792953848838806
vn 0.8272130489349365 -0.015088850632309914 0.5616858005523682
vn 0.33289775252342224 -0.03006931208074093 0.9424833655357361
vn 0.8272130489349365 -0.015088850632309914 0.5616858005523682
vn 0.8856580853462219 0.007540499325841665 0.4642767012119293
vn 0.8836209774017334 0.007543599233031273 0.46814218163490295
vn 0.9211081862449646 0.007545792497694492 0.3892335295677185
vn 0.9211081862449646 0.007545792497694492 0.3892335295677185
vn 0 0 1
vn 0 0 1
vn 0 0 1
vn 0 0 1
vn 0 0 1
vn 0 0 1
vn 0 0 1
vn 0 0 1
vn 0 0 1
vn 0 0 1
vn 0 0 1
vn 0 0 1
vn 0.0738425999879837 0.007389066740870476 0.9972425103187561
vn 0.08896596729755402 0.02192814089357853 0.9957932829856873
vn 0.3499480187892914 0.02254430018365383 0.9364978075027466
vn 0.3688012659549713 0.10401271283626556 0.9236704111099243
vn 0.5366485118865967 0.03760996833443642 0.8429672718048096
vn 0.5303533673286438 0.12684255838394165 0.838234007358551
vn 0.3568125367164612 0.18792285025119781 0.9150791168212891
vn 0.5193111896514893 0.2614322304725647 0.8136147856712341
vn 0.36895614862442017 0.21518699824810028 0.9041935205459595
vn 0.5094301104545593 0.31516483426094055 0.8007197380065918
vn 0.123401939868927 0.06476633250713348 0.9902410507202148
vn 0.09186956286430359 0.05016457661986351 0.9945066571235657
vn 0 0 1
vn 0 0 1
vn 0 0 1
vn 0 0 1
vn 0 0 1
vn 0 0 1
vn 0 0 1
vn 0 0 1
vn 0 0 1
vn 0 0 1
vn 0 0 1
vn 0.5366367101669312 0.03777797147631645 -0.8429672718048096
vn 0.5302216410636902 0.12739218771457672 -0.838234007358551
vn 0.3499380350112915 0.022699028253555298 -0.9364978075027466
vn 0.37061652541160583 0.09734684228897095 -0.9236704111099243
vn 0.07381804287433624 0.007630487438291311 -0.9972425103187561
vn 0.08882471174001694 0.022493472322821617 -0.9957932829856873
vn -2.0682311115474694e-13 0 -1
vn 0.5188053846359253 0.26243463158607483 -0.8136147856712341
vn 0.35626715421676636 0.188954696059227 -0.9150791168212891
vn 0.5090791583061218 0.31573137640953064 -0.8007197380065918
vn 0.3683144152164459 0.21628355979919434 -0.9041935205459595
vn 0.09499892592430115 0.043951183557510376 -0.9945066571235657
vn 0.12313101440668106 0.06527993083000183 -0.9902410507202148
vn -2.0682311115474694e-13 0 -1
vn -2.0682311115474694e-13 0 -1
vn -2.0682311115474694e-13 0 -1
vn -2.0682311115474694e-13 0 -1
vn -2.0682311115474694e-13 0 -1
vn -2.0682311115474694e-13 0 -1
vn -2.0682311115474694e-13 0 -1
vn -2.0682311115474694e-13 0 -1
vn -2.0682311115474694e-13 0 -1
vn 0.33288800716400146 -0.030177179723978043 -0.9424833655357361
vn -2.0682311115474694e-13 0 -1
vn -2.0682311115474694e-13 0 -1
vn -2.0682311115474694e-13 0 -1
vn -2.0682311115474694e-13 0 -1
vn -2.0682311115474694e-13 0 -1
vn -2.0682311115474694e-13 0 -1
vn -2.0682311115474694e-13 0 -1
vn -2.0682311115474694e-13 0 -1
vn -2.0682311115474694e-13 0 -1
vn -2.0682311115474694e-13 0 -1
vn -2.0682311115474694e-13 0 -1
vn -2.0682311115474694e-13 0 -1
vn -2.0682311115474694e-13 0 -1
vn -0.9827324151992798 0.12414797395467758 0.1372016966342926
vn -0.9934478998184204 0.02642347291111946 0.1111890971660614
vn -0.991767942905426 0.1280297040939331 0.002184694167226553
vn -0.9995414018630981 0.0302029550075531 0.002184694167226553
vn -0.982232391834259 0.12804363667964935 -0.1372016966342926
vn -0.9934478998184204 0.02642347291111946 -0.1111890971660614
vn -0.999997615814209 -2.0682260971124217e-13 0.002184694167226553
vn -0.9937921166419983 0.0037752175703644753 -0.1111890971660614
vn -0.999997615814209 -2.0682260971124217e-13 0.002184694167226553
vn -0.9937921166419983 0.0037752175703644753 -0.1111890971660614
vn -0.9937921166419983 0.0037752175703644753 0.1111890971660614
vn -0.9937921166419983 0.0037752175703644753 0.1111890971660614
vn 0.9211081266403198 0.0075556435622274876 -0.3892335295677185
vn 0.9211081266403198 0.0075556435622274876 -0.3892335295677185
vn 0.8856580257415771 0.007550730369985104 -0.4642767012119293
vn 0.8836208581924438 0.0075538624078035355 -0.46814218163490295
vn 0.8272126317024231 -0.01511077955365181 -0.5616858005523682
vn 0.8272126317024231 -0.01511077955365181 -0.5616858005523682
vn 0.6244251728057861 -0.052838925272226334 -0.7792953848838806
vn -0.624433696269989 -0.05273794010281563 0.7792953848838806
vn -0.8272732496261597 -0.01131691224873066 0.5616858005523682
vn -0.33321523666381836 -0.026318993419408798 0.9424833655357361
vn -0.8272732496261597 -0.01131691224873066 0.5616858005523682
vn -0.8856580853462219 0.007540499325841665 0.4642767012119293
vn -0.8836209774017334 0.007543599233031273 0.46814218163490295
vn -0.9210695624351501 0.011318530887365341 0.3892335295677185
vn -0.9210695624351501 0.011318530887365341 0.3892335295677185
vn 0 0 1
vn 0 0 1
vn 0 0 1
vn 0 0 1
vn 0 0 1
vn 0 0 1
vn 0 0 1
vn 0 0 1
vn 0 0 1
vn 0 0 1
vn 0 0 1
vn 0 0 1
vn -0.07411912083625793 0.003699131542816758 0.9972425103187561
vn -0.08896596729755402 0.02192814089357853 0.9957932829856873
vn -0.3501696288585663 0.018790878355503082 0.9364978075027466
vn -0.3688012659549713 0.10401271283626556 0.9236704111099243
vn -0.5368985533714294 0.033854223787784576 0.8429672718048096
vn -0.5312165021896362 0.12317769229412079 0.838234007358551
vn -0.3550451695919037 0.19124092161655426 0.9150791168212891
vn -0.5176069140434265 0.2647905647754669 0.8136147856712341
vn -0.3670482337474823 0.2184254229068756 0.9041935205459595
vn -0.5114042162895203 0.31195133924484253 0.8007197380065918
vn -0.1216186061501503 0.06805607676506042 0.9902410507202148
vn -0.09186956286430359 0.05016457661986351 0.9945066571235657
vn 0 0 1
vn 0 0 1
vn 0 0 1
vn 0 0 1
vn 0 0 1
vn 0 0 1
vn 0 0 1
vn 0 0 1
vn 0 0 1
vn 0 0 1
vn 0 0 1
vn -0.5368889570236206 0.03400549292564392 -0.8429672718048096
vn -0.5310923457145691 0.12371201813220978 -0.838234007358551
vn -0.35016268491744995 0.018919900059700012 -0.9364978075027466
vn -0.37061652541160583 0.09734684228897095 -0.9236704111099243
vn -0.07411297410726547 0.0038203089497983456 -0.9972425103187561
vn -0.5205013751983643 0.25905463099479675 -0.8136147856712341
vn -0.358023464679718 0.18560540676116943 -0.9150791168212891
vn -0.5090791583061218 0.31573137640953064 -0.8007197380065918
vn -0.3663859963417053 0.21953445672988892 -0.9041935205459595
vn -0.09335024654865265 0.04735222086310387 -0.9945066571235657
vn -0.12313101440668106 0.06527993083000183 -0.9902410507202148
vn -0.08882471174001694 0.022493472322821617 -0.9957932829856873
vn -2.0682311115474694e-13 0 -1
vn -2.0682311115474694e-13 0 -1
vn -2.0682311115474694e-13 0 -1
vn -2.0682311115474694e-13 0 -1
vn -2.0682311115474694e-13 0 -1
vn -2.0682311115474694e-13 0 -1
vn -2.0682311115474694e-13 0 -1
vn -2.0682311115474694e-13 0 -1
vn -2.0682311115474694e-13 0 -1
vn -2.0682311115474694e-13 0 -1
vn -2.0682311115474694e-13 0 -1
vn -2.0682311115474694e-13 0 -1
vn -2.0682311115474694e-13 0 -1
vn -2.0682311115474694e-13 0 -1
vn -2.0682311115474694e-13 0 -1
vn -2.0682311115474694e-13 0 -1
vn -2.0682311115474694e-13 0 -1
vn -2.0682311115474694e-13 0 -1
vn -0.33288800716400146 -0.030177179723978043 -0.9424833655357361
vn -2.0682311115474694e-13 0 -1
vn -2.0682311115474694e-13 0 -1
vn -2.0682311115474694e-13 0 -1
vn -2.0682311115474694e-13 0 -1
vn -2.0682311115474694e-13 0 -1
vn -0.6240952014923096 -0.05660317838191986 -0.7792953848838806
vn -0.8272126317024231 -0.01511077955365181 -0.5616858005523682
vn -0.8272126317024231 -0.01511077955365181 -0.5616858005523682
vn -0.8835805058479309 0.011330621317029 -0.46814218163490295
vn -0.8856177926063538 0.011325923725962639 -0.4642767012119293
vn -0.9211081266403198 0.0075556435622274876 -0.3892335295677185
vn -0.9211081266403198 0.0075556435622274876 -0.3892335295677185
vn 0.9822525382041931 0.12788930535316467 0.1372016966342926
vn 0.991767942905426 0.1280297040939331 0.002184694167226553
vn 0.9933403730392456 0.03019716404378414 0.1111890971660614
vn 0.9995414018630981 0.0302029550075531 0.002184694167226553
vn 0.9937992691993713 0 0.1111890971660614
vn 0.999997615814209 0 0.002184694167226553
vn 0.9937992691993713 0 0.1111890971660614
vn 0.999997615814209 0 0.002184694167226553
vn 0.9937992691993713 0 -0.1111890971660614
vn 0.9937992691993713 0 -0.1111890971660614
vn 0.982232391834259 0.12804363667964935 -0.1372016966342926
vn 0.9933403730392456 0.03019716404378414 -0.1111890971660614
vn -2.0682311115474694e-13 0 -1
vn -0.19535815715789795 -4.0404579503125135e-14 -0.9807319641113281
vn -2.0682311115474694e-13 0 -1
vn -0.19535815715789795 -4.0404579503125135e-14 -0.9807319641113281
vn -0.3831879794597626 -7.925212949008026e-14 -0.9236704111099243
vn -0.3831879794597626 -7.925212949008026e-14 -0.9236704111099243
vn -0.5562512278556824 -1.150456140942835e-13 -0.8310141563415527
vn -0.5562512278556824 -1.150456140942835e-13 -0.8310141563415527
vn -0.7078686952590942 0.0037756471429020166 -0.7063339352607727
vn -0.7078686952590942 0.0037756471429020166 -0.7063339352607727
vn -0.8322274088859558 -1.721238575931247e-13 -0.5544344186782837
vn -0.8322274088859558 -1.721238575931247e-13 -0.5544344186782837
vn -0.9244976043701172 0.0037768674083054066 -0.3811691105365753
vn -0.9244976043701172 0.0037768674083054066 -0.3811691105365753
vn -0.9811564087867737 -2.0249009717240862e-13 -0.19321508705615997
vn -0.9811564087867737 -2.0249009717240862e-13 -0.19321508705615997
vn -0.999997615814209 -2.0682260971124217e-13 0.002184694167226553
vn -0.999997615814209 -2.0682260971124217e-13 0.002184694167226553
vn -0.9811491966247559 0.0037728105671703815 0.19321508705615997
vn -0.9811491966247559 0.0037728105671703815 0.19321508705615997
vn -0.924505352973938 -1.9120906843538704e-13 0.3811691105365753
vn -0.924505352973938 -1.9120906843538704e-13 0.3811691105365753
vn -0.8322188854217529 0.0037727425806224346 0.5544344186782837
vn -0.8322188854217529 0.0037727425806224346 0.5544344186782837
vn -0.7078787684440613 -1.4640568759497624e-13 0.7063339352607727
vn -0.7078787684440613 -1.4640568759497624e-13 0.7063339352607727
vn -0.5562512278556824 -1.150456140942835e-13 0.8310141563415527
vn -0.5562512278556824 -1.150456140942835e-13 0.8310141563415527
vn -0.3831879794597626 -7.925212949008026e-14 0.9236704111099243
vn -0.3831879794597626 -7.925212949008026e-14 0.9236704111099243
vn -0.19535815715789795 -4.0404579503125135e-14 0.9807319641113281
vn -0.19535815715789795 -4.0404579503125135e-14 0.9807319641113281
vn 0 0 1
vn 0 0 1
vn 0.19535815715789795 0 0.9807319641113281
vn 0.19535815715789795 0 0.9807319641113281
vn 0.3831879794597626 0 0.9236704111099243
vn 0.3831879794597626 0 0.9236704111099243
vn 0.5562512278556824 0 0.8310141563415527
vn 0.5562512278556824 0 0.8310141563415527
vn 0.7078787684440613 0 0.7063339352607727
vn 0.7078787684440613 0 0.7063339352607727
vn 0.8322274088859558 0 0.5544344186782837
vn 0.8322274088859558 0 0.5544344186782837
vn 0.924505352973938 0 0.3811691105365753
vn 0.924505352973938 0 0.3811691105365753
vn 0.9811564087867737 0 0.19321508705615997
vn 0.9811564087867737 0 0.19321508705615997
vn 0.999997615814209 0 0.002184694167226553
vn 0.999997615814209 0 0.002184694167226553
vn 0.9811564087867737 0 -0.19321508705615997
vn 0.9811564087867737 0 -0.19321508705615997
vn 0.924505352973938 0 -0.3811691105365753
vn 0.924505352973938 0 -0.3811691105365753
vn 0.8322274088859558 0 -0.5544344186782837
vn 0.8322274088859558 0 -0.5544344186782837
vn 0.7078787684440613 0 -0.7063339352607727
vn 0.7078787684440613 0 -0.7063339352607727
vn 0.5562512278556824 0 -0.8310141563415527
vn 0.5562512278556824 0 -0.8310141563415527
vn 0.3831879794597626 0 -0.9236704111099243
vn 0.3831879794597626 0 -0.9236704111099243
vn 0.19535815715789795 0 -0.9807319641113281
vn 0.19535815715789795 0 -0.9807319641113281
vn -2.0682311115474694e-13 0 -1
vn -2.0682311115474694e-13 0 -1
vn -0.0018966591451317072 0.14367829263210297 -0.9896226525306702
vn 0.001890473417006433 0.12635940313339233 -0.9919826984405518
vn 0.19166244566440582 0.14111806452274323 -0.9712626934051514
vn 0.19043931365013123 0.1280987709760666 -0.9733054637908936
vn 0.37793779373168945 0.14068830013275146 -0.9150791168212891
vn 0.37878549098968506 0.1262529045343399 -0.916832447052002
vn 0.5489775538444519 0.1422031670808792 -0.8236515522003174
vn 0.5525757670402527 0.12750746309757233 -0.8236515522003174
vn 0.6996522545814514 0.14253854751586914 -0.7001210451126099
vn 0.7025109529495239 0.12770625948905945 -0.7001210451126099
vn 0.8223237991333008 0.14286647737026215 -0.5507928133010864
vn 0.8247758150100708 0.1279539167881012 -0.5507928133010864
vn 0.915081799030304 0.14283323287963867 -0.37712597846984863
vn 0.9156013131141663 0.12800133228302002 -0.3811691105365753
vn 0.970674991607666 0.14303134381771088 -0.19321508705615997
vn 0.9727625250816345 0.12806661427021027 -0.19321508705615997
vn 0.9897211194038391 0.1429940164089203 0.002184694167226553
vn 0.991767942905426 0.1280297040939331 0.002184694167226553
vn 0.9707006216049194 0.14285752177238464 0.19321508705615997
vn 0.9727830290794373 0.12791074812412262 0.19321508705615997
vn 0.915081799030304 0.14283323287963867 0.37712597846984863
vn 0.9156243801116943 0.1278361678123474 0.3811691105365753
vn 0.8223591446876526 0.14266294240951538 0.5507928133010864
vn 0.8248041272163391 0.127771258354187 0.5507928133010864
vn 0.6997003555297852 0.14230221509933472 0.7001210451126099
vn 0.7025495171546936 0.1274939328432083 0.7001210451126099
vn 0.5491296648979187 0.14161473512649536 0.8236515522003174
vn 0.5526977777481079 0.12697753310203552 0.8236515522003174
vn 0.37823447585105896 0.1398886889219284 0.9150791168212891
vn 0.37890729308128357 0.12588688731193542 0.916832447052002
vn 0.192111536860466 0.1405060887336731 0.9712626934051514
vn 0.1908334642648697 0.12751084566116333 0.9733054637908936
vn 0.0018653111765161157 0.1436787098646164 0.9896226525306702
vn -0.0018551399698480964 0.1263599395751953 0.9919826984405518
vn -0.18986952304840088 0.1435212939977646 0.9712626934051514
vn -0.1908334642648697 0.12751084566116333 0.9733054637908936
vn -0.37691399455070496 0.14340855181217194 0.9150791168212891
vn -0.3800780475139618 0.12230664491653442 0.916832447052002
vn -0.550058126449585 0.1379643976688385 0.8236515522003174
vn -0.5535289645195007 0.12330383062362671 0.8236515522003174
vn -0.7004419565200806 0.13860583305358887 0.7001210451126099
vn -0.7032128572463989 0.12378272414207458 0.7001210451126099
vn -0.822995662689209 0.13894419372081757 0.5507928133010864
vn -0.8253732323646545 0.12404162436723709 0.5507928133010864
vn -0.9156562089920044 0.13910338282585144 0.37712597846984863
vn -0.9156243801116943 0.1278361678123474 0.3811691105365753
vn -0.9712427258491516 0.1391238570213318 0.19321508705615997
vn -0.973267674446106 0.12416919320821762 0.19321508705615997
vn -0.9897211194038391 0.1429940164089203 0.002184694167226553
vn -0.991767942905426 0.1280297040939331 0.002184694167226553
vn -0.970674991607666 0.14303134381771088 -0.19321508705615997
vn -0.9727625250816345 0.12806661427021027 -0.19321508705615997
vn -0.9156562089920044 0.13910338282585144 -0.37712597846984863
vn -0.9161165952682495 0.12425976991653442 -0.3811691105365753
vn -0.8223237991333008 0.14286647737026215 -0.5507928133010864
vn -0.8247758150100708 0.1279539167881012 -0.5507928133010864
vn -0.6996522545814514 0.14253854751586914 -0.7001210451126099
vn -0.7025109529495239 0.12770625948905945 -0.7001210451126099
vn -0.5499138832092285 0.13853831589221954 -0.8236515522003174
vn -0.5534139275550842 0.12381894886493683 -0.8236515522003174
vn -0.37660184502601624 0.1442263275384903 -0.9150791168212891
vn -0.37878549098968506 0.1262529045343399 -0.916832447052002
vn -0.19166244566440582 0.14111806452274323 -0.9712626934051514
vn -0.19252043962478638 0.12494921684265137 -0.9733054637908936
vn -0.0018966591451317072 0.14367829263210297 -0.9896226525306702
vn 0.001890473417006433 0.12635940313339233 -0.9919826984405518
f 1//1 2//2 3//3
f 2//2 3//3 3//3
f 3//3 3//3 4//4
f 3//3 4//4 4//4
f 4//4 4//4 5//5
f 4//4 1//1 5//5
f 5//5 1//1 1//1
f 1//1 6//6 1//1
f 1//1 6//6 6//6
f 6//6 4//4 6//6
f 6//6 4//4 7//7
f 4//4 7//7 7//7
f 7//7 7//7 8//8
f 7//7 8//8 8//8
f 8//8 8//8 9//9
f 8//8 6//6 9//9
f 9//9 6//6 6//6
f 6//6 10//10 6//6
f 6//6 10//10 10//10
f 10//10 8//8 10//10
f 10//10 8//8 11//11
f 8//8 11//11 11//11
f 11//11 11//11 12//12
f 11//11 12//12 12//12
f 12//12 12//12 13//13
f 12//12 10//10 13//13
f 13//13 10//10 10//10
f 10//10 14//14 10//10
f 10//10 14//14 14//14
f 14//14 12//12 14//14
f 14//14 12//12 15//15
f 12//12 15//15 15//15
f 15//15 15//15 16//16
f 15//15 16//16 16//16
f 16//16 16//16 17//17
f 16//16 14//14 17//17
f 17//17 14//14 14//14
f 14//14 18//18 14//14
f 14//14 18//18 18//18
f 18//18 16//16 18//18
f 18//18 16//16 19//19
f 16//16 19//19 19//19
f 19//19 19//19 20//20
f 19//19 20//20 20//20
f 20//20 20//20 21//21
f 20//20 18//18 21//21
f 21//21 18//18 18//18
f 18//18 22//22 18//18
f 18//18 22//22 22//22
f 22//22 20//20 22//22
f 22//22 20//20 23//23
f 20//20 23//23 23//23
f 23//23 23//23 24//24
f 23//23 24//24 24//24
f 24//24 24//24 25//25
f 24//24 22//22 25//25
f 25//25 22//22 22//22
f 22//22 26//26 22//22
f 22//22 26//26 26//26
f 26//26 24//24 26//26
f 26//26 24//24 27//27
f 24//24 27//27 27//27
f 27//27 27//27 28//28
f 27//27 28//28 28//28
f 28//28 28//28 29//29
f 28//28 26//26 29//29
f 29//29 26//26 26//26
f 26//26 30//30 26//26
f 26//26 30//30 30//30
f 30//30 28//28 30//30
f 30//30 28//28 31//31
f 28//28 31//31 31//31
f 31//31 31//31 32//32
f 31//31 32//32 32//32
f 32//32 32//32 33//33
f 32//32 30//30 33//33
f 33//33 30//30 30//30
f 30//30 34//34 30//30
f 30//30 34//34 34//34
f 34//34 32//32 34//34
f 34//34 32//32 35//35
f 32//32 35//35 35//35
f 35//35 35//35 36//36
f 35//35 36//36 36//36
f 36//36 36//36 37//37
f 36//36 34//34 37//37
f 37//37 34//34 34//34
f 34//34 38//38 34//34
f 34//34 38//38 38//38
f 38//38 36//36 38//38
f 38//38 36//36 39//39
f 36//36 39//39 39//39
f 39//39 39//39 40//40
f 39//39 40//40 40//40
f 40//40 40//40 41//41
f 40//40 38//38 41//41
f 41//41 38//38 38//38
f 38//38 42//42 38//38
f 38//38 42//42 42//42
f 42//42 40//40 42//42
f 42//42 40//40 43//43
f 40//40 43//43 43//43
f 43//43 43//43 44//44
f 43//43 44//44 44//44
f 44//44 44//44 45//45
f 44//44 42//42 45//45
f 45//45 42//42 42//42
f 42//42 46//46 42//42
f 42//42 46//46 46//46
f 46//46 44//44 46//46
f 46//46 44//44 47//47
f 44//44 47//47 47//47
f 47//47 47//47 48//48
f 47//47 48//48 48//48
f 48//48 48//48 49//49
f 48//48 46//46 49//49
f 49//49 46//46 46//46
f 46//46 50//50 46//46
f 46//46 50//50 50//50
f 50//50 48//48 50//50
f 50//50 48//48 51//51
f 48//48 51//51 51//51
f 51//51 51//51 52//52
f 51//51 52//52 52//52
f 52//52 52//52 53//53
f 52//52 50//50 53//53
f 53//53 50//50 50//50
f 50//50 54//54 50//50
f 50//50 54//54 54//54
f 54//54 52//52 54//54
f 54//54 52//52 55//55
f 52//52 55//55 55//55
f 55//55 55//55 56//56
f 55//55 56//56 56//56
f 56//56 56//56 57//57
f 56//56 54//54 57//57
f 57//57 54//54 54//54
f 54//54 58//58 54//54
f 54//54 58//58 58//58
f 58//58 56//56 58//58
f 58//58 56//56 59//59
f 56//56 59//59 59//59
f 59//59 59//59 60//60
f 59//59 60//60 60//60
f 60//60 60//60 61//61
f 60//60 58//58 61//61
f 61//61 58//58 58//58
f 58//58 62//62 58//58
f 58//58 62//62 62//62
f 62//62 60//60 62//62
f 62//62 60//60 63//63
f 60//60 63//63 63//63
f 63//63 63//63 2//2
f 63//63 2//2 2//2
f 2//2 2//2 64//64
f 2//2 62//62 64//64
f 64//64 62//62 62//62
f 62//62 65//65 62//62
f 62//62 65//65 65//65
f 65//65 66//66 65//65
f 65//65 66//66 67//67
f 66//66 66//66 67//67
f 67//67 66//66 68//68
f 66//66 69//69 68//68
f 68//68 69//69 70//70
f 69//69 71//71 70//70
f 70//70 71//71 72//72
f 71//71 73//73 72//72
f 72//72 73//73 74//74
f 73//73 75//75 74//74
f 74//74 75//75 76//76
f 75//75 77//77 76//76
f 76//76 77//77 78//78
f 77//77 79//79 78//78
f 78//78 79//79 80//80
f 79//79 81//81 80//80
f 80//80 81//81 82//82
f 81//81 82//82 82//82
f 82//82 82//82 83//83
f 82//82 83//83 83//83
f 83//83 83//83 81//81
f 83//83 84//84 81//81
f 81//81 84//84 85//85
f 84//84 86//86 85//85
f 85//85 86//86 87//87
f 86//86 88//88 87//87
f 87//87 88//88 89//89
f 88//88 90//90 89//89
f 89//89 90//90 91//91
f 90//90 92//92 91//91
f 91//91 92//92 93//93
f 92//92 94//94 93//93
f 93//93 94//94 95//95
f 94//94 96//96 95//95
f 95//95 96//96 97//97
f 96//96 98//98 97//97
f 97//97 98//98 99//99
f 98//98 100//100 99//99
f 99//99 100//100 101//101
f 100//100 102//102 101//101
f 101//101 102//102 103//103
f 102//102 104//104 103//103
f 103//103 104//104 105//105
f 104//104 106//106 105//105
f 105//105 106//106 107//107
f 106//106 108//108 107//107
f 107//107 108//108 109//109
f 108//108 110//110 109//109
f 109//109 110//110 111//111
f 110//110 112//112 111//111
f 111//111 112//112 113//113
f 112//112 114//114 113//113
f 113//113 114//114 115//115
f 114//114 115//115 115//115
f 115//115 115//115 115//115
f 115//115 115//115 115//115
f 115//115 115//115 116//116
f 115//115 117//117 116//116
f 116//116 117//117 118//118
f 117//117 119//119 118//118
f 118//118 119//119 120//120
f 119//119 121//121 120//120
f 120//120 121//121 122//122
f 121//121 123//123 122//122
f 122//122 123//123 124//124
f 123//123 125//125 124//124
f 124//124 125//125 126//126
f 125//125 127//127 126//126
f 126//126 127//127 128//128
f 127//127 129//129 128//128
f 128//128 129//129 130//130
f 129//129 131//131 130//130
f 130//130 131//131 132//132
f 131//131 132//132 132//132
f 132//132 132//132 133//133
f 132//132 133//133 133//133
f 133//133 133//133 134//134
f 133//133 135//135 134//134
f 134//134 135//135 136//136
f 135//135 137//137 136//136
f 136//136 137//137 136//136
f 137//137 138//138 136//136
f 136//136 138//138 139//139
f 138//138 138//138 139//139
f 139//139 138//138 140//140
f 138//138 141//141 140//140
f 140//140 141//141 142//142
f 141//141 143//143 142//142
f 142//142 143//143 144//144
f 143//143 145//145 144//144
f 144//144 145//145 146//146
f 145//145 146//146 146//146
f 146//146 146//146 134//134
f 146//146 134//134 134//134
f 134//134 134//134 116//116
f 134//134 136//136 116//116
f 116//116 136//136 139//139
f 136//136 139//139 139//139
f 139//139 139//139 137//137
f 139//139 137//137 137//137
f 137//137 137//137 138//138
f 137//137 147//147 138//138
f 138//138 147//147 141//141
f 147//147 148//148 141//141
f 141//141 148//148 143//143
f 148//148 149//149 143//143
f 143//143 149//149 145//145
f 149//149 150//150 145//145
f 145//145 150//150 151//151
f 150//150 152//152 151//151
f 151//151 152//152 153//153
f 152//152 154//154 153//153
f 153//153 154//154 153//153
f 154//154 155//155 153//153
f 153//153 155//155 156//156
f 155//155 155//155 156//156
f 156//156 155//155 157//157
f 155//155 158//158 157//157
f 157//157 158//158 159//159
f 158//158 159//159 159//159
f 159//159 159//159 145//145
f 159//159 145//145 145//145
f 145//145 145//145 146//146
f 145//145 151//151 146//146
f 146//146 151//151 160//160
f 151//151 153//153 160//160
f 160//160 153//153 156//156
f 153//153 156//156 156//156
f 156//156 156//156 154//154
f 156//156 154//154 154//154
f 154//154 154//154 155//155
f 154//154 161//161 155//155
f 155//155 161//161 158//158
f 161//161 162//162 158//158
f 158//158 162//162 163//163
f 162//162 164//164 163//163
f 163//163 164//164 165//165
f 164//164 166//166 165//165
f 165//165 166//166 165//165
f 166//166 167//167 165//165
f 165//165 167//167 168//168
f 167//167 167//167 168//168
f 168//168 167//167 169//169
f 167//167 170//170 169//169
f 169//169 170//170 171//171
f 170//170 171//171 171//171
f 171//171 171//171 158//158
f 171//171 158//158 158//158
f 158//158 158//158 159//159
f 158//158 163//163 159//159
f 159//159 163//163 172//172
f 163//163 165//165 172//172
f 172//172 165//165 168//168
f 165//165 168//168 168//168
f 168//168 168//168 166//166
f 168//168 166//166 166//166
f 166//166 166//166 167//167
f 166//166 173//173 167//167
f 167//167 173//173 170//170
f 173//173 174//174 170//170
f 170//170 174//174 175//175
f 174//174 176//176 175//175
f 175//175 176//176 177//177
f 176//176 178//178 177//177
f 177//177 178//178 177//177
f 178//178 179//179 177//177
f 177//177 179//179 180//180
f 179//179 82//82 180//180
f 180//180 82//82 82//82
f 82//82 170//170 82//82
f 82//82 170//170 170//170
f 170//170 175//175 170//170
f 170//170 175//175 171//171
f 175//175 175//175 171//171
f 171//171 175//175 181//181
f 175//175 177//177 181//181
f 181//181 177//177 180//180
f 177//177 180//180 180//180
f 180//180 180//180 182//182
f 180//180 182//182 182//182
f 182//182 182//182 183//183
f 182//182 184//184 183//183
f 183//183 184//184 185//185
f 184//184 186//186 185//185
f 185//185 186//186 187//187
f 186//186 188//188 187//187
f 187//187 188//188 189//189
f 188//188 190//190 189//189
f 189//189 190//190 191//191
f 190//190 192//192 191//191
f 191//191 192//192 193//193
f 192//192 194//194 193//193
f 193//193 194//194 195//195
f 194//194 196//196 195//195
f 195//195 196//196 197//197
f 196//196 198//198 197//197
f 197//197 198//198 197//197
f 198//198 199//199 197//197
f 197//197 199//199 200//200
f 199//199 201//201 200//200
f 200//200 201//201 202//202
f 201//201 203//203 202//202
f 202//202 203//203 203//203
f 203//203 185//185 203//203
f 203//203 185//185 185//185
f 185//185 204//204 185//185
f 185//185 204//204 183//183
f 204//204 183//183 183//183
f 183//183 183//183 202//202
f 183//183 202//202 202//202
f 202//202 202//202 200//200
f 202//202 205//205 200//200
f 200//200 205//205 206//206
f 205//205 207//207 206//206
f 206//206 207//207 208//208
f 207//207 209//209 208//208
f 208//208 209//209 208//208
f 209//209 210//210 208//208
f 208//208 210//210 193//193
f 210//210 210//210 193//193
f 193//193 210//210 191//191
f 210//210 211//211 191//191
f 191//191 211//211 189//189
f 211//211 189//189 189//189
f 189//189 189//189 200//200
f 189//189 200//200 200//200
f 200//200 200//200 197//197
f 200//200 206//206 197//197
f 197//197 206//206 195//195
f 206//206 208//208 195//195
f 195//195 208//208 193//193
f 208//208 193//193 193//193
f 193//193 193//193 209//209
f 193//193 209//209 209//209
f 209//209 209//209 210//210
f 209//209 212//212 210//210
f 210//210 212//212 211//211
f 212//212 213//213 211//211
f 211//211 213//213 211//211
f 213//213 214//214 211//211
f 211//211 214//214 189//189
f 214//214 214//214 189//189
f 189//189 214//214 187//187
f 214//214 215//215 187//187
f 187//187 215//215 185//185
f 215//215 215//215 185//185
f 185//185 215//215 204//204
f 215//215 215//215 204//204
f 204//204 215//215 216//216
f 215//215 215//215 216//216
f 216//216 215//215 217//217
f 215//215 214//214 217//217
f 217//217 214//214 213//213
f 214//214 213//213 213//213
f 213//213 213//213 218//218
f 213//213 218//218 218//218
f 218//218 218//218 219//219
f 218//218 220//220 219//219
f 219//219 220//220 221//221
f 220//220 222//222 221//221
f 221//221 222//222 223//223
f 222//222 224//224 223//223
f 223//223 224//224 225//225
f 224//224 226//226 225//225
f 225//225 226//226 225//225
f 226//226 227//227 225//225
f 225//225 227//227 225//225
f 227//227 228//228 225//225
f 225//225 228//228 225//225
f 228//228 229//229 225//225
f 225//225 229//229 223//223
f 229//229 230//230 223//223
f 223//223 230//230 221//221
f 230//230 231//231 221//221
f 221//221 231//231 219//219
f 231//231 219//219 219//219
f 219//219 219//219 226//226
f 219//219 226//226 226//226
f 226//226 226//226 227//227
f 226//226 232//232 227//227
f 227//227 232//232 233//233
f 232//232 234//234 233//233
f 233//233 234//234 235//235
f 234//234 236//236 235//235
f 235//235 236//236 237//237
f 236//236 238//238 237//237
f 237//237 238//238 238//238
f 238//238 228//228 238//238
f 238//238 228//228 228//228
f 228//228 227//227 228//228
f 228//228 227//227 239//239
f 227//227 233//233 239//239
f 239//239 233//233 240//240
f 233//233 235//235 240//240
f 240//240 235//235 241//241
f 235//235 237//237 241//241
f 241//241 237//237 242//242
f 237//237 243//243 242//242
f 242//242 243//243 244//244
f 243//243 244//244 244//244
f 244//244 244//244 238//238
f 244//244 238//238 238//238
f 238//238 238//238 237//237
f 238//238 243//243 237//237
f 237//237 243//243 243//243
f 243//243 245//245 243//243
f 243//243 245//245 245//245
f 245//245 246//246 245//245
f 245//245 246//246 247//247
f 246//246 248//248 247//247
f 247//247 248//248 198//198
f 248//248 248//248 198//198
f 198//198 248//248 249//249
f 248//248 250//250 249//249
f 249//249 250//250 251//251
f 250//250 252//252 251//251
f 251//251 252//252 253//253
f 252//252 252//252 253//253
f 253//253 252//252 254//254
f 252//252 255//255 254//254
f 254//254 255//255 254//254
f 255//255 256//256 254//254
f 254//254 256//256 254//254
f 256//256 257//257 254//254
f 254//254 257//257 254//254
f 257//257 258//258 254//254
f 254//254 258//258 253//253
f 258//258 253//253 253//253
f 253//253 253//253 246//246
f 253//253 246//246 246//246
f 246//246 246//246 248//248
f 246//246 259//259 248//248
f 248//248 259//259 250//250
f 259//259 260//260 250//250
f 250//250 260//260 252//252
f 260//260 255//255 252//252
f 252//252 255//255 255//255
f 255//255 256//256 255//255
f 255//255 256//256 256//256
f 256//256 261//261 256//256
f 256//256 261//261 257//257
f 261//261 262//262 257//257
f 257//257 262//262 263//263
f 262//262 262//262 263//263
f 263//263 262//262 264//264
f 262//262 265//265 264//264
f 264//264 265//265 266//266
f 265//265 267//267 266//266
f 266//266 267//267 268//268
f 267//267 268//268 268//268
f 268//268 268//268 257//257
f 268//268 257//257 257//257
f 257//257 257//257 258//258
f 257//257 263//263 258//258
f 258//258 263//263 263//263
f 263//263 261//261 263//263
f 263//263 261//261 261//261
f 261//261 269//269 261//261
f 261//261 269//269 262//262
f 269//269 269//269 262//262
f 262//262 269//269 265//265
f 269//269 270//270 265//265
f 265//265 270//270 267//267
f 270//270 271//271 267//267
f 267//267 271//271 272//272
f 271//271 273//273 272//272
f 272//272 273//273 274//274
f 273//273 275//275 274//274
f 274//274 275//275 276//276
f 275//275 277//277 276//276
f 276//276 277//277 276//276
f 277//277 278//278 276//276
f 276//276 278//278 276//276
f 278//278 279//279 276//276
f 276//276 279//279 276//276
f 279//279 280//280 276//276
f 276//276 280//280 274//274
f 280//280 281//281 274//274
f 274//274 281//281 272//272
f 281//281 268//268 272//272
f 272//272 268//268 267//267
f 268//268 267//267 267//267
f 267//267 267//267 277//277
f 267//267 277//277 277//277
f 277//277 277//277 278//278
f 277//277 282//282 278//278
f 278//278 282//282 283//283
f 282//282 284//284 283//283
f 283//283 284//284 285//285
f 284//284 286//286 285//285
f 285//285 286//286 287//287
f 286//286 288//288 287//287
f 287//287 288//288 288//288
f 288//288 279//279 288//288
f 288//288 279//279 279//279
f 279//279 278//278 279//279
f 279//279 278//278 289//289
f 278//278 283//283 289//289
f 289//289 283//283 290//290
f 283//283 285//285 290//290
f 290//290 285//285 291//291
f 285//285 287//287 291//291
f 291//291 287//287 292//292
f 287//287 293//293 292//292
f 292//292 293//293 294//294
f 293//293 294//294 294//294
f 294//294 294//294 288//288
f 294//294 288//288 288//288
f 288//288 288//288 287//287
f 288//288 293//293 287//287
f 287//287 293//293 293//293
f 293//293 294//294 293//293
f 293//293 294//294 294//294
f 294//294 295//295 294//294
f 294//294 295//295 296//296
f 295//295 297//297 296//296
f 296//296 297//297 298//298
f 297//297 298//298 298//298
f 298//298 298//298 295//295
f 298//298 295//295 295//295
f 295//295 295//295 297//297
f 295//295 299//299 297//297
f 297//297 299//299 300//300
f 299//299 301//301 300//300
f 300//300 301//301 302//302
f 301//301 303//303 302//302
f 302//302 303//303 304//304
f 303//303 305//305 304//304
f 304//304 305//305 306//306
f 305//305 307//307 306//306
f 306//306 307//307 308//308
f 307//307 309//309 308//308
f 308//308 309//309 310//310
f 309//309 311//311 310//310
f 310//310 311//311 310//310
f 311//311 312//312 310//310
f 310//310 312//312 313//313
f 312//312 314//314 313//313
f 313//313 314//314 315//315
f 314//314 316//316 315//315
f 315//315 316//316 316//316
f 316//316 315//315 316//316
f 316//316 315//315 315//315
f 315//315 317//317 315//315
f 315//315 317//317 313//313
f 317//317 318//318 313//313
f 313//313 318//318 310//310
f 318//318 318//318 310//310
f 310//310 318//318 308//308
f 318//318 319//319 308//308
f 308//308 319//319 306//306
f 319//319 320//320 306//306
f 306//306 320//320 304//304
f 320//320 321//321 304//304
f 304//304 321//321 302//302
f 321//321 302//302 302//302
f 302//302 302//302 317//317
f 302//302 317//317 317//317
f 317//317 317//317 318//318
f 317//317 322//322 318//318
f 318//318 322//322 319//319
f 322//322 323//323 319//319
f 319//319 323//323 320//320
f 323//323 324//324 320//320
f 320//320 324//324 321//321
f 324//324 325//325 321//321
f 321//321 325//325 321//321
f 325//325 326//326 321//321
f 321//321 326//326 302//302
f 326//326 326//326 302//302
f 302//302 326//326 300//300
f 326//326 327//327 300//300
f 300//300 327//327 297//297
f 327//327 327//327 297//297
f 297//297 327//327 298//298
f 327//327 327//327 298//298
f 298//298 327//327 328//328
f 327//327 327//327 328//328
f 328//328 327//327 329//329
f 327//327 326//326 329//329
f 329//329 326//326 325//325
f 326//326 325//325 325//325
f 325//325 325//325 330//330
f 325//325 330//330 330//330
f 330//330 330//330 331//331
f 330//330 332//332 331//331
f 331//331 332//332 333//333
f 332//332 334//334 333//333
f 333//333 334//334 335//335
f 334//334 336//336 335//335
f 335//335 336//336 337//337
f 336//336 338//338 337//337
f 337//337 338//338 337//337
f 338//338 339//339 337//337
f 337//337 339//339 337//337
f 339//339 340//340 337//337
f 337//337 340//340 337//337
f 340//340 341//341 337//337
f 337//337 341//341 335//335
f 341//341 342//342 335//335
f 335//335 342//342 333//333
f 342//342 343//343 333//333
f 333//333 343//343 331//331
f 343//343 331//331 331//331
f 331//331 331//331 338//338
f 331//331 338//338 338//338
f 338//338 338//338 339//339
f 338//338 344//344 339//339
f 339//339 344//344 345//345
f 344//344 346//346 345//345
f 345//345 346//346 347//347
f 346//346 348//348 347//347
f 347//347 348//348 349//349
f 348//348 350//350 349//349
f 349//349 350//350 350//350
f 350//350 340//340 350//350
f 350//350 340//340 340//340
f 340//340 339//339 340//340
f 340//340 339//339 351//351
f 339//339 345//345 351//351
f 351//351 345//345 352//352
f 345//345 347//347 352//352
f 352//352 347//347 353//353
f 347//347 349//349 353//353
f 353//353 349//349 354//354
f 349//349 355//355 354//354
f 354//354 355//355 356//356
f 355//355 356//356 356//356
f 356//356 356//356 350//350
f 356//356 350//350 350//350
f 350//350 350//350 349//349
f 350//350 355//355 349//349
f 349//349 355//355 355//355
f 355//355 357//357 355//355
f 355//355 357//357 357//357
f 357//357 358//358 357//357
f 357//357 358//358 359//359
f 358//358 358//358 359//359
f 359//359 358//358 360//360
f 358//358 361//361 360//360
f 360//360 361//361 362//362
f 361//361 363//363 362//362
f 362//362 363//363 364//364
f 363//363 365//365 364//364
f 364//364 365//365 366//366
f 365//365 367//367 366//366
f 366//366 367//367 368//368
f 367//367 369//369 368//368
f 368//368 369//369 370//370
f 369//369 371//371 370//370
f 370//370 371//371 372//372
f 371//371 373//373 372//372
f 372//372 373//373 374//374
f 373//373 375//375 374//374
f 374//374 375//375 376//376
f 375//375 377//377 376//376
f 376//376 377//377 378//378
f 377//377 379//379 378//378
f 378//378 379//379 380//380
f 379//379 381//381 380//380
f 380//380 381//381 382//382
f 381//381 383//383 382//382
f 382//382 383//383 384//384
f 383//383 385//385 384//384
f 384//384 385//385 386//386
f 385//385 387//387 386//386
f 386//386 387//387 388//388
f 387//387 389//389 388//388
f 388//388 389//389 390//390
f 389//389 391//391 390//390
f 390//390 391//391 392//392
f 391//391 393//393 392//392
f 392//392 393//393 394//394
f 393//393 395//395 394//394
f 394//394 395//395 396//396
f 395//395 397//397 396//396
f 396//396 397//397 398//398
f 397//397 399//399 398//398
f 398//398 399//399 400//400
f 399//399 401//401 400//400
f 400//400 401//401 402//402
f 401//401 403//403 402//402
f 402//402 403//403 404//404
f 403//403 405//405 404//404
f 404//404 405//405 406//406
f 405//405 407//407 406//406
f 406//406 407//407 408//408
f 407//407 409//409 408//408
f 408//408 409//409 410//410
f 409//409 411//411 410//410
f 410//410 411//411 412//412
f 411//411 413//413 412//412
f 412//412 413//413 414//414
f 413//413 415//415 414//414
f 414//414 415//415 416//416
f 415//415 417//417 416//416
f 416//416 417//417 418//418
f 417//417 419//419 418//418
f 418//418 419//419 420//420
f 419//419 357//357 420//420
f 420//420 357//357 359//359
f 357//357 359//359 359//359
f 359//359 359//359 421//421
f 359//359 421//421 421//421
f 421//421 421//421 422//422
f 421//421 423//423 422//422
f 422//422 423//423 422//422
f 423//423 424//424 422//422
f 422//422 424//424 425//425
f 424//424 426//426 425//425
f 425//425 426//426 427//427
f 426//426 428//428 427//427
f 427//427 428//428 428//428
f 428//428 423//423 428//428
f 428//428 423//423 423//423
f 423//423 429//429 423//423
f 423//423 429//429 430//430
f 429//429 431//431 430//430
f 430//430 431//431 432//432
f 431//431 432//432 432//432
f 432//432 432//432 429//429
f 432//432 429//429 429//429
f 429//429 429//429 431//431
f 429//429 433//433 431//431
f 431//431 433//433 434//434
f 433//433 435//435 434//434
f 434//434 435//435 436//436
f 435//435 437//437 436//436
f 436//436 437//437 438//438
f 437//437 439//439 438//438
f 438//438 439//439 440//440
f 439//439 441//441 440//440
f 440//440 441//441 442//442
f 441//441 443//443 442//442
f 442//442 443//443 444//444
f 443//443 445//445 444//444
f 444//444 445//445 444//444
f 445//445 446//446 444//444
f 444//444 446//446 447//447
f 446//446 448//448 447//447
f 447//447 448//448 449//449
f 448//448 450//450 449//449
f 449//449 450//450 450//450
f 450//450 449//449 450//450
f 450//450 449//449 449//449
f 449//449 451//451 449//449
f 449//449 451//451 447//447
f 451//451 452//452 447//447
f 447//447 452//452 444//444
f 452//452 452//452 444//444
f 444//444 452//452 442//442
f 452//452 453//453 442//442
f 442//442 453//453 440//440
f 453//453 454//454 440//440
f 440//440 454//454 438//438
f 454//454 455//455 438//438
f 438//438 455//455 436//436
f 455//455 436//436 436//436
f 436//436 436//436 451//451
f 436//436 451//451 451//451
f 451//451 451//451 452//452
f 451//451 456//456 452//452
f 452//452 456//456 453//453
f 456//456 457//457 453//453
f 453//453 457//457 454//454
f 457//457 458//458 454//454
f 454//454 458//458 455//455
f 458//458 459//459 455//455
f 455//455 459//459 455//455
f 459//459 460//460 455//455
f 455//455 460//460 436//436
f 460//460 460//460 436//436
f 436//436 460//460 434//434
f 460//460 461//461 434//434
f 434//434 461//461 431//431
f 461//461 461//461 431//431
f 431//431 461//461 432//432
f 461//461 461//461 432//432
f 432//432 461//461 462//462
f 461//461 461//461 462//462
f 462//462 461//461 463//463
f 461//461 460//460 463//463
f 463//463 460//460 459//459
f 460//460 459//459 459//459
f 459//459 459//459 464//464
f 459//459 464//464 464//464
f 464//464 464//464 465//465
f 464//464 466//466 465//465
f 465//465 466//466 467//467
f 466//466 468//468 467//467
f 467//467 468//468 469//469
f 468//468 470//470 469//469
f 469//469 470//470 470//470
f 470//470 465//465 470//470
f 470//470 465//465 465//465
f 465//465 467//467 465//465
f 465//465 467//467 471//471
f 467//467 472//472 471//471
f 471//471 472//472 473//473
f 472//472 472//472 473//473
f 473//473 472//472 474//474
f 472//472 475//475 474//474
f 474//474 475//475 476//476
f 475//475 476//476 476//476
f 476//476 476//476 467//467
f 476//476 467//467 467//467
f 467//467 467//467 472//472
f 467//467 469//469 472//472
f 472//472 469//469 475//475
f 469//469 469//469 475//475
f 475//475 469//469 477//477
f 469//469 470//470 477//477
f 477//477 470//470 477//477
f 470//470 478//478 477//477
f 477//477 478//478 479//479
f 478//478 480//480 479//479
f 479//479 480//480 481//481
f 480//480 482//482 481//481
f 481//481 482//482 483//483
f 482//482 484//484 483//483
f 483//483 484//484 485//485
f 484//484 486//486 485//485
f 485//485 486//486 485//485
f 486//486 487//487 485//485
f 485//485 487//487 488//488
f 487//487 489//489 488//488
f 488//488 489//489 490//490
f 489//489 491//491 490//490
f 490//490 491//491 491//491
f 491//491 490//490 491//491
f 491//491 490//490 490//490
f 490//490 492//492 490//490
f 490//490 492//492 488//488
f 492//492 493//493 488//488
f 488//488 493//493 485//485
f 493//493 493//493 485//485
f 485//485 493//493 483//483
f 493//493 494//494 483//483
f 483//483 494//494 481//481
f 494//494 495//495 481//481
f 481//481 495//495 479//479
f 495//495 496//496 479//479
f 479//479 496//496 477//477
f 496//496 496//496 477//477
f 477//477 496//496 475//475
f 496//496 496//496 475//475
f 475//475 496//496 476//476
f 496//496 496//496 476//476
f 476//476 496//496 497//497
f 496//496 495//495 497//497
f 497//497 495//495 498//498
f 495//495 494//494 498//498
f 498//498 494//494 499//499
f 494//494 493//493 499//499
f 499//499 493//493 492//492
f 493//493 492//492 492//492
f 492//492 492//492 500//500
f 492//492 500//500 500//500
f 500//500 500//500 501//501
f 500//500 502//502 501//501
f 501//501 502//502 503//503
f 502//502 504//504 503//503
f 503//503 504//504 503//503
f 504//504 505//505 503//503
f 503//503 505//505 506//506
f 505//505 507//507 506//506
f 506//506 507//507 508//508
f 507//507 509//509 508//508
f 508//508 509//509 509//509
f 509//509 501//501 509//509
f 509//509 501//501 501//501
f 501//501 503//503 501//501
f 501//501 503//503 510//510
f 503//503 506//506 510//510
f 510//510 506//506 511//511
f 506//506 508//508 511//511
f 511//511 508//508 508//508
f 508//508 512//512 508//508
f 508//508 512//512 512//512
f 512//512 513//513 512//512
f 512//512 513//513 514//514
f 513//513 515//515 514//514
f 514//514 515//515 516//516
f 515//515 517//517 516//516
f 516//516 517//517 518//518
f 517//517 486//486 518//518
f 518//518 486//486 486//486
f 486//486 519//519 486//486
f 486//486 519//519 519//519
f 519//519 520//520 519//519
f 519//519 520//520 521//521
f 520//520 520//520 521//521
f 521//521 520//520 522//522
f 520//520 523//523 522//522
f 522//522 523//523 524//524
f 523//523 525//525 524//524
f 524//524 525//525 526//526
f 525//525 526//526 526//526
f 526//526 526//526 521//521
f 526//526 521//521 521//521
f 521//521 521//521 527//527
f 521//521 528//528 527//527
f 527//527 528//528 529//529
f 528//528 530//530 529//529
f 529//529 530//530 530//530
f 530//530 527//527 530//530
f 530//530 527//527 527//527
f 527//527 529//529 527//527
f 527//527 529//529 531//531
f 529//529 532//532 531//531
f 531//531 532//532 533//533
f 532//532 534//534 533//533
f 533//533 534//534 535//535
f 534//534 536//536 535//535
f 535//535 536//536 537//537
f 536//536 538//538 537//537
f 537//537 538//538 539//539
f 538//538 540//540 539//539
f 539//539 540//540 541//541
f 540//540 542//542 541//541
f 541//541 542//542 543//543
f 542//542 542//542 543//543
f 543//543 542//542 544//544
f 542//542 545//545 544//544
f 544//544 545//545 546//546
f 545//545 547//547 546//546
f 546//546 547//547 548//548
f 547//547 548//548 548//548
f 548//548 548//548 547//547
f 548//548 547//547 547//547
f 547//547 547//547 549//549
f 547//547 545//545 549//549
f 549//549 545//545 550//550
f 545//545 542//542 550//550
f 550//550 542//542 550//550
f 542//542 540//540 550//550
f 550//550 540//540 551//551
f 540//540 538//538 551//551
f 551//551 538//538 552//552
f 538//538 536//536 552//552
f 552//552 536//536 553//553
f 536//536 534//534 553//553
f 553//553 534//534 554//554
f 534//534 532//532 554//554
f 554//554 532//532 555//555
f 532//532 529//529 555//555
f 555//555 529//529 555//555
f 529//529 530//530 555//555
f 555//555 530//530 555//555
f 530//530 556//556 555//555
f 555//555 556//556 555//555
f 556//556 557//557 555//555
f 555//555 557//557 554//554
f 557//557 558//558 554//554
f 554//554 558//558 553//553
f 558//558 559//559 553//553
f 553//553 559//559 552//552
f 559//559 560//560 552//552
f 552//552 560//560 551//551
f 560//560 561//561 551//551
f 551//551 561//561 550//550
f 561//561 549//549 550//550
f 550//550 549//549 549//549
f 549//549 562//562 549//549
f 549//549 562//562 562//562
f 562//562 563//563 562//562
f 562//562 563//563 564//564
f 563//563 565//565 564//564
f 564//564 565//565 566//566
f 565//565 566//566 566//566
f 566//566 566//566 563//563
f 566//566 563//563 563//563
f 563//563 563//563 565//565
f 563//563 567//567 565//565
f 565//565 567//567 568//568
f 567//567 569//569 568//568
f 568//568 569//569 568//568
f 569//569 570//570 568//568
f 568//568 570//570 571//571
f 570//570 572//572 571//571
f 571//571 572//572 572//572
f 572//572 571//571 572//572
f 572//572 571//571 571//571
f 571//571 573//573 571//571
f 571//571 573//573 568//568
f 573//573 573//573 568//568
f 568//568 573//573 565//565
f 573//573 573//573 565//565
f 565//565 573//573 566//566
f 573//573 573//573 566//566
f 566//566 573//573 574//574
f 573//573 575//575 574//574
f 574//574 575//575 576//576
f 575//575 576//576 576//576
f 576//576 576//576 573//573
f 576//576 573//573 573//573
f 573//573 573//573 575//575
f 573//573 571//571 575//575
f 575//575 571//571 577//577
f 571//571 572//572 577//577
f 577//577 572//572 577//577
f 572//572 578//578 577//577
f 577//577 578//578 579//579
f 578//578 580//580 579//579
f 579//579 580//580 580//580
f 580//580 579//579 580//580
f 580//580 579//579 579//579
f 579//579 581//581 579//579
f 579//579 581//581 577//577
f 581//581 581//581 577//577
f 577//577 581//581 575//575
f 581//581 581//581 575//575
f 575//575 581//581 576//576
f 581//581 581//581 576//576
f 576//576 581//581 582//582
f 581//581 583//583 582//582
f 582//582 583//583 584//584
f 583//583 584//584 584//584
f 584//584 584//584 581//581
f 584//584 581//581 581//581
f 581//581 581//581 583//583
f 581//581 579//579 583//583
f 583//583 579//579 585//585
f 579//579 580//580 585//585
f 585//585 580//580 585//585
f 580//580 586//586 585//585
f 585//585 586//586 587//587
f 586//586 588//588 587//587
f 587//587 588//588 588//588
f 588//588 587//587 588//588
f 588//588 587//587 587//587
f 587//587 589//589 587//587
f 587//587 589//589 585//585
f 589//589 589//589 585//585
f 585//585 589//589 583//583
f 589//589 589//589 583//583
f 583//583 589//589 584//584
f 589//589 589//589 584//584
f 584//584 589//589 590//590
f 589//589 591//591 590//590
f 590//590 591//591 592//592
f 591//591 591//591 592//592
f 592//592 591//591 593//593
f 591//591 594//594 593//593
f 593//593 594//594 595//595
f 594//594 596//596 595//595
f 595//595 596//596 597//597
f 596//596 597//597 597//597
f 597//597 597//597 589//589
f 597//597 589//589 589//589
f 589//589 589//589 591//591
f 589//589 587//587 591//591
f 591//591 587//587 594//594
f 587//587 588//588 594//594
f 594//594 588//588 596//596
f 588//588 596//596 596//596
f 596//596 596//596 592//592
f 596//596 592//592 592//592
f 592//592 592//592 598//598
f 592//592 599//599 598//598
f 598//598 599//599 600//600
f 599//599 601//601 600//600
f 600//600 601//601 602//602
f 601//601 603//603 602//602
f 602//602 603//603 604//604
f 603//603 604//604 604//604
f 604//604 604//604 605//605
f 604//604 605//605 605//605
f 605//605 605//605 606//606
f 605//605 607//607 606//606
f 606//606 607//607 608//608
f 607//607 609//609 608//608
f 608//608 609//609 610//610
f 609//609 611//611 610//610
f 610//610 611//611 610//610
f 611//611 612//612 610//610
f 610//610 612//612 613//613
f 612//612 614//614 613//613
f 613//613 614//614 614//614
f 614//614 606//606 614//614
f 614//614 606//606 606//606
f 606//606 608//608 606//606
f 606//606 608//608 615//615
f 608//608 608//608 615//615
f 615//615 608//608 616//616
f 608//608 610//610 616//616
f 616//616 610//610 613//613
f 610//610 613//613 613//613
f 613//613 613//613 617//617
f 613//613 617//617 617//617
f 617//617 617//617 618//618
f 617//617 619//619 618//618
f 618//618 619//619 618//618
f 619//619 620//620 618//618
f 618//618 620//620 621//621
f 620//620 622//622 621//621
f 621//621 622//622 623//623
f 622//622 624//624 623//623
f 623//623 624//624 624//624
f 624//624 619//619 624//624
f 624//624 619//619 619//619
f 619//619 625//625 619//619
f 619//619 625//625 626//626
f 625//625 627//627 626//626
f 626//626 627//627 628//628
f 627//627 628//628 628//628
f 628//628 628//628 625//625
f 628//628 625//625 625//625
f 625//625 625//625 627//627
f 625//625 629//629 627//627
f 627//627 629//629 630//630
f 629//629 631//631 630//630
f 630//630 631//631 632//632
f 631//631 633//633 632//632
f 632//632 633//633 634//634
f 633//633 635//635 634//634
f 634//634 635//635 636//636
f 635//635 637//637 636//636
f 636//636 637//637 638//638
f 637//637 639//639 638//638
f 638//638 639//639 640//640
f 639//639 641//641 640//640
f 640//640 641//641 640//640
f 641//641 642//642 640//640
f 640//640 642//642 643//643
f 642//642 644//644 643//643
f 643//643 644//644 645//645
f 644//644 646//646 645//645
f 645//645 646//646 646//646
f 646//646 645//645 646//646
f 646//646 645//645 645//645
f 645//645 647//647 645//645
f 645//645 647//647 643//643
f 647//647 648//648 643//643
f 643//643 648//648 640//640
f 648//648 648//648 640//640
f 640//640 648//648 638//638
f 648//648 649//649 638//638
f 638//638 649//649 636//636
f 649//649 650//650 636//636
f 636//636 650//650 634//634
f 650//650 651//651 634//634
f 634//634 651//651 632//632
f 651//651 632//632 632//632
f 632//632 632//632 647//647
f 632//632 647//647 647//647
f 647//647 647//647 648//648
f 647//647 652//652 648//648
f 648//648 652//652 649//649
f 652//652 653//653 649//649
f 649//649 653//653 650//650
f 653//653 654//654 650//650
f 650//650 654//654 651//651
f 654//654 655//655 651//651
f 651//651 655//655 651//651
f 655//655 656//656 651//651
f 651//651 656//656 632//632
f 656//656 656//656 632//632
f 632//632 656//656 630//630
f 656//656 657//657 630//630
f 630//630 657//657 627//627
f 657//657 657//657 627//627
f 627//627 657//657 628//628
f 657//657 657//657 628//628
f 628//628 657//657 658//658
f 657//657 657//657 658//658
f 658//658 657//657 659//659
f 657//657 656//656 659//659
f 659//659 656//656 655//655
f 656//656 655//655 655//655
f 655//655 655//655 660//660
f 655//655 660//660 660//660
f 660//660 660//660 661//661
f 660//660 662//662 661//661
f 661//661 662//662 663//663
f 662//662 664//664 663//663
f 663//663 664//664 665//665
f 664//664 666//666 665//665
f 665//665 666//666 666//666
f 666//666 661//661 666//666
f 666//666 661//661 661//661
f 661//661 663//663 661//661
f 661//661 663//663 667//667
f 663//663 668//668 667//667
f 667//667 668//668 669//669
f 668//668 668//668 669//669
f 669//669 668//668 670//670
f 668//668 671//671 670//670
f 670//670 671//671 672//672
f 671//671 672//672 672//672
f 672//672 672//672 663//663
f 672//672 663//663 663//663
f 663//663 663//663 668//668
f 663//663 665//665 668//668
f 668//668 665//665 671//671
f 665//665 665//665 671//671
f 671//671 665//665 673//673
f 665//665 666//666 673//673
f 673//673 666//666 673//673
f 666//666 674//674 673//673
f 673//673 674//674 675//675
f 674//674 676//676 675//675
f 675//675 676//676 677//677
f 676//676 678//678 677//677
f 677//677 678//678 679//679
f 678//678 680//680 679//679
f 679//679 680//680 681//681
f 680//680 682//682 681//681
f 681//681 682//682 681//681
f 682//682 683//683 681//681
f 681//681 683//683 684//684
f 683//683 685//685 684//684
f 684//684 685//685 686//686
f 685//685 687//687 686//686
f 686//686 687//687 687//687
f 687//687 686//686 687//687
f 687//687 686//686 686//686
f 686//686 688//688 686//686
f 686//686 688//688 684//684
f 688//688 689//689 684//684
f 684//684 689//689 681//681
f 689//689 689//689 681//681
f 681//681 689//689 679//679
f 689//689 690//690 679//679
f 679//679 690//690 677//677
f 690//690 691//691 677//677
f 677//677 691//691 675//675
f 691//691 692//692 675//675
f 675//675 692//692 673//673
f 692//692 692//692 673//673
f 673//673 692//692 671//671
f 692//692 692//692 671//671
f 671//671 692//692 672//672
f 692//692 692//692 672//672
f 672//672 692//692 693//693
f 692//692 691//691 693//693
f 693//693 691//691 694//694
f 691//691 690//690 694//694
f 694//694 690//690 695//695
f 690//690 689//689 695//695
f 695//695 689//689 688//688
f 689//689 688//688 688//688
f 688//688 688//688 696//696
f 688//688 696//696 696//696
f 696//696 696//696 697//697
f 696//696 698//698 697//697
f 697//697 698//698 699//699
f 698//698 700//700 699//699
f 699//699 700//700 699//699
f 700//700 701//701 699//699
f 699//699 701//701 702//702
f 701//701 703//703 702//702
f 702//702 703//703 704//704
f 703//703 705//705 704//704
f 704//704 705//705 705//705
f 705//705 697//697 705//705
f 705//705 697//697 697//697
f 697//697 699//699 697//697
f 697//697 699//699 706//706
f 699//699 702//702 706//706
f 706//706 702//702 707//707
f 702//702 704//704 707//707
f 707//707 704//704 704//704
f 704//704 708//708 704//704
f 704//704 708//708 708//708
f 708//708 709//709 708//708
f 708//708 709//709 710//710
f 709//709 711//711 710//710
f 710//710 711//711 712//712
f 711//711 713//713 712//712
f 712//712 713//713 714//714
f 713//713 682//682 714//714
f 714//714 682//682 682//682
f 682//682 715//715 682//682
f 682//682 715//715 715//715
f 715//715 716//716 715//715
f 715//715 716//716 717//717
f 716//716 716//716 717//717
f 717//717 716//716 718//718
f 716//716 719//719 718//718
f 718//718 719//719 720//720
f 719//719 721//721 720//720
f 720//720 721//721 722//722
f 721//721 722//722 722//722
f 722//722 722//722 717//717
f 722//722 717//717 717//717
f 717//717 717//717 723//723
f 717//717 724//724 723//723
f 723//723 724//724 725//725
f 724//724 726//726 725//725
f 725//725 726//726 726//726
f 726//726 723//723 726//726
f 726//726 723//723 723//723
f 723//723 725//725 723//723
f 723//723 725//725 727//727
f 725//725 728//728 727//727
f 727//727 728//728 729//729
f 728//728 730//730 729//729
f 729//729 730//730 731//731
f 730//730 732//732 731//731
f 731//731 732//732 733//733
f 732//732 734//734 733//733
f 733//733 734//734 735//735
f 734//734 736//736 735//735
f 735//735 736//736 737//737
f 736//736 738//738 737//737
f 737//737 738//738 739//739
f 738//738 738//738 739//739
f 739//739 738//738 740//740
f 738//738 741//741 740//740
f 740//740 741//741 742//742
f 741//741 743//743 742//742
f 742//742 743//743 744//744
f 743//743 744//744 744//744
f 744//744 744//744 743//743
f 744//744 743//743 743//743
f 743//743 743//743 745//745
f 743//743 741//741 745//745
f 745//745 741//741 746//746
f 741//741 738//738 746//746
f 746//746 738//738 746//746
f 738//738 736//736 746//746
f 746//746 736//736 747//747
f 736//736 734//734 747//747
f 747//747 734//734 748//748
f 734//734 732//732 748//748
f 748//748 732//732 749//749
f 732//732 730//730 749//749
f 749//749 730//730 750//750
f 730//730 728//728 750//750
f 750//750 728//728 751//751
f 728//728 725//725 751//751
f 751//751 725//725 751//751
f 725//725 726//726 751//751
f 751//751 726//726 751//751
f 726//726 752//752 751//751
f 751//751 752//752 751//751
f 752//752 753//753 751//751
f 751//751 753//753 750//750
f 753//753 754//754 750//750
f 750//750 754//754 749//749
f 754//754 755//755 749//749
f 749//749 755//755 748//748
f 755//755 756//756 748//748
f 748//748 756//756 747//747
f 756//756 757//757 747//747
f 747//747 757//757 746//746
f 757//757 745//745 746//746
f 746//746 745//745 745//745
f 745//745 758//758 745//745
f 745//745 758//758 758//758
f 758//758 759//759 758//758
f 758//758 759//759 760//760
f 759//759 761//761 760//760
f 760//760 761//761 762//762
f 761//761 762//762 762//762
f 762//762 762//762 759//759
f 762//762 759//759 759//759
f 759//759 759//759 761//761
f 759//759 763//763 761//761
f 761//761 763//763 764//764
f 763//763 765//765 764//764
f 764//764 765//765 764//764
f 765//765 766//766 764//764
f 764//764 766//766 767//767
f 766//766 768//768 767//767
f 767//767 768//768 768//768
f 768//768 767//767 768//768
f 768//768 767//767 767//767
f 767//767 769//769 767//767
f 767//767 769//769 764//764
f 769//769 769//769 764//764
f 764//764 769//769 761//761
f 769//769 769//769 761//761
f 761//761 769//769 762//762
f 769//769 769//769 762//762
f 762//762 769//769 770//770
f 769//769 771//771 770//770
f 770//770 771//771 772//772
f 771//771 772//772 772//772
f 772//772 772//772 769//769
f 772//772 769//769 769//769
f 769//769 769//769 771//771
f 769//769 767//767 771//771
f 771//771 767//767 773//773
f 767//767 768//768 773//773
f 773//773 768//768 773//773
f 768//768 774//774 773//773
f 773//773 774//774 775//775
f 774//774 776//776 775//775
f 775//775 776//776 776//776
f 776//776 775//775 776//776
f 776//776 775//775 775//775
f 775//775 777//777 775//775
f 775//775 777//777 773//773
f 777//777 777//777 773//773
f 773//773 777//777 771//771
f 777//777 777//777 771//771
f 771//771 777//777 772//772
f 777//777 777//777 772//772
f 772//772 777//777 778//778
f 777//777 779//779 778//778
f 778//778 779//779 780//780
f 779//779 780//780 780//780
f 780//780 780//780 777//777
f 780//780 777//777 777//777
f 777//777 777//777 779//779
f 777//777 775//775 779//779
f 779//779 775//775 781//781
f 775//775 776//776 781//781
f 781//781 776//776 781//781
f 776//776 782//782 781//781
f 781//781 782//782 783//783
f 782//782 784//784 783//783
f 783//783 784//784 784//784
f 784//784 783//783 784//784
f 784//784 783//783 783//783
f 783//783 785//785 783//783
f 783//783 785//785 781//781
f 785//785 785//785 781//781
f 781//781 785//785 779//779
f 785//785 785//785 779//779
f 779//779 785//785 780//780
f 785//785 785//785 780//780
f 780//780 785//785 786//786
f 785//785 787//787 786//786
f 786//786 787//787 788//788
f 787//787 787//787 788//788
f 788//788 787//787 789//789
f 787//787 790//790 789//789
f 789//789 790//790 791//791
f 790//790 792//792 791//791
f 791//791 792//792 793//793
f 792//792 793//793 793//793
f 793//793 793//793 785//785
f 793//793 785//785 785//785
f 785//785 785//785 787//787
f 785//785 783//783 787//787
f 787//787 783//783 790//790
f 783//783 784//784 790//790
f 790//790 784//784 792//792
f 784//784 792//792 792//792
f 792//792 792//792 788//788
f 792//792 788//788 788//788
f 788//788 788//788 794//794
f 788//788 795//795 794//794
f 794//794 795//795 796//796
f 795//795 797//797 796//796
f 796//796 797//797 798//798
f 797//797 799//799 798//798
f 798//798 799//799 800//800
f 799//799 800//800 800//800
f 800//800 800//800 801//801
f 800//800 801//801 801//801
f 801//801 801//801 802//802
f 801//801 803//803 802//802
f 802//802 803//803 804//804
f 803//803 805//805 804//804
f 804//804 805//805 806//806
f 805//805 807//807 806//806
f 806//806 807//807 806//806
f 807//807 808//808 806//806
f 806//806 808//808 809//809
f 808//808 810//810 809//809
f 809//809 810//810 810//810
f 810//810 802//802 810//810
f 810//810 802//802 802//802
f 802//802 804//804 802//802
f 802//802 804//804 811//811
f 804//804 804//804 811//811
f 811//811 804//804 812//812
f 804//804 806//806 812//812
f 812//812 806//806 809//809
f 813//813 814//814 815//815
f 814//814 814//814 815//815
f 815//815 814//814 816//816
f 814//814 817//817 816//816
f 816//816 817//817 818//818
f 817//817 819//819 818//818
f 818//818 819//819 820//820
f 819//819 821//821 820//820
f 820//820 821//821 822//822
f 821//821 823//823 822//822
f 822//822 823//823 824//824
f 823//823 825//825 824//824
f 824//824 825//825 826//826
f 825//825 827//827 826//826
f 826//826 827//827 828//828
f 827//827 829//829 828//828
f 828//828 829//829 830//830
f 829//829 831//831 830//830
f 830//830 831//831 832//832
f 831//831 833//833 832//832
f 832//832 833//833 834//834
f 833//833 835//835 834//834
f 834//834 835//835 836//836
f 835//835 837//837 836//836
f 836//836 837//837 838//838
f 837//837 839//839 838//838
f 838//838 839//839 840//840
f 839//839 841//841 840//840
f 840//840 841//841 842//842
f 841//841 843//843 842//842
f 842//842 843//843 844//844
f 843//843 845//845 844//844
f 844//844 845//845 846//846
f 845//845 847//847 846//846
f 846//846 847//847 848//848
f 847//847 849//849 848//848
f 848//848 849//849 850//850
f 849//849 851//851 850//850
f 850//850 851//851 852//852
f 851//851 853//853 852//852
f 852//852 853//853 854//854
f 853//853 855//855 854//854
f 854//854 855//855 856//856
f 855//855 857//857 856//856
f 856//856 857//857 858//858
f 857//857 859//859 858//858
f 858//858 859//859 860//860
f 859//859 861//861 860//860
f 860//860 861//861 862//862
f 861//861 863//863 862//862
f 862//862 863//863 864//864
f 863//863 865//865 864//864
f 864//864 865//865 866//866
f 865//865 867//867 866//866
f 866//866 867//867 868//868
f 867//867 869//869 868//868
f 868//868 869//869 870//870
f 869//869 871//871 870//870
f 870//870 871//871 872//872
f 871//871 873//873 872//872
f 872//872 873//873 874//874
f 873//873 875//875 874//874
f 874//874 875//875 876//876
f 875//875 877//877 876//876
f 876//876 877//877 878//878
f 877//877 878//878 878//878
f 878//878 878//878 879//879
f 878//878 879//879 879//879
f 879//879 879//879 880//880
f 879//879 881//881 880//880
f 880//880 881//881 882//882
f 881//881 883//883 882//882
f 882//882 883//883 884//884
f 883//883 885//885 884//884
f 884//884 885//885 886//886
f 885//885 887//887 886//886
f 886//886 887//887 888//888
f 887//887 889//889 888//888
f 888//888 889//889 890//890
f 889//889 891//891 890//890
f 890//890 891//891 892//892
f 891//891 893//893 892//892
f 892//892 893//893 894//894
f 893//893 895//895 894//894
f 894//894 895//895 896//896
f 895//895 897//897 896//896
f 896//896 897//897 898//898
f 897//897 899//899 898//898
f 898//898 899//899 900//900
f 899//899 901//901 900//900
f 900//900 901//901 902//902
f 901//901 903//903 902//902
f 902//902 903//903 904//904
f 903//903 905//905 904//904
f 904//904 905//905 906//906
f 905//905 907//907 906//906
f 906//906 907//907 908//908
f 907//907 909//909 908//908
f 908//908 909//909 910//910
f 909//909 911//911 910//910
f 910//910 911//911 912//912
f 911//911 913//913 912//912
f 912//912 913//913 914//914
f 913//913 915//915 914//914
f 914//914 915//915 916//916
f 915//915 917//917 916//916
f 916//916 917//917 918//918
f 917//917 919//919 918//918
f 918//918 919//919 920//920
f 919//919 921//921 920//920
f 920//920 921//921 922//922
f 921//921 923//923 922//922
f 922//922 923//923 924//924
f 923//923 925//925 924//924
f 924//924 925//925 926//926
f 925//925 927//927 926//926
f 926//926 927//927 928//928
f 927//927 929//929 928//928
f 928//928 929//929 930//930
f 929//929 931//931 930//930
f 930//930 931//931 932//932
f 931//931 933//933 932//932
f 932//932 933//933 934//934
f 933//933 935//935 934//934
f 934//934 935//935 936//936
f 935//935 937//937 936//936
f 936//936 937//937 938//938
f 937//937 939//939 938//938
f 938//938 939//939 940//940
f 939//939 941//941 940//940
f 940//940 941//941 942//942
f 941//941 943//943 942//942
f 942//942 943//943 944//944
