o model_0
v -0.2330767810344696 0.5753146409988403 1.1819968223571777 
v -0.15989042818546295 0.5753146409988403 1.1429603099822998 
v -0.2971148192882538 0.5753146409988403 1.234662413597107 
v 0.0020066320430487394 0.5753146409988403 1.1107383966445923 
v 0.301128089427948 0.5753146409988403 1.234662413597107 
v 0.16390369832515717 0.5753146409988403 1.1429603099822998 
v 0.23709003627300262 0.5753146409988403 1.1819968223571777 
v 0.301128089427948 0.5753146409988403 1.8329977989196777 
v -0.2971148192882538 0.5753146409988403 1.8329977989196777 
v -0.4210326075553894 0.5753146409988403 1.533830165863037 
v -0.38887497782707214 0.5753146409988403 1.6956970691680908 
v -0.4129931926727295 0.5753146409988403 1.6163620948791504 
v 0.0020066320430487394 0.5753146409988403 1.9569218158721924 
v -0.15989042818546295 0.5753146409988403 1.9247000217437744 
v -0.2330767810344696 0.5753146409988403 1.8855793476104736 
v 0.16390369832515717 0.5753146409988403 1.9247000217437744 
v 0.08461849391460419 0.5753146409988403 1.948761224746704 
v 2.051778554916382 4.374284267425537 0.00686339195817709 
v -2.0516467094421387 4.374284267425537 0.00686339195817709 
v 2.051778554916382 4.17988920211792 0.02654990367591381 
v -2.0516467094421387 4.17988920211792 0.02654990367591381 
v 2.051778554916382 3.935889959335327 0.04160924255847931 
v -2.0516467094421387 3.935889959335327 0.04160924255847931 
v 2.051778554916382 3.7656266689300537 0.030756426975131035 
v -2.0516467094421387 3.7656266689300537 0.030756426975131035 
v 2.051778554916382 3.7052972316741943 0.013677953742444515 
v -2.0516467094421387 3.7052972316741943 0.013677953742444515 
v 2.051778554916382 3.6784842014312744 -0.00710225198417902 
v -2.0516467094421387 3.6784842014312744 -0.00710225198417902 
v 2.051778554916382 4.374284267425537 -0.03242550417780876 
v 2.051778554916382 4.374284267425537 0.00686339195817709 
v 2.051778554916382 4.17988920211792 -0.05202788487076759 
v 2.051778554916382 4.17988920211792 0.02654990367591381 
v 2.051778554916382 3.935889959335327 -0.0671713575720787 
v 2.051778554916382 3.935889959335327 0.04160924255847931 
v 2.051778554916382 3.7656266689300537 -0.05623440816998482 
v 2.051778554916382 3.7656266689300537 0.030756426975131035 
v 2.051778554916382 3.7052972316741943 -0.03924006596207619 
v 2.051778554916382 3.7052972316741943 0.013677953742444515 
v 2.051778554916382 3.6784842014312744 -0.018459858372807503 
v 2.051778554916382 3.6784842014312744 -0.00710225198417902 
v 2.051778554916382 4.347023963928223 -0.004325949586927891 
v 2.051778554916382 4.347023963928223 -0.021236160770058632 
v -2.0516467094421387 4.347023963928223 -0.004325949586927891 
v -2.0516467094421387 4.347023963928223 -0.021236160770058632 
v 2.051778554916382 4.347023963928223 -0.021236160770058632 
v 2.051778554916382 4.347023963928223 -0.004325949586927891 
v 2.051778554916382 4.374284267425537 -0.03242550417780876 
v 2.051778554916382 4.374284267425537 0.00686339195817709 
v -0.03320043534040451 -7.48514986038208 0.0103968670591712 
v -0.035140980035066605 -7.48514986038208 0.003750569187104702 
v -0.029873782768845558 -7.48514986038208 0.016538387164473534 
v -0.01989382691681385 -7.48514986038208 0.026297515258193016 
v -0.025438247248530388 -7.48514986038208 0.021838603541254997 
v 0.006442167796194553 -7.48514986038208 0.03159773349761963 
v -0.007141660898923874 -7.48514986038208 -0.037893980741500854 
v 0.03444148972630501 -7.48514986038208 -0.010046818293631077 
v 0.019471555948257446 -7.48514986038208 -0.03259376436471939 
v 0.029174290597438812 -7.48514986038208 -0.022834638133645058 
v 0.024738755077123642 -7.48514986038208 -0.028218986466526985 
v 0.029174290597438812 -7.48514986038208 0.016538387164473534 
v 0.019471555948257446 -7.48514986038208 0.026297515258193016 
v 0.013095472007989883 -7.48514986038208 0.02957860194146633 
v 0.03444148972630501 -7.48514986038208 0.003750569187104702 
v 0.032500941306352615 -7.48514986038208 0.0103968670591712 
v -0.03569542244076729 -7.48514986038208 -0.0031481245532631874 
v -0.035140980035066605 -7.48514986038208 -0.010046818293631077 
v -0.029873782768845558 -7.48514986038208 -0.022834638133645058 
v -0.01989382691681385 -7.48514986038208 -0.03259376436471939 
v -0.01379496417939663 -7.48514986038208 -0.035874851047992706 
v 0.01198658812791109 5.699745178222656 1.1650866270065308 
v 0.041372016072273254 5.135329246520996 1.1650866270065308 
v 0.01198658812791109 5.699745178222656 0.030588163062930107 
v 0.041372016072273254 5.135329246520996 0.10495944321155548 
v 2.051778554916382 4.374284267425537 -0.03242550417780876 
v -2.0516467094421387 4.374284267425537 -0.03242550417780876 
v 2.051778554916382 4.347023963928223 -0.021236160770058632 
v -2.0516467094421387 4.347023963928223 -0.021236160770058632 
v -0.0004883569781668484 5.155886173248291 0.032270774245262146 
v -0.0004883569781668484 4.185698509216309 0.19413767755031586 
v 0.01559046097099781 5.155886173248291 0.03067229501903057 
v 0.047193653881549835 4.185698509216309 0.18942634761333466 
v 0.030837615951895714 5.155886173248291 0.02604512684047222 
v 0.0926579013466835 4.185698509216309 0.17562897503376007 
v 0.04469866678118706 5.155886173248291 0.018557516857981682 
v 0.13479548692703247 4.185698509216309 0.15316615998744965 
v 0.05717360973358154 5.155886173248291 0.008461869321763515 
v 0.1713886708021164 4.185698509216309 0.12287922203540802 
v 0.06715356558561325 5.155886173248291 -0.0038211653009057045 
v 0.2018829733133316 4.185698509216309 0.08611422777175903 
v 0.07463853806257248 5.155886173248291 -0.017870942130684853 
v 0.2243378758430481 4.185698509216309 0.04404902458190918 
v 0.07935129106044769 5.155886173248291 -0.03309854492545128 
v 0.23792169988155365 4.185698509216309 -0.0015496473060920835 
v 0.0807373970746994 5.155886173248291 -0.04899919033050537 
v 0.24263446033000946 4.185698509216309 -0.04899919033050537 
v 0.07935129106044769 5.155886173248291 -0.0648157075047493 
v 0.23792169988155365 4.185698509216309 -0.09636460989713669 
v 0.07463853806257248 5.155886173248291 -0.08004330843687057 
v 0.2243378758430481 4.185698509216309 -0.14196328818798065 
v 0.06715356558561325 5.155886173248291 -0.09409308433532715 
v 0.2018829733133316 4.185698509216309 -0.1840284913778305 
v 0.05717360973358154 5.155886173248291 -0.10637612640857697 
v 0.17166587710380554 4.185698509216309 -0.22087760269641876 
v 0.04469866678118706 5.155886173248291 -0.1164717748761177 
v 0.13479548692703247 4.185698509216309 -0.2510804235935211 
v 0.030837615951895714 5.155886173248291 -0.12395937740802765 
v 0.0926579013466835 4.185698509216309 -0.27354323863983154 
v 0.01559046097099781 5.155886173248291 -0.128586545586586 
v 0.047193653881549835 4.185698509216309 -0.28734061121940613 
v -0.0004883569781668484 5.155886173248291 -0.13018502295017242 
v -0.0004883569781668484 4.185698509216309 -0.29205191135406494 
v -0.016289953142404556 5.155886173248291 -0.128586545586586 
v -0.04789314791560173 4.185698509216309 -0.28734061121940613 
v -0.03153710812330246 5.155886173248291 -0.12395937740802765 
v -0.0933573916554451 4.185698509216309 -0.27354323863983154 
v -0.045398157089948654 5.155886173248291 -0.1164717748761177 
v -0.13549497723579407 4.185698509216309 -0.2510804235935211 
v -0.05787310376763344 5.155886173248291 -0.10637612640857697 
v -0.17236538231372833 4.185698509216309 -0.22087760269641876 
v -0.06785306334495544 5.155886173248291 -0.09409308433532715 
v -0.2025824636220932 4.185698509216309 -0.1840284913778305 
v -0.07533802837133408 5.155886173248291 -0.08004330843687057 
v -0.2250373661518097 4.185698509216309 -0.14196328818798065 
v -0.08005078136920929 5.155886173248291 -0.0648157075047493 
v -0.23862119019031525 4.185698509216309 -0.09636460989713669 
v -0.081436887383461 5.155886173248291 -0.04899919033050537 
v -0.24333395063877106 4.185698509216309 -0.04899919033050537 
v -0.08005078136920929 5.155886173248291 -0.03309854492545128 
v -0.23862119019031525 4.185698509216309 -0.0015496473060920835 
v -0.07533802837133408 5.155886173248291 -0.017870942130684853 
v -0.2250373661518097 4.185698509216309 0.04404902458190918 
v -0.06785306334495544 5.155886173248291 -0.0038211653009057045 
v -0.2025824636220932 4.185698509216309 0.08611422777175903 
v -0.05787310376763344 5.155886173248291 0.008461869321763515 
v -0.17236538231372833 4.185698509216309 0.12287922203540802 
v -0.045398157089948654 5.155886173248291 0.018557516857981682 
v -0.13549497723579407 4.185698509216309 0.15316615998744965 
v -0.03153710812330246 5.155886173248291 0.02604512684047222 
v -0.0933573916554451 4.185698509216309 0.17562897503376007 
v -0.016289953142404556 5.155886173248291 0.03067229501903057 
v -0.04789314791560173 4.185698509216309 0.18942634761333466 
v -0.0004883569781668484 5.155886173248291 0.032270774245262146 
v -0.0004883569781668484 4.185698509216309 0.19413767755031586 
v -0.0004883569781668484 3.226236581802368 0.35154563188552856 
v 0.07768796384334564 3.226236581802368 0.3438056409358978 
v 0.1528148502111435 3.226236581802368 0.32100629806518555 
v 0.22212010622024536 3.226236581802368 0.28398892283439636 
v 0.2828315198421478 3.226236581802368 0.23418374359607697 
v 0.3327312767505646 3.226236581802368 0.17352570593357086 
v 0.36960166692733765 3.226236581802368 0.10428640246391296 
v 0.3923338055610657 3.226236581802368 0.02915794961154461 
v 0.40009599924087524 3.226236581802368 -0.04899919033050537 
v 0.3923338055610657 3.226236581802368 -0.12707220017910004 
v 0.36960166692733765 3.226236581802368 -0.20220065116882324 
v 0.3327312767505646 3.226236581802368 -0.27143996953964233 
v 0.2828315198421478 3.226236581802368 -0.3321821391582489 
v 0.22212010622024536 3.226236581802368 -0.3819873332977295 
v 0.1528148502111435 3.226236581802368 -0.4189205765724182 
v 0.07768796384334564 3.226236581802368 -0.4417199194431305 
v -0.00021113600814715028 3.226236581802368 -0.44945991039276123 
v -0.07838745415210724 3.226236581802368 -0.4417199194431305 
v -0.15351435542106628 3.226236581802368 -0.4189205765724182 
v -0.22281959652900696 3.226236581802368 -0.3819873332977295 
v -0.2835310101509094 3.226236581802368 -0.3321821391582489 
v -0.33343076705932617 3.226236581802368 -0.27143996953964233 
v -0.37030115723609924 3.226236581802368 -0.20220065116882324 
v -0.39303329586982727 3.226236581802368 -0.12707220017910004 
v -0.40079548954963684 3.226236581802368 -0.04899919033050537 
v -0.39303329586982727 3.226236581802368 0.02915794961154461 
v -0.37030115723609924 3.226236581802368 0.10428640246391296 
v -0.33343076705932617 3.226236581802368 0.17352570593357086 
v -0.2835310101509094 3.226236581802368 0.23418374359607697 
v -0.22281959652900696 3.226236581802368 0.28398892283439636 
v -0.15351435542106628 3.226236581802368 0.32100629806518555 
v -0.07838745415210724 3.226236581802368 0.3438056409358978 
v -0.0004883569781668484 3.226236581802368 0.35154563188552856 
v -0.00021113600814715028 2.5862972736358643 0.43576014041900635 
v 0.09432122856378555 2.5862972736358643 0.42650580406188965 
v 0.1852497160434723 2.5862972736358643 0.3989110291004181 
v 0.26897045969963074 2.5862972736358643 0.3540695309638977 
v 0.34243401885032654 2.5862972736358643 0.2938321828842163 
v 0.4025909900665283 2.5862972736358643 0.22038634121418 
v 0.4475007653236389 2.5862972736358643 0.13650834560394287 
v 0.4752228856086731 2.5862972736358643 0.045647501945495605 
v 0.4843711853027344 2.5862972736358643 -0.04899919033050537 
v 0.4752228856086731 2.5862972736358643 -0.14356176555156708 
v 0.4475007653236389 2.5862972736358643 -0.2345067262649536 
v 0.4025909900665283 2.5862972736358643 -0.31830060482025146 
v 0.34243401885032654 2.5862972736358643 -0.391746461391449 
v 0.26897045969963074 2.5862972736358643 -0.45206794142723083 
v 0.1852497160434723 2.5862972736358643 -0.49682533740997314 
v 0.09432122856378555 2.5862972736358643 -0.5244200825691223 
v -0.00021113600814715028 2.5862972736358643 -0.5337585806846619 
v -0.09502071887254715 2.5862972736358643 -0.5244200825691223 
v -0.1859492063522339 2.5862972736358643 -0.49682533740997314 
v -0.26966995000839233 2.5862972736358643 -0.45206794142723083 
v -0.34313350915908813 2.5862972736358643 -0.391746461391449 
v -0.4032904803752899 2.5862972736358643 -0.31830060482025146 
v -0.4482002854347229 2.5862972736358643 -0.2345067262649536 
v -0.4759223759174347 2.5862972736358643 -0.14356176555156708 
v -0.48507067561149597 2.5862972736358643 -0.04899919033050537 
v -0.4759223759174347 2.5862972736358643 0.045647501945495605 
v -0.4482002854347229 2.5862972736358643 0.13650834560394287 
v -0.4032904803752899 2.5862972736358643 0.22038634121418 
v -0.34313350915908813 2.5862972736358643 0.2938321828842163 
v -0.26966995000839233 2.5862972736358643 0.3540695309638977 
v -0.1859492063522339 2.5862972736358643 0.3989110291004181 
v -0.09502071887254715 2.5862972736358643 0.42650580406188965 
v -0.00021113600814715028 2.5862972736358643 0.43576014041900635 
v -0.00021113600814715028 -3.10612416267395 0.7471267580986023 
v -0.00021113600814715028 -1.4794622659683228 0.7471267580986023 
v -0.14408883452415466 -3.10612416267395 0.7329928874969482 
v -0.14408883452415466 -1.4794622659683228 0.7329928874969482 
v -0.2821449041366577 -3.10612416267395 0.6910959482192993 
v -0.2821449041366577 -1.4794622659683228 0.6910959482192993 
v -0.40938931703567505 -3.10612416267395 0.6230344176292419 
v -0.40938931703567505 -1.4794622659683228 0.6230344176292419 
v -0.521109402179718 -3.10612416267395 0.5314164161682129 
v -0.521109402179718 -1.4794622659683228 0.5314164161682129 
v -0.612592339515686 -3.10612416267395 0.41985952854156494 
v -0.612592339515686 -1.4794622659683228 0.41985952854156494 
v -0.6807886958122253 -3.10612416267395 0.29257020354270935 
v -0.6807886958122253 -1.4794622659683228 0.29257020354270935 
v -0.722649097442627 -3.10612416267395 0.15442810952663422 
v -0.722649097442627 -1.4794622659683228 0.15442810952663422 
v -0.7367873787879944 -3.10612416267395 0.010733394883573055 
v -0.7367873787879944 -1.4794622659683228 0.010733394883573055 
v -0.722649097442627 -3.10612416267395 -0.13296133279800415 
v -0.722649097442627 -1.4794622659683228 -0.13296133279800415 
v -0.6807886958122253 -3.10612416267395 -0.2711034417152405 
v -0.6807886958122253 -1.4794622659683228 -0.2711034417152405 
v -0.612592339515686 -3.10612416267395 -0.39839276671409607 
v -0.612592339515686 -1.4794622659683228 -0.39839276671409607 
v -0.521109402179718 -3.10612416267395 -0.5099496245384216 
v -0.521109402179718 -1.4794622659683228 -0.5099496245384216 
v -0.40938931703567505 -3.10612416267395 -0.6015676856040955 
v -0.40938931703567505 -1.4794622659683228 -0.6015676856040955 
v -0.2821449041366577 -3.10612416267395 -0.6696291565895081 
v -0.2821449041366577 -1.4794622659683228 -0.6696291565895081 
v -0.14408883452415466 -3.10612416267395 -0.711526095867157 
v -0.14408883452415466 -1.4794622659683228 -0.711526095867157 
v -0.00021113600814715028 -3.10612416267395 -0.7256600260734558 
v -0.00021113600814715028 -1.4794622659683228 -0.7256600260734558 
v 0.14338934421539307 -3.10612416267395 -0.711526095867157 
v 0.14338934421539307 -1.4794622659683228 -0.711526095867157 
v 0.2814454138278961 -3.10612416267395 -0.6696291565895081 
v 0.2814454138278961 -1.4794622659683228 -0.6696291565895081 
v 0.40868982672691345 -3.10612416267395 -0.6015676856040955 
v 0.40868982672691345 -1.4794622659683228 -0.6015676856040955 
v 0.520409882068634 -3.10612416267395 -0.5099496245384216 
v 0.520409882068634 -1.4794622659683228 -0.5099496245384216 
v 0.611892819404602 -3.10612416267395 -0.39839276671409607 
v 0.611892819404602 -1.4794622659683228 -0.39839276671409607 
v 0.6800891757011414 -3.10612416267395 -0.2711034417152405 
v 0.6800891757011414 -1.4794622659683228 -0.2711034417152405 
v 0.7219495177268982 -3.10612416267395 -0.13296133279800415 
v 0.7219495177268982 -1.4794622659683228 -0.13296133279800415 
v 0.7360877990722656 -3.10612416267395 0.010733394883573055 
v 0.7360877990722656 -1.4794622659683228 0.010733394883573055 
v 0.7219495177268982 -3.10612416267395 0.15442810952663422 
v 0.7219495177268982 -1.4794622659683228 0.15442810952663422 
v 0.6800891757011414 -3.10612416267395 0.29257020354270935 
v 0.6800891757011414 -1.4794622659683228 0.29257020354270935 
v 0.611892819404602 -3.10612416267395 0.41985952854156494 
v 0.611892819404602 -1.4794622659683228 0.41985952854156494 
v 0.520409882068634 -3.10612416267395 0.5314164161682129 
v 0.520409882068634 -1.4794622659683228 0.5314164161682129 
v 0.40868982672691345 -3.10612416267395 0.6230344176292419 
v 0.40868982672691345 -1.4794622659683228 0.6230344176292419 
v 0.2814454138278961 -3.10612416267395 0.6910959482192993 
v 0.2814454138278961 -1.4794622659683228 0.6910959482192993 
v 0.14338934421539307 -3.10612416267395 0.7329928874969482 
v 0.14338934421539307 -1.4794622659683228 0.7329928874969482 
v -0.00021113600814715028 -3.10612416267395 0.7471267580986023 
v -0.00021113600814715028 -1.4794622659683228 0.7471267580986023 
v -0.00021113600814715028 0.5252636671066284 0.6225296258926392 
v -0.1257922500371933 0.5252636671066284 0.6101624965667725 
v -0.24638338387012482 0.5252636671066284 0.5735657811164856 
v -0.35727179050445557 0.5252636671066284 0.5142537951469421 
v -0.4548535645008087 0.5252636671066284 0.43432992696762085 
v -0.5346932411193848 0.5252636671066284 0.33690693974494934 
v -0.5940185189247131 0.5252636671066284 0.22577069699764252 
v -0.6306117177009583 0.5252636671066284 0.10521182417869568 
v -0.6430866718292236 0.5252636671066284 -0.020142467692494392 
v -0.6306117177009583 0.5252636671066284 -0.14549675583839417 
v -0.5940185189247131 0.5252636671066284 -0.2660556435585022 
v -0.5346932411193848 0.5252636671066284 -0.3771919012069702 
v -0.4548535645008087 0.5252636671066284 -0.47453075647354126 
v -0.35727179050445557 0.5252636671066284 -0.5544546246528625 
v -0.24638338387012482 0.5252636671066284 -0.6138507127761841 
v -0.1257922500371933 0.5252636671066284 -0.650447428226471 
v -0.00021113600814715028 0.5252636671066284 -0.6628146171569824 
v 0.1250927597284317 0.5252636671066284 -0.650447428226471 
v 0.24568389356136322 0.5252636671066284 -0.6138507127761841 
v 0.35657230019569397 0.5252636671066284 -0.5544546246528625 
v 0.4541540741920471 0.5252636671066284 -0.47453075647354126 
v 0.5339937210083008 0.5252636671066284 -0.3771919012069702 
v 0.5933189988136292 0.5252636671066284 -0.2660556435585022 
v 0.6299121379852295 0.5252636671066284 -0.14549675583839417 
v 0.6423870921134949 0.5252636671066284 -0.020142467692494392 
v 0.6299121379852295 0.5252636671066284 0.10521182417869568 
v 0.5933189988136292 0.5252636671066284 0.22577069699764252 
v 0.5339937210083008 0.5252636671066284 0.33690693974494934 
v 0.4541540741920471 0.5252636671066284 0.43432992696762085 
v 0.35657230019569397 0.5252636671066284 0.5142537951469421 
v 0.24568389356136322 0.5252636671066284 0.5736498832702637 
v 0.1250927597284317 0.5252636671066284 0.6101624965667725 
v -0.00021113600814715028 0.5252636671066284 0.6225296258926392 
v -0.00021113600814715028 1.7358750104904175 0.5553094744682312 
v -0.11248563975095749 1.7358750104904175 0.5442042350769043 
v -0.22060182690620422 1.7358750104904175 0.511477530002594 
v -0.32012417912483215 1.7358750104904175 0.45830708742141724 
v -0.4071715772151947 1.7358750104904175 0.3867962658405304 
v -0.4786945879459381 1.7358750104904175 0.2995530366897583 
v -0.5319210290908813 1.7358750104904175 0.20011092722415924 
v -0.5646331310272217 1.7358750104904175 0.09208749234676361 
v -0.5757219791412354 1.7358750104904175 -0.020142467692494392 
v -0.5646331310272217 1.7358750104904175 -0.1323724240064621 
v -0.5319210290908813 1.7358750104904175 -0.24031172692775726 
v -0.4786945879459381 1.7358750104904175 -0.3398379981517792 
v -0.4071715772151947 1.7358750104904175 -0.4269970953464508 
v -0.32012417912483215 1.7358750104904175 -0.4985920786857605 
v -0.22060182690620422 1.7358750104904175 -0.5517624616622925 
v -0.11248563975095749 1.7358750104904175 -0.5844891667366028 
v -0.00021113600814715028 1.7358750104904175 -0.5955944061279297 
v 0.11178614944219589 1.7358750104904175 -0.5844891667366028 
v 0.21990233659744263 1.7358750104904175 -0.5517624616622925 
v 0.31942468881607056 1.7358750104904175 -0.4985920786857605 
v 0.4064720571041107 1.7358750104904175 -0.4269970953464508 
v 0.4779950976371765 1.7358750104904175 -0.3398379981517792 
v 0.5312215089797974 1.7358750104904175 -0.24031172692775726 
v 0.5639335513114929 1.7358750104904175 -0.1323724240064621 
v 0.5750223994255066 1.7358750104904175 -0.020142467692494392 
v 0.5639335513114929 1.7358750104904175 0.09208749234676361 
v 0.5312215089797974 1.7358750104904175 0.20011092722415924 
v 0.4779950976371765 1.7358750104904175 0.2995530366897583 
v 0.4064720571041107 1.7358750104904175 0.3867962658405304 
v 0.31942468881607056 1.7358750104904175 0.45830708742141724 
v 0.21990233659744263 1.7358750104904175 0.511477530002594 
v 0.11178614944219589 1.7358750104904175 0.5442042350769043 
v -0.00021113600814715028 1.7358750104904175 0.5553094744682312 
v -0.00021113600814715028 2.5862972736358643 0.43576014041900635 
v -0.09502071887254715 2.5862972736358643 0.42650580406188965 
v -0.1859492063522339 2.5862972736358643 0.3989110291004181 
v -0.26966995000839233 2.5862972736358643 0.3540695309638977 
v -0.34313350915908813 2.5862972736358643 0.2938321828842163 
v -0.4032904803752899 2.5862972736358643 0.22038634121418 
v -0.4482002854347229 2.5862972736358643 0.13650834560394287 
v -0.4759223759174347 2.5862972736358643 0.045647501945495605 
v -0.48507067561149597 2.5862972736358643 -0.04899919033050537 
v -0.4759223759174347 2.5862972736358643 -0.14356176555156708 
v -0.4482002854347229 2.5862972736358643 -0.2345067262649536 
v -0.4032904803752899 2.5862972736358643 -0.31830060482025146 
v -0.34313350915908813 2.5862972736358643 -0.391746461391449 
v -0.26966995000839233 2.5862972736358643 -0.45206794142723083 
v -0.1859492063522339 2.5862972736358643 -0.49682533740997314 
v -0.09502071887254715 2.5862972736358643 -0.5244200825691223 
v -0.00021113600814715028 2.5862972736358643 -0.5337585806846619 
v 0.09432122856378555 2.5862972736358643 -0.5244200825691223 
v 0.1852497160434723 2.5862972736358643 -0.49682533740997314 
v 0.26897045969963074 2.5862972736358643 -0.45206794142723083 
v 0.34243401885032654 2.5862972736358643 -0.391746461391449 
v 0.4025909900665283 2.5862972736358643 -0.31830060482025146 
v 0.4475007653236389 2.5862972736358643 -0.2345067262649536 
v 0.4752228856086731 2.5862972736358643 -0.14356176555156708 
v 0.4843711853027344 2.5862972736358643 -0.04899919033050537 
v 0.4752228856086731 2.5862972736358643 0.045647501945495605 
v 0.4475007653236389 2.5862972736358643 0.13650834560394287 
v 0.4025909900665283 2.5862972736358643 0.22038634121418 
v 0.34243401885032654 2.5862972736358643 0.2938321828842163 
v 0.26897045969963074 2.5862972736358643 0.3540695309638977 
v 0.1852497160434723 2.5862972736358643 0.3989110291004181 
v 0.09432122856378555 2.5862972736358643 0.42650580406188965 
v -0.00021113600814715028 2.5862972736358643 0.43576014041900635 
v -2.0480427742004395 4.684422492980957 -0.01711376942694187 
v -2.0480427742004395 4.524884223937988 -0.025610944256186485 
v -2.0480427742004395 4.684422492980957 -0.009626165963709354 
v -2.0480427742004395 4.524884223937988 -0.001128994976170361 
v -2.0480427742004395 4.4028849601745605 -0.027966594323515892 
v -2.0480427742004395 4.4028849601745605 0.0012266550911590457 
v -2.0480427742004395 4.373837471008301 -0.023423554375767708 
v -2.0480427742004395 4.373837471008301 -0.003316388465464115 
v 2.0481748580932617 4.373837471008301 -0.003316388465464115 
v -2.0480427742004395 4.373837471008301 -0.003316388465464115 
v 2.0481748580932617 4.373837471008301 -0.023423554375767708 
v -2.0480427742004395 4.373837471008301 -0.023423554375767708 
v 0.00006608499825233594 5.112091064453125 0.030588163062930107 
v 0.01836267113685608 5.112091064453125 0.030588163062930107 
v 0.00006608499825233594 5.112091064453125 1.1650866270065308 
v 0.01836267113685608 5.112091064453125 1.1650866270065308 
v 0.041372016072273254 5.135329246520996 1.1650866270065308 
v 0.01836267113685608 5.112091064453125 1.1650866270065308 
v 0.041372016072273254 5.135329246520996 0.10495944321155548 
v 0.01836267113685608 5.112091064453125 0.030588163062930107 
v 0.01198658812791109 5.699745178222656 0.030588163062930107 
v 0.00006608499825233594 5.699745178222656 0.030588163062930107 
v 0.01198658812791109 5.699745178222656 1.1650866270065308 
v 0.00006608499825233594 5.699745178222656 1.1650866270065308 
v -0.012131638824939728 5.699745178222656 1.1650866270065308 
v -0.012131638824939728 5.699745178222656 0.030588163062930107 
v 0.01836267113685608 5.112091064453125 1.1650866270065308 
v 0.041372016072273254 5.135329246520996 1.1650866270065308 
v 0.00006608499825233594 5.112091064453125 1.1650866270065308 
v 0.00006608499825233594 5.230962753295898 1.1650866270065308 
v 0.01198658812791109 5.699745178222656 1.1650866270065308 
v 0.00006608499825233594 5.699745178222656 1.1650866270065308 
v -0.012131638824939728 5.699745178222656 1.1650866270065308 
v -0.041239842772483826 5.135329246520996 1.1650866270065308 
v 0.00006608499825233594 5.112091064453125 1.1650866270065308 
v 0.01836267113685608 5.112091064453125 0.030588163062930107 
v 0.00006608499825233594 5.230962753295898 0.030588163062930107 
v 0.041372016072273254 5.135329246520996 0.10495944321155548 
v 0.00006608499825233594 5.699745178222656 0.030588163062930107 
v -0.00021113600814715028 -7.48514986038208 -0.03856702148914337 
v 0.006442167796194553 -7.48514986038208 -0.037893980741500854 
v 2.0481748580932617 4.373837471008301 -0.023423554375767708 
v 2.0481748580932617 4.4028849601745605 -0.027966594323515892 
v 2.0481748580932617 4.373837471008301 -0.003316388465464115 
v 2.0481748580932617 4.4028849601745605 0.0012266550911590457 
v 2.0481748580932617 4.524884223937988 -0.025610944256186485 
v 2.0481748580932617 4.524884223937988 -0.001128994976170361 
v 2.0481748580932617 4.684422492980957 -0.01711376942694187 
v 2.0481748580932617 4.684422492980957 -0.009626165963709354 
v -0.041239842772483826 5.135329246520996 0.10495944321155548 
v -0.041239842772483826 5.135329246520996 1.1650866270065308 
v -0.012131638824939728 5.699745178222656 0.030588163062930107 
v -0.012131638824939728 5.699745178222656 1.1650866270065308 
v -0.00021113600814715028 -3.10612416267395 0.7471267580986023 
v -0.00021113600814715028 -4.746638774871826 0.6757000684738159 
v 0.14338934421539307 -3.10612416267395 0.7329928874969482 
v 0.13202327489852905 -4.746638774871826 0.6626598238945007 
v 0.2814454138278961 -3.10612416267395 0.6910959482192993 
v 0.2595449388027191 -4.746638774871826 0.6239598393440247 
v 0.40868982672691345 -3.10612416267395 0.6230344176292419 
v 0.37680941820144653 -4.746638774871826 0.5612826943397522 
v 0.520409882068634 -3.10612416267395 0.5314164161682129 
v 0.47965842485427856 -4.746638774871826 0.4768158197402954 
v 0.611892819404602 -3.10612416267395 0.41985952854156494 
v 0.5642107725143433 -4.746638774871826 0.374008446931839 
v 0.6800891757011414 -3.10612416267395 0.29257020354270935 
v 0.6268627643585205 -4.746638774871826 0.2566465437412262 
v 0.7219495177268982 -3.10612416267395 0.15442810952663422 
v 0.6653964519500732 -4.746638774871826 0.12927313148975372 
v 0.7360877990722656 -3.10612416267395 0.010733394883573055 
v 0.6784258484840393 -4.746638774871826 -0.0031481245532631874 
v 0.7219495177268982 -3.10612416267395 -0.13296133279800415 
v 0.6653964519500732 -4.746638774871826 -0.13556937873363495 
v 0.6800891757011414 -3.10612416267395 -0.2711034417152405 
v 0.6268627643585205 -4.746638774871826 -0.2629428207874298 
v 0.611892819404602 -3.10612416267395 -0.39839276671409607 
v 0.5642107725143433 -4.746638774871826 -0.3803047239780426 
v 0.520409882068634 -3.10612416267395 -0.5099496245384216 
v 0.47965842485427856 -4.746638774871826 -0.4831961989402771 
v 0.40868982672691345 -3.10612416267395 -0.6015676856040955 
v 0.37680941820144653 -4.746638774871826 -0.5675789713859558 
v 0.2814454138278961 -3.10612416267395 -0.6696291565895081 
v 0.2595449388027191 -4.746638774871826 -0.6303402781486511 
v 0.14338934421539307 -3.10612416267395 -0.711526095867157 
v 0.13202327489852905 -4.746638774871826 -0.6689561009407043 
v -0.00021113600814715028 -3.10612416267395 -0.7256600260734558 
v -0.00021113600814715028 -4.746638774871826 -0.6819963455200195 
v -0.14408883452415466 -3.10612416267395 -0.711526095867157 
v -0.13272278010845184 -4.746638774871826 -0.6689561009407043 
v -0.2821449041366577 -3.10612416267395 -0.6696291565895081 
v -0.2602444291114807 -4.746638774871826 -0.6303402781486511 
v -0.40938931703567505 -3.10612416267395 -0.6015676856040955 
v -0.37750890851020813 -4.746638774871826 -0.5675789713859558 
v -0.521109402179718 -3.10612416267395 -0.5099496245384216 
v -0.48035791516304016 -4.746638774871826 -0.4831961989402771 
v -0.612592339515686 -3.10612416267395 -0.39839276671409607 
v -0.564910352230072 -4.746638774871826 -0.3803047239780426 
v -0.6807886958122253 -3.10612416267395 -0.2711034417152405 
v -0.6275622844696045 -4.746638774871826 -0.2629428207874298 
v -0.722649097442627 -3.10612416267395 -0.13296133279800415 
v -0.666096031665802 -4.746638774871826 -0.13556937873363495 
v -0.7367873787879944 -3.10612416267395 0.010733394883573055 
v -0.6791253685951233 -4.746638774871826 -0.0031481245532631874 
v -0.722649097442627 -3.10612416267395 0.15442810952663422 
v -0.666096031665802 -4.746638774871826 0.12927313148975372 
v -0.6807886958122253 -3.10612416267395 0.29257020354270935 
v -0.6275622844696045 -4.746638774871826 0.2566465437412262 
v -0.612592339515686 -3.10612416267395 0.41985952854156494 
v -0.564910352230072 -4.746638774871826 0.374008446931839 
v -0.521109402179718 -3.10612416267395 0.5314164161682129 
v -0.48035791516304016 -4.746638774871826 0.4768158197402954 
v -0.40938931703567505 -3.10612416267395 0.6230344176292419 
v -0.37750890851020813 -4.746638774871826 0.5612826943397522 
v -0.2821449041366577 -3.10612416267395 0.6910959482192993 
v -0.2602444291114807 -4.746638774871826 0.6239598393440247 
v -0.14408883452415466 -3.10612416267395 0.7329928874969482 
v -0.13272278010845184 -4.746638774871826 0.6626598238945007 
v -0.00021113600814715028 -3.10612416267395 0.7471267580986023 
v -0.00021113600814715028 -4.746638774871826 0.6757000684738159 
v -0.00021113600814715028 -5.795924663543701 0.5765944719314575 
v 0.11289503425359726 -5.795924663543701 0.5654892325401306 
v 0.22156566381454468 -5.795924663543701 0.5324259996414185 
v 0.3216424584388733 -5.795924663543701 0.47891902923583984 
v 0.4095214903354645 -5.795924663543701 0.40681931376457214 
v 0.48159897327423096 -5.795924663543701 0.31890302896499634 
v 0.5353798270225525 -5.795924663543701 0.2187037318944931 
v 0.5683690905570984 -5.795924663543701 0.10992313921451569 
v 0.5794579386711121 -5.795924663543701 -0.0031481245532631874 
v 0.5683690905570984 -5.795924663543701 -0.11630351096391678 
v 0.5353798270225525 -5.795924663543701 -0.22499999403953552 
v 0.48159897327423096 -5.795924663543701 -0.3252834379673004 
v 0.4095214903354645 -5.795924663543701 -0.41311559081077576 
v 0.3216424584388733 -5.795924663543701 -0.48521533608436584 
v 0.22156566381454468 -5.795924663543701 -0.5388063788414001 
v 0.11289503425359726 -5.795924663543701 -0.5717855095863342 
v -0.00021113600814715028 -5.795924663543701 -0.5828906893730164 
v -0.11331730335950851 -5.795924663543701 -0.5717855095863342 
v -0.22226515412330627 -5.795924663543701 -0.5388063788414001 
v -0.3223419487476349 -5.795924663543701 -0.48521533608436584 
v -0.4102209806442261 -5.795924663543701 -0.41311559081077576 
v -0.48229846358299255 -5.795924663543701 -0.3252834379673004 
v -0.5360793471336365 -5.795924663543701 -0.22499999403953552 
v -0.5690686702728271 -5.795924663543701 -0.11630351096391678 
v -0.5801575183868408 -5.795924663543701 -0.0031481245532631874 
v -0.5690686702728271 -5.795924663543701 0.10992313921451569 
v -0.5360793471336365 -5.795924663543701 0.2187037318944931 
v -0.48229846358299255 -5.795924663543701 0.31890302896499634 
v -0.4102209806442261 -5.795924663543701 0.40681931376457214 
v -0.3223419487476349 -5.795924663543701 0.47891902923583984 
v -0.22226515412330627 -5.795924663543701 0.5324259996414185 
v -0.11331730335950851 -5.795924663543701 0.5654892325401306 
v -0.00021113600814715028 -5.795924663543701 0.5765944719314575 
v 0.00006608499825233594 5.699745178222656 0.030588163062930107 
v 0.00006608499825233594 5.230962753295898 0.030588163062930107 
v -0.041239842772483826 5.135329246520996 0.10495944321155548 
v -0.01850772090256214 5.112091064453125 0.030588163062930107 
v -2.0480427742004395 4.684422492980957 -0.009626165963709354 
v 2.0481748580932617 4.684422492980957 -0.009626165963709354 
v -2.0480427742004395 4.684422492980957 -0.01711376942694187 
v 2.0481748580932617 4.684422492980957 -0.01711376942694187 
v 0.00006608499825233594 5.112091064453125 1.1650866270065308 
v 0.00006608499825233594 5.230962753295898 1.1650866270065308 
v 0.00006608499825233594 5.112091064453125 0.030588163062930107 
v 0.00006608499825233594 5.230962753295898 0.030588163062930107 
v 0.00006608499825233594 5.112091064453125 0.030588163062930107 
v 0.00006608499825233594 5.112091064453125 1.1650866270065308 
v -0.01850772090256214 5.112091064453125 0.030588163062930107 
v -0.01850772090256214 5.112091064453125 1.1650866270065308 
v -0.34978681802749634 0.5753146409988403 1.2987698316574097 
v -0.38887497782707214 0.5753146409988403 1.3718791007995605 
v -0.4129931926727295 0.5753146409988403 1.4512982368469238 
v -0.041239842772483826 5.135329246520996 1.1650866270065308 
v -0.041239842772483826 5.135329246520996 0.10495944321155548 
v -0.01850772090256214 5.112091064453125 1.1650866270065308 
v -0.01850772090256214 5.112091064453125 0.030588163062930107 
v 0.35380008816719055 0.5753146409988403 1.2987698316574097 
v 0.39288824796676636 0.5753146409988403 1.3718791007995605 
v 0.4250458776950836 0.5753146409988403 1.533830165863037 
v 0.39288824796676636 0.5753146409988403 1.6956970691680908 
v 0.35380008816719055 0.5753146409988403 1.7688905000686646 
v 2.0481748580932617 4.373837471008301 -0.003316388465464115 
v 2.0481748580932617 4.4028849601745605 0.0012266550911590457 
v -2.0480427742004395 4.373837471008301 -0.003316388465464115 
v -2.0480427742004395 4.4028849601745605 0.0012266550911590457 
v 2.0481748580932617 4.524884223937988 -0.001128994976170361 
v -2.0480427742004395 4.524884223937988 -0.001128994976170361 
v 2.0481748580932617 4.684422492980957 -0.009626165963709354 
v -2.0480427742004395 4.684422492980957 -0.009626165963709354 
v -0.00021113600814715028 -5.795924663543701 0.5765944719314575 
v -0.00021113600814715028 -6.407710552215576 0.4534275531768799 
v 0.11289503425359726 -5.795924663543701 0.5654892325401306 
v 0.08877680450677872 -6.407710552215576 0.44467800855636597 
v 0.22156566381454468 -5.795924663543701 0.5324259996414185 
v 0.17443808913230896 -6.407710552215576 0.41868168115615845 
v 0.3216424584388733 -5.795924663543701 0.47891902923583984 
v 0.2534460723400116 -6.407710552215576 0.37644821405410767 
v 0.4095214903354645 -5.795924663543701 0.40681931376457214 
v 0.3224741220474243 -6.407710552215576 0.3196602165699005 
v 0.48159897327423096 -5.795924663543701 0.31890302896499634 
v 0.3793044090270996 -6.407710552215576 0.2505050301551819 
v 0.5353798270225525 -5.795924663543701 0.2187037318944931 
v 0.4214420020580292 -6.407710552215576 0.17159073054790497 
v 0.5683690905570984 -5.795924663543701 0.10992313921451569 
v 0.4475007653236389 -6.407710552215576 0.0859459638595581 
v 0.5794579386711121 -5.795924663543701 -0.0031481245532631874 
v 0.45637184381484985 -6.407710552215576 -0.0031481245532631874 
v 0.5683690905570984 -5.795924663543701 -0.11630351096391678 
v 0.4475007653236389 -6.407710552215576 -0.09224221855401993 
v 0.5353798270225525 -5.795924663543701 -0.22499999403953552 
v 0.4214420020580292 -6.407710552215576 -0.177886962890625 
v 0.48159897327423096 -5.795924663543701 -0.3252834379673004 
v 0.3793044090270996 -6.407710552215576 -0.2568012773990631 
v 0.4095214903354645 -5.795924663543701 -0.41311559081077576 
v 0.3224741220474243 -6.407710552215576 -0.3260405957698822 
v 0.3216424584388733 -5.795924663543701 -0.48521533608436584 
v 0.2534460723400116 -6.407710552215576 -0.38282862305641174 
v 0.22156566381454468 -5.795924663543701 -0.5388063788414001 
v 0.17443808913230896 -6.407710552215576 -0.42497795820236206 
v 0.11289503425359726 -5.795924663543701 -0.5717855095863342 
v 0.08877680450677872 -6.407710552215576 -0.4509742558002472 
v -0.00021113600814715028 -5.795924663543701 -0.5828906893730164 
v -0.00021113600814715028 -6.407710552215576 -0.45980796217918396 
v -0.11331730335950851 -5.795924663543701 -0.5717855095863342 
v -0.08947629481554031 -6.407710552215576 -0.4509742558002472 
v -0.22226515412330627 -5.795924663543701 -0.5388063788414001 
v -0.17513757944107056 -6.407710552215576 -0.42497795820236206 
v -0.3223419487476349 -5.795924663543701 -0.48521533608436584 
v -0.2541455626487732 -6.407710552215576 -0.38282862305641174 
v -0.4102209806442261 -5.795924663543701 -0.41311559081077576 
v -0.3231736123561859 -6.407710552215576 -0.3260405957698822 
v -0.48229846358299255 -5.795924663543701 -0.3252834379673004 
v -0.3800038993358612 -6.407710552215576 -0.2568012773990631 
v -0.5360793471336365 -5.795924663543701 -0.22499999403953552 
v -0.42214149236679077 -6.407710552215576 -0.177886962890625 
v -0.5690686702728271 -5.795924663543701 -0.11630351096391678 
v -0.4482002854347229 -6.407710552215576 -0.09224221855401993 
v -0.5801575183868408 -5.795924663543701 -0.0031481245532631874 
v -0.45707133412361145 -6.407710552215576 -0.0031481245532631874 
v -0.5690686702728271 -5.795924663543701 0.10992313921451569 
v -0.4482002854347229 -6.407710552215576 0.0859459638595581 
v -0.5360793471336365 -5.795924663543701 0.2187037318944931 
v -0.42214149236679077 -6.407710552215576 0.17159073054790497 
v -0.48229846358299255 -5.795924663543701 0.31890302896499634 
v -0.3800038993358612 -6.407710552215576 0.2505050301551819 
v -0.4102209806442261 -5.795924663543701 0.40681931376457214 
v -0.3231736123561859 -6.407710552215576 0.3196602165699005 
v -0.3223419487476349 -5.795924663543701 0.47891902923583984 
v -0.2541455626487732 -6.407710552215576 0.37644821405410767 
v -0.22226515412330627 -5.795924663543701 0.5324259996414185 
v -0.17513757944107056 -6.407710552215576 0.41868168115615845 
v -0.11331730335950851 -5.795924663543701 0.5654892325401306 
v -0.08947629481554031 -6.407710552215576 0.44467800855636597 
v -0.00021113600814715028 -5.795924663543701 0.5765944719314575 
v -0.00021113600814715028 -6.407710552215576 0.4534275531768799 
v -0.00021113600814715028 -6.880514621734619 0.25269240140914917 
v 0.04968864470720291 -6.880514621734619 0.24772872030735016 
v 0.09764787554740906 -6.880514621734619 0.2331741601228714 
v 0.14172601699829102 -6.880514621734619 0.20953352749347687 
v 0.18053695559501648 -6.880514621734619 0.17773224413394928 
v 0.2124173641204834 -6.880514621734619 0.13894812762737274 
v 0.23598115146160126 -6.880514621734619 0.09477965533733368 
v 0.2506738603115082 -6.880514621734619 0.04674120247364044 
v 0.255386620759964 -6.880514621734619 -0.0031481245532631874 
v 0.2506738603115082 -6.880514621734619 -0.05312158167362213 
v 0.23598115146160126 -6.880514621734619 -0.1010759100317955 
v 0.2124173641204834 -6.880514621734619 -0.14532850682735443 
v 0.18053695559501648 -6.880514621734619 -0.18411262333393097 
v 0.14172601699829102 -6.880514621734619 -0.21591390669345856 
v 0.09764787554740906 -6.880514621734619 -0.23955455422401428 
v 0.04968864470720291 -6.880514621734619 -0.25410911440849304 
v -0.00021113600814715028 -6.880514621734619 -0.2589886784553528 
v -0.05038813501596451 -6.880514621734619 -0.25410911440849304 
v -0.09834737330675125 -6.880514621734619 -0.23955455422401428 
v -0.1424255073070526 -6.880514621734619 -0.21591390669345856 
v -0.18123644590377808 -6.880514621734619 -0.18411262333393097 
v -0.2131168693304062 -6.880514621734619 -0.14532850682735443 
v -0.23668064177036285 -6.880514621734619 -0.1010759100317955 
v -0.2513733506202698 -6.880514621734619 -0.05312158167362213 
v -0.2560861110687256 -6.880514621734619 -0.0031481245532631874 
v -0.2513733506202698 -6.880514621734619 0.04674120247364044 
v -0.23668064177036285 -6.880514621734619 0.09477965533733368 
v -0.2131168693304062 -6.880514621734619 0.13894812762737274 
v -0.18123644590377808 -6.880514621734619 0.17773224413394928 
v -0.1424255073070526 -6.880514621734619 0.20953352749347687 
v -0.09834737330675125 -6.880514621734619 0.2331741601228714 
v -0.05038813501596451 -6.880514621734619 0.24772872030735016 
v -0.00021113600814715028 -6.880514621734619 0.25269240140914917 
v 0.06160914897918701 5.094662666320801 0.05380815267562866 
v 0.06160914897918701 5.094662666320801 1.1910828351974487 
v 0.09847953915596008 4.34836483001709 0.0103968670591712 
v 0.09847953915596008 4.34836483001709 1.1910828351974487 
v -2.0516467094421387 4.374284267425537 -0.03242550417780876 
v -2.0516467094421387 4.374284267425537 0.00686339195817709 
v -2.0516467094421387 4.347023963928223 -0.021236160770058632 
v -2.0516467094421387 4.347023963928223 -0.004325949586927891 
v 0.06160914897918701 5.094662666320801 1.1910828351974487 
v 0.04386700317263603 5.094662666320801 1.1910828351974487 
v 0.09847953915596008 4.34836483001709 1.1910828351974487 
v 0.04386700317263603 4.2612223625183105 1.1910828351974487 
v 0.0807373970746994 4.268372535705566 1.1910828351974487 
v 0.04386700317263603 4.2075958251953125 1.1910828351974487 
v 0.07158910483121872 0.14630495011806488 0.5122346878051758 
v 0.038322582840919495 1.113364338874817 0.5122346878051758 
v 0.07158910483121872 0.5735272169113159 1.072879672050476 
v 0.038322582840919495 1.5405863523483276 1.072879672050476 
v -0.004923893138766289 1.5522054433822632 1.159786343574524 
v -0.004923893138766289 0.5851463079452515 1.159786343574524 
v -0.004923893138766289 0.5449265241622925 1.159786343574524 
v 0.035550374537706375 0.533307671546936 1.072879672050476 
v 0.035550374537706375 0.1060856506228447 0.5122346878051758 
v 0.07158910483121872 0.14630495011806488 0.5122346878051758 
v -0.004923893138766289 1.113364338874817 0.5122346878051758 
v 0.038322582840919495 1.113364338874817 0.5122346878051758 
v -0.004923893138766289 0.14630495011806488 0.5122346878051758 
v 0.07158910483121872 0.14630495011806488 0.5122346878051758 
v 0.035550374537706375 0.1060856506228447 0.5122346878051758 
v -0.004923893138766289 1.5522054433822632 1.159786343574524 
v 0.038322582840919495 1.5405863523483276 1.072879672050476 
v -0.004923893138766289 1.113364338874817 0.5122346878051758 
v 0.038322582840919495 1.113364338874817 0.5122346878051758 
v 0.04386700317263603 4.2075958251953125 1.1910828351974487 
v 0.04386700317263603 4.2075958251953125 0.0103968670591712 
v 0.0807373970746994 4.268372535705566 1.1910828351974487 
v 0.0807373970746994 4.268372535705566 0.0103968670591712 
v 0.09847953915596008 4.34836483001709 1.1910828351974487 
v 0.09847953915596008 4.34836483001709 0.0103968670591712 
v -2.0516467094421387 4.374284267425537 -0.03242550417780876 
v 2.051778554916382 4.374284267425537 -0.03242550417780876 
v -2.0516467094421387 4.17988920211792 -0.05202788487076759 
v 2.051778554916382 4.17988920211792 -0.05202788487076759 
v -2.0516467094421387 3.935889959335327 -0.0671713575720787 
v 2.051778554916382 3.935889959335327 -0.0671713575720787 
v -2.0516467094421387 3.7656266689300537 -0.05623440816998482 
v 2.051778554916382 3.7656266689300537 -0.05623440816998482 
v -2.0516467094421387 3.7052972316741943 -0.03924006596207619 
v 2.051778554916382 3.7052972316741943 -0.03924006596207619 
v -2.0516467094421387 3.6784842014312744 -0.018459858372807503 
v 2.051778554916382 3.6784842014312744 -0.018459858372807503 
v -0.08115966618061066 0.14630495011806488 0.5122346878051758 
v -0.08115966618061066 0.5735272169113159 1.072879672050476 
v -0.04789314791560173 1.113364338874817 0.5122346878051758 
v -0.04789314791560173 1.5405863523483276 1.072879672050476 
v -0.004923893138766289 1.5522054433822632 1.159786343574524 
v -0.004923893138766289 0.5851463079452515 1.159786343574524 
v -0.004923893138766289 0.5449265241622925 1.159786343574524 
v -0.04512093588709831 0.533307671546936 1.072879672050476 
v -0.04512093588709831 0.1060856506228447 0.5122346878051758 
v -0.08115966618061066 0.14630495011806488 0.5122346878051758 
v -0.004923893138766289 0.5449265241622925 1.159786343574524 
v -0.004923893138766289 0.5851463079452515 1.159786343574524 
v -0.004923893138766289 0.06854712218046188 0.5122346878051758 
v -0.004923893138766289 0.14630495011806488 0.5122346878051758 
v -0.004923893138766289 1.113364338874817 0.5122346878051758 
v -0.004923893138766289 1.5522054433822632 1.159786343574524 
v 0.0807373970746994 4.268372535705566 0.0103968670591712 
v 0.04386700317263603 4.2075958251953125 0.0103968670591712 
v 0.09847953915596008 4.34836483001709 0.0103968670591712 
v 0.04386700317263603 4.2612223625183105 0.0103968670591712 
v 0.06160914897918701 5.094662666320801 0.05380815267562866 
v -0.04789314791560173 1.113364338874817 0.5122346878051758 
v -0.04789314791560173 1.5405863523483276 1.072879672050476 
v -0.004923893138766289 1.113364338874817 0.5122346878051758 
v -0.004923893138766289 1.5522054433822632 1.159786343574524 
v -0.004923893138766289 0.06854712218046188 0.5122346878051758 
v -0.04512093588709831 0.1060856506228447 0.5122346878051758 
v -0.004923893138766289 0.14630495011806488 0.5122346878051758 
v -0.08115966618061066 0.14630495011806488 0.5122346878051758 
v -0.04789314791560173 1.113364338874817 0.5122346878051758 
v -0.00021113600814715028 -7.48514986038208 0.032270774245262146 
v 0.006442167796194553 -7.48514986038208 0.03159773349761963 
v -0.00021113600814715028 -7.269751071929932 0.032270774245262146 
v 0.006442167796194553 -7.269751071929932 0.03159773349761963 
v -0.00021113600814715028 -6.880514621734619 0.25269240140914917 
v 0.04968864470720291 -6.880514621734619 0.24772872030735016 
v 0.013095472007989883 -7.48514986038208 0.02957860194146633 
v 0.013095472007989883 -7.269751071929932 0.02957860194146633 
v 0.09764787554740906 -6.880514621734619 0.2331741601228714 
v 0.019471555948257446 -7.48514986038208 0.026297515258193016 
v 0.019471555948257446 -7.269751071929932 0.026297515258193016 
v 0.14172601699829102 -6.880514621734619 0.20953352749347687 
v 0.024738755077123642 -7.48514986038208 0.021838603541254997 
v 0.024738755077123642 -7.269751071929932 0.021838603541254997 
v 0.18053695559501648 -6.880514621734619 0.17773224413394928 
v 0.029174290597438812 -7.48514986038208 0.016538387164473534 
v 0.029174290597438812 -7.269751071929932 0.016538387164473534 
v 0.2124173641204834 -6.880514621734619 0.13894812762737274 
v 0.032500941306352615 -7.48514986038208 0.0103968670591712 
v 0.032500941306352615 -7.269751071929932 0.0103968670591712 
v 0.23598115146160126 -6.880514621734619 0.09477965533733368 
v 0.03444148972630501 -7.48514986038208 0.003750569187104702 
v 0.03444148972630501 -7.269751071929932 0.003750569187104702 
v 0.2506738603115082 -6.880514621734619 0.04674120247364044 
v 0.03499593213200569 -7.48514986038208 -0.0031481245532631874 
v 0.03499593213200569 -7.269751071929932 -0.0031481245532631874 
v 0.255386620759964 -6.880514621734619 -0.0031481245532631874 
v 0.03444148972630501 -7.48514986038208 -0.010046818293631077 
v 0.03444148972630501 -7.269751071929932 -0.010046818293631077 
v 0.2506738603115082 -6.880514621734619 -0.05312158167362213 
v 0.032500941306352615 -7.48514986038208 -0.01669311709702015 
v 0.032500941306352615 -7.269751071929932 -0.01669311709702015 
v 0.23598115146160126 -6.880514621734619 -0.1010759100317955 
v 0.029174290597438812 -7.48514986038208 -0.022834638133645058 
v 0.029174290597438812 -7.269751071929932 -0.022834638133645058 
v 0.2124173641204834 -6.880514621734619 -0.14532850682735443 
v 0.024738755077123642 -7.48514986038208 -0.028218986466526985 
v 0.024738755077123642 -7.269751071929932 -0.028218986466526985 
v 0.18053695559501648 -6.880514621734619 -0.18411262333393097 
v 0.019471555948257446 -7.48514986038208 -0.03259376436471939 
v 0.019471555948257446 -7.269751071929932 -0.03259376436471939 
v 0.14172601699829102 -6.880514621734619 -0.21591390669345856 
v 0.013095472007989883 -7.48514986038208 -0.035874851047992706 
v 0.013095472007989883 -7.269751071929932 -0.035874851047992706 
v 0.09764787554740906 -6.880514621734619 -0.23955455422401428 
v 0.006442167796194553 -7.48514986038208 -0.037893980741500854 
v 0.006442167796194553 -7.269751071929932 -0.037893980741500854 
v 0.04968864470720291 -6.880514621734619 -0.25410911440849304 
v -0.00021113600814715028 -7.48514986038208 -0.03856702148914337 
v -0.00021113600814715028 -7.269751071929932 -0.03856702148914337 
v -0.00021113600814715028 -6.880514621734619 -0.2589886784553528 
v -0.007141660898923874 -7.48514986038208 -0.037893980741500854 
v -0.007141660898923874 -7.269751071929932 -0.037893980741500854 
v -0.05038813501596451 -6.880514621734619 -0.25410911440849304 
v -0.01379496417939663 -7.48514986038208 -0.035874851047992706 
v -0.01379496417939663 -7.269751071929932 -0.035874851047992706 
v -0.09834737330675125 -6.880514621734619 -0.23955455422401428 
v -0.01989382691681385 -7.48514986038208 -0.03259376436471939 
v -0.01989382691681385 -7.269751071929932 -0.03259376436471939 
v -0.1424255073070526 -6.880514621734619 -0.21591390669345856 
v -0.025438247248530388 -7.48514986038208 -0.028218986466526985 
v -0.025438247248530388 -7.269751071929932 -0.028218986466526985 
v -0.18123644590377808 -6.880514621734619 -0.18411262333393097 
v -0.029873782768845558 -7.48514986038208 -0.022834638133645058 
v -0.029873782768845558 -7.269751071929932 -0.022834638133645058 
v -0.2131168693304062 -6.880514621734619 -0.14532850682735443 
v -0.03320043534040451 -7.48514986038208 -0.01669311709702015 
v -0.03320043534040451 -7.269751071929932 -0.01669311709702015 
v -0.23668064177036285 -6.880514621734619 -0.1010759100317955 
v -0.035140980035066605 -7.48514986038208 -0.010046818293631077 
v -0.035140980035066605 -7.269751071929932 -0.010046818293631077 
v -0.2513733506202698 -6.880514621734619 -0.05312158167362213 
v -0.03569542244076729 -7.48514986038208 -0.0031481245532631874 
v -0.03569542244076729 -7.269751071929932 -0.0031481245532631874 
v -0.2560861110687256 -6.880514621734619 -0.0031481245532631874 
v -0.035140980035066605 -7.48514986038208 0.003750569187104702 
v -0.035140980035066605 -7.269751071929932 0.003750569187104702 
v -0.2513733506202698 -6.880514621734619 0.04674120247364044 
v -0.03320043534040451 -7.48514986038208 0.0103968670591712 
v -0.03320043534040451 -7.269751071929932 0.0103968670591712 
v -0.23668064177036285 -6.880514621734619 0.09477965533733368 
v -0.029873782768845558 -7.48514986038208 0.016538387164473534 
v -0.029873782768845558 -7.269751071929932 0.016538387164473534 
v -0.2131168693304062 -6.880514621734619 0.13894812762737274 
v -0.025438247248530388 -7.48514986038208 0.021838603541254997 
v -0.025438247248530388 -7.269751071929932 0.021838603541254997 
v -0.18123644590377808 -6.880514621734619 0.17773224413394928 
v -0.01989382691681385 -7.48514986038208 0.026297515258193016 
v -0.01989382691681385 -7.269751071929932 0.026297515258193016 
v -0.1424255073070526 -6.880514621734619 0.20953352749347687 
v -0.01379496417939663 -7.48514986038208 0.02957860194146633 
v -0.01379496417939663 -7.269751071929932 0.02957860194146633 
v -0.09834737330675125 -6.880514621734619 0.2331741601228714 
v -0.007141660898923874 -7.48514986038208 0.03159773349761963 
v -0.007141660898923874 -7.269751071929932 0.03159773349761963 
v -0.05038813501596451 -6.880514621734619 0.24772872030735016 
v -0.00021113600814715028 -7.269751071929932 0.032270774245262146 
v -0.00021113600814715028 -6.880514621734619 0.25269240140914917 
v -0.41798317432403564 -1.8101574182510376 -0.20691195130348206 
v -4.288265228271484 -1.8101574182510376 -0.20691195130348206 
v -0.41798317432403564 -1.8101574182510376 -0.18369196355342865 
v -4.288265228271484 -1.8101574182510376 -0.18369196355342865 
v 0.0020066320430487394 7.157930850982666 1.8556289672851562 
v 0.0020066320430487394 3.661949396133423 1.8556289672851562 
v 0.06465857475996017 7.157930850982666 1.8494032621383667 
v 0.06465857475996017 3.661949396133423 1.8494032621383667 
v 0.1250927597284317 7.157930850982666 1.8310627937316895 
v 0.1250927597284317 3.661949396133423 1.8310627937316895 
v 0.18081417679786682 7.157930850982666 1.801364779472351 
v 0.18081417679786682 3.661949396133423 1.801364779472351 
v 0.2296050786972046 7.157930850982666 1.7613186836242676 
v 0.2296050786972046 3.661949396133423 1.7613186836242676 
v 0.2695249021053314 7.157930850982666 1.7126072645187378 
v 0.2695249021053314 3.661949396133423 1.7126072645187378 
v 0.2991875410079956 7.157930850982666 1.656912922859192 
v 0.2991875410079956 3.661949396133423 1.656912922859192 
v 0.31748414039611816 7.157930850982666 1.5965914726257324 
v 0.31748414039611816 3.661949396133423 1.5965914726257324 
v 0.323860228061676 7.157930850982666 1.533830165863037 
v 0.323860228061676 3.661949396133423 1.533830165863037 
v 0.31748414039611816 7.157930850982666 1.4710688591003418 
v 0.31748414039611816 3.661949396133423 1.4710688591003418 
v 0.2991875410079956 7.157930850982666 1.4106632471084595 
v 0.2991875410079956 3.661949396133423 1.4106632471084595 
v 0.2695249021053314 7.157930850982666 1.3550530672073364 
v 0.2695249021053314 3.661949396133423 1.3550530672073364 
v 0.2296050786972046 7.157930850982666 1.3062573671340942 
v 0.2296050786972046 3.661949396133423 1.3062573671340942 
v 0.18081417679786682 7.157930850982666 1.2662113904953003 
v 0.18081417679786682 3.661949396133423 1.2662113904953003 
v 0.1250927597284317 7.157930850982666 1.2365132570266724 
v 0.1250927597284317 3.661949396133423 1.2365132570266724 
v 0.06465857475996017 7.157930850982666 1.2181729078292847 
v 0.06465857475996017 3.661949396133423 1.2181729078292847 
v 0.0020066320430487394 7.157930850982666 1.212031364440918 
v 0.0020066320430487394 3.661949396133423 1.212031364440918 
v -0.0609225332736969 7.157930850982666 1.2181729078292847 
v -0.0609225332736969 3.661949396133423 1.2181729078292847 
v -0.12107948958873749 7.157930850982666 1.2365132570266724 
v -0.12107948958873749 3.661949396133423 1.2365132570266724 
v -0.1768009066581726 7.157930850982666 1.2662113904953003 
v -0.1768009066581726 3.661949396133423 1.2662113904953003 
v -0.22559180855751038 7.157930850982666 1.3062573671340942 
v -0.22559180855751038 3.661949396133423 1.3062573671340942 
v -0.2655116319656372 7.157930850982666 1.3550530672073364 
v -0.2655116319656372 3.661949396133423 1.3550530672073364 
v -0.29545149207115173 7.157930850982666 1.4106632471084595 
v -0.29545149207115173 3.661949396133423 1.4106632471084595 
v -0.3137480914592743 7.157930850982666 1.4710688591003418 
v -0.3137480914592743 3.661949396133423 1.4710688591003418 
v -0.3198469579219818 7.157930850982666 1.533830165863037 
v -0.3198469579219818 3.661949396133423 1.533830165863037 
v -0.3137480914592743 7.157930850982666 1.5965914726257324 
v -0.3137480914592743 3.661949396133423 1.5965914726257324 
v -0.29545149207115173 7.157930850982666 1.656912922859192 
v -0.29545149207115173 3.661949396133423 1.656912922859192 
v -0.2655116319656372 7.157930850982666 1.7126072645187378 
v -0.2655116319656372 3.661949396133423 1.7126072645187378 
v -0.22559180855751038 7.157930850982666 1.7613186836242676 
v -0.22559180855751038 3.661949396133423 1.7613186836242676 
v -0.1768009066581726 7.157930850982666 1.801364779472351 
v -0.1768009066581726 3.661949396133423 1.801364779472351 
v -0.12107948958873749 7.157930850982666 1.8310627937316895 
v -0.12107948958873749 3.661949396133423 1.8310627937316895 
v -0.0609225332736969 7.157930850982666 1.8494032621383667 
v -0.0609225332736969 3.661949396133423 1.8494032621383667 
v 0.0020066320430487394 7.157930850982666 1.8556289672851562 
v 0.0020066320430487394 3.661949396133423 1.8556289672851562 
v 0.0020066320430487394 2.234151840209961 2.0108494758605957 
v 0.09515288472175598 2.234151840209961 2.0016791820526123 
v 0.18441805243492126 2.234151840209961 1.9745051860809326 
v 0.26702991127967834 2.234151840209961 1.9304208755493164 
v 0.3393845856189728 2.234151840209961 1.871108889579773 
v 0.39870989322662354 2.234151840209961 1.798840880393982 
v 0.4427880346775055 2.234151840209961 1.7163089513778687 
v 0.46967846155166626 2.234151840209961 1.6268783807754517 
v 0.47882676124572754 2.234151840209961 1.533830165863037 
v 0.46967846155166626 2.234151840209961 1.4407819509506226 
v 0.4427880346775055 2.234151840209961 1.3512672185897827 
v 0.39870989322662354 2.234151840209961 1.2688193321228027 
v 0.3393845856189728 2.234151840209961 1.1965513229370117 
v 0.26702991127967834 2.234151840209961 1.1372394561767578 
v 0.18441805243492126 2.234151840209961 1.0931551456451416 
v 0.09515288472175598 2.234151840209961 1.0659810304641724 
v 0.0020066320430487394 2.234151840209961 1.056810736656189 
v -0.09113962203264236 2.234151840209961 1.0659810304641724 
v -0.1806820034980774 2.234151840209961 1.0931551456451416 
v -0.26301664113998413 2.234151840209961 1.1372394561767578 
v -0.33537131547927856 2.234151840209961 1.1965513229370117 
v -0.3946966230869293 2.234151840209961 1.2688193321228027 
v -0.4387747645378113 2.234151840209961 1.3512672185897827 
v -0.4659424126148224 2.234151840209961 1.4407819509506226 
v -0.47509071230888367 2.234151840209961 1.533830165863037 
v -0.4659424126148224 2.234151840209961 1.6268783807754517 
v -0.4387747645378113 2.234151840209961 1.7163089513778687 
v -0.3946966230869293 2.234151840209961 1.798840880393982 
v -0.33537131547927856 2.234151840209961 1.871108889579773 
v -0.26301664113998413 2.234151840209961 1.9304208755493164 
v -0.1806820034980774 2.234151840209961 1.9745051860809326 
v -0.09113962203264236 2.234151840209961 2.0016791820526123 
v 0.0020066320430487394 2.234151840209961 2.0108494758605957 
v 0.0020066320430487394 1.8918379545211792 2.031040906906128 
v 0.09903398156166077 1.8918379545211792 2.0214500427246094 
v 0.19218023121356964 1.8918379545211792 1.9931821823120117 
v 0.278118759393692 1.8918379545211792 1.94724702835083 
v 0.3535228669643402 1.8918379545211792 1.885411024093628 
v 0.41534313559532166 1.8918379545211792 1.810030221939087 
v 0.461361825466156 1.8918379545211792 1.7240489721298218 
v 0.4896383583545685 1.8918379545211792 1.6308324337005615 
v 0.49934110045433044 1.8918379545211792 1.533830165863037 
v 0.4896383583545685 1.8918379545211792 1.4368277788162231 
v 0.461361825466156 1.8918379545211792 1.3435271978378296 
v 0.41534313559532166 1.8918379545211792 1.2575459480285645 
v 0.3535228669643402 1.8918379545211792 1.1822491884231567 
v 0.278118759393692 1.8918379545211792 1.1203292608261108 
v 0.19218023121356964 1.8918379545211792 1.0743939876556396 
v 0.09903398156166077 1.8918379545211792 1.0461262464523315 
v 0.0020066320430487394 1.8918379545211792 1.0366194248199463 
v -0.09502071887254715 1.8918379545211792 1.0461262464523315 
v -0.18844419717788696 1.8918379545211792 1.0743939876556396 
v -0.27438271045684814 1.8918379545211792 1.1203292608261108 
v -0.349509596824646 1.8918379545211792 1.1822491884231567 
v -0.41132986545562744 1.8918379545211792 1.2575459480285645 
v -0.4573485553264618 1.8918379545211792 1.3435271978378296 
v -0.48562511801719666 1.8918379545211792 1.4368277788162231 
v -0.49532783031463623 1.8918379545211792 1.533830165863037 
v -0.48562511801719666 1.8918379545211792 1.6308324337005615 
v -0.4573485553264618 1.8918379545211792 1.7240489721298218 
v -0.41132986545562744 1.8918379545211792 1.810030221939087 
v -0.349509596824646 1.8918379545211792 1.885411024093628 
v -0.27438271045684814 1.8918379545211792 1.94724702835083 
v -0.18844419717788696 1.8918379545211792 1.9931821823120117 
v -0.09502071887254715 1.8918379545211792 2.0214500427246094 
v 0.0020066320430487394 1.8918379545211792 2.031040906906128 
v 0.0020066320430487394 0.716530442237854 2.031040906906128 
v 0.09903398156166077 0.716530442237854 2.0214500427246094 
v 0.19218023121356964 0.716530442237854 1.9931821823120117 
v 0.278118759393692 0.716530442237854 1.94724702835083 
v 0.3535228669643402 0.716530442237854 1.885411024093628 
v 0.41534313559532166 0.716530442237854 1.810030221939087 
v 0.461361825466156 0.716530442237854 1.7240489721298218 
v 0.4896383583545685 0.716530442237854 1.6308324337005615 
v 0.49934110045433044 0.716530442237854 1.533830165863037 
v 0.4896383583545685 0.716530442237854 1.4368277788162231 
v 0.461361825466156 0.716530442237854 1.3435271978378296 
v 0.41534313559532166 0.716530442237854 1.2575459480285645 
v 0.3535228669643402 0.716530442237854 1.1822491884231567 
v 0.278118759393692 0.716530442237854 1.1203292608261108 
v 0.19218023121356964 0.716530442237854 1.0743939876556396 
v 0.09903398156166077 0.716530442237854 1.0461262464523315 
v 0.0020066320430487394 0.716530442237854 1.0366194248199463 
v -0.09502071887254715 0.716530442237854 1.0461262464523315 
v -0.18844419717788696 0.716530442237854 1.0743939876556396 
v -0.27438271045684814 0.716530442237854 1.1203292608261108 
v -0.349509596824646 0.716530442237854 1.1822491884231567 
v -0.41132986545562744 0.716530442237854 1.2575459480285645 
v -0.4573485553264618 0.716530442237854 1.3435271978378296 
v -0.48562511801719666 0.716530442237854 1.4368277788162231 
v -0.49532783031463623 0.716530442237854 1.533830165863037 
v -0.48562511801719666 0.716530442237854 1.6308324337005615 
v -0.4573485553264618 0.716530442237854 1.7240489721298218 
v -0.41132986545562744 0.716530442237854 1.810030221939087 
v -0.349509596824646 0.716530442237854 1.885411024093628 
v -0.27438271045684814 0.716530442237854 1.94724702835083 
v -0.18844419717788696 0.716530442237854 1.9931821823120117 
v -0.09502071887254715 0.716530442237854 2.0214500427246094 
v 0.0020066320430487394 0.716530442237854 2.031040906906128 
v 0.0020066320430487394 0.5234760046005249 1.9761035442352295 
v 0.08822236210107803 0.5234760046005249 1.967606544494629 
v 0.17111144959926605 0.5234760046005249 1.9424514770507812 
v 0.2476244419813156 0.5234760046005249 1.901564121246338 
v 0.31471192836761475 0.5234760046005249 1.8465428352355957 
v 0.36960166692733765 0.5234760046005249 1.7794909477233887 
v 0.41063037514686584 0.5234760046005249 1.703100562095642 
v 0.43585750460624695 0.5234760046005249 1.6200637817382812 
v 0.4441741406917572 0.5234760046005249 1.533830165863037 
v 0.43585750460624695 0.5234760046005249 1.4475123882293701 
v 0.41063037514686584 0.5234760046005249 1.3645597696304321 
v 0.36960166692733765 0.5234760046005249 1.2880852222442627 
v 0.31471192836761475 0.5234760046005249 1.2210333347320557 
v 0.2476244419813156 0.5234760046005249 1.1660962104797363 
v 0.17111144959926605 0.5234760046005249 1.1252087354660034 
v 0.08822236210107803 0.5234760046005249 1.1000537872314453 
v 0.0020066320430487394 0.5234760046005249 1.0915566682815552 
v -0.08420909941196442 0.5234760046005249 1.1000537872314453 
v -0.16737540066242218 0.5234760046005249 1.1252087354660034 
v -0.24388839304447174 0.5234760046005249 1.1660962104797363 
v -0.31069865822792053 0.5234760046005249 1.2210333347320557 
v -0.36586564779281616 0.5234760046005249 1.2880852222442627 
v -0.406617134809494 0.5234760046005249 1.3645597696304321 
v -0.43184423446655273 0.5234760046005249 1.4475123882293701 
v -0.44043809175491333 0.5234760046005249 1.533830165863037 
v -0.43184423446655273 0.5234760046005249 1.6200637817382812 
v -0.406617134809494 0.5234760046005249 1.703100562095642 
v -0.36586564779281616 0.5234760046005249 1.7794909477233887 
v -0.31069865822792053 0.5234760046005249 1.8465428352355957 
v -0.24388839304447174 0.5234760046005249 1.901564121246338 
v -0.16737540066242218 0.5234760046005249 1.9424514770507812 
v -0.08420909941196442 0.5234760046005249 1.967606544494629 
v 0.0020066320430487394 0.5234760046005249 1.9761035442352295 
v 0.0020066320430487394 0.46359360218048096 1.9189791679382324 
v 0.07713352143764496 0.46359360218048096 1.9115756750106812 
v 0.14948821067810059 0.46359360218048096 1.8897017240524292 
v 0.21602123975753784 0.46359360218048096 1.8541145324707031 
v 0.27423766255378723 0.46359360218048096 1.8061602115631104 
v 0.322196900844574 0.46359360218048096 1.747857928276062 
v 0.3579584062099457 0.46359360218048096 1.6812266111373901 
v 0.3798588514328003 0.46359360218048096 1.6089586019515991 
v 0.3870666027069092 0.46359360218048096 1.533830165863037 
v 0.3798588514328003 0.46359360218048096 1.458701729774475 
v 0.3579584062099457 0.46359360218048096 1.386433720588684 
v 0.322196900844574 0.46359360218048096 1.3198024034500122 
v 0.27423766255378723 0.46359360218048096 1.261415958404541 
v 0.21602123975753784 0.46359360218048096 1.2135456800460815 
v 0.14948821067810059 0.46359360218048096 1.1779584884643555 
v 0.07713352143764496 0.46359360218048096 1.1560004949569702 
v 0.0020066320430487394 0.46359360218048096 1.148597002029419 
v -0.07312025874853134 0.46359360218048096 1.1560004949569702 
v -0.14547494053840637 0.46359360218048096 1.1779584884643555 
v -0.21200798451900482 0.46359360218048096 1.2135456800460815 
v -0.27050161361694336 0.46359360218048096 1.261415958404541 
v -0.31818363070487976 0.46359360218048096 1.3198024034500122 
v -0.35394513607025146 0.46359360218048096 1.386433720588684 
v -0.3758455812931061 0.46359360218048096 1.458701729774475 
v -0.3833305537700653 0.46359360218048096 1.533830165863037 
v -0.3758455812931061 0.46359360218048096 1.6089586019515991 
v -0.35394513607025146 0.46359360218048096 1.6812266111373901 
v -0.31818363070487976 0.46359360218048096 1.7477737665176392 
v -0.27050161361694336 0.46359360218048096 1.8061602115631104 
v -0.21200798451900482 0.46359360218048096 1.8541145324707031 
v -0.14547494053840637 0.46359360218048096 1.8897017240524292 
v -0.07312025874853134 0.46359360218048096 1.9115756750106812 
v 0.0020066320430487394 0.46359360218048096 1.9189791679382324 
v 4.287566184997559 -1.8101574182510376 -0.18369196355342865 
v 4.287566184997559 -1.8101574182510376 -0.20691195130348206 
v 0.41728368401527405 -1.8101574182510376 -0.18369196355342865 
v 0.41728368401527405 -1.8101574182510376 -0.20691195130348206 
v 0.026402080431580544 5.094662666320801 1.1910828351974487 
v -0.010745533742010593 4.34836483001709 1.1910828351974487 
v 0.04386700317263603 5.094662666320801 1.1910828351974487 
v 0.04386700317263603 4.2612223625183105 1.1910828351974487 
v 0.0072738309390842915 4.268372535705566 1.1910828351974487 
v 0.04386700317263603 4.2075958251953125 1.1910828351974487 
v 0.04386700317263603 4.2075958251953125 0.0103968670591712 
v 0.04386700317263603 4.2075958251953125 1.1910828351974487 
v 0.04386700317263603 4.2612223625183105 0.0103968670591712 
v 0.04386700317263603 4.2612223625183105 1.1910828351974487 
v 0.41728368401527405 -3.396599054336548 -0.18301892280578613 
v 4.287566184997559 -3.396599054336548 -0.18301892280578613 
v 0.41728368401527405 -3.3653171062469482 -0.15643371641635895 
v 4.287566184997559 -3.3653171062469482 -0.15643371641635895 
v 0.41728368401527405 -3.2754933834075928 -0.10519830137491226 
v 4.287566184997559 -3.2754933834075928 -0.10519830137491226 
v 0.41728368401527405 -3.143662214279175 -0.0804639607667923 
v 4.287566184997559 -3.143662214279175 -0.0804639607667923 
v 0.41728368401527405 -2.737443685531616 -0.08080048114061356 
v 4.287566184997559 -2.737443685531616 -0.08080048114061356 
v 0.41728368401527405 -2.2382733821868896 -0.11335895210504532 
v 4.287566184997559 -2.2382733821868896 -0.11335895210504532 
v 0.41728368401527405 -1.8101574182510376 -0.18369196355342865 
v 4.287566184997559 -1.8101574182510376 -0.18369196355342865 
v 4.416751384735107 -3.2924749851226807 -0.16190218925476074 
v 4.416751384735107 -3.2151639461517334 -0.11798612028360367 
v 4.416751384735107 -3.102102041244507 -0.09678526222705841 
v 4.416751384735107 -2.7535316944122314 -0.0970376506447792 
v 4.416751384735107 -2.325415849685669 -0.12505307793617249 
v 4.416751384735107 -1.9580761194229126 -0.18537457287311554 
v 4.489937782287598 -3.151259183883667 -0.13346610963344574 
v 4.489937782287598 -3.060988664627075 -0.1164717748761177 
v 4.489937782287598 -2.782132387161255 -0.11664003133773804 
v 4.489937782287598 -2.439371347427368 -0.13910284638404846 
v 4.489937782287598 -2.1453211307525635 -0.18730957806110382 
v 4.541500568389893 -3.026578664779663 -0.16560393571853638 
v 4.541500568389893 -2.921560525894165 -0.16568806767463684 
v 4.541500568389893 -2.7928574085235596 -0.1741010993719101 
v 4.541500568389893 -2.682029962539673 -0.19227327406406403 
v 4.541500568389893 -3.060541868209839 -0.17199784517288208 
v 4.489937782287598 -3.2129294872283936 -0.1686326265335083 
v 4.541500568389893 -3.0837795734405518 -0.1852063089609146 
v 4.489937782287598 -3.2348268032073975 -0.18680478632450104 
v 4.541500568389893 -3.0918238162994385 -0.1921050101518631 
v 4.416751384735107 -3.3192880153656006 -0.18470153212547302 
v 0.41728368401527405 -3.396599054336548 -0.18301892280578613 
v 0.41728368401527405 -3.396599054336548 -0.20758500695228577 
v 4.287566184997559 -3.396599054336548 -0.18301892280578613 
v 4.287566184997559 -3.396599054336548 -0.20758500695228577 
v 4.416751384735107 -3.3192880153656006 -0.18470153212547302 
v 4.416751384735107 -3.3192880153656006 -0.2058182656764984 
v 4.489937782287598 -3.2348268032073975 -0.18680478632450104 
v 4.489937782287598 -3.2348268032073975 -0.2037149965763092 
v 4.541500568389893 -3.0918238162994385 -0.1921050101518631 
v 4.541500568389893 -3.0918238162994385 -0.1984989196062088 
v 4.541500568389893 -3.0837795734405518 -0.1852063089609146 
v 4.541500568389893 -3.0837795734405518 -0.20531347393989563 
v 4.541500568389893 -3.060541868209839 -0.17199784517288208 
v 4.541500568389893 -3.060541868209839 -0.21860608458518982 
v 4.541500568389893 -3.026578664779663 -0.16560393571853638 
v 4.541500568389893 -3.026578664779663 -0.22499999403953552 
v 4.541500568389893 -2.921560525894165 -0.16568806767463684 
v 4.541500568389893 -2.921560525894165 -0.22491586208343506 
v 4.541500568389893 -2.7928574085235596 -0.1741010993719101 
v 4.541500568389893 -2.7928574085235596 -0.21641868352890015 
v 4.541500568389893 -2.682029962539673 -0.19227327406406403 
v 4.541500568389893 -2.682029962539673 -0.19833065569400787 
v 4.489937782287598 -2.1453211307525635 -0.18730957806110382 
v 4.489937782287598 -2.1453211307525635 -0.20321021974086761 
v 4.416751384735107 -1.9580761194229126 -0.18537457287311554 
v 4.416751384735107 -1.9580761194229126 -0.20522934198379517 
v 4.287566184997559 -1.8101574182510376 -0.18369196355342865 
v 4.287566184997559 -1.8101574182510376 -0.20691195130348206 
v 4.489937782287598 -3.2129294872283936 -0.2219712883234024 
v 4.489937782287598 -3.151259183883667 -0.25713780522346497 
v 4.489937782287598 -3.060988664627075 -0.2740480303764343 
v 4.489937782287598 -2.782132387161255 -0.2738797664642334 
v 4.489937782287598 -2.439371347427368 -0.25150108337402344 
v 4.416751384735107 -3.2151639461517334 -0.27261781692504883 
v 4.416751384735107 -3.102102041244507 -0.29373452067375183 
v 4.416751384735107 -2.7535316944122314 -0.2935662865638733 
v 4.416751384735107 -2.325415849685669 -0.2655508518218994 
v 4.416751384735107 -1.9580761194229126 -0.20522934198379517 
v 4.287566184997559 -3.143662214279175 -0.31005582213401794 
v 4.287566184997559 -2.737443685531616 -0.30980342626571655 
v 4.287566184997559 -2.2382733821868896 -0.2771608531475067 
v 4.287566184997559 -1.8101574182510376 -0.20691195130348206 
v 0.41728368401527405 -3.143662214279175 -0.31005582213401794 
v 0.41728368401527405 -2.737443685531616 -0.30980342626571655 
v 0.41728368401527405 -2.2382733821868896 -0.2771608531475067 
v 0.41728368401527405 -1.8101574182510376 -0.20691195130348206 
v 0.41728368401527405 -3.2754933834075928 -0.28540563583374023 
v 4.287566184997559 -3.2754933834075928 -0.28540563583374023 
v 0.41728368401527405 -3.3653171062469482 -0.23417019844055176 
v 4.287566184997559 -3.3653171062469482 -0.23417019844055176 
v 0.41728368401527405 -3.396599054336548 -0.20758500695228577 
v 4.287566184997559 -3.396599054336548 -0.20758500695228577 
v 4.416751384735107 -3.2924749851226807 -0.2286175936460495 
v 0.41728368401527405 -1.8101574182510376 -0.18369196355342865 
v 0.41728368401527405 -1.8101574182510376 -0.20691195130348206 
v 0.41728368401527405 -2.2382733821868896 -0.11335895210504532 
v 0.41728368401527405 -2.2382733821868896 -0.2771608531475067 
v 0.41728368401527405 -2.737443685531616 -0.08080048114061356 
v 0.41728368401527405 -2.737443685531616 -0.30980342626571655 
v 0.41728368401527405 -3.143662214279175 -0.0804639607667923 
v 0.41728368401527405 -3.143662214279175 -0.31005582213401794 
v 0.41728368401527405 -3.2754933834075928 -0.10519830137491226 
v 0.41728368401527405 -3.2754933834075928 -0.28540563583374023 
v 0.41728368401527405 -3.3653171062469482 -0.15643371641635895 
v 0.41728368401527405 -3.3653171062469482 -0.23417019844055176 
v 0.41728368401527405 -3.396599054336548 -0.18301892280578613 
v 0.41728368401527405 -3.396599054336548 -0.20758500695228577 
v 0.0072738309390842915 4.268372535705566 0.0103968670591712 
v -0.010745533742010593 4.34836483001709 0.0103968670591712 
v 0.04386700317263603 4.2075958251953125 0.0103968670591712 
v 0.04386700317263603 4.2612223625183105 0.0103968670591712 
v 0.04386700317263603 4.2075958251953125 1.1910828351974487 
v 0.0072738309390842915 4.268372535705566 1.1910828351974487 
v 0.04386700317263603 4.2075958251953125 0.0103968670591712 
v 0.0072738309390842915 4.268372535705566 0.0103968670591712 
v -0.010745533742010593 4.34836483001709 1.1910828351974487 
v -0.010745533742010593 4.34836483001709 0.0103968670591712 
v -0.010745533742010593 4.34836483001709 1.1910828351974487 
v 0.026402080431580544 5.094662666320801 1.1910828351974487 
v -0.010745533742010593 4.34836483001709 0.0103968670591712 
v 0.026402080431580544 5.094662666320801 0.05380815267562866 
v -0.41798317432403564 -3.396599054336548 -0.18301892280578613 
v -4.288265228271484 -3.396599054336548 -0.18293479084968567 
v -0.41798317432403564 -3.396599054336548 -0.20758500695228577 
v -4.288265228271484 -3.396599054336548 -0.20758500695228577 
v -4.417450428009033 -3.3192880153656006 -0.18470153212547302 
v -4.417450428009033 -3.3192880153656006 -0.2058182656764984 
v -4.490636825561523 -3.2348268032073975 -0.18680478632450104 
v -4.490636825561523 -3.2348268032073975 -0.2037149965763092 
v -4.417450428009033 -3.2924749851226807 -0.2286175936460495 
v -4.490636825561523 -3.2129294872283936 -0.2219712883234024 
v -4.417450428009033 -3.2151639461517334 -0.27261781692504883 
v -4.490636825561523 -3.151259183883667 -0.25713780522346497 
v -4.417450428009033 -3.102102041244507 -0.29373452067375183 
v -4.490636825561523 -3.060988664627075 -0.2740480303764343 
v -4.417450428009033 -2.7535316944122314 -0.2935662865638733 
v -4.490636825561523 -2.782132387161255 -0.2738797664642334 
v -4.417450428009033 -2.325415849685669 -0.2655508518218994 
v -4.490636825561523 -2.439371347427368 -0.25150108337402344 
v -4.417450428009033 -1.9580761194229126 -0.20522934198379517 
v -4.490636825561523 -2.1453211307525635 -0.20321021974086761 
v -4.542200088500977 -3.0918238162994385 -0.1921050101518631 
v -4.542200088500977 -3.0918238162994385 -0.1984989196062088 
v -4.542200088500977 -3.0837795734405518 -0.20531347393989563 
v -4.542200088500977 -3.060541868209839 -0.21860608458518982 
v -4.542200088500977 -3.026578664779663 -0.22499999403953552 
v -4.542200088500977 -2.921560525894165 -0.22491586208343506 
v -4.542200088500977 -2.7928574085235596 -0.21641868352890015 
v -4.542200088500977 -2.682029962539673 -0.19833065569400787 
v -4.490636825561523 -2.1453211307525635 -0.18730957806110382 
v -4.542200088500977 -2.682029962539673 -0.19227327406406403 
v -4.542200088500977 -3.0837795734405518 -0.1852063089609146 
v -4.542200088500977 -3.060541868209839 -0.17199784517288208 
v -4.542200088500977 -3.026578664779663 -0.16560393571853638 
v -4.542200088500977 -2.921560525894165 -0.16568806767463684 
v -4.542200088500977 -2.7928574085235596 -0.1741010993719101 
v -4.288265228271484 -1.8101574182510376 -0.20691195130348206 
v -4.288265228271484 -2.2382733821868896 -0.2771608531475067 
v -4.288265228271484 -2.737443685531616 -0.30980342626571655 
v -4.288265228271484 -3.143662214279175 -0.31005582213401794 
v -4.288265228271484 -3.2754933834075928 -0.28540563583374023 
v -4.288265228271484 -3.3653171062469482 -0.23417019844055176 
v -4.288265228271484 -3.396599054336548 -0.20758500695228577 
v -0.41798317432403564 -2.2382733821868896 -0.2771608531475067 
v -0.41798317432403564 -2.737443685531616 -0.30980342626571655 
v -0.41798317432403564 -3.143662214279175 -0.31005582213401794 
v -0.41798317432403564 -3.2754933834075928 -0.28540563583374023 
v -0.41798317432403564 -3.3653171062469482 -0.23417019844055176 
v -0.41798317432403564 -3.396599054336548 -0.20758500695228577 
v 0.301128089427948 2.2189576625823975 1.8329977989196777 
v 0.23709003627300262 2.2189576625823975 1.8855793476104736 
v 0.301128089427948 0.5753146409988403 1.8329977989196777 
v 0.23709003627300262 0.5753146409988403 1.8855793476104736 
v 0.16390369832515717 2.2189576625823975 1.9247000217437744 
v 0.16390369832515717 0.5753146409988403 1.9247000217437744 
v 0.08461849391460419 2.2189576625823975 1.948761224746704 
v 0.08461849391460419 0.5753146409988403 1.948761224746704 
v 0.0020066320430487394 2.2189576625823975 1.9569218158721924 
v 0.0020066320430487394 0.5753146409988403 1.9569218158721924 
v -0.08060522377490997 2.2189576625823975 1.948761224746704 
v -0.08060522377490997 0.5753146409988403 1.948761224746704 
v -0.15989042818546295 2.2189576625823975 1.9247000217437744 
v -0.15989042818546295 0.5753146409988403 1.9247000217437744 
v -0.2330767810344696 2.2189576625823975 1.8855793476104736 
v -0.2330767810344696 0.5753146409988403 1.8855793476104736 
v -0.2971148192882538 2.2189576625823975 1.8329977989196777 
v -0.2971148192882538 0.5753146409988403 1.8329977989196777 
v -0.34978681802749634 2.2189576625823975 1.7688905000686646 
v -0.34978681802749634 0.5753146409988403 1.7688905000686646 
v -0.38887497782707214 2.2189576625823975 1.6956970691680908 
v -0.38887497782707214 0.5753146409988403 1.6956970691680908 
v -0.4129931926727295 2.2189576625823975 1.6163620948791504 
v -0.4129931926727295 0.5753146409988403 1.6163620948791504 
v -0.4210326075553894 2.2189576625823975 1.533830165863037 
v -0.4210326075553894 0.5753146409988403 1.533830165863037 
v -0.4129931926727295 2.2189576625823975 1.4512982368469238 
v -0.4129931926727295 0.5753146409988403 1.4512982368469238 
v -0.38887497782707214 2.2189576625823975 1.3718791007995605 
v -0.38887497782707214 0.5753146409988403 1.3718791007995605 
v -0.34978681802749634 2.2189576625823975 1.2987698316574097 
v -0.34978681802749634 0.5753146409988403 1.2987698316574097 
v -0.2971148192882538 2.2189576625823975 1.234662413597107 
v -0.2971148192882538 0.5753146409988403 1.234662413597107 
v -4.417450428009033 -1.9580761194229126 -0.18537457287311554 
v -4.417450428009033 -1.9580761194229126 -0.20522934198379517 
v -4.288265228271484 -1.8101574182510376 -0.18369196355342865 
v -4.288265228271484 -1.8101574182510376 -0.20691195130348206 
v -0.41798317432403564 -1.8101574182510376 -0.18369196355342865 
v -0.41798317432403564 -2.2382733821868896 -0.11335895210504532 
v -0.41798317432403564 -1.8101574182510376 -0.20691195130348206 
v -0.41798317432403564 -2.2382733821868896 -0.2771608531475067 
v -0.41798317432403564 -2.737443685531616 -0.08080048114061356 
v -0.41798317432403564 -2.737443685531616 -0.30980342626571655 
v -0.41798317432403564 -3.143662214279175 -0.0804639607667923 
v -0.41798317432403564 -3.143662214279175 -0.31005582213401794 
v -0.41798317432403564 -3.2754933834075928 -0.10519830137491226 
v -0.41798317432403564 -3.2754933834075928 -0.28540563583374023 
v -0.41798317432403564 -3.3653171062469482 -0.15643371641635895 
v -0.41798317432403564 -3.3653171062469482 -0.23417019844055176 
v -0.41798317432403564 -3.396599054336548 -0.18301892280578613 
v -0.41798317432403564 -3.396599054336548 -0.20758500695228577 
v -2.0516467094421387 3.6784842014312744 -0.018459858372807503 
v -2.0516467094421387 3.6784842014312744 -0.00710225198417902 
v -2.0516467094421387 3.7052972316741943 -0.03924006596207619 
v -2.0516467094421387 3.7052972316741943 0.013677953742444515 
v -2.0516467094421387 3.7656266689300537 -0.05623440816998482 
v -2.0516467094421387 3.7656266689300537 0.030756426975131035 
v -2.0516467094421387 3.935889959335327 -0.0671713575720787 
v -2.0516467094421387 3.935889959335327 0.04160924255847931 
v -2.0516467094421387 4.17988920211792 -0.05202788487076759 
v -2.0516467094421387 4.17988920211792 0.02654990367591381 
v -2.0516467094421387 4.374284267425537 -0.03242550417780876 
v -2.0516467094421387 4.374284267425537 0.00686339195817709 
v -4.542200088500977 -3.0918238162994385 -0.1921050101518631 
v -4.490636825561523 -3.2348268032073975 -0.18680478632450104 
v -4.542200088500977 -3.0837795734405518 -0.1852063089609146 
v -4.490636825561523 -3.2129294872283936 -0.1686326265335083 
v -4.542200088500977 -3.060541868209839 -0.17199784517288208 
v -4.490636825561523 -3.151259183883667 -0.13346610963344574 
v -4.542200088500977 -3.026578664779663 -0.16560393571853638 
v -4.490636825561523 -3.060988664627075 -0.1164717748761177 
v -4.542200088500977 -2.921560525894165 -0.16568806767463684 
v -4.490636825561523 -2.782132387161255 -0.11664003133773804 
v -4.542200088500977 -2.7928574085235596 -0.1741010993719101 
v -4.490636825561523 -2.439371347427368 -0.13910284638404846 
v -4.542200088500977 -2.682029962539673 -0.19227327406406403 
v -4.490636825561523 -2.1453211307525635 -0.18730957806110382 
v -4.417450428009033 -3.3192880153656006 -0.18470153212547302 
v -4.417450428009033 -3.2924749851226807 -0.16190218925476074 
v -4.417450428009033 -3.2151639461517334 -0.11798612028360367 
v -4.417450428009033 -3.102102041244507 -0.09678526222705841 
v -4.417450428009033 -2.7535316944122314 -0.0970376506447792 
v -4.417450428009033 -2.325415849685669 -0.12505307793617249 
v -4.417450428009033 -1.9580761194229126 -0.18537457287311554 
v -4.288265228271484 -3.396599054336548 -0.18293479084968567 
v -4.288265228271484 -3.3653171062469482 -0.15643371641635895 
v -4.288265228271484 -3.2754933834075928 -0.10519830137491226 
v -4.288265228271484 -3.143662214279175 -0.0804639607667923 
v -4.288265228271484 -2.737443685531616 -0.08080048114061356 
v -4.288265228271484 -2.2382733821868896 -0.11335895210504532 
v -4.288265228271484 -1.8101574182510376 -0.18369196355342865 
v -0.41798317432403564 -3.3653171062469482 -0.15643371641635895 
v -0.41798317432403564 -3.2754933834075928 -0.10519830137491226 
v -0.41798317432403564 -3.143662214279175 -0.0804639607667923 
v -0.41798317432403564 -2.737443685531616 -0.08080048114061356 
v -0.41798317432403564 -2.2382733821868896 -0.11335895210504532 
v -0.41798317432403564 -1.8101574182510376 -0.18369196355342865 
v -2.0516467094421387 4.374284267425537 0.00686339195817709 
v 2.051778554916382 4.374284267425537 0.00686339195817709 
v -2.0516467094421387 4.347023963928223 -0.004325949586927891 
v 2.051778554916382 4.347023963928223 -0.004325949586927891 
v 0.301128089427948 0.5753146409988403 1.8329977989196777 
v 0.35380008816719055 0.5753146409988403 1.7688905000686646 
v 0.301128089427948 2.2189576625823975 1.8329977989196777 
v 0.35380008816719055 2.2189576625823975 1.7688905000686646 
v 0.39288824796676636 0.5753146409988403 1.6956970691680908 
v 0.39288824796676636 2.2189576625823975 1.6956970691680908 
v 0.4170064628124237 0.5753146409988403 1.6163620948791504 
v 0.4170064628124237 2.2189576625823975 1.6163620948791504 
v 0.4250458776950836 0.5753146409988403 1.533830165863037 
v 0.4250458776950836 2.2189576625823975 1.533830165863037 
v 0.4170064628124237 0.5753146409988403 1.4512982368469238 
v 0.4170064628124237 2.2189576625823975 1.4512982368469238 
v 0.39288824796676636 0.5753146409988403 1.3718791007995605 
v 0.39288824796676636 2.2189576625823975 1.3718791007995605 
v 0.35380008816719055 0.5753146409988403 1.2987698316574097 
v 0.35380008816719055 2.2189576625823975 1.2987698316574097 
v 0.301128089427948 0.5753146409988403 1.234662413597107 
v 0.301128089427948 2.2189576625823975 1.234662413597107 
v 0.23709003627300262 0.5753146409988403 1.1819968223571777 
v 0.23709003627300262 2.2189576625823975 1.1819968223571777 
v 0.16390369832515717 0.5753146409988403 1.1429603099822998 
v 0.16390369832515717 2.2189576625823975 1.1429603099822998 
v 0.08461849391460419 0.5753146409988403 1.1188989877700806 
v 0.08461849391460419 2.2189576625823975 1.1188989877700806 
v 0.0020066320430487394 0.5753146409988403 1.1107383966445923 
v 0.0020066320430487394 2.2189576625823975 1.1107383966445923 
v -0.08060522377490997 0.5753146409988403 1.1188989877700806 
v -0.08060522377490997 2.2189576625823975 1.1188989877700806 
v -0.15989042818546295 0.5753146409988403 1.1429603099822998 
v -0.15989042818546295 2.2189576625823975 1.1429603099822998 
v -0.2330767810344696 0.5753146409988403 1.1819968223571777 
v -0.2330767810344696 2.2189576625823975 1.1819968223571777 
v -0.2971148192882538 0.5753146409988403 1.234662413597107 
v -0.2971148192882538 2.2189576625823975 1.234662413597107 
v 0.06160914897918701 5.094662666320801 1.1910828351974487 
v 0.06160914897918701 5.094662666320801 0.05380815267562866 
v 0.04386700317263603 5.094662666320801 1.1910828351974487 
v 0.04386700317263603 5.094662666320801 0.0103968670591712 
v 0.026402080431580544 5.094662666320801 0.05380815267562866 
v 0.0020066320430487394 0.5753146409988403 1.9569218158721924 
v 0.0020066320430487394 0.46359360218048096 1.9189791679382324 
v -0.08060522377490997 0.5753146409988403 1.948761224746704 
v -0.07312025874853134 0.46359360218048096 1.9115756750106812 
v -0.15989042818546295 0.5753146409988403 1.9247000217437744 
v -0.14547494053840637 0.46359360218048096 1.8897017240524292 
v -0.2330767810344696 0.5753146409988403 1.8855793476104736 
v -0.21200798451900482 0.46359360218048096 1.8541145324707031 
v -0.2971148192882538 0.5753146409988403 1.8329977989196777 
v -0.27050161361694336 0.46359360218048096 1.8061602115631104 
v -0.34978681802749634 0.5753146409988403 1.7688905000686646 
v -0.31818363070487976 0.46359360218048096 1.7477737665176392 
v -0.38887497782707214 0.5753146409988403 1.6956970691680908 
v -0.35394513607025146 0.46359360218048096 1.6812266111373901 
v -0.4129931926727295 0.5753146409988403 1.6163620948791504 
v -0.3758455812931061 0.46359360218048096 1.6089586019515991 
v -0.4210326075553894 0.5753146409988403 1.533830165863037 
v -0.3833305537700653 0.46359360218048096 1.533830165863037 
v -0.4129931926727295 0.5753146409988403 1.4512982368469238 
v -0.3758455812931061 0.46359360218048096 1.458701729774475 
v -0.38887497782707214 0.5753146409988403 1.3718791007995605 
v -0.35394513607025146 0.46359360218048096 1.386433720588684 
v -0.34978681802749634 0.5753146409988403 1.2987698316574097 
v -0.31818363070487976 0.46359360218048096 1.3198024034500122 
v -0.2971148192882538 0.5753146409988403 1.234662413597107 
v -0.27050161361694336 0.46359360218048096 1.261415958404541 
v -0.2330767810344696 0.5753146409988403 1.1819968223571777 
v -0.21200798451900482 0.46359360218048096 1.2135456800460815 
v -0.15989042818546295 0.5753146409988403 1.1429603099822998 
v -0.14547494053840637 0.46359360218048096 1.1779584884643555 
v -0.08060522377490997 0.5753146409988403 1.1188989877700806 
v -0.07312025874853134 0.46359360218048096 1.1560004949569702 
v 0.0020066320430487394 0.5753146409988403 1.1107383966445923 
v 0.0020066320430487394 0.46359360218048096 1.148597002029419 
v 0.08461849391460419 0.5753146409988403 1.1188989877700806 
v 0.07713352143764496 0.46359360218048096 1.1560004949569702 
v 0.16390369832515717 0.5753146409988403 1.1429603099822998 
v 0.14948821067810059 0.46359360218048096 1.1779584884643555 
v 0.23709003627300262 0.5753146409988403 1.1819968223571777 
v 0.21602123975753784 0.46359360218048096 1.2135456800460815 
v 0.301128089427948 0.5753146409988403 1.234662413597107 
v 0.27423766255378723 0.46359360218048096 1.261415958404541 
v 0.35380008816719055 0.5753146409988403 1.2987698316574097 
v 0.322196900844574 0.46359360218048096 1.3198024034500122 
v 0.39288824796676636 0.5753146409988403 1.3718791007995605 
v 0.3579584062099457 0.46359360218048096 1.386433720588684 
v 0.4170064628124237 0.5753146409988403 1.4512982368469238 
v 0.3798588514328003 0.46359360218048096 1.458701729774475 
v 0.4250458776950836 0.5753146409988403 1.533830165863037 
v 0.3870666027069092 0.46359360218048096 1.533830165863037 
v 0.4170064628124237 0.5753146409988403 1.6163620948791504 
v 0.3798588514328003 0.46359360218048096 1.6089586019515991 
v 0.39288824796676636 0.5753146409988403 1.6956970691680908 
v 0.3579584062099457 0.46359360218048096 1.6812266111373901 
v 0.35380008816719055 0.5753146409988403 1.7688905000686646 
v 0.322196900844574 0.46359360218048096 1.747857928276062 
v 0.301128089427948 0.5753146409988403 1.8329977989196777 
v 0.27423766255378723 0.46359360218048096 1.8061602115631104 
v 0.23709003627300262 0.5753146409988403 1.8855793476104736 
v 0.21602123975753784 0.46359360218048096 1.8541145324707031 
v 0.16390369832515717 0.5753146409988403 1.9247000217437744 
v 0.14948821067810059 0.46359360218048096 1.8897017240524292 
v 0.08461849391460419 0.5753146409988403 1.948761224746704 
v 0.07713352143764496 0.46359360218048096 1.9115756750106812 
v 0.0020066320430487394 0.5753146409988403 1.9569218158721924 
v 0.0020066320430487394 0.46359360218048096 1.9189791679382324 
v -2.0516467094421387 3.6784842014312744 -0.00710225198417902 
v -2.0516467094421387 3.6784842014312744 -0.018459858372807503 
v 2.051778554916382 3.6784842014312744 -0.00710225198417902 
v 2.051778554916382 3.6784842014312744 -0.018459858372807503 
v -0.01379496417939663 -7.48514986038208 0.02957860194146633 
v -0.007141660898923874 -7.48514986038208 0.03159773349761963 
v -0.00021113600814715028 -7.48514986038208 0.032270774245262146 
v 2.0481748580932617 4.684422492980957 -0.01711376942694187 
v 2.0481748580932617 4.524884223937988 -0.025610944256186485 
v -2.0480427742004395 4.684422492980957 -0.01711376942694187 
v -2.0480427742004395 4.524884223937988 -0.025610944256186485 
v 2.0481748580932617 4.4028849601745605 -0.027966594323515892 
v -2.0480427742004395 4.4028849601745605 -0.027966594323515892 
v 2.0481748580932617 4.373837471008301 -0.023423554375767708 
v -2.0480427742004395 4.373837471008301 -0.023423554375767708 
v -0.08060522377490997 0.5753146409988403 1.1188989877700806 
v 0.08461849391460419 0.5753146409988403 1.1188989877700806 
v 0.4170064628124237 0.5753146409988403 1.4512982368469238 
v 0.4170064628124237 0.5753146409988403 1.6163620948791504 
v 0.23709003627300262 0.5753146409988403 1.8855793476104736 
v -0.08060522377490997 0.5753146409988403 1.948761224746704 
v -0.34978681802749634 0.5753146409988403 1.7688905000686646 
v -0.03320043534040451 -7.48514986038208 -0.01669311709702015 
v -0.025438247248530388 -7.48514986038208 -0.028218986466526985 
v 0.013095472007989883 -7.48514986038208 -0.035874851047992706 
v 0.032500941306352615 -7.48514986038208 -0.01669311709702015 
v 0.03499593213200569 -7.48514986038208 -0.0031481245532631874 
v 0.024738755077123642 -7.48514986038208 0.021838603541254997 
v 0.00006608499825233594 5.699745178222656 0.030588163062930107 
v 0.01198658812791109 5.699745178222656 0.030588163062930107 
v 0.041372016072273254 5.135329246520996 0.10495944321155548 
v 0.00006608499825233594 5.230962753295898 0.030588163062930107 
v 0.01836267113685608 5.112091064453125 0.030588163062930107 
v 0.00006608499825233594 5.112091064453125 0.030588163062930107 
v 0.00006608499825233594 5.699745178222656 0.030588163062930107 
v -0.041239842772483826 5.135329246520996 0.10495944321155548 
v -0.012131638824939728 5.699745178222656 0.030588163062930107 
v -0.01850772090256214 5.112091064453125 1.1650866270065308 
v 0.00006608499825233594 5.112091064453125 0.030588163062930107 
v -0.01850772090256214 5.112091064453125 0.030588163062930107 
v 0.06160914897918701 5.094662666320801 0.05380815267562866 
v 0.04386700317263603 4.2612223625183105 0.0103968670591712 
v 0.04386700317263603 5.094662666320801 0.0103968670591712 
v 0.026402080431580544 5.094662666320801 1.1910828351974487 
v 0.026402080431580544 5.094662666320801 0.05380815267562866 
v 0.04386700317263603 5.094662666320801 0.0103968670591712 
v 0.04386700317263603 4.2612223625183105 0.0103968670591712 
v 0.026402080431580544 5.094662666320801 0.05380815267562866 
v -0.004923893138766289 0.06854712218046188 0.5122346878051758 
v -0.004923893138766289 0.06854712218046188 0.5122346878051758 
v -0.004923893138766289 1.113364338874817 0.5122346878051758 
v -0.004923893138766289 0.06854712218046188 0.5122346878051758 
v -0.41798317432403564 -3.396599054336548 -0.18301892280578613 
v -0.41798317432403564 -1.8101574182510376 -0.20691195130348206 
v 2.051778554916382 3.6784842014312744 -0.00710225198417902 
v 2.051778554916382 3.6784842014312744 -0.018459858372807503 
v -2.0516467094421387 3.6784842014312744 -0.00710225198417902 
v -2.0516467094421387 3.6784842014312744 -0.018459858372807503 
v 0.41728368401527405 -3.2754933834075928 -0.10519830137491226 
v 0.41728368401527405 -3.3653171062469482 -0.15643371641635895 
v 0.41728368401527405 -3.2754933834075928 -0.10519830137491226 
v 0.41728368401527405 -3.3653171062469482 -0.15643371641635895 
v 0.41728368401527405 -3.143662214279175 -0.0804639607667923 
v 0.41728368401527405 -3.143662214279175 -0.0804639607667923 
v 0.41728368401527405 -2.737443685531616 -0.08080048114061356 
v 0.41728368401527405 -2.737443685531616 -0.08080048114061356 
v 0.41728368401527405 -2.2382733821868896 -0.11335895210504532 
v 0.41728368401527405 -2.2382733821868896 -0.11335895210504532 
v -0.41798317432403564 -3.2754933834075928 -0.10519830137491226 
v -0.41798317432403564 -3.3653171062469482 -0.15643371641635895 
v -0.41798317432403564 -3.3653171062469482 -0.15643371641635895 
v -0.41798317432403564 -3.2754933834075928 -0.10519830137491226 
v -0.41798317432403564 -3.143662214279175 -0.0804639607667923 
v -0.41798317432403564 -3.143662214279175 -0.0804639607667923 
v -0.41798317432403564 -2.737443685531616 -0.08080048114061356 
v -0.41798317432403564 -2.737443685531616 -0.08080048114061356 
v -0.41798317432403564 -2.2382733821868896 -0.11335895210504532 
v -0.41798317432403564 -2.2382733821868896 -0.11335895210504532 
vn 3.097898456858039e-13 -0.999997615814209 0.002184694167226553 
vn 3.097898456858039e-13 -0.999997615814209 0.002184694167226553 
vn 3.097898456858039e-13 -0.999997615814209 0.002184694167226553 
vn 3.097898456858039e-13 -0.999997615814209 0.002184694167226553 
vn 3.097898456858039e-13 -0.999997615814209 0.002184694167226553 
vn 3.097898456858039e-13 -0.999997615814209 0.002184694167226553 
vn 3.097898456858039e-13 -0.999997615814209 0.002184694167226553 
vn 3.097898456858039e-13 -0.999997615814209 0.002184694167226553 
vn 3.097898456858039e-13 -0.999997615814209 0.002184694167226553 
vn 3.097898456858039e-13 -0.999997615814209 0.002184694167226553 
vn 3.097898456858039e-13 -0.999997615814209 0.002184694167226553 
vn 3.097898456858039e-13 -0.999997615814209 0.002184694167226553 
vn 3.097898456858039e-13 -0.999997615814209 0.002184694167226553 
vn 3.097898456858039e-13 -0.999997615814209 0.002184694167226553 
vn 3.097898456858039e-13 -0.999997615814209 0.002184694167226553 
vn 3.097898456858039e-13 -0.999997615814209 0.002184694167226553 
vn 3.097898456858039e-13 -0.999997615814209 0.002184694167226553 
vn 0.0018539319280534983 0.10030980408191681 0.994954526424408 
vn 0.0018539319280534983 0.10030980408191681 0.994954526424408 
vn 0.003704126225784421 0.08719801157712936 0.9961841106414795 
vn -0.0018501408630982041 0.07418830692768097 0.9972425103187561 
vn -0.0017781255301088095 0.030529234558343887 0.9995322823524475 
vn 4.0606729845218004e-15 -0.013107799924910069 0.9999141097068787 
vn 0.0018611537525430322 -0.0959606021642685 0.9953833818435669 
vn 4.732672248346746e-14 -0.1523333042860031 0.9883291721343994 
vn 0.0018799792742356658 -0.35066840052604675 0.9364978075027466 
vn -0.001880282536149025 -0.4584580361843109 0.888714075088501 
vn 1.8881219558761902e-13 -0.6094833612442017 0.7927988767623901 
vn 1.8881219558761902e-13 -0.6094833612442017 0.7927988767623901 
vn 0.999997615814209 0 0.002184694167226553 
vn 0.999997615814209 0 0.002184694167226553 
vn 0.999997615814209 0 0.002184694167226553 
vn 0.999997615814209 0 0.002184694167226553 
vn 0.999997615814209 0 0.002184694167226553 
vn 0.999997615814209 0 0.002184694167226553 
vn 0.999997615814209 0 0.002184694167226553 
vn 0.999997615814209 0 0.002184694167226553 
vn 0.999997615814209 0 0.002184694167226553 
vn 0.999997615814209 0 0.002184694167226553 
vn 0.999997615814209 0 0.002184694167226553 
vn 0.999997615814209 0 0.002184694167226553 
vn -1.0341130485562108e-13 0.999997615814209 0.002184694167226553 
vn -1.0341130485562108e-13 0.999997615814209 0.002184694167226553 
vn -1.0341130485562108e-13 0.999997615814209 0.002184694167226553 
vn -1.0341130485562108e-13 0.999997615814209 0.002184694167226553 
vn -0.999997615814209 -2.0682260971124217e-13 0.002184694167226553 
vn -0.999997615814209 -2.0682260971124217e-13 0.002184694167226553 
vn -0.999997615814209 -2.0682260971124217e-13 0.002184694167226553 
vn -0.999997615814209 -2.0682260971124217e-13 0.002184694167226553 
vn 3.097898456858039e-13 -0.999997615814209 0.002184694167226553 
vn 3.097898456858039e-13 -0.999997615814209 0.002184694167226553 
vn 3.097898456858039e-13 -0.999997615814209 0.002184694167226553 
vn 3.097898456858039e-13 -0.999997615814209 0.002184694167226553 
vn 3.097898456858039e-13 -0.999997615814209 0.002184694167226553 
vn 3.097898456858039e-13 -0.999997615814209 0.002184694167226553 
vn 3.097898456858039e-13 -0.999997615814209 0.002184694167226553 
vn 3.097898456858039e-13 -0.999997615814209 0.002184694167226553 
vn 3.097898456858039e-13 -0.999997615814209 0.002184694167226553 
vn 3.097898456858039e-13 -0.999997615814209 0.002184694167226553 
vn 3.097898456858039e-13 -0.999997615814209 0.002184694167226553 
vn 3.097898456858039e-13 -0.999997615814209 0.002184694167226553 
vn 3.097898456858039e-13 -0.999997615814209 0.002184694167226553 
vn 3.097898456858039e-13 -0.999997615814209 0.002184694167226553 
vn 3.097898456858039e-13 -0.999997615814209 0.002184694167226553 
vn 3.097898456858039e-13 -0.999997615814209 0.002184694167226553 
vn 3.097898456858039e-13 -0.999997615814209 0.002184694167226553 
vn 3.097898456858039e-13 -0.999997615814209 0.002184694167226553 
vn 3.097898456858039e-13 -0.999997615814209 0.002184694167226553 
vn 3.097898456858039e-13 -0.999997615814209 0.002184694167226553 
vn 3.097898456858039e-13 -0.999997615814209 0.002184694167226553 
vn 0.9986006617546082 0.05283859372138977 0.002184694167226553 
vn 0.9986006617546082 0.05283859372138977 0.002184694167226553 
vn 0.9986006617546082 0.05283859372138977 0.002184694167226553 
vn 0.9986006617546082 0.05283859372138977 0.002184694167226553 
vn 0.001878746203146875 0.3791438043117523 0.9253358840942383 
vn 0.001878746203146875 0.3791438043117523 0.9253358840942383 
vn 0.001878746203146875 0.3791438043117523 0.9253358840942383 
vn 0.001878746203146875 0.3791438043117523 0.9253358840942383 
vn -0.05515551567077637 0.16490796208381653 0.9847655892372131 
vn -0.02419314906001091 0.1634947508573532 0.9862475395202637 
vn 0.13496951758861542 0.16409139335155487 0.9771679639816284 
vn 0.17288333177566528 0.16358532011508942 0.9712626934051514 
vn 0.3224181532859802 0.1666029691696167 0.931820809841156 
vn 0.36109012365341187 0.16076767444610596 0.9185682535171509 
vn 0.5010823607444763 0.1628115177154541 0.8499464392662048 
vn 0.5317495465278625 0.16327229142189026 0.8310141563415527 
vn 0.6561382412910461 0.16411134600639343 0.736579954624176 
vn 0.6821817755699158 0.16426175832748413 0.7124928832054138 
vn 0.7875646948814392 0.16483062505722046 0.5937783122062683 
vn 0.8082470893859863 0.16485674679279327 0.5652954578399658 
vn 0.8880412578582764 0.16510042548179626 0.42909738421440125 
vn 0.9027227759361267 0.1651349812746048 0.3972681760787964 
vn 0.9543951153755188 0.16530390083789825 0.24860523641109467 
vn 0.9626179933547974 0.16526441276073456 0.21460255980491638 
vn 0.9844818711280823 0.1652878373861313 0.058952588587999344 
vn 0.9860395193099976 0.1653466671705246 0.01966099627315998 
vn 0.9766380190849304 0.1653902232646942 -0.1372016966342926 
vn 0.9711788296699524 0.16528338193893433 -0.17173540592193604 
vn 0.9315224885940552 0.16531778872013092 -0.3239381015300751 
vn 0.9194352626800537 0.1653173863887787 -0.3568037748336792 
vn 0.8508720397949219 0.16515764594078064 -0.4987381398677826 
vn 0.8325759768486023 0.16512829065322876 -0.528724730014801 
vn 0.7372617721557617 0.16495244204998016 -0.6551609039306641 
vn 0.7133526802062988 0.16475504636764526 -0.681163489818573 
vn 0.5940601229667664 0.16439856588840485 -0.7874425053596497 
vn 0.5651357173919678 0.1641477346420288 -0.8085030317306519 
vn 0.4327073395252228 0.16285951435565948 -0.8867024183273315 
vn 0.39933356642723083 0.16233853995800018 -0.9023185968399048 
vn 0.2475515455007553 0.16398918628692627 -0.9548956751823425 
vn 0.212877094745636 0.16215302050113678 -0.9635298252105713 
vn 0.059472933411598206 0.1634005457162857 -0.9847655892372131 
vn 0.02454373426735401 0.1634424775838852 -0.9862475395202637 
vn -0.1333172470331192 0.16543661057949066 -0.9771679639816284 
vn -0.1722560077905655 0.16424576938152313 -0.9712626934051514 
vn -0.3221546411514282 0.16711194813251495 -0.931820809841156 
vn -0.35481005907058716 0.16487108170986176 -0.9202865362167358 
vn -0.5008482336997986 0.1635301560163498 -0.8499464392662048 
vn -0.5315385460853577 0.16395792365074158 -0.8310141563415527 
vn -0.6559948921203613 0.16468356549739838 -0.736579954624176 
vn -0.682926595211029 0.16113696992397308 -0.7124928832054138 
vn -0.7882803082466125 0.1613735556602478 -0.5937783122062683 
vn -0.8081986904144287 0.1650938093662262 -0.5652954578399658 
vn -0.8886846303939819 0.16160164773464203 -0.42909738421440125 
vn -0.9033567309379578 0.16163091361522675 -0.3972681760787964 
vn -0.9543951153755188 0.16530390083789825 -0.24860523641109467 
vn -0.9632494449615479 0.16154344379901886 -0.21460255980491638 
vn -0.9850996732711792 0.16156482696533203 -0.058952588587999344 
vn -0.9860395193099976 0.1653466671705246 -0.01966099627315998 
vn -0.9772935509681702 0.16147129237651825 0.1372016966342926 
vn -0.9711788296699524 0.16528338193893433 0.17173540592193604 
vn -0.9315593242645264 0.16511015594005585 0.3239381015300751 
vn -0.9194730520248413 0.1651071310043335 0.3568037748336792 
vn -0.8509158492088318 0.16493169963359833 0.4987381398677826 
vn -0.8333461880683899 0.1611962914466858 0.528724730014801 
vn -0.7381328344345093 0.1610097885131836 0.6551609039306641 
vn -0.7134139537811279 0.16448959708213806 0.681163489818573 
vn -0.594232439994812 0.16377441585063934 0.7874425053596497 
vn -0.5663588643074036 0.15987643599510193 0.8085030317306519 
vn -0.4330103397369385 0.16205216944217682 0.8867024183273315 
vn -0.39968088269233704 0.1614815592765808 0.9023185968399048 
vn -0.24793773889541626 0.16340471804141998 0.9548956751823425 
vn -0.21381594240665436 0.16091300547122955 0.9635298252105713 
vn -0.05515551567077637 0.16490796208381653 0.9847655892372131 
vn -0.02419314906001091 0.1634947508573532 0.9862475395202637 
vn -0.005578654818236828 0.1479083001613617 0.9889853596687317 
vn 0.18758021295070648 0.14650073647499084 0.9712626934051514 
vn 0.3755607604980469 0.14691594243049622 0.9150791168212891 
vn 0.547200083732605 0.1488964855670929 0.8236515522003174 
vn 0.695000946521759 0.1497841626405716 0.7032341957092285 
vn 0.8185824155807495 0.15008455514907837 0.5544344186782837 
vn 0.9122209548950195 0.15021005272865295 0.3811691105365753 
vn 0.9687014222145081 0.1503702700138092 0.1975002884864807 
vn 0.9886130690574646 0.15046414732933044 0.002184694167226553 
vn 0.9703982472419739 0.150446355342865 -0.18892620503902435 
vn 0.9155364036560059 0.1503584384918213 -0.37307560443878174 
vn 0.8234344720840454 0.1503090262413025 -0.5471406579017639 
vn 0.7011963129043579 0.15007434785366058 -0.6969945430755615 
vn 0.5507513880729675 0.1495313048362732 -0.8211658596992493 
vn 0.3838045299053192 0.1477334052324295 -0.9115201234817505 
vn 0.19716979563236237 0.14792117476463318 -0.9691457152366638 
vn 0.005669320467859507 0.14790485799312592 -0.9889853596687317 
vn -0.18708856403827667 0.14712807536125183 -0.9712626934051514 
vn -0.3738306760787964 0.1512639969587326 -0.9150791168212891 
vn -0.5480168461799622 0.1458616852760315 -0.8236515522003174 
vn -0.6957348585128784 0.14633752405643463 -0.7032341957092285 
vn -0.818543016910553 0.1502990424633026 -0.5544344186782837 
vn -0.9127958416938782 0.14667584002017975 -0.3811691105365753 
vn -0.9687014222145081 0.1503702700138092 -0.1975002884864807 
vn -0.9886130690574646 0.15046414732933044 -0.002184694167226553 
vn -0.9709696173667908 0.14671380817890167 0.18892620503902435 
vn -0.9161707758903503 0.14644339680671692 0.37307560443878174 
vn -0.8241415023803711 0.14638255536556244 0.5471406579017639 
vn -0.7013019919395447 0.14957985281944275 0.6969945430755615 
vn -0.5509175658226013 0.14891771972179413 0.8211658596992493 
vn -0.3825971484184265 0.15083272755146027 0.9115201234817505 
vn -0.19763100147247314 0.14730440080165863 0.9691457152366638 
vn -0.005578654818236828 0.1479083001613617 0.9889853596687317 
vn -0.011151295155286789 0.13457611203193665 0.990840494632721 
vn 0.18655924499034882 0.13368646800518036 0.9733054637908936 
vn 0.37227562069892883 0.13282766938209534 0.9185682535171509 
vn 0.5398091077804565 0.13424450159072876 0.8310141563415527 
vn 0.6931496262550354 0.12754060328006744 0.7094202041625977 
vn 0.819902777671814 0.12775903940200806 0.5580654144287109 
vn 0.9122212529182434 0.12786567211151123 0.3892335295677185 
vn 0.9719887375831604 0.12050747126340866 0.2017817199230194 
vn 0.9935315847396851 0.11302972584962845 0.010923261754214764 
vn 0.9762912392616272 0.11298608034849167 -0.18463370203971863 
vn 0.9234108328819275 0.10553675144910812 -0.3690181374549866 
vn 0.8327662944793701 0.1055075004696846 -0.5434780716896057 
vn 0.7092804908752441 0.10545063763856888 -0.6969945430755615 
vn 0.5622371435165405 0.09785731881856918 -0.8211658596992493 
vn 0.39134612679481506 0.09735701233148575 -0.9150791168212891 
vn 0.2041091024875641 0.09529362618923187 -0.9742990136146545 
vn 0.013315648771822453 0.09505048394203186 -0.9953833818435669 
vn -0.18366868793964386 0.09803898632526398 -0.9780870079994202 
vn -0.37061652541160583 0.09734684228897095 -0.9236704111099243 
vn -0.5432056188583374 0.10154272615909576 -0.8334367275238037 
vn -0.6979501843452454 0.09792092442512512 -0.7094202041625977 
vn -0.8205974698066711 0.10549337416887283 -0.5616858005523682 
vn -0.9150720834732056 0.10554785281419754 -0.3892335295677185 
vn -0.971987783908844 0.11304576694965363 -0.2060592919588089 
vn -0.9935315847396851 0.11302972584962845 -0.010923261754214764 
vn -0.9753945469856262 0.1204817146062851 0.18463370203971863 
vn -0.9215934872627258 0.12037883698940277 0.3690181374549866 
vn -0.8302076458930969 0.12404357641935349 0.5434780716896057 
vn -0.7087340354919434 0.12752138078212738 0.6938546895980835 
vn -0.5592080354690552 0.13067102432250977 0.8186644315719604 
vn -0.3878651559352875 0.13671757280826569 0.9115201234817505 
vn -0.20361056923866272 0.13125771284103394 0.9702134728431702 
vn -0.011151295155286789 0.13457611203193665 0.990840494632721 
vn 6.767443423954644e-15 -0.021845221519470215 0.9997613430023193 
vn 0.0036530625075101852 0.03475656732916832 0.999389111995697 
vn -0.19406919181346893 -0.022404342889785767 0.9807319641113281 
vn -0.19306863844394684 0.029821282252669334 0.9807319641113281 
vn -0.38252338767051697 -0.022558584809303284 0.9236704111099243 
vn -0.3820067346096039 0.03006458282470703 0.9236704111099243 
vn -0.5557923316955566 -0.022590959444642067 0.8310141563415527 
vn -0.5554354190826416 0.030114835128188133 0.8310141563415527 
vn -0.7075175046920776 -0.022611746564507484 0.7063339352607727 
vn -0.7072365880012512 0.030145006254315376 0.7063339352607727 
vn -0.8295825719833374 -0.018861500546336174 0.5580654144287109 
vn -0.829376757144928 0.026403918862342834 0.5580654144287109 
vn -0.9227074980735779 -0.015099113807082176 0.3852050006389618 
vn -0.9223369359970093 0.03019418567419052 0.3852050006389618 
vn -0.9801865816116333 -0.015096031129360199 0.1975002884864807 
vn -0.9798378944396973 0.030188482254743576 0.1975002884864807 
vn -0.9998835325241089 -0.015103200450539589 0.002184694167226553 
vn -0.9997409582138062 0.022653724998235703 0.002184694167226553 
vn -0.9810400605201721 -0.015109176747500896 -0.19321508705615997 
vn -0.9808946847915649 0.02266264520585537 -0.19321508705615997 
vn -0.9243124723434448 -0.018883077427744865 -0.3811691105365753 
vn -0.9243124723434448 0.018883077427744865 -0.3811691105365753 
vn -0.8320901989936829 -0.015111999586224556 -0.5544344186782837 
vn -0.8319187164306641 0.022666441276669502 -0.5544344186782837 
vn -0.7077881693840027 -0.011326512321829796 -0.7063339352607727 
vn -0.7076270580291748 0.0188760869204998 -0.7063339352607727 
vn -0.5560454726219177 -0.01512813288718462 -0.8310141563415527 
vn -0.5560454726219177 0.01512813288718462 -0.8310141563415527 
vn -0.3828888237476349 -0.015138455666601658 -0.9236704111099243 
vn -0.3828888237476349 0.015138455666601658 -0.9236704111099243 
vn -0.1947706937789917 -0.015138776041567326 -0.9807319641113281 
vn -0.1947706937789917 0.015138776041567326 -0.9807319641113281 
vn -0.0040505328215658665 -0.012466258369386196 -0.9999141097068787 
vn -0.0038889264687895775 0.01703849993646145 -0.9998472929000854 
vn 0.1947706937789917 -0.015138776041567326 -0.9807319641113281 
vn 0.1947706937789917 0.015138776041567326 -0.9807319641113281 
vn 0.3828888237476349 -0.015138455666601658 -0.9236704111099243 
vn 0.3828888237476349 0.015138455666601658 -0.9236704111099243 
vn 0.5560454726219177 -0.01512813288718462 -0.8310141563415527 
vn 0.5560454726219177 0.01512813288718462 -0.8310141563415527 
vn 0.7077176570892334 -0.015101514756679535 -0.7063339352607727 
vn 0.7075163125991821 0.02265012450516224 -0.7063339352607727 
vn 0.8296593427658081 -0.015111535787582397 -0.5580654144287109 
vn 0.8294873237609863 0.022665737196803093 -0.5580654144287109 
vn 0.9227074980735779 -0.015099113807082176 -0.3852050006389618 
vn 0.9225530624389648 0.02264740690588951 -0.3852050006389618 
vn 0.9801865816116333 -0.015096031129360199 -0.1975002884864807 
vn 0.9800412654876709 0.02264292910695076 -0.1975002884864807 
vn 0.9998835325241089 -0.015103200450539589 -0.002184694167226553 
vn 0.9997409582138062 0.022653724998235703 -0.002184694167226553 
vn 0.981040358543396 -0.015090684406459332 0.19321508705615997 
vn 0.9806922078132629 0.030177798122167587 0.19321508705615997 
vn 0.924228310585022 -0.022629577666521072 0.3811691105365753 
vn 0.9240128993988037 0.03017042577266693 0.3811691105365753 
vn 0.8319196105003357 -0.022633742541074753 0.5544344186782837 
vn 0.831680178642273 0.030175428837537766 0.5544344186782837 
vn 0.7075175046920776 -0.022611746564507484 0.7063339352607727 
vn 0.7072365880012512 0.030145006254315376 0.7063339352607727 
vn 0.5557923316955566 -0.022590959444642067 0.8310141563415527 
vn 0.5554354190826416 0.030114835128188133 0.8310141563415527 
vn 0.38252338767051697 -0.022558584809303284 0.9236704111099243 
vn 0.3820067346096039 0.03006458282470703 0.9236704111099243 
vn 0.19406919181346893 -0.022404342889785767 0.9807319641113281 
vn 0.19738490879535675 0.029931848868727684 0.97986900806427 
vn 6.767443423954644e-15 -0.021845221519470215 0.9997613430023193 
vn 0.0036530625075101852 0.03475656732916832 0.999389111995697 
vn -0.014630165882408619 0.059356916695833206 0.9981296062469482 
vn -0.20852220058441162 0.05910087749361992 0.976230263710022 
vn -0.3952808976173401 0.05631387606263161 0.916832447052002 
vn -0.5642841458320618 0.05640505999326706 0.8236515522003174 
vn -0.7145447134971619 0.06020361930131912 0.6969945430755615 
vn -0.8375164866447449 0.05654783546924591 0.5434780716896057 
vn -0.9279220104217529 0.05278569459915161 0.3690181374549866 
vn -0.9813870787620544 0.052818216383457184 0.18463370203971863 
vn -0.9985435009002686 0.05283556878566742 -0.010923261754214764 
vn -0.977490246295929 0.04530329629778862 -0.2060592919588089 
vn -0.9181196689605713 0.0490618534386158 -0.3932546079158783 
vn -0.8236432075500488 0.0453089140355587 -0.5652954578399658 
vn -0.6973241567611694 0.04152538999915123 -0.715552031993866 
vn -0.5437247157096863 0.041559185832738876 -0.838234007358551 
vn -0.37320172786712646 0.03770597651600838 -0.926983654499054 
vn -0.18215741217136383 0.04129887744784355 -0.9824016690254211 
vn 0.014939445070922375 0.041045788675546646 -0.9990455508232117 
vn 0.2090923935174942 0.037724416702985764 -0.9771679639816284 
vn 0.39345067739486694 0.03780047222971916 -0.9185682535171509 
vn 0.5652806162834167 0.04534225910902023 -0.8236515522003174 
vn 0.7156423926353455 0.045327384024858475 -0.6969945430755615 
vn 0.8381993174552917 0.045315373688936234 -0.5434780716896057 
vn 0.9283170700073242 0.04530983418226242 -0.3690181374549866 
vn 0.9817638397216797 0.04527854546904564 -0.18463370203971863 
vn 0.9985435009002686 0.05283556878566742 0.010923261754214764 
vn 0.9771149158477783 0.05278224125504494 0.2060592919588089 
vn 0.9179144501686096 0.05276293680071831 0.3932546079158783 
vn 0.8231986165046692 0.052773963660001755 0.5652954578399658 
vn 0.695955753326416 0.06025737524032593 0.715552031993866 
vn 0.5456652045249939 0.0601283423602581 0.8358433246612549 
vn 0.3702751398086548 0.059979964047670364 0.926983654499054 
vn 0.18171942234039307 0.05904421582818031 0.9815762042999268 
vn -0.014630165882408619 0.059356916695833206 0.9981296062469482 
vn -0.01108568999916315 0.08656974881887436 0.9961841106414795 
vn -0.20138084888458252 0.09102988243103027 0.9752739667892456 
vn -0.38990944623947144 0.0859585553407669 0.916832447052002 
vn -0.5604920983314514 0.08629444986581802 0.8236515522003174 
vn -0.7122923731803894 0.08269314467906952 0.6969945430755615 
vn -0.8349424600601196 0.08661793917417526 0.5434780716896057 
vn -0.92442387342453 0.07908918708562851 0.37307560443878174 
vn -0.9799095392227173 0.07541675865650177 0.18463370203971863 
vn -0.9970902800559998 0.07544279098510742 -0.010923261754214764 
vn -0.9756258130073547 0.07545751333236694 -0.2060592919588089 
vn -0.9186301827430725 0.06793980300426483 -0.3892335295677185 
vn -0.8245575428009033 0.06792575120925903 -0.5616858005523682 
vn -0.6987371444702148 0.06418910622596741 -0.7124928832054138 
vn -0.544752299785614 0.0679033026099205 -0.8358433246612549 
vn -0.3737120032310486 0.06397566944360733 -0.9253358840942383 
vn -0.18602938950061798 0.059647925198078156 -0.9807319641113281 
vn 0.01145524624735117 0.06005050241947174 -0.9981296062469482 
vn 0.203861802816391 0.059859223663806915 -0.9771679639816284 
vn 0.3906300365924835 0.060336511582136154 -0.9185682535171509 
vn 0.5630139112472534 0.06792260706424713 -0.8236515522003174 
vn 0.7138512134552002 0.06793440133333206 -0.6969945430755615 
vn 0.8342794179916382 0.06793315708637238 -0.5471406579017639 
vn 0.9253129959106445 0.06790026277303696 -0.37307560443878174 
vn 0.9799095392227173 0.07541675865650177 -0.18463370203971863 
vn 0.9970902800559998 0.07544279098510742 0.010923261754214764 
vn 0.9756329655647278 0.0753651112318039 0.2060592919588089 
vn 0.9174018502235413 0.08289235830307007 0.3892335295677185 
vn 0.8231915235519409 0.08285416662693024 0.5616858005523682 
vn 0.6967878937721252 0.08270743489265442 0.7124928832054138 
vn 0.5464159250259399 0.08254030346870422 0.8334367275238037 
vn 0.3726004660129547 0.08945345878601074 0.9236704111099243 
vn 0.18441741168498993 0.08702867478132248 0.9789873361587524 
vn -0.01108568999916315 0.08656974881887436 0.9961841106414795 
vn -0.011151295155286789 0.13457611203193665 0.990840494632721 
vn -0.20361056923866272 0.13125771284103394 0.9702134728431702 
vn -0.3878651559352875 0.13671757280826569 0.9115201234817505 
vn -0.5592080354690552 0.13067102432250977 0.8186644315719604 
vn -0.7087340354919434 0.12752138078212738 0.6938546895980835 
vn -0.8302076458930969 0.12404357641935349 0.5434780716896057 
vn -0.9215934872627258 0.12037883698940277 0.3690181374549866 
vn -0.9753945469856262 0.1204817146062851 0.18463370203971863 
vn -0.9935315847396851 0.11302972584962845 -0.010923261754214764 
vn -0.971987783908844 0.11304576694965363 -0.2060592919588089 
vn -0.9150720834732056 0.10554785281419754 -0.3892335295677185 
vn -0.8205974698066711 0.10549337416887283 -0.5616858005523682 
vn -0.6979501843452454 0.09792092442512512 -0.7094202041625977 
vn -0.5432056188583374 0.10154272615909576 -0.8334367275238037 
vn -0.37061652541160583 0.09734684228897095 -0.9236704111099243 
vn -0.18366868793964386 0.09803898632526398 -0.9780870079994202 
vn 0.013315648771822453 0.09505048394203186 -0.9953833818435669 
vn 0.2041091024875641 0.09529362618923187 -0.9742990136146545 
vn 0.39134612679481506 0.09735701233148575 -0.9150791168212891 
vn 0.5622371435165405 0.09785731881856918 -0.8211658596992493 
vn 0.7092804908752441 0.10545063763856888 -0.6969945430755615 
vn 0.8327662944793701 0.1055075004696846 -0.5434780716896057 
vn 0.9234108328819275 0.10553675144910812 -0.3690181374549866 
vn 0.9762912392616272 0.11298608034849167 -0.18463370203971863 
vn 0.9935315847396851 0.11302972584962845 0.010923261754214764 
vn 0.9719887375831604 0.12050747126340866 0.2017817199230194 
vn 0.9122212529182434 0.12786567211151123 0.3892335295677185 
vn 0.819902777671814 0.12775903940200806 0.5580654144287109 
vn 0.6931496262550354 0.12754060328006744 0.7094202041625977 
vn 0.5398091077804565 0.13424450159072876 0.8310141563415527 
vn 0.37227562069892883 0.13282766938209534 0.9185682535171509 
vn 0.18655924499034882 0.13368646800518036 0.9733054637908936 
vn -0.011151295155286789 0.13457611203193665 0.990840494632721 
vn -0.999997615814209 -2.0682260971124217e-13 0.002184694167226553 
vn -0.999997615814209 -2.0682260971124217e-13 0.002184694167226553 
vn -0.999997615814209 -2.0682260971124217e-13 0.002184694167226553 
vn -0.999997615814209 -2.0682260971124217e-13 0.002184694167226553 
vn -0.999997615814209 -2.0682260971124217e-13 0.002184694167226553 
vn -0.999997615814209 -2.0682260971124217e-13 0.002184694167226553 
vn -0.999997615814209 -2.0682260971124217e-13 0.002184694167226553 
vn -0.999997615814209 -2.0682260971124217e-13 0.002184694167226553 
vn 3.097898456858039e-13 -0.999997615814209 0.002184694167226553 
vn 3.097898456858039e-13 -0.999997615814209 0.002184694167226553 
vn 3.097898456858039e-13 -0.999997615814209 0.002184694167226553 
vn 3.097898456858039e-13 -0.999997615814209 0.002184694167226553 
vn 3.097898456858039e-13 -0.999997615814209 0.002184694167226553 
vn 3.097898456858039e-13 -0.999997615814209 0.002184694167226553 
vn 3.097898456858039e-13 -0.999997615814209 0.002184694167226553 
vn 3.097898456858039e-13 -0.999997615814209 0.002184694167226553 
vn 0.7124248743057251 -0.7017449736595154 0.002184694167226553 
vn 0.7124248743057251 -0.7017449736595154 0.002184694167226553 
vn 0.7124248743057251 -0.7017449736595154 0.002184694167226553 
vn 0.7124248743057251 -0.7017449736595154 0.002184694167226553 
vn -1.0341130485562108e-13 0.999997615814209 0.002184694167226553 
vn -1.0341130485562108e-13 0.999997615814209 0.002184694167226553 
vn -1.0341130485562108e-13 0.999997615814209 0.002184694167226553 
vn -1.0341130485562108e-13 0.999997615814209 0.002184694167226553 
vn -1.0341130485562108e-13 0.999997615814209 0.002184694167226553 
vn -1.0341130485562108e-13 0.999997615814209 0.002184694167226553 
vn 0 0 1 
vn 0 0 1 
vn 0 0 1 
vn 0 0 1 
vn 0 0 1 
vn 0 0 1 
vn 0 0 1 
vn 0 0 1 
vn 0 0 1 
vn 0.9323253631591797 0.14288857579231262 -0.33219319581985474 
vn 0.8892004489898682 0.03021167777478695 -0.456519216299057 
vn 0.8892004489898682 0.03021167777478695 -0.456519216299057 
vn 0.8753366470336914 0 -0.4835140109062195 
vn 3.097898456858039e-13 -0.999997615814209 0.002184694167226553 
vn 3.097898456858039e-13 -0.999997615814209 0.002184694167226553 
vn 0.999997615814209 0 0.002184694167226553 
vn 0.999997615814209 0 0.002184694167226553 
vn 0.999997615814209 0 0.002184694167226553 
vn 0.999997615814209 0 0.002184694167226553 
vn 0.999997615814209 0 0.002184694167226553 
vn 0.999997615814209 0 0.002184694167226553 
vn 0.999997615814209 0 0.002184694167226553 
vn 0.999997615814209 0 0.002184694167226553 
vn -0.9986006617546082 0.05283859372138977 0.002184694167226553 
vn -0.9986006617546082 0.05283859372138977 0.002184694167226553 
vn -0.9986006617546082 0.05283859372138977 0.002184694167226553 
vn -0.9986006617546082 0.05283859372138977 0.002184694167226553 
vn 6.767443423954644e-15 -0.021845221519470215 0.9997613430023193 
vn 0.007368810009211302 -0.060687609016895294 0.9981296062469482 
vn 0.19406919181346893 -0.022404342889785767 0.9807319641113281 
vn 0.20405283570289612 -0.05920472741127014 0.9771679639816284 
vn 0.38252338767051697 -0.022558584809303284 0.9236704111099243 
vn 0.39068591594696045 -0.05997367948293686 0.9185682535171509 
vn 0.5557923316955566 -0.022590959444642067 0.8310141563415527 
vn 0.5638970732688904 -0.06015167385339737 0.8236515522003174 
vn 0.7075175046920776 -0.022611746564507484 0.7063339352607727 
vn 0.7145447134971619 -0.06020361930131912 0.6969945430755615 
vn 0.8319196105003357 -0.022633742541074753 0.5544344186782837 
vn 0.8348649740219116 -0.06031247228384018 0.5471406579017639 
vn 0.924228310585022 -0.022629577666521072 0.3811691105365753 
vn 0.9258400797843933 -0.060289137065410614 0.37307560443878174 
vn 0.981040358543396 -0.015090684406459332 0.19321508705615997 
vn 0.9809524416923523 -0.060354772955179214 0.18463370203971863 
vn 0.9998835325241089 -0.015103200450539589 -0.002184694167226553 
vn 0.9981160163879395 -0.060374896973371506 -0.010923261754214764 
vn 0.9801865816116333 -0.015096031129360199 -0.1975002884864807 
vn 0.9771114587783813 -0.05284702405333519 -0.2060592919588089 
vn 0.9227074980735779 -0.015099113807082176 -0.3852050006389618 
vn 0.9179104566574097 -0.05283183231949806 -0.3932546079158783 
vn 0.8296593427658081 -0.015111535787582397 -0.5580654144287109 
vn 0.8231936693191528 -0.052850790321826935 -0.5652954578399658 
vn 0.7077176570892334 -0.015101514756679535 -0.7063339352607727 
vn 0.6996834874153137 -0.052885424345731735 -0.7124928832054138 
vn 0.5560454726219177 -0.01512813288718462 -0.8310141563415527 
vn 0.5464164614677429 -0.05286722630262375 -0.8358433246612549 
vn 0.3828888237476349 -0.015138455666601658 -0.9236704111099243 
vn 0.3713808059692383 -0.05270271375775337 -0.926983654499054 
vn 0.1947706937789917 -0.015138776041567326 -0.9807319641113281 
vn 0.18380744755268097 -0.052182283252477646 -0.9815762042999268 
vn -0.0040505328215658665 -0.012466258369386196 -0.9999141097068787 
vn -0.009519347921013832 -0.05153689533472061 -0.9986256957054138 
vn -0.1947706937789917 -0.015138776041567326 -0.9807319641113281 
vn -0.2058684229850769 -0.05254478007555008 -0.9771679639816284 
vn -0.3828888237476349 -0.015138455666601658 -0.9236704111099243 
vn -0.39171409606933594 -0.05284297093749046 -0.9185682535171509 
vn -0.5560454726219177 -0.01512813288718462 -0.8310141563415527 
vn -0.5649656057357788 -0.04911167174577713 -0.8236515522003174 
vn -0.7077881693840027 -0.011326512321829796 -0.7063339352607727 
vn -0.715124785900116 -0.05286921188235283 -0.6969945430755615 
vn -0.8320901989936829 -0.015111999586224556 -0.5544344186782837 
vn -0.8353699445724487 -0.05285987630486488 -0.5471406579017639 
vn -0.9243124723434448 -0.018883077427744865 -0.3811691105365753 
vn -0.9262956380844116 -0.05282998085021973 -0.37307560443878174 
vn -0.9810400605201721 -0.015109176747500896 -0.19321508705615997 
vn -0.9813870787620544 -0.052818216383457184 -0.18463370203971863 
vn -0.9998835325241089 -0.015103200450539589 0.002184694167226553 
vn -0.9981160163879395 -0.060374896973371506 0.010923261754214764 
vn -0.9801865816116333 -0.015096031129360199 0.1975002884864807 
vn -0.9769042134284973 -0.0565483421087265 0.2060592919588089 
vn -0.9227074980735779 -0.015099113807082176 0.3852050006389618 
vn -0.9174507260322571 -0.06029035523533821 0.3932546079158783 
vn -0.8295825719833374 -0.018861500546336174 0.5580654144287109 
vn -0.822948694229126 -0.05653781816363335 0.5652954578399658 
vn -0.7075175046920776 -0.022611746564507484 0.7063339352607727 
vn -0.6987572312355042 -0.06397026777267456 0.7124928832054138 
vn -0.5557923316955566 -0.022590959444642067 0.8310141563415527 
vn -0.5456652045249939 -0.0601283423602581 0.8358433246612549 
vn -0.38252338767051697 -0.022558584809303284 0.9236704111099243 
vn -0.36965447664260864 -0.0636933445930481 0.926983654499054 
vn -0.19406919181346893 -0.022404342889785767 0.9807319641113281 
vn -0.18385937809944153 -0.06603435426950455 0.9807319641113281 
vn 6.767443423954644e-15 -0.021845221519470215 0.9997613430023193 
vn 0.007368810009211302 -0.060687609016895294 0.9981296062469482 
vn 0.011185226030647755 -0.1302272230386734 0.991421103477478 
vn 0.2102641761302948 -0.12862960994243622 0.9691457152366638 
vn 0.3933737874031067 -0.1329534500837326 0.9097144603729248 
vn 0.563713014125824 -0.12700818479061127 0.8161473870277405 
vn 0.7118242383003235 -0.1274266242980957 0.6907016038894653 
vn 0.8320366144180298 -0.12777110934257507 0.5398051738739014 
vn 0.9221969842910767 -0.1279124766588211 0.3649536371231079 
vn 0.975251317024231 -0.12791858613491058 0.18033768236637115 
vn 0.9916543364524841 -0.12801504135131836 -0.0152922747656703 
vn 0.9701268076896667 -0.12803705036640167 -0.2060592919588089 
vn 0.9104818105697632 -0.12795987725257874 -0.3932546079158783 
vn 0.8173996210098267 -0.12793338298797607 -0.5616858005523682 
vn 0.6899353861808777 -0.12783992290496826 -0.7124928832054138 
vn 0.5377191305160522 -0.12744176387786865 -0.8334367275238037 
vn 0.3661102056503296 -0.12610624730587006 -0.9219872951507568 
vn 0.18012069165706635 -0.12805165350437164 -0.9752739667892456 
vn -0.015174120664596558 -0.12982289493083954 -0.991421103477478 
vn -0.20791451632976532 -0.132393941283226 -0.9691457152366638 
vn -0.3943230211734772 -0.13011117279529572 -0.9097144603729248 
vn -0.5635954737663269 -0.12752863764762878 -0.8161473870277405 
vn -0.7110709547996521 -0.13156495988368988 -0.6907016038894653 
vn -0.8320087790489197 -0.1279522180557251 -0.5398051738739014 
vn -0.9216708540916443 -0.1316497027873993 -0.3649536371231079 
vn -0.9752309322357178 -0.1280740648508072 -0.18033768236637115 
vn -0.9916543364524841 -0.12801504135131836 0.0152922747656703 
vn -0.9696472883224487 -0.13161954283714294 0.2060592919588089 
vn -0.9105051159858704 -0.12779390811920166 0.3932546079158783 
vn -0.8168374300003052 -0.131475031375885 0.5616858005523682 
vn -0.6893211603164673 -0.13111142814159393 0.7124928832054138 
vn -0.5369702577590942 -0.13056114315986633 0.8334367275238037 
vn -0.36499932408332825 -0.12928633391857147 0.9219872951507568 
vn -0.17879217863082886 -0.12990012764930725 0.9752739667892456 
vn 0.011185226030647755 -0.1302272230386734 0.991421103477478 
vn -0.8753366470336914 -1.806511076797232e-13 -0.4835140109062195 
vn -0.8892004489898682 0.03021167777478695 -0.456519216299057 
vn -0.8892004489898682 0.03021167777478695 -0.456519216299057 
vn -0.9317460060119629 0.14661861956119537 -0.33219319581985474 
vn -1.0341130485562108e-13 0.999997615814209 0.002184694167226553 
vn -1.0341130485562108e-13 0.999997615814209 0.002184694167226553 
vn -1.0341130485562108e-13 0.999997615814209 0.002184694167226553 
vn -1.0341130485562108e-13 0.999997615814209 0.002184694167226553 
vn -0.999997615814209 -2.0682260971124217e-13 0.002184694167226553 
vn -0.999997615814209 -2.0682260971124217e-13 0.002184694167226553 
vn -0.999997615814209 -2.0682260971124217e-13 0.002184694167226553 
vn -0.999997615814209 -2.0682260971124217e-13 0.002184694167226553 
vn 3.097898456858039e-13 -0.999997615814209 0.002184694167226553 
vn 3.097898456858039e-13 -0.999997615814209 0.002184694167226553 
vn 3.097898456858039e-13 -0.999997615814209 0.002184694167226553 
vn 3.097898456858039e-13 -0.999997615814209 0.002184694167226553 
vn 3.097898456858039e-13 -0.999997615814209 0.002184694167226553 
vn 3.097898456858039e-13 -0.999997615814209 0.002184694167226553 
vn 3.097898456858039e-13 -0.999997615814209 0.002184694167226553 
vn -0.7124248743057251 -0.7017449736595154 0.002184694167226553 
vn -0.7124248743057251 -0.7017449736595154 0.002184694167226553 
vn -0.7124248743057251 -0.7017449736595154 0.002184694167226553 
vn -0.7124248743057251 -0.7017449736595154 0.002184694167226553 
vn 3.097898456858039e-13 -0.999997615814209 0.002184694167226553 
vn 3.097898456858039e-13 -0.999997615814209 0.002184694167226553 
vn 3.097898456858039e-13 -0.999997615814209 0.002184694167226553 
vn 3.097898456858039e-13 -0.999997615814209 0.002184694167226553 
vn 3.097898456858039e-13 -0.999997615814209 0.002184694167226553 
vn 4.8667900899622765e-14 -0.15665024518966675 0.9876541495323181 
vn 0.003627474419772625 -0.03914668411016464 0.9992268681526184 
vn 4.8667900899622765e-14 -0.15665024518966675 0.9876541495323181 
vn 0 0 1 
vn 0.0036530625075101852 0.03475656732916832 0.999389111995697 
vn 0.003607067046687007 0.04353082552552223 0.9990455508232117 
vn 0.0018290365114808083 0.05237675458192825 0.9986256957054138 
vn 0.0018290365114808083 0.05237675458192825 0.9986256957054138 
vn 0.011185226030647755 -0.1302272230386734 0.991421103477478 
vn 0.013133116997778416 -0.27569806575775146 0.961154580116272 
vn 0.2102641761302948 -0.12862960994243622 0.9691457152366638 
vn 0.20069333910942078 -0.27751073241233826 0.9395264387130737 
vn 0.3933737874031067 -0.1329534500837326 0.9097144603729248 
vn 0.38117969036102295 -0.2750806212425232 0.882628321647644 
vn 0.563713014125824 -0.12700818479061127 0.8161473870277405 
vn 0.5472425818443298 -0.2760849893093109 0.790128231048584 
vn 0.7118242383003235 -0.1274266242980957 0.6907016038894653 
vn 0.6922366619110107 -0.2724542021751404 0.6682642698287964 
vn 0.8320366144180298 -0.12777110934257507 0.5398051738739014 
vn 0.8081681728363037 -0.27408725023269653 0.5212872624397278 
vn 0.9221969842910767 -0.1279124766588211 0.3649536371231079 
vn 0.8943692445755005 -0.2751241624355316 0.3527185618877411 
vn 0.975251317024231 -0.12791858613491058 0.18033768236637115 
vn 0.9458158612251282 -0.27557095885276794 0.17173540592193604 
vn 0.9916543364524841 -0.12801504135131836 -0.0152922747656703 
vn 0.9611030220985413 -0.27576643228530884 -0.0152922747656703 
vn 0.9701268076896667 -0.12803705036640167 -0.2060592919588089 
vn 0.939853310585022 -0.2756081223487854 -0.2017817199230194 
vn 0.9104818105697632 -0.12795987725257874 -0.3932546079158783 
vn 0.8825796842575073 -0.275251179933548 -0.3811691105365753 
vn 0.8173996210098267 -0.12793338298797607 -0.5616858005523682 
vn 0.790779173374176 -0.27441826462745667 -0.5471406579017639 
vn 0.6899353861808777 -0.12783992290496826 -0.7124928832054138 
vn 0.6697099208831787 -0.2728000283241272 -0.6907016038894653 
vn 0.5377191305160522 -0.12744176387786865 -0.8334367275238037 
vn 0.5197258591651917 -0.2760576903820038 -0.8085030317306519 
vn 0.3661102056503296 -0.12610624730587006 -0.9219872951507568 
vn 0.35281145572662354 -0.27409952878952026 -0.8946471214294434 
vn 0.18012069165706635 -0.12805165350437164 -0.9752739667892456 
vn 0.17057834565639496 -0.2778160870075226 -0.9453682899475098 
vn -0.015174120664596558 -0.12982289493083954 -0.991421103477478 
vn -0.013247729279100895 -0.27569258213043213 -0.961154580116272 
vn -0.20791451632976532 -0.132393941283226 -0.9691457152366638 
vn -0.20282654464244843 -0.275955468416214 -0.9395264387130737 
vn -0.3943230211734772 -0.13011117279529572 -0.9097144603729248 
vn -0.38294219970703125 -0.27262166142463684 -0.882628321647644 
vn -0.5635954737663269 -0.12752863764762878 -0.8161473870277405 
vn -0.5469894409179688 -0.27658623456954956 -0.790128231048584 
vn -0.7110709547996521 -0.13156495988368988 -0.6907016038894653 
vn -0.6906777024269104 -0.2763823866844177 -0.6682642698287964 
vn -0.8320087790489197 -0.1279522180557251 -0.5398051738739014 
vn -0.8080418705940247 -0.2744593918323517 -0.5212872624397278 
vn -0.9216708540916443 -0.1316497027873993 -0.3649536371231079 
vn -0.8942636251449585 -0.2754672169685364 -0.3527185618877411 
vn -0.9752309322357178 -0.1280740648508072 -0.18033768236637115 
vn -0.9458158612251282 -0.27557095885276794 -0.17173540592193604 
vn -0.9916543364524841 -0.12801504135131836 0.0152922747656703 
vn -0.9611030220985413 -0.27576643228530884 0.0152922747656703 
vn -0.9696472883224487 -0.13161954283714294 0.2060592919588089 
vn -0.9409087300300598 -0.27198323607444763 0.2017817199230194 
vn -0.9105051159858704 -0.12779390811920166 0.3932546079158783 
vn -0.8826876878738403 -0.27490463852882385 0.3811691105365753 
vn -0.8168374300003052 -0.131475031375885 0.5616858005523682 
vn -0.7896673679351807 -0.27760136127471924 0.5471406579017639 
vn -0.6893211603164673 -0.13111142814159393 0.7124928832054138 
vn -0.6686335206031799 -0.27542784810066223 0.6907016038894653 
vn -0.5369702577590942 -0.13056114315986633 0.8334367275238037 
vn -0.5220229625701904 -0.27168896794319153 0.8085030317306519 
vn -0.36499932408332825 -0.12928633391857147 0.9219872951507568 
vn -0.35146939754486084 -0.2758183181285858 0.8946471214294434 
vn -0.17879217863082886 -0.12990012764930725 0.9752739667892456 
vn -0.17582060396671295 -0.274528443813324 0.9453682899475098 
vn 0.011185226030647755 -0.1302272230386734 0.991421103477478 
vn 0.013133116997778416 -0.27569806575775146 0.961154580116272 
vn 0.03191894292831421 -0.4259287118911743 0.9041935205459595 
vn 0.20925883948802948 -0.4252226948738098 0.8805659413337708 
vn 0.37420740723609924 -0.426106721162796 0.8236515522003174 
vn 0.5260968804359436 -0.4250553250312805 0.736579954624176 
vn 0.6594449877738953 -0.4278739392757416 0.6181069612503052 
vn 0.7691308856010437 -0.4266239404678345 0.4758462607860565 
vn 0.8482029438018799 -0.42223092913627625 0.3198012113571167 
vn 0.8941206336021423 -0.4234091341495514 0.1458524912595749 
vn 0.9052320718765259 -0.4239675998687744 -0.028397228568792343 
vn 0.88210129737854 -0.4235999584197998 -0.2060592919588089 
vn 0.8263335824012756 -0.42188549041748047 -0.37307560443878174 
vn 0.7344462871551514 -0.4254865348339081 -0.528724730014801 
vn 0.6170200705528259 -0.4258981943130493 -0.661737859249115 
vn 0.47608399391174316 -0.4279896914958954 -0.7682244777679443 
vn 0.31885674595832825 -0.4240792691707611 -0.8476362228393555 
vn 0.1464289426803589 -0.426226943731308 -0.8926864862442017 
vn -0.0320984311401844 -0.4259152114391327 -0.9041935205459595 
vn -0.20805630087852478 -0.42581239342689514 -0.8805659413337708 
vn -0.3755095601081848 -0.42495962977409363 -0.8236515522003174 
vn -0.5250673890113831 -0.42632636427879333 -0.736579954624176 
vn -0.6631540060043335 -0.42210257053375244 -0.6181069612503052 
vn -0.7691308856010437 -0.4266239404678345 -0.4758462607860565 
vn -0.8479552865028381 -0.422728031873703 -0.3198012113571167 
vn -0.8922684192657471 -0.4272986650466919 -0.1458524912595749 
vn -0.9052320718765259 -0.4239675998687744 0.028397228568792343 
vn -0.8806962966918945 -0.42651331424713135 0.2060592919588089 
vn -0.8248717188835144 -0.42473670840263367 0.37307560443878174 
vn -0.7366430759429932 -0.4216718077659607 0.528724730014801 
vn -0.6195614337921143 -0.42219266295433044 0.661737859249115 
vn -0.4772559702396393 -0.42668241262435913 0.7682244777679443 
vn -0.31762105226516724 -0.42500555515289307 0.8476362228393555 
vn -0.14783364534378052 -0.4257417619228363 0.8926864862442017 
vn 0.03191894292831421 -0.4259287118911743 0.9041935205459595 
vn 0.9986006617546082 0.05283859372138977 0.002184694167226553 
vn 0.9986006617546082 0.05283859372138977 0.002184694167226553 
vn 0.9992848038673401 0.03775046393275261 0.002184694167226553 
vn 0.999997615814209 0 0.002184694167226553 
vn 0.999997615814209 0 0.002184694167226553 
vn 0.999997615814209 0 0.002184694167226553 
vn 0.999997615814209 0 0.002184694167226553 
vn 0.999997615814209 0 0.002184694167226553 
vn 0 0 1 
vn 0 0 1 
vn 0 0 1 
vn 0 0 1 
vn 0 0 1 
vn 0 0 1 
vn 0.9988842010498047 0.03773533180356026 -0.028397228568792343 
vn 0.9988842010498047 0.03773533180356026 -0.028397228568792343 
vn 0.9962579607963562 0.015102901495993137 0.08510008454322815 
vn 0.9984264373779297 0.0377180390059948 0.04149730131030083 
vn 0.824750542640686 0.015087739564478397 0.5652954578399658 
vn 0.7497352957725525 0 0.661737859249115 
vn 0.6831738352775574 -0.5699681639671326 0.456519216299057 
vn 0.6901136636734009 -0.5768852829933167 0.43697428703308105 
vn 0.6681503057479858 -0.5934807062149048 0.4487268626689911 
vn 0.6610618829727173 -0.5984359979629517 0.45262736082077026 
vn -2.0682311115474694e-13 0 -1 
vn -2.0682311115474694e-13 0 -1 
vn -2.0682311115474694e-13 0 -1 
vn -2.0682311115474694e-13 0 -1 
vn -2.0682311115474694e-13 0 -1 
vn -0.6738525629043579 0.6124953031539917 -0.41324591636657715 
vn -0.4320720434188843 0.7332647442817688 -0.5250110030174255 
vn -0.4320720434188843 0.7332647442817688 -0.5250110030174255 
vn -8.212206007449444e-14 0.7941284775733948 -0.607749879360199 
vn 0.855779230594635 -0.5173366069793701 0.002184694167226553 
vn 0.855779230594635 -0.5173366069793701 0.002184694167226553 
vn 0.9118976593017578 -0.4104118347167969 0.002184694167226553 
vn 0.9501164555549622 -0.3118877410888672 0.002184694167226553 
vn 0.999997615814209 0 0.002184694167226553 
vn 0.9992848038673401 0.03775046393275261 0.002184694167226553 
vn -0.0018985996721312404 0.10030896961688995 -0.994954526424408 
vn -0.0018985996721312404 0.10030896961688995 -0.994954526424408 
vn -9.02541387980127e-15 0.0872766524553299 -0.9961841106414795 
vn 0.001910788007080555 0.074186772108078 -0.9972425103187561 
vn 0.001920195179991424 0.03052062913775444 -0.9995322823524475 
vn 0.0040505328215658665 -0.012466258369386196 -0.9999141097068787 
vn -0.0019082654034718871 -0.09595967084169388 -0.9953833818435669 
vn 0.003797774901613593 -0.15228596329689026 -0.9883291721343994 
vn -0.0018928999779745936 -0.350668340921402 -0.9364978075027466 
vn 0.0018901526927947998 -0.45845797657966614 -0.888714075088501 
vn -0.0018883090233430266 -0.6094804406166077 -0.7927988767623901 
vn -0.0018883090233430266 -0.6094804406166077 -0.7927988767623901 
vn -0.9988842010498047 0.03773533180356026 -0.028397228568792343 
vn -0.9963080286979675 0.011327366344630718 0.08510008454322815 
vn -0.9988842010498047 0.03773533180356026 -0.028397228568792343 
vn -0.9984264373779297 0.0377180390059948 0.04149730131030083 
vn -0.9899342060089111 -2.0474126680072174e-13 0.1415284425020218 
vn -0.998501718044281 0.0037748501636087894 0.05459024757146835 
vn -0.7973209619522095 -0.47122740745544434 0.37712597846984863 
vn -0.6876879334449768 -0.579774796962738 0.43697428703308105 
vn -0.6681503057479858 -0.5934807062149048 0.4487268626689911 
vn -0.6635863184928894 -0.5956355333328247 0.45262736082077026 
vn -0.7973209619522095 -0.47122740745544434 0.37712597846984863 
vn -0.998501718044281 0.0037748501636087894 0.05459024757146835 
vn -0.999997615814209 -2.0682260971124217e-13 0.002184694167226553 
vn -0.999997615814209 -2.0682260971124217e-13 0.002184694167226553 
vn -0.999997615814209 -2.0682260971124217e-13 0.002184694167226553 
vn -0.9899342060089111 -2.0474126680072174e-13 0.1415284425020218 
vn -2.0682311115474694e-13 0 -1 
vn -2.0682311115474694e-13 0 -1 
vn -0.07670833170413971 0.050116050988435745 -0.9957932829856873 
vn -0.0019140710355713964 0.05237371474504471 -0.9986256957054138 
vn -0.08458653092384338 0.053950097411870956 -0.994954526424408 
vn -8.212206007449444e-14 0.7941284775733948 -0.607749879360199 
vn 0.4320720434188843 0.7332647442817688 -0.5250110030174255 
vn 0.4320720434188843 0.7332647442817688 -0.5250110030174255 
vn 0.6738525629043579 0.6124953031539917 -0.41324591636657715 
vn -2.0682311115474694e-13 0 -1 
vn -2.0682311115474694e-13 0 -1 
vn -2.0682311115474694e-13 0 -1 
vn -2.0682311115474694e-13 0 -1 
vn -2.0682311115474694e-13 0 -1 
vn -0.034948017448186874 -7.22805739957269e-15 0.999389111995697 
vn 0.16096417605876923 0 0.986960232257843 
vn -0.054446276277303696 -0.43158742785453796 0.9004265069961548 
vn 0.12631365656852722 -0.4326149523258209 0.8926864862442017 
vn 0.03191894292831421 -0.4259287118911743 0.9041935205459595 
vn 0.20925883948802948 -0.4252226948738098 0.8805659413337708 
vn 0.3506734371185303 0 0.9364978075027466 
vn 0.29766038060188293 -0.43021461367607117 0.8522403836250305 
vn 0.37420740723609924 -0.426106721162796 0.8236515522003174 
vn 0.5268691182136536 0 0.8499464392662048 
vn 0.4549500048160553 -0.4309515357017517 0.7792953848838806 
vn 0.5260968804359436 -0.4250553250312805 0.736579954624176 
vn 0.6827613711357117 0 0.7306414246559143 
vn 0.5993079543113708 -0.43076252937316895 0.67473965883255 
vn 0.6594449877738953 -0.4278739392757416 0.6181069612503052 
vn 0.812342643737793 0 0.5831804275512695 
vn 0.7175594568252563 -0.4309820532798767 0.5471406579017639 
vn 0.7691308856010437 -0.4266239404678345 0.4758462607860565 
vn 0.9106194972991943 0 0.41324591636657715 
vn 0.8103083968162537 -0.434455007314682 0.3932546079158783 
vn 0.8482029438018799 -0.42223092913627625 0.3198012113571167 
vn 0.9738045930862427 0 0.22738653421401978 
vn 0.8738301992416382 -0.42978623509407043 0.22738653421401978 
vn 0.8941206336021423 -0.4234091341495514 0.1458524912595749 
vn 0.9994630813598633 0 0.03276457265019417 
vn 0.9007920026779175 -0.43080586194992065 0.05459024757146835 
vn 0.9052320718765259 -0.4239675998687744 -0.028397228568792343 
vn 0.986606240272522 0 -0.16312000155448914 
vn 0.8939921855926514 -0.43052393198013306 -0.1242060661315918 
vn 0.88210129737854 -0.4235999584197998 -0.2060592919588089 
vn 0.935729444026947 0 -0.3527185618877411 
vn 0.8535267114639282 -0.4295962154865265 -0.2948545813560486 
vn 0.8263335824012756 -0.42188549041748047 -0.37307560443878174 
vn 0.8487933278083801 0 -0.528724730014801 
vn 0.7767325043678284 -0.4339087903499603 -0.456519216299057 
vn 0.7344462871551514 -0.4254865348339081 -0.528724730014801 
vn 0.7291480898857117 0 -0.6843559741973877 
vn 0.6772948503494263 -0.4295559227466583 -0.5972883701324463 
vn 0.6170200705528259 -0.4258981943130493 -0.661737859249115 
vn 0.5814042687416077 0 -0.8136147856712341 
vn 0.5433693528175354 -0.4340132474899292 -0.7185974717140198 
vn 0.47608399391174316 -0.4279896914958954 -0.7682244777679443 
vn 0.41125550866127014 0 -0.9115201234817505 
vn 0.3958854675292969 -0.43063393235206604 -0.8110666871070862 
vn 0.31885674595832825 -0.4240792691707611 -0.8476362228393555 
vn 0.22951345145702362 0 -0.9733054637908936 
vn 0.23031413555145264 -0.4316384792327881 -0.872148871421814 
vn 0.1464289426803589 -0.426226943731308 -0.8926864862442017 
vn 0.034948017448186874 0 -0.999389111995697 
vn 0.05646803602576256 -0.43132755160331726 -0.9004265069961548 
vn -0.0320984311401844 -0.4259152114391327 -0.9041935205459595 
vn -0.16091927886009216 0.0038017809856683016 -0.986960232257843 
vn -0.12119629979133606 -0.43407636880874634 -0.8926864862442017 
vn -0.20805630087852478 -0.42581239342689514 -0.8805659413337708 
vn -0.3506530225276947 0.0037857447750866413 -0.9364978075027466 
vn -0.2935852110385895 -0.43300580978393555 -0.8522403836250305 
vn -0.3755095601081848 -0.42495962977409363 -0.8236515522003174 
vn -0.5268691182136536 -1.0896871512761086e-13 -0.8499464392662048 
vn -0.45691660046577454 -0.42886587977409363 -0.7792953848838806 
vn -0.5250673890113831 -0.42632636427879333 -0.736579954624176 
vn -0.6827613711357117 -1.4121082775320204e-13 -0.7306414246559143 
vn -0.5988704562187195 -0.4313706159591675 -0.67473965883255 
vn -0.6631540060043335 -0.42210257053375244 -0.6181069612503052 
vn -0.812342643737793 -1.6765048008703098e-13 -0.5831804275512695 
vn -0.719936728477478 -0.43165111541748047 -0.5434780716896057 
vn -0.7691308856010437 -0.4266239404678345 -0.4758462607860565 
vn -0.9106194972991943 -1.883371524057445e-13 -0.41324591636657715 
vn -0.811808168888092 -0.43164604902267456 -0.3932546079158783 
vn -0.8479552865028381 -0.422728031873703 -0.3198012113571167 
vn -0.9738045930862427 -2.014052851362011e-13 -0.22738653421401978 
vn -0.8735874891281128 -0.43027928471565247 -0.22738653421401978 
vn -0.8922684192657471 -0.4272986650466919 -0.1458524912595749 
vn -0.9994630813598633 -2.0671206174723011e-13 -0.03276457265019417 
vn -0.8991568684577942 -0.4342082142829895 -0.05459024757146835 
vn -0.9052320718765259 -0.4239675998687744 0.028397228568792343 
vn -0.9865990281105042 0.003775282995775342 0.16312000155448914 
vn -0.8939921855926514 -0.43052393198013306 0.1242060661315918 
vn -0.8806962966918945 -0.42651331424713135 0.2060592919588089 
vn -0.9357218146324158 0.003773649223148823 0.3527185618877411 
vn -0.8537782430648804 -0.42909616231918335 0.2948545813560486 
vn -0.8248717188835144 -0.42473670840263367 0.37307560443878174 
vn -0.8487849831581116 0.003771646646782756 0.528724730014801 
vn -0.7788609862327576 -0.4300764501094818 0.456519216299057 
vn -0.7366430759429932 -0.4216718077659607 0.528724730014801 
vn -0.7291480898857117 -1.5080466172698315e-13 0.6843559741973877 
vn -0.6735931038856506 -0.4353376626968384 0.5972883701324463 
vn -0.6195614337921143 -0.42219266295433044 0.661737859249115 
vn -0.5813921093940735 0.0037660261150449514 0.8136147856712341 
vn -0.54437655210495 -0.4327492415904999 0.7185974717140198 
vn -0.4772559702396393 -0.42668241262435913 0.7682244777679443 
vn -0.41123825311660767 0.003766703186556697 0.9115201234817505 
vn -0.3973434865474701 -0.42928898334503174 0.8110666871070862 
vn -0.31762105226516724 -0.42500555515289307 0.8476362228393555 
vn -0.22951345145702362 -4.757061037403629e-14 0.9733054637908936 
vn -0.23145657777786255 -0.4310269355773926 0.872148871421814 
vn -0.14783364534378052 -0.4257417619228363 0.8926864862442017 
vn -0.054446276277303696 -0.43158742785453796 0.9004265069961548 
vn 0.03191894292831421 -0.4259287118911743 0.9041935205459595 
vn -1.0341130485562108e-13 0.999997615814209 0.002184694167226553 
vn -1.0341130485562108e-13 0.999997615814209 0.002184694167226553 
vn -1.0341130485562108e-13 0.999997615814209 0.002184694167226553 
vn -1.0341130485562108e-13 0.999997615814209 0.002184694167226553 
vn -0.034948017448186874 -7.22805739957269e-15 0.999389111995697 
vn 0.010799530893564224 0.03323753923177719 0.999389111995697 
vn 0.16096417605876923 0 0.986960232257843 
vn 0.20485080778598785 0.03717494010925293 0.9780870079994202 
vn 0.3506734371185303 0 0.9364978075027466 
vn 0.38944077491760254 0.03753035143017769 0.9202865362167358 
vn 0.5268691182136536 0 0.8499464392662048 
vn 0.5622336268424988 0.03763711079955101 0.8261215686798096 
vn 0.6827613711357117 0 0.7306414246559143 
vn 0.7130290865898132 0.037682872265577316 0.7001210451126099 
vn 0.812342643737793 0 0.5831804275512695 
vn 0.8361905813217163 0.03771521523594856 0.5471406579017639 
vn 0.9106194972991943 0 0.41324591636657715 
vn 0.9270347952842712 0.037696897983551025 0.37307560443878174 
vn 0.9738045930862427 0 0.22738653421401978 
vn 0.9820826649665833 0.0377362035214901 0.18463370203971863 
vn 0.9994630813598633 0 0.03276457265019417 
vn 0.9992275834083557 0.0377483032643795 -0.010923261754214764 
vn 0.986606240272522 0 -0.16312000155448914 
vn 0.978702962398529 0.037744905799627304 -0.2017817199230194 
vn 0.935729444026947 0 -0.3527185618877411 
vn 0.920364499092102 0.03776805102825165 -0.3892335295677185 
vn 0.8487933278083801 0 -0.528724730014801 
vn 0.8264882564544678 0.037765923887491226 -0.5616858005523682 
vn 0.7291480898857117 0 -0.6843559741973877 
vn 0.7006608247756958 0.037792861461639404 -0.7124928832054138 
vn 0.5814042687416077 0 -0.8136147856712341 
vn 0.5476657152175903 0.03779100626707077 -0.8358433246612549 
vn 0.41125550866127014 0 -0.9115201234817505 
vn 0.37320172786712646 0.03770597651600838 -0.926983654499054 
vn 0.22525852918624878 0 -0.9742990136146545 
vn 0.18735355138778687 0.03750751540064812 -0.9815762042999268 
vn 0.034948017448186874 0 -0.999389111995697 
vn -0.005653959698975086 0.03448762744665146 -0.999389111995697 
vn -0.16091927886009216 0.0038017809856683016 -0.986960232257843 
vn -0.20542220771312714 0.03387542814016342 -0.9780870079994202 
vn -0.3506530225276947 0.0037857447750866413 -0.9364978075027466 
vn -0.38976532220840454 0.03399459272623062 -0.9202865362167358 
vn -0.5268691182136536 -1.0896871512761086e-13 -0.8499464392662048 
vn -0.5622228384017944 0.037797711789608 -0.8261215686798096 
vn -0.6827613711357117 -1.4121082775320204e-13 -0.7306414246559143 
vn -0.7130257487297058 0.03774625435471535 -0.7001210451126099 
vn -0.812342643737793 -1.6765048008703098e-13 -0.5831804275512695 
vn -0.8361881375312805 0.037769366055727005 -0.5471406579017639 
vn -0.9106194972991943 -1.883371524057445e-13 -0.41324591636657715 
vn -0.9270328283309937 0.037745703011751175 -0.37307560443878174 
vn -0.9738045930862427 -2.014052851362011e-13 -0.22738653421401978 
vn -0.9820826649665833 0.0377362035214901 -0.18463370203971863 
vn -0.9994630813598633 -2.0671206174723011e-13 -0.03276457265019417 
vn -0.9992275834083557 0.0377483032643795 0.010923261754214764 
vn -0.9865990281105042 0.003775282995775342 0.16312000155448914 
vn -0.9788411855697632 0.033972013741731644 0.2017817199230194 
vn -0.9357218146324158 0.003773649223148823 0.3527185618877411 
vn -0.9205133318901062 0.033948756754398346 0.3892335295677185 
vn -0.8487849831581116 0.003771646646782756 0.528724730014801 
vn -0.8266540765762329 0.033942267298698425 0.5616858005523682 
vn -0.7291480898857117 -1.5080466172698315e-13 0.6843559741973877 
vn -0.7008599042892456 0.03390049934387207 0.7124928832054138 
vn -0.5813921093940735 0.0037660261150449514 0.8136147856712341 
vn -0.5476770401000977 0.0376262404024601 0.8358433246612549 
vn -0.41123825311660767 0.003766703186556697 0.9115201234817505 
vn -0.37357228994369507 0.033838123083114624 0.926983654499054 
vn -0.22522740066051483 0.0037441160529851913 0.9742990136146545 
vn -0.1873997300863266 0.037276122719049454 0.9815762042999268 
vn -0.034948017448186874 -7.22805739957269e-15 0.999389111995697 
vn 0.010799530893564224 0.03323753923177719 0.999389111995697 
vn 0.009257001802325249 0.09989895671606064 0.994954526424408 
vn 0.20584435760974884 0.10151120275259018 0.9733054637908936 
vn 0.39148658514022827 0.0967906191945076 0.9150791168212891 
vn 0.5623078346252441 0.09745020419359207 0.8211658596992493 
vn 0.7134523987770081 0.09773082286119461 0.6938546895980835 
vn 0.8336986899375916 0.0978674441576004 0.5434780716896057 
vn 0.9242515563964844 0.09790139645338058 0.3690181374549866 
vn 0.978717029094696 0.09793540835380554 0.18033768236637115 
vn 0.9951253533363342 0.09801129251718521 -0.010923261754214764 
vn 0.9736170768737793 0.0980275422334671 -0.2060592919588089 
vn 0.9141936302185059 0.09798391163349152 -0.3932546079158783 
vn 0.8215266466140747 0.09799494594335556 -0.5616858005523682 
vn 0.694803774356842 0.09798770397901535 -0.7124928832054138 
vn 0.5438878536224365 0.09782244265079498 -0.8334367275238037 
vn 0.37061652541160583 0.09734684228897095 -0.9236704111099243 
vn 0.1818581521511078 0.10135797411203384 -0.9780870079994202 
vn -0.009479403495788574 0.09987810254096985 -0.994954526424408 
vn -0.20725017786026 0.09860928356647491 -0.9733054637908936 
vn -0.3904159367084503 0.10102267563343048 -0.9150791168212891 
vn -0.5622371435165405 0.09785731881856918 -0.8211658596992493 
vn -0.7139337658882141 0.0941498875617981 -0.6938546895980835 
vn -0.8336822986602783 0.09800701588392258 -0.5434780716896057 
vn -0.9246289134025574 0.09427052736282349 -0.3690181374549866 
vn -0.9787050485610962 0.09805473685264587 -0.18033768236637115 
vn -0.9951253533363342 0.09801129251718521 0.010923261754214764 
vn -0.9739992618560791 0.09415388107299805 0.2060592919588089 
vn -0.9142072796821594 0.09785647690296173 0.3932546079158783 
vn -0.8219811916351318 0.09410643577575684 0.5616858005523682 
vn -0.6953650116920471 0.09392198175191879 0.7124928832054138 
vn -0.5432868003845215 0.10110718756914139 0.8334367275238037 
vn -0.3707723319530487 0.09675173461437225 0.9236704111099243 
vn -0.18421515822410583 0.09700826555490494 0.9780870079994202 
vn 0.009257001802325249 0.09989895671606064 0.994954526424408 
vn -0.017673155292868614 0.012840298935770988 0.9997613430023193 
vn 0.17756344377994537 0.014910419471561909 0.9839963912963867 
vn 0.3666793704032898 0.01501760259270668 0.9302261471748352 
vn 0.541433572769165 0.015056656673550606 0.8406086564064026 
vn 0.6952630877494812 0.015066036023199558 0.7185974717140198 
vn 0.819778323173523 0.015084628015756607 0.5724822878837585 
vn 0.9158337712287903 0.015084858983755112 0.401274174451828 
vn 0.976584792137146 0.015096068382263184 0.21460255980491638 
vn 0.9996926784515381 0.01510031707584858 0.01966099627315998 
vn 0.9842674732208252 0.015103345736861229 -0.1760382205247879 
vn 0.9309033155441284 0.015095614828169346 -0.3649536371231079 
vn 0.841654360294342 0.015110966749489307 -0.5398051738739014 
vn 0.7199565768241882 0.015106124803423882 -0.6938546895980835 
vn 0.5704891085624695 0.015127969905734062 -0.8211658596992493 
vn 0.39898616075515747 0.015109047293663025 -0.916832447052002 
vn 0.2119269073009491 0.015157311223447323 -0.9771679639816284 
vn 0.01673441007733345 0.014041837304830551 -0.9997613430023193 
vn -0.1775464564561844 0.015111430548131466 -0.9839963912963867 
vn -0.3668115735054016 0.011338421143591404 -0.9302261471748352 
vn -0.541431725025177 0.015123558230698109 -0.8406086564064026 
vn -0.6952619552612305 0.015118159353733063 -0.7185974717140198 
vn -0.8197779059410095 0.015106743201613426 -0.5724822878837585 
vn -0.9158334136009216 0.015104653313755989 -0.401274174451828 
vn -0.9766358137130737 0.011322248727083206 -0.21460255980491638 
vn -0.9996926784515381 0.01510031707584858 -0.01966099627315998 
vn -0.9843181371688843 0.011327704414725304 0.1760382205247879 
vn -0.9309568405151367 0.011321928352117538 0.3649536371231079 
vn -0.8417139053344727 0.011317324824631214 0.5398051738739014 
vn -0.7199571132659912 0.015080951154232025 0.6938546895980835 
vn -0.5704907774925232 0.015064421109855175 0.8211658596992493 
vn -0.3991122245788574 0.011298945173621178 0.916832447052002 
vn -0.2119390070438385 0.014987288974225521 0.9771679639816284 
vn -0.017673155292868614 0.012840298935770988 0.9997613430023193 
vn 0.023890703916549683 -0.03656744584441185 0.9990455508232117 
vn 0.2178204208612442 -0.03734906017780304 0.9752739667892456 
vn 0.40553146600723267 -0.037578023970127106 0.913308322429657 
vn 0.5766167640686035 -0.03763619437813759 0.8161473870277405 
vn 0.722158670425415 -0.037658099085092545 0.6907016038894653 
vn 0.8432978391647339 -0.03771071508526802 0.5361219048500061 
vn 0.9318492412567139 -0.037697385996580124 0.36088213324546814 
vn 0.9844201803207397 -0.03773367404937744 0.17173540592193604 
vn 0.9989986419677734 -0.03773965314030647 -0.024029340595006943 
vn 0.9750242233276367 -0.037742096930742264 -0.21886809170246124 
vn 0.9134170413017273 -0.03772950544953346 -0.405272513628006 
vn 0.8165356516838074 -0.0377507209777832 -0.5760593414306641 
vn 0.6880846619606018 -0.037763532251119614 -0.7246471047401428 
vn 0.5366367101669312 -0.03777797147631645 -0.8429672718048096 
vn 0.3609568774700165 -0.03768502175807953 -0.931820809841156 
vn 0.1697654128074646 -0.03763608634471893 -0.9847655892372131 
vn -0.021840007975697517 -0.037828002125024796 -0.9990455508232117 
vn -0.2170705497264862 -0.04148567095398903 -0.9752739667892456 
vn -0.4055108428001404 -0.037799738347530365 -0.913308322429657 
vn -0.5766065716743469 -0.037792790681123734 -0.8161473870277405 
vn -0.7219447493553162 -0.04155765473842621 -0.6907016038894653 
vn -0.8432953953742981 -0.03776439651846886 -0.5361219048500061 
vn -0.9318472743034363 -0.037745941430330276 -0.36088213324546814 
vn -0.9844201803207397 -0.03773367404937744 -0.17173540592193604 
vn -0.9989986419677734 -0.03773965314030647 0.024029340595006943 
vn -0.9750242233276367 -0.037742096930742264 0.21886809170246124 
vn -0.9132534861564636 -0.04149998351931572 0.405272513628006 
vn -0.8163556456565857 -0.041461773216724396 0.5760593414306641 
vn -0.6880882382392883 -0.03769780695438385 0.7246471047401428 
vn -0.5363722443580627 -0.041363876312971115 0.8429672718048096 
vn -0.36056095361709595 -0.04130164906382561 0.931820809841156 
vn -0.16987712681293488 -0.03712856024503708 0.9847655892372131 
vn 0.023890703916549683 -0.03656744584441185 0.9990455508232117 
vn 0.01694558933377266 -0.39891237020492554 0.916832447052002 
vn 0.19937726855278015 -0.3954412341117859 0.8965907096862793 
vn 0.3694607615470886 -0.3960754871368408 0.8406086564064026 
vn 0.5250272154808044 -0.40009522438049316 0.7511792182922363 
vn 0.6638408303260803 -0.39487072825431824 0.6351318359375 
vn 0.7718058824539185 -0.39917904138565063 0.4949462115764618 
vn 0.8564721941947937 -0.39509886503219604 0.33219319581985474 
vn 0.9043909311294556 -0.3960520327091217 0.15880759060382843 
vn 0.9178169369697571 -0.39651668071746826 -0.01966099627315998 
vn 0.8967750072479248 -0.3959648907184601 -0.1975002884864807 
vn 0.8413198590278625 -0.3949766457080841 -0.3690181374549866 
vn 0.7517089247703552 -0.39912042021751404 -0.5250110030174255 
vn 0.633668839931488 -0.4007079005241394 -0.661737859249115 
vn 0.49271294474601746 -0.39810025691986084 -0.7737894654273987 
vn 0.3338777720928192 -0.3979000449180603 -0.8545181155204773 
vn 0.16039243340492249 -0.3958640396595001 -0.9041935205459595 
vn -0.02265680581331253 -0.3986288011074066 -0.916832447052002 
vn -0.19700147211551666 -0.3966301679611206 -0.8965907096862793 
vn -0.3680145740509033 -0.3974195718765259 -0.8406086564064026 
vn -0.5268367528915405 -0.397709459066391 -0.7511792182922363 
vn -0.6631798148155212 -0.3959798812866211 -0.6351318359375 
vn -0.7732716202735901 -0.3963322043418884 -0.4949462115764618 
vn -0.8548840880393982 -0.39852333068847656 -0.33219319581985474 
vn -0.9043909311294556 -0.3960520327091217 -0.15880759060382843 
vn -0.9178169369697571 -0.39651668071746826 0.01966099627315998 
vn -0.8967750072479248 -0.3959648907184601 0.1975002884864807 
vn -0.8415436744689941 -0.3944994807243347 0.3690181374549866 
vn -0.7537423372268677 -0.39526689052581787 0.5250110030174255 
vn -0.6360334157943726 -0.3969440162181854 0.661737859249115 
vn -0.4932249188423157 -0.3974657654762268 0.7737894654273987 
vn -0.33178821206092834 -0.3996441066265106 0.8545181155204773 
vn -0.15953832864761353 -0.3962090313434601 0.9041935205459595 
vn 0.01694558933377266 -0.39891237020492554 0.916832447052002 
vn 0.02449505589902401 -0.6918463110923767 0.7216291427612305 
vn 0.1645020842552185 -0.6916651725769043 0.7032341957092285 
vn 0.3025670051574707 -0.6922553181648254 0.6551609039306641 
vn 0.4211021959781647 -0.6916846036911011 0.5867242813110352 
vn 0.5286551117897034 -0.6923153400421143 0.4911448359489441 
vn 0.611103355884552 -0.6937310695648193 0.3811691105365753 
vn 0.6767509579658508 -0.6914350986480713 0.25283506512641907 
vn 0.7149306535720825 -0.6895845532417297 0.11553031951189041 
vn 0.7227352261543274 -0.6907072067260742 -0.024029340595006943 
vn 0.6997910141944885 -0.6944493651390076 -0.16742929816246033 
vn 0.6544354557991028 -0.6944761872291565 -0.2990269064903259 
vn 0.5879552960395813 -0.6905863285064697 -0.42118772864341736 
vn 0.49216195940971375 -0.6915394067764282 -0.528724730014801 
vn 0.37681931257247925 -0.6929592490196228 -0.6146662831306458 
vn 0.25003746151924133 -0.6912699341773987 -0.677958071231842 
vn 0.11853402107954025 -0.6915949583053589 -0.7124928832054138 
vn -0.022650761529803276 -0.6919091939926147 -0.7216291427612305 
vn -0.16661293804645538 -0.691159725189209 -0.7032341957092285 
vn -0.3012892007827759 -0.6928123831748962 -0.6551609039306641 
vn -0.4200509190559387 -0.6923235058784485 -0.5867242813110352 
vn -0.5256502032279968 -0.6945996284484863 -0.4911448359489441 
vn -0.6131691336631775 -0.6919058561325073 -0.3811691105365753 
vn -0.6740474700927734 -0.6940709352493286 -0.25283506512641907 
vn -0.7123059630393982 -0.6922954320907593 -0.11553031951189041 
vn -0.7227352261543274 -0.6907072067260742 0.024029340595006943 
vn -0.7031014561653137 -0.6910974979400635 0.16742929816246033 
vn -0.6544354557991028 -0.6944761872291565 0.2990269064903259 
vn -0.585076630115509 -0.6930268406867981 0.42118772864341736 
vn -0.49001815915107727 -0.6930601000785828 0.528724730014801 
vn -0.3812565207481384 -0.6905279159545898 0.6146662831306458 
vn -0.24925455451011658 -0.6915526390075684 0.677958071231842 
vn -0.11813265085220337 -0.6916636228561401 0.7124928832054138 
vn 0.02449505589902401 -0.6918463110923767 0.7216291427612305 
vn -1.0341130485562108e-13 0.999997615814209 0.002184694167226553 
vn -1.0341130485562108e-13 0.999997615814209 0.002184694167226553 
vn -1.0341130485562108e-13 0.999997615814209 0.002184694167226553 
vn -1.0341130485562108e-13 0.999997615814209 0.002184694167226553 
vn 0 0 1 
vn 0 0 1 
vn 0 0 1 
vn 0 0 1 
vn 0 0 1 
vn 0 0 1 
vn -0.9209610223770142 -0.38964858651161194 0.002184694167226553 
vn -0.9777246117591858 -0.20988060534000397 0.002184694167226553 
vn -0.999997615814209 -2.0682260971124217e-13 0.002184694167226553 
vn -0.999997615814209 -2.0682260971124217e-13 0.002184694167226553 
vn 1.9993144780797861e-13 -0.6435311436653137 0.7654199600219727 
vn 0.015086025930941105 -0.6433542370796204 0.7654199600219727 
vn 0.0037664873525500298 -0.5634793639183044 0.8261215686798096 
vn 0.007538846228271723 -0.5230960845947266 0.8522403836250305 
vn 0.001878746203146875 -0.3791438043117523 0.9253358840942383 
vn 0.00564218033105135 -0.2717498242855072 0.962351381778717 
vn -0.0018501408630982041 -0.07418830692768097 0.9972425103187561 
vn 0.005333262961357832 -0.025665070861577988 0.9996563792228699 
vn -0.0017888620495796204 0.026152238249778748 0.9996563792228699 
vn 0.001840247423388064 0.04800954833626747 0.9988451600074768 
vn 0.0018611537525430322 0.0959606021642685 0.9953833818435669 
vn 0.0055638207122683525 0.1262510120868683 0.9919826984405518 
vn -0.0018728610593825579 0.16095328330993652 0.986960232257843 
vn 0.005617568735033274 0.1608661264181137 0.986960232257843 
vn 0.4240618348121643 -0.4972376823425293 0.7569189071655273 
vn 0.3181436061859131 -0.33010900020599365 0.888714075088501 
vn 0.20165573060512543 -0.05177639052271843 0.9780870079994202 
vn 0.18002961575984955 0.02984168939292431 0.983208417892456 
vn 0.21986162662506104 0.10171882063150406 0.9702134728431702 
vn 0.24240317940711975 0.1565961092710495 0.9574540853500366 
vn 0.6199902296066284 -0.27823948860168457 0.7336177229881287 
vn 0.5054445266723633 -0.052619557827711105 0.8612531423568726 
vn 0.48489952087402344 0.02258455939590931 0.87427818775177 
vn 0.5826712846755981 0.08256509155035019 0.8085030317306519 
vn 0.6997003555297852 0.14230221509933472 0.7001210451126099 
vn 0.8783622980117798 -0.045277029275894165 0.4758462607860565 
vn 0.8688908815383911 0.007540800608694553 0.4949462115764618 
vn 0.8787185549736023 0.0377359576523304 0.4758462607860565 
vn 0.9093000292778015 0.07534675300121307 0.40926313400268555 
vn 0.8820285201072693 -0.19468210637569427 0.42909738421440125 
vn 0.7243761420249939 -0.38411352038383484 0.5724822878837585 
vn 0.8883616328239441 -0.26763448119163513 0.37307560443878174 
vn 0.8419411182403564 -0.4831894338130951 0.2401314377784729 
vn 0.9386207461357117 -0.3331505060195923 0.08945280313491821 
vn 0.5764196515083313 -0.7228073477745056 0.3811691105365753 
vn 3.097898456858039e-13 -0.999997615814209 0.002184694167226553 
vn 3.097898456858039e-13 -0.999997615814209 0.002184694167226553 
vn 0.007551815826445818 -0.9999691247940063 0.002184694167226553 
vn 0.03775046393275261 -0.9992848038673401 0.002184694167226553 
vn 0.5764196515083313 -0.7228073477745056 0.3811691105365753 
vn 0.5457634329795837 -0.6843657493591309 -0.4835140109062195 
vn 0.8419411182403564 -0.4831894338130951 0.2401314377784729 
vn 0.8133183717727661 -0.46884283423423767 -0.34452807903289795 
vn 0.9386207461357117 -0.3331505060195923 0.08945280313491821 
vn 0.9084688425064087 -0.3043123483657837 -0.2864931523799896 
vn 0.8883616328239441 -0.26763448119163513 0.37307560443878174 
vn 0.8824731111526489 -0.23873712122440338 -0.405272513628006 
vn 0.8820285201072693 -0.19468210637569427 0.42909738421440125 
vn 0.8670037984848022 -0.12049316614866257 -0.4835140109062195 
vn 0.8783622980117798 -0.045277029275894165 0.4758462607860565 
vn 0.8533478379249573 -0.007551947608590126 -0.5212872624397278 
vn 0.8688908815383911 0.007540800608694553 0.4949462115764618 
vn 0.8662261962890625 0.030207296833395958 -0.4987381398677826 
vn 0.8787185549736023 0.0377359576523304 0.4758462607860565 
vn 0.8955248594284058 0.06035080552101135 -0.4409002661705017 
vn 0.9093000292778015 0.07534675300121307 0.40926313400268555 
vn 0.9654526710510254 0.09046588838100433 -0.24437066912651062 
vn 0.6997003555297852 0.14230221509933472 0.7001210451126099 
vn 0.8211372494697571 0.13541075587272644 -0.5544344186782837 
vn 0.8819191455841064 0.4713956117630005 0.002184694167226553 
vn 0.8229818940162659 0.5680633783340454 0.002184694167226553 
vn 0.7534953951835632 0.6574495434761047 0.002184694167226553 
vn 0.7534953951835632 0.6574495434761047 0.002184694167226553 
vn 0.6834087371826172 -0.3829435706138611 -0.6215357780456543 
vn 0.5842404961585999 -0.23586739599704742 -0.7765498161315918 
vn 0.4339601695537567 -0.03017725609242916 -0.9004265069961548 
vn 0.4685550630092621 0.03772851452231407 -0.882628321647644 
vn 0.5909994840621948 0.09781379252672195 -0.8007197380065918 
vn 0.2995687425136566 -0.2875380516052246 -0.9097144603729248 
vn 0.1785508245229721 -0.037693385034799576 -0.983208417892456 
vn 0.1785508245229721 0.037693385034799576 -0.983208417892456 
vn 0.22681646049022675 0.11641678959131241 -0.9669547080993652 
vn 0.3064236044883728 0.15295293927192688 -0.9395264387130737 
vn 0.001910788007080555 -0.074186772108078 -0.9972425103187561 
vn 0.001958925975486636 0.02614004909992218 -0.9996563792228699 
vn 0.005721779074519873 0.09580793976783752 -0.9953833818435669 
vn 0.009499812498688698 0.16068360209465027 -0.986960232257843 
vn 0.001958925975486636 -0.02614004909992218 -0.9996563792228699 
vn -4.968388219150346e-15 0.048044804483652115 -0.9988451600074768 
vn 0.001890473417006433 0.12635940313339233 -0.9919826984405518 
vn 0.0019010230898857117 0.16095295548439026 -0.986960232257843 
vn 0.003778246697038412 -0.27178213000297546 -0.962351381778717 
vn 0.005671835970133543 -0.3791060149669647 -0.9253358840942383 
vn -0.0018891055369749665 -0.5231469869613647 -0.8522403836250305 
vn 0.007564995903521776 -0.5634411573410034 -0.8261215686798096 
vn -0.0018894483800977468 -0.6435283422470093 -0.7654199600219727 
vn 0.013225226663053036 -0.643395185470581 -0.7654199600219727 
vn 0.39324113726615906 -0.4879140555858612 -0.7792953848838806 
vn -0.999997615814209 -2.0682260971124217e-13 0.002184694167226553 
vn -0.999997615814209 -2.0682260971124217e-13 0.002184694167226553 
vn -0.999997615814209 -2.0682260971124217e-13 0.002184694167226553 
vn -0.999997615814209 -2.0682260971124217e-13 0.002184694167226553 
vn -0.999997615814209 -2.0682260971124217e-13 0.002184694167226553 
vn -0.999997615814209 -2.0682260971124217e-13 0.002184694167226553 
vn -0.999997615814209 -2.0682260971124217e-13 0.002184694167226553 
vn -0.999997615814209 -2.0682260971124217e-13 0.002184694167226553 
vn -0.999997615814209 -2.0682260971124217e-13 0.002184694167226553 
vn -0.999997615814209 -2.0682260971124217e-13 0.002184694167226553 
vn -0.999997615814209 -2.0682260971124217e-13 0.002184694167226553 
vn -0.999997615814209 -2.0682260971124217e-13 0.002184694167226553 
vn -0.999997615814209 -2.0682260971124217e-13 0.002184694167226553 
vn -0.999997615814209 -2.0682260971124217e-13 0.002184694167226553 
vn -2.0682311115474694e-13 0 -1 
vn 0.07670833170413971 0.050116050988435745 -0.9957932829856873 
vn -2.0682311115474694e-13 0 -1 
vn -0.0019140710355713964 0.05237371474504471 -0.9986256957054138 
vn -0.9777246117591858 -0.20988060534000397 0.002184694167226553 
vn -0.9118976593017578 -0.4104118347167969 0.002184694167226553 
vn -0.9209610223770142 -0.38964858651161194 0.002184694167226553 
vn -0.9501164555549622 -0.3118877410888672 0.002184694167226553 
vn -0.999997615814209 -2.0682260971124217e-13 0.002184694167226553 
vn -0.9992848038673401 0.03775046393275261 0.002184694167226553 
vn -0.999997615814209 -2.0682260971124217e-13 0.002184694167226553 
vn -0.9986006617546082 0.05283859372138977 0.002184694167226553 
vn -0.9992848038673401 0.03775046393275261 0.002184694167226553 
vn -0.9986006617546082 0.05283859372138977 0.002184694167226553 
vn 3.097898456858039e-13 -0.999997615814209 0.002184694167226553 
vn -0.007551815826445818 -0.9999691247940063 0.002184694167226553 
vn 3.097898456858039e-13 -0.999997615814209 0.002184694167226553 
vn -0.03775046393275261 -0.9992848038673401 0.002184694167226553 
vn -0.5764196515083313 -0.7228073477745056 0.3811691105365753 
vn -0.5457634329795837 -0.6843657493591309 -0.4835140109062195 
vn -0.8419411182403564 -0.4831894338130951 0.2401314377784729 
vn -0.8114258646965027 -0.4721106290817261 -0.34452807903289795 
vn -0.3902919292449951 -0.49027639627456665 -0.7792953848838806 
vn -0.6834087371826172 -0.3829435706138611 -0.6215357780456543 
vn -0.3021746277809143 -0.284798264503479 -0.9097144603729248 
vn -0.5842404961585999 -0.23586739599704742 -0.7765498161315918 
vn -0.1792963445186615 -0.03397069871425629 -0.983208417892456 
vn -0.4339601695537567 -0.03017725609242916 -0.9004265069961548 
vn -0.17772802710533142 0.0413997508585453 -0.983208417892456 
vn -0.4688430726528168 0.033962611109018326 -0.882628321647644 
vn -0.22681646049022675 0.11641678959131241 -0.9669547080993652 
vn -0.5909994840621948 0.09781379252672195 -0.8007197380065918 
vn -0.3047190010547638 0.15632131695747375 -0.9395264387130737 
vn -0.8211372494697571 0.13541075587272644 -0.5544344186782837 
vn -0.9398765563964844 -0.3295910954475403 0.08945280313491821 
vn -0.9096613526344299 -0.30072900652885437 -0.2864931523799896 
vn -0.8814800381660461 -0.2423781454563141 -0.405272513628006 
vn -0.8670037984848022 -0.12049316614866257 -0.4835140109062195 
vn -0.8533478379249573 -0.007551947608590126 -0.5212872624397278 
vn -0.8663495779037476 0.026432638987898827 -0.4987381398677826 
vn -0.895263135433197 0.06411649286746979 -0.4409002661705017 
vn -0.9657975435256958 0.08670677244663239 -0.24437066912651062 
vn -0.7004419565200806 0.13860583305358887 0.7001210451126099 
vn -0.9093000292778015 0.07534675300121307 0.40926313400268555 
vn -0.8872665762901306 -0.2712427079677582 0.37307560443878174 
vn -0.8820285201072693 -0.19468210637569427 0.42909738421440125 
vn -0.8783622980117798 -0.045277029275894165 0.4758462607860565 
vn -0.8688908815383911 0.007540800608694553 0.4949462115764618 
vn -0.8787185549736023 0.0377359576523304 0.4758462607860565 
vn -0.005702008493244648 0.16086316108703613 -0.986960232257843 
vn -0.0019082654034718871 0.09595967084169388 -0.9953833818435669 
vn -0.005833018571138382 0.02555612474679947 -0.9996563792228699 
vn -0.005727297160774469 -0.07399003952741623 -0.9972425103187561 
vn -0.009452433325350285 -0.37903061509132385 -0.9253358840942383 
vn -0.007564995903521776 -0.5634411573410034 -0.8261215686798096 
vn -0.009446916170418262 -0.6434617638587952 -0.7654199600219727 
vn 0.001890473417006433 0.12635940313339233 -0.9919826984405518 
vn -4.968388219150346e-15 0.048044804483652115 -0.9988451600074768 
vn 0.001958925975486636 -0.02614004909992218 -0.9996563792228699 
vn 0.003778246697038412 -0.27178213000297546 -0.962351381778717 
vn -0.0018891055369749665 -0.5231469869613647 -0.8522403836250305 
vn -0.0018894483800977468 -0.6435283422470093 -0.7654199600219727 
vn 0.7291480898857117 0 0.6843559741973877 
vn 0.5814042687416077 0 0.8136147856712341 
vn 0.6827613711357117 0 0.7306414246559143 
vn 0.5268691182136536 0 0.8499464392662048 
vn 0.41125550866127014 0 0.9115201234817505 
vn 0.3506734371185303 0 0.9364978075027466 
vn 0.22525852918624878 0 0.9742990136146545 
vn 0.16096417605876923 0 0.986960232257843 
vn 0.034948017448186874 0 0.999389111995697 
vn -0.034948017448186874 -7.22805739957269e-15 0.999389111995697 
vn -0.16092059016227722 0.0037454685661941767 0.986960232257843 
vn -0.22522740066051483 0.0037441160529851913 0.9742990136146545 
vn -0.3506532907485962 0.003759904531762004 0.9364978075027466 
vn -0.41123825311660767 0.003766703186556697 0.9115201234817505 
vn -0.5268691182136536 -1.0896871512761086e-13 0.8499464392662048 
vn -0.5813921093940735 0.0037660261150449514 0.8136147856712341 
vn -0.682750940322876 0.0037696787621825933 0.7306414246559143 
vn -0.7291480898857117 -1.5080466172698315e-13 0.6843559741973877 
vn -0.8123339414596558 0.0037696314975619316 0.5831804275512695 
vn -0.8487849831581116 0.003771646646782756 0.528724730014801 
vn -0.9106194972991943 -1.883371524057445e-13 0.41324591636657715 
vn -0.9357218146324158 0.003773649223148823 0.3527185618877411 
vn -0.9737972617149353 0.0037722436245530844 0.22738653421401978 
vn -0.9865990281105042 0.003775282995775342 0.16312000155448914 
vn -0.9994630813598633 -2.0671206174723011e-13 0.03276457265019417 
vn -0.9994630813598633 -2.0671206174723011e-13 -0.03276457265019417 
vn -0.9865990281105042 0.003775282995775342 -0.16312000155448914 
vn -0.9738045930862427 -2.014052851362011e-13 -0.22738653421401978 
vn -0.935729444026947 -1.935304672594229e-13 -0.3527185618877411 
vn -0.9106194972991943 -1.883371524057445e-13 -0.41324591636657715 
vn -0.8487933278083801 -1.7555007198345046e-13 -0.528724730014801 
vn -0.812342643737793 -1.6765048008703098e-13 -0.5831804275512695 
vn -0.7291480898857117 -1.5080466172698315e-13 -0.6843559741973877 
vn -0.6827613711357117 -1.4121082775320204e-13 -0.7306414246559143 
vn -0.8819191455841064 0.4713956117630005 0.002184694167226553 
vn -0.8229818940162659 0.5680633783340454 0.002184694167226553 
vn -0.7534953951835632 0.6574495434761047 0.002184694167226553 
vn -0.7534953951835632 0.6574495434761047 0.002184694167226553 
vn 0.999997615814209 0 0.002184694167226553 
vn 0.999997615814209 0 0.002184694167226553 
vn 0.999997615814209 0 0.002184694167226553 
vn 0.999997615814209 0 0.002184694167226553 
vn 0.999997615814209 0 0.002184694167226553 
vn 0.999997615814209 0 0.002184694167226553 
vn 0.999997615814209 0 0.002184694167226553 
vn 0.999997615814209 0 0.002184694167226553 
vn 0.999997615814209 0 0.002184694167226553 
vn 0.999997615814209 0 0.002184694167226553 
vn 0.999997615814209 0 0.002184694167226553 
vn 0.999997615814209 0 0.002184694167226553 
vn 0.999997615814209 0 0.002184694167226553 
vn 0.999997615814209 0 0.002184694167226553 
vn -0.999997615814209 -2.0682260971124217e-13 0.002184694167226553 
vn -0.999997615814209 -2.0682260971124217e-13 0.002184694167226553 
vn -0.999997615814209 -2.0682260971124217e-13 0.002184694167226553 
vn -0.999997615814209 -2.0682260971124217e-13 0.002184694167226553 
vn -0.999997615814209 -2.0682260971124217e-13 0.002184694167226553 
vn -0.999997615814209 -2.0682260971124217e-13 0.002184694167226553 
vn -0.999997615814209 -2.0682260971124217e-13 0.002184694167226553 
vn -0.999997615814209 -2.0682260971124217e-13 0.002184694167226553 
vn -0.999997615814209 -2.0682260971124217e-13 0.002184694167226553 
vn -0.999997615814209 -2.0682260971124217e-13 0.002184694167226553 
vn -0.999997615814209 -2.0682260971124217e-13 0.002184694167226553 
vn -0.999997615814209 -2.0682260971124217e-13 0.002184694167226553 
vn -0.9398765563964844 -0.3295910954475403 0.08945280313491821 
vn -0.8419411182403564 -0.4831894338130951 0.2401314377784729 
vn -0.8872665762901306 -0.2712427079677582 0.37307560443878174 
vn -0.7261353135108948 -0.3807775676250458 0.5724822878837585 
vn -0.8820285201072693 -0.19468210637569427 0.42909738421440125 
vn -0.6199902296066284 -0.27823948860168457 0.7336177229881287 
vn -0.8783622980117798 -0.045277029275894165 0.4758462607860565 
vn -0.5054445266723633 -0.052619557827711105 0.8612531423568726 
vn -0.8688908815383911 0.007540800608694553 0.4949462115764618 
vn -0.484709769487381 0.02634521573781967 0.87427818775177 
vn -0.8787185549736023 0.0377359576523304 0.4758462607860565 
vn -0.5831876397132874 0.07883528620004654 0.8085030317306519 
vn -0.9093000292778015 0.07534675300121307 0.40926313400268555 
vn -0.7004419565200806 0.13860583305358887 0.7001210451126099 
vn -0.5764196515083313 -0.7228073477745056 0.3811691105365753 
vn -0.4269210398197174 -0.49478498101234436 0.7569189071655273 
vn -0.31542518734931946 -0.3327074646949768 0.888714075088501 
vn -0.20069380104541779 -0.05538797006011009 0.9780870079994202 
vn -0.1793789565563202 0.03353174030780792 0.983208417892456 
vn -0.221409410238266 0.09830423444509506 0.9702134728431702 
vn -0.24034130573272705 0.15974260866641998 0.9574540853500366 
vn -0.015086025930941105 -0.6433542370796204 0.7654199600219727 
vn -0.007538846228271723 -0.5230960845947266 0.8522403836250305 
vn -0.009402432478964329 -0.271645724773407 0.962351381778717 
vn -0.0017888620495796204 -0.026152238249778748 0.9996563792228699 
vn -0.0055099427700042725 0.047727812081575394 0.9988451600074768 
vn -0.0018551399698480964 0.1263599395751953 0.9919826984405518 
vn -0.009359234943985939 0.16069185733795166 0.986960232257843 
vn 0.0037664873525500298 -0.5634793639183044 0.8261215686798096 
vn 0.001878746203146875 -0.3791438043117523 0.9253358840942383 
vn -0.0018501408630982041 -0.07418830692768097 0.9972425103187561 
vn -0.0017888620495796204 0.026152238249778748 0.9996563792228699 
vn 0.0018611537525430322 0.0959606021642685 0.9953833818435669 
vn -0.0018728610593825579 0.16095328330993652 0.986960232257843 
vn -0.0018906746990978718 0.37914374470710754 -0.9253358840942383 
vn -0.0018906746990978718 0.37914374470710754 -0.9253358840942383 
vn -0.0018906746990978718 0.37914374470710754 -0.9253358840942383 
vn -0.0018906746990978718 0.37914374470710754 -0.9253358840942383 
vn 0.6827613711357117 0 0.7306414246559143 
vn 0.812342643737793 0 0.5831804275512695 
vn 0.7291480898857117 0 0.6843559741973877 
vn 0.8487933278083801 0 0.528724730014801 
vn 0.9106194972991943 0 0.41324591636657715 
vn 0.935729444026947 0 0.3527185618877411 
vn 0.9738045930862427 0 0.22738653421401978 
vn 0.986606240272522 0 0.16312000155448914 
vn 0.9994630813598633 0 0.03276457265019417 
vn 0.9994630813598633 0 -0.03276457265019417 
vn 0.986606240272522 0 -0.16312000155448914 
vn 0.9738045930862427 0 -0.22738653421401978 
vn 0.935729444026947 0 -0.3527185618877411 
vn 0.9106194972991943 0 -0.41324591636657715 
vn 0.8487933278083801 0 -0.528724730014801 
vn 0.812342643737793 0 -0.5831804275512695 
vn 0.7291480898857117 0 -0.6843559741973877 
vn 0.6827613711357117 0 -0.7306414246559143 
vn 0.5814042687416077 0 -0.8136147856712341 
vn 0.5268691182136536 0 -0.8499464392662048 
vn 0.41125550866127014 0 -0.9115201234817505 
vn 0.3506734371185303 0 -0.9364978075027466 
vn 0.22525852918624878 0 -0.9742990136146545 
vn 0.16096417605876923 0 -0.986960232257843 
vn 0.034948017448186874 0 -0.999389111995697 
vn -0.03474314883351326 0.0037785451859235764 -0.999389111995697 
vn -0.16091927886009216 0.0038017809856683016 -0.986960232257843 
vn -0.2252267301082611 0.0037841564044356346 -0.9742990136146545 
vn -0.3506530225276947 0.0037857447750866413 -0.9364978075027466 
vn -0.41125550866127014 -8.505713765694783e-14 -0.9115201234817505 
vn -0.5268691182136536 -1.0896871512761086e-13 -0.8499464392662048 
vn -0.5813919901847839 0.003781620180234313 -0.8136147856712341 
vn -0.6827613711357117 -1.4121082775320204e-13 -0.7306414246559143 
vn -0.7291480898857117 -1.5080466172698315e-13 -0.6843559741973877 
vn -1.0341130485562108e-13 0.999997615814209 0.002184694167226553 
vn -1.0341130485562108e-13 0.999997615814209 0.002184694167226553 
vn -1.0341130485562108e-13 0.999997615814209 0.002184694167226553 
vn -1.0341130485562108e-13 0.999997615814209 0.002184694167226553 
vn -1.0341130485562108e-13 0.999997615814209 0.002184694167226553 
vn -0.0321376658976078 0.32026198506355286 -0.946783721446991 
vn 0.03590364381670952 0.31986168026924133 -0.946783721446991 
vn 0.15715563297271729 0.3226003348827362 -0.933397650718689 
vn 0.2170872539281845 0.3206440210342407 -0.9219872951507568 
vn 0.33693721890449524 0.3222197890281677 -0.8846737742424011 
vn 0.39357441663742065 0.3214688003063202 -0.8612531423568726 
vn 0.5009957551956177 0.3219704031944275 -0.8033295273780823 
vn 0.5518751740455627 0.32444557547569275 -0.7682244777679443 
vn 0.6479712128639221 0.3210367262363434 -0.6907016038894653 
vn 0.6927404999732971 0.32221925258636475 -0.6452018022537231 
vn 0.7692890167236328 0.32376185059547424 -0.5507928133010864 
vn 0.8038119077682495 0.32426324486732483 -0.4987381398677826 
vn 0.8644333481788635 0.31820160150527954 -0.3892335295677185 
vn 0.8878961205482483 0.3182580769062042 -0.33219319581985474 
vn 0.9232638478279114 0.31863704323768616 -0.21460255980491638 
vn 0.9358625411987305 0.3187619149684906 -0.15017375349998474 
vn 0.9473540782928467 0.318926066160202 -0.028397228568792343 
vn 0.947227418422699 0.3188834488391876 0.03276457265019417 
vn 0.9351052045822144 0.3189207911491394 0.15449213981628418 
vn 0.9222383499145508 0.31870555877685547 0.21886809170246124 
vn 0.8863816857337952 0.3181544542312622 0.3363112509250641 
vn 0.8601948618888855 0.3246777355670929 0.3932546079158783 
vn 0.8016109466552734 0.3238718509674072 0.5025205612182617 
vn 0.7668777704238892 0.32326608896255493 0.5544344186782837 
vn 0.6899571418762207 0.32150107622146606 0.6485338807106018 
vn 0.6450154781341553 0.3201884627342224 0.6938546895980835 
vn 0.5486529469490051 0.32329061627388 0.7710143327713013 
vn 0.49766770005226135 0.3206453025341034 0.8059239983558655 
vn 0.3901365399360657 0.3197202980518341 0.8634653687477112 
vn 0.3335080146789551 0.32020503282546997 0.8867024183273315 
vn 0.21178936958312988 0.32416775822639465 0.9219872951507568 
vn 0.15295551717281342 0.3200948238372803 0.9349566102027893 
vn 0.03189951553940773 0.3202857971191406 0.946783721446991 
vn -0.03563780337572098 0.31989142298698425 0.946783721446991 
vn -0.159554585814476 0.3214206099510193 0.933397650718689 
vn -0.21493224799633026 0.32209253311157227 0.9219872951507568 
vn -0.3355962038040161 0.32361623644828796 0.8846737742424011 
vn -0.3946109116077423 0.32019561529159546 0.8612531423568726 
vn -0.4996965527534485 0.3239830732345581 0.8033295273780823 
vn -0.5525199174880981 0.32334640622138977 0.7682244777679443 
vn -0.6467840075492859 0.323421835899353 0.6907016038894653 
vn -0.6915874481201172 0.32468676567077637 0.6452018022537231 
vn -0.7709280848503113 0.31983932852745056 0.5507928133010864 
vn -0.8039840459823608 0.3238363265991211 0.4987381398677826 
vn -0.86327064037323 0.3213426470756531 0.3892335295677185 
vn -0.8866153359413147 0.32180890440940857 0.33219319581985474 
vn -0.9220256805419922 0.32220232486724854 0.21460255980491638 
vn -0.9346389174461365 0.3223319947719574 0.15017375349998474 
vn -0.9473540782928467 0.318926066160202 0.028397228568792343 
vn -0.947227418422699 0.3188834488391876 -0.03276457265019417 
vn -0.9351052045822144 0.3189207911491394 -0.15449213981628418 
vn -0.9222383499145508 0.31870555877685547 -0.21886809170246124 
vn -0.8863816857337952 0.3181544542312622 -0.3363112509250641 
vn -0.8613693118095398 0.3215489089488983 -0.3932546079158783 
vn -0.8028472065925598 0.3207949995994568 -0.5025205612182617 
vn -0.766691267490387 0.3237081468105316 -0.5544344186782837 
vn -0.6913249492645264 0.31854918599128723 -0.6485338807106018 
vn -0.6430782675743103 0.3240617513656616 -0.6938546895980835 
vn -0.5499178767204285 0.3211343288421631 -0.7710143327713013 
vn -0.49692031741142273 0.3218023478984833 -0.8059239983558655 
vn -0.3866690397262573 0.3239052891731262 -0.8634653687477112 
vn -0.33222946524620056 0.32153138518333435 -0.8867024183273315 
vn -0.2170872539281845 0.3206440210342407 -0.9219872951507568 
vn -0.15514002740383148 0.31904178857803345 -0.9349566102027893 
vn -0.0321376658976078 0.32026198506355286 -0.946783721446991 
vn 0.03590364381670952 0.31986168026924133 -0.946783721446991 
vn 3.097898456858039e-13 -0.999997615814209 0.002184694167226553 
vn 3.097898456858039e-13 -0.999997615814209 0.002184694167226553 
vn 3.097898456858039e-13 -0.999997615814209 0.002184694167226553 
vn 3.097898456858039e-13 -0.999997615814209 0.002184694167226553 
vn 3.097898456858039e-13 -0.999997615814209 0.002184694167226553 
vn 3.097898456858039e-13 -0.999997615814209 0.002184694167226553 
vn 3.097898456858039e-13 -0.999997615814209 0.002184694167226553 
vn -0.0019140710355713964 0.05237371474504471 -0.9986256957054138 
vn -4.517018337602159e-15 0.043680015951395035 -0.9990455508232117 
vn -0.0019140710355713964 0.05237371474504471 -0.9986256957054138 
vn 0.001892047468572855 0.03489676117897034 -0.999389111995697 
vn -2.0682311115474694e-13 0 -1 
vn 1.2214145642705336e-14 -0.0393143892288208 -0.9992268681526184 
vn 0.003785256529226899 -0.15660449862480164 -0.9876541495323181 
vn 0.003785256529226899 -0.15660449862480164 -0.9876541495323181 
vn 3.097898456858039e-13 -0.999997615814209 0.002184694167226553 
vn 3.097898456858039e-13 -0.999997615814209 0.002184694167226553 
vn 3.097898456858039e-13 -0.999997615814209 0.002184694167226553 
vn 3.097898456858039e-13 -0.999997615814209 0.002184694167226553 
vn 3.097898456858039e-13 -0.999997615814209 0.002184694167226553 
vn 3.097898456858039e-13 -0.999997615814209 0.002184694167226553 
vn 3.097898456858039e-13 -0.999997615814209 0.002184694167226553 
vn 3.097898456858039e-13 -0.999997615814209 0.002184694167226553 
vn 3.097898456858039e-13 -0.999997615814209 0.002184694167226553 
vn 3.097898456858039e-13 -0.999997615814209 0.002184694167226553 
vn 3.097898456858039e-13 -0.999997615814209 0.002184694167226553 
vn 3.097898456858039e-13 -0.999997615814209 0.002184694167226553 
vn 3.097898456858039e-13 -0.999997615814209 0.002184694167226553 
vn 4.049170192394792e-14 -0.13070669770240784 -0.991421103477478 
vn 4.049170192394792e-14 -0.13070669770240784 -0.991421103477478 
vn 4.049170192394792e-14 -0.13070669770240784 -0.991421103477478 
vn -2.0682311115474694e-13 0 -1 
vn -2.0682311115474694e-13 0 -1 
vn -2.0682311115474694e-13 0 -1 
vn 4.049170192394792e-14 -0.13070669770240784 -0.991421103477478 
vn 4.049170192394792e-14 -0.13070669770240784 -0.991421103477478 
vn 4.049170192394792e-14 -0.13070669770240784 -0.991421103477478 
vn 0 0 1 
vn -2.0682311115474694e-13 0 -1 
vn -2.0682311115474694e-13 0 -1 
vn 0.9261619448661804 0 -0.37712597846984863 
vn 0.9261619448661804 0 -0.37712597846984863 
vn 0.9261619448661804 0 -0.37712597846984863 
vn -1.0341130485562108e-13 0.999997615814209 0.002184694167226553 
vn -0.9261542558670044 0.003773820586502552 -0.37712597846984863 
vn -0.9261542558670044 0.003773820586502552 -0.37712597846984863 
vn -0.9261542558670044 0.003773820586502552 -0.37712597846984863 
vn 0.08656749874353409 0.05071057751774788 -0.994954526424408 
vn 0.597440242767334 -0.645473062992096 0.4758462607860565 
vn -2.0682311115474694e-13 0 -1 
vn -2.0682311115474694e-13 0 -1 
vn -0.597440242767334 -0.645473062992096 0.4758462607860565 
vn 1.9993144780797861e-13 -0.6435311436653137 0.7654199600219727 
vn 0.0019010230898857117 0.16095295548439026 -0.986960232257843 
vn -2.0682311115474694e-13 0 -1 
vn -2.0682311115474694e-13 0 -1 
vn -2.0682311115474694e-13 0 -1 
vn -2.0682311115474694e-13 0 -1 
vn -2.0682311115474694e-13 0 -1 
vn -2.0682311115474694e-13 0 -1 
vn -2.0682311115474694e-13 0 -1 
vn -2.0682311115474694e-13 0 -1 
vn -2.0682311115474694e-13 0 -1 
vn -2.0682311115474694e-13 0 -1 
vn -2.0682311115474694e-13 0 -1 
vn -2.0682311115474694e-13 0 -1 
vn -2.0682311115474694e-13 0 -1 
vn -2.0682311115474694e-13 0 -1 
vn -2.0682311115474694e-13 0 -1 
vn -2.0682311115474694e-13 0 -1 
vn -2.0682311115474694e-13 0 -1 
vn -2.0682311115474694e-13 0 -1 
vn -2.0682311115474694e-13 0 -1 
vn -2.0682311115474694e-13 0 -1 
vn -2.0682311115474694e-13 0 -1 
vn -2.0682311115474694e-13 0 -1 
vn -2.0682311115474694e-13 0 -1 
vn -2.0682311115474694e-13 0 -1 
vt 0.7863436937332153 0.790249764919281 
vt 0.7900158166885376 0.7878369092941284 
vt 0.7832638621330261 0.7934668660163879 
vt 0.7984262108802795 0.7853091955184937 
vt 0.8150100708007812 0.790249764919281 
vt 0.8071919679641724 0.786113440990448 
vt 0.8113378882408142 0.7878369092941284 
vt 0.8180899024009705 0.8220762014389038 
vt 0.7863436937332153 0.8251784443855286 
vt 0.7781702280044556 0.8098971247673035 
vt 0.7807762622833252 0.8183994889259338 
vt 0.7791178822517395 0.8142632246017456 
vt 0.8028090596199036 0.8301190137863159 
vt 0.7941617965698242 0.8293147087097168 
vt 0.7900158166885376 0.8275912404060364 
vt 0.8113378882408142 0.8275912404060364 
vt 0.8071919679641724 0.8293147087097168 
vt 0.8711581826210022 0.10937011986970901 
vt 0.8244865536689758 0.10937011986970901 
vt 0.8711581826210022 0.13889864087104797 
vt 0.8244865536689758 0.13889864087104797 
vt 0.8711581826210022 0.1760103851556778 
vt 0.8244865536689758 0.1760103851556778 
vt 0.8711581826210022 0.20186220109462738 
vt 0.8244865536689758 0.20186220109462738 
vt 0.8711581826210022 0.21093906462192535 
vt 0.8244865536689758 0.21093906462192535 
vt 0.8711581826210022 0.21507535874843597 
vt 0.8244865536689758 0.21507535874843597 
vt 0.6529622673988342 0.7444058656692505 
vt 0.6592404246330261 0.7444058656692505 
vt 0.6478686332702637 0.5539066195487976 
vt 0.6605434417724609 0.5537917017936707 
vt 0.6428934931755066 0.3149208426475525 
vt 0.6605434417724609 0.3148059546947479 
vt 0.6430119276046753 0.14820531010627747 
vt 0.6569897532463074 0.14820531010627747 
vt 0.6451441645622253 0.08926314115524292 
vt 0.653672993183136 0.08926314115524292 
vt 0.6482239961624146 0.06283683329820633 
vt 0.6501193046569824 0.06283683329820633 
vt 0.624414324760437 0.09029721468687057 
vt 0.6216898560523987 0.09029721468687057 
vt 0.624414324760437 0.28837963938713074 
vt 0.6216898560523987 0.28837963938713074 
vt 0.1542624831199646 0.6449050307273865 
vt 0.15153798460960388 0.6449050307273865 
vt 0.15615777671337128 0.6716760396957397 
vt 0.1497611552476883 0.6716760396957397 
vt 0.7206006050109863 0.7893305420875549 
vt 0.7206006050109863 0.7894454598426819 
vt 0.7206006050109863 0.7893305420875549 
vt 0.7206006050109863 0.7892156839370728 
vt 0.7206006050109863 0.7892156839370728 
vt 0.7207190990447998 0.7891007661819458 
vt 0.7208375334739685 0.7895603775978088 
vt 0.7208375334739685 0.7893305420875549 
vt 0.7208375334739685 0.7895603775978088 
vt 0.7208375334739685 0.7894454598426819 
vt 0.7208375334739685 0.7894454598426819 
vt 0.7208375334739685 0.7892156839370728 
vt 0.7208375334739685 0.7892156839370728 
vt 0.7208375334739685 0.7891007661819458 
vt 0.7208375334739685 0.7893305420875549 
vt 0.7208375334739685 0.7893305420875549 
vt 0.7206006050109863 0.7894454598426819 
vt 0.7207190990447998 0.7894454598426819 
vt 0.7207190990447998 0.7895603775978088 
vt 0.7207190990447998 0.7895603775978088 
vt 0.7207190990447998 0.7895603775978088 
vt 0.9496945142745972 0.1795721799135208 
vt 0.9463777542114258 0.21162845194339752 
vt 0.9496945142745972 0.1544097363948822 
vt 0.9327552914619446 0.1004081517457962 
vt 0.20093414187431335 0.7791047096252441 
vt 0.3989925682544708 0.7791047096252441 
vt 0.20093414187431335 0.7383162975311279 
vt 0.3989925682544708 0.7383162975311279 
vt 0.47658124566078186 0.32859358191490173 
vt 0.42588210105895996 0.3019374907016754 
vt 0.476225882768631 0.3295127749443054 
vt 0.42457908391952515 0.30446523427963257 
vt 0.475752055644989 0.3304319381713867 
vt 0.4235129654407501 0.30687806010246277 
vt 0.47539669275283813 0.3313511312007904 
vt 0.4224468767642975 0.3094058036804199 
vt 0.47504132986068726 0.3322702944278717 
vt 0.42149922251701355 0.31204843521118164 
vt 0.4746859669685364 0.33330437541007996 
vt 0.4205515682697296 0.3145761489868164 
vt 0.4743306040763855 0.33422353863716125 
vt 0.41972237825393677 0.3172187805175781 
vt 0.4740936756134033 0.33514273166656494 
vt 0.419011652469635 0.31986141204833984 
vt 0.47385677695274353 0.3361767828464508 
vt 0.41830089688301086 0.32250404357910156 
vt 0.47361984848976135 0.3370959758758545 
vt 0.4177086353302002 0.32526159286499023 
vt 0.47338294982910156 0.33813005685806274 
vt 0.4172348082065582 0.32790422439575195 
vt 0.4732644855976105 0.3391641080379486 
vt 0.41676098108291626 0.33066174387931824 
vt 0.4731460213661194 0.34019818902015686 
vt 0.4164056181907654 0.3334192633628845 
vt 0.4730275869369507 0.34111738204956055 
vt 0.4161686897277832 0.33606189489364624 
vt 0.4730275869369507 0.3421514332294464 
vt 0.4160502254962921 0.3388194143772125 
vt 0.4729091227054596 0.34318551421165466 
vt 0.4159317910671234 0.3415769636631012 
vt 0.4729091227054596 0.3442195951938629 
vt 0.4158133268356323 0.3443344831466675 
vt 0.4729091227054596 0.3452536463737488 
vt 0.4159317910671234 0.34709200263023376 
vt 0.4730275869369507 0.34628772735595703 
vt 0.4160502254962921 0.3497346341609955 
vt 0.4730275869369507 0.3473218083381653 
vt 0.4162871539592743 0.35249218344688416 
vt 0.4731460213661194 0.3482409715652466 
vt 0.4165240526199341 0.35524970293045044 
vt 0.4732644855976105 0.34927505254745483 
vt 0.41687944531440735 0.3580072224140167 
vt 0.47350141406059265 0.3503091335296631 
vt 0.41735324263572693 0.36064985394477844 
vt 0.47361984848976135 0.35134321451187134 
vt 0.4178270697593689 0.3634073734283447 
vt 0.47385677695274353 0.35226237773895264 
vt 0.41841936111450195 0.36605000495910645 
vt 0.4740936756134033 0.3532964587211609 
vt 0.4191300868988037 0.36869263648986816 
vt 0.4744490385055542 0.3542156219482422 
vt 0.41984084248542786 0.3713352680206299 
vt 0.4746859669685364 0.3551348149776459 
vt 0.4206700325012207 0.3739778995513916 
vt 0.47504132986068726 0.35616886615753174 
vt 0.42161768674850464 0.37650564312934875 
vt 0.47539669275283813 0.3570880591869354 
vt 0.4225653111934662 0.3791482746601105 
vt 0.4758705198764801 0.3580072224140167 
vt 0.4236314296722412 0.3816760182380676 
vt 0.476225882768631 0.3589264154434204 
vt 0.42481598258018494 0.3840888440608978 
vt 0.47669970989227295 0.3598455786705017 
vt 0.42600053548812866 0.386616587638855 
vt 0.37589365243911743 0.2774644196033478 
vt 0.37411680817604065 0.2816007137298584 
vt 0.37257689237594604 0.285737007856369 
vt 0.37115541100502014 0.28987330198287964 
vt 0.36973392963409424 0.2941244840621948 
vt 0.3685493767261505 0.29826077818870544 
vt 0.3674832880496979 0.30239707231521606 
vt 0.36641716957092285 0.30664825439453125 
vt 0.36558797955513 0.31078454852104187 
vt 0.36487725377082825 0.31503576040267944 
vt 0.3641664981842041 0.31917205452919006 
vt 0.36357423663139343 0.32342323660850525 
vt 0.36321887373924255 0.32755953073501587 
vt 0.3628635108470917 0.33181071281433105 
vt 0.3626265823841095 0.3359470069408417 
vt 0.3623896837234497 0.34019818902015686 
vt 0.3623896837234497 0.3443344831466675 
vt 0.3625081181526184 0.34858566522598267 
vt 0.3626265823841095 0.35283684730529785 
vt 0.3628635108470917 0.35697314143180847 
vt 0.36321887373924255 0.36122435331344604 
vt 0.3636927008628845 0.36536064743995667 
vt 0.3642849624156952 0.36961182951927185 
vt 0.36499571800231934 0.37374812364578247 
vt 0.3657064437866211 0.3778844177722931 
vt 0.36665409803390503 0.3821355998516083 
vt 0.3676017224788666 0.3862718939781189 
vt 0.3687863051891327 0.3905230760574341 
vt 0.3699708580970764 0.3946593701839447 
vt 0.3713923394680023 0.3987956643104553 
vt 0.37281379103660583 0.40293195843696594 
vt 0.37447217106819153 0.40706825256347656 
vt 0.3762490153312683 0.4112045466899872 
vt 0.3414229452610016 0.2642512619495392 
vt 0.3396461308002472 0.26942163705825806 
vt 0.3381061851978302 0.27447709441185 
vt 0.3366847336292267 0.2795325815677643 
vt 0.33538171648979187 0.28470292687416077 
vt 0.33431559801101685 0.2897584140300751 
vt 0.3332495093345642 0.2946989834308624 
vt 0.3323018550872803 0.29975444078445435 
vt 0.3314726650714874 0.30480992794036865 
vt 0.3307619094848633 0.309750497341156 
vt 0.3301696479320526 0.3148059546947479 
vt 0.32969582080841064 0.3197465240955353 
vt 0.32934045791625977 0.32468709349632263 
vt 0.3289850652217865 0.32962766289711 
vt 0.3287481665611267 0.33456823229789734 
vt 0.3286297023296356 0.3393939137458801 
vt 0.3285112679004669 0.3443344831466675 
vt 0.3286297023296356 0.34927505254745483 
vt 0.3287481665611267 0.3542156219482422 
vt 0.3289850652217865 0.35915619134902954 
vt 0.32934045791625977 0.3640967607498169 
vt 0.32981428503990173 0.36903733015060425 
vt 0.3302880823612213 0.3739778995513916 
vt 0.33088037371635437 0.3790333867073059 
vt 0.33159109950065613 0.38397395610809326 
vt 0.332420289516449 0.3890294134616852 
vt 0.3333679437637329 0.39396998286247253 
vt 0.33443406224250793 0.39902547001838684 
vt 0.33561861515045166 0.40408092737197876 
vt 0.3369216322898865 0.40925130248069763 
vt 0.3383431136608124 0.41430675983428955 
vt 0.34000149369239807 0.41936221718788147 
vt 0.34165987372398376 0.42453259229660034 
vt 0.03509574383497238 0.46865302324295044 
vt 0.12287163734436035 0.4648614227771759 
vt 0.034740377217531204 0.46084004640579224 
vt 0.122160904109478 0.45716333389282227 
vt 0.03450346365571022 0.45302703976631165 
vt 0.12156862765550613 0.44946524500846863 
vt 0.03414809703826904 0.445328950881958 
vt 0.12109480053186417 0.44188204407691956 
vt 0.03379272669553757 0.4375159442424774 
vt 0.1205025166273117 0.43418392539024353 
vt 0.03355581685900688 0.4297029674053192 
vt 0.12002869695425034 0.4267156422138214 
vt 0.0333189032971859 0.4218899607658386 
vt 0.11967332661151886 0.41913244128227234 
vt 0.03296353667974472 0.41407695412635803 
vt 0.11931796371936798 0.41154924035072327 
vt 0.03284507989883423 0.40626397728919983 
vt 0.1189625933766365 0.40408092737197876 
vt 0.032608166337013245 0.39845097064971924 
vt 0.11872567981481552 0.3964977264404297 
vt 0.03237125650048256 0.3907528817653656 
vt 0.11848876625299454 0.3890294134616852 
vt 0.03225279971957207 0.382939875125885 
vt 0.11825185269117355 0.3815611004829407 
vt 0.032134342938661575 0.3751268684864044 
vt 0.11813340336084366 0.37409281730651855 
vt 0.032134342938661575 0.3673138916492462 
vt 0.11801494657993317 0.36662450432777405 
vt 0.03201588615775108 0.3595008850097656 
vt 0.11801494657993317 0.35915619134902954 
vt 0.03201588615775108 0.35168787837028503 
vt 0.11789648979902267 0.35168787837028503 
vt 0.03201588615775108 0.34387490153312683 
vt 0.11789648979902267 0.3442195951938629 
vt 0.03201588615775108 0.3361767828464508 
vt 0.11801494657993317 0.3367512822151184 
vt 0.032134342938661575 0.3283638060092926 
vt 0.11801494657993317 0.3292829692363739 
vt 0.03225279971957207 0.320550799369812 
vt 0.11813340336084366 0.3218146860599518 
vt 0.03237125650048256 0.3127378225326538 
vt 0.11825185269117355 0.3143463730812073 
vt 0.03248971328139305 0.3049248158931732 
vt 0.11848876625299454 0.30687806010246277 
vt 0.03272662311792374 0.2972267270088196 
vt 0.11860722303390503 0.29940974712371826 
vt 0.03296353667974472 0.289413720369339 
vt 0.1189625933766365 0.29194146394729614 
vt 0.033200446516275406 0.2816007137298584 
vt 0.11919950693845749 0.28447315096855164 
vt 0.03343736007809639 0.2737877368927002 
vt 0.11955486983060837 0.27700483798980713 
vt 0.03379272669553757 0.26608961820602417 
vt 0.11991024017333984 0.26942163705825806 
vt 0.03414809703826904 0.25827664136886597 
vt 0.12038406729698181 0.26195332407951355 
vt 0.03438500687479973 0.2504636347293854 
vt 0.12085788697004318 0.2543701231479645 
vt 0.0348588302731514 0.24276553094387054 
vt 0.12133171409368515 0.2467869371175766 
vt 0.035214200615882874 0.23495253920555115 
vt 0.12192399054765701 0.23920373618602753 
vt 0.03556956723332405 0.22713954746723175 
vt 0.12263473123311996 0.2315056324005127 
vt 0.03592493757605553 0.21944144368171692 
vt 0.12322700768709183 0.22380752861499786 
vt 0.22995586693286896 0.45026952028274536 
vt 0.22888976335525513 0.443490594625473 
vt 0.2279421091079712 0.43682655692100525 
vt 0.22711291909217834 0.4300476312637329 
vt 0.2262837290763855 0.4233836233615875 
vt 0.22545453906059265 0.41671958565711975 
vt 0.2248622626066208 0.41005557775497437 
vt 0.22426997125148773 0.4033915400505066 
vt 0.22367769479751587 0.39684242010116577 
vt 0.223322331905365 0.390178382396698 
vt 0.22284850478172302 0.3836292624473572 
vt 0.22261159121990204 0.37708014249801636 
vt 0.22225622832775116 0.37053099274635315 
vt 0.22213776409626007 0.36398187279701233 
vt 0.22201931476593018 0.3574327528476715 
vt 0.2219008505344391 0.3508836030960083 
vt 0.2219008505344391 0.3443344831466675 
vt 0.2219008505344391 0.33778536319732666 
vt 0.22201931476593018 0.33123621344566345 
vt 0.22213776409626007 0.3248019814491272 
vt 0.22237467765808105 0.3182528614997864 
vt 0.22261159121990204 0.31170374155044556 
vt 0.22296695411205292 0.30515462160110474 
vt 0.223322331905365 0.29849058389663696 
vt 0.22379615902900696 0.29194146394729614 
vt 0.22426997125148773 0.28527742624282837 
vt 0.2248622626066208 0.27872830629348755 
vt 0.22557298839092255 0.2720642685890198 
vt 0.2262837290763855 0.265400230884552 
vt 0.22711291909217834 0.2587362229824066 
vt 0.22806057333946228 0.2519572973251343 
vt 0.22900821268558502 0.2452932745218277 
vt 0.23007431626319885 0.23862923681735992 
vt 0.2952251136302948 0.4384351372718811 
vt 0.2938036620616913 0.43234559893608093 
vt 0.29250064492225647 0.4263709485530853 
vt 0.29131606221199036 0.4203962981700897 
vt 0.2902499735355377 0.4144216477870941 
vt 0.2893023192882538 0.40856191515922546 
vt 0.28835466504096985 0.4027021527290344 
vt 0.2876439392566681 0.39684242010116577 
vt 0.28693321347236633 0.39098265767097473 
vt 0.2863409221172333 0.3851229250431061 
vt 0.2858670949935913 0.37926316261291504 
vt 0.28539326786994934 0.37351831793785095 
vt 0.28503790497779846 0.3676585853099823 
vt 0.28480100631713867 0.36179882287979126 
vt 0.2846825420856476 0.3560539782047272 
vt 0.2845640778541565 0.3501942455768585 
vt 0.2844456136226654 0.34444937109947205 
vt 0.2845640778541565 0.3385896384716034 
vt 0.2845640778541565 0.3328447937965393 
vt 0.28480100631713867 0.32698503136634827 
vt 0.28503790497779846 0.3211252987384796 
vt 0.28539326786994934 0.3153804540634155 
vt 0.2858670949935913 0.3095206916332245 
vt 0.2863409221172333 0.3037758469581604 
vt 0.28693321347236633 0.29791608452796936 
vt 0.287525475025177 0.2920563519001007 
vt 0.28835466504096985 0.28619658946990967 
vt 0.2891838550567627 0.280336856842041 
vt 0.29013150930404663 0.27447709441185 
vt 0.29119762778282166 0.26850247383117676 
vt 0.2923821806907654 0.2626427114009857 
vt 0.2935667335987091 0.2566680610179901 
vt 0.294988214969635 0.25057852268218994 
vt 0.3414229452610016 0.42453259229660034 
vt 0.339883029460907 0.4194771349430084 
vt 0.3383431136608124 0.41430675983428955 
vt 0.3368031680583954 0.40925130248069763 
vt 0.33550015091896057 0.4041958153247833 
vt 0.33431559801101685 0.39902547001838684 
vt 0.3333679437637329 0.3940848708152771 
vt 0.332420289516449 0.3890294134616852 
vt 0.33159109950065613 0.38397395610809326 
vt 0.3307619094848633 0.3790333867073059 
vt 0.3301696479320526 0.3739778995513916 
vt 0.32969582080841064 0.36903733015060425 
vt 0.3292219936847687 0.3640967607498169 
vt 0.3289850652217865 0.35915619134902954 
vt 0.3287481665611267 0.3542156219482422 
vt 0.3285112679004669 0.34927505254745483 
vt 0.3285112679004669 0.3443344831466675 
vt 0.3285112679004669 0.3393939137458801 
vt 0.3286297023296356 0.33456823229789734 
vt 0.3288666307926178 0.32962766289711 
vt 0.3292219936847687 0.32468709349632263 
vt 0.32957735657691956 0.3197465240955353 
vt 0.3301696479320526 0.3148059546947479 
vt 0.3307619094848633 0.309750497341156 
vt 0.3314726650714874 0.30480992794036865 
vt 0.3321833908557892 0.29975444078445435 
vt 0.3331310451030731 0.2946989834308624 
vt 0.33419713377952576 0.2896435260772705 
vt 0.33538171648979187 0.2845880389213562 
vt 0.3365662693977356 0.2795325815677643 
vt 0.3379877507686615 0.27447709441185 
vt 0.3395276665687561 0.2693067491054535 
vt 0.3411860466003418 0.2642512619495392 
vt 0.5245559215545654 0.6711015701293945 
vt 0.5330847501754761 0.6976427435874939 
vt 0.5170931816101074 0.6711015701293945 
vt 0.5084459185600281 0.6976427435874939 
vt 0.535572350025177 0.7178646326065063 
vt 0.5060768127441406 0.7178646326065063 
vt 0.5309525728225708 0.7226902842521667 
vt 0.5106965899467468 0.7226902842521667 
vt 0.7881205081939697 0.07547550648450851 
vt 0.7881205081939697 0.7570444941520691 
vt 0.7679830193519592 0.07547550648450851 
vt 0.7679830193519592 0.7570444941520691 
vt 0.9237526655197144 0.08179483562707901 
vt 0.9281355142593384 0.09454840421676636 
vt 0.9417579770088196 0.22231386601924896 
vt 0.9431794285774231 0.21484556794166565 
vt 0.9463777542114258 0.21162845194339752 
vt 0.9431794285774231 0.21484556794166565 
vt 0.9327552914619446 0.1004081517457962 
vt 0.9281355142593384 0.09454840421676636 
vt 0.9496945142745972 0.1544097363948822 
vt 0.9502868056297302 0.1544097363948822 
vt 0.9496945142745972 0.1795721799135208 
vt 0.9502868056297302 0.1795721799135208 
vt 0.9508790969848633 0.1795721799135208 
vt 0.9507606029510498 0.1544097363948822 
vt 0.9431794285774231 0.21484556794166565 
vt 0.9463777542114258 0.21162845194339752 
vt 0.9417579770088196 0.22231386601924896 
vt 0.9502868056297302 0.20703257620334625 
vt 0.9496945142745972 0.1795721799135208 
vt 0.9502868056297302 0.1795721799135208 
vt 0.9508790969848633 0.1795721799135208 
vt 0.9540773630142212 0.21162845194339752 
vt 0.9586971998214722 0.22231386601924896 
vt 0.9281355142593384 0.09454840421676636 
vt 0.9502868056297302 0.10477423667907715 
vt 0.9327552914619446 0.1004081517457962 
vt 0.9502868056297302 0.1544097363948822 
vt 0.7208375334739685 0.7895603775978088 
vt 0.7208375334739685 0.7895603775978088 
vt 0.475752055644989 0.6412283182144165 
vt 0.4711322784423828 0.6364026665687561 
vt 0.496008038520813 0.6412283182144165 
vt 0.5006278157234192 0.6364026665687561 
vt 0.47361984848976135 0.6160658597946167 
vt 0.49814024567604065 0.6160658597946167 
vt 0.482148677110672 0.5895246863365173 
vt 0.48961141705513 0.5895246863365173 
vt 0.9676998257637024 0.1004081517457962 
vt 0.9540773630142212 0.21162845194339752 
vt 0.9507606029510498 0.1544097363948822 
vt 0.9508790969848633 0.1795721799135208 
vt 0.14845813810825348 0.07053492963314056 
vt 0.16160675883293152 0.1577417552471161 
vt 0.15615777671337128 0.06938596069812775 
vt 0.16859565675258636 0.1564778834581375 
vt 0.16385741531848907 0.06835188716650009 
vt 0.1755845546722412 0.1553289145231247 
vt 0.17155705392360687 0.06731781363487244 
vt 0.18257346749305725 0.15429484844207764 
vt 0.17925669252872467 0.06639864295721054 
vt 0.1895623654127121 0.15326076745986938 
vt 0.18695633113384247 0.06559436023235321 
vt 0.19655127823352814 0.15245649218559265 
vt 0.19465596973896027 0.06479008495807648 
vt 0.20354017615318298 0.15165221691131592 
vt 0.20235562324523926 0.06410069763660431 
vt 0.21041062474250793 0.15096282958984375 
vt 0.21017371118068695 0.0635262131690979 
vt 0.21739952266216278 0.15027345716953278 
vt 0.21787334978580475 0.06295172870159149 
vt 0.22426997125148773 0.14969897270202637 
vt 0.22569145262241364 0.062492143362760544 
vt 0.23114041984081268 0.14923937618732452 
vt 0.23339109122753143 0.06214745342731476 
vt 0.23812933266162872 0.14889468252658844 
vt 0.24120917916297913 0.061802759766578674 
vt 0.24499978125095367 0.14854998886585236 
vt 0.249027281999588 0.06157296523451805 
vt 0.25187021493911743 0.14832019805908203 
vt 0.2567269206047058 0.061343174427747726 
vt 0.2587406635284424 0.1480904072523117 
vt 0.2645450234413147 0.061343174427747726 
vt 0.26561111211776733 0.14797550439834595 
vt 0.2723631262779236 0.061228275299072266 
vt 0.2724815607070923 0.14797550439834595 
vt 0.2800627648830414 0.061228275299072266 
vt 0.27935200929641724 0.14797550439834595 
vt 0.2878808379173279 0.061343174427747726 
vt 0.2862224578857422 0.1480904072523117 
vt 0.29569894075393677 0.06145806983113289 
vt 0.2932113707065582 0.14820531010627747 
vt 0.30339857935905457 0.06168786436319351 
vt 0.3000818192958832 0.1484351009130478 
vt 0.31121668219566345 0.0620325542986393 
vt 0.30695226788520813 0.14877979457378387 
vt 0.31891632080078125 0.06237724423408508 
vt 0.3138227164745331 0.14912448823451996 
vt 0.32673442363739014 0.06272193789482117 
vt 0.3208116292953491 0.1495840698480606 
vt 0.33443406224250793 0.06329642236232758 
vt 0.3276820778846741 0.15015855431556702 
vt 0.3422521650791168 0.06387090682983398 
vt 0.3346709609031677 0.15073303878307343 
vt 0.3499518036842346 0.0644453912973404 
vt 0.34165987372398376 0.1514224261045456 
vt 0.3577698767185211 0.06513477116823196 
vt 0.3486487865447998 0.15222670137882233 
vt 0.3654695153236389 0.0659390538930893 
vt 0.35563766956329346 0.15303097665309906 
vt 0.3731691539287567 0.06685823202133179 
vt 0.3626265823841095 0.15395015478134155 
vt 0.3809872567653656 0.06777740269899368 
vt 0.36961549520492554 0.1549842208623886 
vt 0.3886868953704834 0.06881147623062134 
vt 0.3767228424549103 0.15613320469856262 
vt 0.3963865339756012 0.06984554976224899 
vt 0.3837117552757263 0.15728217363357544 
vt 0.17368926107883453 0.21358169615268707 
vt 0.17973051965236664 0.2123178243637085 
vt 0.18577177822589874 0.21116885542869568 
vt 0.19193148612976074 0.21013478934764862 
vt 0.19797274470329285 0.20910070836544037 
vt 0.20413245260715485 0.20829643309116364 
vt 0.21029217541217804 0.2074921578168869 
vt 0.21645188331604004 0.20680277049541473 
vt 0.22261159121990204 0.20611339807510376 
vt 0.22888976335525513 0.20565380156040192 
vt 0.23504947125911713 0.20519421994686127 
vt 0.24120917916297913 0.20473462343215942 
vt 0.24748735129833221 0.2045048326253891 
vt 0.2537655234336853 0.20427504181861877 
vt 0.2599252462387085 0.20404525101184845 
vt 0.2662034034729004 0.2039303481578827 
vt 0.2724815607070923 0.2039303481578827 
vt 0.27875974774360657 0.2039303481578827 
vt 0.2849194407463074 0.20404525101184845 
vt 0.29119762778282166 0.20427504181861877 
vt 0.29747578501701355 0.2045048326253891 
vt 0.30375394225120544 0.20484952628612518 
vt 0.30991366505622864 0.20519421994686127 
vt 0.31619182229042053 0.20565380156040192 
vt 0.3224700093269348 0.20622828602790833 
vt 0.3286297023296356 0.20680277049541473 
vt 0.3347894251346588 0.2074921578168869 
vt 0.3410675823688507 0.20829643309116364 
vt 0.3472273051738739 0.20921561121940613 
vt 0.3533870279788971 0.21013478934764862 
vt 0.3595467209815979 0.21116885542869568 
vt 0.36558797955513 0.2123178243637085 
vt 0.3716292381286621 0.21358169615268707 
vt 0.9502868056297302 0.1544097363948822 
vt 0.9502868056297302 0.10477423667907715 
vt 0.9676998257637024 0.1004081517457962 
vt 0.9724380970001221 0.09454840421676636 
vt 0.6909866333007812 0.7612956762313843 
vt 0.6909866333007812 0.0797266960144043 
vt 0.6984493732452393 0.7612956762313843 
vt 0.6984493732452393 0.0797266960144043 
vt 0.42434215545654297 0.555055558681488 
vt 0.43073877692222595 0.555055558681488 
vt 0.42434215545654297 0.494619756937027 
vt 0.43073877692222595 0.494619756937027 
vt 0.9767025113105774 0.08179483562707901 
vt 0.9586971998214722 0.22231386601924896 
vt 0.9724380970001221 0.09454840421676636 
vt 0.9573941826820374 0.21484556794166565 
vt 0.7807762622833252 0.7971435785293579 
vt 0.7791178822517395 0.801164984703064 
vt 0.7781702280044556 0.8055310249328613 
vt 0.9540773630142212 0.21162845194339752 
vt 0.9676998257637024 0.1004081517457962 
vt 0.9573941826820374 0.21484556794166565 
vt 0.9724380970001221 0.09454840421676636 
vt 0.8180899024009705 0.7934668660163879 
vt 0.8205775022506714 0.7971435785293579 
vt 0.8230650424957275 0.8055310249328613 
vt 0.8222358822822571 0.8142632246017456 
vt 0.8205775022506714 0.8183994889259338 
vt 0.5079721212387085 0.533569872379303 
vt 0.504063069820404 0.533569872379303 
vt 0.5079721212387085 0.4426863193511963 
vt 0.504063069820404 0.4426863193511963 
vt 0.48771610856056213 0.533569872379303 
vt 0.48771610856056213 0.4426863193511963 
vt 0.46627557277679443 0.533569872379303 
vt 0.46627557277679443 0.4426863193511963 
vt 0.8681967854499817 0.5167948603630066 
vt 0.8441502451896667 0.5416126251220703 
vt 0.8726981282234192 0.5212758779525757 
vt 0.847822368144989 0.5448297262191772 
vt 0.8769625425338745 0.5259866118431091 
vt 0.8512575626373291 0.5481617450714111 
vt 0.8809900283813477 0.5308123230934143 
vt 0.8544558882713318 0.551608681678772 
vt 0.8847806453704834 0.5357528924942017 
vt 0.8574172854423523 0.5552853941917419 
vt 0.8882158398628235 0.5409232378005981 
vt 0.8602602481842041 0.5589621067047119 
vt 0.8915325999259949 0.5463234186172485 
vt 0.8627477884292603 0.562868595123291 
vt 0.8944939970970154 0.5518384575843811 
vt 0.864998459815979 0.5667750835418701 
vt 0.8972185254096985 0.5574684143066406 
vt 0.8670122027397156 0.5707964897155762 
vt 0.8997060656547546 0.5632132887840271 
vt 0.8687890768051147 0.5750476717948914 
vt 0.9018383026123047 0.5690730214118958 
vt 0.8703290224075317 0.5791839361190796 
vt 0.9036151170730591 0.5751625299453735 
vt 0.8716320395469666 0.5835500359535217 
vt 0.9050366282463074 0.5812520980834961 
vt 0.8726981282234192 0.5879161357879639 
vt 0.9062211513519287 0.5873416662216187 
vt 0.8735272884368896 0.592282235622406 
vt 0.907050371170044 0.5935460925102234 
vt 0.8741195797920227 0.5967631936073303 
vt 0.9075241684913635 0.5998654365539551 
vt 0.8744749426841736 0.6012441515922546 
vt 0.9077610969543457 0.606184720993042 
vt 0.8745934367179871 0.6057251691818237 
vt 0.9074057340621948 0.6125040650367737 
vt 0.8744749426841736 0.610206127166748 
vt 0.9068134427070618 0.6187084913253784 
vt 0.874001145362854 0.6146871447563171 
vt 0.9057473540306091 0.6249129772186279 
vt 0.873408854007721 0.6191681027412415 
vt 0.9044443368911743 0.6310024857521057 
vt 0.8725796937942505 0.6235342025756836 
vt 0.9029043912887573 0.6370920538902283 
vt 0.8713951110839844 0.6277853846549988 
vt 0.9010090827941895 0.6429517865180969 
vt 0.8700920939445496 0.632036566734314 
vt 0.8987584114074707 0.6488115191459656 
vt 0.8684337139129639 0.6362877488136292 
vt 0.8962708711624146 0.6544414758682251 
vt 0.8666568398475647 0.6404240727424622 
vt 0.8934279084205627 0.6599565148353577 
vt 0.8645246624946594 0.6443305611610413 
vt 0.8903480768203735 0.6653566956520081 
vt 0.8622739911079407 0.6482370495796204 
vt 0.8870313167572021 0.6705270409584045 
vt 0.8597863912582397 0.6520286202430725 
vt 0.8833591341972351 0.6755825281143188 
vt 0.8570619225502014 0.6557053327560425 
vt 0.8795685768127441 0.6804081797599792 
vt 0.8541005253791809 0.6592671871185303 
vt 0.875541090965271 0.6850041151046753 
vt 0.8509021997451782 0.6627140641212463 
vt 0.8712766766548157 0.6894850730895996 
vt 0.8474670052528381 0.6659311652183533 
vt 0.8667753338813782 0.6938511729240417 
vt 0.8437948822975159 0.669033408164978 
vt 0.8279217481613159 0.5650516152381897 
vt 0.8301724195480347 0.5666601657867432 
vt 0.8321861624717712 0.5684985518455505 
vt 0.8341999053955078 0.5705666542053223 
vt 0.8360952138900757 0.5727497339248657 
vt 0.8378720283508301 0.5750476717948914 
vt 0.8395304679870605 0.5774604678153992 
vt 0.8409519195556641 0.5798733234405518 
vt 0.8422549366950989 0.5825159549713135 
vt 0.8434394598007202 0.5851585865020752 
vt 0.8445056080818176 0.5879161357879639 
vt 0.8453347682952881 0.5907885432243347 
vt 0.8460454940795898 0.5936609506607056 
vt 0.8465193510055542 0.5965334177017212 
vt 0.8468747138977051 0.599520742893219 
vt 0.8471116423606873 0.6025080680847168 
vt 0.8471116423606873 0.6054953932762146 
vt 0.8471116423606873 0.6084826588630676 
vt 0.8468747138977051 0.6113551259040833 
vt 0.8465193510055542 0.614342451095581 
vt 0.8460454940795898 0.6172148585319519 
vt 0.8453347682952881 0.6200872659683228 
vt 0.8445056080818176 0.6229597330093384 
vt 0.8434394598007202 0.6257172226905823 
vt 0.8423733711242676 0.628359854221344 
vt 0.8410703539848328 0.6308876276016235 
vt 0.8395304679870605 0.6334153413772583 
vt 0.8379905223846436 0.6358281970024109 
vt 0.8362136483192444 0.6380112171173096 
vt 0.8343183994293213 0.6401942372322083 
vt 0.8323045969009399 0.6421474814414978 
vt 0.8301724195480347 0.6439858675003052 
vt 0.8279217481613159 0.6457093358039856 
vt 0.1237008348107338 0.712809145450592 
vt 0.1237008348107338 0.7734747529029846 
vt 0.1635020524263382 0.7105112075805664 
vt 0.1635020524263382 0.7734747529029846 
vt 0.910485565662384 0.21806268393993378 
vt 0.9040889739990234 0.21806268393993378 
vt 0.9087087512016296 0.24483367800712585 
vt 0.9059842824935913 0.24483367800712585 
vt 0.07999056577682495 0.7642830014228821 
vt 0.07999056577682495 0.7632489204406738 
vt 0.04018935188651085 0.7662362456321716 
vt 0.03556956723332405 0.7632489204406738 
vt 0.03592493757605553 0.7652022242546082 
vt 0.03272662311792374 0.7632489204406738 
vt 0.44779643416404724 0.030895467847585678 
vt 0.48570236563682556 0.0620325542986393 
vt 0.44282129406929016 0.07007534801959991 
vt 0.48285943269729614 0.09328453987836838 
vt 0.4849916398525238 0.09960387647151947 
vt 0.4376092255115509 0.07570529729127884 
vt 0.43559548258781433 0.07363715022802353 
vt 0.43985989689826965 0.06858168542385101 
vt 0.4455457925796509 0.028597528114914894 
vt 0.44779643416404724 0.030895467847585678 
vt 0.4881899356842041 0.0611133798956871 
vt 0.48570236563682556 0.0620325542986393 
vt 0.44898101687431335 0.025839999318122864 
vt 0.44779643416404724 0.030895467847585678 
vt 0.4455457925796509 0.028597528114914894 
vt 0.4849916398525238 0.09960387647151947 
vt 0.48285943269729614 0.09328453987836838 
vt 0.4881899356842041 0.0611133798956871 
vt 0.48570236563682556 0.0620325542986393 
vt 0.4971925914287567 0.17428691685199738 
vt 0.4971925914287567 0.11132337152957916 
vt 0.49340200424194336 0.17428691685199738 
vt 0.49340200424194336 0.11132337152957916 
vt 0.48901912569999695 0.17428691685199738 
vt 0.48901912569999695 0.11132337152957916 
vt 0.4364246726036072 0.7843899726867676 
vt 0.48593929409980774 0.7843899726867676 
vt 0.4364246726036072 0.75313800573349 
vt 0.48593929409980774 0.75313800573349 
vt 0.4364246726036072 0.7139581441879272 
vt 0.48593929409980774 0.7139581441879272 
vt 0.4364246726036072 0.6867275238037109 
vt 0.48593929409980774 0.6867275238037109 
vt 0.4364246726036072 0.6769613027572632 
vt 0.48593929409980774 0.6769613027572632 
vt 0.4364246726036072 0.672710120677948 
vt 0.48593929409980774 0.672710120677948 
vt 0.5253851413726807 0.3704161047935486 
vt 0.5504977703094482 0.3397386074066162 
vt 0.5741890072822571 0.37650564312934875 
vt 0.5949187874794006 0.35283684730529785 
vt 0.6008415818214417 0.35007932782173157 
vt 0.5509716272354126 0.33215540647506714 
vt 0.5480102300643921 0.33215540647506714 
vt 0.5472995042800903 0.33870452642440796 
vt 0.522186815738678 0.370301216840744 
vt 0.5253851413726807 0.3704161047935486 
vt 0.08496572077274323 0.16084396839141846 
vt 0.08709792792797089 0.16084396839141846 
vt 0.05961613729596138 0.12625998258590698 
vt 0.06364364176988602 0.12625998258590698 
vt 0.11517199873924255 0.12625998258590698 
vt 0.13862629234790802 0.16084396839141846 
vt 0.04931046441197395 0.7843899726867676 
vt 0.04611215367913246 0.7863432168960571 
vt 0.053574878722429276 0.7833558917045593 
vt 0.048955097794532776 0.7863432168960571 
vt 0.09349454939365387 0.7838155031204224 
vt 0.5741890072822571 0.37650564312934875 
vt 0.5949187874794006 0.35283684730529785 
vt 0.5752550959587097 0.37891846895217896 
vt 0.6008415818214417 0.35007932782173157 
vt 0.5182777643203735 0.37018629908561707 
vt 0.522186815738678 0.370301216840744 
vt 0.5226606130599976 0.37478217482566833 
vt 0.5253851413726807 0.3704161047935486 
vt 0.5741890072822571 0.37650564312934875 
vt 0.7207190990447998 0.7889858484268188 
vt 0.7207190990447998 0.7891007661819458 
vt 0.7254573106765747 0.7916284799575806 
vt 0.7254573106765747 0.7918583154678345 
vt 0.7509253621101379 0.7903646230697632 
vt 0.7509253621101379 0.7932370901107788 
vt 0.7208375334739685 0.7891007661819458 
vt 0.725338876247406 0.7922030091285706 
vt 0.7506884336471558 0.7959945797920227 
vt 0.7208375334739685 0.7892156839370728 
vt 0.7252203822135925 0.7924327850341797 
vt 0.7500961422920227 0.7987521290779114 
vt 0.7208375334739685 0.7892156839370728 
vt 0.7251019477844238 0.7927774786949158 
vt 0.7492669820785522 0.8015096187591553 
vt 0.7208375334739685 0.7892156839370728 
vt 0.7249835133552551 0.7931221723556519 
vt 0.7482008934020996 0.804152250289917 
vt 0.7208375334739685 0.7893305420875549 
vt 0.724746584892273 0.793351948261261 
vt 0.7468978762626648 0.8066800236701965 
vt 0.7208375334739685 0.7893305420875549 
vt 0.7246280908584595 0.7935817837715149 
vt 0.7453579306602478 0.8089779615402222 
vt 0.7208375334739685 0.7893305420875549 
vt 0.7243912220001221 0.793811559677124 
vt 0.7435810565948486 0.8112758994102478 
vt 0.7208375334739685 0.7893305420875549 
vt 0.7241542935371399 0.7940413355827332 
vt 0.7415673136711121 0.8132291436195374 
vt 0.7208375334739685 0.7894454598426819 
vt 0.723798930644989 0.7942711114883423 
vt 0.7393166422843933 0.8150674700737 
vt 0.7208375334739685 0.7894454598426819 
vt 0.7235620021820068 0.7945009469985962 
vt 0.7369475364685059 0.8166760802268982 
vt 0.7208375334739685 0.7894454598426819 
vt 0.723206639289856 0.7946158051490784 
vt 0.7344599962234497 0.8179399371147156 
vt 0.7208375334739685 0.7895603775978088 
vt 0.7229697108268738 0.7948456406593323 
vt 0.7317354679107666 0.819088876247406 
vt 0.7208375334739685 0.7895603775978088 
vt 0.7226143479347229 0.7948456406593323 
vt 0.7290109992027283 0.8198931813240051 
vt 0.7208375334739685 0.7895603775978088 
vt 0.722258985042572 0.7949604988098145 
vt 0.7262865304946899 0.8204676508903503 
vt 0.7208375334739685 0.7895603775978088 
vt 0.7219036221504211 0.7950754165649414 
vt 0.7234435677528381 0.8206974267959595 
vt 0.7208375334739685 0.7895603775978088 
vt 0.7215482592582703 0.7950754165649414 
vt 0.7206006050109863 0.8206974267959595 
vt 0.7207190990447998 0.7895603775978088 
vt 0.7211928963661194 0.7950754165649414 
vt 0.717876136302948 0.8204676508903503 
vt 0.7207190990447998 0.7895603775978088 
vt 0.7208375334739685 0.7950754165649414 
vt 0.7150331735610962 0.8198931813240051 
vt 0.7207190990447998 0.7895603775978088 
vt 0.7206006050109863 0.7949604988098145 
vt 0.7124271392822266 0.819088876247406 
vt 0.7207190990447998 0.7895603775978088 
vt 0.7202452421188354 0.7949604988098145 
vt 0.7098211050033569 0.8180547952651978 
vt 0.7207190990447998 0.7895603775978088 
vt 0.7198898792266846 0.7948456406593323 
vt 0.7073335647583008 0.8167909383773804 
vt 0.7207190990447998 0.7894454598426819 
vt 0.7195345163345337 0.7946158051490784 
vt 0.7049643993377686 0.8152973055839539 
vt 0.7206006050109863 0.7894454598426819 
vt 0.7192975878715515 0.7945009469985962 
vt 0.7028322219848633 0.8134589195251465 
vt 0.7206006050109863 0.7894454598426819 
vt 0.7190606594085693 0.7943860292434692 
vt 0.7008184790611267 0.8116205930709839 
vt 0.7206006050109863 0.7893305420875549 
vt 0.7187052965164185 0.7941562533378601 
vt 0.6990416049957275 0.8094375133514404 
vt 0.7206006050109863 0.7893305420875549 
vt 0.7185868620872498 0.7939264178276062 
vt 0.6973832249641418 0.8072544932365417 
vt 0.7206006050109863 0.7892156839370728 
vt 0.7183499336242676 0.7936966419219971 
vt 0.696080207824707 0.8048416376113892 
vt 0.7206006050109863 0.7892156839370728 
vt 0.7181130647659302 0.7934668660163879 
vt 0.6950141191482544 0.8023139238357544 
vt 0.7207190990447998 0.7891007661819458 
vt 0.7179945707321167 0.7932370901107788 
vt 0.6941848993301392 0.7996712923049927 
vt 0.7207190990447998 0.7891007661819458 
vt 0.717876136302948 0.7928923964500427 
vt 0.6934741735458374 0.797028660774231 
vt 0.7177576422691345 0.7926625609397888 
vt 0.6932373046875 0.7943860292434692 
vt 0.5091566443443298 0.940190315246582 
vt 0.3228253722190857 0.9408797025680542 
vt 0.5105781555175781 0.9427180886268616 
vt 0.3224700093269348 0.9427180886268616 
vt 0.032608166337013245 0.5039263963699341 
vt 0.223085418343544 0.5031221508979797 
vt 0.032608166337013245 0.5073733329772949 
vt 0.22355924546718597 0.5065690279006958 
vt 0.032608166337013245 0.510820209980011 
vt 0.22391460835933685 0.5100159645080566 
vt 0.032608166337013245 0.5142671465873718 
vt 0.22426997125148773 0.5134628415107727 
vt 0.032608166337013245 0.5177140831947327 
vt 0.2246253490447998 0.5169097781181335 
vt 0.032608166337013245 0.5211609601974487 
vt 0.2248622626066208 0.5204715728759766 
vt 0.032608166337013245 0.5246078968048096 
vt 0.22521762549877167 0.5239185094833374 
vt 0.032608166337013245 0.5280547738075256 
vt 0.22545453906059265 0.5273653864860535 
vt 0.032608166337013245 0.5313867926597595 
vt 0.22569145262241364 0.5309272408485413 
vt 0.032608166337013245 0.5348337292671204 
vt 0.22592836618423462 0.5344890356063843 
vt 0.032608166337013245 0.5382806062698364 
vt 0.22604681551456451 0.5380508303642273 
vt 0.032608166337013245 0.5417275428771973 
vt 0.2261652648448944 0.5414977073669434 
vt 0.032608166337013245 0.5451744198799133 
vt 0.2262837290763855 0.5450595617294312 
vt 0.032608166337013245 0.5486213564872742 
vt 0.2264021784067154 0.5486213564872742 
vt 0.032608166337013245 0.5520682334899902 
vt 0.2264021784067154 0.5521831512451172 
vt 0.032608166337013245 0.5555151700973511 
vt 0.22652064263820648 0.5557449460029602 
vt 0.032608166337013245 0.5589621067047119 
vt 0.22652064263820648 0.559306800365448 
vt 0.032608166337013245 0.562408983707428 
vt 0.22652064263820648 0.562868595123291 
vt 0.032608166337013245 0.5658559203147888 
vt 0.2264021784067154 0.566430389881134 
vt 0.032608166337013245 0.5693027973175049 
vt 0.2264021784067154 0.569992184638977 
vt 0.032608166337013245 0.5726348161697388 
vt 0.2262837290763855 0.5735539793968201 
vt 0.032608166337013245 0.5760817527770996 
vt 0.2261652648448944 0.5771158337593079 
vt 0.032608166337013245 0.5795286297798157 
vt 0.22604681551456451 0.5806776285171509 
vt 0.03248971328139305 0.5829755663871765 
vt 0.22580990195274353 0.5841245055198669 
vt 0.03248971328139305 0.5864224433898926 
vt 0.22557298839092255 0.58768630027771 
vt 0.03248971328139305 0.5898693799972534 
vt 0.22533607482910156 0.5912481546401978 
vt 0.03248971328139305 0.5933162569999695 
vt 0.22509916126728058 0.5946950316429138 
vt 0.03248971328139305 0.5967631936073303 
vt 0.2248622626066208 0.5982568264007568 
vt 0.03237125650048256 0.6002101302146912 
vt 0.22450688481330872 0.6017037630081177 
vt 0.03237125650048256 0.6036570072174072 
vt 0.22415152192115784 0.6051506996154785 
vt 0.03237125650048256 0.6069890260696411 
vt 0.22379615902900696 0.6085975766181946 
vt 0.03237125650048256 0.610435962677002 
vt 0.223322331905365 0.6120445132255554 
vt 0.03225279971957207 0.613882839679718 
vt 0.22296695411205292 0.6154913902282715 
vt 0.29783114790916443 0.4840492308139801 
vt 0.2986603379249573 0.48898980021476746 
vt 0.2994895279407501 0.4939303696155548 
vt 0.3000818192958832 0.49887093901634216 
vt 0.30067411065101624 0.503696620464325 
vt 0.3012663722038269 0.5085222721099854 
vt 0.30174019932746887 0.5132330656051636 
vt 0.30209556221961975 0.5179438591003418 
vt 0.30245092511177063 0.52265465259552 
vt 0.3028063178062439 0.5273653864860535 
vt 0.3030432164669037 0.5319612622261047 
vt 0.3032801151275635 0.536557137966156 
vt 0.30339857935905457 0.541153073310852 
vt 0.30351704359054565 0.5457489490509033 
vt 0.30363550782203674 0.5503448247909546 
vt 0.30363550782203674 0.5549407005310059 
vt 0.30363550782203674 0.5595365762710571 
vt 0.30363550782203674 0.5641324520111084 
vt 0.30351704359054565 0.5687283277511597 
vt 0.30339857935905457 0.5733242034912109 
vt 0.3032801151275635 0.5779200792312622 
vt 0.3030432164669037 0.5825159549713135 
vt 0.3028063178062439 0.5872267484664917 
vt 0.30245092511177063 0.591822624206543 
vt 0.30221402645111084 0.5965334177017212 
vt 0.30174019932746887 0.6012441515922546 
vt 0.301384836435318 0.6059549450874329 
vt 0.30079254508018494 0.6106657385826111 
vt 0.30020028352737427 0.6154913902282715 
vt 0.2996079921722412 0.6203171014785767 
vt 0.29889726638793945 0.6251427531242371 
vt 0.2980680763721466 0.6300833225250244 
vt 0.29712042212486267 0.6350238919258118 
vt 0.3169025778770447 0.48152148723602295 
vt 0.31725794076919556 0.4868067502975464 
vt 0.31761330366134644 0.49197712540626526 
vt 0.3179686665534973 0.4970325827598572 
vt 0.3183240294456482 0.5020880699157715 
vt 0.31856095790863037 0.5070286393165588 
vt 0.31891632080078125 0.5119692087173462 
vt 0.31915321946144104 0.5167948603630066 
vt 0.3193901479244232 0.5216205716133118 
vt 0.319627046585083 0.5264462232589722 
vt 0.3197455108165741 0.5312718749046326 
vt 0.3199824094772339 0.5359826683998108 
vt 0.320100873708725 0.540693461894989 
vt 0.320100873708725 0.5454042553901672 
vt 0.32021933794021606 0.5502299070358276 
vt 0.32021933794021606 0.5549407005310059 
vt 0.32021933794021606 0.5596514344215393 
vt 0.32021933794021606 0.5643622279167175 
vt 0.32021933794021606 0.5690730214118958 
vt 0.320100873708725 0.573783814907074 
vt 0.3199824094772339 0.5784945487976074 
vt 0.3197455108165741 0.5833202600479126 
vt 0.319627046585083 0.588030993938446 
vt 0.3193901479244232 0.5928567051887512 
vt 0.31915321946144104 0.5976823568344116 
vt 0.31891632080078125 0.6025080680847168 
vt 0.31856095790863037 0.6073337197303772 
vt 0.3182055950164795 0.6122742891311646 
vt 0.3178502023220062 0.6172148585319519 
vt 0.31749483942985535 0.6222703456878662 
vt 0.3170210123062134 0.6274406909942627 
vt 0.3165471851825714 0.6326110363006592 
vt 0.31607338786125183 0.6378962993621826 
vt 0.37897351384162903 0.48152148723602295 
vt 0.37849968671798706 0.4868067502975464 
vt 0.3781443238258362 0.4918622374534607 
vt 0.3777889609336853 0.49680280685424805 
vt 0.3776704967021942 0.5017433762550354 
vt 0.3775520324707031 0.5065690279006958 
vt 0.3774335980415344 0.511394739151001 
vt 0.3774335980415344 0.5162203907966614 
vt 0.3774335980415344 0.5210460424423218 
vt 0.3774335980415344 0.5257568359375 
vt 0.3774335980415344 0.5305825471878052 
vt 0.3774335980415344 0.5354081988334656 
vt 0.3775520324707031 0.540233850479126 
vt 0.3775520324707031 0.5450595617294312 
vt 0.3775520324707031 0.5498852133750916 
vt 0.3776704967021942 0.554710865020752 
vt 0.3776704967021942 0.5595365762710571 
vt 0.3776704967021942 0.5643622279167175 
vt 0.3776704967021942 0.5691879391670227 
vt 0.3776704967021942 0.5740135908126831 
vt 0.3776704967021942 0.5788392424583435 
vt 0.3776704967021942 0.5836649537086487 
vt 0.3776704967021942 0.588605523109436 
vt 0.3776704967021942 0.5934311747550964 
vt 0.3776704967021942 0.5983717441558838 
vt 0.3776704967021942 0.6031973958015442 
vt 0.3777889609336853 0.6081380248069763 
vt 0.3777889609336853 0.6130785942077637 
vt 0.3780258595943451 0.6181340217590332 
vt 0.3781443238258362 0.6231895089149475 
vt 0.37838122248649597 0.6282449960708618 
vt 0.37873658537864685 0.6335302591323853 
vt 0.3790919780731201 0.6389303803443909 
vt 0.3901083767414093 0.48358964920043945 
vt 0.38916072249412537 0.4881855249404907 
vt 0.3885684609413147 0.49289631843566895 
vt 0.38821306824684143 0.4974921941757202 
vt 0.38797616958618164 0.5020880699157715 
vt 0.38785770535469055 0.5067988634109497 
vt 0.38773924112319946 0.5115095973014832 
vt 0.38773924112319946 0.5162203907966614 
vt 0.38773924112319946 0.5209311842918396 
vt 0.38785770535469055 0.5257568359375 
vt 0.38785770535469055 0.5304676294326782 
vt 0.38797616958618164 0.5352932810783386 
vt 0.38797616958618164 0.5401189923286438 
vt 0.38809463381767273 0.5449446439743042 
vt 0.38809463381767273 0.5497702956199646 
vt 0.38821306824684143 0.5545960068702698 
vt 0.38821306824684143 0.5594216585159302 
vt 0.38821306824684143 0.5642473697662354 
vt 0.38821306824684143 0.5691879391670227 
vt 0.38821306824684143 0.5740135908126831 
vt 0.3883315324783325 0.5788392424583435 
vt 0.3883315324783325 0.5836649537086487 
vt 0.3883315324783325 0.588605523109436 
vt 0.3883315324783325 0.5934311747550964 
vt 0.3883315324783325 0.5982568264007568 
vt 0.3883315324783325 0.603082537651062 
vt 0.3884499967098236 0.6079081892967224 
vt 0.3885684609413147 0.6127339005470276 
vt 0.3886868953704834 0.617559552192688 
vt 0.3889238238334656 0.6223852038383484 
vt 0.38939765095710754 0.6272109150886536 
vt 0.3899899125099182 0.6321514844894409 
vt 0.39093756675720215 0.6372069120407104 
vt 0.3946096897125244 0.48485350608825684 
vt 0.39366206526756287 0.48898980021476746 
vt 0.3931882381439209 0.4933559000492096 
vt 0.39283287525177 0.49772197008132935 
vt 0.39271441102027893 0.5023178458213806 
vt 0.39271441102027893 0.5069137215614319 
vt 0.39247748255729675 0.5116245150566101 
vt 0.39259594678878784 0.5162203907966614 
vt 0.39259594678878784 0.5209311842918396 
vt 0.39271441102027893 0.5256419777870178 
vt 0.39283287525177 0.5304676294326782 
vt 0.39283287525177 0.5351784229278564 
vt 0.3929513096809387 0.5400040745735168 
vt 0.3930697739124298 0.5448297262191772 
vt 0.3930697739124298 0.5497702956199646 
vt 0.3931882381439209 0.5545960068702698 
vt 0.3931882381439209 0.5594216585159302 
vt 0.3931882381439209 0.5642473697662354 
vt 0.393306702375412 0.5691879391670227 
vt 0.393306702375412 0.5740135908126831 
vt 0.393306702375412 0.5788392424583435 
vt 0.393306702375412 0.5836649537086487 
vt 0.393306702375412 0.588605523109436 
vt 0.393306702375412 0.5934311747550964 
vt 0.393306702375412 0.5982568264007568 
vt 0.393306702375412 0.603082537651062 
vt 0.393306702375412 0.6077933311462402 
vt 0.3934251368045807 0.6126189827919006 
vt 0.3935436010360718 0.6173297762870789 
vt 0.39389896392822266 0.6220405101776123 
vt 0.39425432682037354 0.6266363859176636 
vt 0.3949650824069977 0.6313471794128418 
vt 0.39591270685195923 0.6358281970024109 
vt 0.5931419730186462 0.8611412048339844 
vt 0.5933789014816284 0.862979531288147 
vt 0.780539333820343 0.8786055445671082 
vt 0.7788809537887573 0.8810184001922607 
vt 0.7657323479652405 0.8464343547821045 
vt 0.7259311079978943 0.8444811105728149 
vt 0.7657323479652405 0.8473535776138306 
vt 0.7213113307952881 0.8473535776138306 
vt 0.721666693687439 0.8454002737998962 
vt 0.718468427658081 0.8473535776138306 
vt 0.936664342880249 0.39902547001838684 
vt 0.936664342880249 0.46198901534080505 
vt 0.933821439743042 0.39902547001838684 
vt 0.933821439743042 0.46198901534080505 
vt 0.9132100939750671 0.9535183906555176 
vt 0.9132100939750671 0.7502655982971191 
vt 0.9095379114151001 0.9535183906555176 
vt 0.9102486968040466 0.7503804564476013 
vt 0.9040889739990234 0.9535183906555176 
vt 0.9044443368911743 0.7504953742027283 
vt 0.8969815969467163 0.9535183906555176 
vt 0.8972185254096985 0.7504953742027283 
vt 0.875541090965271 0.9535183906555176 
vt 0.875541090965271 0.7499209046363831 
vt 0.8488884568214417 0.9535183906555176 
vt 0.8492438197135925 0.7493464350700378 
vt 0.8259080052375793 0.9535183906555176 
vt 0.8259080052375793 0.7483123540878296 
vt 0.9059842824935913 0.7426823973655701 
vt 0.9012460112571716 0.7433717846870422 
vt 0.8950862884521484 0.7434866428375244 
vt 0.8764886856079102 0.7430270910263062 
vt 0.8539820909500122 0.7426823973655701 
vt 0.8341999053955078 0.7415333986282349 
vt 0.8979292511940002 0.7393503785133362 
vt 0.8930725455284119 0.7394652962684631 
vt 0.8780286312103271 0.7390056848526001 
vt 0.8600233197212219 0.7388907670974731 
vt 0.8443871140480042 0.7377418279647827 
vt 0.8915325999259949 0.7354438900947571 
vt 0.8857282996177673 0.7352140545845032 
vt 0.8786209225654602 0.7347545027732849 
vt 0.8725796937942505 0.7342948913574219 
vt 0.8935464024543762 0.7353289723396301 
vt 0.9016013741493225 0.7385460734367371 
vt 0.8949678540229797 0.734984278678894 
vt 0.9030228853225708 0.7380865216255188 
vt 0.8954416513442993 0.7347545027732849 
vt 0.9081164598464966 0.7421079277992249 
vt 0.7754457592964172 0.9669613242149353 
vt 0.7737873792648315 0.9643186926841736 
vt 0.5809410214424133 0.9555865526199341 
vt 0.5814148187637329 0.9534034729003906 
vt 0.5717014074325562 0.9490373730659485 
vt 0.5727675557136536 0.9478884339332581 
vt 0.5675554871559143 0.9428329467773438 
vt 0.5685031414031982 0.9423733949661255 
vt 0.5650678873062134 0.9338709712028503 
vt 0.5654232501983643 0.9337561130523682 
vt 0.5644755959510803 0.9334114193916321 
vt 0.5657786130905151 0.9331815838813782 
vt 0.5634095072746277 0.9320326447486877 
vt 0.5662524700164795 0.9316879510879517 
vt 0.5628172159194946 0.9298496246337891 
vt 0.5666078329086304 0.9296197891235352 
vt 0.5629356503486633 0.9229557514190674 
vt 0.5667262673377991 0.9231855869293213 
vt 0.5643571615219116 0.914568305015564 
vt 0.5672001242637634 0.9150278568267822 
vt 0.5675554871559143 0.9075595736503601 
vt 0.5680292844772339 0.9076744914054871 
vt 0.5763211846351624 0.8787204027175903 
vt 0.5772688388824463 0.8791800141334534 
vt 0.5827178359031677 0.8683797121047974 
vt 0.5836654901504517 0.8692988753318787 
vt 0.5931419730186462 0.8611412048339844 
vt 0.5933789014816284 0.862979531288147 
vt 0.5692138671875 0.9407647848129272 
vt 0.5703983902931213 0.9368582963943481 
vt 0.5707537531852722 0.9316879510879517 
vt 0.5719383358955383 0.9151427745819092 
vt 0.5752550959587097 0.8954954147338867 
vt 0.5744259357452393 0.9406499266624451 
vt 0.5750181674957275 0.9342156648635864 
vt 0.5765581130981445 0.9139938354492188 
vt 0.5803487300872803 0.8902101516723633 
vt 0.5836654901504517 0.8692988753318787 
vt 0.5822439789772034 0.9369732141494751 
vt 0.5840208530426025 0.9141086935997009 
vt 0.5884037017822266 0.8866482973098755 
vt 0.5933789014816284 0.862979531288147 
vt 0.7769856452941895 0.9469692707061768 
vt 0.780539333820343 0.9270920753479004 
vt 0.7804208993911743 0.9023892283439636 
vt 0.7788809537887573 0.8810184001922607 
vt 0.7750903964042664 0.9548971652984619 
vt 0.5818886160850525 0.9444414973258972 
vt 0.774024248123169 0.9606419801712036 
vt 0.5816517472267151 0.9503012895584106 
vt 0.7737873792648315 0.9643186926841736 
vt 0.5814148187637329 0.9534034729003906 
vt 0.5733597874641418 0.9458202719688416 
vt 0.7803024649620056 0.8790650963783264 
vt 0.7788809537887573 0.8810184001922607 
vt 0.7906081080436707 0.899976372718811 
vt 0.7807762622833252 0.9023892283439636 
vt 0.7946355938911438 0.9276665449142456 
vt 0.7808946967124939 0.9270920753479004 
vt 0.7930957078933716 0.951105535030365 
vt 0.7771041393280029 0.9469692707061768 
vt 0.788002073764801 0.961905837059021 
vt 0.7752088308334351 0.9548971652984619 
vt 0.7807762622833252 0.9662719368934631 
vt 0.7741427421569824 0.9606419801712036 
vt 0.7754457592964172 0.9668464064598083 
vt 0.7739058136940002 0.9643186926841736 
vt 0.5290572643280029 0.05077264830470085 
vt 0.5333216786384583 0.051691826432943344 
vt 0.5257405042648315 0.048819400370121 
vt 0.5285834670066833 0.048819400370121 
vt 0.44909945130348206 0.2069176733493805 
vt 0.4528900682926178 0.2069176733493805 
vt 0.44909945130348206 0.14406901597976685 
vt 0.4528900682926178 0.14406901597976685 
vt 0.4571544826030731 0.2069176733493805 
vt 0.4571544826030731 0.14406901597976685 
vt 0.06257753819227219 0.7257925271987915 
vt 0.10249720513820648 0.7257925271987915 
vt 0.06257753819227219 0.6628289818763733 
vt 0.10249720513820648 0.6651269197463989 
vt 0.5136579871177673 0.8541324734687805 
vt 0.31903478503227234 0.8474684357643127 
vt 0.5117626786231995 0.8566601872444153 
vt 0.3193901479244232 0.8497663736343384 
vt 0.3092029392719269 0.8532133102416992 
vt 0.3101505637168884 0.8543622493743896 
vt 0.3045831322669983 0.8589581251144409 
vt 0.3055307865142822 0.8595326542854309 
vt 0.3106243908405304 0.8566601872444153 
vt 0.3060046136379242 0.8612560629844666 
vt 0.31121668219566345 0.8618305921554565 
vt 0.30683380365371704 0.8652774691581726 
vt 0.31121668219566345 0.8682647943496704 
vt 0.30671533942222595 0.8704478740692139 
vt 0.3108613193035126 0.8884866833686829 
vt 0.3063599765300751 0.8869929909706116 
vt 0.3124012351036072 0.9126150608062744 
vt 0.30789992213249207 0.9068701863288879 
vt 0.313704252243042 0.9336411952972412 
vt 0.30825528502464294 0.9233004450798035 
vt 0.3012663722038269 0.8676903247833252 
vt 0.3016217350959778 0.8678052425384521 
vt 0.30185866355895996 0.8683797121047974 
vt 0.30233249068260193 0.8698733448982239 
vt 0.30233249068260193 0.8720564246177673 
vt 0.30197709798812866 0.8784906268119812 
vt 0.3016217350959778 0.8866482973098755 
vt 0.30174019932746887 0.8940017223358154 
vt 0.3074260950088501 0.9236451387405396 
vt 0.3012663722038269 0.8941166400909424 
vt 0.30067411065101624 0.8680350184440613 
vt 0.2994895279407501 0.8692988753318787 
vt 0.2986603379249573 0.8714818954467773 
vt 0.2981865108013153 0.878375768661499 
vt 0.29877880215644836 0.8867632150650024 
vt 0.3228253722190857 0.9408797025680542 
vt 0.320100873708725 0.9168662428855896 
vt 0.3183240294456482 0.889176070690155 
vt 0.31867942214012146 0.8661966323852539 
vt 0.31891632080078125 0.8587283492088318 
vt 0.31927168369293213 0.8528686165809631 
vt 0.3193901479244232 0.8497663736343384 
vt 0.5127103328704834 0.9189344048500061 
vt 0.5149610042572021 0.8943464159965515 
vt 0.5133026242256165 0.8741245269775391 
vt 0.5122365355491638 0.8660817742347717 
vt 0.5117626786231995 0.8602220416069031 
vt 0.5117626786231995 0.8566601872444153 
vt 0.37684130668640137 0.6748931407928467 
vt 0.37376144528388977 0.6745484471321106 
vt 0.1926422268152237 0.6451348066329956 
vt 0.20081569254398346 0.6466284990310669 
vt 0.37115541100502014 0.6740888953208923 
vt 0.2078045904636383 0.6488115191459656 
vt 0.3689047396183014 0.6736292839050293 
vt 0.21372738480567932 0.6514541506767273 
vt 0.367127925157547 0.6731696724891663 
vt 0.2185840904712677 0.654556393623352 
vt 0.3657064437866211 0.672710120677948 
vt 0.22237467765808105 0.6580032706260681 
vt 0.36475878953933716 0.672250509262085 
vt 0.22498071193695068 0.6616799831390381 
vt 0.3641664981842041 0.6717909574508667 
vt 0.22663909196853638 0.6655864715576172 
vt 0.3640480637550354 0.6713313460350037 
vt 0.22711291909217834 0.6694930195808411 
vt 0.3642849624156952 0.6709866523742676 
vt 0.22652064263820648 0.6733995079994202 
vt 0.36499571800231934 0.6705270409584045 
vt 0.2247437983751297 0.6773059964179993 
vt 0.3657064437866211 0.6701823472976685 
vt 0.22201931476593018 0.6808677911758423 
vt 0.367127925157547 0.6699525713920593 
vt 0.21811026334762573 0.6841998100280762 
vt 0.3687863051891327 0.6696078777313232 
vt 0.21313510835170746 0.687187135219574 
vt 0.37103694677352905 0.6692631840705872 
vt 0.20721231400966644 0.6897148489952087 
vt 0.3736429810523987 0.669033408164978 
vt 0.2001049518585205 0.6916680932044983 
vt 0.3767228424549103 0.6688036322593689 
vt 0.19193148612976074 0.6929320096969604 
vt 0.31275659799575806 0.9345603585243225 
vt 0.313704252243042 0.9336411952972412 
vt 0.3224700093269348 0.9427180886268616 
vt 0.3228253722190857 0.9408797025680542 
vt 0.5104596614837646 0.9422584772109985 
vt 0.5226606130599976 0.92226642370224 
vt 0.5092751383781433 0.940190315246582 
vt 0.5130656957626343 0.9189344048500061 
vt 0.5291756987571716 0.8949208855628967 
vt 0.5154348015785217 0.8943464159965515 
vt 0.5297679901123047 0.8714818954467773 
vt 0.5135395526885986 0.8741245269775391 
vt 0.5256220102310181 0.8603368997573853 
vt 0.5123549699783325 0.8660817742347717 
vt 0.5188700556755066 0.8552814722061157 
vt 0.5117626786231995 0.8602220416069031 
vt 0.5136579871177673 0.8542473912239075 
vt 0.5118811726570129 0.8566601872444153 
vt 0.7436995506286621 0.07765854895114899 
vt 0.7418042421340942 0.07765854895114899 
vt 0.7472532391548157 0.10408485680818558 
vt 0.738724410533905 0.10408485680818558 
vt 0.7506884336471558 0.16302701830863953 
vt 0.736592173576355 0.16302701830863953 
vt 0.7541236877441406 0.32962766289711 
vt 0.736592173576355 0.32974255084991455 
vt 0.7541236877441406 0.5686134099960327 
vt 0.7414488792419434 0.5686134099960327 
vt 0.7529391050338745 0.7591126561164856 
vt 0.7465424537658691 0.7592275738716125 
vt 0.048362817615270615 0.9123852252960205 
vt 0.0516795851290226 0.9199684262275696 
vt 0.04848127067089081 0.9118107557296753 
vt 0.05215340852737427 0.9184747934341431 
vt 0.048955097794532776 0.9103171229362488 
vt 0.052982598543167114 0.9147980809211731 
vt 0.04907355085015297 0.9083638787269592 
vt 0.052982598543167114 0.9099724292755127 
vt 0.048836641013622284 0.9026190042495728 
vt 0.05262723192572594 0.8949208855628967 
vt 0.048362817615270615 0.8953804969787598 
vt 0.052508775144815445 0.8768820762634277 
vt 0.04788899049162865 0.8894058465957642 
vt 0.05132421478629112 0.8611412048339844 
vt 0.055707089602947235 0.9249089956283569 
vt 0.056180913001298904 0.9229557514190674 
vt 0.05701010301709175 0.91801518201828 
vt 0.05712855979800224 0.9119256734848022 
vt 0.056654736399650574 0.8933123350143433 
vt 0.056299369782209396 0.8709074258804321 
vt 0.055114809423685074 0.8510302305221558 
vt 0.06376209855079651 0.9300794005393982 
vt 0.0639990046620369 0.9270920753479004 
vt 0.06411746144294739 0.9213472008705139 
vt 0.06411746144294739 0.9141086935997009 
vt 0.06352518498897552 0.892393171787262 
vt 0.06305135786533356 0.8660817742347717 
vt 0.06186680123209953 0.8427576422691345 
vt 0.26703259348869324 0.9265176057815552 
vt 0.26703259348869324 0.9210025072097778 
vt 0.26703259348869324 0.9138789176940918 
vt 0.2671510577201843 0.892393171787262 
vt 0.2671510577201843 0.8658519387245178 
vt 0.2671510577201843 0.8427576422691345 
vt 0.5174486041069031 0.10937011986970901 
vt 0.5174486041069031 0.3073376417160034 
vt 0.5581974387168884 0.10937011986970901 
vt 0.5581974387168884 0.3073376417160034 
vt 0.5600927472114563 0.6312323212623596 
vt 0.5592635273933411 0.6403091549873352 
vt 0.5898252129554749 0.44705238938331604 
vt 0.5901805758476257 0.44337570667266846 
vt 0.5592635273933411 0.650534987449646 
vt 0.5902990102767944 0.4393543004989624 
vt 0.560211181640625 0.6616799831390381 
vt 0.5902990102767944 0.43464353680610657 
vt 0.5622249245643616 0.6739739775657654 
vt 0.5902990102767944 0.4294731616973877 
vt 0.5653048157691956 0.687187135219574 
vt 0.5899436473846436 0.4237283170223236 
vt 0.5695692300796509 0.7013194561004639 
vt 0.5893513560295105 0.41729408502578735 
vt 0.5753735303878784 0.716485857963562 
vt 0.58852219581604 0.41017046570777893 
vt 0.582599401473999 0.7324565649032593 
vt 0.5874560475349426 0.4022425711154938 
vt 0.5902990102767944 0.716600775718689 
vt 0.5861530303955078 0.41005557775497437 
vt 0.5964587330818176 0.7016641497612 
vt 0.5850869417190552 0.41729408502578735 
vt 0.6011969447135925 0.687646746635437 
vt 0.5843762159347534 0.4237283170223236 
vt 0.6046321988105774 0.6745484471321106 
vt 0.5840208530426025 0.42958804965019226 
vt 0.6070013046264648 0.6623693704605103 
vt 0.5837839245796204 0.43475842475891113 
vt 0.608185887336731 0.6512243747711182 
vt 0.5836654901504517 0.43946918845176697 
vt 0.6085412502288818 0.6411134600639343 
vt 0.5836654901504517 0.4436054825782776 
vt 0.6079489588737488 0.631921648979187 
vt 0.5837839245796204 0.447167307138443 
vt 0.9966030716896057 0.22599057853221893 
vt 0.9966030716896057 0.16888676583766937 
vt 0.9956554770469666 0.22599057853221893 
vt 0.9956554770469666 0.1667037159204483 
vt 0.9945893287658691 0.1691165566444397 
vt 0.026329999789595604 0.05410466343164444 
vt 0.031660519540309906 0.05077264830470085 
vt 0.02881757542490959 0.057781364768743515 
vt 0.03391118347644806 0.05410466343164444 
vt 0.031542062759399414 0.061228275299072266 
vt 0.036398760974407196 0.05732177942991257 
vt 0.03438500687479973 0.06456028670072556 
vt 0.039004791527986526 0.06030910089612007 
vt 0.03746486455202103 0.06777740269899368 
vt 0.04184773564338684 0.06318152695894241 
vt 0.04078163206577301 0.07064983248710632 
vt 0.04480913653969765 0.06582415848970413 
vt 0.04433531314134598 0.0734073594212532 
vt 0.04800744727253914 0.06835188716650009 
vt 0.04800744727253914 0.075820192694664 
vt 0.05132421478629112 0.07053492963314056 
vt 0.05179803818464279 0.07811813801527023 
vt 0.0547594390809536 0.07260307669639587 
vt 0.055707089602947235 0.08018627762794495 
vt 0.05843157693743706 0.07444143295288086 
vt 0.059734590351581573 0.08190973848104477 
vt 0.06210371106863022 0.07604999095201492 
vt 0.063880555331707 0.08340339362621307 
vt 0.06589430570602417 0.07742875069379807 
vt 0.06814496964216232 0.08466726541519165 
vt 0.06968489289283752 0.07857771962881088 
vt 0.07240938395261765 0.08558644354343414 
vt 0.07359394431114197 0.07949689775705338 
vt 0.07679225504398346 0.08627582341432571 
vt 0.0776214450597763 0.08007138222455978 
vt 0.08117512613534927 0.08673541247844696 
vt 0.08164895325899124 0.08041607588529587 
vt 0.08567645400762558 0.08685030788183212 
vt 0.08567645400762558 0.08064586669206619 
vt 0.0900593250989914 0.08673541247844696 
vt 0.08970396220684052 0.08041607588529587 
vt 0.0944422036409378 0.08627582341432571 
vt 0.09361300617456436 0.08007138222455978 
vt 0.09882507473230362 0.08558644354343414 
vt 0.0976405143737793 0.07949689775705338 
vt 0.10308948904275894 0.08466726541519165 
vt 0.10154955834150314 0.07857771962881088 
vt 0.10735390335321426 0.08340339362621307 
vt 0.10545860975980759 0.07742875069379807 
vt 0.1114998608827591 0.08190973848104477 
vt 0.10924919694662094 0.07604999095201492 
vt 0.11552736908197403 0.08018627762794495 
vt 0.1129213348031044 0.07444143295288086 
vt 0.11955486983060837 0.07811813801527023 
vt 0.11647501587867737 0.07260307669639587 
vt 0.12334546446800232 0.07593509554862976 
vt 0.11991024017333984 0.07064983248710632 
vt 0.12701760232448578 0.0734073594212532 
vt 0.12322700768709183 0.06835188716650009 
vt 0.13045282661914825 0.07064983248710632 
vt 0.12642532587051392 0.06582415848970413 
vt 0.13376958668231964 0.06777740269899368 
vt 0.12950517237186432 0.06318152695894241 
vt 0.13684944808483124 0.06467518955469131 
vt 0.13234812021255493 0.06030910089612007 
vt 0.13981084525585175 0.061343174427747726 
vt 0.13495415449142456 0.05732177942991257 
vt 0.14253532886505127 0.057781364768743515 
vt 0.1374417245388031 0.05410466343164444 
vt 0.145022913813591 0.05410466343164444 
vt 0.13969239592552185 0.05077264830470085 
vt 0.5897067189216614 0.08133525401353836 
vt 0.5878114104270935 0.08133525401353836 
vt 0.5897067189216614 0.27930277585983276 
vt 0.5878114104270935 0.27930277585983276 
vt 0.7207190990447998 0.7891007661819458 
vt 0.7207190990447998 0.7891007661819458 
vt 0.7207190990447998 0.7889858484268188 
vt 0.6407612562179565 0.7612956762313843 
vt 0.6407612562179565 0.7876071333885193 
vt 0.5290572643280029 0.7612956762313843 
vt 0.5290572643280029 0.7876071333885193 
vt 0.6407612562179565 0.8077141046524048 
vt 0.5290572643280029 0.8077141046524048 
vt 0.6407612562179565 0.8125397562980652 
vt 0.5290572643280029 0.8125397562980652 
vt 0.7941617965698242 0.786113440990448 
vt 0.8028090596199036 0.7853091955184937 
vt 0.8222358822822571 0.801164984703064 
vt 0.8230650424957275 0.8098971247673035 
vt 0.8150100708007812 0.8251784443855286 
vt 0.7984262108802795 0.8301190137863159 
vt 0.7832638621330261 0.8220762014389038 
vt 0.7207190990447998 0.7895603775978088 
vt 0.7207190990447998 0.7895603775978088 
vt 0.7208375334739685 0.7895603775978088 
vt 0.7208375334739685 0.7894454598426819 
vt 0.7208375334739685 0.7893305420875549 
vt 0.7208375334739685 0.7892156839370728 
vt 0.9502868056297302 0.1544097363948822 
vt 0.9496945142745972 0.1544097363948822 
vt 0.9327552914619446 0.1004081517457962 
vt 0.9502868056297302 0.10477423667907715 
vt 0.9281355142593384 0.09454840421676636 
vt 0.9237526655197144 0.08179483562707901 
vt 0.9502868056297302 0.1544097363948822 
vt 0.9676998257637024 0.1004081517457962 
vt 0.9507606029510498 0.1544097363948822 
vt 0.9573941826820374 0.21484556794166565 
vt 0.9767025113105774 0.08179483562707901 
vt 0.9724380970001221 0.09454840421676636 
vt 0.09349454939365387 0.7838155031204224 
vt 0.048955097794532776 0.7863432168960571 
vt 0.09337609261274338 0.7863432168960571 
vt 0.9945893287658691 0.22599057853221893 
vt 0.5731229186058044 0.05134713277220726 
vt 0.573004424571991 0.048819400370121 
vt 0.5285834670066833 0.048819400370121 
vt 0.5731229186058044 0.05134713277220726 
vt 0.4427028298377991 0.025839999318122864 
vt 0.4427028298377991 0.025839999318122864 
vt 0.5752550959587097 0.37891846895217896 
vt 0.5182777643203735 0.37018629908561707 
vt 0.26703259348869324 0.9300794005393982 
vt 0.5091566443443298 0.940190315246582 
vt 0.8443871140480042 0.7029280066490173 
vt 0.8443871140480042 0.7029280066490173 
vt 0.8443871140480042 0.7029280066490173 
vt 0.8443871140480042 0.7029280066490173 
vt 0.7882390022277832 0.961905837059021 
vt 0.7807762622833252 0.9663868546485901 
vt 0.7883574366569519 0.962020754814148 
vt 0.7808946967124939 0.9665017127990723 
vt 0.793332576751709 0.9512204527854919 
vt 0.7935695052146912 0.9512204527854919 
vt 0.7951094508171082 0.9276665449142456 
vt 0.795464813709259 0.9276665449142456 
vt 0.791081964969635 0.8998614549636841 
vt 0.7916741967201233 0.8997465968132019 
vt 0.5259774327278137 0.8601071238517761 
vt 0.5188700556755066 0.8550516366958618 
vt 0.5188700556755066 0.8551665544509888 
vt 0.5257405042648315 0.8602220416069031 
vt 0.530241847038269 0.8713670372962952 
vt 0.5300049185752869 0.8713670372962952 
vt 0.5301233530044556 0.8950358033180237 
vt 0.529649555683136 0.8950358033180237 
vt 0.5236082673072815 0.9226110577583313 
vt 0.5231344699859619 0.9223812818527222 
s on 
f 1/1/1 2/2/2 3/3/3 
f 2/2/2 4/4/4 3/3/3 
f 3/3/3 4/4/4 5/5/5 
f 4/4/4 6/6/6 5/5/5 
f 5/5/5 6/6/6 7/7/7 
f 6/6/6 7/7/7 7/7/7 
f 7/7/7 7/7/7 5/5/5 
f 7/7/7 5/5/5 5/5/5 
f 5/5/5 5/5/5 5/5/5 
f 5/5/5 8/8/8 5/5/5 
f 5/5/5 8/8/8 3/3/3 
f 8/8/8 9/9/9 3/3/3 
f 3/3/3 9/9/9 10/10/10 
f 9/9/9 11/11/11 10/10/10 
f 10/10/10 11/11/11 12/12/12 
f 11/11/11 12/12/12 12/12/12 
f 12/12/12 12/12/12 8/8/8 
f 12/12/12 8/8/8 8/8/8 
f 8/8/8 8/8/8 8/8/8 
f 8/8/8 13/13/13 8/8/8 
f 8/8/8 13/13/13 9/9/9 
f 13/13/13 14/14/14 9/9/9 
f 9/9/9 14/14/14 15/15/15 
f 14/14/14 15/15/15 15/15/15 
f 15/15/15 15/15/15 8/8/8 
f 15/15/15 8/8/8 8/8/8 
f 8/8/8 8/8/8 8/8/8 
f 8/8/8 16/16/16 8/8/8 
f 8/8/8 16/16/16 13/13/13 
f 16/16/16 17/17/17 13/13/13 
f 13/13/13 17/17/17 17/17/17 
f 17/17/17 18/18/18 17/17/17 
f 17/17/17 18/18/18 18/18/18 
f 18/18/18 19/19/19 18/18/18 
f 18/18/18 19/19/19 20/20/20 
f 19/19/19 21/21/21 20/20/20 
f 20/20/20 21/21/21 22/22/22 
f 21/21/21 23/23/23 22/22/22 
f 22/22/22 23/23/23 24/24/24 
f 23/23/23 25/25/25 24/24/24 
f 24/24/24 25/25/25 26/26/26 
f 25/25/25 27/27/27 26/26/26 
f 26/26/26 27/27/27 28/28/28 
f 27/27/27 29/29/29 28/28/28 
f 28/28/28 29/29/29 29/29/29 
f 29/29/29 30/30/30 29/29/29 
f 29/29/29 30/30/30 30/30/30 
f 30/30/30 31/31/31 30/30/30 
f 30/30/30 31/31/31 32/32/32 
f 31/31/31 33/33/33 32/32/32 
f 32/32/32 33/33/33 34/34/34 
f 33/33/33 35/35/35 34/34/34 
f 34/34/34 35/35/35 36/36/36 
f 35/35/35 37/37/37 36/36/36 
f 36/36/36 37/37/37 38/38/38 
f 37/37/37 39/39/39 38/38/38 
f 38/38/38 39/39/39 40/40/40 
f 39/39/39 41/41/41 40/40/40 
f 40/40/40 41/41/41 41/41/41 
f 41/41/41 42/42/42 41/41/41 
f 41/41/41 42/42/42 42/42/42 
f 42/42/42 43/43/43 42/42/42 
f 42/42/42 43/43/43 44/44/44 
f 43/43/43 45/45/45 44/44/44 
f 44/44/44 45/45/45 45/45/45 
f 45/45/45 46/46/46 45/45/45 
f 45/45/45 46/46/46 46/46/46 
f 46/46/46 47/47/47 46/46/46 
f 46/46/46 47/47/47 48/48/48 
f 47/47/47 49/49/49 48/48/48 
f 48/48/48 49/49/49 49/49/49 
f 49/49/49 50/50/50 49/49/49 
f 49/49/49 50/50/50 50/50/50 
f 50/50/50 51/51/51 50/50/50 
f 50/50/50 51/51/51 52/52/52 
f 51/51/51 53/53/53 52/52/52 
f 52/52/52 53/53/53 54/54/54 
f 53/53/53 54/54/54 54/54/54 
f 54/54/54 54/54/54 53/53/53 
f 54/54/54 53/53/53 53/53/53 
f 53/53/53 53/53/53 53/53/53 
f 53/53/53 51/51/51 53/53/53 
f 53/53/53 51/51/51 55/55/55 
f 51/51/51 56/56/56 55/55/55 
f 55/55/55 56/56/56 57/57/57 
f 56/56/56 58/58/58 57/57/57 
f 57/57/57 58/58/58 59/59/59 
f 58/58/58 60/60/60 59/59/59 
f 59/59/59 60/60/60 60/60/60 
f 60/60/60 57/57/57 60/60/60 
f 60/60/60 57/57/57 57/57/57 
f 57/57/57 61/61/61 57/57/57 
f 57/57/57 61/61/61 55/55/55 
f 61/61/61 62/62/62 55/55/55 
f 55/55/55 62/62/62 63/63/63 
f 62/62/62 63/63/63 63/63/63 
f 63/63/63 63/63/63 57/57/57 
f 63/63/63 57/57/57 57/57/57 
f 57/57/57 57/57/57 57/57/57 
f 57/57/57 64/64/64 57/57/57 
f 57/57/57 64/64/64 61/61/61 
f 64/64/64 65/65/65 61/61/61 
f 61/61/61 65/65/65 65/65/65 
f 65/65/65 66/66/66 65/65/65 
f 65/65/65 66/66/66 66/66/66 
f 66/66/66 67/67/67 66/66/66 
f 66/66/66 67/67/67 51/51/51 
f 67/67/67 68/68/68 51/51/51 
f 51/51/51 68/68/68 56/56/56 
f 68/68/68 69/69/69 56/56/56 
f 56/56/56 69/69/69 70/70/70 
f 69/69/69 70/70/70 70/70/70 
f 70/70/70 70/70/70 71/71/71 
f 70/70/70 71/71/71 71/71/71 
f 71/71/71 71/71/71 71/71/71 
f 71/71/71 72/72/72 71/71/71 
f 71/71/71 72/72/72 73/73/73 
f 72/72/72 74/74/74 73/73/73 
f 73/73/73 74/74/74 74/74/74 
f 74/74/74 75/75/75 74/74/74 
f 74/74/74 75/75/75 75/75/75 
f 75/75/75 76/76/76 75/75/75 
f 75/75/75 76/76/76 77/77/77 
f 76/76/76 78/78/78 77/77/77 
f 77/77/77 78/78/78 78/78/78 
f 78/78/78 79/79/79 78/78/78 
f 78/78/78 79/79/79 79/79/79 
f 79/79/79 80/80/80 79/79/79 
f 79/79/79 80/80/80 81/81/81 
f 80/80/80 82/82/82 81/81/81 
f 81/81/81 82/82/82 83/83/83 
f 82/82/82 84/84/84 83/83/83 
f 83/83/83 84/84/84 85/85/85 
f 84/84/84 86/86/86 85/85/85 
f 85/85/85 86/86/86 87/87/87 
f 86/86/86 88/88/88 87/87/87 
f 87/87/87 88/88/88 89/89/89 
f 88/88/88 90/90/90 89/89/89 
f 89/89/89 90/90/90 91/91/91 
f 90/90/90 92/92/92 91/91/91 
f 91/91/91 92/92/92 93/93/93 
f 92/92/92 94/94/94 93/93/93 
f 93/93/93 94/94/94 95/95/95 
f 94/94/94 96/96/96 95/95/95 
f 95/95/95 96/96/96 97/97/97 
f 96/96/96 98/98/98 97/97/97 
f 97/97/97 98/98/98 99/99/99 
f 98/98/98 100/100/100 99/99/99 
f 99/99/99 100/100/100 101/101/101 
f 100/100/100 102/102/102 101/101/101 
f 101/101/101 102/102/102 103/103/103 
f 102/102/102 104/104/104 103/103/103 
f 103/103/103 104/104/104 105/105/105 
f 104/104/104 106/106/106 105/105/105 
f 105/105/105 106/106/106 107/107/107 
f 106/106/106 108/108/108 107/107/107 
f 107/107/107 108/108/108 109/109/109 
f 108/108/108 110/110/110 109/109/109 
f 109/109/109 110/110/110 111/111/111 
f 110/110/110 112/112/112 111/111/111 
f 111/111/111 112/112/112 113/113/113 
f 112/112/112 114/114/114 113/113/113 
f 113/113/113 114/114/114 115/115/115 
f 114/114/114 116/116/116 115/115/115 
f 115/115/115 116/116/116 117/117/117 
f 116/116/116 118/118/118 117/117/117 
f 117/117/117 118/118/118 119/119/119 
f 118/118/118 120/120/120 119/119/119 
f 119/119/119 120/120/120 121/121/121 
f 120/120/120 122/122/122 121/121/121 
f 121/121/121 122/122/122 123/123/123 
f 122/122/122 124/124/124 123/123/123 
f 123/123/123 124/124/124 125/125/125 
f 124/124/124 126/126/126 125/125/125 
f 125/125/125 126/126/126 127/127/127 
f 126/126/126 128/128/128 127/127/127 
f 127/127/127 128/128/128 129/129/129 
f 128/128/128 130/130/130 129/129/129 
f 129/129/129 130/130/130 131/131/131 
f 130/130/130 132/132/132 131/131/131 
f 131/131/131 132/132/132 133/133/133 
f 132/132/132 134/134/134 133/133/133 
f 133/133/133 134/134/134 135/135/135 
f 134/134/134 136/136/136 135/135/135 
f 135/135/135 136/136/136 137/137/137 
f 136/136/136 138/138/138 137/137/137 
f 137/137/137 138/138/138 139/139/139 
f 138/138/138 140/140/140 139/139/139 
f 139/139/139 140/140/140 141/141/141 
f 140/140/140 142/142/142 141/141/141 
f 141/141/141 142/142/142 143/143/143 
f 142/142/142 144/144/144 143/143/143 
f 143/143/143 144/144/144 144/144/144 
f 144/144/144 80/80/80 144/144/144 
f 144/144/144 80/80/80 80/80/80 
f 80/80/80 145/145/145 80/80/80 
f 80/80/80 145/145/145 82/82/82 
f 145/145/145 146/146/146 82/82/82 
f 82/82/82 146/146/146 84/84/84 
f 146/146/146 147/147/147 84/84/84 
f 84/84/84 147/147/147 86/86/86 
f 147/147/147 148/148/148 86/86/86 
f 86/86/86 148/148/148 88/88/88 
f 148/148/148 149/149/149 88/88/88 
f 88/88/88 149/149/149 90/90/90 
f 149/149/149 150/150/150 90/90/90 
f 90/90/90 150/150/150 92/92/92 
f 150/150/150 151/151/151 92/92/92 
f 92/92/92 151/151/151 94/94/94 
f 151/151/151 152/152/152 94/94/94 
f 94/94/94 152/152/152 96/96/96 
f 152/152/152 153/153/153 96/96/96 
f 96/96/96 153/153/153 98/98/98 
f 153/153/153 154/154/154 98/98/98 
f 98/98/98 154/154/154 100/100/100 
f 154/154/154 155/155/155 100/100/100 
f 100/100/100 155/155/155 102/102/102 
f 155/155/155 156/156/156 102/102/102 
f 102/102/102 156/156/156 104/104/104 
f 156/156/156 157/157/157 104/104/104 
f 104/104/104 157/157/157 106/106/106 
f 157/157/157 158/158/158 106/106/106 
f 106/106/106 158/158/158 108/108/108 
f 158/158/158 159/159/159 108/108/108 
f 108/108/108 159/159/159 110/110/110 
f 159/159/159 160/160/160 110/110/110 
f 110/110/110 160/160/160 112/112/112 
f 160/160/160 161/161/161 112/112/112 
f 112/112/112 161/161/161 114/114/114 
f 161/161/161 162/162/162 114/114/114 
f 114/114/114 162/162/162 116/116/116 
f 162/162/162 163/163/163 116/116/116 
f 116/116/116 163/163/163 118/118/118 
f 163/163/163 164/164/164 118/118/118 
f 118/118/118 164/164/164 120/120/120 
f 164/164/164 165/165/165 120/120/120 
f 120/120/120 165/165/165 122/122/122 
f 165/165/165 166/166/166 122/122/122 
f 122/122/122 166/166/166 124/124/124 
f 166/166/166 167/167/167 124/124/124 
f 124/124/124 167/167/167 126/126/126 
f 167/167/167 168/168/168 126/126/126 
f 126/126/126 168/168/168 128/128/128 
f 168/168/168 169/169/169 128/128/128 
f 128/128/128 169/169/169 130/130/130 
f 169/169/169 170/170/170 130/130/130 
f 130/130/130 170/170/170 132/132/132 
f 170/170/170 171/171/171 132/132/132 
f 132/132/132 171/171/171 134/134/134 
f 171/171/171 172/172/172 134/134/134 
f 134/134/134 172/172/172 136/136/136 
f 172/172/172 173/173/173 136/136/136 
f 136/136/136 173/173/173 138/138/138 
f 173/173/173 174/174/174 138/138/138 
f 138/138/138 174/174/174 140/140/140 
f 174/174/174 175/175/175 140/140/140 
f 140/140/140 175/175/175 142/142/142 
f 175/175/175 176/176/176 142/142/142 
f 142/142/142 176/176/176 144/144/144 
f 176/176/176 177/177/177 144/144/144 
f 144/144/144 177/177/177 177/177/177 
f 177/177/177 145/145/145 177/177/177 
f 177/177/177 145/145/145 145/145/145 
f 145/145/145 178/178/178 145/145/145 
f 145/145/145 178/178/178 146/146/146 
f 178/178/178 179/179/179 146/146/146 
f 146/146/146 179/179/179 147/147/147 
f 179/179/179 180/180/180 147/147/147 
f 147/147/147 180/180/180 148/148/148 
f 180/180/180 181/181/181 148/148/148 
f 148/148/148 181/181/181 149/149/149 
f 181/181/181 182/182/182 149/149/149 
f 149/149/149 182/182/182 150/150/150 
f 182/182/182 183/183/183 150/150/150 
f 150/150/150 183/183/183 151/151/151 
f 183/183/183 184/184/184 151/151/151 
f 151/151/151 184/184/184 152/152/152 
f 184/184/184 185/185/185 152/152/152 
f 152/152/152 185/185/185 153/153/153 
f 185/185/185 186/186/186 153/153/153 
f 153/153/153 186/186/186 154/154/154 
f 186/186/186 187/187/187 154/154/154 
f 154/154/154 187/187/187 155/155/155 
f 187/187/187 188/188/188 155/155/155 
f 155/155/155 188/188/188 156/156/156 
f 188/188/188 189/189/189 156/156/156 
f 156/156/156 189/189/189 157/157/157 
f 189/189/189 190/190/190 157/157/157 
f 157/157/157 190/190/190 158/158/158 
f 190/190/190 191/191/191 158/158/158 
f 158/158/158 191/191/191 159/159/159 
f 191/191/191 192/192/192 159/159/159 
f 159/159/159 192/192/192 160/160/160 
f 192/192/192 193/193/193 160/160/160 
f 160/160/160 193/193/193 161/161/161 
f 193/193/193 194/194/194 161/161/161 
f 161/161/161 194/194/194 162/162/162 
f 194/194/194 195/195/195 162/162/162 
f 162/162/162 195/195/195 163/163/163 
f 195/195/195 196/196/196 163/163/163 
f 163/163/163 196/196/196 164/164/164 
f 196/196/196 197/197/197 164/164/164 
f 164/164/164 197/197/197 165/165/165 
f 197/197/197 198/198/198 165/165/165 
f 165/165/165 198/198/198 166/166/166 
f 198/198/198 199/199/199 166/166/166 
f 166/166/166 199/199/199 167/167/167 
f 199/199/199 200/200/200 167/167/167 
f 167/167/167 200/200/200 168/168/168 
f 200/200/200 201/201/201 168/168/168 
f 168/168/168 201/201/201 169/169/169 
f 201/201/201 202/202/202 169/169/169 
f 169/169/169 202/202/202 170/170/170 
f 202/202/202 203/203/203 170/170/170 
f 170/170/170 203/203/203 171/171/171 
f 203/203/203 204/204/204 171/171/171 
f 171/171/171 204/204/204 172/172/172 
f 204/204/204 205/205/205 172/172/172 
f 172/172/172 205/205/205 173/173/173 
f 205/205/205 206/206/206 173/173/173 
f 173/173/173 206/206/206 174/174/174 
f 206/206/206 207/207/207 174/174/174 
f 174/174/174 207/207/207 175/175/175 
f 207/207/207 208/208/208 175/175/175 
f 175/175/175 208/208/208 176/176/176 
f 208/208/208 209/209/209 176/176/176 
f 176/176/176 209/209/209 177/177/177 
f 209/209/209 210/210/210 177/177/177 
f 177/177/177 210/210/210 210/210/210 
f 210/210/210 211/211/211 210/210/210 
f 210/210/210 211/211/211 211/211/211 
f 211/211/211 212/212/212 211/211/211 
f 211/211/211 212/212/212 213/213/213 
f 212/212/212 214/214/214 213/213/213 
f 213/213/213 214/214/214 215/215/215 
f 214/214/214 216/216/216 215/215/215 
f 215/215/215 216/216/216 217/217/217 
f 216/216/216 218/218/218 217/217/217 
f 217/217/217 218/218/218 219/219/219 
f 218/218/218 220/220/220 219/219/219 
f 219/219/219 220/220/220 221/221/221 
f 220/220/220 222/222/222 221/221/221 
f 221/221/221 222/222/222 223/223/223 
f 222/222/222 224/224/224 223/223/223 
f 223/223/223 224/224/224 225/225/225 
f 224/224/224 226/226/226 225/225/225 
f 225/225/225 226/226/226 227/227/227 
f 226/226/226 228/228/228 227/227/227 
f 227/227/227 228/228/228 229/229/229 
f 228/228/228 230/230/230 229/229/229 
f 229/229/229 230/230/230 231/231/231 
f 230/230/230 232/232/232 231/231/231 
f 231/231/231 232/232/232 233/233/233 
f 232/232/232 234/234/234 233/233/233 
f 233/233/233 234/234/234 235/235/235 
f 234/234/234 236/236/236 235/235/235 
f 235/235/235 236/236/236 237/237/237 
f 236/236/236 238/238/238 237/237/237 
f 237/237/237 238/238/238 239/239/239 
f 238/238/238 240/240/240 239/239/239 
f 239/239/239 240/240/240 241/241/241 
f 240/240/240 242/242/242 241/241/241 
f 241/241/241 242/242/242 243/243/243 
f 242/242/242 244/244/244 243/243/243 
f 243/243/243 244/244/244 245/245/245 
f 244/244/244 246/246/246 245/245/245 
f 245/245/245 246/246/246 247/247/247 
f 246/246/246 248/248/248 247/247/247 
f 247/247/247 248/248/248 249/249/249 
f 248/248/248 250/250/250 249/249/249 
f 249/249/249 250/250/250 251/251/251 
f 250/250/250 252/252/252 251/251/251 
f 251/251/251 252/252/252 253/253/253 
f 252/252/252 254/254/254 253/253/253 
f 253/253/253 254/254/254 255/255/255 
f 254/254/254 256/256/256 255/255/255 
f 255/255/255 256/256/256 257/257/257 
f 256/256/256 258/258/258 257/257/257 
f 257/257/257 258/258/258 259/259/259 
f 258/258/258 260/260/260 259/259/259 
f 259/259/259 260/260/260 261/261/261 
f 260/260/260 262/262/262 261/261/261 
f 261/261/261 262/262/262 263/263/263 
f 262/262/262 264/264/264 263/263/263 
f 263/263/263 264/264/264 265/265/265 
f 264/264/264 266/266/266 265/265/265 
f 265/265/265 266/266/266 267/267/267 
f 266/266/266 268/268/268 267/267/267 
f 267/267/267 268/268/268 269/269/269 
f 268/268/268 270/270/270 269/269/269 
f 269/269/269 270/270/270 271/271/271 
f 270/270/270 272/272/272 271/271/271 
f 271/271/271 272/272/272 273/273/273 
f 272/272/272 274/274/274 273/273/273 
f 273/273/273 274/274/274 275/275/275 
f 274/274/274 276/276/276 275/275/275 
f 275/275/275 276/276/276 276/276/276 
f 276/276/276 212/212/212 276/276/276 
f 276/276/276 212/212/212 212/212/212 
f 212/212/212 277/277/277 212/212/212 
f 212/212/212 277/277/277 214/214/214 
f 277/277/277 278/278/278 214/214/214 
f 214/214/214 278/278/278 216/216/216 
f 278/278/278 279/279/279 216/216/216 
f 216/216/216 279/279/279 218/218/218 
f 279/279/279 280/280/280 218/218/218 
f 218/218/218 280/280/280 220/220/220 
f 280/280/280 281/281/281 220/220/220 
f 220/220/220 281/281/281 222/222/222 
f 281/281/281 282/282/282 222/222/222 
f 222/222/222 282/282/282 224/224/224 
f 282/282/282 283/283/283 224/224/224 
f 224/224/224 283/283/283 226/226/226 
f 283/283/283 284/284/284 226/226/226 
f 226/226/226 284/284/284 228/228/228 
f 284/284/284 285/285/285 228/228/228 
f 228/228/228 285/285/285 230/230/230 
f 285/285/285 286/286/286 230/230/230 
f 230/230/230 286/286/286 232/232/232 
f 286/286/286 287/287/287 232/232/232 
f 232/232/232 287/287/287 234/234/234 
f 287/287/287 288/288/288 234/234/234 
f 234/234/234 288/288/288 236/236/236 
f 288/288/288 289/289/289 236/236/236 
f 236/236/236 289/289/289 238/238/238 
f 289/289/289 290/290/290 238/238/238 
f 238/238/238 290/290/290 240/240/240 
f 290/290/290 291/291/291 240/240/240 
f 240/240/240 291/291/291 242/242/242 
f 291/291/291 292/292/292 242/242/242 
f 242/242/242 292/292/292 244/244/244 
f 292/292/292 293/293/293 244/244/244 
f 244/244/244 293/293/293 246/246/246 
f 293/293/293 294/294/294 246/246/246 
f 246/246/246 294/294/294 248/248/248 
f 294/294/294 295/295/295 248/248/248 
f 248/248/248 295/295/295 250/250/250 
f 295/295/295 296/296/296 250/250/250 
f 250/250/250 296/296/296 252/252/252 
f 296/296/296 297/297/297 252/252/252 
f 252/252/252 297/297/297 254/254/254 
f 297/297/297 298/298/298 254/254/254 
f 254/254/254 298/298/298 256/256/256 
f 298/298/298 299/299/299 256/256/256 
f 256/256/256 299/299/299 258/258/258 
f 299/299/299 300/300/300 258/258/258 
f 258/258/258 300/300/300 260/260/260 
f 300/300/300 301/301/301 260/260/260 
f 260/260/260 301/301/301 262/262/262 
f 301/301/301 302/302/302 262/262/262 
f 262/262/262 302/302/302 264/264/264 
f 302/302/302 303/303/303 264/264/264 
f 264/264/264 303/303/303 266/266/266 
f 303/303/303 304/304/304 266/266/266 
f 266/266/266 304/304/304 268/268/268 
f 304/304/304 305/305/305 268/268/268 
f 268/268/268 305/305/305 270/270/270 
f 305/305/305 306/306/306 270/270/270 
f 270/270/270 306/306/306 272/272/272 
f 306/306/306 307/307/307 272/272/272 
f 272/272/272 307/307/307 274/274/274 
f 307/307/307 308/308/308 274/274/274 
f 274/274/274 308/308/308 276/276/276 
f 308/308/308 309/309/309 276/276/276 
f 276/276/276 309/309/309 309/309/309 
f 309/309/309 277/277/277 309/309/309 
f 309/309/309 277/277/277 277/277/277 
f 277/277/277 310/310/310 277/277/277 
f 277/277/277 310/310/310 278/278/278 
f 310/310/310 311/311/311 278/278/278 
f 278/278/278 311/311/311 279/279/279 
f 311/311/311 312/312/312 279/279/279 
f 279/279/279 312/312/312 280/280/280 
f 312/312/312 313/313/313 280/280/280 
f 280/280/280 313/313/313 281/281/281 
f 313/313/313 314/314/314 281/281/281 
f 281/281/281 314/314/314 282/282/282 
f 314/314/314 315/315/315 282/282/282 
f 282/282/282 315/315/315 283/283/283 
f 315/315/315 316/316/316 283/283/283 
f 283/283/283 316/316/316 284/284/284 
f 316/316/316 317/317/317 284/284/284 
f 284/284/284 317/317/317 285/285/285 
f 317/317/317 318/318/318 285/285/285 
f 285/285/285 318/318/318 286/286/286 
f 318/318/318 319/319/319 286/286/286 
f 286/286/286 319/319/319 287/287/287 
f 319/319/319 320/320/320 287/287/287 
f 287/287/287 320/320/320 288/288/288 
f 320/320/320 321/321/321 288/288/288 
f 288/288/288 321/321/321 289/289/289 
f 321/321/321 322/322/322 289/289/289 
f 289/289/289 322/322/322 290/290/290 
f 322/322/322 323/323/323 290/290/290 
f 290/290/290 323/323/323 291/291/291 
f 323/323/323 324/324/324 291/291/291 
f 291/291/291 324/324/324 292/292/292 
f 324/324/324 325/325/325 292/292/292 
f 292/292/292 325/325/325 293/293/293 
f 325/325/325 326/326/326 293/293/293 
f 293/293/293 326/326/326 294/294/294 
f 326/326/326 327/327/327 294/294/294 
f 294/294/294 327/327/327 295/295/295 
f 327/327/327 328/328/328 295/295/295 
f 295/295/295 328/328/328 296/296/296 
f 328/328/328 329/329/329 296/296/296 
f 296/296/296 329/329/329 297/297/297 
f 329/329/329 330/330/330 297/297/297 
f 297/297/297 330/330/330 298/298/298 
f 330/330/330 331/331/331 298/298/298 
f 298/298/298 331/331/331 299/299/299 
f 331/331/331 332/332/332 299/299/299 
f 299/299/299 332/332/332 300/300/300 
f 332/332/332 333/333/333 300/300/300 
f 300/300/300 333/333/333 301/301/301 
f 333/333/333 334/334/334 301/301/301 
f 301/301/301 334/334/334 302/302/302 
f 334/334/334 335/335/335 302/302/302 
f 302/302/302 335/335/335 303/303/303 
f 335/335/335 336/336/336 303/303/303 
f 303/303/303 336/336/336 304/304/304 
f 336/336/336 337/337/337 304/304/304 
f 304/304/304 337/337/337 305/305/305 
f 337/337/337 338/338/338 305/305/305 
f 305/305/305 338/338/338 306/306/306 
f 338/338/338 339/339/339 306/306/306 
f 306/306/306 339/339/339 307/307/307 
f 339/339/339 340/340/340 307/307/307 
f 307/307/307 340/340/340 308/308/308 
f 340/340/340 341/341/341 308/308/308 
f 308/308/308 341/341/341 309/309/309 
f 341/341/341 342/342/342 309/309/309 
f 309/309/309 342/342/342 342/342/342 
f 342/342/342 310/310/310 342/342/342 
f 342/342/342 310/310/310 310/310/310 
f 310/310/310 343/343/343 310/310/310 
f 310/310/310 343/343/343 311/311/311 
f 343/343/343 344/344/344 311/311/311 
f 311/311/311 344/344/344 312/312/312 
f 344/344/344 345/345/345 312/312/312 
f 312/312/312 345/345/345 313/313/313 
f 345/345/345 346/346/346 313/313/313 
f 313/313/313 346/346/346 314/314/314 
f 346/346/346 347/347/347 314/314/314 
f 314/314/314 347/347/347 315/315/315 
f 347/347/347 348/348/348 315/315/315 
f 315/315/315 348/348/348 316/316/316 
f 348/348/348 349/349/349 316/316/316 
f 316/316/316 349/349/349 317/317/317 
f 349/349/349 350/350/350 317/317/317 
f 317/317/317 350/350/350 318/318/318 
f 350/350/350 351/351/351 318/318/318 
f 318/318/318 351/351/351 319/319/319 
f 351/351/351 352/352/352 319/319/319 
f 319/319/319 352/352/352 320/320/320 
f 352/352/352 353/353/353 320/320/320 
f 320/320/320 353/353/353 321/321/321 
f 353/353/353 354/354/354 321/321/321 
f 321/321/321 354/354/354 322/322/322 
f 354/354/354 355/355/355 322/322/322 
f 322/322/322 355/355/355 323/323/323 
f 355/355/355 356/356/356 323/323/323 
f 323/323/323 356/356/356 324/324/324 
f 356/356/356 357/357/357 324/324/324 
f 324/324/324 357/357/357 325/325/325 
f 357/357/357 358/358/358 325/325/325 
f 325/325/325 358/358/358 326/326/326 
f 358/358/358 359/359/359 326/326/326 
f 326/326/326 359/359/359 327/327/327 
f 359/359/359 360/360/360 327/327/327 
f 327/327/327 360/360/360 328/328/328 
f 360/360/360 361/361/361 328/328/328 
f 328/328/328 361/361/361 329/329/329 
f 361/361/361 362/362/362 329/329/329 
f 329/329/329 362/362/362 330/330/330 
f 362/362/362 363/363/363 330/330/330 
f 330/330/330 363/363/363 331/331/331 
f 363/363/363 364/364/364 331/331/331 
f 331/331/331 364/364/364 332/332/332 
f 364/364/364 365/365/365 332/332/332 
f 332/332/332 365/365/365 333/333/333 
f 365/365/365 366/366/366 333/333/333 
f 333/333/333 366/366/366 334/334/334 
f 366/366/366 367/367/367 334/334/334 
f 334/334/334 367/367/367 335/335/335 
f 367/367/367 368/368/368 335/335/335 
f 335/335/335 368/368/368 336/336/336 
f 368/368/368 369/369/369 336/336/336 
f 336/336/336 369/369/369 337/337/337 
f 369/369/369 370/370/370 337/337/337 
f 337/337/337 370/370/370 338/338/338 
f 370/370/370 371/371/371 338/338/338 
f 338/338/338 371/371/371 339/339/339 
f 371/371/371 372/372/372 339/339/339 
f 339/339/339 372/372/372 340/340/340 
f 372/372/372 373/373/373 340/340/340 
f 340/340/340 373/373/373 341/341/341 
f 373/373/373 374/374/374 341/341/341 
f 341/341/341 374/374/374 342/342/342 
f 374/374/374 375/375/375 342/342/342 
f 342/342/342 375/375/375 375/375/375 
f 375/375/375 376/376/376 375/375/375 
f 375/375/375 376/376/376 376/376/376 
f 376/376/376 377/377/377 376/376/376 
f 376/376/376 377/377/377 378/378/378 
f 377/377/377 379/379/379 378/378/378 
f 378/378/378 379/379/379 379/379/379 
f 379/379/379 377/377/377 379/379/379 
f 379/379/379 377/377/377 377/377/377 
f 377/377/377 380/380/380 377/377/377 
f 377/377/377 380/380/380 379/379/379 
f 380/380/380 381/381/381 379/379/379 
f 379/379/379 381/381/381 381/381/381 
f 381/381/381 380/380/380 381/381/381 
f 381/381/381 380/380/380 380/380/380 
f 380/380/380 382/382/382 380/380/380 
f 380/380/380 382/382/382 381/381/381 
f 382/382/382 383/383/383 381/381/381 
f 381/381/381 383/383/383 383/383/383 
f 383/383/383 384/384/384 383/383/383 
f 383/383/383 384/384/384 384/384/384 
f 384/384/384 385/385/385 384/384/384 
f 384/384/384 385/385/385 386/386/386 
f 385/385/385 387/387/387 386/386/386 
f 386/386/386 387/387/387 387/387/387 
f 387/387/387 388/388/388 387/387/387 
f 387/387/387 388/388/388 388/388/388 
f 388/388/388 389/389/389 388/388/388 
f 388/388/388 389/389/389 390/390/390 
f 389/389/389 391/391/391 390/390/390 
f 390/390/390 391/391/391 391/391/391 
f 391/391/391 392/392/392 391/391/391 
f 391/391/391 392/392/392 392/392/392 
f 392/392/392 393/393/393 392/392/392 
f 392/392/392 393/393/393 394/394/394 
f 393/393/393 395/395/395 394/394/394 
f 394/394/394 395/395/395 395/395/395 
f 395/395/395 396/396/396 395/395/395 
f 395/395/395 396/396/396 396/396/396 
f 396/396/396 397/397/397 396/396/396 
f 396/396/396 397/397/397 398/398/398 
f 397/397/397 399/399/399 398/398/398 
f 398/398/398 399/399/399 399/399/399 
f 399/399/399 397/397/397 399/399/399 
f 399/399/399 397/397/397 400/400/400 
f 397/397/397 401/401/401 400/400/400 
f 400/400/400 401/401/401 401/401/401 
f 401/401/401 402/402/402 401/401/401 
f 401/401/401 402/402/402 402/402/402 
f 402/402/402 403/403/403 402/402/402 
f 402/402/402 403/403/403 404/404/404 
f 403/403/403 405/405/405 404/404/404 
f 404/404/404 405/405/405 405/405/405 
f 405/405/405 403/403/403 405/405/405 
f 405/405/405 403/403/403 403/403/403 
f 403/403/403 406/406/406 403/403/403 
f 403/403/403 406/406/406 405/405/405 
f 406/406/406 407/407/407 405/405/405 
f 405/405/405 407/407/407 408/408/408 
f 407/407/407 408/408/408 408/408/408 
f 408/408/408 408/408/408 408/408/408 
f 408/408/408 409/409/409 408/408/408 
f 408/408/408 409/409/409 405/405/405 
f 409/409/409 410/410/410 405/405/405 
f 405/405/405 410/410/410 410/410/410 
f 410/410/410 411/411/411 410/410/410 
f 410/410/410 411/411/411 411/411/411 
f 411/411/411 412/412/412 411/411/411 
f 411/411/411 412/412/412 413/413/413 
f 412/412/412 414/414/414 413/413/413 
f 413/413/413 414/414/414 414/414/414 
f 414/414/414 415/415/415 414/414/414 
f 414/414/414 415/415/415 415/415/415 
f 415/415/415 416/416/416 415/415/415 
f 415/415/415 416/416/416 56/56/56 
f 416/416/416 58/58/58 56/56/56 
f 56/56/56 58/58/58 58/58/58 
f 58/58/58 417/417/417 58/58/58 
f 58/58/58 417/417/417 417/417/417 
f 417/417/417 418/418/418 417/417/417 
f 417/417/417 418/418/418 419/419/419 
f 418/418/418 420/420/420 419/419/419 
f 419/419/419 420/420/420 420/420/420 
f 420/420/420 418/418/418 420/420/420 
f 420/420/420 418/418/418 418/418/418 
f 418/418/418 421/421/421 418/418/418 
f 418/418/418 421/421/421 420/420/420 
f 421/421/421 422/422/422 420/420/420 
f 420/420/420 422/422/422 422/422/422 
f 422/422/422 421/421/421 422/422/422 
f 422/422/422 421/421/421 421/421/421 
f 421/421/421 423/423/423 421/421/421 
f 421/421/421 423/423/423 422/422/422 
f 423/423/423 424/424/424 422/422/422 
f 422/422/422 424/424/424 424/424/424 
f 424/424/424 425/425/425 424/424/424 
f 424/424/424 425/425/425 425/425/425 
f 425/425/425 426/426/426 425/425/425 
f 425/425/425 426/426/426 427/427/427 
f 426/426/426 428/428/428 427/427/427 
f 427/427/427 428/428/428 428/428/428 
f 428/428/428 429/429/429 428/428/428 
f 428/428/428 429/429/429 429/429/429 
f 429/429/429 430/430/430 429/429/429 
f 429/429/429 430/430/430 431/431/431 
f 430/430/430 432/432/432 431/431/431 
f 431/431/431 432/432/432 433/433/433 
f 432/432/432 434/434/434 433/433/433 
f 433/433/433 434/434/434 435/435/435 
f 434/434/434 436/436/436 435/435/435 
f 435/435/435 436/436/436 437/437/437 
f 436/436/436 438/438/438 437/437/437 
f 437/437/437 438/438/438 439/439/439 
f 438/438/438 440/440/440 439/439/439 
f 439/439/439 440/440/440 441/441/441 
f 440/440/440 442/442/442 441/441/441 
f 441/441/441 442/442/442 443/443/443 
f 442/442/442 444/444/444 443/443/443 
f 443/443/443 444/444/444 445/445/445 
f 444/444/444 446/446/446 445/445/445 
f 445/445/445 446/446/446 447/447/447 
f 446/446/446 448/448/448 447/447/447 
f 447/447/447 448/448/448 449/449/449 
f 448/448/448 450/450/450 449/449/449 
f 449/449/449 450/450/450 451/451/451 
f 450/450/450 452/452/452 451/451/451 
f 451/451/451 452/452/452 453/453/453 
f 452/452/452 454/454/454 453/453/453 
f 453/453/453 454/454/454 455/455/455 
f 454/454/454 456/456/456 455/455/455 
f 455/455/455 456/456/456 457/457/457 
f 456/456/456 458/458/458 457/457/457 
f 457/457/457 458/458/458 459/459/459 
f 458/458/458 460/460/460 459/459/459 
f 459/459/459 460/460/460 461/461/461 
f 460/460/460 462/462/462 461/461/461 
f 461/461/461 462/462/462 463/463/463 
f 462/462/462 464/464/464 463/463/463 
f 463/463/463 464/464/464 465/465/465 
f 464/464/464 466/466/466 465/465/465 
f 465/465/465 466/466/466 467/467/467 
f 466/466/466 468/468/468 467/467/467 
f 467/467/467 468/468/468 469/469/469 
f 468/468/468 470/470/470 469/469/469 
f 469/469/469 470/470/470 471/471/471 
f 470/470/470 472/472/472 471/471/471 
f 471/471/471 472/472/472 473/473/473 
f 472/472/472 474/474/474 473/473/473 
f 473/473/473 474/474/474 475/475/475 
f 474/474/474 476/476/476 475/475/475 
f 475/475/475 476/476/476 477/477/477 
f 476/476/476 478/478/478 477/477/477 
f 477/477/477 478/478/478 479/479/479 
f 478/478/478 480/480/480 479/479/479 
f 479/479/479 480/480/480 481/481/481 
f 480/480/480 482/482/482 481/481/481 
f 481/481/481 482/482/482 483/483/483 
f 482/482/482 484/484/484 483/483/483 
f 483/483/483 484/484/484 485/485/485 
f 484/484/484 486/486/486 485/485/485 
f 485/485/485 486/486/486 487/487/487 
f 486/486/486 488/488/488 487/487/487 
f 487/487/487 488/488/488 489/489/489 
f 488/488/488 490/490/490 489/489/489 
f 489/489/489 490/490/490 491/491/491 
f 490/490/490 492/492/492 491/491/491 
f 491/491/491 492/492/492 493/493/493 
f 492/492/492 494/494/494 493/493/493 
f 493/493/493 494/494/494 494/494/494 
f 494/494/494 430/430/430 494/494/494 
f 494/494/494 430/430/430 430/430/430 
f 430/430/430 495/495/495 430/430/430 
f 430/430/430 495/495/495 432/432/432 
f 495/495/495 496/496/496 432/432/432 
f 432/432/432 496/496/496 434/434/434 
f 496/496/496 497/497/497 434/434/434 
f 434/434/434 497/497/497 436/436/436 
f 497/497/497 498/498/498 436/436/436 
f 436/436/436 498/498/498 438/438/438 
f 498/498/498 499/499/499 438/438/438 
f 438/438/438 499/499/499 440/440/440 
f 499/499/499 500/500/500 440/440/440 
f 440/440/440 500/500/500 442/442/442 
f 500/500/500 501/501/501 442/442/442 
f 442/442/442 501/501/501 444/444/444 
f 501/501/501 502/502/502 444/444/444 
f 444/444/444 502/502/502 446/446/446 
f 502/502/502 503/503/503 446/446/446 
f 446/446/446 503/503/503 448/448/448 
f 503/503/503 504/504/504 448/448/448 
f 448/448/448 504/504/504 450/450/450 
f 504/504/504 505/505/505 450/450/450 
f 450/450/450 505/505/505 452/452/452 
f 505/505/505 506/506/506 452/452/452 
f 452/452/452 506/506/506 454/454/454 
f 506/506/506 507/507/507 454/454/454 
f 454/454/454 507/507/507 456/456/456 
f 507/507/507 508/508/508 456/456/456 
f 456/456/456 508/508/508 458/458/458 
f 508/508/508 509/509/509 458/458/458 
f 458/458/458 509/509/509 460/460/460 
f 509/509/509 510/510/510 460/460/460 
f 460/460/460 510/510/510 462/462/462 
f 510/510/510 511/511/511 462/462/462 
f 462/462/462 511/511/511 464/464/464 
f 511/511/511 512/512/512 464/464/464 
f 464/464/464 512/512/512 466/466/466 
f 512/512/512 513/513/513 466/466/466 
f 466/466/466 513/513/513 468/468/468 
f 513/513/513 514/514/514 468/468/468 
f 468/468/468 514/514/514 470/470/470 
f 514/514/514 515/515/515 470/470/470 
f 470/470/470 515/515/515 472/472/472 
f 515/515/515 516/516/516 472/472/472 
f 472/472/472 516/516/516 474/474/474 
f 516/516/516 517/517/517 474/474/474 
f 474/474/474 517/517/517 476/476/476 
f 517/517/517 518/518/518 476/476/476 
f 476/476/476 518/518/518 478/478/478 
f 518/518/518 519/519/519 478/478/478 
f 478/478/478 519/519/519 480/480/480 
f 519/519/519 520/520/520 480/480/480 
f 480/480/480 520/520/520 482/482/482 
f 520/520/520 521/521/521 482/482/482 
f 482/482/482 521/521/521 484/484/484 
f 521/521/521 522/522/522 484/484/484 
f 484/484/484 522/522/522 486/486/486 
f 522/522/522 523/523/523 486/486/486 
f 486/486/486 523/523/523 488/488/488 
f 523/523/523 524/524/524 488/488/488 
f 488/488/488 524/524/524 490/490/490 
f 524/524/524 525/525/525 490/490/490 
f 490/490/490 525/525/525 492/492/492 
f 525/525/525 526/526/526 492/492/492 
f 492/492/492 526/526/526 494/494/494 
f 526/526/526 527/527/527 494/494/494 
f 494/494/494 527/527/527 527/527/527 
f 527/527/527 528/528/528 527/527/527 
f 527/527/527 528/528/528 528/528/528 
f 528/528/528 529/529/529 528/528/528 
f 528/528/528 529/529/529 530/530/530 
f 529/529/529 531/531/531 530/530/530 
f 530/530/530 531/531/531 531/531/531 
f 531/531/531 532/532/532 531/531/531 
f 531/531/531 532/532/532 532/532/532 
f 532/532/532 533/533/533 532/532/532 
f 532/532/532 533/533/533 534/534/534 
f 533/533/533 535/535/535 534/534/534 
f 534/534/534 535/535/535 535/535/535 
f 535/535/535 536/536/536 535/535/535 
f 535/535/535 536/536/536 536/536/536 
f 536/536/536 537/537/537 536/536/536 
f 536/536/536 537/537/537 538/538/538 
f 537/537/537 539/539/539 538/538/538 
f 538/538/538 539/539/539 539/539/539 
f 539/539/539 540/540/540 539/539/539 
f 539/539/539 540/540/540 540/540/540 
f 540/540/540 541/541/541 540/540/540 
f 540/540/540 541/541/541 542/542/542 
f 541/541/541 543/543/543 542/542/542 
f 542/542/542 543/543/543 543/543/543 
f 543/543/543 544/544/544 543/543/543 
f 543/543/543 544/544/544 544/544/544 
f 544/544/544 3/3/3 544/544/544 
f 544/544/544 3/3/3 545/545/545 
f 3/3/3 10/10/10 545/545/545 
f 545/545/545 10/10/10 546/546/546 
f 10/10/10 546/546/546 546/546/546 
f 546/546/546 546/546/546 547/547/547 
f 546/546/546 547/547/547 547/547/547 
f 547/547/547 547/547/547 547/547/547 
f 547/547/547 548/548/548 547/547/547 
f 547/547/547 548/548/548 549/549/549 
f 548/548/548 550/550/550 549/549/549 
f 549/549/549 550/550/550 550/550/550 
f 550/550/550 551/551/551 550/550/550 
f 550/550/550 551/551/551 551/551/551 
f 551/551/551 552/552/552 551/551/551 
f 551/551/551 552/552/552 5/5/5 
f 552/552/552 553/553/553 5/5/5 
f 5/5/5 553/553/553 8/8/8 
f 553/553/553 554/554/554 8/8/8 
f 8/8/8 554/554/554 555/555/555 
f 554/554/554 555/555/555 555/555/555 
f 555/555/555 555/555/555 556/556/556 
f 555/555/555 556/556/556 556/556/556 
f 556/556/556 556/556/556 556/556/556 
f 556/556/556 557/557/557 556/556/556 
f 556/556/556 557/557/557 558/558/558 
f 557/557/557 559/559/559 558/558/558 
f 558/558/558 559/559/559 559/559/559 
f 559/559/559 557/557/557 559/559/559 
f 559/559/559 557/557/557 557/557/557 
f 557/557/557 560/560/560 557/557/557 
f 557/557/557 560/560/560 559/559/559 
f 560/560/560 561/561/561 559/559/559 
f 559/559/559 561/561/561 561/561/561 
f 561/561/561 560/560/560 561/561/561 
f 561/561/561 560/560/560 560/560/560 
f 560/560/560 562/562/562 560/560/560 
f 560/560/560 562/562/562 561/561/561 
f 562/562/562 563/563/563 561/561/561 
f 561/561/561 563/563/563 563/563/563 
f 563/563/563 564/564/564 563/563/563 
f 563/563/563 564/564/564 564/564/564 
f 564/564/564 565/565/565 564/564/564 
f 564/564/564 565/565/565 566/566/566 
f 565/565/565 567/567/567 566/566/566 
f 566/566/566 567/567/567 568/568/568 
f 567/567/567 569/569/569 568/568/568 
f 568/568/568 569/569/569 570/570/570 
f 569/569/569 571/571/571 570/570/570 
f 570/570/570 571/571/571 572/572/572 
f 571/571/571 573/573/573 572/572/572 
f 572/572/572 573/573/573 574/574/574 
f 573/573/573 575/575/575 574/574/574 
f 574/574/574 575/575/575 576/576/576 
f 575/575/575 577/577/577 576/576/576 
f 576/576/576 577/577/577 578/578/578 
f 577/577/577 579/579/579 578/578/578 
f 578/578/578 579/579/579 580/580/580 
f 579/579/579 581/581/581 580/580/580 
f 580/580/580 581/581/581 582/582/582 
f 581/581/581 583/583/583 582/582/582 
f 582/582/582 583/583/583 584/584/584 
f 583/583/583 585/585/585 584/584/584 
f 584/584/584 585/585/585 586/586/586 
f 585/585/585 587/587/587 586/586/586 
f 586/586/586 587/587/587 588/588/588 
f 587/587/587 589/589/589 588/588/588 
f 588/588/588 589/589/589 590/590/590 
f 589/589/589 591/591/591 590/590/590 
f 590/590/590 591/591/591 592/592/592 
f 591/591/591 593/593/593 592/592/592 
f 592/592/592 593/593/593 594/594/594 
f 593/593/593 595/595/595 594/594/594 
f 594/594/594 595/595/595 596/596/596 
f 595/595/595 597/597/597 596/596/596 
f 596/596/596 597/597/597 598/598/598 
f 597/597/597 599/599/599 598/598/598 
f 598/598/598 599/599/599 600/600/600 
f 599/599/599 601/601/601 600/600/600 
f 600/600/600 601/601/601 602/602/602 
f 601/601/601 603/603/603 602/602/602 
f 602/602/602 603/603/603 604/604/604 
f 603/603/603 605/605/605 604/604/604 
f 604/604/604 605/605/605 606/606/606 
f 605/605/605 607/607/607 606/606/606 
f 606/606/606 607/607/607 608/608/608 
f 607/607/607 609/609/609 608/608/608 
f 608/608/608 609/609/609 610/610/610 
f 609/609/609 611/611/611 610/610/610 
f 610/610/610 611/611/611 612/612/612 
f 611/611/611 613/613/613 612/612/612 
f 612/612/612 613/613/613 614/614/614 
f 613/613/613 615/615/615 614/614/614 
f 614/614/614 615/615/615 616/616/616 
f 615/615/615 617/617/617 616/616/616 
f 616/616/616 617/617/617 618/618/618 
f 617/617/617 619/619/619 618/618/618 
f 618/618/618 619/619/619 620/620/620 
f 619/619/619 621/621/621 620/620/620 
f 620/620/620 621/621/621 622/622/622 
f 621/621/621 623/623/623 622/622/622 
f 622/622/622 623/623/623 624/624/624 
f 623/623/623 625/625/625 624/624/624 
f 624/624/624 625/625/625 626/626/626 
f 625/625/625 627/627/627 626/626/626 
f 626/626/626 627/627/627 628/628/628 
f 627/627/627 629/629/629 628/628/628 
f 628/628/628 629/629/629 629/629/629 
f 629/629/629 565/565/565 629/629/629 
f 629/629/629 565/565/565 565/565/565 
f 565/565/565 630/630/630 565/565/565 
f 565/565/565 630/630/630 567/567/567 
f 630/630/630 631/631/631 567/567/567 
f 567/567/567 631/631/631 569/569/569 
f 631/631/631 632/632/632 569/569/569 
f 569/569/569 632/632/632 571/571/571 
f 632/632/632 633/633/633 571/571/571 
f 571/571/571 633/633/633 573/573/573 
f 633/633/633 634/634/634 573/573/573 
f 573/573/573 634/634/634 575/575/575 
f 634/634/634 635/635/635 575/575/575 
f 575/575/575 635/635/635 577/577/577 
f 635/635/635 636/636/636 577/577/577 
f 577/577/577 636/636/636 579/579/579 
f 636/636/636 637/637/637 579/579/579 
f 579/579/579 637/637/637 581/581/581 
f 637/637/637 638/638/638 581/581/581 
f 581/581/581 638/638/638 583/583/583 
f 638/638/638 639/639/639 583/583/583 
f 583/583/583 639/639/639 585/585/585 
f 639/639/639 640/640/640 585/585/585 
f 585/585/585 640/640/640 587/587/587 
f 640/640/640 641/641/641 587/587/587 
f 587/587/587 641/641/641 589/589/589 
f 641/641/641 642/642/642 589/589/589 
f 589/589/589 642/642/642 591/591/591 
f 642/642/642 643/643/643 591/591/591 
f 591/591/591 643/643/643 593/593/593 
f 643/643/643 644/644/644 593/593/593 
f 593/593/593 644/644/644 595/595/595 
f 644/644/644 645/645/645 595/595/595 
f 595/595/595 645/645/645 597/597/597 
f 645/645/645 646/646/646 597/597/597 
f 597/597/597 646/646/646 599/599/599 
f 646/646/646 647/647/647 599/599/599 
f 599/599/599 647/647/647 601/601/601 
f 647/647/647 648/648/648 601/601/601 
f 601/601/601 648/648/648 603/603/603 
f 648/648/648 649/649/649 603/603/603 
f 603/603/603 649/649/649 605/605/605 
f 649/649/649 650/650/650 605/605/605 
f 605/605/605 650/650/650 607/607/607 
f 650/650/650 651/651/651 607/607/607 
f 607/607/607 651/651/651 609/609/609 
f 651/651/651 652/652/652 609/609/609 
f 609/609/609 652/652/652 611/611/611 
f 652/652/652 653/653/653 611/611/611 
f 611/611/611 653/653/653 613/613/613 
f 653/653/653 654/654/654 613/613/613 
f 613/613/613 654/654/654 615/615/615 
f 654/654/654 655/655/655 615/615/615 
f 615/615/615 655/655/655 617/617/617 
f 655/655/655 656/656/656 617/617/617 
f 617/617/617 656/656/656 619/619/619 
f 656/656/656 657/657/657 619/619/619 
f 619/619/619 657/657/657 621/621/621 
f 657/657/657 658/658/658 621/621/621 
f 621/621/621 658/658/658 623/623/623 
f 658/658/658 659/659/659 623/623/623 
f 623/623/623 659/659/659 625/625/625 
f 659/659/659 660/660/660 625/625/625 
f 625/625/625 660/660/660 627/627/627 
f 660/660/660 661/661/661 627/627/627 
f 627/627/627 661/661/661 629/629/629 
f 661/661/661 662/662/662 629/629/629 
f 629/629/629 662/662/662 662/662/662 
f 662/662/662 663/663/663 662/662/662 
f 662/662/662 663/663/663 663/663/663 
f 663/663/663 664/664/664 663/663/663 
f 663/663/663 664/664/664 665/665/665 
f 664/664/664 666/666/666 665/665/665 
f 665/665/665 666/666/666 666/666/666 
f 666/666/666 667/667/667 666/666/666 
f 666/666/666 667/667/667 667/667/667 
f 667/667/667 668/668/668 667/667/667 
f 667/667/667 668/668/668 669/669/669 
f 668/668/668 670/670/670 669/669/669 
f 669/669/669 670/670/670 670/670/670 
f 670/670/670 671/671/671 670/670/670 
f 670/670/670 671/671/671 671/671/671 
f 671/671/671 672/672/672 671/671/671 
f 671/671/671 672/672/672 673/673/673 
f 672/672/672 674/674/674 673/673/673 
f 673/673/673 674/674/674 675/675/675 
f 674/674/674 676/676/676 675/675/675 
f 675/675/675 676/676/676 676/676/676 
f 676/676/676 677/677/677 676/676/676 
f 676/676/676 677/677/677 677/677/677 
f 677/677/677 678/678/678 677/677/677 
f 677/677/677 678/678/678 679/679/679 
f 678/678/678 680/680/680 679/679/679 
f 679/679/679 680/680/680 681/681/681 
f 680/680/680 681/681/681 681/681/681 
f 681/681/681 681/681/681 681/681/681 
f 681/681/681 682/682/682 681/681/681 
f 681/681/681 682/682/682 679/679/679 
f 682/682/682 683/683/683 679/679/679 
f 679/679/679 683/683/683 684/684/684 
f 683/683/683 685/685/685 684/684/684 
f 684/684/684 685/685/685 686/686/686 
f 685/685/685 686/686/686 686/686/686 
f 686/686/686 686/686/686 687/687/687 
f 686/686/686 687/687/687 687/687/687 
f 687/687/687 687/687/687 687/687/687 
f 687/687/687 688/688/688 687/687/687 
f 687/687/687 688/688/688 689/689/689 
f 688/688/688 690/690/690 689/689/689 
f 689/689/689 690/690/690 691/691/691 
f 690/690/690 691/691/691 691/691/691 
f 691/691/691 691/691/691 692/692/692 
f 691/691/691 692/692/692 692/692/692 
f 692/692/692 692/692/692 692/692/692 
f 692/692/692 693/693/693 692/692/692 
f 692/692/692 693/693/693 694/694/694 
f 693/693/693 695/695/695 694/694/694 
f 694/694/694 695/695/695 695/695/695 
f 695/695/695 696/696/696 695/695/695 
f 695/695/695 696/696/696 696/696/696 
f 696/696/696 697/697/697 696/696/696 
f 696/696/696 697/697/697 698/698/698 
f 697/697/697 699/699/699 698/698/698 
f 698/698/698 699/699/699 700/700/700 
f 699/699/699 701/701/701 700/700/700 
f 700/700/700 701/701/701 701/701/701 
f 701/701/701 702/702/702 701/701/701 
f 701/701/701 702/702/702 702/702/702 
f 702/702/702 703/703/703 702/702/702 
f 702/702/702 703/703/703 704/704/704 
f 703/703/703 705/705/705 704/704/704 
f 704/704/704 705/705/705 706/706/706 
f 705/705/705 707/707/707 706/706/706 
f 706/706/706 707/707/707 708/708/708 
f 707/707/707 709/709/709 708/708/708 
f 708/708/708 709/709/709 710/710/710 
f 709/709/709 711/711/711 710/710/710 
f 710/710/710 711/711/711 712/712/712 
f 711/711/711 713/713/713 712/712/712 
f 712/712/712 713/713/713 713/713/713 
f 713/713/713 714/714/714 713/713/713 
f 713/713/713 714/714/714 714/714/714 
f 714/714/714 715/715/715 714/714/714 
f 714/714/714 715/715/715 716/716/716 
f 715/715/715 717/717/717 716/716/716 
f 716/716/716 717/717/717 717/717/717 
f 717/717/717 715/715/715 717/717/717 
f 717/717/717 715/715/715 718/718/718 
f 715/715/715 719/719/719 718/718/718 
f 718/718/718 719/719/719 719/719/719 
f 719/719/719 715/715/715 719/719/719 
f 719/719/719 715/715/715 720/720/720 
f 715/715/715 721/721/721 720/720/720 
f 720/720/720 721/721/721 722/722/722 
f 721/721/721 723/723/723 722/722/722 
f 722/722/722 723/723/723 723/723/723 
f 723/723/723 724/724/724 723/723/723 
f 723/723/723 724/724/724 724/724/724 
f 724/724/724 725/725/725 724/724/724 
f 724/724/724 725/725/725 726/726/726 
f 725/725/725 727/727/727 726/726/726 
f 726/726/726 727/727/727 727/727/727 
f 727/727/727 725/725/725 727/727/727 
f 727/727/727 725/725/725 728/728/728 
f 725/725/725 729/729/729 728/728/728 
f 728/728/728 729/729/729 729/729/729 
f 729/729/729 730/730/730 729/729/729 
f 729/729/729 730/730/730 730/730/730 
f 730/730/730 731/731/731 730/730/730 
f 730/730/730 731/731/731 732/732/732 
f 731/731/731 733/733/733 732/732/732 
f 732/732/732 733/733/733 734/734/734 
f 733/733/733 734/734/734 734/734/734 
f 734/734/734 734/734/734 735/735/735 
f 734/734/734 735/735/735 735/735/735 
f 735/735/735 735/735/735 735/735/735 
f 735/735/735 736/736/736 735/735/735 
f 735/735/735 736/736/736 737/737/737 
f 736/736/736 738/738/738 737/737/737 
f 737/737/737 738/738/738 738/738/738 
f 738/738/738 739/739/739 738/738/738 
f 738/738/738 739/739/739 739/739/739 
f 739/739/739 740/740/740 739/739/739 
f 739/739/739 740/740/740 741/741/741 
f 740/740/740 742/742/742 741/741/741 
f 741/741/741 742/742/742 743/743/743 
f 742/742/742 743/743/743 743/743/743 
f 743/743/743 743/743/743 744/744/744 
f 743/743/743 744/744/744 744/744/744 
f 744/744/744 744/744/744 744/744/744 
f 744/744/744 745/745/745 744/744/744 
f 744/744/744 745/745/745 746/746/746 
f 745/745/745 747/747/747 746/746/746 
f 746/746/746 747/747/747 748/748/748 
f 747/747/747 749/749/749 748/748/748 
f 748/748/748 749/749/749 749/749/749 
f 749/749/749 745/745/745 749/749/749 
f 749/749/749 745/745/745 745/745/745 
f 745/745/745 750/750/750 745/745/745 
f 745/745/745 750/750/750 747/747/747 
f 750/750/750 751/751/751 747/747/747 
f 747/747/747 751/751/751 749/749/749 
f 751/751/751 752/752/752 749/749/749 
f 749/749/749 752/752/752 752/752/752 
f 752/752/752 750/750/750 752/752/752 
f 752/752/752 750/750/750 750/750/750 
f 750/750/750 753/753/753 750/750/750 
f 750/750/750 753/753/753 751/751/751 
f 753/753/753 754/754/754 751/751/751 
f 751/751/751 754/754/754 752/752/752 
f 754/754/754 755/755/755 752/752/752 
f 752/752/752 755/755/755 755/755/755 
f 755/755/755 753/753/753 755/755/755 
f 755/755/755 753/753/753 753/753/753 
f 753/753/753 756/756/756 753/753/753 
f 753/753/753 756/756/756 754/754/754 
f 756/756/756 757/757/757 754/754/754 
f 754/754/754 757/757/757 755/755/755 
f 757/757/757 758/758/758 755/755/755 
f 755/755/755 758/758/758 758/758/758 
f 758/758/758 756/756/756 758/758/758 
f 758/758/758 756/756/756 756/756/756 
f 756/756/756 759/759/759 756/756/756 
f 756/756/756 759/759/759 757/757/757 
f 759/759/759 760/760/760 757/757/757 
f 757/757/757 760/760/760 758/758/758 
f 760/760/760 761/761/761 758/758/758 
f 758/758/758 761/761/761 761/761/761 
f 761/761/761 759/759/759 761/761/761 
f 761/761/761 759/759/759 759/759/759 
f 759/759/759 762/762/762 759/759/759 
f 759/759/759 762/762/762 760/760/760 
f 762/762/762 763/763/763 760/760/760 
f 760/760/760 763/763/763 761/761/761 
f 763/763/763 764/764/764 761/761/761 
f 761/761/761 764/764/764 764/764/764 
f 764/764/764 762/762/762 764/764/764 
f 764/764/764 762/762/762 762/762/762 
f 762/762/762 765/765/765 762/762/762 
f 762/762/762 765/765/765 763/763/763 
f 765/765/765 766/766/766 763/763/763 
f 763/763/763 766/766/766 764/764/764 
f 766/766/766 767/767/767 764/764/764 
f 764/764/764 767/767/767 767/767/767 
f 767/767/767 765/765/765 767/767/767 
f 767/767/767 765/765/765 765/765/765 
f 765/765/765 768/768/768 765/765/765 
f 765/765/765 768/768/768 766/766/766 
f 768/768/768 769/769/769 766/766/766 
f 766/766/766 769/769/769 767/767/767 
f 769/769/769 770/770/770 767/767/767 
f 767/767/767 770/770/770 770/770/770 
f 770/770/770 768/768/768 770/770/770 
f 770/770/770 768/768/768 768/768/768 
f 768/768/768 771/771/771 768/768/768 
f 768/768/768 771/771/771 769/769/769 
f 771/771/771 772/772/772 769/769/769 
f 769/769/769 772/772/772 770/770/770 
f 772/772/772 773/773/773 770/770/770 
f 770/770/770 773/773/773 773/773/773 
f 773/773/773 771/771/771 773/773/773 
f 773/773/773 771/771/771 771/771/771 
f 771/771/771 774/774/774 771/771/771 
f 771/771/771 774/774/774 772/772/772 
f 774/774/774 775/775/775 772/772/772 
f 772/772/772 775/775/775 773/773/773 
f 775/775/775 776/776/776 773/773/773 
f 773/773/773 776/776/776 776/776/776 
f 776/776/776 774/774/774 776/776/776 
f 776/776/776 774/774/774 774/774/774 
f 774/774/774 777/777/777 774/774/774 
f 774/774/774 777/777/777 775/775/775 
f 777/777/777 778/778/778 775/775/775 
f 775/775/775 778/778/778 776/776/776 
f 778/778/778 779/779/779 776/776/776 
f 776/776/776 779/779/779 779/779/779 
f 779/779/779 777/777/777 779/779/779 
f 779/779/779 777/777/777 777/777/777 
f 777/777/777 780/780/780 777/777/777 
f 777/777/777 780/780/780 778/778/778 
f 780/780/780 781/781/781 778/778/778 
f 778/778/778 781/781/781 779/779/779 
f 781/781/781 782/782/782 779/779/779 
f 779/779/779 782/782/782 782/782/782 
f 782/782/782 780/780/780 782/782/782 
f 782/782/782 780/780/780 780/780/780 
f 780/780/780 783/783/783 780/780/780 
f 780/780/780 783/783/783 781/781/781 
f 783/783/783 784/784/784 781/781/781 
f 781/781/781 784/784/784 782/782/782 
f 784/784/784 785/785/785 782/782/782 
f 782/782/782 785/785/785 785/785/785 
f 785/785/785 783/783/783 785/785/785 
f 785/785/785 783/783/783 783/783/783 
f 783/783/783 786/786/786 783/783/783 
f 783/783/783 786/786/786 784/784/784 
f 786/786/786 787/787/787 784/784/784 
f 784/784/784 787/787/787 785/785/785 
f 787/787/787 788/788/788 785/785/785 
f 785/785/785 788/788/788 788/788/788 
f 788/788/788 786/786/786 788/788/788 
f 788/788/788 786/786/786 786/786/786 
f 786/786/786 789/789/789 786/786/786 
f 786/786/786 789/789/789 787/787/787 
f 789/789/789 790/790/790 787/787/787 
f 787/787/787 790/790/790 788/788/788 
f 790/790/790 791/791/791 788/788/788 
f 788/788/788 791/791/791 791/791/791 
f 791/791/791 789/789/789 791/791/791 
f 791/791/791 789/789/789 789/789/789 
f 789/789/789 792/792/792 789/789/789 
f 789/789/789 792/792/792 790/790/790 
f 792/792/792 793/793/793 790/790/790 
f 790/790/790 793/793/793 791/791/791 
f 793/793/793 794/794/794 791/791/791 
f 791/791/791 794/794/794 794/794/794 
f 794/794/794 792/792/792 794/794/794 
f 794/794/794 792/792/792 792/792/792 
f 792/792/792 795/795/795 792/792/792 
f 792/792/792 795/795/795 793/793/793 
f 795/795/795 796/796/796 793/793/793 
f 793/793/793 796/796/796 794/794/794 
f 796/796/796 797/797/797 794/794/794 
f 794/794/794 797/797/797 797/797/797 
f 797/797/797 795/795/795 797/797/797 
f 797/797/797 795/795/795 795/795/795 
f 795/795/795 798/798/798 795/795/795 
f 795/795/795 798/798/798 796/796/796 
f 798/798/798 799/799/799 796/796/796 
f 796/796/796 799/799/799 797/797/797 
f 799/799/799 800/800/800 797/797/797 
f 797/797/797 800/800/800 800/800/800 
f 800/800/800 798/798/798 800/800/800 
f 800/800/800 798/798/798 798/798/798 
f 798/798/798 801/801/801 798/798/798 
f 798/798/798 801/801/801 799/799/799 
f 801/801/801 802/802/802 799/799/799 
f 799/799/799 802/802/802 800/800/800 
f 802/802/802 803/803/803 800/800/800 
f 800/800/800 803/803/803 803/803/803 
f 803/803/803 801/801/801 803/803/803 
f 803/803/803 801/801/801 801/801/801 
f 801/801/801 804/804/804 801/801/801 
f 801/801/801 804/804/804 802/802/802 
f 804/804/804 805/805/805 802/802/802 
f 802/802/802 805/805/805 803/803/803 
f 805/805/805 806/806/806 803/803/803 
f 803/803/803 806/806/806 806/806/806 
f 806/806/806 804/804/804 806/806/806 
f 806/806/806 804/804/804 804/804/804 
f 804/804/804 807/807/807 804/804/804 
f 804/804/804 807/807/807 805/805/805 
f 807/807/807 808/808/808 805/805/805 
f 805/805/805 808/808/808 806/806/806 
f 808/808/808 809/809/809 806/806/806 
f 806/806/806 809/809/809 809/809/809 
f 809/809/809 807/807/807 809/809/809 
f 809/809/809 807/807/807 807/807/807 
f 807/807/807 810/810/810 807/807/807 
f 807/807/807 810/810/810 808/808/808 
f 810/810/810 811/811/811 808/808/808 
f 808/808/808 811/811/811 809/809/809 
f 811/811/811 812/812/812 809/809/809 
f 809/809/809 812/812/812 812/812/812 
f 812/812/812 810/810/810 812/812/812 
f 812/812/812 810/810/810 810/810/810 
f 810/810/810 813/813/813 810/810/810 
f 810/810/810 813/813/813 811/811/811 
f 813/813/813 814/814/814 811/811/811 
f 811/811/811 814/814/814 812/812/812 
f 814/814/814 815/815/815 812/812/812 
f 812/812/812 815/815/815 815/815/815 
f 815/815/815 813/813/813 815/815/815 
f 815/815/815 813/813/813 813/813/813 
f 813/813/813 816/816/816 813/813/813 
f 813/813/813 816/816/816 814/814/814 
f 816/816/816 817/817/817 814/814/814 
f 814/814/814 817/817/817 815/815/815 
f 817/817/817 818/818/818 815/815/815 
f 815/815/815 818/818/818 818/818/818 
f 818/818/818 816/816/816 818/818/818 
f 818/818/818 816/816/816 816/816/816 
f 816/816/816 819/819/819 816/816/816 
f 816/816/816 819/819/819 817/817/817 
f 819/819/819 820/820/820 817/817/817 
f 817/817/817 820/820/820 818/818/818 
f 820/820/820 821/821/821 818/818/818 
f 818/818/818 821/821/821 821/821/821 
f 821/821/821 819/819/819 821/821/821 
f 821/821/821 819/819/819 819/819/819 
f 819/819/819 822/822/822 819/819/819 
f 819/819/819 822/822/822 820/820/820 
f 822/822/822 823/823/823 820/820/820 
f 820/820/820 823/823/823 821/821/821 
f 823/823/823 824/824/824 821/821/821 
f 821/821/821 824/824/824 824/824/824 
f 824/824/824 822/822/822 824/824/824 
f 824/824/824 822/822/822 822/822/822 
f 822/822/822 825/825/825 822/822/822 
f 822/822/822 825/825/825 823/823/823 
f 825/825/825 826/826/826 823/823/823 
f 823/823/823 826/826/826 824/824/824 
f 826/826/826 827/827/827 824/824/824 
f 824/824/824 827/827/827 827/827/827 
f 827/827/827 825/825/825 827/827/827 
f 827/827/827 825/825/825 825/825/825 
f 825/825/825 828/828/828 825/825/825 
f 825/825/825 828/828/828 826/826/826 
f 828/828/828 829/829/829 826/826/826 
f 826/826/826 829/829/829 827/827/827 
f 829/829/829 830/830/830 827/827/827 
f 827/827/827 830/830/830 830/830/830 
f 830/830/830 828/828/828 830/830/830 
f 830/830/830 828/828/828 828/828/828 
f 828/828/828 831/831/831 828/828/828 
f 828/828/828 831/831/831 829/829/829 
f 831/831/831 832/832/832 829/829/829 
f 829/829/829 832/832/832 830/830/830 
f 832/832/832 833/833/833 830/830/830 
f 830/830/830 833/833/833 833/833/833 
f 833/833/833 831/831/831 833/833/833 
f 833/833/833 831/831/831 831/831/831 
f 831/831/831 834/834/834 831/831/831 
f 831/831/831 834/834/834 832/832/832 
f 834/834/834 835/835/835 832/832/832 
f 832/832/832 835/835/835 833/833/833 
f 835/835/835 836/836/836 833/833/833 
f 833/833/833 836/836/836 836/836/836 
f 836/836/836 834/834/834 836/836/836 
f 836/836/836 834/834/834 834/834/834 
f 834/834/834 837/837/837 834/834/834 
f 834/834/834 837/837/837 835/835/835 
f 837/837/837 838/838/838 835/835/835 
f 835/835/835 838/838/838 836/836/836 
f 838/838/838 839/839/839 836/836/836 
f 836/836/836 839/839/839 839/839/839 
f 839/839/839 837/837/837 839/839/839 
f 839/839/839 837/837/837 837/837/837 
f 837/837/837 744/744/744 837/837/837 
f 837/837/837 744/744/744 838/838/838 
f 744/744/744 840/840/840 838/838/838 
f 838/838/838 840/840/840 839/839/839 
f 840/840/840 841/841/841 839/839/839 
f 839/839/839 841/841/841 841/841/841 
f 841/841/841 842/842/842 841/841/841 
f 841/841/841 842/842/842 842/842/842 
f 842/842/842 843/843/843 842/842/842 
f 842/842/842 843/843/843 844/844/844 
f 843/843/843 845/845/845 844/844/844 
f 844/844/844 845/845/845 845/845/845 
f 845/845/845 846/846/846 845/845/845 
f 845/845/845 846/846/846 846/846/846 
f 846/846/846 847/847/847 846/846/846 
f 846/846/846 847/847/847 848/848/848 
f 847/847/847 849/849/849 848/848/848 
f 848/848/848 849/849/849 850/850/850 
f 849/849/849 851/851/851 850/850/850 
f 850/850/850 851/851/851 852/852/852 
f 851/851/851 853/853/853 852/852/852 
f 852/852/852 853/853/853 854/854/854 
f 853/853/853 855/855/855 854/854/854 
f 854/854/854 855/855/855 856/856/856 
f 855/855/855 857/857/857 856/856/856 
f 856/856/856 857/857/857 858/858/858 
f 857/857/857 859/859/859 858/858/858 
f 858/858/858 859/859/859 860/860/860 
f 859/859/859 861/861/861 860/860/860 
f 860/860/860 861/861/861 862/862/862 
f 861/861/861 863/863/863 862/862/862 
f 862/862/862 863/863/863 864/864/864 
f 863/863/863 865/865/865 864/864/864 
f 864/864/864 865/865/865 866/866/866 
f 865/865/865 867/867/867 866/866/866 
f 866/866/866 867/867/867 868/868/868 
f 867/867/867 869/869/869 868/868/868 
f 868/868/868 869/869/869 870/870/870 
f 869/869/869 871/871/871 870/870/870 
f 870/870/870 871/871/871 872/872/872 
f 871/871/871 873/873/873 872/872/872 
f 872/872/872 873/873/873 874/874/874 
f 873/873/873 875/875/875 874/874/874 
f 874/874/874 875/875/875 876/876/876 
f 875/875/875 877/877/877 876/876/876 
f 876/876/876 877/877/877 878/878/878 
f 877/877/877 879/879/879 878/878/878 
f 878/878/878 879/879/879 880/880/880 
f 879/879/879 881/881/881 880/880/880 
f 880/880/880 881/881/881 882/882/882 
f 881/881/881 883/883/883 882/882/882 
f 882/882/882 883/883/883 884/884/884 
f 883/883/883 885/885/885 884/884/884 
f 884/884/884 885/885/885 886/886/886 
f 885/885/885 887/887/887 886/886/886 
f 886/886/886 887/887/887 888/888/888 
f 887/887/887 889/889/889 888/888/888 
f 888/888/888 889/889/889 890/890/890 
f 889/889/889 891/891/891 890/890/890 
f 890/890/890 891/891/891 892/892/892 
f 891/891/891 893/893/893 892/892/892 
f 892/892/892 893/893/893 894/894/894 
f 893/893/893 895/895/895 894/894/894 
f 894/894/894 895/895/895 896/896/896 
f 895/895/895 897/897/897 896/896/896 
f 896/896/896 897/897/897 898/898/898 
f 897/897/897 899/899/899 898/898/898 
f 898/898/898 899/899/899 900/900/900 
f 899/899/899 901/901/901 900/900/900 
f 900/900/900 901/901/901 902/902/902 
f 901/901/901 903/903/903 902/902/902 
f 902/902/902 903/903/903 904/904/904 
f 903/903/903 905/905/905 904/904/904 
f 904/904/904 905/905/905 906/906/906 
f 905/905/905 907/907/907 906/906/906 
f 906/906/906 907/907/907 908/908/908 
f 907/907/907 909/909/909 908/908/908 
f 908/908/908 909/909/909 910/910/910 
f 909/909/909 911/911/911 910/910/910 
f 910/910/910 911/911/911 911/911/911 
f 911/911/911 847/847/847 911/911/911 
f 911/911/911 847/847/847 847/847/847 
f 847/847/847 912/912/912 847/847/847 
f 847/847/847 912/912/912 849/849/849 
f 912/912/912 913/913/913 849/849/849 
f 849/849/849 913/913/913 851/851/851 
f 913/913/913 914/914/914 851/851/851 
f 851/851/851 914/914/914 853/853/853 
f 914/914/914 915/915/915 853/853/853 
f 853/853/853 915/915/915 855/855/855 
f 915/915/915 916/916/916 855/855/855 
f 855/855/855 916/916/916 857/857/857 
f 916/916/916 917/917/917 857/857/857 
f 857/857/857 917/917/917 859/859/859 
f 917/917/917 918/918/918 859/859/859 
f 859/859/859 918/918/918 861/861/861 
f 918/918/918 919/919/919 861/861/861 
f 861/861/861 919/919/919 863/863/863 
f 919/919/919 920/920/920 863/863/863 
f 863/863/863 920/920/920 865/865/865 
f 920/920/920 921/921/921 865/865/865 
f 865/865/865 921/921/921 867/867/867 
f 921/921/921 922/922/922 867/867/867 
f 867/867/867 922/922/922 869/869/869 
f 922/922/922 923/923/923 869/869/869 
f 869/869/869 923/923/923 871/871/871 
f 923/923/923 924/924/924 871/871/871 
f 871/871/871 924/924/924 873/873/873 
f 924/924/924 925/925/925 873/873/873 
f 873/873/873 925/925/925 875/875/875 
f 925/925/925 926/926/926 875/875/875 
f 875/875/875 926/926/926 877/877/877 
f 926/926/926 927/927/927 877/877/877 
f 877/877/877 927/927/927 879/879/879 
f 927/927/927 928/928/928 879/879/879 
f 879/879/879 928/928/928 881/881/881 
f 928/928/928 929/929/929 881/881/881 
f 881/881/881 929/929/929 883/883/883 
f 929/929/929 930/930/930 883/883/883 
f 883/883/883 930/930/930 885/885/885 
f 930/930/930 931/931/931 885/885/885 
f 885/885/885 931/931/931 887/887/887 
f 931/931/931 932/932/932 887/887/887 
f 887/887/887 932/932/932 889/889/889 
f 932/932/932 933/933/933 889/889/889 
f 889/889/889 933/933/933 891/891/891 
f 933/933/933 934/934/934 891/891/891 
f 891/891/891 934/934/934 893/893/893 
f 934/934/934 935/935/935 893/893/893 
f 893/893/893 935/935/935 895/895/895 
f 935/935/935 936/936/936 895/895/895 
f 895/895/895 936/936/936 897/897/897 
f 936/936/936 937/937/937 897/897/897 
f 897/897/897 937/937/937 899/899/899 
f 937/937/937 938/938/938 899/899/899 
f 899/899/899 938/938/938 901/901/901 
f 938/938/938 939/939/939 901/901/901 
f 901/901/901 939/939/939 903/903/903 
f 939/939/939 940/940/940 903/903/903 
f 903/903/903 940/940/940 905/905/905 
f 940/940/940 941/941/941 905/905/905 
f 905/905/905 941/941/941 907/907/907 
f 941/941/941 942/942/942 907/907/907 
f 907/907/907 942/942/942 909/909/909 
f 942/942/942 943/943/943 909/909/909 
f 909/909/909 943/943/943 911/911/911 
f 943/943/943 944/944/944 911/911/911 
f 911/911/911 944/944/944 944/944/944 
f 944/944/944 912/912/912 944/944/944 
f 944/944/944 912/912/912 912/912/912 
f 912/912/912 945/945/945 912/912/912 
f 912/912/912 945/945/945 913/913/913 
f 945/945/945 946/946/946 913/913/913 
f 913/913/913 946/946/946 914/914/914 
f 946/946/946 947/947/947 914/914/914 
f 914/914/914 947/947/947 915/915/915 
f 947/947/947 948/948/948 915/915/915 
f 915/915/915 948/948/948 916/916/916 
f 948/948/948 949/949/949 916/916/916 
f 916/916/916 949/949/949 917/917/917 
f 949/949/949 950/950/950 917/917/917 
f 917/917/917 950/950/950 918/918/918 
f 950/950/950 951/951/951 918/918/918 
f 918/918/918 951/951/951 919/919/919 
f 951/951/951 952/952/952 919/919/919 
f 919/919/919 952/952/952 920/920/920 
f 952/952/952 953/953/953 920/920/920 
f 920/920/920 953/953/953 921/921/921 
f 953/953/953 954/954/954 921/921/921 
f 921/921/921 954/954/954 922/922/922 
f 954/954/954 955/955/955 922/922/922 
f 922/922/922 955/955/955 923/923/923 
f 955/955/955 956/956/956 923/923/923 
f 923/923/923 956/956/956 924/924/924 
f 956/956/956 957/957/957 924/924/924 
f 924/924/924 957/957/957 925/925/925 
f 957/957/957 958/958/958 925/925/925 
f 925/925/925 958/958/958 926/926/926 
f 958/958/958 959/959/959 926/926/926 
f 926/926/926 959/959/959 927/927/927 
f 959/959/959 960/960/960 927/927/927 
f 927/927/927 960/960/960 928/928/928 
f 960/960/960 961/961/961 928/928/928 
f 928/928/928 961/961/961 929/929/929 
f 961/961/961 962/962/962 929/929/929 
f 929/929/929 962/962/962 930/930/930 
f 962/962/962 963/963/963 930/930/930 
f 930/930/930 963/963/963 931/931/931 
f 963/963/963 964/964/964 931/931/931 
f 931/931/931 964/964/964 932/932/932 
f 964/964/964 965/965/965 932/932/932 
f 932/932/932 965/965/965 933/933/933 
f 965/965/965 966/966/966 933/933/933 
f 933/933/933 966/966/966 934/934/934 
f 966/966/966 967/967/967 934/934/934 
f 934/934/934 967/967/967 935/935/935 
f 967/967/967 968/968/968 935/935/935 
f 935/935/935 968/968/968 936/936/936 
f 968/968/968 969/969/969 936/936/936 
f 936/936/936 969/969/969 937/937/937 
f 969/969/969 970/970/970 937/937/937 
f 937/937/937 970/970/970 938/938/938 
f 970/970/970 971/971/971 938/938/938 
f 938/938/938 971/971/971 939/939/939 
f 971/971/971 972/972/972 939/939/939 
f 939/939/939 972/972/972 940/940/940 
f 972/972/972 973/973/973 940/940/940 
f 940/940/940 973/973/973 941/941/941 
f 973/973/973 974/974/974 941/941/941 
f 941/941/941 974/974/974 942/942/942 
f 974/974/974 975/975/975 942/942/942 
f 942/942/942 975/975/975 943/943/943 
f 975/975/975 976/976/976 943/943/943 
f 943/943/943 976/976/976 944/944/944 
f 976/976/976 977/977/977 944/944/944 
f 944/944/944 977/977/977 977/977/977 
f 977/977/977 945/945/945 977/977/977 
f 977/977/977 945/945/945 945/945/945 
f 945/945/945 978/978/978 945/945/945 
f 945/945/945 978/978/978 946/946/946 
f 978/978/978 979/979/979 946/946/946 
f 946/946/946 979/979/979 947/947/947 
f 979/979/979 980/980/980 947/947/947 
f 947/947/947 980/980/980 948/948/948 
f 980/980/980 981/981/981 948/948/948 
f 948/948/948 981/981/981 949/949/949 
f 981/981/981 982/982/982 949/949/949 
f 949/949/949 982/982/982 950/950/950 
f 982/982/982 983/983/983 950/950/950 
f 950/950/950 983/983/983 951/951/951 
f 983/983/983 984/984/984 951/951/951 
f 951/951/951 984/984/984 952/952/952 
f 984/984/984 985/985/985 952/952/952 
f 952/952/952 985/985/985 953/953/953 
f 985/985/985 986/986/986 953/953/953 
f 953/953/953 986/986/986 954/954/954 
f 986/986/986 987/987/987 954/954/954 
f 954/954/954 987/987/987 955/955/955 
f 987/987/987 988/988/988 955/955/955 
f 955/955/955 988/988/988 956/956/956 
f 988/988/988 989/989/989 956/956/956 
f 956/956/956 989/989/989 957/957/957 
f 989/989/989 990/990/990 957/957/957 
f 957/957/957 990/990/990 958/958/958 
f 990/990/990 991/991/991 958/958/958 
f 958/958/958 991/991/991 959/959/959 
f 991/991/991 992/992/992 959/959/959 
f 959/959/959 992/992/992 960/960/960 
f 992/992/992 993/993/993 960/960/960 
f 960/960/960 993/993/993 961/961/961 
f 993/993/993 994/994/994 961/961/961 
f 961/961/961 994/994/994 962/962/962 
f 994/994/994 995/995/995 962/962/962 
f 962/962/962 995/995/995 963/963/963 
f 995/995/995 996/996/996 963/963/963 
f 963/963/963 996/996/996 964/964/964 
f 996/996/996 997/997/997 964/964/964 
f 964/964/964 997/997/997 965/965/965 
f 997/997/997 998/998/998 965/965/965 
f 965/965/965 998/998/998 966/966/966 
f 998/998/998 999/999/999 966/966/966 
f 966/966/966 999/999/999 967/967/967 
f 999/999/999 1000/1000/1000 967/967/967 
f 967/967/967 1000/1000/1000 968/968/968 
f 1000/1000/1000 1001/1001/1001 968/968/968 
f 968/968/968 1001/1001/1001 969/969/969 
f 1001/1001/1001 1002/1002/1002 969/969/969 
f 969/969/969 1002/1002/1002 970/970/970 
f 1002/1002/1002 1003/1003/1003 970/970/970 
f 970/970/970 1003/1003/1003 971/971/971 
f 1003/1003/1003 1004/1004/1004 971/971/971 
f 971/971/971 1004/1004/1004 972/972/972 
f 1004/1004/1004 1005/1005/1005 972/972/972 
f 972/972/972 1005/1005/1005 973/973/973 
f 1005/1005/1005 1006/1006/1006 973/973/973 
f 973/973/973 1006/1006/1006 974/974/974 
f 1006/1006/1006 1007/1007/1007 974/974/974 
f 974/974/974 1007/1007/1007 975/975/975 
f 1007/1007/1007 1008/1008/1008 975/975/975 
f 975/975/975 1008/1008/1008 976/976/976 
f 1008/1008/1008 1009/1009/1009 976/976/976 
f 976/976/976 1009/1009/1009 977/977/977 
f 1009/1009/1009 1010/1010/1010 977/977/977 
f 977/977/977 1010/1010/1010 1010/1010/1010 
f 1010/1010/1010 978/978/978 1010/1010/1010 
f 1010/1010/1010 978/978/978 978/978/978 
f 978/978/978 1011/1011/1011 978/978/978 
f 978/978/978 1011/1011/1011 979/979/979 
f 1011/1011/1011 1012/1012/1012 979/979/979 
f 979/979/979 1012/1012/1012 980/980/980 
f 1012/1012/1012 1013/1013/1013 980/980/980 
f 980/980/980 1013/1013/1013 981/981/981 
f 1013/1013/1013 1014/1014/1014 981/981/981 
f 981/981/981 1014/1014/1014 982/982/982 
f 1014/1014/1014 1015/1015/1015 982/982/982 
f 982/982/982 1015/1015/1015 983/983/983 
f 1015/1015/1015 1016/1016/1016 983/983/983 
f 983/983/983 1016/1016/1016 984/984/984 
f 1016/1016/1016 1017/1017/1017 984/984/984 
f 984/984/984 1017/1017/1017 985/985/985 
f 1017/1017/1017 1018/1018/1018 985/985/985 
f 985/985/985 1018/1018/1018 986/986/986 
f 1018/1018/1018 1019/1019/1019 986/986/986 
f 986/986/986 1019/1019/1019 987/987/987 
f 1019/1019/1019 1020/1020/1020 987/987/987 
f 987/987/987 1020/1020/1020 988/988/988 
f 1020/1020/1020 1021/1021/1021 988/988/988 
f 988/988/988 1021/1021/1021 989/989/989 
f 1021/1021/1021 1022/1022/1022 989/989/989 
f 989/989/989 1022/1022/1022 990/990/990 
f 1022/1022/1022 1023/1023/1023 990/990/990 
f 990/990/990 1023/1023/1023 991/991/991 
f 1023/1023/1023 1024/1024/1024 991/991/991 
f 991/991/991 1024/1024/1024 992/992/992 
f 1024/1024/1024 1025/1025/1025 992/992/992 
f 992/992/992 1025/1025/1025 993/993/993 
f 1025/1025/1025 1026/1026/1026 993/993/993 
f 993/993/993 1026/1026/1026 994/994/994 
f 1026/1026/1026 1027/1027/1027 994/994/994 
f 994/994/994 1027/1027/1027 995/995/995 
f 1027/1027/1027 1028/1028/1028 995/995/995 
f 995/995/995 1028/1028/1028 996/996/996 
f 1028/1028/1028 1029/1029/1029 996/996/996 
f 996/996/996 1029/1029/1029 997/997/997 
f 1029/1029/1029 1030/1030/1030 997/997/997 
f 997/997/997 1030/1030/1030 998/998/998 
f 1030/1030/1030 1031/1031/1031 998/998/998 
f 998/998/998 1031/1031/1031 999/999/999 
f 1031/1031/1031 1032/1032/1032 999/999/999 
f 999/999/999 1032/1032/1032 1000/1000/1000 
f 1032/1032/1032 1033/1033/1033 1000/1000/1000 
f 1000/1000/1000 1033/1033/1033 1001/1001/1001 
f 1033/1033/1033 1034/1034/1034 1001/1001/1001 
f 1001/1001/1001 1034/1034/1034 1002/1002/1002 
f 1034/1034/1034 1035/1035/1035 1002/1002/1002 
f 1002/1002/1002 1035/1035/1035 1003/1003/1003 
f 1035/1035/1035 1036/1036/1036 1003/1003/1003 
f 1003/1003/1003 1036/1036/1036 1004/1004/1004 
f 1036/1036/1036 1037/1037/1037 1004/1004/1004 
f 1004/1004/1004 1037/1037/1037 1005/1005/1005 
f 1037/1037/1037 1038/1038/1038 1005/1005/1005 
f 1005/1005/1005 1038/1038/1038 1006/1006/1006 
f 1038/1038/1038 1039/1039/1039 1006/1006/1006 
f 1006/1006/1006 1039/1039/1039 1007/1007/1007 
f 1039/1039/1039 1040/1040/1040 1007/1007/1007 
f 1007/1007/1007 1040/1040/1040 1008/1008/1008 
f 1040/1040/1040 1041/1041/1041 1008/1008/1008 
f 1008/1008/1008 1041/1041/1041 1009/1009/1009 
f 1041/1041/1041 1042/1042/1042 1009/1009/1009 
f 1009/1009/1009 1042/1042/1042 1010/1010/1010 
f 1042/1042/1042 1043/1043/1043 1010/1010/1010 
f 1010/1010/1010 1043/1043/1043 1043/1043/1043 
f 1043/1043/1043 1011/1011/1011 1043/1043/1043 
f 1043/1043/1043 1011/1011/1011 1011/1011/1011 
f 1011/1011/1011 1044/1044/1044 1011/1011/1011 
f 1011/1011/1011 1044/1044/1044 1012/1012/1012 
f 1044/1044/1044 1045/1045/1045 1012/1012/1012 
f 1012/1012/1012 1045/1045/1045 1013/1013/1013 
f 1045/1045/1045 1046/1046/1046 1013/1013/1013 
f 1013/1013/1013 1046/1046/1046 1014/1014/1014 
f 1046/1046/1046 1047/1047/1047 1014/1014/1014 
f 1014/1014/1014 1047/1047/1047 1015/1015/1015 
f 1047/1047/1047 1048/1048/1048 1015/1015/1015 
f 1015/1015/1015 1048/1048/1048 1016/1016/1016 
f 1048/1048/1048 1049/1049/1049 1016/1016/1016 
f 1016/1016/1016 1049/1049/1049 1017/1017/1017 
f 1049/1049/1049 1050/1050/1050 1017/1017/1017 
f 1017/1017/1017 1050/1050/1050 1018/1018/1018 
f 1050/1050/1050 1051/1051/1051 1018/1018/1018 
f 1018/1018/1018 1051/1051/1051 1019/1019/1019 
f 1051/1051/1051 1052/1052/1052 1019/1019/1019 
f 1019/1019/1019 1052/1052/1052 1020/1020/1020 
f 1052/1052/1052 1053/1053/1053 1020/1020/1020 
f 1020/1020/1020 1053/1053/1053 1021/1021/1021 
f 1053/1053/1053 1054/1054/1054 1021/1021/1021 
f 1021/1021/1021 1054/1054/1054 1022/1022/1022 
f 1054/1054/1054 1055/1055/1055 1022/1022/1022 
f 1022/1022/1022 1055/1055/1055 1023/1023/1023 
f 1055/1055/1055 1056/1056/1056 1023/1023/1023 
f 1023/1023/1023 1056/1056/1056 1024/1024/1024 
f 1056/1056/1056 1057/1057/1057 1024/1024/1024 
f 1024/1024/1024 1057/1057/1057 1025/1025/1025 
f 1057/1057/1057 1058/1058/1058 1025/1025/1025 
f 1025/1025/1025 1058/1058/1058 1026/1026/1026 
f 1058/1058/1058 1059/1059/1059 1026/1026/1026 
f 1026/1026/1026 1059/1059/1059 1027/1027/1027 
f 1059/1059/1059 1060/1060/1060 1027/1027/1027 
f 1027/1027/1027 1060/1060/1060 1028/1028/1028 
f 1060/1060/1060 1061/1061/1061 1028/1028/1028 
f 1028/1028/1028 1061/1061/1061 1029/1029/1029 
f 1061/1061/1061 1062/1062/1062 1029/1029/1029 
f 1029/1029/1029 1062/1062/1062 1030/1030/1030 
f 1062/1062/1062 1063/1063/1063 1030/1030/1030 
f 1030/1030/1030 1063/1063/1063 1031/1031/1031 
f 1063/1063/1063 1064/1064/1064 1031/1031/1031 
f 1031/1031/1031 1064/1064/1064 1032/1032/1032 
f 1064/1064/1064 1065/1065/1065 1032/1032/1032 
f 1032/1032/1032 1065/1065/1065 1033/1033/1033 
f 1065/1065/1065 1066/1066/1066 1033/1033/1033 
f 1033/1033/1033 1066/1066/1066 1034/1034/1034 
f 1066/1066/1066 1067/1067/1067 1034/1034/1034 
f 1034/1034/1034 1067/1067/1067 1035/1035/1035 
f 1067/1067/1067 1068/1068/1068 1035/1035/1035 
f 1035/1035/1035 1068/1068/1068 1036/1036/1036 
f 1068/1068/1068 1069/1069/1069 1036/1036/1036 
f 1036/1036/1036 1069/1069/1069 1037/1037/1037 
f 1069/1069/1069 1070/1070/1070 1037/1037/1037 
f 1037/1037/1037 1070/1070/1070 1038/1038/1038 
f 1070/1070/1070 1071/1071/1071 1038/1038/1038 
f 1038/1038/1038 1071/1071/1071 1039/1039/1039 
f 1071/1071/1071 1072/1072/1072 1039/1039/1039 
f 1039/1039/1039 1072/1072/1072 1040/1040/1040 
f 1072/1072/1072 1073/1073/1073 1040/1040/1040 
f 1040/1040/1040 1073/1073/1073 1041/1041/1041 
f 1073/1073/1073 1074/1074/1074 1041/1041/1041 
f 1041/1041/1041 1074/1074/1074 1042/1042/1042 
f 1074/1074/1074 1075/1075/1075 1042/1042/1042 
f 1042/1042/1042 1075/1075/1075 1043/1043/1043 
f 1075/1075/1075 1076/1076/1076 1043/1043/1043 
f 1043/1043/1043 1076/1076/1076 1076/1076/1076 
f 1076/1076/1076 1077/1077/1077 1076/1076/1076 
f 1076/1076/1076 1077/1077/1077 1077/1077/1077 
f 1077/1077/1077 1078/1078/1078 1077/1077/1077 
f 1077/1077/1077 1078/1078/1078 1079/1079/1079 
f 1078/1078/1078 1080/1080/1080 1079/1079/1079 
f 1079/1079/1079 1080/1080/1080 1080/1080/1080 
f 1080/1080/1080 1081/1081/1081 1080/1080/1080 
f 1080/1080/1080 1081/1081/1081 1081/1081/1081 
f 1081/1081/1081 1082/1082/1082 1081/1081/1081 
f 1081/1081/1081 1082/1082/1082 1083/1083/1083 
f 1082/1082/1082 1084/1084/1084 1083/1083/1083 
f 1083/1083/1083 1084/1084/1084 1084/1084/1084 
f 1084/1084/1084 1082/1082/1082 1084/1084/1084 
f 1084/1084/1084 1082/1082/1082 1082/1082/1082 
f 1082/1082/1082 1085/1085/1085 1082/1082/1082 
f 1082/1082/1082 1085/1085/1085 1084/1084/1084 
f 1085/1085/1085 1086/1086/1086 1084/1084/1084 
f 1084/1084/1084 1086/1086/1086 1086/1086/1086 
f 1086/1086/1086 1087/1087/1087 1086/1086/1086 
f 1086/1086/1086 1087/1087/1087 1087/1087/1087 
f 1087/1087/1087 1088/1088/1088 1087/1087/1087 
f 1087/1087/1087 1088/1088/1088 1089/1089/1089 
f 1088/1088/1088 1090/1090/1090 1089/1089/1089 
f 1089/1089/1089 1090/1090/1090 1090/1090/1090 
f 1090/1090/1090 1091/1091/1091 1090/1090/1090 
f 1090/1090/1090 1091/1091/1091 1091/1091/1091 
f 1091/1091/1091 1092/1092/1092 1091/1091/1091 
f 1091/1091/1091 1092/1092/1092 1093/1093/1093 
f 1092/1092/1092 1094/1094/1094 1093/1093/1093 
f 1093/1093/1093 1094/1094/1094 1095/1095/1095 
f 1094/1094/1094 1096/1096/1096 1095/1095/1095 
f 1095/1095/1095 1096/1096/1096 1097/1097/1097 
f 1096/1096/1096 1098/1098/1098 1097/1097/1097 
f 1097/1097/1097 1098/1098/1098 1099/1099/1099 
f 1098/1098/1098 1100/1100/1100 1099/1099/1099 
f 1099/1099/1099 1100/1100/1100 1101/1101/1101 
f 1100/1100/1100 1102/1102/1102 1101/1101/1101 
f 1101/1101/1101 1102/1102/1102 1103/1103/1103 
f 1102/1102/1102 1104/1104/1104 1103/1103/1103 
f 1103/1103/1103 1104/1104/1104 1104/1104/1104 
f 1104/1104/1104 1092/1092/1092 1104/1104/1104 
f 1104/1104/1104 1092/1092/1092 1092/1092/1092 
f 1092/1092/1092 1105/1105/1105 1092/1092/1092 
f 1092/1092/1092 1105/1105/1105 1094/1094/1094 
f 1105/1105/1105 1106/1106/1106 1094/1094/1094 
f 1094/1094/1094 1106/1106/1106 1096/1096/1096 
f 1106/1106/1106 1107/1107/1107 1096/1096/1096 
f 1096/1096/1096 1107/1107/1107 1098/1098/1098 
f 1107/1107/1107 1108/1108/1108 1098/1098/1098 
f 1098/1098/1098 1108/1108/1108 1100/1100/1100 
f 1108/1108/1108 1109/1109/1109 1100/1100/1100 
f 1100/1100/1100 1109/1109/1109 1102/1102/1102 
f 1109/1109/1109 1110/1110/1110 1102/1102/1102 
f 1102/1102/1102 1110/1110/1110 1104/1104/1104 
f 1110/1110/1110 1104/1104/1104 1104/1104/1104 
f 1104/1104/1104 1104/1104/1104 1105/1105/1105 
f 1104/1104/1104 1105/1105/1105 1105/1105/1105 
f 1105/1105/1105 1105/1105/1105 1105/1105/1105 
f 1105/1105/1105 1111/1111/1111 1105/1105/1105 
f 1105/1105/1105 1111/1111/1111 1106/1106/1106 
f 1111/1111/1111 1112/1112/1112 1106/1106/1106 
f 1106/1106/1106 1112/1112/1112 1107/1107/1107 
f 1112/1112/1112 1113/1113/1113 1107/1107/1107 
f 1107/1107/1107 1113/1113/1113 1108/1108/1108 
f 1113/1113/1113 1114/1114/1114 1108/1108/1108 
f 1108/1108/1108 1114/1114/1114 1109/1109/1109 
f 1114/1114/1114 1115/1115/1115 1109/1109/1109 
f 1109/1109/1109 1115/1115/1115 1110/1110/1110 
f 1115/1115/1115 1110/1110/1110 1110/1110/1110 
f 1110/1110/1110 1110/1110/1110 1111/1111/1111 
f 1110/1110/1110 1111/1111/1111 1111/1111/1111 
f 1111/1111/1111 1111/1111/1111 1111/1111/1111 
f 1111/1111/1111 1116/1116/1116 1111/1111/1111 
f 1111/1111/1111 1116/1116/1116 1112/1112/1112 
f 1116/1116/1116 1117/1117/1117 1112/1112/1112 
f 1112/1112/1112 1117/1117/1117 1113/1113/1113 
f 1117/1117/1117 1118/1118/1118 1113/1113/1113 
f 1113/1113/1113 1118/1118/1118 1114/1114/1114 
f 1118/1118/1118 1119/1119/1119 1114/1114/1114 
f 1114/1114/1114 1119/1119/1119 1115/1115/1115 
f 1119/1119/1119 1115/1115/1115 1115/1115/1115 
f 1115/1115/1115 1115/1115/1115 1116/1116/1116 
f 1115/1115/1115 1116/1116/1116 1116/1116/1116 
f 1116/1116/1116 1116/1116/1116 1116/1116/1116 
f 1116/1116/1116 1111/1111/1111 1116/1116/1116 
f 1116/1116/1116 1111/1111/1111 1120/1120/1120 
f 1111/1111/1111 1121/1121/1121 1120/1120/1120 
f 1120/1120/1120 1121/1121/1121 1122/1122/1122 
f 1121/1121/1121 1123/1123/1123 1122/1122/1122 
f 1122/1122/1122 1123/1123/1123 1124/1124/1124 
f 1123/1123/1123 1124/1124/1124 1124/1124/1124 
f 1124/1124/1124 1124/1124/1124 1123/1123/1123 
f 1124/1124/1124 1123/1123/1123 1123/1123/1123 
f 1123/1123/1123 1123/1123/1123 1123/1123/1123 
f 1123/1123/1123 1121/1121/1121 1123/1123/1123 
f 1123/1123/1123 1121/1121/1121 1125/1125/1125 
f 1121/1121/1121 1105/1105/1105 1125/1125/1125 
f 1125/1125/1125 1105/1105/1105 1092/1092/1092 
f 1105/1105/1105 1092/1092/1092 1092/1092/1092 
f 1092/1092/1092 1092/1092/1092 1126/1126/1126 
f 1092/1092/1092 1126/1126/1126 1126/1126/1126 
f 1126/1126/1126 1126/1126/1126 1126/1126/1126 
f 1126/1126/1126 1127/1127/1127 1126/1126/1126 
f 1126/1126/1126 1127/1127/1127 1128/1128/1128 
f 1127/1127/1127 1129/1129/1129 1128/1128/1128 
f 1128/1128/1128 1129/1129/1129 1130/1130/1130 
f 1129/1129/1129 1131/1131/1131 1130/1130/1130 
f 1130/1130/1130 1131/1131/1131 1132/1132/1132 
f 1131/1131/1131 1133/1133/1133 1132/1132/1132 
f 1132/1132/1132 1133/1133/1133 1134/1134/1134 
f 1133/1133/1133 1135/1135/1135 1134/1134/1134 
f 1134/1134/1134 1135/1135/1135 1136/1136/1136 
f 1135/1135/1135 1137/1137/1137 1136/1136/1136 
f 1136/1136/1136 1137/1137/1137 1138/1138/1138 
f 1137/1137/1137 1139/1139/1139 1138/1138/1138 
f 1138/1138/1138 1139/1139/1139 1140/1140/1140 
f 1139/1139/1139 1141/1141/1141 1140/1140/1140 
f 1140/1140/1140 1141/1141/1141 1142/1142/1142 
f 1141/1141/1141 1143/1143/1143 1142/1142/1142 
f 1142/1142/1142 1143/1143/1143 1144/1144/1144 
f 1143/1143/1143 1145/1145/1145 1144/1144/1144 
f 1144/1144/1144 1145/1145/1145 1146/1146/1146 
f 1145/1145/1145 1147/1147/1147 1146/1146/1146 
f 1146/1146/1146 1147/1147/1147 1148/1148/1148 
f 1147/1147/1147 1149/1149/1149 1148/1148/1148 
f 1148/1148/1148 1149/1149/1149 1150/1150/1150 
f 1149/1149/1149 1151/1151/1151 1150/1150/1150 
f 1150/1150/1150 1151/1151/1151 1152/1152/1152 
f 1151/1151/1151 1153/1153/1153 1152/1152/1152 
f 1152/1152/1152 1153/1153/1153 1153/1153/1153 
f 1153/1153/1153 1135/1135/1135 1153/1153/1153 
f 1153/1153/1153 1135/1135/1135 1135/1135/1135 
f 1135/1135/1135 1154/1154/1154 1135/1135/1135 
f 1135/1135/1135 1154/1154/1154 1137/1137/1137 
f 1154/1154/1154 1155/1155/1155 1137/1137/1137 
f 1137/1137/1137 1155/1155/1155 1139/1139/1139 
f 1155/1155/1155 1156/1156/1156 1139/1139/1139 
f 1139/1139/1139 1156/1156/1156 1141/1141/1141 
f 1156/1156/1156 1157/1157/1157 1141/1141/1141 
f 1141/1141/1141 1157/1157/1157 1143/1143/1143 
f 1157/1157/1157 1158/1158/1158 1143/1143/1143 
f 1143/1143/1143 1158/1158/1158 1145/1145/1145 
f 1158/1158/1158 1149/1149/1149 1145/1145/1145 
f 1145/1145/1145 1149/1149/1149 1147/1147/1147 
f 1149/1149/1149 1147/1147/1147 1147/1147/1147 
f 1147/1147/1147 1147/1147/1147 1154/1154/1154 
f 1147/1147/1147 1154/1154/1154 1154/1154/1154 
f 1154/1154/1154 1154/1154/1154 1154/1154/1154 
f 1154/1154/1154 1159/1159/1159 1154/1154/1154 
f 1154/1154/1154 1159/1159/1159 1155/1155/1155 
f 1159/1159/1159 1160/1160/1160 1155/1155/1155 
f 1155/1155/1155 1160/1160/1160 1156/1156/1156 
f 1160/1160/1160 1161/1161/1161 1156/1156/1156 
f 1156/1156/1156 1161/1161/1161 1157/1157/1157 
f 1161/1161/1161 1162/1162/1162 1157/1157/1157 
f 1157/1157/1157 1162/1162/1162 1158/1158/1158 
f 1162/1162/1162 1163/1163/1163 1158/1158/1158 
f 1158/1158/1158 1163/1163/1163 1149/1149/1149 
f 1163/1163/1163 1149/1149/1149 1149/1149/1149 
f 1149/1149/1149 1149/1149/1149 1159/1159/1159 
f 1149/1149/1149 1159/1159/1159 1159/1159/1159 
f 1159/1159/1159 1159/1159/1159 1159/1159/1159 
f 1159/1159/1159 1164/1164/1164 1159/1159/1159 
f 1159/1159/1159 1164/1164/1164 1160/1160/1160 
f 1164/1164/1164 1165/1165/1165 1160/1160/1160 
f 1160/1160/1160 1165/1165/1165 1161/1161/1161 
f 1165/1165/1165 1166/1166/1166 1161/1161/1161 
f 1161/1161/1161 1166/1166/1166 1162/1162/1162 
f 1166/1166/1166 1167/1167/1167 1162/1162/1162 
f 1162/1162/1162 1167/1167/1167 1163/1163/1163 
f 1167/1167/1167 1163/1163/1163 1163/1163/1163 
f 1163/1163/1163 1163/1163/1163 1164/1164/1164 
f 1163/1163/1163 1164/1164/1164 1164/1164/1164 
f 1164/1164/1164 1164/1164/1164 1164/1164/1164 
f 1164/1164/1164 1168/1168/1168 1164/1164/1164 
f 1164/1164/1164 1168/1168/1168 1165/1165/1165 
f 1168/1168/1168 1169/1169/1169 1165/1165/1165 
f 1165/1165/1165 1169/1169/1169 1166/1166/1166 
f 1169/1169/1169 1170/1170/1170 1166/1166/1166 
f 1166/1166/1166 1170/1170/1170 1167/1167/1167 
f 1170/1170/1170 1171/1171/1171 1167/1167/1167 
f 1167/1167/1167 1171/1171/1171 1171/1171/1171 
f 1171/1171/1171 1168/1168/1168 1171/1171/1171 
f 1171/1171/1171 1168/1168/1168 1168/1168/1168 
f 1168/1168/1168 1164/1164/1164 1168/1168/1168 
f 1168/1168/1168 1164/1164/1164 1172/1172/1172 
f 1164/1164/1164 1173/1173/1173 1172/1172/1172 
f 1172/1172/1172 1173/1173/1173 1174/1174/1174 
f 1173/1173/1173 1175/1175/1175 1174/1174/1174 
f 1174/1174/1174 1175/1175/1175 1176/1176/1176 
f 1175/1175/1175 1177/1177/1177 1176/1176/1176 
f 1176/1176/1176 1177/1177/1177 1177/1177/1177 
f 1177/1177/1177 1175/1175/1175 1177/1177/1177 
f 1177/1177/1177 1175/1175/1175 1131/1131/1131 
f 1175/1175/1175 1178/1178/1178 1131/1131/1131 
f 1131/1131/1131 1178/1178/1178 1133/1133/1133 
f 1178/1178/1178 1154/1154/1154 1133/1133/1133 
f 1133/1133/1133 1154/1154/1154 1135/1135/1135 
f 1154/1154/1154 1135/1135/1135 1135/1135/1135 
f 1135/1135/1135 1135/1135/1135 1154/1154/1154 
f 1135/1135/1135 1154/1154/1154 1154/1154/1154 
f 1154/1154/1154 1154/1154/1154 1154/1154/1154 
f 1154/1154/1154 1178/1178/1178 1154/1154/1154 
f 1154/1154/1154 1178/1178/1178 1159/1159/1159 
f 1178/1178/1178 1173/1173/1173 1159/1159/1159 
f 1159/1159/1159 1173/1173/1173 1164/1164/1164 
f 1173/1173/1173 1164/1164/1164 1164/1164/1164 
f 1164/1164/1164 1164/1164/1164 1179/1179/1179 
f 1164/1164/1164 1179/1179/1179 1179/1179/1179 
f 1179/1179/1179 1179/1179/1179 1179/1179/1179 
f 1179/1179/1179 1180/1180/1180 1179/1179/1179 
f 1179/1179/1179 1180/1180/1180 1181/1181/1181 
f 1180/1180/1180 1182/1182/1182 1181/1181/1181 
f 1181/1181/1181 1182/1182/1182 1183/1183/1183 
f 1182/1182/1182 1184/1184/1184 1183/1183/1183 
f 1183/1183/1183 1184/1184/1184 1185/1185/1185 
f 1184/1184/1184 1186/1186/1186 1185/1185/1185 
f 1185/1185/1185 1186/1186/1186 1187/1187/1187 
f 1186/1186/1186 1188/1188/1188 1187/1187/1187 
f 1187/1187/1187 1188/1188/1188 1189/1189/1189 
f 1188/1188/1188 1190/1190/1190 1189/1189/1189 
f 1189/1189/1189 1190/1190/1190 1191/1191/1191 
f 1190/1190/1190 1192/1192/1192 1191/1191/1191 
f 1191/1191/1191 1192/1192/1192 1192/1192/1192 
f 1192/1192/1192 1193/1193/1193 1192/1192/1192 
f 1192/1192/1192 1193/1193/1193 1193/1193/1193 
f 1193/1193/1193 1194/1194/1194 1193/1193/1193 
f 1193/1193/1193 1194/1194/1194 1195/1195/1195 
f 1194/1194/1194 1196/1196/1196 1195/1195/1195 
f 1195/1195/1195 1196/1196/1196 1196/1196/1196 
f 1196/1196/1196 1197/1197/1197 1196/1196/1196 
f 1196/1196/1196 1197/1197/1197 1197/1197/1197 
f 1197/1197/1197 1198/1198/1198 1197/1197/1197 
f 1197/1197/1197 1198/1198/1198 1199/1199/1199 
f 1198/1198/1198 1200/1200/1200 1199/1199/1199 
f 1199/1199/1199 1200/1200/1200 1200/1200/1200 
f 1200/1200/1200 1198/1198/1198 1200/1200/1200 
f 1200/1200/1200 1198/1198/1198 1198/1198/1198 
f 1198/1198/1198 1201/1201/1201 1198/1198/1198 
f 1198/1198/1198 1201/1201/1201 1200/1200/1200 
f 1201/1201/1201 1202/1202/1202 1200/1200/1200 
f 1200/1200/1200 1202/1202/1202 1202/1202/1202 
f 1202/1202/1202 1203/1203/1203 1202/1202/1202 
f 1202/1202/1202 1203/1203/1203 1203/1203/1203 
f 1203/1203/1203 1204/1204/1204 1203/1203/1203 
f 1203/1203/1203 1204/1204/1204 1205/1205/1205 
f 1204/1204/1204 1206/1206/1206 1205/1205/1205 
f 1205/1205/1205 1206/1206/1206 1206/1206/1206 
f 1206/1206/1206 1207/1207/1207 1206/1206/1206 
f 1206/1206/1206 1207/1207/1207 1207/1207/1207 
f 1207/1207/1207 1208/1208/1208 1207/1207/1207 
f 1207/1207/1207 1208/1208/1208 1209/1209/1209 
f 1208/1208/1208 1210/1210/1210 1209/1209/1209 
f 1209/1209/1209 1210/1210/1210 1210/1210/1210 
f 1210/1210/1210 1208/1208/1208 1210/1210/1210 
f 1210/1210/1210 1208/1208/1208 1208/1208/1208 
f 1208/1208/1208 1211/1211/1211 1208/1208/1208 
f 1208/1208/1208 1211/1211/1211 1210/1210/1210 
f 1211/1211/1211 1212/1212/1212 1210/1210/1210 
f 1210/1210/1210 1212/1212/1212 1212/1212/1212 
f 1212/1212/1212 1211/1211/1211 1212/1212/1212 
f 1212/1212/1212 1211/1211/1211 1211/1211/1211 
f 1211/1211/1211 1213/1213/1213 1211/1211/1211 
f 1211/1211/1211 1213/1213/1213 1212/1212/1212 
f 1213/1213/1213 1214/1214/1214 1212/1212/1212 
f 1212/1212/1212 1214/1214/1214 1215/1215/1215 
f 1214/1214/1214 1216/1216/1216 1215/1215/1215 
f 1215/1215/1215 1216/1216/1216 1217/1217/1217 
f 1216/1216/1216 1218/1218/1218 1217/1217/1217 
f 1217/1217/1217 1218/1218/1218 1219/1219/1219 
f 1218/1218/1218 1220/1220/1220 1219/1219/1219 
f 1219/1219/1219 1220/1220/1220 1221/1221/1221 
f 1220/1220/1220 1222/1222/1222 1221/1221/1221 
f 1221/1221/1221 1222/1222/1222 1223/1223/1223 
f 1222/1222/1222 1224/1224/1224 1223/1223/1223 
f 1223/1223/1223 1224/1224/1224 1225/1225/1225 
f 1224/1224/1224 1226/1226/1226 1225/1225/1225 
f 1225/1225/1225 1226/1226/1226 1226/1226/1226 
f 1226/1226/1226 1213/1213/1213 1226/1226/1226 
f 1226/1226/1226 1213/1213/1213 1213/1213/1213 
f 1213/1213/1213 1227/1227/1227 1213/1213/1213 
f 1213/1213/1213 1227/1227/1227 1214/1214/1214 
f 1227/1227/1227 1228/1228/1228 1214/1214/1214 
f 1214/1214/1214 1228/1228/1228 1216/1216/1216 
f 1228/1228/1228 1229/1229/1229 1216/1216/1216 
f 1216/1216/1216 1229/1229/1229 1218/1218/1218 
f 1229/1229/1229 1230/1230/1230 1218/1218/1218 
f 1218/1218/1218 1230/1230/1230 1220/1220/1220 
f 1230/1230/1230 1231/1231/1231 1220/1220/1220 
f 1220/1220/1220 1231/1231/1231 1222/1222/1222 
f 1231/1231/1231 1232/1232/1232 1222/1222/1222 
f 1222/1222/1222 1232/1232/1232 1224/1224/1224 
f 1232/1232/1232 1233/1233/1233 1224/1224/1224 
f 1224/1224/1224 1233/1233/1233 1226/1226/1226 
f 1233/1233/1233 1234/1234/1234 1226/1226/1226 
f 1226/1226/1226 1234/1234/1234 1235/1235/1235 
f 1234/1234/1234 1236/1236/1236 1235/1235/1235 
f 1235/1235/1235 1236/1236/1236 1236/1236/1236 
f 1236/1236/1236 1228/1228/1228 1236/1236/1236 
f 1236/1236/1236 1228/1228/1228 1228/1228/1228 
f 1228/1228/1228 1237/1237/1237 1228/1228/1228 
f 1228/1228/1228 1237/1237/1237 1229/1229/1229 
f 1237/1237/1237 1238/1238/1238 1229/1229/1229 
f 1229/1229/1229 1238/1238/1238 1230/1230/1230 
f 1238/1238/1238 1239/1239/1239 1230/1230/1230 
f 1230/1230/1230 1239/1239/1239 1231/1231/1231 
f 1239/1239/1239 1240/1240/1240 1231/1231/1231 
f 1231/1231/1231 1240/1240/1240 1232/1232/1232 
f 1240/1240/1240 1241/1241/1241 1232/1232/1232 
f 1232/1232/1232 1241/1241/1241 1233/1233/1233 
f 1241/1241/1241 1236/1236/1236 1233/1233/1233 
f 1233/1233/1233 1236/1236/1236 1234/1234/1234 
f 1236/1236/1236 1234/1234/1234 1234/1234/1234 
f 1234/1234/1234 1234/1234/1234 1225/1225/1225 
f 1234/1234/1234 1225/1225/1225 1225/1225/1225 
f 1225/1225/1225 1225/1225/1225 1225/1225/1225 
f 1225/1225/1225 1242/1242/1242 1225/1225/1225 
f 1225/1225/1225 1242/1242/1242 1223/1223/1223 
f 1242/1242/1242 1243/1243/1243 1223/1223/1223 
f 1223/1223/1223 1243/1243/1243 1221/1221/1221 
f 1243/1243/1243 1244/1244/1244 1221/1221/1221 
f 1221/1221/1221 1244/1244/1244 1219/1219/1219 
f 1244/1244/1244 1245/1245/1245 1219/1219/1219 
f 1219/1219/1219 1245/1245/1245 1217/1217/1217 
f 1245/1245/1245 1246/1246/1246 1217/1217/1217 
f 1217/1217/1217 1246/1246/1246 1215/1215/1215 
f 1246/1246/1246 1247/1247/1247 1215/1215/1215 
f 1215/1215/1215 1247/1247/1247 1212/1212/1212 
f 1247/1247/1247 1248/1248/1248 1212/1212/1212 
f 1212/1212/1212 1248/1248/1248 1248/1248/1248 
f 1248/1248/1248 1242/1242/1242 1248/1248/1248 
f 1248/1248/1248 1242/1242/1242 1242/1242/1242 
f 1242/1242/1242 1249/1249/1249 1242/1242/1242 
f 1242/1242/1242 1249/1249/1249 1243/1243/1243 
f 1249/1249/1249 1250/1250/1250 1243/1243/1243 
f 1243/1243/1243 1250/1250/1250 1244/1244/1244 
f 1250/1250/1250 1251/1251/1251 1244/1244/1244 
f 1244/1244/1244 1251/1251/1251 1245/1245/1245 
f 1251/1251/1251 1252/1252/1252 1245/1245/1245 
f 1245/1245/1245 1252/1252/1252 1246/1246/1246 
f 1252/1252/1252 1253/1253/1253 1246/1246/1246 
f 1246/1246/1246 1253/1253/1253 1247/1247/1247 
f 1253/1253/1253 1254/1254/1254 1247/1247/1247 
f 1247/1247/1247 1254/1254/1254 1248/1248/1248 
f 1254/1254/1254 1248/1248/1248 1248/1248/1248 
f 1248/1248/1248 1248/1248/1248 1255/1255/1255 
f 1248/1248/1248 1255/1255/1255 1255/1255/1255 
f 1255/1255/1255 1255/1255/1255 1255/1255/1255 
f 1255/1255/1255 1256/1256/1256 1255/1255/1255 
f 1255/1255/1255 1256/1256/1256 1257/1257/1257 
f 1256/1256/1256 1258/1258/1258 1257/1257/1257 
f 1257/1257/1257 1258/1258/1258 1258/1258/1258 
f 1258/1258/1258 1256/1256/1256 1258/1258/1258 
f 1258/1258/1258 1256/1256/1256 1256/1256/1256 
f 1256/1256/1256 1259/1259/1259 1256/1256/1256 
f 1256/1256/1256 1259/1259/1259 1258/1258/1258 
f 1259/1259/1259 1260/1260/1260 1258/1258/1258 
f 1258/1258/1258 1260/1260/1260 1260/1260/1260 
f 1260/1260/1260 1259/1259/1259 1260/1260/1260 
f 1260/1260/1260 1259/1259/1259 1259/1259/1259 
f 1259/1259/1259 1261/1261/1261 1259/1259/1259 
f 1259/1259/1259 1261/1261/1261 1260/1260/1260 
f 1261/1261/1261 1262/1262/1262 1260/1260/1260 
f 1260/1260/1260 1262/1262/1262 1262/1262/1262 
f 1262/1262/1262 1261/1261/1261 1262/1262/1262 
f 1262/1262/1262 1261/1261/1261 1261/1261/1261 
f 1261/1261/1261 1263/1263/1263 1261/1261/1261 
f 1261/1261/1261 1263/1263/1263 1262/1262/1262 
f 1263/1263/1263 1264/1264/1264 1262/1262/1262 
f 1262/1262/1262 1264/1264/1264 1264/1264/1264 
f 1264/1264/1264 1263/1263/1263 1264/1264/1264 
f 1264/1264/1264 1263/1263/1263 1263/1263/1263 
f 1263/1263/1263 1265/1265/1265 1263/1263/1263 
f 1263/1263/1263 1265/1265/1265 1264/1264/1264 
f 1265/1265/1265 1266/1266/1266 1264/1264/1264 
f 1264/1264/1264 1266/1266/1266 1266/1266/1266 
f 1266/1266/1266 1265/1265/1265 1266/1266/1266 
f 1266/1266/1266 1265/1265/1265 1265/1265/1265 
f 1265/1265/1265 1267/1267/1267 1265/1265/1265 
f 1265/1265/1265 1267/1267/1267 1266/1266/1266 
f 1267/1267/1267 1268/1268/1268 1266/1266/1266 
f 1266/1266/1266 1268/1268/1268 1268/1268/1268 
f 1268/1268/1268 1267/1267/1267 1268/1268/1268 
f 1268/1268/1268 1267/1267/1267 1267/1267/1267 
f 1267/1267/1267 1269/1269/1269 1267/1267/1267 
f 1267/1267/1267 1269/1269/1269 1268/1268/1268 
f 1269/1269/1269 1270/1270/1270 1268/1268/1268 
f 1268/1268/1268 1270/1270/1270 1270/1270/1270 
f 1270/1270/1270 1269/1269/1269 1270/1270/1270 
f 1270/1270/1270 1269/1269/1269 1269/1269/1269 
f 1269/1269/1269 1271/1271/1271 1269/1269/1269 
f 1269/1269/1269 1271/1271/1271 1270/1270/1270 
f 1271/1271/1271 1272/1272/1272 1270/1270/1270 
f 1270/1270/1270 1272/1272/1272 1272/1272/1272 
f 1272/1272/1272 1271/1271/1271 1272/1272/1272 
f 1272/1272/1272 1271/1271/1271 1271/1271/1271 
f 1271/1271/1271 1273/1273/1273 1271/1271/1271 
f 1271/1271/1271 1273/1273/1273 1272/1272/1272 
f 1273/1273/1273 1274/1274/1274 1272/1272/1272 
f 1272/1272/1272 1274/1274/1274 1274/1274/1274 
f 1274/1274/1274 1273/1273/1273 1274/1274/1274 
f 1274/1274/1274 1273/1273/1273 1273/1273/1273 
f 1273/1273/1273 1275/1275/1275 1273/1273/1273 
f 1273/1273/1273 1275/1275/1275 1274/1274/1274 
f 1275/1275/1275 1276/1276/1276 1274/1274/1274 
f 1274/1274/1274 1276/1276/1276 1276/1276/1276 
f 1276/1276/1276 1275/1275/1275 1276/1276/1276 
f 1276/1276/1276 1275/1275/1275 1275/1275/1275 
f 1275/1275/1275 1277/1277/1277 1275/1275/1275 
f 1275/1275/1275 1277/1277/1277 1276/1276/1276 
f 1277/1277/1277 1278/1278/1278 1276/1276/1276 
f 1276/1276/1276 1278/1278/1278 1278/1278/1278 
f 1278/1278/1278 1277/1277/1277 1278/1278/1278 
f 1278/1278/1278 1277/1277/1277 1277/1277/1277 
f 1277/1277/1277 1279/1279/1279 1277/1277/1277 
f 1277/1277/1277 1279/1279/1279 1278/1278/1278 
f 1279/1279/1279 1280/1280/1280 1278/1278/1278 
f 1278/1278/1278 1280/1280/1280 1280/1280/1280 
f 1280/1280/1280 1279/1279/1279 1280/1280/1280 
f 1280/1280/1280 1279/1279/1279 1279/1279/1279 
f 1279/1279/1279 1281/1281/1281 1279/1279/1279 
f 1279/1279/1279 1281/1281/1281 1280/1280/1280 
f 1281/1281/1281 1282/1282/1282 1280/1280/1280 
f 1280/1280/1280 1282/1282/1282 1282/1282/1282 
f 1282/1282/1282 1281/1281/1281 1282/1282/1282 
f 1282/1282/1282 1281/1281/1281 1281/1281/1281 
f 1281/1281/1281 1283/1283/1283 1281/1281/1281 
f 1281/1281/1281 1283/1283/1283 1282/1282/1282 
f 1283/1283/1283 1284/1284/1284 1282/1282/1282 
f 1282/1282/1282 1284/1284/1284 1284/1284/1284 
f 1284/1284/1284 1283/1283/1283 1284/1284/1284 
f 1284/1284/1284 1283/1283/1283 1283/1283/1283 
f 1283/1283/1283 1285/1285/1285 1283/1283/1283 
f 1283/1283/1283 1285/1285/1285 1284/1284/1284 
f 1285/1285/1285 1286/1286/1286 1284/1284/1284 
f 1284/1284/1284 1286/1286/1286 1286/1286/1286 
f 1286/1286/1286 1285/1285/1285 1286/1286/1286 
f 1286/1286/1286 1285/1285/1285 1285/1285/1285 
f 1285/1285/1285 1287/1287/1287 1285/1285/1285 
f 1285/1285/1285 1287/1287/1287 1286/1286/1286 
f 1287/1287/1287 1288/1288/1288 1286/1286/1286 
f 1286/1286/1286 1288/1288/1288 1288/1288/1288 
f 1288/1288/1288 1235/1235/1235 1288/1288/1288 
f 1288/1288/1288 1235/1235/1235 1235/1235/1235 
f 1235/1235/1235 1289/1289/1289 1235/1235/1235 
f 1235/1235/1235 1289/1289/1289 1226/1226/1226 
f 1289/1289/1289 1290/1290/1290 1226/1226/1226 
f 1226/1226/1226 1290/1290/1290 1290/1290/1290 
f 1290/1290/1290 1289/1289/1289 1290/1290/1290 
f 1290/1290/1290 1289/1289/1289 1289/1289/1289 
f 1289/1289/1289 1291/1291/1291 1289/1289/1289 
f 1289/1289/1289 1291/1291/1291 1290/1290/1290 
f 1291/1291/1291 1292/1292/1292 1290/1290/1290 
f 1290/1290/1290 1292/1292/1292 1292/1292/1292 
f 1292/1292/1292 1293/1293/1293 1292/1292/1292 
f 1292/1292/1292 1293/1293/1293 1293/1293/1293 
f 1293/1293/1293 1294/1294/1294 1293/1293/1293 
f 1293/1293/1293 1294/1294/1294 1295/1295/1295 
f 1294/1294/1294 1296/1296/1296 1295/1295/1295 
f 1295/1295/1295 1296/1296/1296 1296/1296/1296 
f 1296/1296/1296 1294/1294/1294 1296/1296/1296 
f 1296/1296/1296 1294/1294/1294 1294/1294/1294 
f 1294/1294/1294 1297/1297/1297 1294/1294/1294 
f 1294/1294/1294 1297/1297/1297 1296/1296/1296 
f 1297/1297/1297 1298/1298/1298 1296/1296/1296 
f 1296/1296/1296 1298/1298/1298 1298/1298/1298 
f 1298/1298/1298 1297/1297/1297 1298/1298/1298 
f 1298/1298/1298 1297/1297/1297 1297/1297/1297 
f 1297/1297/1297 1299/1299/1299 1297/1297/1297 
f 1297/1297/1297 1299/1299/1299 1298/1298/1298 
f 1299/1299/1299 1300/1300/1300 1298/1298/1298 
f 1298/1298/1298 1300/1300/1300 1300/1300/1300 
f 1300/1300/1300 1299/1299/1299 1300/1300/1300 
f 1300/1300/1300 1299/1299/1299 1299/1299/1299 
f 1299/1299/1299 1301/1301/1301 1299/1299/1299 
f 1299/1299/1299 1301/1301/1301 1300/1300/1300 
f 1301/1301/1301 1302/1302/1302 1300/1300/1300 
f 1300/1300/1300 1302/1302/1302 1302/1302/1302 
f 1302/1302/1302 1301/1301/1301 1302/1302/1302 
f 1302/1302/1302 1301/1301/1301 1301/1301/1301 
f 1301/1301/1301 1303/1303/1303 1301/1301/1301 
f 1301/1301/1301 1303/1303/1303 1302/1302/1302 
f 1303/1303/1303 1304/1304/1304 1302/1302/1302 
f 1302/1302/1302 1304/1304/1304 1304/1304/1304 
f 1304/1304/1304 1303/1303/1303 1304/1304/1304 
f 1304/1304/1304 1303/1303/1303 1303/1303/1303 
f 1303/1303/1303 1305/1305/1305 1303/1303/1303 
f 1303/1303/1303 1305/1305/1305 1304/1304/1304 
f 1305/1305/1305 1306/1306/1306 1304/1304/1304 
f 1304/1304/1304 1306/1306/1306 1306/1306/1306 
f 1306/1306/1306 1307/1307/1307 1306/1306/1306 
f 1306/1306/1306 1307/1307/1307 1307/1307/1307 
f 1307/1307/1307 1308/1308/1308 1307/1307/1307 
f 1307/1307/1307 1308/1308/1308 1309/1309/1309 
f 1308/1308/1308 1310/1310/1310 1309/1309/1309 
f 1309/1309/1309 1310/1310/1310 1311/1311/1311 
f 1310/1310/1310 1312/1312/1312 1311/1311/1311 
f 1311/1311/1311 1312/1312/1312 1313/1313/1313 
f 1312/1312/1312 1314/1314/1314 1313/1313/1313 
f 1313/1313/1313 1314/1314/1314 1315/1315/1315 
f 1314/1314/1314 1316/1316/1316 1315/1315/1315 
f 1315/1315/1315 1316/1316/1316 1317/1317/1317 
f 1316/1316/1316 1318/1318/1318 1317/1317/1317 
f 1317/1317/1317 1318/1318/1318 1318/1318/1318 
f 1318/1318/1318 1319/1319/1319 1318/1318/1318 
f 1318/1318/1318 1319/1319/1319 1319/1319/1319 
f 1319/1319/1319 1320/1320/1320 1319/1319/1319 
f 1319/1319/1319 1320/1320/1320 1321/1321/1321 
f 1320/1320/1320 1322/1322/1322 1321/1321/1321 
f 1321/1321/1321 1322/1322/1322 1323/1323/1323 
f 1322/1322/1322 1324/1324/1324 1323/1323/1323 
f 1323/1323/1323 1324/1324/1324 1325/1325/1325 
f 1324/1324/1324 1326/1326/1326 1325/1325/1325 
f 1325/1325/1325 1326/1326/1326 1327/1327/1327 
f 1326/1326/1326 1328/1328/1328 1327/1327/1327 
f 1327/1327/1327 1328/1328/1328 1329/1329/1329 
f 1328/1328/1328 1330/1330/1330 1329/1329/1329 
f 1329/1329/1329 1330/1330/1330 1331/1331/1331 
f 1330/1330/1330 1332/1332/1332 1331/1331/1331 
f 1331/1331/1331 1332/1332/1332 1332/1332/1332 
f 1332/1332/1332 1320/1320/1320 1332/1332/1332 
f 1332/1332/1332 1320/1320/1320 1320/1320/1320 
f 1320/1320/1320 1333/1333/1333 1320/1320/1320 
f 1320/1320/1320 1333/1333/1333 1322/1322/1322 
f 1333/1333/1333 1334/1334/1334 1322/1322/1322 
f 1322/1322/1322 1334/1334/1334 1324/1324/1324 
f 1334/1334/1334 1335/1335/1335 1324/1324/1324 
f 1324/1324/1324 1335/1335/1335 1326/1326/1326 
f 1335/1335/1335 1336/1336/1336 1326/1326/1326 
f 1326/1326/1326 1336/1336/1336 1328/1328/1328 
f 1336/1336/1336 1337/1337/1337 1328/1328/1328 
f 1328/1328/1328 1337/1337/1337 1330/1330/1330 
f 1337/1337/1337 1338/1338/1338 1330/1330/1330 
f 1330/1330/1330 1338/1338/1338 1332/1332/1332 
f 1338/1338/1338 1339/1339/1339 1332/1332/1332 
f 1332/1332/1332 1339/1339/1339 1339/1339/1339 
f 1339/1339/1339 1333/1333/1333 1339/1339/1339 
f 1339/1339/1339 1333/1333/1333 1333/1333/1333 
f 1333/1333/1333 1340/1340/1340 1333/1333/1333 
f 1333/1333/1333 1340/1340/1340 1334/1334/1334 
f 1340/1340/1340 1341/1341/1341 1334/1334/1334 
f 1334/1334/1334 1341/1341/1341 1335/1335/1335 
f 1341/1341/1341 1342/1342/1342 1335/1335/1335 
f 1335/1335/1335 1342/1342/1342 1336/1336/1336 
f 1342/1342/1342 1343/1343/1343 1336/1336/1336 
f 1336/1336/1336 1343/1343/1343 1337/1337/1337 
f 1343/1343/1343 1344/1344/1344 1337/1337/1337 
f 1337/1337/1337 1344/1344/1344 1338/1338/1338 
f 1344/1344/1344 1345/1345/1345 1338/1338/1338 
f 1338/1338/1338 1345/1345/1345 1339/1339/1339 
f 1345/1345/1345 1346/1346/1346 1339/1339/1339 
f 1339/1339/1339 1346/1346/1346 1346/1346/1346 
f 1346/1346/1346 1340/1340/1340 1346/1346/1346 
f 1346/1346/1346 1340/1340/1340 1340/1340/1340 
f 1340/1340/1340 1347/1347/1347 1340/1340/1340 
f 1340/1340/1340 1347/1347/1347 1341/1341/1341 
f 1347/1347/1347 1348/1348/1348 1341/1341/1341 
f 1341/1341/1341 1348/1348/1348 1342/1342/1342 
f 1348/1348/1348 1349/1349/1349 1342/1342/1342 
f 1342/1342/1342 1349/1349/1349 1343/1343/1343 
f 1349/1349/1349 1350/1350/1350 1343/1343/1343 
f 1343/1343/1343 1350/1350/1350 1344/1344/1344 
f 1350/1350/1350 1351/1351/1351 1344/1344/1344 
f 1344/1344/1344 1351/1351/1351 1345/1345/1345 
f 1351/1351/1351 1352/1352/1352 1345/1345/1345 
f 1345/1345/1345 1352/1352/1352 1346/1346/1346 
f 1352/1352/1352 1346/1346/1346 1346/1346/1346 
f 1346/1346/1346 1346/1346/1346 1353/1353/1353 
f 1346/1346/1346 1353/1353/1353 1353/1353/1353 
f 1353/1353/1353 1353/1353/1353 1353/1353/1353 
f 1353/1353/1353 1354/1354/1354 1353/1353/1353 
f 1353/1353/1353 1354/1354/1354 1355/1355/1355 
f 1354/1354/1354 1356/1356/1356 1355/1355/1355 
f 1355/1355/1355 1356/1356/1356 1356/1356/1356 
f 1356/1356/1356 1357/1357/1357 1356/1356/1356 
f 1356/1356/1356 1357/1357/1357 1357/1357/1357 
f 1357/1357/1357 1358/1358/1358 1357/1357/1357 
f 1357/1357/1357 1358/1358/1358 1359/1359/1359 
f 1358/1358/1358 1360/1360/1360 1359/1359/1359 
f 1359/1359/1359 1360/1360/1360 1360/1360/1360 
f 1360/1360/1360 1358/1358/1358 1360/1360/1360 
f 1360/1360/1360 1358/1358/1358 1358/1358/1358 
f 1358/1358/1358 1361/1361/1361 1358/1358/1358 
f 1358/1358/1358 1361/1361/1361 1360/1360/1360 
f 1361/1361/1361 1362/1362/1362 1360/1360/1360 
f 1360/1360/1360 1362/1362/1362 1362/1362/1362 
f 1362/1362/1362 1361/1361/1361 1362/1362/1362 
f 1362/1362/1362 1361/1361/1361 1361/1361/1361 
f 1361/1361/1361 1363/1363/1363 1361/1361/1361 
f 1361/1361/1361 1363/1363/1363 1362/1362/1362 
f 1363/1363/1363 1364/1364/1364 1362/1362/1362 
f 1362/1362/1362 1364/1364/1364 1364/1364/1364 
f 1364/1364/1364 1363/1363/1363 1364/1364/1364 
f 1364/1364/1364 1363/1363/1363 1363/1363/1363 
f 1363/1363/1363 1365/1365/1365 1363/1363/1363 
f 1363/1363/1363 1365/1365/1365 1364/1364/1364 
f 1365/1365/1365 1366/1366/1366 1364/1364/1364 
f 1364/1364/1364 1366/1366/1366 1366/1366/1366 
f 1366/1366/1366 1365/1365/1365 1366/1366/1366 
f 1366/1366/1366 1365/1365/1365 1365/1365/1365 
f 1365/1365/1365 1367/1367/1367 1365/1365/1365 
f 1365/1365/1365 1367/1367/1367 1366/1366/1366 
f 1367/1367/1367 1368/1368/1368 1366/1366/1366 
f 1366/1366/1366 1368/1368/1368 1368/1368/1368 
f 1368/1368/1368 1367/1367/1367 1368/1368/1368 
f 1368/1368/1368 1367/1367/1367 1367/1367/1367 
f 1367/1367/1367 1369/1369/1369 1367/1367/1367 
f 1367/1367/1367 1369/1369/1369 1368/1368/1368 
f 1369/1369/1369 1370/1370/1370 1368/1368/1368 
f 1368/1368/1368 1370/1370/1370 1370/1370/1370 
f 1370/1370/1370 1369/1369/1369 1370/1370/1370 
f 1370/1370/1370 1369/1369/1369 1369/1369/1369 
f 1369/1369/1369 1371/1371/1371 1369/1369/1369 
f 1369/1369/1369 1371/1371/1371 1370/1370/1370 
f 1371/1371/1371 1372/1372/1372 1370/1370/1370 
f 1370/1370/1370 1372/1372/1372 1372/1372/1372 
f 1372/1372/1372 1371/1371/1371 1372/1372/1372 
f 1372/1372/1372 1371/1371/1371 1371/1371/1371 
f 1371/1371/1371 1373/1373/1373 1371/1371/1371 
f 1371/1371/1371 1373/1373/1373 1372/1372/1372 
f 1373/1373/1373 1374/1374/1374 1372/1372/1372 
f 1372/1372/1372 1374/1374/1374 1374/1374/1374 
f 1374/1374/1374 1373/1373/1373 1374/1374/1374 
f 1374/1374/1374 1373/1373/1373 1373/1373/1373 
f 1373/1373/1373 1375/1375/1375 1373/1373/1373 
f 1373/1373/1373 1375/1375/1375 1374/1374/1374 
f 1375/1375/1375 1376/1376/1376 1374/1374/1374 
f 1374/1374/1374 1376/1376/1376 1376/1376/1376 
f 1376/1376/1376 1375/1375/1375 1376/1376/1376 
f 1376/1376/1376 1375/1375/1375 1375/1375/1375 
f 1375/1375/1375 1377/1377/1377 1375/1375/1375 
f 1375/1375/1375 1377/1377/1377 1376/1376/1376 
f 1377/1377/1377 1378/1378/1378 1376/1376/1376 
f 1376/1376/1376 1378/1378/1378 1378/1378/1378 
f 1378/1378/1378 1377/1377/1377 1378/1378/1378 
f 1378/1378/1378 1377/1377/1377 1377/1377/1377 
f 1377/1377/1377 1379/1379/1379 1377/1377/1377 
f 1377/1377/1377 1379/1379/1379 1378/1378/1378 
f 1379/1379/1379 1380/1380/1380 1378/1378/1378 
f 1378/1378/1378 1380/1380/1380 1380/1380/1380 
f 1380/1380/1380 1379/1379/1379 1380/1380/1380 
f 1380/1380/1380 1379/1379/1379 1379/1379/1379 
f 1379/1379/1379 1381/1381/1381 1379/1379/1379 
f 1379/1379/1379 1381/1381/1381 1380/1380/1380 
f 1381/1381/1381 1382/1382/1382 1380/1380/1380 
f 1380/1380/1380 1382/1382/1382 1382/1382/1382 
f 1382/1382/1382 1381/1381/1381 1382/1382/1382 
f 1382/1382/1382 1381/1381/1381 1381/1381/1381 
f 1381/1381/1381 1383/1383/1383 1381/1381/1381 
f 1381/1381/1381 1383/1383/1383 1382/1382/1382 
f 1383/1383/1383 1384/1384/1384 1382/1382/1382 
f 1382/1382/1382 1384/1384/1384 1384/1384/1384 
f 1384/1384/1384 1383/1383/1383 1384/1384/1384 
f 1384/1384/1384 1383/1383/1383 1383/1383/1383 
f 1383/1383/1383 1385/1385/1385 1383/1383/1383 
f 1383/1383/1383 1385/1385/1385 1384/1384/1384 
f 1385/1385/1385 1386/1386/1386 1384/1384/1384 
f 1384/1384/1384 1386/1386/1386 1386/1386/1386 
f 1386/1386/1386 1385/1385/1385 1386/1386/1386 
f 1386/1386/1386 1385/1385/1385 1385/1385/1385 
f 1385/1385/1385 1387/1387/1387 1385/1385/1385 
f 1385/1385/1385 1387/1387/1387 1386/1386/1386 
f 1387/1387/1387 1388/1388/1388 1386/1386/1386 
f 1386/1386/1386 1388/1388/1388 1388/1388/1388 
f 1388/1388/1388 1387/1387/1387 1388/1388/1388 
f 1388/1388/1388 1387/1387/1387 1387/1387/1387 
f 1387/1387/1387 1389/1389/1389 1387/1387/1387 
f 1387/1387/1387 1389/1389/1389 1388/1388/1388 
f 1389/1389/1389 1390/1390/1390 1388/1388/1388 
f 1388/1388/1388 1390/1390/1390 1390/1390/1390 
f 1390/1390/1390 1391/1391/1391 1390/1390/1390 
f 1390/1390/1390 1391/1391/1391 1391/1391/1391 
f 1391/1391/1391 1392/1392/1392 1391/1391/1391 
f 1391/1391/1391 1392/1392/1392 1393/1393/1393 
f 1392/1392/1392 1394/1394/1394 1393/1393/1393 
f 1393/1393/1393 1394/1394/1394 1395/1395/1395 
f 1394/1394/1394 1395/1395/1395 1395/1395/1395 
f 1395/1395/1395 1395/1395/1395 1396/1396/1396 
f 1395/1395/1395 1396/1396/1396 1396/1396/1396 
f 1396/1396/1396 1396/1396/1396 1396/1396/1396 
f 1396/1396/1396 1397/1397/1397 1396/1396/1396 
f 1396/1396/1396 1397/1397/1397 1398/1398/1398 
f 1397/1397/1397 1399/1399/1399 1398/1398/1398 
f 1398/1398/1398 1399/1399/1399 1400/1400/1400 
f 1399/1399/1399 1401/1401/1401 1400/1400/1400 
f 1400/1400/1400 1401/1401/1401 1402/1402/1402 
f 1401/1401/1401 1403/1403/1403 1402/1402/1402 
f 1402/1402/1402 1403/1403/1403 1404/1404/1404 
f 1403/1403/1403 1405/1405/1405 1404/1404/1404 
f 1404/1404/1404 1405/1405/1405 1406/1406/1406 
f 1405/1405/1405 1407/1407/1407 1406/1406/1406 
f 1406/1406/1406 1407/1407/1407 1408/1408/1408 
f 1407/1407/1407 1409/1409/1409 1408/1408/1408 
f 1408/1408/1408 1409/1409/1409 1410/1410/1410 
f 1409/1409/1409 1411/1411/1411 1410/1410/1410 
f 1410/1410/1410 1411/1411/1411 1412/1412/1412 
f 1411/1411/1411 1413/1413/1413 1412/1412/1412 
f 1412/1412/1412 1413/1413/1413 1414/1414/1414 
f 1413/1413/1413 1415/1415/1415 1414/1414/1414 
f 1414/1414/1414 1415/1415/1415 1416/1416/1416 
f 1415/1415/1415 1417/1417/1417 1416/1416/1416 
f 1416/1416/1416 1417/1417/1417 1418/1418/1418 
f 1417/1417/1417 1419/1419/1419 1418/1418/1418 
f 1418/1418/1418 1419/1419/1419 1420/1420/1420 
f 1419/1419/1419 1421/1421/1421 1420/1420/1420 
f 1420/1420/1420 1421/1421/1421 1422/1422/1422 
f 1421/1421/1421 1423/1423/1423 1422/1422/1422 
f 1422/1422/1422 1423/1423/1423 1424/1424/1424 
f 1423/1423/1423 1425/1425/1425 1424/1424/1424 
f 1424/1424/1424 1425/1425/1425 1426/1426/1426 
f 1425/1425/1425 1427/1427/1427 1426/1426/1426 
f 1426/1426/1426 1427/1427/1427 1428/1428/1428 
f 1427/1427/1427 1429/1429/1429 1428/1428/1428 
f 1428/1428/1428 1429/1429/1429 1430/1430/1430 
f 1429/1429/1429 1431/1431/1431 1430/1430/1430 
f 1430/1430/1430 1431/1431/1431 1432/1432/1432 
f 1431/1431/1431 1433/1433/1433 1432/1432/1432 
f 1432/1432/1432 1433/1433/1433 1434/1434/1434 
f 1433/1433/1433 1435/1435/1435 1434/1434/1434 
f 1434/1434/1434 1435/1435/1435 1436/1436/1436 
f 1435/1435/1435 1437/1437/1437 1436/1436/1436 
f 1436/1436/1436 1437/1437/1437 1438/1438/1438 
f 1437/1437/1437 1439/1439/1439 1438/1438/1438 
f 1438/1438/1438 1439/1439/1439 1440/1440/1440 
f 1439/1439/1439 1441/1441/1441 1440/1440/1440 
f 1440/1440/1440 1441/1441/1441 1442/1442/1442 
f 1441/1441/1441 1443/1443/1443 1442/1442/1442 
f 1442/1442/1442 1443/1443/1443 1444/1444/1444 
f 1443/1443/1443 1445/1445/1445 1444/1444/1444 
f 1444/1444/1444 1445/1445/1445 1446/1446/1446 
f 1445/1445/1445 1447/1447/1447 1446/1446/1446 
f 1446/1446/1446 1447/1447/1447 1448/1448/1448 
f 1447/1447/1447 1449/1449/1449 1448/1448/1448 
f 1448/1448/1448 1449/1449/1449 1450/1450/1450 
f 1449/1449/1449 1451/1451/1451 1450/1450/1450 
f 1450/1450/1450 1451/1451/1451 1452/1452/1452 
f 1451/1451/1451 1453/1453/1453 1452/1452/1452 
f 1452/1452/1452 1453/1453/1453 1454/1454/1454 
f 1453/1453/1453 1455/1455/1455 1454/1454/1454 
f 1454/1454/1454 1455/1455/1455 1456/1456/1456 
f 1455/1455/1455 1457/1457/1457 1456/1456/1456 
f 1456/1456/1456 1457/1457/1457 1458/1458/1458 
f 1457/1457/1457 1459/1459/1459 1458/1458/1458 
f 1458/1458/1458 1459/1459/1459 1460/1460/1460 
f 1459/1459/1459 1461/1461/1461 1460/1460/1460 
f 1460/1460/1460 1461/1461/1461 1461/1461/1461 
f 1461/1461/1461 1462/1462/1462 1461/1461/1461 
f 1461/1461/1461 1462/1462/1462 1462/1462/1462 
f 1462/1462/1462 1463/1463/1463 1462/1462/1462 
f 1462/1462/1462 1463/1463/1463 1464/1464/1464 
f 1463/1463/1463 1465/1465/1465 1464/1464/1464 
f 1464/1464/1464 1465/1465/1465 1465/1465/1465 
f 1465/1465/1465 1466/1466/1466 1465/1465/1465 
f 1465/1465/1465 1466/1466/1466 1466/1466/1466 
f 1466/1466/1466 53/53/53 1466/1466/1466 
f 1466/1466/1466 53/53/53 1467/1467/1467 
f 53/53/53 55/55/55 1467/1467/1467 
f 1467/1467/1467 55/55/55 1468/1468/1468 
f 55/55/55 1468/1468/1468 1468/1468/1468 
f 1468/1468/1468 1468/1468/1468 1469/1469/1469 
f 1468/1468/1468 1469/1469/1469 1469/1469/1469 
f 1469/1469/1469 1469/1469/1469 1469/1469/1469 
f 1469/1469/1469 1470/1470/1470 1469/1469/1469 
f 1469/1469/1469 1470/1470/1470 1471/1471/1471 
f 1470/1470/1470 1472/1472/1472 1471/1471/1471 
f 1471/1471/1471 1472/1472/1472 1472/1472/1472 
f 1472/1472/1472 1470/1470/1470 1472/1472/1472 
f 1472/1472/1472 1470/1470/1470 1470/1470/1470 
f 1470/1470/1470 1473/1473/1473 1470/1470/1470 
f 1470/1470/1470 1473/1473/1473 1472/1472/1472 
f 1473/1473/1473 1474/1474/1474 1472/1472/1472 
f 1472/1472/1472 1474/1474/1474 1474/1474/1474 
f 1474/1474/1474 1473/1473/1473 1474/1474/1474 
f 1474/1474/1474 1473/1473/1473 1473/1473/1473 
f 1473/1473/1473 1475/1475/1475 1473/1473/1473 
f 1473/1473/1473 1475/1475/1475 1474/1474/1474 
f 1475/1475/1475 1476/1476/1476 1474/1474/1474 
f 2/2/2 1477/1477/1477 4/4/4 
f 4/4/4 1478/1478/1478 6/6/6 
f 552/552/552 1479/1479/1479 553/553/553 
f 553/553/553 1480/1480/1480 554/554/554 
f 8/8/8 1481/1481/1481 16/16/16 
f 13/13/13 1482/1482/1482 14/14/14 
f 9/9/9 1483/1483/1483 11/11/11 
f 67/67/67 1484/1484/1484 68/68/68 
f 68/68/68 1485/1485/1485 69/69/69 
f 416/416/416 1486/1486/1486 58/58/58 
f 59/59/59 1487/1487/1487 57/57/57 
f 57/57/57 1488/1488/1488 64/64/64 
f 61/61/61 1489/1489/1489 62/62/62 
f 1490/1490/1490 1491/1491/1491 1492/1492/1492 
f 1493/1493/1493 1494/1494/1494 1495/1495/1495 
f 1496/1496/1496 1497/1497/1497 1498/1498/1498 
f 409/409/409 1499/1499/1499 410/410/410 
f 1493/1493/1493 1500/1500/1500 1501/1501/1501 
f 1502/1502/1502 1503/1503/1503 1504/1504/1504 
f 1393/1393/1393 1395/1395/1395 1505/1505/1505 
f 1506/1506/1506 1507/1507/1507 1508/1508/1508 
f 1509/1509/1509 1196/1196/1196 1194/1194/1194 
f 683/683/683 1510/1510/1510 685/685/685 
f 689/689/689 691/691/691 1511/1511/1511 
f 686/686/686 679/679/679 684/684/684 
f 741/741/741 743/743/743 1512/1512/1512 
f 720/720/720 722/722/722 1513/1513/1513 
f 723/723/723 721/721/721 715/715/715 
f 1105/1105/1105 1121/1121/1121 1111/1111/1111 
f 1173/1173/1173 1178/1178/1178 1175/1175/1175 
f 1347/1347/1347 1340/1340/1340 1514/1514/1514 
f 1249/1249/1249 1242/1242/1242 1515/1515/1515 
f 1237/1237/1237 1228/1228/1228 1227/1227/1227 

